Parent_Ion,Product_Ion,Retention_Time,OzESI_Intensity,Sample_ID,Transition,Match_Group,Lipid,Purity,db,FAC,TG,Group,Cluster_Label
790.7,573.6,14.051950000000001,217.66001892089844,CrudeCanola_O3on_150gN3_02082023,790.7 -> 573.6,33,[TG(52:4)]_FA18:1,Crude,n-7,FA18:1,TG(52:4),0,0
790.7,573.6,14.06825,203.00001525878906,CrudeCanola_O3on_150gN3_02082023,790.7 -> 573.6,33,[TG(52:4)]_FA18:1,Crude,n-7,FA18:1,TG(52:4),0,0
790.7,573.6,14.084566666666667,253.20001220703125,CrudeCanola_O3on_150gN3_02082023,790.7 -> 573.6,33,[TG(52:4)]_FA18:1,Crude,n-7,FA18:1,TG(52:4),0,0
790.7,573.6,14.100866666666667,239.12001037597656,CrudeCanola_O3on_150gN3_02082023,790.7 -> 573.6,33,[TG(52:4)]_FA18:1,Crude,n-7,FA18:1,TG(52:4),0,0
790.7,573.6,14.117183333333333,219.46002197265625,CrudeCanola_O3on_150gN3_02082023,790.7 -> 573.6,33,[TG(52:4)]_FA18:1,Crude,n-7,FA18:1,TG(52:4),0,0
790.7,573.6,14.133483333333334,214.40000915527344,CrudeCanola_O3on_150gN3_02082023,790.7 -> 573.6,33,[TG(52:4)]_FA18:1,Crude,n-7,FA18:1,TG(52:4),0,0
790.7,573.6,14.1498,227.58001708984375,CrudeCanola_O3on_150gN3_02082023,790.7 -> 573.6,33,[TG(52:4)]_FA18:1,Crude,n-7,FA18:1,TG(52:4),0,0
790.7,573.6,14.1661,259.4200134277344,CrudeCanola_O3on_150gN3_02082023,790.7 -> 573.6,33,[TG(52:4)]_FA18:1,Crude,n-7,FA18:1,TG(52:4),0,0
790.7,573.6,14.182416666666667,231.68002319335938,CrudeCanola_O3on_150gN3_02082023,790.7 -> 573.6,33,[TG(52:4)]_FA18:1,Crude,n-7,FA18:1,TG(52:4),0,0
790.7,573.6,14.198716666666668,300.72003173828125,CrudeCanola_O3on_150gN3_02082023,790.7 -> 573.6,33,[TG(52:4)]_FA18:1,Crude,n-7,FA18:1,TG(52:4),0,0
790.7,573.6,14.215033333333334,437.3600158691406,CrudeCanola_O3on_150gN3_02082023,790.7 -> 573.6,33,[TG(52:4)]_FA18:1,Crude,n-7,FA18:1,TG(52:4),0,0
790.7,573.6,14.231333333333334,586.6800537109375,CrudeCanola_O3on_150gN3_02082023,790.7 -> 573.6,33,[TG(52:4)]_FA18:1,Crude,n-7,FA18:1,TG(52:4),0,0
790.7,573.6,14.24765,611.2000732421875,CrudeCanola_O3on_150gN3_02082023,790.7 -> 573.6,33,[TG(52:4)]_FA18:1,Crude,n-7,FA18:1,TG(52:4),0,0
790.7,573.6,14.263950000000001,483.46002197265625,CrudeCanola_O3on_150gN3_02082023,790.7 -> 573.6,33,[TG(52:4)]_FA18:1,Crude,n-7,FA18:1,TG(52:4),0,0
790.7,573.6,14.280266666666668,472.1400451660156,CrudeCanola_O3on_150gN3_02082023,790.7 -> 573.6,33,[TG(52:4)]_FA18:1,Crude,n-7,FA18:1,TG(52:4),0,0
790.7,573.6,14.296566666666667,492.0000305175781,CrudeCanola_O3on_150gN3_02082023,790.7 -> 573.6,33,[TG(52:4)]_FA18:1,Crude,n-7,FA18:1,TG(52:4),0,0
790.7,573.6,14.312883333333334,615.4200439453125,CrudeCanola_O3on_150gN3_02082023,790.7 -> 573.6,33,[TG(52:4)]_FA18:1,Crude,n-7,FA18:1,TG(52:4),0,0
790.7,573.6,14.329183333333335,597.1400146484375,CrudeCanola_O3on_150gN3_02082023,790.7 -> 573.6,33,[TG(52:4)]_FA18:1,Crude,n-7,FA18:1,TG(52:4),0,0
790.7,573.6,14.345483333333334,535.6200561523438,CrudeCanola_O3on_150gN3_02082023,790.7 -> 573.6,33,[TG(52:4)]_FA18:1,Crude,n-7,FA18:1,TG(52:4),0,0
790.7,573.6,14.3618,578.6000366210938,CrudeCanola_O3on_150gN3_02082023,790.7 -> 573.6,33,[TG(52:4)]_FA18:1,Crude,n-7,FA18:1,TG(52:4),0,0
790.7,573.6,14.3781,599.52001953125,CrudeCanola_O3on_150gN3_02082023,790.7 -> 573.6,33,[TG(52:4)]_FA18:1,Crude,n-7,FA18:1,TG(52:4),0,0
790.7,573.6,14.394416666666668,599.320068359375,CrudeCanola_O3on_150gN3_02082023,790.7 -> 573.6,33,[TG(52:4)]_FA18:1,Crude,n-7,FA18:1,TG(52:4),0,0
790.7,573.6,14.410716666666668,398.8800354003906,CrudeCanola_O3on_150gN3_02082023,790.7 -> 573.6,33,[TG(52:4)]_FA18:1,Crude,n-7,FA18:1,TG(52:4),0,0
790.7,573.6,14.427033333333334,284.6200256347656,CrudeCanola_O3on_150gN3_02082023,790.7 -> 573.6,33,[TG(52:4)]_FA18:1,Crude,n-7,FA18:1,TG(52:4),0,0
790.7,573.6,14.443333333333333,238.50001525878906,CrudeCanola_O3on_150gN3_02082023,790.7 -> 573.6,33,[TG(52:4)]_FA18:1,Crude,n-7,FA18:1,TG(52:4),0,0
790.7,573.6,14.45965,270.280029296875,CrudeCanola_O3on_150gN3_02082023,790.7 -> 573.6,33,[TG(52:4)]_FA18:1,Crude,n-7,FA18:1,TG(52:4),0,0
790.7,573.6,14.475950000000001,296.32000732421875,CrudeCanola_O3on_150gN3_02082023,790.7 -> 573.6,33,[TG(52:4)]_FA18:1,Crude,n-7,FA18:1,TG(52:4),0,0
790.7,573.6,14.492266666666668,235.00001525878906,CrudeCanola_O3on_150gN3_02082023,790.7 -> 573.6,33,[TG(52:4)]_FA18:1,Crude,n-7,FA18:1,TG(52:4),0,0
790.7,573.6,14.508566666666667,168.04000854492188,CrudeCanola_O3on_150gN3_02082023,790.7 -> 573.6,33,[TG(52:4)]_FA18:1,Crude,n-7,FA18:1,TG(52:4),0,0
790.7,573.6,14.524883333333333,96.58000946044922,CrudeCanola_O3on_150gN3_02082023,790.7 -> 573.6,33,[TG(52:4)]_FA18:1,Crude,n-7,FA18:1,TG(52:4),0,0
790.7,573.6,14.541183333333334,114.94001007080078,CrudeCanola_O3on_150gN3_02082023,790.7 -> 573.6,33,[TG(52:4)]_FA18:1,Crude,n-7,FA18:1,TG(52:4),0,0
790.7,573.6,14.557500000000001,99.2800064086914,CrudeCanola_O3on_150gN3_02082023,790.7 -> 573.6,33,[TG(52:4)]_FA18:1,Crude,n-7,FA18:1,TG(52:4),0,0
790.7,573.6,14.5738,148.16000366210938,CrudeCanola_O3on_150gN3_02082023,790.7 -> 573.6,33,[TG(52:4)]_FA18:1,Crude,n-7,FA18:1,TG(52:4),0,0
790.7,573.6,14.590116666666667,199.52001953125,CrudeCanola_O3on_150gN3_02082023,790.7 -> 573.6,33,[TG(52:4)]_FA18:1,Crude,n-7,FA18:1,TG(52:4),0,0
790.7,573.6,14.051950000000001,217.66001892089844,CrudeCanola_O3on_150gN3_02082023,790.7 -> 573.6,33,[TG(52:4)]_FA18:1,Crude,n-7,FA18:1,TG(52:4),0,0
790.7,573.6,14.06825,203.00001525878906,CrudeCanola_O3on_150gN3_02082023,790.7 -> 573.6,33,[TG(52:4)]_FA18:1,Crude,n-7,FA18:1,TG(52:4),0,0
790.7,573.6,14.084566666666667,253.20001220703125,CrudeCanola_O3on_150gN3_02082023,790.7 -> 573.6,33,[TG(52:4)]_FA18:1,Crude,n-7,FA18:1,TG(52:4),0,0
790.7,573.6,14.100866666666667,239.12001037597656,CrudeCanola_O3on_150gN3_02082023,790.7 -> 573.6,33,[TG(52:4)]_FA18:1,Crude,n-7,FA18:1,TG(52:4),0,0
790.7,573.6,14.117183333333333,219.46002197265625,CrudeCanola_O3on_150gN3_02082023,790.7 -> 573.6,33,[TG(52:4)]_FA18:1,Crude,n-7,FA18:1,TG(52:4),0,0
790.7,573.6,14.133483333333334,214.40000915527344,CrudeCanola_O3on_150gN3_02082023,790.7 -> 573.6,33,[TG(52:4)]_FA18:1,Crude,n-7,FA18:1,TG(52:4),0,0
790.7,573.6,14.1498,227.58001708984375,CrudeCanola_O3on_150gN3_02082023,790.7 -> 573.6,33,[TG(52:4)]_FA18:1,Crude,n-7,FA18:1,TG(52:4),0,0
790.7,573.6,14.1661,259.4200134277344,CrudeCanola_O3on_150gN3_02082023,790.7 -> 573.6,33,[TG(52:4)]_FA18:1,Crude,n-7,FA18:1,TG(52:4),0,0
790.7,573.6,14.182416666666667,231.68002319335938,CrudeCanola_O3on_150gN3_02082023,790.7 -> 573.6,33,[TG(52:4)]_FA18:1,Crude,n-7,FA18:1,TG(52:4),0,0
790.7,573.6,14.198716666666668,300.72003173828125,CrudeCanola_O3on_150gN3_02082023,790.7 -> 573.6,33,[TG(52:4)]_FA18:1,Crude,n-7,FA18:1,TG(52:4),0,0
790.7,573.6,14.215033333333334,437.3600158691406,CrudeCanola_O3on_150gN3_02082023,790.7 -> 573.6,33,[TG(52:4)]_FA18:1,Crude,n-7,FA18:1,TG(52:4),0,0
790.7,573.6,14.231333333333334,586.6800537109375,CrudeCanola_O3on_150gN3_02082023,790.7 -> 573.6,33,[TG(52:4)]_FA18:1,Crude,n-7,FA18:1,TG(52:4),0,0
790.7,573.6,14.24765,611.2000732421875,CrudeCanola_O3on_150gN3_02082023,790.7 -> 573.6,33,[TG(52:4)]_FA18:1,Crude,n-7,FA18:1,TG(52:4),0,0
790.7,573.6,14.263950000000001,483.46002197265625,CrudeCanola_O3on_150gN3_02082023,790.7 -> 573.6,33,[TG(52:4)]_FA18:1,Crude,n-7,FA18:1,TG(52:4),0,0
790.7,573.6,14.280266666666668,472.1400451660156,CrudeCanola_O3on_150gN3_02082023,790.7 -> 573.6,33,[TG(52:4)]_FA18:1,Crude,n-7,FA18:1,TG(52:4),0,0
790.7,573.6,14.296566666666667,492.0000305175781,CrudeCanola_O3on_150gN3_02082023,790.7 -> 573.6,33,[TG(52:4)]_FA18:1,Crude,n-7,FA18:1,TG(52:4),0,0
790.7,573.6,14.312883333333334,615.4200439453125,CrudeCanola_O3on_150gN3_02082023,790.7 -> 573.6,33,[TG(52:4)]_FA18:1,Crude,n-7,FA18:1,TG(52:4),0,0
790.7,573.6,14.329183333333335,597.1400146484375,CrudeCanola_O3on_150gN3_02082023,790.7 -> 573.6,33,[TG(52:4)]_FA18:1,Crude,n-7,FA18:1,TG(52:4),0,0
790.7,573.6,14.345483333333334,535.6200561523438,CrudeCanola_O3on_150gN3_02082023,790.7 -> 573.6,33,[TG(52:4)]_FA18:1,Crude,n-7,FA18:1,TG(52:4),0,0
790.7,573.6,14.3618,578.6000366210938,CrudeCanola_O3on_150gN3_02082023,790.7 -> 573.6,33,[TG(52:4)]_FA18:1,Crude,n-7,FA18:1,TG(52:4),0,0
790.7,573.6,14.3781,599.52001953125,CrudeCanola_O3on_150gN3_02082023,790.7 -> 573.6,33,[TG(52:4)]_FA18:1,Crude,n-7,FA18:1,TG(52:4),0,0
790.7,573.6,14.394416666666668,599.320068359375,CrudeCanola_O3on_150gN3_02082023,790.7 -> 573.6,33,[TG(52:4)]_FA18:1,Crude,n-7,FA18:1,TG(52:4),0,0
790.7,573.6,14.410716666666668,398.8800354003906,CrudeCanola_O3on_150gN3_02082023,790.7 -> 573.6,33,[TG(52:4)]_FA18:1,Crude,n-7,FA18:1,TG(52:4),0,0
790.7,573.6,14.427033333333334,284.6200256347656,CrudeCanola_O3on_150gN3_02082023,790.7 -> 573.6,33,[TG(52:4)]_FA18:1,Crude,n-7,FA18:1,TG(52:4),0,0
790.7,573.6,14.443333333333333,238.50001525878906,CrudeCanola_O3on_150gN3_02082023,790.7 -> 573.6,33,[TG(52:4)]_FA18:1,Crude,n-7,FA18:1,TG(52:4),0,0
790.7,573.6,14.45965,270.280029296875,CrudeCanola_O3on_150gN3_02082023,790.7 -> 573.6,33,[TG(52:4)]_FA18:1,Crude,n-7,FA18:1,TG(52:4),0,0
790.7,573.6,14.475950000000001,296.32000732421875,CrudeCanola_O3on_150gN3_02082023,790.7 -> 573.6,33,[TG(52:4)]_FA18:1,Crude,n-7,FA18:1,TG(52:4),0,0
790.7,573.6,14.492266666666668,235.00001525878906,CrudeCanola_O3on_150gN3_02082023,790.7 -> 573.6,33,[TG(52:4)]_FA18:1,Crude,n-7,FA18:1,TG(52:4),0,0
790.7,573.6,14.508566666666667,168.04000854492188,CrudeCanola_O3on_150gN3_02082023,790.7 -> 573.6,33,[TG(52:4)]_FA18:1,Crude,n-7,FA18:1,TG(52:4),0,0
790.7,573.6,14.524883333333333,96.58000946044922,CrudeCanola_O3on_150gN3_02082023,790.7 -> 573.6,33,[TG(52:4)]_FA18:1,Crude,n-7,FA18:1,TG(52:4),0,0
790.7,573.6,14.541183333333334,114.94001007080078,CrudeCanola_O3on_150gN3_02082023,790.7 -> 573.6,33,[TG(52:4)]_FA18:1,Crude,n-7,FA18:1,TG(52:4),0,0
790.7,573.6,14.557500000000001,99.2800064086914,CrudeCanola_O3on_150gN3_02082023,790.7 -> 573.6,33,[TG(52:4)]_FA18:1,Crude,n-7,FA18:1,TG(52:4),0,0
790.7,573.6,14.5738,148.16000366210938,CrudeCanola_O3on_150gN3_02082023,790.7 -> 573.6,33,[TG(52:4)]_FA18:1,Crude,n-7,FA18:1,TG(52:4),0,0
790.7,573.6,14.590116666666667,199.52001953125,CrudeCanola_O3on_150gN3_02082023,790.7 -> 573.6,33,[TG(52:4)]_FA18:1,Crude,n-7,FA18:1,TG(52:4),0,0
790.7,573.6,13.921516666666667,261.0600280761719,DegummedCanola_O3on_150gN3_02082023,790.7 -> 573.6,34,[TG(52:4)]_FA18:1,Degummed,n-7,FA18:1,TG(52:4),1,0
790.7,573.6,13.937816666666667,299.6200256347656,DegummedCanola_O3on_150gN3_02082023,790.7 -> 573.6,34,[TG(52:4)]_FA18:1,Degummed,n-7,FA18:1,TG(52:4),1,0
790.7,573.6,13.954116666666668,274.6800231933594,DegummedCanola_O3on_150gN3_02082023,790.7 -> 573.6,34,[TG(52:4)]_FA18:1,Degummed,n-7,FA18:1,TG(52:4),1,0
790.7,573.6,13.970433333333334,209.6800079345703,DegummedCanola_O3on_150gN3_02082023,790.7 -> 573.6,34,[TG(52:4)]_FA18:1,Degummed,n-7,FA18:1,TG(52:4),1,0
790.7,573.6,13.986733333333333,230.90000915527344,DegummedCanola_O3on_150gN3_02082023,790.7 -> 573.6,34,[TG(52:4)]_FA18:1,Degummed,n-7,FA18:1,TG(52:4),1,0
790.7,573.6,14.00305,253.42001342773438,DegummedCanola_O3on_150gN3_02082023,790.7 -> 573.6,34,[TG(52:4)]_FA18:1,Degummed,n-7,FA18:1,TG(52:4),1,0
790.7,573.6,14.019350000000001,225.92001342773438,DegummedCanola_O3on_150gN3_02082023,790.7 -> 573.6,34,[TG(52:4)]_FA18:1,Degummed,n-7,FA18:1,TG(52:4),1,0
790.7,573.6,14.035666666666668,173.58001708984375,DegummedCanola_O3on_150gN3_02082023,790.7 -> 573.6,34,[TG(52:4)]_FA18:1,Degummed,n-7,FA18:1,TG(52:4),1,0
790.7,573.6,14.051966666666667,259.760009765625,DegummedCanola_O3on_150gN3_02082023,790.7 -> 573.6,34,[TG(52:4)]_FA18:1,Degummed,n-7,FA18:1,TG(52:4),1,0
790.7,573.6,14.068283333333333,303.7400207519531,DegummedCanola_O3on_150gN3_02082023,790.7 -> 573.6,34,[TG(52:4)]_FA18:1,Degummed,n-7,FA18:1,TG(52:4),1,0
790.7,573.6,14.084583333333335,397.5600280761719,DegummedCanola_O3on_150gN3_02082023,790.7 -> 573.6,34,[TG(52:4)]_FA18:1,Degummed,n-7,FA18:1,TG(52:4),1,0
790.7,573.6,14.100900000000001,430.1800231933594,DegummedCanola_O3on_150gN3_02082023,790.7 -> 573.6,34,[TG(52:4)]_FA18:1,Degummed,n-7,FA18:1,TG(52:4),1,0
790.7,573.6,14.1172,512.1800537109375,DegummedCanola_O3on_150gN3_02082023,790.7 -> 573.6,34,[TG(52:4)]_FA18:1,Degummed,n-7,FA18:1,TG(52:4),1,0
790.7,573.6,14.133516666666667,540.1400146484375,DegummedCanola_O3on_150gN3_02082023,790.7 -> 573.6,34,[TG(52:4)]_FA18:1,Degummed,n-7,FA18:1,TG(52:4),1,0
790.7,573.6,14.149816666666668,557.3400268554688,DegummedCanola_O3on_150gN3_02082023,790.7 -> 573.6,34,[TG(52:4)]_FA18:1,Degummed,n-7,FA18:1,TG(52:4),1,0
790.7,573.6,14.166133333333335,626.9000244140625,DegummedCanola_O3on_150gN3_02082023,790.7 -> 573.6,34,[TG(52:4)]_FA18:1,Degummed,n-7,FA18:1,TG(52:4),1,0
790.7,573.6,14.182433333333334,616.8800659179688,DegummedCanola_O3on_150gN3_02082023,790.7 -> 573.6,34,[TG(52:4)]_FA18:1,Degummed,n-7,FA18:1,TG(52:4),1,0
790.7,573.6,14.19875,640.02001953125,DegummedCanola_O3on_150gN3_02082023,790.7 -> 573.6,34,[TG(52:4)]_FA18:1,Degummed,n-7,FA18:1,TG(52:4),1,0
790.7,573.6,14.215050000000002,568.6800537109375,DegummedCanola_O3on_150gN3_02082023,790.7 -> 573.6,34,[TG(52:4)]_FA18:1,Degummed,n-7,FA18:1,TG(52:4),1,0
790.7,573.6,14.231366666666668,625.3800659179688,DegummedCanola_O3on_150gN3_02082023,790.7 -> 573.6,34,[TG(52:4)]_FA18:1,Degummed,n-7,FA18:1,TG(52:4),1,0
790.7,573.6,14.247666666666667,621.5400390625,DegummedCanola_O3on_150gN3_02082023,790.7 -> 573.6,34,[TG(52:4)]_FA18:1,Degummed,n-7,FA18:1,TG(52:4),1,0
790.7,573.6,14.263966666666667,532.760009765625,DegummedCanola_O3on_150gN3_02082023,790.7 -> 573.6,34,[TG(52:4)]_FA18:1,Degummed,n-7,FA18:1,TG(52:4),1,0
790.7,573.6,14.280283333333333,316.9200134277344,DegummedCanola_O3on_150gN3_02082023,790.7 -> 573.6,34,[TG(52:4)]_FA18:1,Degummed,n-7,FA18:1,TG(52:4),1,0
790.7,573.6,14.296600000000002,141.6800079345703,DegummedCanola_O3on_150gN3_02082023,790.7 -> 573.6,34,[TG(52:4)]_FA18:1,Degummed,n-7,FA18:1,TG(52:4),1,0
790.7,573.6,14.3129,113.30001068115234,DegummedCanola_O3on_150gN3_02082023,790.7 -> 573.6,34,[TG(52:4)]_FA18:1,Degummed,n-7,FA18:1,TG(52:4),1,0
790.7,573.6,14.329216666666667,110.260009765625,DegummedCanola_O3on_150gN3_02082023,790.7 -> 573.6,34,[TG(52:4)]_FA18:1,Degummed,n-7,FA18:1,TG(52:4),1,0
790.7,573.6,14.345516666666667,178.260009765625,DegummedCanola_O3on_150gN3_02082023,790.7 -> 573.6,34,[TG(52:4)]_FA18:1,Degummed,n-7,FA18:1,TG(52:4),1,0
790.7,573.6,14.361833333333333,179.4600067138672,DegummedCanola_O3on_150gN3_02082023,790.7 -> 573.6,34,[TG(52:4)]_FA18:1,Degummed,n-7,FA18:1,TG(52:4),1,0
790.7,573.6,14.378133333333334,183.04000854492188,DegummedCanola_O3on_150gN3_02082023,790.7 -> 573.6,34,[TG(52:4)]_FA18:1,Degummed,n-7,FA18:1,TG(52:4),1,0
790.7,573.6,14.39445,156.9600067138672,DegummedCanola_O3on_150gN3_02082023,790.7 -> 573.6,34,[TG(52:4)]_FA18:1,Degummed,n-7,FA18:1,TG(52:4),1,0
790.7,573.6,14.41075,216.1400146484375,DegummedCanola_O3on_150gN3_02082023,790.7 -> 573.6,34,[TG(52:4)]_FA18:1,Degummed,n-7,FA18:1,TG(52:4),1,0
790.7,573.6,14.427050000000001,177.82000732421875,DegummedCanola_O3on_150gN3_02082023,790.7 -> 573.6,34,[TG(52:4)]_FA18:1,Degummed,n-7,FA18:1,TG(52:4),1,0
790.7,573.6,14.443366666666668,117.22000885009766,DegummedCanola_O3on_150gN3_02082023,790.7 -> 573.6,34,[TG(52:4)]_FA18:1,Degummed,n-7,FA18:1,TG(52:4),1,0
790.7,573.6,14.459666666666667,56.12000274658203,DegummedCanola_O3on_150gN3_02082023,790.7 -> 573.6,34,[TG(52:4)]_FA18:1,Degummed,n-7,FA18:1,TG(52:4),1,0
790.7,573.6,13.921516666666667,261.0600280761719,DegummedCanola_O3on_150gN3_02082023,790.7 -> 573.6,34,[TG(52:4)]_FA18:1,Degummed,n-7,FA18:1,TG(52:4),1,0
790.7,573.6,13.937816666666667,299.6200256347656,DegummedCanola_O3on_150gN3_02082023,790.7 -> 573.6,34,[TG(52:4)]_FA18:1,Degummed,n-7,FA18:1,TG(52:4),1,0
790.7,573.6,13.954116666666668,274.6800231933594,DegummedCanola_O3on_150gN3_02082023,790.7 -> 573.6,34,[TG(52:4)]_FA18:1,Degummed,n-7,FA18:1,TG(52:4),1,0
790.7,573.6,13.970433333333334,209.6800079345703,DegummedCanola_O3on_150gN3_02082023,790.7 -> 573.6,34,[TG(52:4)]_FA18:1,Degummed,n-7,FA18:1,TG(52:4),1,0
790.7,573.6,13.986733333333333,230.90000915527344,DegummedCanola_O3on_150gN3_02082023,790.7 -> 573.6,34,[TG(52:4)]_FA18:1,Degummed,n-7,FA18:1,TG(52:4),1,0
790.7,573.6,14.00305,253.42001342773438,DegummedCanola_O3on_150gN3_02082023,790.7 -> 573.6,34,[TG(52:4)]_FA18:1,Degummed,n-7,FA18:1,TG(52:4),1,0
790.7,573.6,14.019350000000001,225.92001342773438,DegummedCanola_O3on_150gN3_02082023,790.7 -> 573.6,34,[TG(52:4)]_FA18:1,Degummed,n-7,FA18:1,TG(52:4),1,0
790.7,573.6,14.035666666666668,173.58001708984375,DegummedCanola_O3on_150gN3_02082023,790.7 -> 573.6,34,[TG(52:4)]_FA18:1,Degummed,n-7,FA18:1,TG(52:4),1,0
790.7,573.6,14.051966666666667,259.760009765625,DegummedCanola_O3on_150gN3_02082023,790.7 -> 573.6,34,[TG(52:4)]_FA18:1,Degummed,n-7,FA18:1,TG(52:4),1,0
790.7,573.6,14.068283333333333,303.7400207519531,DegummedCanola_O3on_150gN3_02082023,790.7 -> 573.6,34,[TG(52:4)]_FA18:1,Degummed,n-7,FA18:1,TG(52:4),1,0
790.7,573.6,14.084583333333335,397.5600280761719,DegummedCanola_O3on_150gN3_02082023,790.7 -> 573.6,34,[TG(52:4)]_FA18:1,Degummed,n-7,FA18:1,TG(52:4),1,0
790.7,573.6,14.100900000000001,430.1800231933594,DegummedCanola_O3on_150gN3_02082023,790.7 -> 573.6,34,[TG(52:4)]_FA18:1,Degummed,n-7,FA18:1,TG(52:4),1,0
790.7,573.6,14.1172,512.1800537109375,DegummedCanola_O3on_150gN3_02082023,790.7 -> 573.6,34,[TG(52:4)]_FA18:1,Degummed,n-7,FA18:1,TG(52:4),1,0
790.7,573.6,14.133516666666667,540.1400146484375,DegummedCanola_O3on_150gN3_02082023,790.7 -> 573.6,34,[TG(52:4)]_FA18:1,Degummed,n-7,FA18:1,TG(52:4),1,0
790.7,573.6,14.149816666666668,557.3400268554688,DegummedCanola_O3on_150gN3_02082023,790.7 -> 573.6,34,[TG(52:4)]_FA18:1,Degummed,n-7,FA18:1,TG(52:4),1,0
790.7,573.6,14.166133333333335,626.9000244140625,DegummedCanola_O3on_150gN3_02082023,790.7 -> 573.6,34,[TG(52:4)]_FA18:1,Degummed,n-7,FA18:1,TG(52:4),1,0
790.7,573.6,14.182433333333334,616.8800659179688,DegummedCanola_O3on_150gN3_02082023,790.7 -> 573.6,34,[TG(52:4)]_FA18:1,Degummed,n-7,FA18:1,TG(52:4),1,0
790.7,573.6,14.19875,640.02001953125,DegummedCanola_O3on_150gN3_02082023,790.7 -> 573.6,34,[TG(52:4)]_FA18:1,Degummed,n-7,FA18:1,TG(52:4),1,0
790.7,573.6,14.215050000000002,568.6800537109375,DegummedCanola_O3on_150gN3_02082023,790.7 -> 573.6,34,[TG(52:4)]_FA18:1,Degummed,n-7,FA18:1,TG(52:4),1,0
790.7,573.6,14.231366666666668,625.3800659179688,DegummedCanola_O3on_150gN3_02082023,790.7 -> 573.6,34,[TG(52:4)]_FA18:1,Degummed,n-7,FA18:1,TG(52:4),1,0
790.7,573.6,14.247666666666667,621.5400390625,DegummedCanola_O3on_150gN3_02082023,790.7 -> 573.6,34,[TG(52:4)]_FA18:1,Degummed,n-7,FA18:1,TG(52:4),1,0
790.7,573.6,14.263966666666667,532.760009765625,DegummedCanola_O3on_150gN3_02082023,790.7 -> 573.6,34,[TG(52:4)]_FA18:1,Degummed,n-7,FA18:1,TG(52:4),1,0
790.7,573.6,14.280283333333333,316.9200134277344,DegummedCanola_O3on_150gN3_02082023,790.7 -> 573.6,34,[TG(52:4)]_FA18:1,Degummed,n-7,FA18:1,TG(52:4),1,0
790.7,573.6,14.296600000000002,141.6800079345703,DegummedCanola_O3on_150gN3_02082023,790.7 -> 573.6,34,[TG(52:4)]_FA18:1,Degummed,n-7,FA18:1,TG(52:4),1,0
790.7,573.6,14.3129,113.30001068115234,DegummedCanola_O3on_150gN3_02082023,790.7 -> 573.6,34,[TG(52:4)]_FA18:1,Degummed,n-7,FA18:1,TG(52:4),1,0
790.7,573.6,14.329216666666667,110.260009765625,DegummedCanola_O3on_150gN3_02082023,790.7 -> 573.6,34,[TG(52:4)]_FA18:1,Degummed,n-7,FA18:1,TG(52:4),1,0
790.7,573.6,14.345516666666667,178.260009765625,DegummedCanola_O3on_150gN3_02082023,790.7 -> 573.6,34,[TG(52:4)]_FA18:1,Degummed,n-7,FA18:1,TG(52:4),1,0
790.7,573.6,14.361833333333333,179.4600067138672,DegummedCanola_O3on_150gN3_02082023,790.7 -> 573.6,34,[TG(52:4)]_FA18:1,Degummed,n-7,FA18:1,TG(52:4),1,0
790.7,573.6,14.378133333333334,183.04000854492188,DegummedCanola_O3on_150gN3_02082023,790.7 -> 573.6,34,[TG(52:4)]_FA18:1,Degummed,n-7,FA18:1,TG(52:4),1,0
790.7,573.6,14.39445,156.9600067138672,DegummedCanola_O3on_150gN3_02082023,790.7 -> 573.6,34,[TG(52:4)]_FA18:1,Degummed,n-7,FA18:1,TG(52:4),1,0
790.7,573.6,14.41075,216.1400146484375,DegummedCanola_O3on_150gN3_02082023,790.7 -> 573.6,34,[TG(52:4)]_FA18:1,Degummed,n-7,FA18:1,TG(52:4),1,0
790.7,573.6,14.427050000000001,177.82000732421875,DegummedCanola_O3on_150gN3_02082023,790.7 -> 573.6,34,[TG(52:4)]_FA18:1,Degummed,n-7,FA18:1,TG(52:4),1,0
790.7,573.6,14.443366666666668,117.22000885009766,DegummedCanola_O3on_150gN3_02082023,790.7 -> 573.6,34,[TG(52:4)]_FA18:1,Degummed,n-7,FA18:1,TG(52:4),1,0
790.7,573.6,14.459666666666667,56.12000274658203,DegummedCanola_O3on_150gN3_02082023,790.7 -> 573.6,34,[TG(52:4)]_FA18:1,Degummed,n-7,FA18:1,TG(52:4),1,0
790.7,573.6,14.068266666666668,254.86001586914062,RBDCanola_O3on_150gN3_02082023,790.7 -> 573.6,35,[TG(52:4)]_FA18:1,RBD,n-7,FA18:1,TG(52:4),2,0
790.7,573.6,14.084566666666667,259.5400085449219,RBDCanola_O3on_150gN3_02082023,790.7 -> 573.6,35,[TG(52:4)]_FA18:1,RBD,n-7,FA18:1,TG(52:4),2,0
790.7,573.6,14.100883333333334,259.3000183105469,RBDCanola_O3on_150gN3_02082023,790.7 -> 573.6,35,[TG(52:4)]_FA18:1,RBD,n-7,FA18:1,TG(52:4),2,0
790.7,573.6,14.117183333333333,242.80001831054688,RBDCanola_O3on_150gN3_02082023,790.7 -> 573.6,35,[TG(52:4)]_FA18:1,RBD,n-7,FA18:1,TG(52:4),2,0
790.7,573.6,14.133500000000002,301.4000244140625,RBDCanola_O3on_150gN3_02082023,790.7 -> 573.6,35,[TG(52:4)]_FA18:1,RBD,n-7,FA18:1,TG(52:4),2,0
790.7,573.6,14.1498,395.9200134277344,RBDCanola_O3on_150gN3_02082023,790.7 -> 573.6,35,[TG(52:4)]_FA18:1,RBD,n-7,FA18:1,TG(52:4),2,0
790.7,573.6,14.166116666666667,409.72003173828125,RBDCanola_O3on_150gN3_02082023,790.7 -> 573.6,35,[TG(52:4)]_FA18:1,RBD,n-7,FA18:1,TG(52:4),2,0
790.7,573.6,14.182416666666667,359.8800354003906,RBDCanola_O3on_150gN3_02082023,790.7 -> 573.6,35,[TG(52:4)]_FA18:1,RBD,n-7,FA18:1,TG(52:4),2,0
790.7,573.6,14.198716666666668,412.34002685546875,RBDCanola_O3on_150gN3_02082023,790.7 -> 573.6,35,[TG(52:4)]_FA18:1,RBD,n-7,FA18:1,TG(52:4),2,0
790.7,573.6,14.215033333333334,443.2000427246094,RBDCanola_O3on_150gN3_02082023,790.7 -> 573.6,35,[TG(52:4)]_FA18:1,RBD,n-7,FA18:1,TG(52:4),2,0
790.7,573.6,14.231333333333334,473.46002197265625,RBDCanola_O3on_150gN3_02082023,790.7 -> 573.6,35,[TG(52:4)]_FA18:1,RBD,n-7,FA18:1,TG(52:4),2,0
790.7,573.6,14.24765,317.3800354003906,RBDCanola_O3on_150gN3_02082023,790.7 -> 573.6,35,[TG(52:4)]_FA18:1,RBD,n-7,FA18:1,TG(52:4),2,0
790.7,573.6,14.263950000000001,351.5000305175781,RBDCanola_O3on_150gN3_02082023,790.7 -> 573.6,35,[TG(52:4)]_FA18:1,RBD,n-7,FA18:1,TG(52:4),2,0
790.7,573.6,14.280266666666668,387.02001953125,RBDCanola_O3on_150gN3_02082023,790.7 -> 573.6,35,[TG(52:4)]_FA18:1,RBD,n-7,FA18:1,TG(52:4),2,0
790.7,573.6,14.296566666666667,456.2400207519531,RBDCanola_O3on_150gN3_02082023,790.7 -> 573.6,35,[TG(52:4)]_FA18:1,RBD,n-7,FA18:1,TG(52:4),2,0
790.7,573.6,14.312883333333334,492.0800476074219,RBDCanola_O3on_150gN3_02082023,790.7 -> 573.6,35,[TG(52:4)]_FA18:1,RBD,n-7,FA18:1,TG(52:4),2,0
790.7,573.6,14.329183333333335,460.60003662109375,RBDCanola_O3on_150gN3_02082023,790.7 -> 573.6,35,[TG(52:4)]_FA18:1,RBD,n-7,FA18:1,TG(52:4),2,0
790.7,573.6,14.345500000000001,410.4200439453125,RBDCanola_O3on_150gN3_02082023,790.7 -> 573.6,35,[TG(52:4)]_FA18:1,RBD,n-7,FA18:1,TG(52:4),2,0
790.7,573.6,14.3618,385.5000305175781,RBDCanola_O3on_150gN3_02082023,790.7 -> 573.6,35,[TG(52:4)]_FA18:1,RBD,n-7,FA18:1,TG(52:4),2,0
790.7,573.6,14.378116666666667,396.1400146484375,RBDCanola_O3on_150gN3_02082023,790.7 -> 573.6,35,[TG(52:4)]_FA18:1,RBD,n-7,FA18:1,TG(52:4),2,0
790.7,573.6,14.394416666666668,399.7400207519531,RBDCanola_O3on_150gN3_02082023,790.7 -> 573.6,35,[TG(52:4)]_FA18:1,RBD,n-7,FA18:1,TG(52:4),2,0
790.7,573.6,14.410733333333335,323.4000244140625,RBDCanola_O3on_150gN3_02082023,790.7 -> 573.6,35,[TG(52:4)]_FA18:1,RBD,n-7,FA18:1,TG(52:4),2,0
790.7,573.6,14.427033333333334,337.1800231933594,RBDCanola_O3on_150gN3_02082023,790.7 -> 573.6,35,[TG(52:4)]_FA18:1,RBD,n-7,FA18:1,TG(52:4),2,0
790.7,573.6,14.44335,272.280029296875,RBDCanola_O3on_150gN3_02082023,790.7 -> 573.6,35,[TG(52:4)]_FA18:1,RBD,n-7,FA18:1,TG(52:4),2,0
790.7,573.6,14.45965,243.8400115966797,RBDCanola_O3on_150gN3_02082023,790.7 -> 573.6,35,[TG(52:4)]_FA18:1,RBD,n-7,FA18:1,TG(52:4),2,0
790.7,573.6,14.475966666666668,190.36001586914062,RBDCanola_O3on_150gN3_02082023,790.7 -> 573.6,35,[TG(52:4)]_FA18:1,RBD,n-7,FA18:1,TG(52:4),2,0
790.7,573.6,14.492266666666668,239.3200225830078,RBDCanola_O3on_150gN3_02082023,790.7 -> 573.6,35,[TG(52:4)]_FA18:1,RBD,n-7,FA18:1,TG(52:4),2,0
790.7,573.6,14.508566666666667,284.280029296875,RBDCanola_O3on_150gN3_02082023,790.7 -> 573.6,35,[TG(52:4)]_FA18:1,RBD,n-7,FA18:1,TG(52:4),2,0
790.7,573.6,14.524883333333333,304.9200134277344,RBDCanola_O3on_150gN3_02082023,790.7 -> 573.6,35,[TG(52:4)]_FA18:1,RBD,n-7,FA18:1,TG(52:4),2,0
790.7,573.6,14.541183333333334,249.66001892089844,RBDCanola_O3on_150gN3_02082023,790.7 -> 573.6,35,[TG(52:4)]_FA18:1,RBD,n-7,FA18:1,TG(52:4),2,0
790.7,573.6,14.557500000000001,237.1000213623047,RBDCanola_O3on_150gN3_02082023,790.7 -> 573.6,35,[TG(52:4)]_FA18:1,RBD,n-7,FA18:1,TG(52:4),2,0
790.7,573.6,14.5738,317.3800354003906,RBDCanola_O3on_150gN3_02082023,790.7 -> 573.6,35,[TG(52:4)]_FA18:1,RBD,n-7,FA18:1,TG(52:4),2,0
790.7,573.6,14.590116666666667,326.3600158691406,RBDCanola_O3on_150gN3_02082023,790.7 -> 573.6,35,[TG(52:4)]_FA18:1,RBD,n-7,FA18:1,TG(52:4),2,0
790.7,573.6,14.606416666666668,292.3000183105469,RBDCanola_O3on_150gN3_02082023,790.7 -> 573.6,35,[TG(52:4)]_FA18:1,RBD,n-7,FA18:1,TG(52:4),2,0
790.7,573.6,14.068266666666668,254.86001586914062,RBDCanola_O3on_150gN3_02082023,790.7 -> 573.6,35,[TG(52:4)]_FA18:1,RBD,n-7,FA18:1,TG(52:4),2,0
790.7,573.6,14.084566666666667,259.5400085449219,RBDCanola_O3on_150gN3_02082023,790.7 -> 573.6,35,[TG(52:4)]_FA18:1,RBD,n-7,FA18:1,TG(52:4),2,0
790.7,573.6,14.100883333333334,259.3000183105469,RBDCanola_O3on_150gN3_02082023,790.7 -> 573.6,35,[TG(52:4)]_FA18:1,RBD,n-7,FA18:1,TG(52:4),2,0
790.7,573.6,14.117183333333333,242.80001831054688,RBDCanola_O3on_150gN3_02082023,790.7 -> 573.6,35,[TG(52:4)]_FA18:1,RBD,n-7,FA18:1,TG(52:4),2,0
790.7,573.6,14.133500000000002,301.4000244140625,RBDCanola_O3on_150gN3_02082023,790.7 -> 573.6,35,[TG(52:4)]_FA18:1,RBD,n-7,FA18:1,TG(52:4),2,0
790.7,573.6,14.1498,395.9200134277344,RBDCanola_O3on_150gN3_02082023,790.7 -> 573.6,35,[TG(52:4)]_FA18:1,RBD,n-7,FA18:1,TG(52:4),2,0
790.7,573.6,14.166116666666667,409.72003173828125,RBDCanola_O3on_150gN3_02082023,790.7 -> 573.6,35,[TG(52:4)]_FA18:1,RBD,n-7,FA18:1,TG(52:4),2,0
790.7,573.6,14.182416666666667,359.8800354003906,RBDCanola_O3on_150gN3_02082023,790.7 -> 573.6,35,[TG(52:4)]_FA18:1,RBD,n-7,FA18:1,TG(52:4),2,0
790.7,573.6,14.198716666666668,412.34002685546875,RBDCanola_O3on_150gN3_02082023,790.7 -> 573.6,35,[TG(52:4)]_FA18:1,RBD,n-7,FA18:1,TG(52:4),2,0
790.7,573.6,14.215033333333334,443.2000427246094,RBDCanola_O3on_150gN3_02082023,790.7 -> 573.6,35,[TG(52:4)]_FA18:1,RBD,n-7,FA18:1,TG(52:4),2,0
790.7,573.6,14.231333333333334,473.46002197265625,RBDCanola_O3on_150gN3_02082023,790.7 -> 573.6,35,[TG(52:4)]_FA18:1,RBD,n-7,FA18:1,TG(52:4),2,0
790.7,573.6,14.24765,317.3800354003906,RBDCanola_O3on_150gN3_02082023,790.7 -> 573.6,35,[TG(52:4)]_FA18:1,RBD,n-7,FA18:1,TG(52:4),2,0
790.7,573.6,14.263950000000001,351.5000305175781,RBDCanola_O3on_150gN3_02082023,790.7 -> 573.6,35,[TG(52:4)]_FA18:1,RBD,n-7,FA18:1,TG(52:4),2,0
790.7,573.6,14.280266666666668,387.02001953125,RBDCanola_O3on_150gN3_02082023,790.7 -> 573.6,35,[TG(52:4)]_FA18:1,RBD,n-7,FA18:1,TG(52:4),2,0
790.7,573.6,14.296566666666667,456.2400207519531,RBDCanola_O3on_150gN3_02082023,790.7 -> 573.6,35,[TG(52:4)]_FA18:1,RBD,n-7,FA18:1,TG(52:4),2,0
790.7,573.6,14.312883333333334,492.0800476074219,RBDCanola_O3on_150gN3_02082023,790.7 -> 573.6,35,[TG(52:4)]_FA18:1,RBD,n-7,FA18:1,TG(52:4),2,0
790.7,573.6,14.329183333333335,460.60003662109375,RBDCanola_O3on_150gN3_02082023,790.7 -> 573.6,35,[TG(52:4)]_FA18:1,RBD,n-7,FA18:1,TG(52:4),2,0
790.7,573.6,14.345500000000001,410.4200439453125,RBDCanola_O3on_150gN3_02082023,790.7 -> 573.6,35,[TG(52:4)]_FA18:1,RBD,n-7,FA18:1,TG(52:4),2,0
790.7,573.6,14.3618,385.5000305175781,RBDCanola_O3on_150gN3_02082023,790.7 -> 573.6,35,[TG(52:4)]_FA18:1,RBD,n-7,FA18:1,TG(52:4),2,0
790.7,573.6,14.378116666666667,396.1400146484375,RBDCanola_O3on_150gN3_02082023,790.7 -> 573.6,35,[TG(52:4)]_FA18:1,RBD,n-7,FA18:1,TG(52:4),2,0
790.7,573.6,14.394416666666668,399.7400207519531,RBDCanola_O3on_150gN3_02082023,790.7 -> 573.6,35,[TG(52:4)]_FA18:1,RBD,n-7,FA18:1,TG(52:4),2,0
790.7,573.6,14.410733333333335,323.4000244140625,RBDCanola_O3on_150gN3_02082023,790.7 -> 573.6,35,[TG(52:4)]_FA18:1,RBD,n-7,FA18:1,TG(52:4),2,0
790.7,573.6,14.427033333333334,337.1800231933594,RBDCanola_O3on_150gN3_02082023,790.7 -> 573.6,35,[TG(52:4)]_FA18:1,RBD,n-7,FA18:1,TG(52:4),2,0
790.7,573.6,14.44335,272.280029296875,RBDCanola_O3on_150gN3_02082023,790.7 -> 573.6,35,[TG(52:4)]_FA18:1,RBD,n-7,FA18:1,TG(52:4),2,0
790.7,573.6,14.45965,243.8400115966797,RBDCanola_O3on_150gN3_02082023,790.7 -> 573.6,35,[TG(52:4)]_FA18:1,RBD,n-7,FA18:1,TG(52:4),2,0
790.7,573.6,14.475966666666668,190.36001586914062,RBDCanola_O3on_150gN3_02082023,790.7 -> 573.6,35,[TG(52:4)]_FA18:1,RBD,n-7,FA18:1,TG(52:4),2,0
790.7,573.6,14.492266666666668,239.3200225830078,RBDCanola_O3on_150gN3_02082023,790.7 -> 573.6,35,[TG(52:4)]_FA18:1,RBD,n-7,FA18:1,TG(52:4),2,0
790.7,573.6,14.508566666666667,284.280029296875,RBDCanola_O3on_150gN3_02082023,790.7 -> 573.6,35,[TG(52:4)]_FA18:1,RBD,n-7,FA18:1,TG(52:4),2,0
790.7,573.6,14.524883333333333,304.9200134277344,RBDCanola_O3on_150gN3_02082023,790.7 -> 573.6,35,[TG(52:4)]_FA18:1,RBD,n-7,FA18:1,TG(52:4),2,0
790.7,573.6,14.541183333333334,249.66001892089844,RBDCanola_O3on_150gN3_02082023,790.7 -> 573.6,35,[TG(52:4)]_FA18:1,RBD,n-7,FA18:1,TG(52:4),2,0
790.7,573.6,14.557500000000001,237.1000213623047,RBDCanola_O3on_150gN3_02082023,790.7 -> 573.6,35,[TG(52:4)]_FA18:1,RBD,n-7,FA18:1,TG(52:4),2,0
790.7,573.6,14.5738,317.3800354003906,RBDCanola_O3on_150gN3_02082023,790.7 -> 573.6,35,[TG(52:4)]_FA18:1,RBD,n-7,FA18:1,TG(52:4),2,0
790.7,573.6,14.590116666666667,326.3600158691406,RBDCanola_O3on_150gN3_02082023,790.7 -> 573.6,35,[TG(52:4)]_FA18:1,RBD,n-7,FA18:1,TG(52:4),2,0
790.7,573.6,14.606416666666668,292.3000183105469,RBDCanola_O3on_150gN3_02082023,790.7 -> 573.6,35,[TG(52:4)]_FA18:1,RBD,n-7,FA18:1,TG(52:4),2,0
762.6,573.6,14.056583333333334,258.4800109863281,CrudeCanola_O3on_150gN3_02082023,762.6 -> 573.6,3,[TG(52:4)]_FA18:1,Crude,n-9,FA18:1,TG(52:4),3,0
762.6,573.6,14.0729,258.4800109863281,CrudeCanola_O3on_150gN3_02082023,762.6 -> 573.6,3,[TG(52:4)]_FA18:1,Crude,n-9,FA18:1,TG(52:4),3,0
762.6,573.6,14.0892,263.760009765625,CrudeCanola_O3on_150gN3_02082023,762.6 -> 573.6,3,[TG(52:4)]_FA18:1,Crude,n-9,FA18:1,TG(52:4),3,0
762.6,573.6,14.105516666666666,283.0600280761719,CrudeCanola_O3on_150gN3_02082023,762.6 -> 573.6,3,[TG(52:4)]_FA18:1,Crude,n-9,FA18:1,TG(52:4),3,0
762.6,573.6,14.121816666666668,281.1200256347656,CrudeCanola_O3on_150gN3_02082023,762.6 -> 573.6,3,[TG(52:4)]_FA18:1,Crude,n-9,FA18:1,TG(52:4),3,0
762.6,573.6,14.138133333333334,336.1200256347656,CrudeCanola_O3on_150gN3_02082023,762.6 -> 573.6,3,[TG(52:4)]_FA18:1,Crude,n-9,FA18:1,TG(52:4),3,0
762.6,573.6,14.154433333333333,294.3600158691406,CrudeCanola_O3on_150gN3_02082023,762.6 -> 573.6,3,[TG(52:4)]_FA18:1,Crude,n-9,FA18:1,TG(52:4),3,0
762.6,573.6,14.170733333333335,288.5000305175781,CrudeCanola_O3on_150gN3_02082023,762.6 -> 573.6,3,[TG(52:4)]_FA18:1,Crude,n-9,FA18:1,TG(52:4),3,0
762.6,573.6,14.187050000000001,301.8000183105469,CrudeCanola_O3on_150gN3_02082023,762.6 -> 573.6,3,[TG(52:4)]_FA18:1,Crude,n-9,FA18:1,TG(52:4),3,0
762.6,573.6,14.20335,313.58001708984375,CrudeCanola_O3on_150gN3_02082023,762.6 -> 573.6,3,[TG(52:4)]_FA18:1,Crude,n-9,FA18:1,TG(52:4),3,0
762.6,573.6,14.219666666666667,452.2600402832031,CrudeCanola_O3on_150gN3_02082023,762.6 -> 573.6,3,[TG(52:4)]_FA18:1,Crude,n-9,FA18:1,TG(52:4),3,0
762.6,573.6,14.235966666666668,646.02001953125,CrudeCanola_O3on_150gN3_02082023,762.6 -> 573.6,3,[TG(52:4)]_FA18:1,Crude,n-9,FA18:1,TG(52:4),3,0
762.6,573.6,14.252283333333335,947.1200561523438,CrudeCanola_O3on_150gN3_02082023,762.6 -> 573.6,3,[TG(52:4)]_FA18:1,Crude,n-9,FA18:1,TG(52:4),3,0
762.6,573.6,14.268583333333334,1303.9400634765625,CrudeCanola_O3on_150gN3_02082023,762.6 -> 573.6,3,[TG(52:4)]_FA18:1,Crude,n-9,FA18:1,TG(52:4),3,0
762.6,573.6,14.2849,1704.920166015625,CrudeCanola_O3on_150gN3_02082023,762.6 -> 573.6,3,[TG(52:4)]_FA18:1,Crude,n-9,FA18:1,TG(52:4),3,0
762.6,573.6,14.301200000000001,1874.7801513671875,CrudeCanola_O3on_150gN3_02082023,762.6 -> 573.6,3,[TG(52:4)]_FA18:1,Crude,n-9,FA18:1,TG(52:4),3,0
762.6,573.6,14.317516666666668,1863.420166015625,CrudeCanola_O3on_150gN3_02082023,762.6 -> 573.6,3,[TG(52:4)]_FA18:1,Crude,n-9,FA18:1,TG(52:4),3,0
762.6,573.6,14.333816666666667,1702.66015625,CrudeCanola_O3on_150gN3_02082023,762.6 -> 573.6,3,[TG(52:4)]_FA18:1,Crude,n-9,FA18:1,TG(52:4),3,0
762.6,573.6,14.350133333333334,1753.7401123046875,CrudeCanola_O3on_150gN3_02082023,762.6 -> 573.6,3,[TG(52:4)]_FA18:1,Crude,n-9,FA18:1,TG(52:4),3,0
762.6,573.6,14.366433333333333,1430.4801025390625,CrudeCanola_O3on_150gN3_02082023,762.6 -> 573.6,3,[TG(52:4)]_FA18:1,Crude,n-9,FA18:1,TG(52:4),3,0
762.6,573.6,14.382750000000001,1175.64013671875,CrudeCanola_O3on_150gN3_02082023,762.6 -> 573.6,3,[TG(52:4)]_FA18:1,Crude,n-9,FA18:1,TG(52:4),3,0
762.6,573.6,14.39905,745.080078125,CrudeCanola_O3on_150gN3_02082023,762.6 -> 573.6,3,[TG(52:4)]_FA18:1,Crude,n-9,FA18:1,TG(52:4),3,0
762.6,573.6,14.415366666666667,629.4000244140625,CrudeCanola_O3on_150gN3_02082023,762.6 -> 573.6,3,[TG(52:4)]_FA18:1,Crude,n-9,FA18:1,TG(52:4),3,0
762.6,573.6,14.431666666666667,506.5400390625,CrudeCanola_O3on_150gN3_02082023,762.6 -> 573.6,3,[TG(52:4)]_FA18:1,Crude,n-9,FA18:1,TG(52:4),3,0
762.6,573.6,14.447983333333333,474.7000427246094,CrudeCanola_O3on_150gN3_02082023,762.6 -> 573.6,3,[TG(52:4)]_FA18:1,Crude,n-9,FA18:1,TG(52:4),3,0
762.6,573.6,14.464283333333334,431.3000183105469,CrudeCanola_O3on_150gN3_02082023,762.6 -> 573.6,3,[TG(52:4)]_FA18:1,Crude,n-9,FA18:1,TG(52:4),3,0
762.6,573.6,14.480583333333334,393.96002197265625,CrudeCanola_O3on_150gN3_02082023,762.6 -> 573.6,3,[TG(52:4)]_FA18:1,Crude,n-9,FA18:1,TG(52:4),3,0
762.6,573.6,14.4969,301.280029296875,CrudeCanola_O3on_150gN3_02082023,762.6 -> 573.6,3,[TG(52:4)]_FA18:1,Crude,n-9,FA18:1,TG(52:4),3,0
762.6,573.6,14.513216666666667,301.4400329589844,CrudeCanola_O3on_150gN3_02082023,762.6 -> 573.6,3,[TG(52:4)]_FA18:1,Crude,n-9,FA18:1,TG(52:4),3,0
762.6,573.6,14.529516666666668,274.08001708984375,CrudeCanola_O3on_150gN3_02082023,762.6 -> 573.6,3,[TG(52:4)]_FA18:1,Crude,n-9,FA18:1,TG(52:4),3,0
762.6,573.6,14.545833333333334,328.5000305175781,CrudeCanola_O3on_150gN3_02082023,762.6 -> 573.6,3,[TG(52:4)]_FA18:1,Crude,n-9,FA18:1,TG(52:4),3,0
762.6,573.6,14.562133333333334,323.20001220703125,CrudeCanola_O3on_150gN3_02082023,762.6 -> 573.6,3,[TG(52:4)]_FA18:1,Crude,n-9,FA18:1,TG(52:4),3,0
762.6,573.6,14.578433333333335,343.58001708984375,CrudeCanola_O3on_150gN3_02082023,762.6 -> 573.6,3,[TG(52:4)]_FA18:1,Crude,n-9,FA18:1,TG(52:4),3,0
762.6,573.6,14.594750000000001,291.96002197265625,CrudeCanola_O3on_150gN3_02082023,762.6 -> 573.6,3,[TG(52:4)]_FA18:1,Crude,n-9,FA18:1,TG(52:4),3,0
762.6,573.6,14.056583333333334,258.4800109863281,CrudeCanola_O3on_150gN3_02082023,762.6 -> 573.6,3,[TG(52:4)]_FA18:1,Crude,n-9,FA18:1,TG(52:4),3,0
762.6,573.6,14.0729,258.4800109863281,CrudeCanola_O3on_150gN3_02082023,762.6 -> 573.6,3,[TG(52:4)]_FA18:1,Crude,n-9,FA18:1,TG(52:4),3,0
762.6,573.6,14.0892,263.760009765625,CrudeCanola_O3on_150gN3_02082023,762.6 -> 573.6,3,[TG(52:4)]_FA18:1,Crude,n-9,FA18:1,TG(52:4),3,0
762.6,573.6,14.105516666666666,283.0600280761719,CrudeCanola_O3on_150gN3_02082023,762.6 -> 573.6,3,[TG(52:4)]_FA18:1,Crude,n-9,FA18:1,TG(52:4),3,0
762.6,573.6,14.121816666666668,281.1200256347656,CrudeCanola_O3on_150gN3_02082023,762.6 -> 573.6,3,[TG(52:4)]_FA18:1,Crude,n-9,FA18:1,TG(52:4),3,0
762.6,573.6,14.138133333333334,336.1200256347656,CrudeCanola_O3on_150gN3_02082023,762.6 -> 573.6,3,[TG(52:4)]_FA18:1,Crude,n-9,FA18:1,TG(52:4),3,0
762.6,573.6,14.154433333333333,294.3600158691406,CrudeCanola_O3on_150gN3_02082023,762.6 -> 573.6,3,[TG(52:4)]_FA18:1,Crude,n-9,FA18:1,TG(52:4),3,0
762.6,573.6,14.170733333333335,288.5000305175781,CrudeCanola_O3on_150gN3_02082023,762.6 -> 573.6,3,[TG(52:4)]_FA18:1,Crude,n-9,FA18:1,TG(52:4),3,0
762.6,573.6,14.187050000000001,301.8000183105469,CrudeCanola_O3on_150gN3_02082023,762.6 -> 573.6,3,[TG(52:4)]_FA18:1,Crude,n-9,FA18:1,TG(52:4),3,0
762.6,573.6,14.20335,313.58001708984375,CrudeCanola_O3on_150gN3_02082023,762.6 -> 573.6,3,[TG(52:4)]_FA18:1,Crude,n-9,FA18:1,TG(52:4),3,0
762.6,573.6,14.219666666666667,452.2600402832031,CrudeCanola_O3on_150gN3_02082023,762.6 -> 573.6,3,[TG(52:4)]_FA18:1,Crude,n-9,FA18:1,TG(52:4),3,0
762.6,573.6,14.235966666666668,646.02001953125,CrudeCanola_O3on_150gN3_02082023,762.6 -> 573.6,3,[TG(52:4)]_FA18:1,Crude,n-9,FA18:1,TG(52:4),3,0
762.6,573.6,14.252283333333335,947.1200561523438,CrudeCanola_O3on_150gN3_02082023,762.6 -> 573.6,3,[TG(52:4)]_FA18:1,Crude,n-9,FA18:1,TG(52:4),3,0
762.6,573.6,14.268583333333334,1303.9400634765625,CrudeCanola_O3on_150gN3_02082023,762.6 -> 573.6,3,[TG(52:4)]_FA18:1,Crude,n-9,FA18:1,TG(52:4),3,0
762.6,573.6,14.2849,1704.920166015625,CrudeCanola_O3on_150gN3_02082023,762.6 -> 573.6,3,[TG(52:4)]_FA18:1,Crude,n-9,FA18:1,TG(52:4),3,0
762.6,573.6,14.301200000000001,1874.7801513671875,CrudeCanola_O3on_150gN3_02082023,762.6 -> 573.6,3,[TG(52:4)]_FA18:1,Crude,n-9,FA18:1,TG(52:4),3,0
762.6,573.6,14.317516666666668,1863.420166015625,CrudeCanola_O3on_150gN3_02082023,762.6 -> 573.6,3,[TG(52:4)]_FA18:1,Crude,n-9,FA18:1,TG(52:4),3,0
762.6,573.6,14.333816666666667,1702.66015625,CrudeCanola_O3on_150gN3_02082023,762.6 -> 573.6,3,[TG(52:4)]_FA18:1,Crude,n-9,FA18:1,TG(52:4),3,0
762.6,573.6,14.350133333333334,1753.7401123046875,CrudeCanola_O3on_150gN3_02082023,762.6 -> 573.6,3,[TG(52:4)]_FA18:1,Crude,n-9,FA18:1,TG(52:4),3,0
762.6,573.6,14.366433333333333,1430.4801025390625,CrudeCanola_O3on_150gN3_02082023,762.6 -> 573.6,3,[TG(52:4)]_FA18:1,Crude,n-9,FA18:1,TG(52:4),3,0
762.6,573.6,14.382750000000001,1175.64013671875,CrudeCanola_O3on_150gN3_02082023,762.6 -> 573.6,3,[TG(52:4)]_FA18:1,Crude,n-9,FA18:1,TG(52:4),3,0
762.6,573.6,14.39905,745.080078125,CrudeCanola_O3on_150gN3_02082023,762.6 -> 573.6,3,[TG(52:4)]_FA18:1,Crude,n-9,FA18:1,TG(52:4),3,0
762.6,573.6,14.415366666666667,629.4000244140625,CrudeCanola_O3on_150gN3_02082023,762.6 -> 573.6,3,[TG(52:4)]_FA18:1,Crude,n-9,FA18:1,TG(52:4),3,0
762.6,573.6,14.431666666666667,506.5400390625,CrudeCanola_O3on_150gN3_02082023,762.6 -> 573.6,3,[TG(52:4)]_FA18:1,Crude,n-9,FA18:1,TG(52:4),3,0
762.6,573.6,14.447983333333333,474.7000427246094,CrudeCanola_O3on_150gN3_02082023,762.6 -> 573.6,3,[TG(52:4)]_FA18:1,Crude,n-9,FA18:1,TG(52:4),3,0
762.6,573.6,14.464283333333334,431.3000183105469,CrudeCanola_O3on_150gN3_02082023,762.6 -> 573.6,3,[TG(52:4)]_FA18:1,Crude,n-9,FA18:1,TG(52:4),3,0
762.6,573.6,14.480583333333334,393.96002197265625,CrudeCanola_O3on_150gN3_02082023,762.6 -> 573.6,3,[TG(52:4)]_FA18:1,Crude,n-9,FA18:1,TG(52:4),3,0
762.6,573.6,14.4969,301.280029296875,CrudeCanola_O3on_150gN3_02082023,762.6 -> 573.6,3,[TG(52:4)]_FA18:1,Crude,n-9,FA18:1,TG(52:4),3,0
762.6,573.6,14.513216666666667,301.4400329589844,CrudeCanola_O3on_150gN3_02082023,762.6 -> 573.6,3,[TG(52:4)]_FA18:1,Crude,n-9,FA18:1,TG(52:4),3,0
762.6,573.6,14.529516666666668,274.08001708984375,CrudeCanola_O3on_150gN3_02082023,762.6 -> 573.6,3,[TG(52:4)]_FA18:1,Crude,n-9,FA18:1,TG(52:4),3,0
762.6,573.6,14.545833333333334,328.5000305175781,CrudeCanola_O3on_150gN3_02082023,762.6 -> 573.6,3,[TG(52:4)]_FA18:1,Crude,n-9,FA18:1,TG(52:4),3,0
762.6,573.6,14.562133333333334,323.20001220703125,CrudeCanola_O3on_150gN3_02082023,762.6 -> 573.6,3,[TG(52:4)]_FA18:1,Crude,n-9,FA18:1,TG(52:4),3,0
762.6,573.6,14.578433333333335,343.58001708984375,CrudeCanola_O3on_150gN3_02082023,762.6 -> 573.6,3,[TG(52:4)]_FA18:1,Crude,n-9,FA18:1,TG(52:4),3,0
762.6,573.6,14.594750000000001,291.96002197265625,CrudeCanola_O3on_150gN3_02082023,762.6 -> 573.6,3,[TG(52:4)]_FA18:1,Crude,n-9,FA18:1,TG(52:4),3,0
762.6,573.6,13.92615,378.4200134277344,DegummedCanola_O3on_150gN3_02082023,762.6 -> 573.6,4,[TG(52:4)]_FA18:1,Degummed,n-9,FA18:1,TG(52:4),4,0
762.6,573.6,13.942450000000001,516.9000244140625,DegummedCanola_O3on_150gN3_02082023,762.6 -> 573.6,4,[TG(52:4)]_FA18:1,Degummed,n-9,FA18:1,TG(52:4),4,0
762.6,573.6,13.958766666666667,585.2000122070312,DegummedCanola_O3on_150gN3_02082023,762.6 -> 573.6,4,[TG(52:4)]_FA18:1,Degummed,n-9,FA18:1,TG(52:4),4,0
762.6,573.6,13.975066666666667,475.0800476074219,DegummedCanola_O3on_150gN3_02082023,762.6 -> 573.6,4,[TG(52:4)]_FA18:1,Degummed,n-9,FA18:1,TG(52:4),4,0
762.6,573.6,13.991383333333333,451.4400329589844,DegummedCanola_O3on_150gN3_02082023,762.6 -> 573.6,4,[TG(52:4)]_FA18:1,Degummed,n-9,FA18:1,TG(52:4),4,0
762.6,573.6,14.007683333333334,309.6400146484375,DegummedCanola_O3on_150gN3_02082023,762.6 -> 573.6,4,[TG(52:4)]_FA18:1,Degummed,n-9,FA18:1,TG(52:4),4,0
762.6,573.6,14.024000000000001,384.5400390625,DegummedCanola_O3on_150gN3_02082023,762.6 -> 573.6,4,[TG(52:4)]_FA18:1,Degummed,n-9,FA18:1,TG(52:4),4,0
762.6,573.6,14.0403,346.60003662109375,DegummedCanola_O3on_150gN3_02082023,762.6 -> 573.6,4,[TG(52:4)]_FA18:1,Degummed,n-9,FA18:1,TG(52:4),4,0
762.6,573.6,14.056616666666667,470.0800476074219,DegummedCanola_O3on_150gN3_02082023,762.6 -> 573.6,4,[TG(52:4)]_FA18:1,Degummed,n-9,FA18:1,TG(52:4),4,0
762.6,573.6,14.072916666666668,470.780029296875,DegummedCanola_O3on_150gN3_02082023,762.6 -> 573.6,4,[TG(52:4)]_FA18:1,Degummed,n-9,FA18:1,TG(52:4),4,0
762.6,573.6,14.089216666666667,527.0400390625,DegummedCanola_O3on_150gN3_02082023,762.6 -> 573.6,4,[TG(52:4)]_FA18:1,Degummed,n-9,FA18:1,TG(52:4),4,0
762.6,573.6,14.105533333333334,506.84002685546875,DegummedCanola_O3on_150gN3_02082023,762.6 -> 573.6,4,[TG(52:4)]_FA18:1,Degummed,n-9,FA18:1,TG(52:4),4,0
762.6,573.6,14.121833333333335,615.8600463867188,DegummedCanola_O3on_150gN3_02082023,762.6 -> 573.6,4,[TG(52:4)]_FA18:1,Degummed,n-9,FA18:1,TG(52:4),4,0
762.6,573.6,14.138150000000001,982.7800903320312,DegummedCanola_O3on_150gN3_02082023,762.6 -> 573.6,4,[TG(52:4)]_FA18:1,Degummed,n-9,FA18:1,TG(52:4),4,0
762.6,573.6,14.15445,1429.840087890625,DegummedCanola_O3on_150gN3_02082023,762.6 -> 573.6,4,[TG(52:4)]_FA18:1,Degummed,n-9,FA18:1,TG(52:4),4,0
762.6,573.6,14.170766666666667,1846.7801513671875,DegummedCanola_O3on_150gN3_02082023,762.6 -> 573.6,4,[TG(52:4)]_FA18:1,Degummed,n-9,FA18:1,TG(52:4),4,0
762.6,573.6,14.187066666666666,1896.60009765625,DegummedCanola_O3on_150gN3_02082023,762.6 -> 573.6,4,[TG(52:4)]_FA18:1,Degummed,n-9,FA18:1,TG(52:4),4,0
762.6,573.6,14.203383333333335,1869.8001708984375,DegummedCanola_O3on_150gN3_02082023,762.6 -> 573.6,4,[TG(52:4)]_FA18:1,Degummed,n-9,FA18:1,TG(52:4),4,0
762.6,573.6,14.219683333333334,1664.9400634765625,DegummedCanola_O3on_150gN3_02082023,762.6 -> 573.6,4,[TG(52:4)]_FA18:1,Degummed,n-9,FA18:1,TG(52:4),4,0
762.6,573.6,14.236,1277.1201171875,DegummedCanola_O3on_150gN3_02082023,762.6 -> 573.6,4,[TG(52:4)]_FA18:1,Degummed,n-9,FA18:1,TG(52:4),4,0
762.6,573.6,14.2523,876.9400634765625,DegummedCanola_O3on_150gN3_02082023,762.6 -> 573.6,4,[TG(52:4)]_FA18:1,Degummed,n-9,FA18:1,TG(52:4),4,0
762.6,573.6,14.268616666666667,525.3200073242188,DegummedCanola_O3on_150gN3_02082023,762.6 -> 573.6,4,[TG(52:4)]_FA18:1,Degummed,n-9,FA18:1,TG(52:4),4,0
762.6,573.6,14.284916666666668,528.6000366210938,DegummedCanola_O3on_150gN3_02082023,762.6 -> 573.6,4,[TG(52:4)]_FA18:1,Degummed,n-9,FA18:1,TG(52:4),4,0
762.6,573.6,14.301233333333334,526.3600463867188,DegummedCanola_O3on_150gN3_02082023,762.6 -> 573.6,4,[TG(52:4)]_FA18:1,Degummed,n-9,FA18:1,TG(52:4),4,0
762.6,573.6,14.317533333333333,508.2000427246094,DegummedCanola_O3on_150gN3_02082023,762.6 -> 573.6,4,[TG(52:4)]_FA18:1,Degummed,n-9,FA18:1,TG(52:4),4,0
762.6,573.6,14.33385,387.3000183105469,DegummedCanola_O3on_150gN3_02082023,762.6 -> 573.6,4,[TG(52:4)]_FA18:1,Degummed,n-9,FA18:1,TG(52:4),4,0
762.6,573.6,14.350150000000001,244.20001220703125,DegummedCanola_O3on_150gN3_02082023,762.6 -> 573.6,4,[TG(52:4)]_FA18:1,Degummed,n-9,FA18:1,TG(52:4),4,0
762.6,573.6,14.366466666666668,307.52001953125,DegummedCanola_O3on_150gN3_02082023,762.6 -> 573.6,4,[TG(52:4)]_FA18:1,Degummed,n-9,FA18:1,TG(52:4),4,0
762.6,573.6,14.382766666666667,323.4000244140625,DegummedCanola_O3on_150gN3_02082023,762.6 -> 573.6,4,[TG(52:4)]_FA18:1,Degummed,n-9,FA18:1,TG(52:4),4,0
762.6,573.6,14.399083333333333,328.6400146484375,DegummedCanola_O3on_150gN3_02082023,762.6 -> 573.6,4,[TG(52:4)]_FA18:1,Degummed,n-9,FA18:1,TG(52:4),4,0
762.6,573.6,14.415383333333335,303.1400146484375,DegummedCanola_O3on_150gN3_02082023,762.6 -> 573.6,4,[TG(52:4)]_FA18:1,Degummed,n-9,FA18:1,TG(52:4),4,0
762.6,573.6,14.431700000000001,325.02001953125,DegummedCanola_O3on_150gN3_02082023,762.6 -> 573.6,4,[TG(52:4)]_FA18:1,Degummed,n-9,FA18:1,TG(52:4),4,0
762.6,573.6,14.448,334.6600341796875,DegummedCanola_O3on_150gN3_02082023,762.6 -> 573.6,4,[TG(52:4)]_FA18:1,Degummed,n-9,FA18:1,TG(52:4),4,0
762.6,573.6,14.464316666666667,258.72003173828125,DegummedCanola_O3on_150gN3_02082023,762.6 -> 573.6,4,[TG(52:4)]_FA18:1,Degummed,n-9,FA18:1,TG(52:4),4,0
762.6,573.6,13.92615,378.4200134277344,DegummedCanola_O3on_150gN3_02082023,762.6 -> 573.6,4,[TG(52:4)]_FA18:1,Degummed,n-9,FA18:1,TG(52:4),4,0
762.6,573.6,13.942450000000001,516.9000244140625,DegummedCanola_O3on_150gN3_02082023,762.6 -> 573.6,4,[TG(52:4)]_FA18:1,Degummed,n-9,FA18:1,TG(52:4),4,0
762.6,573.6,13.958766666666667,585.2000122070312,DegummedCanola_O3on_150gN3_02082023,762.6 -> 573.6,4,[TG(52:4)]_FA18:1,Degummed,n-9,FA18:1,TG(52:4),4,0
762.6,573.6,13.975066666666667,475.0800476074219,DegummedCanola_O3on_150gN3_02082023,762.6 -> 573.6,4,[TG(52:4)]_FA18:1,Degummed,n-9,FA18:1,TG(52:4),4,0
762.6,573.6,13.991383333333333,451.4400329589844,DegummedCanola_O3on_150gN3_02082023,762.6 -> 573.6,4,[TG(52:4)]_FA18:1,Degummed,n-9,FA18:1,TG(52:4),4,0
762.6,573.6,14.007683333333334,309.6400146484375,DegummedCanola_O3on_150gN3_02082023,762.6 -> 573.6,4,[TG(52:4)]_FA18:1,Degummed,n-9,FA18:1,TG(52:4),4,0
762.6,573.6,14.024000000000001,384.5400390625,DegummedCanola_O3on_150gN3_02082023,762.6 -> 573.6,4,[TG(52:4)]_FA18:1,Degummed,n-9,FA18:1,TG(52:4),4,0
762.6,573.6,14.0403,346.60003662109375,DegummedCanola_O3on_150gN3_02082023,762.6 -> 573.6,4,[TG(52:4)]_FA18:1,Degummed,n-9,FA18:1,TG(52:4),4,0
762.6,573.6,14.056616666666667,470.0800476074219,DegummedCanola_O3on_150gN3_02082023,762.6 -> 573.6,4,[TG(52:4)]_FA18:1,Degummed,n-9,FA18:1,TG(52:4),4,0
762.6,573.6,14.072916666666668,470.780029296875,DegummedCanola_O3on_150gN3_02082023,762.6 -> 573.6,4,[TG(52:4)]_FA18:1,Degummed,n-9,FA18:1,TG(52:4),4,0
762.6,573.6,14.089216666666667,527.0400390625,DegummedCanola_O3on_150gN3_02082023,762.6 -> 573.6,4,[TG(52:4)]_FA18:1,Degummed,n-9,FA18:1,TG(52:4),4,0
762.6,573.6,14.105533333333334,506.84002685546875,DegummedCanola_O3on_150gN3_02082023,762.6 -> 573.6,4,[TG(52:4)]_FA18:1,Degummed,n-9,FA18:1,TG(52:4),4,0
762.6,573.6,14.121833333333335,615.8600463867188,DegummedCanola_O3on_150gN3_02082023,762.6 -> 573.6,4,[TG(52:4)]_FA18:1,Degummed,n-9,FA18:1,TG(52:4),4,0
762.6,573.6,14.138150000000001,982.7800903320312,DegummedCanola_O3on_150gN3_02082023,762.6 -> 573.6,4,[TG(52:4)]_FA18:1,Degummed,n-9,FA18:1,TG(52:4),4,0
762.6,573.6,14.15445,1429.840087890625,DegummedCanola_O3on_150gN3_02082023,762.6 -> 573.6,4,[TG(52:4)]_FA18:1,Degummed,n-9,FA18:1,TG(52:4),4,0
762.6,573.6,14.170766666666667,1846.7801513671875,DegummedCanola_O3on_150gN3_02082023,762.6 -> 573.6,4,[TG(52:4)]_FA18:1,Degummed,n-9,FA18:1,TG(52:4),4,0
762.6,573.6,14.187066666666666,1896.60009765625,DegummedCanola_O3on_150gN3_02082023,762.6 -> 573.6,4,[TG(52:4)]_FA18:1,Degummed,n-9,FA18:1,TG(52:4),4,0
762.6,573.6,14.203383333333335,1869.8001708984375,DegummedCanola_O3on_150gN3_02082023,762.6 -> 573.6,4,[TG(52:4)]_FA18:1,Degummed,n-9,FA18:1,TG(52:4),4,0
762.6,573.6,14.219683333333334,1664.9400634765625,DegummedCanola_O3on_150gN3_02082023,762.6 -> 573.6,4,[TG(52:4)]_FA18:1,Degummed,n-9,FA18:1,TG(52:4),4,0
762.6,573.6,14.236,1277.1201171875,DegummedCanola_O3on_150gN3_02082023,762.6 -> 573.6,4,[TG(52:4)]_FA18:1,Degummed,n-9,FA18:1,TG(52:4),4,0
762.6,573.6,14.2523,876.9400634765625,DegummedCanola_O3on_150gN3_02082023,762.6 -> 573.6,4,[TG(52:4)]_FA18:1,Degummed,n-9,FA18:1,TG(52:4),4,0
762.6,573.6,14.268616666666667,525.3200073242188,DegummedCanola_O3on_150gN3_02082023,762.6 -> 573.6,4,[TG(52:4)]_FA18:1,Degummed,n-9,FA18:1,TG(52:4),4,0
762.6,573.6,14.284916666666668,528.6000366210938,DegummedCanola_O3on_150gN3_02082023,762.6 -> 573.6,4,[TG(52:4)]_FA18:1,Degummed,n-9,FA18:1,TG(52:4),4,0
762.6,573.6,14.301233333333334,526.3600463867188,DegummedCanola_O3on_150gN3_02082023,762.6 -> 573.6,4,[TG(52:4)]_FA18:1,Degummed,n-9,FA18:1,TG(52:4),4,0
762.6,573.6,14.317533333333333,508.2000427246094,DegummedCanola_O3on_150gN3_02082023,762.6 -> 573.6,4,[TG(52:4)]_FA18:1,Degummed,n-9,FA18:1,TG(52:4),4,0
762.6,573.6,14.33385,387.3000183105469,DegummedCanola_O3on_150gN3_02082023,762.6 -> 573.6,4,[TG(52:4)]_FA18:1,Degummed,n-9,FA18:1,TG(52:4),4,0
762.6,573.6,14.350150000000001,244.20001220703125,DegummedCanola_O3on_150gN3_02082023,762.6 -> 573.6,4,[TG(52:4)]_FA18:1,Degummed,n-9,FA18:1,TG(52:4),4,0
762.6,573.6,14.366466666666668,307.52001953125,DegummedCanola_O3on_150gN3_02082023,762.6 -> 573.6,4,[TG(52:4)]_FA18:1,Degummed,n-9,FA18:1,TG(52:4),4,0
762.6,573.6,14.382766666666667,323.4000244140625,DegummedCanola_O3on_150gN3_02082023,762.6 -> 573.6,4,[TG(52:4)]_FA18:1,Degummed,n-9,FA18:1,TG(52:4),4,0
762.6,573.6,14.399083333333333,328.6400146484375,DegummedCanola_O3on_150gN3_02082023,762.6 -> 573.6,4,[TG(52:4)]_FA18:1,Degummed,n-9,FA18:1,TG(52:4),4,0
762.6,573.6,14.415383333333335,303.1400146484375,DegummedCanola_O3on_150gN3_02082023,762.6 -> 573.6,4,[TG(52:4)]_FA18:1,Degummed,n-9,FA18:1,TG(52:4),4,0
762.6,573.6,14.431700000000001,325.02001953125,DegummedCanola_O3on_150gN3_02082023,762.6 -> 573.6,4,[TG(52:4)]_FA18:1,Degummed,n-9,FA18:1,TG(52:4),4,0
762.6,573.6,14.448,334.6600341796875,DegummedCanola_O3on_150gN3_02082023,762.6 -> 573.6,4,[TG(52:4)]_FA18:1,Degummed,n-9,FA18:1,TG(52:4),4,0
762.6,573.6,14.464316666666667,258.72003173828125,DegummedCanola_O3on_150gN3_02082023,762.6 -> 573.6,4,[TG(52:4)]_FA18:1,Degummed,n-9,FA18:1,TG(52:4),4,0
762.6,573.6,14.0729,366.58001708984375,RBDCanola_O3on_150gN3_02082023,762.6 -> 573.6,5,[TG(52:4)]_FA18:1,RBD,n-9,FA18:1,TG(52:4),5,0
762.6,573.6,14.0892,348.4200134277344,RBDCanola_O3on_150gN3_02082023,762.6 -> 573.6,5,[TG(52:4)]_FA18:1,RBD,n-9,FA18:1,TG(52:4),5,0
762.6,573.6,14.105516666666666,315.02001953125,RBDCanola_O3on_150gN3_02082023,762.6 -> 573.6,5,[TG(52:4)]_FA18:1,RBD,n-9,FA18:1,TG(52:4),5,0
762.6,573.6,14.121816666666668,328.4200134277344,RBDCanola_O3on_150gN3_02082023,762.6 -> 573.6,5,[TG(52:4)]_FA18:1,RBD,n-9,FA18:1,TG(52:4),5,0
762.6,573.6,14.138133333333334,242.04002380371094,RBDCanola_O3on_150gN3_02082023,762.6 -> 573.6,5,[TG(52:4)]_FA18:1,RBD,n-9,FA18:1,TG(52:4),5,0
762.6,573.6,14.154433333333333,287.760009765625,RBDCanola_O3on_150gN3_02082023,762.6 -> 573.6,5,[TG(52:4)]_FA18:1,RBD,n-9,FA18:1,TG(52:4),5,0
762.6,573.6,14.17075,301.46002197265625,RBDCanola_O3on_150gN3_02082023,762.6 -> 573.6,5,[TG(52:4)]_FA18:1,RBD,n-9,FA18:1,TG(52:4),5,0
762.6,573.6,14.187050000000001,361.8000183105469,RBDCanola_O3on_150gN3_02082023,762.6 -> 573.6,5,[TG(52:4)]_FA18:1,RBD,n-9,FA18:1,TG(52:4),5,0
762.6,573.6,14.203366666666668,275.22003173828125,RBDCanola_O3on_150gN3_02082023,762.6 -> 573.6,5,[TG(52:4)]_FA18:1,RBD,n-9,FA18:1,TG(52:4),5,0
762.6,573.6,14.219666666666667,370.4200134277344,RBDCanola_O3on_150gN3_02082023,762.6 -> 573.6,5,[TG(52:4)]_FA18:1,RBD,n-9,FA18:1,TG(52:4),5,0
762.6,573.6,14.235983333333333,445.84002685546875,RBDCanola_O3on_150gN3_02082023,762.6 -> 573.6,5,[TG(52:4)]_FA18:1,RBD,n-9,FA18:1,TG(52:4),5,0
762.6,573.6,14.252283333333335,620.0400390625,RBDCanola_O3on_150gN3_02082023,762.6 -> 573.6,5,[TG(52:4)]_FA18:1,RBD,n-9,FA18:1,TG(52:4),5,0
762.6,573.6,14.268600000000001,728.6400756835938,RBDCanola_O3on_150gN3_02082023,762.6 -> 573.6,5,[TG(52:4)]_FA18:1,RBD,n-9,FA18:1,TG(52:4),5,0
762.6,573.6,14.2849,933.7600708007812,RBDCanola_O3on_150gN3_02082023,762.6 -> 573.6,5,[TG(52:4)]_FA18:1,RBD,n-9,FA18:1,TG(52:4),5,0
762.6,573.6,14.301216666666667,1059.0400390625,RBDCanola_O3on_150gN3_02082023,762.6 -> 573.6,5,[TG(52:4)]_FA18:1,RBD,n-9,FA18:1,TG(52:4),5,0
762.6,573.6,14.317516666666668,1269.4801025390625,RBDCanola_O3on_150gN3_02082023,762.6 -> 573.6,5,[TG(52:4)]_FA18:1,RBD,n-9,FA18:1,TG(52:4),5,0
762.6,573.6,14.333816666666667,1317.06005859375,RBDCanola_O3on_150gN3_02082023,762.6 -> 573.6,5,[TG(52:4)]_FA18:1,RBD,n-9,FA18:1,TG(52:4),5,0
762.6,573.6,14.350133333333334,1317.2000732421875,RBDCanola_O3on_150gN3_02082023,762.6 -> 573.6,5,[TG(52:4)]_FA18:1,RBD,n-9,FA18:1,TG(52:4),5,0
762.6,573.6,14.366433333333333,1290.300048828125,RBDCanola_O3on_150gN3_02082023,762.6 -> 573.6,5,[TG(52:4)]_FA18:1,RBD,n-9,FA18:1,TG(52:4),5,0
762.6,573.6,14.382750000000001,1163.4400634765625,RBDCanola_O3on_150gN3_02082023,762.6 -> 573.6,5,[TG(52:4)]_FA18:1,RBD,n-9,FA18:1,TG(52:4),5,0
762.6,573.6,14.39905,933.5200805664062,RBDCanola_O3on_150gN3_02082023,762.6 -> 573.6,5,[TG(52:4)]_FA18:1,RBD,n-9,FA18:1,TG(52:4),5,0
762.6,573.6,14.415366666666667,647.2000732421875,RBDCanola_O3on_150gN3_02082023,762.6 -> 573.6,5,[TG(52:4)]_FA18:1,RBD,n-9,FA18:1,TG(52:4),5,0
762.6,573.6,14.431666666666667,583.2000122070312,RBDCanola_O3on_150gN3_02082023,762.6 -> 573.6,5,[TG(52:4)]_FA18:1,RBD,n-9,FA18:1,TG(52:4),5,0
762.6,573.6,14.447983333333333,476.0000305175781,RBDCanola_O3on_150gN3_02082023,762.6 -> 573.6,5,[TG(52:4)]_FA18:1,RBD,n-9,FA18:1,TG(52:4),5,0
762.6,573.6,14.464283333333334,425.8000183105469,RBDCanola_O3on_150gN3_02082023,762.6 -> 573.6,5,[TG(52:4)]_FA18:1,RBD,n-9,FA18:1,TG(52:4),5,0
762.6,573.6,14.4806,515.780029296875,RBDCanola_O3on_150gN3_02082023,762.6 -> 573.6,5,[TG(52:4)]_FA18:1,RBD,n-9,FA18:1,TG(52:4),5,0
762.6,573.6,14.4969,701.2600708007812,RBDCanola_O3on_150gN3_02082023,762.6 -> 573.6,5,[TG(52:4)]_FA18:1,RBD,n-9,FA18:1,TG(52:4),5,0
762.6,573.6,14.513216666666667,631.4400634765625,RBDCanola_O3on_150gN3_02082023,762.6 -> 573.6,5,[TG(52:4)]_FA18:1,RBD,n-9,FA18:1,TG(52:4),5,0
762.6,573.6,14.529516666666668,407.0000305175781,RBDCanola_O3on_150gN3_02082023,762.6 -> 573.6,5,[TG(52:4)]_FA18:1,RBD,n-9,FA18:1,TG(52:4),5,0
762.6,573.6,14.545833333333334,237.98001098632812,RBDCanola_O3on_150gN3_02082023,762.6 -> 573.6,5,[TG(52:4)]_FA18:1,RBD,n-9,FA18:1,TG(52:4),5,0
762.6,573.6,14.562133333333334,290.0600280761719,RBDCanola_O3on_150gN3_02082023,762.6 -> 573.6,5,[TG(52:4)]_FA18:1,RBD,n-9,FA18:1,TG(52:4),5,0
762.6,573.6,14.57845,360.9000244140625,RBDCanola_O3on_150gN3_02082023,762.6 -> 573.6,5,[TG(52:4)]_FA18:1,RBD,n-9,FA18:1,TG(52:4),5,0
762.6,573.6,14.594750000000001,376.3600158691406,RBDCanola_O3on_150gN3_02082023,762.6 -> 573.6,5,[TG(52:4)]_FA18:1,RBD,n-9,FA18:1,TG(52:4),5,0
762.6,573.6,14.611066666666668,397.8600158691406,RBDCanola_O3on_150gN3_02082023,762.6 -> 573.6,5,[TG(52:4)]_FA18:1,RBD,n-9,FA18:1,TG(52:4),5,0
762.6,573.6,14.0729,366.58001708984375,RBDCanola_O3on_150gN3_02082023,762.6 -> 573.6,5,[TG(52:4)]_FA18:1,RBD,n-9,FA18:1,TG(52:4),5,0
762.6,573.6,14.0892,348.4200134277344,RBDCanola_O3on_150gN3_02082023,762.6 -> 573.6,5,[TG(52:4)]_FA18:1,RBD,n-9,FA18:1,TG(52:4),5,0
762.6,573.6,14.105516666666666,315.02001953125,RBDCanola_O3on_150gN3_02082023,762.6 -> 573.6,5,[TG(52:4)]_FA18:1,RBD,n-9,FA18:1,TG(52:4),5,0
762.6,573.6,14.121816666666668,328.4200134277344,RBDCanola_O3on_150gN3_02082023,762.6 -> 573.6,5,[TG(52:4)]_FA18:1,RBD,n-9,FA18:1,TG(52:4),5,0
762.6,573.6,14.138133333333334,242.04002380371094,RBDCanola_O3on_150gN3_02082023,762.6 -> 573.6,5,[TG(52:4)]_FA18:1,RBD,n-9,FA18:1,TG(52:4),5,0
762.6,573.6,14.154433333333333,287.760009765625,RBDCanola_O3on_150gN3_02082023,762.6 -> 573.6,5,[TG(52:4)]_FA18:1,RBD,n-9,FA18:1,TG(52:4),5,0
762.6,573.6,14.17075,301.46002197265625,RBDCanola_O3on_150gN3_02082023,762.6 -> 573.6,5,[TG(52:4)]_FA18:1,RBD,n-9,FA18:1,TG(52:4),5,0
762.6,573.6,14.187050000000001,361.8000183105469,RBDCanola_O3on_150gN3_02082023,762.6 -> 573.6,5,[TG(52:4)]_FA18:1,RBD,n-9,FA18:1,TG(52:4),5,0
762.6,573.6,14.203366666666668,275.22003173828125,RBDCanola_O3on_150gN3_02082023,762.6 -> 573.6,5,[TG(52:4)]_FA18:1,RBD,n-9,FA18:1,TG(52:4),5,0
762.6,573.6,14.219666666666667,370.4200134277344,RBDCanola_O3on_150gN3_02082023,762.6 -> 573.6,5,[TG(52:4)]_FA18:1,RBD,n-9,FA18:1,TG(52:4),5,0
762.6,573.6,14.235983333333333,445.84002685546875,RBDCanola_O3on_150gN3_02082023,762.6 -> 573.6,5,[TG(52:4)]_FA18:1,RBD,n-9,FA18:1,TG(52:4),5,0
762.6,573.6,14.252283333333335,620.0400390625,RBDCanola_O3on_150gN3_02082023,762.6 -> 573.6,5,[TG(52:4)]_FA18:1,RBD,n-9,FA18:1,TG(52:4),5,0
762.6,573.6,14.268600000000001,728.6400756835938,RBDCanola_O3on_150gN3_02082023,762.6 -> 573.6,5,[TG(52:4)]_FA18:1,RBD,n-9,FA18:1,TG(52:4),5,0
762.6,573.6,14.2849,933.7600708007812,RBDCanola_O3on_150gN3_02082023,762.6 -> 573.6,5,[TG(52:4)]_FA18:1,RBD,n-9,FA18:1,TG(52:4),5,0
762.6,573.6,14.301216666666667,1059.0400390625,RBDCanola_O3on_150gN3_02082023,762.6 -> 573.6,5,[TG(52:4)]_FA18:1,RBD,n-9,FA18:1,TG(52:4),5,0
762.6,573.6,14.317516666666668,1269.4801025390625,RBDCanola_O3on_150gN3_02082023,762.6 -> 573.6,5,[TG(52:4)]_FA18:1,RBD,n-9,FA18:1,TG(52:4),5,0
762.6,573.6,14.333816666666667,1317.06005859375,RBDCanola_O3on_150gN3_02082023,762.6 -> 573.6,5,[TG(52:4)]_FA18:1,RBD,n-9,FA18:1,TG(52:4),5,0
762.6,573.6,14.350133333333334,1317.2000732421875,RBDCanola_O3on_150gN3_02082023,762.6 -> 573.6,5,[TG(52:4)]_FA18:1,RBD,n-9,FA18:1,TG(52:4),5,0
762.6,573.6,14.366433333333333,1290.300048828125,RBDCanola_O3on_150gN3_02082023,762.6 -> 573.6,5,[TG(52:4)]_FA18:1,RBD,n-9,FA18:1,TG(52:4),5,0
762.6,573.6,14.382750000000001,1163.4400634765625,RBDCanola_O3on_150gN3_02082023,762.6 -> 573.6,5,[TG(52:4)]_FA18:1,RBD,n-9,FA18:1,TG(52:4),5,0
762.6,573.6,14.39905,933.5200805664062,RBDCanola_O3on_150gN3_02082023,762.6 -> 573.6,5,[TG(52:4)]_FA18:1,RBD,n-9,FA18:1,TG(52:4),5,0
762.6,573.6,14.415366666666667,647.2000732421875,RBDCanola_O3on_150gN3_02082023,762.6 -> 573.6,5,[TG(52:4)]_FA18:1,RBD,n-9,FA18:1,TG(52:4),5,0
762.6,573.6,14.431666666666667,583.2000122070312,RBDCanola_O3on_150gN3_02082023,762.6 -> 573.6,5,[TG(52:4)]_FA18:1,RBD,n-9,FA18:1,TG(52:4),5,0
762.6,573.6,14.447983333333333,476.0000305175781,RBDCanola_O3on_150gN3_02082023,762.6 -> 573.6,5,[TG(52:4)]_FA18:1,RBD,n-9,FA18:1,TG(52:4),5,0
762.6,573.6,14.464283333333334,425.8000183105469,RBDCanola_O3on_150gN3_02082023,762.6 -> 573.6,5,[TG(52:4)]_FA18:1,RBD,n-9,FA18:1,TG(52:4),5,0
762.6,573.6,14.4806,515.780029296875,RBDCanola_O3on_150gN3_02082023,762.6 -> 573.6,5,[TG(52:4)]_FA18:1,RBD,n-9,FA18:1,TG(52:4),5,0
762.6,573.6,14.4969,701.2600708007812,RBDCanola_O3on_150gN3_02082023,762.6 -> 573.6,5,[TG(52:4)]_FA18:1,RBD,n-9,FA18:1,TG(52:4),5,0
762.6,573.6,14.513216666666667,631.4400634765625,RBDCanola_O3on_150gN3_02082023,762.6 -> 573.6,5,[TG(52:4)]_FA18:1,RBD,n-9,FA18:1,TG(52:4),5,0
762.6,573.6,14.529516666666668,407.0000305175781,RBDCanola_O3on_150gN3_02082023,762.6 -> 573.6,5,[TG(52:4)]_FA18:1,RBD,n-9,FA18:1,TG(52:4),5,0
762.6,573.6,14.545833333333334,237.98001098632812,RBDCanola_O3on_150gN3_02082023,762.6 -> 573.6,5,[TG(52:4)]_FA18:1,RBD,n-9,FA18:1,TG(52:4),5,0
762.6,573.6,14.562133333333334,290.0600280761719,RBDCanola_O3on_150gN3_02082023,762.6 -> 573.6,5,[TG(52:4)]_FA18:1,RBD,n-9,FA18:1,TG(52:4),5,0
762.6,573.6,14.57845,360.9000244140625,RBDCanola_O3on_150gN3_02082023,762.6 -> 573.6,5,[TG(52:4)]_FA18:1,RBD,n-9,FA18:1,TG(52:4),5,0
762.6,573.6,14.594750000000001,376.3600158691406,RBDCanola_O3on_150gN3_02082023,762.6 -> 573.6,5,[TG(52:4)]_FA18:1,RBD,n-9,FA18:1,TG(52:4),5,0
762.6,573.6,14.611066666666668,397.8600158691406,RBDCanola_O3on_150gN3_02082023,762.6 -> 573.6,5,[TG(52:4)]_FA18:1,RBD,n-9,FA18:1,TG(52:4),5,0
788.6,571.6,12.161150000000001,168.08001708984375,CrudeCanola_O3on_150gN3_02082023,788.6 -> 571.6,24,[TG(52:5)]_FA18:1,Crude,n-7,FA18:1,TG(52:5),6,0
788.6,571.6,12.177466666666668,179.24000549316406,CrudeCanola_O3on_150gN3_02082023,788.6 -> 571.6,24,[TG(52:5)]_FA18:1,Crude,n-7,FA18:1,TG(52:5),6,0
788.6,571.6,12.193766666666667,216.1000213623047,CrudeCanola_O3on_150gN3_02082023,788.6 -> 571.6,24,[TG(52:5)]_FA18:1,Crude,n-7,FA18:1,TG(52:5),6,0
788.6,571.6,12.210083333333333,221.760009765625,CrudeCanola_O3on_150gN3_02082023,788.6 -> 571.6,24,[TG(52:5)]_FA18:1,Crude,n-7,FA18:1,TG(52:5),6,0
788.6,571.6,12.226383333333334,189.54000854492188,CrudeCanola_O3on_150gN3_02082023,788.6 -> 571.6,24,[TG(52:5)]_FA18:1,Crude,n-7,FA18:1,TG(52:5),6,0
788.6,571.6,12.242700000000001,141.92001342773438,CrudeCanola_O3on_150gN3_02082023,788.6 -> 571.6,24,[TG(52:5)]_FA18:1,Crude,n-7,FA18:1,TG(52:5),6,0
788.6,571.6,12.259,108.58000946044922,CrudeCanola_O3on_150gN3_02082023,788.6 -> 571.6,24,[TG(52:5)]_FA18:1,Crude,n-7,FA18:1,TG(52:5),6,0
788.6,571.6,12.275316666666667,104.60000610351562,CrudeCanola_O3on_150gN3_02082023,788.6 -> 571.6,24,[TG(52:5)]_FA18:1,Crude,n-7,FA18:1,TG(52:5),6,0
788.6,571.6,12.291616666666668,91.2800064086914,CrudeCanola_O3on_150gN3_02082023,788.6 -> 571.6,24,[TG(52:5)]_FA18:1,Crude,n-7,FA18:1,TG(52:5),6,0
788.6,571.6,12.307933333333335,124.6600112915039,CrudeCanola_O3on_150gN3_02082023,788.6 -> 571.6,24,[TG(52:5)]_FA18:1,Crude,n-7,FA18:1,TG(52:5),6,0
788.6,571.6,12.324233333333334,141.40000915527344,CrudeCanola_O3on_150gN3_02082023,788.6 -> 571.6,24,[TG(52:5)]_FA18:1,Crude,n-7,FA18:1,TG(52:5),6,0
788.6,571.6,12.34055,219.36001586914062,CrudeCanola_O3on_150gN3_02082023,788.6 -> 571.6,24,[TG(52:5)]_FA18:1,Crude,n-7,FA18:1,TG(52:5),6,0
788.6,571.6,12.356850000000001,211.02001953125,CrudeCanola_O3on_150gN3_02082023,788.6 -> 571.6,24,[TG(52:5)]_FA18:1,Crude,n-7,FA18:1,TG(52:5),6,0
788.6,571.6,12.37315,259.7400207519531,CrudeCanola_O3on_150gN3_02082023,788.6 -> 571.6,24,[TG(52:5)]_FA18:1,Crude,n-7,FA18:1,TG(52:5),6,0
788.6,571.6,12.389466666666667,232.40000915527344,CrudeCanola_O3on_150gN3_02082023,788.6 -> 571.6,24,[TG(52:5)]_FA18:1,Crude,n-7,FA18:1,TG(52:5),6,0
788.6,571.6,12.405766666666667,333.3800354003906,CrudeCanola_O3on_150gN3_02082023,788.6 -> 571.6,24,[TG(52:5)]_FA18:1,Crude,n-7,FA18:1,TG(52:5),6,0
788.6,571.6,12.422083333333333,327.9800109863281,CrudeCanola_O3on_150gN3_02082023,788.6 -> 571.6,24,[TG(52:5)]_FA18:1,Crude,n-7,FA18:1,TG(52:5),6,0
788.6,571.6,12.438383333333334,303.6400146484375,CrudeCanola_O3on_150gN3_02082023,788.6 -> 571.6,24,[TG(52:5)]_FA18:1,Crude,n-7,FA18:1,TG(52:5),6,0
788.6,571.6,12.4547,185.2200164794922,CrudeCanola_O3on_150gN3_02082023,788.6 -> 571.6,24,[TG(52:5)]_FA18:1,Crude,n-7,FA18:1,TG(52:5),6,0
788.6,571.6,12.471,125.52001190185547,CrudeCanola_O3on_150gN3_02082023,788.6 -> 571.6,24,[TG(52:5)]_FA18:1,Crude,n-7,FA18:1,TG(52:5),6,0
788.6,571.6,12.487316666666667,153.24000549316406,CrudeCanola_O3on_150gN3_02082023,788.6 -> 571.6,24,[TG(52:5)]_FA18:1,Crude,n-7,FA18:1,TG(52:5),6,0
788.6,571.6,12.503616666666668,185.760009765625,CrudeCanola_O3on_150gN3_02082023,788.6 -> 571.6,24,[TG(52:5)]_FA18:1,Crude,n-7,FA18:1,TG(52:5),6,0
788.6,571.6,12.519933333333334,245.3400115966797,CrudeCanola_O3on_150gN3_02082023,788.6 -> 571.6,24,[TG(52:5)]_FA18:1,Crude,n-7,FA18:1,TG(52:5),6,0
788.6,571.6,12.536233333333334,237.20001220703125,CrudeCanola_O3on_150gN3_02082023,788.6 -> 571.6,24,[TG(52:5)]_FA18:1,Crude,n-7,FA18:1,TG(52:5),6,0
788.6,571.6,12.55255,230.20001220703125,CrudeCanola_O3on_150gN3_02082023,788.6 -> 571.6,24,[TG(52:5)]_FA18:1,Crude,n-7,FA18:1,TG(52:5),6,0
788.6,571.6,12.568850000000001,167.54000854492188,CrudeCanola_O3on_150gN3_02082023,788.6 -> 571.6,24,[TG(52:5)]_FA18:1,Crude,n-7,FA18:1,TG(52:5),6,0
788.6,571.6,12.585166666666668,113.90000915527344,CrudeCanola_O3on_150gN3_02082023,788.6 -> 571.6,24,[TG(52:5)]_FA18:1,Crude,n-7,FA18:1,TG(52:5),6,0
788.6,571.6,12.601466666666667,107.30001068115234,CrudeCanola_O3on_150gN3_02082023,788.6 -> 571.6,24,[TG(52:5)]_FA18:1,Crude,n-7,FA18:1,TG(52:5),6,0
788.6,571.6,12.617783333333334,121.80001068115234,CrudeCanola_O3on_150gN3_02082023,788.6 -> 571.6,24,[TG(52:5)]_FA18:1,Crude,n-7,FA18:1,TG(52:5),6,0
788.6,571.6,12.634083333333335,172.16001892089844,CrudeCanola_O3on_150gN3_02082023,788.6 -> 571.6,24,[TG(52:5)]_FA18:1,Crude,n-7,FA18:1,TG(52:5),6,0
788.6,571.6,12.650400000000001,156.4400177001953,CrudeCanola_O3on_150gN3_02082023,788.6 -> 571.6,24,[TG(52:5)]_FA18:1,Crude,n-7,FA18:1,TG(52:5),6,0
788.6,571.6,12.6667,126.82000732421875,CrudeCanola_O3on_150gN3_02082023,788.6 -> 571.6,24,[TG(52:5)]_FA18:1,Crude,n-7,FA18:1,TG(52:5),6,0
788.6,571.6,12.683,86.7800064086914,CrudeCanola_O3on_150gN3_02082023,788.6 -> 571.6,24,[TG(52:5)]_FA18:1,Crude,n-7,FA18:1,TG(52:5),6,0
788.6,571.6,12.699316666666668,136.98001098632812,CrudeCanola_O3on_150gN3_02082023,788.6 -> 571.6,24,[TG(52:5)]_FA18:1,Crude,n-7,FA18:1,TG(52:5),6,0
788.6,571.6,12.161150000000001,168.08001708984375,CrudeCanola_O3on_150gN3_02082023,788.6 -> 571.6,24,[TG(52:5)]_FA18:1,Crude,n-7,FA18:1,TG(52:5),6,0
788.6,571.6,12.177466666666668,179.24000549316406,CrudeCanola_O3on_150gN3_02082023,788.6 -> 571.6,24,[TG(52:5)]_FA18:1,Crude,n-7,FA18:1,TG(52:5),6,0
788.6,571.6,12.193766666666667,216.1000213623047,CrudeCanola_O3on_150gN3_02082023,788.6 -> 571.6,24,[TG(52:5)]_FA18:1,Crude,n-7,FA18:1,TG(52:5),6,0
788.6,571.6,12.210083333333333,221.760009765625,CrudeCanola_O3on_150gN3_02082023,788.6 -> 571.6,24,[TG(52:5)]_FA18:1,Crude,n-7,FA18:1,TG(52:5),6,0
788.6,571.6,12.226383333333334,189.54000854492188,CrudeCanola_O3on_150gN3_02082023,788.6 -> 571.6,24,[TG(52:5)]_FA18:1,Crude,n-7,FA18:1,TG(52:5),6,0
788.6,571.6,12.242700000000001,141.92001342773438,CrudeCanola_O3on_150gN3_02082023,788.6 -> 571.6,24,[TG(52:5)]_FA18:1,Crude,n-7,FA18:1,TG(52:5),6,0
788.6,571.6,12.259,108.58000946044922,CrudeCanola_O3on_150gN3_02082023,788.6 -> 571.6,24,[TG(52:5)]_FA18:1,Crude,n-7,FA18:1,TG(52:5),6,0
788.6,571.6,12.275316666666667,104.60000610351562,CrudeCanola_O3on_150gN3_02082023,788.6 -> 571.6,24,[TG(52:5)]_FA18:1,Crude,n-7,FA18:1,TG(52:5),6,0
788.6,571.6,12.291616666666668,91.2800064086914,CrudeCanola_O3on_150gN3_02082023,788.6 -> 571.6,24,[TG(52:5)]_FA18:1,Crude,n-7,FA18:1,TG(52:5),6,0
788.6,571.6,12.307933333333335,124.6600112915039,CrudeCanola_O3on_150gN3_02082023,788.6 -> 571.6,24,[TG(52:5)]_FA18:1,Crude,n-7,FA18:1,TG(52:5),6,0
788.6,571.6,12.324233333333334,141.40000915527344,CrudeCanola_O3on_150gN3_02082023,788.6 -> 571.6,24,[TG(52:5)]_FA18:1,Crude,n-7,FA18:1,TG(52:5),6,0
788.6,571.6,12.34055,219.36001586914062,CrudeCanola_O3on_150gN3_02082023,788.6 -> 571.6,24,[TG(52:5)]_FA18:1,Crude,n-7,FA18:1,TG(52:5),6,0
788.6,571.6,12.356850000000001,211.02001953125,CrudeCanola_O3on_150gN3_02082023,788.6 -> 571.6,24,[TG(52:5)]_FA18:1,Crude,n-7,FA18:1,TG(52:5),6,0
788.6,571.6,12.37315,259.7400207519531,CrudeCanola_O3on_150gN3_02082023,788.6 -> 571.6,24,[TG(52:5)]_FA18:1,Crude,n-7,FA18:1,TG(52:5),6,0
788.6,571.6,12.389466666666667,232.40000915527344,CrudeCanola_O3on_150gN3_02082023,788.6 -> 571.6,24,[TG(52:5)]_FA18:1,Crude,n-7,FA18:1,TG(52:5),6,0
788.6,571.6,12.405766666666667,333.3800354003906,CrudeCanola_O3on_150gN3_02082023,788.6 -> 571.6,24,[TG(52:5)]_FA18:1,Crude,n-7,FA18:1,TG(52:5),6,0
788.6,571.6,12.422083333333333,327.9800109863281,CrudeCanola_O3on_150gN3_02082023,788.6 -> 571.6,24,[TG(52:5)]_FA18:1,Crude,n-7,FA18:1,TG(52:5),6,0
788.6,571.6,12.438383333333334,303.6400146484375,CrudeCanola_O3on_150gN3_02082023,788.6 -> 571.6,24,[TG(52:5)]_FA18:1,Crude,n-7,FA18:1,TG(52:5),6,0
788.6,571.6,12.4547,185.2200164794922,CrudeCanola_O3on_150gN3_02082023,788.6 -> 571.6,24,[TG(52:5)]_FA18:1,Crude,n-7,FA18:1,TG(52:5),6,0
788.6,571.6,12.471,125.52001190185547,CrudeCanola_O3on_150gN3_02082023,788.6 -> 571.6,24,[TG(52:5)]_FA18:1,Crude,n-7,FA18:1,TG(52:5),6,0
788.6,571.6,12.487316666666667,153.24000549316406,CrudeCanola_O3on_150gN3_02082023,788.6 -> 571.6,24,[TG(52:5)]_FA18:1,Crude,n-7,FA18:1,TG(52:5),6,0
788.6,571.6,12.503616666666668,185.760009765625,CrudeCanola_O3on_150gN3_02082023,788.6 -> 571.6,24,[TG(52:5)]_FA18:1,Crude,n-7,FA18:1,TG(52:5),6,0
788.6,571.6,12.519933333333334,245.3400115966797,CrudeCanola_O3on_150gN3_02082023,788.6 -> 571.6,24,[TG(52:5)]_FA18:1,Crude,n-7,FA18:1,TG(52:5),6,0
788.6,571.6,12.536233333333334,237.20001220703125,CrudeCanola_O3on_150gN3_02082023,788.6 -> 571.6,24,[TG(52:5)]_FA18:1,Crude,n-7,FA18:1,TG(52:5),6,0
788.6,571.6,12.55255,230.20001220703125,CrudeCanola_O3on_150gN3_02082023,788.6 -> 571.6,24,[TG(52:5)]_FA18:1,Crude,n-7,FA18:1,TG(52:5),6,0
788.6,571.6,12.568850000000001,167.54000854492188,CrudeCanola_O3on_150gN3_02082023,788.6 -> 571.6,24,[TG(52:5)]_FA18:1,Crude,n-7,FA18:1,TG(52:5),6,0
788.6,571.6,12.585166666666668,113.90000915527344,CrudeCanola_O3on_150gN3_02082023,788.6 -> 571.6,24,[TG(52:5)]_FA18:1,Crude,n-7,FA18:1,TG(52:5),6,0
788.6,571.6,12.601466666666667,107.30001068115234,CrudeCanola_O3on_150gN3_02082023,788.6 -> 571.6,24,[TG(52:5)]_FA18:1,Crude,n-7,FA18:1,TG(52:5),6,0
788.6,571.6,12.617783333333334,121.80001068115234,CrudeCanola_O3on_150gN3_02082023,788.6 -> 571.6,24,[TG(52:5)]_FA18:1,Crude,n-7,FA18:1,TG(52:5),6,0
788.6,571.6,12.634083333333335,172.16001892089844,CrudeCanola_O3on_150gN3_02082023,788.6 -> 571.6,24,[TG(52:5)]_FA18:1,Crude,n-7,FA18:1,TG(52:5),6,0
788.6,571.6,12.650400000000001,156.4400177001953,CrudeCanola_O3on_150gN3_02082023,788.6 -> 571.6,24,[TG(52:5)]_FA18:1,Crude,n-7,FA18:1,TG(52:5),6,0
788.6,571.6,12.6667,126.82000732421875,CrudeCanola_O3on_150gN3_02082023,788.6 -> 571.6,24,[TG(52:5)]_FA18:1,Crude,n-7,FA18:1,TG(52:5),6,0
788.6,571.6,12.683,86.7800064086914,CrudeCanola_O3on_150gN3_02082023,788.6 -> 571.6,24,[TG(52:5)]_FA18:1,Crude,n-7,FA18:1,TG(52:5),6,0
788.6,571.6,12.699316666666668,136.98001098632812,CrudeCanola_O3on_150gN3_02082023,788.6 -> 571.6,24,[TG(52:5)]_FA18:1,Crude,n-7,FA18:1,TG(52:5),6,0
788.6,571.6,12.030733333333334,106.42000579833984,DegummedCanola_O3on_150gN3_02082023,788.6 -> 571.6,25,[TG(52:5)]_FA18:1,Degummed,n-7,FA18:1,TG(52:5),7,0
788.6,571.6,12.047033333333333,135.00001525878906,DegummedCanola_O3on_150gN3_02082023,788.6 -> 571.6,25,[TG(52:5)]_FA18:1,Degummed,n-7,FA18:1,TG(52:5),7,0
788.6,571.6,12.06335,119.98001098632812,DegummedCanola_O3on_150gN3_02082023,788.6 -> 571.6,25,[TG(52:5)]_FA18:1,Degummed,n-7,FA18:1,TG(52:5),7,0
788.6,571.6,12.07965,95.10000610351562,DegummedCanola_O3on_150gN3_02082023,788.6 -> 571.6,25,[TG(52:5)]_FA18:1,Degummed,n-7,FA18:1,TG(52:5),7,0
788.6,571.6,12.095966666666667,65.12000274658203,DegummedCanola_O3on_150gN3_02082023,788.6 -> 571.6,25,[TG(52:5)]_FA18:1,Degummed,n-7,FA18:1,TG(52:5),7,0
788.6,571.6,12.112266666666667,80.30000305175781,DegummedCanola_O3on_150gN3_02082023,788.6 -> 571.6,25,[TG(52:5)]_FA18:1,Degummed,n-7,FA18:1,TG(52:5),7,0
788.6,571.6,12.128566666666668,94.260009765625,DegummedCanola_O3on_150gN3_02082023,788.6 -> 571.6,25,[TG(52:5)]_FA18:1,Degummed,n-7,FA18:1,TG(52:5),7,0
788.6,571.6,12.144883333333334,126.7800064086914,DegummedCanola_O3on_150gN3_02082023,788.6 -> 571.6,25,[TG(52:5)]_FA18:1,Degummed,n-7,FA18:1,TG(52:5),7,0
788.6,571.6,12.161183333333334,139.2200164794922,DegummedCanola_O3on_150gN3_02082023,788.6 -> 571.6,25,[TG(52:5)]_FA18:1,Degummed,n-7,FA18:1,TG(52:5),7,0
788.6,571.6,12.1775,148.8800048828125,DegummedCanola_O3on_150gN3_02082023,788.6 -> 571.6,25,[TG(52:5)]_FA18:1,Degummed,n-7,FA18:1,TG(52:5),7,0
788.6,571.6,12.193800000000001,129.8000030517578,DegummedCanola_O3on_150gN3_02082023,788.6 -> 571.6,25,[TG(52:5)]_FA18:1,Degummed,n-7,FA18:1,TG(52:5),7,0
788.6,571.6,12.210116666666668,112.3800048828125,DegummedCanola_O3on_150gN3_02082023,788.6 -> 571.6,25,[TG(52:5)]_FA18:1,Degummed,n-7,FA18:1,TG(52:5),7,0
788.6,571.6,12.226416666666667,91.50000762939453,DegummedCanola_O3on_150gN3_02082023,788.6 -> 571.6,25,[TG(52:5)]_FA18:1,Degummed,n-7,FA18:1,TG(52:5),7,0
788.6,571.6,12.242733333333334,88.64000701904297,DegummedCanola_O3on_150gN3_02082023,788.6 -> 571.6,25,[TG(52:5)]_FA18:1,Degummed,n-7,FA18:1,TG(52:5),7,0
788.6,571.6,12.259033333333335,138.760009765625,DegummedCanola_O3on_150gN3_02082023,788.6 -> 571.6,25,[TG(52:5)]_FA18:1,Degummed,n-7,FA18:1,TG(52:5),7,0
788.6,571.6,12.275350000000001,201.9400177001953,DegummedCanola_O3on_150gN3_02082023,788.6 -> 571.6,25,[TG(52:5)]_FA18:1,Degummed,n-7,FA18:1,TG(52:5),7,0
788.6,571.6,12.29165,250.52001953125,DegummedCanola_O3on_150gN3_02082023,788.6 -> 571.6,25,[TG(52:5)]_FA18:1,Degummed,n-7,FA18:1,TG(52:5),7,0
788.6,571.6,12.307966666666667,218.78001403808594,DegummedCanola_O3on_150gN3_02082023,788.6 -> 571.6,25,[TG(52:5)]_FA18:1,Degummed,n-7,FA18:1,TG(52:5),7,0
788.6,571.6,12.324266666666666,156.62001037597656,DegummedCanola_O3on_150gN3_02082023,788.6 -> 571.6,25,[TG(52:5)]_FA18:1,Degummed,n-7,FA18:1,TG(52:5),7,0
788.6,571.6,12.340583333333335,140.04000854492188,DegummedCanola_O3on_150gN3_02082023,788.6 -> 571.6,25,[TG(52:5)]_FA18:1,Degummed,n-7,FA18:1,TG(52:5),7,0
788.6,571.6,12.356883333333334,195.70001220703125,DegummedCanola_O3on_150gN3_02082023,788.6 -> 571.6,25,[TG(52:5)]_FA18:1,Degummed,n-7,FA18:1,TG(52:5),7,0
788.6,571.6,12.3732,220.5600128173828,DegummedCanola_O3on_150gN3_02082023,788.6 -> 571.6,25,[TG(52:5)]_FA18:1,Degummed,n-7,FA18:1,TG(52:5),7,0
788.6,571.6,12.3895,192.4600067138672,DegummedCanola_O3on_150gN3_02082023,788.6 -> 571.6,25,[TG(52:5)]_FA18:1,Degummed,n-7,FA18:1,TG(52:5),7,0
788.6,571.6,12.405816666666666,137.28001403808594,DegummedCanola_O3on_150gN3_02082023,788.6 -> 571.6,25,[TG(52:5)]_FA18:1,Degummed,n-7,FA18:1,TG(52:5),7,0
788.6,571.6,12.422116666666668,142.48001098632812,DegummedCanola_O3on_150gN3_02082023,788.6 -> 571.6,25,[TG(52:5)]_FA18:1,Degummed,n-7,FA18:1,TG(52:5),7,0
788.6,571.6,12.438416666666667,126.00000762939453,DegummedCanola_O3on_150gN3_02082023,788.6 -> 571.6,25,[TG(52:5)]_FA18:1,Degummed,n-7,FA18:1,TG(52:5),7,0
788.6,571.6,12.454733333333333,158.00001525878906,DegummedCanola_O3on_150gN3_02082023,788.6 -> 571.6,25,[TG(52:5)]_FA18:1,Degummed,n-7,FA18:1,TG(52:5),7,0
788.6,571.6,12.471033333333335,210.1000213623047,DegummedCanola_O3on_150gN3_02082023,788.6 -> 571.6,25,[TG(52:5)]_FA18:1,Degummed,n-7,FA18:1,TG(52:5),7,0
788.6,571.6,12.487350000000001,236.74002075195312,DegummedCanola_O3on_150gN3_02082023,788.6 -> 571.6,25,[TG(52:5)]_FA18:1,Degummed,n-7,FA18:1,TG(52:5),7,0
788.6,571.6,12.50365,199.62001037597656,DegummedCanola_O3on_150gN3_02082023,788.6 -> 571.6,25,[TG(52:5)]_FA18:1,Degummed,n-7,FA18:1,TG(52:5),7,0
788.6,571.6,12.519966666666667,138.98001098632812,DegummedCanola_O3on_150gN3_02082023,788.6 -> 571.6,25,[TG(52:5)]_FA18:1,Degummed,n-7,FA18:1,TG(52:5),7,0
788.6,571.6,12.536266666666668,169.42001342773438,DegummedCanola_O3on_150gN3_02082023,788.6 -> 571.6,25,[TG(52:5)]_FA18:1,Degummed,n-7,FA18:1,TG(52:5),7,0
788.6,571.6,12.552583333333335,164.5600128173828,DegummedCanola_O3on_150gN3_02082023,788.6 -> 571.6,25,[TG(52:5)]_FA18:1,Degummed,n-7,FA18:1,TG(52:5),7,0
788.6,571.6,12.568883333333334,178.66001892089844,DegummedCanola_O3on_150gN3_02082023,788.6 -> 571.6,25,[TG(52:5)]_FA18:1,Degummed,n-7,FA18:1,TG(52:5),7,0
788.6,571.6,12.030733333333334,106.42000579833984,DegummedCanola_O3on_150gN3_02082023,788.6 -> 571.6,25,[TG(52:5)]_FA18:1,Degummed,n-7,FA18:1,TG(52:5),7,0
788.6,571.6,12.047033333333333,135.00001525878906,DegummedCanola_O3on_150gN3_02082023,788.6 -> 571.6,25,[TG(52:5)]_FA18:1,Degummed,n-7,FA18:1,TG(52:5),7,0
788.6,571.6,12.06335,119.98001098632812,DegummedCanola_O3on_150gN3_02082023,788.6 -> 571.6,25,[TG(52:5)]_FA18:1,Degummed,n-7,FA18:1,TG(52:5),7,0
788.6,571.6,12.07965,95.10000610351562,DegummedCanola_O3on_150gN3_02082023,788.6 -> 571.6,25,[TG(52:5)]_FA18:1,Degummed,n-7,FA18:1,TG(52:5),7,0
788.6,571.6,12.095966666666667,65.12000274658203,DegummedCanola_O3on_150gN3_02082023,788.6 -> 571.6,25,[TG(52:5)]_FA18:1,Degummed,n-7,FA18:1,TG(52:5),7,0
788.6,571.6,12.112266666666667,80.30000305175781,DegummedCanola_O3on_150gN3_02082023,788.6 -> 571.6,25,[TG(52:5)]_FA18:1,Degummed,n-7,FA18:1,TG(52:5),7,0
788.6,571.6,12.128566666666668,94.260009765625,DegummedCanola_O3on_150gN3_02082023,788.6 -> 571.6,25,[TG(52:5)]_FA18:1,Degummed,n-7,FA18:1,TG(52:5),7,0
788.6,571.6,12.144883333333334,126.7800064086914,DegummedCanola_O3on_150gN3_02082023,788.6 -> 571.6,25,[TG(52:5)]_FA18:1,Degummed,n-7,FA18:1,TG(52:5),7,0
788.6,571.6,12.161183333333334,139.2200164794922,DegummedCanola_O3on_150gN3_02082023,788.6 -> 571.6,25,[TG(52:5)]_FA18:1,Degummed,n-7,FA18:1,TG(52:5),7,0
788.6,571.6,12.1775,148.8800048828125,DegummedCanola_O3on_150gN3_02082023,788.6 -> 571.6,25,[TG(52:5)]_FA18:1,Degummed,n-7,FA18:1,TG(52:5),7,0
788.6,571.6,12.193800000000001,129.8000030517578,DegummedCanola_O3on_150gN3_02082023,788.6 -> 571.6,25,[TG(52:5)]_FA18:1,Degummed,n-7,FA18:1,TG(52:5),7,0
788.6,571.6,12.210116666666668,112.3800048828125,DegummedCanola_O3on_150gN3_02082023,788.6 -> 571.6,25,[TG(52:5)]_FA18:1,Degummed,n-7,FA18:1,TG(52:5),7,0
788.6,571.6,12.226416666666667,91.50000762939453,DegummedCanola_O3on_150gN3_02082023,788.6 -> 571.6,25,[TG(52:5)]_FA18:1,Degummed,n-7,FA18:1,TG(52:5),7,0
788.6,571.6,12.242733333333334,88.64000701904297,DegummedCanola_O3on_150gN3_02082023,788.6 -> 571.6,25,[TG(52:5)]_FA18:1,Degummed,n-7,FA18:1,TG(52:5),7,0
788.6,571.6,12.259033333333335,138.760009765625,DegummedCanola_O3on_150gN3_02082023,788.6 -> 571.6,25,[TG(52:5)]_FA18:1,Degummed,n-7,FA18:1,TG(52:5),7,0
788.6,571.6,12.275350000000001,201.9400177001953,DegummedCanola_O3on_150gN3_02082023,788.6 -> 571.6,25,[TG(52:5)]_FA18:1,Degummed,n-7,FA18:1,TG(52:5),7,0
788.6,571.6,12.29165,250.52001953125,DegummedCanola_O3on_150gN3_02082023,788.6 -> 571.6,25,[TG(52:5)]_FA18:1,Degummed,n-7,FA18:1,TG(52:5),7,0
788.6,571.6,12.307966666666667,218.78001403808594,DegummedCanola_O3on_150gN3_02082023,788.6 -> 571.6,25,[TG(52:5)]_FA18:1,Degummed,n-7,FA18:1,TG(52:5),7,0
788.6,571.6,12.324266666666666,156.62001037597656,DegummedCanola_O3on_150gN3_02082023,788.6 -> 571.6,25,[TG(52:5)]_FA18:1,Degummed,n-7,FA18:1,TG(52:5),7,0
788.6,571.6,12.340583333333335,140.04000854492188,DegummedCanola_O3on_150gN3_02082023,788.6 -> 571.6,25,[TG(52:5)]_FA18:1,Degummed,n-7,FA18:1,TG(52:5),7,0
788.6,571.6,12.356883333333334,195.70001220703125,DegummedCanola_O3on_150gN3_02082023,788.6 -> 571.6,25,[TG(52:5)]_FA18:1,Degummed,n-7,FA18:1,TG(52:5),7,0
788.6,571.6,12.3732,220.5600128173828,DegummedCanola_O3on_150gN3_02082023,788.6 -> 571.6,25,[TG(52:5)]_FA18:1,Degummed,n-7,FA18:1,TG(52:5),7,0
788.6,571.6,12.3895,192.4600067138672,DegummedCanola_O3on_150gN3_02082023,788.6 -> 571.6,25,[TG(52:5)]_FA18:1,Degummed,n-7,FA18:1,TG(52:5),7,0
788.6,571.6,12.405816666666666,137.28001403808594,DegummedCanola_O3on_150gN3_02082023,788.6 -> 571.6,25,[TG(52:5)]_FA18:1,Degummed,n-7,FA18:1,TG(52:5),7,0
788.6,571.6,12.422116666666668,142.48001098632812,DegummedCanola_O3on_150gN3_02082023,788.6 -> 571.6,25,[TG(52:5)]_FA18:1,Degummed,n-7,FA18:1,TG(52:5),7,0
788.6,571.6,12.438416666666667,126.00000762939453,DegummedCanola_O3on_150gN3_02082023,788.6 -> 571.6,25,[TG(52:5)]_FA18:1,Degummed,n-7,FA18:1,TG(52:5),7,0
788.6,571.6,12.454733333333333,158.00001525878906,DegummedCanola_O3on_150gN3_02082023,788.6 -> 571.6,25,[TG(52:5)]_FA18:1,Degummed,n-7,FA18:1,TG(52:5),7,0
788.6,571.6,12.471033333333335,210.1000213623047,DegummedCanola_O3on_150gN3_02082023,788.6 -> 571.6,25,[TG(52:5)]_FA18:1,Degummed,n-7,FA18:1,TG(52:5),7,0
788.6,571.6,12.487350000000001,236.74002075195312,DegummedCanola_O3on_150gN3_02082023,788.6 -> 571.6,25,[TG(52:5)]_FA18:1,Degummed,n-7,FA18:1,TG(52:5),7,0
788.6,571.6,12.50365,199.62001037597656,DegummedCanola_O3on_150gN3_02082023,788.6 -> 571.6,25,[TG(52:5)]_FA18:1,Degummed,n-7,FA18:1,TG(52:5),7,0
788.6,571.6,12.519966666666667,138.98001098632812,DegummedCanola_O3on_150gN3_02082023,788.6 -> 571.6,25,[TG(52:5)]_FA18:1,Degummed,n-7,FA18:1,TG(52:5),7,0
788.6,571.6,12.536266666666668,169.42001342773438,DegummedCanola_O3on_150gN3_02082023,788.6 -> 571.6,25,[TG(52:5)]_FA18:1,Degummed,n-7,FA18:1,TG(52:5),7,0
788.6,571.6,12.552583333333335,164.5600128173828,DegummedCanola_O3on_150gN3_02082023,788.6 -> 571.6,25,[TG(52:5)]_FA18:1,Degummed,n-7,FA18:1,TG(52:5),7,0
788.6,571.6,12.568883333333334,178.66001892089844,DegummedCanola_O3on_150gN3_02082023,788.6 -> 571.6,25,[TG(52:5)]_FA18:1,Degummed,n-7,FA18:1,TG(52:5),7,0
788.6,571.6,12.161166666666666,147.16000366210938,RBDCanola_O3on_150gN3_02082023,788.6 -> 571.6,26,[TG(52:5)]_FA18:1,RBD,n-7,FA18:1,TG(52:5),8,0
788.6,571.6,12.177466666666668,132.54000854492188,RBDCanola_O3on_150gN3_02082023,788.6 -> 571.6,26,[TG(52:5)]_FA18:1,RBD,n-7,FA18:1,TG(52:5),8,0
788.6,571.6,12.193783333333334,143.0600128173828,RBDCanola_O3on_150gN3_02082023,788.6 -> 571.6,26,[TG(52:5)]_FA18:1,RBD,n-7,FA18:1,TG(52:5),8,0
788.6,571.6,12.210083333333333,126.90000915527344,RBDCanola_O3on_150gN3_02082023,788.6 -> 571.6,26,[TG(52:5)]_FA18:1,RBD,n-7,FA18:1,TG(52:5),8,0
788.6,571.6,12.2264,148.6400146484375,RBDCanola_O3on_150gN3_02082023,788.6 -> 571.6,26,[TG(52:5)]_FA18:1,RBD,n-7,FA18:1,TG(52:5),8,0
788.6,571.6,12.242700000000001,129.6800079345703,RBDCanola_O3on_150gN3_02082023,788.6 -> 571.6,26,[TG(52:5)]_FA18:1,RBD,n-7,FA18:1,TG(52:5),8,0
788.6,571.6,12.259016666666668,118.3800048828125,RBDCanola_O3on_150gN3_02082023,788.6 -> 571.6,26,[TG(52:5)]_FA18:1,RBD,n-7,FA18:1,TG(52:5),8,0
788.6,571.6,12.275316666666667,87.260009765625,RBDCanola_O3on_150gN3_02082023,788.6 -> 571.6,26,[TG(52:5)]_FA18:1,RBD,n-7,FA18:1,TG(52:5),8,0
788.6,571.6,12.291633333333333,108.760009765625,RBDCanola_O3on_150gN3_02082023,788.6 -> 571.6,26,[TG(52:5)]_FA18:1,RBD,n-7,FA18:1,TG(52:5),8,0
788.6,571.6,12.307933333333335,99.44001007080078,RBDCanola_O3on_150gN3_02082023,788.6 -> 571.6,26,[TG(52:5)]_FA18:1,RBD,n-7,FA18:1,TG(52:5),8,0
788.6,571.6,12.324250000000001,138.32000732421875,RBDCanola_O3on_150gN3_02082023,788.6 -> 571.6,26,[TG(52:5)]_FA18:1,RBD,n-7,FA18:1,TG(52:5),8,0
788.6,571.6,12.34055,155.1400146484375,RBDCanola_O3on_150gN3_02082023,788.6 -> 571.6,26,[TG(52:5)]_FA18:1,RBD,n-7,FA18:1,TG(52:5),8,0
788.6,571.6,12.356866666666667,176.98001098632812,RBDCanola_O3on_150gN3_02082023,788.6 -> 571.6,26,[TG(52:5)]_FA18:1,RBD,n-7,FA18:1,TG(52:5),8,0
788.6,571.6,12.373166666666668,154.60000610351562,RBDCanola_O3on_150gN3_02082023,788.6 -> 571.6,26,[TG(52:5)]_FA18:1,RBD,n-7,FA18:1,TG(52:5),8,0
788.6,571.6,12.389483333333335,167.16001892089844,RBDCanola_O3on_150gN3_02082023,788.6 -> 571.6,26,[TG(52:5)]_FA18:1,RBD,n-7,FA18:1,TG(52:5),8,0
788.6,571.6,12.405783333333334,183.60000610351562,RBDCanola_O3on_150gN3_02082023,788.6 -> 571.6,26,[TG(52:5)]_FA18:1,RBD,n-7,FA18:1,TG(52:5),8,0
788.6,571.6,12.4221,187.00001525878906,RBDCanola_O3on_150gN3_02082023,788.6 -> 571.6,26,[TG(52:5)]_FA18:1,RBD,n-7,FA18:1,TG(52:5),8,0
788.6,571.6,12.438400000000001,180.7200164794922,RBDCanola_O3on_150gN3_02082023,788.6 -> 571.6,26,[TG(52:5)]_FA18:1,RBD,n-7,FA18:1,TG(52:5),8,0
788.6,571.6,12.454716666666668,208.260009765625,RBDCanola_O3on_150gN3_02082023,788.6 -> 571.6,26,[TG(52:5)]_FA18:1,RBD,n-7,FA18:1,TG(52:5),8,0
788.6,571.6,12.471016666666667,234.02001953125,RBDCanola_O3on_150gN3_02082023,788.6 -> 571.6,26,[TG(52:5)]_FA18:1,RBD,n-7,FA18:1,TG(52:5),8,0
788.6,571.6,12.487333333333334,228.50001525878906,RBDCanola_O3on_150gN3_02082023,788.6 -> 571.6,26,[TG(52:5)]_FA18:1,RBD,n-7,FA18:1,TG(52:5),8,0
788.6,571.6,12.503633333333333,170.10000610351562,RBDCanola_O3on_150gN3_02082023,788.6 -> 571.6,26,[TG(52:5)]_FA18:1,RBD,n-7,FA18:1,TG(52:5),8,0
788.6,571.6,12.519950000000001,102.70000457763672,RBDCanola_O3on_150gN3_02082023,788.6 -> 571.6,26,[TG(52:5)]_FA18:1,RBD,n-7,FA18:1,TG(52:5),8,0
788.6,571.6,12.53625,65.92000579833984,RBDCanola_O3on_150gN3_02082023,788.6 -> 571.6,26,[TG(52:5)]_FA18:1,RBD,n-7,FA18:1,TG(52:5),8,0
788.6,571.6,12.552566666666667,129.8400115966797,RBDCanola_O3on_150gN3_02082023,788.6 -> 571.6,26,[TG(52:5)]_FA18:1,RBD,n-7,FA18:1,TG(52:5),8,0
788.6,571.6,12.568866666666667,157.24000549316406,RBDCanola_O3on_150gN3_02082023,788.6 -> 571.6,26,[TG(52:5)]_FA18:1,RBD,n-7,FA18:1,TG(52:5),8,0
788.6,571.6,12.585183333333333,138.86001586914062,RBDCanola_O3on_150gN3_02082023,788.6 -> 571.6,26,[TG(52:5)]_FA18:1,RBD,n-7,FA18:1,TG(52:5),8,0
788.6,571.6,12.601483333333334,126.32000732421875,RBDCanola_O3on_150gN3_02082023,788.6 -> 571.6,26,[TG(52:5)]_FA18:1,RBD,n-7,FA18:1,TG(52:5),8,0
788.6,571.6,12.617783333333334,161.04000854492188,RBDCanola_O3on_150gN3_02082023,788.6 -> 571.6,26,[TG(52:5)]_FA18:1,RBD,n-7,FA18:1,TG(52:5),8,0
788.6,571.6,12.6341,177.16001892089844,RBDCanola_O3on_150gN3_02082023,788.6 -> 571.6,26,[TG(52:5)]_FA18:1,RBD,n-7,FA18:1,TG(52:5),8,0
788.6,571.6,12.650400000000001,144.3400115966797,RBDCanola_O3on_150gN3_02082023,788.6 -> 571.6,26,[TG(52:5)]_FA18:1,RBD,n-7,FA18:1,TG(52:5),8,0
788.6,571.6,12.666716666666668,149.74000549316406,RBDCanola_O3on_150gN3_02082023,788.6 -> 571.6,26,[TG(52:5)]_FA18:1,RBD,n-7,FA18:1,TG(52:5),8,0
788.6,571.6,12.683016666666667,208.7200164794922,RBDCanola_O3on_150gN3_02082023,788.6 -> 571.6,26,[TG(52:5)]_FA18:1,RBD,n-7,FA18:1,TG(52:5),8,0
788.6,571.6,12.699333333333334,202.90000915527344,RBDCanola_O3on_150gN3_02082023,788.6 -> 571.6,26,[TG(52:5)]_FA18:1,RBD,n-7,FA18:1,TG(52:5),8,0
788.6,571.6,12.161166666666666,147.16000366210938,RBDCanola_O3on_150gN3_02082023,788.6 -> 571.6,26,[TG(52:5)]_FA18:1,RBD,n-7,FA18:1,TG(52:5),8,0
788.6,571.6,12.177466666666668,132.54000854492188,RBDCanola_O3on_150gN3_02082023,788.6 -> 571.6,26,[TG(52:5)]_FA18:1,RBD,n-7,FA18:1,TG(52:5),8,0
788.6,571.6,12.193783333333334,143.0600128173828,RBDCanola_O3on_150gN3_02082023,788.6 -> 571.6,26,[TG(52:5)]_FA18:1,RBD,n-7,FA18:1,TG(52:5),8,0
788.6,571.6,12.210083333333333,126.90000915527344,RBDCanola_O3on_150gN3_02082023,788.6 -> 571.6,26,[TG(52:5)]_FA18:1,RBD,n-7,FA18:1,TG(52:5),8,0
788.6,571.6,12.2264,148.6400146484375,RBDCanola_O3on_150gN3_02082023,788.6 -> 571.6,26,[TG(52:5)]_FA18:1,RBD,n-7,FA18:1,TG(52:5),8,0
788.6,571.6,12.242700000000001,129.6800079345703,RBDCanola_O3on_150gN3_02082023,788.6 -> 571.6,26,[TG(52:5)]_FA18:1,RBD,n-7,FA18:1,TG(52:5),8,0
788.6,571.6,12.259016666666668,118.3800048828125,RBDCanola_O3on_150gN3_02082023,788.6 -> 571.6,26,[TG(52:5)]_FA18:1,RBD,n-7,FA18:1,TG(52:5),8,0
788.6,571.6,12.275316666666667,87.260009765625,RBDCanola_O3on_150gN3_02082023,788.6 -> 571.6,26,[TG(52:5)]_FA18:1,RBD,n-7,FA18:1,TG(52:5),8,0
788.6,571.6,12.291633333333333,108.760009765625,RBDCanola_O3on_150gN3_02082023,788.6 -> 571.6,26,[TG(52:5)]_FA18:1,RBD,n-7,FA18:1,TG(52:5),8,0
788.6,571.6,12.307933333333335,99.44001007080078,RBDCanola_O3on_150gN3_02082023,788.6 -> 571.6,26,[TG(52:5)]_FA18:1,RBD,n-7,FA18:1,TG(52:5),8,0
788.6,571.6,12.324250000000001,138.32000732421875,RBDCanola_O3on_150gN3_02082023,788.6 -> 571.6,26,[TG(52:5)]_FA18:1,RBD,n-7,FA18:1,TG(52:5),8,0
788.6,571.6,12.34055,155.1400146484375,RBDCanola_O3on_150gN3_02082023,788.6 -> 571.6,26,[TG(52:5)]_FA18:1,RBD,n-7,FA18:1,TG(52:5),8,0
788.6,571.6,12.356866666666667,176.98001098632812,RBDCanola_O3on_150gN3_02082023,788.6 -> 571.6,26,[TG(52:5)]_FA18:1,RBD,n-7,FA18:1,TG(52:5),8,0
788.6,571.6,12.373166666666668,154.60000610351562,RBDCanola_O3on_150gN3_02082023,788.6 -> 571.6,26,[TG(52:5)]_FA18:1,RBD,n-7,FA18:1,TG(52:5),8,0
788.6,571.6,12.389483333333335,167.16001892089844,RBDCanola_O3on_150gN3_02082023,788.6 -> 571.6,26,[TG(52:5)]_FA18:1,RBD,n-7,FA18:1,TG(52:5),8,0
788.6,571.6,12.405783333333334,183.60000610351562,RBDCanola_O3on_150gN3_02082023,788.6 -> 571.6,26,[TG(52:5)]_FA18:1,RBD,n-7,FA18:1,TG(52:5),8,0
788.6,571.6,12.4221,187.00001525878906,RBDCanola_O3on_150gN3_02082023,788.6 -> 571.6,26,[TG(52:5)]_FA18:1,RBD,n-7,FA18:1,TG(52:5),8,0
788.6,571.6,12.438400000000001,180.7200164794922,RBDCanola_O3on_150gN3_02082023,788.6 -> 571.6,26,[TG(52:5)]_FA18:1,RBD,n-7,FA18:1,TG(52:5),8,0
788.6,571.6,12.454716666666668,208.260009765625,RBDCanola_O3on_150gN3_02082023,788.6 -> 571.6,26,[TG(52:5)]_FA18:1,RBD,n-7,FA18:1,TG(52:5),8,0
788.6,571.6,12.471016666666667,234.02001953125,RBDCanola_O3on_150gN3_02082023,788.6 -> 571.6,26,[TG(52:5)]_FA18:1,RBD,n-7,FA18:1,TG(52:5),8,0
788.6,571.6,12.487333333333334,228.50001525878906,RBDCanola_O3on_150gN3_02082023,788.6 -> 571.6,26,[TG(52:5)]_FA18:1,RBD,n-7,FA18:1,TG(52:5),8,0
788.6,571.6,12.503633333333333,170.10000610351562,RBDCanola_O3on_150gN3_02082023,788.6 -> 571.6,26,[TG(52:5)]_FA18:1,RBD,n-7,FA18:1,TG(52:5),8,0
788.6,571.6,12.519950000000001,102.70000457763672,RBDCanola_O3on_150gN3_02082023,788.6 -> 571.6,26,[TG(52:5)]_FA18:1,RBD,n-7,FA18:1,TG(52:5),8,0
788.6,571.6,12.53625,65.92000579833984,RBDCanola_O3on_150gN3_02082023,788.6 -> 571.6,26,[TG(52:5)]_FA18:1,RBD,n-7,FA18:1,TG(52:5),8,0
788.6,571.6,12.552566666666667,129.8400115966797,RBDCanola_O3on_150gN3_02082023,788.6 -> 571.6,26,[TG(52:5)]_FA18:1,RBD,n-7,FA18:1,TG(52:5),8,0
788.6,571.6,12.568866666666667,157.24000549316406,RBDCanola_O3on_150gN3_02082023,788.6 -> 571.6,26,[TG(52:5)]_FA18:1,RBD,n-7,FA18:1,TG(52:5),8,0
788.6,571.6,12.585183333333333,138.86001586914062,RBDCanola_O3on_150gN3_02082023,788.6 -> 571.6,26,[TG(52:5)]_FA18:1,RBD,n-7,FA18:1,TG(52:5),8,0
788.6,571.6,12.601483333333334,126.32000732421875,RBDCanola_O3on_150gN3_02082023,788.6 -> 571.6,26,[TG(52:5)]_FA18:1,RBD,n-7,FA18:1,TG(52:5),8,0
788.6,571.6,12.617783333333334,161.04000854492188,RBDCanola_O3on_150gN3_02082023,788.6 -> 571.6,26,[TG(52:5)]_FA18:1,RBD,n-7,FA18:1,TG(52:5),8,0
788.6,571.6,12.6341,177.16001892089844,RBDCanola_O3on_150gN3_02082023,788.6 -> 571.6,26,[TG(52:5)]_FA18:1,RBD,n-7,FA18:1,TG(52:5),8,0
788.6,571.6,12.650400000000001,144.3400115966797,RBDCanola_O3on_150gN3_02082023,788.6 -> 571.6,26,[TG(52:5)]_FA18:1,RBD,n-7,FA18:1,TG(52:5),8,0
788.6,571.6,12.666716666666668,149.74000549316406,RBDCanola_O3on_150gN3_02082023,788.6 -> 571.6,26,[TG(52:5)]_FA18:1,RBD,n-7,FA18:1,TG(52:5),8,0
788.6,571.6,12.683016666666667,208.7200164794922,RBDCanola_O3on_150gN3_02082023,788.6 -> 571.6,26,[TG(52:5)]_FA18:1,RBD,n-7,FA18:1,TG(52:5),8,0
788.6,571.6,12.699333333333334,202.90000915527344,RBDCanola_O3on_150gN3_02082023,788.6 -> 571.6,26,[TG(52:5)]_FA18:1,RBD,n-7,FA18:1,TG(52:5),8,0
760.6,571.6,12.165316666666667,211.8400115966797,CrudeCanola_O3on_150gN3_02082023,760.6 -> 571.6,0,[TG(52:5)]_FA18:1,Crude,n-9,FA18:1,TG(52:5),9,0
760.6,571.6,12.181633333333334,143.8400115966797,CrudeCanola_O3on_150gN3_02082023,760.6 -> 571.6,0,[TG(52:5)]_FA18:1,Crude,n-9,FA18:1,TG(52:5),9,0
760.6,571.6,12.197933333333333,114.08000946044922,CrudeCanola_O3on_150gN3_02082023,760.6 -> 571.6,0,[TG(52:5)]_FA18:1,Crude,n-9,FA18:1,TG(52:5),9,0
760.6,571.6,12.21425,131.5600128173828,CrudeCanola_O3on_150gN3_02082023,760.6 -> 571.6,0,[TG(52:5)]_FA18:1,Crude,n-9,FA18:1,TG(52:5),9,0
760.6,571.6,12.230550000000001,191.32000732421875,CrudeCanola_O3on_150gN3_02082023,760.6 -> 571.6,0,[TG(52:5)]_FA18:1,Crude,n-9,FA18:1,TG(52:5),9,0
760.6,571.6,12.246866666666667,275.6200256347656,CrudeCanola_O3on_150gN3_02082023,760.6 -> 571.6,0,[TG(52:5)]_FA18:1,Crude,n-9,FA18:1,TG(52:5),9,0
760.6,571.6,12.263166666666667,294.52001953125,CrudeCanola_O3on_150gN3_02082023,760.6 -> 571.6,0,[TG(52:5)]_FA18:1,Crude,n-9,FA18:1,TG(52:5),9,0
760.6,571.6,12.279483333333333,285.4000244140625,CrudeCanola_O3on_150gN3_02082023,760.6 -> 571.6,0,[TG(52:5)]_FA18:1,Crude,n-9,FA18:1,TG(52:5),9,0
760.6,571.6,12.295783333333334,254.0600128173828,CrudeCanola_O3on_150gN3_02082023,760.6 -> 571.6,0,[TG(52:5)]_FA18:1,Crude,n-9,FA18:1,TG(52:5),9,0
760.6,571.6,12.312100000000001,238.2200164794922,CrudeCanola_O3on_150gN3_02082023,760.6 -> 571.6,0,[TG(52:5)]_FA18:1,Crude,n-9,FA18:1,TG(52:5),9,0
760.6,571.6,12.3284,248.00001525878906,CrudeCanola_O3on_150gN3_02082023,760.6 -> 571.6,0,[TG(52:5)]_FA18:1,Crude,n-9,FA18:1,TG(52:5),9,0
760.6,571.6,12.344716666666667,252.5600128173828,CrudeCanola_O3on_150gN3_02082023,760.6 -> 571.6,0,[TG(52:5)]_FA18:1,Crude,n-9,FA18:1,TG(52:5),9,0
760.6,571.6,12.361016666666668,301.1400146484375,CrudeCanola_O3on_150gN3_02082023,760.6 -> 571.6,0,[TG(52:5)]_FA18:1,Crude,n-9,FA18:1,TG(52:5),9,0
760.6,571.6,12.377333333333334,325.08001708984375,CrudeCanola_O3on_150gN3_02082023,760.6 -> 571.6,0,[TG(52:5)]_FA18:1,Crude,n-9,FA18:1,TG(52:5),9,0
760.6,571.6,12.393633333333334,572.1200561523438,CrudeCanola_O3on_150gN3_02082023,760.6 -> 571.6,0,[TG(52:5)]_FA18:1,Crude,n-9,FA18:1,TG(52:5),9,0
760.6,571.6,12.40995,578.52001953125,CrudeCanola_O3on_150gN3_02082023,760.6 -> 571.6,0,[TG(52:5)]_FA18:1,Crude,n-9,FA18:1,TG(52:5),9,0
760.6,571.6,12.426250000000001,569.6600341796875,CrudeCanola_O3on_150gN3_02082023,760.6 -> 571.6,0,[TG(52:5)]_FA18:1,Crude,n-9,FA18:1,TG(52:5),9,0
760.6,571.6,12.442566666666668,298.760009765625,CrudeCanola_O3on_150gN3_02082023,760.6 -> 571.6,0,[TG(52:5)]_FA18:1,Crude,n-9,FA18:1,TG(52:5),9,0
760.6,571.6,12.458866666666667,317.5600280761719,CrudeCanola_O3on_150gN3_02082023,760.6 -> 571.6,0,[TG(52:5)]_FA18:1,Crude,n-9,FA18:1,TG(52:5),9,0
760.6,571.6,12.475166666666667,271.52001953125,CrudeCanola_O3on_150gN3_02082023,760.6 -> 571.6,0,[TG(52:5)]_FA18:1,Crude,n-9,FA18:1,TG(52:5),9,0
760.6,571.6,12.491483333333333,300.1200256347656,CrudeCanola_O3on_150gN3_02082023,760.6 -> 571.6,0,[TG(52:5)]_FA18:1,Crude,n-9,FA18:1,TG(52:5),9,0
760.6,571.6,12.507783333333334,238.16001892089844,CrudeCanola_O3on_150gN3_02082023,760.6 -> 571.6,0,[TG(52:5)]_FA18:1,Crude,n-9,FA18:1,TG(52:5),9,0
760.6,571.6,12.5241,244.3400115966797,CrudeCanola_O3on_150gN3_02082023,760.6 -> 571.6,0,[TG(52:5)]_FA18:1,Crude,n-9,FA18:1,TG(52:5),9,0
760.6,571.6,12.5404,229.96002197265625,CrudeCanola_O3on_150gN3_02082023,760.6 -> 571.6,0,[TG(52:5)]_FA18:1,Crude,n-9,FA18:1,TG(52:5),9,0
760.6,571.6,12.556716666666667,263.8000183105469,CrudeCanola_O3on_150gN3_02082023,760.6 -> 571.6,0,[TG(52:5)]_FA18:1,Crude,n-9,FA18:1,TG(52:5),9,0
760.6,571.6,12.573016666666668,273.6400146484375,CrudeCanola_O3on_150gN3_02082023,760.6 -> 571.6,0,[TG(52:5)]_FA18:1,Crude,n-9,FA18:1,TG(52:5),9,0
760.6,571.6,12.589333333333334,256.5600280761719,CrudeCanola_O3on_150gN3_02082023,760.6 -> 571.6,0,[TG(52:5)]_FA18:1,Crude,n-9,FA18:1,TG(52:5),9,0
760.6,571.6,12.605633333333333,186.80001831054688,CrudeCanola_O3on_150gN3_02082023,760.6 -> 571.6,0,[TG(52:5)]_FA18:1,Crude,n-9,FA18:1,TG(52:5),9,0
760.6,571.6,12.62195,108.46000671386719,CrudeCanola_O3on_150gN3_02082023,760.6 -> 571.6,0,[TG(52:5)]_FA18:1,Crude,n-9,FA18:1,TG(52:5),9,0
760.6,571.6,12.638250000000001,84.74000549316406,CrudeCanola_O3on_150gN3_02082023,760.6 -> 571.6,0,[TG(52:5)]_FA18:1,Crude,n-9,FA18:1,TG(52:5),9,0
760.6,571.6,12.654566666666668,125.62001037597656,CrudeCanola_O3on_150gN3_02082023,760.6 -> 571.6,0,[TG(52:5)]_FA18:1,Crude,n-9,FA18:1,TG(52:5),9,0
760.6,571.6,12.670866666666667,166.28001403808594,CrudeCanola_O3on_150gN3_02082023,760.6 -> 571.6,0,[TG(52:5)]_FA18:1,Crude,n-9,FA18:1,TG(52:5),9,0
760.6,571.6,12.687183333333333,196.98001098632812,CrudeCanola_O3on_150gN3_02082023,760.6 -> 571.6,0,[TG(52:5)]_FA18:1,Crude,n-9,FA18:1,TG(52:5),9,0
760.6,571.6,12.703483333333335,179.86001586914062,CrudeCanola_O3on_150gN3_02082023,760.6 -> 571.6,0,[TG(52:5)]_FA18:1,Crude,n-9,FA18:1,TG(52:5),9,0
760.6,571.6,12.165316666666667,211.8400115966797,CrudeCanola_O3on_150gN3_02082023,760.6 -> 571.6,0,[TG(52:5)]_FA18:1,Crude,n-9,FA18:1,TG(52:5),9,0
760.6,571.6,12.181633333333334,143.8400115966797,CrudeCanola_O3on_150gN3_02082023,760.6 -> 571.6,0,[TG(52:5)]_FA18:1,Crude,n-9,FA18:1,TG(52:5),9,0
760.6,571.6,12.197933333333333,114.08000946044922,CrudeCanola_O3on_150gN3_02082023,760.6 -> 571.6,0,[TG(52:5)]_FA18:1,Crude,n-9,FA18:1,TG(52:5),9,0
760.6,571.6,12.21425,131.5600128173828,CrudeCanola_O3on_150gN3_02082023,760.6 -> 571.6,0,[TG(52:5)]_FA18:1,Crude,n-9,FA18:1,TG(52:5),9,0
760.6,571.6,12.230550000000001,191.32000732421875,CrudeCanola_O3on_150gN3_02082023,760.6 -> 571.6,0,[TG(52:5)]_FA18:1,Crude,n-9,FA18:1,TG(52:5),9,0
760.6,571.6,12.246866666666667,275.6200256347656,CrudeCanola_O3on_150gN3_02082023,760.6 -> 571.6,0,[TG(52:5)]_FA18:1,Crude,n-9,FA18:1,TG(52:5),9,0
760.6,571.6,12.263166666666667,294.52001953125,CrudeCanola_O3on_150gN3_02082023,760.6 -> 571.6,0,[TG(52:5)]_FA18:1,Crude,n-9,FA18:1,TG(52:5),9,0
760.6,571.6,12.279483333333333,285.4000244140625,CrudeCanola_O3on_150gN3_02082023,760.6 -> 571.6,0,[TG(52:5)]_FA18:1,Crude,n-9,FA18:1,TG(52:5),9,0
760.6,571.6,12.295783333333334,254.0600128173828,CrudeCanola_O3on_150gN3_02082023,760.6 -> 571.6,0,[TG(52:5)]_FA18:1,Crude,n-9,FA18:1,TG(52:5),9,0
760.6,571.6,12.312100000000001,238.2200164794922,CrudeCanola_O3on_150gN3_02082023,760.6 -> 571.6,0,[TG(52:5)]_FA18:1,Crude,n-9,FA18:1,TG(52:5),9,0
760.6,571.6,12.3284,248.00001525878906,CrudeCanola_O3on_150gN3_02082023,760.6 -> 571.6,0,[TG(52:5)]_FA18:1,Crude,n-9,FA18:1,TG(52:5),9,0
760.6,571.6,12.344716666666667,252.5600128173828,CrudeCanola_O3on_150gN3_02082023,760.6 -> 571.6,0,[TG(52:5)]_FA18:1,Crude,n-9,FA18:1,TG(52:5),9,0
760.6,571.6,12.361016666666668,301.1400146484375,CrudeCanola_O3on_150gN3_02082023,760.6 -> 571.6,0,[TG(52:5)]_FA18:1,Crude,n-9,FA18:1,TG(52:5),9,0
760.6,571.6,12.377333333333334,325.08001708984375,CrudeCanola_O3on_150gN3_02082023,760.6 -> 571.6,0,[TG(52:5)]_FA18:1,Crude,n-9,FA18:1,TG(52:5),9,0
760.6,571.6,12.393633333333334,572.1200561523438,CrudeCanola_O3on_150gN3_02082023,760.6 -> 571.6,0,[TG(52:5)]_FA18:1,Crude,n-9,FA18:1,TG(52:5),9,0
760.6,571.6,12.40995,578.52001953125,CrudeCanola_O3on_150gN3_02082023,760.6 -> 571.6,0,[TG(52:5)]_FA18:1,Crude,n-9,FA18:1,TG(52:5),9,0
760.6,571.6,12.426250000000001,569.6600341796875,CrudeCanola_O3on_150gN3_02082023,760.6 -> 571.6,0,[TG(52:5)]_FA18:1,Crude,n-9,FA18:1,TG(52:5),9,0
760.6,571.6,12.442566666666668,298.760009765625,CrudeCanola_O3on_150gN3_02082023,760.6 -> 571.6,0,[TG(52:5)]_FA18:1,Crude,n-9,FA18:1,TG(52:5),9,0
760.6,571.6,12.458866666666667,317.5600280761719,CrudeCanola_O3on_150gN3_02082023,760.6 -> 571.6,0,[TG(52:5)]_FA18:1,Crude,n-9,FA18:1,TG(52:5),9,0
760.6,571.6,12.475166666666667,271.52001953125,CrudeCanola_O3on_150gN3_02082023,760.6 -> 571.6,0,[TG(52:5)]_FA18:1,Crude,n-9,FA18:1,TG(52:5),9,0
760.6,571.6,12.491483333333333,300.1200256347656,CrudeCanola_O3on_150gN3_02082023,760.6 -> 571.6,0,[TG(52:5)]_FA18:1,Crude,n-9,FA18:1,TG(52:5),9,0
760.6,571.6,12.507783333333334,238.16001892089844,CrudeCanola_O3on_150gN3_02082023,760.6 -> 571.6,0,[TG(52:5)]_FA18:1,Crude,n-9,FA18:1,TG(52:5),9,0
760.6,571.6,12.5241,244.3400115966797,CrudeCanola_O3on_150gN3_02082023,760.6 -> 571.6,0,[TG(52:5)]_FA18:1,Crude,n-9,FA18:1,TG(52:5),9,0
760.6,571.6,12.5404,229.96002197265625,CrudeCanola_O3on_150gN3_02082023,760.6 -> 571.6,0,[TG(52:5)]_FA18:1,Crude,n-9,FA18:1,TG(52:5),9,0
760.6,571.6,12.556716666666667,263.8000183105469,CrudeCanola_O3on_150gN3_02082023,760.6 -> 571.6,0,[TG(52:5)]_FA18:1,Crude,n-9,FA18:1,TG(52:5),9,0
760.6,571.6,12.573016666666668,273.6400146484375,CrudeCanola_O3on_150gN3_02082023,760.6 -> 571.6,0,[TG(52:5)]_FA18:1,Crude,n-9,FA18:1,TG(52:5),9,0
760.6,571.6,12.589333333333334,256.5600280761719,CrudeCanola_O3on_150gN3_02082023,760.6 -> 571.6,0,[TG(52:5)]_FA18:1,Crude,n-9,FA18:1,TG(52:5),9,0
760.6,571.6,12.605633333333333,186.80001831054688,CrudeCanola_O3on_150gN3_02082023,760.6 -> 571.6,0,[TG(52:5)]_FA18:1,Crude,n-9,FA18:1,TG(52:5),9,0
760.6,571.6,12.62195,108.46000671386719,CrudeCanola_O3on_150gN3_02082023,760.6 -> 571.6,0,[TG(52:5)]_FA18:1,Crude,n-9,FA18:1,TG(52:5),9,0
760.6,571.6,12.638250000000001,84.74000549316406,CrudeCanola_O3on_150gN3_02082023,760.6 -> 571.6,0,[TG(52:5)]_FA18:1,Crude,n-9,FA18:1,TG(52:5),9,0
760.6,571.6,12.654566666666668,125.62001037597656,CrudeCanola_O3on_150gN3_02082023,760.6 -> 571.6,0,[TG(52:5)]_FA18:1,Crude,n-9,FA18:1,TG(52:5),9,0
760.6,571.6,12.670866666666667,166.28001403808594,CrudeCanola_O3on_150gN3_02082023,760.6 -> 571.6,0,[TG(52:5)]_FA18:1,Crude,n-9,FA18:1,TG(52:5),9,0
760.6,571.6,12.687183333333333,196.98001098632812,CrudeCanola_O3on_150gN3_02082023,760.6 -> 571.6,0,[TG(52:5)]_FA18:1,Crude,n-9,FA18:1,TG(52:5),9,0
760.6,571.6,12.703483333333335,179.86001586914062,CrudeCanola_O3on_150gN3_02082023,760.6 -> 571.6,0,[TG(52:5)]_FA18:1,Crude,n-9,FA18:1,TG(52:5),9,0
760.6,571.6,12.0349,235.66001892089844,DegummedCanola_O3on_150gN3_02082023,760.6 -> 571.6,1,[TG(52:5)]_FA18:1,Degummed,n-9,FA18:1,TG(52:5),10,0
760.6,571.6,12.0512,203.58001708984375,DegummedCanola_O3on_150gN3_02082023,760.6 -> 571.6,1,[TG(52:5)]_FA18:1,Degummed,n-9,FA18:1,TG(52:5),10,0
760.6,571.6,12.067516666666668,156.90000915527344,DegummedCanola_O3on_150gN3_02082023,760.6 -> 571.6,1,[TG(52:5)]_FA18:1,Degummed,n-9,FA18:1,TG(52:5),10,0
760.6,571.6,12.083816666666667,116.18000793457031,DegummedCanola_O3on_150gN3_02082023,760.6 -> 571.6,1,[TG(52:5)]_FA18:1,Degummed,n-9,FA18:1,TG(52:5),10,0
760.6,571.6,12.100133333333334,62.18000411987305,DegummedCanola_O3on_150gN3_02082023,760.6 -> 571.6,1,[TG(52:5)]_FA18:1,Degummed,n-9,FA18:1,TG(52:5),10,0
760.6,571.6,12.116433333333333,51.54000473022461,DegummedCanola_O3on_150gN3_02082023,760.6 -> 571.6,1,[TG(52:5)]_FA18:1,Degummed,n-9,FA18:1,TG(52:5),10,0
760.6,571.6,12.13275,60.72000503540039,DegummedCanola_O3on_150gN3_02082023,760.6 -> 571.6,1,[TG(52:5)]_FA18:1,Degummed,n-9,FA18:1,TG(52:5),10,0
760.6,571.6,12.14905,99.56000518798828,DegummedCanola_O3on_150gN3_02082023,760.6 -> 571.6,1,[TG(52:5)]_FA18:1,Degummed,n-9,FA18:1,TG(52:5),10,0
760.6,571.6,12.165366666666667,136.98001098632812,DegummedCanola_O3on_150gN3_02082023,760.6 -> 571.6,1,[TG(52:5)]_FA18:1,Degummed,n-9,FA18:1,TG(52:5),10,0
760.6,571.6,12.181666666666667,127.70001220703125,DegummedCanola_O3on_150gN3_02082023,760.6 -> 571.6,1,[TG(52:5)]_FA18:1,Degummed,n-9,FA18:1,TG(52:5),10,0
760.6,571.6,12.197983333333333,124.22000885009766,DegummedCanola_O3on_150gN3_02082023,760.6 -> 571.6,1,[TG(52:5)]_FA18:1,Degummed,n-9,FA18:1,TG(52:5),10,0
760.6,571.6,12.214283333333334,99.62001037597656,DegummedCanola_O3on_150gN3_02082023,760.6 -> 571.6,1,[TG(52:5)]_FA18:1,Degummed,n-9,FA18:1,TG(52:5),10,0
760.6,571.6,12.230583333333334,212.12001037597656,DegummedCanola_O3on_150gN3_02082023,760.6 -> 571.6,1,[TG(52:5)]_FA18:1,Degummed,n-9,FA18:1,TG(52:5),10,0
760.6,571.6,12.2469,274.3800048828125,DegummedCanola_O3on_150gN3_02082023,760.6 -> 571.6,1,[TG(52:5)]_FA18:1,Degummed,n-9,FA18:1,TG(52:5),10,0
760.6,571.6,12.263200000000001,332.8600158691406,DegummedCanola_O3on_150gN3_02082023,760.6 -> 571.6,1,[TG(52:5)]_FA18:1,Degummed,n-9,FA18:1,TG(52:5),10,0
760.6,571.6,12.279516666666668,314.1200256347656,DegummedCanola_O3on_150gN3_02082023,760.6 -> 571.6,1,[TG(52:5)]_FA18:1,Degummed,n-9,FA18:1,TG(52:5),10,0
760.6,571.6,12.295816666666667,252.62001037597656,DegummedCanola_O3on_150gN3_02082023,760.6 -> 571.6,1,[TG(52:5)]_FA18:1,Degummed,n-9,FA18:1,TG(52:5),10,0
760.6,571.6,12.312133333333334,192.760009765625,DegummedCanola_O3on_150gN3_02082023,760.6 -> 571.6,1,[TG(52:5)]_FA18:1,Degummed,n-9,FA18:1,TG(52:5),10,0
760.6,571.6,12.328433333333335,115.12001037597656,DegummedCanola_O3on_150gN3_02082023,760.6 -> 571.6,1,[TG(52:5)]_FA18:1,Degummed,n-9,FA18:1,TG(52:5),10,0
760.6,571.6,12.344750000000001,277.1200256347656,DegummedCanola_O3on_150gN3_02082023,760.6 -> 571.6,1,[TG(52:5)]_FA18:1,Degummed,n-9,FA18:1,TG(52:5),10,0
760.6,571.6,12.36105,421.7000427246094,DegummedCanola_O3on_150gN3_02082023,760.6 -> 571.6,1,[TG(52:5)]_FA18:1,Degummed,n-9,FA18:1,TG(52:5),10,0
760.6,571.6,12.377366666666667,541.1400146484375,DegummedCanola_O3on_150gN3_02082023,760.6 -> 571.6,1,[TG(52:5)]_FA18:1,Degummed,n-9,FA18:1,TG(52:5),10,0
760.6,571.6,12.393666666666666,418.48004150390625,DegummedCanola_O3on_150gN3_02082023,760.6 -> 571.6,1,[TG(52:5)]_FA18:1,Degummed,n-9,FA18:1,TG(52:5),10,0
760.6,571.6,12.409983333333335,288.22003173828125,DegummedCanola_O3on_150gN3_02082023,760.6 -> 571.6,1,[TG(52:5)]_FA18:1,Degummed,n-9,FA18:1,TG(52:5),10,0
760.6,571.6,12.426283333333334,238.6400146484375,DegummedCanola_O3on_150gN3_02082023,760.6 -> 571.6,1,[TG(52:5)]_FA18:1,Degummed,n-9,FA18:1,TG(52:5),10,0
760.6,571.6,12.4426,322.5400085449219,DegummedCanola_O3on_150gN3_02082023,760.6 -> 571.6,1,[TG(52:5)]_FA18:1,Degummed,n-9,FA18:1,TG(52:5),10,0
760.6,571.6,12.4589,361.4000244140625,DegummedCanola_O3on_150gN3_02082023,760.6 -> 571.6,1,[TG(52:5)]_FA18:1,Degummed,n-9,FA18:1,TG(52:5),10,0
760.6,571.6,12.475216666666666,352.8000183105469,DegummedCanola_O3on_150gN3_02082023,760.6 -> 571.6,1,[TG(52:5)]_FA18:1,Degummed,n-9,FA18:1,TG(52:5),10,0
760.6,571.6,12.491516666666667,267.4200134277344,DegummedCanola_O3on_150gN3_02082023,760.6 -> 571.6,1,[TG(52:5)]_FA18:1,Degummed,n-9,FA18:1,TG(52:5),10,0
760.6,571.6,12.507833333333334,231.90000915527344,DegummedCanola_O3on_150gN3_02082023,760.6 -> 571.6,1,[TG(52:5)]_FA18:1,Degummed,n-9,FA18:1,TG(52:5),10,0
760.6,571.6,12.524133333333333,198.62001037597656,DegummedCanola_O3on_150gN3_02082023,760.6 -> 571.6,1,[TG(52:5)]_FA18:1,Degummed,n-9,FA18:1,TG(52:5),10,0
760.6,571.6,12.540433333333334,246.92001342773438,DegummedCanola_O3on_150gN3_02082023,760.6 -> 571.6,1,[TG(52:5)]_FA18:1,Degummed,n-9,FA18:1,TG(52:5),10,0
760.6,571.6,12.556750000000001,234.260009765625,DegummedCanola_O3on_150gN3_02082023,760.6 -> 571.6,1,[TG(52:5)]_FA18:1,Degummed,n-9,FA18:1,TG(52:5),10,0
760.6,571.6,12.57305,176.02001953125,DegummedCanola_O3on_150gN3_02082023,760.6 -> 571.6,1,[TG(52:5)]_FA18:1,Degummed,n-9,FA18:1,TG(52:5),10,0
760.6,571.6,12.0349,235.66001892089844,DegummedCanola_O3on_150gN3_02082023,760.6 -> 571.6,1,[TG(52:5)]_FA18:1,Degummed,n-9,FA18:1,TG(52:5),10,0
760.6,571.6,12.0512,203.58001708984375,DegummedCanola_O3on_150gN3_02082023,760.6 -> 571.6,1,[TG(52:5)]_FA18:1,Degummed,n-9,FA18:1,TG(52:5),10,0
760.6,571.6,12.067516666666668,156.90000915527344,DegummedCanola_O3on_150gN3_02082023,760.6 -> 571.6,1,[TG(52:5)]_FA18:1,Degummed,n-9,FA18:1,TG(52:5),10,0
760.6,571.6,12.083816666666667,116.18000793457031,DegummedCanola_O3on_150gN3_02082023,760.6 -> 571.6,1,[TG(52:5)]_FA18:1,Degummed,n-9,FA18:1,TG(52:5),10,0
760.6,571.6,12.100133333333334,62.18000411987305,DegummedCanola_O3on_150gN3_02082023,760.6 -> 571.6,1,[TG(52:5)]_FA18:1,Degummed,n-9,FA18:1,TG(52:5),10,0
760.6,571.6,12.116433333333333,51.54000473022461,DegummedCanola_O3on_150gN3_02082023,760.6 -> 571.6,1,[TG(52:5)]_FA18:1,Degummed,n-9,FA18:1,TG(52:5),10,0
760.6,571.6,12.13275,60.72000503540039,DegummedCanola_O3on_150gN3_02082023,760.6 -> 571.6,1,[TG(52:5)]_FA18:1,Degummed,n-9,FA18:1,TG(52:5),10,0
760.6,571.6,12.14905,99.56000518798828,DegummedCanola_O3on_150gN3_02082023,760.6 -> 571.6,1,[TG(52:5)]_FA18:1,Degummed,n-9,FA18:1,TG(52:5),10,0
760.6,571.6,12.165366666666667,136.98001098632812,DegummedCanola_O3on_150gN3_02082023,760.6 -> 571.6,1,[TG(52:5)]_FA18:1,Degummed,n-9,FA18:1,TG(52:5),10,0
760.6,571.6,12.181666666666667,127.70001220703125,DegummedCanola_O3on_150gN3_02082023,760.6 -> 571.6,1,[TG(52:5)]_FA18:1,Degummed,n-9,FA18:1,TG(52:5),10,0
760.6,571.6,12.197983333333333,124.22000885009766,DegummedCanola_O3on_150gN3_02082023,760.6 -> 571.6,1,[TG(52:5)]_FA18:1,Degummed,n-9,FA18:1,TG(52:5),10,0
760.6,571.6,12.214283333333334,99.62001037597656,DegummedCanola_O3on_150gN3_02082023,760.6 -> 571.6,1,[TG(52:5)]_FA18:1,Degummed,n-9,FA18:1,TG(52:5),10,0
760.6,571.6,12.230583333333334,212.12001037597656,DegummedCanola_O3on_150gN3_02082023,760.6 -> 571.6,1,[TG(52:5)]_FA18:1,Degummed,n-9,FA18:1,TG(52:5),10,0
760.6,571.6,12.2469,274.3800048828125,DegummedCanola_O3on_150gN3_02082023,760.6 -> 571.6,1,[TG(52:5)]_FA18:1,Degummed,n-9,FA18:1,TG(52:5),10,0
760.6,571.6,12.263200000000001,332.8600158691406,DegummedCanola_O3on_150gN3_02082023,760.6 -> 571.6,1,[TG(52:5)]_FA18:1,Degummed,n-9,FA18:1,TG(52:5),10,0
760.6,571.6,12.279516666666668,314.1200256347656,DegummedCanola_O3on_150gN3_02082023,760.6 -> 571.6,1,[TG(52:5)]_FA18:1,Degummed,n-9,FA18:1,TG(52:5),10,0
760.6,571.6,12.295816666666667,252.62001037597656,DegummedCanola_O3on_150gN3_02082023,760.6 -> 571.6,1,[TG(52:5)]_FA18:1,Degummed,n-9,FA18:1,TG(52:5),10,0
760.6,571.6,12.312133333333334,192.760009765625,DegummedCanola_O3on_150gN3_02082023,760.6 -> 571.6,1,[TG(52:5)]_FA18:1,Degummed,n-9,FA18:1,TG(52:5),10,0
760.6,571.6,12.328433333333335,115.12001037597656,DegummedCanola_O3on_150gN3_02082023,760.6 -> 571.6,1,[TG(52:5)]_FA18:1,Degummed,n-9,FA18:1,TG(52:5),10,0
760.6,571.6,12.344750000000001,277.1200256347656,DegummedCanola_O3on_150gN3_02082023,760.6 -> 571.6,1,[TG(52:5)]_FA18:1,Degummed,n-9,FA18:1,TG(52:5),10,0
760.6,571.6,12.36105,421.7000427246094,DegummedCanola_O3on_150gN3_02082023,760.6 -> 571.6,1,[TG(52:5)]_FA18:1,Degummed,n-9,FA18:1,TG(52:5),10,0
760.6,571.6,12.377366666666667,541.1400146484375,DegummedCanola_O3on_150gN3_02082023,760.6 -> 571.6,1,[TG(52:5)]_FA18:1,Degummed,n-9,FA18:1,TG(52:5),10,0
760.6,571.6,12.393666666666666,418.48004150390625,DegummedCanola_O3on_150gN3_02082023,760.6 -> 571.6,1,[TG(52:5)]_FA18:1,Degummed,n-9,FA18:1,TG(52:5),10,0
760.6,571.6,12.409983333333335,288.22003173828125,DegummedCanola_O3on_150gN3_02082023,760.6 -> 571.6,1,[TG(52:5)]_FA18:1,Degummed,n-9,FA18:1,TG(52:5),10,0
760.6,571.6,12.426283333333334,238.6400146484375,DegummedCanola_O3on_150gN3_02082023,760.6 -> 571.6,1,[TG(52:5)]_FA18:1,Degummed,n-9,FA18:1,TG(52:5),10,0
760.6,571.6,12.4426,322.5400085449219,DegummedCanola_O3on_150gN3_02082023,760.6 -> 571.6,1,[TG(52:5)]_FA18:1,Degummed,n-9,FA18:1,TG(52:5),10,0
760.6,571.6,12.4589,361.4000244140625,DegummedCanola_O3on_150gN3_02082023,760.6 -> 571.6,1,[TG(52:5)]_FA18:1,Degummed,n-9,FA18:1,TG(52:5),10,0
760.6,571.6,12.475216666666666,352.8000183105469,DegummedCanola_O3on_150gN3_02082023,760.6 -> 571.6,1,[TG(52:5)]_FA18:1,Degummed,n-9,FA18:1,TG(52:5),10,0
760.6,571.6,12.491516666666667,267.4200134277344,DegummedCanola_O3on_150gN3_02082023,760.6 -> 571.6,1,[TG(52:5)]_FA18:1,Degummed,n-9,FA18:1,TG(52:5),10,0
760.6,571.6,12.507833333333334,231.90000915527344,DegummedCanola_O3on_150gN3_02082023,760.6 -> 571.6,1,[TG(52:5)]_FA18:1,Degummed,n-9,FA18:1,TG(52:5),10,0
760.6,571.6,12.524133333333333,198.62001037597656,DegummedCanola_O3on_150gN3_02082023,760.6 -> 571.6,1,[TG(52:5)]_FA18:1,Degummed,n-9,FA18:1,TG(52:5),10,0
760.6,571.6,12.540433333333334,246.92001342773438,DegummedCanola_O3on_150gN3_02082023,760.6 -> 571.6,1,[TG(52:5)]_FA18:1,Degummed,n-9,FA18:1,TG(52:5),10,0
760.6,571.6,12.556750000000001,234.260009765625,DegummedCanola_O3on_150gN3_02082023,760.6 -> 571.6,1,[TG(52:5)]_FA18:1,Degummed,n-9,FA18:1,TG(52:5),10,0
760.6,571.6,12.57305,176.02001953125,DegummedCanola_O3on_150gN3_02082023,760.6 -> 571.6,1,[TG(52:5)]_FA18:1,Degummed,n-9,FA18:1,TG(52:5),10,0
760.6,571.6,12.165333333333335,256.32000732421875,RBDCanola_O3on_150gN3_02082023,760.6 -> 571.6,2,[TG(52:5)]_FA18:1,RBD,n-9,FA18:1,TG(52:5),11,0
760.6,571.6,12.181650000000001,123.58000946044922,RBDCanola_O3on_150gN3_02082023,760.6 -> 571.6,2,[TG(52:5)]_FA18:1,RBD,n-9,FA18:1,TG(52:5),11,0
760.6,571.6,12.19795,106.18000793457031,RBDCanola_O3on_150gN3_02082023,760.6 -> 571.6,2,[TG(52:5)]_FA18:1,RBD,n-9,FA18:1,TG(52:5),11,0
760.6,571.6,12.21425,189.48001098632812,RBDCanola_O3on_150gN3_02082023,760.6 -> 571.6,2,[TG(52:5)]_FA18:1,RBD,n-9,FA18:1,TG(52:5),11,0
760.6,571.6,12.230566666666668,234.12001037597656,RBDCanola_O3on_150gN3_02082023,760.6 -> 571.6,2,[TG(52:5)]_FA18:1,RBD,n-9,FA18:1,TG(52:5),11,0
760.6,571.6,12.246866666666667,275.1800231933594,RBDCanola_O3on_150gN3_02082023,760.6 -> 571.6,2,[TG(52:5)]_FA18:1,RBD,n-9,FA18:1,TG(52:5),11,0
760.6,571.6,12.263183333333334,260.70001220703125,RBDCanola_O3on_150gN3_02082023,760.6 -> 571.6,2,[TG(52:5)]_FA18:1,RBD,n-9,FA18:1,TG(52:5),11,0
760.6,571.6,12.279483333333333,222.18002319335938,RBDCanola_O3on_150gN3_02082023,760.6 -> 571.6,2,[TG(52:5)]_FA18:1,RBD,n-9,FA18:1,TG(52:5),11,0
760.6,571.6,12.2958,213.96002197265625,RBDCanola_O3on_150gN3_02082023,760.6 -> 571.6,2,[TG(52:5)]_FA18:1,RBD,n-9,FA18:1,TG(52:5),11,0
760.6,571.6,12.312100000000001,166.2200164794922,RBDCanola_O3on_150gN3_02082023,760.6 -> 571.6,2,[TG(52:5)]_FA18:1,RBD,n-9,FA18:1,TG(52:5),11,0
760.6,571.6,12.328416666666667,193.3400115966797,RBDCanola_O3on_150gN3_02082023,760.6 -> 571.6,2,[TG(52:5)]_FA18:1,RBD,n-9,FA18:1,TG(52:5),11,0
760.6,571.6,12.344716666666667,189.78001403808594,RBDCanola_O3on_150gN3_02082023,760.6 -> 571.6,2,[TG(52:5)]_FA18:1,RBD,n-9,FA18:1,TG(52:5),11,0
760.6,571.6,12.361033333333333,231.16001892089844,RBDCanola_O3on_150gN3_02082023,760.6 -> 571.6,2,[TG(52:5)]_FA18:1,RBD,n-9,FA18:1,TG(52:5),11,0
760.6,571.6,12.37735,227.92001342773438,RBDCanola_O3on_150gN3_02082023,760.6 -> 571.6,2,[TG(52:5)]_FA18:1,RBD,n-9,FA18:1,TG(52:5),11,0
760.6,571.6,12.393650000000001,193.74002075195312,RBDCanola_O3on_150gN3_02082023,760.6 -> 571.6,2,[TG(52:5)]_FA18:1,RBD,n-9,FA18:1,TG(52:5),11,0
760.6,571.6,12.40995,169.28001403808594,RBDCanola_O3on_150gN3_02082023,760.6 -> 571.6,2,[TG(52:5)]_FA18:1,RBD,n-9,FA18:1,TG(52:5),11,0
760.6,571.6,12.426266666666667,168.54000854492188,RBDCanola_O3on_150gN3_02082023,760.6 -> 571.6,2,[TG(52:5)]_FA18:1,RBD,n-9,FA18:1,TG(52:5),11,0
760.6,571.6,12.442566666666668,195.30001831054688,RBDCanola_O3on_150gN3_02082023,760.6 -> 571.6,2,[TG(52:5)]_FA18:1,RBD,n-9,FA18:1,TG(52:5),11,0
760.6,571.6,12.458883333333334,193.3400115966797,RBDCanola_O3on_150gN3_02082023,760.6 -> 571.6,2,[TG(52:5)]_FA18:1,RBD,n-9,FA18:1,TG(52:5),11,0
760.6,571.6,12.475183333333334,165.28001403808594,RBDCanola_O3on_150gN3_02082023,760.6 -> 571.6,2,[TG(52:5)]_FA18:1,RBD,n-9,FA18:1,TG(52:5),11,0
760.6,571.6,12.4915,173.12001037597656,RBDCanola_O3on_150gN3_02082023,760.6 -> 571.6,2,[TG(52:5)]_FA18:1,RBD,n-9,FA18:1,TG(52:5),11,0
760.6,571.6,12.507800000000001,208.20001220703125,RBDCanola_O3on_150gN3_02082023,760.6 -> 571.6,2,[TG(52:5)]_FA18:1,RBD,n-9,FA18:1,TG(52:5),11,0
760.6,571.6,12.524116666666668,278.8600158691406,RBDCanola_O3on_150gN3_02082023,760.6 -> 571.6,2,[TG(52:5)]_FA18:1,RBD,n-9,FA18:1,TG(52:5),11,0
760.6,571.6,12.540416666666667,246.52001953125,RBDCanola_O3on_150gN3_02082023,760.6 -> 571.6,2,[TG(52:5)]_FA18:1,RBD,n-9,FA18:1,TG(52:5),11,0
760.6,571.6,12.556733333333334,232.04002380371094,RBDCanola_O3on_150gN3_02082023,760.6 -> 571.6,2,[TG(52:5)]_FA18:1,RBD,n-9,FA18:1,TG(52:5),11,0
760.6,571.6,12.573033333333333,174.24000549316406,RBDCanola_O3on_150gN3_02082023,760.6 -> 571.6,2,[TG(52:5)]_FA18:1,RBD,n-9,FA18:1,TG(52:5),11,0
760.6,571.6,12.589350000000001,166.32000732421875,RBDCanola_O3on_150gN3_02082023,760.6 -> 571.6,2,[TG(52:5)]_FA18:1,RBD,n-9,FA18:1,TG(52:5),11,0
760.6,571.6,12.60565,148.86001586914062,RBDCanola_O3on_150gN3_02082023,760.6 -> 571.6,2,[TG(52:5)]_FA18:1,RBD,n-9,FA18:1,TG(52:5),11,0
760.6,571.6,12.621966666666667,218.2200164794922,RBDCanola_O3on_150gN3_02082023,760.6 -> 571.6,2,[TG(52:5)]_FA18:1,RBD,n-9,FA18:1,TG(52:5),11,0
760.6,571.6,12.638266666666667,290.4200134277344,RBDCanola_O3on_150gN3_02082023,760.6 -> 571.6,2,[TG(52:5)]_FA18:1,RBD,n-9,FA18:1,TG(52:5),11,0
760.6,571.6,12.654583333333333,280.6000061035156,RBDCanola_O3on_150gN3_02082023,760.6 -> 571.6,2,[TG(52:5)]_FA18:1,RBD,n-9,FA18:1,TG(52:5),11,0
760.6,571.6,12.670883333333334,215.96002197265625,RBDCanola_O3on_150gN3_02082023,760.6 -> 571.6,2,[TG(52:5)]_FA18:1,RBD,n-9,FA18:1,TG(52:5),11,0
760.6,571.6,12.6872,174.52001953125,RBDCanola_O3on_150gN3_02082023,760.6 -> 571.6,2,[TG(52:5)]_FA18:1,RBD,n-9,FA18:1,TG(52:5),11,0
760.6,571.6,12.7035,228.1400146484375,RBDCanola_O3on_150gN3_02082023,760.6 -> 571.6,2,[TG(52:5)]_FA18:1,RBD,n-9,FA18:1,TG(52:5),11,0
760.6,571.6,12.165333333333335,256.32000732421875,RBDCanola_O3on_150gN3_02082023,760.6 -> 571.6,2,[TG(52:5)]_FA18:1,RBD,n-9,FA18:1,TG(52:5),11,0
760.6,571.6,12.181650000000001,123.58000946044922,RBDCanola_O3on_150gN3_02082023,760.6 -> 571.6,2,[TG(52:5)]_FA18:1,RBD,n-9,FA18:1,TG(52:5),11,0
760.6,571.6,12.19795,106.18000793457031,RBDCanola_O3on_150gN3_02082023,760.6 -> 571.6,2,[TG(52:5)]_FA18:1,RBD,n-9,FA18:1,TG(52:5),11,0
760.6,571.6,12.21425,189.48001098632812,RBDCanola_O3on_150gN3_02082023,760.6 -> 571.6,2,[TG(52:5)]_FA18:1,RBD,n-9,FA18:1,TG(52:5),11,0
760.6,571.6,12.230566666666668,234.12001037597656,RBDCanola_O3on_150gN3_02082023,760.6 -> 571.6,2,[TG(52:5)]_FA18:1,RBD,n-9,FA18:1,TG(52:5),11,0
760.6,571.6,12.246866666666667,275.1800231933594,RBDCanola_O3on_150gN3_02082023,760.6 -> 571.6,2,[TG(52:5)]_FA18:1,RBD,n-9,FA18:1,TG(52:5),11,0
760.6,571.6,12.263183333333334,260.70001220703125,RBDCanola_O3on_150gN3_02082023,760.6 -> 571.6,2,[TG(52:5)]_FA18:1,RBD,n-9,FA18:1,TG(52:5),11,0
760.6,571.6,12.279483333333333,222.18002319335938,RBDCanola_O3on_150gN3_02082023,760.6 -> 571.6,2,[TG(52:5)]_FA18:1,RBD,n-9,FA18:1,TG(52:5),11,0
760.6,571.6,12.2958,213.96002197265625,RBDCanola_O3on_150gN3_02082023,760.6 -> 571.6,2,[TG(52:5)]_FA18:1,RBD,n-9,FA18:1,TG(52:5),11,0
760.6,571.6,12.312100000000001,166.2200164794922,RBDCanola_O3on_150gN3_02082023,760.6 -> 571.6,2,[TG(52:5)]_FA18:1,RBD,n-9,FA18:1,TG(52:5),11,0
760.6,571.6,12.328416666666667,193.3400115966797,RBDCanola_O3on_150gN3_02082023,760.6 -> 571.6,2,[TG(52:5)]_FA18:1,RBD,n-9,FA18:1,TG(52:5),11,0
760.6,571.6,12.344716666666667,189.78001403808594,RBDCanola_O3on_150gN3_02082023,760.6 -> 571.6,2,[TG(52:5)]_FA18:1,RBD,n-9,FA18:1,TG(52:5),11,0
760.6,571.6,12.361033333333333,231.16001892089844,RBDCanola_O3on_150gN3_02082023,760.6 -> 571.6,2,[TG(52:5)]_FA18:1,RBD,n-9,FA18:1,TG(52:5),11,0
760.6,571.6,12.37735,227.92001342773438,RBDCanola_O3on_150gN3_02082023,760.6 -> 571.6,2,[TG(52:5)]_FA18:1,RBD,n-9,FA18:1,TG(52:5),11,0
760.6,571.6,12.393650000000001,193.74002075195312,RBDCanola_O3on_150gN3_02082023,760.6 -> 571.6,2,[TG(52:5)]_FA18:1,RBD,n-9,FA18:1,TG(52:5),11,0
760.6,571.6,12.40995,169.28001403808594,RBDCanola_O3on_150gN3_02082023,760.6 -> 571.6,2,[TG(52:5)]_FA18:1,RBD,n-9,FA18:1,TG(52:5),11,0
760.6,571.6,12.426266666666667,168.54000854492188,RBDCanola_O3on_150gN3_02082023,760.6 -> 571.6,2,[TG(52:5)]_FA18:1,RBD,n-9,FA18:1,TG(52:5),11,0
760.6,571.6,12.442566666666668,195.30001831054688,RBDCanola_O3on_150gN3_02082023,760.6 -> 571.6,2,[TG(52:5)]_FA18:1,RBD,n-9,FA18:1,TG(52:5),11,0
760.6,571.6,12.458883333333334,193.3400115966797,RBDCanola_O3on_150gN3_02082023,760.6 -> 571.6,2,[TG(52:5)]_FA18:1,RBD,n-9,FA18:1,TG(52:5),11,0
760.6,571.6,12.475183333333334,165.28001403808594,RBDCanola_O3on_150gN3_02082023,760.6 -> 571.6,2,[TG(52:5)]_FA18:1,RBD,n-9,FA18:1,TG(52:5),11,0
760.6,571.6,12.4915,173.12001037597656,RBDCanola_O3on_150gN3_02082023,760.6 -> 571.6,2,[TG(52:5)]_FA18:1,RBD,n-9,FA18:1,TG(52:5),11,0
760.6,571.6,12.507800000000001,208.20001220703125,RBDCanola_O3on_150gN3_02082023,760.6 -> 571.6,2,[TG(52:5)]_FA18:1,RBD,n-9,FA18:1,TG(52:5),11,0
760.6,571.6,12.524116666666668,278.8600158691406,RBDCanola_O3on_150gN3_02082023,760.6 -> 571.6,2,[TG(52:5)]_FA18:1,RBD,n-9,FA18:1,TG(52:5),11,0
760.6,571.6,12.540416666666667,246.52001953125,RBDCanola_O3on_150gN3_02082023,760.6 -> 571.6,2,[TG(52:5)]_FA18:1,RBD,n-9,FA18:1,TG(52:5),11,0
760.6,571.6,12.556733333333334,232.04002380371094,RBDCanola_O3on_150gN3_02082023,760.6 -> 571.6,2,[TG(52:5)]_FA18:1,RBD,n-9,FA18:1,TG(52:5),11,0
760.6,571.6,12.573033333333333,174.24000549316406,RBDCanola_O3on_150gN3_02082023,760.6 -> 571.6,2,[TG(52:5)]_FA18:1,RBD,n-9,FA18:1,TG(52:5),11,0
760.6,571.6,12.589350000000001,166.32000732421875,RBDCanola_O3on_150gN3_02082023,760.6 -> 571.6,2,[TG(52:5)]_FA18:1,RBD,n-9,FA18:1,TG(52:5),11,0
760.6,571.6,12.60565,148.86001586914062,RBDCanola_O3on_150gN3_02082023,760.6 -> 571.6,2,[TG(52:5)]_FA18:1,RBD,n-9,FA18:1,TG(52:5),11,0
760.6,571.6,12.621966666666667,218.2200164794922,RBDCanola_O3on_150gN3_02082023,760.6 -> 571.6,2,[TG(52:5)]_FA18:1,RBD,n-9,FA18:1,TG(52:5),11,0
760.6,571.6,12.638266666666667,290.4200134277344,RBDCanola_O3on_150gN3_02082023,760.6 -> 571.6,2,[TG(52:5)]_FA18:1,RBD,n-9,FA18:1,TG(52:5),11,0
760.6,571.6,12.654583333333333,280.6000061035156,RBDCanola_O3on_150gN3_02082023,760.6 -> 571.6,2,[TG(52:5)]_FA18:1,RBD,n-9,FA18:1,TG(52:5),11,0
760.6,571.6,12.670883333333334,215.96002197265625,RBDCanola_O3on_150gN3_02082023,760.6 -> 571.6,2,[TG(52:5)]_FA18:1,RBD,n-9,FA18:1,TG(52:5),11,0
760.6,571.6,12.6872,174.52001953125,RBDCanola_O3on_150gN3_02082023,760.6 -> 571.6,2,[TG(52:5)]_FA18:1,RBD,n-9,FA18:1,TG(52:5),11,0
760.6,571.6,12.7035,228.1400146484375,RBDCanola_O3on_150gN3_02082023,760.6 -> 571.6,2,[TG(52:5)]_FA18:1,RBD,n-9,FA18:1,TG(52:5),11,0
