Lipid,Group_D,Group_D,Group_D,Group_D,Group__C,Group__C,Group__C,Group__C
1-O-behenoyl-Cer(d18:1/16:0),1144.8200798034668,1266.4200859069824,1217.5800819396973,1178.0200881958008,1163.6600799560547,1216.580078125,1413.6601066589355,1123.2400856018066
1-O-carboceroyl-Cer(d18:1/18:0),1112.7000770568848,1212.04008102417,1128.840072631836,1161.2600898742676,1141.2800903320312,1132.9800834655762,1120.8600845336914,1152.3000831604004
1-O-cerotoyl-Cer(d18:1/16:0),1112.060073852539,1135.6400718688965,1114.6400756835938,1201.6000938415527,1106.1600799560547,1171.1000785827637,1361.9801063537598,1176.7200775146484
1-O-cerotoyl-Cer(d18:1/18:0),1150.2800674438477,1171.0800819396973,1130.1000785827637,1179.360088348389,1140.8600730895996,1104.6800727844238,1143.6400718688965,1105.2200775146484
1-O-eicosanoyl-Cer(d18:1/16:0),1101.4200744628906,1100.3200721740725,1133.2400817871094,1069.320083618164,1064.4600715637207,1097.400089263916,1145.2000770568848,1074.0000801086426
1-O-lignoceroyl-Cer(d18:1/16:0),1141.940071105957,1134.9600791931152,1201.7600784301758,1165.7000846862793,1107.340072631836,1270.2400817871094,1293.700096130371,1248.1200942993164
1-O-pentacosanoyl-Cer(d18:1/16:0),1199.360088348389,1822.780139923096,2010.2401313781736,2156.8801345825195,1301.820083618164,1539.2201232910156,4264.000305175781,1334.3600959777832
1-O-tricosanoyl-Cer(d18:1/16:0),1525.8801307678225,3167.3401794433594,2807.220203399658,2755.9601707458496,1743.3801193237305,2091.860122680664,6054.760437011719,2011.9601707458496
1-O-tricosanoyl-Cer(d18:1/18:0),1113.2600746154783,1114.5000686645508,1114.6000785827637,1109.740089416504,1106.2800827026367,1104.9200744628906,1148.3800735473633,1105.3600730895996
CAR,2822.6001892089844,2178.24015045166,3656.060230255127,3088.500217437744,2400.7401847839355,2317.0401496887207,2699.1601753234863,1963.960132598877
CAR(10:0),2424.4601821899414,2052.880146026612,3898.3002700805664,3012.440216064453,2574.920192718506,2155.460147857666,2616.26016998291,1954.3201446533203
CAR(10:0)_QUAL,3308.2402381896973,2574.680164337158,4765.580360412598,3706.280246734619,3252.3602333068848,2701.720169067383,3535.2002754211426,2258.740165710449
CAR(10:1),3281.2202186584477,2258.8601608276367,3818.060295104981,3514.520233154297,2610.260185241699,3164.260223388672,2822.2201919555664,2092.4601554870605
CAR(10:1)_QUAL,3253.720241546631,2809.1201934814453,5163.160358428955,3681.680267333984,3015.320198059082,2605.080177307129,3776.580226898194,2012.940139770508
CAR(10:2),2853.400203704834,2036.140151977539,4015.080284118652,2852.0602111816406,3157.7802200317383,2744.8202018737798,3366.7802391052246,2237.3601570129395
CAR(10:2)_QUAL,22179.781616210938,20332.621459960938,44016.34289550781,28926.30178833008,31457.742042541504,21248.661712646484,29809.32218933105,16650.8212890625
CAR(10:3),1989.1401290893557,1957.4401359558103,2752.040199279785,1988.8801307678225,1964.540138244629,1957.760124206543,2112.7401580810547,1693.3801155090332
CAR(10:3)_QUAL,2557.880172729492,1961.5601425170896,3620.000286102295,3057.240226745605,2391.260162353516,2353.0401725769043,3012.240203857422,2094.820156097412
CAR(11:0),2124.580139160156,1939.0801239013672,2765.180160522461,2832.3802032470703,2332.6201553344727,2050.480155944824,2343.040153503418,1740.9201202392578
CAR(11:0)_QUAL,3342.040237426758,3205.1001930236816,5227.060363769531,3571.9002723693848,3891.220283508301,3036.16019821167,4235.900321960449,2681.2002029418945
CAR(12:0),1710.3201026916504,1671.8601303100586,1974.160144805908,1869.120128631592,1836.6601219177248,1700.9201126098633,1900.3601303100584,1541.8200988769531
CAR(12:0)_QUAL,3343.880226135254,2690.300170898437,4647.280326843262,3616.0802421569824,3272.260234832764,2605.3001823425293,4117.820274353027,2435.880176544189
CAR(14:0),2128.9601669311523,2138.320171356201,2935.600204467773,2706.2602005004883,2434.040180206299,2159.3601570129395,2097.740146636963,1807.1601219177248
CAR(14:0)_QUAL,5522.320407867432,4207.580333709717,8759.020622253418,6038.120456695557,5561.8204345703125,4271.4603271484375,6432.200496673584,3749.1402702331534
CAR(14:1),2185.860145568848,2163.600154876709,2269.400154113769,2514.2601737976074,2015.840156555176,1992.2001419067385,1978.9401473999023,1685.2001113891602
CAR(14:1)_QUAL,4601.700336456299,4431.140281677246,8566.240615844727,5965.080406188965,6406.100456237793,4676.20036315918,5218.580364227295,3799.620250701904
CAR(14:2),3130.2002449035645,2801.0202293396,5129.980354309082,3784.1402702331534,3581.88028717041,3007.180202484131,3591.160259246826,2517.680164337158
CAR(14:2)_QUAL,52433.423583984375,44321.98294067383,103665.9877319336,62098.08441162109,73661.20541381836,46761.14373779297,66833.90441894531,37791.56248474121
CAR(16:0),2460.660167694092,2631.700206756592,3576.720241546631,2691.920181274414,2187.840156555176,2563.080177307129,2809.7201919555664,1976.6001586914065
CAR(16:0)_QUAL,4344.620315551758,3650.740257263184,7294.520469665527,5058.500354766846,5043.38032913208,3653.500286102295,5588.260398864746,3056.280200958252
CAR(16:1),1958.7801361083984,2011.7601585388184,2366.3801612854004,2093.040153503418,1846.4201278686523,1825.10013961792,2018.3201293945312,1643.3201065063477
CAR(16:1)_QUAL,5912.940441131592,4842.860385894775,10138.320751190186,6586.320465087891,6791.900466918945,4922.880321502686,7663.000518798828,4169.200275421143
CAR(16:2),2089.5401573181152,2191.2001724243164,3101.1802253723145,2836.2602195739746,2302.420162200928,2417.2801780700684,2401.940174102783,2209.6401405334477
CAR(16:2)_QUAL,2888.5002212524414,2414.200164794922,4120.200290679932,2915.220226287842,2970.2802200317383,2508.020179748535,3171.380229949951,2275.5001640319824
CAR(17:0),3096.440200805664,2518.240188598633,4507.420330047607,3148.700252532959,2961.120189666748,2523.520175933838,3462.9202728271484,1967.2201461791992
CAR(17:0)_QUAL,6794.740501403809,5169.180362701416,11420.220840454102,7304.7404861450195,7105.18049621582,6058.960468292236,7765.620529174805,4614.340293884277
CAR(18:0),2665.7601928710938,1911.820140838623,3432.740261077881,2919.960216522217,2424.9401893615723,2478.060157775879,2630.34020614624,1845.3801193237305
CAR(18:0)_QUAL,4244.460273742676,3896.9802856445312,6956.720470428467,4675.560329437256,5000.06033706665,4095.20027923584,5264.400352478027,3658.500259399414
CAR(18:1),2868.020217895508,2130.1201515197754,3592.2802734375,2652.660186767578,2235.800178527832,3289.9602394104004,2645.600170135498,1952.300136566162
CAR(18:1)_QUAL,3788.6002769470215,3456.6802673339844,6222.280448913574,4786.6403884887695,4656.000335693359,3354.0202026367188,4377.5602951049805,3093.9402084350586
CAR(18:2),3379.780227661133,3379.2602577209477,4826.000358581543,3476.12020111084,2938.0801963806152,2973.7402420043945,3294.7802200317383,2883.620185852051
CAR(18:2)_QUAL,3561.540252685547,2936.640182495117,4953.560348510742,3809.380279541016,3553.1202812194824,3007.020206451416,3509.260265350342,2709.1002082824707
CAR(18:3),2598.8201866149902,2351.260154724121,3749.3202590942383,2605.680160522461,2412.3001823425293,2469.2201919555664,3174.560237884521,2042.480136871338
CAR(18:3)_QUAL,4596.940288543701,3532.7002296447754,7055.160491943359,4998.500354766846,4866.660331726074,4002.460273742676,4718.940319061279,3454.380302429199
CAR(18:4),3352.960231781006,3042.740219116211,5655.640380859375,4081.560291290283,3442.040237426758,2864.600200653076,4117.420330047607,2228.340137481689
CAR(18:4)_QUAL,4398.160350799561,4087.84024810791,7925.360488891602,4890.380336761475,4736.480377197266,3643.3202590942383,5295.820358276367,3345.840274810791
CAR(20:0),2482.900188446045,2081.120147705078,2778.9801864624023,2009.000144958496,1993.04012298584,2085.420154571533,2003.360137939453,1813.7601318359373
CAR(20:0)_QUAL,5956.480419158936,4985.000343322754,10488.56069946289,7405.740455627441,6964.700523376465,5644.440410614014,7342.220581054687,4800.000358581543
CAR(20:1),3327.3402366638184,3256.180221557617,4166.900352478027,3472.2002334594727,2831.3202018737798,3019.620204925537,2995.9602088928223,2519.9801902771
CAR(20:1)_QUAL,2960.9002075195312,2481.2601737976074,4220.94030380249,3354.5002517700195,2829.9001960754395,2687.8801918029785,3402.100212097168,2451.660167694092
CAR(20:2),4833.080337524414,5251.900352478027,8560.0806350708,5423.540374755859,5175.220386505127,4239.500324249268,6347.620429992676,3159.7002487182617
CAR(20:2)_QUAL,3338.100238800049,3132.5802268981934,5219.000392913818,3900.5002975463863,3582.4402503967285,3378.500244140625,3512.400257110596,2606.6201553344727
CAR(20:4),2202.8601570129395,2005.0601348876955,2594.800178527832,2063.7801475524902,2110.440174102783,1938.2201461791992,2319.2801513671875,1628.4801025390625
CAR(20:4)_QUAL,3186.660217285156,3013.060199737549,4761.540370941162,3791.340259552002,3257.2802391052246,2831.240222930908,3795.920303344727,2687.8201904296875
CAR(22:0),4130.300258636475,3083.040241241455,5922.580463409424,3316.820240020752,3278.100246429444,4473.920364379883,3739.420265197754,3085.1202354431152
CAR(22:0)_QUAL,3855.620273590088,4052.9402770996094,6631.820449829102,4554.400310516357,4733.460334777832,3795.060276031494,5015.04035949707,3095.6802368164062
CAR(22:2),3841.960266113281,3419.6002655029297,5991.520408630371,4569.820362091064,3865.740238189697,3297.1802253723145,4408.940299987793,3207.0402297973637
CAR(22:2)_QUAL,7396.840518951416,6150.840396881104,13037.78086090088,9233.020652770996,9504.9206199646,6573.86051940918,9338.360694885254,5325.540420532227
CAR(22:4),1954.2401428222656,1808.060111999512,2495.920181274414,2079.640151977539,1898.7001495361328,1826.6001358032229,2003.0401458740237,1763.7801246643066
CAR(22:4)_QUAL,4037.480293273926,3686.6202545166016,6919.300498962402,4519.320350646973,4469.58028793335,3571.92028427124,4660.840320587158,3164.720199584961
CAR(22:5),1681.480110168457,1558.8001174926758,1814.180126190185,1940.5401420593264,1559.260108947754,1611.4401054382324,2016.7001457214355,1564.900104522705
CAR(22:5)_QUAL,13547.660926818848,12880.180870056152,41218.98219299317,16905.98137664795,16850.921142578125,11484.380912780762,13985.820991516111,9217.620666503906
CAR(22:6),1934.460147857666,1920.7201347351076,2398.260181427002,2098.340160369873,2014.120147705078,1897.1601257324216,2371.4601440429688,1750.2601203918457
CAR(22:6)_QUAL,4962.240352630615,4476.780300140381,8662.220649719238,5663.9204177856445,6174.540409088135,4975.200355529785,6606.960487365723,4618.380310058594
CAR(26:0),6495.880439758301,6702.880439758301,11537.8408203125,8289.34056854248,7432.720516204834,6857.08056640625,8194.260593414307,4642.980346679688
CAR(26:0)_QUAL,5185.320365905762,4383.180320739746,8163.720573425293,5705.500396728516,6412.360412597656,4592.200336456299,6356.700393676758,4227.060264587402
CAR(2:0),1907.780128479004,1597.900131225586,2430.3001861572266,1594.9401168823242,1816.9001388549805,1542.140106201172,1756.0201263427734,1530.4001007080078
CAR(2:0)_QUAL,1803.6801223754885,1526.7001190185547,2010.360149383545,1637.280117034912,1570.860107421875,1586.5601043701172,1893.880142211914,1659.7801094055176
CAR(3:0),1562.1401023864746,1507.1201133728027,1728.7001304626465,1596.5401000976562,1538.740104675293,1583.5601272583008,1622.0401153564453,1393.3600997924805
CAR(3:0)_QUAL,4373.480304718018,3759.900302886963,7266.360450744629,5018.100368499756,3099.6802406311035,2895.380214691162,5205.12036895752,2512.1402015686035
CAR(3:1),2134.9601440429688,1833.180118560791,2433.2401695251465,2078.360134124756,2265.1401557922363,1906.980136871338,2255.400161743164,1839.6201210021973
CAR(3:1)_QUAL,5497.800426483154,4413.740295410156,9103.760654449465,6272.640453338623,4568.540294647217,4963.380386352539,6775.320449829102,3110.3002128601074
CAR(4:0),1601.7401123046875,1570.3001098632812,2007.9001388549805,1880.2801475524905,1700.4201278686523,1720.980110168457,1653.2401161193848,1478.1600914001465
CAR(4:0)_QUAL,2381.820152282715,2095.480167388916,3700.760272979736,2643.140190124512,2847.000186920166,2361.0401649475098,2960.440216064453,1959.880126953125
CAR(4:1),8031.660530090332,6929.040512084961,13581.440971374512,8166.600589752197,9687.680793762209,7305.500495910644,9941.34075164795,5671.240409851074
CAR(4:1)_QUAL,2810.3401985168457,2262.0001525878906,3910.660316467285,3001.2202377319336,2630.3202018737798,2314.020156860352,3060.660221099853,2283.76016998291
CAR(5:0),2446.020191192627,2219.4001388549805,3919.660278320313,3385.6602363586426,2811.680202484131,2420.14017868042,2775.200206756592,2255.62015914917
CAR(5:0)_QUAL,2777.920196533203,2170.2401580810547,4105.300296783447,2717.0001945495605,2971.6202278137207,2395.780170440674,3313.400203704834,1867.8801155090327
CAR(5:1),1895.6801223754885,1983.880126953125,2538.64017868042,2100.380146026612,2045.0801277160645,2069.780143737793,2402.680160522461,1650.680103302002
CAR(5:1)_QUAL,1990.0401496887207,1723.2601127624512,2610.820182800293,2411.3001556396484,2236.260162353516,1816.620128631592,2038.0201377868648,1555.5201034545898
CAR(6:0),1686.7201194763184,1495.720115661621,1741.6001319885254,1870.320140838623,1842.7401313781736,1510.760097503662,1770.4601249694824,1533.4801025390625
CAR(6:0)_QUAL,2442.6001586914062,2279.380157470703,3381.160243988037,2814.660213470459,2510.26016998291,2083.2401542663574,2672.960189819336,1731.2601280212402
CAR(6:1),7371.380561828613,6077.340480804443,11038.300765991213,7398.940528869629,8028.340549468994,5850.200382232666,8412.820575714111,4663.940338134766
CAR(6:1)_QUAL,2439.0401763916016,2043.6201438903809,3322.8602294921875,2609.9001808166504,2772.1001892089844,2072.2801513671875,2469.820156097412,2129.58016204834
CAR(7:0),1619.2001304626465,1530.260108947754,1986.360134124756,1798.1201248168943,1633.2001266479492,1554.8801193237305,1565.7201080322266,1529.9400939941406
CAR(7:0)_QUAL,5425.960391998291,3819.4202613830566,8431.280578613281,6103.820449829102,4055.020275115967,3775.500228881836,6343.420406341553,3027.2602005004883
CAR(8:0),3387.80025100708,2793.300201416016,4908.160316467285,3727.200263977051,3499.540252685547,3076.4801864624023,3973.080265045166,2603.440185546875
CAR(8:0)_QUAL,2965.1402168273926,2520.520168304444,4368.420291900635,3098.660228729248,2776.860191345215,2504.180156707764,3398.9202308654785,2047.0001525878904
CAR(8:1),3289.340232849121,2820.8201942443848,4718.16028213501,3921.140266418457,4534.920337677002,3025.600227355957,3916.9802780151367,2964.780204772949
CAR(8:1)_QUAL,5331.820327758789,4228.580314636231,8286.520603179932,6466.54048538208,5765.460422515869,3732.0602684021,6602.020336151123,3421.7002487182617
CAR(9:0),1829.08012008667,1484.840114593506,2107.14013671875,1810.9601211547847,1737.9401245117188,1462.800106048584,1709.8801193237305,1475.8400993347168
CAR(9:0)_QUAL,2881.3802032470703,2344.300178527832,4043.6602935791016,3168.3802185058594,2828.9602088928223,2576.68017578125,3044.920192718506,2017.6401557922363
CAR_QUAL,2636.320205688477,1789.4201278686523,3109.340263366699,2335.980155944824,2257.380157470703,2685.3601570129395,2382.9201736450195,1811.920124053955
CE(12:0),5177.480381011963,5105.680305480957,5116.200386047363,5130.30037689209,5338.6403732299805,5103.720333099365,5408.180366516113,5176.620346069336
CE(14:0),5480.800365447998,5460.320373535156,5283.880348205566,5106.840320587158,5597.800399780273,5307.780364990234,5578.900409698486,5185.380355834961
CE(14:1),5077.940341949463,5239.600379943848,5218.100395202637,5040.800342559814,5181.680351257324,5130.920352935791,5227.8603515625,5101.640361785889
CE(15:0),5411.080352783203,5818.320392608643,5113.580375671387,5253.12036895752,5377.980373382568,5295.580379486084,5781.30037689209,5206.300380706787
CE(15:1),6407.50044631958,6758.420478820801,5639.400394439697,5271.140369415283,6563.460453033447,5846.020404815674,7412.440502166748,5484.080383300781
CE(16:0),5296.000335693359,5909.320411682129,6037.440406799316,5750.160430908203,6702.260513305664,5875.000408172607,6577.22049331665,5714.300395965576
CE(16:1),5811.500419616699,6157.2004318237305,5858.900417327881,5613.840385437012,6928.540512084961,5454.440399169922,6627.720474243164,5750.840412139893
CE(16:2),5243.060352325439,5198.320358276367,5132.360397338867,5137.580341339111,5332.680370330811,5246.920356750488,5358.760372161865,5119.34033203125
CE(16:3),5380.100353240967,5474.30037689209,5268.28039932251,5128.7403564453125,5417.900394439697,5156.260368347168,5473.780406951904,5308.800399780273
CE(17:0),5558.340362548828,5908.940437316895,5175.220367431641,5432.840404510498,6184.920433044434,5797.960403442383,5955.42041015625,5445.780391693115
CE(17:1),5323.600353240967,5310.860366821289,5232.240371704102,5202.780353546143,5509.840385437012,5296.160358428955,5251.260353088379,5225.620388031006
CE(18:1),8486.980575561523,8089.660606384277,8101.480606079102,8454.780601501465,9800.820709228516,7797.720546722412,9223.440635681152,8370.420539855957
CE(18:2),12010.580780029297,10359.660705566406,9949.70079421997,12558.00089263916,13884.281066894531,8732.02063369751,9236.140632629396,8408.400588989258
CE(18:3),5241.320373535156,5795.760406494141,5625.400428771973,6213.380451202393,7216.48051071167,5712.860385894775,5724.180366516113,5489.3203773498535
CE(19:0),5612.640384674072,5717.040416717529,5377.520393371582,5419.540386199951,5708.520370483398,5525.100399017334,5846.760402679443,5571.8803787231445
CE(20:0),5629.360397338867,6243.540420532227,5409.220397949219,5488.040374755859,5751.560386657715,5587.660388946533,6718.320484161377,5696.620391845703
CE(20:1),5145.720344543457,5303.160385131836,5136.700374603272,5327.360363006592,5419.42036819458,5294.440338134766,5364.300369262695,5201.240364074707
CE(20:3),5415.300369262695,5641.960346221924,5243.420398712158,5148.840351104736,5576.100379943848,5516.160385131836,5322.380344390869,5189.860370635986
CE(20:4),10609.280780792236,9335.30058670044,6675.44051361084,6978.180469512939,7921.940567016602,6201.90043258667,6757.060501098633,6435.020469665527
CE(20:5),5510.220386505127,5469.46036529541,5237.240383148193,5215.740379333496,5588.320404052734,5398.220359802246,5625.640350341797,5383.280387878418
CE(22:0),5198.880332946777,5178.080348968506,5226.900363922119,5274.380382537842,5395.300392150879,5215.420352935791,5325.860355377197,5252.720352172852
CE(22:1),5319.360382080078,5486.480365753174,5228.640365600586,5371.460395812988,5673.540370941162,5294.200344085693,5605.740379333496,5339.080360412598
CE(22:2),5153.240352630615,5187.040378570557,5111.600395202637,5188.3803787231445,5248.960388183594,5170.500358581543,5481.840377807617,5222.74036026001
CE(22:3),5125.260364532471,5164.660346984863,5055.720375061035,5147.940361022949,5079.180328369141,5093.760368347168,5195.52033996582,5195.660346984863
CE(22:5),5346.640380859375,5682.460430145264,5224.560386657715,5683.500392913818,5461.480388641357,5335.2603759765625,5380.8803787231445,5289.1803855896
CE(22:6),8606.920528411865,9521.160682678224,7416.460548400879,7065.140483856201,8425.760643005371,7237.360492706299,8781.16061782837,6522.400463104248
CE(24:1),5217.360374450684,5290.420387268066,5180.440380096436,5191.780349731445,5305.780372619629,5208.440361022949,5215.48038482666,5193.180351257324
CE(46:3;O2),5118.440349578857,5069.060359954834,5063.960372924805,5081.540344238281,5079.440322875977,5095.940364837647,5080.980323791504,5081.200366973877
CE(48:3;O2),5072.560333251953,5109.440349578857,5056.96036529541,5080.900341033936,5084.5403480529785,5069.3603439331055,5168.100322723389,5159.600353240967
CE(50:3;O2),5102.100353240967,5090.860363006592,5079.520366668701,5081.180347442627,5081.240345001221,5097.200328826904,5151.500331878662,5129.460350036621
CE(52:3;O2),5066.380355834961,5126.920372009277,5075.300346374512,5100.740352630615,5107.820358276367,5066.720367431641,5138.480346679688,5074.640312194824
Cer(d12:0/14:0),1213.8800811767578,1080.060073852539,1256.54008102417,1229.8800964355469,1068.7800750732422,1185.5400848388672,1176.5400772094729,1065.2600555419922
"Cer(d14:2(4E,6E)/16:0)",1071.1000785827637,1073.4200820922852,1145.660083770752,1139.4800910949707,1082.760082244873,1192.2800827026367,1074.9400787353516,1226.140079498291
"Cer(d14:2(4E,6E)/18:1(9Z))",1102.0600814819336,1072.680076599121,1223.5800857543943,1176.2600860595703,1091.0200843811035,1159.6000785827637,1062.9200706481934,1108.04008102417
"Cer(d14:2(4E,6E)/20:1(11Z))",1071.020076751709,1072.2800827026367,1205.1200790405271,1121.320083618164,1079.4400672912598,1104.0600700378418,1113.5200729370115,1065.1800918579102
Cer(d15:1/16:0),1147.3200721740725,1122.1800842285156,1235.5400848388672,1121.940086364746,1093.6000747680664,1130.2800827026367,1150.6800842285156,1082.420078277588
"Cer(d15:2(4E,6E)/20:0)",1260.6200942993164,1202.160083770752,1383.8800926208496,1131.780086517334,1115.1600914001465,1223.0800704956057,2154.9401473999023,1142.420078277588
"Cer(d15:2(4E,6E)/22:0)",1156.640079498291,1132.2400741577148,1260.5200691223145,1178.6200981140137,1128.2200813293457,1135.6400871276855,1268.1800842285156,1144.8600730895996
Cer(d16:1/17:0),1135.1200790405271,1094.9600791931152,1138.54008102417,1091.580078125,1064.3400802612305,1125.4600791931152,1118.9400749206543,1068.0400733947754
Cer(d16:1/23:0),1071.560073852539,1126.8400802612305,1123.340087890625,1181.6200790405271,1078.2400817871094,1064.680076599121,1177.7600746154783,1128.1600761413574
Cer(d18:0/13:0),1071.2400817871094,1177.0600852966309,1120.3400764465332,1259.6400871276855,1064.1800727844238,1148.840072631836,1062.3200759887695,1088.620086669922
Cer(d18:0/14:0),1119.0000801086426,1127.140079498291,1266.6400871276855,1218.2200965881348,1090.880084991455,1196.6000900268557,1166.3600730895996,1238.4200820922852
Cer(d18:0/15:0),1195.8200759887695,1072.12007522583,1106.3400840759275,1127.7400932312012,1065.820083618164,1074.12007522583,1062.580078125,1065.1000785827637
Cer(d18:0/16:0),1219.5000915527344,1136.960075378418,1245.8200912475586,1126.4200820922852,1111.2800788879397,1488.020107269287,1116.740077972412,1282.6800994873047
Cer(d18:0/17:0),1071.820083618164,1072.4200630187988,1254.0800971984863,1226.6600914001465,1136.9800758361816,1158.5000762939453,1164.7000885009766,1077.780071258545
Cer(d18:0/18:0),1137.020076751709,1198.3400840759275,1128.6200675964355,1209.2000846862793,1064.560073852539,1189.54008102417,1089.1800689697266,1155.1600761413574
Cer(d18:0/19:0),1087.1400718688965,1138.5400733947754,1117.1200790405271,1155.460090637207,1064.580078125,1132.6600761413574,1063.220069885254,1077.2000846862793
Cer(d18:0/20:0),1107.840068817139,1135.640079498291,1220.2600784301758,1361.0401039123535,1065.2800788879397,1293.9200897216797,1195.1800727844238,1214.860080718994
Cer(d18:0/21:0),1373.5600929260254,1857.8201293945312,1458.1800918579102,1547.1401329040527,1291.0600929260254,2183.1001358032227,1548.1401023864746,1425.900089263916
Cer(d18:0/22:0),1217.8600845336914,1416.7200965881348,1348.7000923156738,1356.900089263916,1233.1200828552246,1317.660099029541,1383.1801071166992,1121.1800804138184
Cer(d18:0/23:0),1130.4800758361816,1401.6200942993164,1127.6600723266602,1360.7200889587402,1148.5000839233398,1260.9800834655762,1332.1000862121582,1221.9001083374023
Cer(d18:0/24:0),1225.9800872802734,1307.2000923156738,1168.380084991455,1226.4000816345217,1114.0200843811035,1352.5401077270508,1436.0600967407229,1172.9200744628906
Cer(d18:0/25:0),1227.3000831604004,1260.7800903320312,1382.6601104736328,1413.1001091003418,1131.5000762939453,1448.0001106262207,1324.2600936889648,1302.4601020812988
Cer(d18:0/26:0),1150.220085144043,1239.0400886535645,1141.9600830078125,1318.0200843811035,1078.240077972412,1179.64009475708,1185.9200897216797,1182.6600646972656
Cer(d18:0/27:0),1146.0800857543943,1112.300064086914,1188.360088348389,1090.8000793457031,1065.62007522583,1120.600082397461,1098.1200828552246,1065.4600715637207
Cer(d18:0/29:0),1071.7200775146484,1168.1600799560547,1136.1200790405271,1192.300090789795,1151.1400909423828,1170.4800720214844,1071.600067138672,1115.180076599121
Cer(d18:0/30:0),1071.1200790405271,1072.520076751709,1072.7000770568848,1103.0400733947754,1065.6400871276855,1177.860088348389,1115.860065460205,1065.2600708007812
Cer(d18:0/31:0),1123.8000831604004,1154.0400848388672,1091.680076599121,1191.320087432861,1145.2400856018066,1173.280086517334,1196.4600791931152,1082.6400756835938
Cer(d18:0/32:0),1092.5600776672363,1095.140079498291,1073.740077972412,1118.500087738037,1064.9200744628906,1083.8400802612305,1097.1600761413574,1084.420066833496
Cer(d18:0/h17:0),1071.3000717163086,1185.2000999450684,1115.9800834655762,1089.9600791931152,1087.4600791931152,1147.160083770752,1145.240089416504,1064.8400764465332
Cer(d18:0/h24:0),1195.7200927734375,1078.3400802612305,1110.8800735473633,1078.9200820922852,1065.0400772094729,1153.7800827026367,1107.060089111328,1226.7000923156738
Cer(d18:0/h26:0),1073.2000885009766,1118.2000732421875,1109.280071258545,1097.7800827026367,1065.080078125,1205.9400825500488,1097.0600662231443,1103.5400886535645
Cer(d18:1/12:0),1197.820083618164,1119.760082244873,1182.8800773620603,1105.000072479248,1079.720085144043,1119.6000785827637,1126.6800804138184,1150.8800811767578
Cer(d18:1/14:0),1094.400074005127,1154.1200790405271,1159.9800758361816,1318.4200897216797,1125.0200805664062,1192.6000862121582,1143.1200828552246,1074.5800743103027
Cer(d18:1/16:0),3514.3602981567383,3455.6202354431152,4311.080299377441,4436.560222625732,2777.320167541504,6142.360569000244,4971.480335235596,3980.600280761719
Cer(d18:1/17:0),1171.6200828552246,1150.7400703430176,1320.2800903320312,1272.2000885009766,1096.4400787353516,1207.020092010498,1089.960075378418,1160.0400848388672
Cer(d18:1/18:0),1454.080108642578,1514.4001121520996,1757.9401206970217,1405.2800903320312,1474.240089416504,2042.8201370239256,1373.540096282959,1470.340103149414
Cer(d18:1/18:1(9Z)),1179.6800804138184,1155.080078125,1252.600082397461,1568.300121307373,1092.1800842285156,1206.9800758361816,1125.8800888061523,1202.9600791931152
Cer(d18:1/19:0),1123.04008102417,1095.7200813293457,1089.340068817139,1182.3000946044922,1107.680076599121,1165.3200798034668,1173.5200805664062,1106.8400764465332
Cer(d18:1/20:0),1400.2401084899902,2765.1802253723145,2316.880168914795,1846.060131072998,1449.9401016235352,2064.4001502990723,2874.8801918029785,1712.600112915039
Cer(d18:1/22:0),7063.000450134277,18695.640758514404,6144.720539093018,10847.000900268557,6335.720302581787,19414.30142211914,16865.66114425659,4220.840301513672
Cer(d18:1/23:0),2885.2602195739746,4288.920223236084,2029.1001358032229,3358.6202087402344,2430.9601249694824,5157.600292205811,4085.880325317383,1648.3801231384275
Cer(d18:1/24:0),5899.620471954346,10714.060653686523,5335.440414428711,9608.140769958496,5193.900436401367,13171.081066131592,9140.620937347412,3140.600269317627
Cer(d18:1/24:1(15Z)),8760.400646209717,18286.44095993042,7030.960594177246,14916.581203460692,7589.640609741211,21064.141513824463,15453.601234436035,5473.0805015563965
Cer(d18:1/25:0),1317.1800994873047,1611.9601211547852,1577.3601188659668,1580.4001159667969,1305.7400856018066,1824.0001220703125,1473.4201049804688,1287.3800964355469
Cer(d18:1/26:0),1196.4000816345217,1241.1800842285156,1187.5600814819336,1300.0600929260254,1109.2800827026367,1282.0800857543943,1403.0800857543943,1187.5200843811035
Cer(d18:1/26:1(17Z)),1167.1600914001465,1134.3000717163086,1135.5600814819336,1282.740089416504,1318.2800979614258,1164.800075531006,1269.6800918579102,1156.8200798034668
Cer(d18:1/27:0),1085.8400802612305,1095.4400787353516,1091.8800811767578,1146.7600860595703,1092.2200736999512,1193.360092163086,1210.140079498291,1101.1200790405271
Cer(d18:1/28:0),1124.9800758361816,1203.8400917053225,1221.000087738037,1087.1000900268557,1078.8000831604004,1125.720069885254,1111.62007522583,1129.3800735473633
Cer(d18:1/29:0),1103.3400764465332,1119.8600769042969,1088.7000732421875,1101.340087890625,1065.3000793457031,1122.620086669922,1090.720069885254,1065.6000785827637
Cer(d18:1/2:0),1158.6400871276855,1133.0600776672363,1142.100067138672,1422.780101776123,1200.4200820922852,1072.6400718688965,1169.8400802612305,1161.200065612793
Cer(d18:1/30:0),1104.280086517334,1072.8800811767578,1127.4800758361816,1070.0600776672363,1112.7600898742676,1083.6800651550293,1139.600082397461,1064.4400749206543
Cer(d18:1/31:0),1103.220085144043,1073.280071258545,1112.2600784301758,1144.1800804138184,1065.4600715637207,1112.400074005127,1073.8000831604004,1064.4400787353516
Cer(d18:1/32:0),1079.580078125,1161.620086669922,1109.300075531006,1069.200080871582,1100.840072631836,1172.2000885009766,1129.940086364746,1100.2800750732422
Cer(d18:1/33:0),1080.6200714111328,1141.1600723266602,1150.4200820922852,1071.6200790405271,1105.9800758361816,1081.8800811767578,1179.3000831604004,1071.6000709533691
Cer(d18:1/34:0),1212.3800773620603,1207.820083618164,1189.0800666809082,1223.9200820922852,1104.5600700378418,1189.3600730895996,1208.2800750732422,1113.8800773620603
Cer(d18:1/35:0),1072.1000709533691,1150.3800888061523,1084.3800773620603,1197.7200965881348,1157.62007522583,1140.9000854492188,1149.1600799560547,1133.7200736999512
Cer(d18:2/14:0),1118.680076599121,1108.4800643920898,1130.760082244873,1173.8200759887695,1103.560073852539,1095.1200828552246,1198.8200759887695,1107.580078125
Cer(d18:2/15:0),1071.5000801086426,1073.2600784301758,1107.0200729370115,1177.8800926208496,1176.4200744628906,1081.580078125,1062.1800689697266,1140.820087432861
Cer(d18:2/16:0),1349.9000930786133,1239.480079650879,1441.2801055908203,1289.14009475708,1163.360088348389,1159.9400825500488,1098.460075378418,1212.7200813293457
Cer(d18:2/18:1),1113.5200729370115,1098.800075531006,1141.12007522583,1287.1000785827637,1064.980079650879,1081.9800834655762,1083.480079650879,1079.880069732666
Cer(d18:2/20:0),1148.3000793457031,1181.1800804138184,1263.920093536377,1260.0200843811035,1175.9400749206543,1459.080108642578,1456.680103302002,1094.5800857543943
Cer(d18:2/20:1),1150.7800750732422,1130.0000839233398,1116.2200813293457,1185.680088043213,1064.220069885254,1122.4000778198242,1064.380069732666,1099.1800727844238
Cer(d18:2/21:0),1077.0200805664062,1072.9200744628906,1096.8600769042969,1069.2000732421875,1111.9600791931152,1177.0400772094729,1105.9600677490234,1065.2800750732422
Cer(d18:2/22:0),1837.2201309204104,3126.7402725219727,2634.020217895508,2062.100151062012,1800.4401397705078,3534.1402587890625,3266.120216369629,1465.7200927734375
Cer(d18:2/23:0),1412.320110321045,1540.7201118469238,1154.3200798034668,1460.6201133728027,1093.740089416504,1515.5801010131836,1595.0801239013672,1269.4200973510742
Cer(d18:2/25:0),1108.280071258545,1072.5800743103027,1073.060073852539,1203.5000915527344,1119.980079650879,1088.2000770568848,1062.9600715637207,1109.680088043213
Cer(d18:2/27:0),1071.1800804138184,1138.6600761413574,1180.440086364746,1069.6000709533691,1065.160083770752,1064.7600746154783,1160.1000709533691,1065.300075531006
Cer(d18:2/28:0),1072.040069580078,1100.6600761413574,1072.9000778198242,1093.340087890625,1065.9000701904297,1064.1600761413574,1062.720069885254,1159.580093383789
Cer(d18:2/29:0),1104.9000778198242,1072.060073852539,1085.340072631836,1098.9800758361816,1065.2800636291504,1064.5800704956057,1063.1000785827637,1064.720069885254
Cer(d18:2/30:0),1071.5400619506836,1072.6400718688965,1101.0600814819336,1069.720069885254,1064.8200721740725,1079.2600784301758,1126.580078125,1090.6200828552246
Cer(d18:2/32:0),1071.8600769042969,1072.8200798034668,1137.9000854492188,1175.380084991455,1065.7200775146484,1065.580078125,1063.7600784301758,1065.3400764465332
Cer(d20:0/26:0),1201.8600845336914,1110.8800735473633,1210.6600914001465,1126.6600875854492,1082.7800788879397,1166.3400802612305,1268.9800720214844,1234.2200927734375
CerP(d18:0/16:0),1216.480079650879,1153.800075531006,1178.9600868225098,1135.4600830078125,1134.9800720214844,1223.6800918579102,1103.8200759887695,1074.0600776672363
CerP(d18:1/12:0),1225.4600830078125,1138.8000869750977,1238.100082397461,1207.7200965881348,1233.1600914001465,1190.160083770752,1150.4400749206543,1450.56010055542
CerP(d18:1/14:0),1119.900074005127,1284.700080871582,1440.4600982666016,1306.1800918579102,1323.0400924682615,1133.7400741577148,1246.9400939941406,1240.1000938415527
CerP(d18:1/16:0),3302.080207824707,3976.9201850891113,2203.5001487731934,3640.940231323242,2410.8201942443848,3916.3402824401855,3817.960285186768,2147.200164794922
CerP(d18:1/18:0),1800.1801261901855,2641.460235595703,1697.2001342773438,2376.9601554870605,1512.5601043701172,2737.820224761963,1904.1601371765137,1858.5801239013672
CerP(d18:1/20:0),1139.6200828552246,1072.340072631836,1123.660068511963,1132.9600830078125,1065.6000747680664,1121.220085144043,1062.8200645446775,1163.120086669922
CerP(d18:1/22:0),1113.5800743103027,1192.7800941467283,1101.2400856018066,1226.3800888061523,1065.560073852539,1255.1800842285156,1075.1800689697266,1077.7800788879397
CerP(d18:1/24:0),1107.8800735473633,1155.6600799560547,1087.2200775146484,1117.4200820922852,1065.160083770752,1064.400074005127,1225.500087738037,1097.9000816345217
CerP(d18:1/24:1(15Z)),1145.360088348389,1106.7600746154783,1100.700080871582,1130.440071105957,1064.6600799560547,1169.6400833129885,1115.2600898742676,1221.8200798034668
CerP(d18:1/26:0),1073.2200813293457,1247.1400871276855,1086.3400764465332,1101.1600914001465,1065.6800804138184,1083.3800811767578,1248.7400856018066,1141.480094909668
CerP(d18:1/26:1(17Z)),1251.7800941467283,1312.2800941467283,1291.520092010498,1276.4000854492188,1153.5400848388672,1512.0801048278809,1360.380100250244,1283.0800819396973
CerP(d18:1/2:0),1140.4600677490234,1133.5800743103027,1169.520076751709,1182.5200881958008,1095.6800727844238,1071.3200721740725,1113.6800727844238,1110.6000785827637
CerP(d18:1/8:0),1233.760082244873,1079.820068359375,1233.2400856018066,1100.440086364746,1109.4000778198242,1235.7600898742676,1111.1600761413574,1141.060073852539
DG(24:0)_C16:0,1824.54012298584,1989.780139923096,1754.0401153564453,1807.380123138428,1739.2201118469238,1917.6201362609863,1707.7401161193848,1728.380126953125
DG(24:0)_C18:0,1794.2201118469238,1945.7601356506348,2125.24015045166,2041.1801300048828,1684.3001251220703,2147.720146179199,1875.1801223754885,1752.1601295471191
DG(26:0)_C16:0,1819.3601150512693,2064.5201301574707,1785.2001304626465,1774.0201263427734,1755.7801055908203,1882.220142364502,1941.4201316833496,1716.9001350402832
DG(26:0)_C18:0,1755.2801322937012,2277.560173034668,1826.2801361083984,2218.840167999268,1783.9001388549805,2196.2601432800293,1748.500129699707,1907.8001327514648
DG(28:1)_C16:0,1685.7601051330566,1884.6801300048828,1747.5201225280762,1771.4601249694824,1756.08012008667,1784.0801315307615,1784.7801208496094,1745.6401290893557
DG(28:1)_C16:1,1884.220111846924,1885.9401321411133,1948.620147705078,2097.900157928467,2052.640151977539,1925.960132598877,1974.5401306152344,1977.5401306152344
DG(28:1)_C18:0,2749.6602096557617,3092.2801933288574,3094.8802337646484,3048.5802154541016,3285.7201919555664,2850.8001976013184,2513.4401779174805,2316.480155944824
DG(28:1)_C18:1,2966.1602096557617,2678.8801803588867,4571.580322265625,2963.200206756592,2590.420177459717,3358.620220184326,2788.66019821167,3037.0802116394043
DG(28:2)_C16:0,1676.1401176452637,2030.960147857666,1868.5001487731931,1869.4401245117188,1673.8001289367676,2012.340145111084,1841.2801361083984,1849.440128326416
DG(28:2)_C16:1,1904.7801246643064,1983.240146636963,2015.24015045166,2215.000160217285,1979.4201278686523,2061.900135040283,1994.0601196289065,2030.3801307678225
DG(28:2)_C18:0,1682.860126495361,1841.8201293945312,1738.360122680664,1817.340133666992,1769.820125579834,1861.3401374816892,1822.6601181030276,1714.3601150512695
DG(28:2)_C18:1,35772.26258850098,35290.04251098633,106114.20721435548,38304.0626373291,36912.28237915039,48097.4836730957,36260.102630615234,36450.90246582031
DG(28:2)_C18:2,2317.500175476074,2064.9001388549805,2416.520168304444,2195.820137023926,2143.3401527404785,2685.960178375244,2170.400154113769,2353.640163421631
DG(29:0)_C16:0,1908.1201248168943,1818.6001167297363,1824.4201278686523,1880.6201553344729,1757.2001190185547,2085.720146179199,1788.500129699707,1835.040126800537
DG(29:0)_C18:0,1740.2001190185547,1860.5201263427732,1758.500129699707,1728.280117034912,1922.3401489257808,1680.820125579834,1703.3801231384275,1728.6601104736328
DG(29:1)_C16:0,1719.6801147460938,1791.940128326416,1716.9401092529297,1683.0001182556152,1674.0201034545898,1745.4801330566406,1735.7601203918457,1742.5201263427734
DG(29:1)_C16:1,2013.3201332092283,1983.100128173828,1903.16011428833,2164.100151062012,2052.7001457214355,1924.16011428833,1958.8201332092283,2025.560146331787
DG(29:1)_C18:0,1806.340129852295,1837.9801216125488,1965.2201309204104,1685.4201202392578,1771.1201171875,2000.2601203918457,1768.6601219177246,1753.9001388549805
DG(29:1)_C18:1,2317.300148010254,2334.720157623291,3527.820255279541,2414.7401695251465,2632.8401832580566,2579.960189819336,2090.3201446533203,2465.2801818847656
DG(29:2)_C16:0,1797.8801193237305,1837.900127410889,1800.4001235961914,1858.620128631592,1768.8401260375977,1991.7001304626465,1806.840129852295,1742.980125427246
DG(29:2)_C16:1,1904.540126800537,1975.340129852295,1878.26012802124,1967.540134429932,2112.960159301758,2037.580150604248,1990.100128173828,1956.8201370239256
DG(29:2)_C18:0,2828.5802116394043,3624.0002822875977,2744.5201835632324,2868.560176849365,2544.660182952881,2812.4001960754395,2422.520175933838,2340.9601669311523
DG(29:2)_C18:1,2561.2401809692383,2991.7002143859863,3577.3202590942383,2447.0801582336426,2335.020160675049,2944.200206756592,2358.8401641845703,2688.080173492432
DG(29:2)_C18:2,2359.740165710449,2084.460136413574,2383.220169067383,2203.3201484680176,2207.240161895752,2422.56018447876,2360.280158996582,2305.76016998291
DG(30:0)_C16:0,1841.3201217651367,2297.2001457214355,1923.300121307373,1997.280143737793,1841.76012802124,2276.260150909424,2107.100154876709,1847.2401237487795
DG(30:0)_C18:0,1897.880123138428,1961.400131225586,1866.720142364502,1696.1601295471191,1694.9401168823242,1748.6201210021973,1809.040126800537,1829.020122528076
DG(30:1)_C16:0,2149.000156402588,3899.520263671875,2423.7401695251465,3017.220226287842,1961.860122680664,3692.38028717041,2905.520198822021,2319.2801551818848
DG(30:1)_C16:1,2182.760166168213,2087.860134124756,2072.340137481689,2362.7001724243164,2131.6401290893555,2123.6801414489746,2480.560176849365,2172.580142974853
DG(30:1)_C18:0,1972.6401290893557,1897.520122528076,2391.3201751708984,2264.480159759521,2370.380172729492,1922.4201278686523,1694.2601203918457,1942.1601295471191
DG(30:1)_C18:1,3607.000232696533,5537.600387573242,9246.54069519043,3402.5202560424805,3751.8002586364746,3967.460266113281,3436.300247192383,3709.4402465820312
DG(30:2)_C16:0,2558.820167541504,3585.1402168273926,2510.5001640319824,3463.100254058838,2201.7201499938965,5800.080410003662,3574.480281829834,2032.1601371765137
DG(30:2)_C16:1,2852.6801986694336,3612.100288391113,2914.700210571289,3732.680282592773,3849.5402488708496,2939.0202026367188,3645.92025756836,3707.460262298584
DG(30:2)_C18:0,1725.5201263427734,1752.9001235961914,1848.5001258850095,1766.600128173828,1695.5801124572754,1734.8401107788086,1777.220127105713,1776.8801155090332
DG(30:2)_C18:1,8887.840644836426,10074.42067718506,27282.42193603516,10012.140697479248,10277.080711364746,13571.721069335938,10971.580711364746,9337.32063293457
DG(30:2)_C18:2,3310.9202194213867,2784.820171356201,3167.940254211426,2905.300205230713,2561.640182495117,3487.5002517700195,2862.980178833008,3230.8002128601074
DG(30:3)_C16:0,1734.240104675293,1798.3201217651367,1671.860107421875,1740.2801361083984,1683.7401161193848,1876.100128173828,1795.140121459961,1698.4601364135742
DG(30:3)_C16:1,2711.4201889038086,5400.360427856445,2206.520156860352,6844.2805099487305,5841.140487670898,5374.040390014648,7033.300437927246,6037.100452423096
DG(30:3)_C18:0,1777.300121307373,1852.9201278686523,1907.740146636963,1754.8001136779783,1736.960117340088,1819.16011428833,1738.4201126098633,1733.340129852295
DG(30:3)_C18:1,2087.580150604248,2232.840160369873,2327.780158996582,2027.220165252685,1958.9001388549805,1994.760150909424,1943.9001235961916,1957.160144805908
DG(30:3)_C18:2,2631.7402000427246,2173.000156402588,2518.120189666748,2724.920181274414,2335.360153198242,2352.1201667785645,2347.880153656006,2524.520179748535
DG(31:0)_C16:0,2102.5201416015625,2470.2401695251465,2051.060146331787,2106.0201301574707,2011.0201263427732,2368.5001525878906,2169.400157928467,2164.6001472473145
DG(31:0)_C18:0,1825.200122833252,1742.0001220703125,1768.9801063537598,1912.02014541626,1789.3801307678225,1753.4801216125488,1687.4801292419434,1844.3201332092283
DG(31:1)_C16:0,1729.7401123046875,1860.600128173828,1773.7601280212402,1701.9601287841797,1791.5201301574707,1999.0201377868648,1795.18013381958,1799.9601249694824
DG(31:1)_C16:1,1926.160144805908,1956.080135345459,2092.460136413574,2202.7001457214355,2204.4401626586914,1992.3001441955569,2309.9801750183105,2157.3201332092285
DG(31:1)_C18:0,1827.200138092041,1822.420108795166,1814.140121459961,1740.220127105713,1920.440128326416,1842.4201354980469,1742.7601203918457,1842.040134429932
DG(31:1)_C18:1,2401.9001808166504,3408.8602561950684,7085.560508728027,2873.5802040100098,2722.200183868408,3601.1802406311035,3005.76021194458,3108.240226745605
"DG(31:2),DG(P-14:0/18:1)_C16:0",1937.280128479004,2075.9401512146,1929.860145568848,1757.0401306152344,1756.5001106262207,1853.3801307678225,1779.360122680664,1783.9001350402832
"DG(31:2),DG(P-14:0/18:1)_C16:1",1973.0801315307615,1947.4801330566409,1934.8401412963867,2015.9601440429688,1982.7401390075684,1938.540138244629,2307.7201538085938,1955.380126953125
"DG(31:2),DG(P-14:0/18:1)_C18:0",1743.6401329040527,1884.7601203918457,1969.0201416015625,1821.9401321411133,1865.9201354980469,1747.0401306152344,1783.3801155090332,1910.2401313781736
"DG(31:2),DG(P-14:0/18:1)_C18:1",2809.440193176269,2816.6001777648926,5640.1404457092285,2426.000171661377,2604.880176544189,3257.32022857666,3218.640243530273,3107.380210876465
"DG(31:2),DG(P-14:0/18:1)_C18:2",2230.920162200928,2214.560165405273,2311.480167388916,2400.3001594543457,2221.080150604248,2414.280174255371,2190.8401641845703,2193.980155944824
DG(31:3)_C16:0,1746.3201217651367,1773.6001358032229,1747.740119934082,1685.6001167297363,1696.960105895996,1767.1201362609863,1710.360126495361,1735.2401161193848
DG(31:3)_C16:1,2058.8201484680176,2059.880138397217,1887.5001258850095,1984.0201377868648,1905.16011428833,1890.3801345825195,2242.72017288208,2031.1601257324216
DG(31:3)_C18:0,1693.9601020812988,1843.5801124572756,1798.600128173828,1769.5201110839844,1907.1001358032229,1968.980136871338,1754.900119781494,1760.2401313781738
DG(31:3)_C18:1,1921.3001327514648,1946.460147857666,2235.180156707764,1916.2001304626465,1914.5401306152344,2048.220146179199,1979.6601333618164,2104.0401496887207
DG(31:3)_C18:2,2464.4001693725586,2141.4601516723637,2223.6801681518555,2192.720165252685,2126.980155944824,2219.440158843994,2293.6001586914062,2269.860176086426
DG(32:0)_C16:0,3254.1402282714844,4662.280307769775,2882.16019821167,4349.8203201293945,3145.180229187012,4507.140335083008,3680.860244750977,2918.960189819336
DG(32:0)_C18:0,1978.740146636963,2014.460132598877,1851.5801162719729,1965.360149383545,1997.160140991211,1939.940143585205,1953.6001358032229,1823.600128173828
DG(32:1)_C16:0,2544.840175628662,3925.060291290283,2792.7602005004883,3204.0202255249023,2399.0801544189453,4421.36026763916,2806.900203704834,2615.9401779174805
DG(32:1)_C16:1,2618.380199432373,4217.320346832275,2936.260227203369,4977.740367889404,4745.560371398926,4247.320243835449,5383.140407562256,5407.940448760986
DG(32:1)_C18:0,2795.380187988281,3895.680316925049,3492.4202575683594,2851.16019821167,2940.4802017211914,2963.3201866149902,2665.400173187256,2752.9801864624023
DG(32:1)_C18:1,4614.080272674561,7206.220531463623,12413.340927124023,5610.300369262695,4823.220367431641,6704.36047744751,5007.640380859375,6058.400428771973
DG(32:2)_C16:0,1932.9001388549805,2359.780174255371,2224.6001472473145,1928.760124206543,1967.6001167297363,2096.7801551818848,2071.7401542663574,1866.940128326416
DG(32:2)_C16:1,2414.7201766967773,3088.740222930908,2574.3001861572266,3917.3602714538574,3827.8402709960938,3658.160251617432,4727.000350952148,4677.220401763916
DG(32:2)_C18:0,1905.9201278686523,1873.9201354980469,1868.0601196289065,1994.3601303100584,1791.1001205444336,1876.3601417541504,1954.680126190185,1894.18013381958
DG(32:2)_C18:1,7158.800552368164,7876.460556030273,17779.801300048828,8678.920574188232,7097.680435180664,9204.920658111572,6771.240509033203,7333.76049041748
DG(32:2)_C18:2,3066.5402297973637,3470.7202529907227,2998.68021774292,5156.600318908691,3046.380214691162,6095.720413208008,5182.480308532715,4225.060272216797
DG(32:3)_C16:0,1699.440113067627,1960.260124206543,1687.1601181030271,1764.9601135253906,1778.3401222229004,1736.8201179504397,1755.5801239013672,1731.9601287841797
DG(32:3)_C16:1,1966.5201301574707,1990.8201446533203,1967.900127410889,2039.500144958496,2050.260131835937,2063.0001525878906,1920.4601249694824,2152.580142974853
DG(32:3)_C18:0,1799.8801383972168,1749.6001205444336,1881.6401252746584,1815.740135192871,1952.5201263427732,1984.980152130127,1723.660125732422,1796.2001190185547
DG(32:3)_C18:1,2018.3401489257808,2226.9001693725586,3001.380207061768,2181.5401573181152,2332.6601371765137,2425.840175628662,2175.7201499938965,2158.720157623291
DG(32:3)_C18:2,2850.5802040100098,2350.180160522461,2368.2001609802246,3298.780227661133,2395.280174255371,3088.0802154541016,2322.320140838623,2812.0601921081543
DG(32:5)_C16:0,7884.780570983887,12772.30093383789,10327.000717163086,8555.380592346191,6026.500427246094,9888.340629577637,8532.880661010742,5840.620403289795
DG(32:5)_C16:1,2493.720169067383,2276.4801445007324,2331.120174407959,2379.080173492432,2384.300148010254,2208.5401611328125,2616.0001640319824,2733.380195617676
DG(32:5)_C18:0,7246.860500335693,6864.82048034668,7917.480548858643,7887.720539093018,7415.28050994873,7366.340579986572,6106.500427246094,4847.780368804932
DG(32:5)_C18:1,98087.80627441406,104044.26754760742,334955.18322753906,106341.04794311523,110989.26837158205,146110.20950317383,105348.26690673828,109166.74768066406
DG(32:5)_C18:2,12025.680850982666,7387.980537414551,10025.060695648192,9354.2406539917,5753.1804275512695,11423.100772857666,8050.9605140686035,13527.96089553833
DG(33:0)_C16:0,2626.300193786621,3262.820251464844,2222.3001403808594,2212.220165252685,2333.560165405273,2903.620204925537,2534.480178833008,2254.1401596069336
DG(33:0)_C18:0,1923.880126953125,2024.3001327514648,1905.220142364502,1990.8001441955569,1944.040153503418,2101.420150756836,1821.0601196289065,1805.96012878418
"DG(33:1),DG(O-34:1)_C16:0",1822.0401306152344,2005.8801345825195,1842.6601295471191,1949.9601402282717,1783.9801177978516,1892.2001266479488,1883.6401405334475,1849.420124053955
"DG(33:1),DG(O-34:1)_C16:1",2438.1601638793945,2891.240188598633,2395.6601600646973,2738.2401695251465,2714.4201889038086,2531.3601684570312,2913.360210418701,2603.1601905822754
"DG(33:1),DG(O-34:1)_C18:0",1812.0801124572756,1955.4201278686523,1849.1001319885252,1901.0201377868648,1711.16011428833,1884.2401313781736,1967.5001411437988,1714.900104522705
"DG(33:1),DG(O-34:1)_C18:1",3675.44026184082,3704.80025100708,7826.340553283691,3811.760265350342,3557.7402420043945,4581.120300292969,3728.38024520874,4145.740291595459
DG(33:2)_C16:0,1914.7401237487795,2093.960121154785,1859.96012878418,1892.620132446289,1864.320125579834,2069.2001457214355,1916.380123138428,1893.7001419067385
DG(33:2)_C16:1,1968.10013961792,2019.04012298584,1912.68013381958,2340.08016204834,2163.1401329040527,1995.1201438903809,2034.200134277344,2416.580165863037
DG(33:2)_C18:0,1927.6801414489744,1748.4001083374023,1850.060115814209,1811.3401222229004,1738.0601196289062,1852.8401260375977,1752.4601211547852,1811.680126190185
DG(33:2)_C18:1,2357.6001586914062,2305.1001625061035,3249.460216522217,2438.4001693725586,2251.00016784668,2482.140167236328,2372.4201431274414,2278.640167236328
DG(33:2)_C18:2,2413.160167694092,2653.9001960754395,2491.1401710510254,3573.4202766418457,2457.3601684570312,3169.900257110596,2568.720184326172,2787.7601928710938
DG(33:3)_C16:0,1796.2001037597656,1725.3001289367676,1777.3001174926758,1736.9201316833496,1847.280117034912,1821.0401191711424,1829.5401306152344,1803.8001251220703
DG(33:3)_C16:1,1905.2401161193848,1919.7801361083984,1979.8601303100584,2043.6201515197756,1989.620132446289,1941.060146331787,2009.0401420593264,2079.280143737793
DG(33:3)_C18:0,1834.1601257324216,1796.0801315307615,1771.8401260375977,1757.1601371765137,1805.360122680664,1749.000114440918,1778.3601303100586,1830.2401275634768
DG(33:3)_C18:1,2032.8401412963867,1926.860134124756,2317.500160217285,1978.8801574707031,1977.6601371765137,2084.9201316833496,2138.2001419067383,2217.2401542663574
DG(33:3)_C18:2,2510.460163116455,2338.4801712036133,2171.400157928467,2351.3001594543457,2226.9401626586914,2474.780174255371,2402.080177307129,2483.620178222656
DG(33:4)_C16:0,1748.3801307678225,1852.2401275634768,1750.440113067627,1846.3801193237305,1855.7401542663572,1817.1801300048828,1725.5601234436035,1789.8601379394531
DG(33:4)_C16:1,1922.220127105713,1969.0601196289065,1893.680126190185,2044.600151062012,1963.1401405334475,1985.2601165771484,1921.800148010254,2025.9201278686523
DG(33:4)_C18:0,2777.4001808166504,2401.640182495117,2229.7801475524902,2456.4001655578613,2424.200168609619,2293.720157623291,2265.5601806640625,2412.2801818847656
DG(33:4)_C18:1,2413.6801719665527,2853.400218963623,3998.860298156738,2434.360164642334,2223.180149078369,2664.320171356201,2209.3601417541504,2281.9601402282715
DG(33:4)_C18:2,2314.200138092041,2292.7401542663574,2372.8401527404785,2404.7801628112798,2194.2001609802246,2628.720188140869,2384.7001762390137,2371.200164794922
DG(33:5)_C16:0,2860.9202194213867,4302.280311584473,3319.3802185058594,3569.000274658203,2749.020168304444,4447.200359344482,3397.740219116211,2750.360210418701
DG(33:5)_C16:1,2262.880172729492,2076.02014541626,2025.7801513671875,2149.140151977539,2103.760139465332,2262.120162963867,2377.540168762207,2122.5201416015625
DG(33:5)_C18:0,3200.940212249756,2715.4402046203613,2979.240207672119,3357.520217895508,2716.9401817321777,3223.160228729248,3294.420215606689,2612.400177001953
DG(33:5)_C18:1,20575.741508483887,21557.041511535645,65809.08502197266,20971.92143249512,23882.36177825928,31467.142318725582,23190.981674194336,22286.521530151367
DG(33:5)_C18:2,2647.5401763916016,2179.2001762390137,2217.680149078369,2285.120162963867,2328.240177154541,2312.140151977539,2331.1001777648926,2540.200183868408
DG(34:0)_C16:0,2192.860149383545,2050.620132446289,2064.9401359558105,2247.080181121826,2083.9801445007324,3157.8002281188965,2103.120143890381,2145.7201538085938
DG(34:0)_C18:0,2313.400154113769,2784.620189666748,2325.620182037353,2640.2801971435547,2255.7801361083984,2996.3801918029785,2547.100170135498,2443.9601554870605
DG(34:1)_C16:0,3826.880226135254,13556.72082901001,6177.920379638672,14516.081260681152,6411.16047668457,16084.761253356934,11296.040584564207,11811.560829162598
DG(34:1)_C16:1,2137.7001457214355,2766.740165710449,2044.260150909424,3667.2802696228023,2671.480197906494,3105.5601692199707,2821.640193939209,4015.920269012451
DG(34:1)_C18:0,1944.3001251220703,2354.4801712036133,2191.200149536133,2144.2601470947266,2040.320140838623,2477.7201805114746,2000.5001411437988,2194.360145568848
DG(34:1)_C18:1,11102.20065689087,11461.40075302124,30299.021514892574,14343.301025390623,16356.701011657717,20153.40158843994,24257.9815826416,25021.52173614502
DG(34:2)_C16:0,10018.620510101318,30150.64191055298,10905.740787506104,27429.48240661621,10342.780715942385,39742.70195388794,15922.381092071531,12305.160972595217
DG(34:2)_C16:1,4088.340278625488,11349.440658569336,3700.840286254883,15969.84098815918,11613.02088546753,13850.060894012451,24250.80176544189,25382.22142028809
DG(34:2)_C18:0,2445.7601776123047,2212.9401473999023,2480.50016784668,2026.5001411437988,2342.200157165528,2175.560157775879,1896.9801292419436,2043.0001525878904
DG(34:2)_C18:1,7257.440467834473,6628.340518951416,16260.68088912964,8538.000534057617,9786.080753326416,10159.820697784424,13149.760871887209,12660.7010307312
DG(34:2)_C18:2,25113.92199325561,60039.40510940552,33538.10223007202,101087.685256958,22664.781883239742,93561.18774795532,83882.06522750854,35534.60246658325
DG(34:3)_C16:0,2122.5601387023926,2926.3402214050293,2060.860137939453,3017.260185241699,2001.4601364135744,3032.120220184326,2058.540142059326,2224.1401748657227
DG(34:3)_C16:1,4266.200336456299,15302.221103668213,4283.160305023193,28759.0419960022,15274.841365814207,14902.540832519531,27489.86197280884,25431.28159713745
DG(34:3)_C18:0,1834.2001190185547,1863.2401237487795,2004.000129699707,2092.920150756836,1768.0401229858398,1895.9601211547847,1866.7801322937007,1889.6601371765137
DG(34:3)_C18:1,13145.0009765625,12037.140914916992,36920.082580566406,13099.980987548828,13327.960983276367,16224.201126098633,11619.320854187012,14093.420944213867
DG(34:3)_C18:2,6870.400482177734,13108.241172790527,7335.240570068359,26413.322345733643,6394.820461273193,24501.461402893063,27417.24264144897,13422.860904693604
"DG(34:4),DG(dO-36:4)_C16:0",1718.400119781494,1814.340129852295,1711.900127410889,1821.080139160156,1799.8401184082031,1817.300136566162,1796.5001258850098,1807.3401222229004
"DG(34:4),DG(dO-36:4)_C16:1",1904.760124206543,2501.72017288208,2101.0401306152344,2958.34020614624,2721.00016784668,2222.7401580810547,2686.7201919555664,2869.680160522461
"DG(34:4),DG(dO-36:4)_C18:0",1832.580135345459,1853.7601356506348,1893.7001304626465,1821.3401374816892,1720.8001251220703,1791.5001258850098,1833.400127410889,1781.920124053955
"DG(34:4),DG(dO-36:4)_C18:1",3548.620246887207,3373.200241088867,6704.560447692871,3078.6601943969727,3800.0002632141113,4208.160293579102,3348.300243377685,3798.200275421143
"DG(34:4),DG(dO-36:4)_C18:2",2640.74019241333,2604.1001930236816,2439.50016784668,3762.520275115967,2439.420166015625,3504.2802543640137,2643.800189971924,2949.220230102539
DG(34:5)_C16:0,1937.240146636963,2654.6001892089844,2174.660148620605,2329.920166015625,2093.8401412963867,2325.440158843994,2317.0601387023926,2009.5201263427732
DG(34:5)_C16:1,1906.76012802124,2048.440143585205,1888.380126953125,2027.6401443481443,1917.9601402282717,2019.300136566162,1960.0601387023928,1886.9601364135744
DG(34:5)_C18:0,2026.4401550292969,1855.14013671875,1981.5801277160645,1973.14013671875,1865.3601303100584,2195.580150604248,1919.320140838623,1862.900131225586
DG(34:5)_C18:1,2489.780166625977,2880.54020690918,5144.5003662109375,2725.580207824707,2755.120204925537,3134.740219116211,2869.5801696777344,2605.4401779174805
DG(34:5)_C18:2,2249.220169067383,2466.880172729492,2354.940170288086,2624.6401863098145,2203.600151062012,2501.2601776123047,2452.320171356201,2596.3201904296875
DG(34:6)_C16:0,1780.860122680664,2155.5601387023926,1889.2601203918457,2049.320156097412,1767.3401222229004,1811.7801208496091,1867.360149383545,1729.3201293945312
DG(34:6)_C16:1,1923.6001243591309,2015.6001434326167,1976.4001350402832,1974.0601234436035,2099.620140075684,1981.2001419067385,1935.980136871338,1883.2601203918457
DG(34:6)_C18:0,1832.600128173828,1842.2001152038572,2044.2601470947263,1827.9001388549805,1831.6601257324216,1934.060146331787,1793.460132598877,1850.860137939453
DG(34:6)_C18:1,1933.60013961792,2067.240131378174,2374.5401725769043,2114.9801330566406,1966.9801406860352,2006.700138092041,2095.8201446533203,2127.040138244629
DG(34:6)_C18:2,2177.420162200928,2174.0001525878906,2204.080146789551,2260.520160675049,2143.9401473999023,2364.76016998291,2298.8801612854004,2386.740165710449
DG(35:3)_C16:0,1762.4201202392578,1956.260139465332,1713.8401260375977,1754.220127105713,1732.5401191711426,1751.560115814209,1821.1001167297363,1732.7001190185547
DG(35:3)_C16:1,2039.3401489257808,1918.8801345825195,1987.76012802124,2050.140151977539,2016.2601432800293,2019.9801330566409,2094.860145568848,1989.8201370239256
DG(35:3)_C18:0,2672.260162353516,2566.560157775879,2990.4802055358887,2972.88024520874,2739.9002113342285,2602.500186920166,2772.480194091797,2415.740188598633
DG(35:3)_C18:1,2755.900192260742,2814.1201972961426,5467.420387268066,2880.6202430725098,3367.0402488708496,3106.160243988037,2884.440212249756,2755.0801849365234
DG(35:3)_C18:2,2794.940200805664,2994.1802139282227,2623.940185546875,3526.360263824463,2557.9201698303223,3278.980232238769,2991.580207824707,2759.0801849365234
"DG(35:4),DG(O-36:4),DG(dO-37:4)_C16:0",2142.16015625,2429.7601776123047,2033.4001579284668,2194.040168762207,2059.860134124756,2457.1201705932617,2303.500156402588,2064.8001403808594
"DG(35:4),DG(O-36:4),DG(dO-37:4)_C16:1",2141.0401496887207,1982.4001388549805,1989.3601531982424,2013.6201515197756,2209.0401496887207,1965.9601440429688,2084.9601554870605,2238.70015335083
"DG(35:4),DG(O-36:4),DG(dO-37:4)_C18:0",3388.28023147583,3664.4602699279785,3533.9402084350586,4156.840297698975,3713.2402725219727,3330.760208129883,3275.980224609375,2730.640190124512
"DG(35:4),DG(O-36:4),DG(dO-37:4)_C18:1",36639.16288757324,37685.52255249024,112398.48797607422,38336.102767944336,41387.82284545898,52462.90351867676,38899.86260223389,40572.92288208008
"DG(35:4),DG(O-36:4),DG(dO-37:4)_C18:2",6846.14045715332,4453.44030380249,6393.480472564697,5966.9604568481445,4545.580341339111,8154.580551147461,4930.1003341674805,7997.000637054443
DG(35:5)_C16:0,1945.9001426696775,2113.800128936768,1841.6001243591309,1936.7401428222656,1954.960132598877,1772.1001205444336,1969.3201370239256,1967.100151062012
DG(35:5)_C16:1,1929.2201385498047,1933.9201278686523,1970.1601371765137,1924.5601196289065,1958.7601432800293,1931.700122833252,1926.46012878418,1973.64013671875
DG(35:5)_C18:0,1730.980110168457,1831.9401321411133,1774.900127410889,1896.7801361083984,1780.7801055908203,1888.4601211547847,1707.2001152038574,1724.56010055542
DG(35:5)_C18:1,1977.4801330566409,1930.3201484680176,2198.9001655578613,2034.0801467895508,1948.1001472473145,2009.7601356506348,1864.1801300048828,1994.5201416015625
DG(35:5)_C18:2,2972.200225830078,2733.060188293457,2888.900230407715,2741.8401794433594,2594.0001907348637,3218.680244445801,2772.8201866149902,3176.600212097168
DG(35:6)_C16:0,2064.0001525878906,2050.6601371765137,1874.1401138305664,2032.2001495361328,1813.360122680664,2284.980178833008,2135.52014541626,1796.5801277160645
DG(35:6)_C16:1,1897.640121459961,2044.600128173828,1913.1801376342771,2069.260139465332,2033.800136566162,1976.960132598877,2159.640151977539,2005.200134277344
DG(35:6)_C18:0,1877.5001106262207,1839.6601219177248,1776.9401245117188,1752.5801277160645,1825.420124053955,2028.3601417541504,1868.3401412963867,1741.400119781494
DG(35:6)_C18:1,1909.4801330566409,1987.7401542663572,2138.6401405334477,1897.6001358032229,1888.8601150512693,1921.780139923096,2020.9801445007324,2086.480155944824
DG(35:6)_C18:2,2361.520175933838,2147.9801483154297,2211.5401496887207,2584.0801887512207,2277.4201698303223,2597.120178222656,2387.140167236328,2622.960189819336
DG(36:3)_C16:0,1943.060131072998,2414.620174407959,1849.200122833252,2279.6401710510254,2201.880146026612,2709.5601921081543,1976.620140075684,1937.0201301574707
DG(36:3)_C16:1,1938.9401321411133,2060.7001457214355,1992.3401412963867,2386.9601707458496,2231.380146026612,2215.020149230957,2320.6601753234863,2517.880172729492
DG(36:3)_C18:0,2114.960159301758,2208.8001403808594,2482.140151977539,2311.480159759521,1902.5601348876955,2173.300136566162,2032.6001358032229,2290.960174560547
DG(36:3)_C18:1,16813.900917053223,19379.421306610107,64776.68536758423,50356.90349960327,28989.841903686523,29365.88178253174,36994.40291213989,43340.92252731323
DG(36:3)_C18:2,22633.961700439453,49582.32341384888,30053.32191848755,142278.15018081665,19332.781215667725,113319.9490699768,109457.22850418092,57425.28400421143
"DG(36:4),DG(O-37:4)_C16:0",2099.440139770508,3157.320205688477,2221.5601539611816,3379.2202110290527,1939.3201370239256,3012.14017868042,2255.1001586914062,2093.06014251709
"DG(36:4),DG(O-37:4)_C16:1",2067.680156707764,2219.5001640319824,1930.4001388549805,2996.600215911865,2306.980152130127,2299.560161590576,2485.500160217285,2713.6401748657227
"DG(36:4),DG(O-37:4)_C18:0",2148.580165863037,2130.1801376342773,2208.7201538085938,2080.7401428222656,2040.4401473999023,2224.4201431274414,1953.5401420593264,1964.360145568848
"DG(36:4),DG(O-37:4)_C18:1",9461.9006690979,10531.500732421877,25780.8816986084,11477.240726470947,10808.180744171144,11832.38083267212,10699.360702514648,11182.90072631836
"DG(36:4),DG(O-37:4)_C18:2",18314.60106277466,36017.44234466553,27265.86248779297,172539.87519073486,17613.1212310791,79891.46529006958,59064.22443008423,26790.5615272522
DG(36:5)_C16:0,2070.7201538085938,2112.5401496887207,1976.380142211914,2260.1601524353027,2151.1601524353027,2476.7001762390137,2712.480194091797,1899.4201431274412
DG(36:5)_C16:1,1989.7601356506348,2018.9001502990725,1909.3401260375977,2182.2201538085938,2168.3201484680176,2059.8201446533203,2311.140163421631,2043.1801376342771
DG(36:5)_C18:0,1849.9001235961916,1823.5201377868648,1869.940128326416,1849.9001083374023,1903.5401420593264,1926.2801246643064,1745.7401161193848,1876.620132446289
DG(36:5)_C18:1,2093.840148925781,2022.3401412963867,2473.920177459717,2057.780143737793,1947.1401405334475,2088.0201530456543,1911.2401313781736,1876.9801330566409
DG(36:5)_C18:2,3617.760238647461,4305.94030380249,3588.600273132324,10418.82077407837,2912.6602058410645,6776.380432128906,5451.060413360596,4244.680274963379
DG(36:6)_C16:0,2121.7201385498047,3409.300243377685,2717.5401725769043,2780.2602157592773,2367.9201698303223,4855.880359649658,7289.760444641113,3596.100276947021
DG(36:6)_C16:1,1895.46012878418,2120.780132293701,2095.380138397217,2126.5601539611816,2138.660144805908,2081.680145263672,2189.140167236328,2147.400161743164
DG(36:6)_C18:0,1735.0001220703125,1961.7401428222656,1752.560115814209,1938.7401313781736,1746.3401260375977,1740.380107879639,1733.3001174926758,1902.1201438903809
DG(36:6)_C18:1,2013.10013961792,2037.5401153564453,2141.7801551818848,1985.9201278686523,2130.5401649475098,1916.8001327514648,1905.900131225586,1936.5401420593264
DG(36:6)_C18:2,2174.7801513671875,2282.060161590576,2124.520156860352,2484.060165405273,2153.5201416015625,2497.780174255371,2109.9801330566406,2202.520168304444
"DG(36:7),DG(35:0)_C16:0",2896.660186767578,6712.480495452881,4398.320266723633,6161.440372467041,6252.4604568481445,14355.721138000488,16120.061279296877,6026.94055557251
"DG(36:7),DG(35:0)_C16:1",2197.360153198242,2548.0401611328125,2080.1201553344727,3090.600204467773,2822.120189666748,2924.8402137756348,3430.5402870178223,3258.9601707458496
"DG(36:7),DG(35:0)_C18:0",2658.160186767578,2935.6601753234863,2802.4202041625977,2912.720203399658,2127.5001525878906,2517.120174407959,2364.4401664733887,2148.8601570129395
"DG(36:7),DG(35:0)_C18:1",2790.5001792907715,4463.720283508301,6626.0404624938965,2798.440193176269,3541.2002487182617,4191.620311737061,3120.6802253723145,3372.300235748291
"DG(36:7),DG(35:0)_C18:2",2389.460163116455,2241.3801651000977,2186.560157775879,2366.600151062012,2191.480159759521,2284.5001640319824,2351.080173492432,2502.7401809692383
"DG(36:8),DG(35:1)_C16:0",2180.2401428222656,1970.1401405334475,2044.0801582336424,2073.400157928467,1810.700122833252,2921.320198059082,1935.2201309204104,2024.200138092041
"DG(36:8),DG(35:1)_C16:1",3172.740222930908,7305.720481872559,3040.8002166748047,8308.900718688965,7878.540687561035,7020.640556335449,11655.381008148192,8471.540576934814
"DG(36:8),DG(35:1)_C18:0",1797.2401275634766,1791.1601181030271,1774.420124053955,1881.2001304626465,1832.0601272583008,1884.0801277160645,1816.5601348876955,1716.0801048278809
"DG(36:8),DG(35:1)_C18:1",2294.840156555176,2420.860179901123,3682.260223388672,2418.780166625977,2274.70015335083,2219.300163269043,2310.940170288086,2205.000171661377
"DG(36:8),DG(35:1)_C18:2",2235.1401443481445,2331.9601707458496,2202.080142974853,2198.0401573181152,2202.520160675049,2492.900177001953,2234.600154876709,2316.6001739501958
DG(37:3)_C16:0,1719.08012008667,1843.3201293945312,1792.7801208496094,1839.820125579834,1731.9401168823242,1774.3801345825195,1725.6001243591309,1782.400127410889
DG(37:3)_C16:1,1977.58012008667,2012.5201301574707,1931.2001304626465,2081.6601600646973,1986.2201385498047,1886.000129699707,2091.6601524353027,1913.2801361083984
DG(37:3)_C18:0,1746.440128326416,1737.680118560791,1712.0601081848145,1858.0401306152344,1753.6201210021973,1789.420124053955,1736.6001243591309,1711.080108642578
DG(37:3)_C18:1,1964.18013381958,2034.2401390075684,2206.9401473999023,2116.0601539611816,2071.980152130127,2087.6601333618164,2055.4601249694824,2027.460132598877
DG(37:3)_C18:2,2260.320156097412,2378.2201614379883,2271.940158843994,2678.8001823425293,2225.720157623291,2275.960178375244,2855.400192260742,2567.360179901123
DG(37:4)_C16:0,1891.300128936768,1841.8201332092283,1810.66011428833,1734.3601303100586,1716.4201164245603,1815.9601364135744,1842.700138092041,1721.8001098632812
DG(37:4)_C16:1,1905.8001327514648,1881.7001190185547,1989.0601272583008,1953.780128479004,1910.8201446533203,2138.500160217285,2006.4001350402832,1883.7401313781736
DG(37:4)_C18:0,1818.680118560791,1783.4801177978516,1860.4001235961916,1842.5401306152344,1802.180118560791,1929.8801307678225,1754.780128479004,1712.5201225280762
DG(37:4)_C18:1,2151.1401443481445,2150.600151062012,2652.4801864624023,2162.1401443481445,1949.4201431274412,2250.5601539611816,2290.620178222656,2156.840137481689
DG(37:4)_C18:2,2278.560173034668,2285.380157470703,2417.1001930236816,2693.140167236328,2521.7801933288574,2528.980178833008,2586.120189666748,2595.280185699463
DG(37:5)_C16:0,1887.9201278686523,2342.8801612854004,1783.2401123046875,1977.820140838623,1803.0801162719729,2023.8201370239256,2074.860149383545,1910.340129852295
DG(37:5)_C16:1,1898.8001327514648,1939.900127410889,1897.840129852295,2003.040134429932,1900.8001327514648,1917.1401329040527,2030.5201416015625,1923.2601318359373
DG(37:5)_C18:0,1797.6201362609863,1738.040111541748,1789.1001205444336,1792.2801246643066,1802.6401252746584,1904.4201354980469,1748.0801277160645,1790.6801071166992
DG(37:5)_C18:1,1936.5601387023928,2102.520156860352,2011.420139312744,1986.440143585205,2029.0001335144043,1951.620132446289,1863.380123138428,1954.6401405334475
DG(37:5)_C18:2,2359.4401626586914,2112.400161743164,2382.72017288208,2334.0601501464844,2349.500156402588,2512.400161743164,2373.1601600646973,2254.420166015625
DG(37:6)_C16:0,2137.7001457214355,2536.860176086426,2560.980178833008,1857.700134277344,2141.300132751465,2365.680160522461,2558.320182800293,2112.4001235961914
DG(37:6)_C16:1,2038.520156860352,1979.6601333618164,1944.7401428222656,2141.1801528930664,2128.1801528930664,1987.0401458740237,2040.0201377868648,2087.72013092041
DG(37:6)_C18:0,1861.3401145935056,1993.900127410889,1919.5201416015625,1940.7201309204104,1789.2801322937012,1896.060131072998,1948.5801429748533,1855.560131072998
DG(37:6)_C18:1,1923.0801315307615,1935.7601470947263,2182.5801582336426,1985.820140838623,1906.2401237487795,2054.420154571533,1903.320140838623,1962.6201553344729
DG(37:6)_C18:2,2159.920154571533,2146.020160675049,2115.580135345459,2216.7201385498047,2185.6401596069336,2254.7401542663574,2226.200138092041,2265.900154113769
"DG(37:7),DG(36:0)_C16:0",1898.4001350402832,2421.0601692199707,2056.1601333618164,2025.9201354980469,1809.8601112365725,2151.2601470947266,1962.6201553344729,1936.7201309204104
"DG(37:7),DG(36:0)_C16:1",2286.6401557922363,2609.520160675049,2231.1401596069336,2757.360202789306,2431.560176849365,2098.2401237487798,2705.5601921081543,3033.9402046203613
"DG(37:7),DG(36:0)_C18:0",1969.9601249694824,2596.100170135498,2088.0801544189453,2397.66015625,2153.880153656006,2387.8401641845703,1992.9601516723635,2202.72017288208
"DG(37:7),DG(36:0)_C18:1",2654.0802001953125,3183.520233154297,4868.660331726074,2771.060188293457,2979.760185241699,3269.3402214050293,2493.600170135498,3053.10022354126
"DG(37:7),DG(36:0)_C18:2",2347.3401641845703,2212.1201553344727,2242.200164794922,2336.340145111084,2161.9801712036133,2298.140163421631,2189.9201431274414,2235.1401596069336
DG(38:3)_C16:0,1937.5801315307615,2251.720157623291,1919.860145568848,2035.4401473999023,1999.3201332092283,2261.6401748657227,1883.2201385498047,1840.2001266479488
DG(38:3)_C16:1,1990.3401527404783,1947.6201171875,2010.6401443481443,1957.840145111084,2008.1401405334475,2072.780132293701,2255.8201599121094,1995.7601318359373
DG(38:3)_C18:0,2483.580165863037,2477.56014251709,3199.0002212524414,3005.320240020752,2037.460147857666,2633.280166625977,2269.080150604248,2663.0401725769043
DG(38:3)_C18:1,3715.340240478516,4057.960308074951,7848.200542449951,3807.5402755737305,4892.740371704102,5317.520416259766,4427.200302124023,4178.720264434814
DG(38:3)_C18:2,4309.160285949707,5215.9603271484375,4230.480327606201,9701.360706329346,3432.4802436828613,9093.420547485352,7397.480434417725,6114.480438232422
DG(38:4)_C16:0,1763.4601249694824,1786.920139312744,1737.5601196289062,2062.360137939453,1767.9001083374023,1904.2401313781736,1807.040111541748,1874.9401321411133
DG(38:4)_C16:1,1943.0201416015625,1959.3201217651367,2015.0801239013672,1968.68013381958,1952.920139312744,1942.6001472473145,2011.0201530456543,2075.60013961792
DG(38:4)_C18:0,2101.3201599121094,3325.840217590332,3746.6402473449702,3491.7602615356445,2094.2401580810547,2566.5401725769043,2166.0001487731934,2536.5802154541016
DG(38:4)_C18:1,2396.060157775879,2241.520168304444,3465.260269165039,2703.680187225342,2144.5001487731934,2757.460216522217,3068.8202209472656,2922.7202186584477
DG(38:4)_C18:2,2735.3802032470703,3369.6202087402344,2701.460189819336,5911.820426940918,2390.960159301758,4813.140300750732,4587.200374603272,3041.700180053711
DG(38:5)_C16:0,1848.2801246643064,2315.520156860352,2334.24015045166,2431.480182647705,2060.200126647949,2718.880184173584,2305.160182952881,1963.2601432800293
DG(38:5)_C16:1,2053.980129241944,1924.96012878418,1996.360137939453,2062.500141143799,2057.6201362609863,2024.52014541626,2125.6001319885254,2118.840137481689
DG(38:5)_C18:0,1796.6801300048828,1937.280128479004,1927.3201179504397,1853.5201377868648,1793.1401290893557,1988.9801330566409,1846.5001373291016,1804.5001220703125
DG(38:5)_C18:1,2218.6401557922363,2243.50016784668,4108.560298919678,2430.240177154541,2760.960201263428,2933.0202140808105,2688.4401893615723,2636.880184173584
DG(38:5)_C18:2,2653.660179138184,3687.9803047180176,3003.240203857422,7348.840476989746,2573.5401725769043,5153.140357971191,5053.760356903076,3050.2802238464355
"DG(38:6),DG(dO-40:6)_C16:0",2509.360164642334,4687.360321044922,3083.4802055358887,3803.720245361328,2755.380199432373,3646.1402587890634,2645.4801864624023,2270.5201530456543
"DG(38:6),DG(dO-40:6)_C16:1",1926.4401245117188,2051.2801513671875,1936.6801414489744,2252.200180053711,2061.5401306152344,1938.4601249694824,2437.580177307129,1938.3801307678225
"DG(38:6),DG(dO-40:6)_C18:0",1868.4601249694824,1884.6001243591309,1761.4201278686523,1937.900131225586,1792.640121459961,1887.300128936768,1775.440128326416,1817.2601432800293
"DG(38:6),DG(dO-40:6)_C18:1",2362.380168914795,2384.620182037353,3559.9002532958984,2188.9401664733887,2703.640182495117,2641.600151062012,2378.50016784668,2597.1602096557617
"DG(38:6),DG(dO-40:6)_C18:2",2396.4801864624023,2936.660202026367,2618.7801971435547,6824.760498046875,2481.7401809692383,4088.02031326294,3756.3802185058594,3090.1402320861816
"DG(38:7),DG(37:0)_C16:0",2983.320240020752,5046.640350341797,3111.1201972961426,3290.000255584717,3384.760223388672,4238.980304718018,3846.500259399414,2389.880172729492
"DG(38:7),DG(37:0)_C16:1",2010.0001258850095,2053.20015335083,2162.8201484680176,2443.260150909424,2043.6401405334475,2130.6401329040527,2447.5801849365234,2291.260150909424
"DG(38:7),DG(37:0)_C18:0",1992.8001403808596,1883.5801277160645,2240.020168304444,2356.440158843994,1886.4601440429688,2256.980167388916,1936.3601303100584,1902.160140991211
"DG(38:7),DG(37:0)_C18:1",2636.460205078125,2186.660144805908,3059.2802200317383,2471.6401596069336,2477.1601524353027,2518.560165405273,2170.320140838623,2272.520175933838
"DG(38:7),DG(37:0)_C18:2",2227.8601722717285,2350.1401748657227,2264.300163269043,2475.660171508789,2219.640151977539,2546.520195007324,2399.4401626586914,2349.680160522461
"DG(38:8),DG(dO-40:8),DG(37:1)_C16:0",1818.9801330566409,2364.9601707458496,2109.640151977539,2090.640151977539,2467.360191345215,3165.1602325439453,2276.5001792907715,1940.0201377868648
"DG(38:8),DG(dO-40:8),DG(37:1)_C16:1",1990.4601402282717,2081.6801376342773,2019.1401405334475,2242.3801612854004,2994.860210418701,2031.340145111084,2201.4401512146,2037.540134429932
"DG(38:8),DG(dO-40:8),DG(37:1)_C18:0",1813.500129699707,1891.340129852295,1901.860134124756,1869.3601303100584,1931.1601219177248,1996.040138244629,1930.580139160156,1829.7801322937007
"DG(38:8),DG(dO-40:8),DG(37:1)_C18:1",2086.400146484375,2224.620147705078,2643.1001892089844,2246.560176849365,2279.420166015625,2560.580173492432,2313.5801696777344,2247.9201583862305
"DG(38:8),DG(dO-40:8),DG(37:1)_C18:2",2333.7401542663574,2182.700168609619,2401.7401695251465,2208.9801445007324,2311.040168762207,2227.400135040283,2194.400146484375,2343.9801635742188
"DG(38:9),DG(dO-40:9),DG(37:2)_C16:0",1755.8001174926758,1886.620128631592,1748.300136566162,1980.760139465332,1796.9001235961914,1953.240146636963,1785.5801391601562,1743.6601295471191
"DG(38:9),DG(dO-40:9),DG(37:2)_C16:1",1954.4201278686523,2128.5401496887207,1929.0401306152344,2095.7801475524902,2054.4601402282715,2097.840145111084,2091.880146026612,1925.4201202392576
"DG(38:9),DG(dO-40:9),DG(37:2)_C18:0",1845.420093536377,1831.340129852295,1742.9201164245603,1921.0001373291016,1814.1201210021973,1782.5601119995115,1834.0801277160645,1807.0601234436035
"DG(38:9),DG(dO-40:9),DG(37:2)_C18:1",2126.040134429932,2629.2401847839355,3537.400234222412,2878.28018951416,2603.6201667785645,2952.940200805664,2510.6001777648926,2840.100200653076
"DG(38:9),DG(dO-40:9),DG(37:2)_C18:2",2542.480197906494,2505.1401710510254,2318.060173034668,2725.0002059936523,2532.7401847839355,3177.940216064453,2577.740173339844,2719.060218811035
DG(39:4)_C16:0,1745.5801048278809,1754.3801193237305,1711.6001167297363,1768.0601234436035,1773.6801223754885,1749.6401329040527,1864.8001251220703,1722.720115661621
DG(39:4)_C16:1,1926.4401512146,1923.300128936768,1940.6201362609863,1978.64013671875,2022.1401329040527,1966.1801300048828,1959.620147705078,1989.6001319885252
DG(39:4)_C18:0,1768.900104522705,1818.2001266479488,1736.4801216125488,1733.2801322937012,1782.6001358032229,1826.5801315307615,1759.5201148986816,1800.1201210021973
DG(39:4)_C18:1,2018.860149383545,2082.5401458740234,2126.560146331787,1904.9001350402832,2047.0801429748533,2122.2201538085938,1965.76012802124,2096.840156555176
DG(39:4)_C18:2,2180.3401527404785,2157.8201599121094,2295.940170288086,2368.600166320801,2194.140163421631,2563.400177001953,2295.780158996582,2392.400161743164
DG(39:5)_C16:0,2095.1601333618164,2376.0401763916016,1897.0201377868648,2061.5601501464844,1933.340133666992,2034.4401359558103,1981.1401329040527,1988.2601432800293
DG(39:5)_C16:1,1980.5001258850095,1930.3801383972168,1938.860122680664,1953.1801376342771,2086.6601524353027,1950.2401313781736,1924.140121459961,1944.6801414489744
DG(39:5)_C18:0,1825.580135345459,1939.840129852295,1915.1001358032229,1810.6001243591309,1790.2601318359375,1791.6201248168943,1833.7801208496091,1864.3001251220703
DG(39:5)_C18:1,1918.440128326416,1958.720142364502,2103.5601348876958,1936.68013381958,1970.5601425170896,1935.940139770508,1943.7001266479488,1987.860137939453
DG(39:5)_C18:2,2197.320167541504,2183.120143890381,2307.020164489746,2224.0401649475098,2102.0401611328125,2238.980155944824,2236.940155029297,2208.960163116455
DG(39:6)_C16:0,2271.020160675049,3559.520217895508,2810.30020904541,2720.1801719665527,2081.700164794922,3133.480232238769,2545.840190887451,2747.5801963806152
DG(39:6)_C16:1,1926.4001121521,1966.5601387023928,1931.9801292419436,2015.8201293945312,1970.0201377868648,1923.920124053955,1931.46012878418,1936.1001319885252
DG(39:6)_C18:0,2052.080150604248,2440.320167541504,1927.3801345825195,2394.400161743164,2211.020149230957,2060.6001319885254,1920.220142364502,1952.1401290893557
DG(39:6)_C18:1,2073.500144958496,2059.1801414489746,2402.3201751708984,2226.4601516723637,2109.300148010254,2017.7601356506348,2160.000141143799,2141.700168609619
DG(39:6)_C18:2,2333.2201614379883,2100.360145568848,2265.6601638793945,2220.780143737793,2172.820163726806,2346.5601539611816,2227.800148010254,2313.3401641845703
"DG(39:7),DG(38:0),DG(dO-40:0)_C16:0",2137.900146484375,2319.9001388549805,2053.300136566162,2081.70015335083,1968.460132598877,2249.5401573181152,2097.560127258301,1828.26012802124
"DG(39:7),DG(38:0),DG(dO-40:0)_C16:1",2011.540138244629,1993.3801345825195,1998.2601318359373,2110.460159301758,2022.220123291016,1929.8401260375977,2045.1401481628416,2010.0201301574707
"DG(39:7),DG(38:0),DG(dO-40:0)_C18:0",1859.260124206543,1840.9201164245603,1852.460132598877,1897.2401390075684,2107.2201614379883,1907.780139923096,1921.6601257324216,1806.1001205444336
"DG(39:7),DG(38:0),DG(dO-40:0)_C18:1",2071.60013961792,2020.860149383545,2402.560173034668,2041.8401412963867,2102.540153503418,2153.7401428222656,1944.46012878418,2385.340171813965
"DG(39:7),DG(38:0),DG(dO-40:0)_C18:2",2174.260150909424,2162.060146331787,2268.680164337158,2153.5401458740234,2181.340148925781,2127.4001426696777,2175.060157775879,2111.4001426696777
"DG(39:8),DG(O-40:8),DG(38:1)_C16:0",1856.920124053955,2154.420166015625,2004.980125427246,2124.220146179199,1961.24015045166,2875.7001914978027,1989.6601333618164,1765.3401222229004
"DG(39:8),DG(O-40:8),DG(38:1)_C16:1",1928.60013961792,1952.4401206970213,2015.680145263672,1969.6601295471191,1959.1801300048828,1962.860137939453,1952.8801193237305,1956.480125427246
"DG(39:8),DG(O-40:8),DG(38:1)_C18:0",1889.7601318359373,2014.9001388549805,1776.480125427246,1961.2201347351076,1766.260124206543,2228.6801681518555,1761.7001152038574,1809.6201133728027
"DG(39:8),DG(O-40:8),DG(38:1)_C18:1",3080.420234680176,2724.1401977539062,4414.86030960083,3116.7602157592773,3970.780277252197,3471.66024017334,3135.2402153015137,3241.4602432250977
"DG(39:8),DG(O-40:8),DG(38:1)_C18:2",2372.260150909424,2300.000156402588,2415.460174560547,2319.140163421631,2339.6801681518555,2557.500171661377,2325.620174407959,2344.820167541504
DG(40:1)_C16:0,1848.880123138428,2362.7801513671875,1837.920124053955,1863.240119934082,1838.8601188659668,3257.0202293396,1953.440128326416,1892.8401184082031
DG(40:1)_C16:1,1998.9201202392576,1967.8201217651367,1938.480136871338,2134.6401443481445,2010.1601219177248,2036.620147705078,2061.2001304626465,1999.0201416015625
DG(40:1)_C18:0,1748.4401359558103,1806.3401260375977,1751.9801177978516,1820.300128936768,1867.9201278686523,2059.260139465332,1790.9801177978516,1808.560131072998
DG(40:1)_C18:1,2040.420139312744,2122.7801551818848,2694.640190124512,2090.5001373291016,2127.520156860352,2328.5601806640625,2082.920139312744,2140.400146484375
"DG(40:10),DG(39:3)_C16:0",1843.2801246643064,1981.1201362609863,1730.260124206543,1892.340145111084,1788.0201225280762,1839.2601203918457,1775.980125427246,1807.900127410889
"DG(40:10),DG(39:3)_C16:1",1981.320140838623,1978.780143737793,2020.0801315307615,2065.520137786865,2387.4601707458496,2111.7001419067383,2098.640148162842,2112.3401412963867
"DG(40:10),DG(39:3)_C18:0",1844.9401206970213,1972.0801315307615,1936.5001220703125,1803.6601257324216,1799.1001243591309,1909.560131072998,1751.2001266479492,1801.260139465332
"DG(40:10),DG(39:3)_C18:1",2349.0401611328125,2375.4001655578613,3312.2202110290527,2490.880168914795,2729.4801902771,2524.060157775879,2256.5201530456543,2351.920154571533
"DG(40:10),DG(39:3)_C18:2",2428.380176544189,2318.940158843994,2211.320163726806,2511.9801750183105,2638.340167999268,2552.580177307129,2471.2801971435547,2560.14017868042
DG(40:2)_C16:0,1742.1601219177246,1935.480125427246,1746.4001159667969,1759.7401084899902,1825.4001083374023,2036.7201538085935,1849.6601371765137,1764.2001266479492
DG(40:2)_C16:1,1927.100128173828,2040.6001472473145,1954.5601387023928,1960.7401275634768,2096.6401405334477,2063.460132598877,1964.9401245117188,1988.02014541626
DG(40:2)_C18:0,1712.1001205444336,1838.300117492676,1869.6201248168943,1851.3601112365725,1816.940128326416,1971.2601432800293,1900.080135345459,1755.660125732422
DG(40:2)_C18:1,2106.120140075684,2032.7001495361328,2425.120174407959,2105.3201484680176,2175.000141143799,2152.540142059326,2180.0401649475098,2387.160182952881
DG(40:2)_C18:2,2408.920166015625,2440.840160369873,2311.4601554870605,2574.9601821899414,2320.060157775879,2715.620189666748,2237.0401649475098,2383.9401664733887
DG(40:3)_C16:0,1739.7801246643066,1723.9801139831543,1738.8001289367676,1772.680118560791,1784.420124053955,1780.0201225280762,1851.620132446289,1722.9801292419434
DG(40:3)_C16:1,2046.6001358032229,1954.54012298584,1930.1601486206052,2022.600151062012,2014.880126953125,1924.7601356506348,2044.1201438903809,2070.9801445007324
DG(40:3)_C18:0,1734.9601249694824,1790.9401245117188,1834.060131072998,1787.880126953125,1820.200122833252,1741.360122680664,1706.9201164245603,1732.3001289367676
DG(40:3)_C18:1,2116.340129852295,2016.6001243591309,2230.3201599121094,2312.7801551818848,2031.7201461791992,2164.0001335144043,2206.2601470947266,2213.9401473999023
DG(40:3)_C18:2,2453.600170135498,2373.840175628662,2213.280143737793,2909.800201416016,2248.280166625977,2817.12020111084,3019.5202102661133,2463.700168609619
DG(40:4)_C16:0,1766.1601333618164,2049.5601348876958,1775.460117340088,1840.0801315307615,1850.440113067627,1785.0401306152344,1908.5801315307615,1722.8601188659668
DG(40:4)_C16:1,1989.8201217651367,1956.6201362609863,1918.6201248168943,1985.200138092041,1947.1201362609863,1970.8001327514648,2005.9601440429688,1982.340145111084
DG(40:4)_C18:0,1765.5201263427734,1865.7401313781736,1848.9801330566409,2000.60013961792,1789.860126495361,1911.940143585205,1793.360134124756,1837.860134124756
DG(40:4)_C18:1,1968.7601318359373,1970.9001426696775,2043.1401405334475,2071.500129699707,1902.9401206970213,2018.5001411437988,2047.6601371765137,1983.860145568848
DG(40:4)_C18:2,2310.060165405273,2249.560157775879,2244.580165863037,2357.2801780700684,2233.8801498413086,2415.320171356201,2427.400177001953,2270.3601608276367
DG(40:5)_C16:0,2954.5802040100098,3953.200275421143,3523.34024810791,2809.960193634033,2531.780185699463,2950.380187988281,3276.7602195739746,2566.720165252685
DG(40:5)_C16:1,2021.7601356506348,2020.1601295471191,1954.9401473999023,1991.200134277344,2015.0001335144043,2038.8801612854004,2013.0601272583008,1998.340160369873
DG(40:5)_C18:0,1832.54012298584,1875.640121459961,1939.320140838623,2214.9401473999023,1729.920108795166,1837.4801292419436,2022.4401473999023,1902.7801322937007
DG(40:5)_C18:1,1999.9601364135744,2074.260154724121,2549.1801681518555,2073.760139465332,2042.420146942139,2498.6201667785645,2317.620147705078,2395.300178527832
DG(40:5)_C18:2,2270.340156555176,2321.080150604248,2271.960159301758,2402.6201667785645,2124.220142364502,2484.560161590576,2292.540168762207,2207.440155029297
"DG(40:6),DG(dO-40:0)_C16:0",2884.380207061768,4065.240295410156,3213.8002395629883,3265.400241851806,2189.440155029297,3008.400188446045,3410.820255279541,2554.8801651000977
"DG(40:6),DG(dO-40:0)_C16:1",2102.540142059326,2192.8401412963867,2141.500160217285,2401.380176544189,2299.7001457214355,2228.820156097412,2198.9401512146,2201.620162963867
"DG(40:6),DG(dO-40:0)_C18:0",1814.6601257324216,2301.0401496887207,2394.1001586914062,2002.2401237487795,2134.0601501464844,2479.100166320801,1915.1601295471191,1941.0601425170896
"DG(40:6),DG(dO-40:0)_C18:1",2023.1601486206052,2243.9801483154297,3437.4402389526367,2374.0201721191406,2545.940185546875,2513.6201934814453,2680.2801551818848,2831.780185699463
"DG(40:6),DG(dO-40:0)_C18:2",2311.0401611328125,2373.1801681518555,2555.680187225342,4632.580333709717,2413.800170898437,3658.740249633789,3487.68021774292,2671.860195159912
"DG(40:7),DG(39:0)_C16:0",2484.460163116455,3709.540256500244,2918.160221099853,2738.680202484131,2476.0201835632324,3080.660221099853,3053.980239868164,2295.520164489746
"DG(40:7),DG(39:0)_C16:1",2632.160186767578,3060.5802307128906,2453.400161743164,3385.2402381896973,4866.120342254639,2314.080177307129,2440.840171813965,2938.0002212524414
"DG(40:7),DG(39:0)_C18:0",2179.160140991211,2356.4201736450195,2616.4201889038086,2477.180156707764,2669.780185699463,2601.140182495117,2364.5801696777344,1800.0801429748535
"DG(40:7),DG(39:0)_C18:1",2865.8602142333984,3264.700252532959,5375.220386505127,3827.820240020752,3021.940200805664,3866.160224914551,3318.2001991271973,3310.600238800049
"DG(40:7),DG(39:0)_C18:2",2335.9601554870605,2883.920192718506,2460.140193939209,4833.980381011963,2414.580173492432,3439.580249786377,3635.24027633667,2714.060207366944
"DG(40:8),DG(39:1)_C18:2",2570.080177307129,3343.0402297973637,2709.840209960937,7337.700542449951,2532.4601669311523,4049.160251617432,4882.120323181152,2864.4202194213867
"DG(40:9),DG(39:2)_C16:0",1894.040138244629,1753.720115661621,1717.8801155090332,2067.2001304626465,3038.260196685791,2682.300193786621,1776.800121307373,1813.9201164245603
"DG(40:9),DG(39:2)_C16:1",2034.920139312744,1995.1801414489744,1985.5801544189453,1998.1201438903809,1993.540126800537,2068.000141143799,1980.880142211914,1985.020122528076
"DG(40:9),DG(39:2)_C18:0",1823.760124206543,1786.8401184082031,1879.1601257324216,1825.9401359558103,1857.720123291016,1801.800121307373,1736.5401306152344,1795.160125732422
"DG(40:9),DG(39:2)_C18:1",2057.9001426696777,2059.6401557922363,2263.4001693725586,2093.780132293701,2284.420135498047,2107.020156860352,2155.3401412963867,2084.2201614379883
"DG(40:9),DG(39:2)_C18:2",2981.7801933288574,2630.7601776123047,2513.1001892089844,3054.960189819336,3573.5602264404297,3173.260204315185,3247.7402381896973,2529.080173492432
DG(41:5)_C16:0,2493.6401596069336,4642.820381164551,2997.0401878356934,4224.380348205566,3166.6802253723145,9680.060596466064,10122.160804748535,3644.040245056152
DG(41:5)_C16:1,2080.200149536133,2296.100154876709,2204.5001640319824,2386.660171508789,2250.300148010254,2141.3001441955566,2541.2801780700684,2336.4401512146
DG(41:5)_C18:0,1826.1401405334475,1886.340129852295,2120.6001472473145,1860.54012298584,1965.340133666992,1982.0601348876955,1823.8401260375977,1889.9801216125488
DG(41:5)_C18:1,2014.600151062012,2010.64013671875,2194.460163116455,1984.080135345459,1959.6601181030276,2009.9601364135744,2089.7201614379883,2007.9601440429688
DG(41:5)_C18:2,2189.6401557922363,2144.2601356506348,2193.640151977539,2174.3601417541504,2208.460159301758,2216.7201538085938,2208.26016998291,2208.600166320801
DG(41:6)_C16:0,3323.3802337646484,4076.600311279297,2975.780212402344,2878.260208129883,2317.360145568848,3533.5602493286133,3258.800235748291,2831.360206604004
DG(41:6)_C16:1,2703.6801795959477,3249.2602462768555,2657.680187225342,2845.780216217041,3505.940216064453,2661.1801528930664,4272.120288848877,2496.560176849365
DG(41:6)_C18:0,2055.660144805908,2055.26012802124,2037.4801445007324,2171.100154876709,1765.240119934082,1991.2801551818848,1922.7401313781736,1874.5201377868648
DG(41:6)_C18:1,2064.600143432617,2007.4801712036133,2363.000156402588,2026.3201637268064,1918.8601417541504,2116.8201446533203,1987.0601425170896,1951.260124206543
DG(41:6)_C18:2,2098.20015335083,2178.220146179199,2192.660167694092,2140.3801498413086,2115.9601402282715,2160.280158996582,2101.940143585205,2228.2201614379883
"DG(41:7),DG(40:0)_C16:0",2213.2401542663574,2355.0001945495605,2131.660148620605,2114.16015625,1878.040134429932,2361.600154876709,2242.5601539611816,2055.5001373291016
"DG(41:7),DG(40:0)_C16:1",2022.7801322937007,1973.800128936768,1997.1401405334475,2029.9601516723635,2126.2601356506348,1942.440128326416,2023.8401412963867,2129.5401496887207
"DG(41:7),DG(40:0)_C18:0",1753.8401222229004,1827.620128631592,1842.7601127624512,1875.7801322937007,1760.66011428833,1820.9401206970213,1721.3401184082031,1913.1801147460935
"DG(41:7),DG(40:0)_C18:1",1977.960132598877,1947.980136871338,2323.50016784668,2114.0401611328125,2094.8201332092285,1956.6801414489744,2055.280143737793,2082.1601524353027
"DG(41:7),DG(40:0)_C18:2",2181.1401557922363,2115.5401649475098,2169.0401458740234,2116.8801307678223,2157.700164794922,2104.260150909424,2208.2401428222656,2230.3801651000977
DG(42:1)_C16:0,1746.3201370239258,1772.6401138305664,1868.2801361083984,1839.820110321045,1720.4801063537598,1933.1401290893557,1819.9201316833496,1830.9601249694824
DG(42:1)_C16:1,1985.980136871338,1966.3801193237305,2087.2201614379883,2072.240146636963,2020.4201354980469,2075.7201385498047,2009.8601303100584,1965.6401138305664
DG(42:1)_C18:0,1736.520118713379,1796.8001327514648,1815.6201133728027,1814.9001388549805,1817.2801246643064,1842.7401275634768,1729.740119934082,1730.4601211547852
DG(42:1)_C18:1,1965.9801445007324,1913.420139312744,2447.580177307129,1952.520133972168,2025.2401275634768,2029.3201370239256,1948.0001411437988,1959.4201354980469
"DG(42:10),DG(41:3)_C16:0",1773.8201179504397,1772.9401206970217,1927.400119781494,1756.1201210021973,1813.360122680664,1973.3801345825195,1983.4001502990725,1819.9801330566409
"DG(42:10),DG(41:3)_C16:1",1925.5601272583008,2008.5801429748533,1942.1401290893557,2000.9601440429688,2016.3801383972168,2059.56014251709,2160.8201484680176,2049.380126953125
"DG(42:10),DG(41:3)_C18:0",1776.260124206543,1784.8801345825195,1824.7601356506348,1794.7001266479492,1758.5401191711426,1803.6401138305664,1765.540126800537,1739.040111541748
"DG(42:10),DG(41:3)_C18:1",1949.1601333618164,2172.2801628112798,2479.8001823425293,2042.900131225586,2703.8202018737798,2167.8801498413086,2245.840156555176,2091.340145111084
"DG(42:10),DG(41:3)_C18:2",2238.7801628112798,2159.1401596069336,2285.5801582336426,2406.020175933838,2464.660171508789,2945.2801933288574,2641.0601806640625,2503.2601737976074
"DG(42:11),DG(41:4)_C16:0",1956.800136566162,2132.980129241944,1931.560131072998,2414.580165863037,2342.8201599121094,4625.980239868164,3658.7402534484863,2556.9201889038086
"DG(42:11),DG(41:4)_C16:1",2008.880142211914,2020.3401412963867,1964.3001403808596,1993.2201309204104,2053.8201484680176,1973.9201316833496,1995.460147857666,1951.1401405334475
"DG(42:11),DG(41:4)_C18:0",1736.540126800537,1736.7401161193848,1753.860126495361,1788.860122680664,1734.8801155090332,1781.7801208496094,1745.58012008667,1780.8201332092283
"DG(42:11),DG(41:4)_C18:1",2006.1001434326167,1964.3801383972168,2133.640148162842,1910.480125427246,2128.660148620605,1906.68013381958,1947.840133666992,1929.280128479004
"DG(42:11),DG(41:4)_C18:2",2140.1201553344727,2210.580173492432,2425.4001693725586,2254.1801528930664,2728.220199584961,2729.66019821167,2456.400184631348,2297.380157470703
DG(42:2)_C16:0,1782.860122680664,1915.020133972168,1846.1201248168943,1780.1401252746582,1752.9001159667969,1870.1001358032229,1886.2601432800293,1756.300136566162
DG(42:2)_C16:1,1925.8001327514648,1992.940116882324,1919.6201438903809,2030.080139160156,1938.8001403808596,1934.500144958496,2005.2001495361328,1994.4601402282717
DG(42:2)_C18:0,1815.7401123046875,1730.0801124572754,1856.900119781494,1769.1201210021973,1842.4201126098635,1782.2601280212402,1706.4601249694824,1810.820140838623
DG(42:2)_C18:1,2256.1001472473145,2226.860164642334,2645.74019241333,2305.7201614379883,2215.0601501464844,2313.1201667785645,2180.7601470947266,2247.100170135498
DG(42:2)_C18:2,2541.6001892089844,2510.1801834106445,2532.4801712036133,2395.520160675049,2373.4801712036133,2564.8201751708984,2650.920185089112,2459.580173492432
DG(42:3)_C16:0,1767.6001319885254,1739.3801193237305,1748.520133972168,1772.620132446289,1722.8401184082031,1799.6001243591309,1737.4401245117188,1855.4401245117188
DG(42:3)_C16:1,1946.200134277344,1966.1601486206052,1918.2801322937007,1931.240135192871,1938.7001304626465,1924.1001472473145,2024.980136871338,2061.740146636963
DG(42:3)_C18:0,1853.9201164245603,1735.8001098632812,1879.8401222229004,1821.5801315307615,1791.0001182556152,1821.8001098632808,1737.160125732422,1735.580108642578
DG(42:3)_C18:1,1962.300136566162,1999.980136871338,2063.4601440429688,1947.6601486206052,1971.7401275634768,2009.680145263672,2002.8201484680176,2021.860126495361
DG(42:3)_C18:2,2225.2201614379883,2151.5801544189453,2226.8001747131348,2239.280143737793,2235.4601554870605,2410.7201614379883,2323.460163116455,2474.8001823425293
DG(42:4)_C16:0,1719.2601318359375,1823.4401092529297,1735.760124206543,1729.8401184082031,1794.520118713379,1722.1801109313965,1886.940139770508,1817.360126495361
DG(42:4)_C16:1,1925.68013381958,1934.7801361083984,1946.7401390075684,2021.3201446533203,2012.8201484680176,2032.5001373291016,2115.420135498047,1992.7401313781736
DG(42:4)_C18:0,1784.2001190185547,1776.7401123046875,1737.0001220703125,1711.2001113891602,1773.4601249694824,1748.4801063537598,1716.360122680664,1759.7801246643066
DG(42:4)_C18:1,1976.3601188659668,2062.940139770508,2332.940174102783,1971.5801277160645,1977.6401329040527,2081.4401473999023,1904.6201248168943,1937.7801246643064
DG(42:4)_C18:2,2155.5401496887207,2131.0001487731934,2204.8001441955566,2261.020168304444,2195.9601402282715,2533.780174255371,2252.5001487731934,2344.60018157959
DG(42:5)_C16:0,1898.3801307678225,1989.2601432800293,1935.76012802124,1864.4201278686523,1876.400119781494,1862.800121307373,1949.120140075684,1984.920146942139
DG(42:5)_C16:1,2004.6401405334475,2011.2201347351076,1980.560146331787,2100.840148925781,2126.3001403808594,2039.0801467895508,2390.0401649475098,2124.2601432800293
DG(42:5)_C18:0,2168.8001403808594,2286.920162200928,2432.1001586914062,2161.240165710449,2346.6201667785645,2023.5601387023928,2425.840156555176,2160.1001586914062
DG(42:5)_C18:1,1977.2001419067385,2008.02014541626,2363.06018447876,1968.440139770508,2000.620140075684,2037.6001358032229,1904.700134277344,1949.9001350402832
DG(42:5)_C18:2,2473.340171813965,2126.620140075684,2287.100170135498,2213.7401695251465,2215.860149383545,2356.240173339844,2281.3601417541504,2194.9001502990723
DG(42:6)_C16:0,3344.7202224731445,4663.300319671631,3619.900241851807,3279.860221862793,3168.920234680176,4090.6402587890634,4066.900302886963,2818.0401916503906
DG(42:6)_C16:1,1926.4001388549805,1923.960132598877,1964.1001358032229,2031.7601470947263,1977.860126495361,1997.7601318359373,1924.9801216125488,1925.5601272583008
DG(42:6)_C18:0,1851.640117645264,2112.0001373291016,2077.660140991211,2181.280166625977,1920.6001243591309,1986.380142211914,1940.140117645264,2034.880142211914
DG(42:6)_C18:1,2031.2001419067385,2033.740146636963,2639.660179138184,1908.8801307678225,1990.0401573181152,2008.1801376342771,2011.440139770508,2028.720127105713
DG(42:6)_C18:2,2195.8801612854004,2279.6201553344727,2181.600166320801,2297.080165863037,2148.9601402282715,2286.5401611328125,2199.1401596069336,2290.400154113769
"DG(42:7),DG(41:0)_C16:0",3101.3202323913574,3599.1202812194824,2839.840175628662,2601.7201919555664,2152.080142974853,2757.940185546875,3258.620204925537,2218.500156402588
"DG(42:7),DG(41:0)_C16:1",1954.0801315307615,1939.1201248168943,2033.1401405334475,2268.3401641845703,2162.7401542663574,2078.9201278686523,2114.9601554870605,2080.2401428222656
"DG(42:7),DG(41:0)_C18:0",2016.740146636963,2011.520133972168,2267.420166015625,2357.840156555176,2007.6601371765137,2010.3401489257808,2255.540180206299,2158.9401473999023
"DG(42:7),DG(41:0)_C18:1",1986.0201416015625,2089.02014541626,2382.3601608276367,2027.5601234436035,2097.1801414489746,2074.840148925781,2069.320137023926,1914.0601425170896
"DG(42:7),DG(41:0)_C18:2",2246.5401573181152,2476.9601669311523,2299.260166168213,2593.120178222656,2206.760154724121,2660.080177307129,2554.400177001953,2284.660167694092
"DG(42:8),DG(41:1)_C16:0",1799.860126495361,2168.9001502990723,2046.3401260375977,2124.5401458740234,2069.02014541626,2485.860191345215,1924.780139923096,2011.5801467895508
"DG(42:8),DG(41:1)_C16:1",1976.740135192871,1949.68013381958,2072.8601417541504,2097.760154724121,2074.320152282715,1994.1201438903809,2007.9001388549805,2052.2401428222656
"DG(42:8),DG(41:1)_C18:0",1848.3801345825195,1978.240146636963,1987.6201362609863,1857.1201095581052,2078.8201484680176,2171.180156707764,2036.2201347351076,1800.1801261901855
"DG(42:8),DG(41:1)_C18:1",2084.5601387023926,2317.3601722717285,2638.9402046203613,2160.2601585388184,3207.540180206299,2201.000141143799,2288.5401496887207,2364.380172729492
"DG(42:8),DG(41:1)_C18:2",2320.7401695251465,2423.3201751708984,2258.920154571533,2529.920185089112,2249.860164642334,2510.9201736450195,2365.1001739501958,2242.4401664733887
"DG(42:9),DG(41:2)_C16:0",1958.940139770508,2006.5401496887207,2089.780143737793,2001.860145568848,2471.420181274414,2220.8401641845703,1986.9001235961916,1925.3201522827148
"DG(42:9),DG(41:2)_C16:1",2030.040134429932,1951.0801315307615,2039.740135192871,2026.6001434326167,2100.920139312744,1940.520118713379,2116.9201431274414,2019.9401359558103
"DG(42:9),DG(41:2)_C18:0",1848.1201210021973,2070.0801544189453,1983.4601554870603,2010.1201362609863,2174.1601524353027,1861.2801246643064,1854.7401275634768,1842.0801315307615
"DG(42:9),DG(41:2)_C18:1",2801.800205230713,2979.5802307128906,4184.160316467285,3019.600227355957,3490.740207672119,3111.140205383301,3253.760208129883,3111.580219268799
"DG(42:9),DG(41:2)_C18:2",3253.960201263428,2721.880184173584,3232.100215911865,2697.840175628662,3041.9002075195312,3654.120269775391,3551.7602462768555,3273.320240020752
DG(43:6)_C16:0,2487.260181427002,3625.820266723633,2938.320209503174,2604.060176849365,2504.8401641845703,3315.700222015381,3176.6802253723145,2432.1201705932617
DG(43:6)_C16:1,1926.860122680664,1943.1801300048828,1974.9001235961916,1969.7001419067385,2008.1601295471191,1928.740135192871,1965.0401306152344,1973.480136871338
DG(43:6)_C18:0,2014.4601440429688,1892.2001266479488,2088.3001441955566,1985.0601348876955,1943.1601257324216,2082.0801315307617,1982.2801246643064,1796.0201377868652
DG(43:6)_C18:1,1981.520133972168,1997.0401496887207,2059.7201347351074,1926.0001335144043,1929.2801361083984,1965.2201347351076,1945.58012008667,1965.1801300048828
DG(43:6)_C18:2,2208.880153656006,2150.400154113769,2239.180160522461,2139.480152130127,2153.3601684570312,2298.280170440674,2205.000156402588,2371.500156402588
"DG(44:10),DG(43:3)_C16:0",1729.180118560791,1804.460117340088,1746.720115661621,1830.7801322937007,1739.1601181030271,1744.820125579834,1753.7601318359375,1723.1001205444336
"DG(44:10),DG(43:3)_C16:1",1925.180126190185,1967.5601348876955,1920.120132446289,1946.320140838623,1976.940139770508,1983.080150604248,1990.4801445007324,2091.520133972168
"DG(44:10),DG(43:3)_C18:0",1751.5801124572754,1753.360107421875,1741.3401336669922,1808.020122528076,1727.9201126098633,1789.540111541748,1764.4401245117188,1746.9401321411133
"DG(44:10),DG(43:3)_C18:1",1989.9801216125488,1974.8401527404783,2203.8801498413086,1929.2601318359373,2271.700149536133,2306.700168609619,2054.02014541626,2308.280158996582
"DG(44:10),DG(43:3)_C18:2",2258.120162963867,2134.1401405334477,2132.26016998291,2337.0401649475098,2333.900157928467,2456.5001831054688,2476.0201835632324,2220.940155029297
"DG(44:11),DG(43:4)_C16:0",1754.2001190185547,1962.040134429932,1764.360107421875,1814.64013671875,1716.0601196289062,1908.0401306152344,1834.3801383972168,1816.9401321411133
"DG(44:11),DG(43:4)_C16:1",2016.20011138916,1978.1201248168943,1969.2001304626465,1932.8201332092283,1988.5001220703125,1973.0401306152344,2020.2601356506348,2036.9201354980469
"DG(44:11),DG(43:4)_C18:0",1711.7401161193848,1787.000129699707,1710.8001098632812,1770.0801239013672,1780.1001319885254,1787.9401359558103,1706.9801292419434,1719.7401161193848
"DG(44:11),DG(43:4)_C18:1",1957.4801330566409,2085.2801513671875,2367.4801635742188,1931.740119934082,2043.5001335144043,2009.820140838623,1921.700138092041,1982.8801383972168
"DG(44:11),DG(43:4)_C18:2",2369.1001586914062,2135.4801445007324,2430.880172729492,2413.4801635742188,2418.640182495117,2415.820156097412,2544.240177154541,2452.520179748535
"DG(44:12),DG(43:5)_C16:0",1848.2001190185547,1882.1601219177248,1875.300121307373,1904.0601272583008,1779.1401290893557,1871.2601203918457,1862.360126495361,1888.5401306152344
"DG(44:12),DG(43:5)_C16:1",2026.640121459961,2166.6401557922363,1947.9601402282717,2208.360145568848,2112.640151977539,2012.9001502990725,2188.840145111084,2037.420139312744
"DG(44:12),DG(43:5)_C18:0",1942.7201385498047,1799.700122833252,1826.3401260375977,1910.860126495361,1866.1001243591309,1900.1001358032229,2011.0201377868648,1809.1201133728027
"DG(44:12),DG(43:5)_C18:1",2000.6601295471191,1913.8401374816892,2102.620143890381,1990.9001350402832,1990.800121307373,1936.140117645264,1917.9601211547847,2064.320140838623
"DG(44:12),DG(43:5)_C18:2",2323.560157775879,2110.300151824951,2255.9201698303223,2379.900173187256,2158.100154876709,2229.9401512146,2434.860176086426,2326.820178985596
DG(44:3)_C16:0,1719.0801239013672,1764.6401176452637,1739.8601036071775,1809.0601272583008,1782.780117034912,1766.720127105713,1752.540126800537,1721.7001190185547
DG(44:3)_C16:1,1951.4601249694824,2023.6401252746584,1919.5201263427732,1978.14013671875,2018.14013671875,1950.020133972168,1973.600128173828,1927.160140991211
DG(44:3)_C18:0,1768.200122833252,1743.1001319885254,1787.0001258850098,1709.4601211547852,1712.6001167297363,1780.5801277160645,1824.6401252746584,1788.1001167297363
DG(44:3)_C18:1,1964.220142364502,1999.3401412963867,2371.8801803588867,1921.0201416015625,1922.0001335144043,2028.6601524353027,2036.580139160156,1990.560146331787
DG(44:3)_C18:2,2237.7601737976074,2152.1801414489746,2233.3601684570312,2156.0201721191406,2274.1201705932617,2179.4201583862305,2262.6401748657227,2237.8001594543457
DG(44:4)_C16:0,1755.6201095581057,1737.6801147460938,1713.920108795166,1784.6401329040527,1716.1601104736328,1745.500114440918,1724.660125732422,1744.4601211547852
DG(44:4)_C16:1,1927.5201148986816,1930.9401206970213,1919.360134124756,2022.3401489257808,1942.8801307678225,1924.820125579834,1985.3601303100584,2009.580139160156
DG(44:4)_C18:0,1845.9401206970213,1718.980125427246,1757.3801193237305,1816.3201293945312,1859.880123138428,1804.640117645264,1727.5801162719729,1711.5001029968262
DG(44:4)_C18:1,1934.680126190185,1968.8401374816892,2183.06014251709,1906.380126953125,1933.6201248168943,1968.9401321411133,1970.3401374816892,1981.2801322937007
DG(44:4)_C18:2,2246.580173492432,2229.420166015625,2239.180156707764,2196.1801528930664,2177.3001441955566,2233.1401443481445,2482.4601707458496,2291.520149230957
DG(44:5)_C16:0,1823.400127410889,1974.2601470947263,1877.5601196289065,1893.980136871338,1815.1601219177248,2062.540134429932,1775.5401344299316,1874.740135192871
DG(44:5)_C16:1,2024.040134429932,1999.6801376342771,1919.64013671875,2051.660140991211,1967.1201210021973,1950.9601364135744,2012.080139160156,1941.5601272583008
DG(44:5)_C18:0,1711.6201171875,1857.7201194763184,1816.46012878418,1779.8601150512695,1812.3201293945312,1881.480125427246,1707.2601356506348,1749.7801246643066
DG(44:5)_C18:1,1959.160144805908,1974.4801597595213,2279.640151977539,1923.840133666992,1988.980136871338,2033.820140838623,1903.9201202392576,1926.2201347351076
DG(44:5)_C18:2,2128.4001502990723,2201.200157165528,2341.980155944824,2209.9801635742188,2141.52014541626,2262.400157928467,2172.700157165528,2304.320167541504
DG(44:6)_C16:0,3157.5002212524414,4650.500316619873,3021.7402114868164,3132.8602409362798,2498.680191040039,3914.220245361328,3009.000213623047,2411.120162963867
DG(44:6)_C16:1,1954.520133972168,1967.4401321411133,1945.8201332092283,1956.2401390075684,1990.1201438903809,2018.9401359558103,1931.4001388549805,1980.2401313781736
DG(44:6)_C18:0,2151.860149383545,2073.460147857666,2271.7801551818848,2368.6401596069336,2250.9401626586914,2480.260185241699,2188.580135345459,1892.7001266479488
DG(44:6)_C18:1,2027.3001441955569,1990.0801467895508,2075.080139160156,1905.320125579834,1910.6601486206052,1944.4201316833496,1982.640117645264,1945.040134429932
DG(44:6)_C18:2,2121.5401611328125,2206.840133666992,2165.3001441955566,2228.840148925781,2297.18017578125,2306.880157470703,2179.6801528930664,2255.980159759521
"DG(44:7),DG(43:0)_C16:1",1978.280128479004,2101.180126190185,2086.3801345825195,2066.14013671875,1975.380142211914,2114.7601432800293,1999.5201377868648,1989.4401359558103
"DG(44:7),DG(43:0)_C18:1",2099.400154113769,2171.9201583862305,2673.2601890563965,2111.1601371765137,2170.58016204834,2287.700168609619,2151.6401405334477,2071.8201446533203
"DG(44:7),DG(43:0)_C18:2",2163.020156860352,2171.5201416015625,2180.7201538085938,2261.9201583862305,2208.66015625,2258.20015335083,2245.420162200928,2173.520133972168
"DG(44:8),DG(43:1)_C18:2",2169.420162200928,2161.7401428222656,2251.960178375244,2171.6801414489746,2104.74015045166,2295.360153198242,2177.840148925781,2507.200183868408
"DG(44:9),DG(43:2)_C16:0",1800.0401229858398,1779.08012008667,1827.5601196289065,1926.5801315307615,1831.820106506348,1846.4801445007324,1885.140121459961,1860.760139465332
"DG(44:9),DG(43:2)_C16:1",1947.360134124756,2018.300136566162,1962.8401412963867,1930.1201438903809,2242.200157165528,1960.780128479004,2060.180149078369,2127.9401512146
"DG(44:9),DG(43:2)_C18:0",1760.9401206970217,1764.4401168823242,1789.520107269287,1815.5801315307615,1794.2001266479492,1857.3401184082031,1806.6401252746584,1820.640121459961
"DG(44:9),DG(43:2)_C18:1",1979.8601303100584,2069.660144805908,2620.0801849365234,2122.6401557922363,2160.06014251709,2257.3801651000977,2031.6601371765137,2142.3601684570312
"DG(44:9),DG(43:2)_C18:2",2285.240165710449,2368.2201805114746,2402.440185546875,2361.0401725769043,2295.060165405273,2909.4402084350586,2598.4201889038086,2398.4001693725586
"DG(O-38:8),DG(36:1)_C16:0",2033.6001434326167,2602.3001823425293,1958.5001373291016,1978.4201583862305,1902.0201416015625,2435.9201698303223,2287.360164642334,1944.0201377868648
"DG(O-38:8),DG(36:1)_C16:1",2217.5801544189453,2242.4201698303223,2060.8601417541504,2469.1401863098145,2568.440174102783,2122.820152282715,2212.1201515197754,2349.6801719665527
"DG(O-38:8),DG(36:1)_C18:0",2379.4601821899414,4364.400321960449,3646.360294342041,3818.5403327941895,2675.1401863098145,3653.0202713012695,3670.040218353272,5379.400424957275
"DG(O-38:8),DG(36:1)_C18:1",3422.2402381896973,4378.960311889648,7300.940547943115,4728.800315856934,4812.100341796875,5530.800365447998,5973.840347290039,6656.260440826416
"DG(O-38:8),DG(36:1)_C18:2",2249.9601554870605,2309.020164489746,2206.5801582336426,2564.4201889038086,2247.9601554870605,2356.6001625061035,2584.0001945495605,2446.7001609802246
"DG(O-38:9),DG(36:2)_C16:0",2576.100200653076,2967.7002296447754,2399.5601692199707,2452.960178375244,1966.2001266479488,2585.7001724243164,2384.060176849365,2011.14013671875
"DG(O-38:9),DG(36:2)_C16:1",1884.7001266479488,2061.06014251709,1989.280139923096,2055.080139160156,2033.780139923096,2225.7801628112798,2185.3001556396484,2091.60013961792
"DG(O-38:9),DG(36:2)_C18:0",3570.30025100708,8257.54069519043,6791.000457763672,9710.04076385498,3697.420253753662,7793.24059677124,3380.6802673339844,6071.900413513184
"DG(O-38:9),DG(36:2)_C18:1",16440.781002044678,16381.600708007812,45696.98342514038,27009.221702575684,30451.06225204468,36389.201679229736,47521.98304748535,74431.76643753052
"DG(O-38:9),DG(36:2)_C18:2",5140.0003662109375,8825.380737304688,5744.400367736816,15203.34104156494,4564.96028137207,12154.120880126951,10342.120754241943,6458.100482940674
"DG(O-40:9),DG(38:2)_C16:0",1768.2801208496094,1883.900127410889,1772.280101776123,1758.6601333618164,1760.700122833252,2114.62015914917,1799.400127410889,1749.4401206970217
"DG(O-40:9),DG(38:2)_C16:1",1962.4601402282717,1992.000144958496,1941.040126800537,2057.860134124756,2010.340133666992,2004.3401374816892,2112.1401329040527,1998.7801322937007
"DG(O-40:9),DG(38:2)_C18:0",2009.820156097412,2046.0401420593264,2096.1601638793945,2028.560146331787,2068.540138244629,2098.3201446533203,2044.460147857666,2310.3401641845703
"DG(O-40:9),DG(38:2)_C18:1",2347.200168609619,2588.560199737549,3786.720245361328,2786.8401947021484,2948.920207977295,3674.6602478027344,3173.7002029418945,4058.160316467285
"DG(O-40:9),DG(38:2)_C18:2",4911.30037689209,5442.260372161865,5013.060344696045,7890.780529022217,3250.1602325439453,6134.500370025635,4565.520309448242,4010.500289916992
"DG(dO-38:9),DG(35:2)_C16:0",1832.1401443481443,1931.1601333618164,1853.6001205444336,1923.300136566162,1902.320140838623,1941.6001358032229,1860.9401321411133,1867.8401260375977
"DG(dO-38:9),DG(35:2)_C16:1",1912.1001243591309,1941.9801406860352,1923.260124206543,2183.2801628112798,2014.420124053955,2100.0001373291016,2146.1601600646973,1980.0801162719729
"DG(dO-38:9),DG(35:2)_C18:0",1860.3601188659668,1818.9401321411133,1855.400119781494,1834.2401275634768,1791.2201232910156,1758.1001205444336,1858.940139770508,1753.9401321411133
"DG(dO-38:9),DG(35:2)_C18:1",2129.200149536133,2076.2201538085938,3323.4402465820312,1993.2601432800293,2052.9001388549805,2481.4401817321777,2325.4601669311523,2646.440196990967
"DG(dO-38:9),DG(35:2)_C18:2",3012.7001953125,2857.660213470459,2770.780200958252,3318.80020904541,2391.7601737976074,3390.580249786377,3238.220203399658,3013.6402282714844
FA(10:0) | FA(10:0),88248.20629882812,82420.28540039062,111460.6492919922,85832.92517089844,67515.32446289062,80855.42498779297,109505.98779296876,116229.48846435548
FA(10:1),116648.68771362305,99813.5672607422,105953.44757080078,89042.56677246094,103990.0673828125,99946.28674316406,125326.13012695312,131264.80932617188
FA(10:2),26745.462127685547,24388.56164550781,30802.442428588867,23065.181671142574,38880.742614746094,45716.18322753906,100209.92449951172,33512.92199707031
FA(10:3),93024.26635742188,77798.08410644531,118147.09033203124,73790.24438476562,448292.4359741211,258328.71807861328,1036732.6171875,177112.41455078125
FA(10:4),298908.40423583984,192507.7332763672,175061.4912109375,175669.69360351562,191963.9743652344,210315.4139404297,468548.9562988281,292890.2214355469
FA(10:5),239458.7368774414,107412.94860839844,107089.66674804688,90361.40551757812,73817.38488769531,116977.80908203124,421090.4873046875,143976.310546875
FA(10:6),179789.5322265625,160444.6512451172,278914.6790161133,219854.43798828125,194719.5323486328,325666.82385253906,255140.1973876953,178043.93212890625
FA(11:0),57259.38488769531,51723.32385253906,60968.7841796875,51664.26385498047,72821.74487304688,72904.0251159668,61798.30432128906,60802.22399902344
FA(11:1),100059.92810058594,93913.02575683594,106032.0482788086,113659.42877197266,247601.9580078125,222249.6961669922,132093.4903564453,119402.54858398438
FA(11:2),179484.5948486328,118765.08911132812,113119.92749023438,90300.36669921876,555724.1142578125,572475.7993164062,289417.52001953125,147425.45080566406
FA(11:6),902804.5,1193759.1435546875,1035535.2026367188,808200.0185546875,586481.6088867188,547208.0197753906,974622.1490478516,1182785.2758789062
FA(12:0),123123.00854492188,121504.6492919922,114235.9678955078,98107.54718017578,68402.34436035156,74317.40588378906,103919.24731445312,116778.70776367188
FA(12:1),257403.7783203125,249684.73901367188,238529.017578125,212987.31665039065,214311.83520507807,221596.89721679688,246214.87854003903,272827.5166015625
FA(12:2),53299.36401367188,52305.64370727539,54341.54364013672,45624.6830444336,52090.92321777344,52394.263671875,53691.36367797852,49551.18359375
FA(12:4),149294.08880615234,59700.28405761719,53055.78350830078,45955.263122558594,53235.32385253906,69545.66534423828,79028.12609863281,60197.28399658203
FA(12:5),68048.28564453125,66300.34436035156,84257.9453125,86152.2268371582,42272.343017578125,44137.24328613281,60310.724060058594,85018.52667236328
FA(12:6),103568.98809814452,102696.92761230467,112638.82824707033,90612.7061767578,88488.9860534668,96316.24713134766,109174.2882080078,112492.02770996094
FA(13:0) | FA(14:7),192913.99609375,141226.8504638672,118681.98797607422,129895.98815917967,150389.69018554688,142841.0498046875,183836.93200683597,171506.6915283203
FA(13:0) | FA(14:7)_2,188441.07495117188,136304.47003173828,131056.84997558594,117726.38891601562,152104.0509033203,141923.76977539062,173816.291015625,166438.2509765625
FA(13:1),220008.1552734375,270903.8377685547,311036.6826171875,214489.87243652344,64386.36492919922,62020.18408203125,256573.49853515625,237761.1378173828
FA(13:2),59931.604553222656,60763.00421142578,59091.42468261719,54669.10409545898,52847.14349365234,58669.22393798828,66626.54473876953,64494.00500488281
FA(14:0),121413.42895507812,104223.02709960938,96537.14709472656,79812.72607421875,108880.68786621094,126082.18981933594,127631.80822753906,104007.6671142578
FA(14:1),231245.09887695312,145186.11083984375,151293.05041503906,129519.32775878906,144468.09106445312,184399.5725097656,297511.3200683594,146715.3702392578
FA(14:2),432693.5300292969,443251.17333984375,505456.455078125,391766.0278320313,573589.5815429688,699686.203125,1716504.7836914062,576908.4252929688
FA(14:4),447578.93225097656,400603.52307128906,335635.72216796875,308165.0604248047,102566.88732910156,93823.607421875,244827.85693359372,383733.80627441406
FA(14:5),242835.9171142578,120251.9091796875,108039.8270263672,94423.4867553711,120864.0283203125,120339.82934570312,174808.75268554688,118076.82836914062
FA(14:6),570735.1752929688,142519.79077148438,126897.32958984376,111437.40893554688,102915.02685546876,112412.14813232422,380647.4089355469,162033.47033691406
FA(15:0) | FA(16:7),483165.17333984375,506830.4162597656,562075.7377929688,454209.1123046875,467606.8168945313,509149.2177734375,705623.1469726562,557703.521484375
FA(15:0) | FA(16:7)_2,471412.4165039063,465919.81005859375,514460.0903320313,393689.6088867188,443115.4946289063,492888.7387695313,686708.5693359375,531755.5361328125
FA(15:1),122138.7290649414,115935.90808105467,132328.62890625,86893.48645019531,498634.6114501953,368726.4836425781,1327526.3353271484,210583.1534423828
FA(15:2),50480.92388916016,47432.56314086914,58837.56442260742,48084.20309448242,42273.403259277344,53092.72412109375,52584.14385986328,55050.903869628906
FA(15:3),39502.82269287109,40449.86291503906,41517.64288330078,35936.34246826172,53002.52374267578,53383.82385253906,42078.82318115234,43964.322814941406
FA(15:5),48507.34387207031,48171.88342285156,53605.98394775391,45976.76287841797,59622.86376953125,61313.14443969727,50328.12341308594,61298.803955078125
FA(15:6),64989.00439453125,63250.56427001953,65334.54425048828,52312.543518066406,61963.024353027344,68731.10510253906,68114.52529907227,63742.24465942383
FA(16:0),601573.5649414062,586109.4819335938,774165.7749023438,562807.0385742188,726528.2099609375,850370.8608398438,1373935.6420898438,532348.6606445312
FA(16:1),120646.1688232422,119876.76721191406,137464.46923828125,115580.1083984375,148014.97283935547,187619.3741455078,357267.84375,106002.50744628906
FA(16:2),55823.383728027344,52759.48358154297,58129.484466552734,45310.86322021485,59182.66375732422,61911.663818359375,71245.70446777344,56619.463928222656
FA(16:3),2213030.2919921875,2013021.53515625,2015808.962890625,1765062.68359375,1813361.646484375,2090874.4013671875,2243274.572265625,2361810.416015625
FA(16:4),58774.66390991211,55736.92431640625,61980.18441772461,48616.90283203125,79825.02557373047,72183.58477783203,58402.82409667969,55602.68420410156
FA(16:5),141769.98931884766,197660.7321166992,260074.8204345703,204026.13424682617,75126.84564208984,73739.40545654297,68825.96484375,202844.43359375
FA(16:6),115169.7489013672,117546.9871826172,128377.06854248048,96410.30700683594,114374.30822753906,123490.66796875,145311.8104248047,121891.42846679688
FA(17:0) | FA(18:7),115275.54858398438,102793.08715820312,119057.4482421875,89695.94659423828,129239.87097167967,151127.57080078125,150093.05017089844,103711.78759765624
FA(17:0) | FA(18:7)_2,111515.18896484376,114878.70861816406,125764.46887207033,92626.38623046876,138541.34826660156,154979.7313232422,153061.65100097656,113109.10778808594
FA(17:1),99819.8070678711,86392.98565673828,98133.1669921875,75443.02600097656,104452.7671508789,119849.3486328125,121682.12683105467,77914.66479492188
FA(17:2),615180.0622558594,542439.4174804688,514172.033203125,408332.0502929688,568478.8205566406,743811.0087890625,718142.111328125,573753.478515625
FA(17:3),72727.14489746094,68281.0845336914,74941.32446289062,58243.16412353516,78901.56576538086,88451.10620117188,104559.00811767578,71878.04510498047
FA(17:4),55228.82360839844,49882.24362182617,64148.88494873047,44705.562927246094,51192.12414550781,57982.624084472656,62895.24450683594,54964.14367675781
FA(17:6),81342.76550292969,85583.30548095703,95934.54864501952,71802.6449584961,92025.92669677734,86906.84619140625,116860.08972167967,76559.4849243164
FA(18:0),712716.7895507812,664673.470703125,746630.0654296875,571466.0336914062,781741.4174804688,927210.583984375,706199.626953125,719263.7861328125
FA(18:1),595784.9985351562,675275.5895996094,810753.3422851562,891549.5407714844,896892.3129882812,1471063.326171875,535601.51953125,1104768.5610351562
FA(18:2),582636.0471191406,695296.3441162109,959359.1951904296,1310184.0480957031,976137.0908203124,1511145.6213378906,2239549.313964844,841269.6342773438
FA(18:3),116321.68762207033,124458.90795898438,160762.14923095703,171626.55364990234,173872.25073242188,222037.2963256836,284330.23291015625,142512.2080078125
FA(18:4),52226.2236328125,51089.18395996094,59376.48455810547,51171.46337890625,55748.963928222656,62651.78479003906,68374.84518432617,54226.9838256836
FA(18:5),77628.44470214844,78361.36505126953,91452.7661743164,74796.66522216797,85538.52600097656,94197.14624023438,98389.32791137695,92786.94653320312
FA(18:6),100965.08728027344,111337.3876953125,148259.4307861328,103563.16778564452,120384.66821289062,137919.91052246094,142710.42950439453,111223.90869140624
FA(19:0),2246736.130859375,1954945.013671875,1913946.48828125,1534673.46875,2072931.62109375,2706785.2197265625,2306251.850585937,2250048.96875
FA(19:1),136142.39025878906,122611.82739257812,136144.7091064453,102737.50842285156,138982.40881347656,170099.4725341797,115467.54846191406,135299.7696533203
FA(19:2),474785.5107421875,401473.0493164063,388560.8232421875,302023.681640625,476502.9938964844,645793.6870117188,491555.416015625,454300.0278320313
FA(19:4),220736.8519287109,186024.4341430664,126816.40954589844,116269.4683227539,239399.4764404297,289725.2775878906,264655.1538085937,210995.8962402344
FA(19:5),76971.84564208984,73351.54553222656,81777.32507324219,66399.04461669922,77395.26531982422,89117.52673339844,73815.3056640625,85697.68566894531
FA(19:6),145400.13159179688,137028.07067871094,149786.9512939453,112950.3486328125,160001.9521484375,183751.4123535156,146731.4490966797,147202.51171875
FA(20:0),6682120.32421875,5754580.55859375,5732825.8203125,4677376.265625,5943796.9375,7764535.8515625,6955329.662109375,6427418.0859375
FA(20:1),195087.7126464844,179487.49267578125,201284.87365722656,164045.05114746094,217313.31518554688,269272.4201660156,190876.0341796875,204310.974609375
FA(20:2),126733.76879882812,118916.93005371094,144041.2303466797,120845.40856933594,133479.6298828125,179242.05444335938,126359.02941894533,119955.22802734376
FA(20:3),171046.07250976562,161721.60998535156,204775.5108642578,206920.93627929688,146401.21142578125,293517.5656738281,134998.1287841797,165418.79064941406
FA(20:4),528701.2777099609,620686.1780090332,802187.9240722656,986597.8179321288,383027.2872314453,1067809.0064697266,216151.29705810547,351055.4143676758
FA(20:5),162787.75329589844,168068.72903442383,234668.99755859372,235242.5750732422,251716.25341796875,296359.3408203125,146151.48901367188,170565.8321533203
FA(20:6),267975.77868652344,238480.75720214844,266283.3801269531,189230.15502929688,286724.6013183594,338135.640625,269471.4982910156,251557.09814453125
FA(21:0),5045629.5859375,4626943.1953125,4528448.19140625,3922040.0859375,4614435.5703125,6057908.890625,5459239.5224609375,5078960.34765625
FA(21:1),135210.7099609375,118279.16870117188,128858.18957519533,107371.66735839844,142562.0107421875,167057.79150390625,143835.8291015625,126039.84887695312
FA(21:2),153411.62951660156,135756.78784179688,129982.8094482422,90974.0067138672,153329.5916748047,192870.0125732422,149613.65087890625,150869.26928710938
FA(21:3),82083.0062866211,78329.62518310547,76807.14599609375,59875.46441650391,88552.04577636719,108487.92797851562,82907.78649902344,81900.46551513672
FA(21:5),185794.3143310547,160366.91076660156,173960.85290527344,127797.92956542967,216641.85571289065,243816.65576171875,195496.6545410156,206213.55322265625
FA(22:0),1579170.4853515625,1355183.8857421875,1428770.173828125,1281225.373046875,1461295.833984375,1920999.86328125,1665999.96875,1580074.8515625
FA(22:1),102797.6065673828,96269.46643066406,102372.84631347656,90776.1265258789,109068.10754394533,136998.30920410156,97340.32653808594,107438.30712890624
FA(22:2),59769.00360107422,56810.443603515625,62155.24432373047,56176.583740234375,69123.06463623047,82273.48638916016,62106.4443359375,63242.26440429688
FA(22:3),66306.8051147461,69562.6244506836,74926.32470703125,59340.52355957031,82769.02563476562,89770.80560302734,70644.88525390625,79566.34503173828
FA(22:4),93911.20623779295,88656.4267578125,121664.44952392578,122114.52923583984,95997.34796142578,174087.93041992188,83780.46630859375,95541.20629882812
FA(22:5),218272.53845214844,180112.23266601562,273995.9428710937,282863.83923339844,167588.2119140625,356059.54736328125,156444.97119140625,178965.6309814453
FA(22:6),539043.9399414062,506145.21630859375,604458.0053710938,737559.4428710938,539224.5197753906,1258491.90234375,615172.3217773438,638165.8374023438
FA(22:7),5235671.900390625,4521842.734375,4415192.10546875,3743884.60546875,4650135.25390625,6098949.197265625,5643619.29296875,5096103.90234375
FA(23:0),156071.01135253906,162284.85229492188,185642.11206054688,185918.51293945312,137168.96899414062,173415.55334472656,133320.20874023438,186281.7928466797
FA(23:1),85361.1460571289,81861.6654663086,84767.54614257812,75443.20565795898,84812.52655029297,103495.18789672852,82045.72644042969,84957.94659423828
FA(23:6),213642.7529296875,201415.03393554688,225582.5177001953,217840.2745361328,204012.47338867188,254580.5772705078,210189.17504882807,237251.95751953125
FA(24:0),133437.01025390625,136269.1688232422,129481.1884765625,119178.22839355467,158119.2919921875,206591.1350097656,137960.810546875,129243.17041015624
FA(24:1),64719.24411010742,61341.96435546875,63606.544494628906,57435.384033203125,75554.96594238281,86962.00561523438,61894.72528076172,63129.14440917969
FA(24:10),131719.8504638672,109044.64636230467,104792.02807617188,84938.4458618164,218095.2752685547,227004.63623046875,147512.8309326172,114886.6278076172
FA(24:12),108019.00714111328,95084.36682128906,111847.0068359375,94142.0258178711,100001.0870361328,117104.92791748048,96997.4268798828,111046.74792480467
FA(24:2),48218.00338745117,53252.523529052734,48616.583892822266,43799.0231628418,49578.42352294922,72978.96508789062,49121.84329223633,50976.90350341797
FA(24:3),73236.62567138672,68683.1047668457,72884.02551269531,59298.903869628906,74106.24444580078,92319.3062133789,74639.66516113281,70804.52502441406
FA(24:4),66756.24432373047,73803.76480102539,71842.42517089844,58948.40393066406,80971.06573486328,88187.10632324219,68639.50494384766,68238.60418701172
FA(24:5),131176.64916992188,143929.55017089844,154521.55041503906,160769.13317871094,116188.8094482422,156741.71069335938,112555.02758789062,145598.35076904297
FA(24:6),345963.4063720703,412531.50634765625,615689.0427246094,863552.1206054688,101256.7469482422,144631.6104736328,110684.28698730467,627463.7952880859
FA(24:7),166633.55114746094,163711.2509765625,186371.3134765625,189379.93463134769,145403.4512939453,177837.77307128906,141548.26892089844,185721.3726806641
FA(25:0),115216.90814208984,125742.36889648438,190017.3540649414,174368.1134033203,96240.86730957033,114281.30712890624,85756.80603027344,152110.4708251953
FA(25:1),98572.1875,100247.58654785156,111361.44818115234,112555.16809082033,116338.3878173828,132963.708984375,103173.86791992188,111983.36840820312
FA(25:4),98845.30688476562,105006.22735595705,101921.52697753906,81223.36499023438,89569.60681152344,97268.86682128906,98579.46704101562,100361.5867919922
FA(26:0),102854.267578125,99915.66723632812,106489.96606445312,83830.96630859375,110931.52770996094,135338.54956054688,105726.4071044922,114402.96801757812
FA(26:1),117305.22744750977,114830.66857910156,111035.5477294922,92794.46704101562,124980.78942871094,140646.0489501953,132231.34912109375,123855.94873046876
FA(26:2),84722.1254272461,80142.00561523438,77612.4658203125,62487.20477294922,72668.06506347656,85043.32531738281,90879.1260986328,82276.56640625
FA(26:3),69943.60418701172,72593.46496582031,69819.90509033203,51304.02429199219,65081.46487426758,75546.38464355469,72543.86462402344,71479.66571044922
FA(26:4),70572.7446899414,70585.94506835938,73693.54638671875,62404.244384765625,73711.16494750977,90027.64678955078,70636.44525146484,71106.64538574219
FA(26:5),91747.1459350586,97816.5672607422,118713.18676757812,112563.54736328124,71235.66534423828,80652.04528808594,77989.865234375,113120.10809326172
FA(26:6),302523.44580078125,407846.4873046875,638286.3813476562,732829.0180664062,98584.10607910156,126535.94934082033,123508.208984375,524408.2153320312
FA(27:0) | FA(28:7),142047.67016601562,130237.52783203124,103195.0073852539,86446.50592041016,161559.27087402344,139193.79040527344,145425.16857910156,144709.69171142578
FA(27:0) | FA(28:7)_2,128794.44995117188,117015.0283203125,96094.4266357422,79034.54559326172,142314.3497314453,139746.72985839844,123472.62866210938,130045.86962890624
FA(27:1),60323.12457275391,61449.44454956055,64304.444396972656,53771.64318847656,61861.723876953125,68941.34436035156,61235.28433227539,65253.14453125
FA(27:2),69255.24493408203,62700.20501708984,63789.00451660156,60409.60345458984,66414.04455566406,76148.42486572266,62008.924377441406,63249.44451904297
FA(27:3),105496.94647216795,109070.48693847656,109175.86694335938,84125.10632324219,110887.78723144533,129636.56896972656,109999.50708007812,105249.92761230467
FA(27:4),84987.86627197266,77493.84600830078,82254.60565185547,73449.3051147461,74245.544921875,92376.66595458984,80140.32543945312,82466.48510742188
FA(28:0),72299.16491699219,65424.36474609375,65918.2045288086,58839.48406982422,80696.02502441406,86276.84655761719,67629.5650024414,76498.70526123047
FA(28:1),436144.5732421875,392152.8706054688,362168.7231445313,321188.0010986328,112601.18817138672,197126.35522460935,330513.3825683594,337299.5251464844
FA(28:2),62893.28454589844,57038.58410644531,55639.3232421875,44897.78286743164,54205.78451538086,57730.4641418457,57401.88446044922,53836.34393310547
FA(28:3),59770.68444824219,56973.464599609375,54161.30374145508,52453.50415039063,63563.485290527344,68955.14514160156,62252.384521484375,61670.704528808594
FA(28:4),56730.78405761719,56175.30383300781,57026.96347045898,46030.20318603516,60536.6237487793,61987.60443115234,57008.12377929688,54422.20397949219
FA(28:5),66794.18475341797,55677.28393554688,65001.90417480469,54003.483642578125,51490.00402832031,59050.1244506836,57833.124267578125,63628.52478027344
FA(28:6),118337.08850097656,102401.94702148438,111835.9874267578,101152.26654052734,113068.94738769533,120242.70892333984,119193.52899169922,122620.1494140625
FA(29:0),1897876.283203125,1856629.9990234373,1433159.9306640625,975984.130859375,106524.22802734376,126677.08959960938,1427656.8713378906,1369711.6684570312
FA(29:1),64133.62463378906,57860.80383300781,54306.06433105469,44108.46350097656,52075.22375488281,50284.68365478516,58354.68365478516,55077.804443359375
FA(29:2),224572.2744140625,217280.0751953125,204097.27416992188,139638.7303466797,75191.66442871094,88681.90625,205666.55322265625,218842.5350341797
FA(29:3),72700.80554199219,69585.5845336914,70648.56506347656,73885.24499511719,63709.38446044922,105589.52746582033,70042.06530761719,75304.00476074219
FA(2:0),21174.50151062012,18141.301330566406,19376.541458129883,15035.061096191406,18425.56143188477,20865.34146118164,21491.58169555664,21305.64128112793
FA(30:1),44967.5234375,49438.1435546875,41385.12298583984,38057.44241333008,49049.22329711914,53129.04425048828,45418.123291015625,45670.84329223633
FA(30:2),56558.424072265625,53687.32415771485,44764.48272705078,40692.74298095703,55096.72412109375,54556.42352294922,48273.28323364258,51913.18362426758
FA(30:3),52800.14404296875,44150.04278564453,46170.823303222656,39799.92266845703,49201.36309814453,49027.86297607422,44344.90313720703,53170.12347412109
FA(30:4),51532.963928222656,44400.16357421875,45683.1635131836,39943.40252685547,54560.603088378906,56332.26397705078,46521.84310913086,52968.70330810547
FA(30:5),56871.90460205078,53366.723693847656,53088.48394775391,53536.063568115234,55974.143951416016,55510.28387451172,51197.62368774414,62643.96368408203
FA(30:6),128809.80834960938,134416.80993652344,123314.5694580078,96602.94689941406,76187.06420898438,73767.9047241211,110798.5078125,111690.048828125
FA(31:0),88066.62628173828,90829.9656982422,86549.36584472656,65834.24487304688,83427.38592529297,84065.72564697266,99393.10583496094,88166.12622070312
FA(32:0),33448.12225341797,34275.542053222656,36755.56246948242,29682.942321777344,39300.72280883789,53242.10369873047,35758.36260986328,40023.34280395508
FA(32:1),38858.903060913086,28320.40200805664,32082.542419433597,23539.76147460937,33291.14245605469,41080.12316894531,32003.04234313965,35650.04266357422
FA(32:4),51794.52346801758,48181.662857055664,56959.383850097656,41270.342834472656,45936.42352294922,55202.12371826172,49146.32415771485,52565.76428222656
FA(32:5),49292.48318481445,41268.64224243164,55852.3236694336,44866.48318481445,41175.18295288086,48753.40335083008,45554.70318603516,54687.323303222656
FA(32:6),63553.90447998047,56431.06384277344,68769.64367675781,58103.864318847656,60542.32434082031,64512.924865722656,59220.384216308594,66276.82427978516
FA(33:0),37481.022705078125,33014.982421875,33311.48248291016,27789.24200439453,32854.30187988281,42495.02294921875,33073.60255432129,31856.402374267574
FA(34:0),42143.18307495117,44318.68347167969,57338.32403564453,47903.20291137695,41664.16247558594,53933.2239074707,39081.003173828125,51423.28363037109
FA(34:1),139624.0307006836,131454.85034179688,138465.21032714844,104097.30822753906,169504.75024414062,205300.57495117188,161947.99291992188,132231.529296875
FA(34:5),58465.36407470703,53053.58367919922,64108.20495605469,49562.10382080078,51693.204162597656,66094.58477783203,51897.62384033203,61312.62451171875
FA(34:6),58810.58416748047,57900.74482727051,65799.72485351562,50089.06286621094,63530.485290527344,71518.02502441406,57195.72381591797,64745.66430664063
FA(35:0),29999.742126464844,28305.0419921875,29849.88217163086,26843.32211303711,27929.70198059082,35301.622314453125,27482.30177307129,27037.781982421875
FA(36:0),24267.78164672852,25224.72183227539,25153.82174682617,23419.28157043457,28317.20184326172,35427.582458496094,26378.001571655277,24999.16192626953
FA(36:4),41504.56298828125,37682.78289794922,42199.14306640625,41426.56286621094,46681.403411865234,56229.024322509766,44417.5234375,41617.523040771484
FA(36:5),36720.12228393555,35985.14273071289,39729.54266357422,46058.343505859375,36937.062591552734,51319.80319213867,38035.84259033203,39451.94268798828
FA(37:0),32242.962127685547,31015.462158203125,40308.36322021485,39812.8430480957,41590.46304321289,48883.68338012695,40485.14239501953,33374.98229980469
FA(38:0),25433.64213562012,23184.60171508789,31815.522384643555,25134.341873168945,26830.062103271484,31009.522216796875,26546.221725463867,23980.54179382324
FA(38:4),48462.823303222656,48601.86376953125,62881.104553222656,49609.5830078125,44668.04330444336,52309.40393066406,52645.56408691406,50933.00396728516
FA(38:5),41032.34286499024,37908.0228881836,42071.48284912109,38378.5227355957,35012.402435302734,39387.28286743164,36210.2626953125,39707.363037109375
FA(38:6),35006.382385253906,32315.982360839844,42118.22296142578,32202.922424316406,38348.72244262695,44813.46328735352,36772.86242675781,33082.382232666016
FA(3:0),3421.2802238464355,4667.560241699219,4760.940315246582,3789.780258178711,4096.060230255127,4824.8603515625,5476.400344848633,4293.34029006958
FA(3:1),5277.860397338867,5808.060478210449,8587.320545196533,7777.68049621582,7996.12060546875,8924.480590820312,9521.540725708008,5682.280414581299
FA(40:6),29240.442260742188,31484.88229370117,33896.502502441406,37386.702545166016,35251.84243774414,40007.92269897461,36307.082458496094,30419.42218017578
FA(42:6),27184.6618347168,30561.50213623047,41351.102630615234,31734.2618560791,33326.42239379883,36387.482666015625,33338.44250488281,29313.142288208008
FA(46:0),22559.42163085937,24243.38165283203,32944.62258911133,25943.72198486328,24868.181610107426,32113.58221435547,25326.38180541992,22891.92169189453
FA(4:0),52318.86354064941,45014.463439941406,47523.22326660156,37194.92266845703,55869.12377929688,52070.48419189453,53327.98400878906,52725.92419433594
FA(4:1),199419.3159790039,172250.0107421875,187977.75524902344,148596.09155273438,145825.60998535156,158948.9324645996,191158.87475585935,215456.05444335935
FA(5:0),472084.5377807617,657157.1953125,1278667.3540039062,1539277.1809082031,49207.46408081055,50050.9033203125,48820.92333984375,1257645.2881774902
FA(5:1),52325.32318115234,53995.96435546875,87255.74645996094,92302.92565917967,55111.784423828125,55780.26373291016,39204.102935791016,92851.98706054688
FA(5:2),98986.7671508789,75034.38568115234,96996.24645996094,69771.98468017578,84021.72619628906,102126.56774902344,87945.7865600586,83582.52551269531
FA(6:0),22050.46154785156,21009.94140625,28690.422286987305,23198.641326904297,23698.46173095703,33109.902099609375,25678.50180053711,23516.16162109375
FA(6:1),839239.2819824219,707338.693359375,787178.7177734375,611689.822265625,743602.2958984375,811190.240234375,869784.654296875,988418.2924804688
FA(6:2),44870.24346923828,39735.0830078125,43965.62353515625,32238.262237548828,50992.503662109375,62211.54461669922,50025.30334472656,48643.2834777832
FA(7:0),66712.1848449707,62364.24444580078,81474.72576904297,66910.52444458008,65364.22503662109,75429.30560302734,72343.38494873047,76756.12591552734
FA(7:1),43791.2028503418,27177.462005615234,26381.841735839844,22355.221725463867,44129.04315185547,48601.14343261719,35560.26248168945,33105.362213134766
FA(7:2),21336.401290893555,19194.46141052246,18666.041259765625,14523.340927124023,17611.64119720459,18952.741271972656,21282.601501464844,18356.68139648437
FA(7:3),26666.66148376465,18249.901290893555,18190.32145690918,15517.981063842772,14927.420852661133,16368.061210632324,22681.801696777344,21169.361358642574
FA(8:0),27839.841827392574,38061.80279541016,44682.582916259766,46656.42304992676,24377.40170288086,25264.521759033203,21772.081481933597,39669.662353515625
FA(8:1),11141.940811157228,10131.520767211914,13842.060943603516,11031.7407913208,11547.00080871582,10806.340698242188,10305.180679321287,12927.48095703125
FA(8:2),17385.301193237305,17145.901168823242,20178.86125183105,18341.341262817383,48142.30364990234,55468.50393676758,21562.321517944336,22426.661376953125
FA(8:5),59988.82373046875,54497.9631652832,62130.10430908203,73874.46560668945,740855.9477539062,836991.9331665039,108777.10583496094,68575.78430175781
FA(8:6),81027.04571533203,93112.2470703125,141107.74996948242,133338.84887695312,47733.72381591797,54426.82421875,61377.34448242188,131949.56994628906
FA(9:0) | FA(10:7),354787.7846069336,355738.02575683594,384962.9649963379,304264.6629638672,307996.06188964844,334551.1218261719,352666.8458557129,458393.81036376953
FA(9:0) | FA(10:7)_2,354312.9899902344,386109.0256347656,410750.93060302734,320196.1044921875,321753.5048828125,346052.6251220703,354560.4029541016,476839.6348876953
FA(9:1),19859.621337890625,22751.52157592773,24635.201919555664,20336.061630249023,23225.90182495117,24204.02182006836,21564.841674804688,25408.20181274414
FA(9:2),14109.060943603516,17692.420959472656,14520.12109375,14852.461013793943,18236.841415405277,19683.72132873535,15640.10134124756,14986.480987548828
"LPC(10:0),PC(O-10:0)",1242.8000984191897,1384.3400955200195,1179.4000816345217,1016.4600715637208,1290.7601051330566,1497.860107421875,1012.8600692749023,1069.5400733947754
LPC(12:0),1086.7800750732422,1058.4400749206543,1252.580093383789,1010.820068359375,1180.5200843811035,1156.9600830078125,1031.360065460205,1015.6000595092772
"LPC(14:0),PC(O-14:0),LPC(O-15:0)",1339.9200973510742,1583.8201065063477,1309.2000923156738,1123.720069885254,1577.880100250244,1788.680118560791,1135.220069885254,1139.3800811767578
"LPC(14:1),LPC(P-15:0)",1206.2600898742676,1170.4600944519043,1234.320087432861,1106.2000732421875,1134.7200889587402,1149.1800689697266,1136.380069732666,1039.840068817139
"LPC(15:1),LPC(O-16:1),LPC(P-16:0)",1065.1400756835938,1107.8400764465332,1153.920066833496,1049.3800735473633,1322.3201065063477,1140.160083770752,1058.7600784301758,1046.4200706481934
"LPC(16:0),PC(O-16:0),LPC(O-17:0)",45418.20301818848,36232.92256164551,32229.021942138672,18476.561100006104,39705.42254638672,59163.164489746094,10640.180755615234,12667.920997619629
"LPC(16:1),LPC(P-17:0)",2576.9601860046387,2335.2001724243164,2861.8202171325684,1880.4601554870603,2055.9001274108887,3060.3802185058594,1412.340103149414,1743.7600936889648
"LPC(17:1),LPC(O-18:1),LPC(P-18:0)",1502.860088348389,1087.2200736999512,1309.3000984191897,1011.3800773620604,1291.6200904846191,1292.7200736999512,1055.9400749206543,1268.0800743103027
"LPC(17:2),LPC(P-18:1)",1348.6401023864746,1151.2400856018066,1127.2400817871094,1073.4000816345217,1188.120101928711,1272.6800918579102,1014.3800659179688,1024.9000701904297
"LPC(18:0),PC(O-18:0),LPC(O-19:0)",24793.44235992432,18837.481437683105,19467.661209106445,11166.960655212402,17126.7010345459,24595.721809387207,8182.440525054932,10619.160499572754
"LPC(18:1),PC(O-18:1),PC(P-18:0)",11438.640853881836,9903.580642700195,8867.5806350708,8014.220500946045,11232.600761413574,18261.561111450195,5071.980323791504,8383.880561828613
"LPC(18:2),LPC(P-19:1)",18071.18148803711,14634.26099395752,14745.64102935791,21624.50115585327,17528.00099182129,36532.58274078369,8813.120643615723,16771.281116485596
LPC(18:3),1319.1601066589355,1172.4800872802734,1793.200122833252,1314.6000938415527,1466.4000816345217,1762.820140838623,1144.3600730895996,1553.8201065063477
LPC(18:4),1068.540069580078,1056.8600769042969,1027.760066986084,1017.1600685119628,1216.400089263916,1172.7800903320312,1078.3800659179688,1004.4600563049316
LPC(19:3),1099.5800819396973,1223.1600952148438,1079.3000793457031,1001.1400756835938,1140.1000785827637,1115.180076599121,1061.3000602722168,1040.220058441162
"LPC(20:2),PC(O-20:2)",1683.860126495361,2049.3001251220703,1756.740119934082,1323.0200881958008,1667.5201225280762,2743.6002655029297,1602.2001190185547,2173.5001831054688
LPC(20:3),2731.8202171325684,3036.920185089112,5193.940296173096,2836.0002212524414,3289.6602058410645,5676.280277252197,4627.060283660889,10159.580806732178
LPC(20:4),9699.400833129885,9188.400638580322,10173.840602874756,15513.92148590088,10696.48053741455,22569.18148803711,8296.060523986816,11653.160961151125
LPC(20:5),1987.46012878418,1350.540096282959,1237.560073852539,1174.3200721740725,1314.820087432861,1728.0801391601562,1538.1800956726074,1254.6400871276855
LPC(22:2),1357.200096130371,1156.04008102417,1107.2400817871094,1048.540069580078,1233.6800842285156,1193.280086517334,1036.2400665283203,1071.1600799560547
LPC(22:4),1292.7000846862793,1315.3400955200195,1244.080093383789,1178.4200859069824,1780.3401412963867,2338.7401580810547,1186.2400741577148,1159.5800819396973
LPC(22:5),2010.280143737793,1759.9401245117188,2665.560165405273,1522.5001182556152,2215.760181427002,2855.4402198791504,1191.6800918579102,1553.7201194763184
LPC(22:6),6620.800567626953,5796.440338134766,14227.381225585938,8453.000453948975,6976.300521850586,12641.300918579102,10783.980583190918,8955.02067565918
LPC(24:0),1499.840114593506,2124.7201766967773,3006.880241394043,1528.6601181030271,1402.700096130371,1542.6801300048828,1100.3600730895996,1383.2201118469238
LPC(24:1),1343.440086364746,1455.2201080322266,1466.7200965881348,1001.7800712585448,1331.040096282959,1801.2601432800293,1067.6800651550293,1342.7400817871094
LPC(2:0),1055.8400764465332,1245.700080871582,1217.8400764465332,1002.380069732666,1100.0000762939453,1163.5200881958008,991.4000701904296,1010.5800704956056
"LPC(3:0),PC(O-3:0)",1297.6600914001465,1178.5800857543943,1100.04008102417,1060.980079650879,1080.4200820922852,1174.0001029968262,1025.0400657653809,1068.420078277588
LPC(3:1),979.4000625610352,1054.7600708007812,1094.3400764465332,989.1400604248048,1088.3800888061523,990.1600723266602,1061.9600791931152,976.4600677490234
"LPC(4:0),PC(O-4:0),PC(O-5:0)",1089.3600769042969,1154.900089263916,1035.7800788879397,1093.8200798034668,1144.8200798034668,1141.0800743103027,981.0600700378418,1078.12007522583
LPC(6:0),1017.7200736999512,1088.9800834655762,1160.080078125,979.000057220459,1198.840087890625,1044.3800735473633,1032.3200721740725,979.9600677490234
LPC(8:0),1351.1200981140137,1079.960075378418,1161.6800727844238,1008.6800727844238,1184.8200988769531,1106.4200820922852,979.5400619506836,973.700080871582
LPC(O-10:1),1028.2000694274902,1063.6400909423828,1021.0800743103028,967.0800666809082,1053.6400718688965,1104.600082397461,982.3000717163086,962.5800666809082
LPC(O-20:4),1100.340087890625,1159.3200721740725,1026.800067901611,1061.540069580078,1067.4800720214844,1055.0800704956057,1085.9600715637207,1004.0600662231444
LPE(12:0),1241.160083770752,1238.7800827026367,1270.120086669922,1235.1200828552246,1231.5600814819336,1293.940097808838,1261.640079498291,1241.7800827026367
LPE(14:0),1271.4600982666016,1262.6200942993164,1278.000087738037,1223.1400909423828,1264.4000816345217,1239.8400917053225,1305.1200942993164,1326.5600852966309
LPE(14:1),1318.8000831604004,1218.8400840759275,1310.1401023864746,1237.4800758361816,1284.6000900268557,1285.6601066589355,1361.64009475708,1258.160083770752
"LPE(15:1),LPE(P-16:0)",1225.5800895690918,1219.020076751709,1261.440097808838,1232.3400802612305,1374.0801048278809,1317.0201034545898,1222.4400825500488,1221.800090789795
LPE(16:1),1384.5401000976562,1219.0800819396973,1360.1400985717771,1335.60009765625,1525.480110168457,1616.5001220703125,1258.3800964355469,1302.3000793457031
"LPE(17:1),LPE(O-18:1),LPE(P-18:0)",1250.920093536377,1234.7400932312012,1226.4600868225098,1234.940086364746,1223.1400909423828,1316.360092163086,1227.360092163086,1234.5400772094729
LPE(17:2),1296.8200912475586,1257.5600814819336,1335.060089111328,1271.0000953674316,1286.14009475708,1254.3400993347168,1250.020092010498,1221.9000854492188
LPE(18:1),2528.840202331543,2354.1801681518555,2750.400177001953,3070.5601806640625,5462.580451965332,4665.040214538574,2755.1801834106445,2687.560188293457
"LPE(18:2),LPE(P-19:1)",1904.2601318359373,2031.600154876709,1624.8601303100586,3119.540214538574,2847.640163421631,4472.980293273926,1833.3001251220703,2022.4001388549805
LPE(18:3),1290.2601013183594,1235.320095062256,1308.5000915527344,1304.8000946044922,1318.7800827026367,1221.1400833129885,1380.680103302002,1222.8400840759275
LPE(18:4),1273.8600845336914,1258.0000839233398,1359.1001014709473,1269.0800895690918,1277.920078277588,1250.1800918579102,1238.920093536377,1287.360092163086
"LPE(19:1),LPE(P-20:0)",1249.5400886535645,1444.520107269287,1308.0400924682615,1223.2600898742676,1232.560073852539,1265.780086517334,1223.1200828552246,1221.8800888061523
LPE(20:0),1226.2600860595703,1342.1600875854492,1219.5801048278809,1305.7600898742676,1303.1600952148438,1333.5600814819336,1407.2201042175293,1270.7800750732422
LPE(20:1),1225.720085144043,1585.1001167297363,1504.4800910949707,1327.8400955200195,1443.2801094055176,1392.4601020812988,1330.220100402832,1248.2400856018066
LPE(20:2),1400.3200912475586,1282.7000885009766,1312.60009765625,1259.220085144043,1304.4000930786133,1309.360088348389,1252.760082244873,1255.0000915527344
LPE(20:3),1464.3001022338867,1681.3201293945312,1564.680103302002,1486.9001007080078,2104.2601432800293,1649.3801193237305,1534.1200942993164,1438.8600959777832
LPE(20:4),2255.7001953125,3250.5202674865723,2565.9001998901367,4392.740322113037,4112.080234527588,6431.380382537842,2962.8002166748047,2687.3402366638184
LPE(20:5),1266.7400932312012,1340.0001029968262,1313.1000862121582,1247.7800903320312,1261.200080871582,1528.4001159667969,1239.5000953674316,1295.440086364746
LPE(22:0),1277.440097808838,1272.300090789795,1331.3201026916504,1232.5000953674316,1310.9200973510742,1312.880100250244,1222.6400871276855,1236.7200889587402
LPE(22:1),1231.9200744628906,1251.040096282959,1274.2800941467283,1222.680088043213,1316.1400909423828,1272.380084991455,1274.5200881958008,1254.4000854492188
LPE(22:2),1226.6600952148438,1292.820095062256,1358.480094909668,1238.200096130371,1248.5000839233398,1271.3600845336914,1222.3800888061523,1221.580093383789
LPE(22:4),1225.2000846862793,1344.780101776123,1309.320095062256,1222.5000953674316,1239.4800834655762,1299.7600898742676,1223.4800910949707,1253.5200843811035
LPE(22:5),1236.9200973510742,1616.6201133728027,1341.8200912475586,1330.3600845336914,1650.7001152038574,1687.3001289367676,1614.5001182556152,1450.2201118469238
LPE(22:6),2013.2001266479488,4882.020416259766,2743.580207824707,3641.820281982422,3113.300266265869,6092.0404624938965,3362.36030960083,3365.760280609131
LPE(24:1),1246.7400856018066,1245.6400833129885,1280.280101776123,1222.840087890625,1222.1000862121582,1338.800090789795,1257.2800903320312,1221.360088348389
LPE(24:6),1226.1200790405271,1378.3001022338867,1230.8200912475586,1222.9800910949707,1383.9201049804688,1327.9600982666016,1284.04008102417,1264.4400901794434
LPE(O-16:0),1264.1600875854492,1319.3000984191897,1284.6800842285156,1222.980094909668,1313.6201057434082,1359.9001007080078,1312.0400924682615,1271.4000930786133
LPE(O-20:0),1244.7000770568848,1389.8000984191897,1247.1600875854492,1292.000087738037,1271.540096282959,1425.460105895996,1274.2800827026367,1229.440086364746
LPE(O-20:4),1291.5600967407229,1267.5400848388672,1362.960090637207,1245.8000869750977,1321.720100402832,1381.3600845336914,1223.2600898742676,1242.4000930786133
LPG(14:0),1271.9400901794434,1245.0600852966309,1283.860088348389,1299.6600799560547,1255.6800842285156,1291.4800910949707,1275.320083618164,1250.1000862121582
LPG(14:1),1283.0201034545898,1250.7800979614258,1340.9600982666016,1275.320095062256,1364.4800910949707,1254.0200958251953,1260.2400817871094,1264.2800941467283
"LPG(15:0),LPG(O-16:0)",1247.9200897216797,1244.840087890625,1245.960090637207,1263.64009475708,1364.420093536377,1316.5800971984863,1349.2800941467283,1251.360088348389
"LPG(15:1),LPG(P-16:0)",1248.7400817871094,1244.5200881958008,1245.9600830078125,1250.700080871582,1278.7400817871094,1271.6200981140137,1256.4000816345217,1251.5600929260254
LPG(16:0),1248.8000946044922,1317.1001014709473,1293.3600997924805,1265.620086669922,1320.0200843811035,1325.060089111328,1287.4600791931152,1251.0000801086426
LPG(16:1),1260.4600868225098,1245.3600845336914,1289.4800872802734,1313.14009475708,1302.1400909423828,1264.680076599121,1259.0800743103027,1251.8600692749023
"LPG(17:1),LPG(P-18:0)",1248.0800895690918,1245.2600860595703,1245.940097808838,1288.940086364746,1255.8000869750977,1253.5600776672363,1256.8400764465332,1279.460090637207
LPG(17:2),1273.4600982666016,1245.400104522705,1283.6200904846191,1257.3800773620603,1254.340087890625,1269.7200889587402,1347.5000915527344,1274.1600952148438
LPG(18:0),1248.2000846862793,1256.0400848388672,1307.3200912475586,1251.4200973510742,1255.7400856018066,1253.6600952148438,1288.1400909423828,1250.5800819396973
LPG(18:1),1249.1800994873047,1260.4400939941406,1336.0801048278809,1251.260082244873,1334.240089416504,1275.6600914001465,1304.9401016235352,1284.320083618164
LPG(18:2),1248.5200996398926,1260.7801055908203,1263.900089263916,1250.660083770752,1365.1401023864746,1288.9800910949707,1267.8800888061523,1251.0200996398926
LPG(18:3),1316.940097808838,1245.2800827026367,1280.3801040649414,1306.9800910949707,1316.1800918579102,1254.220085144043,1402.5800895690918,1267.3400840759275
LPG(18:4),1247.7000846862793,1255.0200996398926,1246.4800872802734,1272.1000862121582,1300.7200927734375,1286.7400932312012,1274.3400840759275,1312.1800956726074
"LPG(19:0),LPG(O-20:0)",1292.0000915527344,1246.360088348389,1311.6601028442385,1328.9800872802734,1381.4600982666016,1426.5200843811035,1413.9801025390625,1370.740104675293
"LPG(19:1),LPG(P-20:0)",1248.9601020812988,1246.8200912475586,1278.62007522583,1251.220085144043,1377.8800964355469,1311.860088348389,1267.7200965881348,1278.440086364746
LPG(20:0),1248.180103302002,1274.9800872802734,1263.5600852966309,1280.6800956726074,1277.020092010498,1254.0800971984863,1297.820087432861,1250.9200820922852
LPG(20:1),1247.9001007080078,1312.320087432861,1246.3000946044922,1267.3800811767578,1280.0200881958008,1382.2200927734375,1295.7800903320312,1252.0400886535645
LPG(20:2),1249.0800857543943,1252.360088348389,1246.7800903320312,1276.3600845336914,1255.1000747680664,1294.0000801086426,1255.8600769042969,1302.320087432861
LPG(20:3),1256.8400802612305,1244.9400901794434,1245.6000900268557,1251.2400856018066,1254.8000831604004,1285.2600936889648,1267.7400856018066,1250.920093536377
LPG(20:4),1248.3800888061523,1245.2600898742676,1245.980094909668,1286.9400901794434,1308.9800987243652,1287.7200889587402,1255.720085144043,1252.2000885009766
LPG(20:5),1248.000087738037,1276.0800895690918,1246.720085144043,1322.180076599121,1255.200080871582,1254.4800834655762,1276.04008102417,1251.4600830078125
LPG(22:0),1280.0401000976562,1244.9000854492188,1256.2600898742676,1250.7400856018066,1272.820087432861,1254.380084991455,1286.1800918579102,1252.0200881958008
LPG(22:1),1248.6000747680664,1245.460090637207,1319.240104675293,1250.5800895690918,1294.480079650879,1253.4800758361816,1280.8600769042969,1289.1000862121582
LPG(22:2),1264.000087738037,1244.820083618164,1246.3800773620603,1250.700096130371,1309.1600875854492,1302.1600914001465,1291.3800926208496,1285.7000846862793
LPG(22:4),1248.1800918579102,1245.1000900268557,1257.6200904846191,1252.000087738037,1312.9600868225098,1304.8600997924805,1279.3000869750977,1251.3000793457031
LPG(22:6),1248.740089416504,1287.980094909668,1250.860092163086,1251.4800834655762,1256.240089416504,1349.300090789795,1331.900089263916,1296.6800994873047
LPI(12:0),1360.6800994873047,1221.1400871276855,1220.8200912475586,1224.780086517334,1235.0000801086426,1239.56010055542,1222.4400825500488,1241.980094909668
LPI(13:0),1256.9000854492188,1220.7600708007812,1253.980094909668,1225.080078125,1248.440097808838,1330.160099029541,1239.0400772094729,1264.1600761413574
LPI(14:0),1274.2600936889648,1302.9800910949707,1284.8000946044922,1355.1800994873047,1279.500072479248,1240.9400825500488,1249.080093383789,1265.8200798034668
LPI(14:1),1436.060089111328,1283.8800888061523,1360.000099182129,1362.9000968933103,1293.980094909668,1549.8601036071775,1356.1400909423828,1257.3801040649414
"LPI(15:0),LPI(O-16:0)",2106.880172729492,1868.420139312744,1497.460105895996,2030.60013961792,1632.440113067627,2317.600151062012,1694.260108947754,1642.3801155090332
"LPI(15:1),LPI(P-16:0)",1286.0200958251953,1220.2800827026367,1218.7200889587402,1232.7601051330566,1305.260097503662,1271.3000946044922,1262.7000999450684,1223.7400932312012
LPI(16:0),1433.960117340088,1268.3400840759275,1248.2000846862793,1372.9000930786133,1334.5000915527344,1335.6200904846191,1407.0600967407229,1367.760097503662
LPI(16:1),1244.600082397461,1258.6800956726074,1219.0400848388672,1224.2400817871094,1299.7800941467283,1242.420078277588,1222.5800895690918,1224.0400924682615
"LPI(17:0),LPI(O-18:0)",1313.1000900268557,1310.2000885009766,1280.3000946044922,1479.500114440918,1311.360088348389,1392.360092163086,1394.0400924682615,1287.4800910949707
"LPI(17:1),LPI(P-18:0)",1262.7600898742676,1284.4400901794434,1236.960090637207,1252.8400955200195,1303.3800964355469,1217.8800888061523,1222.520092010498,1223.4600830078125
LPI(17:2),1222.860088348389,1246.5400772094729,1219.520092010498,1241.4000816345217,1222.440097808838,1217.9800987243652,1222.5800704956057,1243.820087432861
LPI(18:0),1306.640079498291,1303.3400917053225,1261.8000946044922,1679.6801223754885,1399.3001022338867,1433.9200973510742,1404.860107421875,1311.5000801086426
LPI(18:1),1264.7201042175293,1355.1200904846191,1265.1200828552246,1401.7401008605957,1345.9001007080078,1260.000087738037,1352.6000938415527,1284.260097503662
LPI(18:2),1354.8800888061523,1363.4601020812988,1300.4000968933103,1283.3000984191897,1286.5400886535645,1290.4400939941406,1270.980094909668,1266.2800788879397
LPI(18:3),1265.5200958251953,1263.0600967407229,1262.2000923156738,1342.8800964355469,1335.6600952148438,1341.9000968933103,1281.2200889587402,1266.2001037597656
LPI(18:4),1280.2400817871094,1311.5200996398926,1353.6800842285156,1301.2200927734375,1264.120086669922,1278.700080871582,1265.8000869750977,1273.0400924682615
"LPI(19:0),LPI(O-20:0)",1329.8200912475586,1324.6401100158691,1334.8400917053225,1333.380100250244,1340.60009765625,1309.7200965881348,1515.6800994873047,1306.1200942993164
"LPI(19:1),LPI(P-20:0)",1415.8000946044922,1336.7800979614258,1268.4400901794434,1427.60009765625,1391.5401039123535,1526.8801193237305,1291.8400917053225,1281.5400886535645
LPI(20:0),1298.3000869750977,1316.9800987243652,1261.4400939941406,1328.2800941467283,1304.2800903320312,1288.7800903320312,1324.1000938415527,1305.2000999450684
LPI(20:1),1457.4401016235352,1291.9200973510742,1316.200096130371,1342.2800903320312,1413.7200889587402,1318.360092163086,1364.2800979614258,1283.0200958251953
LPI(20:2),1334.8800811767578,1264.7600860595703,1309.4200897216797,1295.640079498291,1298.5200881958008,1258.2600898742676,1273.9000930786133,1266.7600936889648
LPI(20:3),1265.1000862121582,1263.2200927734375,1293.9000816345217,1269.4800872802734,1263.9800910949707,1301.620086669922,1404.7600936889648,1266.260097503662
LPI(20:4),1336.000099182129,1265.5400848388672,1334.6200904846191,1423.1200981140137,1557.9201164245603,1317.5800857543943,1522.3801040649414,1271.2400970458984
LPI(20:5),1265.4000778198242,1272.4000778198242,1261.180088043213,1281.2200889587402,1263.8600845336914,1282.6001014709473,1479.380100250244,1265.8200988769531
LPI(21:0),1312.9600944519043,1427.7200965881348,1317.1800918579102,1369.3200912475586,1332.0000839233398,1369.9000930786133,1332.4800910949707,1300.4000930786133
LPI(22:0),1358.240089416504,1365.4801025390625,1309.0801010131836,1343.4800872802734,1583.2001152038574,1359.5001029968262,1314.9201011657717,1382.2400970458984
LPI(22:1),1277.380100250244,1307.900089263916,1261.1200981140137,1267.0200843811035,1339.400089263916,1258.780086517334,1265.1000900268557,1276.6200790405271
LPI(22:2),1281.7200965881348,1262.940086364746,1261.340087890625,1311.180088043213,1317.9800987243652,1359.8200912475586,1298.1600875854492,1265.6400871276855
LPI(22:4),1333.5001106262207,1262.760097503662,1261.4600944519043,1311.7400970458984,1264.0400924682615,1289.2601013183594,1264.9200859069824,1314.040096282959
LPI(22:6),1372.940097808838,1262.7600898742676,1261.6000938415527,1266.900089263916,1264.3000831604004,1377.5801048278809,1284.3400955200195,1297.8400840759275
LPS(12:0),1295.2600936889648,1337.3000869750977,1394.060089111328,1317.1600914001465,1312.5400924682615,1343.64009475708,1299.5201034545898,1285.8800888061523
LPS(13:0),1423.5200996398926,1305.7400856018066,1412.0201034545898,1310.5200996398926,1339.0000839233398,1258.1200981140137,1320.7400932312012,1361.3000946044922
LPS(14:1),1669.8401260375977,1552.140106201172,2484.760166168213,1758.400131225586,1845.2601356506348,1886.120128631592,1765.500129699707,2411.380157470703
LPS(16:1),1302.6400871276855,1262.8400917053225,1370.9400939941406,1310.4600830078125,1340.760082244873,1275.2600898742676,1334.3400955200195,1299.6600875854492
LPS(17:2),1308.0600929260254,1263.9200897216797,1314.7000885009766,1348.7401008605957,1255.8800811767578,1258.1000785827637,1307.8601036071775,1303.2200813293457
LPS(18:1),1316.6400871276855,1290.3400840759275,1340.0600967407229,1374.2200927734375,1322.1800918579102,1360.7000923156738,1538.6201133728027,1374.160099029541
LPS(18:2),1293.8200988769531,1314.1800918579102,1291.4400939941406,1334.3800964355469,1312.8800964355469,1300.720085144043,1378.4001007080078,1303.8800888061523
LPS(18:3),1280.4401016235352,1263.6200981140137,1336.0400924682615,1261.900089263916,1263.0800819396973,1257.5800743103027,1273.580093383789,1430.760108947754
LPS(20:0),1311.3400993347168,1280.5000839233398,1335.8000984191897,1294.60009765625,1266.820083618164,1270.6200790405271,1322.8400917053225,1409.1800994873047
LPS(20:1),1318.580093383789,1263.6400909423828,1410.8000984191897,1261.8800926208496,1338.220085144043,1257.8000831604004,1261.0400848388672,1356.160099029541
LPS(20:2),1333.60009765625,1288.500087738037,1283.9401016235352,1272.820087432861,1256.3400917053225,1299.980094909668,1310.8600997924805,1329.660099029541
LPS(20:3),1313.1000938415527,1289.6000938415527,1485.1400909423828,1331.9801025390625,1315.640079498291,1310.3800811767578,1311.4801063537598,1346.0200958251953
LPS(20:4),1486.5201110839844,1274.6800842285156,1603.6601066589355,1432.3001022338867,1751.900131225586,1631.7001152038574,1918.1201667785645,1557.0201110839844
LPS(20:5),1368.4200973510742,1263.2200927734375,1328.0200805664062,1314.7800979614258,1281.2000846862793,1267.4000854492188,1319.3400993347168,1310.6200981140137
LPS(21:0),1261.8000869750977,1297.2200889587402,1321.4801025390625,1268.820087432861,1332.6200904846191,1263.4200859069824,1272.9800834655762,1392.4800987243652
LPS(22:0),1353.3601036071775,1265.5200843811035,1355.4000930786133,1276.7000885009766,1337.740089416504,1283.320095062256,1260.800090789795,1336.1600875854492
LPS(22:1),1349.8000946044922,1263.4600982666016,1288.2400817871094,1280.920093536377,1295.6200904846191,1257.9800872802734,1295.3200912475586,1257.860080718994
LPS(22:2),1302.6200790405271,1263.1600952148438,1259.860092163086,1262.1800804138184,1293.6000862121582,1340.160083770752,1399.680103302002,1325.6400871276855
LPS(22:4),1261.5400886535645,1290.1000862121582,1315.7200965881348,1261.5400886535645,1260.460090637207,1311.0800857543943,1424.580108642578,1299.440086364746
LPS(22:6),1439.1601028442385,1473.920093536377,1797.600112915039,1532.3001136779783,1691.5601196289062,2201.460147857666,2173.960174560547,1886.5801467895508
LPS(O-16:0),1382.1800956726074,1329.1200904846191,1330.4401092529297,1399.7201080322266,1303.2400932312012,1357.960090637207,1283.5800971984863,1419.5000953674316
LPS(O-18:0),2558.860179901123,2434.3001823425293,2995.760223388672,1718.8601150512695,1996.4201354980469,2492.800170898437,2305.6201705932617,3397.3402671813965
LPS(O-20:0),1305.5200996398926,1316.020092010498,1273.9600791931152,1317.7200927734375,1351.7600860595703,1323.600082397461,1260.5000915527344,1498.360092163086
LPS(P-16:0),1514.6401138305664,1379.8001022338867,1531.780101776123,1280.2600936889648,1376.1400909423828,1336.4600868225098,1396.8201026916504,1381.56010055542
LPS(P-18:0),1380.2601051330566,1263.020092010498,1347.1000938415527,1289.5200996398926,1341.4800872802734,1366.880100250244,1327.0801048278809,1304.940086364746
LPS(P-20:0),1313.680088043213,1303.720100402832,1259.6200981140137,1363.780101776123,1303.4000854492188,1293.6600952148438,1289.6800994873047,1300.980094909668
"PC(10:0),LPC(11:0)",1131.3800811767578,1069.300067901611,1262.6800956726074,1001.0600662231444,1116.0400848388672,1071.0600776672363,1007.9800682067872,1091.7600708007812
"PC(12:0),LPC(13:0),LPC(O-14:0)",1272.460090637207,1104.2800903320312,1045.2600746154783,1001.3400802612304,1226.240089416504,1288.4200744628906,1013.2800788879396,1020.5600700378418
PC(12:4),1176.9600830078125,1217.620086669922,1048.1200714111328,1073.6400756835938,1298.260097503662,1194.60009765625,1022.3600692749023,1020.500072479248
"PC(14:0),LPC(15:0),LPC(O-16:0)",1737.0801391601562,1432.4401092529297,1271.4201011657717,1253.580093383789,1382.1601066589355,1201.54008102417,1019.3200721740724,1139.5800704956057
"PC(16:0),PC(O-17:0),LPC(O-18:0)",1632.040111541748,1249.6800918579102,2776.6401557922363,1272.080093383789,2613.6202087402344,1748.4201354980469,1483.160099029541,1623.7800979614258
PC(16:4),1101.5800819396973,1170.9000854492188,1001.1400756835938,1052.5000686645508,1210.100082397461,1126.3200798034668,1003.4000625610352,1018.7200813293456
"PC(18:0),LPC(19:0),PC(O-19:0),LPC(O-20:0)",1458.580093383789,1703.5801124572754,1767.600112915039,1085.8400802612305,2027.5801239013672,1625.340106964111,1353.280086517334,1467.760097503662
"PC(18:1),LPC(19:1),PC(O-19:1),LPC(P-20:0)",1493.1601028442385,1321.3401107788086,1271.9400901794434,1130.5600852966309,1803.8401260375977,1313.3400955200195,1203.300090789795,1181.4200820922852
"PC(19:0),LPC(20:0),PC(O-20:0)",1975.380123138428,1593.8800926208496,2651.7801475524902,1807.940116882324,2801.320178985596,2738.8802757263184,1428.0800857543943,1354.5400924682615
"PC(19:1),LPC(20:1),PC(O-20:1),PC(P-20:0)",1563.4401245117188,1426.1001091003418,2042.30016708374,1243.1400909423828,1475.3800926208496,1432.7200965881348,1332.7800788879397,1637.6001052856443
"PC(20:0),LPC(21:0),PC(O-21:0)",1678.020118713379,1519.5800895690918,1418.7400932312012,1188.0600814819336,1144.7800788879397,1232.9800872802734,1311.680088043213,1123.7200775146484
"PC(20:1),PC(O-21:1)",1094.3000717163086,1034.2200775146484,1133.8400802612305,1037.6400680541992,1069.7800750732422,1243.7200736999512,1035.360080718994,1095.1600646972656
"PC(20:4),LPC(21:4)",1181.180088043213,1103.9200859069824,1061.1200714111328,1152.3600845336914,1120.080078125,1182.7200889587402,1003.7800636291504,1074.04008102417
"PC(21:0),LPC(22:0),PC(O-22:0)",4134.800357818604,2039.500144958496,4238.740291595459,2331.72013092041,3913.2002487182617,5760.020576477051,1746.360134124756,2578.580173492432
"PC(21:1),LPC(22:1)",4342.200344085693,3132.560272216797,3222.560234069824,3675.9202880859375,4005.5602264404297,5482.260368347168,2058.1201210021973,3462.600170135498
PC(22:0),1523.360107421875,2503.1201667785645,2192.8001823425293,1468.6201171875,1702.1601295471191,2188.2001419067383,1282.0200843811035,1324.260082244873
PC(22:1),1179.820083618164,1145.0000839233398,1101.560073852539,1022.62007522583,1110.3000869750977,1077.4600791931152,1045.4400634765625,1124.3000717163086
PC(24:0),1416.100082397461,2053.14013671875,3077.4402656555176,1171.8600769042969,1418.7601051330566,3422.7802505493164,1054.3800811767578,1022.2400665283204
PC(25:0),1630.5601196289062,1222.1200790405271,2297.1001777648926,1181.1400871276855,1791.9000968933103,2883.8401641845703,1213.0400772094729,1385.3000946044922
PC(26:0),3457.7602577209477,4371.580303192139,3320.880241394043,1412.2400970458984,6876.500534057617,4897.600410461426,1356.8600997924805,1435.10009765625
PC(26:1),1094.1000747680664,1294.580093383789,1201.340072631836,1047.0600700378418,1324.1600875854492,1405.3400840759275,1018.040069580078,1050.5600700378418
"PC(27:0),PC(O-28:0)",1799.6601486206057,1563.8001289367676,1862.5601234436035,1129.5600852966309,1449.1201095581057,2361.3001594543457,1096.200065612793,1569.3000984191897
"PC(27:1),PC(P-28:0)",1246.0800743103027,1273.800090789795,1653.6401405334473,1081.9800605773926,1393.1401138305664,1983.1801300048828,1006.2400741577148,1049.2600708007812
"PC(28:0),PC(O-29:0)",1728.1001205444336,1789.200138092041,2797.0001945495605,1343.5200881958008,2246.3001556396484,2858.580177307129,1152.2000770568848,1222.5600776672363
"PC(28:1),PC(P-29:0)",1634.6201171875,1350.2800979614258,1411.0000953674316,1330.780086517334,2081.8201446533203,3231.3202323913574,1446.6800842285156,1082.1400756835938
PC(28:2),1101.62007522583,1612.700122833252,1834.8801307678225,1036.6400756835938,1251.3000793457031,1635.940097808838,1084.9000701904297,1235.2000770568848
"PC(29:0),PC(O-30:0)",2138.5801162719727,1826.1801300048828,1930.140151977539,1038.2800827026367,1987.6401405334475,2141.5401763916016,1262.3000984191897,1511.7801132202148
"PC(29:1),PC(O-30:1),PC(P-30:0)",3301.2602577209477,1623.740104675293,3018.5802040100098,1273.6200942993164,1439.9801063537598,4053.9603004455566,1374.280086517334,1259.0000915527344
"PC(29:2),PC(P-30:1)",1273.940086364746,1253.0200843811035,1499.2400932312012,1019.3600616455078,1472.2201080322266,1588.720100402832,1003.3800621032716,1100.04008102417
"PC(30:0),PC(O-31:0)",24770.9815826416,20278.441551208496,9516.300735473633,11121.160800933838,18637.720863342285,19799.40170288086,5436.960529327393,6434.60046005249
"PC(30:1),PC(O-31:1),PC(P-31:0)",62557.64326095581,47928.22427749634,25720.460956573486,33666.16234970093,42133.80410385132,49631.24326324463,6816.460464477539,20190.04125213623
"PC(30:2),PC(P-31:1)",2959.1801376342773,1535.4801025390625,2461.200149536133,1163.1400909423828,2532.7602005004883,2981.400188446045,1346.0800857543943,1236.0000801086426
PC(30:3),1311.200096130371,1208.6800842285156,1458.680088043213,1104.5800704956057,1583.1201133728027,1487.6001014709473,1012.9000663757324,1228.900074005127
PC(30:4),1194.9000816345217,1294.6401023864746,1498.9200973510742,1259.6800842285156,1133.980079650879,1753.2001037597656,1066.360065460205,1102.1400756835938
"PC(31:0),PC(O-32:0)",28604.142169952396,21733.76134109497,11164.50065612793,13727.661430358889,20107.641582489014,24796.26165008545,5038.400371551514,8170.960475921631
"PC(31:1),PC(O-32:1),PC(P-32:0)",9220.720386505129,6775.100498199463,4517.900234222412,5059.680515289307,7128.820278167725,8127.600704193115,2228.580108642578,2881.280227661133
"PC(31:2),PC(O-32:2),PC(P-32:1)",1812.5001487731931,1870.2601165771484,1754.5401344299316,1152.7200775146484,1877.3601150512693,1992.2001152038572,1176.320087432861,1628.4001159667969
"PC(31:3),PC(O-32:3)",1692.4401321411133,1412.7801094055176,1471.9001007080078,1084.460075378418,1175.680088043213,1622.3400917053225,1028.340068817139,1199.4200897216797
PC(31:4),1229.560089111328,1242.9200820922852,1135.8000793457031,1034.980068206787,1220.580078125,1360.10009765625,1102.6400718688965,1077.9800758361816
"PC(32:0),PC(O-33:0)",586161.6118927002,503785.966583252,337133.9331359863,339241.50062561035,412703.3106994629,480372.301109314,109640.7703857422,147631.39001464844
"PC(32:1),PC(O-33:1),PC(P-33:0)",364953.919921875,231248.7006187439,95615.74666213988,98402.08801269533,250973.87968444824,237773.66051864624,60684.46403121948,87392.92766571045
"PC(32:2),PC(O-33:2),PC(P-33:1)",75910.9453125,44521.48331832886,22696.08151245117,32263.522045135494,50956.7444152832,57421.04499816895,13296.820930480955,21176.12124633789
"PC(32:3),PC(P-33:2)",3299.940273284912,2428.820205688477,1897.1601486206052,2174.880146026612,2816.780128479004,2723.820213317871,1141.6600875854492,1409.8800964355469
PC(32:4),1525.0601348876953,1070.480068206787,1448.800106048584,1266.5600929260254,1632.740119934082,2118.460121154785,1084.6600723266602,1035.000072479248
PC(32:5),2019.100154876709,1354.380100250244,1815.7401123046875,1393.3201026916504,1592.1601181030271,2405.0401573181152,1181.3200759887695,1182.4200820922852
"PC(33:0),PC(O-34:0)",17700.821212768555,14326.940475463867,12615.340866088867,9459.500747680664,11149.460414886476,16544.16111755371,3775.1003036499023,5016.140422821045
"PC(33:1),PC(O-34:1),PC(P-34:0)",76791.26383209229,54961.18202972412,35586.78263473511,28206.46258163452,45839.54316329956,66470.22568130493,11804.720836639404,17767.161109924316
"PC(33:2),PC(O-34:2),PC(P-34:1)",48502.44253540039,31817.90142059326,27322.72221755981,31929.76266860962,31680.58246231079,39114.142162323,7395.360553741455,10466.56061553955
"PC(33:3),PC(O-34:3),PC(P-34:2)",4664.800247192383,3791.1402473449702,3098.160221099853,2794.820209503174,4331.860279083252,3464.060237884521,1518.2400932312012,1691.3401107788086
"PC(33:4),PC(O-34:4),PC(O-34:4),PC(P-34:3)",1703.0801239013672,1702.900127410889,1912.8801155090327,1175.0200805664062,2316.1801834106445,2063.880111694336,1283.800090789795,1064.8600692749023
"PC(33:5),PC(P-34:4)",2083.0001220703125,2134.3201599121094,1991.1601333618164,1693.960105895996,1838.58012008667,1501.7800979614258,1136.1600761413574,1359.5400848388672
"PC(34:0),PC(O-35:0)",390998.14907836914,266490.6770401001,215177.692237854,140857.54666900635,232145.1633758545,271463.69271850586,71983.86511230469,105246.48706054688
"PC(34:1),PC(O-35:1),PC(P-35:0)",4251753.449707031,2932619.577392578,2242218.895751953,1494454.1447143557,2622671.318847656,2991517.3584594727,740431.3542785645,1067529.1494140625
"PC(34:2),PC(O-35:2),PC(P-35:1)",9855859.565338137,8199863.713745117,6397220.281494141,5683639.628753662,6765701.729003906,7039593.626342773,1564526.335647583,2208699.486968994
"PC(34:3),PC(P-35:2)",692923.4250869751,503242.3549194336,402855.2044372559,430846.67038726807,540240.2760238647,454240.8507652283,119463.45128631592,163084.3275680542
"PC(34:4),PC(O-35:4)",40975.68247222901,28115.90172958374,25102.262439727783,24855.92153930664,28645.222652435303,29771.32232284546,8743.460353851318,9268.780853271484
PC(34:5),2486.760208129883,2304.7801818847656,2402.940128326416,1352.1600875854492,1658.100112915039,2320.880142211914,1297.3000831604004,1085.0600776672363
PC(34:6),2952.360145568848,2334.660202026367,2513.64017868042,1308.2000885009766,1468.10009765625,3079.560230255127,1116.3000717163086,1595.7001419067385
"PC(35:2),PC(O-36:2),PC(P-36:1)",65150.02388763428,92089.24662399292,78049.76399993896,78718.72604751587,77363.10506057739,102109.16695785522,19155.301906585693,33085.441692352295
"PC(35:3),PC(O-36:3),PC(P-36:2)",26123.6418800354,29647.542015075684,31106.26243209839,31201.70280075073,31348.32336425781,40973.601875305176,7848.020725250244,10744.880615234377
"PC(35:4),PC(O-36:4),PC(P-36:3)",27086.34132003784,32409.74188613892,34726.183086395264,32616.24227905273,27254.18271255493,36833.00337219238,9518.020725250244,10901.320629119871
"PC(35:5),PC(O-36:5),PC(P-36:4)",9054.02080154419,13678.88133239746,10876.80083847046,3782.040279388428,9872.720546722412,12909.500747680664,3414.7203063964844,4913.12032699585
"PC(35:6),PC(P-36:5)",10936.560779571531,8603.880615234375,8275.160640716553,5104.280300140381,6806.300559997559,7742.800598144531,1861.6201133728027,4053.300319671631
"PC(36:3),PC(P-37:2)",1804988.3022460935,2559138.707366944,1944887.946395874,1994356.9767532349,2342629.308624268,2370313.443359375,695417.4697341919,875369.8801269531
"PC(36:4),PC(O-37:4)",3419892.6698303223,5553428.3759765625,4649054.848175049,4845772.019950867,4191011.902526856,4685282.777832031,1373799.6777801514,1305412.6093139648
PC(36:5),221040.7511062622,276194.2131500244,208223.9214553833,263575.9135246277,295895.6971206665,250014.87100982663,66800.54660797119,85680.1035194397
PC(36:6),12934.401023864746,15567.321418762209,13608.621181488035,16351.921642303469,15822.02088546753,18644.921043396,6278.54048538208,6926.080326080322
"PC(36:7),PC(35:0),PC(O-36:0)",6056.380462646484,6482.500602722168,6431.280410766602,5705.720436096191,6096.080352783203,7218.560489654541,2535.480159759521,3290.400218963623
"PC(36:8),PC(35:1),PC(O-36:1),PC(P-36:0)",30799.56126403809,40281.92321777344,33004.04181289673,11938.380867004396,36245.12362670898,45407.383335113525,10331.800579071043,14640.921089172363
"PC(37:3),PC(O-38:3),PC(P-38:2)",22312.92107391357,29895.44161224365,25763.161365509037,26918.761432647705,24930.08184814453,35007.482162475586,7903.620578765869,9188.820735931396
"PC(37:4),PC(O-38:4),PC(P-38:3)",43978.10243225098,71458.94627761841,68433.32461547852,73041.1039352417,52774.28436660767,75286.80555725098,19033.36159133911,23259.521949768063
"PC(37:5),PC(O-38:5),PC(P-38:4)",29023.38125228882,40212.3023109436,32116.00165939331,33928.60159301758,33240.56210708618,47006.24277114868,10027.120681762695,14100.920917510986
"PC(37:6),PC(O-38:6),PC(P-38:5)",17333.72109222412,53975.644622802734,47996.02405166626,41523.3424949646,39102.322425842285,49995.18451690674,10825.440658569336,14480.241031646729
"PC(37:7),PC(P-38:6),PC(36:0),PC(O-37:0)",54049.46210479736,64337.70491027832,42428.40196609497,34937.70206832886,54932.44467163086,61164.464668273926,15100.801132202148,20457.420978546143
PC(38:3),819174.6768112183,776107.7314567566,561271.0264282227,467339.8898010254,575678.0688552856,636011.6054077148,221328.636631012,254519.01460266116
PC(38:4),2613172.944869995,2745861.7347106934,2192242.05166626,2163474.709274292,1897121.7536621091,2123667.4590148926,838898.1876983643,818791.9755096436
PC(38:5),1687091.0060272217,1368784.1535949707,1326829.4524230957,1244912.4874038696,1302630.1609191897,1365907.8989868164,406271.06674194336,485283.9002609253
PC(38:6),3402041.961578369,3075806.0578918457,2868075.069213867,2393374.337284088,2345512.594177246,2776171.878936768,822142.262348175,777356.8736877441
"PC(38:7),PC(37:0),PC(O-38:0)",159270.75242614746,125090.67205429076,99733.58798217772,117737.84328842165,120934.54796600342,114109.54746246338,35589.80174255371,41563.04361343384
"PC(38:8),PC(37:1),PC(O-38:1),PC(P-38:0)",39780.88221740723,40503.52265167236,34426.36173248291,35203.38284301758,32422.06276702881,41198.48229217529,9486.940544128418,12242.880939483644
"PC(38:9),PC(37:2),PC(O-38:2),PC(P-38:1)",41060.36248397827,49852.78515625,36329.06163406372,39912.283836364746,43245.68223953247,49050.40266036987,9823.120449066162,13753.98120880127
"PC(39:4),PC(O-40:4),PC(P-40:3)",31296.50218200684,26953.14223098755,23655.161693573,22086.14176559448,24793.54192352295,28573.62118911743,6993.760509490967,7856.100574493408
"PC(39:5),PC(O-40:5),PC(P-40:4)",17569.84115600586,16031.4813041687,15164.921245574951,12135.00094985962,12307.30069732666,18524.341724395752,4373.480400085449,6408.8005027771
"PC(39:6),PC(O-40:6),PC(P-40:5)",60132.94582366943,49008.70296096802,43471.92279434204,38258.40375137329,35257.00326156616,55000.64392089844,12515.76067352295,14859.381145477297
"PC(39:7),PC(P-40:6),PC(38:0),PC(O-39:0)",389330.69830322266,282312.338973999,201418.35514831543,138754.56550598145,222651.7800140381,245544.8989715576,51726.004123687744,76115.5666809082
"PC(39:8),PC(O-40:8),PC(38:1),PC(O-39:1),PC(P-39:0)",950993.1695404052,801370.8198699951,634925.4484405518,508454.81828689575,633029.9189453125,604424.4948120117,126617.27021026611,176516.4715194702
"PC(40:1),PC(P-41:0)",321044.91959381104,326701.99435806274,179600.50730133057,163546.7338142395,207771.919090271,187815.9950370789,47993.78422546387,72866.52410125732
"PC(40:10),PC(39:3),PC(O-40:3),PC(P-40:2)",14957.240943908691,11821.761100769045,9311.300582885742,9041.68053817749,10734.940528869629,11938.080657958984,3812.600227355957,3789.1202545166016
PC(40:2),266907.5196914673,228246.37491607663,169736.63620758057,131148.07273483276,178129.2141418457,159565.37224960327,42372.52349472046,54180.04384613037
PC(40:3),484206.8254394531,491247.4644165039,371654.8667526245,307579.46703338623,339585.55211639404,333179.026802063,87521.50308227539,86870.46369934082
PC(40:4),114332.4481010437,97128.46843338013,66557.64426422119,59855.22367477417,89741.16484451294,80582.24447250366,20668.16167068481,19595.321537017822
PC(40:5),183910.7457809448,161546.89456176758,132012.68714904785,114490.10841369627,135788.8458366394,152900.2307319641,42792.74273300171,49236.244132995605
PC(40:6),679092.2074737549,667912.8427200317,549180.3213272095,449237.7690849304,436218.70206451416,597200.7484436035,183806.15353012085,209357.83248519895
"PC(40:7),PC(39:0),PC(O-40:0)",557802.6631774902,438442.3796386719,441466.742767334,394098.905380249,376660.1496658325,478881.42095184326,152300.0920677185,161351.57173156738
"PC(40:8),PC(39:1),PC(O-40:1),PC(P-40:0)",175430.89001464844,160601.37579345703,139657.97302246094,137540.0514678955,118381.6280822754,124232.9285697937,34533.02222442627,45850.38266372681
"PC(40:9),PC(39:2),PC(O-40:2),PC(P-40:1)",19826.68113708496,17207.60104751587,13419.360927581787,14308.081043243408,15977.241443634031,15943.401268005371,4261.240268707275,4681.880424499512
"PC(41:5),PC(P-42:4)",5803.160327911377,4952.940349578857,4724.920337677002,3739.1802520751953,4056.660335540772,4798.620441436768,1731.160125732422,1928.280117034912
"PC(41:6),PC(O-42:6)",12758.500770568848,10793.861011505129,8994.260696411133,6559.720542907715,8646.760585784912,11168.840934753418,3021.3601608276367,4061.8202934265137
"PC(41:7),PC(P-42:6),PC(40:0),PC(O-41:0)",67668.40393829346,57607.88232040405,35210.14288711548,24538.16200637817,39755.1636390686,37586.2629699707,10851.86074066162,16608.581089019775
PC(42:0),5877.400276184082,5631.680191040039,4351.1403160095215,2962.900218963623,4175.060218811035,4145.120399475098,1481.4400901794434,1951.400127410889
PC(42:1),16831.7612991333,16142.42140197754,10801.000827789308,8144.200611114502,12132.020690917969,11023.30062866211,3847.340305328369,4246.360366821289
"PC(42:10),PC(41:3),PC(O-42:3),PC(P-42:2)",47582.14376068115,46851.88318634033,30883.60234451294,21909.561710357662,28683.362369537357,33880.62279129028,9217.32053756714,8477.940650939941
"PC(42:11),PC(41:4),PC(O-42:4)",7193.840606689453,6974.420352935791,6343.820388793945,4391.600204467773,6062.340305328369,6667.340602874756,1840.1801528930664,2795.820163726806
PC(42:2),68327.50499725342,66108.1047668457,38691.9819984436,31996.5626373291,42907.88395690918,40493.22259521485,15660.181190490724,16227.701110839844
PC(42:3),218699.37466049197,234967.6990890503,156649.23039245603,141791.06911849976,146552.61178207395,144076.43310546875,50116.04407119751,56418.10333251953
PC(42:4),141029.26865768433,117733.36642837524,93718.9080696106,81172.70450210571,96189.50773239136,94271.90766525269,25265.442260742188,31214.94249343872
PC(42:5),292654.006893158,270272.7611579895,214649.41157531735,159466.01113128662,187939.67343902588,198383.47956466675,50025.04284286499,55452.82387924194
PC(42:6),30716.082023620605,21488.701210021973,17954.96124649048,16739.641052246094,21457.14225769043,22939.86198425293,6069.600395202637,5984.780410766602
"PC(42:7),PC(41:0),PC(O-42:0)",22462.721508026123,18986.361618041992,17502.34160232544,14875.340881347656,18067.14144134521,19618.001121521,5714.140441894531,6578.040397644043
"PC(42:8),PC(41:1),PC(O-42:1),PC(P-42:0)",16064.661331176758,15399.98095703125,12823.801052093506,13027.101131439207,13558.000659942629,14323.300708770752,4453.0602951049805,6038.020496368408
"PC(42:9),PC(41:2),PC(O-42:2),PC(P-42:1)",19188.821891784668,16276.740825653076,11997.100845336914,9116.480670928957,12198.120677947998,13255.340660095217,4104.540332794189,4595.580337524414
PC(43:2),2338.620162963867,2239.700149536133,2510.400146484375,2026.7801666259768,1744.1801300048828,2675.8402366638184,1240.0400733947754,1662.8001174926758
"PC(43:4),PC(O-44:4)",3698.280204772949,2859.4402351379395,3773.040313720703,2077.7801475524902,2841.7202339172363,4482.100357055664,1121.9800834655762,1382.800090789795
PC(43:6),3028.020191192627,2813.580192565918,2666.480152130127,1907.6401329040527,2135.3801307678223,3341.6001930236816,1232.04008102417,1505.8400993347168
PC(44:0),1532.720127105713,1750.0201263427734,1320.360088348389,1179.0000915527344,1357.56010055542,1631.880111694336,1120.520076751709,1172.6800842285156
PC(44:1),1533.2601203918457,1534.140106201172,1633.7601013183594,1491.9201126098633,1395.2200965881348,2353.520191192627,1005.820068359375,1191.5600929260254
"PC(44:10),PC(O-44:3)",3955.820255279541,4106.70032119751,3871.520179748535,3469.100257873535,3628.880252838135,5548.540378570557,1638.9601020812988,1684.2801055908203
"PC(44:12),PC(O-44:5)",7094.1804847717285,5984.62024307251,6183.340408325195,3780.6202812194815,3879.020233154297,6811.180641174316,1694.0401153564453,2017.580139160156
PC(44:2),3059.8401985168457,2556.6801376342773,2025.8001251220703,2050.6001358032227,2282.200183868408,2265.8601608276367,1232.6000900268557,1249.3000946044922
PC(44:3),6627.580410003662,5797.680332183838,3809.240257263184,4153.420295715332,4915.400310516357,4904.440349578857,2392.880157470703,2160.020175933838
PC(44:4),15250.4408493042,13636.260791778564,10390.300678253174,7996.520511627197,10207.481033325195,10629.840923309326,4189.260387420654,4544.800289154053
PC(44:5),57187.62357711792,49848.1047782898,35291.76277923584,31906.36152267456,31314.28251647949,36084.02201461792,11915.92067718506,14516.461277008057
PC(44:6),34413.081550598145,30797.341945648197,26113.9617729187,23199.24155426025,22056.26118850708,25053.661949157715,8826.660633087158,9616.700679779053
"PC(44:7),PC(43:0)",14590.780963897703,12867.62068939209,10417.680755615234,9432.060947418213,9287.520721435549,8473.580703735352,3432.100212097168,4581.500312805176
"PC(44:8),PC(43:1)",2523.0001640319824,2394.0401458740234,2459.200164794922,2378.5001792907715,2051.26016998291,2458.3001556396484,1394.760082244873,1520.5600814819336
PC(46:0),1187.8600730895996,1110.0000762939453,1193.6200904846191,1076.1000747680664,1129.2400856018066,1326.5200996398926,1003.340072631836,1004.3600654602052
PC(46:1),1002.6000747680664,1275.520092010498,1516.8801193237305,1013.360080718994,1497.2200927734375,1746.0201148986816,1027.8200607299805,1124.0000648498535
PC(46:2),1268.180088043213,1411.020107269287,1303.6400909423828,1196.7200736999512,1552.8801231384275,1850.6801376342771,1021.1600761413574,1026.320068359375
PC(48:0),1027.5000762939453,1231.340087890625,1187.5200805664062,1126.2000770568848,1131.9800758361816,1112.620086669922,1002.6800689697266,1065.5600852966309
PC(48:2),1074.9200706481934,1122.8000793457031,1009.0600738525392,1062.1400756835938,1140.940071105957,1457.420108795166,1060.880069732666,1028.980068206787
"PC(4:0),LPC(5:0)",1249.6400871276855,1252.700096130371,1206.6800727844238,1019.6000709533693,1306.8600845336914,1106.0400848388672,1081.6200714111328,1090.4000701904297
PC(50:0),1129.2200813293457,1131.8600769042969,1054.6000709533691,1042.3400764465332,1034.7600708007812,1103.6400909423828,1002.9000625610352,1036.7600784301758
PC(52:0),1098.4400749206543,1053.1400756835938,1020.5000686645508,1021.0600662231444,1012.1800727844238,1059.5800704956057,1002.5600738525392,1084.7600708007812
PC(52:4),1064.480079650879,999.940071105957,1059.3600769042969,1062.3600730895996,1020.9800720214844,1057.2600746154783,1003.4600677490234,1030.6800727844238
PC(54:12),1000.4800682067872,1053.8600730895996,1107.680088043213,1004.9800758361816,1034.9200706481934,1021.6600685119628,1047.4000701904297,1035.6600723266602
PC(56:12),1032.6000633239746,1042.2800750732422,1084.480068206787,1049.5600776672363,1224.3000946044922,1128.820068359375,1003.5600662231444,1004.440071105957
PC(56:8),1325.9600791931152,1020.0200653076172,1158.9200859069824,1158.3200798034668,1280.6600952148438,1191.100082397461,1080.9000816345217,1049.6200714111328
PC(56:9),1079.4600715637207,1342.820095062256,1218.380084991455,1001.1000633239746,1197.460090637207,1131.380069732666,1002.9000701904296,1125.3000984191897
"PC(6:0),LPC(7:0)",1183.6200790405271,957.2800712585448,1086.5800704956057,965.1800765991212,1048.1000747680664,1024.9600791931152,1001.7400703430176,1034.4600639343262
"PC(8:0),LPC(9:0)",1416.4601020812988,1234.500087738037,1192.740089416504,1034.9200744628906,1344.700096130371,1128.5800895690918,1001.8800621032716,1009.8400688171388
PC(O-12:1),1095.0200881958008,1120.820083618164,1018.9800682067872,1000.520076751709,1049.6400718688965,1116.5200843811035,1029.9600677490234,1019.2600708007812
"PC(O-13:1),LPC(P-14:0)",1225.4800987243652,1150.4000854492188,1035.760066986084,1019.6600685119628,1181.880069732666,1136.8600845336914,1002.600067138672,1004.7800674438477
"PC(O-38:8),PC(36:1),PC(O-37:1),PC(P-37:0)",495314.7168121338,757498.5257110596,458767.94508361816,479906.3336486816,554169.2330627441,609567.3853912354,185572.6152572632,257848.0689086914
"PC(O-38:9),PC(36:2),PC(O-37:2),PC(P-37:1)",2523777.044708252,4021933.746887207,2410971.135131836,2788119.0792007446,2863088.2294311523,3011283.760498047,868259.5540237427,1232604.0199890137
"PC(O-40:9),PC(38:2),PC(P-39:1)",406700.0133094788,331321.74838638306,254025.37991333008,230111.74084472656,293046.1841888428,285876.9627227783,62924.06530761719,88105.36466598511
"PE(12:0),LPE(13:0)",1246.7800941467283,1325.880084991455,1335.9600944519043,1222.860080718994,1222.6000938415527,1222.7600860595703,1262.360092163086,1296.380084991455
"PE(16:0),LPE(O-18:0)",1226.1800956726074,1337.3600845336914,1320.840106964111,1314.180076599121,1290.4000930786133,1567.2001113891602,1241.0000953674316,1291.380100250244
"PE(20:0),LPE(21:0)",1226.180088043213,1254.360092163086,1283.3400955200195,1298.0201110839844,1253.120086669922,1307.240089416504,1311.7000923156738,1283.6000862121582
PE(24:0),1290.9801025390625,1235.6000900268557,1440.7400970458984,1223.1000747680664,1346.7400970458984,1417.8800888061523,1223.3800926208496,1221.940086364746
PE(25:0),1226.1600875854492,1217.720085144043,1327.0001029968262,1242.7600936889648,1222.60009765625,1367.9801025390625,1310.5401077270508,1221.620086669922
PE(26:0),1226.0800857543943,1310.8200912475586,1294.5001068115234,1223.0800895690918,1241.6600952148438,1263.8800811767578,1224.2000885009766,1222.3000869750977
PE(26:1),1262.6800842285156,1291.360092163086,1293.6000938415527,1223.2400932312012,1222.520092010498,1239.0400848388672,1223.0800819396973,1221.1000938415527
"PE(27:0),PE(O-28:0)",1226.220085144043,1256.260097503662,1358.560089111328,1223.180088043213,1248.5200881958008,1403.1601028442385,1297.5600929260254,1222.1400833129885
"PE(27:1),PE(P-28:0)",1302.3000831604004,1320.320087432861,1304.1600952148438,1257.6400909423828,1296.2200965881348,1291.4800910949707,1222.9400787353516,1233.880084991455
"PE(28:1),PE(P-29:0)",1241.8800964355469,1432.180103302002,1294.1600914001465,1254.7800788879397,1337.880100250244,1345.1200981140137,1223.4400901794434,1326.0400886535645
PE(28:2),1225.6000900268557,1325.1200942993164,1271.260082244873,1223.1000862121582,1276.4000854492188,1235.7200813293457,1314.4400901794434,1221.000087738037
"PE(29:0),PE(O-30:0)",1226.0000801086426,1265.1000900268557,1281.7600898742676,1250.7000846862793,1237.3600845336914,1242.2200927734375,1223.0400848388672,1221.760097503662
"PE(29:1),PE(O-30:1),PE(P-30:0)",1241.4600868225098,1266.7600898742676,1264.9200859069824,1263.980079650879,1288.3201065063477,1236.6800956726074,1288.660099029541,1232.180088043213
"PE(29:2),PE(P-30:1)",1242.7800827026367,1227.7200813293457,1247.8000831604004,1223.2000885009766,1251.0200805664062,1266.56010055542,1222.900074005127,1301.580093383789
"PE(30:0),PE(O-31:0)",1307.5201034545898,1557.4201126098633,1503.5200996398926,1272.5200843811035,1293.560089111328,1494.060115814209,1288.9000968933103,1254.160083770752
"PE(30:1),PE(O-31:1),PE(P-31:0)",1315.420093536377,1222.1600875854492,1347.520092010498,1338.9000930786133,1222.9200859069824,1226.9200820922852,1296.5600967407229,1225.1000785827637
"PE(30:2),PE(P-31:1)",1226.4600944519043,1277.4400901794434,1305.460105895996,1223.7400856018066,1223.5600776672363,1301.1600914001465,1291.2400970458984,1376.14009475708
PE(30:3),1226.1800842285156,1258.660083770752,1243.5000915527344,1258.0200996398926,1223.740089416504,1223.4200897216797,1223.860088348389,1221.0000915527344
PE(30:4),1251.64009475708,1269.920093536377,1349.060089111328,1222.940086364746,1275.7400932312012,1274.440086364746,1223.1400871276855,1221.6800842285156
"PE(31:0),PE(O-32:0)",1225.6400871276855,1403.4600982666016,1453.0601119995115,1222.7200889587402,1433.64009475708,1250.860092163086,1240.3200798034668,1222.260082244873
"PE(31:1),PE(O-32:1),PE(P-32:0)",1303.420093536377,1403.9801025390625,1349.5600852966309,1223.4600830078125,1325.040096282959,1294.5400848388672,1300.2600860595703,1222.1400833129885
"PE(31:2),PE(P-32:1)",1225.6000938415527,1219.120086669922,1296.860092163086,1269.3400802612305,1222.7000846862793,1293.0800857543943,1271.7800979614258,1222.2000770568848
PE(31:3),1239.1400871276855,1340.740089416504,1420.4800910949707,1222.9600944519043,1223.3800811767578,1254.7600936889648,1222.9800910949707,1222.1800918579102
PE(31:4),1252.9401016235352,1218.5600776672363,1296.0200881958008,1222.940086364746,1308.7000923156738,1280.3000946044922,1223.1400833129885,1221.800090789795
"PE(32:0),PE(O-33:0)",1948.3201484680176,3310.540256500244,3123.0202255249023,1792.620147705078,2231.800170898437,2691.340156555176,1468.340103149414,1476.9201011657717
"PE(32:1),PE(O-33:1),PE(P-33:0)",3475.040283203125,5341.9003982543945,4263.900260925293,2210.54012298584,4754.960391998291,6546.2204666137695,2560.360202789306,2158.2401390075684
"PE(32:2),PE(O-33:2),PE(P-33:1)",1552.6401023864746,2023.9601516723635,1658.2401275634766,1503.7401084899902,1817.4001388549805,1844.9001350402832,1594.58012008667,1591.1800994873047
"PE(32:3),PE(P-33:2)",1331.420093536377,1288.7200965881348,1253.7800827026367,1223.1800842285156,1322.420108795166,1305.6000862121582,1278.0200958251953,1222.700080871582
"PE(32:4),PEd(O-34:4)",1225.220085144043,1282.0200881958008,1256.7600898742676,1223.560089111328,1345.220100402832,1240.3400917053225,1223.2800788879397,1221.5200881958008
PE(32:5),1290.120086669922,1290.5800971984863,1271.4400901794434,1268.120101928711,1359.4600982666016,1319.8000869750977,1222.760082244873,1236.9800910949707
"PE(33:0),PE(O-34:0)",1357.5200958251953,1620.8001022338867,1523.040096282959,1433.7400932312012,1436.8201065063477,1310.14009475708,1271.0800819396973,1293.1000785827637
"PE(33:1),PE(O-34:1),PE(P-34:0)",1581.500114440918,2122.5401573181152,2394.4601669311523,1578.1001243591309,1971.0401458740237,2745.2601432800293,1592.1401100158691,1290.0400924682615
"PE(33:2),PE(O-34:2),PE(P-34:1)",1659.2601203918457,2265.480152130127,2047.540126800537,1474.7800979614258,1723.5601119995115,2393.24019241333,1399.9800834655762,1382.620101928711
"PE(33:3),PE(O-34:3),PE(P-34:2)",1264.3800964355469,1446.2001037597656,1390.700107574463,1280.800090789795,1312.9400939941406,1491.4401092529297,1328.5800971984863,1261.2600860595703
"PE(33:4),PE(O-34:4),PE(O-34:4),PE(P-34:3)",1226.0200958251953,1239.320087432861,1249.1600914001465,1257.1000900268557,1237.5200958251953,1221.7200889587402,1324.3400955200195,1279.860088348389
"PE(33:5),PE(P-34:4)",1233.4800987243652,1341.9400939941406,1220.3000831604004,1222.6400871276855,1222.960090637207,1223.6000862121582,1224.300090789795,1264.0200958251953
"PE(34:0),PE(O-35:0)",3370.9002723693848,5569.540321350098,7342.600498199463,2634.140235900879,4979.460411071777,6670.300495147705,2831.3601684570312,2379.400184631348
"PE(34:1),PE(O-35:1),PE(P-35:0)",30615.96245956421,73484.66251754761,75205.84498977661,22089.84188079834,49635.44318771362,75166.60401916504,16783.520904541016,15986.121143341064
"PE(34:2),PE(O-35:2),PE(P-35:1)",109164.52890396118,298231.44007492065,278752.8394241333,85789.36762619019,202760.01804351807,265293.8585548401,63948.16482543945,49593.5634803772
"PE(34:3),PE(P-35:2)",10726.241024017334,28104.08193588257,22701.7416305542,9934.900596618652,19791.54167175293,22495.022079467773,6731.740497589111,4741.860305786133
PE(34:4),1599.200107574463,2056.040142059326,1881.6201438903809,1737.2801208496094,2080.980136871338,2088.5601539611816,1455.5001029968262,1485.2001113891602
PE(34:5),1225.720085144043,1311.9001007080078,1239.0200881958008,1223.7400856018066,1397.2400970458984,1422.7000923156738,1222.9800872802734,1222.2800941467283
PE(34:6),1226.240089416504,1308.620086669922,1314.340087890625,1246.5200805664062,1240.9200859069824,1240.7200927734375,1222.9200859069824,1221.2800827026367
"PE(35:3),PE(O-36:3),PE(P-36:2)",1976.500144958496,3888.240283966065,3734.420249938965,2236.06014251709,3069.820209503174,4347.560321807861,1673.1201210021973,1985.68013381958
"PE(35:4),PE(O-36:4),PE(P-36:3)",1819.340133666992,3019.74019241333,2713.760196685791,1778.320125579834,2444.9201889038086,3045.8002700805664,1667.1601181030271,1537.2801055908203
"PE(35:5),PE(O-36:5),PE(P-36:4)",1985.7401580810547,3755.920341491699,3318.8402557373047,2015.1401481628416,2368.160125732422,3473.740303039551,1974.6801223754885,1516.720115661621
"PE(35:6),PE(P-36:5)",1257.9800910949707,1309.4801063537598,1352.9001007080078,1261.440071105957,1342.0000953674316,1398.280101776123,1281.4800834655762,1288.4000930786133
"PE(36:3),PE(P-37:2)",109912.96871566772,321169.01819992065,370683.67947387695,142175.79233551025,203950.0763015747,320109.76150131226,96314.24728012084,78074.78770446777
"PE(36:4),PE(O-37:4)",190774.01754760745,626767.0064582825,605967.1866226196,176517.91172790527,382254.9441947937,541076.9527397156,199775.86986541748,116547.7087249756
PE(36:5),15579.720916748049,43780.40370178223,33799.78253173828,14627.281322479248,29675.342109680176,36007.88247680664,14209.56093597412,9428.320705413818
PE(36:6),2001.1601829528809,3260.600227355957,2654.100170135498,1765.1801147460938,2435.9201889038086,2440.200157165528,1815.040134429932,1462.660099029541
"PE(36:7),PE(35:0),PE(O-36:0)",1354.0800971984863,1674.520107269287,1776.6601066589355,1278.5600967407229,1366.6001052856443,1839.5201377868648,1280.160083770752,1226.7000923156738
"PE(36:8),PE(dO-38:8),PE(35:1),PE(O-36:1),PE(P-36:0)",2101.620140075684,3182.3202018737798,3464.700260162353,2105.7801513671875,2587.640193939209,4683.180316925049,1775.0401191711426,1626.0801048278809
"PE(37:3),PE(O-38:3),PE(P-38:2)",2234.3401527404785,4895.140441894531,5319.940406799316,2780.980224609375,2913.420249938965,5224.440284729004,1956.0201377868648,2439.320152282715
"PE(37:4),PE(O-38:4),PE(P-38:3)",6772.520397186279,22586.300830841064,23491.90157699585,8639.380584716797,11517.220603942871,22680.82131576538,8077.200588226318,5757.3203201293945
"PE(37:5),PE(O-38:5),PE(P-38:4)",3600.480297088623,8231.200580596924,8336.880718231201,3317.9801750183105,5036.580417633057,9736.200492858889,3181.0802154541016,3130.420215606689
"PE(37:6),PE(O-38:6),PE(P-38:5)",2522.280174255371,6164.380470275879,6466.400405883789,2537.2801818847656,3570.5202598571777,5937.16047668457,2742.1002311706543,2556.2801933288574
"PE(37:7),PE(P-38:6),PE(36:0),PE(O-37:0)",2068.980129241944,5373.04035949707,4709.100299835205,1947.820106506348,2684.960189819336,5500.340362548828,2646.8201866149902,2077.180164337158
PE(38:3),51367.94504928589,182048.75372314453,189589.2563972473,56520.923973083496,83867.50539398193,161479.07278442383,67134.52424240112,41319.90357589722
PE(38:4),396499.0037727356,1398240.722618103,1411823.314201355,431721.6061820984,586665.0437240601,1218425.867614746,577848.5947151184,311112.45375061035
PE(38:5),195421.09267044067,619842.1451416016,684143.9369659424,234110.6393508911,319733.1123275757,610949.3717651367,278955.4045524597,155780.97021865845
PE(38:6),292438.47814941406,974058.0203094482,1070978.4516105652,384741.5882644653,443978.5420608521,915630.8742828368,405394.64863586426,207414.2329826355
"PE(38:7),PE(37:0),PE(O-38:0)",12058.000984191896,36870.40240859985,35676.16302108765,16001.32088470459,19608.041172027588,32397.541946411133,16099.941055297852,9064.320652008057
"PE(38:8),PE(dO-40:8),PE(37:1),PE(O-38:1),PE(P-38:0)",1805.6401405334475,2630.380195617676,3161.620231628418,1729.6001091003418,2344.200126647949,2603.000232696533,1751.5401153564453,1532.320095062256
"PE(38:9),PE(dO-40:9),PE(37:2),PE(O-38:2),PE(P-38:1)",2756.7801628112798,4690.280227661133,4484.620334625244,2431.8201751708984,3557.2602615356445,5088.2203941345215,2108.900154113769,1795.220127105713
"PE(39:4),PE(O-40:4),PE(P-40:3)",5922.540336608887,15708.161018371582,19301.62144851685,7215.380554199219,8502.04063796997,18253.861209869385,6131.940498352051,4810.760356903076
"PE(39:5),PE(O-40:5),PE(P-40:4)",2637.3202018737798,6131.400554656982,5943.260280609131,3253.9402465820312,3205.060199737549,6149.300361633301,3091.360221862793,2370.480140686035
"PE(39:6),PE(O-40:6),PE(P-40:5)",4080.040351867676,10474.681003570557,10027.240814208984,4635.500308990479,4600.240272521973,10894.18069076538,5685.620456695557,3327.220203399658
"PE(39:8),PE(O-40:8),PE(P-40:7),PE(38:1),PE(O-39:1),PE(P-39:0)",2448.2201766967773,6093.240501403809,7450.880630493164,2427.140193939209,3390.920295715332,6561.720352172852,3058.4402389526367,2497.060157775879
"PE(40:1),PE(P-41:0)",1581.860107421875,1865.2401275634768,2064.52014541626,1644.6001014709473,1892.0601196289065,2170.340156555176,1723.060131072998,1455.0401039123535
"PE(40:10),PE(39:3),PE(O-40:3),PE(P-40:2)",1825.10013961792,3453.540210723877,3131.660217285156,2273.020137786865,2694.34020614624,4104.240371704102,2063.6601333618164,1908.2801246643064
PE(40:2),1787.7601203918457,2631.7201805114746,3180.32022857666,1937.5601539611816,1904.680145263672,2616.780166625977,1587.1601104736328,1610.6000938415527
PE(40:3),2723.3801498413086,5199.040370941162,6003.260414123535,2632.700157165528,3661.820251464844,4595.080375671387,2783.26016998291,1893.8401527404783
PE(40:4),7936.160556793213,22461.82173538208,27229.281562805176,8562.32063293457,14443.521327972412,21841.66103363037,10389.900497436523,6952.520492553711
PE(40:5),13751.38108444214,49290.44271850586,59013.90363311768,18998.581615448,29359.902324676517,51420.12446594238,25203.461685180664,16000.861228942871
"PE(40:6),PE(dO-40:0)",68396.38431167603,229840.1386680603,282713.38996887207,96014.44848632812,119853.24886703493,231452.9536857605,123653.42779541016,77630.22682189941
"PE(40:7),PE(39:0),PE(O-40:0)",69138.6655921936,219440.91302108765,272058.08165359497,109466.72766494752,115077.74726867676,228480.03755950928,130247.78980255128,74403.04623413086
"PE(40:9),PE(39:2),PE(O-40:2),PE(P-40:1)",3146.7402000427246,8389.76040649414,8687.7407913208,4503.460342407227,4004.720317840576,6836.1804847717285,4846.820343017578,2822.8401527404785
"PE(41:5),PE(P-42:4)",1373.0801010131836,1952.6801223754885,2004.1401557922363,1590.4601211547852,1664.1201210021973,2177.240135192871,1400.0601043701172,1535.0401077270508
"PE(41:6),PE(O-42:6)",2190.00016784668,2744.7001762390137,3875.1002502441406,2149.280174255371,2645.5201835632324,3578.0402641296387,2263.080181121826,1753.140121459961
"PE(41:7),PE(P-42:6),PE(40:0),PE(O-41:0)",1409.7401008605957,2034.420139312744,2260.000175476074,1536.0801162719729,2031.740135192871,2716.680233001709,1593.2001113891602,1402.0001029968262
PE(42:0),1288.660099029541,1505.8200912475586,1334.760097503662,1319.3201026916504,1417.9800987243652,1512.8801193237305,1276.4400901794434,1273.3000984191897
PE(42:1),1307.0000801086426,1395.4200897216797,1355.9200897216797,1329.6400909423828,1527.420124053955,1648.8001289367676,1347.8200798034668,1343.2000999450684
"PE(42:11),PE(41:4),PE(O-42:4)",1548.5801048278809,1944.560157775879,2148.400188446045,1667.5601387023926,1639.6201210021973,1947.2401428222656,1537.3201065063477,1586.1801109313965
PE(42:2),1322.3800964355469,1449.200107574463,1462.860107421875,1282.2200889587402,1400.5400924682615,1685.5401306152344,1348.5801048278809,1269.14009475708
PE(42:3),1354.5801010131836,1691.720142364502,1479.1001167297363,1537.6801109313965,1546.9401016235352,1600.6201210021973,1315.8000869750977,1271.3400955200195
PE(42:4),1501.960117340088,1931.2001495361328,1900.0201263427732,1489.0601081848145,1885.0401420593264,2068.260166168213,1340.6400871276855,1589.1400985717771
PE(42:5),1791.4201278686523,3039.3401985168457,3120.480251312256,2054.2601585388184,2025.480125427246,3024.900157928467,1551.440097808838,1854.9401512146
PE(42:6),2368.4201889038086,4523.660232543945,5068.460430145264,2406.040180206299,3509.700260162353,4041.200336456299,3517.6802558898926,2044.160140991211
"PE(42:7),PE(41:0),PE(O-42:0)",3276.980312347412,6613.700294494629,7698.260471343994,3748.700309753418,5274.260391235352,6005.880451202393,4042.620296478272,3159.780204772949
"PE(42:8),PE(41:1),PE(O-42:1),PE(P-42:0)",2357.300189971924,4191.280342102051,5174.960346221924,3047.660224914551,3234.820205688477,4316.680240631104,2707.6401596069336,2502.8201904296875
"PE(42:9),PE(41:2),PE(O-42:2),PE(P-42:1)",2328.1401557922363,3892.0802688598633,4231.460372924805,2145.6001777648926,2926.000175476074,2945.000202178955,2380.340171813965,2089.160148620605
PE(43:2),1384.660099029541,1337.2000846862793,1332.4200897216797,1265.4800910949707,1339.8800888061523,1410.9600982666016,1438.8800964355469,1319.420093536377
PE(43:4),1316.5800743103027,1432.9401092529297,1451.6400985717771,1316.5800857543943,1336.420093536377,1380.2200965881348,1305.2200889587402,1287.420093536377
PE(43:6),1304.920093536377,1260.7800750732422,1273.5200958251953,1290.680088043213,1336.560089111328,1392.2201042175293,1307.0800819396973,1381.9400901794434
PE(44:0),1267.8800888061523,1260.960105895996,1377.140106201172,1264.5800895690918,1318.5000915527344,1378.1201095581057,1265.440086364746,1291.4800910949707
PE(44:1),1267.4400939941406,1281.3600959777832,1271.3000869750977,1264.8400993347168,1265.4600830078125,1265.1200828552246,1312.6600952148438,1295.0000801086426
PE(44:10),1267.9800910949707,1361.1800956726074,1261.9800834655762,1345.680088043213,1325.8400917053225,1410.6400985717771,1344.2200965881348,1264.8400955200195
PE(44:12),1514.5601119995115,1321.880100250244,1486.1800956726074,1356.6600875854492,1508.540111541748,1322.2200775146484,1291.780086517334,1277.5800971984863
PE(44:2),1275.700096130371,1259.4600868225098,1261.2600936889648,1265.620086669922,1264.8000946044922,1264.5200958251953,1265.000087738037,1280.5600929260254
PE(44:3),1298.2600898742676,1291.8400802612305,1292.5200881958008,1355.2000885009766,1408.8600845336914,1277.2000923156738,1270.2200889587402,1263.9400825500488
PE(44:4),1285.8600959777832,1259.880084991455,1339.9800987243652,1303.4401092529297,1322.64009475708,1342.0600967407229,1418.800106048584,1264.1800994873047
PE(44:5),1334.820095062256,1387.5600967407229,1548.2401008605957,1438.1001014709473,1331.5000915527344,1407.620101928711,1282.080093383789,1338.8200988769531
PE(44:6),1328.3400955200195,1279.1600914001465,1412.3201065063477,1370.2400970458984,1467.320095062256,1557.4401168823242,1294.380084991455,1341.3800964355469
"PE(44:7),PE(43:0)",1366.9600944519043,1292.2400970458984,1325.5000953674316,1266.660083770752,1440.2200927734375,1481.380100250244,1369.1400909423828,1296.7601013183594
"PE(44:8),PE(43:1)",1267.6000938415527,1308.0801010131836,1375.600082397461,1326.1001014709473,1338.1800956726074,1300.5400733947754,1265.5200881958008,1310.1600914001465
PE(46:1),1268.9000930786133,1260.5400924682615,1283.9000854492188,1264.020092010498,1265.000087738037,1265.9600868225098,1265.5200996398926,1264.6200828552246
PE(52:4),1266.760082244873,1258.6000900268557,1260.080078125,1263.8800888061523,1263.0800971984863,1263.4200897216797,1263.3000869750977,1261.2000885009766
"PE(O-38:8),PE(36:1),PE(O-37:1),PE(P-37:0)",13577.941116333008,41155.94389343262,42764.56296539307,13895.00106048584,22317.5620803833,38589.66297149658,13917.10110092163,11269.940868377686
"PE(O-38:9),PE(36:2),PE(O-37:2),PE(P-37:1)",94514.86893463136,293579.360534668,323776.9042625427,114350.44785690308,163309.31435012817,266250.0557975769,92574.146194458,64353.32461166382
"PE(O-40:9),PE(38:2),PE(P-39:1)",6962.980518341064,18219.420833587646,21528.06142425537,7834.260589599609,9767.70066833496,19294.141357421875,6872.480564117432,4756.160320281982
"PE(dO-38:9),PE(35:2),PE(O-36:2),PE(P-36:1)",3654.640327453613,8196.760475158691,8752.920524597168,4769.460411071777,5566.520286560059,7834.140522003174,2700.720188140869,3058.420207977295
"PE28:0,PE(O-29:0)",1226.1600952148438,1218.7800827026367,1363.280101776123,1224.0200805664062,1258.1400985717771,1347.7800827026367,1281.7401008605957,1220.860092163086
"PG(12:0),LPG(13:0)",1248.5600967407229,1245.700080871582,1278.040096282959,1305.7401008605957,1283.3800735473633,1287.8000984191897,1291.4000816345217,1269.8400917053225
"PG(16:0),LPG(17:0),LPG(O-18:0)",1318.380100250244,1257.1000900268557,1380.5001029968262,1340.120086669922,1487.9401054382324,1489.6801071166992,1423.940086364746,1423.6200981140137
"PG(20:0),LPG(21:0)",1283.0400886535645,1268.320087432861,1262.740077972412,1274.960090637207,1282.2200889587402,1324.900089263916,1312.6600799560547,1250.4600944519043
PG(24:0),1248.8600769042969,1275.1800956726074,1246.0800895690918,1251.2400932312012,1311.2200775146484,1365.56010055542,1284.0800819396973,1251.2800788879397
PG(25:0),1248.480079650879,1245.320087432861,1245.7400817871094,1251.9600868225098,1255.540096282959,1316.900089263916,1291.2800941467283,1253.7000846862793
PG(26:0),1258.9401016235352,1246.0200805664062,1245.9600944519043,1258.8600845336914,1347.06010055542,1270.360092163086,1310.3800964355469,1251.0600929260254
PG(26:1),1331.7200927734375,1247.2600936889648,1245.320083618164,1252.440086364746,1329.0200881958008,1356.7601013183594,1256.480079650879,1249.9600791931152
"PG(27:0),PG(O-28:0)",1248.540096282959,1245.2400856018066,1244.8000869750977,1250.960090637207,1255.4400901794434,1312.7000999450684,1256.4800872802734,1251.140079498291
"PG(27:1),PG(P-28:0)",1248.8000946044922,1245.5800857543943,1245.860092163086,1252.0000839233398,1255.2400932312012,1253.8000869750977,1256.6200904846191,1250.2400817871094
"PG(28:0),PG(O-29:0)",1247.860088348389,1245.5600814819336,1245.280086517334,1251.380084991455,1255.5000915527344,1253.5000801086426,1267.420078277588,1251.3000869750977
"PG(28:1),PG(P-29:0)",1248.2400856018066,1245.560089111328,1251.7200927734375,1298.6600875854492,1255.5600776672363,1253.6200828552246,1257.2400817871094,1250.9600868225098
PG(28:2),1248.680088043213,1263.8200798034668,1245.5400886535645,1251.1000862121582,1273.1800804138184,1298.1800918579102,1256.5400772094729,1251.0200881958008
"PG(29:0),PG(O-30:0)",1247.7600898742676,1245.2200965881348,1355.1201057434082,1295.500087738037,1255.0600700378418,1304.220085144043,1255.6000709533691,1251.0200805664062
"PG(29:1),PG(O-30:1),PG(P-30:0)",1248.0000915527344,1244.5400924682615,1245.6000862121582,1251.6200828552246,1254.640079498291,1283.940097808838,1255.9200859069824,1251.760082244873
"PG(29:2),PG(P-30:1)",1248.240089416504,1245.6200942993164,1245.7000885009766,1251.6600799560547,1295.3200912475586,1253.4600830078125,1255.3600959777832,1251.5000953674316
"PG(30:0),PG(O-31:0)",1247.8200798034668,1272.3200988769531,1246.1001052856443,1250.7800827026367,1292.5800971984863,1280.4800910949707,1257.0000839233398,1251.1200790405271
"PG(30:1),PG(O-31:1),PG(P-31:0)",1249.7000923156738,1246.5400924682615,1245.240089416504,1251.2800903320312,1254.100082397461,1253.9000778198242,1256.2000885009766,1250.740089416504
"PG(30:2),PG(P-31:1)",1249.5000915527344,1245.860092163086,1245.1400833129885,1251.5400848388672,1273.1000785827637,1254.1400756835938,1261.900089263916,1250.3400917053225
PG(30:3),1248.5400886535645,1245.2800788879397,1293.0001068115234,1252.3000869750977,1290.7000923156738,1278.2000770568848,1286.000072479248,1250.2800827026367
PG(30:4),1248.720085144043,1246.120086669922,1286.1200942993164,1251.6400833129885,1255.3600769042969,1254.640079498291,1292.8200912475586,1307.320095062256
"PG(31:0),PG(O-32:0)",1272.920093536377,1246.1200904846191,1245.2600936889648,1306.3601036071775,1330.5000801086426,1291.0800895690918,1256.4000816345217,1251.0800857543943
"PG(31:1),PG(O-32:1),PG(P-32:0)",1248.800090789795,1245.6800842285156,1246.080093383789,1252.1600875854492,1317.500087738037,1255.4000854492188,1256.3200912475586,1250.4600982666016
"PG(31:2),PG(P-32:1)",1248.5201034545898,1249.860092163086,1245.0200881958008,1274.0400848388672,1254.4800910949707,1262.5200729370115,1255.3200798034668,1252.0400924682615
PG(31:3),1248.360080718994,1246.0400886535645,1245.6800842285156,1252.2200775146484,1255.7800788879397,1253.2000885009766,1255.4800910949707,1274.3200912475586
PG(31:4),1248.7000846862793,1247.480079650879,1246.1600952148438,1253.7200927734375,1255.7800750732422,1286.9600944519043,1256.8400802612305,1250.4200859069824
"PG(32:0),PG(O-33:0)",1248.06010055542,1296.4000930786133,1244.8400955200195,1250.9600944519043,1255.4800910949707,1295.0400848388672,1274.5600814819336,1251.1800842285156
"PG(32:1),PG(O-33:1),PG(P-33:0)",1287.1800956726074,1287.0600929260254,1244.8800888061523,1250.1001014709473,1262.5200805664062,1261.7600936889648,1288.7600898742676,1250.9000816345217
"PG(32:2),PG(O-33:2),PG(P-33:1)",1262.56010055542,1283.2000923156738,1246.1400909423828,1250.8400993347168,1255.0400886535645,1254.5400886535645,1255.620086669922,1250.6600952148438
"PG(32:3),PG(P-33:2)",1248.820095062256,1246.4600868225098,1245.7000885009766,1250.9400901794434,1255.0800819396973,1266.9200859069824,1260.1200790405271,1250.9600982666016
PG(32:4),1249.0600929260254,1245.660083770752,1244.560089111328,1250.9600868225098,1276.3200798034668,1254.4000778198242,1255.800090789795,1250.3400802612305
PG(32:5),1248.840087890625,1300.760097503662,1244.8800811767578,1277.9200820922852,1254.840087890625,1253.4000816345217,1256.3600959777832,1250.9000816345217
"PG(33:0),PG(O-34:0)",1247.8000831604004,1245.1600914001465,1246.0600852966309,1251.10009765625,1255.2600784301758,1273.5800971984863,1301.3000946044922,1276.6800956726074
"PG(33:1),PG(O-34:1),PG(P-34:0)",1248.620101928711,1245.8600845336914,1246.0200805664062,1251.400089263916,1255.3000831604004,1253.6600723266602,1255.100082397461,1250.8600959777832
"PG(33:2),PG(O-34:2),PG(P-34:1)",1248.5400848388672,1245.7400856018066,1245.8600959777832,1251.2800827026367,1255.8400802612305,1274.7800903320312,1255.640079498291,1251.1200790405271
"PG(33:3),PG(O-34:3),PG(P-34:2)",1248.980094909668,1245.620086669922,1246.1400909423828,1251.2600860595703,1255.9000816345217,1254.0400924682615,1255.720100402832,1299.3400993347168
"PG(33:4),PG(O-34:4),PG(P-34:3)",1248.4600830078125,1296.4001007080078,1245.8000831604004,1250.780101776123,1255.2600898742676,1253.9000854492188,1279.9400901794434,1286.3600959777832
"PG(33:5),PG(P-34:4)",1247.220085144043,1245.3400955200195,1245.3200912475586,1249.9200897216797,1255.4600830078125,1254.0600814819336,1273.260097503662,1251.5000801086426
"PG(34:0),PG(O-35:0)",1293.0000801086426,1245.460090637207,1246.1600875854492,1251.360080718994,1324.2000923156738,1274.5600776672363,1255.9800872802734,1250.5000915527344
"PG(34:3),PG(P-35:2)",1248.5600852966309,1245.3600959777832,1246.6600799560547,1251.7000923156738,1327.880084991455,1299.4400749206543,1274.6200828552246,1250.820095062256
PG(34:4),1248.2000999450684,1244.920093536377,1245.0400848388672,1251.0000953674316,1302.2600898742676,1254.020092010498,1255.04008102417,1250.9600791931152
PG(34:5),1248.9800910949707,1245.4200820922852,1313.620101928711,1251.1800918579102,1255.020092010498,1254.2000770568848,1284.7600898742676,1249.9400901794434
PG(34:6),1248.4801025390625,1268.000087738037,1245.7800941467283,1251.4400825500488,1254.920093536377,1319.6200828552246,1281.7400856018066,1250.2200965881348
"PG(35:2),PG(O-36:2),PG(P-36:1)",1248.2800903320312,1245.0800857543943,1245.4000854492188,1251.020092010498,1265.9600830078125,1253.7400817871094,1255.6400833129885,1250.8000869750977
"PG(35:3),PG(O-36:3),PG(P-36:2)",1248.560089111328,1245.6200981140137,1245.800106048584,1275.1000900268557,1255.6000862121582,1253.1800842285156,1256.0200881958008,1250.380084991455
"PG(35:4),PG(O-36:4),PG(P-36:3)",1248.280101776123,1245.5600929260254,1245.9800910949707,1251.6400871276855,1327.320095062256,1275.0600852966309,1256.8800811767578,1284.9000968933103
"PG(35:5),PG(O-36:5),PG(P-36:4)",1290.0600967407229,1244.840087890625,1284.3800773620603,1251.260082244873,1277.8200912475586,1254.0000801086426,1279.720085144043,1334.020092010498
"PG(35:6),PG(P-36:5)",1248.340087890625,1245.2800827026367,1254.700096130371,1267.140079498291,1271.1600799560547,1322.6400756835938,1255.420078277588,1250.940086364746
"PG(36:1),PG(O-37:1),PG(P-37:0)",1247.9800872802734,1244.8800811767578,1245.3000869750977,1295.3400993347168,1288.7400856018066,1274.60009765625,1277.7600784301758,1250.5800895690918
"PG(36:3),PG(P-37:2)",1252.360092163086,1245.4800910949707,1283.5800971984863,1251.2200889587402,1268.2400856018066,1310.2600936889648,1292.5200843811035,1251.2200813293457
PG(36:4),1248.6600875854492,1255.600082397461,1245.200080871582,1258.4000968933103,1255.0200843811035,1264.080078125,1320.020092010498,1250.2400856018066
PG(36:5),1248.6600799560547,1246.0000953674316,1245.9400939941406,1251.54008102417,1255.3200912475586,1253.6600761413574,1256.4000816345217,1250.5800857543943
PG(36:6),1255.0800857543943,1245.500087738037,1245.100082397461,1250.660083770752,1273.1600875854492,1253.8600845336914,1282.1001014709473,1250.2800827026367
"PG(36:7),PG(35:0),PG(O-36:0)",1257.4200897216797,1245.480094909668,1245.640079498291,1251.4200897216797,1254.5000839233398,1337.9801025390625,1287.9200897216797,1250.6000900268557
"PG(36:8),PG(35:1),PG(O-36:1),PG(P-36:0)",1249.6800804138184,1315.9401016235352,1276.7600936889648,1288.080093383789,1297.5000839233398,1329.3600997924805,1255.1600875854492,1298.0000762939453
"PG(37:3),PG(O-38:3),PG(P-38:2)",1249.0400886535645,1246.2800827026367,1245.2800788879397,1252.1400871276855,1255.9000778198242,1254.5000915527344,1295.4800987243652,1251.0200843811035
"PG(37:4),PG(O-38:4),PG(P-38:3)",1248.200096130371,1246.2000846862793,1289.4400939941406,1251.4600868225098,1355.8000831604004,1266.2800827026367,1255.360080718994,1250.1400871276855
"PG(37:5),PG(O-38:5),PG(P-38:4)",1248.500087738037,1245.7200889587402,1245.1000900268557,1252.6400871276855,1255.440086364746,1254.0600967407229,1255.7000732421875,1300.0400848388672
"PG(37:6),PG(O-38:6),PG(P-38:5)",1248.260097503662,1245.6800842285156,1261.020092010498,1250.820095062256,1256.1800842285156,1253.6400909423828,1255.020092010498,1249.8000984191897
"PG(37:7),PG(P-38:6),PG(36:0),PG(O-37:0)",1248.2600860595703,1244.900089263916,1263.4600944519043,1251.1600875854492,1306.0200881958008,1286.320087432861,1281.200080871582,1251.1800994873047
"PG(38:2),PG(P-39:1)",1247.9000778198242,1246.1000900268557,1245.0400886535645,1251.4200859069824,1254.5000801086426,1276.4000778198242,1255.720085144043,1268.220085144043
PG(38:3),1248.1600914001465,1245.520092010498,1273.7600860595703,1251.100082397461,1255.3000831604004,1254.0000801086426,1256.5400733947754,1251.2000846862793
PG(38:4),1248.7000770568848,1246.2001037597656,1245.600082397461,1278.3800926208496,1294.7800979614258,1304.9600830078125,1267.2400856018066,1251.520076751709
PG(38:5),1247.5400924682615,1245.0800971984863,1244.8600845336914,1250.3200912475586,1255.0800819396973,1315.1601028442385,1258.8000793457031,1286.7800827026367
PG(38:6),1248.3600845336914,1245.020092010498,1244.4400787353516,1301.1800918579102,1254.780086517334,1253.7200927734375,1271.3000831604004,1251.0600967407229
"PG(38:7),PG(37:0),PG(O-38:0)",1248.8200912475586,1264.3400840759275,1245.7401008605957,1251.2000885009766,1255.1600799560547,1254.700080871582,1256.1000900268557,1250.8600959777832
"PG(38:8),PG(37:1),PG(O-38:1),PG(P-38:0)",1248.4000778198242,1245.3000869750977,1245.9200897216797,1251.440086364746,1257.4200859069824,1308.5800857543943,1256.360088348389,1250.6000862121582
"PG(38:9),PG(37:2),PG(O-38:2),PG(P-38:1)",1249.3000869750977,1245.7400970458984,1245.5800819396973,1251.8000793457031,1255.3400840759275,1277.4800834655762,1255.8800811767578,1251.2200889587402
"PG(39:1),PG(O-40:1),PG(P-40:0)",1290.400089263916,1287.0801010131836,1287.5200881958008,1292.920093536377,1296.7000885009766,1296.1800918579102,1336.060089111328,1292.360092163086
"PG(39:4),PG(O-40:4),PG(P-40:3)",1290.960090637207,1286.8000946044922,1287.2800941467283,1292.860088348389,1298.420093536377,1295.1000938415527,1318.560089111328,1291.860080718994
"PG(39:5),PG(O-40:5),PG(P-40:4)",1290.06010055542,1286.6600914001465,1287.320083618164,1293.7200813293457,1298.0000839233398,1296.3600769042969,1298.320083618164,1291.7000885009766
"PG(39:6),PG(O-40:6),PG(P-40:5)",1289.8800964355469,1288.0400886535645,1286.8400955200195,1308.2600936889648,1298.2000923156738,1319.2000923156738,1298.2200927734375,1292.900089263916
"PG(39:7),PG(P-40:6),PG(38:0),PG(O-39:0)",1251.4600830078125,1269.9400901794434,1245.9000930786133,1251.700080871582,1254.760082244873,1269.760082244873,1255.6800842285156,1251.1200828552246
"PG(39:8),PG(38:1),PG(O-39:1),PG(P-39:0)",1248.8000869750977,1246.3000869750977,1244.8400764465332,1251.9800872802734,1291.720085144043,1269.2000770568848,1256.320087432861,1250.240089416504
"PG(40:1),PG(P-41:0)",1314.580093383789,1287.1000862121582,1287.0800857543943,1293.5400848388672,1336.200096130371,1326.820087432861,1302.9800910949707,1298.0800895690918
"PG(40:10),PG(39:3),PG(O-40:3),PG(P-40:2)",1290.2400932312012,1287.6400833129885,1287.020092010498,1292.8800926208496,1297.3400917053225,1316.7600746154783,1298.1800994873047,1292.4400939941406
PG(40:2),1335.5800819396973,1286.0800895690918,1312.960090637207,1296.740089416504,1297.6600799560547,1296.320095062256,1298.3600845336914,1316.0800819396973
PG(40:3),1290.0401000976562,1286.320087432861,1319.7600860595703,1293.1000900268557,1331.0201034545898,1305.680088043213,1298.5800971984863,1292.080093383789
PG(40:4),1290.0000953674316,1287.2200927734375,1287.5000953674316,1292.6800842285156,1327.980079650879,1295.320083618164,1298.000087738037,1293.000087738037
PG(40:5),1289.860088348389,1287.0000915527344,1287.8600959777832,1312.2000923156738,1296.6400909423828,1295.5600929260254,1296.6400680541992,1293.6600952148438
PG(40:6),1290.1401023864746,1286.7600936889648,1286.900089263916,1292.660083770752,1296.9800872802734,1345.7200965881348,1320.900089263916,1292.860092163086
"PG(40:7),PG(39:0),PG(O-40:0)",1290.760097503662,1315.6000938415527,1286.2000923156738,1292.5600852966309,1297.2800827026367,1325.5000839233398,1298.0400886535645,1311.9400939941406
"PG(40:9),PG(39:2),PG(O-40:2),PG(P-40:1)",1290.7000885009766,1286.4600830078125,1287.6400871276855,1291.860092163086,1303.0600852966309,1299.220085144043,1298.4400901794434,1291.940086364746
"PG(41:5),PG(P-42:4)",1290.1600952148438,1287.2400970458984,1287.1400909423828,1294.7400856018066,1295.8800926208496,1333.1800918579102,1310.780086517334,1291.940097808838
"PG(41:6),PG(O-42:6)",1289.960090637207,1287.460090637207,1287.800090789795,1293.1000900268557,1394.3800964355469,1295.6400909423828,1332.420093536377,1291.9800987243652
"PG(41:7),PG(P-42:6),PG(40:0),PG(O-41:0)",1290.6200942993164,1286.2600898742676,1286.740089416504,1292.3600959777832,1323.0000953674316,1296.0400848388672,1297.8000869750977,1292.5600967407229
PG(42:0),1290.0400886535645,1288.0800819396973,1288.060089111328,1292.960090637207,1297.120086669922,1295.260082244873,1297.700080871582,1292.0800895690918
PG(42:1),1289.5200996398926,1286.860088348389,1287.3600997924805,1292.9000930786133,1296.240089416504,1295.6600799560547,1328.220085144043,1332.380100250244
"PG(42:10),PG(41:3),PG(P-42:2)",1289.4800872802734,1287.3801040649414,1306.0800895690918,1320.0400924682615,1318.240089416504,1295.300090789795,1338.9600868225098,1292.780086517334
"PG(42:11),PG(41:4),PG(O-42:4)",1333.0201034545898,1287.0801048278809,1286.9200897216797,1292.800090789795,1296.440071105957,1296.320095062256,1299.1400833129885,1313.7000885009766
PG(42:2),1290.0400848388672,1327.0200843811035,1313.9600944519043,1292.820095062256,1317.8200912475586,1295.9200859069824,1298.0200805664062,1292.9600868225098
PG(42:3),1290.2000846862793,1286.7400970458984,1286.9200897216797,1293.020076751709,1296.8600959777832,1295.3600959777832,1298.300090789795,1346.280101776123
PG(42:4),1290.5400848388672,1286.9200859069824,1286.3800964355469,1292.840087890625,1296.6600875854492,1304.04008102417,1298.580078125,1293.4600944519043
PG(42:5),1290.5400848388672,1287.0401000976562,1287.280101776123,1293.0000915527344,1297.1400833129885,1294.6200942993164,1298.3800888061523,1292.860092163086
PG(42:6),1290.8200912475586,1286.6201057434082,1310.040096282959,1292.5400848388672,1299.04008102417,1295.0800857543943,1298.3400840759275,1292.4000930786133
"PG(42:7),PG(41:0),PG(O-42:0)",1290.1400909423828,1286.840103149414,1287.4400749206543,1292.1800918579102,1297.1400871276855,1295.6800842285156,1332.54008102417,1329.2601013183594
"PG(42:8),PG(41:1),PG(O-42:1),PG(P-42:0)",1289.9600944519043,1289.200096130371,1297.1200904846191,1319.5200958251953,1297.4800872802734,1295.5600852966309,1324.3400955200195,1292.8801040649414
"PG(42:9),PG(41:2),PG(O-42:2),PG(P-42:1)",1290.2200889587402,1287.2200889587402,1286.7400817871094,1293.1000862121582,1316.2601013183594,1319.6400871276855,1296.9400901794434,1292.060089111328
PG(43:2),1289.5200881958008,1287.1600914001465,1286.840103149414,1311.0800971984863,1297.2800788879397,1295.6200981140137,1297.800106048584,1292.340087890625
PG(43:4),1289.6600799560547,1320.0600929260254,1287.7200889587402,1293.0800819396973,1297.5800819396973,1294.9400901794434,1297.3400840759275,1292.60009765625
PG(43:6),1370.5200958251953,1286.7400932312012,1287.420093536377,1293.620086669922,1313.8600959777832,1344.9400825500488,1309.8200798034668,1291.9800910949707
PG(44:0),1288.3400955200195,1285.3800926208496,1286.3400917053225,1290.620086669922,1294.8000869750977,1294.3400917053225,1320.7800788879397,1291.2800903320312
PG(44:1),1290.3400917053225,1286.9401016235352,1287.2600898742676,1292.8200912475586,1297.9800910949707,1295.500099182129,1297.760097503662,1292.400089263916
PG(44:10),1290.8000793457031,1288.14009475708,1287.14009475708,1293.5000915527344,1296.680076599121,1309.4400939941406,1299.0600814819336,1291.5000915527344
PG(44:12),1289.820095062256,1287.000087738037,1287.7000923156738,1293.5200881958008,1326.4601020812988,1295.4800834655762,1304.9000854492188,1348.720100402832
PG(44:2),1290.0400848388672,1286.1200790405271,1285.4600944519043,1292.5200881958008,1296.4400787353516,1296.480079650879,1298.5000839233398,1292.3800888061523
PG(44:3),1290.0000915527344,1286.7400932312012,1357.6400909423828,1346.8000984191897,1329.1800918579102,1295.9600830078125,1298.5000953674316,1293.760082244873
PG(44:4),1289.9800872802734,1287.3200912475586,1287.1001052856443,1292.5800895690918,1296.0000953674316,1295.740077972412,1309.120086669922,1293.0200881958008
PG(44:5),1336.2200889587402,1286.900089263916,1287.300090789795,1293.440097808838,1311.6600914001465,1295.660099029541,1298.2601051330566,1293.6400833129885
PG(44:6),1289.780086517334,1285.9400939941406,1287.540096282959,1292.2001037597656,1297.2400932312012,1295.2200927734375,1298.6200904846191,1293.160083770752
"PG(44:7),PG(43:0)",1290.6200942993164,1287.880084991455,1287.1600875854492,1292.7200965881348,1332.080093383789,1295.5200881958008,1315.060089111328,1292.9800872802734
"PG(44:8),PG(43:1)",1289.400089263916,1287.2200965881348,1287.2001037597656,1293.300075531006,1316.0600967407229,1295.4200897216797,1297.9000854492188,1293.300090789795
"PG(O-35:1),PG(P-35:0)",1334.6200942993164,1293.2400932312012,1277.320087432861,1255.560089111328,1400.9600944519043,1363.2200889587402,1299.2200889587402,1251.120086669922
"PG(O-35:2),PG(P-35:1)",1258.1000862121582,1246.6000938415527,1252.6800842285156,1250.5200881958008,1255.860092163086,1321.5400924682615,1362.0200996398926,1251.0000801086426
"PG(O-37:2),PG(P-37:1)",1248.5600967407229,1245.8400917053225,1436.9001083374023,1275.8400917053225,1264.8000831604004,1299.1400909423828,1289.020092010498,1284.340087890625
PI(24:0),1405.6400871276855,1263.440097808838,1288.9600944519043,1503.020107269287,1559.880111694336,1354.3800926208496,1304.5800857543943,1288.5800895690918
PI(25:0),1301.000099182129,1315.3400993347168,1306.7200965881348,1364.0800971984863,1406.1400985717771,1270.5200881958008,1345.4200859069824,1267.4200820922852
PI(26:0),1350.0401000976562,1286.5200805664062,1261.180088043213,1382.4601020812988,1428.6800956726074,1411.420108795166,1474.2801246643066,1310.7400856018066
PI(26:1),1302.1600799560547,1263.2400932312012,1261.8800964355469,1387.5600967407229,1386.720085144043,1259.8400802612305,1281.6200790405271,1331.860092163086
"PI(27:0),PI(O-28:0)",1360.0000953674316,1262.5600929260254,1260.9200973510742,1287.100082397461,1345.5200881958008,1312.200096130371,1371.1200942993164,1265.5600814819336
"PI(27:1),PI(P-28:0)",1265.7200889587402,1292.7000999450684,1261.5200996398926,1295.8200912475586,1263.000087738037,1272.6200904846191,1264.860088348389,1311.9400939941406
"PI(28:0),PI(O-29:0)",1373.440097808838,1262.9400825500488,1261.6600914001465,1364.8000946044922,1263.460090637207,1456.320110321045,1322.1601066589355,1308.500099182129
"PI(28:1),PI(P-29:0)",1272.2200889587402,1262.3400840759275,1281.0600929260254,1267.4200859069824,1291.4200859069824,1391.760108947754,1264.0000801086426,1265.2000885009766
PI(28:2),1265.140079498291,1274.9400749206543,1260.7000923156738,1311.4200859069824,1284.1000938415527,1259.8400840759275,1283.4600830078125,1264.8400917053225
"PI(29:0),PI(O-30:0)",1303.480094909668,1262.2800827026367,1291.4400901794434,1310.5600929260254,1307.800090789795,1296.9601020812988,1381.160099029541,1266.0600929260254
"PI(29:1),PI(O-30:1),PI(P-30:0)",1265.1401023864746,1277.4800910949707,1261.5800857543943,1266.680088043213,1294.300090789795,1286.1200828552246,1267.2800903320312,1270.2200965881348
"PI(29:2),PI(P-30:1)",1302.0800819396973,1363.0801010131836,1404.9000968933103,1315.3200912475586,1296.4000968933103,1259.3000831604004,1327.7800941467283,1305.8200988769531
"PI(30:0),PI(O-31:0)",1332.900089263916,1285.9201011657717,1261.0800819396973,1266.2800827026367,1263.8400802612305,1288.040096282959,1318.0000953674316,1265.840087890625
"PI(30:1),PI(O-31:1),PI(P-31:0)",1345.6200904846191,1326.5801010131836,1261.1800842285156,1265.9800872802734,1263.9200859069824,1260.1000938415527,1264.600082397461,1265.8600845336914
"PI(30:2),PI(P-31:1)",1266.0800857543943,1263.340087890625,1275.460090637207,1287.8400917053225,1263.400089263916,1260.8200912475586,1265.9000854492188,1303.9200859069824
PI(30:3),1266.0800895690918,1263.180076599121,1262.240089416504,1293.5600967407229,1264.6200942993164,1325.4400825500488,1265.080078125,1266.2200775146484
PI(30:4),1265.4800872802734,1262.300090789795,1283.3400955200195,1309.8800926208496,1297.2400817871094,1321.320095062256,1265.220085144043,1265.9800910949707
"PI(31:0),PI(O-32:0)",1413.7600898742676,1378.9800987243652,1272.9600944519043,1266.6200904846191,1330.0800971984863,1305.7600936889648,1264.300075531006,1264.8600769042969
"PI(31:1),PI(O-32:1),PI(P-32:0)",1312.8400917053225,1314.500087738037,1295.2600860595703,1355.680088043213,1411.680103302002,1280.0000915527344,1284.4200897216797,1265.0800857543943
"PI(31:2),PI(P-32:1)",1319.2800979614258,1263.320083618164,1261.220085144043,1266.820087432861,1278.2800941467283,1258.880084991455,1351.180088043213,1266.1200790405271
PI(31:3),1264.4800872802734,1262.320095062256,1261.2400932312012,1266.360088348389,1263.4800872802734,1258.9400787353516,1264.3400840759275,1265.0800819396973
PI(31:4),1319.1600952148438,1308.160099029541,1261.6801071166992,1265.9800872802734,1264.340087890625,1258.9600944519043,1265.400104522705,1318.7400856018066
"PI(32:0),PI(O-33:0)",1303.5000953674316,1338.4401054382324,1277.2400932312012,1338.060089111328,1297.3800964355469,1264.320083618164,1376.1400871276855,1266.3600845336914
"PI(32:1),PI(O-33:1),PI(P-33:0)",1362.3200912475586,1262.8000984191897,1322.9600944519043,1267.1400985717771,1396.880084991455,1306.8200912475586,1343.2200927734375,1312.4601020812988
"PI(32:2),PI(O-33:2),PI(P-33:1)",1327.860107421875,1281.840087890625,1261.5600929260254,1266.4800834655762,1347.4800987243652,1329.4000930786133,1265.4800910949707,1359.5800819396973
"PI(32:3),PI(P-33:2)",1265.8400802612305,1263.7400932312012,1270.4000854492188,1266.520076751709,1264.0800857543943,1290.12007522583,1265.0000839233398,1265.9600868225098
PI(32:4),1265.260097503662,1262.9000968933103,1262.2200965881348,1266.7400856018066,1264.7200813293457,1259.4800872802734,1264.5800819396973,1264.980094909668
PI(32:5),1265.6600761413574,1263.9600868225098,1285.4000968933103,1266.6200904846191,1286.4000968933103,1295.920093536377,1265.3400802612305,1264.960090637207
"PI(33:0),PI(O-34:0)",1276.7600898742676,1263.8800926208496,1261.3000831604004,1267.900074005127,1325.6800956726074,1259.880084991455,1281.0600967407229,1264.400089263916
"PI(33:1),PI(O-34:1),PI(P-34:0)",1307.820087432861,1294.4201011657717,1284.8000793457031,1276.9200897216797,1263.7200889587402,1314.8200912475586,1296.6800994873047,1265.820087432861
"PI(33:2),PI(O-34:2),PI(P-34:1)",1264.520092010498,1274.9201011657717,1283.680103302002,1286.5400848388672,1333.5001029968262,1261.1800918579102,1324.1800804138184,1319.040096282959
"PI(33:3),PI(O-34:3),PI(P-34:2)",1264.6200904846191,1261.200096130371,1331.4201049804688,1330.420093536377,1324.5000915527344,1259.8800964355469,1264.6200942993164,1266.3800926208496
"PI(33:4),PI(O-34:4),PI(P-34:3)",1265.3200988769531,1262.5800819396973,1261.440097808838,1265.8200912475586,1263.5000839233398,1258.940086364746,1286.3600959777832,1266.080093383789
"PI(33:5),PI(P-34:4)",1265.4000930786133,1263.0200805664062,1261.2000923156738,1291.4000968933103,1263.500087738037,1277.9400825500488,1265.360088348389,1265.8001022338867
"PI(34:0),PI(O-35:0)",1263.9000930786133,1364.040096282959,1314.2400970458984,1330.8400955200195,1332.280101776123,1375.9600944519043,1263.860080718994,1266.6600875854492
"PI(34:1),PI(O-35:1),PI(P-35:0)",1669.1601104736328,1346.480094909668,1396.580093383789,1685.5601196289062,1986.2201461791992,1321.3200912475586,1429.9601020812988,1400.3201026916504
"PI(34:2),PI(O-35:2),PI(P-35:1)",2658.680187225342,1790.4201354980469,2064.740165710449,5423.540390014648,2714.260181427002,2673.9001655578613,2319.3201446533203,1421.8001022338867
"PI(34:3),PI(P-35:2)",1330.760097503662,1299.0400924682615,1403.9200820922852,1517.0401000976562,1395.3000946044922,1258.8000831604004,1411.1001091003418,1266.1200904846191
PI(34:4),1265.000087738037,1308.6600952148438,1261.14009475708,1289.9600868225098,1264.0800857543943,1280.260097503662,1264.820087432861,1266.0000839233398
PI(34:5),1265.4600982666016,1262.4800910949707,1262.3600845336914,1266.7000846862793,1264.0000915527344,1298.1000862121582,1264.7200927734375,1264.4400939941406
PI(34:6),1265.160083770752,1262.4600944519043,1261.980094909668,1286.3000869750977,1307.4800987243652,1259.320087432861,1265.2401008605957,1264.7000885009766
"PI(35:2),PI(O-36:2),PI(P-36:1)",1265.6600875854492,1262.3200912475586,1338.9801025390625,1381.1201057434082,1383.820095062256,1283.9600830078125,1314.10009765625,1265.4000854492188
"PI(35:3),PI(O-36:3),PI(P-36:2)",1282.7600898742676,1263.080093383789,1281.3400955200195,1269.360092163086,1280.1400756835938,1313.9801063537598,1265.1600875854492,1266.320095062256
"PI(35:4),PI(O-36:4),PI(P-36:3)",1285.64009475708,1262.8000869750977,1261.6400909423828,1335.4401054382324,1289.7200889587402,1260.2000846862793,1265.240089416504,1265.180088043213
"PI(35:5),PI(O-36:5),PI(P-36:4)",1265.8400917053225,1263.4600830078125,1261.8200912475586,1265.8200988769531,1264.6000938415527,1274.900089263916,1322.460090637207,1266.3400802612305
"PI(35:6),PI(P-36:5)",1281.3400955200195,1262.260082244873,1261.2001037597656,1292.7600936889648,1279.4000854492188,1259.520092010498,1264.0000915527344,1266.380084991455
"PI(36:1),PI(O-37:1),PI(P-37:0)",1358.9600982666016,1348.0000915527344,1312.0800857543943,2204.340129852295,1992.0401306152344,1378.8201026916504,1591.6801109313965,1265.1600952148438
"PI(36:2),PI(O-37:2),PI(P-37:1)",4631.32035446167,3077.8402214050293,3398.740219116211,14678.640800476074,4186.840358734131,3697.860290527344,5402.6804122924805,1921.5001373291016
"PI(36:3),PI(P-37:2)",4185.280342102051,3591.8402519226074,2905.080192565918,11406.18060684204,8153.760684967041,4055.280227661133,5402.300445556641,1979.620140075684
PI(36:4),7182.300338745117,5490.840293884277,3804.4201889038086,11150.860946655272,16101.22106552124,4883.780277252197,8441.400478363037,2469.620204925537
PI(36:5),1436.460105895996,1368.740077972412,1361.8800926208496,1629.9801292419434,1736.8801307678225,1305.7400932312012,1576.1800994873047,1278.560089111328
PI(36:6),1278.1400985717771,1262.64009475708,1292.880100250244,1298.7000923156738,1276.7400817871094,1258.9600944519043,1265.1800918579102,1265.3200798034668
"PI(36:7),PI(35:0),PI(O-36:0)",1265.760082244873,1262.4200744628906,1260.9400787353516,1275.680088043213,1263.7200927734375,1259.740089416504,1321.6600952148438,1325.2000999450684
"PI(36:8),PI(35:1),PI(O-36:1),PI(P-36:0)",1265.2200889587402,1262.440097808838,1346.2600898742676,1266.880084991455,1272.000087738037,1259.7000999450684,1296.520092010498,1265.1400833129885
"PI(37:3),PI(O-38:3),PI(P-38:2)",1493.400089263916,1301.3201065063477,1431.0200958251953,1830.5801162719729,1401.000099182129,1441.3400955200195,1586.8601150512695,1338.9601020812988
"PI(37:4),PI(O-38:4),PI(P-38:3)",1584.8601188659668,1686.5401229858398,1411.860088348389,2275.480155944824,1486.4401054382324,1505.0401039123535,1643.0201148986816,1493.0001029968262
"PI(37:5),PI(O-38:5),PI(P-38:4)",1374.4601020812988,1307.4000968933103,1261.5801010131836,1266.2800979614258,1263.3400917053225,1260.620101928711,1264.9400939941406,1284.680088043213
"PI(37:6),PI(O-38:6),PI(P-38:5)",1277.5600814819336,1263.2400932312012,1308.4200897216797,1266.0000953674316,1307.8000946044922,1260.1000747680664,1264.500087738037,1265.960090637207
"PI(37:7),PI(P-38:6),PI(36:0),PI(O-37:0)",1307.7600860595703,1264.3000869750977,1298.7400970458984,1375.8400955200195,1275.4400939941406,1288.3400993347168,1265.4600868225098,1337.5400924682615
"PI(38:2),PI(P-39:1)",2003.0601196289065,2134.5601539611816,1847.9201316833496,3817.920299530029,3207.54020690918,1955.2001686096191,2474.900184631348,1614.4801063537598
PI(38:3),11888.420902252195,9397.42078781128,6994.980560302734,28592.04248046875,21991.42110824585,9274.20048904419,21121.44125366211,6211.340427398682
PI(38:4),44193.36301803589,46157.68330383301,34364.08278274536,172715.83779525757,111865.50644302368,38528.303150177,116519.91062545776,24881.98231887817
PI(38:5),5083.300369262695,4406.220359802246,4223.3203125,14301.78108215332,11882.42067337036,4181.340251922607,8925.160636901855,3710.640239715576
PI(38:6),1865.300148010254,1636.7801246643066,1611.820110321045,2611.5401573181152,2546.5401916503906,1584.040111541748,2145.0601539611816,1318.360088348389
"PI(38:7),PI(37:0),PI(O-38:0)",1353.9200859069824,1283.7800979614258,1273.6000900268557,1354.14009475708,1343.2800941467283,1259.5200881958008,1264.7800827026367,1266.1200942993164
"PI(38:8),PI(37:1),PI(O-38:1),PI(P-38:0)",1317.9600982666016,1263.6800918579102,1334.6600914001465,1266.4400901794434,1279.4200820922852,1258.6200904846191,1272.8400955200195,1266.5200843811035
"PI(38:9),PI(37:2),PI(O-38:2),PI(P-38:1)",1319.6800918579102,1350.540096282959,1292.3000831604004,1469.940097808838,1262.940071105957,1316.2400932312012,1392.980110168457,1272.5000953674316
"PI(39:4),PI(O-40:4),PI(P-40:3)",1750.0801277160645,1416.0601119995115,1878.8401260375977,2265.220157623291,2221.30016708374,1586.6601066589355,1513.7400932312012,1352.2201042175293
"PI(39:5),PI(O-40:5),PI(P-40:4)",1338.520092010498,1270.5200881958008,1265.7800941467283,1397.2400932312012,1449.520107269287,1260.3000831604004,1343.7800941467283,1265.0600929260254
"PI(39:6),PI(O-40:6),PI(P-40:5)",1357.440097808838,1263.240089416504,1280.9200897216797,1404.5000915527344,1331.2400817871094,1269.2800827026367,1263.840087890625,1277.160083770752
"PI(39:7),PI(P-40:6),PI(38:0),PI(O-39:0)",1265.5800895690918,1262.7600898742676,1262.3000831604004,1302.0400886535645,1284.4600944519043,1285.020092010498,1294.920078277588,1265.0000915527344
"PI(39:8),PI(38:1),PI(O-39:1),PI(P-39:0)",1298.4201011657717,1291.4800910949707,1275.7400970458984,1419.3201065063477,1286.860088348389,1287.0600852966309,1398.1000938415527,1291.3800888061523
"PI(40:1),PI(P-41:0)",1264.9800910949707,1262.8800888061523,1261.0200881958008,1335.860088348389,1263.4800910949707,1305.10009765625,1265.4400901794434,1319.5000915527344
"PI(40:10),PI(39:3),PI(O-40:3),PI(P-40:2)",1273.7001037597656,1263.6200981140137,1532.2001152038574,1682.460117340088,1509.7601051330566,1325.560089111328,1475.120101928711,1312.740077972412
PI(40:2),1318.0000915527344,1293.080093383789,1303.4801025390625,1265.4800834655762,1287.340087890625,1259.0400886535645,1280.9800758361816,1266.6600914001465
PI(40:3),1362.4200973510742,1330.4600982666016,1472.4601020812988,1797.880126953125,1447.3000984191897,1337.220085144043,1759.7801246643066,1279.480094909668
PI(40:4),2160.680149078369,2170.700164794922,2460.740131378174,3264.4802474975586,2738.4601707458496,1835.66011428833,3252.340187072754,1544.7601165771484
PI(40:5),1695.5000953674316,1843.8801460266116,2574.180187225342,2917.520179748535,3126.2002296447754,1533.0001029968262,2567.700183868408,1514.7401084899902
PI(40:6),2220.520156860352,1852.2601318359373,3337.7402687072754,4827.120323181152,3989.9803504943848,1514.7001113891602,3075.7401847839355,1450.6201057434082
"PI(40:7),PI(39:0),PI(O-40:0),PI(dO-41:0)",1392.4001007080078,1295.10009765625,1502.2401008605957,1717.2201309204102,1596.0401039123535,1384.6001091003418,1665.520118713379,1354.4200859069824
"PI(40:8),PI(39:1),PI(O-40:1),PI(P-40:0)",1265.3400840759275,1283.5600852966309,1269.760082244873,1390.080093383789,1356.0400924682615,1295.7000846862793,1488.3201179504397,1288.64009475708
"PI(40:9),PI(39:2),PI(O-40:2),PI(P-40:1)",1365.5000801086426,1298.7800979614258,1261.340087890625,1270.400089263916,1271.5200996398926,1291.840103149414,1305.560089111328,1310.3600959777832
"PI(41:5),PI(P-42:4)",1294.720085144043,1294.2400970458984,1260.5600967407229,1304.4600944519043,1314.840087890625,1258.1400909423828,1296.540096282959,1265.3800888061523
"PI(41:6),PI(O-42:6)",1264.0400924682615,1263.320095062256,1327.1400909423828,1304.0800971984863,1289.6000900268557,1259.0600776672363,1264.2800788879397,1266.200096130371
"PI(41:7),PI(P-42:6),PI(40:0),PI(O-41:0)",1264.7600784301758,1263.5800895690918,1271.940086364746,1266.8200988769531,1263.9200973510742,1257.9000854492188,1310.840087890625,1265.8200912475586
PI(42:0),1265.820087432861,1263.4800910949707,1261.3000984191897,1266.060089111328,1263.9600830078125,1258.9800834655762,1265.2800903320312,1266.4400901794434
PI(42:1),1264.9600944519043,1263.6600875854492,1261.1200904846191,1266.9000854492188,1263.2400932312012,1258.7000846862793,1265.340087890625,1266.4800910949707
"PI(42:10),PI(41:3),PI(P-42:2)",1264.620086669922,1263.1600914001465,1262.0800895690918,1269.360092163086,1278.800090789795,1260.0400924682615,1264.9800987243652,1265.4800834655762
"PI(42:11),PI(41:4),PI(O-42:4)",1315.6400871276855,1263.2400856018066,1261.800090789795,1267.2400932312012,1263.5400772094729,1259.0600929260254,1265.5200881958008,1264.8601036071775
PI(42:3),1264.4601020812988,1264.3200798034668,1261.2400817871094,1266.3600845336914,1300.680088043213,1262.900089263916,1264.5600776672363,1266.4400939941406
PI(42:4),1343.680088043213,1263.3200912475586,1274.800090789795,1266.5800819396973,1269.2000846862793,1259.9200820922852,1267.7000885009766,1265.7200927734375
PI(42:5),1265.3000946044922,1263.280086517334,1281.3200912475586,1365.6400909423828,1268.940086364746,1259.5800819396973,1312.1600914001465,1264.7000885009766
PI(42:6),1382.1800994873047,1263.1600875854492,1294.1000900268557,1311.9800834655762,1324.3000946044922,1287.1000862121582,1309.320083618164,1265.1600952148438
"PI(42:7),PI(41:0),PI(O-42:0)",1283.0400848388672,1263.380100250244,1262.600082397461,1300.560089111328,1272.5600929260254,1258.7600784301758,1264.6600875854492,1264.8000793457031
"PI(42:8),PI(41:1),PI(O-42:1),PI(P-42:0)",1300.960090637207,1263.3400917053225,1277.3400764465332,1283.9000968933103,1298.6200942993164,1259.400089263916,1264.4200897216797,1264.8000869750977
"PI(42:9),PI(41:2),PI(O-42:2),PI(P-42:1)",1265.1200790405271,1263.3800888061523,1262.4400825500488,1294.3400840759275,1283.4200859069824,1259.200096130371,1264.9200859069824,1265.4400825500488
PI(43:2),1265.0600852966309,1307.9600868225098,1260.5800971984863,1283.4600868225098,1263.5000839233398,1259.9400787353516,1316.900089263916,1264.5600929260254
PI(43:2)_2,1265.620086669922,1263.9400939941406,1262.5400848388672,1305.4200973510742,1264.3800888061523,1259.6600875854492,1265.4600830078125,1266.4200859069824
PI(43:4),1330.420093536377,1263.9400939941406,1261.7600746154783,1280.4800834655762,1263.7200927734375,1259.0400848388672,1270.180103302002,1266.7400932312012
PI(43:6),1265.020092010498,1263.1200942993164,1261.2200889587402,1266.0801010131836,1263.360092163086,1274.6200942993164,1264.8400917053225,1289.5200958251953
PI(44:0),1263.1800918579102,1261.6200904846191,1260.9200820922852,1265.6400871276855,1262.780086517334,1258.1600875854492,1263.2800903320312,1264.1800918579102
PI(44:1),1264.8600845336914,1262.4200859069824,1262.04008102417,1267.4200820922852,1264.7000923156738,1259.9800910949707,1264.7000885009766,1265.5200881958008
PI(44:10),1264.7800788879397,1263.2801055908203,1261.7600860595703,1265.6200904846191,1264.3800888061523,1259.6600799560547,1265.160099029541,1266.5000915527344
PI(44:12),1265.4800987243652,1263.0600929260254,1260.6000938415527,1265.200096130371,1263.8400917053225,1259.5000839233398,1264.920093536377,1265.8600845336914
PI(44:2),1276.1200981140137,1262.9200859069824,1261.360088348389,1266.840087890625,1264.1000900268557,1259.6600914001465,1265.5800857543943,1265.820087432861
PI(44:3),1265.54008102417,1263.0400886535645,1261.5600967407229,1266.2400817871094,1263.900089263916,1259.4400825500488,1264.6400909423828,1265.5200996398926
PI(44:5),1264.500087738037,1263.4000968933103,1261.300090789795,1266.4800910949707,1263.940086364746,1258.6000900268557,1265.0200881958008,1345.9201049804688
PI(44:6),1263.9000854492188,1263.4001007080078,1262.0401039123535,1267.380084991455,1263.5800857543943,1258.3800773620603,1265.0600852966309,1264.980094909668
"PI(44:7),PI(43:0)",1264.3400917053225,1262.3000793457031,1261.3800888061523,1267.180088043213,1263.6600875854492,1258.0400848388672,1264.5600929260254,1293.2600898742676
"PI(44:8),PI(43:1)",1277.7600936889648,1263.2800941467283,1261.000087738037,1267.3400993347168,1263.5800895690918,1259.0200881958008,1306.5001029968262,1265.380084991455
PS(24:0),1373.7000999450684,1276.5400886535645,1478.100112915039,1318.7000885009766,1374.380084991455,1497.0801048278809,1336.9400939941406,1487.0000839233398
PS(25:0),1304.6800918579102,1295.800090789795,1371.900089263916,1300.5800857543943,1510.8000984191897,1334.3400955200195,1594.5801048278809,1512.760097503662
PS(26:0),1278.0800895690918,1263.3200912475586,1349.0400886535645,1323.1000862121582,1336.040096282959,1261.060089111328,1388.4400939941406,1258.6000862121582
PS(26:1),1626.16011428833,1549.260108947754,1773.8201332092283,1424.8800964355469,1556.1401100158691,1504.000099182129,1416.760108947754,1765.2801208496094
PS(28:2),1262.1600952148438,1262.820083618164,1258.560089111328,1271.9201011657717,1297.4800987243652,1322.3000869750977,1260.7800903320312,1337.4200973510742
PS(30:3),1390.5801010131836,1344.5001029968262,1461.3001136779783,1401.460105895996,1383.8000869750977,1320.1200904846191,1316.1200904846191,1352.3800926208496
PS(30:4),1304.240089416504,1305.9401016235352,1300.780101776123,1303.6200904846191,1298.100082397461,1332.2401008605957,1302.9401016235352,1313.5600776672363
PS(31:4),1321.460090637207,1305.2000923156738,1314.380084991455,1304.5000953674316,1297.940086364746,1384.800090789795,1302.8400840759275,1415.4600982666016
PS(32:5),1304.3400917053225,1304.5800819396973,1373.8600997924805,1302.440086364746,1298.2400932312012,1299.6600875854492,1303.5800971984863,1298.920093536377
PS(34:4),1417.640106201172,1498.9601097106934,1723.640106201172,1703.9601211547852,1757.7001113891602,1641.760108947754,1445.3400955200195,1564.5201148986816
PS(34:5),1304.040096282959,1305.3400993347168,1328.1000938415527,1303.3000946044922,1319.880084991455,1379.3000984191897,1303.2200927734375,1310.280086517334
PS(36:4),9870.040641784668,6090.440402984619,15238.140892028809,5390.040378570557,15006.481426239014,13118.900745391846,12060.420867919922,8317.900588989258
PS(36:5),1728.720115661621,1414.0200996398926,1696.860107421875,1304.000087738037,1851.8401184082031,1585.7201194763184,1521.5001182556152,1490.7401161193848
PS(36:6),1322.5400924682615,1304.9200897216797,1370.1200904846191,1316.4200973510742,1365.6600875854492,1300.6600914001465,1302.980094909668,1362.440097808838
PS(38:3),12102.2008934021,6857.780456542969,21928.22183227539,6721.000526428223,15351.96072769165,16363.501159667969,17811.3814163208,14530.56100845337
PS(38:4),68294.70490646362,36806.063148498535,139604.64866638184,41769.84285354614,98450.74909210204,100425.98748016356,118327.62840652466,86489.6269607544
PS(38:5),7092.180488586426,4209.620296478272,10635.600650787354,4522.020343780518,9973.42067718506,8496.220558166504,10615.380603790283,8157.040580749512
PS(38:6),12715.920997619629,6958.580562591553,23379.28173828125,7281.860450744629,19367.70142364502,13536.18106842041,14873.961437225342,10386.840644836426
PS(40:2),1522.440113067627,1414.200096130371,1588.9801216125488,1340.0800971984863,1306.6400833129885,1491.0801048278809,1485.1601104736328,1446.8601112365725
PS(40:3),1941.360137939453,1467.2000999450684,1898.440139770508,1673.5001258850098,2101.6601524353027,2068.580142974853,2047.440158843994,1880.0201416015625
PS(40:4),5190.420394897461,3026.5201835632324,6788.640480041504,3183.920223236084,6654.300628662109,5483.020397186279,7034.800579071045,4634.4602699279785
PS(40:5),8597.720623016357,4390.900321960449,15491.841094970703,5953.540428161621,12795.64068222046,11758.70078277588,12724.221004486084,8311.680477142334
PS(40:6),38058.6626739502,18609.981552124023,85273.78581619263,22757.261627197266,53463.103061676025,59187.82410812378,70353.78555297852,39060.24225997925
PS(42:0),1357.580093383789,1304.360088348389,1338.940086364746,1328.4000968933103,1325.1600875854492,1365.2600936889648,1337.5800971984863,1313.420093536377
PS(42:2),1393.4200897216797,1371.3600959777832,1422.380100250244,1412.700096130371,1374.0401000976562,1425.2001037597656,1759.4201316833496,1465.4801025390625
PS(42:3),1327.540096282959,1450.3001136779783,1395.4600982666016,1303.9600868225098,1420.7200965881348,1482.5401039123535,1620.360122680664,1412.3000984191897
PS(42:4),1307.9600830078125,1337.1400985717771,1442.480094909668,1326.560089111328,1381.0200996398926,1340.2200927734375,1374.2600936889648,1363.2800941467283
PS(42:5),1789.080135345459,1525.0001068115234,2073.2201385498047,1540.040111541748,1754.9801292419434,1745.1001205444336,1677.360107421875,1798.340129852295
PS(42:6),2048.540138244629,1626.1201171875,2822.2001914978027,1621.3801155090332,1978.3401489257808,1734.9801292419434,2190.0601806640625,2142.1201515197754
PS(43:0),1346.120101928711,1304.1600952148438,1372.4000968933103,1303.3601036071775,1344.8600997924805,1338.2400932312012,1345.5400886535645,1299.4600982666016
PS(43:1),1303.320083618164,1306.2800903320312,1352.6000900268557,1303.8000946044922,1298.4200897216797,1333.6400833129885,1410.5801048278809,1369.3200988769531
PS(43:4),1304.3400955200195,1305.4800987243652,1351.860092163086,1303.6400871276855,1365.6800918579102,1299.6600914001465,1303.240089416504,1334.220100402832
PS(43:6),1304.04008102417,1344.7600936889648,1362.3600997924805,1303.5000953674316,1309.460090637207,1327.7400932312012,1302.800090789795,1338.340087890625
PS(44:0),1337.9000968933103,1303.8600959777832,1300.2200889587402,1300.9800834655762,1296.760082244873,1321.920093536377,1325.120086669922,1298.6400871276855
PS(44:1),1305.06010055542,1305.360088348389,1328.880084991455,1304.2000999450684,1422.9000930786133,1324.3000831604004,1372.4400939941406,1319.6800842285156
PS(44:10),1303.460090637207,1341.4201049804688,1380.5200958251953,1319.6600914001465,1392.8800926208496,1329.7600898742676,1302.9200897216797,1317.660083770752
PS(44:12),1303.6000862121582,1305.2600936889648,1301.720100402832,1303.4000930786133,1354.8800888061523,1299.2200889587402,1325.2400932312012,1334.420093536377
PS(44:2),1304.0800819396973,1307.0801010131836,1483.180103302002,1340.1800994873047,1335.860088348389,1331.980094909668,1423.0001068115234,1459.2001037597656
PS(44:4),1303.7400932312012,1305.2000999450684,1432.5601119995115,1329.4000930786133,1355.960090637207,1426.1600914001465,1377.180103302002,1365.7000885009766
PS(44:5),1372.6800994873047,1305.1600914001465,1446.1801071166992,1303.8600959777832,1364.60009765625,1333.2200736999512,1381.3201026916504,1299.6200904846191
PS(44:6),1348.1600914001465,1305.700096130371,1408.0800971984863,1322.6601066589355,1344.9600830078125,1299.720085144043,1338.1200828552246,1312.3000831604004
PS(O-28:0),1261.1600875854492,1262.5200881958008,1299.0200958251953,1262.0800857543943,1358.0800895690918,1328.2800903320312,1260.000087738037,1296.920093536377
PS(O-29:0),2092.020168304444,2177.7801628112798,3599.8402786254883,1786.760124206543,2502.56018447876,2223.940170288086,3154.8401794433594,3652.980239868164
PS(O-30:0),1307.2200965881348,1373.2400932312012,1302.4401054382324,1320.240089416504,1299.160083770752,1299.3600845336914,1369.880111694336,1349.3200798034668
PS(O-31:0),1338.1600914001465,1317.0000915527344,1334.940097808838,1304.0600814819336,1298.9200859069824,1300.440086364746,1377.0401077270508,1312.8400840759275
PS(O-32:0),1328.5400886535645,1305.1200904846191,1301.3000869750977,1382.280101776123,1365.160083770752,1334.180103302002,1399.7601051330566,1344.520107269287
PS(O-33:0),1457.7001037597656,1322.4200973510742,1541.1401023864746,1318.6001014709473,1470.5601081848145,1556.8801040649414,1513.9601135253906,1578.7401123046875
PS(O-34:0),1402.780101776123,1352.5400848388672,1406.840087890625,1317.4800987243652,1297.940086364746,1312.4200897216797,1333.9400939941406,1318.000087738037
PS(O-35:0),1369.840103149414,1305.0000953674316,1611.6601066589355,1459.180103302002,1498.1401138305664,1845.3201293945312,1573.9001159667969,1361.4400939941406
PS(O-36:0),1325.0800971984863,1305.1000862121582,1358.7600936889648,1303.7400970458984,1381.9000854492188,1307.6000900268557,1365.1401023864746,1340.9800872802734
PS(O-37:0),1569.2601165771484,1368.3600997924805,1885.0401420593264,1384.9201011657717,1605.8600997924805,1548.1401100158691,1575.360107421875,1890.060115814209
PS(O-38:0),1357.320095062256,1409.660099029541,1759.5401420593262,1499.8201141357422,1860.4001350402832,1516.9801025390625,1453.4600982666016,1591.1800956726074
PS(O-39:0),1326.4400901794434,1311.760097503662,1465.1600952148438,1357.7400932312012,1449.6601066589355,1306.4000816345217,1534.6801147460938,1359.040096282959
PS(O-40:0),3426.9002532958984,1876.840145111084,5892.10041809082,2429.840187072754,5053.6003074646,4389.4602394104,4336.200366973877,3645.1002655029297
PS(O-41:0),1303.9600944519043,1304.1400909423828,1300.9400939941406,1331.260097503662,1390.2800750732422,1315.760082244873,1302.900089263916,1360.5200996398926
PS(O-42:0),1604.2401084899902,1426.380107879639,1880.0201377868648,1470.3201179504397,1853.0201377868648,1914.64013671875,1862.2201499938965,1680.2601203918457
PS(O-42:4),1346.1400985717771,1341.9200859069824,1363.0600967407229,1311.320087432861,1366.3800964355469,1371.840103149414,1313.2600898742676,1381.14009475708
PS(O-42:6),1644.9601249694824,1466.0001068115234,2186.420150756836,1671.2801246643066,1871.8601417541504,2142.2001609802246,1626.9801216125488,1719.5601043701172
PS(P-28:0),1261.8000869750977,1263.8400840759275,1315.6400909423828,1261.5401000976562,1336.2000923156738,1274.7200927734375,1261.2200927734375,1315.5200958251953
PS(P-29:0),1263.3201026916504,1262.7800903320312,1348.740104675293,1260.960105895996,1284.5000953674316,1302.200107574463,1260.3800926208496,1302.940097808838
PS(P-30:0),1342.0801010131836,1305.3000984191897,1373.3000984191897,1326.2800941467283,1342.5400924682615,1358.2600898742676,1307.8400917053225,1390.2400970458984
PS(P-30:1),1261.880100250244,1296.7600936889648,1392.8601036071775,1267.820083618164,1282.0400886535645,1257.1600914001465,1260.9000930786133,1472.3200912475586
PS(P-31:0),1318.0201034545898,1305.1400909423828,1301.7400932312012,1304.1800918579102,1373.64009475708,1307.900089263916,1344.860088348389,1351.2400856018066
PS(P-31:1),1552.560115814209,1592.920108795166,1755.6401176452637,1555.9601135253906,1618.480110168457,1534.980110168457,1519.3001022338867,1722.100112915039
PS(P-32:0),1328.7800903320312,1348.260097503662,1302.8800964355469,1302.9400901794434,1314.2600936889648,1300.8800888061523,1302.8000869750977,1318.2400932312012
PS(P-32:1),1303.8000831604004,1306.2200927734375,1334.6001052856443,1323.580093383789,1307.540096282959,1328.4000930786133,1344.3800926208496,1346.5800971984863
PS(P-33:0),1303.9000854492188,1306.5400848388672,1431.260097503662,1304.3000946044922,1450.4800872802734,1361.6001052856443,1326.840103149414,1388.0401039123535
PS(P-33:1),1575.0601081848145,1492.2401084899902,1700.8601188659668,1479.7001152038574,1502.9401016235352,1508.3201026916504,1411.1201095581057,1730.220127105713
PS(P-33:2),1305.10009765625,1323.7400970458984,1374.3600959777832,1303.6001052856443,1298.500087738037,1323.780101776123,1330.7000923156738,1301.6800956726074
PS(P-34:0),1332.940097808838,1421.4201011657717,1302.0600814819336,1383.4600944519043,1298.8600845336914,1338.580093383789,1347.300090789795,1300.0000915527344
PS(P-34:1),1304.10009765625,1304.360092163086,1302.2200889587402,1303.240089416504,1297.240089416504,1299.1600875854492,1303.0000953674316,1378.0401039123535
PS(P-34:2),1330.5000915527344,1305.4000930786133,1316.10009765625,1303.9600830078125,1317.000087738037,1330.6600914001465,1303.6600914001465,1300.10009765625
PS(P-34:3),1353.5400924682615,1347.3400955200195,1355.5801048278809,1302.820087432861,1349.4801025390625,1300.0000801086426,1302.8400993347168,1320.4000816345217
PS(P-34:4),1348.200096130371,1305.2000885009766,1328.2800903320312,1305.1000938415527,1316.360088348389,1298.8400802612305,1303.520092010498,1301.9200897216797
PS(P-35:0),1788.0401153564453,1515.0801124572754,2189.700149536133,1577.6601066589355,1759.1401138305664,2304.020149230957,2346.660171508789,1692.3001327514648
PS(P-35:1),1834.900127410889,1596.9801025390625,2401.380172729492,1486.700122833252,2310.0601921081543,2472.4601440429688,1843.420124053955,1780.800121307373
PS(P-35:2),1475.6800994873047,1519.0601081848145,1904.360122680664,1665.7201080322266,1642.9801063537598,1596.700122833252,1418.2000923156738,1717.7201118469238
PS(P-36:0),1549.9801177978516,1469.3001136779783,1708.8601303100586,1476.3400993347168,1728.360107421875,1606.3801193237305,1498.9201011657717,1712.440128326416
PS(P-36:1),1420.7400970458984,1343.6200942993164,1383.220100402832,1350.6001014709473,1408.2401084899902,1448.3001022338867,1333.740089416504,1318.100082397461
PS(P-36:2),1303.900089263916,1304.980094909668,1301.0600852966309,1303.960105895996,1326.8400955200195,1329.9000854492188,1324.1600875854492,1360.3000946044922
PS(P-36:3),1304.4400939941406,1350.8800964355469,1368.2200927734375,1303.3800735473633,1424.06010055542,1312.5400886535645,1303.5000915527344,1353.8600845336914
PS(P-36:4),1318.3600997924805,1305.0200843811035,1329.4600944519043,1322.9600944519043,1377.3600845336914,1347.900089263916,1303.1401100158691,1378.7601051330566
PS(P-36:5),1303.5400848388672,1303.720085144043,1301.6400909423828,1304.0801010131836,1318.7600898742676,1299.120086669922,1346.2400932312012,1300.0200958251953
PS(P-37:0),4830.660377502441,3564.460289001465,6396.82052230835,3124.4802284240723,6142.240463256836,8211.56061553955,5327.420314788818,5981.120372772217
PS(P-37:1),5498.040336608887,4252.660293579102,9258.3607711792,3841.8803482055664,9214.380653381348,8868.120532989502,7612.160610198975,6014.520442962647
PS(P-37:2),2928.060165405273,2182.0601387023926,3408.0802040100098,2188.500156402588,3379.2002334594727,3341.180282592773,2832.920192718506,2340.120189666748
PS(P-38:0),1304.1000862121582,1396.160099029541,1339.3200988769531,1303.860080718994,1420.5400924682615,1306.6000900268557,1306.6401023864746,1345.7000885009766
PS(P-38:1),1344.5000953674316,1436.880100250244,1513.1200981140137,1303.6200981140137,1434.8800926208496,1576.6401023864746,1304.560089111328,1423.5400924682615
PS(P-38:2),1425.4601020812988,1398.6401023864746,1609.8600959777832,1375.760108947754,1514.720115661621,1523.4600982666016,1520.920108795166,1484.2800979614258
PS(P-38:3),1707.2201309204102,1802.0001068115237,2836.060203552246,1942.8401374816892,2525.7201766967773,2291.660148620605,2462.0001831054688,1842.7401275634768
PS(P-38:4),1303.4601020812988,1365.860092163086,1302.5200958251953,1308.6400909423828,1378.200096130371,1325.6200828552246,1341.440097808838,1375.9000854492188
PS(P-38:5),1303.2401008605957,1305.9600868225098,1320.5600929260254,1315.9000854492188,1351.500099182129,1299.2200889587402,1366.5000915527344,1318.1000900268557
PS(P-39:0),1355.1200904846191,1332.56010055542,1858.300136566162,1424.6201133728027,1441.7800903320312,1795.0001182556152,1479.9400939941406,1666.7801055908203
PS(P-39:1),2254.0601806640625,2049.0401306152344,3048.3801803588867,1569.200107574463,1856.980117797852,2786.8201904296875,2683.500175476074,1754.380126953125
PS(P-40:0),1599.920108795166,1441.7200927734375,1692.4401168823242,1398.8000946044922,1515.5600967407229,1860.3401222229004,1518.9201126098633,1419.9401016235352
PS(P-40:1),1535.6601104736328,1324.3200912475586,1643.0601272583008,1329.5200881958008,1455.380100250244,1500.6001091003418,1489.6400985717771,1562.600112915039
PS(P-40:2),1421.9000930786133,1370.280101776123,1871.120140075684,1383.3801040649414,1342.2200813293457,1470.9600944519043,1538.2801208496094,1530.7601127624512
PS(P-40:3),1783.5601234436035,1994.2801246643064,2902.6602058410645,1714.6401252746582,2461.6001625061035,2598.6201934814453,2640.260204315185,1955.7801322937007
PS(P-40:4),1527.8401107788086,1453.7200965881348,1501.0001029968262,1473.0800971984863,1436.1800804138184,1447.0201034545898,1623.1201133728027,1535.1201057434082
PS(P-40:5),1825.280117034912,1367.7200889587402,1724.900119781494,1720.0401306152344,1709.740104675293,2301.50016784668,1924.7201499938965,1766.3801155090332
PS(P-41:0),1333.500087738037,1377.040096282959,1371.9000968933103,1513.5001029968262,1431.340103149414,1597.2201118469238,1471.5601043701172,1466.5401000976562
PS(P-42:0),1444.180103302002,1328.4400901794434,1707.9201164245603,1385.840103149414,1532.2000999450684,1630.7401161193848,1639.020107269287,1435.5601119995115
PS(P-42:1),1755.1201248168943,1490.5201034545898,1875.8801307678225,1689.900127410889,1580.380107879639,1668.3001022338867,1591.9401054382324,1575.620101928711
PS(P-42:2),1511.6200981140137,1370.1800994873047,1429.9401092529297,1387.7800979614258,1383.8400917053225,1407.0600929260254,1358.5000915527344,1378.1601028442385
PS(P-42:4),1476.7201042175293,1314.4200859069824,1488.60009765625,1314.260082244873,1393.8800926208496,1515.0200958251953,1427.8400955200195,1359.900089263916
SM(d16:0/14:0),1294.620086669922,1332.3201141357422,1533.420108795166,1409.9400939941406,1385.9200973510742,2110.9201278686523,1314.7600898742676,1357.3401107788086
SM(d16:0/16:0),1359.520092010498,1591.4801025390625,1718.2601318359375,1425.180088043213,1384.1600952148438,1952.5001182556152,1481.3401107788086,1264.660083770752
SM(d16:0/18:0),10922.221004486084,22296.38158416748,12753.440662384031,21920.34162139893,8197.060523986816,22039.08211898804,16583.500999450684,9451.000606536863
SM(d16:0/20:0),51300.98272323608,88577.20538330078,31253.901752471924,49089.62300109863,32461.462020874023,97029.7649230957,58126.52303695679,30179.98289871216
SM(d16:0/22:0),496163.6357879639,424824.2308883667,389615.18394470215,532681.1079711914,305392.6849517822,1054508.4699401855,651865.2981567383,317521.8850097656
SM(d16:0/23:0),6076.380554199219,5029.260303497314,6419.640537261963,8635.6005859375,4483.280467987061,13505.38090133667,6991.820419311523,2825.800193786621
SM(d16:0/24:0),78894.36433029175,186291.1160888672,85628.64817047119,134257.2707824707,54285.96474838257,157252.08834838867,144707.23332214355,72528.80512619019
SM(d16:0/25:0),7042.620555877686,12744.560646057129,8663.52087020874,15111.261177062988,5254.240409851074,13790.54080581665,10186.120948791504,5277.520355224609
SM(d16:1/16:0),1343.7400932312012,1653.7601127624512,1699.700122833252,2144.0601348876958,1296.1600875854492,2724.180149078369,2018.580135345459,1764.4401321411133
SM(d16:1/17:0),3184.820274353028,5633.880252838135,4746.120307922363,4615.040332794189,2286.900135040283,5880.980457305908,4372.340351104736,2736.800148010254
SM(d16:1/18:0),73167.46678543091,182884.91222763064,91751.34780883788,164135.0895690918,56934.68423080444,202649.97469711304,129765.19009017944,78344.5852470398
SM(d16:1/18:1),2886.66015625,5967.040378570557,3096.6202278137207,5108.960433959961,2180.76016998291,4369.74036026001,3576.3403396606445,2496.020221710205
SM(d16:1/20:0),19396.140869140625,43381.96249008179,20447.821701049805,36792.343032836914,15171.260772705078,52913.66332626343,28269.062545776367,18635.621646881104
SM(d16:1/20:1),1991.1201629638672,2611.8601722717285,2246.3401947021484,2803.2201805114746,2264.66015625,3416.480262756348,2290.5801277160645,1859.100154876709
SM(d16:1/22:0),806980.4115371704,1441284.0420074463,1417292.7565460205,2448792.667671204,880157.4642333984,2914326.913848877,1626442.6066055298,790156.4576721191
SM(d16:1/22:1),91873.36743545532,99874.04643249512,89259.38563156128,192948.4113006592,63702.1256980896,199668.79847335813,126781.10614395142,33857.44202041626
SM(d16:1/23:0),21653.10146713257,18484.62167739868,22076.46128463745,40706.04186630249,13302.82113647461,28147.861373901367,17877.621086120605,13902.840831756592
SM(d16:1/24:0),678540.8877868652,1737608.8447265625,771783.1389503479,1503312.6808052063,477101.34518814087,1371244.761054993,1140317.084526062,565500.4872665405
SM(d16:1/24:1),428810.7619171143,955984.3542747498,523994.7134170532,873049.8187904358,319205.7307167053,903785.9714775084,729140.1676483154,348374.65015792847
SM(d16:1/25:0),40556.10334777832,85629.92533493042,41223.522705078125,85675.52557754517,24567.98260116577,75506.38444137573,53700.78500366211,26560.522148132324
SM(d17:0/27:0),28213.24147415161,66960.9460029602,15902.56088256836,76815.24559020996,18022.761016845703,46317.563747406006,37473.68285751343,23600.521884918213
SM(d17:1/24:1),10193.36057662964,22273.82147216797,13362.200908660889,23998.101833343502,7394.980518341064,25759.621673583984,18062.46148300171,8909.100620269775
SM(d17:1/26:1),3158.000289916992,4959.700466156006,3560.900287628174,6111.300468444824,2359.30020904541,6315.5805740356445,3645.660217285156,2749.5001640319824
SM(d18:0/13:0),1136.940071105957,1214.7400856018066,1382.60009765625,1358.7400970458984,1129.5800857543943,1440.140079498291,1409.4001007080078,1124.5600776672363
SM(d18:0/15:0),1309.760097503662,1860.5801429748533,2047.2001304626465,1497.4601135253906,1382.1801147460938,1742.080135345459,1524.0601119995115,1773.0200958251953
SM(d18:0/17:0),3034.4201889038086,4527.860363006592,2326.820156097412,4138.040302276611,2235.900184631348,5713.940536499023,3450.940284729004,2256.760154724121
SM(d18:0/24:0),79560.32584381104,159228.47156143188,105107.3064842224,178571.15314483643,54638.50336456299,131172.13041305542,81945.54514312744,48454.02393722534
SM(d18:0/24:1),116366.62847137453,245791.418926239,123026.72496032716,231772.64193725583,79138.18510818481,194942.351890564,136137.76929092407,68417.84549713135
SM(d18:0/26:1(17Z)),22058.241176605225,46627.26223754883,31541.50273895264,53557.46223831177,17181.861213684082,34575.78218460083,29639.621990203857,18024.5813331604
SM(d18:1/12:0),1143.3800773620603,1129.5400733947754,1251.800067901611,1253.5200843811035,1124.8800773620603,1755.1401405334473,1162.4800834655762,1229.820083618164
SM(d18:1/17:0),2338.160167694092,3798.8002586364746,1945.160140991211,3138.0602493286133,2283.500175476074,4603.200325012207,2379.000141143799,2423.4801635742188
SM(d18:1/19:0),8364.920608520508,10325.62088394165,9476.400588989258,18821.081352233887,5161.720363616943,19047.981170654297,8460.580535888672,5258.080352783203
SM(d18:1/24:1(15Z)),212381.33361053467,497445.1773986816,284032.5225753784,473732.0510597229,152981.61320114136,438217.7210083008,353557.6255493164,168425.23291778564
SM(d18:1/25:0),6512.4206199646,11311.120929718018,6508.260643005371,12584.420864105225,4088.84029006958,9228.020790100098,6135.980514526367,4425.260269165039
SM(d18:1/26:1(17Z)),41083.62327194214,107543.62648773192,32835.142208099365,124206.70540618896,32102.202297210693,78851.46682739258,66246.76421737671,28222.90232849121
SM(d18:2/14:0),1151.180088043213,1414.9401092529297,1225.5000839233398,1191.200080871582,1119.2600784301758,1464.56010055542,1138.9800834655762,1100.3200759887695
SM(d18:2/15:0),1236.4000854492188,1157.0000686645508,1402.9401016235352,1267.9800834655762,1278.3400993347168,1291.1800994873047,1202.9600715637207,1148.0400772094729
SM(d18:2/18:1),1284.7400970458984,1118.500072479248,1245.5600852966309,1354.7800979614258,1370.4401016235352,1564.780117034912,1312.3800811767578,1213.080078125
SM(d18:2/20:1),6553.640449523926,12191.480499267578,6262.800296783447,11193.981086730955,3226.260242462158,12743.540798187256,8507.160499572754,4875.120399475098
SM(d18:2/21:0),5107.780353546143,5535.50036239624,7517.860607147217,11434.36067199707,4364.540306091309,15893.30082321167,9111.060794830322,5267.080337524414
SM(d18:2/22:1),821275.1244697571,2180288.9462661743,1230920.064994812,2038189.78232193,610038.1510848999,1841048.0142364504,1592832.6618804932,562491.0270309448
SM(d18:2/24:1),381750.7416725159,1087277.3921661377,599992.2380752563,1145094.314716339,289076.48976516724,829290.0760650635,934970.3400802612,360352.8722686768
[TG(37:0)]_FA14:0,1170.4000816345217,1032.8200721740725,1099.4600715637207,1012.1600723266602,1243.1000862121582,1081.4200744628906,1114.880084991455,1111.320083618164
[TG(37:0)]_FA16:0,1283.4600944519043,1359.3600997924805,1241.2200813293457,1272.360092163086,1490.8600997924805,1154.2600784301758,1112.7600784301758,1070.6400718688965
[TG(37:0)]_FA18:0,990.7400665283204,1227.6200904846191,1026.5600662231443,981.2000732421876,985.2000732421876,1069.0400733947754,970.3400688171388,1014.2800674438477
[TG(38:0)]_FA14:0,1306.0400848388672,1316.2400970458984,1234.6000900268557,1557.1601181030271,1557.9801292419434,1456.280101776123,1671.0801162719729,1406.3601036071775
[TG(38:0)]_FA16:0,2643.3001823425293,2252.440155029297,2242.920150756836,2995.580192565918,2907.4001998901367,1395.0200805664062,1404.5201034545898,1361.5800971984863
[TG(38:0)]_FA18:0,1038.9200706481934,1333.0401077270508,1285.9400901794434,1210.5400848388672,977.4800682067872,1296.640106201172,1192.7800827026367,1092.4000778198242
[TG(38:1)]_FA14:0,1029.8200645446775,1051.600082397461,1073.8800773620603,993.4400787353516,1144.9000816345217,1039.8800773620603,1036.380069732666,1000.4000663757324
"[TG(38:1)]_FA16:0 | DG(40:8),DG(39:1)_C16:0",2084.340156555176,2611.9201698303223,2106.980140686035,2461.980155944824,3004.2601928710938,3620.08024597168,2078.000160217285,1912.9201354980469
"[TG(38:1)]_FA16:0 | DG(40:8),DG(39:1)_C16:0",1244.6000862121582,1857.3801345825195,1689.680118560791,1912.380123138428,1964.7601432800293,1116.9400787353516,1190.5600967407229,1154.7200927734375
"[TG(38:1)]_FA16:1 | DG(40:8),DG(39:1)_C16:1",1925.6601181030276,2123.980155944824,2009.420146942139,2115.020133972168,2360.440174102783,1999.9601364135744,2208.440155029297,2041.460147857666
"[TG(38:1)]_FA16:1 | DG(40:8),DG(39:1)_C16:1",1097.2000770568848,1106.6400680541992,1149.9800834655762,1087.2000846862793,1084.9400787353516,1052.8000717163086,1072.5400772094729,1169.620086669922
"[TG(38:1)]_FA18:0 | DG(40:8),DG(39:1)_C18:0",1879.5201377868648,1892.9001159667969,1754.3401184082031,2016.280128479004,2013.5001373291016,2308.800178527832,1734.0601196289062,1716.5601081848145
"[TG(38:1)]_FA18:0 | DG(40:8),DG(39:1)_C18:0",987.7800712585448,971.6800651550292,996.6000785827636,974.1800689697266,967.4200630187988,1036.360080718994,1019.740077972412,1028.4800758361816
"[TG(38:1)]_FA18:1 | DG(40:8),DG(39:1)_C18:1",2470.040168762207,2024.8001518249512,3169.100246429444,2442.060165405273,4064.1603202819824,2492.760166168213,2449.1401596069336,2302.58016204834
"[TG(38:1)]_FA18:1 | DG(40:8),DG(39:1)_C18:1",1351.080093383789,1105.7200736999512,1086.040069580078,1449.520092010498,1135.300075531006,1105.680088043213,1091.0800704956057,1084.600067138672
[TG(39:0)]_FA14:0,1092.8800773620603,1148.0600852966309,1142.800075531006,1161.7400856018066,1157.840068817139,1181.1000862121582,1102.7600784301758,1013.8000717163086
[TG(39:0)]_FA16:0,1468.660083770752,1614.0601081848145,1663.3601036071775,1745.060131072998,1514.840103149414,1219.2600860595703,1201.240089416504,1240.5800819396973
[TG(39:0)]_FA18:0,970.6600761413574,982.4400672912598,1032.600082397461,1022.5800743103028,1089.3200759887695,1146.320083618164,1063.180076599121,973.3600692749023
[TG(39:1)]_FA14:0,973.0800666809082,1048.5400581359863,999.0400772094728,1029.4200706481934,971.040069580078,1065.9200820922852,971.6200714111328,1006.0600662231444
[TG(39:1)]_FA16:0,1320.1600875854492,1173.980079650879,1306.980094909668,1463.8000984191897,1524.0401077270508,1146.780071258545,1041.1200637817385,1084.5800704956057
[TG(39:1)]_FA16:1,1052.1800689697266,1110.500072479248,1109.660083770752,1058.0200729370115,1051.0000801086426,1234.6600799560547,1124.1000785827637,1049.720069885254
[TG(39:1)]_FA18:0,971.1800651550292,988.8600578308104,1000.7200622558594,1047.2600746154783,1000.2800674438477,969.1600646972656,1068.1400756835938,972.500057220459
[TG(39:1)]_FA18:1,1318.260097503662,1075.580062866211,1172.3000793457031,1069.9400634765625,1295.6400871276855,1081.9400672912598,1165.9000816345217,1193.6400833129885
[TG(40:0)]_FA14:0,1189.0200881958008,1054.9800834655762,1153.0600814819336,1336.440097808838,1650.8801155090332,1557.300106048584,1794.4201316833496,1358.3400955200195
[TG(40:0)]_FA16:0,2276.8601684570312,2012.400146484375,2433.5601806640625,2701.1801986694336,2195.700157165528,1046.5000686645508,1343.4801025390625,1330.6400871276855
[TG(40:0)]_FA18:0,1138.5800666809082,1053.940071105957,1163.4600715637207,1082.0800743103027,1072.5400733947754,1012.8000717163086,1075.080078125,1032.500072479248
[TG(40:1)]_FA14:0,1037.840072631836,973.4400672912598,1221.7200927734375,1113.3600730895996,1075.2800788879397,1053.1800842285156,1028.5600776672363,1017.4000816345216
[TG(40:1)]_FA16:0,1052.1800689697266,1150.860088348389,1202.3000793457031,1229.5200805664062,1271.9600868225098,1001.6600685119628,1016.1600799560548,1159.300067901611
[TG(40:1)]_FA16:1,1122.6800842285156,1146.540069580078,1094.9600715637207,1053.5600776672363,1050.5600700378418,1052.5400772094729,1052.4600715637207,1106.7200813293457
[TG(40:1)]_FA18:0,970.940071105957,1009.9400596618652,1077.7000885009766,1121.1000900268557,1067.4200859069824,1163.7200736999512,1084.0000801086426,989.5000686645508
[TG(40:1)]_FA18:1,1366.8000984191897,1138.6600761413574,1407.9200973510742,1196.440086364746,1287.740077972412,1137.0600662231443,1269.4000930786133,1147.6200828552246
[TG(40:2)]_FA14:0,1060.5800704956057,990.3200759887696,1002.9400672912598,1045.4800720214844,1092.8800582885742,986.6800689697266,1014.5000648498536,1041.6800842285156
[TG(40:2)]_FA16:0,1194.240077972412,1181.2200813293457,1293.3800773620603,1144.1400718688965,1765.020118713379,979.980052947998,1015.820068359375,1007.3000717163086
[TG(40:2)]_FA16:1,1075.2000732421875,1169.420078277588,1046.4400672912598,1183.2400817871094,1163.8000793457031,1135.7800827026367,1119.4000854492188,1067.8000869750977
[TG(40:2)]_FA18:0,1031.560073852539,970.6600685119628,1056.5600814819336,1015.4400749206544,1004.2800750732422,990.7200622558594,1020.6800689697266,992.080078125
[TG(40:2)]_FA18:1,1736.7001266479492,1439.740104675293,1563.2801055908203,1669.2401161193848,2085.580139160156,1242.6800804138184,1394.980110168457,1386.3400993347168
[TG(40:2)]_FA18:2,1537.7201118469238,1731.260124206543,1740.5201263427734,1299.3600845336914,1634.340114593506,1533.240104675293,1375.2800979614258,1207.580078125
[TG(41:0)]_FA14:0,1394.8000831604004,1264.900089263916,1206.360092163086,1192.4000854492188,1280.7400932312012,1218.3400802612305,1430.820110321045,1214.9400939941406
[TG(41:0)]_FA16:0 | DG(42:0)_C16:0,2138.160140991211,2523.780170440674,2246.7601585388184,2109.3201484680176,1858.8601150512693,2313.260166168213,2165.460159301758,1996.4401359558103
[TG(41:0)]_FA16:0 | DG(42:0)_C16:0,1355.8400840759275,1728.0801429748535,1601.4401168823242,1352.60009765625,1265.9001007080078,1131.5200805664062,1094.8200721740725,1122.5000762939453
[TG(41:0)]_FA18:0 | DG(42:0)_C18:0,1803.6001205444336,1785.360126495361,1846.1201210021973,1825.4801330566409,1955.4601402282717,1973.580139160156,1902.6201438903809,1782.6401329040527
[TG(41:0)]_FA18:0 | DG(42:0)_C18:0,970.9000663757324,1051.6800651550293,1024.840072631836,1024.5000762939453,1005.7800674438477,983.8000679016112,1188.1600952148438,1061.020076751709
[TG(41:1)]_FA14:0,973.6200675964355,973.820068359375,1040.8400917053225,980.800075531006,1007.6200714111328,970.8200607299804,1005.7200813293456,1023.7600784301758
[TG(41:1)]_FA16:0,1097.8000793457031,998.3600730895996,964.7800674438477,972.800064086914,1030.3000793457031,961.0600662231444,1115.4400787353516,961.6800689697266
[TG(41:1)]_FA16:1,1110.640079498291,1046.500072479248,1114.400074005127,1124.900074005127,1094.2800750732422,1153.1000747680664,1080.8800811767578,1069.7000694274902
[TG(41:1)]_FA18:0,1053.920078277588,1041.8800773620603,970.260066986084,1210.0800895690918,992.6000709533693,1073.8200759887695,969.3000717163086,977.5600776672364
[TG(41:1)]_FA18:1,1138.7200813293457,1241.320095062256,1104.5800704956057,1096.8600769042969,1132.1200828552246,1105.4200859069824,1049.1400680541992,1066.680076599121
[TG(41:2)]_FA14:0,1007.9800758361816,993.0600738525392,1001.6400718688964,973.5600700378418,1011.8200759887696,989.6000747680664,992.740077972412,996.940071105957
[TG(41:2)]_FA16:0,1046.760066986084,1201.000099182129,1105.7400741577148,1038.9000701904297,1116.320095062256,1096.0400848388672,989.720069885254,992.0800704956056
[TG(41:2)]_FA16:1,1174.3800888061523,1107.3600769042969,1135.580078125,1096.0600700378418,1049.920066833496,1134.1200904846191,1085.2800788879397,1176.680076599121
[TG(41:2)]_FA18:0,970.9800643920898,987.340072631836,970.7800788879396,993.5800704956056,968.4600677490234,968.6800689697266,1016.720085144043,998.0400733947754
[TG(41:2)]_FA18:1,1518.9401054382324,1128.1000785827637,1184.3600845336914,1219.7200889587402,1397.5800895690918,1141.900074005127,1147.820083618164,1092.8800735473633
[TG(41:2)]_FA18:2,1220.4800758361816,1287.2800903320312,1311.860088348389,1230.0400772094729,1370.3601036071775,1203.180076599121,1216.8800773620603,1099.7800788879397
[TG(42:0)]_FA14:0,1598.000114440918,1358.2401008605957,1605.6601066589355,1606.1601371765137,1934.1401252746584,1515.700122833252,1938.400131225586,1479.1001014709473
"[TG(42:0)]_FA16:0 | DG(44:7),DG(43:0)_C16:0",2310.8601684570312,3784.420272827149,2396.06014251709,2998.3802185058594,2601.5401916503906,3233.9802169799805,2695.580181121826,2381.440158843994
"[TG(42:0)]_FA16:0 | DG(44:7),DG(43:0)_C16:0",2542.5202140808105,2424.500175476074,2371.200187683105,3077.200206756592,2646.180191040039,1386.8400917053225,1283.2800979614258,1324.7600936889648
"[TG(42:0)]_FA18:0 | DG(44:7),DG(43:0)_C18:0",2005.860134124756,2040.460147857666,2103.500160217285,2007.480136871338,2041.200134277344,1960.8201217651367,1999.6201362609863,1755.440113067627
"[TG(42:0)]_FA18:0 | DG(44:7),DG(43:0)_C18:0",1085.820083618164,1150.1200828552246,1170.8000793457031,1046.680076599121,1146.5400848388672,1054.9600677490234,1181.2800827026367,1051.5000762939453
[TG(42:1)]_FA14:0,1079.2000846862793,1047.100067138672,1097.3600769042969,1078.4600830078125,1187.080078125,984.2200622558594,1105.000072479248,1064.380084991455
"[TG(42:1)]_FA16:0 | DG(44:8),DG(43:1)_C16:0",1815.2001457214355,1804.54012298584,1892.1601371765137,1837.5001373291016,1751.9401168823242,1944.9601440429688,1886.800136566162,2015.440116882324
"[TG(42:1)]_FA16:0 | DG(44:8),DG(43:1)_C16:0",1146.0400848388672,1069.2800788879397,1109.400074005127,1090.380069732666,1326.1401023864746,982.2800674438477,1006.6600761413574,1144.3400802612305
"[TG(42:1)]_FA16:1 | DG(44:8),DG(43:1)_C16:1",2029.9401359558103,2066.4801483154297,2036.900146484375,2110.0201416015625,2283.780143737793,2017.0401306152344,1999.120140075684,2285.820140838623
"[TG(42:1)]_FA16:1 | DG(44:8),DG(43:1)_C16:1",1066.7000732421875,1104.0600700378418,1154.5400733947754,1092.480079650879,1076.6400680541992,1279.3000984191897,1052.8800735473633,1134.5400772094729
"[TG(42:1)]_FA18:0 | DG(44:8),DG(43:1)_C18:0",1775.7801246643066,1762.2401237487793,1897.9401321411133,1827.1601333618164,1860.8201370239256,1798.900127410889,1792.4401206970217,1711.2801208496094
"[TG(42:1)]_FA18:0 | DG(44:8),DG(43:1)_C18:0",970.9600639343262,1061.6000633239746,1026.900074005127,974.5000762939452,991.1200675964355,1026.6400680541992,969.1800651550292,973.8000717163086
"[TG(42:1)]_FA18:1 | DG(44:8),DG(43:1)_C18:1",2029.3801345825195,2040.4801445007324,2925.8401985168457,2078.200138092041,2475.980178833008,2378.720165252685,2236.340156555176,2247.5201530456543
"[TG(42:1)]_FA18:1 | DG(44:8),DG(43:1)_C18:1",1290.6401023864746,1157.8400764465332,1273.0000915527344,1236.6000747680664,1162.8800888061523,1183.2600746154783,1084.0800666809082,1092.400074005127
[TG(42:2)]_FA14:0,1114.4800834655762,973.9600715637208,994.0600738525392,1115.9400825500488,1099.800075531006,981.9200859069824,1070.5600814819336,974.6200790405272
[TG(42:2)]_FA16:0,964.600067138672,1022.3800735473632,1112.0800895690918,1234.5200805664062,972.240062713623,990.6600723266602,1004.460075378418,974.680061340332
[TG(42:2)]_FA16:1,1147.54008102417,1046.2800788879397,1112.320068359375,1144.800075531006,1064.9200820922852,1051.7000694274902,1052.760066986084,1061.3000831604004
[TG(42:2)]_FA18:0,1039.320068359375,1056.4000701904297,1001.2000617980956,998.3200607299804,967.6200675964355,970.4800682067872,1029.3800735473633,1043.9400825500488
[TG(42:2)]_FA18:1,1139.7200775146484,1170.640079498291,1103.5800743103027,1235.8800888061523,1204.6800727844238,1173.460090637207,1181.3000831604004,1222.1800842285156
[TG(42:2)]_FA18:2,1298.3601036071775,1380.3600997924805,1256.420078277588,1143.660068511963,1252.940097808838,1223.820087432861,1213.2000846862793,1085.840072631836
[TG(42:3)]_FA14:0,976.4200706481934,974.1600646972656,974.7400703430176,1011.62007522583,970.3400688171388,970.6400756835938,989.9000663757324,973.8200607299804
[TG(42:3)]_FA16:0,1074.3600730895996,1075.120086669922,1006.1600608825684,999.2400703430176,964.6600685119628,961.0400657653807,1042.8600769042969,997.4600677490234
[TG(42:3)]_FA16:1,1070.9000625610352,1170.3200798034668,1080.5400733947754,1054.1800689697266,1084.6000747680664,1097.3600769042969,1112.2400703430176,1083.5000762939453
[TG(42:3)]_FA18:0,1059.2000732421875,971.0400772094728,969.7400703430176,974.4400787353516,968.1600608825684,968.8600730895996,987.1000595092772,973.6200637817384
[TG(42:3)]_FA18:1,1081.0600700378418,1121.7000694274902,1112.9400787353516,1174.0800857543943,1287.000072479248,1114.820083618164,1148.3000717163086,1062.6800727844238
[TG(42:3)]_FA18:2,1165.1000709533691,1269.2000885009766,1309.1600952148438,1087.5600662231443,1272.9601020812988,1264.5400848388672,1130.5600776672363,1180.7600860595703
[TG(42:3)]_FA18:3,1167.7400817871094,1167.2400817871094,1203.5600700378418,1209.2000770568848,1231.9000778198242,1184.3400764465332,1172.800075531006,1188.6400833129885
[TG(42:4)]_FA14:0,973.0400772094728,974.0000762939452,975.1600723266602,973.4000701904296,971.7800598144532,1019.4000663757324,971.5400733947754,988.1000709533693
[TG(42:4)]_FA16:0,1033.0800704956057,1026.9600830078125,1081.1800689697266,1088.800064086914,1003.880069732666,976.4600677490234,961.0800590515136,961.6000595092772
[TG(42:4)]_FA16:1,1052.160068511963,1046.9000663757324,1058.0600700378418,1115.9800834655762,1051.1000785827637,1080.2600898742676,1063.2400856018066,1059.8200645446775
[TG(42:4)]_FA18:0,1027.9600677490234,971.0000648498536,1050.460075378418,974.220069885254,1038.4000701904297,968.6800651550292,973.2200660705566,973.3200645446776
[TG(42:4)]_FA18:1,1051.3200798034668,1049.1800689697266,1089.5200691223145,1172.3400802612305,1218.620086669922,1083.8800773620603,1085.9800720214844,1049.840068817139
[TG(42:4)]_FA18:2,1251.8200798034668,1324.5800895690918,1326.9600982666016,1102.1200790405271,1215.6200828552246,1226.620086669922,1090.520076751709,1085.5800743103027
[TG(42:4)]_FA18:3,1217.240089416504,1180.220085144043,1167.6400871276855,1344.1200981140137,1260.1800956726074,1165.9600868225098,1323.1200790405271,1251.1600761413574
[TG(42:4)]_FA20:4,1247.5000953674316,1249.2200813293457,1295.9800910949707,1355.9200820922852,1283.4200897216797,1253.4200820922852,1284.0000915527344,1298.480094909668
[TG(43:0)]_FA14:0,1424.9201011657717,1278.0800971984863,1217.4600830078125,1375.5800971984863,1771.6801071166992,1641.4801025390625,1614.3800926208496,1317.440086364746
[TG(43:0)]_FA16:0 | DG(44:0)_C16:0,2355.100154876709,3048.560218811035,2172.1001472473145,2459.020175933838,2128.240127563477,2605.400188446045,2276.0001487731934,2328.9201583862305
[TG(43:0)]_FA16:0 | DG(44:0)_C16:0,1833.7401275634768,1585.280117034912,1852.240119934082,1761.2401084899902,1569.7201118469238,1133.1200904846191,1164.5400733947754,1311.7600936889648
[TG(43:0)]_FA18:0 | DG(44:0)_C18:0,1830.800136566162,1915.140121459961,1979.6401405334475,1849.1401252746584,1852.9201202392576,1855.4601211547847,1820.2801475524905,1885.7801361083984
[TG(43:0)]_FA18:0 | DG(44:0)_C18:0,971.3800735473632,1001.6800689697266,1094.240077972412,1018.1800842285156,992.3800659179688,1127.700080871582,1202.060089111328,973.8800659179688
[TG(43:1)]_FA14:0,1090.7800827026367,1053.8200798034668,1070.340072631836,1059.0800743103027,1192.1200714111328,1065.7400817871094,1188.160083770752,1038.340072631836
[TG(43:1)]_FA16:0 | DG(44:1)_C16:0,1835.140121459961,2029.120132446289,1906.720127105713,1950.1001434326167,1823.7201042175293,1882.5001411437988,1725.3201141357422,1756.3801193237305
[TG(43:1)]_FA16:0 | DG(44:1)_C16:0,1150.940086364746,1160.7000770568848,1145.4400939941406,1278.020092010498,1103.840072631836,972.2800598144532,1025.2000617980957,962.5000610351562
[TG(43:1)]_FA16:1 | DG(44:1)_C16:1,2076.9201316833496,1995.6601333618164,2020.9201278686523,2284.620162963867,2363.360164642334,2200.800151824951,2012.6801376342771,2125.520133972168
[TG(43:1)]_FA16:1 | DG(44:1)_C16:1,1162.120086669922,1090.7600708007812,1215.780071258545,1207.4000816345217,1097.1200790405271,1091.5800743103027,1173.0200729370115,1199.2800941467283
[TG(43:1)]_FA18:0 | DG(44:1)_C18:0,1780.140121459961,1868.7401275634768,1739.3401260375977,1816.3401222229004,1775.6601295471191,1765.4201164245603,1707.3001098632812,1712.3401260375977
[TG(43:1)]_FA18:0 | DG(44:1)_C18:0,1030.1400680541992,1013.240077972412,970.720069885254,1029.8600692749023,968.6000747680664,998.1200675964355,1041.5200843811035,1041.100067138672
[TG(43:1)]_FA18:1 | DG(44:1)_C18:1,2240.480159759521,2094.4001388549805,3367.7402381896973,2564.980159759521,2253.080142974853,2348.7201538085938,2435.060165405273,2409.6201705932617
[TG(43:1)]_FA18:1 | DG(44:1)_C18:1,1326.020092010498,1302.9800910949707,1394.4601020812988,1244.4800758361816,1196.260082244873,1167.2200889587402,1206.620086669922,1095.0600700378418
[TG(43:2)]_FA14:0,973.6200714111328,1013.260066986084,975.4800720214844,1041.0800819396973,986.0200653076172,971.02006149292,983.4200744628906,998.4000701904296
[TG(43:2)]_FA16:0 | DG(44:2)_C16:0,1718.9201164245603,1761.3401260375977,1821.220127105713,1755.6001243591309,1794.1401329040527,1786.7601356506348,1742.220115661621,1759.58012008667
[TG(43:2)]_FA16:0 | DG(44:2)_C16:0,1000.1400680541992,965.4800605773926,1013.920066833496,1044.800075531006,985.1200714111328,960.920066833496,960.9400672912598,1069.5800666809082
[TG(43:2)]_FA16:1 | DG(44:2)_C16:1,2008.3001403808596,2036.9201545715327,2023.0801582336424,1966.1201362609863,2041.7601356506348,1960.5801239013672,2044.540138244629,1986.480125427246
[TG(43:2)]_FA16:1 | DG(44:2)_C16:1,1054.0600776672363,1087.4400749206543,1073.5000686645508,1120.6600723266602,1051.300064086914,1133.1200790405271,1052.5800704956057,1101.0800857543943
[TG(43:2)]_FA18:0 | DG(44:2)_C18:0,1747.5401153564453,1756.6401329040527,1819.0601272583008,1803.2801246643064,1798.340114593506,1746.0801162719729,1814.500129699707,1757.8001098632812
[TG(43:2)]_FA18:0 | DG(44:2)_C18:0,971.2800598144532,971.9400672912598,969.7800674438477,1005.920078277588,994.6400604248048,1001.4400672912598,1008.7800598144532,973.300075531006
[TG(43:2)]_FA18:1 | DG(44:2)_C18:1,2047.680145263672,1937.6601257324216,2169.5401573181152,1932.260124206543,2028.580135345459,1977.0201377868648,1906.1401252746584,1958.4601440429688
[TG(43:2)]_FA18:1 | DG(44:2)_C18:1,1103.4400787353516,1048.980079650879,1146.580078125,1140.6600799560547,1092.640079498291,1047.3800811767578,1065.4200897216797,1049.8200721740725
[TG(43:2)]_FA18:2 | DG(44:2)_C18:2,2224.780174255371,2159.8001556396484,2213.7001724243164,2199.120143890381,2236.3601570129395,2402.4601821899414,2190.660148620605,2236.340167999268
[TG(43:2)]_FA18:2 | DG(44:2)_C18:2,1242.2600936889648,1169.4800758361816,1110.6200904846191,1099.9200820922852,1239.960075378418,1114.8000793457031,1128.800075531006,1127.3200759887695
[TG(43:3)]_FA14:0,972.3800735473632,973.540069580078,998.0200729370116,973.260066986084,970.920066833496,1095.2600784301758,971.5800628662108,985.0400772094728
[TG(43:3)]_FA16:0,965.0000648498536,1036.6000747680664,998.4200630187988,963.960075378418,1004.5400772094728,972.4200630187988,985.3600692749023,961.8600654602052
[TG(43:3)]_FA16:1,1139.6800727844238,1064.1200714111328,1059.040069580078,1053.3600730895996,1050.560073852539,1052.04008102417,1052.7600708007812,1049.3200721740725
[TG(43:3)]_FA18:0,970.0400619506836,1033.1400718688965,1026.500072479248,996.840072631836,1039.12007522583,969.760066986084,969.420066833496,1038.1000747680664
[TG(43:3)]_FA18:1,1219.1400718688965,1048.9400749206543,1127.8000869750977,1096.3400650024414,1070.8000717163086,1069.140064239502,1139.2800788879397,1049.4800758361816
[TG(43:3)]_FA18:2,1180.180061340332,1171.8000793457031,1140.1200790405271,1086.680076599121,1091.3600769042969,1248.140079498291,1085.5600776672363,1170.6200828552246
[TG(43:3)]_FA18:3,1167.5200843811035,1167.2400817871094,1190.5600852966309,1199.7800788879397,1170.1600761413574,1244.2000770568848,1173.0400772094729,1182.000087738037
[TG(43:4)]_FA14:0,973.200065612793,973.8000679016112,976.2200660705566,1042.460075378418,977.1200714111328,970.7400703430176,1001.6400756835938,973.3200721740724
[TG(43:4)]_FA16:0,965.2200660705566,987.4400672912598,1033.4400634765625,1010.4200630187988,998.3600654602052,962.6000633239746,961.1600646972656,961.7000732421876
[TG(43:4)]_FA16:1,1084.1400833129885,1046.6600761413574,1125.6000785827637,1103.420078277588,1050.7200813293457,1093.4200744628906,1077.680076599121,1049.5800704956057
[TG(43:4)]_FA18:0,970.8800659179688,971.1400566101074,969.8000717163086,974.5600700378418,969.0400619506836,970.2800674438477,969.7800598144532,973.4800682067872
[TG(43:4)]_FA18:1,1180.9200897216797,1070.060073852539,1107.3000869750977,1088.4000701904297,1094.780071258545,1064.1400756835938,1066.0200805664062,1049.6400833129885
[TG(43:4)]_FA18:2,1139.3400764465332,1191.8400840759275,1293.980094909668,1116.560073852539,1202.1200942993164,1115.2600784301758,1084.7600708007812,1190.9000701904297
[TG(43:4)]_FA18:3,1183.900089263916,1166.0600852966309,1168.0000915527344,1219.560089111328,1177.280086517334,1229.9200859069824,1194.4000854492188,1173.100082397461
[TG(43:4)]_FA20:4,1259.3600997924805,1249.8800888061523,1249.880084991455,1261.6200904846191,1252.2000846862793,1253.1800727844238,1305.7600936889648,1302.9600868225098
"[TG(44:0),TG(O-45:0)]_FA14:0",2347.340171813965,1949.560131072998,2049.260131835937,2268.580142974853,2534.8202018737798,2244.70015335083,2599.340171813965,1764.360126495361
"[TG(44:0),TG(O-45:0)]_FA16:0",2992.460224151612,3235.9602127075195,3212.840202331543,4049.000301361084,3052.4402084350586,1363.8601036071775,1801.5001182556152,1493.6001091003418
"[TG(44:0),TG(O-45:0)]_FA18:0",1116.1200790405271,1116.380069732666,1379.0401000976562,1146.8400917053225,1074.680076599121,1095.2000846862793,1336.7600936889648,1049.7800788879397
[TG(44:1)]_FA14:0,1351.1001091003418,1046.9400787353516,1227.9201011657717,1306.520092010498,1324.7200889587402,1180.7600784301758,1343.9200859069824,1130.7400741577148
[TG(44:1)]_FA16:0,1513.2401008605957,1364.820095062256,1403.4401016235352,1397.860080718994,1320.9600944519043,1027.5200653076172,1107.420078277588,1252.4800987243652
[TG(44:1)]_FA16:1,1307.420093536377,1155.9200744628906,1632.2201232910156,1379.1601028442385,1130.0200881958008,1226.1600914001465,1153.360092163086,1496.4601135253906
[TG(44:1)]_FA18:0,970.6800651550292,984.040069580078,992.4400672912598,1003.1000785827636,983.9800758361816,993.3000717163086,991.140064239502,973.140079498291
[TG(44:1)]_FA18:1,1347.54008102417,1217.7600860595703,1322.200096130371,1363.300090789795,1328.4000930786133,1216.800075531006,1197.4800910949707,1138.4800872802734
[TG(44:2)]_FA14:0,1059.3600769042969,1086.0000839233398,976.3200721740724,1018.5600814819336,1071.4600830078125,1077.7600708007812,1120.4000854492188,1059.6600761413574
[TG(44:2)]_FA16:0,1164.000087738037,1168.7400970458984,1187.9000816345217,1295.500087738037,1001.0600624084472,1022.4800682067872,975.2800674438477,1012.2800712585448
[TG(44:2)]_FA16:1,1164.5600852966309,1232.1200828552246,1309.8800888061523,1228.3600769042969,1123.1800804138184,1178.6400756835938,1120.6600799560547,1098.5600700378418
[TG(44:2)]_FA18:0,1008.3400573730468,1034.5800743103027,1160.0800743103027,1030.1200675964355,968.1600608825684,969.4600639343262,1032.1000747680664,1057.0200805664062
[TG(44:2)]_FA18:1,1089.2800788879397,1058.840068817139,1141.420078277588,1093.6400680541992,1166.2200813293457,1145.3400802612305,1087.7200660705566,1079.0800819396973
[TG(44:2)]_FA18:2,1246.7600898742676,1185.840072631836,1236.0600852966309,1139.2800750732422,1397.9601020812988,1171.320068359375,1292.1800842285156,1122.5600814819336
[TG(44:3)]_FA14:0,1001.6800727844238,1003.540069580078,974.7400741577148,1023.3000793457032,1040.080078125,978.000072479248,1044.280071258545,974.240062713623
[TG(44:3)]_FA16:0,1058.5000648498535,1006.7200622558594,964.500057220459,1064.5200653076172,1013.800075531006,961.2800636291504,960.6800689697266,962.240062713623
[TG(44:3)]_FA16:1,1052.8200721740725,1092.1800727844238,1102.9400825500488,1053.2800788879397,1050.2800788879397,1165.6600875854492,1234.3000869750977,1050.080078125
[TG(44:3)]_FA18:0,981.2200736999512,989.1200637817384,970.420066833496,1036.840072631836,975.2000732421876,1020.000072479248,970.7600593566896,973.1200828552246
[TG(44:3)]_FA18:1,1080.7400856018066,1087.8000717163086,1199.0400733947754,1110.3400764465332,1046.7000579833984,1077.0000762939453,1119.0600700378418,1100.460090637207
[TG(44:3)]_FA18:2,1189.820083618164,1360.8201026916504,1194.8800735473633,1155.8800773620603,1124.040069580078,1181.54008102417,1088.2600746154783,1119.9200744628906
[TG(44:3)]_FA18:3,1194.860088348389,1198.9200859069824,1167.400089263916,1169.0000801086426,1250.3000793457031,1241.6800918579102,1171.8600692749023,1223.7000770568848
[TG(44:4)]_FA14:0,973.0000534057616,973.3400650024414,974.12007522583,983.6800689697266,1008.020076751709,1007.640079498291,970.5800666809082,1001.1400680541992
[TG(44:4)]_FA16:0,1032.5200729370115,1040.4800720214844,988.9400672912598,1079.0200653076172,1007.7800750732422,975.3200569152832,995.800064086914,962.5800628662108
[TG(44:4)]_FA16:1,1112.860080718994,1094.800067901611,1058.240062713623,1107.0800819396973,1089.6800804138184,1150.660083770752,1112.100082397461,1115.7400856018066
[TG(44:4)]_FA18:0,971.5800666809082,971.1200675964355,970.120059967041,1076.8800811767578,1003.6400680541992,969.0600776672364,1040.1800651550293,973.260066986084
[TG(44:4)]_FA18:1,1059.7600746154783,1050.2000732421875,1050.1000747680664,1091.220069885254,1185.2200775146484,1138.1800918579102,1049.3000717163086,1120.6000747680664
[TG(44:4)]_FA18:2,1181.2800827026367,1249.320083618164,1214.1800918579102,1242.6600875854492,1330.3201065063477,1275.8600769042969,1137.980079650879,1085.340072631836
[TG(44:4)]_FA18:3,1198.740089416504,1167.200080871582,1167.520076751709,1193.9400901794434,1211.2200889587402,1220.5200843811035,1186.4600791931152,1201.1200714111328
[TG(44:4)]_FA20:4,1249.0200805664062,1249.0600929260254,1283.580093383789,1295.7200965881348,1284.240089416504,1341.2200927734375,1270.9800910949707,1287.2400932312012
[TG(44:5)]_FA14:0,973.440071105957,973.840072631836,975.3000679016112,1004.8600730895996,1012.1000709533693,1003.1000785827636,985.9000701904296,1002.9000778198242
[TG(44:5)]_FA16:0,1240.220085144043,1237.4800872802734,1128.4200859069824,1157.6800727844238,1266.7600898742676,960.7200622558594,1062.2400741577148,1074.1000709533691
[TG(44:5)]_FA16:1,1055.2400665283203,1078.0800819396973,1068.9400672912598,1053.9600715637207,1050.3600730895996,1052.0600776672363,1058.7600784301758,1133.3800659179688
[TG(44:5)]_FA18:0,971.9200744628906,994.400074005127,971.3400764465332,985.6400718688964,968.0200653076172,1112.400074005127,980.0800590515136,989.440071105957
[TG(44:5)]_FA18:1,1079.0800743103027,1107.320068359375,1049.380069732666,1055.6800727844238,1066.3600730895996,1047.920066833496,1073.500072479248,1048.880069732666
[TG(44:5)]_FA18:2,1283.1200981140137,1178.4400825500488,1103.1000747680664,1133.0200881958008,1267.0600929260254,1360.6601104736328,1159.0400886535645,1118.1600761413574
[TG(44:5)]_FA18:3,1198.140079498291,1179.0000801086426,1234.5400886535645,1200.4800910949707,1225.9600830078125,1206.440086364746,1172.1200714111328,1171.4200820922852
[TG(44:5)]_FA20:4,1248.2200889587402,1261.1800918579102,1249.9400749206543,1300.2400970458984,1307.1400871276855,1343.4800987243652,1272.200096130371,1295.5200996398926
[TG(44:5)]_FA22:5,1372.9800987243652,1504.8200988769531,1500.0201148986816,1416.9601020812988,1375.5000953674316,1421.9401054382324,1394.1201095581057,1470.320095062256
[TG(45:0)]_FA14:0,1837.240135192871,1215.7000923156738,1887.9201316833496,2001.560157775879,2263.9801635742188,1836.860126495361,2454.1601638793945,1469.16011428833
[TG(45:0)]_FA16:0,3320.5402221679688,2627.5201873779297,2991.1801986694336,3407.040256500244,2622.480197906494,1291.3400840759275,1446.0400924682615,1187.8200912475586
[TG(45:0)]_FA18:0,975.300075531006,982.400058746338,1099.8000717163086,1050.4200706481934,1062.8800735473633,1071.5000686645508,1032.8200759887695,1028.840087890625
[TG(45:1)]_FA14:0,1140.9200820922852,1267.840103149414,1443.0600967407229,1139.7200889587402,1266.6600914001465,1140.9800834655762,1307.620086669922,1113.1600799560547
[TG(45:1)]_FA16:0,1343.8200912475586,1208.180076599121,1324.7200927734375,1621.2001113891602,1304.800090789795,1104.780071258545,1029.140079498291,1076.800067901611
[TG(45:1)]_FA16:1,1290.7600898742676,1539.7401123046875,1750.3001403808594,1524.3401107788086,1085.300067901611,1333.6000747680664,1347.660099029541,1415.9000930786133
[TG(45:1)]_FA18:0,970.52006149292,1068.6000785827637,970.1200637817384,984.660083770752,994.3600769042968,969.7800674438477,1009.9800758361816,1016.54008102417
[TG(45:1)]_FA18:1,1244.560073852539,1061.5000686645508,1186.8800773620603,1255.9400825500488,1245.4400901794434,1047.060073852539,1089.860080718994,1104.4000778198242
[TG(45:2)]_FA14:0,1022.2600708007812,1008.7800750732422,1016.100067138672,979.3200645446776,1176.0200805664062,973.6600685119628,1024.280071258545,992.4000663757324
[TG(45:2)]_FA16:0,1093.7000846862793,1063.0400733947754,994.0400733947754,1103.900074005127,1007.5600738525392,972.9400749206544,978.5400657653807,968.4800682067872
[TG(45:2)]_FA16:1,1198.8600959777832,1172.520076751709,1443.9801139831543,1249.000072479248,1071.0200691223145,1217.60009765625,1100.3400840759275,1204.4200744628906
[TG(45:2)]_FA18:0,970.1600608825684,972.6200714111328,1049.6600723266602,1001.8800735473632,968.0800704956056,969.320068359375,982.2600593566896,973.5200653076172
[TG(45:2)]_FA18:1,1176.660083770752,1050.5000762939453,1137.2800788879397,1211.8400802612305,1057.9000663757324,1046.8600769042969,1048.980068206787,1049.9200706481934
[TG(45:2)]_FA18:2,1202.0400772094729,1287.3400917053225,1229.300090789795,1087.1800651550293,1175.9000816345217,1171.400074005127,1119.900074005127,1085.5800743103027
[TG(45:3)]_FA14:0,973.1200714111328,998.0800819396972,975.7200736999512,1008.500072479248,996.720069885254,970.600067138672,994.1600685119628,987.800075531006
[TG(45:3)]_FA16:0,1130.4800834655762,1020.1000709533693,1089.420078277588,1005.8400650024414,1152.6000900268557,1042.5400657653809,982.9800567626952,1041.9000701904297
[TG(45:3)]_FA16:1,1199.5800857543943,1104.8400764465332,1196.9400749206543,1054.8600769042969,1081.360065460205,1057.0400772094729,1052.4200744628906,1085.0400772094729
[TG(45:3)]_FA18:0,970.7600746154784,970.720058441162,970.6200714111328,998.860080718994,968.1200675964355,1031.6800651550293,968.9000701904296,972.4800682067872
[TG(45:3)]_FA18:1,1350.200096130371,1117.4200744628906,1142.9000930786133,1080.6800651550293,1155.880069732666,1182.6000862121582,1303.5800857543943,1049.8800659179688
[TG(45:3)]_FA18:2,1163.1000747680664,1143.860080718994,1205.6400756835938,1110.160083770752,1178.6200828552246,1304.1200942993164,1153.820083618164,1146.9800872802734
[TG(45:3)]_FA18:3,1167.560073852539,1222.420078277588,1188.2000885009766,1249.5000915527344,1217.400089263916,1167.8200798034668,1209.2400817871094,1172.1600799560547
[TG(45:4)]_FA14:0,972.920066833496,974.0200729370116,975.440071105957,999.0600738525392,1016.200065612793,976.6200637817384,1006.1200637817384,973.1200675964355
[TG(45:4)]_FA16:0,1033.8400650024414,965.5600700378418,1013.140079498291,1059.9600715637207,1008.1000709533693,960.7600631713868,962.2000617980956,961.9600677490234
[TG(45:4)]_FA16:1,1165.780086517334,1070.6400718688965,1059.440071105957,1185.480079650879,1091.080078125,1146.6200828552246,1067.1600761413574,1162.3400764465332
[TG(45:4)]_FA18:0,970.9200744628906,998.760066986084,1060.480079650879,974.3400688171388,970.1400680541992,1013.920078277588,969.5000762939452,972.9600601196288
[TG(45:4)]_FA18:1,1054.480068206787,1049.4400672912598,1073.5000762939453,1047.8200721740725,1098.420078277588,1047.4800720214844,1064.260066986084,1049.5800743103027
[TG(45:4)]_FA18:2,1132.3200759887695,1225.8000831604004,1122.820083618164,1087.9800720214844,1223.6000938415527,1136.800075531006,1119.5400772094729,1127.480079650879
[TG(45:4)]_FA18:3,1198.680103302002,1192.9000816345217,1167.12007522583,1198.2600860595703,1229.760082244873,1170.900074005127,1201.6000747680664,1172.1400871276855
[TG(45:4)]_FA20:4,1248.7000885009766,1316.3000869750977,1275.240077972412,1246.800090789795,1312.0200843811035,1253.3800888061523,1248.3600959777832,1305.3000946044922
[TG(45:5)]_FA14:0,973.0400657653807,974.040069580078,974.8400688171388,1019.7600708007812,1027.6000633239746,974.3800659179688,988.7800712585448,973.3600769042968
[TG(45:5)]_FA16:0,983.2800598144532,1124.640079498291,1029.9400634765625,1073.980068206787,1173.0800743103027,1020.7600593566896,961.0000534057616,965.7600631713868
[TG(45:5)]_FA16:1,1053.1200637817385,1047.280071258545,1046.0600700378418,1054.760066986084,1050.3600730895996,1052.0600700378418,1053.0600776672363,1106.3400802612305
[TG(45:5)]_FA18:0,970.720069885254,1002.9200744628906,992.9800720214844,973.6000747680664,1009.7600593566896,969.3600730895996,975.240062713623,972.7600746154784
[TG(45:5)]_FA18:1,1054.8600769042969,1049.3200759887695,1049.6800804138184,1071.8000831604004,1077.5000610351562,1047.6000709533691,1049.8000717163086,1115.4400787353516
[TG(45:5)]_FA18:2,1090.340072631836,1224.920078277588,1219.6600914001465,1141.300090789795,1281.8400917053225,1210.9400787353516,1182.080093383789,1107.12007522583
[TG(45:5)]_FA18:3,1178.9200859069824,1166.640079498291,1167.380069732666,1255.1200714111328,1210.7000846862793,1192.8200721740725,1208.7000770568848,1185.3800811767578
[TG(45:5)]_FA20:4,1320.2400932312012,1250.0000915527344,1269.780086517334,1245.14009475708,1253.4800834655762,1266.840087890625,1248.840087890625,1248.7000846862793
[TG(45:5)]_FA22:5,1485.5001182556152,1384.6200981140137,1425.1201095581057,1402.760082244873,1413.5401039123535,1455.0001106262207,1405.8200912475586,1380.480094909668
[TG(46:0)]_FA14:0,2883.920223236084,2268.7201347351074,2812.980182647705,3248.600242614746,4271.90030670166,2939.620220184326,4557.68030166626,2294.9601554870605
[TG(46:0)]_FA16:0,7563.140426635742,6886.260444641113,6556.420471191406,8187.480499267578,7895.200637817383,2631.3201904296875,3166.120220184326,2735.1001930236816
[TG(46:0)]_FA18:0,1222.7200736999512,1130.9800834655762,1101.4600715637207,1209.400089263916,1034.7200813293457,1052.320068359375,1172.8600845336914,1119.5800819396973
[TG(46:1)]_FA14:0,1894.2801322937007,1885.6801414489744,1662.2001113891602,1929.7801513671875,4675.280429840088,1612.8600959777832,3727.400245666504,1840.780143737793
[TG(46:1)]_FA16:0,2202.960178375244,1924.720127105713,2165.4401473999023,2812.240234375,4858.500301361084,1448.6800956726074,1656.5401077270508,1430.9201126098633
[TG(46:1)]_FA16:1,2047.360126495361,1982.5601539611816,2339.880172729492,1796.5401229858398,1949.340129852295,1976.560131072998,1979.4601364135744,2109.9801483154297
[TG(46:1)]_FA18:0,1008.6400756835938,970.1800727844238,1021.640079498291,1030.5600700378418,967.9800643920898,1006.6400718688964,1000.7400703430176,1010.5800743103028
[TG(46:1)]_FA18:1,1426.8400955200195,1190.2200813293457,1207.460075378418,1251.2800827026367,1716.7201232910156,1168.6800727844238,1159.8800773620603,1072.2200775146484
[TG(46:2)]_FA14:0,1796.7601356506348,1726.980110168457,1497.3201179504397,1746.720142364502,1481.840106964111,1422.0201034545898,3236.360195159912,1334.680103302002
[TG(46:2)]_FA16:0,1135.640079498291,1270.5200881958008,1568.6601066589355,1426.980094909668,1380.0200729370115,1043.6600723266602,1322.260097503662,1026.4200744628906
[TG(46:2)]_FA16:1,1891.300121307373,1846.9801445007324,2082.980152130127,1795.900127410889,1568.960117340088,1698.0601425170898,1613.7601127624512,1908.180145263672
[TG(46:2)]_FA18:0,970.760066986084,970.7400665283204,1030.9200706481934,1003.5200729370116,968.4400634765624,1010.3800659179688,978.3600692749023,1023.9400634765624
[TG(46:2)]_FA18:1,1230.0600852966309,1065.300075531006,1180.0400772094729,1224.6400871276855,1301.2400856018066,1129.2400817871094,1097.840072631836,1175.1200714111328
[TG(46:2)]_FA18:2,1234.2800750732422,1437.7401084899902,1624.460105895996,1160.3000717163086,1843.0801124572756,1669.680118560791,1187.0200881958008,1192.0200843811035
[TG(46:3)]_FA14:0,1021.5800704956056,1112.7000770568848,975.5000762939452,1013.0800666809082,984.4600715637208,995.0400733947754,1043.560073852539,1041.7600708007812
[TG(46:3)]_FA16:0,1075.5400772094729,1007.1600761413574,1013.6400680541992,1114.2200736999512,1074.2000846862793,978.7200660705566,1033.0400772094729,1019.9200630187988
[TG(46:3)]_FA16:1,1270.5200958251953,1288.7800979614258,1122.6200828552246,1207.620086669922,1079.1600723266602,1215.0400886535645,1316.2000846862793,1154.9000854492188
[TG(46:3)]_FA18:0,971.4000625610352,971.2000694274902,969.8000679016112,988.0600776672364,1037.1200828552246,968.8400764465332,969.800075531006,973.1800689697266
[TG(46:3)]_FA18:1,1188.920093536377,1057.4600677490234,1066.0400657653809,1198.3800735473633,1104.5800819396973,1106.300075531006,1198.4800834655762,1136.0400886535645
[TG(46:3)]_FA18:2,1355.340087890625,1260.160083770752,1404.0800895690918,1099.0400733947754,1575.4201049804688,1330.8200798034668,1228.400089263916,1114.020076751709
[TG(46:3)]_FA18:3,1167.8200759887695,1167.7400817871094,1260.4200859069824,1391.9200897216797,1240.4200897216797,1292.3201026916504,1189.6000785827637,1186.040069580078
[TG(46:4)]_FA14:0,973.0000686645508,1003.7600708007812,975.1000785827636,986.1800651550292,970.8200798034668,991.7200660705566,971.4400634765624,974.2200622558594
[TG(46:4)]_FA16:0,1074.9200706481934,1121.680076599121,1026.6400756835938,994.2800598144532,1042.5800743103027,960.5800666809082,961.2200622558594,993.5800743103028
[TG(46:4)]_FA16:1,1087.2600784301758,1077.1400604248047,1128.3000717163086,1090.2800788879397,1050.220069885254,1053.0000610351562,1052.400074005127,1049.3200721740725
[TG(46:4)]_FA18:0,969.9600677490234,970.4800682067872,1112.140079498291,974.5400772094728,968.0400657653807,969.3600578308104,1003.3200759887696,992.020076751709
[TG(46:4)]_FA18:1,1086.460075378418,1075.200080871582,1123.5200805664062,1058.3800621032717,1113.900074005127,1080.9600830078125,1100.4800834655762,1106.140079498291
[TG(46:4)]_FA18:2,1273.2800979614258,1271.1000785827637,1366.2800941467283,1186.8600845336914,1431.2000923156738,1365.8000984191897,1171.7000846862793,1252.9400901794434
[TG(46:4)]_FA18:3,1217.5600852966309,1167.4400825500488,1203.5400848388672,1322.2800941467283,1238.780086517334,1191.8200798034668,1174.54008102417,1172.6000747680664
[TG(46:4)]_FA20:4,1300.6001014709473,1248.9000854492188,1268.180076599121,1251.5200881958008,1371.4600868225098,1285.3200912475586,1354.460090637207,1248.9400939941406
[TG(46:5)]_FA14:0,973.4000663757324,972.940071105957,974.5600738525392,973.1400680541992,1019.0000762939452,970.0800666809082,971.3800735473632,973.920066833496
[TG(46:5)]_FA16:0,1065.480079650879,1233.6000747680664,1059.62007522583,1106.0200805664062,1062.9000663757324,960.240062713623,965.56005859375,987.4600677490234
[TG(46:5)]_FA16:1,1052.62007522583,1099.2600708007812,1080.5400772094729,1053.1800651550293,1049.9400787353516,1052.300067901611,1052.3600730895996,1049.9400749206543
[TG(46:5)]_FA18:0,1008.2400741577148,971.4400749206544,1001.5600662231444,1025.1800689697266,967.7200736999512,1017.5800743103028,969.600067138672,995.0600700378418
[TG(46:5)]_FA18:1,1195.6200981140137,1118.440086364746,1208.6200904846191,1094.420078277588,1093.6600723266602,1055.100067138672,1048.840072631836,1116.4800872802734
[TG(46:5)]_FA18:2,1351.800106048584,1585.2601051330566,1379.860107421875,1325.280086517334,1429.5800971984863,1355.4200973510742,1098.0200805664062,1133.700080871582
[TG(46:5)]_FA18:3,1209.4600944519043,1166.860088348389,1167.6200828552246,1192.6400833129885,1272.680088043213,1168.3200798034668,1172.280071258545,1171.9800872802734
[TG(46:5)]_FA20:4,1281.4000930786133,1313.2800979614258,1250.7600898742676,1245.2400817871094,1330.540096282959,1252.860088348389,1265.1000862121582,1248.500099182129
[TG(46:5)]_FA22:5,1373.5801010131836,1417.420108795166,1468.8600997924805,1455.020092010498,1377.1200904846191,1457.7001037597656,1377.3201026916504,1441.0200881958008
[TG(46:6)]_FA14:0,1123.5200843811035,1128.780086517334,1101.1600799560547,1106.9800834655762,1058.7200736999512,1087.9400787353516,1095.7000846862793,1160.6800804138184
[TG(46:6)]_FA16:0,1888.900119781494,1853.880126953125,1742.1201400756836,2109.5201416015625,1699.66011428833,1169.6200828552246,1405.5001106262207,1169.12007522583
[TG(46:6)]_FA16:1,1052.2800750732422,1055.5200691223145,1046.1600646972656,1065.2400741577148,1050.820068359375,1080.780071258545,1053.0400772094729,1120.0000839233398
[TG(46:6)]_FA18:0,1108.2600746154783,1351.740104675293,1401.5000953674316,1308.4200973510742,1076.2200736999512,1379.3400955200195,1478.200107574463,1194.2200927734375
[TG(46:6)]_FA18:1,1142.760082244873,1073.740077972412,1103.1000747680664,1066.000072479248,1047.3800735473633,1083.1400756835938,1064.8600769042969,1061.9000854492188
[TG(46:6)]_FA18:2,1254.7800903320312,1201.180076599121,1213.5000839233398,1252.8400840759275,1435.5600967407229,1220.9400939941406,1154.5200691223145,1217.5000839233398
[TG(46:6)]_FA18:3,1166.980079650879,1167.0800743103027,1168.300075531006,1203.62007522583,1169.440071105957,1183.320087432861,1202.7000885009766,1193.0400772094729
[TG(46:6)]_FA20:4,1274.6000862121582,1248.5400772094729,1300.2000885009766,1278.3800926208496,1318.2200927734375,1257.7600860595703,1285.780086517334,1248.9400901794434
[TG(46:6)]_FA22:5,1391.8000984191897,1375.1400871276855,1407.8800811767578,1378.8400840759275,1438.380100250244,1410.4800987243652,1395.0600929260254,1403.6800842285156
[TG(46:6)]_FA22:6,1606.9601135253906,1636.3000984191897,1582.080108642578,1499.960105895996,1545.780101776123,1526.1401100158691,1548.5801124572754,1566.640106201172
[TG(47:2)]_FA14:0,1142.240089416504,1065.580078125,1072.980079650879,1148.980079650879,1284.6200904846191,1091.920078277588,1183.740089416504,1210.6400833129885
[TG(47:2)]_FA16:0,1162.1600799560547,1385.820095062256,1184.0600929260254,1212.360080718994,1177.4600791931152,1124.4600791931152,1026.060073852539,1044.8800811767578
[TG(47:2)]_FA16:1,1951.8401374816892,1476.2801094055176,1745.6601295471191,1743.560131072998,1163.0600852966309,1672.2801208496094,1436.3200988769531,1733.18013381958
[TG(47:2)]_FA18:0,998.340072631836,983.9600639343262,970.5000686645508,973.4800682067872,1035.0000762939453,970.3400650024414,969.5800666809082,972.9600715637208
[TG(47:2)]_FA18:1,1244.460075378418,1087.8600692749023,1236.6800956726074,1259.860088348389,1147.4600830078125,1160.0400886535645,1119.340068817139,1061.7800750732422
[TG(47:2)]_FA18:2,1406.0401039123535,1265.5200958251953,1235.7400856018066,1121.4600830078125,1197.820083618164,1364.680088043213,1250.560089111328,1085.6800842285156
[TG(47:3)]_FA14:0,984.9000778198242,992.9800682067872,992.8400764465332,981.9400749206544,1041.0400733947754,1060.1800689697266,1008.520076751709,973.040069580078
[TG(47:3)]_FA16:0,965.6000747680664,989.02006149292,1016.200065612793,1000.460075378418,986.2000694274902,961.2400665283204,977.0000686645508,962.4800682067872
[TG(47:3)]_FA16:1,1262.920093536377,1112.500072479248,1271.8000869750977,1228.5200996398926,1050.2200813293457,1265.54008102417,1312.3400955200195,1239.4400787353516
[TG(47:3)]_FA18:0,971.3200645446776,971.6400718688964,971.820068359375,991.300075531006,968.4800682067872,984.2600708007812,984.1200714111328,973.7800750732422
[TG(47:3)]_FA18:1,1056.440071105957,1060.980079650879,1049.0600776672363,1124.900074005127,1061.6800804138184,1063.1000709533691,1147.7000846862793,1082.7000770568848
[TG(47:3)]_FA18:2,1302.4800872802734,1261.620086669922,1389.6800956726074,1090.1800727844238,1525.2601127624512,1390.3201026916504,1179.5400886535645,1176.3800811767578
[TG(47:3)]_FA18:3,1195.820095062256,1167.2000732421875,1168.3000869750977,1197.3400802612305,1185.400089263916,1167.3000831604004,1172.54008102417,1172.260082244873
[TG(47:4)]_FA14:0,974.4600791931152,974.3400688171388,975.1400756835938,973.5200691223145,971.4400596618652,971.0800666809082,1017.840072631836,973.6600761413574
[TG(47:4)]_FA16:0,1025.580062866211,985.1600685119628,1026.200065612793,1026.1000747680664,1073.1600761413574,961.6000595092772,1020.760066986084,1002.4000778198242
[TG(47:4)]_FA16:1,1059.1000709533691,1047.4000663757324,1120.760082244873,1053.8000602722168,1086.0600814819336,1052.440071105957,1052.1600723266602,1049.4600715637207
[TG(47:4)]_FA18:0,971.1400718688964,1012.4200553894044,970.5000762939452,974.800064086914,969.1400680541992,995.0600738525392,970.2400741577148,972.9800682067872
[TG(47:4)]_FA18:1,1084.5600814819336,1081.5200691223145,1053.520076751709,1047.5000686645508,1162.4400901794434,1064.1000785827637,1049.5400772094729,1074.4200744628906
[TG(47:4)]_FA18:2,1273.520092010498,1187.2800788879397,1231.4800872802734,1222.2800903320312,1363.4600944519043,1213.0800857543943,1191.9000701904297,1128.000087738037
[TG(47:4)]_FA18:3,1168.1400756835938,1167.1400833129885,1243.4401016235352,1357.2400932312012,1216.080093383789,1255.5000953674316,1172.6000785827637,1260.600067138672
[TG(47:4)]_FA20:4,1247.260082244873,1249.5600814819336,1249.6000900268557,1246.2600898742676,1362.7400932312012,1252.6800918579102,1387.6601028442385,1299.2800903320312
[TG(47:5)]_FA14:0,972.600067138672,977.760082244873,1006.5400733947754,1016.1000747680664,1013.1400756835938,1030.3600730895996,975.8400650024414,1015.5600738525392
[TG(47:5)]_FA16:0,1037.4200744628906,1077.5000801086426,989.9600715637208,1176.2800788879397,1079.0200691223145,960.2800598144532,960.180061340332,986.7000694274902
[TG(47:5)]_FA16:1,1086.0400772094729,1068.200065612793,1046.7400703430176,1074.6400756835938,1050.5200729370115,1070.7400741577148,1093.1800727844238,1049.440071105957
[TG(47:5)]_FA18:0,981.6800727844238,984.8400650024414,992.7000694274902,974.600067138672,967.3600730895996,969.8600654602052,1009.3800621032716,1014.5600776672364
[TG(47:5)]_FA18:1,1085.3800735473633,1049.080062866211,1070.0000762939453,1047.7000694274902,1070.080078125,1062.2600708007812,1049.5800704956057,1049.8000793457031
[TG(47:5)]_FA18:2,1289.5000915527344,1207.9200820922852,1420.0001068115234,1230.54008102417,1098.3000602722168,1205.4000854492188,1148.6200790405271,1150.0200729370115
[TG(47:5)]_FA18:3,1232.5600852966309,1192.2000846862793,1169.0400924682615,1317.8000793457031,1217.8000793457031,1168.9600830078125,1173.640079498291,1191.1000747680664
[TG(47:5)]_FA20:4,1248.0400848388672,1250.0800895690918,1249.720085144043,1245.2600936889648,1260.2600860595703,1258.5000801086426,1248.240077972412,1249.360088348389
[TG(47:5)]_FA22:5,1406.4201049804688,1386.2200965881348,1375.8800964355469,1382.6600952148438,1390.1800956726074,1375.14009475708,1376.0801010131836,1451.3800888061523
[TG(47:6)]_FA14:0,1031.0600700378418,1100.700080871582,1074.8000717163086,1141.1200828552246,1256.700080871582,1040.800075531006,1061.6400833129885,999.7600708007812
[TG(47:6)]_FA16:0,1380.0801048278809,1518.6401100158691,1278.4000930786133,1411.8801040649414,2003.160140991211,1045.340072631836,1159.0000839233398,1114.7600784301758
[TG(47:6)]_FA16:1,1052.8200721740725,1080.180076599121,1082.8800811767578,1073.4600791931152,1050.7000732421875,1052.320068359375,1053.5400772094729,1050.0800704956057
[TG(47:6)]_FA18:0,1030.160083770752,1128.860092163086,1111.960075378418,1029.840068817139,1001.7600708007812,1124.180088043213,1054.2400741577148,1067.4400787353516
[TG(47:6)]_FA18:1,1112.9800872802734,1064.780071258545,1092.720069885254,1095.6600799560547,1070.520076751709,1054.1200714111328,1069.220069885254,1119.2400817871094
[TG(47:6)]_FA18:2,1333.500099182129,1089.3800659179688,1090.2600784301758,1158.1800804138184,1148.6000862121582,1129.2400703430176,1102.960075378418,1141.9600830078125
[TG(47:6)]_FA18:3,1215.5200881958008,1216.7800788879397,1167.660083770752,1189.020076751709,1211.8200912475586,1170.260082244873,1231.6000862121582,1172.7000770568848
[TG(47:6)]_FA20:4,1248.1400871276855,1249.200080871582,1332.000087738037,1276.5400886535645,1258.080093383789,1289.0000839233398,1249.1600952148438,1249.2000923156738
[TG(47:6)]_FA22:5,1374.5800895690918,1423.9400901794434,1454.300106048584,1401.420093536377,1389.1800956726074,1401.2000923156738,1377.4200859069824,1466.8600959777832
[TG(47:6)]_FA22:6,1515.7401084899902,1568.0401153564453,1539.840106964111,1503.6801147460938,1508.960105895996,1494.2801055908203,1501.060115814209,1498.6601066589355
[TG(48:2)]_FA14:0,5459.820495605469,9485.300769805908,6975.460433959961,4377.140243530273,16564.30103302002,4542.800231933594,28946.702110290527,2634.2401428222656
[TG(48:2)]_FA16:0,3695.68025970459,2944.160251617432,3046.620162963867,3473.820266723633,21971.90185546875,5554.080337524414,8998.440696716309,3754.080333709717
[TG(48:2)]_FA16:1,8885.380828857422,7410.46040725708,7363.500427246094,4389.540374755859,6745.700630187988,8165.56067276001,20720.92176437378,10075.080837249756
[TG(48:2)]_FA18:0,982.6400756835938,1030.9600639343262,1030.4800643920898,1015.5400657653807,968.3400688171388,992.2400703430176,988.9800643920898,979.9400825500488
[TG(48:2)]_FA18:1,2251.280158996582,1405.9400939941406,1475.840114593506,1658.100112915039,2597.2202072143555,2194.820156097412,2089.460147857666,1893.6001319885252
[TG(48:2)]_FA18:2,4351.720314025879,5392.080417633057,4703.38041305542,1739.7001113891602,10216.900550842283,6851.480487823486,4568.780372619629,1936.460163116455
[TG(48:3)]_FA14:0,2180.5601539611816,3545.020271301269,3048.420177459717,2121.0401649475098,1969.160140991211,1720.6401329040527,8602.480575561523,1515.980110168457
[TG(48:3)]_FA16:0,1150.080078125,1091.7800750732422,1301.3400917053225,1185.4000816345217,2156.3601417541504,1169.5600776672363,1585.520107269287,1168.700080871582
[TG(48:3)]_FA16:1,3175.560256958008,3438.840286254883,3698.1002197265625,2430.9401817321777,3367.600204467773,2591.9801864624023,7695.520732879639,4443.040218353272
[TG(48:3)]_FA18:0,1018.1200714111328,971.4600677490234,970.5600662231444,973.5400657653807,1026.360065460205,994.8200645446776,969.1800765991212,1006.0600700378418
[TG(48:3)]_FA18:1,1134.4800758361816,1110.9600791931152,1287.8600997924805,1237.6800804138184,1382.3000831604004,1067.180061340332,1426.160099029541,1300.4800910949707
[TG(48:3)]_FA18:2,2723.6801834106445,2668.0802040100098,2921.000259399414,1178.300067901611,4081.200244903565,3974.4602279663086,3583.5202445983887,1914.700107574463
[TG(48:3)]_FA18:3,1251.380084991455,1203.5000801086426,1235.6800804138184,1474.220100402832,1794.560115814209,1340.2600898742676,1434.8600997924805,1211.1200714111328
[TG(48:4)]_FA14:0,1114.8600769042969,1166.3600845336914,1098.060089111328,1127.7000846862793,1355.8000946044922,1061.780086517334,1341.0401077270508,1040.8200798034668
[TG(48:4)]_FA16:0,1070.2600860595703,1111.2800827026367,1047.5000762939453,978.340061187744,1102.0400848388672,994.7600708007812,960.7400665283204,1041.9600715637207
[TG(48:4)]_FA16:1,1122.3400764465332,1230.720100402832,1386.2001113891602,1314.6800956726074,1370.660099029541,1321.2400970458984,1645.260097503662,1354.940086364746
[TG(48:4)]_FA18:0,988.0400657653807,970.540069580078,970.2600746154784,1004.0000686645508,968.1000633239746,968.4600715637208,993.7200813293456,989.400074005127
[TG(48:4)]_FA18:1,1074.6400756835938,1049.5800666809082,1048.840072631836,1069.9800758361816,1120.940071105957,1115.0000648498535,1204.100082397461,1097.8000869750977
[TG(48:4)]_FA18:2,1501.4601097106934,1350.7200813293457,1566.460117340088,1144.1400756835938,1580.5401077270508,1676.200107574463,1345.5800819396973,1241.6600761413574
[TG(48:4)]_FA18:3,1167.3200721740725,1166.7600784301758,1224.0200729370115,1382.9200973510742,1393.7401084899902,1210.0400924682615,1264.6200904846191,1236.2000885009766
[TG(48:4)]_FA20:4,1261.1400871276855,1248.9200859069824,1250.4400901794434,1333.8200988769531,1281.7600898742676,1252.7000732421875,1264.9201011657717,1268.8600959777832
[TG(48:5)]_FA14:0,992.120059967041,997.600067138672,1039.5000839233398,1016.6000785827636,979.820068359375,999.0800628662108,1028.920066833496,973.3400650024414
[TG(48:5)]_FA16:0,1130.4400787353516,1053.9800720214844,978.0800666809082,992.04008102417,1004.2800674438477,960.180061340332,961.800064086914,988.8400688171388
[TG(48:5)]_FA16:1,1051.9200706481934,1050.680061340332,1171.4400825500488,1107.1600799560547,1051.080078125,1210.7600860595703,1060.2400741577148,1048.9000816345217
[TG(48:5)]_FA18:0,970.7200660705566,989.5200691223145,970.8400650024414,974.2200660705566,968.4200744628906,969.5800666809082,1090.0800857543943,972.9600677490234
[TG(48:5)]_FA18:1,1079.6000709533691,1049.5600776672363,1103.5400848388672,1048.200065612793,1100.3600730895996,1052.3400764465332,1103.9800758361816,1114.2200775146484
[TG(48:5)]_FA18:2,1201.200096130371,1215.600067138672,1155.6800689697266,1234.2000923156738,1312.9200897216797,1143.1600799560547,1234.440086364746,1138.100082397461
[TG(48:5)]_FA18:3,1224.1400985717771,1167.1000709533691,1168.0400772094729,1267.440086364746,1457.6001052856443,1295.9000968933103,1173.3800659179688,1223.380084991455
[TG(48:5)]_FA20:4,1247.5600929260254,1308.4200973510742,1249.6000862121582,1245.3600959777832,1313.8600959777832,1253.4600791931152,1286.8200988769531,1309.5200996398926
[TG(48:5)]_FA22:5,1467.8601112365725,1440.0201034545898,1490.6801071166992,1498.6800918579102,1374.4400901794434,1387.8601036071775,1396.740104675293,1559.360107421875
[TG(48:6)]_FA14:0,1050.2000732421875,1035.6600761413574,1120.7000770568848,989.8000679016112,1024.080078125,1171.720085144043,1040.440071105957,994.800064086914
[TG(48:6)]_FA16:0,1273.3200912475586,1378.2200889587402,1523.3001098632812,1563.020107269287,1260.6000862121582,1112.8600730895996,1074.4200706481934,981.0800743103028
[TG(48:6)]_FA16:1,1050.820083618164,1047.320068359375,1096.5600776672363,1108.4800605773926,1051.0600700378418,1062.0400733947754,1053.360065460205,1049.8600730895996
[TG(48:6)]_FA18:0,1045.8800735473633,1194.3400802612305,1107.980079650879,1182.4000816345217,1104.900089263916,1184.5400886535645,1181.800090789795,1088.920078277588
[TG(48:6)]_FA18:1,1207.6200981140137,1049.5600700378418,1135.4600868225098,1076.340072631836,1108.680088043213,1062.0200691223145,1147.920078277588,1060.0600700378418
[TG(48:6)]_FA18:2,1088.9800720214844,1124.100082397461,1149.8200912475586,1099.900074005127,1129.240077972412,1087.2200736999512,1104.2600784301758,1085.680076599121
[TG(48:6)]_FA18:3,1172.380084991455,1166.820083618164,1180.700080871582,1169.7000846862793,1169.840072631836,1204.4800872802734,1206.0400848388672,1237.1200942993164
[TG(48:6)]_FA20:4,1287.3000984191897,1280.940097808838,1250.5600814819336,1246.3000869750977,1273.6000747680664,1300.1000900268557,1248.7000923156738,1249.1600761413574
[TG(48:6)]_FA22:5,1483.000114440918,1394.0401000976562,1376.500099182129,1378.8600845336914,1374.6000900268557,1375.6600914001465,1376.4601097106934,1386.5400924682615
[TG(48:6)]_FA22:6,1576.7601165771484,1603.6001167297363,1612.4201126098633,1537.7401008605957,1621.2601203918457,1493.5200996398926,1500.1800994873047,1543.3601036071775
"[TG(48:7),TG(47:0)]_FA14:0",1522.0801124572754,1290.1800994873047,1598.9801177978516,1448.1601028442385,1924.5601425170896,1394.960090637207,1890.520122528076,1695.140121459961
"[TG(48:7),TG(47:0)]_FA16:0",5371.460418701172,5398.880401611328,5204.100379943848,5922.900421142578,6626.760482788086,1899.940116882324,2205.020126342773,1897.720123291016
"[TG(48:7),TG(47:0)]_FA16:1",1170.400089263916,1052.7200736999512,1074.3800659179688,1137.9000816345217,1050.62007522583,1065.0000762939453,1122.8200798034668,1150.7200813293457
"[TG(48:7),TG(47:0)]_FA18:0",1077.0400772094729,1092.720069885254,1075.7800750732422,1207.0000915527344,1058.5800819396973,1091.9800643920898,1095.9200706481934,1125.4200859069824
"[TG(48:7),TG(47:0)]_FA18:1",1059.3000831604004,1049.4200744628906,1089.8200759887695,1094.060073852539,1174.1600723266602,1201.9600791931152,1104.2600708007812,1161.2200889587402
"[TG(48:7),TG(47:0)]_FA18:2",1217.2800788879397,1158.2800788879397,1250.520092010498,1088.7000732421875,1217.7000923156738,1115.340072631836,1085.8200721740725,1085.780071258545
"[TG(48:7),TG(47:0)]_FA18:3",1177.3400802612305,1167.9800834655762,1167.6200828552246,1213.860080718994,1170.0400733947754,1171.3400764465332,1199.1400871276855,1172.160083770752
"[TG(48:7),TG(47:0)]_FA20:4",1251.060089111328,1249.1800956726074,1306.2800979614258,1258.5400924682615,1253.1200790405271,1254.0200805664062,1312.1600914001465,1280.3600997924805
"[TG(48:7),TG(47:0)]_FA22:5",1515.900104522705,1437.1401023864746,1422.080108642578,1460.7000923156738,1378.4200973510742,1374.8001098632812,1377.580093383789,1458.4601020812988
"[TG(48:7),TG(47:0)]_FA22:6",1633.7001113891602,1576.8601188659668,1780.520133972168,1548.2801055908203,1500.3201026916504,1583.1801147460938,1546.0201034545898,1509.8001136779783
"[TG(48:8),TG(47:1)]_FA14:0",1352.4001007080078,1362.6600875854492,1489.7600936889648,1074.5200843811035,1451.9401054382324,1261.6600914001465,1498.6001052856443,1044.920078277588
"[TG(48:8),TG(47:1)]_FA16:0",2481.0401573181152,2351.200164794922,2158.260150909424,2141.5801582336426,2034.940113067627,1255.1200790405271,1536.600112915039,1170.740089416504
"[TG(48:8),TG(47:1)]_FA16:1",1604.9801139831543,1959.74015045166,2282.20015335083,2185.540153503418,1431.8801040649414,1997.0201377868648,1303.5200881958008,1926.6401481628416
"[TG(48:8),TG(47:1)]_FA18:0",971.2800750732422,972.1400680541992,1022.0400657653807,987.2800674438477,967.4400672912598,1070.4800758361816,999.5600738525392,1012.1600608825684
"[TG(48:8),TG(47:1)]_FA18:1",1546.3601150512695,1246.800090789795,1535.5201110839844,1327.9200859069824,1561.3801040649414,1188.6200904846191,1333.1400909423828,1127.280071258545
"[TG(48:8),TG(47:1)]_FA18:2",1125.1400756835938,1089.1000747680664,1204.280086517334,1146.7400741577148,1104.160083770752,1114.5400772094729,1130.3800659179688,1089.4600868225098
"[TG(48:8),TG(47:1)]_FA18:3",1167.6200790405271,1167.3200759887695,1185.640079498291,1203.440086364746,1169.2400817871094,1217.0200958251953,1173.2200736999512,1232.640079498291
"[TG(48:8),TG(47:1)]_FA20:4",1298.6800918579102,1249.580093383789,1250.1200942993164,1270.7800903320312,1252.840087890625,1270.960090637207,1279.2400970458984,1249.060089111328
"[TG(48:8),TG(47:1)]_FA22:5",1373.6200942993164,1407.60009765625,1472.7201080322266,1411.560089111328,1374.720100402832,1408.8800888061523,1410.2600898742676,1432.640106201172
"[TG(48:8),TG(47:1)]_FA22:6",1597.680118560791,1636.2001152038574,1559.6201057434082,1505.0401077270508,1517.2801094055176,1493.5401039123535,1500.4801025390625,1522.8001098632812
[TG(49:3)]_FA14:0,1157.04008102417,1180.3600769042969,1195.0000839233398,1015.740077972412,1111.7000770568848,1031.04008102417,1238.6200942993164,1049.3400802612305
[TG(49:3)]_FA16:0,1036.9200706481934,1070.300075531006,1407.300106048584,1217.940086364746,1244.5000915527344,982.4200630187988,977.6600761413574,1067.5400772094729
[TG(49:3)]_FA16:1,1656.5801124572754,1661.4401092529297,1631.9201202392578,1384.0200881958008,1385.880084991455,2220.5801696777344,1880.760124206543,1849.2801208496091
[TG(49:3)]_FA18:0,970.9200706481934,993.1000709533693,971.1600685119628,1043.6400718688965,1028.4400787353516,969.3800621032716,969.3400802612304,973.1600646972656
[TG(49:3)]_FA18:1,1189.3000831604004,1174.5400772094729,1127.2400817871094,1079.800075531006,1134.0800819396973,1098.5400772094729,1161.980079650879,1101.1800842285156
[TG(49:3)]_FA18:2,1637.4401054382324,1871.2401428222656,1975.5401420593264,1273.1800994873047,1716.5201148986816,1745.7401275634766,1999.680149078369,1237.0000801086426
[TG(49:3)]_FA18:3,1272.9401016235352,1269.040096282959,1380.8201065063477,1400.8801040649414,1370.7600936889648,1231.220085144043,1306.1600914001465,1230.2000923156738
[TG(49:4)]_FA14:0,996.3200759887696,973.7800750732422,995.1600685119628,1043.1800727844238,1012.2000694274902,999.0600662231444,986.8000679016112,1002.6400718688964
[TG(49:4)]_FA16:0,974.3800659179688,1011.7200736999512,965.4600563049316,1063.440086364746,1018.9000663757324,960.900058746338,961.3000602722168,961.4400634765624
[TG(49:4)]_FA16:1,1194.080078125,1047.420066833496,1252.900089263916,1113.3200798034668,1082.1200675964355,1108.7800827026367,1144.8200759887695,1096.4600677490234
[TG(49:4)]_FA18:0,970.800075531006,971.2400665283204,1003.880069732666,974.4600677490234,969.320068359375,1019.1200675964355,969.1600685119628,972.62007522583
[TG(49:4)]_FA18:1,1094.4000701904297,1064.420078277588,1065.3400764465332,1067.8200645446775,1083.4800758361816,1046.860065460205,1096.5600814819336,1058.2200775146484
[TG(49:4)]_FA18:2,1129.0400772094729,1250.4000968933103,1149.7200775146484,1121.9400787353516,1142.280086517334,1366.1000785827637,1226.12007522583,1167.1800918579102
[TG(49:4)]_FA18:3,1211.6800842285156,1306.6800994873047,1217.8800811767578,1241.020092010498,1169.960075378418,1292.9800910949707,1213.3200912475586,1199.4200859069824
[TG(49:4)]_FA20:4,1262.4200897216797,1249.1800918579102,1250.1000862121582,1272.7400970458984,1300.5600929260254,1253.0200805664062,1249.820083618164,1294.60009765625
[TG(49:5)]_FA14:0,973.62007522583,1021.4800758361816,974.8400840759276,973.4600677490234,970.8400650024414,969.9600677490234,990.3800659179688,1026.500072479248
[TG(49:5)]_FA16:0,1055.1000709533691,991.5400581359864,965.4000625610352,1059.8000717163086,1017.2800712585448,1036.220069885254,961.0400657653807,1016.9400634765624
[TG(49:5)]_FA16:1,1069.740077972412,1047.240062713623,1045.5400733947754,1053.580078125,1049.8000717163086,1052.300075531006,1139.3200759887695,1050.4000701904297
[TG(49:5)]_FA18:0,986.140064239502,970.6400718688964,970.0800628662108,1060.420078277588,1040.1000747680664,1005.0400733947754,988.5600700378418,972.7200775146484
[TG(49:5)]_FA18:1,1074.2000770568848,1108.1600761413574,1059.6800689697266,1078.680076599121,1065.7400741577148,1047.1400680541992,1049.000072479248,1049.4000854492188
[TG(49:5)]_FA18:2,1116.460075378418,1099.7200660705566,1122.260082244873,1087.5200729370115,1119.4200744628906,1087.820068359375,1101.140079498291,1122.500072479248
[TG(49:5)]_FA18:3,1181.5600852966309,1192.1200828552246,1176.3800773620603,1217.960090637207,1169.3000831604004,1200.580078125,1171.8400840759275,1172.3800888061523
[TG(49:5)]_FA20:4,1248.280086517334,1260.820083618164,1248.5200805664062,1245.64009475708,1253.000087738037,1301.9600830078125,1306.8600959777832,1318.1800994873047
[TG(49:5)]_FA22:5,1445.0801010131836,1372.8800964355469,1375.9601020812988,1403.1801147460938,1374.6400985717771,1373.840106964111,1447.5401000976562,1401.0200881958008
[TG(49:6)]_FA14:0,972.8000717163086,1085.6000785827637,1068.4800720214844,1047.1000709533691,1076.3000793457031,1025.420066833496,1170.6600761413574,1044.800067901611
[TG(49:6)]_FA16:0,1887.1401252746584,1727.0201225280762,1806.900127410889,2081.5401573181152,3995.520267486572,1264.400089263916,1391.040096282959,1196.7400817871094
[TG(49:6)]_FA16:1,1052.340087890625,1046.7800674438477,1048.840072631836,1114.280071258545,1049.7800674438477,1054.4800758361816,1075.720085144043,1085.220085144043
[TG(49:6)]_FA18:0,981.7400741577148,1039.8600730895996,1014.8600692749023,974.4200744628906,1048.0200653076172,1044.6200675964355,1031.9800643920898,1019.1600799560548
[TG(49:6)]_FA18:1,1051.520076751709,1063.140079498291,1049.2400703430176,1067.5800743103027,1047.7200660705566,1047.1800689697266,1049.0200729370115,1103.7800788879397
[TG(49:6)]_FA18:2,1105.1200828552246,1088.9600715637207,1148.6800727844238,1112.2200622558594,1120.020076751709,1108.100082397461,1085.4000778198242,1084.7800788879397
[TG(49:6)]_FA18:3,1167.740077972412,1167.5400848388672,1168.260082244873,1169.5600929260254,1220.360088348389,1220.0800819396973,1172.1200828552246,1171.8000869750977
[TG(49:6)]_FA20:4,1261.460105895996,1249.2000885009766,1249.9000968933103,1244.4800834655762,1323.2400856018066,1253.060089111328,1248.840103149414,1248.980079650879
[TG(49:6)]_FA22:5,1423.7601165771484,1421.3600959777832,1403.5401039123535,1409.9200973510742,1374.2000999450684,1375.180088043213,1375.880100250244,1500.700107574463
[TG(49:6)]_FA22:6,1618.8801193237305,1562.0601119995115,1539.860107421875,1527.580108642578,1499.2200965881348,1517.1601066589355,1532.2601051330566,1506.3201179504397
"[TG(49:7),TG(48:0)]_FA14:0",1792.5401306152344,1758.3401107788086,1736.3201217651367,1571.2201042175293,1899.960132598877,1974.8401412963867,3215.0401878356934,1764.9601211547852
"[TG(49:7),TG(48:0)]_FA16:0",16067.58135986328,15241.221237182615,14378.601287841797,18278.241485595703,40734.44268798828,4957.080364227295,8785.880653381348,3915.560230255127
"[TG(49:7),TG(48:0)]_FA16:1",1295.780086517334,1273.620086669922,1428.6200942993164,1248.2200813293457,1284.9400787353516,1425.5201148986816,1638.14009475708,1234.5000686645508
"[TG(49:7),TG(48:0)]_FA18:0",1188.8200798034668,1492.5001182556152,1413.9801025390625,1257.0600929260254,1136.8400802612305,1236.1600914001465,1489.8601036071775,1057.6600875854492
"[TG(49:7),TG(48:0)]_FA18:1",1258.1600761413574,1049.040069580078,1292.5400886535645,1133.7400741577148,1295.7000885009766,1164.260082244873,1123.6400871276855,1049.9200820922852
"[TG(49:7),TG(48:0)]_FA18:2",1141.1800842285156,1109.4200744628906,1257.0400886535645,1087.9800720214844,1178.6200790405271,1161.7800674438477,1099.7200660705566,1084.4400825500488
"[TG(49:7),TG(48:0)]_FA18:3",1167.0800819396973,1167.6400909423828,1167.2400856018066,1226.7200889587402,1184.9600791931152,1222.2400817871094,1247.0400848388672,1198.6400756835938
"[TG(49:7),TG(48:0)]_FA20:4",1247.7400817871094,1300.1200942993164,1250.3200912475586,1257.9801025390625,1253.340087890625,1253.8400764465332,1276.2000999450684,1265.3600845336914
"[TG(49:7),TG(48:0)]_FA22:5",1377.480094909668,1374.4800910949707,1459.8001098632812,1435.1001052856443,1375.1800918579102,1375.660099029541,1375.64009475708,1380.0600814819336
"[TG(49:7),TG(48:0)]_FA22:6",1591.6801261901855,1512.4401092529297,1497.0401153564453,1538.9601097106934,1573.0601119995115,1500.380107879639,1500.340103149414,1498.8601036071775
"[TG(49:8),TG(48:1)]_FA14:0",4806.42036819458,8046.740653991699,3959.040241241455,2502.120178222656,5126.240257263184,2856.64022064209,21939.74154663086,2443.7401542663574
"[TG(49:8),TG(48:1)]_FA16:0",6546.86047744751,6126.6803550720215,6613.720554351807,4988.28031539917,42337.1822052002,2842.0801963806152,15233.060668945312,2434.940155029297
"[TG(49:8),TG(48:1)]_FA16:1",4943.300357818604,4597.360271453857,4433.900272369385,4093.6203079223633,5507.420467376709,3090.260166168213,10021.380596160889,5513.000297546387
"[TG(49:8),TG(48:1)]_FA18:0",1029.520076751709,1024.8800811767578,1129.4800758361816,1024.1400718688965,977.9600639343262,1196.6000862121582,1279.8800888061523,1026.4200744628906
"[TG(49:8),TG(48:1)]_FA18:1",2563.8201866149902,1321.580093383789,1990.6001434326167,2394.980167388916,5068.420352935791,1579.840106964111,2412.2401847839355,2589.320110321045
"[TG(49:8),TG(48:1)]_FA18:2",1351.4000854492188,1187.5400772094729,1433.5401000976562,1088.0000762939453,1227.080078125,1494.1200904846191,1387.4800910949707,1131.1200714111328
"[TG(49:8),TG(48:1)]_FA18:3",1174.2600784301758,1179.880084991455,1167.5800857543943,1173.4200744628906,1214.1800918579102,1167.6800727844238,1173.380084991455,1172.4400825500488
"[TG(49:8),TG(48:1)]_FA20:4",1247.9601020812988,1248.880084991455,1250.260082244873,1244.900089263916,1322.0000839233398,1286.620086669922,1274.0800971984863,1248.8400955200195
"[TG(49:8),TG(48:1)]_FA22:5",1424.3601036071775,1436.0400924682615,1375.240089416504,1378.060089111328,1375.2400970458984,1374.2600936889648,1443.0401077270508,1430.1000938415527
"[TG(49:8),TG(48:1)]_FA22:6",1515.1201095581057,1552.5801124572754,1615.6001091003418,1497.7001037597656,1499.60009765625,1547.5401153564453,1500.220100402832,1499.3001098632812
[TG(50:3)]_FA14:0,5643.080432891846,19333.060871124268,17007.061157226562,11409.700729370115,19674.0011138916,8982.700702667236,68883.82539367676,13870.641368865969
[TG(50:3)]_FA16:0,20186.1407661438,19940.181632995605,22514.441844940186,13818.281032562256,89016.58572006226,32532.602436065677,53146.64351654053,7875.780601501465
[TG(50:3)]_FA16:1,71272.50546264648,91909.18663024902,59228.18305206299,13624.600662231443,28832.88198852539,113252.848361969,176061.8148841858,123110.3063659668
[TG(50:3)]_FA18:0,990.1000709533693,988.1200637817384,1043.62007522583,974.7800674438477,1035.5800819396973,1051.9200859069824,1177.9200820922852,1057.2400703430176
[TG(50:3)]_FA18:1,8715.920349121094,4362.840389251709,11326.420803070068,7157.940322875977,13229.340728759766,7595.640350341797,9038.380527496338,9208.440494537354
[TG(50:3)]_FA18:2,49020.06317138672,62743.32263183594,61323.34451675415,10513.80089187622,34736.76179122925,17895.18098449707,74845.16339874268,25624.420970916748
[TG(50:3)]_FA18:3,1712.5201148986816,2113.280143737793,1824.9401206970213,2523.440196990967,6018.840526580811,3548.300281524658,2709.620140075684,2080.3401641845703
[TG(50:4)]_FA14:0,4515.220401763916,8046.500709533691,7252.180500030518,7530.640525817871,11231.940673828123,3748.28031539917,21301.18189620972,5439.560375213623
[TG(50:4)]_FA16:0,4263.8802490234375,2100.380126953125,2092.180118560791,1947.040153503418,6544.600505828857,1350.7000999450684,3899.240280151367,1553.720127105713
[TG(50:4)]_FA16:1,17385.941493988037,19011.221565246586,13868.000411987305,8978.140502929688,7577.060523986816,27975.76163864136,46728.16379928589,32202.6220703125
[TG(50:4)]_FA18:0,1000.0000686645508,1002.2400741577148,969.9000701904296,984.000072479248,969.0600624084472,1001.0800666809082,1066.6600723266602,972.360080718994
[TG(50:4)]_FA18:1,1456.5401229858398,1267.7400856018066,1859.3401222229004,1139.1400756835938,1766.4201278686523,1624.1201286315918,1529.6600952148438,1213.1200942993164
[TG(50:4)]_FA18:2,13937.7212600708,14807.800960540771,19851.781581878666,6547.740367889404,11617.840850830078,12334.42066192627,22146.601802825928,8406.680656433105
[TG(50:4)]_FA18:3,2088.6001739501958,2339.34020614624,1484.2001037597656,2809.220203399658,5203.920352935791,4937.020336151123,4597.480323791504,2861.62020111084
[TG(50:4)]_FA20:4,1332.280101776123,1279.840087890625,1254.8000946044922,1355.8800964355469,1517.780117034912,1654.500099182129,1971.6401443481443,1559.6401100158691
[TG(50:5)]_FA14:0,1256.420066833496,1715.5601234436035,1147.340072631836,1475.5201110839844,1847.5601081848145,1567.8201332092283,2413.9801902771,1393.480110168457
[TG(50:5)]_FA16:0,1193.9000778198242,1367.920108795166,1499.2001113891602,1081.7200775146484,1106.3600845336914,1143.8200912475586,1181.3000717163086,1127.4200859069824
[TG(50:5)]_FA16:1,2066.1801147460938,2062.340160369873,1677.1001205444336,1582.2200889587402,1563.7001037597656,1948.9201011657717,3472.840187072754,2527.380184173584
[TG(50:5)]_FA18:0,970.4600677490234,974.0600738525392,995.5800704956056,974.1400756835938,969.2000579833984,989.420066833496,1048.5000801086426,973.1400718688964
[TG(50:5)]_FA18:1,1116.7600746154783,1117.920078277588,1048.920066833496,1079.0800666809082,1174.6000785827637,1069.7000732421875,1279.3000831604004,1049.4600791931152
[TG(50:5)]_FA18:2,1923.8401145935056,1410.9401016235352,2493.220195770264,1268.4001007080078,1716.4001083374023,1914.9001235961916,2138.2801780700684,1180.2800903320312
[TG(50:5)]_FA18:3,1335.380107879639,1452.3000984191897,1488.9201049804688,1987.6801376342771,2653.5202102661133,2033.3201332092283,2006.2401237487795,1724.2001266479492
[TG(50:5)]_FA20:4,1315.5000953674316,1249.140079498291,1316.9600868225098,1272.7600898742676,1358.5800971984863,1377.5200958251953,1686.8201179504397,1333.040096282959
[TG(50:5)]_FA22:5,1417.8400917053225,1421.720100402832,1414.420093536377,1501.1601104736328,1387.560089111328,1421.7400970458984,1415.040096282959,1406.9800834655762
[TG(50:6)]_FA14:0,1105.220085144043,977.240062713623,1027.800075531006,1055.920078277588,1131.1600799560547,1145.7200736999512,1048.7600746154783,1022.800075531006
[TG(50:6)]_FA16:0,1075.1600723266602,1207.3000869750977,1312.840103149414,1311.020092010498,1277.6001091003418,1042.9200706481934,1062.7000732421875,998.9000549316406
[TG(50:6)]_FA16:1,1052.2800750732422,1060.400074005127,1112.6800842285156,1069.900074005127,1050.4800720214844,1113.2000694274902,1218.1800842285156,1079.6000785827637
[TG(50:6)]_FA18:0,1032.780071258545,1035.9200706481934,1031.0600700378418,1062.9800758361816,968.720069885254,976.1600685119628,984.300075531006,997.4800720214844
[TG(50:6)]_FA18:1,1119.8000831604004,1104.2400703430176,1084.9000816345217,1135.2200775146484,1145.820087432861,1089.04008102417,1123.5000762939453,1119.9800720214844
[TG(50:6)]_FA18:2,1184.8400764465332,1294.0000953674316,1196.6200790405271,1163.7600784301758,1149.7800788879397,1224.2600784301758,1272.0400924682615,1108.4200820922852
[TG(50:6)]_FA18:3,1168.3000869750977,1167.300075531006,1167.300075531006,1233.100082397461,1216.960090637207,1189.1800842285156,1280.1400833129885,1251.6200790405271
[TG(50:6)]_FA20:4,1315.340087890625,1299.280101776123,1250.4800872802734,1248.8600845336914,1252.6800727844238,1290.500072479248,1283.420078277588,1308.7400932312012
[TG(50:6)]_FA22:5,1373.8000984191897,1440.9801025390625,1424.860092163086,1378.2000999450684,1467.9201011657717,1375.4000930786133,1376.5200958251953,1392.2800941467283
[TG(50:6)]_FA22:6,1612.6801223754885,1510.6800956726074,1571.6001243591309,1535.8601036071775,1531.1600914001465,1532.5801162719729,1582.9201164245603,1539.220100402832
"[TG(50:7),TG(49:0)]_FA14:0",1230.760082244873,1003.4600830078124,1102.8600769042969,1198.7200889587402,1333.4600944519043,1222.3400840759275,996.9200706481934,1081.5400772094729
"[TG(50:7),TG(49:0)]_FA16:0",3732.660259246826,4854.8603515625,4433.320327758789,4150.440315246582,3899.4602699279785,1475.3201026916504,2108.660148620605,1627.4600982666016
"[TG(50:7),TG(49:0)]_FA16:1",1085.0800743103027,1077.480068206787,1121.2800750732422,1087.7000732421875,1051.1200828552246,1230.5600929260254,1101.8800773620603,1105.5600776672363
"[TG(50:7),TG(49:0)]_FA18:0",1297.2400932312012,1320.8801040649414,1233.680103302002,1317.8800926208496,1014.0200729370116,1203.600082397461,1407.2601051330566,985.7000694274902
"[TG(50:7),TG(49:0)]_FA18:1",1122.2000846862793,1058.5600700378418,1238.4600868225098,1121.500057220459,1151.1200790405271,1164.2600746154783,1093.0800666809082,1072.340068817139
"[TG(50:7),TG(49:0)]_FA18:2",1263.620086669922,1171.8000831604004,1134.3800811767578,1087.5400733947754,1094.280071258545,1087.440071105957,1120.5400772094729,1086.1000785827637
"[TG(50:7),TG(49:0)]_FA18:3",1167.5200843811035,1166.960090637207,1167.9200859069824,1169.0800857543943,1191.660083770752,1209.7600898742676,1172.7200813293457,1173.0600852966309
"[TG(50:7),TG(49:0)]_FA20:4",1247.8800926208496,1268.5400924682615,1250.240077972412,1304.5000953674316,1257.980094909668,1253.5200881958008,1310.0001029968262,1248.440086364746
"[TG(50:7),TG(49:0)]_FA22:5",1373.5401039123535,1374.1600952148438,1375.7001037597656,1382.7400932312012,1375.3600959777832,1373.7000999450684,1389.3600959777832,1381.6600952148438
"[TG(50:7),TG(49:0)]_FA22:6",1497.6401100158691,1514.260108947754,1545.5001106262207,1528.0401153564453,1539.1201171875,1533.260097503662,1500.4400939941406,1499.2001113891602
"[TG(50:8),TG(49:1)]_FA14:0",1044.9000816345217,1044.5200843811035,999.2800712585448,1011.960075378418,1195.680076599121,1132.4200744628906,1307.3800888061523,1040.240077972412
"[TG(50:8),TG(49:1)]_FA16:0",4254.680294036865,2396.860191345215,3554.6202964782715,2934.320198059082,2655.7001724243164,1827.14013671875,2188.240165710449,1568.0201110839844
"[TG(50:8),TG(49:1)]_FA16:1",1406.460090637207,1455.8601036071775,1559.7001037597656,1602.9001159667969,1346.8000984191897,1874.8201332092283,1737.7001304626465,1659.4000968933103
"[TG(50:8),TG(49:1)]_FA18:0",971.6000709533693,1001.5800666809082,1072.0400772094729,1083.2200775146484,968.880069732666,1068.980079650879,1007.6400756835938,1131.2800788879397
"[TG(50:8),TG(49:1)]_FA18:1",1934.6801300048828,1203.4200897216797,1549.5801048278809,1630.5001068115234,1941.9401206970213,1185.6600799560547,1496.180103302002,1306.160099029541
"[TG(50:8),TG(49:1)]_FA18:2",1366.7800941467283,1251.9400825500488,1207.9200820922852,1145.000072479248,1311.700096130371,1193.8000831604004,1135.2200736999512,1100.260082244873
"[TG(50:8),TG(49:1)]_FA18:3",1167.3000793457031,1197.1000747680664,1171.2200813293457,1197.920078277588,1170.760066986084,1208.260082244873,1172.7600860595703,1181.240077972412
"[TG(50:8),TG(49:1)]_FA20:4",1249.3200912475586,1249.4600944519043,1277.320083618164,1246.5600852966309,1253.500087738037,1253.2600860595703,1282.240089416504,1292.0200881958008
"[TG(50:8),TG(49:1)]_FA22:5",1399.2801055908203,1372.8200988769531,1374.960090637207,1416.8801040649414,1375.7000999450684,1388.820095062256,1375.6000900268557,1402.440086364746
"[TG(50:8),TG(49:1)]_FA22:6",1576.7401008605957,1515.3001098632812,1530.1401100158691,1498.040111541748,1556.3400955200195,1494.060115814209,1499.5800971984863,1566.4801025390625
"[TG(50:9),TG(49:2)]_FA14:0",1210.2600860595703,1122.8000831604004,1171.9000778198242,1184.080093383789,1321.060089111328,1004.0800704956056,1761.3201217651367,1039.4600715637207
"[TG(50:9),TG(49:2)]_FA16:0",1642.5001220703125,1700.6601219177246,3121.100242614746,1698.3801231384275,3288.7402420043945,1533.980110168457,2121.900188446045,1154.440071105957
"[TG(50:9),TG(49:2)]_FA16:1",2403.020168304444,2159.2001609802246,2901.220203399658,1748.2201347351074,1294.0001029968262,2468.7801933288574,2505.140205383301,2128.120140075684
"[TG(50:9),TG(49:2)]_FA18:0",970.440071105957,1004.300064086914,1061.2400703430176,1013.540069580078,1065.3800659179688,1016.2200736999512,995.1800765991212,991.8600730895996
"[TG(50:9),TG(49:2)]_FA18:1",2010.7201461791992,1234.4400825500488,1580.100128173828,1538.5601119995115,1758.3401222229004,1228.1800956726074,1434.4201011657717,1219.160083770752
"[TG(50:9),TG(49:2)]_FA18:2",2020.8801498413088,2667.0001945495605,2451.4801712036133,1274.0400772094729,1572.9201202392578,2260.520164489746,1859.7601318359373,1576.8601188659668
"[TG(50:9),TG(49:2)]_FA18:3",1179.8400764465332,1222.2600898742676,1172.2200889587402,1209.4400825500488,1236.5400733947754,1226.7800788879397,1173.400074005127,1205.5000915527344
"[TG(50:9),TG(49:2)]_FA20:4",1267.5400886535645,1248.660083770752,1250.4200820922852,1245.2200927734375,1271.9400825500488,1267.5400848388672,1249.320087432861,1269.7600898742676
"[TG(50:9),TG(49:2)]_FA22:5",1402.2200965881348,1385.2200813293457,1395.740089416504,1419.3600997924805,1374.6401023864746,1376.1800956726074,1376.4200820922852,1396.180103302002
"[TG(50:9),TG(49:2)]_FA22:6",1640.8201179504397,1534.9001007080078,1528.9201126098633,1498.6600952148438,1595.040111541748,1523.4001159667969,1542.2001152038574,1499.380107879639
[TG(51:4)]_FA14:0,1053.4400825500488,983.5600662231444,974.840072631836,979.2400703430176,990.2200546264648,969.9800643920898,1100.1800842285156,973.5200691223145
[TG(51:4)]_FA16:0,1576.2000923156738,1702.9601135253906,1584.7400970458984,1406.9200973510742,1950.0801467895508,1172.960075378418,1435.1401023864746,1064.4400596618652
[TG(51:4)]_FA16:1,1750.7801513671875,1724.3401184082031,1789.260124206543,1279.560089111328,1255.3000946044922,2655.060173034668,2101.300151824951,2607.7001953125
[TG(51:4)]_FA18:0,971.220069885254,995.3200607299804,969.9800720214844,976.0600700378418,968.9600639343262,969.7600708007812,971.6000747680664,973.3200607299804
[TG(51:4)]_FA18:1,1209.4400939941406,1168.6200790405271,1071.060073852539,1092.2600708007812,1086.3600769042969,1059.8800811767578,1487.540126800537,1220.640079498291
[TG(51:4)]_FA18:2,3006.3201942443848,3240.200183868408,4993.080348968506,2293.4201889038086,2477.5001792907715,3436.9002113342285,3680.260196685791,1999.9001235961916
[TG(51:4)]_FA18:3,1241.5400772094729,1296.3400917053225,1262.520076751709,1446.5601043701172,1531.860092163086,2207.180191040039,1509.2001152038574,1237.4000854492188
[TG(51:4)]_FA20:4,1269.5200843811035,1279.580093383789,1353.1200942993164,1245.7000923156738,1408.9600868225098,1300.6000938415527,1312.5600852966309,1291.8200912475586
[TG(51:5)]_FA14:0,1014.240077972412,973.9200706481934,1012.820083618164,973.12007522583,999.2800674438477,969.920066833496,1059.360080718994,1009.9800682067872
[TG(51:5)]_FA16:0,1001.0800628662108,999.6200675964355,1057.4600715637207,1053.0600700378418,1108.1000709533691,1033.960075378418,960.6400680541992,977.2000617980956
[TG(51:5)]_FA16:1,1175.6200942993164,1169.04008102417,1226.6400833129885,1085.3400764465332,1066.7200736999512,1349.520092010498,1052.3000831604004,1064.5800704956057
[TG(51:5)]_FA18:0,983.3400764465332,989.7800674438477,969.9600677490234,974.220069885254,969.8600730895996,970.7200775146484,986.640064239502,972.820068359375
[TG(51:5)]_FA18:1,1060.6400680541992,1049.0600662231443,1064.0600700378418,1092.100082397461,1047.2000694274902,1048.1000785827637,1098.06005859375,1050.1600761413574
[TG(51:5)]_FA18:2,1284.3200912475586,1445.120101928711,1593.9001121520996,1373.8200759887695,1248.5400848388672,1592.9600982666016,1427.9401206970217,1246.2000732421875
[TG(51:5)]_FA18:3,1320.4000854492188,1387.1000900268557,1242.8000984191897,1536.2800827026367,1409.14009475708,1769.4201354980469,1476.360107421875,1279.760082244873
[TG(51:5)]_FA20:4,1264.2200927734375,1248.800090789795,1250.7200813293457,1256.7200889587402,1336.980094909668,1269.1400871276855,1298.500087738037,1296.1600952148438
[TG(51:5)]_FA22:5,1439.4601020812988,1405.0200958251953,1394.7800979614258,1402.06010055542,1374.220100402832,1403.1000938415527,1388.8200912475586,1442.6200942993164
[TG(51:6)]_FA14:0,1007.5000762939452,973.340061187744,1005.4600791931152,1047.2400703430176,1018.2200736999512,1079.3000793457031,1055.8600730895996,998.1400680541992
[TG(51:6)]_FA16:0,1205.200080871582,1338.1200828552246,1352.720085144043,1136.100067138672,1881.0601348876955,1030.0800743103027,1030.2400703430176,1011.5400772094728
[TG(51:6)]_FA16:1,1069.5200691223145,1061.8800773620603,1076.5600700378418,1054.660068511963,1050.6200790405271,1051.7400703430176,1117.0600929260254,1086.0200653076172
[TG(51:6)]_FA18:0,1008.4600677490234,1027.960075378418,1054.340068817139,1036.7800788879397,1012.3600730895996,1057.100067138672,1119.860088348389,1074.040069580078
[TG(51:6)]_FA18:1,1223.1200790405271,1056.520076751709,1086.5400733947754,1126.2600746154783,1211.8000831604004,1047.7000770568848,1049.400074005127,1149.0600967407229
[TG(51:6)]_FA18:2,1101.8200798034668,1141.0400772094729,1162.020092010498,1099.9600677490234,1104.2800788879397,1159.8000869750977,1126.980079650879,1085.5200653076172
[TG(51:6)]_FA18:3,1172.3400917053225,1167.3000831604004,1175.5600776672363,1239.0000762939453,1246.3000793457031,1287.4800834655762,1172.800075531006,1170.840068817139
[TG(51:6)]_FA20:4,1247.1400909423828,1260.3400917053225,1250.360080718994,1245.7800941467283,1334.440097808838,1317.4200859069824,1268.7800903320312,1249.160083770752
[TG(51:6)]_FA22:5,1374.840103149414,1373.920093536377,1426.0401039123535,1444.8001098632812,1495.4801025390625,1475.9601020812988,1382.800090789795,1440.4601020812988
[TG(51:6)]_FA22:6,1511.2801055908203,1608.4001121520996,1555.5401077270508,1497.8001098632812,1499.860107421875,1511.560115814209,1499.640106201172,1549.1001052856443
"[TG(51:7),TG(50:0)]_FA14:0",1163.5000915527344,1023.4800643920898,1035.1400718688965,1140.4400787353516,1215.4800910949707,1214.740077972412,1409.5001029968262,1072.660083770752
"[TG(51:7),TG(50:0)]_FA16:0",13440.000953674316,15473.280715942385,10206.600662231443,9542.360580444336,22888.00173187256,5451.700256347656,9026.080490112305,2359.9601821899414
"[TG(51:7),TG(50:0)]_FA16:1",1326.5200996398926,1172.1600761413574,1169.3200721740725,1095.4400901794434,1101.900089263916,1134.1000900268557,1235.2400932312012,1417.9401054382324
"[TG(51:7),TG(50:0)]_FA18:0",1611.640121459961,2206.820167541504,2787.380153656006,2444.2801933288574,2077.1601524353027,1537.7601013183594,3920.140327453613,2743.740196228028
"[TG(51:7),TG(50:0)]_FA18:1",2708.340244293213,1804.3801460266116,2773.9001998901367,1709.820095062256,3795.6802368164062,1645.7401428222656,2107.860153198242,1900.4001541137693
"[TG(51:7),TG(50:0)]_FA18:2",1166.9800758361816,1235.5000915527344,1182.2600784301758,1160.3400802612305,1201.0800857543943,1132.4000778198242,1178.6600761413574,1148.4400825500488
"[TG(51:7),TG(50:0)]_FA18:3",1166.8400840759275,1166.3800888061523,1173.1000747680664,1168.6200828552246,1170.3600730895996,1193.760097503662,1207.7400817871094,1173.4600677490234
"[TG(51:7),TG(50:0)]_FA20:4",1247.7600860595703,1248.9600944519043,1249.7400856018066,1245.320087432861,1319.9800872802734,1274.320087432861,1248.6800727844238,1263.700096130371
"[TG(51:7),TG(50:0)]_FA22:5",1373.2400970458984,1373.56010055542,1387.2001037597656,1378.1200942993164,1396.2601013183594,1375.0401000976562,1376.4401016235352,1386.960105895996
"[TG(51:7),TG(50:0)]_FA22:6",1547.220100402832,1499.4801063537598,1513.780117034912,1529.1401176452637,1500.020092010498,1574.300106048584,1500.920108795166,1498.6601181030271
"[TG(51:8),TG(50:1)]_FA14:0",1414.660099029541,2343.000202178955,2089.800163269043,1672.9001159667969,3581.7002143859863,1592.7401390075684,8300.740566253662,2635.4402351379395
"[TG(51:8),TG(50:1)]_FA16:0",48362.74297332764,51976.10306549072,40621.922203063965,24739.261657714844,212774.80876159668,54072.24395751953,99670.52649307252,44620.40354156494
"[TG(51:8),TG(50:1)]_FA16:1",6666.12036895752,8706.780700683594,3377.2802772521973,3888.160301208496,3024.5202140808105,10703.76086807251,14137.800930023192,12524.560962677002
"[TG(51:8),TG(50:1)]_FA18:0",1544.1001243591309,2121.520156860352,2425.880199432373,1316.2400856018066,2902.740135192871,2192.72017288208,6999.280536651611,3056.80020904541
"[TG(51:8),TG(50:1)]_FA18:1",25245.34139251709,9967.760955810549,24139.961952209476,11634.300819396973,35112.422229766846,13704.060562133787,17599.46184539795,13739.940860748293
"[TG(51:8),TG(50:1)]_FA18:2",4282.100196838379,5058.500358581543,4682.580322265625,1263.4200859069824,5093.560333251953,2083.820125579834,5220.940433502197,2036.120132446289
"[TG(51:8),TG(50:1)]_FA18:3",1203.0000839233398,1223.660083770752,1168.0600852966309,1255.3800926208496,1200.320083618164,1166.7600860595703,1216.6400833129885,1178.4600791931152
"[TG(51:8),TG(50:1)]_FA20:4",1246.700080871582,1249.7800903320312,1249.520092010498,1244.9600868225098,1251.9400825500488,1287.520076751709,1290.8800888061523,1249.3800888061523
"[TG(51:8),TG(50:1)]_FA22:5",1373.9000968933103,1449.320095062256,1375.4000930786133,1379.0000953674316,1398.3000869750977,1464.9801025390625,1434.6001014709473,1484.1800994873047
"[TG(51:8),TG(50:1)]_FA22:6",1498.7801132202148,1528.1801071166992,1523.3401107788086,1499.2601127624512,1527.3201065063477,1507.1801147460938,1500.8400917053225,1499.1801071166992
"[TG(51:9),TG(50:2)]_FA14:0",8313.540466308594,14774.06101989746,9490.860530853271,5834.320362091064,14354.52066040039,6407.200538635254,50778.12404632568,10428.220840454102
"[TG(51:9),TG(50:2)]_FA16:0",57548.844787597656,58540.82299804688,55375.00344085693,33805.64197540283,296023.455368042,79241.58562469482,141529.10816192627,52226.42373275757
"[TG(51:9),TG(50:2)]_FA16:1",68045.14434432983,76704.20499420166,21657.961448669437,8184.42068862915,21073.02094650269,92580.5849723816,133291.89475631714,117324.60792541504
"[TG(51:9),TG(50:2)]_FA18:0",1326.940086364746,1318.1600799560547,1759.440113067627,1114.0800857543943,1703.2201080322266,1398.480094909668,2070.540153503418,1786.1201438903809
"[TG(51:9),TG(50:2)]_FA18:1",30723.922286987305,10792.38063812256,30080.00280380249,12363.140895843506,36809.50363922119,17794.001289367676,22673.92180633545,23132.10185623169
"[TG(51:9),TG(50:2)]_FA18:2",37264.04325866699,47545.864070892334,49359.1430015564,10451.100914001465,45219.24405288696,26840.041431427,56713.40409088135,15024.321086883543
"[TG(51:9),TG(50:2)]_FA18:3",1196.2800827026367,1244.7200965881348,1266.440086364746,1325.0600852966309,1638.8401107788086,1464.2400970458984,1370.3000984191897,1391.2601013183594
"[TG(51:9),TG(50:2)]_FA20:4",1247.6400909423828,1250.0000801086426,1250.120086669922,1254.740089416504,1253.4800834655762,1301.160083770752,1247.8000831604004,1263.000087738037
"[TG(51:9),TG(50:2)]_FA22:5",1471.480110168457,1421.6401100158691,1520.340106964111,1609.8201026916504,1462.2201042175293,1413.4801063537598,1538.9601135253906,1618.9001083374023
"[TG(51:9),TG(50:2)]_FA22:6",1609.6801300048828,1570.860122680664,1614.2601165771484,1508.1801071166992,1534.840106964111,1672.4001121520996,1526.2201080322266,1538.2801055908203
"[TG(52:10),TG(51:3)]_FA14:0",1057.800067901611,1019.500072479248,1022.900058746338,1030.6200828552246,1059.000072479248,1047.0000686645508,1037.360065460205,1010.5800666809082
"[TG(52:10),TG(51:3)]_FA16:0",4649.220184326172,4031.5802993774414,4561.740253448486,1956.680126190185,4178.200275421143,2757.440155029297,2692.6601905822754,2032.60013961792
"[TG(52:10),TG(51:3)]_FA16:1",2285.280158996582,2576.1602096557617,1900.3201179504397,1592.7801246643066,1512.9401206970217,2982.30016708374,3003.8201751708984,4020.300277709961
"[TG(52:10),TG(51:3)]_FA18:0",970.7800674438477,971.340072631836,992.5600662231444,1017.4600715637208,992.8400688171388,1000.9200706481934,1009.2600746154784,993.0800666809082
"[TG(52:10),TG(51:3)]_FA18:1",2901.880210876465,1773.700122833252,3655.480247497559,2462.480155944824,3116.760208129883,1273.04008102417,2154.440185546875,1779.320167541504
"[TG(52:10),TG(51:3)]_FA18:2",5983.980449676514,6357.200344085693,7171.600559234619,2244.4801330566406,3130.8602294921875,5240.760318756104,6615.940437316895,3578.4803047180176
"[TG(52:10),TG(51:3)]_FA18:3",1209.5000762939453,1168.0800819396973,1217.2000732421875,1215.5000839233398,1460.500114440918,1261.7600898742676,1238.5800895690918,1171.9600830078125
"[TG(52:10),TG(51:3)]_FA20:4",1248.0600929260254,1247.500087738037,1265.1000862121582,1317.7600860595703,1289.2200965881348,1253.2800903320312,1248.2200927734375,1248.320087432861
"[TG(52:10),TG(51:3)]_FA22:5",1455.1201133728027,1373.8800964355469,1375.360092163086,1407.920093536377,1391.1400909423828,1376.740089416504,1386.820087432861,1379.440097808838
"[TG(52:10),TG(51:3)]_FA22:6",1499.0201034545898,1555.020107269287,1497.820110321045,1498.1001014709473,1500.4401054382324,1494.6001014709473,1500.020107269287,1515.2801094055176
[TG(52:4)]_FA14:0,1522.860122680664,1741.2601585388184,1195.680088043213,1554.2001037597656,1834.740135192871,1944.9801216125488,4014.220268249512,1369.0800857543943
[TG(52:4)]_FA16:0,154551.32863235474,63968.22373962402,113314.83268737792,94979.76795196532,239802.85011291504,129940.13063049316,116833.9867477417,57441.88541793823
[TG(52:4)]_FA16:1,61736.36377334595,80498.84549331665,31935.48134994507,16670.601104736328,22078.24151611328,139009.0445022583,159918.35219192505,173878.75434875488
[TG(52:4)]_FA18:0,1130.0600814819336,1132.120086669922,1118.0400886535645,1202.0600814819336,1029.7400703430176,1137.020076751709,1632.8401260375977,1200.5800895690918
[TG(52:4)]_FA18:1,31967.44228363037,15455.00104522705,59717.9054107666,34873.4619102478,45435.44427871704,28390.54192352295,45152.30262374878,28904.52276611328
[TG(52:4)]_FA18:2,274246.7960586548,345616.35091400146,567454.0973129272,128153.99272155762,221425.6849937439,298139.0777130127,447638.0569915772,140459.64965820312
[TG(52:4)]_FA18:3,7865.300651550293,8461.160404205322,12317.2407913208,19874.600902557373,30354.08229446411,35750.74285888672,26835.48221206665,12364.520900726318
[TG(52:4)]_FA20:4,2367.880168914795,2529.8001861572266,2054.700157165528,2394.9601821899414,2978.380195617676,3098.0002479553223,8256.300567626953,3394.860305786133
[TG(52:5)]_FA14:0,1138.0400886535645,1974.8001556396484,1784.2801322937012,1432.0601119995115,1632.880111694336,1824.8001098632808,3458.120258331299,1376.4401092529297
[TG(52:5)]_FA16:0,6561.600570678711,7087.160491943359,11656.861122131348,9186.580543518066,28602.342571258545,11778.82099533081,12071.62103652954,3110.2602005004883
[TG(52:5)]_FA16:1,23644.40168762207,32942.62130737305,17681.821132659912,13046.18115234375,10948.421035766602,55798.56325149536,61638.544441223145,49643.16298675537
[TG(52:5)]_FA18:0,971.2400741577148,984.4800682067872,1007.2000770568848,974.260082244873,1008.2200736999512,969.6400680541992,1047.8600730895996,973.260066986084
[TG(52:5)]_FA18:1,2791.940231323242,2034.2801055908203,5369.640285491943,4063.4003715515137,3834.5402870178223,2805.1402282714844,3785.2203254699702,2841.1402320861816
[TG(52:5)]_FA18:2,46496.02380371094,61569.02507019043,103673.31016540527,23145.90139389038,36969.44355010986,55342.04427337647,80741.52577209473,28139.581310272217
[TG(52:5)]_FA18:3,7412.000576019287,9974.800785064695,13330.480854034424,27687.341480255127,28659.42238998413,37485.96291732788,25789.8618850708,8564.740509033203
[TG(52:5)]_FA20:4,1911.840133666992,2957.920185089112,2216.8801651000977,2519.000213623047,3298.92028427124,4676.680370330811,11545.621032714844,3867.020328521729
[TG(52:5)]_FA22:5,1673.360134124756,1935.6001243591309,2010.4001388549805,1834.4601097106931,1410.500099182129,1480.360107421875,1702.9201202392578,2369.7401809692383
[TG(52:6)]_FA14:0,1051.6800842285156,1562.380126953125,1235.7200889587402,1177.780086517334,1347.3200912475586,1105.500072479248,2337.540134429932,1100.760082244873
[TG(52:6)]_FA16:0,2251.4201698303223,1541.140121459961,2477.7801628112798,1468.2601013183594,3006.7802543640137,1144.5200805664062,1615.2601013183594,1471.5800819396973
[TG(52:6)]_FA16:1,4169.300277709961,4774.420314788818,2517.560188293457,2426.8201446533203,2271.64017868042,7012.140502929688,6797.380443572998,6255.840362548828
[TG(52:6)]_FA18:0,969.9800643920898,1032.4000778198242,970.220069885254,1019.1800765991212,1021.000072479248,1031.9400825500488,1065.6400833129885,1007.100067138672
[TG(52:6)]_FA18:1,1183.6200828552246,1060.1400756835938,1213.6600952148438,1369.6401023864746,1146.040069580078,1047.9400749206543,1246.8600730895996,1186.7200889587402
[TG(52:6)]_FA18:2,5178.860279083252,5517.040302276611,7753.160552978516,3476.5202140808105,4098.900318145752,5096.040332794189,6380.720600128174,3596.780185699463
[TG(52:6)]_FA18:3,2748.5601921081543,2853.760238647461,3833.960250854492,6336.60050201416,6436.320503234863,7609.560611724853,5780.440418243408,3213.1602325439453
[TG(52:6)]_FA20:4,1527.3601112365725,1989.0001373291016,1424.7201118469238,1890.6601333618164,1945.1001586914065,2638.3001976013184,5013.540241241455,2787.700225830078
[TG(52:6)]_FA22:5,1373.740089416504,1403.6200904846191,1374.7400932312012,1583.080108642578,1391.5401000976562,1413.7801094055176,1501.380107879639,1485.6400985717771
[TG(52:6)]_FA22:6,1899.720142364502,1820.60013961792,1882.7801322937007,1676.260124206543,1567.600112915039,1837.2201309204104,2392.580181121826,1612.4801177978516
"[TG(52:7),TG(51:0)]_FA14:0",1139.360080718994,1130.680088043213,1268.7800827026367,1067.440071105957,1084.6800689697266,1145.9600868225098,1672.8601112365725,1034.740062713623
"[TG(52:7),TG(51:0)]_FA16:0",1963.6801414489744,1797.8001441955566,1690.6401138305664,1461.9600982666016,1915.700134277344,1160.000087738037,1257.4000778198242,1291.8600845336914
"[TG(52:7),TG(51:0)]_FA16:1",1476.0601081848145,1391.6000938415527,1313.5800857543943,1219.480079650879,1268.3800964355469,1476.8001098632812,1179.2800827026367,1464.9000930786133
"[TG(52:7),TG(51:0)]_FA18:0",1021.8000793457032,1117.540069580078,1143.8400840759275,1137.660083770752,1159.4400787353516,1179.360080718994,1053.1200714111328,1067.300090789795
"[TG(52:7),TG(51:0)]_FA18:1",1176.6000862121582,1049.4600830078125,1086.220069885254,1152.8600769042969,1070.3600692749023,1060.1800651550293,1048.5600776672363,1119.6800804138184
"[TG(52:7),TG(51:0)]_FA18:2",1223.6000862121582,1467.16011428833,1565.4601287841797,1548.340129852295,1223.220085144043,1405.720100402832,1756.3201332092283,1180.4800834655762
"[TG(52:7),TG(51:0)]_FA18:3",1205.480079650879,1210.4000778198242,1336.4200973510742,1636.9201202392578,1686.4400939941406,1647.8801040649414,1394.7801094055176,1251.2400856018066
"[TG(52:7),TG(51:0)]_FA20:4",1248.7800903320312,1263.3800964355469,1320.660099029541,1345.120101928711,1293.3000869750977,1302.7400856018066,1287.9000930786133,1265.800090789795
"[TG(52:7),TG(51:0)]_FA22:5",1409.9600868225098,1431.980094909668,1519.620101928711,1398.680103302002,1374.3001098632812,1389.8200912475586,1437.360092163086,1379.340087890625
"[TG(52:7),TG(51:0)]_FA22:6",1602.64009475708,1567.340114593506,1803.9601364135744,1506.5601081848145,1631.7601203918457,1563.5001068115234,1702.360122680664,1503.6601104736328
"[TG(52:8),TG(51:1)]_FA14:0",993.7800712585448,987.5000686645508,987.3600845336914,1006.2200775146484,1050.0200881958008,1065.920078277588,1013.8000564575196,973.9000625610352
"[TG(52:8),TG(51:1)]_FA16:0",1780.720127105713,3318.1802673339844,2831.000156402588,2619.9802055358887,3843.920303344727,1383.4400901794434,2344.8001403808594,1715.1801300048828
"[TG(52:8),TG(51:1)]_FA16:1",1272.9200820922852,1124.740077972412,1255.6000785827637,1121.780071258545,1154.6600646972656,1120.5200843811035,1175.920078277588,1402.880111694336
"[TG(52:8),TG(51:1)]_FA18:0",1268.0600967407229,1165.680088043213,1167.9600830078125,1144.2800827026367,1014.8200721740724,1236.3400840759275,1259.54008102417,1028.1400833129885
"[TG(52:8),TG(51:1)]_FA18:1",1855.4601516723635,1325.0000801086426,1764.2401161193848,1737.260108947754,2023.8001403808596,1519.3400955200195,1477.3801193237305,1412.8601036071775
"[TG(52:8),TG(51:1)]_FA18:2",1279.7000885009766,1278.04008102417,1232.3600845336914,1178.8000793457031,1238.320083618164,1467.320095062256,1229.7600746154783,1119.0800819396973
"[TG(52:8),TG(51:1)]_FA18:3",1210.9000816345217,1217.1800804138184,1166.5000839233398,1274.3800888061523,1215.8400840759275,1236.300090789795,1223.440086364746,1172.4000816345217
"[TG(52:8),TG(51:1)]_FA20:4",1256.3201026916504,1248.0600852966309,1249.7800903320312,1251.7600936889648,1276.2800903320312,1252.54008102417,1293.3600997924805,1248.4800834655762
"[TG(52:8),TG(51:1)]_FA22:5",1396.380100250244,1401.820095062256,1472.0601043701172,1437.6001014709473,1375.2400970458984,1375.7400932312012,1422.880100250244,1419.7400970458984
"[TG(52:8),TG(51:1)]_FA22:6",1499.240104675293,1498.56010055542,1627.6201171875,1594.2201118469238,1499.820110321045,1527.120101928711,1598.8801040649414,1509.9201011657717
"[TG(52:9),TG(51:2)]_FA14:0",1105.2600784301758,1017.1000633239746,1067.5400772094729,990.4800643920898,981.5800704956056,1042.1000747680664,1212.920078277588,1001.8400650024414
"[TG(52:9),TG(51:2)]_FA16:0",6756.200542449951,3186.0401611328125,2846.880256652832,2084.0401458740234,7374.720375061035,4213.680282592773,4554.000381469727,1615.7601203918457
"[TG(52:9),TG(51:2)]_FA16:1",1762.460147857666,1839.5001258850095,1474.2600936889648,1410.9401092529297,1200.6200790405271,2355.1601638793945,2154.820140838623,2445.860195159912
"[TG(52:9),TG(51:2)]_FA18:0",1104.740089416504,971.540069580078,1189.0200881958008,1090.7000846862793,968.7200660705566,1063.960075378418,1440.5601119995115,1018.6000862121582
"[TG(52:9),TG(51:2)]_FA18:1",4610.900375366211,2369.240161895752,4771.940326690674,3065.660259246826,4465.720317840576,2854.2201385498047,3429.020217895508,3254.1402015686035
"[TG(52:9),TG(51:2)]_FA18:2",2660.320224761963,2035.7401084899905,2811.600204467773,1232.360080718994,1395.9600944519043,1544.460117340088,2020.4801406860352,1350.2400932312012
"[TG(52:9),TG(51:2)]_FA18:3",1167.1800842285156,1167.0800743103027,1167.1200828552246,1168.3400840759275,1206.7000846862793,1229.8800964355469,1173.340072631836,1172.8600769042969
"[TG(52:9),TG(51:2)]_FA20:4",1263.7800941467283,1249.7600746154783,1249.9400787353516,1245.0000801086426,1252.820095062256,1295.680088043213,1295.760097503662,1247.5800857543943
"[TG(52:9),TG(51:2)]_FA22:5",1384.940097808838,1374.6800994873047,1378.9400939941406,1409.3800888061523,1374.300090789795,1413.6001014709473,1393.7200927734375,1403.1600914001465
"[TG(52:9),TG(51:2)]_FA22:6",1535.8801193237305,1563.8000984191897,1518.060115814209,1498.060115814209,1500.420108795166,1493.0801048278809,1500.080093383789,1505.9001083374023
"[TG(53:10),TG(52:3)]_FA14:0",1677.5801391601562,2402.440200805664,2019.0401763916016,1424.020118713379,2355.760162353516,2270.280132293701,2793.000186920166,1508.280101776123
"[TG(53:10),TG(52:3)]_FA16:0",484839.9862670898,200052.53443145752,271612.6316680908,174864.8322944641,574816.6695251465,370443.1411247253,399971.89601898193,224578.54149627688
"[TG(53:10),TG(52:3)]_FA16:1",57892.50344085693,72742.96467971802,18843.20127105713,9693.880744934082,15658.720863342283,105541.34674453735,147186.6940612793,175815.75129699707
"[TG(53:10),TG(52:3)]_FA18:0",2198.1601753234863,4675.920211791992,5027.800453186035,4370.6003341674805,3743.400287628174,4005.380340576172,14419.581211090088,2589.160167694092
"[TG(53:10),TG(52:3)]_FA18:1",227949.3379020691,95195.1668319702,380301.2249259949,172337.73286437988,287978.894821167,154498.29149627686,241379.03828048703,168528.1111907959
"[TG(53:10),TG(52:3)]_FA18:2",384438.9220581055,470048.1969223023,622357.5566329956,94778.42650222778,271467.6235733032,414118.2884597778,594214.2363777161,214702.04078292847
"[TG(53:10),TG(52:3)]_FA18:3",1817.0201416015625,2051.680145263672,2350.8202018737798,3194.7802238464355,4696.180419921875,4848.460330963135,3961.260318756104,1998.420124053955
"[TG(53:10),TG(52:3)]_FA20:4",1308.980079650879,1295.1800956726074,1294.2800941467283,1323.6000938415527,1410.2800827026367,1544.1001052856443,1602.020118713379,1405.9801063537598
"[TG(53:10),TG(52:3)]_FA22:5",2952.760227203369,2727.8602142333984,2591.66015625,2237.420154571533,1763.5401344299316,2039.58016204834,2570.1801948547363,3687.940307617188
"[TG(53:10),TG(52:3)]_FA22:6",1552.0801124572754,1720.2801094055176,1677.1201133728027,1509.2801055908203,1499.5601043701172,1533.3401184082031,1587.4001007080078,1660.900119781494
[TG(53:6)]_FA14:0,973.1600723266602,1013.8200721740724,974.860080718994,1021.2000885009766,990.6600723266602,1019.3600692749023,1036.7000732421875,973.62007522583
[TG(53:6)]_FA16:0,1287.2600860595703,1185.3400917053225,1032.000072479248,1167.4600791931152,1334.7000999450684,1008.2400665283204,1133.820068359375,999.7800636291504
[TG(53:6)]_FA16:1,1051.0400657653809,1060.5400733947754,1066.700065612793,1079.7200660705566,1051.0600776672363,1181.7400856018066,1122.980079650879,1106.6800804138184
[TG(53:6)]_FA18:0,1062.8800735473633,1079.5600852966309,1162.260082244873,1000.0600852966307,1055.2000694274902,1015.5800666809082,1160.5800971984863,1045.6600799560547
[TG(53:6)]_FA18:1,1051.0400772094729,1069.720069885254,1130.8800735473633,1090.6800842285156,1119.0000762939453,1070.100067138672,1096.580078125,1088.5000686645508
[TG(53:6)]_FA18:2,1465.600112915039,1471.820087432861,1792.5401420593262,1194.8000793457031,1432.820087432861,1627.5601272583008,1325.380100250244,1196.0800857543943
[TG(53:6)]_FA18:3,1167.320087432861,1166.8000831604004,1284.240089416504,1659.7601127624512,1316.360092163086,1382.5000915527344,1252.1600875854492,1255.1800842285156
[TG(53:6)]_FA20:4,1319.7401008605957,1402.7600898742676,1334.480079650879,1305.260097503662,1494.1801109313965,1710.100112915039,1748.840129852295,1285.080093383789
[TG(53:6)]_FA22:5,1503.040111541748,1381.6401023864746,1447.540096282959,1379.5600967407229,1375.1600952148438,1558.3801193237305,1433.0800895690918,1380.620086669922
[TG(53:6)]_FA22:6,1522.0001068115234,1614.520107269287,1646.3601188659668,1523.3200988769531,1525.1601066589355,1509.4801139831543,1571.900104522705,1635.220115661621
"[TG(53:7),TG(52:0)]_FA14:0",1019.9000663757324,1072.7800750732422,1033.3800773620603,974.2000694274902,1046.2400741577148,1139.4000854492188,1056.8400764465332,1048.0000839233398
"[TG(53:7),TG(52:0)]_FA16:0",3836.940254211426,3674.7402534484863,2498.16019821167,3444.900215148926,3823.580234527588,1985.9801330566409,2254.200149536133,1611.1401138305664
"[TG(53:7),TG(52:0)]_FA16:1",1054.1800804138184,1079.4600677490234,1086.7600708007812,1195.6000785827637,1050.9800758361816,1071.9000701904297,1060.7600746154783,1069.04008102417
"[TG(53:7),TG(52:0)]_FA18:0",2031.3601188659668,3238.26021194458,2640.1801719665527,1866.6201210021973,1709.6001319885254,2416.960147857666,7166.400337219238,1739.2601356506348
"[TG(53:7),TG(52:0)]_FA18:1",1698.2601203918457,1258.600082397461,1657.2601127624512,1148.180076599121,1767.2400817871094,1529.8801155090332,1363.7800941467283,1488.3801155090332
"[TG(53:7),TG(52:0)]_FA18:2",1116.340072631836,1349.6400833129885,1296.1000862121582,1144.820068359375,1354.4600830078125,1263.740089416504,1139.0600814819336,1116.2200889587402
"[TG(53:7),TG(52:0)]_FA18:3",1166.7000885009766,1266.460090637207,1179.1200904846191,1293.0600967407229,1215.8000869750977,1261.6400909423828,1227.1400833129885,1186.2800750732422
"[TG(53:7),TG(52:0)]_FA20:4",1248.3800964355469,1289.2200889587402,1316.2400970458984,1299.7600936889648,1284.800090789795,1276.8600845336914,1295.8800888061523,1248.1000938415527
"[TG(53:7),TG(52:0)]_FA22:5",1373.180103302002,1451.4001007080078,1381.5200958251953,1379.2600860595703,1374.540096282959,1375.7800979614258,1495.840106964111,1383.260097503662
"[TG(53:7),TG(52:0)]_FA22:6",1569.840106964111,1531.3201065063477,1565.5401039123535,1604.7401161193848,1582.8801155090332,1566.0601043701172,1528.960090637207,1535.4600982666016
"[TG(53:8),TG(52:1)]_FA14:0",1143.9800872802734,1145.1600875854492,1070.600082397461,1004.7800712585448,1023.580078125,1339.500087738037,1474.6600914001465,972.6000709533693
"[TG(53:8),TG(52:1)]_FA16:0",42242.26338195801,43333.862548828125,37089.702167510986,9145.780475616457,44993.06327819824,21751.1212310791,28733.14186477661,18784.321613311768
"[TG(53:8),TG(52:1)]_FA16:1",1483.9801025390625,1786.3801383972168,1390.4600982666016,1152.080078125,1301.10009765625,1668.7000999450684,2205.160167694092,1915.1401557922363
"[TG(53:8),TG(52:1)]_FA18:0",7732.600490570068,11093.34090423584,14547.001434326172,8026.640460968018,11375.420707702637,9663.520915985107,60373.5626335144,7758.12047958374
"[TG(53:8),TG(52:1)]_FA18:1",21890.62174224853,9191.620594024658,25778.221965789795,10219.020862579346,23529.34204864502,13430.920715332031,19572.70153427124,16379.72099685669
"[TG(53:8),TG(52:1)]_FA18:2",2264.480117797852,2294.9601554870605,2595.5401573181152,1303.0000839233398,1826.440128326416,2541.30020904541,2352.460189819336,1503.9201049804688
"[TG(53:8),TG(52:1)]_FA18:3",1166.8400917053225,1204.760082244873,1167.160083770752,1216.7200813293457,1182.8000831604004,1192.6000785827637,1172.9000816345217,1172.1200828552246
"[TG(53:8),TG(52:1)]_FA20:4",1259.1000862121582,1268.2800827026367,1290.700096130371,1326.9401016235352,1252.7400932312012,1254.040069580078,1248.64009475708,1248.5200881958008
"[TG(53:8),TG(52:1)]_FA22:5",1402.5200958251953,1374.5401039123535,1374.7601013183594,1399.740089416504,1374.860092163086,1427.1200942993164,1377.1201057434082,1439.120101928711
"[TG(53:8),TG(52:1)]_FA22:6",1498.6801109313965,1581.4401054382324,1524.1001052856443,1498.740104675293,1499.960090637207,1565.7801094055176,1609.0201263427734,1499.2801094055176
"[TG(53:9),TG(52:2)]_FA14:0",1219.2400932312012,1923.3201522827148,1414.4201126098633,1345.4000968933103,1977.4601211547847,1283.740089416504,4101.560241699219,1616.9201431274414
"[TG(53:9),TG(52:2)]_FA16:0",354818.51052856445,383698.0420227051,368449.3148574829,67451.32391357422,342285.07830810547,225354.7983856201,277426.1371269226,184671.31159210205
"[TG(53:9),TG(52:2)]_FA16:1",7962.180641174316,7802.02038192749,3068.680233001709,4382.200401306152,3002.0802116394043,12792.460453033447,17003.32088470459,19300.461338043213
"[TG(53:9),TG(52:2)]_FA18:0",8878.00076675415,13752.900951385498,20249.281379699707,10156.860542297363,16101.841217041016,13801.080963134766,58228.04427337647,7607.860530853271
"[TG(53:9),TG(52:2)]_FA18:1",257936.69905853271,91879.24380111694,313936.9966239929,99588.566280365,244935.3992576599,141282.7876548767,236203.16276550293,207052.55729675293
"[TG(53:9),TG(52:2)]_FA18:2",36213.562717437744,44625.763122558594,56899.68486404419,8582.600624084473,29873.0616645813,40460.00278472901,52359.56343841553,18831.701084136963
"[TG(53:9),TG(52:2)]_FA18:3",1288.2000923156738,1227.4400901794434,1236.9400901794434,1356.4800987243652,1215.7200775146484,1223.1600875854492,1269.0600852966309,1183.4600791931152
"[TG(53:9),TG(52:2)]_FA20:4",1247.4601020812988,1250.1000862121582,1272.4000930786133,1245.320095062256,1311.800090789795,1311.8800926208496,1248.3000946044922,1249.2400856018066
"[TG(53:9),TG(52:2)]_FA22:5",1523.14009475708,1710.9801406860352,1694.3601036071775,1528.540096282959,1541.6201171875,1620.520118713379,1745.8401107788086,2109.9401359558105
"[TG(53:9),TG(52:2)]_FA22:6",1502.4801177978516,1506.1801071166992,1521.4001121520996,1547.0201110839844,1499.060115814209,1493.480110168457,1499.7801132202148,1527.220100402832
"[TG(54:10),TG(53:3)]_FA14:0",973.1000747680664,974.220069885254,1113.7400817871094,1011.840072631836,1011.5200729370116,970.3400688171388,1043.5600662231443,973.4400634765624
"[TG(54:10),TG(53:3)]_FA16:0",1297.1600914001465,2301.9202041625977,2940.8002128601074,2505.880153656006,2344.2201499938965,2170.260139465332,2034.9401550292969,1545.800106048584
"[TG(54:10),TG(53:3)]_FA16:1",1390.0200996398926,1555.020118713379,1647.9201126098633,1270.2601013183594,1070.340068817139,1704.1801376342771,1725.2801322937012,1891.720111846924
"[TG(54:10),TG(53:3)]_FA18:0",1021.600067138672,1092.8600769042969,1251.8400802612305,1179.820095062256,1222.820087432861,1259.7601013183594,1593.660125732422,1043.500072479248
"[TG(54:10),TG(53:3)]_FA18:1",3741.080284118652,2234.4601402282715,5273.700523376465,3240.5402488708496,3595.1802406311035,2896.300220489502,3238.0402870178223,3206.3802642822266
"[TG(54:10),TG(53:3)]_FA18:2",4511.640392303467,4592.460266113281,6105.020412445068,2034.0801582336424,3924.520275115967,6373.960468292236,4808.840362548828,2885.8401794433594
"[TG(54:10),TG(53:3)]_FA18:3",1179.9200820922852,1167.4400787353516,1167.9600791931152,1169.1000900268557,1254.1400871276855,1267.6400909423828,1191.8800735473633,1171.8800735473633
"[TG(54:10),TG(53:3)]_FA20:4",1249.2200927734375,1272.760097503662,1251.04008102417,1245.320095062256,1251.9000930786133,1280.1400909423828,1251.0800971984863,1249.0400886535645
"[TG(54:10),TG(53:3)]_FA22:5",1373.920093536377,1407.2200889587402,1374.3200988769531,1379.3200988769531,1388.7400932312012,1392.6601028442385,1377.3000869750977,1458.7801132202148
"[TG(54:10),TG(53:3)]_FA22:6",1526.14009475708,1498.0601043701172,1497.6401100158691,1498.7801094055176,1498.2601013183594,1494.720100402832,1501.2200965881348,1499.1001091003418
"[TG(54:11),TG(53:4)]_FA14:0",1021.1600723266602,999.300075531006,1013.420078277588,973.6200675964355,972.4800682067872,1043.8000793457031,1002.0200805664062,973.7800712585448
"[TG(54:11),TG(53:4)]_FA16:0",1757.8401336669922,1278.8001022338867,1328.0200729370115,1191.620086669922,1885.900146484375,1099.0600700378418,1395.4001121520996,1000.5000610351562
"[TG(54:11),TG(53:4)]_FA16:1",1170.5800819396973,1450.1601028442385,1489.6800994873047,1101.1200714111328,1079.5000762939453,1520.0201034545898,1377.0600967407229,1696.7801208496094
"[TG(54:11),TG(53:4)]_FA18:0",973.0800704956056,1048.6200675964355,1011.2800750732422,1014.720085144043,1024.6200675964355,969.900074005127,1165.900089263916,979.4800682067872
"[TG(54:11),TG(53:4)]_FA18:1",2555.0401916503906,1661.4600982666016,3588.76029586792,2482.460220336914,2591.420181274414,2053.24015045166,2607.500202178955,1759.9001350402832
"[TG(54:11),TG(53:4)]_FA18:2",4806.400428771973,5557.9202880859375,8273.260738372803,2637.70023727417,5398.880397796631,9152.260692596436,6060.540431976318,3074.040210723877
"[TG(54:11),TG(53:4)]_FA18:3",1241.820087432861,1251.2400970458984,1168.600082397461,1319.4200859069824,1536.840087890625,1591.5001220703125,1335.880100250244,1344.1200942993164
"[TG(54:11),TG(53:4)]_FA20:4",1257.3400993347168,1392.700096130371,1374.4201011657717,1455.3801155090332,1425.520092010498,1277.1400909423828,1432.340103149414,1485.3400955200195
"[TG(54:11),TG(53:4)]_FA22:5",1431.3600997924805,1385.320110321045,1418.940097808838,1393.9000930786133,1507.7000999450684,1569.2201080322266,1384.320095062256,1826.1201133728027
"[TG(54:11),TG(53:4)]_FA22:6",1539.2601165771484,1497.9801063537598,1526.0201225280762,1497.8201065063477,1499.320110321045,1494.2201194763184,1529.2401123046875,1499.1601104736328
"[TG(54:12),TG(53:5)]_FA14:0",1031.280071258545,1007.6200828552246,988.3200798034668,1001.3800582885742,999.8200721740724,976.7200660705566,971.9200630187988,998.200065612793
"[TG(54:12),TG(53:5)]_FA16:0",1134.8600692749023,1318.06010055542,1076.800067901611,1218.7400970458984,1729.520118713379,1186.6800918579102,1206.4800834655762,982.3000717163086
"[TG(54:12),TG(53:5)]_FA16:1",1134.5000801086426,1136.880069732666,1105.980079650879,1076.4400749206543,1074.0600814819336,1136.360080718994,1096.04008102417,1115.8800773620603
"[TG(54:12),TG(53:5)]_FA18:0",997.4800720214844,969.9600715637208,970.2000770568848,980.6600723266602,967.9400787353516,972.2400817871094,1036.140079498291,973.2800750732422
"[TG(54:12),TG(53:5)]_FA18:1",1279.1600914001465,1129.2000694274902,1384.1200942993164,1417.10009765625,1193.360092163086,1134.1200714111328,1156.7200889587402,1246.4800910949707
"[TG(54:12),TG(53:5)]_FA18:2",2806.240207672119,2746.0001373291016,4634.600395202637,1892.4601249694824,3108.800266265869,4535.180374145508,3338.8001861572266,1884.8001403808596
"[TG(54:12),TG(53:5)]_FA18:3",1345.960105895996,1305.1001052856443,1272.3800773620603,1771.66011428833,1546.4800987243652,1604.9001159667969,1483.5001106262207,1258.1600914001465
"[TG(54:12),TG(53:5)]_FA20:4",1553.940113067627,1336.220100402832,1429.4400901794434,1655.0801315307615,1569.8201179504397,2021.920150756836,1937.4801330566409,1625.8401184082031
"[TG(54:12),TG(53:5)]_FA22:5",1538.560115814209,1659.7001113891602,1534.260108947754,1426.5801010131836,1398.1401023864746,1406.7601013183594,1422.6601066589355,1491.160099029541
"[TG(54:12),TG(53:5)]_FA22:6",1533.480094909668,1501.680103302002,1516.8801155090332,1498.260108947754,1532.1401100158691,1494.3600997924805,1576.760108947754,1499.360092163086
[TG(54:5)]_FA14:0,1069.020076751709,1258.5800895690918,1000.920066833496,1090.7200736999512,1088.2600784301758,1098.320083618164,1831.7001266479488,1022.8800773620604
[TG(54:5)]_FA16:0,9322.180591583252,22557.781730651852,11974.540580749512,20568.62110519409,20671.50107955933,11879.180702209473,18465.220722198486,6733.720592498779
[TG(54:5)]_FA16:1,4147.980331420898,4548.0402755737305,1973.7001495361328,1838.3801383972168,2498.200183868408,7819.660373687744,8429.340759277344,6763.340557098389
[TG(54:5)]_FA18:0,1361.100112915039,1641.440128326416,2412.7201499938965,1632.460117340088,1291.7601013183594,1753.3001174926758,5457.180503845215,1398.4600868225098
[TG(54:5)]_FA18:1,39232.92338180542,15888.680644989014,107346.10664367676,86791.90776824951,70927.0464515686,38847.70389556885,58463.66265106201,31586.141345977783
[TG(54:5)]_FA18:2,108168.88977432252,152484.8091697693,319057.1203956604,83693.76396942139,184351.50827026367,300484.3271408081,203832.2906761169,66057.6830291748
[TG(54:5)]_FA18:3,4875.680294036865,5844.000343322754,8783.160762786865,17893.181407928467,18200.441413879395,22568.141651153564,16338.341217041016,9169.760513305664
[TG(54:5)]_FA20:4,12460.600742340088,17546.361293792725,14450.92109298706,13661.260898590088,22929.721794128414,36011.803550720215,100630.66869354248,28017.32183074951
[TG(54:5)]_FA22:5,2204.8801803588867,2744.9601707458496,2944.6801986694336,2335.3201599121094,1846.720157623291,1897.140121459961,2887.700241088867,3003.22021484375
[TG(54:6)]_FA14:0,1705.9601516723633,1332.820087432861,1072.580078125,1238.6000900268557,1310.9600868225098,1051.960075378418,1708.2201042175293,1029.9600715637207
[TG(54:6)]_FA16:0,10473.720718383787,12762.821144104004,5675.380401611328,4640.900283813477,11777.640689849854,7208.640502929687,10149.260478973389,3842.520404815674
[TG(54:6)]_FA16:1,3957.78035736084,4564.260360717773,2072.6201362609863,1801.620128631592,2312.0001831054688,6112.200519561768,7552.960460662842,4966.180370330811
[TG(54:6)]_FA18:0,1082.4000778198242,1089.1800689697266,1036.5600776672363,987.820068359375,1050.6800804138184,1051.780071258545,1498.260082244873,972.8400650024414
[TG(54:6)]_FA18:1,5356.660400390625,2923.680187225342,13307.020645141602,10131.32060623169,9039.06039428711,5145.060386657715,7422.780422210693,4596.900299072266
[TG(54:6)]_FA18:2,41730.302532196045,54020.76530456543,129829.40872192384,45386.1234664917,77958.40563964844,111158.14840698242,66855.44418334961,23713.44165802002
[TG(54:6)]_FA18:3,4759.920215606689,5555.960479736328,10155.960651397703,24992.981506347656,18355.08178329468,23742.00188446045,15364.421043395996,8652.88070678711
[TG(54:6)]_FA20:4,11401.56077194214,18191.22158432007,16333.660831451416,18522.761764526367,13555.82103729248,36101.7232170105,92848.24337387084,22929.721565246586
[TG(54:6)]_FA22:5,2392.480178833008,2917.1402015686035,3065.8202476501465,2243.2201614379883,2366.220226287842,1977.860149383545,3405.860221862793,3118.060199737549
[TG(54:6)]_FA22:6,3181.680244445801,4475.300254821777,4036.0002670288086,2306.6401748657227,2223.040142059326,2868.4402389526367,7598.04061126709,2237.800148010254
"[TG(54:7),TG(53:0)]_FA14:0",1239.800090789795,1388.2800941467283,1244.0600929260254,1298.5000953674316,1294.2000770568848,1530.0401039123535,2512.880142211914,1197.2600860595703
"[TG(54:7),TG(53:0)]_FA16:0",2182.1001319885254,2123.5801544189453,5037.300357818604,2322.8801307678223,3768.92028427124,2846.380226135254,3390.760299682617,1211.0400848388672
"[TG(54:7),TG(53:0)]_FA16:1",2465.960163116455,3129.3601684570312,1713.380126953125,1604.7001304626465,1673.8001098632812,4239.90034866333,5830.420402526856,3852.9402389526367
"[TG(54:7),TG(53:0)]_FA18:0",1036.9000663757324,1078.5200805664062,1016.9000778198242,1060.2600708007812,1024.3000717163086,1027.6000709533691,1225.5200996398926,1022.2800712585448
"[TG(54:7),TG(53:0)]_FA18:1",1481.4600830078125,1238.860092163086,1530.1600952148438,1979.5601387023928,1454.3001136779783,1219.1200828552246,1378.4600982666016,1291.1200790405271
"[TG(54:7),TG(53:0)]_FA18:2",9875.520454406738,12568.461017608644,24305.442615509037,8425.76078414917,17308.46141052246,17457.880950927734,12300.900661468506,6055.440410614014
"[TG(54:7),TG(53:0)]_FA18:3",3193.960247039795,3698.2601585388174,7539.580493927002,17690.080989837646,10496.260871887209,12093.08099746704,7505.3804931640625,4204.460247039795
"[TG(54:7),TG(53:0)]_FA20:4",2857.520195007324,4246.180225372314,4142.040328979492,4628.260334014893,3617.360195159912,7472.340454101562,22092.08127975464,5885.680522918701
"[TG(54:7),TG(53:0)]_FA22:5",1902.680118560791,1826.2201385498047,1887.8601417541504,1875.0801162719729,1408.7200927734375,1743.7801132202148,2095.9601249694824,1999.5001258850095
"[TG(54:7),TG(53:0)]_FA22:6",5405.140319824219,6120.640556335449,6788.900524139404,2247.000141143799,2829.3002319335938,4714.920413970947,10139.9407081604,3664.340297698975
"[TG(54:8),TG(53:1)]_FA14:0",1028.1400756835938,1134.8000946044922,1349.8801040649414,1174.2800903320312,1107.9800720214844,1121.320083618164,1676.2401275634766,982.9400825500488
"[TG(54:8),TG(53:1)]_FA16:0",1633.2201118469238,1844.3601303100584,1761.2401390075684,1499.4001121520996,1794.0801162719729,1315.300090789795,1503.0401000976562,1230.080078125
"[TG(54:8),TG(53:1)]_FA16:1",1683.120132446289,1527.4600944519043,1189.5000762939453,1483.2001037597656,1259.2600708007812,1847.440116882324,2301.720184326172,1746.240146636963
"[TG(54:8),TG(53:1)]_FA18:0",983.5800704956056,1179.860080718994,1109.940071105957,1051.0400772094729,1097.0200729370115,1163.2800750732422,1629.760124206543,1339.6000900268557
"[TG(54:8),TG(53:1)]_FA18:1",1611.5001106262207,1157.720069885254,1348.000099182129,1535.840103149414,1859.6200866699216,1218.0600814819336,2008.980152130127,1263.260082244873
"[TG(54:8),TG(53:1)]_FA18:2",1880.840145111084,1900.360126495361,2839.8002586364746,1245.9200744628906,1974.8801383972168,2552.9602088928223,2137.6401443481445,1471.7000770568848
"[TG(54:8),TG(53:1)]_FA18:3",1650.800106048584,1187.0600852966309,2168.10018157959,3656.9003257751465,2788.780235290528,2635.0602111816406,2215.6401405334477,1518.020076751709
"[TG(54:8),TG(53:1)]_FA20:4",1331.6801071166992,1422.0001029968262,1322.6800994873047,1545.5001106262207,1524.6601028442385,1525.1000900268557,2389.22013092041,1464.7601013183594
"[TG(54:8),TG(53:1)]_FA22:5",1409.660099029541,1420.7001037597656,1436.4001007080078,1395.6200942993164,1421.5800971984863,1467.5801010131836,1375.9401016235352,1467.6600952148438
"[TG(54:8),TG(53:1)]_FA22:6",2632.4402084350586,2467.9801445007324,3552.140235900879,2098.000144958496,1570.1601104736328,2523.240161895752,4932.140289306641,2430.9601516723637
"[TG(54:9),TG(53:2)]_FA14:0",986.0200729370116,973.7400703430176,1027.7600708007812,986.2200736999512,971.1000747680664,970.4600791931152,1150.9400787353516,1041.640079498291
"[TG(54:9),TG(53:2)]_FA16:0",2998.540168762207,3152.620246887207,2777.5401916503906,1909.360137939453,3312.7401580810547,1388.9800910949707,2013.560161590576,1711.6201057434082
"[TG(54:9),TG(53:2)]_FA16:1",1097.2000770568848,1303.5200881958008,1147.160083770752,1118.4000854492188,1083.5200843811035,1157.0400848388672,1226.060089111328,1353.6800994873047
"[TG(54:9),TG(53:2)]_FA18:0",984.6800727844238,1509.9401168823242,1270.0200958251953,1192.0200805664062,1015.2200736999512,1145.1200790405271,1998.800148010254,1190.800090789795
"[TG(54:9),TG(53:2)]_FA18:1",3129.600238800049,1594.3400955200195,3865.980270385742,2263.980152130127,2671.160171508789,2533.7201499938965,2637.060161590576,2827.3201904296875
"[TG(54:9),TG(53:2)]_FA18:2",1965.5401496887207,1642.8600997924805,2182.720165252685,1232.0200843811035,2014.280139923096,2170.6001930236816,1762.8401374816897,1174.5400886535645
"[TG(54:9),TG(53:2)]_FA18:3",1166.8800888061523,1219.8800773620603,1242.240077972412,1376.8000946044922,1207.020076751709,1427.6801109313965,1188.6400718688965,1172.4200859069824
"[TG(54:9),TG(53:2)]_FA20:4",1285.7800903320312,1267.9600944519043,1265.2800903320312,1334.7600898742676,1280.960090637207,1396.080093383789,1280.240089416504,1249.0600967407229
"[TG(54:9),TG(53:2)]_FA22:5",1459.320095062256,1399.3201026916504,1375.1800994873047,1377.6001014709473,1418.5601081848145,1374.000099182129,1415.1200981140137,1380.280101776123
"[TG(54:9),TG(53:2)]_FA22:6",1643.0401191711426,1586.200107574463,1697.9801216125488,1583.520118713379,1500.3800964355469,1546.040111541748,1696.480110168457,1499.280101776123
"[TG(55:10),TG(54:3)]_FA14:0",1033.7800827026367,1049.8600769042969,1042.4800872802734,973.800075531006,1116.7800827026367,1207.2000923156738,1120.700080871582,975.7400703430176
"[TG(55:10),TG(54:3)]_FA16:0",24529.682300567627,24938.782291412357,29373.362369537357,6594.080406188965,22730.92100906372,14263.201049804688,19810.10116958618,4246.9003829956055
"[TG(55:10),TG(54:3)]_FA16:1",3611.2601776123047,4564.180213928223,2028.200122833252,1416.7200965881348,1836.1001167297363,6430.500350952148,6486.760410308838,7818.780490875244
"[TG(55:10),TG(54:3)]_FA18:0",7987.960578918457,16855.021255493164,17333.440761566162,6688.400421142578,11023.880992889404,13627.580757141111,83380.14562988281,17897.120567321777
"[TG(55:10),TG(54:3)]_FA18:1",81852.14685821533,31479.681972503666,138101.44788360596,71069.68279647827,102861.40733718872,67509.14748001099,136538.90594100952,98437.76794433594
"[TG(55:10),TG(54:3)]_FA18:2",30894.922004699707,38347.682720184326,51664.543407440186,10067.24055480957,41194.30307388306,58823.36476135254,45554.52257919312,18125.82160949707
"[TG(55:10),TG(54:3)]_FA18:3",1200.0800971984863,1307.960090637207,1244.680088043213,1453.9800987243652,1754.9601211547852,1454.4201049804688,1523.1600914001465,1223.3400802612305
"[TG(55:10),TG(54:3)]_FA20:4",1356.7600936889648,1310.2201042175293,1271.2200965881348,1401.980094909668,1389.3600997924805,1392.3400917053225,1615.100112915039,1475.9601211547852
"[TG(55:10),TG(54:3)]_FA22:5",1411.880111694336,1523.9401092529297,1454.4800987243652,1401.7800903320312,1374.5200958251953,1395.5401000976562,1433.180088043213,1409.8801040649414
"[TG(55:10),TG(54:3)]_FA22:6",1498.500114440918,1546.120101928711,1496.9801139831543,1497.6800918579102,1500.7001037597656,1493.7201080322266,1546.8801040649414,1498.9601097106934
"[TG(55:11),TG(54:4)]_FA14:0",1153.860080718994,1029.0200843811035,977.0200691223145,1029.7200775146484,988.9400672912598,1030.6600761413574,1152.880084991455,998.0800743103028
"[TG(55:11),TG(54:4)]_FA16:0",21902.081241607662,22112.26217269897,29323.562076568604,7497.68053817749,18596.82155990601,13109.240604400637,17702.42120361328,3554.600196838379
"[TG(55:11),TG(54:4)]_FA16:1",4356.50032043457,5457.140331268311,2467.020160675049,3178.500213623047,2300.7401542663574,7558.380458831787,9971.480613708496,8989.620777130127
"[TG(55:11),TG(54:4)]_FA18:0",3869.7802696228023,3726.700328826904,10785.2607421875,9867.940780639648,7717.540500640869,8236.240394592285,33665.6626663208,6073.300518035889
"[TG(55:11),TG(54:4)]_FA18:1",94373.72806930542,45435.88362121582,226666.932598114,150991.04914855957,153379.11390304565,95233.4069328308,162525.82945632935,99083.58804321288
"[TG(55:11),TG(54:4)]_FA18:2",108530.8888206482,137776.19317245483,241145.67120361328,44459.64371871948,157220.30653381348,257636.0748138428,202052.8759765625,78051.38460922241
"[TG(55:11),TG(54:4)]_FA18:3",1849.4001159667969,2022.820125579834,2254.8001747131348,4197.540203094482,4320.200382232666,5465.220371246338,3677.560302734375,2214.2201614379883
"[TG(55:11),TG(54:4)]_FA20:4",2329.5601234436035,2655.3002166748047,2668.920234680176,2750.340202331543,3769.140190124512,4876.360378265381,10514.420715332031,4310.320381164551
"[TG(55:11),TG(54:4)]_FA22:5",1594.8801193237305,1648.5801124572754,1806.4401092529297,1613.3801155090332,1425.5000915527344,1435.7601013183594,1813.0401306152344,1844.180145263672
"[TG(55:11),TG(54:4)]_FA22:6",1535.900104522705,1518.14009475708,1563.6001091003418,1497.660099029541,1499.9401054382324,1549.7001037597656,1709.5201110839844,1498.9000968933103
"[TG(55:7),TG(54:0)]_FA14:0",1058.820068359375,1008.0800666809082,1030.0000762939453,1063.260082244873,1043.4000701904297,1077.0800704956057,1136.9200820922852,1005.720085144043
"[TG(55:7),TG(54:0)]_FA16:0",1226.160083770752,1482.4801063537598,1602.5601119995115,1574.700096130371,1522.0001258850098,1367.8001136779783,1395.7400970458984,1277.6000785827637
"[TG(55:7),TG(54:0)]_FA16:1",1117.8800811767578,1103.3400764465332,1096.3800811767578,1054.2400817871094,1050.8800735473633,1118.1000747680664,1235.64009475708,1102.500057220459
"[TG(55:7),TG(54:0)]_FA18:0",1316.2801094055176,1594.1601066589355,1605.480125427246,1252.100082397461,1165.3400802612305,1230.320083618164,1571.7801246643066,1055.420066833496
"[TG(55:7),TG(54:0)]_FA18:1",1221.0800704956057,1071.8800659179688,1375.1000900268557,1142.1600799560547,1180.860080718994,1147.4800758361816,1127.6600799560547,1197.5200843811035
"[TG(55:7),TG(54:0)]_FA18:2",1243.2600860595703,1313.860080718994,1411.220085144043,1280.7400932312012,1154.5200881958008,1346.2601013183594,1355.4401016235352,1201.2400856018066
"[TG(55:7),TG(54:0)]_FA18:3",1167.1800918579102,1167.12007522583,1168.0200843811035,1168.4600868225098,1251.660068511963,1238.4600868225098,1230.900074005127,1172.9000816345217
"[TG(55:7),TG(54:0)]_FA20:4",1553.1401100158691,1393.2000999450684,1587.6201133728027,1349.8200988769531,1625.2200813293457,1630.320125579834,1752.7601165771484,1349.9800872802734
"[TG(55:7),TG(54:0)]_FA22:5",1552.9601249694824,1587.980125427246,1485.6601028442385,1605.5401039123535,1438.0401039123535,1605.420124053955,1418.5600967407229,1510.3600997924805
"[TG(55:7),TG(54:0)]_FA22:6",1953.9001426696775,1805.200138092041,2068.8201484680176,1875.5801315307615,1576.0001106262207,2160.400161743164,2121.2001457214355,1839.9001388549805
"[TG(55:8),TG(54:1)]_FA14:0",994.340072631836,1002.700065612793,1016.6800804138184,985.340072631836,1039.920078277588,970.2800712585448,1034.1400756835938,973.6600761413574
"[TG(55:8),TG(54:1)]_FA16:0",4923.840450286865,4065.800239562988,3646.800300598145,1758.060131072998,4014.820285797119,2516.340133666992,4073.90022277832,1986.1801223754885
"[TG(55:8),TG(54:1)]_FA16:1",1137.4000854492188,1198.4600868225098,1150.7000923156738,1174.8400802612305,1174.1800842285156,1212.8200912475586,1370.6200790405271,1273.4600944519043
"[TG(55:8),TG(54:1)]_FA18:0",1736.0401191711426,3190.600257873535,2924.4602088928223,2227.880126953125,2005.420139312744,2298.280200958252,8586.620555877686,3178.400249481201
"[TG(55:8),TG(54:1)]_FA18:1",2684.700218200684,1839.18013381958,2829.140205383301,2608.740173339844,3172.080207824707,2320.0001792907715,2797.9402084350586,2318.4601554870605
"[TG(55:8),TG(54:1)]_FA18:2",1483.1001091003418,1568.620101928711,1481.8200988769531,1277.6400985717771,1284.600082397461,1655.4400939941406,1447.0601081848145,1153.740077972412
"[TG(55:8),TG(54:1)]_FA18:3",1197.5600814819336,1214.7200813293457,1205.6000747680664,1168.800067901611,1176.3400840759275,1205.3800888061523,1224.1600914001465,1172.520076751709
"[TG(55:8),TG(54:1)]_FA20:4",1305.4400825500488,1290.6000900268557,1310.0800895690918,1300.8800811767578,1283.5400924682615,1388.6400909423828,1344.5400848388672,1282.7600860595703
"[TG(55:8),TG(54:1)]_FA22:5",1430.720115661621,1477.7401084899902,1375.7001037597656,1537.9801063537598,1373.56010055542,1421.080093383789,1444.340106964111,1379.740089416504
"[TG(55:8),TG(54:1)]_FA22:6",1776.9601249694824,1796.1601333618164,2065.4001426696777,1672.3001022338867,1637.8601188659668,1679.5201034545898,1704.3001136779783,1758.9801177978516
"[TG(55:9),TG(54:2)]_FA14:0",1038.160068511963,1063.3400650024414,986.9600715637208,992.6600799560548,1132.0000801086426,1078.7600898742676,1101.9400749206543,994.3800811767578
"[TG(55:9),TG(54:2)]_FA16:0",20947.340866088867,18119.98141479492,16471.58187866211,5802.980419158936,14518.301021575928,9250.840629577637,16694.421222686768,8567.740852355957
"[TG(55:9),TG(54:2)]_FA16:1",1828.6601333618164,1749.0601196289062,1197.340072631836,1053.4400749206543,1393.220100402832,2516.0201530456543,3053.7201805114746,2466.520122528076
"[TG(55:9),TG(54:2)]_FA18:0",5292.500389099121,11966.481037139893,11285.9008102417,7343.260398864746,8152.580612182617,9013.780643463137,64631.44348144531,15970.161575317385
"[TG(55:9),TG(54:2)]_FA18:1",21412.52109527588,8776.480625152588,23750.521446228027,14188.701023101808,23039.10104751587,14545.1409034729,23253.102069854736,16828.22106552124
"[TG(55:9),TG(54:2)]_FA18:2",4923.040271759033,6465.560356140137,6129.140384674072,1587.3200912475586,6430.200397491455,7678.12064743042,5128.000308990479,2421.5802001953125
"[TG(55:9),TG(54:2)]_FA18:3",1185.6600875854492,1185.1200828552246,1187.4800834655762,1188.9800758361816,1206.780086517334,1189.820083618164,1219.5200843811035,1173.0600814819336
"[TG(55:9),TG(54:2)]_FA20:4",1334.2200889587402,1376.440097808838,1334.560089111328,1619.9601135253906,1479.600112915039,1391.480094909668,1903.3801460266116,1464.0201148986816
"[TG(55:9),TG(54:2)]_FA22:5",1374.0001068115234,1380.9200973510742,1374.760108947754,1377.900089263916,1418.2000885009766,1373.700096130371,1387.1400985717771,1460.020092010498
"[TG(55:9),TG(54:2)]_FA22:6",1561.260097503662,1499.0401229858398,1696.540126800537,1497.4401054382324,1549.7201080322266,1557.1201171875,1580.1601104736328,1525.7401123046875
"[TG(56:10),TG(55:3)]_FA14:0",1001.5800743103028,973.340072631836,999.7800750732422,990.800075531006,988.3200645446776,970.840061187744,971.7000770568848,973.500072479248
"[TG(56:10),TG(55:3)]_FA16:0",1283.5200996398926,1256.2800827026367,1155.7600784301758,1136.9600830078125,1393.3801040649414,1183.020076751709,1008.220069885254,1039.8200759887695
"[TG(56:10),TG(55:3)]_FA16:1",1151.020092010498,1127.0800857543943,1175.080078125,1076.7000694274902,1116.780086517334,1266.8600769042969,1209.3800811767578,1145.4200859069824
"[TG(56:10),TG(55:3)]_FA18:0",1047.920078277588,1018.9000663757324,1034.380069732666,1138.6800842285156,1037.5000762939453,1223.240089416504,1199.0600929260254,993.2000732421876
"[TG(56:10),TG(55:3)]_FA18:1",1945.7201614379885,1399.260082244873,2038.8401489257808,1426.1601028442385,1601.5801124572754,1481.160099029541,2786.840229034424,1598.1601181030271
"[TG(56:10),TG(55:3)]_FA18:2",1749.3401184082031,1687.1401290893557,1820.6601371765137,1392.06010055542,1909.5001335144043,2136.600143432617,2110.1201133728027,1405.3201026916504
"[TG(56:10),TG(55:3)]_FA18:3",1250.7000846862793,1180.1000862121582,1241.2200775146484,1282.4200820922852,1328.2200813293457,1457.9801025390625,1425.3001022338867,1172.4200744628906
"[TG(56:10),TG(55:3)]_FA20:4",1285.4800872802734,1342.1800956726074,1276.7400970458984,1334.8200988769531,1276.7800979614258,1274.5400924682615,1461.8600959777832,1449.000114440918
"[TG(56:10),TG(55:3)]_FA22:5",1428.1001091003418,1373.7601051330566,1409.6800956726074,1437.6800994873047,1373.8200912475586,1375.220085144043,1375.3600997924805,1380.700107574463
"[TG(56:10),TG(55:3)]_FA22:6",1628.7801246643066,1625.2001113891602,1804.9801483154297,1551.5201148986816,1585.0600967407229,1814.360126495361,2033.720127105713,1802.820125579834
"[TG(56:11),TG(55:4)]_FA14:0",1015.9000701904296,992.7200775146484,974.8800773620604,972.9600715637208,970.7400665283204,982.640079498291,971.3400650024414,973.300064086914
"[TG(56:11),TG(55:4)]_FA16:0",1049.8400764465332,1206.960090637207,1289.1000938415527,962.9600791931152,1088.0400733947754,1241.3000831604004,1041.680076599121,961.1800689697266
"[TG(56:11),TG(55:4)]_FA16:1",1083.0000686645508,1059.52006149292,1239.3000831604004,1053.3200645446775,1051.3200721740725,1121.5800743103027,1052.5800704956057,1083.7000732421875
"[TG(56:11),TG(55:4)]_FA18:0",1074.1400833129885,1045.340068817139,997.8600692749023,1034.1800804138184,968.0800743103028,1035.0200729370115,1213.7600860595703,997.5000686645508
"[TG(56:11),TG(55:4)]_FA18:1",1645.8601188659668,1254.2000885009766,1831.5801239013672,1463.100112915039,1594.3401260375977,1398.960105895996,1783.840103149414,1216.0600776672363
"[TG(56:11),TG(55:4)]_FA18:2",1747.6001205444336,2255.7801780700684,2978.980251312256,1789.8801307678225,1971.440116882324,2987.300273895264,2348.7801361083984,1426.2400970458984
"[TG(56:11),TG(55:4)]_FA18:3",1188.720085144043,1167.840087890625,1261.4600830078125,1307.3600959777832,1182.5800895690918,1333.5400848388672,1172.6000785827637,1172.1000785827637
"[TG(56:11),TG(55:4)]_FA20:4",1273.620101928711,1248.420093536377,1249.6000900268557,1259.6200828552246,1343.5600967407229,1290.2400817871094,1381.3001022338867,1352.1200942993164
"[TG(56:11),TG(55:4)]_FA22:5",1382.5800971984863,1373.840106964111,1430.8001022338867,1379.2800941467283,1373.6401023864746,1415.9400939941406,1377.4800872802734,1380.0000953674316
"[TG(56:11),TG(55:4)]_FA22:6",1498.2201080322266,1500.4401016235352,1551.6201171875,1537.800106048584,1499.6001052856443,1494.1200981140137,1543.340103149414,1498.5601043701172
"[TG(56:12),TG(55:5)]_FA14:0",973.3000679016112,1012.340072631836,984.0200691223145,973.3800773620604,1005.1400756835938,971.0400772094728,971.900074005127,983.5800743103028
"[TG(56:12),TG(55:5)]_FA16:0",1294.6400833129885,1086.0200653076172,1191.740077972412,1144.260082244873,1038.900074005127,1249.1200828552246,1208.9000930786133,1021.720069885254
"[TG(56:12),TG(55:5)]_FA16:1",1100.0000801086426,1092.1200675964355,1072.1000785827637,1077.1400756835938,1051.000072479248,1123.440086364746,1261.0801010131836,1147.2400856018066
"[TG(56:12),TG(55:5)]_FA18:0",970.6000709533693,988.4800720214844,970.6000785827636,1019.6200828552246,968.1600761413574,987.9600639343262,1060.2400703430176,973.62007522583
"[TG(56:12),TG(55:5)]_FA18:1",1298.3600845336914,1178.3400917053225,1303.1600914001465,1173.8600769042969,1348.960090637207,1197.4200744628906,1398.5600967407229,1212.000087738037
"[TG(56:12),TG(55:5)]_FA18:2",1624.56010055542,2136.660140991211,2552.9601669311523,1297.0400924682615,1955.9601440429688,2114.2201385498047,2091.2201347351074,1249.820087432861
"[TG(56:12),TG(55:5)]_FA18:3",1180.4200859069824,1167.6000938415527,1182.4400749206543,1433.3001098632812,1170.0200805664062,1242.7800827026367,1200.6400871276855,1291.1200904846191
"[TG(56:12),TG(55:5)]_FA20:4",1506.8201141357422,1531.4601097106934,1249.0000915527344,1650.7801208496094,1475.5001068115234,1664.2401008605957,1952.5401611328125,1444.8601112365725
"[TG(56:12),TG(55:5)]_FA22:5",1451.2600936889648,1454.5601081848145,1417.3600959777832,1509.1001052856443,1462.280101776123,1378.0200958251953,1376.440097808838,1410.3600997924805
"[TG(56:12),TG(55:5)]_FA22:6",1533.5801010131836,1564.8001022338867,1600.58012008667,1498.9201126098633,1522.3601188659668,1494.6600952148438,1538.9601097106934,1499.500099182129
"[TG(56:13),TG(55:6)]_FA14:0",1009.5800819396972,973.6800689697266,974.9000701904296,999.5600776672364,984.8600692749023,970.3600540161132,983.5600700378418,974.0600662231444
"[TG(56:13),TG(55:6)]_FA16:0",1264.860088348389,1023.3400802612304,993.9600601196288,1044.840068817139,1217.560089111328,1011.1800651550292,1119.240077972412,1051.02006149292
"[TG(56:13),TG(55:6)]_FA16:1",1079.3800735473633,1090.4800872802734,1080.3200798034668,1054.0200805664062,1052.0400772094729,1212.6000862121582,1114.4400787353516,1069.460075378418
"[TG(56:13),TG(55:6)]_FA18:0",1083.840072631836,1030.580078125,1027.5200805664062,1086.700080871582,1012.9800720214844,1038.7600746154783,1020.8400802612304,972.8200645446776
"[TG(56:13),TG(55:6)]_FA18:1",1245.7600860595703,1061.2200775146484,1126.5200843811035,1079.440071105957,1061.5800666809082,1177.4000778198242,1048.8200759887695,1112.8800773620603
"[TG(56:13),TG(55:6)]_FA18:2",1393.900104522705,1324.5800819396973,1781.3201293945312,1174.1600799560547,1482.880084991455,1838.5601272583008,1532.940113067627,1252.8000869750977
"[TG(56:13),TG(55:6)]_FA18:3",1166.7600784301758,1167.6400871276855,1252.1200904846191,1188.7600936889648,1286.380084991455,1193.8400764465332,1250.9401016235352,1191.6800842285156
"[TG(56:13),TG(55:6)]_FA20:4",1406.1600875854492,1482.9800987243652,1447.980110168457,1495.4600982666016,1908.6601104736328,1939.340129852295,2608.64017868042,1637.6201095581057
"[TG(56:13),TG(55:6)]_FA22:5",1714.600128173828,1558.7801246643066,1725.8801193237305,1579.8401107788086,1397.020107269287,1685.260139465332,1549.480110168457,1778.6801300048828
"[TG(56:13),TG(55:6)]_FA22:6",1580.040111541748,1600.7601051330566,1642.9601211547852,1671.6201133728027,1577.9201164245603,1598.5201110839844,1653.0801162719729,1499.1201133728027
[TG(56:6)]_FA14:0,1087.340087890625,999.1600723266602,974.420066833496,973.6000747680664,1136.1400833129885,1081.720069885254,1071.940071105957,973.6000823974608
[TG(56:6)]_FA16:0,9560.860618591309,6357.900413513184,12164.821113586426,5642.120449066162,9817.120574951172,6163.180381774902,14480.26085281372,1992.5801162719729
[TG(56:6)]_FA16:1,1510.7601051330566,1821.620128631592,1241.0400848388672,1346.9000854492188,1078.460075378418,2442.020160675049,2744.460193634033,2194.4201469421387
[TG(56:6)]_FA18:0,1344.840106964111,1547.3601188659668,1245.3000869750977,2370.60018157959,1741.1201210021973,1663.1601448059082,5073.800277709961,1518.4400939941406
[TG(56:6)]_FA18:1,7822.420650482178,3650.800239562988,14947.781219482422,9411.620761871338,7832.720470428467,5877.560512542725,27750.18159866333,3882.180305480957
[TG(56:6)]_FA18:2,9599.040885925291,13561.340774536133,24524.422218322758,5855.040367126465,10957.140872955322,19300.881130218502,14836.061264038086,5134.500293731689
[TG(56:6)]_FA18:3,1541.8201179504397,1537.840106964111,1945.5601539611816,2820.600215911865,2101.500129699707,3035.680187225342,2457.8001823425293,1642.8801040649414
[TG(56:6)]_FA20:4,5026.100387573242,7651.920547485352,6017.60026550293,10583.120971679688,9798.040908813477,15374.66082763672,36509.28211975098,12335.700721740724
[TG(56:6)]_FA22:5,9217.70051574707,10703.160957336426,15049.261241912842,6916.340488433838,5266.240440368652,7789.90055847168,17568.30143737793,15586.381034851074
[TG(56:6)]_FA22:6,3224.4402618408203,2413.3001556396484,3995.180316925049,2079.5001525878906,2280.200157165528,3058.1202430725098,5927.380485534668,2529.58016204834
"[TG(56:7),TG(55:0)]_FA14:0",1069.1000747680664,1008.3000717163086,1030.9000816345217,1038.4600715637207,1175.420078277588,1029.0600776672363,1069.6400756835938,1048.740062713623
"[TG(56:7),TG(55:0)]_FA16:0",11263.94080734253,7115.3206787109375,18012.261615753174,7528.420703887939,12432.14084625244,6977.180507659912,14279.641040802002,4647.240348815918
"[TG(56:7),TG(55:0)]_FA16:1",2485.960193634033,2367.1801948547363,2513.7001609802246,1356.3600997924805,1576.7601165771484,3296.140251159668,3986.6402893066406,3047.320171356201
"[TG(56:7),TG(55:0)]_FA18:0",1067.240077972412,1250.5000953674316,1373.2601127624512,1027.1400871276855,968.5000762939452,1040.9400787353516,1434.020092010498,1029.800064086914
"[TG(56:7),TG(55:0)]_FA18:1",5180.820266723633,2709.4001808166504,9969.46070098877,6785.560302734375,6172.2204666137695,3907.600273132324,21919.10104370117,3020.4201583862305
"[TG(56:7),TG(55:0)]_FA18:2",11737.36107635498,14869.641204833984,28916.00159072876,7284.040451049805,13209.340782165527,21750.781936645508,18171.98119354248,5059.000392913818
"[TG(56:7),TG(55:0)]_FA18:3",1633.0601196289062,1614.0601196289062,1885.3401489257808,3557.46032333374,2813.860179901123,3069.380229949951,2210.76016998291,1303.7600898742676
"[TG(56:7),TG(55:0)]_FA20:4",6692.540374755859,9836.18070602417,11373.760780334473,18099.56113052368,13629.901107788086,11878.22074508667,46953.144119262695,17222.041271209717
"[TG(56:7),TG(55:0)]_FA22:5",11361.080951690674,12001.320877075195,25207.56185531616,14498.540927886965,5466.800327301025,7676.520435333252,20787.58117675781,16462.02144241333
"[TG(56:7),TG(55:0)]_FA22:6",22002.18125152588,24089.261737823486,41179.94357299805,11948.921028137209,12018.400901794434,28107.28199005127,69058.94369888306,16682.780952453613
"[TG(56:8),TG(55:1)]_FA14:0",1012.5200805664062,1003.920078277588,997.8600692749023,990.7600784301758,990.7800750732422,1028.1400680541992,1022.320068359375,973.6600761413574
"[TG(56:8),TG(55:1)]_FA16:0",6570.840347290039,4359.540279388428,13387.280826568604,7028.620452880859,7177.760551452637,3553.3802642822266,7706.220733642578,1588.5401000976562
"[TG(56:8),TG(55:1)]_FA16:1",2322.4801712036133,2178.840171813965,1763.6601104736328,1542.840106964111,1434.720100402832,3525.960193634033,4274.320259094238,2835.260238647461
"[TG(56:8),TG(55:1)]_FA18:0",982.2000732421876,1089.2800750732422,1051.1400833129885,1029.6600875854492,1038.3000831604004,969.4400634765624,1174.4400787353516,997.100067138672
"[TG(56:8),TG(55:1)]_FA18:1",1713.4201126098633,1520.020107269287,2472.6002082824707,2278.4601707458496,2251.180191040039,1438.280101776123,4447.160350799561,1444.8601188659668
"[TG(56:8),TG(55:1)]_FA18:2",7011.0003662109375,8358.04061126709,17565.78085708618,5882.120555877686,8178.120540618896,13083.661235809326,12724.501083374023,3232.000213623047
"[TG(56:8),TG(55:1)]_FA18:3",1500.6200942993164,1572.3000946044922,1495.6801109313965,2728.460235595703,2587.520156860352,2509.340209960937,2306.6401596069336,1171.740089416504
"[TG(56:8),TG(55:1)]_FA20:4",3250.760234832764,4518.480392456055,5892.280406951904,10836.240509033203,7223.020439147949,8121.460678100586,16142.621063232422,6193.6404457092285
"[TG(56:8),TG(55:1)]_FA22:5",2736.580150604248,3186.9602432250977,4749.060230255127,4184.960262298584,2368.1801795959477,2814.000217437744,4664.320339202881,4393.280353546143
"[TG(56:8),TG(55:1)]_FA22:6",25454.201557159424,27890.722076416016,54149.28522491455,21660.18176651001,14927.360801696776,31533.781883239742,66410.26453018188,18396.48126602173
"[TG(56:9),TG(55:2)]_FA14:0",973.6600761413574,993.8200798034668,992.8000717163086,973.4600715637208,995.0800666809082,983.100067138672,978.8800773620604,973.6400680541992
"[TG(56:9),TG(55:2)]_FA16:0",1761.3601112365725,1294.5200805664062,1757.6401252746582,1257.3800811767578,1091.6600799560547,1242.620101928711,1501.4601020812988,1206.5400733947754
"[TG(56:9),TG(55:2)]_FA16:1",1482.340106964111,1898.3201293945312,1756.6801300048828,1897.0401496887207,1255.1401023864746,2133.800128936768,2666.7202224731445,2604.0001907348637
"[TG(56:9),TG(55:2)]_FA18:0",1087.3400802612305,1121.3200721740725,1026.7600708007812,1079.3400802612305,1025.6800727844238,998.2200660705566,1458.360122680664,972.9800643920898
"[TG(56:9),TG(55:2)]_FA18:1",1431.8400917053225,1159.7600860595703,1397.8200912475586,1471.780101776123,1595.2201309204102,1081.0800819396973,1923.7001152038572,1141.020076751709
"[TG(56:9),TG(55:2)]_FA18:2",2126.7801475524902,2890.920223236084,3402.0002822875977,2079.920150756836,2850.880195617676,3131.400230407715,3503.2802543640137,1825.1801223754885
"[TG(56:9),TG(55:2)]_FA18:3",1197.3400764465332,1262.580078125,1412.2800903320312,2094.1001319885254,1947.3201293945312,2301.620143890381,2193.7801475524902,1223.6200790405271
"[TG(56:9),TG(55:2)]_FA20:4",1603.3201293945312,1400.920108795166,1950.3001441955569,2931.8401985168457,2109.040153503418,1734.520118713379,3357.200218200684,1381.1600952148438
"[TG(56:9),TG(55:2)]_FA22:5",1447.9601097106934,1421.3600997924805,1616.800106048584,1453.0200996398926,1409.1601066589355,1450.6801109313965,1503.60009765625,1438.2801132202148
"[TG(56:9),TG(55:2)]_FA22:6",5702.120349884033,6322.700286865234,9295.52082824707,5226.660293579102,4045.960330963135,6298.320598602295,14463.741188049316,4417.660243988037
"[TG(57:10),TG(56:3)]_FA14:0",1012.8400688171388,982.1800765991212,974.9400672912598,1012.380069732666,970.6200637817384,970.460075378418,1039.1800689697266,973.1600723266602
"[TG(57:10),TG(56:3)]_FA16:0",2822.860149383545,2148.980125427246,2776.300170898437,2097.920135498047,2800.6602058410645,1922.0001258850095,2692.220188140869,1518.4201164245603
"[TG(57:10),TG(56:3)]_FA16:1",1416.8001174926758,1317.300090789795,1153.260066986084,1164.7800827026367,1094.8400764465332,1654.5601234436035,1135.0400733947754,1466.340103149414
"[TG(57:10),TG(56:3)]_FA18:0",1255.4800834655762,2230.0401458740234,3041.620258331299,1052.420066833496,1587.4401016235352,1497.1001167297363,5019.16036605835,1880.420108795166
"[TG(57:10),TG(56:3)]_FA18:1",6809.980373382568,3314.6602630615234,11343.380973815918,6314.7605056762695,7526.000465393066,4996.520286560059,4597.860279083252,7044.280422210693
"[TG(57:10),TG(56:3)]_FA18:2",4889.780372619629,5469.9404296875,7009.800441741943,2010.5601272583008,4559.260257720947,8203.78044128418,5158.640384674072,2089.240146636963
"[TG(57:10),TG(56:3)]_FA18:3",1203.0400848388672,1241.200080871582,1184.9400825500488,1185.6200828552246,1188.8400917053225,1233.5400848388672,1184.9000778198242,1198.0200843811035
"[TG(57:10),TG(56:3)]_FA20:4",1248.0800971984863,1304.4600982666016,1319.4200897216797,1392.6800918579102,1294.2600898742676,1284.440097808838,1397.4001007080078,1267.1200942993164
"[TG(57:10),TG(56:3)]_FA22:5",1408.040096282959,1390.9201011657717,1374.8800926208496,1378.5401000976562,1374.2800941467283,1374.5400924682615,1377.080108642578,1380.6800918579102
"[TG(57:10),TG(56:3)]_FA22:6",1565.2801094055176,1552.2000999450684,1671.2201080322266,1499.460105895996,1548.7601051330566,1544.8201141357422,1501.2001037597656,1499.6201210021973
"[TG(57:11),TG(56:4)]_FA14:0",972.7800674438477,1009.8600692749023,992.6800651550292,973.8800735473632,992.1400680541992,970.1200675964355,1005.3000602722168,984.2800750732422
"[TG(57:11),TG(56:4)]_FA16:0",2809.2002143859863,2285.800170898437,2934.400173187256,1718.060131072998,2858.040214538574,1660.900104522705,2817.68021774292,1108.1800804138184
"[TG(57:11),TG(56:4)]_FA16:1",1241.160083770752,1456.6400985717771,1173.3800811767578,1145.3400840759275,1216.3800735473633,1674.460117340088,1377.9000968933103,1648.720127105713
"[TG(57:11),TG(56:4)]_FA18:0",1561.000114440918,2517.480155944824,2126.8201293945312,1721.2601356506348,1721.0201301574707,2344.200126647949,6479.600494384766,2238.8001441955566
"[TG(57:11),TG(56:4)]_FA18:1",8479.840503692627,3737.080226898194,16198.041305541992,10040.080657958984,8551.120544433594,6520.3404541015625,29880.961277008057,5184.680271148682
"[TG(57:11),TG(56:4)]_FA18:2",9197.960666656494,13078.600849151611,18371.721015930176,4290.6403160095215,11482.960918426514,18819.761554718018,14384.98136138916,5968.200378417969
"[TG(57:11),TG(56:4)]_FA18:3",1228.8600845336914,1417.16011428833,1414.9800987243652,1645.7201309204102,1601.260108947754,1885.860126495361,1716.9401321411133,1247.760082244873
"[TG(57:11),TG(56:4)]_FA20:4",1479.060115814209,1636.7201232910156,1423.900104522705,1764.0801124572754,1799.200107574463,1844.26012802124,2284.460163116455,1866.300117492676
"[TG(57:11),TG(56:4)]_FA22:5",1438.680103302002,1421.8400955200195,1513.4801177978516,1508.3601112365725,1377.7400970458984,1413.200096130371,1443.5801048278809,1508.1000900268557
"[TG(57:11),TG(56:4)]_FA22:6",1519.700107574463,1498.3601036071775,1529.2201080322266,1498.0801048278809,1518.5401000976562,1496.0001068115234,1508.6401100158691,1499.5200996398926
"[TG(57:12),TG(56:5)]_FA14:0",1011.2200775146484,992.520076751709,996.9600715637208,973.760066986084,983.0600738525392,1014.8400764465332,1027.1400756835938,1013.4600715637208
"[TG(57:12),TG(56:5)]_FA16:0",2856.5002479553223,3594.580307006836,6451.600605010986,2597.3801803588867,4947.980369567871,3215.20023727417,5676.68030166626,1515.3000869750977
"[TG(57:12),TG(56:5)]_FA16:1",1341.0200843811035,1129.0800743103027,1236.0000839233398,1092.3200759887695,1133.0400886535645,1057.9800758361816,1415.3800926208496,1360.1400909423828
"[TG(57:12),TG(56:5)]_FA18:0",1290.7600784301758,2636.80016708374,3705.420238494873,1678.0401153564453,1571.3001136779783,1934.1801376342771,7490.480373382568,2377.8601722717285
"[TG(57:12),TG(56:5)]_FA18:1",7386.98059463501,4617.32039642334,15088.360828399658,8356.820766448975,8192.400409698486,6132.240604400635,25764.981761932373,4038.220252990722
"[TG(57:12),TG(56:5)]_FA18:2",8286.64073562622,11812.260990142822,23487.062286376957,6108.020275115967,12698.300598144531,18469.60154724121,12271.461032867432,6285.320568084717
"[TG(57:12),TG(56:5)]_FA18:3",1427.8400917053225,1470.7601051330566,1691.900131225586,2716.280158996582,1730.4801177978516,2650.5202026367188,2297.780170440674,1327.5800971984863
"[TG(57:12),TG(56:5)]_FA20:4",3173.7002143859863,3185.5801582336426,3903.3803215026855,4863.940288543701,5836.920364379883,6528.600551605225,14313.800994873049,4971.240455627441
"[TG(57:12),TG(56:5)]_FA22:5",1818.54012298584,2303.340187072754,2807.2401847839355,1843.4201354980469,1736.9801292419434,1805.08012008667,2794.5202255249023,2766.3401832580566
"[TG(57:12),TG(56:5)]_FA22:6",1573.7601203918457,1544.4801177978516,1525.3401107788086,1497.9801063537598,1537.1801109313965,1527.4401168823242,1578.1601181030271,1520.5001068115234
"[TG(57:8),TG(56:1)]_FA14:0",1015.4200744628906,1052.9600715637207,1017.440071105957,1015.6400680541992,1013.380069732666,1045.9800720214844,1036.3000717163086,1016.7000732421876
"[TG(57:8),TG(56:1)]_FA16:0",1630.1601219177246,1326.3000946044922,1131.320083618164,1145.3200798034668,1312.2000999450684,1285.6800994873047,1072.6800804138184,1164.1600875854492
"[TG(57:8),TG(56:1)]_FA16:1",1142.04008102417,1077.6400718688965,1162.7800903320312,1057.6400756835938,1052.1200675964355,1089.6800804138184,1182.740077972412,1155.200080871582
"[TG(57:8),TG(56:1)]_FA18:0",1152.3000793457031,1267.940086364746,1194.4200859069824,1124.4600830078125,1099.600082397461,1078.54008102417,1639.040111541748,1031.480068206787
"[TG(57:8),TG(56:1)]_FA18:1",1215.5000801086426,1286.9400901794434,1293.60009765625,1217.800090789795,1289.1200714111328,1089.5400733947754,2256.1201248168945,1249.660068511963
"[TG(57:8),TG(56:1)]_FA18:2",1390.000087738037,1459.840103149414,1590.980094909668,1229.420093536377,1442.120101928711,1458.1601028442385,1250.9000778198242,1174.4200859069824
"[TG(57:8),TG(56:1)]_FA18:3",1167.560073852539,1188.4800872802734,1167.9200820922852,1394.0400924682615,1197.7200775146484,1269.6600875854492,1234.100082397461,1239.5800895690918
"[TG(57:8),TG(56:1)]_FA20:4",1290.1200981140137,1249.2600898742676,1293.3800888061523,1270.4200897216797,1252.0600852966309,1253.3200912475586,1290.06010055542,1276.6800804138184
"[TG(57:8),TG(56:1)]_FA22:5",1431.4600982666016,1582.1401176452637,1636.1001167297363,1516.5401039123535,1374.500087738037,1484.9801025390625,1518.1001167297363,1508.0201148986816
"[TG(57:8),TG(56:1)]_FA22:6",1887.640117645264,1911.2201309204104,2637.4402084350586,1616.980110168457,1835.860134124756,2115.7801551818848,2225.5601501464844,1766.780128479004
"[TG(57:9),TG(56:2)]_FA14:0",972.460075378418,1042.1000747680664,974.220069885254,1057.9200744628906,1043.4600830078125,970.9400672912598,1040.3600730895996,973.3000679016112
"[TG(57:9),TG(56:2)]_FA16:0",2154.9201698303223,1887.8201446533203,1883.6601181030276,1198.0600662231443,2575.020149230957,1661.8800964355469,2390.5401496887207,1167.2400932312012
"[TG(57:9),TG(56:2)]_FA16:1",1113.7800750732422,1205.8800811767578,1068.4200706481934,1165.7600784301758,1111.0000686645508,1264.080093383789,1111.780071258545,1161.940086364746
"[TG(57:9),TG(56:2)]_FA18:0",1165.020076751709,1799.0801162719729,1213.0800819396973,1156.8600769042969,1222.8801040649414,1422.360092163086,3397.36030960083,1741.6401329040527
"[TG(57:9),TG(56:2)]_FA18:1",3126.0202865600586,2073.520107269287,3876.4802856445312,2182.7601203918457,3076.100204467773,1875.7001304626465,11060.8207321167,1832.3801345825195
"[TG(57:9),TG(56:2)]_FA18:2",1595.0401153564453,1683.68013381958,1918.7801094055176,1225.340087890625,1212.9600868225098,1732.8601303100586,1889.3001327514648,1190.760082244873
"[TG(57:9),TG(56:2)]_FA18:3",1166.820095062256,1167.9800834655762,1168.5600814819336,1169.5400886535645,1249.7800827026367,1210.020092010498,1172.4600830078125,1172.4000854492188
"[TG(57:9),TG(56:2)]_FA20:4",1248.3600959777832,1289.240089416504,1249.580093383789,1335.0200958251953,1278.500087738037,1291.3400802612305,1373.760097503662,1300.4001121520996
"[TG(57:9),TG(56:2)]_FA22:5",1474.2201080322266,1520.000099182129,1375.5001068115234,1444.740089416504,1381.1200828552246,1376.6600914001465,1391.1601066589355,1474.3001136779783
"[TG(57:9),TG(56:2)]_FA22:6",1926.9601402282717,1842.1001434326167,1954.260139465332,1755.0601234436035,1617.2601013183594,1676.4801216125488,1528.2201042175293,1544.0801162719729
"[TG(58:10),TG(57:3)]_FA14:0",1044.0000686645508,1016.1800689697266,1017.7600746154784,1015.7800788879396,1012.4800758361816,1032.1000709533691,1028.5000686645508,1049.9200744628906
"[TG(58:10),TG(57:3)]_FA16:0",1087.300067901611,1076.9200859069824,1081.800067901611,1067.6400756835938,1198.1800994873047,1023.2800636291504,1137.1400833129885,1039.8400650024414
"[TG(58:10),TG(57:3)]_FA16:1",1089.7600708007812,1064.9800720214844,1108.5800819396973,1054.3800659179688,1084.6200828552246,1170.9800720214844,1051.7800674438477,1095.9000816345217
"[TG(58:10),TG(57:3)]_FA18:0",1045.3600769042969,1017.8000679016112,1062.5200729370115,1067.2600746154783,1011.2400665283204,1031.4800720214844,1031.940071105957,1015.1400756835938
"[TG(58:10),TG(57:3)]_FA18:1",1182.900089263916,1048.440071105957,1344.840103149414,1178.840072631836,1171.2200736999512,1054.7800598144531,1271.8400840759275,1159.0800743103027
"[TG(58:10),TG(57:3)]_FA18:2",2392.060146331787,2161.2401580810547,4445.080310821533,2648.620182037353,2521.8202171325684,3668.880233764648,3163.500156402588,1774.8001327514648
"[TG(58:10),TG(57:3)]_FA18:3",1323.2600898742676,1406.480094909668,1336.2800979614258,1687.6001167297363,1216.7400817871094,1675.5401153564453,1533.000114440918,1484.6001014709473
"[TG(58:10),TG(57:3)]_FA20:4",1583.4201126098633,1665.0601119995115,1888.62015914917,2276.680187225342,1490.6601181030271,2434.760162353516,3777.320255279541,2211.2401580810547
"[TG(58:10),TG(57:3)]_FA22:5",1686.0401344299316,1674.740135192871,2086.840145111084,1680.6401176452637,1600.4801139831543,1458.7800979614258,1846.8401145935056,2031.4401550292969
"[TG(58:10),TG(57:3)]_FA22:6",5826.780437469482,6951.280662536621,16555.980949401855,6376.260536193848,3724.6402702331534,6101.520393371582,8501.460590362549,3566.3402671813965
"[TG(58:11),TG(57:4)]_FA14:0",1015.2200775146484,1015.9600791931152,1017.3800735473632,1049.3200798034668,1059.760082244873,1012.4800758361816,1041.460075378418,1016.8200645446776
"[TG(58:11),TG(57:4)]_FA16:0",1044.2200775146484,1063.6400718688965,1032.9600677490234,1032.8800621032717,1014.0200653076172,1016.2800636291504,1060.180076599121,1039.9200706481934
"[TG(58:11),TG(57:4)]_FA16:1",1052.3600769042969,1085.8800735473633,1046.12007522583,1055.1600723266602,1050.9000701904297,1053.0200653076172,1083.7800788879397,1074.340068817139
"[TG(58:11),TG(57:4)]_FA18:0",1012.9600715637208,1058.640079498291,1012.6200675964355,1017.940071105957,1016.8800659179688,1036.0600624084473,1034.380069732666,1043.8600730895996
"[TG(58:11),TG(57:4)]_FA18:1",1166.600082397461,1068.4600715637207,1153.4200820922852,1098.7200775146484,1265.620086669922,1088.5400772094729,1298.7000732421875,1148.520076751709
"[TG(58:11),TG(57:4)]_FA18:2",1293.5601043701172,1762.3401184082031,1712.9401206970217,1221.900089263916,1317.3000831604004,1662.2201232910156,1737.880111694336,1197.320083618164
"[TG(58:11),TG(57:4)]_FA18:3",1182.6800842285156,1236.240089416504,1405.0201148986816,2243.940174102783,1248.4400825500488,1422.0601081848145,1500.4800910949707,1295.7200927734375
"[TG(58:11),TG(57:4)]_FA20:4",1351.5401039123535,1375.8600997924805,1359.8400955200195,1402.5600967407229,1332.2800903320312,1392.180103302002,1710.460117340088,1386.400089263916
"[TG(58:11),TG(57:4)]_FA22:5",1398.700096130371,1373.420108795166,1444.820095062256,1422.8400955200195,1374.620086669922,1373.780117034912,1457.9401016235352,1380.1600914001465
"[TG(58:11),TG(57:4)]_FA22:6",2214.2601356506348,2823.100204467773,3816.9201889038086,2430.3001441955566,1843.0401420593264,2441.8601684570312,2917.700252532959,1857.9401359558103
"[TG(58:12),TG(57:5)]_FA14:0",1014.600067138672,1016.1800765991212,1028.7800750732422,1047.7600784301758,1053.840072631836,1011.900074005127,1013.1600646972656,1016.5600738525392
"[TG(58:12),TG(57:5)]_FA16:0",1034.8800735473633,1028.800064086914,1041.3600769042969,1090.5400733947754,1064.0200729370115,1066.0800704956057,1036.840061187744,1036.4800720214844
"[TG(58:12),TG(57:5)]_FA16:1",1052.3000831604004,1049.200080871582,1046.4000778198242,1053.8600769042969,1079.9600868225098,1068.8600692749023,1052.2200736999512,1119.0000686645508
"[TG(58:12),TG(57:5)]_FA18:0",1013.0400657653807,1064.980079650879,1018.2000694274902,1016.300075531006,1010.6400680541992,1075.3600959777832,1111.1400833129885,1071.5800743103027
"[TG(58:12),TG(57:5)]_FA18:1",1085.460075378418,1056.62007522583,1164.1000862121582,1174.8800811767578,1085.2600708007812,1091.2000770568848,1270.2600860595703,1050.1400718688965
"[TG(58:12),TG(57:5)]_FA18:2",1394.000087738037,1305.5801010131836,1452.0400886535645,1243.9000816345217,1215.380084991455,1195.7400856018066,1240.740077972412,1127.0000801086426
"[TG(58:12),TG(57:5)]_FA18:3",1167.7200813293457,1194.6800727844238,1189.0600814819336,1255.440086364746,1220.0800857543943,1176.320083618164,1308.1000900268557,1172.140079498291
"[TG(58:12),TG(57:5)]_FA20:4",1297.220085144043,1308.1000900268557,1284.5000801086426,1333.7400970458984,1256.660083770752,1403.2400970458984,1479.1001052856443,1430.960090637207
"[TG(58:12),TG(57:5)]_FA22:5",1398.040096282959,1380.8200912475586,1411.760097503662,1378.220100402832,1375.7400856018066,1408.0000953674316,1376.260097503662,1419.9201011657717
"[TG(58:12),TG(57:5)]_FA22:6",1621.9401168823242,1552.5801010131836,1630.3401222229004,1517.1401176452637,1513.9601020812988,1493.340114593506,1600.9601211547852,1577.3001022338867
"[TG(58:13),TG(57:6)]_FA14:0",1014.900074005127,1016.340072631836,1017.080078125,1069.2000846862793,1021.5000801086426,1015.9600791931152,1014.720069885254,1016.7000732421876
"[TG(58:13),TG(57:6)]_FA16:0",1103.0000839233398,1071.2400703430176,1073.8200759887695,1065.2200775146484,1092.900074005127,1042.9000778198242,1188.0600929260254,1003.620059967041
"[TG(58:13),TG(57:6)]_FA16:1",1051.780071258545,1046.5200729370115,1046.2600746154783,1085.0000762939453,1051.6000747680664,1071.9000701904297,1052.160068511963,1050.5400733947754
"[TG(58:13),TG(57:6)]_FA18:0",1013.9000701904296,1045.0400772094729,1078.12007522583,1017.0800819396972,1009.8800811767578,1011.7200775146484,1011.2800712585448,1015.4400749206544
"[TG(58:13),TG(57:6)]_FA18:1",1078.9000816345217,1049.2800674438477,1142.8800773620603,1047.900074005127,1047.0600700378418,1047.3800811767578,1248.7600936889648,1137.3800926208496
"[TG(58:13),TG(57:6)]_FA18:2",1219.9000854492188,1188.9400825500488,1460.0800895690918,1128.7800827026367,1326.520092010498,1210.740089416504,1288.9200973510742,1127.3800773620603
"[TG(58:13),TG(57:6)]_FA18:3",1181.2200813293457,1168.2200813293457,1168.0600929260254,1210.1600914001465,1169.6000709533691,1190.1800804138184,1173.2200660705566,1171.8400802612305
"[TG(58:13),TG(57:6)]_FA20:4",1247.820087432861,1300.6400985717771,1294.820087432861,1446.9400939941406,1349.840103149414,1415.8000946044922,1271.2000923156738,1424.2201042175293
"[TG(58:13),TG(57:6)]_FA22:5",1397.6001052856443,1391.7200965881348,1626.5001106262207,1379.3200912475586,1431.900104522705,1403.4401054382324,1534.0400924682615,1535.380111694336
"[TG(58:13),TG(57:6)]_FA22:6",1578.1801223754885,1620.340106964111,1617.8601150512695,1499.3201026916504,1550.1001052856443,1597.2201232910156,1518.6601066589355,1499.3801040649414
"[TG(58:14),TG(57:7),TG(56:0)]_FA14:0",1072.1600799560547,1020.240077972412,1084.1200790405271,1055.9400749206543,1162.6400871276855,1039.660068511963,1037.9400749206543,1049.860080718994
"[TG(58:14),TG(57:7),TG(56:0)]_FA16:0",1503.3401107788086,1426.2801094055176,1368.2000999450684,1684.3601150512695,1343.740089416504,1081.2600708007812,1385.9801025390625,1079.260082244873
"[TG(58:14),TG(57:7),TG(56:0)]_FA16:1",1052.220069885254,1047.0800666809082,1046.3600692749023,1054.3800621032717,1070.9400749206543,1160.2000732421875,1142.8200759887695,1050.3600616455078
"[TG(58:14),TG(57:7),TG(56:0)]_FA18:0",1045.2200736999512,1050.6200790405271,1101.620086669922,1016.6400680541992,1071.54008102417,1048.300067901611,1175.0200881958008,1015.1400680541992
"[TG(58:14),TG(57:7),TG(56:0)]_FA18:1",1273.460075378418,1101.3800735473633,1157.6800842285156,1138.1800727844238,1288.1400985717771,1080.0600662231443,1280.1000900268557,1115.7800750732422
"[TG(58:14),TG(57:7),TG(56:0)]_FA18:2",1313.5200843811035,1331.7000999450684,1357.9600944519043,1217.8200912475586,1238.6400871276855,1291.3201026916504,1210.3000831604004,1157.9800834655762
"[TG(58:14),TG(57:7),TG(56:0)]_FA18:3",1166.7800903320312,1166.940071105957,1167.6400833129885,1192.7000846862793,1248.7000999450684,1206.6400833129885,1172.9000854492188,1173.54008102417
"[TG(58:14),TG(57:7),TG(56:0)]_FA20:4",1302.4600868225098,1267.5400886535645,1301.2600936889648,1253.8400802612305,1535.500099182129,1275.2600784301758,1507.3800964355469,1358.740104675293
"[TG(58:14),TG(57:7),TG(56:0)]_FA22:5",1373.9201011657717,1509.3601036071775,1644.2201232910156,1445.6800918579102,1374.8801040649414,1588.9401016235352,1511.5601119995115,1536.5000915527344
"[TG(58:14),TG(57:7),TG(56:0)]_FA22:6",1846.1801376342771,1889.62015914917,2103.260124206543,1512.5401000976562,1649.9601211547852,1782.4001235961914,1737.9601364135742,1720.7001113891602
"[TG(58:7),TG(57:0)]_FA14:0",1053.9000701904297,1061.6200828552246,1041.760082244873,1032.7800750732422,1100.7200775146484,1082.3800811767578,1060.3800811767578,1016.4000778198242
"[TG(58:7),TG(57:0)]_FA16:0",1656.0201225280762,1933.2001419067385,2340.160182952881,1945.6001625061035,2080.4601440429688,1434.4800834655762,2362.68017578125,1435.020092010498
"[TG(58:7),TG(57:0)]_FA16:1",1169.0800857543943,1131.7200736999512,1081.8000793457031,1143.8000831604004,1054.940071105957,1222.6800651550293,1326.100082397461,1202.1600799560547
"[TG(58:7),TG(57:0)]_FA18:0",1229.880084991455,1465.2801208496094,1497.5201148986816,1103.320083618164,1226.0401000976562,1120.2400817871094,2604.9202003479004,1187.5600814819336
"[TG(58:7),TG(57:0)]_FA18:1",2303.860176086426,1723.4801177978516,3474.9601669311523,3045.180160522461,2467.08016204834,1952.9001541137693,10803.300842285156,2952.420265197754
"[TG(58:7),TG(57:0)]_FA18:2",3316.2801475524902,2917.8002319335938,5335.520427703857,2023.6001434326167,3338.3402137756348,4374.640361785889,3032.760284423828,1977.1401252746584
"[TG(58:7),TG(57:0)]_FA18:3",1236.7600784301758,1216.820087432861,1266.9400787353516,1203.8200759887695,1275.740089416504,1258.1200942993164,1282.6400718688965,1172.840068817139
"[TG(58:7),TG(57:0)]_FA20:4",1665.080093383789,1754.7401313781738,2129.7401847839355,2536.7602005004883,2335.9201583862305,2556.320178985596,3743.5002975463863,2080.3001441955566
"[TG(58:7),TG(57:0)]_FA22:5",3308.8402366638184,3231.7801933288574,6215.020252227783,4935.100326538086,2647.4802169799805,3148.0002059936523,6525.100509643555,7233.720443725586
"[TG(58:7),TG(57:0)]_FA22:6",3306.3002548217773,3393.980239868164,4757.240306854248,2254.1601638793945,2037.320140838623,2961.820167541504,5441.420337677002,2153.320163726806
"[TG(58:8),TG(57:1)]_FA14:0",1015.7600746154784,1016.1800727844238,1046.9600791931152,1044.480079650879,1012.460075378418,1012.9600715637208,1013.4800720214844,1034.4400825500488
"[TG(58:8),TG(57:1)]_FA16:0",1243.9200897216797,1170.7200736999512,1725.5601272583008,1601.0001068115234,1972.9401779174805,1646.9200973510742,2106.1401863098145,1169.640064239502
"[TG(58:8),TG(57:1)]_FA16:1",1227.880084991455,1762.4601287841797,1131.8200759887695,1091.62007522583,1126.240077972412,1221.4600982666016,1238.720085144043,1368.0401039123535
"[TG(58:8),TG(57:1)]_FA18:0",1049.4800758361816,1161.6600761413574,1518.7601051330566,1150.360080718994,1064.8000793457031,1289.5400924682615,1810.8401145935056,1114.3800773620603
"[TG(58:8),TG(57:1)]_FA18:1",2707.900184631348,1376.3600997924805,4270.50036239624,3784.640224456787,2829.920211791992,1507.720127105713,11750.280826568604,1365.160083770752
"[TG(58:8),TG(57:1)]_FA18:2",1963.800148010254,3269.440269470215,7118.820507049561,2489.2201919555664,3910.120265960693,5430.740489959717,5346.680397033691,2142.100154876709
"[TG(58:8),TG(57:1)]_FA18:3",1300.9600944519043,1167.2800788879397,1260.1400909423828,1326.1000900268557,1472.780101776123,1344.500087738037,1256.6600875854492,1322.8000946044922
"[TG(58:8),TG(57:1)]_FA20:4",1898.860145568848,1815.580135345459,2187.280158996582,2999.300189971924,1757.340114593506,2766.420185089112,3957.8002891540527,2270.8801651000977
"[TG(58:8),TG(57:1)]_FA22:5",4142.840343475342,3795.180240631104,8740.06069946289,7834.980457305908,2927.2001724243164,3908.460247039795,6860.640586853027,7392.62060546875
"[TG(58:8),TG(57:1)]_FA22:6",8607.580520629883,9778.600578308104,20283.80195236206,6252.020458221436,3587.8602714538574,7832.060558319092,19812.841632843018,6817.840461730957
"[TG(58:9),TG(57:2)]_FA14:0",1015.5800704956056,1041.3200798034668,1017.0600738525392,1016.140064239502,1012.5800704956056,1011.6600570678712,1013.6200675964355,1016.6600761413574
"[TG(58:9),TG(57:2)]_FA16:0",1122.0200729370115,1125.500087738037,1068.7200736999512,1151.4800643920898,1324.9201049804688,1280.640079498291,1111.0800743103027,1029.6200790405271
"[TG(58:9),TG(57:2)]_FA16:1",1125.300075531006,1153.8000869750977,1184.0400657653809,1084.0800743103027,1122.4800758361816,1329.6400985717771,1318.5400886535645,1222.6200714111328
"[TG(58:9),TG(57:2)]_FA18:0",1013.440071105957,1098.9200744628906,1080.4200744628906,1022.2600708007812,1010.6400833129884,1043.4800758361816,1123.7800788879397,1015.7200775146484
"[TG(58:9),TG(57:2)]_FA18:1",1579.8201026916504,1433.6201210021973,3512.320281982422,3145.660255432129,2002.040126800537,1880.6801223754885,7024.540489196777,1295.6200981140137
"[TG(58:9),TG(57:2)]_FA18:2",3125.1202087402344,3191.8801918029785,8247.960842132568,2606.360218048096,3709.600315093994,5477.280258178711,4728.700344085693,2051.0201110839844
"[TG(58:9),TG(57:2)]_FA18:3",1278.8200912475586,1220.0800819396973,1237.0200881958008,1569.1001243591309,1439.2200736999512,1849.6601104736328,1416.580078125,1392.1800956726074
"[TG(58:9),TG(57:2)]_FA20:4",1991.480152130127,1843.400131225586,1848.9001083374023,2751.480224609375,1841.3401374816892,3207.3802223205566,5116.6003494262695,2657.2601585388184
"[TG(58:9),TG(57:2)]_FA22:5",2322.660148620605,2736.220203399658,4634.660373687744,4761.600196838379,2288.3401641845703,2241.4601516723637,3623.680313110352,3680.580234527588
"[TG(58:9),TG(57:2)]_FA22:6",11293.54048538208,14068.761093139648,34485.94202423096,11153.901012420654,5635.520389556885,13068.180568695068,24479.4215965271,7045.620693206787
"[TG(59:10),TG(58:3)]_FA14:0",1015.12007522583,1016.1000747680664,1017.760082244873,1039.2400741577148,1012.8200607299804,1012.5800704956056,1013.8800849914552,1016.3200759887696
"[TG(59:10),TG(58:3)]_FA16:0",1134.2000732421875,1115.3000793457031,1135.8200721740725,1109.000072479248,1184.380084991455,1020.5200691223145,1065.220069885254,1016.9800643920898
"[TG(59:10),TG(58:3)]_FA16:1",1114.940071105957,1113.360080718994,1046.8200721740725,1054.8800811767578,1108.8600845336914,1069.680088043213,1064.120086669922,1142.060089111328
"[TG(59:10),TG(58:3)]_FA18:0",1049.0400733947754,1158.9800834655762,1015.4800643920898,1078.6000785827637,1054.2400703430176,1153.3800964355469,1170.1800727844238,1109.620086669922
"[TG(59:10),TG(58:3)]_FA18:1",1748.8201026916504,1155.980079650879,1866.0400924682615,1546.16011428833,1296.1200714111328,1369.3600997924805,4140.74031829834,1161.7800750732422
"[TG(59:10),TG(58:3)]_FA18:2",1534.580108642578,1586.7601013183594,1676.400131225586,1302.6800918579102,1616.4601211547852,1764.6001205444336,1562.6401023864746,1262.7400817871094
"[TG(59:10),TG(58:3)]_FA18:3",1174.3000831604004,1167.360092163086,1172.760082244873,1183.9200744628906,1168.260082244873,1166.840072631836,1171.740077972412,1173.0600776672363
"[TG(59:10),TG(58:3)]_FA20:4",1272.240089416504,1257.0600852966309,1250.300090789795,1245.2800827026367,1321.1200942993164,1306.320087432861,1306.9000968933103,1302.6800994873047
"[TG(59:10),TG(58:3)]_FA22:5",1373.3400955200195,1374.000099182129,1448.8800926208496,1378.9800910949707,1375.3800964355469,1413.4401016235352,1375.6400909423828,1389.9601020812988
"[TG(59:10),TG(58:3)]_FA22:6",1643.2401313781738,1548.0801048278809,1637.8801193237305,1499.6001205444336,1553.560115814209,1494.480110168457,1507.5601119995115,1528.2401084899902
"[TG(59:11),TG(58:4)]_FA14:0",1014.880069732666,1015.7800750732422,1022.4800682067872,1016.3400802612304,1012.8800735473632,1015.5800666809082,1013.9800720214844,1016.6400718688964
"[TG(59:11),TG(58:4)]_FA16:0",1140.1800804138184,1063.840068817139,1059.3600730895996,1004.9800682067872,1098.1400756835938,1071.4400672912598,1024.2600708007812,1002.3200759887696
"[TG(59:11),TG(58:4)]_FA16:1",1098.800075531006,1050.820068359375,1046.400074005127,1074.0400657653809,1050.960060119629,1073.9000778198242,1052.5800819396973,1049.8600730895996
"[TG(59:11),TG(58:4)]_FA18:0",1069.660083770752,1118.9400787353516,1071.7200813293457,1228.8600959777832,1031.540069580078,1140.6000785827637,1202.12007522583,1029.8600692749023
"[TG(59:11),TG(58:4)]_FA18:1",1662.5401077270508,1482.580108642578,1335.2800941467283,1595.260097503662,1757.640121459961,1482.2201042175293,3923.200309753418,1636.920108795166
"[TG(59:11),TG(58:4)]_FA18:2",2115.800132751465,2394.860191345215,2605.100166320801,1421.880107879639,2059.020168304444,3065.6802673339844,2144.7201614379883,1439.3000984191897
"[TG(59:11),TG(58:4)]_FA18:3",1193.660083770752,1217.1000862121582,1167.4200820922852,1273.0801010131836,1208.0400848388672,1167.320083618164,1172.7000732421875,1255.6000862121582
"[TG(59:11),TG(58:4)]_FA20:4",1319.2601051330566,1248.6000938415527,1269.860088348389,1306.2601013183594,1343.3400917053225,1308.0000915527344,1248.3000984191897,1411.8601112365725
"[TG(59:11),TG(58:4)]_FA22:5",1418.6001014709473,1409.0001068115234,1411.2400970458984,1390.9600868225098,1439.0600967407229,1422.3800964355469,1388.2000923156738,1424.0001029968262
"[TG(59:11),TG(58:4)]_FA22:6",1508.7801094055176,1527.5201110839844,1520.940113067627,1498.16011428833,1515.940113067627,1526.500114440918,1550.9601097106934,1499.6801109313965
"[TG(59:12),TG(58:5)]_FA14:0",1015.1600799560548,1016.1200790405272,1017.740077972412,1016.3600769042968,1012.7200660705566,1011.8200721740724,1059.7400703430176,1042.4600715637207
"[TG(59:12),TG(58:5)]_FA16:0",1069.1800804138184,1119.2800788879397,1157.2800903320312,1097.660068511963,1154.0600852966309,1212.740077972412,1109.4000778198242,1070.6600723266602
"[TG(59:12),TG(58:5)]_FA16:1",1052.400074005127,1047.680061340332,1046.5400657653809,1054.12007522583,1051.2800788879397,1052.4400749206543,1052.1400718688965,1050.5000839233398
"[TG(59:12),TG(58:5)]_FA18:0",1145.8200798034668,1313.1800727844238,1119.860080718994,1385.0401077270508,1117.600082397461,1302.5800895690918,1967.860149383545,1221.820087432861
"[TG(59:12),TG(58:5)]_FA18:1",1311.7200927734375,1289.2200927734375,1741.6201171875,1777.2801399230957,1777.2201232910156,1320.2800827026367,3404.680221557617,1269.7200889587402
"[TG(59:12),TG(58:5)]_FA18:2",2053.8001594543457,2169.0401458740234,3367.140308380127,1620.3201065063477,2195.580139160156,2685.8401412963867,1978.760154724121,1195.080078125
"[TG(59:12),TG(58:5)]_FA18:3",1166.480068206787,1187.220069885254,1193.5600662231443,1199.8600845336914,1319.0800895690918,1263.2800788879397,1261.8600769042969,1182.740077972412
"[TG(59:12),TG(58:5)]_FA20:4",1254.3000946044922,1310.6800956726074,1387.4200973510742,1522.8601150512695,1364.0400848388672,1424.4200973510742,1923.6801528930664,1332.8400993347168
"[TG(59:12),TG(58:5)]_FA22:5",1448.3801040649414,1474.4401054382324,1500.5401077270508,1637.520118713379,1438.400104522705,1486.2800941467283,1418.60009765625,1469.5600967407229
"[TG(59:12),TG(58:5)]_FA22:6",1535.500114440918,1538.9601097106934,1509.020107269287,1545.2601165771484,1508.5800971984863,1512.2401084899902,1500.760097503662,1524.700107574463
"[TG(59:13),TG(58:6)]_FA14:0",1077.6000709533691,1038.8000793457031,1017.3200721740724,1015.800075531006,1026.6400718688965,1013.000072479248,1049.0600814819336,1019.8000717163086
"[TG(59:13),TG(58:6)]_FA16:0",1022.1200714111328,1498.800106048584,1623.9400939941406,1265.920078277588,1732.7401428222656,1426.7201080322266,1747.3201141357422,1020.7800636291504
"[TG(59:13),TG(58:6)]_FA16:1",1103.900074005127,1124.1600761413574,1057.5800704956057,1074.160083770752,1050.3800659179688,1056.920078277588,1174.1800804138184,1095.7600708007812
"[TG(59:13),TG(58:6)]_FA18:0",1331.940097808838,1563.2001342773438,2248.18017578125,1670.300136566162,1253.3000793457031,1281.6200904846191,2349.840190887451,1099.960075378418
"[TG(59:13),TG(58:6)]_FA18:1",1855.9601020812988,1423.240104675293,2745.980197906494,2260.24015045166,2178.240161895752,1766.3601379394531,6448.620391845703,1354.7201042175293
"[TG(59:13),TG(58:6)]_FA18:2",2437.180206298828,2428.940155029297,2932.320198059082,1332.900089263916,2066.9201469421387,2519.320182800293,2045.0001525878904,1241.0400848388672
"[TG(59:13),TG(58:6)]_FA18:3",1266.5200881958008,1216.740077972412,1257.5200881958008,1387.660099029541,1246.1400871276855,1206.4600868225098,1292.940086364746,1190.2200813293457
"[TG(59:13),TG(58:6)]_FA20:4",1522.260108947754,1673.5001029968262,1377.2600936889648,1917.9601364135744,1764.5201301574707,1943.6801300048828,3348.280204772949,1859.680145263672
"[TG(59:13),TG(58:6)]_FA22:5",1910.4401550292969,1640.180118560791,2476.7801628112798,1993.2201614379885,1858.300148010254,1524.2400970458984,2402.320156097412,2264.9401626586914
"[TG(59:13),TG(58:6)]_FA22:6",1508.6001014709473,1666.9201202392578,1964.3801307678225,1566.0201148986816,1659.440113067627,1691.6001358032229,1935.0001373291016,1557.9401092529297
"[TG(59:9),TG(58:2)]_FA14:0",1015.8000793457032,1015.860080718994,1017.7000770568848,1016.2200813293456,1013.1200675964355,1012.9400596618652,1014.5400772094728,1015.3800773620604
"[TG(59:9),TG(58:2)]_FA16:0",1081.8000793457031,1139.260082244873,1066.4400787353516,1110.8200798034668,1001.0000648498536,1078.140079498291,1069.4600791931152,1074.0200729370115
"[TG(59:9),TG(58:2)]_FA16:1",1088.180076599121,1105.720069885254,1085.340072631836,1080.2200813293457,1108.240077972412,1126.240077972412,1142.6800842285156,1109.6600761413574
"[TG(59:9),TG(58:2)]_FA18:0",1013.4600715637208,1062.8200721740725,1024.8600769042969,1044.2800674438477,1044.2600708007812,1071.580078125,1336.7600784301758,1060.440086364746
"[TG(59:9),TG(58:2)]_FA18:1",1342.780086517334,1273.1400909423828,1122.0600662231443,1118.6800651550293,1196.2600860595703,1224.600082397461,1847.26012802124,1049.2600784301758
"[TG(59:9),TG(58:2)]_FA18:2",1248.3000831604004,1271.1200790405271,1297.8600845336914,1142.0200691223145,1228.860088348389,1293.1600914001465,1163.4600791931152,1178.6000709533691
"[TG(59:9),TG(58:2)]_FA18:3",1167.660083770752,1167.4800720214844,1167.7000885009766,1168.8800773620603,1169.1200828552246,1166.740077972412,1172.1600875854492,1171.9000816345217
"[TG(59:9),TG(58:2)]_FA20:4",1285.860088348389,1249.080093383789,1257.480079650879,1244.600082397461,1468.8200988769531,1294.0200881958008,1350.120086669922,1272.9400787353516
"[TG(59:9),TG(58:2)]_FA22:5",1373.0200958251953,1373.440097808838,1375.10009765625,1389.500087738037,1394.3800964355469,1379.0401000976562,1451.4401016235352,1400.9600982666016
"[TG(59:9),TG(58:2)]_FA22:6",1508.7801132202148,1539.340106964111,1712.5801277160645,1498.7201080322266,1500.1001052856443,1566.1001091003418,1511.4401016235352,1572.7801132202148
"[TG(60:10),TG(59:3)]_FA14:0",1035.4600715637207,1015.8000831604004,1017.3200721740724,1036.6200790405271,1012.3000831604004,1012.2800598144532,1014.1400756835938,1016.2000694274902
"[TG(60:10),TG(59:3)]_FA16:0",1114.440071105957,1061.4800720214844,1093.0800743103027,1112.0200805664062,1068.580078125,1018.8800659179688,1099.7200775146484,1144.5400848388672
"[TG(60:10),TG(59:3)]_FA16:1",1051.9600715637207,1096.4200744628906,1046.200065612793,1053.9800834655762,1094.3400650024414,1051.9600715637207,1071.8200759887695,1105.04008102417
"[TG(60:10),TG(59:3)]_FA18:0",1024.2400741577148,1013.2600784301758,1012.8400650024414,1027.4800834655762,1015.9000778198242,1060.8200721740725,1076.8000717163086,1015.9400749206544
"[TG(60:10),TG(59:3)]_FA18:1",1184.080078125,1069.3600769042969,1142.180076599121,1106.760066986084,1304.3400917053225,1093.5000839233398,1387.6000938415527,1163.4200820922852
"[TG(60:10),TG(59:3)]_FA18:2",1377.760097503662,1172.0200843811035,1784.280117034912,1340.980110168457,1298.4600868225098,1731.2401237487793,1634.9401092529297,1281.500099182129
"[TG(60:10),TG(59:3)]_FA18:3",1208.920078277588,1254.8200912475586,1287.1600914001465,1211.0600814819336,1261.560073852539,1246.320083618164,1305.7400932312012,1212.9600868225098
"[TG(60:10),TG(59:3)]_FA20:4",1481.5001029968262,1458.2200927734375,1496.7201118469238,1673.5001220703125,1709.9601135253906,2055.9601707458496,2310.4601516723637,1553.720115661621
"[TG(60:10),TG(59:3)]_FA22:5",1444.520107269287,1577.6601181030271,1966.2801475524905,2282.70015335083,1625.740119934082,1545.200107574463,2011.6001243591309,1728.9801177978516
"[TG(60:10),TG(59:3)]_FA22:6",2092.420150756836,2461.2601776123047,3656.8203201293945,2141.5401496887207,1598.0201225280762,2030.700138092041,3037.1001930236816,1632.2801132202148
"[TG(60:11),TG(59:4)]_FA14:0",1015.1800727844238,1015.62007522583,1017.340072631836,1015.640079498291,1013.4400634765624,1012.840072631836,1013.4800682067872,1015.4000663757324
"[TG(60:11),TG(59:4)]_FA16:0",1024.4000701904297,1125.4800758361816,1140.04008102417,1033.3600730895996,1166.9200859069824,1035.100067138672,1214.12007522583,1041.9200744628906
"[TG(60:11),TG(59:4)]_FA16:1",1051.980079650879,1046.4000778198242,1077.4000701904297,1053.800067901611,1050.9200859069824,1051.5200843811035,1092.840072631836,1061.8600769042969
"[TG(60:11),TG(59:4)]_FA18:0",1012.740077972412,1013.120059967041,1011.8000679016112,1016.4400749206544,1011.4200592041016,1011.6200637817384,1073.6800727844238,1015.4400749206544
"[TG(60:11),TG(59:4)]_FA18:1",1050.920078277588,1080.6800727844238,1063.2600784301758,1184.6600799560547,1112.7400817871094,1047.5400657653809,1162.0600776672363,1153.820083618164
"[TG(60:11),TG(59:4)]_FA18:2",1321.920093536377,1357.0601119995115,1355.14009475708,1250.8200798034668,1244.9000816345217,1157.6400909423828,1282.7400932312012,1127.580078125
"[TG(60:11),TG(59:4)]_FA18:3",1208.4200859069824,1244.6200828552246,1337.080093383789,1270.820095062256,1211.6000900268557,1224.4400939941406,1257.9400825500488,1227.3400840759275
"[TG(60:11),TG(59:4)]_FA20:4",1403.6801109313965,1445.0401077270508,1469.4200897216797,1593.7801094055176,1552.880100250244,1670.840114593506,2225.600170135498,1437.5401000976562
"[TG(60:11),TG(59:4)]_FA22:5",1539.5201110839844,1559.7401123046875,1572.9601097106934,1770.0801315307615,1416.5200958251953,1574.5601196289062,2002.8001441955569,1913.5001411437988
"[TG(60:11),TG(59:4)]_FA22:6",2643.5801696777344,2620.2601890563965,4241.040325164795,2067.820137023926,1860.1601333618164,2302.1401557922363,3254.840244293213,2029.1201667785645
"[TG(60:12),TG(59:5)]_FA14:0",1014.7400703430176,1070.9200744628906,1016.8200759887696,1016.0600814819336,1018.5200729370116,1017.3000679016112,1076.0600814819336,1016.260082244873
"[TG(60:12),TG(59:5)]_FA16:0",1027.54008102417,1007.640079498291,1006.7400665283204,1071.6200675964355,1216.4800834655762,1036.8200759887695,1091.360080718994,1144.2600746154783
"[TG(60:12),TG(59:5)]_FA16:1",1081.2400817871094,1046.940071105957,1046.8600692749023,1055.000072479248,1051.0200691223145,1051.320068359375,1085.660068511963,1049.9800758361816
"[TG(60:12),TG(59:5)]_FA18:0",1012.0400772094728,1012.6400718688964,1012.4800720214844,1050.8200798034668,1011.1000747680664,1011.5400657653807,1059.1000747680664,1015.6600685119628
"[TG(60:12),TG(59:5)]_FA18:1",1050.8200721740725,1079.6800804138184,1077.2400703430176,1048.3600692749023,1046.9200630187988,1047.0800819396973,1049.9800834655762,1085.8400840759275
"[TG(60:12),TG(59:5)]_FA18:2",1198.1800727844238,1227.4000816345217,1422.7800903320312,1129.3000717163086,1197.040096282959,1199.4200820922852,1196.6600761413574,1173.980079650879
"[TG(60:12),TG(59:5)]_FA18:3",1209.7200813293457,1208.5600852966309,1209.620086669922,1248.2201042175293,1284.620086669922,1208.7000923156738,1215.6200828552246,1214.5800819396973
"[TG(60:12),TG(59:5)]_FA20:4",1338.320087432861,1283.520092010498,1419.8601036071775,1771.040126800537,1543.58012008667,1276.4600830078125,1710.0601043701172,1448.220100402832
"[TG(60:12),TG(59:5)]_FA22:5",1413.7201080322266,1410.620101928711,1509.4200973510742,1474.9001007080078,1428.3001022338867,1400.3800964355469,1686.260108947754,1435.220100402832
"[TG(60:12),TG(59:5)]_FA22:6",2243.6401596069336,2439.0001792907715,3729.480216979981,2059.4401512146,1866.7601356506348,2051.340160369873,3829.300254821777,1935.900127410889
"[TG(60:13),TG(59:6)]_FA14:0",1063.0800895690918,1016.1400680541992,1017.420066833496,1016.0800704956056,1034.9200820922852,1015.8600654602052,1042.7600746154783,1039.500072479248
"[TG(60:13),TG(59:6)]_FA16:0",1088.9600791931152,1048.0000801086426,1208.2800903320312,1065.5000610351562,1018.3200759887696,1002.3200645446776,1003.0600776672364,1022.0400657653807
"[TG(60:13),TG(59:6)]_FA16:1",1052.8800773620603,1047.3200721740725,1046.980068206787,1054.2600708007812,1051.2000770568848,1095.5200729370115,1052.54008102417,1049.5800704956057
"[TG(60:13),TG(59:6)]_FA18:0",1013.9800720214844,1020.8200721740724,1012.3800735473632,1068.3400764465332,1010.7400703430176,1010.7000732421876,1012.62007522583,1015.7000732421876
"[TG(60:13),TG(59:6)]_FA18:1",1079.5000801086426,1052.4200744628906,1048.4800720214844,1058.1600723266602,1068.2800827026367,1047.100067138672,1107.7000846862793,1049.600067138672
"[TG(60:13),TG(59:6)]_FA18:2",1142.9400825500488,1131.7600746154783,1131.7000732421875,1182.5600776672363,1142.860080718994,1146.9800758361816,1130.2800750732422,1199.8200798034668
"[TG(60:13),TG(59:6)]_FA18:3",1209.4800758361816,1209.8000831604004,1247.06010055542,1237.62007522583,1243.3200721740725,1208.860088348389,1214.5400733947754,1171.4200744628906
"[TG(60:13),TG(59:6)]_FA20:4",1248.0400848388672,1282.1400909423828,1268.1200904846191,1332.9800987243652,1281.4600868225098,1297.820083618164,1393.1201057434082,1249.3200759887695
"[TG(60:13),TG(59:6)]_FA22:5",1419.7201118469238,1374.0001029968262,1375.0401000976562,1457.4801025390625,1374.300090789795,1375.8200912475586,1376.7601013183594,1392.160099029541
"[TG(60:13),TG(59:6)]_FA22:6",1578.3201179504397,1630.5801124572754,1656.0801048278809,1610.1201171875,1568.9601135253906,1587.400104522705,1662.8201141357422,1581.4601135253906
"[TG(60:14),TG(59:7),TG(58:0)]_FA14:0",1044.9200744628906,1074.0000648498535,1017.3400764465332,1017.3200721740724,1013.380069732666,1012.4600715637208,1044.6200790405271,1041.2400703430176
"[TG(60:14),TG(59:7),TG(58:0)]_FA16:0",1217.7400817871094,1190.960090637207,1227.560073852539,1314.000087738037,1105.5600814819336,1034.1800651550293,1144.760082244873,1079.3000717163086
"[TG(60:14),TG(59:7),TG(58:0)]_FA16:1",1053.0200805664062,1047.4600639343262,1045.3600692749023,1053.6600799560547,1050.7400703430176,1052.1400680541992,1052.6600723266602,1050.2800788879397
"[TG(60:14),TG(59:7),TG(58:0)]_FA18:0",1074.360080718994,1068.9800720214844,1040.3600769042969,1030.0400772094729,1010.5200691223145,1015.4600639343262,1099.62007522583,1015.4800796508788
"[TG(60:14),TG(59:7),TG(58:0)]_FA18:1",1060.7400741577148,1048.860080718994,1049.0000762939453,1096.6600723266602,1076.240077972412,1047.0400657653809,1067.3200759887695,1057.6600723266602
"[TG(60:14),TG(59:7),TG(58:0)]_FA18:2",1132.5200805664062,1146.4000816345217,1264.0400924682615,1128.640064239502,1143.2000846862793,1211.1200790405271,1190.1000747680664,1127.500072479248
"[TG(60:14),TG(59:7),TG(58:0)]_FA18:3",1166.8600730895996,1200.200080871582,1167.6400871276855,1178.9400787353516,1169.5800857543943,1167.000072479248,1172.600082397461,1172.0600776672363
"[TG(60:14),TG(59:7),TG(58:0)]_FA20:4",1283.2000999450684,1263.8800888061523,1250.3400955200195,1245.620086669922,1356.8600997924805,1346.0600852966309,1248.700080871582,1249.0800895690918
"[TG(60:14),TG(59:7),TG(58:0)]_FA22:5",1450.940097808838,1442.360107421875,1444.6601066589355,1492.0400886535645,1430.5401039123535,1402.2800941467283,1442.8601112365725,1456.460105895996
"[TG(60:14),TG(59:7),TG(58:0)]_FA22:6",1570.340106964111,1568.2401123046875,1549.2601051330566,1551.600112915039,1529.0401039123535,1576.9401054382324,1560.7401123046875,1506.9201011657717
"[TG(60:15),TG(59:8),TG(58:1)]_FA14:0",1015.2400665283204,1015.680061340332,1017.860080718994,1016.2200736999512,1013.4000701904296,1027.9600677490234,1042.1400756835938,1014.9600715637208
"[TG(60:15),TG(59:8),TG(58:1)]_FA16:0",1049.9800720214844,1132.940086364746,1098.4400825500488,1094.5400657653809,1127.3000717163086,1002.000072479248,1043.8200721740725,1151.8800773620603
"[TG(60:15),TG(59:8),TG(58:1)]_FA16:1",1095.1400833129885,1062.1000709533691,1243.340072631836,1082.4000816345217,1050.7200813293457,1069.5400733947754,1093.3800621032717,1049.5200729370115
"[TG(60:15),TG(59:8),TG(58:1)]_FA18:0",1013.040069580078,1012.8600616455078,1107.4000701904297,1016.9800796508788,1009.9000778198242,1044.4400787353516,1021.2000694274902,1058.8200798034668
"[TG(60:15),TG(59:8),TG(58:1)]_FA18:1",1107.9200744628906,1122.2200775146484,1192.3000831604004,1140.7000770568848,1138.300090789795,1077.9200820922852,1153.6600723266602,1049.660068511963
"[TG(60:15),TG(59:8),TG(58:1)]_FA18:2",1225.1600723266602,1139.4600677490234,1166.8000831604004,1141.280071258545,1158.0400772094729,1260.7200965881348,1139.9800758361816,1127.3000831604004
"[TG(60:15),TG(59:8),TG(58:1)]_FA18:3",1167.2000846862793,1167.0600852966309,1167.7800903320312,1168.780086517334,1190.340087890625,1187.8400840759275,1172.1200714111328,1172.380084991455
"[TG(60:15),TG(59:8),TG(58:1)]_FA20:4",1326.7800903320312,1281.1200942993164,1249.660099029541,1275.9600830078125,1252.4400901794434,1254.5400733947754,1308.6000862121582,1249.2400970458984
"[TG(60:15),TG(59:8),TG(58:1)]_FA22:5",1409.660083770752,1374.5601081848145,1417.0001029968262,1506.840106964111,1412.140106201172,1411.380100250244,1399.720100402832,1450.4401092529297
"[TG(60:15),TG(59:8),TG(58:1)]_FA22:6",1578.6401100158691,1629.780117034912,1630.0601272583008,1530.0801124572754,1554.5201110839844,1579.9401016235352,1504.2601165771484,1567.7200965881348
"[TG(60:8),TG(59:1)]_FA14:0",1085.54008102417,1016.2000770568848,1083.6600761413574,1016.3800735473632,1012.9200706481934,1013.2400703430176,1014.0800704956056,1016.1400680541992
"[TG(60:8),TG(59:1)]_FA16:0",1060.12007522583,1116.920066833496,1045.3400764465332,1090.3800773620603,1099.7800750732422,1024.1600761413574,1017.2000694274902,1018.6800727844238
"[TG(60:8),TG(59:1)]_FA16:1",1051.780071258545,1046.040069580078,1046.220069885254,1074.280071258545,1074.4800758361816,1065.0400733947754,1052.0800704956057,1067.960075378418
"[TG(60:8),TG(59:1)]_FA18:0",1098.9600830078125,1116.4400825500488,1072.0400848388672,1033.0200729370115,1065.980079650879,1043.6000709533691,1043.300075531006,1016.2800598144532
"[TG(60:8),TG(59:1)]_FA18:1",1382.080093383789,1238.64009475708,1524.220115661621,1342.5601043701172,1051.4000663757324,1110.780071258545,1407.900104522705,1073.600067138672
"[TG(60:8),TG(59:1)]_FA18:2",1578.720115661621,1747.5201225280762,2460.7801971435547,1383.6000862121582,1638.3601150512695,1479.0200958251953,1428.1200981140137,1308.8400802612305
"[TG(60:8),TG(59:1)]_FA18:3",1208.6400871276855,1208.600082397461,1209.5200843811035,1238.1000938415527,1276.2800903320312,1241.180088043213,1233.6600761413574,1213.9600830078125
"[TG(60:8),TG(59:1)]_FA20:4",1387.5401000976562,1371.8000869750977,1429.9201164245603,1456.0801048278809,1474.3600997924805,1499.2601013183594,1536.9801177978516,1447.7801094055176
"[TG(60:8),TG(59:1)]_FA22:5",1430.380100250244,1485.4600982666016,1702.9601097106934,1809.940128326416,1556.6401100158691,1489.3801040649414,1819.70011138916,1790.2201194763184
"[TG(60:8),TG(59:1)]_FA22:6",1984.8201446533203,2048.0801544189453,2953.820213317871,1972.8801345825195,1583.5601081848145,1939.9001388549805,2785.720203399658,1837.680118560791
"[TG(60:9),TG(59:2)]_FA14:0",1015.1000709533693,1016.3200721740724,1016.7000846862792,1016.1600723266602,1032.340068817139,1028.1200637817385,1041.5200729370115,1052.2600631713867
"[TG(60:9),TG(59:2)]_FA16:0",1089.5600776672363,1136.5800819396973,1116.680076599121,1085.4200744628906,1136.2600860595703,1002.5600738525392,1050.880069732666,1009.1200714111328
"[TG(60:9),TG(59:2)]_FA16:1",1052.3600769042969,1104.3800659179688,1089.7800788879397,1053.9800720214844,1060.680061340332,1052.5400848388672,1154.6800842285156,1050.080078125
"[TG(60:9),TG(59:2)]_FA18:0",1013.420066833496,1077.8800811767578,1026.0800666809082,1037.62007522583,1011.2000732421876,1026.7400817871094,1232.3400840759275,1026.300067901611
"[TG(60:9),TG(59:2)]_FA18:1",1155.4000854492188,1144.5000686645508,1302.900089263916,1279.10009765625,1076.940071105957,1120.740077972412,1661.400131225586,1049.4800643920898
"[TG(60:9),TG(59:2)]_FA18:2",1608.9201164245603,1603.9801063537598,2345.4601516723637,1455.7000885009766,1549.2800941467283,2032.9601516723635,1398.1401023864746,1232.7600898742676
"[TG(60:9),TG(59:2)]_FA18:3",1219.820095062256,1208.3400917053225,1216.6600952148438,1279.3400840759275,1280.700096130371,1230.6600799560547,1224.860080718994,1213.6600799560547
"[TG(60:9),TG(59:2)]_FA20:4",1315.5800895690918,1384.4000968933103,1545.380111694336,1718.0601119995115,1400.60009765625,1571.7201194763184,1980.8201484680176,1398.5000953674316
"[TG(60:9),TG(59:2)]_FA22:5",1595.0001029968262,1492.980110168457,1886.8201446533203,1720.740119934082,1374.4000968933103,1658.3801040649414,1721.4401168823242,1616.8601112365725
"[TG(60:9),TG(59:2)]_FA22:6",2227.6801681518555,2271.0401496887207,3107.920227050781,1828.58012008667,1703.2201194763184,1961.580139160156,2871.3802185058594,1756.2801322937012
"[TG(61:10),TG(60:3)]_FA14:0",1013.9400634765624,1015.920078277588,1017.1600799560548,1016.2800750732422,1012.7800636291504,1013.2800598144532,1013.900074005127,1015.7200736999512
"[TG(61:10),TG(60:3)]_FA16:0",1035.8000793457031,1010.960075378418,1006.9200630187988,1023.8200759887696,1001.1000595092772,1032.840068817139,1002.8200721740724,1017.7200736999512
"[TG(61:10),TG(60:3)]_FA16:1",1052.140079498291,1046.9200706481934,1046.5200729370115,1074.6000747680664,1050.3800811767578,1102.660068511963,1052.6800651550293,1049.5800819396973
"[TG(61:10),TG(60:3)]_FA18:0",1012.2800636291504,1024.3000717163086,1046.000072479248,1078.4600830078125,1010.7200736999512,1013.140064239502,1060.1800804138184,1015.2800712585448
"[TG(61:10),TG(60:3)]_FA18:1",1063.2200775146484,1049.480079650879,1181.380084991455,1158.6000785827637,1111.8600769042969,1113.3200759887695,1239.480094909668,1092.7200736999512
"[TG(61:10),TG(60:3)]_FA18:2",1235.6400909423828,1157.8200759887695,1431.380100250244,1214.8600845336914,1194.3000869750977,1371.0200996398926,1139.0000762939453,1160.5400657653809
"[TG(61:10),TG(60:3)]_FA18:3",1222.100082397461,1208.4800872802734,1209.9800758361816,1211.2000846862793,1236.180088043213,1279.4000968933103,1227.8200912475586,1213.2800750732422
"[TG(61:10),TG(60:3)]_FA20:4",1309.9400901794434,1290.9001007080078,1290.580093383789,1287.6200790405271,1294.5400886535645,1311.960090637207,1414.6200942993164,1341.300090789795
"[TG(61:10),TG(60:3)]_FA22:5",1373.5201034545898,1435.6000938415527,1455.0201034545898,1383.6400985717771,1374.880100250244,1376.5800895690918,1376.3001098632812,1380.3600959777832
"[TG(61:10),TG(60:3)]_FA22:6",1557.8001098632812,1504.3201217651367,1536.6001167297363,1498.1801109313965,1499.2001113891602,1600.980110168457,1500.3001098632812,1499.4001007080078
"[TG(61:11),TG(60:4)]_FA14:0",1015.6600799560548,1016.4600791931152,1050.2600708007812,1015.6800727844238,1012.7400703430176,1012.1200714111328,1013.4200706481934,1034.0200691223145
"[TG(61:11),TG(60:4)]_FA16:0",1024.9400634765625,1072.9400787353516,1040.9200592041016,1005.3600692749023,1001.5800666809082,1002.0200691223145,1023.3800659179688,1003.9000816345216
"[TG(61:11),TG(60:4)]_FA16:1",1052.4200744628906,1046.280071258545,1046.3400764465332,1054.0400733947754,1080.560073852539,1098.2000846862793,1052.8600730895996,1050.4600715637207
"[TG(61:11),TG(60:4)]_FA18:0",1025.5800743103027,1056.5200729370115,1013.1600723266602,1016.7800827026368,1010.880069732666,1022.4000778198242,1042.9200706481934,1023.500072479248
"[TG(61:11),TG(60:4)]_FA18:1",1250.6200904846191,1068.8800773620603,1217.320087432861,1199.620086669922,1047.0200653076172,1078.2600784301758,1306.540096282959,1049.6200675964355
"[TG(61:11),TG(60:4)]_FA18:2",1494.8800964355469,1557.5001029968262,1342.6600914001465,1250.0800743103027,1187.2800788879397,1563.260108947754,1293.3200798034668,1157.9600715637207
"[TG(61:11),TG(60:4)]_FA18:3",1208.7200927734375,1240.940086364746,1228.6000862121582,1258.60009765625,1211.1200828552246,1292.4800872802734,1214.9400787353516,1214.04008102417
"[TG(61:11),TG(60:4)]_FA20:4",1290.1600875854492,1340.680088043213,1292.2000885009766,1294.8200912475586,1294.5000839233398,1295.080078125,1299.1200904846191,1290.3600959777832
"[TG(61:11),TG(60:4)]_FA22:5",1386.3000946044922,1375.2200927734375,1375.7000885009766,1465.7200927734375,1374.200107574463,1375.8000984191897,1432.8200912475586,1378.620086669922
"[TG(61:11),TG(60:4)]_FA22:6",1582.8401107788086,1542.1201133728027,1543.480110168457,1498.2000999450684,1529.1201095581057,1493.6401023864746,1500.3400917053225,1518.8201179504397
"[TG(61:12),TG(60:5)]_FA14:0",1014.6000709533693,1016.020076751709,1017.0200653076172,1015.760066986084,1033.040069580078,1012.9200744628906,1013.3200569152832,1015.9800643920898
"[TG(61:12),TG(60:5)]_FA16:0",1064.0200691223145,1007.5400772094728,1006.5000648498536,1005.360050201416,1052.4000816345217,1003.0200691223145,1010.8000793457032,1044.460075378418
"[TG(61:12),TG(60:5)]_FA16:1",1052.2000846862793,1047.5800743103027,1046.500072479248,1054.660083770752,1050.9800834655762,1051.6400756835938,1052.3800773620603,1050.1800804138184
"[TG(61:12),TG(60:5)]_FA18:0",1048.9800758361816,1013.5600776672364,1020.9800720214844,1017.0400733947754,1011.300075531006,1012.4600677490234,1011.6200675964355,1015.7800712585448
"[TG(61:12),TG(60:5)]_FA18:1",1050.7200736999512,1048.5600662231443,1049.3000717163086,1102.4400787353516,1047.5000648498535,1114.880069732666,1103.6000747680664,1049.820083618164
"[TG(61:12),TG(60:5)]_FA18:2",1362.5400886535645,1311.3000793457031,1380.1600799560547,1195.4800758361816,1355.9600982666016,1469.6200942993164,1274.2800903320312,1264.8800811767578
"[TG(61:12),TG(60:5)]_FA18:3",1240.860088348389,1208.9800987243652,1208.360088348389,1283.5600852966309,1232.9000854492188,1241.8200912475586,1259.6400833129885,1214.4600868225098
"[TG(61:12),TG(60:5)]_FA20:4",1289.2400932312012,1320.1601066589355,1381.4600982666016,1322.5801010131836,1393.820095062256,1354.9600944519043,1342.820095062256,1350.2001037597656
"[TG(61:12),TG(60:5)]_FA22:5",1373.780101776123,1451.7601051330566,1426.240089416504,1461.4601020812988,1431.2401008605957,1397.8400840759275,1388.6200828552246,1400.100082397461
"[TG(61:12),TG(60:5)]_FA22:6",1516.4001083374023,1499.1400985717771,1523.9001159667969,1498.960117340088,1576.6601066589355,1506.840106964111,1534.6201095581057,1499.460105895996
"[TG(61:13),TG(60:6)]_FA14:0",1014.62007522583,1016.0000648498536,1018.0600776672364,1016.62007522583,1051.7000732421875,1013.0800704956056,1057.9000701904297,1023.7000694274902
"[TG(61:13),TG(60:6)]_FA16:0",1047.3800811767578,1028.7800750732422,1086.9600677490234,1051.0800819396973,1071.340072631836,1048.9400749206543,1003.0400733947754,1003.4400520324708
"[TG(61:13),TG(60:6)]_FA16:1",1091.3400764465332,1047.2000617980957,1047.440055847168,1054.2000885009766,1051.3200759887695,1051.6000862121582,1052.960075378418,1050.4600791931152
"[TG(61:13),TG(60:6)]_FA18:0",1038.2000770568848,1042.0800743103027,1013.02006149292,1055.320087432861,1062.8800811767578,1055.0000610351562,1103.4800720214844,1015.9800758361816
"[TG(61:13),TG(60:6)]_FA18:1",1087.4000778198242,1049.480068206787,1090.620059967041,1062.060073852539,1098.620059967041,1092.040069580078,1285.4600982666016,1107.7800788879397
"[TG(61:13),TG(60:6)]_FA18:2",1382.2001037597656,1380.2201042175293,1352.9800872802734,1188.0200843811035,1275.0400848388672,1294.860088348389,1162.660083770752,1179.8600730895996
"[TG(61:13),TG(60:6)]_FA18:3",1224.6800918579102,1292.220085144043,1209.1800804138184,1243.820095062256,1273.860088348389,1223.2200813293457,1275.280086517334,1284.7200927734375
"[TG(61:13),TG(60:6)]_FA20:4",1290.5000839233398,1314.320110321045,1357.740089416504,1357.5801124572754,1447.5800971984863,1414.3800964355469,1524.4601020812988,1369.1601066589355
"[TG(61:13),TG(60:6)]_FA22:5",1372.7000999450684,1374.4600944519043,1423.9601020812988,1379.720100402832,1374.920093536377,1455.7200965881348,1513.860107421875,1412.6800918579102
"[TG(61:13),TG(60:6)]_FA22:6",1524.3001136779783,1525.140106201172,1601.140121459961,1499.1401138305664,1529.4801063537598,1493.2600936889648,1521.5401153564453,1531.6400985717771
"[TG(61:14),TG(60:7),TG(59:0)]_FA14:0",1016.0000648498536,1016.0000762939452,1017.120086669922,1042.4200706481934,1012.4800720214844,1012.920066833496,1014.720069885254,1015.5400657653807
"[TG(61:14),TG(60:7),TG(59:0)]_FA16:0",1114.420066833496,1020.0000762939452,1025.0000686645508,1079.5400657653809,1112.1400756835938,1028.1200714111328,1019.520076751709,1010.4200630187988
"[TG(61:14),TG(60:7),TG(59:0)]_FA16:1",1124.6600875854492,1073.9800720214844,1046.640079498291,1064.8400764465332,1051.1600761413574,1083.8600692749023,1052.2200736999512,1050.500072479248
"[TG(61:14),TG(60:7),TG(59:0)]_FA18:0",1152.020092010498,1019.5200691223145,1099.7000732421875,1084.5600852966309,1058.6200790405271,1045.2800674438477,1250.0401000976562,1031.3600692749023
"[TG(61:14),TG(60:7),TG(59:0)]_FA18:1",1126.580078125,1122.2200736999512,1316.8400840759275,1129.0000686645508,1153.9000854492188,1327.1401023864746,1850.000114440918,1255.5400848388672
"[TG(61:14),TG(60:7),TG(59:0)]_FA18:2",1138.2600746154783,1458.000072479248,1470.3800926208496,1149.5000839233398,1398.2600860595703,1285.900089263916,1235.260097503662,1126.480079650879
"[TG(61:14),TG(60:7),TG(59:0)]_FA18:3",1218.1200904846191,1209.5000915527344,1260.0600814819336,1258.760097503662,1221.940086364746,1208.2200927734375,1220.840087890625,1214.0200805664062
"[TG(61:14),TG(60:7),TG(59:0)]_FA20:4",1312.2400932312012,1400.2001037597656,1316.7600936889648,1493.020107269287,1356.9400939941406,1361.8400993347168,1538.5001106262207,1365.3000984191897
"[TG(61:14),TG(60:7),TG(59:0)]_FA22:5",1519.0201034545898,1476.4201049804688,1529.8401184082031,1517.0201034545898,1442.7200965881348,1574.1001052856443,1632.9601135253906,1545.780101776123
"[TG(61:14),TG(60:7),TG(59:0)]_FA22:6",1708.1801223754885,1667.6601104736328,1727.8801193237305,1592.6201171875,1581.040096282959,1744.1801223754885,1913.640121459961,1512.300106048584
"[TG(62:10),TG(61:3)]_FA14:0",1014.4400672912598,1016.7600784301758,1017.3600769042968,1016.3200645446776,1012.6000862121582,1012.360080718994,1013.6800727844238,1015.6200714111328
"[TG(62:10),TG(61:3)]_FA16:0",1016.9600715637208,1040.780071258545,1014.740062713623,1005.5400657653807,1000.9400672912598,1002.7600708007812,1026.680076599121,1003.540069580078
"[TG(62:10),TG(61:3)]_FA16:1",1058.8200759887695,1048.080078125,1046.300075531006,1053.760066986084,1050.4200744628906,1139.4800758361816,1052.9400749206543,1050.3800659179688
"[TG(62:10),TG(61:3)]_FA18:0",1013.1200675964355,1013.6800651550292,1011.5800743103028,1049.0000801086426,1010.6200714111328,1011.460075378418,1037.5400733947754,1035.260066986084
"[TG(62:10),TG(61:3)]_FA18:1",1152.3800811767578,1049.240077972412,1049.52006149292,1084.3400802612305,1075.3600692749023,1047.2800750732422,1084.6600799560547,1048.800075531006
"[TG(62:10),TG(61:3)]_FA18:2",1132.220069885254,1157.340072631836,1230.8600845336914,1158.1600799560547,1143.4200897216797,1214.0800704956057,1160.8800773620603,1174.4200820922852
"[TG(62:10),TG(61:3)]_FA18:3",1208.780086517334,1234.3600845336914,1213.820083618164,1231.9600944519043,1251.320087432861,1208.340087890625,1214.600082397461,1227.62007522583
"[TG(62:10),TG(61:3)]_FA20:4",1290.0800971984863,1321.7000999450684,1354.280101776123,1343.360088348389,1346.3000869750977,1346.4600868225098,1295.300090789795,1307.54008102417
"[TG(62:10),TG(61:3)]_FA22:5",1372.580108642578,1377.6601066589355,1472.5001182556152,1469.440113067627,1394.800106048584,1387.4400939941406,1376.4600982666016,1456.9001007080078
"[TG(62:10),TG(61:3)]_FA22:6",1580.0601081848145,1603.680118560791,1770.10013961792,1609.260108947754,1540.2601013183594,1562.100112915039,1578.0401039123535,1555.5601119995115
"[TG(62:11),TG(61:4)]_FA14:0",1015.5800704956056,1017.2400817871094,1018.0800743103028,1015.7000732421876,1012.5400772094728,1012.5000686645508,1019.5000686645508,1015.3600769042968
"[TG(62:11),TG(61:4)]_FA16:0",1008.6800727844238,1017.6400756835938,1010.9800643920898,1024.5400772094729,1003.1400680541992,1001.9600715637208,1217.200096130371,1002.9000778198242
"[TG(62:11),TG(61:4)]_FA16:1",1051.7800788879397,1047.4400672912598,1066.7400817871094,1053.3800735473633,1073.860080718994,1052.1400718688965,1052.6000709533691,1051.7600784301758
"[TG(62:11),TG(61:4)]_FA18:0",1013.1000785827636,1012.700065612793,1084.6800842285156,1016.3200798034668,1010.440071105957,1011.7800674438477,1013.1000747680664,1014.8000679016112
"[TG(62:11),TG(61:4)]_FA18:1",1126.5400772094729,1049.2200660705566,1075.3000869750977,1047.7400741577148,1046.8200721740725,1047.7400665283203,1064.1000747680664,1049.12007522583
"[TG(62:11),TG(61:4)]_FA18:2",1131.7000732421875,1146.9600715637207,1205.6800842285156,1297.64009475708,1144.6000709533691,1254.820087432861,1189.8800888061523,1140.1800689697266
"[TG(62:11),TG(61:4)]_FA18:3",1208.9600868225098,1308.6600875854492,1209.1400833129885,1238.320083618164,1223.7800903320312,1252.0000953674316,1214.960075378418,1213.2600784301758
"[TG(62:11),TG(61:4)]_FA20:4",1344.2200965881348,1291.2800903320312,1412.9801025390625,1336.720100402832,1294.7800788879397,1354.2200927734375,1305.7800979614258,1321.240089416504
"[TG(62:11),TG(61:4)]_FA22:5",1405.3200988769531,1436.6800918579102,1533.820110321045,1532.360092163086,1410.6000900268557,1426.0201034545898,1487.10009765625,1452.7000923156738
"[TG(62:11),TG(61:4)]_FA22:6",1621.6201210021973,1598.1601219177246,1838.6401329040527,1615.7401161193848,1724.1801109313965,1583.4601135253906,1898.580135345459,1589.4001083374023
"[TG(62:12),TG(61:5)]_FA14:0",1015.6000862121582,1017.1800765991212,1042.7400817871094,1015.9800834655762,1013.1000747680664,1012.960075378418,1013.8400688171388,1015.7800788879396
"[TG(62:12),TG(61:5)]_FA16:0",1110.1800689697266,1007.0200729370116,1006.8600616455078,1060.400074005127,1000.400074005127,1003.1600570678712,1029.2800674438477,1003.5000610351562
"[TG(62:12),TG(61:5)]_FA16:1",1052.3200721740725,1096.0400619506836,1046.1000747680664,1053.9400634765625,1051.1800804138184,1052.520076751709,1071.7200775146484,1086.5000762939453
"[TG(62:12),TG(61:5)]_FA18:0",1013.640064239502,1037.680076599121,1013.0400733947754,1017.6000747680664,1010.2200775146484,1033.5200691223145,1036.1600761413574,1015.5400772094728
"[TG(62:12),TG(61:5)]_FA18:1",1050.9400787353516,1048.9800643920898,1069.1200637817385,1063.5400733947754,1046.520076751709,1047.2600708007812,1111.4800834655762,1049.720069885254
"[TG(62:12),TG(61:5)]_FA18:2",1194.9200820922852,1130.2800788879397,1200.7200813293457,1128.6600761413574,1276.0201034545898,1166.6200790405271,1179.5800895690918,1133.2200813293457
"[TG(62:12),TG(61:5)]_FA18:3",1208.4400901794434,1209.0800895690918,1208.4200859069824,1213.7600784301758,1247.880084991455,1208.940071105957,1213.9400825500488,1272.500087738037
"[TG(62:12),TG(61:5)]_FA20:4",1331.300090789795,1291.0400924682615,1369.5200996398926,1320.520092010498,1370.080108642578,1312.8800964355469,1353.7800827026367,1345.340103149414
"[TG(62:12),TG(61:5)]_FA22:5",1463.720115661621,1380.5401000976562,1544.4601135253906,1458.6601028442385,1394.0600967407229,1410.100082397461,1588.340114593506,1522.0000953674316
"[TG(62:12),TG(61:5)]_FA22:6",1681.6601104736328,1703.860122680664,2047.5801582336424,1697.5601081848145,1544.1801071166992,1706.7801361083984,1717.8601379394531,1592.5001068115234
"[TG(62:13),TG(61:6)]_FA14:0",1039.0000801086426,1016.6000709533693,1017.4800720214844,1016.1600723266602,1041.3000831604004,1012.220058441162,1013.2200622558594,1016.1200675964355
"[TG(62:13),TG(61:6)]_FA16:0",1039.460075378418,1059.5000762939453,1020.600067138672,1005.4000549316406,1000.5000686645508,1002.300064086914,1012.0800743103028,1002.9800643920898
"[TG(62:13),TG(61:6)]_FA16:1",1052.5200805664062,1093.5600776672363,1060.7000617980957,1054.000072479248,1051.340068817139,1050.6200675964355,1066.280086517334,1049.1000747680664
"[TG(62:13),TG(61:6)]_FA18:0",1012.2600708007812,1013.3400764465332,1012.540069580078,1016.5600814819336,1010.040069580078,1012.0800628662108,1012.1600685119628,1015.440071105957
"[TG(62:13),TG(61:6)]_FA18:1",1078.140079498291,1048.300075531006,1049.1600723266602,1073.3800735473633,1088.9200820922852,1047.0400772094729,1182.880100250244,1049.4200706481934
"[TG(62:13),TG(61:6)]_FA18:2",1177.3200798034668,1141.3600769042969,1132.800075531006,1157.860088348389,1169.020076751709,1129.3000793457031,1127.3800811767578,1195.8000869750977
"[TG(62:13),TG(61:6)]_FA18:3",1208.9800872802734,1208.7400932312012,1242.360088348389,1211.1200714111328,1212.0600852966309,1209.4800872802734,1214.2400856018066,1219.400089263916
"[TG(62:13),TG(61:6)]_FA20:4",1308.300106048584,1290.9001007080078,1295.500099182129,1298.8600959777832,1294.1000938415527,1325.4800910949707,1375.10009765625,1328.7200889587402
"[TG(62:13),TG(61:6)]_FA22:5",1373.1400985717771,1381.1801071166992,1511.9401054382324,1494.4801025390625,1532.8600997924805,1414.8200988769531,1437.300106048584,1430.56010055542
"[TG(62:13),TG(61:6)]_FA22:6",1771.1801300048828,1711.5201263427734,2290.320156097412,1930.260150909424,1612.380100250244,1637.380111694336,2101.1001472473145,1661.9201316833496
"[TG(62:14),TG(61:7),TG(60:0)]_FA14:0",1025.4800720214844,1015.7800788879396,1016.5600738525392,1015.7600784301758,1057.460075378418,1061.3800811767578,1029.2600708007812,1015.6800727844238
"[TG(62:14),TG(61:7),TG(60:0)]_FA16:0",1043.280071258545,1106.8200798034668,1057.2400665283203,1084.280071258545,1153.880084991455,1002.540069580078,1002.5800704956056,1003.6800765991212
"[TG(62:14),TG(61:7),TG(60:0)]_FA16:1",1052.280071258545,1046.3600730895996,1046.5800704956057,1054.100082397461,1050.560073852539,1051.2000694274902,1052.6400718688965,1050.1000709533691
"[TG(62:14),TG(61:7),TG(60:0)]_FA18:0",1013.7600708007812,1038.9400672912598,1083.300067901611,1056.780086517334,1010.6800689697266,1079.520076751709,1011.940071105957,1015.8000831604004
"[TG(62:14),TG(61:7),TG(60:0)]_FA18:1",1062.440071105957,1048.3200759887695,1049.1600799560547,1079.0000762939453,1066.6000709533691,1047.8800735473633,1049.2600708007812,1090.2800788879397
"[TG(62:14),TG(61:7),TG(60:0)]_FA18:2",1136.1000709533691,1131.0000762939453,1168.560073852539,1161.3000831604004,1140.060089111328,1129.2400856018066,1157.2600860595703,1127.1000900268557
"[TG(62:14),TG(61:7),TG(60:0)]_FA18:3",1208.9800910949707,1257.6600875854492,1210.240077972412,1241.3600845336914,1210.7800750732422,1209.9600830078125,1214.4400901794434,1213.0000839233398
"[TG(62:14),TG(61:7),TG(60:0)]_FA20:4",1288.8400917053225,1290.900074005127,1292.520092010498,1316.3400993347168,1294.5000801086426,1295.1600875854492,1365.06010055542,1291.360092163086
"[TG(62:14),TG(61:7),TG(60:0)]_FA22:5",1384.1800918579102,1373.960090637207,1375.260097503662,1427.6800994873047,1391.7400856018066,1375.4200897216797,1386.500099182129,1424.380107879639
"[TG(62:14),TG(61:7),TG(60:0)]_FA22:6",1616.0001182556152,1901.6201171875,2357.160167694092,1809.5201377868648,1721.980125427246,1681.9401321411133,1801.880142211914,1580.6601066589355
"[TG(62:15),TG(61:8),TG(60:1)]_FA14:0",1015.5600700378418,1016.4400672912598,1042.7000770568848,1015.6000785827636,1013.0200805664062,1012.6000633239746,1013.720069885254,1015.7400665283204
"[TG(62:15),TG(61:8),TG(60:1)]_FA16:0",1042.2400703430176,1007.900074005127,1049.260066986084,1035.6800727844238,1001.0800628662108,1002.840061187744,1064.9200744628906,1003.3000564575196
"[TG(62:15),TG(61:8),TG(60:1)]_FA16:1",1051.580078125,1046.720069885254,1046.940071105957,1054.4800834655762,1079.3800811767578,1052.0400772094729,1052.220085144043,1049.7200660705566
"[TG(62:15),TG(61:8),TG(60:1)]_FA18:0",1012.6600723266602,1012.240077972412,1043.8600769042969,1017.260082244873,1011.2600746154784,1012.8200645446776,1031.9800758361816,1018.7600708007812
"[TG(62:15),TG(61:8),TG(60:1)]_FA18:1",1135.8400764465332,1049.7800750732422,1057.6000709533691,1066.6800804138184,1087.600082397461,1078.2200813293457,1077.340068817139,1061.7600708007812
"[TG(62:15),TG(61:8),TG(60:1)]_FA18:2",1131.8000793457031,1169.2200775146484,1161.2200775146484,1170.6600875854492,1145.200080871582,1181.8600769042969,1126.9200744628906,1126.9000816345217
"[TG(62:15),TG(61:8),TG(60:1)]_FA18:3",1208.360088348389,1208.3400840759275,1209.9800834655762,1290.8400955200195,1211.6600761413574,1275.440097808838,1223.4000816345217,1214.2400817871094
"[TG(62:15),TG(61:8),TG(60:1)]_FA20:4",1359.0801048278809,1291.7000885009766,1291.2600898742676,1315.900089263916,1325.9400901794434,1295.3400802612305,1326.3001022338867,1290.8200912475586
"[TG(62:15),TG(61:8),TG(60:1)]_FA22:5",1374.2800903320312,1374.4401054382324,1386.3601036071775,1378.7600898742676,1374.2001037597656,1506.880107879639,1376.6401023864746,1378.8600997924805
"[TG(62:15),TG(61:8),TG(60:1)]_FA22:6",1498.7601013183594,1497.9401206970217,1496.8400993347168,1565.8201065063477,1510.8201141357422,1525.4201049804688,1542.4200973510742,1501.2401008605957
"[TG(62:16),TG(61:9),TG(60:2)]_FA14:0",1014.960075378418,1016.220069885254,1036.3600769042969,1016.8600769042968,1042.980068206787,1012.8600654602052,1013.4600715637208,1016.5600700378418
"[TG(62:16),TG(61:9),TG(60:2)]_FA16:0",1095.8600769042969,1007.4800682067872,1038.4600715637207,1005.2000694274902,1001.6600646972656,1002.520076751709,1044.62007522583,1003.0000762939452
"[TG(62:16),TG(61:9),TG(60:2)]_FA16:1",1055.1600723266602,1047.4200706481934,1047.0400657653809,1070.060073852539,1058.1400756835938,1052.6800804138184,1052.0800819396973,1051.1600723266602
"[TG(62:16),TG(61:9),TG(60:2)]_FA18:0",1013.7200660705566,1087.580078125,1013.920066833496,1017.3000793457032,1010.840072631836,1011.12007522583,1012.7800750732422,1015.9200706481934
"[TG(62:16),TG(61:9),TG(60:2)]_FA18:1",1190.5200805664062,1048.9000778198242,1120.7400817871094,1127.9600715637207,1088.6200637817385,1066.3200759887695,1217.7601013183594,1128.0600814819336
"[TG(62:16),TG(61:9),TG(60:2)]_FA18:2",1206.3400917053225,1231.0600776672363,1182.1800842285156,1146.1600875854492,1126.6200828552246,1145.2600746154783,1139.1600761413574,1127.140079498291
"[TG(62:16),TG(61:9),TG(60:2)]_FA18:3",1208.5600852966309,1208.0800704956057,1209.2600746154783,1246.9000816345217,1211.7200813293457,1219.4200897216797,1214.1600799560547,1214.1800804138184
"[TG(62:16),TG(61:9),TG(60:2)]_FA20:4",1288.9600944519043,1291.2801055908203,1291.9600868225098,1321.8400840759275,1295.1400833129885,1309.1800804138184,1290.7600784301758,1291.2000923156738
"[TG(62:16),TG(61:9),TG(60:2)]_FA22:5",1397.5000915527344,1374.56010055542,1411.7400970458984,1432.4400939941406,1374.7400970458984,1411.0201110839844,1377.3600959777832,1379.9600944519043
"[TG(62:16),TG(61:9),TG(60:2)]_FA22:6",1498.340106964111,1568.3601150512695,1512.380111694336,1518.6801147460938,1499.2401008605957,1536.1800994873047,1527.3801040649414,1499.0601119995115
"[TG(62:7),TG(61:0)]_FA14:0",1014.6000709533693,1016.2000732421876,1017.520076751709,1015.5800819396972,1060.720069885254,1013.200065612793,1013.0600700378418,1015.8200721740724
"[TG(62:7),TG(61:0)]_FA16:0",1024.840068817139,1007.1000785827636,1043.0600662231443,1043.0200729370115,1090.4400749206543,1002.6800651550292,1028.840068817139,1003.1800651550292
"[TG(62:7),TG(61:0)]_FA16:1",1052.3800621032717,1046.5200653076172,1046.100082397461,1054.360080718994,1050.5600700378418,1052.5800819396973,1052.1800842285156,1050.1200675964355
"[TG(62:7),TG(61:0)]_FA18:0",1012.4000701904296,1013.020076751709,1011.100067138672,1037.460075378418,1010.9800758361816,1011.0200691223145,1035.840072631836,1015.7000770568848
"[TG(62:7),TG(61:0)]_FA18:1",1063.4600639343262,1048.5600700378418,1048.8200721740725,1048.54008102417,1046.740077972412,1047.5400848388672,1062.6200714111328,1049.8800811767578
"[TG(62:7),TG(61:0)]_FA18:2",1149.9200820922852,1144.2600746154783,1163.8400840759275,1150.4800758361816,1133.2200736999512,1162.7600746154783,1126.9800643920898,1164.3200759887695
"[TG(62:7),TG(61:0)]_FA18:3",1215.1800804138184,1209.360080718994,1209.8400840759275,1228.0600776672363,1211.180088043213,1235.260082244873,1213.8400802612305,1213.2000770568848
"[TG(62:7),TG(61:0)]_FA20:4",1289.4000968933103,1323.400089263916,1379.840103149414,1287.6200981140137,1325.040096282959,1293.9600944519043,1288.5801010131836,1290.1800994873047
"[TG(62:7),TG(61:0)]_FA22:5",1413.0001106262207,1469.2801055908203,1376.040096282959,1409.4401016235352,1375.0400924682615,1375.4000854492188,1475.5200996398926,1379.7200965881348
"[TG(62:7),TG(61:0)]_FA22:6",1562.8401107788086,1671.4801292419434,1625.180118560791,1540.5001182556152,1541.6801109313965,1535.9201049804688,1583.0601119995115,1558.520107269287
"[TG(62:8),TG(61:1)]_FA14:0",1058.680076599121,1046.1600761413574,1016.9800720214844,1015.4800834655762,1013.3400650024414,1016.9600715637208,1014.440071105957,1041.1400756835938
"[TG(62:8),TG(61:1)]_FA16:0",1051.040069580078,1007.1400680541992,1071.2000846862793,1004.800064086914,1024.4200744628906,1033.4800720214844,1007.1600608825684,1002.840072631836
"[TG(62:8),TG(61:1)]_FA16:1",1052.7800750732422,1047.040069580078,1046.7200660705566,1054.2600784301758,1050.240077972412,1052.1200790405271,1052.340068817139,1050.180076599121
"[TG(62:8),TG(61:1)]_FA18:0",1019.9200820922852,1013.1800727844238,1036.400074005127,1043.2600708007812,1011.1400756835938,1010.5400733947754,1020.1000595092772,1015.460075378418
"[TG(62:8),TG(61:1)]_FA18:1",1051.7000885009766,1047.920066833496,1151.9600791931152,1074.1600646972656,1047.1800804138184,1048.660068511963,1053.1600723266602,1049.6800689697266
"[TG(62:8),TG(61:1)]_FA18:2",1152.0000915527344,1131.5600776672363,1213.2600898742676,1142.0200729370115,1128.0600662231443,1263.1200942993164,1127.6200714111328,1127.2200736999512
"[TG(62:8),TG(61:1)]_FA18:3",1209.2000846862793,1209.3800773620603,1209.7400970458984,1212.8200759887695,1211.320095062256,1208.4000778198242,1214.900089263916,1213.4000778198242
"[TG(62:8),TG(61:1)]_FA20:4",1300.940097808838,1290.5600929260254,1291.600082397461,1286.480094909668,1326.6600914001465,1312.5600852966309,1346.580093383789,1355.2200927734375
"[TG(62:8),TG(61:1)]_FA22:5",1373.60009765625,1374.9800987243652,1405.1601066589355,1376.9600830078125,1393.0600929260254,1376.0000953674316,1388.0400924682615,1391.9001007080078
"[TG(62:8),TG(61:1)]_FA22:6",1540.1601028442385,1737.840114593506,1680.2201194763184,1544.6801147460938,1541.6001167297363,1535.7001113891602,1687.8401184082031,1557.5001106262207
"[TG(62:9),TG(61:2)]_FA14:0",1015.4600677490234,1017.4200706481934,1017.5600700378418,1027.6400680541992,1012.7000694274902,1012.6200714111328,1014.2000770568848,1016.2200813293456
"[TG(62:9),TG(61:2)]_FA16:0",1007.460075378418,1007.3600692749023,1006.840072631836,1072.0000686645508,1001.1200714111328,1008.1200790405272,1002.840072631836,1113.900074005127
"[TG(62:9),TG(61:2)]_FA16:1",1051.7000694274902,1046.5200805664062,1046.0400657653809,1054.0000686645508,1050.6800727844238,1116.8000793457031,1052.540069580078,1072.2000770568848
"[TG(62:9),TG(61:2)]_FA18:0",1012.5800819396972,1012.620086669922,1016.7800827026368,1016.8200721740724,1010.240062713623,1011.1800651550292,1040.980079650879,1038.1400718688965
"[TG(62:9),TG(61:2)]_FA18:1",1157.880069732666,1048.480068206787,1167.120086669922,1082.4600677490234,1047.0200653076172,1046.62007522583,1092.860080718994,1049.9600791931152
"[TG(62:9),TG(61:2)]_FA18:2",1227.4400787353516,1171.3400764465332,1217.9800910949707,1201.280086517334,1274.14009475708,1167.8800773620603,1204.9400787353516,1141.560089111328
"[TG(62:9),TG(61:2)]_FA18:3",1208.440097808838,1217.7400817871094,1265.9800987243652,1210.9600868225098,1297.360092163086,1208.7600784301758,1214.0200881958008,1214.8200798034668
"[TG(62:9),TG(61:2)]_FA20:4",1347.180088043213,1306.060089111328,1292.3400955200195,1315.0800971984863,1310.3400917053225,1307.4600830078125,1346.1800956726074,1354.0801010131836
"[TG(62:9),TG(61:2)]_FA22:5",1386.4600944519043,1375.1400909423828,1388.7600898742676,1416.2200927734375,1387.340103149414,1374.2000923156738,1377.6400909423828,1403.4800910949707
"[TG(62:9),TG(61:2)]_FA22:6",1541.4601097106934,1646.500114440918,1686.900104522705,1540.3201026916504,1556.920108795166,1540.7801094055176,1611.0401039123535,1541.1601066589355
"[TG(63:11),TG(62:4)]_FA14:0",1015.1200714111328,1015.8600654602052,1017.0200653076172,1016.3600692749023,1012.9800720214844,1012.1800727844238,1035.1600761413574,1016.1800765991212
"[TG(63:11),TG(62:4)]_FA16:0",1007.6400604248048,1047.420078277588,1006.7000732421876,1050.060073852539,1023.0000648498536,1002.0800743103028,1002.5600700378418,1024.360080718994
"[TG(63:11),TG(62:4)]_FA16:1",1135.0600776672363,1105.3600730895996,1045.920066833496,1108.2000694274902,1051.080078125,1052.6000633239746,1052.1400756835938,1049.800064086914
"[TG(63:11),TG(62:4)]_FA18:0",1013.2400665283204,1012.5600814819336,1012.1200675964355,1024.8000717163086,1010.9400596618652,1010.4600677490234,1011.720069885254,1015.9200706481934
"[TG(63:11),TG(62:4)]_FA18:1",1050.880069732666,1049.300067901611,1049.020076751709,1047.3600769042969,1046.480068206787,1047.640079498291,1057.6400680541992,1074.7400856018066
"[TG(63:11),TG(62:4)]_FA18:2",1154.6000747680664,1130.4400749206543,1175.080093383789,1128.200080871582,1245.7400741577148,1143.5800704956057,1160.0200805664062,1126.8000793457031
"[TG(63:11),TG(62:4)]_FA18:3",1209.080078125,1216.0200843811035,1210.0000953674316,1211.200096130371,1243.8000869750977,1209.7600898742676,1213.980079650879,1213.3200798034668
"[TG(63:11),TG(62:4)]_FA20:4",1289.3000946044922,1292.1600914001465,1291.1400909423828,1286.6800918579102,1293.3800888061523,1326.2000885009766,1289.8400955200195,1291.2200965881348
"[TG(63:11),TG(62:4)]_FA22:5",1398.1201171875,1402.980094909668,1375.540096282959,1425.4800872802734,1374.6800994873047,1375.2400932312012,1376.3200912475586,1428.3001022338867
"[TG(63:11),TG(62:4)]_FA22:6",1539.140106201172,1582.3401107788086,1574.6001167297363,1539.9201126098633,1541.6601181030271,1535.5201148986816,1602.3001022338867,1540.4801063537598
"[TG(63:12),TG(62:5)]_FA14:0",1016.1200714111328,1033.6600723266602,1016.700065612793,1016.2200813293456,1013.0400772094728,1013.400074005127,1014.5600662231444,1015.7600784301758
"[TG(63:12),TG(62:5)]_FA16:0",1007.4600677490234,1022.3600654602052,1006.9800796508788,1080.940071105957,1000.9800682067872,1002.4600563049316,1003.000072479248,1002.7600593566896
"[TG(63:12),TG(62:5)]_FA16:1",1052.440071105957,1047.7800636291504,1046.4000663757324,1053.9400749206543,1051.4600791931152,1052.1200675964355,1100.5800857543943,1049.8600769042969
"[TG(63:12),TG(62:5)]_FA18:0",1012.1600685119628,1011.9400672912598,1010.5400657653807,1017.260082244873,1010.740062713623,1011.280055999756,1012.7000694274902,1029.420078277588
"[TG(63:12),TG(62:5)]_FA18:1",1050.5000839233398,1048.440071105957,1048.7800788879397,1048.04008102417,1152.300067901611,1047.4000701904297,1048.920078277588,1050.2800674438477
"[TG(63:12),TG(62:5)]_FA18:2",1178.4000816345217,1130.8800735473633,1154.8000831604004,1127.7600860595703,1137.2400856018066,1199.7000732421875,1127.3800811767578,1127.4200706481934
"[TG(63:12),TG(62:5)]_FA18:3",1209.54008102417,1209.1000747680664,1210.3000946044922,1225.660083770752,1272.4400901794434,1219.5800857543943,1214.1600723266602,1214.0000801086426
"[TG(63:12),TG(62:5)]_FA20:4",1289.1000862121582,1290.9800872802734,1291.4000854492188,1286.2200889587402,1293.860088348389,1295.200080871582,1289.360092163086,1375.100082397461
"[TG(63:12),TG(62:5)]_FA22:5",1373.340103149414,1390.4001083374023,1375.8400955200195,1402.5200996398926,1374.8601036071775,1374.9000930786133,1376.8200912475586,1379.4401016235352
"[TG(63:12),TG(62:5)]_FA22:6",1540.8200988769531,1545.880107879639,1538.9401054382324,1540.1800994873047,1541.2001037597656,1559.8801155090332,1542.240104675293,1540.8201026916504
"[TG(63:13),TG(62:6)]_FA14:0",1063.2400703430176,1054.9600868225098,1075.0000762939453,1015.5400733947754,1012.7600746154784,1021.4000816345216,1014.1200790405272,1015.8000717163086
"[TG(63:13),TG(62:6)]_FA16:0",1056.6400680541992,1007.9200592041016,1007.1600685119628,1011.7000694274902,1007.580078125,1060.7000694274902,1003.1800651550292,1003.5000648498536
"[TG(63:13),TG(62:6)]_FA16:1",1052.180076599121,1048.400074005127,1046.3000717163086,1098.6000747680664,1050.800067901611,1052.2200889587402,1053.440071105957,1049.9800834655762
"[TG(63:13),TG(62:6)]_FA18:0",1013.0600738525392,1012.4200706481934,1020.5600700378418,1017.1800804138184,1010.5800666809082,1040.360065460205,1020.9000816345216,1015.6600646972656
"[TG(63:13),TG(62:6)]_FA18:1",1087.5000762939453,1049.1200828552246,1062.0000839233398,1134.7200736999512,1094.3400650024414,1070.0200691223145,1049.3600692749023,1076.0600852966309
"[TG(63:13),TG(62:6)]_FA18:2",1152.2800903320312,1131.100067138672,1166.0400772094729,1129.7800827026367,1210.7800903320312,1227.3000946044922,1127.8400840759275,1126.8200759887695
"[TG(63:13),TG(62:6)]_FA18:3",1208.7800827026367,1208.9000816345217,1210.0600852966309,1210.8400917053225,1211.2800750732422,1209.1600914001465,1213.6400833129885,1213.6600875854492
"[TG(63:13),TG(62:6)]_FA20:4",1294.6400985717771,1290.5800857543943,1292.3000946044922,1335.8200912475586,1307.4001007080078,1294.7800903320312,1289.580093383789,1291.8800888061523
"[TG(63:13),TG(62:6)]_FA22:5",1406.3600997924805,1373.920093536377,1383.3401107788086,1405.4800910949707,1376.3200912475586,1408.5800971984863,1376.6400985717771,1389.7600898742676
"[TG(63:13),TG(62:6)]_FA22:6",1539.0601043701172,1539.9801177978516,1581.880111694336,1539.5601081848145,1542.4201126098633,1535.9201164245603,1542.2401123046875,1540.920108795166
"[TG(64:10),TG(63:3)]_FA14:0",1014.820083618164,1016.2200813293456,1018.0200805664062,1054.7400741577148,1013.3800849914552,1013.1800651550292,1014.9800758361816,1015.3600730895996
"[TG(64:10),TG(63:3)]_FA16:0",1101.420078277588,1007.6400718688964,1037.2200660705566,1043.7400741577148,1004.4800643920898,1035.840061187744,1002.320068359375,1003.0200691223145
"[TG(64:10),TG(63:3)]_FA16:1",1052.6200675964355,1046.660068511963,1055.5800666809082,1053.9800720214844,1086.0200881958008,1052.660083770752,1052.480068206787,1049.9800758361816
"[TG(64:10),TG(63:3)]_FA18:0",1013.140079498291,1013.5800704956056,1011.400074005127,1016.7000770568848,1011.1400756835938,1012.1400756835938,1034.1800689697266,1014.5800704956056
"[TG(64:10),TG(63:3)]_FA18:1",1080.12007522583,1055.4600830078125,1093.8400764465332,1047.8600692749023,1046.460075378418,1046.9400672912598,1048.6800689697266,1050.420066833496
"[TG(64:10),TG(63:3)]_FA18:2",1131.5800704956057,1196.9600868225098,1131.4000701904297,1128.740077972412,1126.3000869750977,1184.1200790405271,1126.4800720214844,1127.1000747680664
"[TG(64:10),TG(63:3)]_FA18:3",1210.5400924682615,1208.8000869750977,1208.6400871276855,1243.400089263916,1211.1000785827637,1209.880084991455,1214.3400917053225,1214.3200798034668
"[TG(64:10),TG(63:3)]_FA20:4",1290.4800987243652,1290.60009765625,1336.1400985717771,1286.5801010131836,1295.300090789795,1294.0200996398926,1290.3400917053225,1289.9600944519043
"[TG(64:10),TG(63:3)]_FA22:5",1415.1200942993164,1428.5201034545898,1483.6001091003418,1540.6401023864746,1438.7400970458984,1416.1200981140137,1418.5401039123535,1451.4000968933103
"[TG(64:10),TG(63:3)]_FA22:6",1594.9201126098633,1540.580108642578,1538.7801246643066,1543.08012008667,1621.6201095581057,1534.5801048278809,1541.6801071166992,1540.4401092529297
"[TG(64:11),TG(63:4)]_FA14:0",1014.3800735473632,1016.1800765991212,1029.2800788879397,1016.0000648498536,1013.0000648498536,1012.02006149292,1013.8600730895996,1015.7800712585448
"[TG(64:11),TG(63:4)]_FA16:0",1039.5800666809082,1007.6800651550292,1006.4800796508788,1005.400074005127,1014.4800643920898,1002.4200706481934,1003.2600631713868,1002.5200653076172
"[TG(64:11),TG(63:4)]_FA16:1",1052.2600784301758,1047.200065612793,1046.400074005127,1054.0000762939453,1052.3200798034668,1052.5000686645508,1052.2800750732422,1049.680076599121
"[TG(64:11),TG(63:4)]_FA18:0",1012.9800796508788,1050.6400718688965,1012.6800727844238,1049.0600776672363,1010.3200759887696,1011.220069885254,1015.7800712585448,1014.8200721740724
"[TG(64:11),TG(63:4)]_FA18:1",1051.880069732666,1048.4600791931152,1049.500072479248,1049.440071105957,1047.0400733947754,1063.840072631836,1094.2400817871094,1049.8400764465332
"[TG(64:11),TG(63:4)]_FA18:2",1131.360080718994,1132.940086364746,1177.9400825500488,1129.0400772094729,1189.6200904846191,1159.1600875854492,1159.2400741577148,1126.6800727844238
"[TG(64:11),TG(63:4)]_FA18:3",1209.4000930786133,1209.4600830078125,1209.980079650879,1295.860080718994,1210.5800895690918,1209.0200881958008,1214.6200828552246,1214.460075378418
"[TG(64:11),TG(63:4)]_FA20:4",1336.5800857543943,1291.0400886535645,1292.0200996398926,1306.5800895690918,1295.2800941467283,1295.6000900268557,1315.1400833129885,1291.0400924682615
"[TG(64:11),TG(63:4)]_FA22:5",1433.140106201172,1453.540096282959,1452.2000999450684,1452.900104522705,1415.2201042175293,1497.380107879639,1417.4800987243652,1463.1601028442385
"[TG(64:11),TG(63:4)]_FA22:6",1588.460105895996,1540.460105895996,1666.7001190185547,1562.2801055908203,1542.1601066589355,1535.7201232910156,1542.1201057434082,1540.4201049804688
"[TG(64:12),TG(63:5)]_FA14:0",1015.3400802612304,1015.8400764465332,1017.5000686645508,1015.3800735473632,1026.480068206787,1012.3000717163086,1013.4000778198242,1015.5600776672364
"[TG(64:12),TG(63:5)]_FA16:0",1007.4200744628906,1016.8000679016112,1012.4600715637208,1006.1000709533693,1000.4200706481934,1002.5200843811036,1002.2000732421876,1004.3600730895996
"[TG(64:12),TG(63:5)]_FA16:1",1052.060073852539,1047.0200691223145,1046.0800704956057,1053.8600692749023,1050.8800773620603,1052.1400718688965,1052.400074005127,1050.2200736999512
"[TG(64:12),TG(63:5)]_FA18:0",1012.8800773620604,1013.200080871582,1013.1000633239746,1049.3400764465332,1011.3000793457032,1011.4000701904296,1011.7400741577148,1015.280086517334
"[TG(64:12),TG(63:5)]_FA18:1",1089.120086669922,1048.820068359375,1047.9800758361816,1047.9400672912598,1046.3600692749023,1046.8600769042969,1049.340072631836,1050.300075531006
"[TG(64:12),TG(63:5)]_FA18:2",1131.180076599121,1131.340072631836,1136.7800750732422,1128.6800804138184,1169.2400741577148,1129.480068206787,1126.4000625610352,1149.2400741577148
"[TG(64:12),TG(63:5)]_FA18:3",1209.080078125,1208.780071258545,1209.9200820922852,1210.5800819396973,1263.4200820922852,1251.2400970458984,1214.3400764465332,1231.440086364746
"[TG(64:12),TG(63:5)]_FA20:4",1289.5800895690918,1290.7200965881348,1292.1800918579102,1287.920093536377,1344.8200912475586,1296.400089263916,1289.9600830078125,1294.3400840759275
"[TG(64:12),TG(63:5)]_FA22:5",1415.080108642578,1503.3201141357422,1472.5000953674316,1473.9401054382324,1415.5200958251953,1417.3000984191897,1417.9601097106934,1421.0800819396973
"[TG(64:12),TG(63:5)]_FA22:6",1604.2401084899902,1621.380107879639,1667.8601150512695,1591.6401138305664,1542.480110168457,1534.7000999450684,1555.8201179504397,1540.0401229858398
"[TG(64:13),TG(63:6)]_FA14:0",1014.7000732421876,1015.6600723266602,1017.0800704956056,1015.600067138672,1050.4200820922852,1072.7400741577148,1014.380069732666,1016.2400741577148
"[TG(64:13),TG(63:6)]_FA16:0",1006.200065612793,1007.2800750732422,1044.4200859069824,1006.0000686645508,1000.9800720214844,1002.1800689697266,1002.680061340332,1003.5000686645508
"[TG(64:13),TG(63:6)]_FA16:1",1051.6600799560547,1046.880069732666,1045.7800750732422,1053.8400764465332,1063.8200798034668,1064.6400909423828,1052.2400703430176,1050.4000663757324
"[TG(64:13),TG(63:6)]_FA18:0",1012.6800765991212,1013.740077972412,1012.1600685119628,1016.6000747680664,1010.960075378418,1011.380069732666,1054.6200714111328,1015.160083770752
"[TG(64:13),TG(63:6)]_FA18:1",1050.8800735473633,1049.060073852539,1048.62007522583,1092.6000709533691,1077.700065612793,1047.4600715637207,1069.5200805664062,1050.2400703430176
"[TG(64:13),TG(63:6)]_FA18:2",1155.3800888061523,1131.7600746154783,1132.4600677490234,1129.6400680541992,1126.0400772094729,1129.460075378418,1126.6600723266602,1126.9000854492188
"[TG(64:13),TG(63:6)]_FA18:3",1209.2200775146484,1208.8200798034668,1209.280086517334,1211.480079650879,1210.6800804138184,1208.5200881958008,1213.2000923156738,1214.360080718994
"[TG(64:13),TG(63:6)]_FA20:4",1320.5000953674316,1290.9600944519043,1291.5600929260254,1325.5800895690918,1294.6800956726074,1312.720085144043,1322.9000816345217,1290.6800918579102
"[TG(64:13),TG(63:6)]_FA22:5",1548.3201065063477,1448.7201042175293,1455.2201042175293,1582.460117340088,1417.2600936889648,1417.180103302002,1462.5200958251953,1482.3200988769531
"[TG(64:13),TG(63:6)]_FA22:6",1560.4001121520996,1653.7801208496094,1679.3801193237305,1562.9201202392578,1542.140106201172,1635.6601219177246,1594.720115661621,1576.520107269287
"[TG(64:14),TG(63:7),TG(62:0)]_FA14:0",1015.2000770568848,1015.5800666809082,1081.560073852539,1064.080078125,1013.2400817871094,1013.0200691223145,1013.5000686645508,1015.7400703430176
"[TG(64:14),TG(63:7),TG(62:0)]_FA16:0",1007.6200637817384,1007.2400665283204,1051.5200691223145,1051.280071258545,1001.0600662231444,1002.7600708007812,1002.8400688171388,1002.9200630187988
"[TG(64:14),TG(63:7),TG(62:0)]_FA16:1",1053.060073852539,1047.3800735473633,1062.5400733947754,1053.7600708007812,1051.360065460205,1052.700065612793,1052.1800727844238,1050.600067138672
"[TG(64:14),TG(63:7),TG(62:0)]_FA18:0",1012.9400672912598,1012.8600730895996,1011.9200706481934,1016.2400817871094,1010.8600578308104,1011.040069580078,1012.540069580078,1015.7000770568848
"[TG(64:14),TG(63:7),TG(62:0)]_FA18:1",1051.4800758361816,1048.840068817139,1069.6000785827637,1047.5000686645508,1046.1200637817385,1098.6400680541992,1048.640079498291,1049.5800743103027
"[TG(64:14),TG(63:7),TG(62:0)]_FA18:2",1131.520076751709,1146.1600799560547,1131.8400764465332,1130.1600723266602,1126.2000885009766,1158.9600791931152,1127.4400787353516,1127.4800758361816
"[TG(64:14),TG(63:7),TG(62:0)]_FA18:3",1209.2200889587402,1209.0200843811035,1209.2600898742676,1211.5200843811035,1211.7000732421875,1209.6600761413574,1213.6000709533691,1213.9200859069824
"[TG(64:14),TG(63:7),TG(62:0)]_FA20:4",1289.620086669922,1289.8400917053225,1292.0000915527344,1286.480094909668,1328.5600814819336,1344.4200897216797,1314.360092163086,1290.7800979614258
"[TG(64:14),TG(63:7),TG(62:0)]_FA22:5",1413.780101776123,1441.2601013183594,1462.000099182129,1419.940097808838,1415.60009765625,1463.5401039123535,1418.380107879639,1421.420093536377
"[TG(64:14),TG(63:7),TG(62:0)]_FA22:6",1560.7201194763184,1574.8400955200195,1566.0401229858398,1539.0201110839844,1580.0001068115234,1535.080108642578,1605.500099182129,1541.2001037597656
"[TG(64:15),TG(63:8),TG(62:1)]_FA14:0",1014.5200691223145,1015.5200691223145,1027.4400672912598,1016.2000732421876,1012.7600746154784,1040.5400733947754,1014.0200729370116,1014.9200820922852
"[TG(64:15),TG(63:8),TG(62:1)]_FA16:0",1009.0200729370116,1006.9400749206544,1043.3800773620603,1075.4600677490234,1000.940071105957,1002.800064086914,1003.1000633239746,1003.6800765991212
"[TG(64:15),TG(63:8),TG(62:1)]_FA16:1",1136.4000854492188,1046.7400741577148,1054.380069732666,1054.1400718688965,1051.0800704956057,1052.060073852539,1073.1600875854492,1049.440071105957
"[TG(64:15),TG(63:8),TG(62:1)]_FA18:0",1012.2600784301758,1013.300064086914,1012.0400772094728,1016.0000686645508,1011.2000694274902,1028.1400756835938,1011.9400787353516,1015.760066986084
"[TG(64:15),TG(63:8),TG(62:1)]_FA18:1",1051.8000793457031,1076.400074005127,1050.1200637817385,1047.3800773620603,1046.7000694274902,1047.3800811767578,1048.660068511963,1049.0200805664062
"[TG(64:15),TG(63:8),TG(62:1)]_FA18:2",1165.7600784301758,1132.560073852539,1166.2200889587402,1128.7200736999512,1147.920078277588,1129.4400825500488,1127.4600830078125,1126.980079650879
"[TG(64:15),TG(63:8),TG(62:1)]_FA18:3",1208.7200736999512,1208.960090637207,1209.9000778198242,1211.0400886535645,1212.100082397461,1209.400074005127,1214.460075378418,1213.780071258545
"[TG(64:15),TG(63:8),TG(62:1)]_FA20:4",1289.6001052856443,1290.220100402832,1291.1600952148438,1319.480094909668,1317.5400772094729,1312.1200942993164,1290.1400909423828,1290.8600997924805
"[TG(64:15),TG(63:8),TG(62:1)]_FA22:5",1374.3601036071775,1374.5400924682615,1387.6201095581057,1379.260097503662,1374.3400993347168,1376.2200927734375,1375.8800888061523,1380.0000953674316
"[TG(64:15),TG(63:8),TG(62:1)]_FA22:6",1540.2601051330566,1540.1001014709473,1538.9001083374023,1584.2601165771484,1542.3201065063477,1557.0001068115234,1542.0601081848145,1540.3200988769531
"[TG(64:16),TG(63:9),TG(62:2)]_FA14:0",1015.2800788879396,1016.920078277588,1018.1400718688964,1015.9600868225098,1013.6400680541992,1012.5600776672364,1014.920066833496,1015.7800827026368
"[TG(64:16),TG(63:9),TG(62:2)]_FA16:0",1007.3800735473632,1007.52006149292,1006.9000663757324,1040.4000701904297,1000.9600677490234,1001.320068359375,1002.260066986084,1003.3000679016112
"[TG(64:16),TG(63:9),TG(62:2)]_FA16:1",1052.0800743103027,1046.4200630187988,1056.540069580078,1054.0200729370115,1050.4200630187988,1052.0600814819336,1052.800067901611,1049.1400756835938
"[TG(64:16),TG(63:9),TG(62:2)]_FA18:0",1012.6600685119628,1020.7400703430176,1011.8600654602052,1016.5600776672364,1010.2800750732422,1011.5200653076172,1011.5200691223145,1014.6200790405272
"[TG(64:16),TG(63:9),TG(62:2)]_FA18:1",1093.6200790405271,1048.9000701904297,1049.12007522583,1047.9000701904297,1061.860080718994,1047.9400672912598,1049.1400680541992,1049.4400749206543
"[TG(64:16),TG(63:9),TG(62:2)]_FA18:2",1132.5400772094729,1130.240077972412,1144.2800827026367,1129.3200798034668,1125.7200813293457,1134.8600730895996,1144.4600791931152,1140.4400787353516
"[TG(64:16),TG(63:9),TG(62:2)]_FA18:3",1208.5800857543943,1208.360080718994,1210.5200881958008,1292.060089111328,1211.120086669922,1209.360080718994,1263.0400772094729,1214.640079498291
"[TG(64:16),TG(63:9),TG(62:2)]_FA20:4",1288.3200988769531,1338.5801048278809,1305.2200889587402,1286.920093536377,1301.7000885009766,1295.1400871276855,1289.3800964355469,1291.340087890625
"[TG(64:16),TG(63:9),TG(62:2)]_FA22:5",1373.400104522705,1390.9801025390625,1375.1801071166992,1378.3200988769531,1374.8800926208496,1373.0800895690918,1375.3400917053225,1445.1601028442385
"[TG(64:16),TG(63:9),TG(62:2)]_FA22:6",1539.740119934082,1556.360107421875,1586.5601272583008,1548.460105895996,1574.4401016235352,1535.6801071166992,1566.8801193237305,1541.9201126098633
"[TG(64:17),TG(63:10),TG(62:3)]_FA14:0",1015.360080718994,1015.760066986084,1017.3000717163086,1026.220069885254,1013.4000778198242,1012.7800712585448,1014.040069580078,1015.700080871582
"[TG(64:17),TG(63:10),TG(62:3)]_FA16:0",1007.460075378418,1045.0000686645508,1007.1000747680664,1041.0200805664062,1000.1400756835938,1002.6000709533693,1009.9200706481934,1003.760066986084
"[TG(64:17),TG(63:10),TG(62:3)]_FA16:1",1074.6600761413574,1047.1800689697266,1046.3800659179688,1054.0800704956057,1049.9400787353516,1051.9600715637207,1052.120059967041,1096.7000846862793
"[TG(64:17),TG(63:10),TG(62:3)]_FA18:0",1013.6400718688964,1013.3600616455078,1018.6400680541992,1016.7600784301758,1010.4200820922852,1010.7200736999512,1012.0200729370116,1015.6400718688964
"[TG(64:17),TG(63:10),TG(62:3)]_FA18:1",1065.9400825500488,1048.4400672912598,1068.4000778198242,1059.880069732666,1106.9600715637207,1089.3400573730469,1048.1800651550293,1049.1400756835938
"[TG(64:17),TG(63:10),TG(62:3)]_FA18:2",1189.1800804138184,1146.240077972412,1183.6000785827637,1148.1000709533691,1126.000072479248,1175.0200729370115,1126.320087432861,1127.7800827026367
"[TG(64:17),TG(63:10),TG(62:3)]_FA18:3",1209.0200881958008,1208.5600776672363,1210.3400802612305,1210.6200828552246,1239.1400871276855,1239.3000793457031,1214.4200820922852,1225.980079650879
"[TG(64:17),TG(63:10),TG(62:3)]_FA20:4",1287.9600982666016,1291.3200912475586,1291.0200958251953,1286.6400871276855,1294.720085144043,1297.4000816345217,1289.860107421875,1290.9400939941406
"[TG(64:17),TG(63:10),TG(62:3)]_FA22:5",1372.500087738037,1454.60009765625,1374.360088348389,1378.320095062256,1374.7601013183594,1374.3000984191897,1377.400089263916,1379.5800971984863
"[TG(64:17),TG(63:10),TG(62:3)]_FA22:6",1540.2801094055176,1539.6400985717771,1538.8401222229004,1540.8001136779783,1540.6200981140137,1535.8001136779783,1592.080108642578,1541.0601043701172
[TG(64:6)]_FA14:0,1042.1200790405271,1047.940071105957,1016.7800750732422,1015.7200736999512,1012.9800796508788,1040.3200759887695,1013.8000717163086,1015.6800842285156
[TG(64:6)]_FA16:0,1031.6200790405271,1007.8400764465332,1051.280071258545,1042.6200714111328,1013.1000823974608,1002.760066986084,1002.3200759887696,1003.0200691223145
[TG(64:6)]_FA16:1,1052.040069580078,1047.300067901611,1047.0000762939453,1054.080078125,1050.4600830078125,1073.6600761413574,1051.8400764465332,1050.560073852539
[TG(64:6)]_FA18:0,1012.300075531006,1013.320068359375,1012.3600730895996,1017.1400718688964,1011.380069732666,1011.4000701904296,1012.220069885254,1014.4800682067872
[TG(64:6)]_FA18:1,1110.0000801086426,1049.8600769042969,1067.060073852539,1085.9000701904297,1149.5600776672363,1047.6000709533691,1087.0000686645508,1049.2400741577148
[TG(64:6)]_FA18:2,1198.9600868225098,1139.9000701904297,1132.4000701904297,1129.200065612793,1144.1200942993164,1178.8400802612305,1127.0000762939453,1126.7800903320312
[TG(64:6)]_FA18:3,1209.2600860595703,1208.8000831604004,1209.180088043213,1257.1400871276855,1211.2200660705566,1207.860080718994,1214.6400871276855,1214.7000770568848
[TG(64:6)]_FA20:4,1289.6600875854492,1290.2400856018066,1291.9800910949707,1286.7400932312012,1295.1400833129885,1294.860092163086,1290.9800910949707,1290.7400970458984
[TG(64:6)]_FA22:5,1414.7401008605957,1416.8200912475586,1416.4801139831543,1472.6201095581057,1416.320083618164,1415.4201049804688,1418.800090789795,1422.3800964355469
[TG(64:6)]_FA22:6,1539.840114593506,1568.860122680664,1546.0601043701172,1541.6601181030271,1555.880107879639,1538.0801124572754,1542.8401222229004,1540.840106964111
"[TG(64:7),TG(63:0)]_FA14:0",1025.100067138672,1016.1600761413574,1074.2200775146484,1016.3800735473632,1016.880069732666,1012.4600677490234,1053.0200691223145,1015.9000778198242
"[TG(64:7),TG(63:0)]_FA16:0",1006.6600685119628,1007.7400703430176,1026.960060119629,1042.200065612793,1000.3400688171388,1018.6800727844238,1003.1400680541992,1002.640064239502
"[TG(64:7),TG(63:0)]_FA16:1",1094.6200828552246,1046.7800636291504,1045.54008102417,1054.360065460205,1051.0400772094729,1052.0200729370115,1053.1400718688965,1050.0200691223145
"[TG(64:7),TG(63:0)]_FA18:0",1011.5600738525392,1013.9400672912598,1011.920078277588,1016.1600723266602,1010.420066833496,1010.800075531006,1011.6600723266602,1015.8600730895996
"[TG(64:7),TG(63:0)]_FA18:1",1051.5600814819336,1049.4800758361816,1049.1600761413574,1046.8800735473633,1046.6000785827637,1047.280071258545,1049.100067138672,1049.180076599121
"[TG(64:7),TG(63:0)]_FA18:2",1131.960075378418,1130.9200897216797,1132.7200813293457,1148.1400756835938,1125.4400825500488,1129.8400764465332,1126.9800834655762,1127.2200775146484
"[TG(64:7),TG(63:0)]_FA18:3",1209.1800842285156,1208.740077972412,1209.3800773620603,1210.6600914001465,1211.5200881958008,1208.8600845336914,1214.2400856018066,1214.4600868225098
"[TG(64:7),TG(63:0)]_FA20:4",1289.820095062256,1289.8600845336914,1291.9200897216797,1287.360088348389,1303.580093383789,1295.7200927734375,1289.5800819396973,1289.2600898742676
"[TG(64:7),TG(63:0)]_FA22:5",1414.620101928711,1430.7001037597656,1416.5401000976562,1452.0600929260254,1417.180103302002,1415.5200996398926,1419.180103302002,1428.9000968933103
"[TG(64:7),TG(63:0)]_FA22:6",1539.66011428833,1571.780117034912,1571.920124053955,1598.0801239013672,1541.4201011657717,1535.2201080322266,1541.5401153564453,1541.260108947754
"[TG(64:8),TG(63:1)]_FA14:0",1054.540069580078,1015.9400787353516,1017.0800704956056,1016.3800773620604,1012.8000717163086,1012.1800689697266,1049.3600730895996,1016.440071105957
"[TG(64:8),TG(63:1)]_FA16:0",1047.5400657653809,1008.200065612793,1048.860065460205,1022.4800682067872,1026.8600692749023,1079.2600860595703,1009.9800720214844,1004.2800674438477
"[TG(64:8),TG(63:1)]_FA16:1",1077.7600784301758,1046.9000701904297,1046.2000694274902,1053.4800758361816,1050.9000778198242,1052.0600852966309,1052.260066986084,1049.9200820922852
"[TG(64:8),TG(63:1)]_FA18:0",1012.540069580078,1013.1000709533693,1011.52006149292,1016.3000793457032,1010.9600639343262,1011.7600708007812,1011.4600563049316,1015.3000717163086
"[TG(64:8),TG(63:1)]_FA18:1",1051.2600708007812,1081.2000732421875,1048.760066986084,1058.100067138672,1046.6600723266602,1047.6600608825684,1048.3800659179688,1049.1400756835938
"[TG(64:8),TG(63:1)]_FA18:2",1132.2000694274902,1131.1200790405271,1131.7200813293457,1129.1800689697266,1142.2600784301758,1129.2400741577148,1126.62007522583,1126.6000747680664
"[TG(64:8),TG(63:1)]_FA18:3",1208.8600769042969,1209.4600830078125,1210.8200759887695,1210.820068359375,1211.0800857543943,1208.7000770568848,1214.0200881958008,1212.9000816345217
"[TG(64:8),TG(63:1)]_FA20:4",1289.820083618164,1290.880100250244,1321.820083618164,1296.6400871276855,1294.240089416504,1294.600082397461,1303.8400993347168,1290.6200828552246
"[TG(64:8),TG(63:1)]_FA22:5",1444.380100250244,1416.1800842285156,1416.0001068115234,1420.7400856018066,1416.360092163086,1418.2600936889648,1418.460090637207,1420.3800888061523
"[TG(64:8),TG(63:1)]_FA22:6",1541.020107269287,1542.3401184082031,1538.2001190185547,1539.020118713379,1541.6201133728027,1534.6001091003418,1541.7800979614258,1541.3801155090332
"[TG(64:9),TG(63:2)]_FA14:0",1015.520076751709,1044.7600784301758,1017.5000762939452,1015.7600860595704,1098.9400749206543,1013.2200660705566,1042.7400588989258,1016.7800827026368
"[TG(64:9),TG(63:2)]_FA16:0",1008.1400604248048,1008.1200714111328,1007.0600662231444,1005.4800720214844,1000.7400703430176,1002.420066833496,1032.800064086914,1004.0600700378418
"[TG(64:9),TG(63:2)]_FA16:1",1051.520076751709,1066.800064086914,1045.6600761413574,1054.340068817139,1051.240077972412,1130.140079498291,1052.6400833129885,1050.5000839233398
"[TG(64:9),TG(63:2)]_FA18:0",1012.6200790405272,1013.3600692749023,1012.6400718688964,1016.0600738525392,1010.8600692749023,1010.6800765991212,1044.9800720214844,1015.3400688171388
"[TG(64:9),TG(63:2)]_FA18:1",1051.2200775146484,1049.1600761413574,1048.680076599121,1066.2200622558594,1046.7600708007812,1058.3800773620603,1049.1000747680664,1049.920066833496
"[TG(64:9),TG(63:2)]_FA18:2",1145.4800758361816,1131.0200729370115,1174.160083770752,1151.7800788879397,1125.9200744628906,1128.260082244873,1172.020076751709,1126.2600708007812
"[TG(64:9),TG(63:2)]_FA18:3",1209.0200805664062,1208.8000946044922,1209.1600875854492,1210.760082244873,1211.2600898742676,1208.8200759887695,1281.4000778198242,1213.9600830078125
"[TG(64:9),TG(63:2)]_FA20:4",1289.4200820922852,1290.5600929260254,1292.660083770752,1353.2601051330566,1295.2000770568848,1294.2600746154783,1290.1001052856443,1290.0601043701172
"[TG(64:9),TG(63:2)]_FA22:5",1416.0801010131836,1415.8201065063477,1439.1801109313965,1420.2601051330566,1430.1400909423828,1462.2601051330566,1418.2200889587402,1421.9000968933103
"[TG(64:9),TG(63:2)]_FA22:6",1585.9001121520996,1541.0800971984863,1576.6601181030271,1540.0201148986816,1576.420108795166,1552.3001174926758,1556.7201080322266,1567.4401092529297
[TG(65:0)]_FA14:0 | [TG(66:7)]_FA14:0,1015.5600776672364,1015.8800735473632,1016.3800735473632,1016.2200775146484,1013.6000633239746,1038.8800659179688,1014.3600730895996,1039.240077972412
[TG(65:0)]_FA14:0 | [TG(66:7)]_FA14:0_2,1015.7000732421876,1017.5200729370116,1016.3200759887696,1015.4400672912598,1012.4400672912598,1018.3400802612304,1020.1800727844238,1015.6800804138184
[TG(65:0)]_FA16:0,1038.300075531006,1007.4800720214844,1006.9000701904296,1055.12007522583,1000.4200706481934,1002.9400634765624,1002.8200607299804,1003.9000778198242
[TG(65:0)]_FA18:0,1012.7600631713868,1012.2600708007812,1011.2600784301758,1017.0400619506836,1010.5800704956056,1011.8800773620604,1012.460075378418,1015.2200736999512
"[TG(65:12),TG(64:5)]_FA14:0",1033.4400787353516,1044.940071105957,1016.4400672912598,1065.180076599121,1048.4800834655762,1023.8800735473632,1013.8800659179688,1015.6800651550292
"[TG(65:12),TG(64:5)]_FA16:0",1023.8600692749023,1045.3000793457031,1020.8000679016112,1005.760082244873,1000.8000679016112,1002.2400703430176,1002.3800659179688,1004.400074005127
"[TG(65:12),TG(64:5)]_FA16:1",1052.700080871582,1046.9000778198242,1046.4200706481934,1053.6800804138184,1050.9200744628906,1052.1000709533691,1052.780071258545,1050.0600662231443
"[TG(65:12),TG(64:5)]_FA18:0",1013.7000732421876,1014.3800735473632,1013.0600776672364,1016.840072631836,1010.9600639343262,1010.9200706481934,1011.5800666809082,1015.6000709533693
"[TG(65:12),TG(64:5)]_FA18:1",1078.7200736999512,1054.2600746154783,1048.520076751709,1047.480068206787,1082.3800621032717,1048.100067138672,1048.2400665283203,1048.9200744628906
"[TG(65:12),TG(64:5)]_FA18:2",1132.4400825500488,1130.9800643920898,1147.3400802612305,1129.2800788879397,1149.7600784301758,1129.480068206787,1126.9000778198242,1128.1200828552246
"[TG(65:12),TG(64:5)]_FA18:3",1209.3800888061523,1210.140079498291,1274.900089263916,1210.3400955200195,1256.9200820922852,1208.2600860595703,1214.04008102417,1214.7600860595703
"[TG(65:12),TG(64:5)]_FA20:4",1289.400089263916,1290.2600936889648,1297.0400733947754,1287.4800872802734,1294.6600914001465,1295.2600746154783,1290.5000953674316,1290.740089416504
"[TG(65:12),TG(64:5)]_FA22:5",1416.240104675293,1417.300090789795,1416.8201065063477,1420.1600952148438,1416.380100250244,1417.4000930786133,1417.4600982666016,1439.8200912475586
"[TG(65:12),TG(64:5)]_FA22:6",1539.400104522705,1585.16011428833,1538.580108642578,1539.9401092529297,1540.2201118469238,1534.9800987243652,1571.0601081848145,1540.56010055542
[TG(66:0)]_FA16:0,1017.9800758361816,1042.680076599121,1005.3800735473632,1040.400074005127,999.7000770568848,1002.400074005127,1001.8200798034668,1003.2600555419922
[TG(66:0)]_FA18:0,1011.7000732421876,1012.540069580078,1010.9400634765624,1015.7200660705566,1009.2400741577148,1010.1600723266602,1010.7200622558594,1038.740077972412
[TG(66:1)]_FA14:0,1015.0000648498536,1015.62007522583,1017.6800727844238,1016.2400817871094,1050.2600708007812,1013.540069580078,1013.7200775146484,1015.6000823974608
[TG(66:1)]_FA16:0,1006.8600730895996,1006.5000610351562,1012.5800666809082,1005.3600692749023,1106.8800811767578,1002.7000732421876,1003.0200691223145,1003.2800712585448
[TG(66:1)]_FA16:1,1101.2600860595703,1087.8800811767578,1093.2800903320312,1095.220069885254,1091.9000854492188,1093.1600723266602,1095.1000633239746,1090.0600776672363
[TG(66:1)]_FA18:0,1012.420078277588,1013.3400650024414,1011.580078125,1097.12007522583,1010.540069580078,1010.7200736999512,1011.7200775146484,1015.520076751709
[TG(66:1)]_FA18:1,1091.6200790405271,1089.960075378418,1090.4000778198242,1088.0000686645508,1087.4800720214844,1099.320083618164,1090.8200721740725,1090.6000747680664
"[TG(66:10),TG(65:3)]_FA14:0",1014.5600776672364,1016.3600730895996,1017.2800750732422,1015.3600616455078,1013.2400703430176,1012.6600723266602,1013.1800765991212,1016.4400825500488
"[TG(66:10),TG(65:3)]_FA16:0",1045.4400749206543,1007.1600608825684,1006.260066986084,1038.1800727844238,1000.0000686645508,1002.540069580078,1002.6200675964355,1003.940055847168
"[TG(66:10),TG(65:3)]_FA16:1",1051.960075378418,1047.460075378418,1045.800067901611,1054.2400856018066,1051.1200714111328,1071.4000778198242,1053.3800773620603,1050.6600799560547
"[TG(66:10),TG(65:3)]_FA18:0",1012.9600639343262,1013.3600730895996,1012.140079498291,1017.04008102417,1010.2200736999512,1011.4600677490234,1011.6200637817384,1015.4400672912598
"[TG(66:10),TG(65:3)]_FA18:1",1050.8600769042969,1048.940086364746,1049.5800743103027,1084.0800666809082,1048.5200729370115,1068.320068359375,1050.9800643920898,1070.0200729370115
"[TG(66:10),TG(65:3)]_FA18:2",1131.6200828552246,1130.5800743103027,1179.820083618164,1129.740077972412,1125.7800750732422,1133.0800857543943,1205.5000801086426,1126.380069732666
"[TG(66:10),TG(65:3)]_FA18:3",1211.600082397461,1208.8200798034668,1209.3200912475586,1210.5400772094729,1211.4400901794434,1208.5400886535645,1247.640079498291,1214.2200775146484
"[TG(66:10),TG(65:3)]_FA20:4",1289.64009475708,1290.480094909668,1292.1800956726074,1287.0800857543943,1309.5400886535645,1294.7800941467283,1290.4000778198242,1289.820083618164
"[TG(66:10),TG(65:3)]_FA22:5",1414.380107879639,1427.8400955200195,1424.440086364746,1426.2401084899902,1416.4801177978516,1415.6001091003418,1419.4400825500488,1438.1600914001465
"[TG(66:10),TG(65:3)]_FA22:6",1540.2201118469238,1540.3201179504397,1538.6401176452637,1540.2401084899902,1542.0000953674316,1535.6401138305664,1562.2801055908203,1540.5601043701172
"[TG(66:11),TG(65:4)]_FA14:0",1015.1200714111328,1016.0800666809082,1016.6200790405272,1016.2800712585448,1016.4200744628906,1012.2000732421876,1014.2000732421876,1016.080078125
"[TG(66:11),TG(65:4)]_FA16:0",1017.4600639343262,1024.6200790405271,1006.600067138672,1005.800064086914,1000.5200805664062,1002.4400672912598,1020.4800720214844,1004.4400634765624
"[TG(66:11),TG(65:4)]_FA16:1",1059.1200790405271,1075.680076599121,1046.9000701904297,1056.860065460205,1062.760082244873,1052.4800643920898,1052.1000747680664,1050.0800743103027
"[TG(66:11),TG(65:4)]_FA18:0",1013.8400688171388,1013.8200721740724,1012.4400672912598,1017.9600715637208,1010.400074005127,1011.8200721740724,1012.4600715637208,1015.3400688171388
"[TG(66:11),TG(65:4)]_FA18:1",1051.8000717163086,1048.7600746154783,1066.340072631836,1048.1800689697266,1046.800067901611,1047.0200729370115,1049.380069732666,1050.020076751709
"[TG(66:11),TG(65:4)]_FA18:2",1131.6200790405271,1178.3400650024414,1145.5200843811035,1159.04008102417,1148.6600761413574,1142.5600624084473,1127.3200759887695,1127.420078277588
"[TG(66:11),TG(65:4)]_FA18:3",1210.0400924682615,1208.6600799560547,1209.0800819396973,1211.1600761413574,1211.4400749206543,1208.6000900268557,1231.3800888061523,1247.860080718994
"[TG(66:11),TG(65:4)]_FA20:4",1290.1400871276855,1291.5000915527344,1304.8800926208496,1287.3200912475586,1318.1800842285156,1295.2800941467283,1290.960090637207,1290.0801124572754
"[TG(66:11),TG(65:4)]_FA22:5",1414.2600860595703,1416.2801055908203,1416.840114593506,1420.9800987243652,1415.9401092529297,1418.1000938415527,1418.2200889587402,1420.940097808838
"[TG(66:11),TG(65:4)]_FA22:6",1539.9001121520996,1540.020107269287,1538.640121459961,1539.5601234436035,1540.1801109313965,1535.020107269287,1542.1801109313965,1540.2400970458984
"[TG(66:12),TG(65:5)]_FA14:0",1015.6800804138184,1016.4200706481934,1038.0600700378418,1015.9000778198242,1012.3600692749023,1012.1600685119628,1013.2800674438477,1016.5600700378418
"[TG(66:12),TG(65:5)]_FA16:0",1007.040069580078,1008.0400619506836,1029.840072631836,1005.7200660705566,1000.6600723266602,1002.320068359375,1054.7400741577148,1003.6800651550292
"[TG(66:12),TG(65:5)]_FA16:1",1051.4600791931152,1046.900074005127,1046.3400802612305,1054.0400733947754,1050.440071105957,1051.1400756835938,1053.1600723266602,1050.7600784301758
"[TG(66:12),TG(65:5)]_FA18:0",1014.7200622558594,1012.640064239502,1012.8200798034668,1016.9200744628906,1011.0800666809082,1011.8800773620604,1011.7600708007812,1015.9000816345216
"[TG(66:12),TG(65:5)]_FA18:1",1051.2200736999512,1092.200080871582,1048.3400650024414,1099.7000732421875,1046.8800621032717,1066.9200744628906,1054.420066833496,1049.8000717163086
"[TG(66:12),TG(65:5)]_FA18:2",1131.0600852966309,1131.2400741577148,1154.0200843811035,1157.7200927734375,1179.7800941467283,1128.5000801086426,1127.600082397461,1126.7200736999512
"[TG(66:12),TG(65:5)]_FA18:3",1207.920093536377,1209.0400924682615,1209.7600708007812,1217.6400871276855,1237.3800773620603,1208.120086669922,1214.4000778198242,1212.9400749206543
"[TG(66:12),TG(65:5)]_FA20:4",1289.1400985717771,1290.4600944519043,1292.0000839233398,1287.2000885009766,1295.1400833129885,1295.7400932312012,1291.1800918579102,1289.820095062256
"[TG(66:12),TG(65:5)]_FA22:5",1440.380111694336,1460.3201026916504,1475.5001029968262,1419.9200973510742,1441.700096130371,1416.9001007080078,1553.7401161193848,1421.0400848388672
"[TG(66:12),TG(65:5)]_FA22:6",1539.1201171875,1540.6201133728027,1566.340106964111,1539.2401237487793,1539.960105895996,1534.7801055908203,1589.700107574463,1565.2801094055176
"[TG(66:13),TG(65:6)]_FA14:0",1015.8800735473632,1035.8600692749023,1016.580078125,1015.9800796508788,1012.5800666809082,1012.7800712585448,1014.1200714111328,1016.4800682067872
"[TG(66:13),TG(65:6)]_FA16:0",1007.6200714111328,1007.4800682067872,1006.7400703430176,1006.5600738525392,1000.9800605773926,1003.0400657653807,1002.3400650024414,1009.0800552368164
"[TG(66:13),TG(65:6)]_FA16:1",1052.0600776672363,1046.960075378418,1046.2800750732422,1072.6000709533691,1051.3400764465332,1052.0600776672363,1098.0200729370115,1050.1400718688965
"[TG(66:13),TG(65:6)]_FA18:0",1013.5400772094728,1036.8000793457031,1032.1000709533691,1017.3400764465332,1010.4000663757324,1011.5800704956056,1011.9400787353516,1084.8400764465332
"[TG(66:13),TG(65:6)]_FA18:1",1051.0600776672363,1049.7200775146484,1049.400074005127,1047.040069580078,1046.5800666809082,1047.060073852539,1049.5200691223145,1049.9400749206543
"[TG(66:13),TG(65:6)]_FA18:2",1132.2200775146484,1131.4200706481934,1149.54008102417,1129.560073852539,1126.480079650879,1128.7200736999512,1127.4400787353516,1127.4400825500488
"[TG(66:13),TG(65:6)]_FA18:3",1208.5000839233398,1208.2600860595703,1209.780086517334,1211.0400924682615,1211.940086364746,1208.780071258545,1214.140079498291,1214.400074005127
"[TG(66:13),TG(65:6)]_FA20:4",1290.1200942993164,1295.7000923156738,1292.520092010498,1287.8600959777832,1295.3400917053225,1295.960090637207,1291.020092010498,1314.4400939941406
"[TG(66:13),TG(65:6)]_FA22:5",1428.9801025390625,1417.920093536377,1416.360092163086,1420.7200889587402,1416.9600944519043,1416.3000946044922,1418.360088348389,1422.1200981140137
"[TG(66:13),TG(65:6)]_FA22:6",1539.180103302002,1539.740104675293,1543.66011428833,1539.140106201172,1563.1401176452637,1535.2001037597656,1542.2601051330566,1565.220115661621
"[TG(66:14),TG(65:7),TG(64:0)]_FA14:0",1014.6000709533693,1016.720069885254,1017.0800628662108,1015.4800834655762,1012.5600776672364,1039.3200798034668,1014.2000732421876,1016.5200729370116
"[TG(66:14),TG(65:7),TG(64:0)]_FA16:0",1007.6200637817384,1030.7200736999512,1006.1800689697266,1005.5400657653807,1000.6200714111328,1003.2200660705566,1002.9200592041016,1002.840061187744
"[TG(66:14),TG(65:7),TG(64:0)]_FA16:1",1052.6000633239746,1047.1400756835938,1046.3600769042969,1053.6800689697266,1051.2400741577148,1051.7000770568848,1052.900074005127,1048.8800773620603
"[TG(66:14),TG(65:7),TG(64:0)]_FA18:0",1013.2400703430176,1013.5200691223145,1012.9000778198242,1016.840087890625,1011.04008102417,1012.0200729370116,1011.4400749206544,1015.2000770568848
"[TG(66:14),TG(65:7),TG(64:0)]_FA18:1",1051.540069580078,1049.1400680541992,1048.8600730895996,1059.8200721740725,1081.820068359375,1047.320068359375,1048.920066833496,1049.54008102417
"[TG(66:14),TG(65:7),TG(64:0)]_FA18:2",1131.500072479248,1175.980068206787,1132.2400856018066,1130.4200706481934,1125.5800743103027,1129.0000762939453,1127.1400756835938,1126.840072631836
"[TG(66:14),TG(65:7),TG(64:0)]_FA18:3",1208.880084991455,1208.2000885009766,1210.080093383789,1209.7600784301758,1210.9600830078125,1209.4200859069824,1214.660083770752,1214.4000968933103
"[TG(66:14),TG(65:7),TG(64:0)]_FA20:4",1316.6000862121582,1289.9000930786133,1292.800090789795,1287.4200897216797,1294.8600769042969,1295.1800918579102,1290.2200927734375,1291.1000862121582
"[TG(66:14),TG(65:7),TG(64:0)]_FA22:5",1414.2401008605957,1414.6201095581057,1421.540096282959,1418.7600936889648,1426.6200904846191,1414.540096282959,1457.6601066589355,1444.3800926208496
"[TG(66:14),TG(65:7),TG(64:0)]_FA22:6",1539.7801094055176,1540.1801071166992,1538.6201095581057,1540.3201065063477,1541.580108642578,1534.8001136779783,1542.1401138305664,1540.66011428833
"[TG(66:15),TG(65:8),TG(64:1)]_FA14:0",1016.2000846862792,1015.6400680541992,1029.3400650024414,1015.4800796508788,1013.0400733947754,1013.000072479248,1013.580078125,1025.3800735473633
"[TG(66:15),TG(65:8),TG(64:1)]_FA16:0",1006.1600646972656,1041.1400718688965,1084.6400756835938,1033.12007522583,1047.8600769042969,1002.7800750732422,1002.5200691223145,1004.0800666809082
"[TG(66:15),TG(65:8),TG(64:1)]_FA16:1",1052.0600776672363,1046.9600677490234,1045.940071105957,1054.4400672912598,1051.3800735473633,1051.0800819396973,1052.880069732666,1049.7800750732422
"[TG(66:15),TG(65:8),TG(64:1)]_FA18:0",1013.1400756835938,1013.8400764465332,1012.6600685119628,1016.7000732421876,1010.960075378418,1045.3800659179688,1011.760066986084,1015.9800720214844
"[TG(66:15),TG(65:8),TG(64:1)]_FA18:1",1050.5400733947754,1099.080078125,1049.4600715637207,1047.5400733947754,1055.880069732666,1047.8400764465332,1048.780071258545,1056.300075531006
"[TG(66:15),TG(65:8),TG(64:1)]_FA18:2",1139.9800872802734,1145.480079650879,1131.8400802612305,1129.180076599121,1195.0200881958008,1129.9800758361816,1126.420078277588,1140.0400886535645
"[TG(66:15),TG(65:8),TG(64:1)]_FA18:3",1209.220085144043,1209.340087890625,1209.7400817871094,1210.6000862121582,1265.0600852966309,1209.520092010498,1214.5200805664062,1214.4200706481934
"[TG(66:15),TG(65:8),TG(64:1)]_FA20:4",1289.580093383789,1292.0400848388672,1291.2600936889648,1287.320087432861,1294.8000831604004,1294.9800758361816,1291.5400924682615,1305.040096282959
"[TG(66:15),TG(65:8),TG(64:1)]_FA22:5",1414.820095062256,1429.7400970458984,1448.180103302002,1421.2400932312012,1415.440086364746,1437.8201065063477,1418.240104675293,1456.0200958251953
"[TG(66:15),TG(65:8),TG(64:1)]_FA22:6",1540.4401016235352,1539.0401039123535,1579.040111541748,1539.540096282959,1541.0401077270508,1534.7801055908203,1541.1601181030271,1540.640106201172
"[TG(66:16),TG(65:9),TG(64:2)]_FA14:0",1014.3400764465332,1016.4000854492188,1016.4600715637208,1015.8400802612304,1012.8200721740724,1033.0000801086426,1014.1400680541992,1016.5200729370116
"[TG(66:16),TG(65:9),TG(64:2)]_FA16:0",1010.2400665283204,1050.6800804138184,1077.920078277588,1006.2800598144532,1001.4400634765624,1027.9400672912598,1066.7200736999512,1003.2800674438477
"[TG(66:16),TG(65:9),TG(64:2)]_FA16:1",1059.8800773620603,1047.0800704956057,1045.940071105957,1054.000072479248,1057.3800735473633,1052.3000793457031,1051.6400756835938,1049.4400749206543
"[TG(66:16),TG(65:9),TG(64:2)]_FA18:0",1012.7600708007812,1013.1600685119628,1011.7000732421876,1017.260082244873,1011.0800704956056,1012.2800712585448,1011.4000701904296,1016.2800750732422
"[TG(66:16),TG(65:9),TG(64:2)]_FA18:1",1050.9400596618652,1049.3800621032717,1078.280071258545,1048.8000717163086,1105.1200790405271,1047.340068817139,1082.3400840759275,1049.7000694274902
"[TG(66:16),TG(65:9),TG(64:2)]_FA18:2",1131.8400802612305,1130.6400756835938,1132.9600791931152,1128.2400703430176,1126.0400848388672,1177.6400871276855,1126.700080871582,1126.2600708007812
"[TG(66:16),TG(65:9),TG(64:2)]_FA18:3",1255.3600845336914,1209.2600936889648,1209.9800910949707,1323.2600936889648,1227.9600715637207,1209.5400886535645,1214.0800743103027,1214.6800804138184
"[TG(66:16),TG(65:9),TG(64:2)]_FA20:4",1289.9000930786133,1291.0800857543943,1291.8400917053225,1287.8000946044922,1294.120086669922,1294.120101928711,1302.260097503662,1290.720085144043
"[TG(66:16),TG(65:9),TG(64:2)]_FA22:5",1415.8601036071775,1415.8200912475586,1417.8201026916504,1441.5000953674316,1482.4001121520996,1433.1400985717771,1418.180088043213,1421.4600944519043
"[TG(66:16),TG(65:9),TG(64:2)]_FA22:6",1541.000099182129,1541.5401077270508,1601.7801094055176,1540.0201110839844,1583.640106201172,1607.5601043701172,1542.2401123046875,1540.6001052856443
"[TG(66:17),TG(65:10),TG(64:3)]_FA14:0",1022.1000595092772,1069.8200798034668,1017.4800796508788,1016.940071105957,1013.3000793457032,1012.4800796508788,1053.840068817139,1016.000072479248
"[TG(66:17),TG(65:10),TG(64:3)]_FA16:0",1064.840072631836,1007.5000762939452,1006.4800682067872,1005.9000701904296,1000.0000801086426,1002.820068359375,1017.6200714111328,1003.300064086914
"[TG(66:17),TG(65:10),TG(64:3)]_FA16:1",1073.980079650879,1047.5000801086426,1046.9000663757324,1054.3000717163086,1050.7800636291504,1052.820083618164,1054.6000709533691,1049.2000694274902
"[TG(66:17),TG(65:10),TG(64:3)]_FA18:0",1012.9000778198242,1014.500072479248,1013.12007522583,1022.5400733947754,1010.4800682067872,1010.6200675964355,1013.320068359375,1016.1000785827636
"[TG(66:17),TG(65:10),TG(64:3)]_FA18:1",1095.640079498291,1049.3600769042969,1048.9800720214844,1046.580078125,1046.4000701904297,1047.000072479248,1048.4800834655762,1049.3200759887695
"[TG(66:17),TG(65:10),TG(64:3)]_FA18:2",1130.5400848388672,1130.9800720214844,1154.54008102417,1130.0800704956057,1202.6000900268557,1129.0000839233398,1127.7800827026367,1127.2200813293457
"[TG(66:17),TG(65:10),TG(64:3)]_FA18:3",1208.8400840759275,1209.7400741577148,1208.900089263916,1240.6400833129885,1212.080078125,1234.480079650879,1213.260082244873,1215.1800842285156
"[TG(66:17),TG(65:10),TG(64:3)]_FA20:4",1289.9200897216797,1291.1200942993164,1291.100082397461,1288.0600967407229,1294.7800750732422,1295.5400848388672,1291.4600868225098,1291.0000839233398
"[TG(66:17),TG(65:10),TG(64:3)]_FA22:5",1415.180103302002,1437.0001029968262,1442.1400985717771,1419.7800903320312,1415.5000915527344,1416.06010055542,1419.1800918579102,1422.1400985717771
"[TG(66:17),TG(65:10),TG(64:3)]_FA22:6",1540.720100402832,1557.6601181030271,1539.300121307373,1539.9601020812988,1540.600112915039,1588.4801063537598,1541.9201126098633,1540.000099182129
"[TG(66:18),TG(65:11),TG(64:4)]_FA14:0",1040.380069732666,1027.04008102417,1016.5800743103028,1020.7400817871094,1013.3800735473632,1024.2800750732422,1014.340072631836,1016.1800689697266
"[TG(66:18),TG(65:11),TG(64:4)]_FA16:0",1008.080078125,1006.8400688171388,1007.1400718688964,1067.6000709533691,1000.400074005127,1001.7600631713868,1003.1600799560548,1044.420066833496
"[TG(66:18),TG(65:11),TG(64:4)]_FA16:1",1086.2600708007812,1047.2400703430176,1046.1200637817385,1053.6200637817385,1050.5600662231443,1052.4200706481934,1052.7400817871094,1049.9000816345217
"[TG(66:18),TG(65:11),TG(64:4)]_FA18:0",1013.040069580078,1012.920066833496,1040.3200721740725,1016.6800727844238,1010.2600708007812,1011.580078125,1011.6600608825684,1015.4200706481934
"[TG(66:18),TG(65:11),TG(64:4)]_FA18:1",1072.200080871582,1049.1800804138184,1048.5000648498535,1047.4200706481934,1046.600067138672,1047.4200744628906,1048.4200706481934,1048.820068359375
"[TG(66:18),TG(65:11),TG(64:4)]_FA18:2",1151.7600784301758,1131.060073852539,1140.6200714111328,1129.2600784301758,1163.960075378418,1217.560073852539,1143.2400741577148,1126.8000717163086
"[TG(66:18),TG(65:11),TG(64:4)]_FA18:3",1209.1400833129885,1209.5000762939453,1209.7800903320312,1210.4800834655762,1211.200080871582,1208.7000732421875,1214.1600875854492,1213.860092163086
"[TG(66:18),TG(65:11),TG(64:4)]_FA20:4",1290.3800964355469,1290.5000915527344,1291.360088348389,1287.1601028442385,1294.420093536377,1294.8800811767578,1290.0000953674316,1296.2600936889648
"[TG(66:18),TG(65:11),TG(64:4)]_FA22:5",1432.4600982666016,1416.4001007080078,1416.6401100158691,1419.6400985717771,1416.6601104736328,1417.7600860595703,1418.6800994873047,1421.180088043213
"[TG(66:18),TG(65:11),TG(64:4)]_FA22:6",1540.100112915039,1568.7601051330566,1538.880107879639,1540.0001182556152,1541.020107269287,1534.940097808838,1542.220115661621,1541.0401153564453
[TG(66:2)]_FA14:0,1015.000072479248,1016.6000709533693,1017.3200721740724,1015.740077972412,1013.2400741577148,1013.2000732421876,1014.140079498291,1016.3800659179688
[TG(66:2)]_FA16:0,1006.5600662231444,1010.9800720214844,1053.0000762939453,1042.0000686645508,1001.0200653076172,1002.5800743103028,1002.920078277588,1003.5800666809082
[TG(66:2)]_FA16:1,1094.1600723266602,1089.5000762939453,1088.3400802612305,1112.3600616455078,1092.3400764465332,1094.4800834655762,1094.540069580078,1090.9600715637207
[TG(66:2)]_FA18:0,1012.8400650024414,1013.1000633239746,1011.880069732666,1016.7200775146484,1010.3600769042968,1021.100067138672,1012.6000709533693,1015.860080718994
[TG(66:2)]_FA18:1,1159.7800788879397,1091.8200721740725,1090.7000770568848,1089.7400741577148,1088.6600723266602,1098.0400772094729,1091.200065612793,1091.2800750732422
[TG(66:2)]_FA18:2,1173.9000930786133,1144.9000778198242,1132.1400718688965,1152.3400802612305,1154.040096282959,1160.9600791931152,1125.800090789795,1126.5200805664062
[TG(66:3)]_FA14:0,1015.1400680541992,1015.920078277588,1016.8400802612304,1016.1600799560548,1013.1200714111328,1012.500072479248,1014.3600730895996,1016.0800704956056
[TG(66:3)]_FA16:0,1027.2000694274902,1007.0600662231444,1026.4000625610352,1017.6600646972656,1000.440071105957,1020.9000778198242,1003.040069580078,1003.5800590515136
[TG(66:3)]_FA16:1,1094.2400741577148,1088.5400733947754,1087.9200744628906,1131.1000862121582,1103.860065460205,1097.320087432861,1095.12007522583,1092.4800720214844
[TG(66:3)]_FA18:0,1012.9600677490234,1013.2400665283204,1012.1600761413574,1017.2600746154784,1010.7200736999512,1011.5800704956056,1011.740077972412,1015.1400756835938
[TG(66:3)]_FA18:1,1092.5800857543943,1090.7800674438477,1092.3000869750977,1089.8600769042969,1108.5600624084473,1089.5000686645508,1091.1000785827637,1092.1400756835938
[TG(66:3)]_FA18:2,1131.580078125,1211.240089416504,1197.700080871582,1129.2800827026367,1125.9600791931152,1129.3000717163086,1126.840068817139,1127.2600746154783
[TG(66:3)]_FA18:3,1207.500087738037,1207.9400825500488,1207.820083618164,1209.4600868225098,1210.5800819396973,1207.740089416504,1237.600082397461,1213.2400817871094
[TG(66:4)]_FA14:0,1015.140064239502,1016.2000732421876,1017.320083618164,1015.9000778198242,1013.1800765991212,1012.6800727844238,1026.7200775146484,1034.2200736999512
[TG(66:4)]_FA16:0,1583.080108642578,1248.940071105957,1368.6200828552246,1954.760139465332,1159.7600784301758,1088.4600791931152,1002.2400665283204,1003.7200660705566
[TG(66:4)]_FA16:1,1124.4800834655762,1088.7000732421875,1088.4200592041016,1096.0200729370115,1108.9200744628906,1094.8600769042969,1094.9200744628906,1092.0000839233398
[TG(66:4)]_FA18:0,1013.12007522583,1039.840072631836,1011.8600692749023,1017.460075378418,1010.4000663757324,1010.7200736999512,1011.2600631713868,1015.7200775146484
[TG(66:4)]_FA18:1,1092.8800773620603,1116.500072479248,1095.4600791931152,1089.820068359375,1117.2600746154783,1088.8200721740725,1091.5800743103027,1091.6400680541992
[TG(66:4)]_FA18:2,1130.8800811767578,1157.920066833496,1132.5600814819336,1160.2000885009766,1187.680088043213,1146.7200889587402,1132.4800834655762,1151.1000862121582
[TG(66:4)]_FA18:3,1209.0800743103027,1209.240077972412,1209.020076751709,1210.9200859069824,1253.180103302002,1208.5000915527344,1213.4200744628906,1213.740089416504
[TG(66:4)]_FA20:4,1287.9200820922852,1289.960090637207,1290.6600914001465,1285.620101928711,1293.4800834655762,1293.7000885009766,1289.6000862121582,1290.040096282959
[TG(66:5)]_FA14:0,1015.3600883483888,1016.7200736999512,1016.840072631836,1015.6600723266602,1038.6200714111328,1013.3600730895996,1014.6200675964355,1016.840072631836
[TG(66:5)]_FA16:0,3803.560340881348,2976.860191345215,2227.520122528076,5130.800384521484,4327.92024230957,1915.4001350402832,1091.160068511963,1155.9600868225098
[TG(66:5)]_FA16:1,1094.7400817871094,1088.0800743103027,1087.3400764465332,1096.0800819396973,1093.3000831604004,1105.460075378418,1094.5800819396973,1092.4800834655762
[TG(66:5)]_FA18:0,1012.5600776672364,1013.0000686645508,1012.1600799560548,1025.6000785827637,1011.5600814819336,1029.9600677490234,1012.040069580078,1014.4400787353516
[TG(66:5)]_FA18:1,1093.62007522583,1090.920078277588,1090.960075378418,1089.1200675964355,1088.480068206787,1089.1800804138184,1090.7000694274902,1091.7600746154783
[TG(66:5)]_FA18:2,1131.420066833496,1131.7600746154783,1132.6200714111328,1129.3000831604004,1166.8600845336914,1139.6600799560547,1127.820087432861,1126.7200775146484
[TG(66:5)]_FA18:3,1208.9800834655762,1208.820083618164,1209.620086669922,1211.3800811767578,1263.4600791931152,1251.120086669922,1214.1600875854492,1213.2600860595703
[TG(66:5)]_FA20:4,1329.320095062256,1291.4200897216797,1291.380100250244,1286.7800979614258,1294.7400856018066,1307.860092163086,1290.5400924682615,1289.6600952148438
[TG(66:5)]_FA22:5,1413.740104675293,1415.0401000976562,1415.8200912475586,1419.4001083374023,1415.4200973510742,1415.6200942993164,1416.060089111328,1420.660083770752
[TG(66:6)]_FA14:0,1016.4600715637208,1016.1000747680664,1017.1200714111328,1016.020076751709,1056.2000732421875,1011.3200759887696,1013.900074005127,1016.7400741577148
[TG(66:6)]_FA16:0,1006.3200721740724,1065.9600791931152,1040.8000717163086,1170.400074005127,1057.0800704956057,1019.260066986084,1002.8800659179688,1003.3600769042968
[TG(66:6)]_FA16:1,1108.280086517334,1157.3600769042969,1088.1600799560547,1150.2200813293457,1151.8200759887695,1186.2800788879397,1116.5000686645508,1091.400074005127
[TG(66:6)]_FA18:0,1013.4600677490234,1013.8200645446776,1012.2800674438477,1017.5600700378418,1010.3800735473632,1010.6600799560548,1011.4000778198242,1014.3000717163086
[TG(66:6)]_FA18:1,1092.7600746154783,1091.060089111328,1090.6800689697266,1089.8400650024414,1098.100067138672,1089.040069580078,1090.62007522583,1091.4800758361816
[TG(66:6)]_FA18:2,1131.880084991455,1130.800075531006,1210.0800857543943,1129.0200843811035,1163.6400680541992,1128.640079498291,1170.280086517334,1127.860080718994
[TG(66:6)]_FA18:3,1208.0200843811035,1209.2800827026367,1208.8800773620603,1211.1000709533691,1210.7000846862793,1208.000072479248,1215.3200912475586,1214.5200729370115
[TG(66:6)]_FA20:4,1289.540096282959,1290.8601036071775,1291.1200981140137,1287.1600875854492,1295.8400840759275,1294.120086669922,1290.3600959777832,1315.0401077270508
[TG(66:6)]_FA22:5,1438.7401008605957,1415.5801010131836,1417.5400924682615,1421.1000938415527,1415.9401016235352,1414.60009765625,1419.3400917053225,1423.1600914001465
[TG(66:6)]_FA22:6,1539.3001136779783,1538.5401153564453,1537.8001174926758,1539.8001098632812,1540.6801109313965,1534.700107574463,1541.0801162719729,1539.480110168457
[TG(66:7)]_FA16:0,1046.7200736999512,1007.6000633239746,1023.740062713623,1034.4600715637207,1008.6200714111328,1002.9800491333008,1002.8200721740724,1004.3400688171388
[TG(66:7)]_FA16:1,1094.62007522583,1089.1800727844238,1088.3200759887695,1096.3200721740725,1092.780086517334,1094.840072631836,1093.5600814819336,1132.0800666809082
[TG(66:7)]_FA18:0,1013.3200721740724,1013.6200714111328,1012.1200714111328,1017.3400650024414,1009.8400688171388,1010.7600784301758,1012.4800643920898,1028.140079498291
[TG(66:7)]_FA18:1,1136.420078277588,1092.0000801086426,1090.6600761413574,1089.340068817139,1088.6600723266602,1140.3600845336914,1090.520076751709,1104.5800819396973
[TG(66:7)]_FA18:2,1133.5000762939453,1148.2600631713867,1132.460090637207,1129.2200775146484,1185.740077972412,1147.6600723266602,1127.5400733947754,1126.820083618164
[TG(66:7)]_FA18:3,1208.7800903320312,1208.7000923156738,1211.5600776672363,1210.6600875854492,1211.200080871582,1208.820083618164,1214.2600860595703,1214.0000762939453
[TG(66:7)]_FA20:4,1290.3400993347168,1290.4800987243652,1292.8200798034668,1307.9600944519043,1294.5400886535645,1293.6200828552246,1290.340087890625,1291.1600875854492
[TG(66:7)]_FA22:5,1415.460090637207,1414.6601066589355,1438.3600959777832,1419.7601051330566,1418.0600929260254,1416.2200965881348,1446.2001037597656,1422.420093536377
[TG(66:7)]_FA22:6,1540.340103149414,1540.66011428833,1538.8801193237305,1541.080108642578,1542.0801124572754,1535.4601135253906,1543.3601112365725,1566.380126953125
"[TG(66:8),TG(65:1)]_FA14:0",1015.8000717163086,1017.3200759887696,1016.12007522583,1016.3200759887696,1012.8800773620604,1011.7600746154784,1013.8800735473632,1016.3200721740724
"[TG(66:8),TG(65:1)]_FA16:0",1006.920066833496,1007.340072631836,1006.6000633239746,1005.0200691223145,999.5600738525392,1002.4200630187988,1002.3200759887696,1017.52006149292
"[TG(66:8),TG(65:1)]_FA16:1",1083.220069885254,1046.5600662231443,1046.0400733947754,1054.480068206787,1049.840068817139,1075.8600730895996,1052.7000732421875,1049.3400764465332
"[TG(66:8),TG(65:1)]_FA18:0",1012.8600845336914,1047.0400772094729,1012.420066833496,1016.8600730895996,1011.500072479248,1012.0000762939452,1021.7200775146484,1015.1000709533693
"[TG(66:8),TG(65:1)]_FA18:1",1063.2400741577148,1049.040069580078,1069.5200691223145,1047.4200630187988,1047.0400619506836,1058.6800804138184,1048.6200675964355,1049.8800659179688
"[TG(66:8),TG(65:1)]_FA18:2",1130.8800773620603,1130.9400787353516,1151.520076751709,1129.300064086914,1126.0600776672363,1153.4400825500488,1126.9600677490234,1126.5000801086426
"[TG(66:8),TG(65:1)]_FA18:3",1209.8200721740725,1208.7200889587402,1218.1400871276855,1229.240089416504,1211.4400825500488,1210.2000770568848,1216.400089263916,1214.3800735473633
"[TG(66:8),TG(65:1)]_FA20:4",1290.1800918579102,1290.960090637207,1292.3600997924805,1287.7800827026367,1295.1600914001465,1309.8400955200195,1290.3400802612305,1290.000087738037
"[TG(66:8),TG(65:1)]_FA22:5",1414.8000984191897,1415.1801109313965,1481.66011428833,1420.5200996398926,1415.840114593506,1417.2000923156738,1418.0401000976562,1421.0800971984863
"[TG(66:8),TG(65:1)]_FA22:6",1557.180118560791,1539.8201065063477,1539.8001136779783,1540.760108947754,1542.220100402832,1534.820110321045,1542.3601036071775,1540.940097808838
"[TG(66:9),TG(65:2)]_FA14:0",1015.080078125,1015.6800765991212,1016.4000701904296,1035.3400802612305,1012.840072631836,1033.7000732421875,1013.6000709533693,1016.0800743103028
"[TG(66:9),TG(65:2)]_FA16:0",1043.2400741577148,1039.2400703430176,1035.780071258545,1004.7000617980956,1000.1600761413574,1021.9800643920898,1003.1600723266602,1003.220069885254
"[TG(66:9),TG(65:2)]_FA16:1",1052.5000801086426,1046.9600791931152,1058.2000770568848,1053.3200569152832,1050.4800834655762,1052.5800857543943,1052.5800819396973,1049.3200721740725
"[TG(66:9),TG(65:2)]_FA18:0",1012.8400688171388,1013.5200729370116,1012.5600662231444,1016.920078277588,1056.5800704956057,1010.9000663757324,1012.1800727844238,1015.7600746154784
"[TG(66:9),TG(65:2)]_FA18:1",1072.1400756835938,1049.9200630187988,1049.0200729370115,1048.4600715637207,1047.3200721740725,1114.7400856018066,1048.580078125,1049.360080718994
"[TG(66:9),TG(65:2)]_FA18:2",1144.6800689697266,1141.5600852966309,1132.6000747680664,1128.4800720214844,1135.8600730895996,1129.680076599121,1127.8800773620603,1126.7200813293457
"[TG(66:9),TG(65:2)]_FA18:3",1208.7800903320312,1209.5600814819336,1210.080078125,1210.8800811767578,1244.700096130371,1209.0800819396973,1214.780086517334,1212.840087890625
"[TG(66:9),TG(65:2)]_FA20:4",1291.3000984191897,1290.2600936889648,1291.840087890625,1286.760097503662,1294.5400848388672,1294.54008102417,1290.1400871276855,1317.4000930786133
"[TG(66:9),TG(65:2)]_FA22:5",1414.5801048278809,1427.5001068115234,1417.2200965881348,1420.7600898742676,1416.480110168457,1418.0000915527344,1418.1601028442385,1420.7601051330566
"[TG(66:9),TG(65:2)]_FA22:6",1539.6200942993164,1554.4001159667969,1594.0001106262207,1541.0201110839844,1541.5800895690918,1535.9201011657717,1542.5601081848145,1539.7401161193848
omega-linoleoyloxy-Cer(d18:0/26:0),1122.5200805664062,1126.800067901611,1165.6600761413574,1162.4400939941406,1150.540096282959,1173.7000885009766,1140.62007522583,1228.2600898742676
omega-linoleoyloxy-Cer(d18:0/28:0),1161.340087890625,1113.6200790405271,1114.2600746154783,1110.8200798034668,1106.04008102417,1105.1200828552246,1103.540069580078,1105.3800735473633
omega-linoleoyloxy-Cer(d18:0/30:0),1112.580078125,1114.0200729370115,1114.6200714111328,1109.900074005127,1105.7200736999512,1106.0200729370115,1102.8200912475586,1105.180088043213
omega-linoleoyloxy-Cer(d18:0/31:0),1112.6400718688965,1113.0800704956057,1114.600067138672,1110.4000854492188,1106.4000816345217,1105.7400856018066,1103.5400772094729,1105.760082244873
omega-linoleoyloxy-Cer(d18:0/32:0),1112.7200813293457,1113.780071258545,1114.3400802612305,1110.12007522583,1130.980079650879,1104.9600791931152,1103.7800750732422,1105.4400672912598
omega-linoleoyloxy-Cer(d18:0/33:0),1135.640079498291,1134.4400749206543,1113.9000778198242,1110.280086517334,1105.800075531006,1109.0600776672363,1140.1600875854492,1105.8000793457031
omega-linoleoyloxy-Cer(d18:0/34:0),1158.640079498291,1112.720085144043,1114.2200736999512,1120.6800918579102,1105.8800773620603,1104.8800659179688,1103.4600715637207,1105.9800834655762
omega-linoleoyloxy-Cer(d18:1/26:0),1150.6200904846191,1113.6400756835938,1113.8000793457031,1110.1000785827637,1136.4400787353516,1115.4800834655762,1103.2800636291504,1162.2600784301758
omega-linoleoyloxy-Cer(d18:1/27:0),1112.020092010498,1113.0400772094729,1172.880084991455,1152.6400833129885,1133.0800666809082,1104.6000747680664,1142.480079650879,1105.640079498291
omega-linoleoyloxy-Cer(d18:1/28:0),1112.7200660705566,1114.0600814819336,1114.1000747680664,1110.320083618164,1105.280086517334,1107.2800788879397,1103.7800827026367,1106.0200729370115
omega-linoleoyloxy-Cer(d18:1/29:0),1112.560073852539,1113.2400741577148,1114.62007522583,1110.7000846862793,1106.220085144043,1105.3000793457031,1103.2600746154783,1115.9200744628906
omega-linoleoyloxy-Cer(d18:1/30:0),1112.4400787353516,1113.8600730895996,1114.1200675964355,1122.2000770568848,1105.380069732666,1105.400074005127,1103.3200798034668,1106.1600723266602
omega-linoleoyloxy-Cer(d18:1/31:0),1112.2400665283203,1127.7000770568848,1163.7000770568848,1150.7000885009766,1106.3200721740725,1105.2600746154783,1103.640079498291,1105.7600860595703
omega-linoleoyloxy-Cer(d18:1/32:0),1113.1600761413574,1122.180076599121,1113.7400703430176,1128.9800834655762,1106.2400817871094,1104.820083618164,1102.9200859069824,1106.2600593566897
omega-linoleoyloxy-Cer(d18:1/33:0),1112.8600730895996,1114.2200736999512,1114.7200736999512,1169.8200798034668,1105.7400741577148,1106.020076751709,1103.000072479248,1105.6400756835938
omega-linoleoyloxy-Cer(d18:1/34:0),1113.100067138672,1113.7200927734375,1113.640079498291,1110.1000862121582,1205.2200889587402,1105.1800727844238,1103.920078277588,1105.0400848388672
omega-linoleoyloxy-Cer(d18:2/30:0),1144.440071105957,1132.3000869750977,1114.5800704956057,1110.0400886535645,1122.3000793457031,1104.6400718688965,1103.360080718994,1120.8400840759275
omega-linoleoyloxy-Cer(d18:2/31:0),1113.0800743103027,1113.3800659179688,1114.220069885254,1110.5200729370115,1105.1800804138184,1105.9800834655762,1103.9600677490234,1105.5800857543943
omega-linoleoyloxy-Cer(d18:2/32:0),1112.6800727844238,1113.5200805664062,1114.6600761413574,1151.6000938415527,1106.1800804138184,1105.1000747680664,1104.0400733947754,1134.860080718994
omega-linoleoyloxy-Cer(d18:2/34:0),1113.080078125,1113.2600784301758,1113.680076599121,1111.000087738037,1105.680076599121,1104.5200653076172,1103.62007522583,1105.000072479248
omega-linoleoyloxy-Cer(d19:0/28:0),1156.0400848388672,1112.9400749206543,1127.660068511963,1120.3800773620603,1106.2400817871094,1104.8200759887695,1133.0400772094729,1105.4400749206543
omega-linoleoyloxy-Cer(d19:0/34:0),1112.4200859069824,1129.3200798034668,1113.8800811767578,1109.1600761413574,1105.7800827026367,1105.220085144043,1103.5400772094729,1105.8400764465332
omega-linoleoyloxy-Cer(d19:1/34:0),1127.0200881958008,1121.3000831604004,1114.0600776672363,1109.8800773620603,1105.320083618164,1105.0600700378418,1104.1200675964355,1105.5400733947754
omega-linoleoyloxy-Cer(d20:1/34:0),1159.4400825500488,1124.0000762939453,1113.8000793457031,1131.1800804138184,1114.7800788879397,1127.7800788879397,1104.12007522583,1105.8000717163086
omega-linoleoyloxy-Cer(d21:0/33:0),1112.4000816345217,1113.7400665283203,1113.6400756835938,1110.2000923156738,1105.920078277588,1163.320087432861,1103.7200736999512,1105.2400741577148
omega-linoleoyloxy-GlcCer(d18:1/30:0),1157.0800857543943,1111.5000839233398,1111.2600860595703,1109.4800834655762,1103.6200714111328,1104.1400909423828,1101.7000732421875,1103.6400680541992
