Lipid,Group_B,Group_B,Group_B,Group_B,Group__A,Group__A,Group__A,Group__A
1-O-behenoyl-Cer(d18:1/16:0),1179.4800834655762,1124.920078277588,1156.380084991455,1131.3200645446775,1115.7600860595703,1111.0400772094729,1239.980079650879,1116.300075531006
1-O-carboceroyl-Cer(d18:1/18:0),1203.1800918579102,1149.4000816345217,1147.360065460205,1234.9400749206543,1115.2600784301758,1111.0200843811035,1152.6400756835938,1131.0800743103027
1-O-cerotoyl-Cer(d18:1/16:0),1129.5000686645508,1111.2000846862793,1108.7000694274902,1196.9200820922852,1115.4600830078125,1210.4800872802734,1150.5800819396973,1145.460075378418
1-O-cerotoyl-Cer(d18:1/18:0),1113.8800811767578,1110.3800964355469,1178.8400840759275,1147.380084991455,1115.4800834655762,1140.1800842285156,1195.2000885009766,1134.9400825500488
1-O-eicosanoyl-Cer(d18:1/16:0),1072.8000869750977,1076.6400756835938,1067.2800827026367,1210.0000953674316,1074.7000732421875,1070.820068359375,1120.500072479248,1189.6200904846191
1-O-lignoceroyl-Cer(d18:1/16:0),1178.8000793457031,1111.4800834655762,1108.500087738037,1149.1600875854492,1115.7000770568848,1139.2200775146484,1207.3600769042969,1309.2200965881348
1-O-pentacosanoyl-Cer(d18:1/16:0),1476.7800979614258,1436.4201164245603,1282.240089416504,1643.2601127624512,1131.1000747680664,1566.880111694336,1576.4001159667969,2372.380187988281
1-O-tricosanoyl-Cer(d18:1/16:0),1863.4001426696775,1999.8401412963867,1931.9201049804688,1995.8601608276367,1379.4600944519043,1829.2201309204104,3016.940193176269,2987.740196228028
1-O-tricosanoyl-Cer(d18:1/18:0),1113.3200759887695,1123.4800872802734,1108.300075531006,1116.4000701904297,1115.500072479248,1110.8000869750977,1116.7800750732422,1115.8800811767578
CAR,1892.3001403808596,3503.540237426758,1950.960147857666,1965.0801315307615,2004.8201484680176,2958.800205230713,2742.140182495117,3412.6202392578125
CAR(10:0),2107.4001502990723,4046.240280151367,1887.420124053955,1936.740135192871,1994.2201499938965,3377.3402519226074,3290.200222015381,3180.3402366638184
CAR(10:0)_QUAL,2382.660167694092,5342.220375061035,2593.6401863098145,1995.5001525878904,2130.540153503418,4588.060325622559,4821.200332641602,5206.300415039063
CAR(10:1),1795.6401252746582,4520.740329742432,2224.5801544189453,2039.460132598877,2141.70015335083,2971.320243835449,3747.080238342285,3518.9002113342285
CAR(10:1)_QUAL,2163.660140991211,4756.640293121338,2552.8401985168457,2242.8401641845703,2558.9201889038086,4871.080333709717,4702.100345611572,4794.360282897949
CAR(10:2),2063.080135345459,4298.760318756104,2374.6001625061035,2166.240173339844,1970.1601333618164,3249.240196228028,3199.800235748291,3692.520278930664
CAR(10:2)_QUAL,20137.841400146484,52838.763427734375,18320.56121826172,16052.581130981443,15282.721103668213,35610.58242797852,36903.94230651856,41608.98281860352
CAR(10:3),1644.7601127624512,2980.940200805664,1681.1001167297363,1571.880100250244,1580.3200988769531,2688.6601753234863,2408.0001831054688,2391.980178833008
CAR(10:3)_QUAL,1827.400119781494,2859.7002143859863,2303.260166168213,1689.360126495361,1927.240119934082,3856.700275421143,3365.160243988037,3818.12028503418
CAR(11:0),1721.660125732422,3345.9402389526367,1904.8201293945312,1737.6201248168943,1861.7201385498047,2388.6601943969727,2682.8601684570312,3123.2602157592773
CAR(11:0)_QUAL,2587.1601905822754,6614.340450286865,2884.4202041625977,2173.440158843994,2360.020175933838,5043.440380096436,4665.480331420898,5279.680416107178
CAR(12:0),1704.8201179504397,2588.4801750183105,1631.2201194763184,1523.6401023864746,1540.7201118469238,1970.420150756836,2089.280166625977,2275.1001892089844
CAR(12:0)_QUAL,2419.520164489746,5281.520412445068,2465.06018447876,2070.540138244629,2366.8601722717285,4845.880352020264,4238.80029296875,4580.680324554443
CAR(14:0),1919.440139770508,3696.840263366699,2087.020156860352,1759.400119781494,1995.4201316833496,2439.220169067383,2513.64017868042,2524.480182647705
CAR(14:0)_QUAL,3519.80025100708,10114.3207321167,3808.960273742676,3477.440269470215,3393.4602432250977,7529.900581359863,7802.920669555664,8388.960525512695
CAR(14:1),1747.7201080322266,2828.0401763916016,1643.3601188659668,1627.3001136779783,1869.300136566162,2310.060157775879,2349.1601638793945,2575.6001777648926
CAR(14:1)_QUAL,4307.480308532715,9769.940673828123,4264.500339508057,3658.660285949707,3414.400257110596,7693.740501403809,7311.340591430664,7821.260566711426
CAR(14:2),2898.700225830078,5488.620346069336,2897.380199432373,2633.520160675049,2508.720184326172,4118.480285644531,4432.740314483643,4698.90030670166
CAR(14:2)_QUAL,43519.54254150391,119692.04852294922,40716.36285400391,34812.52243041992,35312.24249267578,77973.94537353516,84386.845703125,93783.54663085938
CAR(16:0),2239.9201583862305,4046.4402656555176,2095.140163421631,2135.620143890381,2025.660140991211,3241.8802223205566,2834.100185394287,3368.520221710205
CAR(16:0)_QUAL,3327.2602195739746,8535.260581970215,3171.800224304199,3026.980213165283,3533.4002227783203,6461.580436706543,6075.060436248779,7199.6605224609375
CAR(16:1),1479.4401092529297,2624.6001739501958,1657.8801193237305,1710.3201217651367,1758.9401168823242,2051.640125274658,2344.460178375244,2376.400161743164
CAR(16:1)_QUAL,4605.660316467285,10939.300674438477,4718.060314178467,3758.300247192383,3924.6802711486816,12480.160873413086,8538.260593414307,9331.640617370604
CAR(16:2),1819.7201347351076,2897.2002334594727,1950.1001358032229,1699.5401191711426,1942.9801406860352,2516.740177154541,2580.380184173584,3111.400215148926
CAR(16:2)_QUAL,2152.320137023926,4311.780292510986,2191.560161590576,2327.3801612854004,2251.880157470703,4361.220310211182,3785.120265960693,3741.320236206055
CAR(17:0),2211.800136566162,5041.740333557129,2091.5401496887207,1900.6801376342771,2054.1601524353027,3510.6202697753906,3703.080238342285,4191.720287322998
CAR(17:0)_QUAL,5006.720355987549,12172.280899047852,4380.1403465271,4023.920299530029,4312.360294342041,9461.260692596436,10135.780708312988,11151.20086669922
CAR(18:0),1974.0601539611816,3877.7003059387207,2083.8801345825195,1901.6601295471191,2092.06014251709,2822.620204925537,3448.080238342285,3207.3602333068848
CAR(18:0)_QUAL,3182.520248413086,7539.720504760742,3056.0202140808105,2938.7602005004883,3243.7602462768555,6312.540435791016,6302.480411529541,6718.620468139648
CAR(18:1),2167.3801612854004,4332.66024017334,2177.440139770508,1824.4601364135744,1832.5201263427732,2594.3601722717285,3294.260208129883,3853.88028717041
CAR(18:1)_QUAL,3373.5802421569824,6997.940490722656,3168.200206756592,3110.1602058410645,3129.720199584961,5372.22034072876,5542.600368499756,5220.380367279053
CAR(18:2),2494.560165405273,5110.140357971191,2505.500171661377,2333.240173339844,2233.7001609802246,3928.340286254883,3654.6202812194815,4550.52029800415
CAR(18:2)_QUAL,2558.580177307129,5432.980377197266,3106.0602226257324,2395.6601524353027,2589.880184173584,4073.180274963379,4693.660339355469,4502.820289611816
CAR(18:3),1744.0401191711426,4563.240310668945,2095.74015045166,1917.620140075684,1947.360134124756,3335.0202445983887,3208.800201416016,3722.3802757263184
CAR(18:3)_QUAL,2975.000217437744,7319.640487670898,3533.420234680176,2940.460216522217,3035.280227661133,6024.380416870117,5681.100414276123,6968.86051940918
CAR(18:4),2302.140151977539,6399.180480957031,2556.240177154541,2262.560161590576,2626.680191040039,4749.260341644287,5369.120391845703,4952.120330810547
CAR(18:4)_QUAL,3476.840229034424,8058.820587158203,3629.220279693604,2949.2202339172363,3150.5402297973637,5252.480438232422,6342.140502929688,6530.64045715332
CAR(20:0),1670.3201293945312,2852.540180206299,1814.9201278686523,1699.460117340088,1534.5401000976562,2231.3801651000977,2205.5401725769043,2740.240177154541
CAR(20:0)_QUAL,5211.460346221924,11305.560707092283,5119.860382080078,4145.640289306641,4146.400295257568,8061.100540161133,9378.640712738035,10130.760688781738
CAR(20:1),2178.240173339844,4407.560325622559,2078.3401412963867,2103.1801376342773,2478.1601905822754,3467.500244140625,3366.260227203369,4251.600330352783
CAR(20:1)_QUAL,2496.000175476074,4498.040328979492,2275.480167388916,2593.1801986694336,2001.5001373291016,3533.440269470215,3680.740261077881,3639.460250854492
CAR(20:2),3962.4002532958975,8985.540756225586,3650.520278930664,3229.1002311706543,3080.060214996338,6740.860412597656,6784.920478820801,8216.84061050415
CAR(20:2)_QUAL,2643.060195922852,5492.400394439697,2949.240196228028,2332.380176544189,2709.1401863098145,4866.240367889404,4215.140327453613,4970.000339508057
CAR(20:4),1675.9601211547852,3591.8002319335938,1696.6401138305664,1785.9201354980469,1615.6801223754885,2286.22017288208,2420.7601737976074,2714.680187225342
CAR(20:4)_QUAL,2702.0401725769043,5869.600395202637,2854.920207977295,2396.0401611328125,2436.060165405273,3698.000247955322,4033.840305328369,4831.140350341797
CAR(22:0),2941.080192565918,6443.440490722656,2769.3201866149902,2500.5601806640625,2181.7401580810547,3709.900276184082,4610.280277252197,6012.120449066162
CAR(22:0)_QUAL,3342.000244140625,6976.720527648926,3630.0402488708496,3290.420215606689,2950.480197906494,5330.600364685059,5514.040355682373,6091.820404052734
CAR(22:2),3181.540225982666,6901.740501403809,2902.4802055358887,2745.360221862793,2996.520198822021,4953.640365600586,5397.640365600586,6028.260410308838
CAR(22:2)_QUAL,6452.280422210693,14456.920997619629,6543.000465393066,5760.380393981934,5679.040386199951,10666.92068862915,11903.380798339844,11808.520854949951
CAR(22:4),1439.0801010131836,2509.7001724243164,1831.4401206970213,1701.440128326416,1683.1401176452637,2035.860145568848,2614.1602058410645,2189.5001525878906
CAR(22:4)_QUAL,3479.340263366699,7459.080474853516,3166.1202239990234,2712.820171356201,2693.220199584961,5639.240406036377,6357.740463256836,7987.440643310547
CAR(22:5),1565.7001152038574,2324.780170440674,1610.1801109313965,1411.120101928711,1505.4801177978516,1762.7801322937012,1856.220142364502,1809.4201316833496
CAR(22:5)_QUAL,9430.02066040039,27858.88198852539,13053.62084197998,9576.380729675291,8957.640678405762,18387.401306152344,24103.241622924805,57278.40451049805
CAR(22:6),1692.3401260375977,2589.10018157959,1737.3001174926758,1839.620140075684,1664.0801162719729,2181.1401596069336,2574.440196990967,2330.160179138184
CAR(22:6)_QUAL,4465.040328979492,9301.54062652588,4375.900299072266,4068.300312042236,3646.1802711486816,7522.200508117676,7505.240566253662,9879.760772705078
CAR(26:0),4600.960342407227,13374.541046142578,4862.420349121094,4854.980327606201,4606.220306396484,9228.180675506592,9529.180763244629,11639.56088256836
CAR(26:0)_QUAL,3768.360301971436,9092.1806640625,3892.9002532958975,3392.0602493286133,3846.940269470215,6967.940505981445,7288.48051071167,7775.180526733398
CAR(2:0),1523.0001220703125,2297.340167999268,1673.1401329040527,1477.1001091003418,1606.260108947754,1838.980136871338,1899.2001419067385,1821.9001083374023
CAR(2:0)_QUAL,1510.760108947754,1837.320125579834,1503.06010055542,1579.6601181030271,1475.4000854492188,1825.6401329040527,1874.1401329040527,1907.600128173828
CAR(3:0),1493.4801139831543,1874.440128326416,1544.3201141357422,1405.080093383789,1433.320087432861,1820.4401206970213,1612.5201148986816,1873.0601272583008
CAR(3:0)_QUAL,1891.5401420593264,3083.480224609375,3399.0202445983887,2229.3601608276367,3551.7802696228027,5794.980369567871,5872.300426483154,6597.760459899902
CAR(3:1),1808.7801246643064,2619.600212097168,2030.4801330566409,1638.0601043701172,1933.3401527404783,2590.4801712036133,3047.2001914978027,2717.740196228028
CAR(3:1)_QUAL,3284.520198822021,5055.740371704102,4309.560314178467,2675.0001907348637,4172.320262908936,8208.240566253662,8401.300548553467,8305.460563659668
CAR(4:0),1452.9601135253906,1829.8801307678225,1680.1001205444336,1424.2401084899902,1515.4601097106934,2165.460159301758,2052.4601554870605,2048.2201499938965
CAR(4:0)_QUAL,2060.4401321411133,3349.2602500915527,2122.980140686035,1850.4001350402832,2106.9601554870605,3195.9802169799805,3418.420207977295,3379.320209503174
CAR(4:1),6130.980434417725,14353.22095489502,6091.800430297852,5023.740364074707,5955.720443725586,11585.400825500488,11768.780849456787,12094.321029663086
CAR(4:1)_QUAL,2224.6001777648926,3879.620269775391,2299.400146484375,2076.700138092041,2353.100151062012,3751.580276489258,3304.4602394104004,3374.3202323913574
CAR(5:0),1965.220142364502,4039.5603103637695,2640.740188598633,1952.3601417541504,1848.6401290893557,3443.880207061768,3210.560234069824,3327.6802406311035
CAR(5:0)_QUAL,2231.120174407959,3870.4202613830566,2280.220157623291,2109.5601501464844,2311.2201385498047,3725.380302429199,4101.800308227539,4086.640277862549
CAR(5:1),1674.5201148986816,2520.3201599121094,1840.180118560791,1589.1601181030271,1723.9801177978516,2101.6001586914062,2068.040142059326,2762.100196838379
CAR(5:1)_QUAL,1688.0201225280762,2429.640182495117,1855.5201530456543,1642.3001174926758,1745.400119781494,2315.0801696777344,2405.1601600646973,2456.560173034668
CAR(6:0),1520.040111541748,1948.2601318359373,1586.960105895996,1447.360107421875,1411.3601112365725,1671.8801231384275,1847.8601417541504,1897.0801315307615
CAR(6:0)_QUAL,1861.6201248168943,3641.040264129639,2332.60013961792,1890.4201278686523,1781.5801315307615,2669.4802055358887,3004.8401794433594,3051.4202194213867
CAR(6:1),5805.28044128418,13705.180938720703,5592.24040222168,4397.320346832275,4452.440338134766,9679.540634155272,9851.520698547363,10186.940673828123
CAR(6:1)_QUAL,1967.2601318359373,3734.64026260376,2055.8401412963867,2041.240135192871,1903.040138244629,2858.6402168273926,2723.180191040039,4132.6002769470215
CAR(7:0),1486.7201080322266,2079.280143737793,1537.760108947754,1583.040111541748,1502.8601150512695,2002.0001487731931,1822.920124053955,2289.340187072754
CAR(7:0)_QUAL,2608.720195770264,4870.560291290283,3713.6002922058105,2605.880176544189,3241.0402450561523,7227.900535583496,8288.12056350708,8324.000549316406
CAR(8:0),2281.2001457214355,6508.880439758301,2654.740196228028,2422.500186920166,2582.380176544189,3881.9202919006343,4327.140319824219,4978.460357666016
CAR(8:0)_QUAL,2375.6201934814453,4623.5803565979,2222.020164489746,2144.18013381958,2096.4601516723637,3759.720245361328,3572.6002616882324,3901.180286407471
CAR(8:1),2772.5802268981934,5532.04035949707,3101.500244140625,2838.1802101135254,2494.2601928710938,4665.340347290039,4615.06037902832,4859.720321655273
CAR(8:1)_QUAL,4037.320297241211,9250.080619812012,3618.72025680542,3553.240261077881,3252.080223083496,7967.080562591553,7398.700511932373,8880.240631103516
CAR(9:0),1573.5001258850098,2256.180156707764,1575.300106048584,1416.8601036071775,1599.1400985717771,1937.200138092041,1733.5801277160645,2025.3001518249512
CAR(9:0)_QUAL,1950.2401542663572,4151.820297241211,2203.2201614379883,1906.300148010254,2014.020156860352,3601.9002647399902,3510.800224304199,3773.100261688232
CAR_QUAL,2146.440143585205,2922.3001823425293,1933.6401252746584,1908.1001205444336,1834.680118560791,2635.040195465088,2598.2601890563965,3054.700206756592
CE(12:0),5221.480392456055,5244.980365753174,5210.900371551514,5025.460342407227,5224.900360107422,5306.160381317139,5201.0403175354,5336.760364532471
CE(14:0),5167.840377807617,5530.400405883789,5238.960346221924,5220.560359954834,5498.480361938477,5523.000392913818,5257.6403465271,5683.620410919189
CE(14:1),5068.980377197266,5246.960357666016,5147.720352172852,5149.060352325439,5194.560329437256,5389.880405426025,5068.480339050293,5200.740379333496
CE(15:0),5858.740428924561,5618.160427093506,5390.300373077393,5367.980377197266,5733.4603843688965,6047.120433807373,5427.30037689209,5989.06042098999
CE(15:1),7352.520519256592,5978.02038192749,6950.760517120361,6248.980438232422,7131.100494384766,6775.080493927002,5791.460376739502,9701.400703430176
CE(16:0),6199.840450286865,5801.060409545898,5521.060405731201,5929.780452728272,6585.600440979004,6786.480499267578,5684.280410766602,6948.780475616455
CE(16:1),6108.920440673828,6026.540428161621,5992.160442352295,5500.900390625,5928.10041809082,5895.340442657471,5813.28039932251,6539.640472412109
CE(16:2),5181.28035736084,5199.620349884033,5125.0403480529785,5115.320384979248,5433.400379180908,5334.4003829956055,5133.780326843262,5294.200397491455
CE(16:3),5174.160396575928,5299.960369110107,5311.880393981934,5219.520355224609,5233.860382080078,5507.600421905518,5208.520336151123,5395.600364685059
CE(17:0),5387.720401763916,5517.000396728516,5333.240383148193,5373.940376281738,5587.160381317139,6037.740440368652,5341.640350341797,5600.440399169922
CE(17:1),5198.800361633301,5224.900402069092,5334.680393218994,5148.360374450684,5521.760406494141,5548.340412139893,5189.480350494385,5238.000370025635
CE(18:1),8302.54056930542,7384.740509033203,7739.460521697998,7970.940601348877,7316.140506744385,9545.040702819824,7026.400497436523,9245.14066696167
CE(18:2),10807.580799102783,8676.880630493164,9326.800624847412,13163.941036224363,9056.620643615724,10913.62084197998,6821.140502929688,10865.20076751709
CE(18:3),5914.580436706543,5881.560413360596,6238.880424499512,5858.540424346924,5839.160400390625,5891.100399017334,5495.360374450684,5723.100421905518
CE(19:0),6615.680507659912,5546.580417633057,5423.000389099121,5831.100421905518,6036.100433349609,6417.820465087891,5347.660312652588,6771.140468597412
CE(20:0),6278.240459442139,5804.340419769287,5745.080406188965,6198.620429992676,6128.140430450439,6625.500480651856,5887.180393218994,6949.900527954102
CE(20:1),5627.380435943604,5224.260356903076,5166.540386199951,5303.020385742188,5418.860389709473,5446.940395355225,5177.620330810547,5389.840377807617
CE(20:3),5383.380409240723,5421.060371398926,5295.880363464356,5445.980400085449,5357.70036315918,5390.4603843688965,5192.100353240967,5558.180347442627
CE(20:4),9365.540687561035,7278.000484466553,6600.400451660156,7342.880504608154,6599.100448608398,6946.42053604126,6001.520401000977,7060.560493469238
CE(20:5),5488.1004066467285,5329.560382843018,5365.000370025635,5464.640380859375,5605.960391998291,6014.48042678833,5160.700332641602,5888.720439910889
CE(22:0),5374.700366973877,5453.960414886475,5207.5003662109375,5131.380352020264,5444.760391235352,5233.420413970947,5094.160335540772,5362.080375671387
CE(22:1),5406.060382843018,5549.100387573242,5597.240383148193,5491.000381469727,5641.320381164551,5788.100437164307,5352.060375213623,6073.560432434082
CE(22:2),5157.480407714844,5116.940372467041,5296.480369567871,5131.520374298096,5311.260349273682,5527.300403594971,5255.88037109375,5397.120380401611
CE(22:3),5088.360401153564,5153.380401611328,5109.400360107422,5125.920360565186,5131.840354919434,5324.220409393311,5166.900318145752,5276.280364990234
CE(22:5),5441.380393981934,5316.300373077393,5240.880374908447,5506.880367279053,5220.320346832275,5779.32039642334,5390.180370330811,5666.320392608643
CE(22:6),8873.200653076172,7114.940456390381,6545.000450134277,8615.080574035645,6294.800441741943,8840.580657958984,7299.940486907959,8813.78056716919
CE(24:1),5166.320384979248,5169.240386962891,5256.160358428955,5173.180370330811,5386.560363769531,5304.18034362793,5149.200344085693,5470.740390777588
CE(46:3;O2),5164.080379486084,5050.1203536987305,5094.740348815918,5039.76037979126,5118.720348358154,5104.08039855957,5092.280326843262,5096.020351409912
CE(48:3;O2),5073.020351409912,5124.480346679688,5082.320358276367,5040.460353851318,5087.660335540772,5129.000400543213,5140.50032043457,5116.6203536987305
CE(50:3;O2),5082.640338897705,5072.120349884033,5168.120334625244,5037.620346069336,5115.980312347412,5151.520370483398,5211.640327453613,5102.96036529541
CE(52:3;O2),5109.400394439697,5075.220344543457,5100.120361328125,5063.66032409668,5168.22034072876,5211.460346221924,5130.44034576416,5187.700366973877
Cer(d12:0/14:0),1162.7600860595703,1169.5600776672363,1130.1400833129885,1074.940071105957,1083.060073852539,1108.400089263916,1227.7800788879397,1175.8400802612305
"Cer(d14:2(4E,6E)/16:0)",1165.0600814819336,1069.920078277588,1136.740089416504,1086.220085144043,1074.2400817871094,1120.6000785827637,1148.6000709533691,1150.5800666809082
"Cer(d14:2(4E,6E)/18:1(9Z))",1112.3000831604004,1069.1000785827637,1067.3800773620603,1074.2400703430176,1074.4400749206543,1070.0400772094729,1075.1800689697266,1115.360080718994
"Cer(d14:2(4E,6E)/20:1(11Z))",1178.6000862121582,1135.1000900268557,1146.1000862121582,1169.6400756835938,1073.9200706481934,1100.960075378418,1138.380084991455,1153.9800758361816
Cer(d15:1/16:0),1077.7400665283203,1208.3000946044922,1067.3600769042969,1109.2200736999512,1111.1600723266602,1074.900074005127,1174.0800895690918,1165.6800842285156
"Cer(d15:2(4E,6E)/20:0)",1261.420093536377,1100.8800811767578,1067.2000770568848,1154.2400856018066,1084.0200729370115,1162.4600830078125,1527.1001052856443,1406.6200904846191
"Cer(d15:2(4E,6E)/22:0)",1093.280071258545,1080.7600784301758,1067.2000617980957,1214.2400665283203,1105.8800621032717,1069.6800842285156,1104.280071258545,1208.300075531006
Cer(d16:1/17:0),1153.7400741577148,1078.6400871276855,1094.6400718688965,1119.4400901794434,1074.320068359375,1137.7800788879397,1099.9800720214844,1170.3200721740725
Cer(d16:1/23:0),1201.9200897216797,1130.5600814819336,1099.680088043213,1133.3600730895996,1161.920078277588,1079.9200859069824,1080.9400634765625,1145.500072479248
Cer(d18:0/13:0),1085.4400787353516,1200.5800895690918,1067.0600776672363,1104.2200660705566,1079.5600662231443,1103.6400756835938,1104.1200675964355,1172.7000846862793
Cer(d18:0/14:0),1098.5400733947754,1100.1600723266602,1068.2600784301758,1166.1800804138184,1085.5000801086426,1123.3000793457031,1111.740077972412,1124.9400825500488
Cer(d18:0/15:0),1123.9400787353516,1098.5400848388672,1179.3800811767578,1094.7600746154783,1108.5000801086426,1069.780071258545,1101.520076751709,1165.3800735473633
Cer(d18:0/16:0),1193.2000885009766,1382.0200958251953,1221.100082397461,1226.900074005127,1088.9400825500488,1096.7200775146484,1205.060089111328,1188.0800819396973
Cer(d18:0/17:0),1147.6400756835938,1070.5200729370115,1101.1400833129885,1230.6400833129885,1139.8200798034668,1069.880084991455,1143.7800827026367,1153.140079498291
Cer(d18:0/18:0),1072.7400741577148,1100.6000785827637,1083.5600776672363,1132.820083618164,1120.4000816345217,1097.2800827026367,1135.7600746154783,1188.7000694274902
Cer(d18:0/19:0),1114.6000785827637,1115.9400787353516,1067.4600715637207,1179.04008102417,1074.060073852539,1069.680076599121,1088.940086364746,1104.2200775146484
Cer(d18:0/20:0),1173.8400802612305,1148.2000846862793,1195.240077972412,1245.0800743103027,1074.400074005127,1135.0200843811035,1173.260082244873,1265.4000968933103
Cer(d18:0/21:0),1346.4400901794434,1342.840087890625,1295.000099182129,1578.4801216125488,1453.7201042175293,1205.5800895690918,1568.3400993347168,1883.2601318359373
Cer(d18:0/22:0),1272.3200759887695,1276.0400924682615,1261.140079498291,1410.040096282959,1404.3801040649414,1258.6601028442385,1269.420078277588,1147.5200843811035
Cer(d18:0/23:0),1219.1600875854492,1344.6400871276855,1200.840087890625,1397.920078277588,1143.860080718994,1173.4800910949707,1264.4200973510742,1190.9400825500488
Cer(d18:0/24:0),1203.6200790405271,1096.7000770568848,1197.2000885009766,1309.6600875854492,1090.6400718688965,1107.680088043213,1158.9800872802734,1248.3000831604004
Cer(d18:0/25:0),1432.8601036071775,1522.740104675293,1222.740077972412,1391.6200981140137,1177.6800651550293,1306.6400833129885,1554.440113067627,1246.8400802612305
Cer(d18:0/26:0),1149.9600791931152,1352.760108947754,1086.2800788879397,1162.3000717163086,1074.2600746154783,1113.4000816345217,1303.6800918579102,1153.4800834655762
Cer(d18:0/27:0),1088.2000770568848,1069.620086669922,1150.4600868225098,1097.140079498291,1139.720085144043,1068.62007522583,1074.560073852539,1245.8400840759275
Cer(d18:0/29:0),1142.1800689697266,1105.7800788879397,1067.3600845336914,1075.540069580078,1110.560073852539,1102.3800773620603,1163.4600830078125,1117.480068206787
Cer(d18:0/30:0),1088.820083618164,1112.100082397461,1067.3800735473633,1074.860080718994,1198.820083618164,1091.0000801086426,1164.100082397461,1076.0800743103027
Cer(d18:0/31:0),1162.2400703430176,1168.8400917053225,1089.6000785827637,1122.780086517334,1073.9200706481934,1069.7800788879397,1198.2200775146484,1241.7400741577148
Cer(d18:0/32:0),1127.7400665283203,1091.200080871582,1067.3000793457031,1074.7200775146484,1104.9000701904297,1069.440071105957,1214.9400825500488,1075.9600677490234
Cer(d18:0/h17:0),1184.3000869750977,1090.960075378418,1067.500072479248,1115.0200729370115,1074.3800621032717,1173.1000862121582,1075.600067138672,1075.6000862121582
Cer(d18:0/h24:0),1072.7200736999512,1135.7200889587402,1087.160068511963,1136.4000701904297,1150.4800834655762,1073.3600616455078,1161.4600791931152,1118.280071258545
Cer(d18:0/h26:0),1174.5600929260254,1098.4400749206543,1067.9000816345217,1075.5400772094729,1093.6000900268557,1070.0000762939453,1130.040069580078,1081.6000709533691
Cer(d18:1/12:0),1143.700080871582,1087.800075531006,1125.9800834655762,1134.820068359375,1111.7600746154783,1165.9400825500488,1097.3200759887695,1106.1600799560547
Cer(d18:1/14:0),1111.300067901611,1112.9200820922852,1077.6600646972656,1165.9000854492188,1089.1200790405271,1176.1800804138184,1216.7200927734375,1247.920078277588
Cer(d18:1/16:0),2855.4201736450195,1959.760124206543,1805.800117492676,3864.160343170166,2305.2001457214355,3401.120319366455,1756.9001159667969,3508.460247039795
Cer(d18:1/17:0),1158.6000862121582,1182.9600791931152,1121.280071258545,1149.760082244873,1175.460075378418,1173.0600776672363,1202.300067901611,1240.220085144043
Cer(d18:1/18:0),1301.4200744628906,1395.1401023864746,1380.2200965881348,1196.0600852966309,1228.4200859069824,1278.0800971984863,1575.5401077270508,1397.8800811767578
Cer(d18:1/18:1(9Z)),1322.8800964355469,1183.240089416504,1125.5000648498535,1099.1000785827637,1121.9400825500488,1097.5600776672363,1181.2200889587402,1217.4000778198242
Cer(d18:1/19:0),1072.260082244873,1299.280101776123,1162.420093536377,1141.4200744628906,1113.720085144043,1226.1400909423828,1155.5000762939453,1096.9600830078125
Cer(d18:1/20:0),1218.100082397461,1832.6401443481443,1766.7801322937012,2263.040138244629,1315.360092163086,1327.1000900268557,1357.700096130371,2079.6001319885254
Cer(d18:1/22:0),10374.300533294678,12541.60097503662,6166.100463867188,9529.640838623049,3779.940250396729,4694.4003829956055,5865.660507202148,7339.24040222168
Cer(d18:1/23:0),2817.8401794433594,3377.380298614502,2502.68017578125,4474.400386810303,2503.440158843994,1843.6001205444336,1928.280117034912,2573.8001594543457
Cer(d18:1/24:0),7233.960220336914,8698.48091506958,4470.560279846191,8349.880661010742,3960.7802658081055,4206.960235595703,3733.140190124512,5355.700378417969
Cer(d18:1/24:1(15Z)),11085.380794525146,12728.280838012695,6957.280521392822,14502.32071685791,5685.040500640869,5054.220352172852,5264.860286712647,8995.56037902832
Cer(d18:1/25:0),1386.620086669922,1315.6400985717771,1225.0001029968262,1399.9000968933103,1163.5200843811035,1212.5400848388672,1259.2000885009766,1367.6600914001465
Cer(d18:1/26:0),1326.1000900268557,1306.6200828552246,1135.8000869750977,1091.8200759887695,1122.62007522583,1212.1000938415527,1347.3000946044922,1242.5800895690918
Cer(d18:1/26:1(17Z)),1219.8200759887695,1264.860088348389,1067.7800827026367,1118.0000762939453,1099.1000747680664,1118.7000885009766,1137.600082397461,1221.6800918579102
Cer(d18:1/27:0),1092.1400871276855,1132.200080871582,1066.8800811767578,1096.0400848388672,1074.0800704956057,1102.080093383789,1105.5600814819336,1155.2600746154783
Cer(d18:1/28:0),1105.5600814819336,1096.8400802612305,1113.4200592041016,1074.8800735473633,1115.04008102417,1192.720085144043,1175.2400856018066,1249.300090789795
Cer(d18:1/29:0),1092.820087432861,1069.7400741577148,1072.6600799560547,1075.3200798034668,1074.0000839233398,1069.7200736999512,1107.2800674438477,1106.400074005127
Cer(d18:1/2:0),1317.7400817871094,1126.4800643920898,1078.1200790405271,1154.2400741577148,1203.1600875854492,1167.4200820922852,1229.8600730895996,1142.400074005127
Cer(d18:1/30:0),1072.9600830078125,1187.0200843811035,1100.0600852966309,1092.960075378418,1086.4400787353516,1069.4600830078125,1105.1000785827637,1076.0200653076172
Cer(d18:1/31:0),1072.5800666809082,1070.6000747680664,1067.9200820922852,1205.1200790405271,1073.5200729370115,1069.7600784301758,1074.6400718688965,1155.140079498291
Cer(d18:1/32:0),1116.8200721740725,1070.640079498291,1106.460090637207,1074.7600708007812,1153.5000839233398,1069.3800811767578,1103.7800827026367,1173.880084991455
Cer(d18:1/33:0),1163.460090637207,1102.2600860595703,1068.0000801086426,1076.9000854492188,1180.6400756835938,1070.6200790405271,1108.3600730895996,1133.6400756835938
Cer(d18:1/34:0),1112.3400802612305,1070.3200721740725,1109.2400741577148,1109.1400756835938,1105.3200798034668,1113.7400817871094,1079.4400672912598,1163.8200798034668
Cer(d18:1/35:0),1073.460075378418,1094.820068359375,1127.840087890625,1100.220085144043,1075.54008102417,1111.2800788879397,1089.7000770568848,1139.460075378418
Cer(d18:2/14:0),1125.54008102417,1171.5200843811035,1109.9400749206543,1089.2600708007812,1074.040069580078,1095.6200790405271,1246.8400764465332,1173.2800827026367
Cer(d18:2/15:0),1095.260066986084,1086.5400772094729,1067.2400856018066,1128.220069885254,1074.3600730895996,1069.2000846862793,1088.9000701904297,1139.0000839233398
Cer(d18:2/16:0),1176.6800956726074,1098.6000747680664,1109.700080871582,1227.8200759887695,1147.940071105957,1133.9400787353516,1111.1800651550293,1276.960090637207
Cer(d18:2/18:1),1072.5400733947754,1069.4600791931152,1184.8800926208496,1114.2200736999512,1135.0600776672363,1069.4600715637207,1096.1200790405271,1114.8600845336914
Cer(d18:2/20:0),1097.1200828552246,1221.6200828552246,1083.320083618164,1455.320083618164,1155.8600845336914,1153.280086517334,1259.8200798034668,1472.2601051330566
Cer(d18:2/20:1),1170.9800872802734,1069.0200805664062,1067.0800857543943,1075.6600761413574,1126.8400802612305,1116.54008102417,1075.040069580078,1118.680076599121
Cer(d18:2/21:0),1083.8200798034668,1069.3000717163086,1066.7600784301758,1099.8400802612305,1074.140079498291,1127.8400840759275,1132.9400787353516,1113.940086364746
Cer(d18:2/22:0),1166.720085144043,2237.380168914795,1170.5200881958008,2165.9201469421387,1443.340106964111,1268.1401100158691,1691.6000938415527,2350.2001419067383
Cer(d18:2/23:0),1294.660099029541,1434.520107269287,1212.840087890625,1193.1000900268557,1245.5800971984863,1138.980094909668,1177.9000854492188,1230.0400886535645
Cer(d18:2/25:0),1212.760097503662,1213.260082244873,1067.4800643920898,1166.7000923156738,1145.8600692749023,1179.4000816345217,1154.2800750732422,1145.0000762939453
Cer(d18:2/27:0),1099.8600730895996,1069.480068206787,1067.8200798034668,1147.2000846862793,1074.2400703430176,1069.540069580078,1075.1600914001465,1170.6800842285156
Cer(d18:2/28:0),1072.1000747680664,1069.800067901611,1067.5200805664062,1116.340072631836,1074.4200744628906,1069.500072479248,1217.2400932312012,1075.9000778198242
Cer(d18:2/29:0),1072.880069732666,1070.1600723266602,1067.720069885254,1074.7000770568848,1074.3600730895996,1147.3600845336914,1097.6000785827637,1076.0800819396973
Cer(d18:2/30:0),1072.920078277588,1070.1200714111328,1068.2400741577148,1099.2200813293457,1074.3600692749023,1084.7200813293457,1075.5000762939453,1076.340068817139
Cer(d18:2/32:0),1099.7200813293457,1070.6200790405271,1098.180088043213,1121.3000831604004,1074.9600639343262,1124.1200828552246,1135.0800857543943,1076.080078125
Cer(d20:0/26:0),1130.700080871582,1275.3600959777832,1081.500072479248,1085.440071105957,1074.4200744628906,1140.3400764465332,1100.1600761413574,1076.6400718688965
CerP(d18:0/16:0),1154.9000854492188,1200.8400917053225,1080.3600845336914,1165.220085144043,1084.860080718994,1255.1200790405271,1129.8400764465332,1088.700080871582
CerP(d18:1/12:0),1234.1800918579102,1257.7200965881348,1146.580078125,1241.1600761413574,1093.1800727844238,1088.980079650879,1149.0600776672363,1186.100082397461
CerP(d18:1/14:0),1072.7600631713867,1328.9401016235352,1100.320083618164,1163.5200881958008,1111.3400764465332,1150.860080718994,1170.080062866211,1269.4000854492188
CerP(d18:1/16:0),2859.8202209472656,3411.100227355957,2130.260162353516,3686.940200805664,2120.1601600646973,2225.560157775879,2175.860122680664,2738.7801513671875
CerP(d18:1/18:0),1305.8400917053225,2189.220146179199,1675.400127410889,1852.720115661621,1460.5801124572754,1757.4000968933103,1321.6800842285156,1662.1801261901855
CerP(d18:1/20:0),1087.140079498291,1069.780071258545,1137.0800971984863,1107.6800727844238,1074.1400756835938,1078.5000801086426,1172.2000770568848,1119.380084991455
CerP(d18:1/22:0),1119.5600814819336,1069.7800636291504,1078.5600852966309,1124.1000747680664,1074.5800666809082,1069.7400703430176,1102.1000747680664,1198.960075378418
CerP(d18:1/24:0),1098.940071105957,1072.180076599121,1110.900074005127,1202.5400772094729,1113.6800689697266,1714.700138092041,1079.0000762939453,1123.6000709533691
CerP(d18:1/24:1(15Z)),1122.04008102417,1151.1600799560547,1268.0000839233398,1192.7200736999512,1094.2200736999512,1069.3800735473633,1118.0800704956057,1201.4000816345217
CerP(d18:1/26:0),1139.520076751709,1275.0800895690918,1102.9000816345217,1113.280071258545,1101.1800842285156,1130.7000846862793,1193.800090789795,1120.04008102417
CerP(d18:1/26:1(17Z)),1101.1600761413574,1335.9400939941406,1198.0000915527344,1451.4600868225098,1130.6200828552246,1157.540069580078,1393.5801010131836,1296.0200843811035
CerP(d18:1/2:0),1072.6400756835938,1087.500072479248,1090.6000785827637,1074.1000785827637,1074.0800704956057,1137.100082397461,1193.3800888061523,1075.5600776672363
CerP(d18:1/8:0),1168.8000831604004,1159.8800773620603,1097.420078277588,1174.9600791931152,1080.7600746154783,1085.6600799560547,1181.760066986084,1076.8600769042969
DG(24:0)_C16:0,1842.440116882324,1871.400127410889,1889.500144958496,1675.7401084899902,1696.180118560791,1849.940116882324,1994.720157623291,1842.020133972168
DG(24:0)_C18:0,1935.0601272583008,1839.6601219177248,1801.7601203918457,1799.160125732422,2089.2001762390137,1837.6201248168943,1785.040126800537,1968.6201438903809
DG(26:0)_C16:0,1940.3801345825195,1817.220123291016,1961.6001319885252,1767.4201278686523,1808.380111694336,2019.74015045166,2216.100151062012,1915.720127105713
DG(26:0)_C18:0,1979.2001495361328,1844.960132598877,1793.3801231384275,2152.9201698303223,1815.440128326416,1895.080135345459,1771.6001205444336,1823.1001243591309
DG(28:1)_C16:0,1885.440143585205,1708.7601165771484,1752.6201248168943,1802.5601272583008,1824.5801315307615,2009.900146484375,1755.7201194763184,1778.6601104736328
DG(28:1)_C16:1,1970.1401329040527,1918.0601425170896,1932.780128479004,1934.6401252746584,1993.560131072998,1923.960132598877,2100.2001304626465,1937.1401138305664
DG(28:1)_C18:0,3168.680229187012,2911.0602226257324,2373.7601737976074,2092.0001487731934,3296.0402221679688,3142.7402153015137,2726.7402000427246,2456.820156097412
DG(28:1)_C18:1,3338.440223693848,2822.6002082824707,2856.820213317871,2697.600170135498,3740.0802612304688,4102.140296936035,3195.3002319335938,2973.880207061768
DG(28:2)_C16:0,1898.320140838623,2034.4201431274412,1801.3201179504397,1770.340129852295,1827.5201263427732,2218.380142211914,1884.0601387023928,1831.3401260375977
DG(28:2)_C16:1,1928.0801239013672,2061.480155944824,1948.26012802124,2001.1601371765137,2072.320140838623,1969.2001571655276,2201.7201538085938,2019.1001358032229
DG(28:2)_C18:0,1817.8201446533203,1815.6601333618164,1675.5601043701172,1763.1201210021973,1783.240135192871,1877.700134277344,1813.340133666992,1735.7601203918457
DG(28:2)_C18:1,52459.24383544922,31898.762176513672,32628.642700195312,25649.88182067871,79496.46525192261,80487.98482513428,50821.64392089844,32671.4425201416
DG(28:2)_C18:2,2321.0801582336426,2238.100154876709,2186.5201416015625,2318.220169067383,2119.8201484680176,2316.5801582336426,2274.2401580810547,2430.8201599121094
DG(29:0)_C16:0,2033.6801528930664,1826.2001266479488,1805.96012878418,1808.2401237487795,1778.0601348876953,2110.300163269043,1864.1201210021973,1981.540126800537
DG(29:0)_C18:0,1773.16011428833,1776.020133972168,1725.9601211547852,1682.0801239013672,1763.7601280212402,1860.9801330566409,1728.6801300048828,1726.760124206543
DG(29:1)_C16:0,2039.940143585205,1877.3601303100584,1771.4401321411133,1758.300121307373,1752.2801322937012,1957.3201217651367,1803.7201194763184,1848.8401184082031
DG(29:1)_C16:1,1969.8001136779783,1975.7601318359373,2039.7001495361328,1975.8201293945312,2061.3201446533203,1897.9401206970213,2085.480136871338,1944.2001190185547
DG(29:1)_C18:0,1748.9801177978516,1770.2801208496094,1735.7401084899902,1845.740119934082,1864.5401306152344,1687.2201118469238,1758.0201263427734,1700.7401161193848
DG(29:1)_C18:1,2536.300178527832,2087.7001457214355,2075.840133666992,2140.200134277344,2772.600185394287,2853.6601943969727,2390.2601585388184,2341.960159301758
DG(29:2)_C16:0,1793.960117340088,1918.1601371765137,1747.4801139831543,1729.3201065063477,1940.700134277344,1921.780139923096,2057.360145568848,2117.22013092041
DG(29:2)_C16:1,1883.5601081848145,2034.6201515197756,1952.3201370239256,2058.7401390075684,1968.6601371765137,1874.440139770508,2069.2001457214355,1883.4401245117188
DG(29:2)_C18:0,2569.9001655578613,2268.280170440674,2125.740165710449,2188.9001426696777,2591.0401878356934,2575.080181121826,2646.0402030944824,2544.1801795959477
DG(29:2)_C18:1,3122.980213165283,2436.6801795959477,2403.060157775879,2517.5601921081543,3309.900234222412,3421.2602310180664,2499.360191345215,2546.2001914978027
DG(29:2)_C18:2,2359.3001594543457,2277.980159759521,2351.880176544189,2419.520175933838,2172.1601600646973,2478.960163116455,2581.0601692199707,2160.2401542663574
DG(30:0)_C16:0,2420.2401542663574,2125.9601554870605,2218.0601692199707,1791.1601181030271,2294.980155944824,2068.8201446533203,2200.6801681518555,1979.200134277344
DG(30:0)_C18:0,1935.1001243591309,1745.9201126098633,1676.1400985717771,1700.5201225280762,1839.3201293945312,1777.7801361083984,1946.040126800537,1857.5801277160645
DG(30:1)_C16:0,3578.8602600097656,2805.320205688477,3163.9802017211914,2383.08016204834,3064.2202339172363,3225.5802154541016,3591.640243530273,3588.600284576416
DG(30:1)_C16:1,2036.4201354980469,2120.600154876709,2201.100154876709,2207.960159301758,1927.2201309204104,2011.9801483154297,2394.6601753234863,2016.880142211914
DG(30:1)_C18:0,1824.480117797852,1922.6201438903809,1999.520133972168,1899.3201446533203,2245.160140991211,1980.2601432800293,1712.340129852295,1894.3601303100584
DG(30:1)_C18:1,4983.900341033936,3703.2402725219727,4059.980297088623,3430.9602394104004,6284.540431976318,6078.180431365967,4377.420303344727,4529.520324707031
DG(30:2)_C16:0,7125.440547943115,2973.3201866149902,8486.640460968018,2340.62015914917,7298.180427551269,3508.3802604675293,6860.4405517578125,7968.900531768799
DG(30:2)_C16:1,2694.380184173584,2885.300201416016,2969.9602088928223,4042.040283203125,2760.920215606689,2536.1001777648926,4641.840293884277,2846.74019241333
DG(30:2)_C18:0,1953.3201332092283,1753.8801155090332,1756.5801277160645,1758.9001121520996,1857.7401275634768,1773.9401168823242,1823.540134429932,1818.26012802124
DG(30:2)_C18:1,15532.721214294434,9479.540683746338,10012.000648498535,8037.040565490723,19570.961444854736,20254.021324157715,13503.160995483398,8251.860633850098
DG(30:2)_C18:2,4007.500270843506,3222.200218200684,3314.600246429444,3856.9802589416495,2514.440174102783,3923.460250854492,3207.9202308654785,2770.9402084350586
DG(30:3)_C16:0,1859.1001319885252,1729.520133972168,1856.4401359558103,1675.2801208496094,1834.900127410889,1878.1601333618164,1809.6001319885252,1760.360122680664
DG(30:3)_C16:1,2221.9001502990723,3321.1802253723145,3474.600200653076,6825.180461883545,2872.360206604004,2169.480129241944,5225.640338897705,4056.4202423095694
DG(30:3)_C18:0,1885.6401252746584,1768.700122833252,1697.7801132202148,1747.58012008667,2019.0401573181152,1708.0401306152344,1762.58012008667,1695.2201194763184
DG(30:3)_C18:1,2174.3801345825195,2060.960132598877,2210.2801551818848,1997.9201354980469,2211.960159301758,2290.880138397217,2300.560165405273,2142.460159301758
DG(30:3)_C18:2,2752.360221862793,2503.2401847839355,2369.240161895752,2348.980167388916,2266.4001502990723,2558.6401863098145,2413.900177001953,2187.1401443481445
DG(31:0)_C16:0,2485.2401847839355,2198.4601440429688,1958.0801429748533,1752.9001235961914,2273.6001586914062,2410.620174407959,2659.3001976013184,1916.620147705078
DG(31:0)_C18:0,1868.840129852295,1825.1601371765137,1688.820110321045,1789.4401168823242,1855.5001335144043,1734.140121459961,1799.540126800537,1814.8001327514648
DG(31:1)_C16:0,1922.0601272583008,1782.0401153564453,1801.720115661621,1694.8201217651367,1694.840114593506,2109.400135040283,2005.740146636963,1875.7001304626465
DG(31:1)_C16:1,1996.6801376342771,1974.840129852295,1919.660140991211,1988.5801315307615,2084.5001487731934,2040.8601417541504,2283.5401458740234,2069.0001487731934
DG(31:1)_C18:0,1845.9001159667969,1765.4601364135742,1724.660125732422,1741.800121307373,1810.3001327514648,1758.6001243591309,1744.0201225280762,1744.4601135253906
DG(31:1)_C18:1,3424.000228881836,2521.620185852051,3278.6802139282227,2547.780185699463,4136.320316314697,4213.1002769470215,3467.040252685547,2657.6001892089844
"DG(31:2),DG(P-14:0/18:1)_C16:0",2004.7001419067385,2023.10013961792,1955.2001419067385,1810.220127105713,1830.5601348876955,1939.7601203918457,2067.02014541626,2037.9801406860352
"DG(31:2),DG(P-14:0/18:1)_C16:1",2015.6601219177248,2052.8601570129395,1994.0801429748533,2010.7601432800293,1908.6801147460935,1905.400127410889,2238.00016784668,2009.3001327514648
"DG(31:2),DG(P-14:0/18:1)_C18:0",2005.3601608276367,2011.860137939453,1787.4601249694824,2083.4001388549805,1887.7401428222656,1920.560131072998,1874.5601348876955,1770.360122680664
"DG(31:2),DG(P-14:0/18:1)_C18:1",3158.040256500244,2790.060199737549,2409.4001693725586,2207.2401542663574,3974.440269470215,4016.300304412842,3271.440212249756,2891.3601989746094
"DG(31:2),DG(P-14:0/18:1)_C18:2",2563.5801887512207,2352.680164337158,2272.000160217285,2305.980155944824,2217.8001556396484,2334.880157470703,2261.7201614379883,2239.020164489746
DG(31:3)_C16:0,1776.7201080322266,1780.8601188659668,1681.0001220703125,1706.9001121520996,1679.9601097106934,1758.220115661621,1802.6801300048828,1767.0801162719729
DG(31:3)_C16:1,1939.5801429748533,2039.680156707764,1885.9801216125488,2161.7601585388184,1886.860134124756,1906.700134277344,2060.300151824951,1966.2401390075684
DG(31:3)_C18:0,1855.7801208496091,1809.060131072998,1756.8601112365725,1753.100112915039,1816.6001319885252,1804.600128173828,1714.180118560791,1764.0801277160645
DG(31:3)_C18:1,2092.100151062012,2032.820140838623,2045.820140838623,2100.7201499938965,2219.6601524353027,2001.0001335144043,1998.520133972168,2179.800163269043
DG(31:3)_C18:2,2564.660182952881,2260.5201530456543,2425.180160522461,2276.100166320801,2134.0001487731934,2517.580173492432,2209.220169067383,2255.3001594543457
DG(32:0)_C16:0,4552.280292510986,2612.0401725769043,3871.320316314697,2491.5801544189453,3674.220279693604,5356.880390167236,4073.580284118652,4543.040351867676
DG(32:0)_C18:0,2000.540134429932,1800.3201293945312,1808.260124206543,1855.700138092041,1917.9401359558103,2034.300136566162,1837.2601470947263,1844.3201217651367
DG(32:1)_C16:0,4075.840278625488,2488.040168762207,3759.5202713012695,2309.440158843994,3530.200267791748,4437.520290374756,3995.900287628174,4389.860290527344
DG(32:1)_C16:1,2624.0201835632324,2482.6201972961426,2274.0801696777344,4155.040252685547,2746.220195770264,3089.7002143859863,4110.000274658203,3135.5402221679688
DG(32:1)_C18:0,3453.6202392578125,2672.040195465088,2252.9401817321777,2495.8601684570312,3119.3801918029785,3360.980236053467,2923.080207824707,2421.040184020996
DG(32:1)_C18:1,7221.040466308594,5057.920314788818,4436.66032409668,3971.5202598571777,8185.0405921936035,7642.780487060547,6512.200492858887,5789.64041519165
DG(32:2)_C16:0,2415.9201698303223,2240.6601600646973,2133.5601539611816,1950.4401359558103,2219.520168304444,2201.1001472473145,2511.500186920166,2207.060173034668
DG(32:2)_C16:1,2728.14017868042,2467.2801818847656,2445.14017868042,4275.760299682617,2706.7601890563965,2389.340156555176,3534.6802406311035,2404.780158996582
DG(32:2)_C18:0,2207.9801635742188,1850.8201332092283,1847.280128479004,2035.1601333618164,2020.8601303100584,1860.7001304626465,1901.2801322937007,1850.140121459961
DG(32:2)_C18:1,10487.70066833496,6153.660472869873,7578.880508422852,6246.400451660156,12426.34088897705,13463.181034088137,9542.140678405762,6526.2204513549805
DG(32:2)_C18:2,3936.44026184082,4050.900321960449,3054.3001823425293,5791.680370330811,2783.100204467773,5500.520397186279,2921.560199737549,5352.24040222168
DG(32:3)_C16:0,1974.70015335083,1786.5201263427734,1906.480136871338,1771.3401222229004,1742.1801147460938,1843.140117645264,1796.8201217651367,1805.2601203918457
DG(32:3)_C16:1,1883.9001159667969,1999.240146636963,1927.860107421875,2030.4601516723635,2055.8001403808594,1945.1801414489744,2175.420154571533,2085.1801376342773
DG(32:3)_C18:0,1729.6001243591309,1900.3801307678225,1675.5001029968262,1786.3601303100586,1836.4201316833496,1734.1801223754885,1855.1401329040527,1826.360126495361
DG(32:3)_C18:1,2390.000175476074,2006.60013961792,2485.0401725769043,2038.9801445007324,2721.4201889038086,2555.9001960754395,2388.900161743164,2526.740173339844
DG(32:3)_C18:2,3064.2802200317383,2443.1601753234863,2499.4601707458496,2959.6401977539062,2437.020191192627,3013.80020904541,2383.260162353516,2433.6401748657227
DG(32:5)_C16:0,12935.200927734377,10831.200817108154,9178.300674438477,5393.520355224609,7463.500534057617,12767.58082962036,14309.92106628418,10378.54077911377
DG(32:5)_C16:1,2309.3601570129395,2586.3401985168457,2465.760154724121,2475.560165405273,2485.28018951416,2238.680145263672,3052.0802116394043,2236.440143585205
DG(32:5)_C18:0,7278.340488433838,7330.140522003174,4745.300323486328,5134.860370635986,7760.920543670654,7334.100456237793,7034.040477752686,5182.560352325439
DG(32:5)_C18:1,151019.37115478516,93282.94598388672,108484.00817871094,77063.68496704102,221501.59550476077,234001.05628967285,149281.65118408203,97239.40661621094
DG(32:5)_C18:2,13809.980979919434,8859.70057296753,10866.080757141111,13983.181034088137,6435.6804275512695,13793.140949249268,9356.720649719238,6117.920455932617
DG(33:0)_C16:0,3237.2802238464355,2745.0201835632324,2389.6401596069336,2146.560165405273,2273.8801651000977,2805.4802017211914,3107.960224151612,2695.320171356201
DG(33:0)_C18:0,2086.9001388549805,1910.0601272583008,1774.3001098632812,1820.4801216125488,2164.24015045166,1869.860145568848,1879.740135192871,1772.7001190185547
"DG(33:1),DG(O-34:1)_C16:0",2056.1001625061035,2062.900146484375,1907.9601402282717,1786.2201232910156,1861.5401191711424,2125.380138397217,1920.4801292419436,2001.120140075684
"DG(33:1),DG(O-34:1)_C16:1",2336.200168609619,2338.5401573181152,2251.7001762390137,2707.980209350586,2705.7601776123047,2252.040153503418,3557.060245513916,2116.3801345825195
"DG(33:1),DG(O-34:1)_C18:0",1992.300148010254,1741.3201293945312,1797.8201293945312,1741.0801124572754,1915.2801475524905,1731.5001258850098,1780.7401161193848,1866.740135192871
"DG(33:1),DG(O-34:1)_C18:1",4342.280303955078,3458.6802673339844,3668.5202980041504,3153.460224151612,5729.500431060791,6043.420436859131,4231.740295410156,3875.2402687072754
DG(33:2)_C16:0,1882.5601425170896,1749.900119781494,1806.76012802124,1860.96012878418,1936.2001457214355,2012.480136871338,1870.4401512146,1987.840133666992
DG(33:2)_C16:1,1997.9601402282717,1992.300148010254,1962.160140991211,2056.380126953125,1975.5601348876955,1931.020133972168,2294.840171813965,1882.3201332092283
DG(33:2)_C18:0,1859.1601257324216,1834.720115661621,1842.0801162719729,1724.240119934082,1935.1001319885252,1776.4801216125488,1763.900119781494,1739.920124053955
DG(33:2)_C18:1,2697.56018447876,2293.5001831054688,2402.0401611328125,2221.1401557922363,2934.880195617676,3038.2202339172363,2578.440196990967,2088.840137481689
DG(33:2)_C18:2,2866.9601974487305,3155.4001998901367,2597.1801719665527,3904.000270843506,2314.380157470703,3116.2602157592773,2553.3801918029785,2843.2002143859863
DG(33:3)_C16:0,1851.0601272583008,1776.9001121520996,1871.7201385498047,1716.58012008667,1749.7201232910156,1830.2801361083984,1928.5001373291016,1921.980136871338
DG(33:3)_C16:1,1928.2201309204104,1914.3001327514648,1963.7001266479488,1958.7601318359373,1987.9801292419436,1929.64013671875,2050.360149383545,1882.3201217651367
DG(33:3)_C18:0,1741.7801208496094,1790.8601150512695,1763.4001235961914,1733.4001235961914,1785.1201210021973,1805.9001235961916,1722.5201225280762,1758.6401176452637
DG(33:3)_C18:1,2035.660140991211,1884.1401252746584,2005.5401458740237,1981.180145263672,2244.1201553344727,2209.360134124756,2044.0201416015625,2161.06014251709
DG(33:3)_C18:2,3077.240219116211,2502.10018157959,2527.980182647705,2801.460189819336,2203.900146484375,2581.300151824951,2414.420166015625,2246.560157775879
DG(33:4)_C16:0,1749.1801261901855,1807.4001388549805,1839.7401313781736,1717.0401077270508,1761.0001258850098,1848.040126800537,1854.2201309204104,1834.040126800537
DG(33:4)_C16:1,1936.6001358032229,1914.520133972168,2037.700138092041,1917.7201309204104,1991.7201385498047,1915.8801307678225,1934.0201301574707,1892.2801246643064
DG(33:4)_C18:0,2216.0801544189453,2320.62015914917,2004.060131072998,2211.460147857666,2793.500217437744,2426.440158843994,2166.02014541626,2293.900161743164
DG(33:4)_C18:1,2878.62020111084,2238.0401649475098,2604.960178375244,2354.0201835632324,3182.1802101135254,2586.860191345215,2592.2401847839355,2540.660179138184
DG(33:4)_C18:2,2940.540199279785,2363.200168609619,2509.7601776123047,2344.7601585388184,2276.4601707458496,2624.180187225342,2488.720184326172,2443.8201751708984
DG(33:5)_C16:0,5365.300388336182,3688.520305633545,3072.1802139282227,2970.1602096557617,3364.4402351379395,4198.600326538086,4688.120391845703,3873.520252227783
DG(33:5)_C16:1,1970.1201210021973,2124.70015335083,2077.3201484680176,2125.420154571533,2071.3001403808594,1928.6401481628416,2439.4601516723637,2083.800136566162
DG(33:5)_C18:0,3446.800273895264,2582.900161743164,2225.3401527404785,2457.260162353516,3017.780212402344,3141.580238342285,2596.2401847839355,2716.1401863098145
DG(33:5)_C18:1,31501.9423828125,20321.741485595703,22034.601516723636,16330.42115020752,46256.763122558594,47695.343574523926,31584.36221313477,19463.96124267578
DG(33:5)_C18:2,2658.240177154541,2293.780170440674,2609.440200805664,2508.0401878356934,2294.7801551818848,2551.3801918029785,2464.4401817321777,2467.6801681518555
DG(34:0)_C16:0,2571.720199584961,2366.680160522461,3146.6002197265625,2426.440174102783,2584.5601806640625,2577.8201942443848,2898.6401977539062,2985.440216064453
DG(34:0)_C18:0,2540.320171356201,2224.740146636963,2094.5401496887207,2368.9601440429688,2342.240177154541,2673.0001907348637,2201.8801498413086,2183.980152130127
DG(34:1)_C16:0,12716.161155700684,6955.56046295166,17201.841327667236,6539.98038482666,13262.860870361328,23171.561603546143,22400.381553649902,27347.921867370605
DG(34:1)_C16:1,2162.000144958496,2227.880138397217,2348.6801528930664,3589.6802368164062,1946.0201301574707,2031.2201385498047,2628.620174407959,2362.700164794922
DG(34:1)_C18:0,2256.5601692199707,1836.8401374816892,1974.18013381958,1945.4401245117188,2163.70015335083,2215.2801475524902,1910.860145568848,2029.9801406860352
DG(34:1)_C18:1,21992.82146835327,14373.720859527588,17793.401203155518,11464.100852966309,12328.96072769165,17924.381454467773,16053.001194000244,33335.08321380615
DG(34:2)_C16:0,30963.5419921875,9908.520889282228,40396.04224014282,15316.540813446043,27263.501445770264,39768.12259674072,31624.4820022583,36833.28273773193
DG(34:2)_C16:1,3539.540225982666,4320.020336151123,3027.800224304199,13950.86072921753,3654.3002128601074,4110.080333709717,7938.020538330078,6038.220462799072
DG(34:2)_C18:0,1911.5601348876955,2050.0601387023926,1886.8201332092283,2023.240135192871,2328.880157470703,2247.160144805908,2465.660167694092,1983.660140991211
DG(34:2)_C18:1,13699.260932922363,8011.4404945373535,8442.480525970459,5853.060470581055,9614.380653381348,12702.960929870604,9941.820724487305,18746.541416168213
DG(34:2)_C18:2,58254.26365280152,71070.26593399048,23866.56147003174,105139.48698425292,14565.181045532228,73907.56624221802,21078.50147628784,71340.8451423645
DG(34:3)_C16:0,3013.840202331543,2226.9801483154297,2748.68017578125,1752.6001205444336,2364.4001693725586,2715.200180053711,2560.460178375244,3260.8402137756348
DG(34:3)_C16:1,3771.000278472901,4164.540287017822,3813.6002922058105,25188.121417999268,3100.260238647461,3819.4202919006343,7551.060474395752,5853.940288543701
DG(34:3)_C18:0,1818.360122680664,1794.240119934082,1791.0001220703125,1855.100128173828,1979.1001358032229,2017.380142211914,1905.2201309204104,1759.7601280212402
DG(34:3)_C18:1,17925.481422424316,10925.36075592041,13151.840927124023,9349.600700378418,24773.58177947998,26008.821895599365,17170.641189575195,13848.261001586914
DG(34:3)_C18:2,13449.58108139038,15896.30117034912,6426.340412139893,31062.822463989258,4635.640354156494,20161.841751098636,7163.580516815186,23602.961517333984
"DG(34:4),DG(dO-36:4)_C16:0",1857.3601303100584,1886.3401412963867,1929.5001411437988,1808.06010055542,1785.880100250244,1904.240119934082,1959.2201385498047,1839.4601211547847
"DG(34:4),DG(dO-36:4)_C16:1",2017.620132446289,1926.8201370239256,1983.5001220703125,2793.3601837158203,1927.340133666992,2026.6001243591309,2524.380184173584,2064.380146026612
"DG(34:4),DG(dO-36:4)_C18:0",1782.8201026916504,1733.2801246643066,1740.9001083374023,1811.2201385498047,1869.3201332092283,1892.4801406860352,1761.2001152038574,1722.0601043701172
"DG(34:4),DG(dO-36:4)_C18:1",3911.9002799987793,3250.2002296447754,3210.5002098083496,3132.900234222412,5238.280364990234,5246.28035736084,3741.680263519287,3403.520252227783
"DG(34:4),DG(dO-36:4)_C18:2",2830.680202484131,2817.9001808166504,2842.7402000427246,4592.680294036865,2455.0001831054688,3568.820240020752,2713.76021194458,2591.720203399658
DG(34:5)_C16:0,2656.1001777648926,2282.6801528930664,1902.920124053955,1875.0801315307615,1989.0801277160645,2321.9001655578613,2761.9001655578613,2081.020133972168
DG(34:5)_C16:1,1888.4601364135744,1983.0201416015625,1935.0201263427732,1949.6801223754885,1908.720123291016,1886.2601356506348,1979.580139160156,1885.1601371765137
DG(34:5)_C18:0,1961.860134124756,1877.780139923096,1760.9801139831543,1937.5201377868648,2043.7001495361328,1803.7401390075684,1825.18013381958,1950.02014541626
DG(34:5)_C18:1,2986.560203552246,2639.640182495117,2756.5202102661133,2573.7601890563965,3948.5602836608887,4465.880302429199,3025.2002029418945,2602.280185699463
DG(34:5)_C18:2,2484.480182647705,2518.340190887451,2321.2001609802246,2683.7801818847656,2378.7001724243164,2630.1801948547363,2285.4801483154297,2299.1001739501958
DG(34:6)_C16:0,1954.68013381958,1976.340133666992,1770.5801277160645,1768.0001106262207,1841.800121307373,1947.5001335144043,2142.360153198242,1822.1601181030276
DG(34:6)_C16:1,1973.0801315307615,1954.800136566162,1902.7201385498047,2018.2201309204104,1939.0601272583008,1873.880123138428,2098.8201446533203,1894.2401275634768
DG(34:6)_C18:0,1785.6001243591309,1874.280139923096,1756.3001098632812,1807.3801383972168,1867.68013381958,1860.620140075684,1763.3801155090332,1919.7001266479488
DG(34:6)_C18:1,2220.200149536133,2050.120143890381,2007.220127105713,2028.5001411437988,2081.640163421631,2245.960163116455,2084.360134124756,2140.880153656006
DG(34:6)_C18:2,2129.580139160156,2293.6801681518555,2353.340160369873,2322.640163421631,2201.340148925781,2290.200164794922,2252.6401557922363,2161.3201484680176
DG(35:3)_C16:0,1797.5601387023926,1848.18013381958,1775.0001373291016,1745.4201164245603,1760.8001327514648,1727.2801246643066,1954.580139160156,1759.6801147460938
DG(35:3)_C16:1,1914.3401222229004,1972.640151977539,1963.800121307373,1949.7201194763184,1969.1001205444336,1951.02014541626,1998.5601387023928,1908.9001426696775
DG(35:3)_C18:0,2509.3801651000977,2557.1401748657227,2372.2601585388184,2356.720142364502,2626.560195922852,2988.040199279785,2457.5601806640625,2254.160167694092
DG(35:3)_C18:1,3257.7202339172363,2669.28018951416,3058.800220489502,2933.8201904296875,3895.6602821350098,4304.9603271484375,2780.5201835632324,2968.9602279663086
DG(35:3)_C18:2,3010.72021484375,3159.100200653076,2470.3601608276367,3746.7002868652335,2317.50016784668,3358.760234832764,2437.620182037353,2903.120231628418
"DG(35:4),DG(O-36:4),DG(dO-37:4)_C16:0",2415.4201736450195,2080.0201301574707,2050.420150756836,1909.860126495361,2192.1801719665527,2388.100154876709,2613.240203857422,2254.4601669311523
"DG(35:4),DG(O-36:4),DG(dO-37:4)_C16:1",1977.020133972168,2186.5601539611816,2116.7801513671875,2059.7401428222656,2055.8401527404785,1931.1801300048828,2351.4601707458496,1984.9601402282717
"DG(35:4),DG(O-36:4),DG(dO-37:4)_C18:0",3017.7402114868164,3196.360221862793,2455.240165710449,3066.520198822021,3868.080272674561,3145.560218811035,3277.460235595703,2616.000186920166
"DG(35:4),DG(O-36:4),DG(dO-37:4)_C18:1",54718.78359985352,33672.38218688965,36360.46267700195,29650.80202484131,74765.40512084961,80027.02613830566,51246.34353637695,38986.46295166016
"DG(35:4),DG(O-36:4),DG(dO-37:4)_C18:2",9197.360694885254,6166.220462799072,7673.180465698242,8463.000568389893,4778.560356140137,8552.580581665039,6055.340438842773,4840.760318756104
DG(35:5)_C16:0,1966.660140991211,2078.780139923096,2092.6201515197754,1820.200122833252,1855.8001251220703,1786.760124206543,2204.6601524353027,2038.3201370239256
DG(35:5)_C16:1,1952.3801307678225,1939.240146636963,1962.5201377868648,1889.5201301574707,1913.3801460266116,1899.7801322937007,1925.96012878418,1942.940128326416
DG(35:5)_C18:0,1821.920124053955,1719.3201065063477,1813.5601234436035,1769.2801208496094,1984.7801475524905,1860.1001319885252,1820.2801322937007,1761.0201301574707
DG(35:5)_C18:1,2071.9001388549805,1961.120140075684,2012.800148010254,1886.2401390075684,2214.260162353516,2097.4001388549805,2085.280128479004,2025.3201446533203
DG(35:5)_C18:2,3836.400234222412,2646.320205688477,3071.0402183532715,3566.960266113281,2398.620174407959,3410.7202529907227,2752.0601921081543,2711.3201942443848
DG(35:6)_C16:0,2205.4201469421387,2192.060165405273,1909.4601402282717,2110.060146331787,2205.700149536133,2371.1001586914062,2491.760185241699,2165.6001319885254
DG(35:6)_C16:1,1882.7401275634768,1908.3801383972168,1909.8601303100584,1992.0001525878904,1999.3801345825195,1875.3201332092283,1974.620140075684,2031.8801383972168
DG(35:6)_C18:0,1884.4201202392576,1768.7801322937012,1820.1201210021973,1744.220127105713,1870.6601371765137,1876.620128631592,1789.9401245117188,1848.9401359558103
DG(35:6)_C18:1,1920.8801345825195,2016.0801429748533,1965.740119934082,1908.7801475524905,2093.160144805908,1950.8601417541504,1930.960147857666,1937.780143737793
DG(35:6)_C18:2,2595.160171508789,2265.820171356201,2487.0001525878906,2764.8001976013184,2372.620185852051,2842.880187988281,2446.1001777648926,2320.560173034668
DG(36:3)_C16:0,2713.1602058410645,1997.600154876709,2488.040153503418,1811.9201202392576,2381.1801719665527,2344.9201736450195,2314.26016998291,2647.760166168213
DG(36:3)_C16:1,1954.5801429748533,1960.120140075684,2091.4601554870605,2253.380146026612,2053.180145263672,1991.6001472473145,1984.4201202392576,2016.140121459961
DG(36:3)_C18:0,2263.960147857666,2131.4001502990723,1877.6801376342771,2102.920150756836,2259.4401626586914,2243.7601470947266,1820.800128936768,2156.580150604248
DG(36:3)_C18:1,39349.94373703003,21867.48179626465,46034.9227142334,34857.94174194336,23411.30149841309,37944.48263549805,19329.921501159668,87075.68574905396
DG(36:3)_C18:2,44080.80377960205,58671.92293167114,20683.741889953613,154397.97156906128,12873.040832519531,84228.26704406738,21124.161945343018,97610.88731765749
"DG(36:4),DG(O-37:4)_C16:0",3430.520221710205,1925.7601318359373,4261.840316772461,2099.920139312744,2732.200183868408,2916.12020111084,2775.9802017211914,2052.880138397217
"DG(36:4),DG(O-37:4)_C16:1",1974.2801361083984,1986.680149078369,2015.500144958496,2627.0001640319824,1982.4801445007324,2059.380142211914,2325.7201614379883,2038.1001358032229
"DG(36:4),DG(O-37:4)_C18:0",2060.460136413574,2170.000156402588,1915.440128326416,2082.3001441955566,2169.340148925781,2128.8601570129395,2031.660140991211,1911.2001266479488
"DG(36:4),DG(O-37:4)_C18:1",14903.900913238524,9450.960678100586,11040.560813903809,8798.820610046387,17714.701171875,17834.901329040527,11543.2208442688,12832.760875701904
"DG(36:4),DG(O-37:4)_C18:2",31376.842628479004,53110.46269989014,19567.501598358154,173804.17359924316,10718.260837554932,57161.82375335693,13264.14087677002,58792.06339263916
DG(36:5)_C16:0,2901.360210418701,2321.2601928710938,2275.040180206299,2165.980140686035,2127.8801612854004,2609.7801780700684,3163.100234985352,2414.960159301758
DG(36:5)_C16:1,1943.9601364135744,2007.040126800537,1923.5801277160645,2139.9601440429688,1891.260139465332,1875.6001319885252,1997.6401443481443,1903.680126190185
DG(36:5)_C18:0,1823.4201316833496,1742.9401245117188,1717.4601211547852,1855.9201354980469,1815.2401428222656,1785.1601371765137,1841.6201362609863,1851.7801322937007
DG(36:5)_C18:1,2183.280174255371,1926.7401313781736,2218.8201599121094,2030.4601554870603,2260.180145263672,2160.280143737793,2105.5801544189453,1985.6801643371584
DG(36:5)_C18:2,4777.220390319824,5956.420455932617,3489.160221099853,11653.500812530518,3405.4802169799805,5795.180435180664,2959.9802055358887,5130.160369873047
DG(36:6)_C16:0,3911.440299987793,2536.460174560547,10000.680801391602,4341.340358734131,7165.800350189209,2609.220157623291,3644.380268096924,5591.24040222168
DG(36:6)_C16:1,1959.900146484375,1975.1601295471191,2022.9401550292969,2179.940143585205,1965.8201293945312,1901.300121307373,2038.860134124756,1937.4801292419436
DG(36:6)_C18:0,1913.4401321411133,1811.180118560791,1873.1601295471191,1791.8201217651367,1804.760124206543,1761.7601203918457,1775.520118713379,1721.5601387023926
DG(36:6)_C18:1,1985.8001518249512,2069.8801345825195,1983.3001441955569,2046.7201538085935,2115.4001502990723,1986.740135192871,1960.2401390075684,2184.2601585388184
DG(36:6)_C18:2,2289.8001747131348,2369.7801551818848,2326.16015625,2405.220169067383,2347.1401748657227,2425.2001609802246,2215.740165710449,2283.3201866149902
"DG(36:7),DG(35:0)_C16:0",11028.960758209229,4933.040302276611,22082.78136825561,8196.06037902832,17677.161319732666,4909.2603759765625,44949.24369430542,18404.46103668213
"DG(36:7),DG(35:0)_C16:1",1957.9601364135744,2248.6601638793945,2311.66015625,3899.720314025879,2274.100166320801,1922.6001319885252,3043.7802085876465,2278.5001487731934
"DG(36:7),DG(35:0)_C18:0",2971.900203704834,2403.9801712036133,2022.620140075684,2203.220157623291,3099.7602157592773,2225.6001586914062,2795.280200958252,2098.360153198242
"DG(36:7),DG(35:0)_C18:1",4435.140323638916,3306.8002281188965,2957.6602058410645,2912.64022064209,5080.040370941162,4905.980346679688,3897.260269165039,3647.64026260376
"DG(36:7),DG(35:0)_C18:2",2688.4202041625977,2384.420162200928,2367.700149536133,2657.380210876465,2126.100128173828,2444.1001625061035,2371.6401557922363,2365.420185089112
"DG(36:8),DG(35:1)_C16:0",2396.540168762207,1914.540134429932,1848.2001457214355,1873.3801345825195,2030.920139312744,2533.900192260742,2195.660171508789,2127.560146331787
"DG(36:8),DG(35:1)_C16:1",3361.9602279663086,3937.540245056152,5256.420425415039,10950.900825500488,4358.780254364014,2614.100185394287,6611.300445556641,4839.780353546143
"DG(36:8),DG(35:1)_C18:0",1818.8201179504397,1760.2801246643066,1748.4001235961914,1894.7201499938965,1830.3801383972168,1775.8201293945312,1733.980125427246,1721.8201141357422
"DG(36:8),DG(35:1)_C18:1",2411.760162353516,2251.7001609802246,2716.960205078125,2183.380157470703,2343.9401512146,2680.900177001953,2593.6801795959477,2821.160202026367
"DG(36:8),DG(35:1)_C18:2",2464.0201721191406,2284.720165252685,2242.260166168213,2355.840171813965,2270.720169067383,2445.9001693725586,2199.2201614379883,2294.180149078369
DG(37:3)_C16:0,1722.1601219177246,1739.1801147460938,1795.380126953125,1754.0001182556152,1770.7401161193848,1761.2001113891602,1740.120132446289,1861.520118713379
DG(37:3)_C16:1,1918.6001167297363,1959.5601387023928,1949.1601219177248,2087.840133666992,1945.2601203918457,1997.5001373291016,1965.9201316833496,1997.1801376342771
DG(37:3)_C18:0,1874.920124053955,1741.460117340088,1740.7201080322266,1792.620132446289,1760.0401306152344,1849.9001541137693,1788.6601181030271,1819.880126953125
DG(37:3)_C18:1,2161.580146789551,2152.7201614379883,1980.2401428222656,1928.2801322937007,2159.9801635742188,2362.460159301758,2145.140148162842,1955.5201377868648
DG(37:3)_C18:2,2379.860179901123,2543.240173339844,2537.260181427002,2626.380187988281,2220.16015625,3140.900234222412,2532.060176849365,2295.300151824951
DG(37:4)_C16:0,1739.920108795166,1760.9801330566406,1734.8001136779783,1808.60013961792,1787.260124206543,1782.2401161193848,1821.3201293945312,1792.0001335144043
DG(37:4)_C16:1,1893.04012298584,2038.980155944824,1906.000114440918,1925.400131225586,1935.580139160156,1948.3201332092283,1964.1601333618164,1919.6401252746584
DG(37:4)_C18:0,1814.6001319885252,1809.7401275634768,1770.6601219177246,1761.900127410889,1802.800128936768,1789.680118560791,1876.240146636963,1785.9601211547852
DG(37:4)_C18:1,2390.100166320801,2094.200168609619,2110.420150756836,2091.7201499938965,2616.4601860046387,2505.320167541504,2316.960147857666,2230.1401443481445
DG(37:4)_C18:2,2991.180233001709,2976.6802139282227,2614.2401847839355,3202.0602264404297,2352.560165405273,3036.200222015381,2600.620189666748,2448.9601669311523
DG(37:5)_C16:0,2068.6601371765137,1847.2001266479488,1859.2801322937007,1907.0201301574707,1856.8601303100584,2183.0601501464844,2209.9601516723637,1948.8801383972168
DG(37:5)_C16:1,1885.060131072998,1929.8001441955569,1993.1601257324216,1938.5401420593264,1914.5801315307615,1951.040126800537,2002.7401390075684,1905.1801147460935
DG(37:5)_C18:0,1765.0601196289062,1866.280143737793,1739.2401161193848,1816.96012878418,1786.2401390075684,1766.9201278686523,1767.0201148986816,1722.08012008667
DG(37:5)_C18:1,1898.860149383545,1935.160140991211,1924.860126495361,1942.360145568848,2052.540153503418,1913.3601303100584,1919.540126800537,1977.1001434326167
DG(37:5)_C18:2,2508.5201835632324,2321.520168304444,2410.900157928467,2397.8001823425293,2353.2801780700684,2377.22017288208,2269.980159759521,2244.2201538085938
DG(37:6)_C16:0,2297.9001808166504,2040.7201347351076,2022.1001434326167,2072.6401405334477,1890.7001152038572,2192.200149536133,2529.200168609619,2284.1401443481445
DG(37:6)_C16:1,1884.6801300048828,2001.360137939453,2000.6801414489744,2047.1801414489744,2027.46012878418,1900.6201362609863,2137.2201538085938,1915.900131225586
DG(37:6)_C18:0,1852.2201309204104,1846.960132598877,1906.820125579834,1881.5401153564453,1827.3401145935056,1852.1401405334475,1921.64013671875,1891.520122528076
DG(37:6)_C18:1,1989.520149230957,1978.7801322937007,1914.4401359558103,1907.8201332092283,2160.9201469421387,2045.8601188659668,1966.4601364135744,2077.580150604248
DG(37:6)_C18:2,2445.640182495117,2267.700168609619,2316.3201599121094,2304.6601638793945,2180.900154113769,2229.7401390075684,2220.9801750183105,2173.6401596069336
"DG(37:7),DG(36:0)_C16:0",2151.8001556396484,2184.7201614379883,1973.3401489257808,1896.9401321411133,1861.2201309204104,2558.380157470703,2048.5601348876958,1972.7401428222656
"DG(37:7),DG(36:0)_C16:1",2307.3001556396484,2281.6601600646973,2645.72017288208,2592.2201614379883,2340.6401710510254,2131.9601440429688,2931.520206451416,2038.1001358032229
"DG(37:7),DG(36:0)_C18:0",2272.060165405273,2183.880157470703,2835.0202140808105,2285.000175476074,2269.6001625061035,2157.020149230957,2060.220142364502,1937.540134429932
"DG(37:7),DG(36:0)_C18:1",3300.400241851806,2557.6601905822754,2817.980209350586,2705.380187988281,3406.980236053467,4130.060287475586,3143.0202102661133,2515.8401832580566
"DG(37:7),DG(36:0)_C18:2",2351.1001625061035,2225.760166168213,2189.720169067383,2395.1401748657227,2206.5801696777344,2392.8601608276367,2211.2201614379883,2297.4601821899414
DG(38:3)_C16:0,2097.74015045166,1966.800121307373,1994.4201431274412,1947.2201309204104,2127.6801376342773,2071.1201362609863,2220.1601600646973,1915.3801345825195
DG(38:3)_C16:1,2013.4001388549805,1993.440139770508,2022.120128631592,1965.0601387023928,1980.3601303100584,2041.440158843994,2090.8001441955566,1924.900131225586
DG(38:3)_C18:0,3079.520206451416,2199.7601470947266,2044.0401420593264,2827.240173339844,2308.900161743164,2671.180187225342,2062.4001388549805,2294.840167999268
DG(38:3)_C18:1,5221.120388031006,3689.4202880859375,4592.98030090332,3991.9202880859375,5828.5404052734375,6122.480472564697,4968.380348205566,4520.9202880859375
DG(38:3)_C18:2,6867.54048538208,6397.760536193848,4035.900295257568,9848.24073791504,3150.780200958252,7916.220706939697,4493.580337524414,6395.080402374268
DG(38:4)_C16:0,1945.8401412963867,1768.9001235961914,1813.46012878418,1720.9001121520996,1819.2001266479488,2165.660148620605,1834.7401275634768,1870.5201263427732
DG(38:4)_C16:1,1983.2801322937007,1974.060146331787,1949.3801193237305,2071.6801376342773,1933.2201194763184,1964.000144958496,1974.9201316833496,2033.300136566162
DG(38:4)_C18:0,2792.1401977539062,1883.860134124756,2181.200149536133,3124.3002166748047,1865.0801239013672,2691.820182800293,2146.200157165528,2721.4401817321777
DG(38:4)_C18:1,3081.120216369629,2966.220203399658,3315.520221710205,2825.640224456787,2598.040210723877,3139.4602279663086,2422.7001609802246,3964.800277709961
DG(38:4)_C18:2,4172.360305786133,3929.400238037109,3059.80020904541,5183.760391235352,2496.060176849365,3897.8402709960938,2555.700168609619,4057.220317840576
DG(38:5)_C16:0,2471.2001762390137,2055.820163726806,2481.7001724243164,2126.5401573181152,2381.820152282715,2461.4001693725586,2904.920192718506,2680.280185699463
DG(38:5)_C16:1,1951.9401206970213,1969.920150756836,1927.1801300048828,2069.640148162842,2127.780132293701,1943.0001373291016,1987.0001258850095,2022.7201385498047
DG(38:5)_C18:0,1830.940128326416,1965.4201202392576,1742.1801109313965,1750.5201377868652,1848.700134277344,1859.220127105713,1771.7801055908203,1870.640121459961
DG(38:5)_C18:1,2990.420196533203,2393.880184173584,2618.060161590576,2688.320198059082,2443.100170135498,2428.3201446533203,2591.58016204834,3462.4402503967285
DG(38:5)_C18:2,4039.860263824463,3977.200283050537,2916.5802268981934,7900.180572509766,2598.020191192627,4388.580303192139,2800.6601943969727,4765.740337371826
"DG(38:6),DG(dO-40:6)_C16:0",5365.860424041748,2798.400192260742,3938.760307312012,2219.26016998291,2943.7801933288574,3274.720245361328,4179.040325164795,2943.6801986694336
"DG(38:6),DG(dO-40:6)_C16:1",1966.520122528076,1969.9401512146,1966.740146636963,2187.3201332092285,1960.6601371765137,2025.860145568848,2309.840160369873,2054.160125732422
"DG(38:6),DG(dO-40:6)_C18:0",1842.4201202392576,1908.420139312744,1783.2201080322266,1724.6201248168943,1754.2801246643066,1864.180126190185,1837.7401275634768,1854.220127105713
"DG(38:6),DG(dO-40:6)_C18:1",2557.0401763916016,2200.1001586914062,2621.8801803588867,2246.3001556396484,2545.880184173584,2729.6601753234863,2561.380207061768,2343.120143890381
"DG(38:6),DG(dO-40:6)_C18:2",3283.4002380371094,3757.120258331299,2654.880187988281,5295.300369262695,2194.1401443481445,3501.680202484131,2535.940193176269,3881.10022354126
"DG(38:7),DG(37:0)_C16:0",4343.100296020508,3850.420303344727,2967.6802101135254,2469.68017578125,2771.220184326172,4769.160343170166,4578.600303649902,3534.3602600097656
"DG(38:7),DG(37:0)_C16:1",2013.7801322937007,1958.7201347351076,2027.440143585205,2375.180156707764,1939.8201179504397,2034.4401512146,2150.020137786865,2027.5601387023928
"DG(38:7),DG(37:0)_C18:0",2241.800163269043,1992.720142364502,1894.9001388549805,1975.6201438903809,2570.3001861572266,1964.8001327514648,2096.980152130127,2203.240127563477
"DG(38:7),DG(37:0)_C18:1",2504.600170135498,2267.6401710510254,2319.6601600646973,2400.06018447876,2848.0402221679688,3377.400234222412,2418.4201736450195,2412.6601638793945
"DG(38:7),DG(37:0)_C18:2",2334.240165710449,2263.740146636963,2299.400177001953,2341.2401809692383,2133.0201530456543,2415.140163421631,2211.6601600646973,2242.8601608276367
"DG(38:8),DG(dO-40:8),DG(37:1)_C16:0",2617.9801864624023,1909.5201301574707,2093.340145111084,1951.860137939453,2128.3401527404785,2321.0801696777344,2165.1801376342773,2258.720169067383
"DG(38:8),DG(dO-40:8),DG(37:1)_C16:1",1959.9401245117188,1968.540138244629,2009.5201301574707,2071.7601470947266,1941.140121459961,1958.7801361083984,2104.520149230957,2038.2801513671875
"DG(38:8),DG(dO-40:8),DG(37:1)_C18:0",2008.02014541626,1727.480125427246,1861.9401321411133,1823.8801383972168,1874.2601165771484,1959.040134429932,1744.360122680664,1776.080135345459
"DG(38:8),DG(dO-40:8),DG(37:1)_C18:1",2293.5001525878906,2146.7201347351074,2421.700164794922,2149.0401649475098,2464.0601806640625,2500.560176849365,2412.200168609619,2631.100200653076
"DG(38:8),DG(dO-40:8),DG(37:1)_C18:2",2343.3401527404785,2294.1201705932617,2273.8001594543457,2437.9201736450195,2248.800163269043,2285.4401817321777,2436.520168304444,2159.1601333618164
"DG(38:9),DG(dO-40:9),DG(37:2)_C16:0",1847.76012802124,1856.800117492676,1737.8401336669922,1778.7601203918457,1820.920124053955,1906.5001335144043,1814.04012298584,1845.6201171875
"DG(38:9),DG(dO-40:9),DG(37:2)_C16:1",1966.0001220703125,1990.68013381958,1948.540126800537,2135.100143432617,1964.380142211914,1937.740135192871,2033.200138092041,1958.0401306152344
"DG(38:9),DG(dO-40:9),DG(37:2)_C18:0",1873.3001251220703,1840.5801277160645,1877.3001327514648,1816.6201171875,1943.9401473999023,1867.0001220703125,1877.9001350402832,1821.040134429932
"DG(38:9),DG(dO-40:9),DG(37:2)_C18:1",3087.060207366944,2277.960159301758,2391.820163726806,2107.080146789551,3144.9802207946777,3280.0202255249023,2673.160186767578,2742.520191192627
"DG(38:9),DG(dO-40:9),DG(37:2)_C18:2",2550.280185699463,2455.660167694092,2451.00016784668,2750.9802017211914,2213.080150604248,2840.4802055358887,2619.920185089112,2564.14017868042
DG(39:4)_C16:0,1825.2201309204104,1798.0201263427734,1785.0401153564453,1716.7401313781738,1780.0401306152344,1827.540126800537,1827.0801315307615,1777.0201263427734
DG(39:4)_C16:1,1925.720127105713,1979.560146331787,1928.300136566162,1974.1601257324216,2059.380138397217,1915.9201316833496,1925.300128936768,1992.4801292419436
DG(39:4)_C18:0,1779.0601272583008,1740.520118713379,1717.5401191711426,1737.9601249694824,1728.3001251220703,1722.6201171875,1801.800128936768,1722.660125732422
DG(39:4)_C18:1,1990.900146484375,1961.820140838623,1986.760150909424,1941.860145568848,2424.7001724243164,2036.5001335144043,2186.300148010254,2190.62015914917
DG(39:4)_C18:2,2435.2201766967773,2233.9401664733887,2442.140151977539,2431.220169067383,2361.320163726806,2411.9601669311523,2219.460159301758,2391.26016998291
DG(39:5)_C16:0,2297.480159759521,2165.340160369873,1989.4401359558103,1754.080108642578,1995.0001411437988,1953.1601295471191,2261.0401573181152,2039.7001457214355
DG(39:5)_C16:1,1925.880123138428,1956.260150909424,1985.5001335144043,1942.180126190185,1924.820140838623,1948.340129852295,2008.140121459961,1945.340133666992
DG(39:5)_C18:0,1923.940139770508,1788.480125427246,1768.920108795166,1733.4201202392578,2029.3001403808596,1817.900104522705,1800.0001182556152,1774.6801223754885
DG(39:5)_C18:1,2014.7601318359373,1992.7201461791992,1903.1601295471191,1976.3001441955569,2030.5001335144043,2014.4801406860352,1935.1601333618164,2018.420146942139
DG(39:5)_C18:2,2193.2801628112798,2234.680149078369,2209.220169067383,2325.3801612854004,2241.360149383545,2291.940158843994,2235.5001640319824,2198.5401763916016
DG(39:6)_C16:0,2749.040214538574,2874.100215911865,2687.880172729492,2274.6801528930664,2637.500175476074,2881.140205383301,3941.420265197754,2881.180202484131
DG(39:6)_C16:1,1933.740119934082,1935.1601333618164,1979.540126800537,2060.440128326416,2014.340133666992,1915.740135192871,2063.4401359558105,1953.8201293945312
DG(39:6)_C18:0,2019.6601486206052,2155.4001388549805,2026.660140991211,1990.1601295471191,2099.3401527404785,2204.260131835937,2065.420150756836,1969.0601348876955
DG(39:6)_C18:1,2043.3201332092283,2187.520137786865,2006.4201278686523,2264.2201538085938,2523.100185394287,2344.960163116455,2147.1401596069336,2009.6001472473145
DG(39:6)_C18:2,2359.380168914795,2191.040138244629,2180.4601440429688,2295.1601371765137,2168.980155944824,2223.9401512146,2191.260162353516,2119.2801551818848
"DG(39:7),DG(38:0),DG(dO-40:0)_C16:0",2332.320152282715,2290.2401695251465,2046.960147857666,1972.8001327514648,2125.820140838623,2115.080139160156,2697.520198822021,2088.2201385498047
"DG(39:7),DG(38:0),DG(dO-40:0)_C16:1",1925.740135192871,2001.5801429748533,1932.960117340088,2012.1001243591309,1930.520122528076,1929.460132598877,1985.540138244629,1977.620140075684
"DG(39:7),DG(38:0),DG(dO-40:0)_C18:0",2112.740135192871,1847.1601257324216,1793.8201179504397,1869.7201309204104,1882.2601356506348,2043.9401626586916,1804.5401306152344,1896.4001350402832
"DG(39:7),DG(38:0),DG(dO-40:0)_C18:1",2101.980152130127,1930.6201438903809,2092.4001388549805,1990.080139160156,2245.020156860352,2254.320163726806,2045.760139465332,2219.800170898437
"DG(39:7),DG(38:0),DG(dO-40:0)_C18:2",2333.340175628662,2120.2201538085938,2217.340171813965,2239.040153503418,2204.560157775879,2238.9601402282715,2244.6601524353027,2182.240161895752
"DG(39:8),DG(O-40:8),DG(38:1)_C16:0",2084.7801551818848,1993.4801330566409,1905.4401245117188,1800.8601112365725,1872.9201278686523,2081.840145111084,2142.7601432800293,1998.240146636963
"DG(39:8),DG(O-40:8),DG(38:1)_C16:1",1978.54012298584,2003.780139923096,2047.880142211914,2051.420154571533,1971.5601539611816,1979.2401580810547,2236.5001525878906,1957.940143585205
"DG(39:8),DG(O-40:8),DG(38:1)_C18:0",1979.740135192871,1719.8801155090332,1766.8001251220703,1818.000129699707,1858.54012298584,1912.200122833252,1804.400127410889,1883.0401306152344
"DG(39:8),DG(O-40:8),DG(38:1)_C18:1",3562.3802642822266,3241.6202278137207,3340.100254058838,2765.3401947021484,3220.76021194458,3234.160243988037,2432.6401596069336,3526.1402473449707
"DG(39:8),DG(O-40:8),DG(38:1)_C18:2",2668.4801902771,2599.8601837158203,2369.420177459717,2440.6001777648926,2341.3201751708984,2464.300151824951,2258.2401542663574,2240.660171508789
DG(40:1)_C16:0,2324.980159759521,2222.4001693725586,2050.940139770508,1784.9201049804688,1794.8001251220703,2292.840156555176,2415.400161743164,1920.6001434326167
DG(40:1)_C16:1,1958.680145263672,2053.4201431274414,1976.6801376342771,2035.1001434326167,2018.940139770508,2055.14013671875,2144.140148162842,1974.5201148986816
DG(40:1)_C18:0,1853.580135345459,1818.7401237487795,1756.720127105713,1853.020133972168,1839.5401420593264,1932.6001319885252,1789.0401306152344,1809.300117492676
DG(40:1)_C18:1,2262.5001640319824,2411.2801628112798,2096.4801445007324,2106.100154876709,2260.660144805908,2442.0801582336426,2127.440158843994,2119.5601539611816
"DG(40:10),DG(39:3)_C16:0",1927.4201202392576,2054.980136871338,1788.960132598877,1728.6401100158691,1792.0401306152344,1876.8201370239256,1935.860137939453,1772.8601150512695
"DG(40:10),DG(39:3)_C16:1",1924.9201354980469,1955.5201416015625,1926.960117340088,2011.4801292419436,1923.460132598877,2081.5001525878906,2121.040134429932,1984.0001335144043
"DG(40:10),DG(39:3)_C18:0",1719.3201065063477,1725.560115814209,1792.240135192871,1760.560115814209,1926.5401420593264,1907.54012298584,1946.4801330566409,1828.0601196289065
"DG(40:10),DG(39:3)_C18:1",2713.340175628662,2193.220157623291,2374.5601539611816,2172.58016204834,2930.940212249756,2568.7001724243164,2463.120174407959,2334.220165252685
"DG(40:10),DG(39:3)_C18:2",2374.660167694092,2302.120162963867,2261.4601669311523,2616.560173034668,2315.8801651000977,2545.000160217285,2318.3601570129395,2560.920185089112
DG(40:2)_C16:0,1940.26012802124,1735.340103149414,1809.4201316833496,1752.7401237487793,1860.3801383972168,1750.2401275634766,2014.0201301574707,1799.5801124572754
DG(40:2)_C16:1,1979.480125427246,1992.900127410889,1927.6201438903809,1926.300121307373,1947.780139923096,1924.5201416015625,2043.3601570129397,1969.9801406860352
DG(40:2)_C18:0,1853.5001411437988,1724.540111541748,1806.760124206543,1783.300121307373,1817.3001403808596,1739.1801109313965,1742.400127410889,1804.200107574463
DG(40:2)_C18:1,2048.9801483154297,2033.5601425170896,2204.6401557922363,2074.700149536133,2252.9201431274414,2207.820152282715,2254.2601585388184,2218.1001586914062
DG(40:2)_C18:2,2415.600154876709,2448.7401847839355,2316.760162353516,2422.260181427002,2356.120174407959,2889.7602005004883,2255.1401596069336,2265.4601707458496
DG(40:3)_C16:0,1823.7601318359373,1757.420124053955,1744.8001327514648,1765.780128479004,1729.1001243591309,1775.9201164245603,1802.6001358032229,1892.8201522827148
DG(40:3)_C16:1,1999.9201316833496,1934.080135345459,1927.7401237487795,2055.560127258301,2127.340133666992,1916.0401420593264,2074.74015045166,2014.3201332092283
DG(40:3)_C18:0,1728.5201225280762,1772.0401344299316,1726.7201080322266,1808.240119934082,1815.5201263427732,1898.320125579834,1850.2401275634768,1740.7601280212402
DG(40:3)_C18:1,2130.5001525878906,2134.7001609802246,1996.4801330566409,2014.5401496887207,2028.3201484680176,2180.540138244629,2021.760139465332,2014.7601470947263
DG(40:3)_C18:2,2497.740165710449,2616.8601989746094,2275.960159301758,2690.560199737549,2217.6001586914062,2582.68017578125,2638.320205688477,2566.080181121826
DG(40:4)_C16:0,1851.5601234436035,1764.220127105713,1900.9601402282717,1750.5801124572754,1849.7001304626465,1976.9201354980469,1751.5601196289062,1810.260124206543
DG(40:4)_C16:1,1996.7801361083984,1956.9401359558103,1935.4001350402832,2021.100128173828,1941.5001335144043,1920.7601432800293,1972.7401237487795,1982.9801292419436
DG(40:4)_C18:0,1795.8801307678225,1735.9201164245603,1716.66011428833,1781.3201141357422,1756.1601295471191,1733.1201210021973,1856.200134277344,1747.4801216125488
DG(40:4)_C18:1,2003.180149078369,2013.8601417541504,1919.320125579834,1970.6001472473145,2073.10013961792,1976.6401329040527,1916.2201461791992,2011.2201538085935
DG(40:4)_C18:2,2607.360195159912,2570.700180053711,2389.740177154541,2566.4401817321777,2182.120140075684,2448.820156097412,2318.2401542663574,2383.1201667785645
DG(40:5)_C16:0,3920.960258483887,3608.3202590942383,2999.4602088928223,2206.1601600646973,2820.920207977295,3456.3602294921875,3540.300266265869,3767.460220336914
DG(40:5)_C16:1,1934.8201446533203,2010.1801376342771,2015.1601333618164,2042.2201461791992,2045.3201370239256,1985.360137939453,2092.2801361083984,2036.740135192871
DG(40:5)_C18:0,2022.5601425170896,1819.020133972168,1802.3601112365725,1850.300117492676,1853.4201431274412,1843.8801345825195,1860.860137939453,1861.700134277344
DG(40:5)_C18:1,2272.1801414489746,2032.4001502990725,2145.1401557922363,2205.000156402588,2099.120147705078,2357.3601722717285,2442.3001747131348,2448.0201835632324
DG(40:5)_C18:2,2252.500171661377,2250.4601554870605,2299.8401527404785,2404.6401748657227,2169.62015914917,2485.8401832580566,2193.1001586914062,2403.9001655578613
"DG(40:6),DG(dO-40:0)_C16:0",3820.8602752685542,3435.800262451172,2828.260204315185,2277.7801551818848,3159.660221099853,3752.900302886963,3927.700309753418,3375.700241088867
"DG(40:6),DG(dO-40:0)_C16:1",2063.4001426696777,2223.2401580810547,2184.120143890381,2247.820156097412,2488.800170898437,2161.4801483154297,2538.3001594543457,2178.820156097412
"DG(40:6),DG(dO-40:0)_C18:0",2078.720146179199,2044.1001434326167,1912.700134277344,2085.1601524353027,2052.6001472473145,2268.760166168213,2001.5801315307615,2175.760154724121
"DG(40:6),DG(dO-40:0)_C18:1",2145.6601524353027,2258.620147705078,2171.940158843994,2420.840167999268,2516.440193176269,2922.7802238464355,2546.960201263428,2655.6801719665527
"DG(40:6),DG(dO-40:0)_C18:2",2562.520175933838,2316.7201614379883,2329.1801681518555,3648.400230407715,2259.400154113769,2897.2801971435547,2615.540184020996,2909.580207824707
"DG(40:7),DG(39:0)_C16:0",3560.16024017334,3083.7402153015137,2559.960193634033,2062.5001373291016,2832.3001861572266,3508.160251617432,4072.300285339356,3084.140243530273
"DG(40:7),DG(39:0)_C16:1",2447.700164794922,2387.940155029297,2499.9601554870605,2539.080177307129,2441.020156860352,2059.820140838623,2603.160186767578,2511.320182800293
"DG(40:7),DG(39:0)_C18:0",2349.9201583862305,2188.720165252685,1912.7201461791992,2052.800148010254,2726.840187072754,2425.500160217285,2158.000160217285,2049.560161590576
"DG(40:7),DG(39:0)_C18:1",4807.78035736084,3627.800224304199,3276.160243988037,3483.000232696533,3466.960277557373,4355.260307312012,3420.440223693848,3897.140293121338
"DG(40:7),DG(39:0)_C18:2",2628.2001953125,2917.2002296447754,2489.060173034668,3393.4802284240723,2299.460163116455,2853.4402046203613,2416.840187072754,3288.3202171325684
"DG(40:8),DG(39:1)_C18:2",2961.120204925537,2954.680206298828,2400.380168914795,5874.160507202148,2404.4601669311523,3888.720287322998,2815.100185394287,4445.720294952393
"DG(40:9),DG(39:2)_C16:0",1822.6601219177248,1767.6401138305664,1950.0601387023928,1747.7801094055176,1830.6801223754885,2048.9401473999023,1888.700138092041,2051.240135192871
"DG(40:9),DG(39:2)_C16:1",1926.4801330566409,1934.7801361083984,1970.220127105713,2062.1401405334477,2004.52014541626,1915.2801361083984,2095.9601516723637,1968.8201522827148
"DG(40:9),DG(39:2)_C18:0",1844.200134277344,1784.8401184082031,1739.9801216125488,1838.1801300048828,1868.54012298584,1810.1401290893557,1760.4601211547852,1818.2201194763184
"DG(40:9),DG(39:2)_C18:1",2170.2801513671875,1977.080139160156,2048.140148162842,1972.1001319885252,2279.900177001953,2172.680149078369,2090.340145111084,2035.5601501464844
"DG(40:9),DG(39:2)_C18:2",2711.940212249756,2301.0401649475098,2338.800163269043,2772.560195922852,2288.20015335083,3143.820209503174,2316.900177001953,2738.0401725769043
DG(41:5)_C16:0,12632.480991363524,3457.7402000427246,11191.28095626831,5506.620441436768,9316.280742645264,3694.520263671875,15416.681396484377,17209.62152481079
DG(41:5)_C16:1,2106.06014251709,2074.12015914917,2489.7001762390137,2311.5001525878906,2002.440128326416,1991.060146331787,2661.5601921081543,2266.700168609619
DG(41:5)_C18:0,2141.1401710510254,1931.2001304626465,1882.5001258850095,1887.440128326416,1990.940143585205,1941.0001335144043,1909.5201377868648,2001.020149230957
DG(41:5)_C18:1,2067.340160369873,2064.400146484375,2029.8601417541504,2010.8801612854004,2151.1801376342773,2083.680149078369,1935.8001594543457,1988.7201538085935
DG(41:5)_C18:2,2278.260162353516,2217.4201583862305,2178.280143737793,2278.860164642334,2126.4601440429688,2180.600166320801,2184.62015914917,2228.100170135498
DG(41:6)_C16:0,4279.520305633545,3423.860248565674,3183.860221862793,2299.460163116455,3014.440196990967,3518.180233001709,4529.240303039551,3096.340232849121
DG(41:6)_C16:1,2404.7801628112798,2762.540184020996,3602.120258331299,3486.4202575683594,2441.9401626586914,2154.340137481689,3956.080284118652,3465.300262451172
DG(41:6)_C18:0,1909.540126800537,1926.6001358032229,1716.9401168823242,1989.660144805908,2224.060157775879,2096.940143585205,2140.680149078369,1945.580135345459
DG(41:6)_C18:1,2071.880146026612,1924.6601219177248,2046.260150909424,1954.820140838623,2060.820152282715,2033.1801300048828,2024.4201545715327,2168.860179901123
DG(41:6)_C18:2,2345.2401580810547,2356.4801864624023,2208.140163421631,2220.6401596069336,2240.920162200928,2181.10013961792,2165.820156097412,2119.9601554870605
"DG(41:7),DG(40:0)_C16:0",2674.920192718506,2476.080181121826,1942.0001373291016,1897.5601348876955,2185.1801528930664,2448.760150909424,2729.880184173584,2264.9201431274414
"DG(41:7),DG(40:0)_C16:1",2014.9801330566409,1977.8601531982424,1927.300128936768,1926.9601364135744,1997.5801277160645,1986.4401550292969,2042.420146942139,1923.5001335144043
"DG(41:7),DG(40:0)_C18:0",1801.1401290893557,1728.700122833252,1768.4601097106934,1848.720123291016,1867.9001350402832,1850.8601303100584,1767.1401290893557,1745.620132446289
"DG(41:7),DG(40:0)_C18:1",2225.140163421631,2009.5001411437988,1992.1001358032229,1949.14013671875,2118.460147857666,2002.6401290893557,2078.580139160156,2136.7801475524902
"DG(41:7),DG(40:0)_C18:2",2277.540180206299,2136.840137481689,2156.220157623291,2183.1201515197754,2154.380153656006,2406.6801681518555,2199.440155029297,2184.300148010254
DG(42:1)_C16:0,1795.240135192871,1884.2401313781736,1827.380126953125,1760.460117340088,1757.760124206543,2042.300148010254,1917.7001457214355,1983.760139465332
DG(42:1)_C16:1,2058.2401390075684,1968.640151977539,1967.2401390075684,2042.9001388549805,2051.68013381958,1980.740146636963,1986.5801277160645,1958.0201416015625
DG(42:1)_C18:0,1763.7001266479492,1734.9401206970217,1804.6601295471191,1733.780117034912,1753.6201248168943,1744.240119934082,1792.2401275634766,1796.4201278686523
DG(42:1)_C18:1,2325.700168609619,1938.5801315307615,2052.2401428222656,2113.7201538085938,2077.120147705078,2240.6601371765137,2100.300148010254,2211.740161895752
"DG(42:10),DG(41:3)_C16:0",2142.820163726806,1980.8401412963867,1923.52014541626,1738.5601196289062,1911.6801528930664,1867.340129852295,2266.200164794922,2138.520137786865
"DG(42:10),DG(41:3)_C16:1",1961.600128173828,2013.0001373291016,1984.6601295471191,2011.5601387023928,1945.18013381958,1966.960147857666,2069.6001205444336,1957.700138092041
"DG(42:10),DG(41:3)_C18:0",1792.5201263427734,1740.1201248168943,1717.840103149414,1753.3801155090332,1723.6801376342771,1749.7601280212402,1743.0801239013672,1772.640121459961
"DG(42:10),DG(41:3)_C18:1",2089.520156860352,2127.520137786865,1937.0601425170896,1990.5801467895508,1962.8201370239256,2283.180160522461,1941.3401489257808,2129.4801330566406
"DG(42:10),DG(41:3)_C18:2",2326.0201721191406,2206.0401649475098,2199.4401512146,2464.14017868042,2164.9801635742188,2749.5002098083496,2227.0401611328125,2533.420181274414
"DG(42:11),DG(41:4)_C16:0",4958.060363769531,2092.160144805908,4177.940284729004,2485.380184173584,3508.820182800293,2413.7601356506348,6118.200565338135,5731.320442199707
"DG(42:11),DG(41:4)_C16:1",1941.880126953125,1936.7601432800293,1958.4601249694824,2004.880126953125,2036.0401420593264,1939.7001419067385,1920.18013381958,1953.1601257324216
"DG(42:11),DG(41:4)_C18:0",1766.200122833252,1729.5801239013672,1735.2001419067385,1732.820125579834,1759.600128173828,1820.7201042175293,1731.3001289367676,1773.3001136779783
"DG(42:11),DG(41:4)_C18:1",1965.0001411437988,1937.9201354980469,1940.1201362609863,1974.52014541626,1961.2401428222656,2024.2801361083984,1997.860137939453,2013.7401428222656
"DG(42:11),DG(41:4)_C18:2",2311.30016708374,2173.560161590576,2259.7401695251465,2340.1401557922363,2132.2801513671875,2472.100166320801,2268.380168914795,2348.8801651000977
DG(42:2)_C16:0,1814.3601188659668,1837.54012298584,1876.980136871338,1727.4401206970217,1800.800121307373,1752.440113067627,1852.8001327514648,1794.0201301574707
DG(42:2)_C16:1,1946.3001136779783,1949.7601470947263,1966.4201164245603,2029.160144805908,1934.300128936768,1916.3201293945312,2130.080150604248,1943.1601295471191
DG(42:2)_C18:0,1851.6401252746584,1821.5201263427732,1770.8801231384275,1791.5601234436035,1898.7001304626465,1757.1801223754885,1849.1601295471191,1778.3801155090332
DG(42:2)_C18:1,2339.1201667785645,2213.4001502990723,2440.760181427002,2101.540142059326,2591.5401763916016,2470.0801849365234,2385.3801498413086,2143.5601539611816
DG(42:2)_C18:2,2688.6402168273926,2303.820167541504,2451.480152130127,2803.280204772949,2188.5001640319824,2386.180156707764,2353.680164337158,2586.860195159912
DG(42:3)_C16:0,1833.4801216125488,1743.1601295471191,1789.1601371765137,1767.7001190185547,1801.640121459961,1770.1401252746582,1831.1401329040527,1803.54012298584
DG(42:3)_C16:1,1926.8401184082031,1957.080139160156,1951.9401321411133,1951.520118713379,2020.960132598877,1948.0201416015625,1933.76012802124,1959.9601364135744
DG(42:3)_C18:0,1783.2401275634766,1779.6001205444336,1759.3401184082031,1724.2001266479492,1729.3401222229004,1755.0401153564453,1783.5001335144043,1739.2401275634766
DG(42:3)_C18:1,1974.9801406860352,1942.380126953125,1991.7401428222656,1937.140151977539,2042.220127105713,2065.400135040283,1977.7601356506348,2098.7801551818848
DG(42:3)_C18:2,2357.7601776123047,2249.440170288086,2240.700149536133,2434.1801719665527,2248.80016708374,2487.7001953125,2295.060165405273,2284.020164489746
DG(42:4)_C16:0,1857.0001220703125,1743.4201202392578,1770.6801300048828,1717.2801055908203,1739.58012008667,1757.400127410889,1823.6401329040527,1750.4201126098633
DG(42:4)_C16:1,1926.66011428833,1959.680149078369,1927.260124206543,1957.440128326416,1975.400131225586,1942.800117492676,1992.8201370239256,2004.1401329040527
DG(42:4)_C18:0,1854.5601387023928,1766.9601135253906,1750.0401191711426,1742.660125732422,1769.700122833252,1738.880126953125,1744.1801300048828,1753.620132446289
DG(42:4)_C18:1,1947.140151977539,1994.8801460266116,2061.520137786865,1936.660140991211,2011.0201530456543,2007.3601417541504,1968.3801345825195,1955.780139923096
DG(42:4)_C18:2,2360.260162353516,2241.640163421631,2309.040153503418,2271.620162963867,2263.880157470703,2292.900161743164,2156.600151062012,2340.800178527832
DG(42:5)_C16:0,2264.600143432617,2060.1001586914062,1844.6601181030276,1807.3001136779783,1898.6601257324216,2046.500144958496,2157.2401390075684,1825.0001106262207
DG(42:5)_C16:1,2031.7401390075684,2172.180160522461,2005.7001304626465,2124.6801414489746,2031.6601371765137,1917.180145263672,2096.2601470947266,1984.4201431274412
DG(42:5)_C18:0,2309.6601600646973,2317.980167388916,2066.0601234436035,2185.480140686035,2543.0401725769043,2204.66015625,2246.9001502990723,2135.840148925781
DG(42:5)_C18:1,2117.800151824951,1994.9601402282717,1965.5201416015625,1944.3001251220703,2053.360145568848,2087.9601440429688,1995.6801414489744,1967.1401405334475
DG(42:5)_C18:2,2411.1601600646973,2228.540153503418,2355.9001693725586,2317.7001609802246,2157.0201530456543,2296.3201599121094,2206.040153503418,2324.000171661377
DG(42:6)_C16:0,5115.280406951904,4581.840343475342,3197.2802200317383,2765.18017578125,3939.640274047852,4637.740341186523,5510.940353393555,4093.520305633545
DG(42:6)_C16:1,1927.1001167297363,2005.9201431274412,1941.3601303100584,1972.7801322937007,1957.460132598877,1944.220142364502,2012.120140075684,1923.960132598877
DG(42:6)_C18:0,2055.560146331787,2000.000129699707,2005.6601371765137,1931.4601364135744,1935.1401481628416,1910.9201316833496,1911.7601470947263,1822.8201293945312
DG(42:6)_C18:1,2089.4801483154297,1985.6601371765137,2004.4801406860352,2190.020156860352,2287.180160522461,2257.140151977539,2086.120143890381,2120.300148010254
DG(42:6)_C18:2,2329.880176544189,2208.8601570129395,2327.900157928467,2178.8401412963867,2116.2801513671875,2510.840171813965,2200.780158996582,2263.1001777648926
"DG(42:7),DG(41:0)_C16:0",3955.7602767944336,2892.400188446045,2734.660186767578,2272.4601707458496,3046.9402389526367,3276.580223083496,4013.960285186768,3085.540214538574
"DG(42:7),DG(41:0)_C16:1",1925.860126495361,1981.780139923096,2021.6401290893557,2131.660129547119,2043.3401641845703,2093.02014541626,2249.2801551818848,2006.3201293945312
"DG(42:7),DG(41:0)_C18:0",2208.600143432617,2170.9801330566406,2024.3201293945312,1987.0601348876955,2150.1601524353027,2390.820167541504,2167.120178222656,1807.9001235961916
"DG(42:7),DG(41:0)_C18:1",2211.1401443481445,1943.0201301574707,2002.5001487731931,2011.520149230957,2139.5801544189453,2276.100166320801,2086.20015335083,2093.3201484680176
"DG(42:7),DG(41:0)_C18:2",2540.080177307129,2362.840171813965,2194.560146331787,2624.0001831054688,2231.840160369873,2297.680145263672,2264.300163269043,2411.8001823425293
"DG(42:8),DG(41:1)_C16:0",1976.3801460266116,1997.0601387023928,1858.780128479004,1874.5801239013672,1906.18013381958,2179.180156707764,1998.200134277344,2067.840137481689
"DG(42:8),DG(41:1)_C16:1",2042.9401321411133,2015.1001472473145,2031.3801307678225,2002.6601257324216,2055.040138244629,2010.900146484375,2105.9401473999023,1980.0401458740237
"DG(42:8),DG(41:1)_C18:0",2036.68013381958,1758.1801223754885,1786.2801208496094,1930.560146331787,1876.6201248168943,1783.7001342773438,1836.1001358032229,1721.5401191711426
"DG(42:8),DG(41:1)_C18:1",2291.80016708374,2110.840156555176,2098.0001487731934,2269.4401512146,2834.76021194458,2451.50016784668,2208.600151062012,2129.760154724121
"DG(42:8),DG(41:1)_C18:2",2259.260162353516,2328.700168609619,2378.580165863037,2575.000175476074,2154.3001594543457,2318.7801780700684,2302.22017288208,2557.8001823425293
"DG(42:9),DG(41:2)_C16:0",1791.1401290893557,1922.780128479004,2011.8401374816892,1869.6401252746584,1835.2801322937007,2153.9801445007324,2237.3001403808594,2179.8001441955566
"DG(42:9),DG(41:2)_C16:1",1963.1801300048828,1934.74015045166,2109.280158996582,2038.4801406860352,2059.9001502990723,1969.440139770508,2077.5001487731934,1986.0801162719729
"DG(42:9),DG(41:2)_C18:0",1968.740135192871,1915.5801315307615,1791.6001167297363,1795.500114440918,2233.120174407959,2005.3201446533203,1877.6401443481443,1842.5201377868648
"DG(42:9),DG(41:2)_C18:1",3507.420253753662,2488.640182495117,2857.560214996338,2630.6401863098145,3731.86026763916,3737.1602745056152,2960.740196228028,3069.8202323913574
"DG(42:9),DG(41:2)_C18:2",3480.9202575683594,3001.2602195739746,3053.72021484375,3127.980236053467,2636.700180053711,3649.900260925293,2921.280200958252,2421.540168762207
DG(43:6)_C16:0,3867.7602500915527,2607.5801696777344,3199.6202239990234,2319.380157470703,2886.9402046203613,3262.680206298828,3769.86026763916,2927.100196838379
DG(43:6)_C16:1,1926.5601348876955,2082.660129547119,1955.5201301574707,1926.1601486206052,1924.3201484680176,1922.8601303100584,1950.3201446533203,1923.6601333618164
DG(43:6)_C18:0,2081.2601356506348,1947.820140838623,1848.0201301574707,2012.5001411437988,1992.9401245117188,2023.920150756836,1894.5001411437988,2079.160144805908
DG(43:6)_C18:1,2089.2601432800293,1936.1001472473145,2124.340145111084,1943.4201316833496,1995.680145263672,2176.200149536133,2006.360145568848,2005.2001495361328
DG(43:6)_C18:2,2302.8201751708984,2202.260150909424,2264.060173034668,2277.60018157959,2145.960147857666,2205.1401405334477,2318.140167236328,2253.040168762207
"DG(44:10),DG(43:3)_C16:0",1781.9401321411133,1770.4801216125488,1771.4601211547852,1716.4001159667969,1756.8201141357422,1715.6001167297363,1720.5201225280762,1715.680118560791
"DG(44:10),DG(43:3)_C16:1",2006.5601234436035,1934.9801445007324,1928.220127105713,1944.900131225586,1974.6601104736328,2061.1601524353027,2072.3601303100586,1979.700134277344
"DG(44:10),DG(43:3)_C18:0",1767.5401229858398,1820.9001235961916,1718.1201171875,1811.560131072998,1838.120132446289,1927.300136566162,1802.1001243591309,1721.8601303100586
"DG(44:10),DG(43:3)_C18:1",2023.9201431274412,1995.1001319885252,1993.2601318359373,1966.620147705078,2169.2601585388184,2192.720142364502,1984.4001235961916,2018.600151062012
"DG(44:10),DG(43:3)_C18:2",2763.700206756592,2281.040168762207,2329.600151062012,2552.680191040039,2297.800163269043,2646.4601974487305,2361.5401649475098,2537.840167999268
"DG(44:11),DG(43:4)_C16:0",1927.4201354980469,1843.040126800537,1865.0001220703125,1870.4601211547847,1790.1001091003418,1888.280117034912,1871.7201347351076,1799.700122833252
"DG(44:11),DG(43:4)_C16:1",1935.8401260375977,2009.3601531982424,1927.2001266479488,1935.7001304626465,1924.3801193237305,1986.680145263672,2010.6201362609863,1925.1601295471191
"DG(44:11),DG(43:4)_C18:0",1732.66011428833,1719.4001235961914,1896.040126800537,1828.5601425170896,1807.8201217651367,1812.800128936768,1762.5601272583008,1763.8401260375977
"DG(44:11),DG(43:4)_C18:1",2022.6801376342771,1926.9601402282717,1995.080135345459,1931.0001373291016,1959.7001419067385,2163.6401405334477,2070.4401626586914,2023.900146484375
"DG(44:11),DG(43:4)_C18:2",2445.1601905822754,2248.140151977539,2205.24015045166,2427.680164337158,2247.2201499938965,2411.1001739501958,2368.920139312744,2405.920166015625
"DG(44:12),DG(43:5)_C16:0",2169.0001640319824,1791.1201171875,1981.1801376342771,1776.4001159667969,2014.620132446289,1990.720142364502,2038.600154876709,1806.5001182556152
"DG(44:12),DG(43:5)_C16:1",2103.3601303100586,2028.3401489257808,2079.0601501464844,1959.2001152038572,2090.240131378174,1997.8801460266116,2619.360164642334,2010.500156402588
"DG(44:12),DG(43:5)_C18:0",1763.7401275634766,1899.940139770508,1719.9201202392578,1876.1801300048828,1805.200134277344,1854.7001152038572,1755.280117034912,1934.9001235961916
"DG(44:12),DG(43:5)_C18:1",2039.9201316833496,1934.60013961792,1994.4801406860352,1911.8201332092283,2011.7201461791992,2030.600128173828,1938.8201370239256,2028.6201515197756
"DG(44:12),DG(43:5)_C18:2",2318.980167388916,2191.2801551818848,2290.74015045166,2321.480178833008,2275.2201499938965,2493.3801612854004,2320.900161743164,2262.7001724243164
DG(44:3)_C16:0,1775.200122833252,1729.2401123046875,1739.1001205444336,1723.0401153564453,1896.0401153564453,1829.6001205444336,1849.8801383972168,1762.0601272583008
DG(44:3)_C16:1,1947.5801315307615,1986.4201431274412,1937.940128326416,1926.7601356506348,1989.320140838623,1952.9401245117188,1996.9401359558103,1923.900131225586
DG(44:3)_C18:0,1805.0401039123533,1749.6801261901855,1753.1801147460938,1751.580108642578,1799.860126495361,1792.5601348876953,1745.6201210021973,1721.0801162719729
DG(44:3)_C18:1,2132.7201499938965,1992.1401329040527,2007.700134277344,2038.360137939453,2052.300148010254,2073.440143585205,1987.3401527404783,2073.020149230957
DG(44:3)_C18:2,2332.640167236328,2246.640151977539,2349.1801681518555,2147.5401573181152,2141.0401458740234,2246.58016204834,2195.840160369873,2177.8201484680176
DG(44:4)_C16:0,1793.6201210021973,1791.4801292419434,1722.560115814209,1717.3001136779783,1711.380111694336,1802.0001220703125,1808.4601249694824,1822.0001106262207
DG(44:4)_C16:1,1924.9201278686523,2004.860149383545,1926.3801307678225,1937.9401359558103,1924.6401329040527,1916.6401329040527,2032.2201385498047,2058.7201538085938
DG(44:4)_C18:0,1742.140121459961,1722.940113067627,1726.240119934082,1752.580108642578,1808.9001235961916,1778.020133972168,1793.8801231384275,1759.5401420593262
DG(44:4)_C18:1,1937.68013381958,1995.1201210021973,1902.7601356506348,1911.1601333618164,1993.4201316833496,1970.300136566162,1939.480125427246,1926.4801292419436
DG(44:4)_C18:2,2442.420185089112,2229.7201538085938,2278.9801483154297,2372.020175933838,2363.6401748657227,2475.080173492432,2307.3601608276367,2358.3601570129395
DG(44:5)_C16:0,1897.7401390075684,2129.3801498413086,1787.7601318359375,1902.8801345825195,1770.420108795166,1933.18013381958,2097.2601432800293,1874.2801322937007
DG(44:5)_C16:1,1940.3801460266116,1970.64013671875,1927.5601348876955,1997.1601295471191,1942.0801277160645,1916.1401405334475,1920.040134429932,1924.6401329040527
DG(44:5)_C18:0,1746.3001289367676,1764.2401313781738,1730.4601135253906,1842.020118713379,1794.6401252746582,1776.360134124756,1768.2401123046875,1839.7401313781736
DG(44:5)_C18:1,2028.9001388549805,1932.000129699707,1934.480136871338,1920.7001304626465,2104.9601516723637,2044.3201370239256,1923.360134124756,1974.1401481628416
DG(44:5)_C18:2,2642.3401794433594,2327.9601707458496,2329.3001594543457,2371.520179748535,2191.1201515197754,2249.8601570129395,2213.200157165528,2224.900173187256
DG(44:6)_C16:0,4871.600322723389,3704.520275115967,3254.480224609375,2631.260185241699,3110.320213317871,3535.8402252197266,4869.960338592529,3047.2402305603027
DG(44:6)_C16:1,1926.100128173828,1963.2001190185547,1955.300136566162,1926.1601295471191,2029.6601333618164,1917.0801277160645,1933.9401321411133,2046.9401321411133
DG(44:6)_C18:0,2123.0601501464844,2071.360145568848,1930.2201347351076,1977.4601364135744,2484.880176544189,2188.320171356201,2170.3001594543457,1972.060146331787
DG(44:6)_C18:1,2100.4801330566406,1952.9001388549805,1919.4801216125488,2024.680149078369,2108.3001403808594,2000.440143585205,2050.220142364502,1944.0001373291016
DG(44:6)_C18:2,2321.7001762390137,2322.700187683105,2424.380172729492,2558.540195465088,2148.860149383545,2413.480167388916,2295.180156707764,2175.4201583862305
"DG(44:7),DG(43:0)_C16:1",2119.620147705078,2085.140151977539,2047.580150604248,1967.600128173828,2020.340145111084,1985.8001403808596,2036.5601196289065,2056.1401329040527
"DG(44:7),DG(43:0)_C18:1",2212.880172729492,2059.480155944824,2182.6201362609863,2024.9801330566409,2499.7601776123047,2669.440185546875,2290.9201583862305,2197.3601608276367
"DG(44:7),DG(43:0)_C18:2",2391.3001747131348,2250.2801628112798,2211.1201553344727,2287.8201599121094,2135.200138092041,2447.8001861572266,2240.960163116455,2228.4201583862305
"DG(44:8),DG(43:1)_C18:2",2234.1401557922363,2331.0001831054688,2214.800151824951,2398.400161743164,2250.100151062012,2187.800151824951,2187.580165863037,2301.0801696777344
"DG(44:9),DG(43:2)_C16:0",1833.3401260375977,1738.6201248168943,2039.360126495361,1848.5601272583008,1945.9801292419436,1978.9401473999023,1942.5001525878904,1956.3201332092283
"DG(44:9),DG(43:2)_C16:1",1926.3201370239256,1958.6401405334475,1995.0601387023928,1953.580135345459,1967.000129699707,1934.480125427246,2176.2201538085938,1930.7801246643064
"DG(44:9),DG(43:2)_C18:0",1949.460132598877,1779.9201278686523,1859.1201171875,1884.520122528076,1832.9201278686523,1761.1601295471191,1754.7401237487793,1739.900127410889
"DG(44:9),DG(43:2)_C18:1",1987.0601539611816,2034.0601425170896,2198.6401405334477,1912.000129699707,2132.900154113769,2209.260154724121,2219.3801651000977,2204.1801376342773
"DG(44:9),DG(43:2)_C18:2",2479.920185089112,2274.900177001953,2260.640151977539,2404.440158843994,2232.7401695251465,2403.760166168213,2211.1001586914062,2370.660167694092
"DG(O-38:8),DG(36:1)_C16:0",2298.720169067383,2139.3601417541504,2107.60013961792,1970.920124053955,1979.1801414489744,2178.3801651000977,2592.4802017211914,2337.020164489746
"DG(O-38:8),DG(36:1)_C16:1",2160.9801445007324,2134.6001625061035,1973.080135345459,2322.560157775879,2183.720169067383,2279.8801612854004,2307.2201538085938,2113.8201293945312
"DG(O-38:8),DG(36:1)_C18:0",3471.860237121582,2623.840167999268,2652.360176086426,3747.700344085693,2523.140190124512,3398.420227050781,2633.9801712036133,3201.9202194213867
"DG(O-38:8),DG(36:1)_C18:1",5230.160430908203,3983.040267944336,5484.980304718018,3873.100311279297,4042.38032913208,6767.560527801514,5185.580371856689,8066.460548400879
"DG(O-38:8),DG(36:1)_C18:2",2799.8802032470703,2488.4601860046387,2291.5001640319824,2755.60018157959,2437.7801780700684,2573.200168609619,2345.200168609619,2435.480182647705
"DG(O-38:9),DG(36:2)_C16:0",2718.2401847839355,2306.200157165528,2548.280158996582,2163.4801445007324,2334.2601585388184,3001.7002029418945,3361.620246887207,2332.400161743164
"DG(O-38:9),DG(36:2)_C16:1",1906.3201332092283,1951.920124053955,1980.1601371765137,2007.340145111084,1947.620128631592,1881.7401428222656,2063.780132293701,2040.2201347351076
"DG(O-38:9),DG(36:2)_C18:0",6254.040523529053,3327.740219116211,3866.6402893066406,8146.260505676269,3067.5001907348637,5520.820499420166,3384.540237426758,3172.1002197265625
"DG(O-38:9),DG(36:2)_C18:1",36112.58211898804,20034.461380004883,33212.40151977539,21066.54123687744,19027.781440734863,39525.903060913086,26040.46216583252,102869.867313385
"DG(O-38:9),DG(36:2)_C18:2",9210.42068862915,10733.620903015137,5792.340351104736,17237.12171936035,4013.340286254883,9773.220497131348,4979.300384521484,9821.460720062256
"DG(O-40:9),DG(38:2)_C16:0",1973.9001235961916,1775.3201217651367,1905.0601425170896,1733.3601188659668,1803.8401260375977,1851.7001304626465,1924.8401527404783,1748.860122680664
"DG(O-40:9),DG(38:2)_C16:1",1926.0401420593264,2000.080135345459,1928.64013671875,1984.4001426696775,1925.300136566162,1944.0001220703125,2059.460136413574,1930.6801300048828
"DG(O-40:9),DG(38:2)_C18:0",2176.20015335083,1897.0801315307615,1922.9801445007324,1837.4601364135744,2164.360145568848,2113.520156860352,1985.520133972168,2204.52014541626
"DG(O-40:9),DG(38:2)_C18:1",3548.9402351379395,2354.5201721191406,2857.7402000427246,2414.780166625977,2905.9602088928223,3337.380256652832,3044.7202186584477,4165.020278930664
"DG(O-40:9),DG(38:2)_C18:2",5591.880359649658,4910.560390472412,4196.340286254883,7048.880500793457,3220.580249786377,5247.800327301025,2901.620212554932,5039.74031829834
"DG(dO-38:9),DG(35:2)_C16:0",2084.580142974853,1964.2601432800293,1745.6401176452637,1834.800136566162,1936.7201347351076,1963.020133972168,2312.700157165528,1997.8601188659668
"DG(dO-38:9),DG(35:2)_C16:1",1945.2201385498047,1938.280128479004,1930.8401374816892,1945.820140838623,2015.8001441955569,1917.880142211914,2096.9401245117188,1903.9601516723635
"DG(dO-38:9),DG(35:2)_C18:0",1841.100128173828,1864.320140838623,1723.660125732422,1839.900119781494,1840.7401275634768,1842.6401329040527,1890.9401245117188,1727.2401237487793
"DG(dO-38:9),DG(35:2)_C18:1",2715.8401794433594,2131.720142364502,2451.000156402588,2035.5001335144043,2359.9201736450195,2501.880176544189,2427.280170440674,2388.660179138184
"DG(dO-38:9),DG(35:2)_C18:2",3317.740257263184,3112.360237121582,2802.640193939209,3453.4802474975586,2622.3801918029785,3451.1402587890625,2634.020195007324,2799.820209503174
FA(10:0) | FA(10:0),86151.22662353516,135516.80841064453,86874.40612792969,61279.3645324707,63391.464935302734,57017.083984375,79715.86535644531,67332.82482910156
FA(10:1),112376.00830078124,154614.52935791016,116256.80767822266,90362.54766845705,105407.80853271484,78402.60546875,122507.90893554688,93064.98596191406
FA(10:2),54741.68392944336,43368.7834777832,30836.922302246094,49612.70335388184,41317.74255371094,36955.86294555664,261395.38305664065,174212.23052978516
FA(10:3),422095.5489501953,223637.97583007807,72894.14514160156,409321.7421264648,259393.22338867188,170665.03326416016,2873463.135986328,2384679.0290527344
FA(10:4),437286.2938232422,486623.65759277344,219277.09313964844,327954.9832763672,367390.2868041992,154508.0506591797,424861.8481445313,313641.4406738281
FA(10:5),379791.7857971192,394905.74517822266,90066.40692138672,292569.4000854492,341539.0827636719,93071.92602539062,364208.8229980469,263953.7177734375
FA(10:6),202393.61291503903,207580.0346069336,249302.618347168,115845.36856079102,143668.38885498047,194088.07360839844,194642.7127685547,177477.85223388672
FA(11:0),65101.80462646485,71784.22485351562,58680.10412597656,46297.88354492188,55846.42443847656,84928.42572021484,68017.26495361328,74572.36596679688
FA(11:1),134885.34838867188,153373.33044433594,138825.15014648438,112049.68798828124,150604.21130371094,342663.5828857422,163584.17028808594,249607.67846679688
FA(11:2),283973.359375,293234.96002197266,271363.8376464844,298597.19958496094,413373.8298339844,876033.0407714844,289940.6193847656,620200.2646484375
FA(11:6),998814.5041503906,1264186.7944335938,630588.9821777344,681733.9035644531,729034.7072753906,527131.5197753906,1154596.8046875,837370.7709960938
FA(12:0),92221.24597167967,99098.6880493164,68742.28448486328,68417.50512695312,87263.58612060547,66407.08508300781,103308.82739257812,78327.68603515625
FA(12:1),277139.3200683594,305438.1799316406,231654.35546875,201413.7138671875,87600.36669921875,58764.283752441406,92458.78704833984,80019.06549072266
FA(12:2),55446.32379150391,53180.423583984375,58021.02416992188,31183.22198486328,40081.64291381836,44546.72338867188,47130.60333251953,39465.98287963867
FA(12:4),72899.205078125,67140.66513061523,71380.84497070312,60227.80401611328,84950.32647705078,76483.58581542969,75503.76599121094,60228.424377441406
FA(12:5),60317.724609375,68728.24517822266,44924.72332763672,46219.40328979492,61735.64407348633,46433.16290283203,70827.1646118164,62920.58435058594
FA(12:6),102949.26745605467,126558.14807128906,105114.78787231444,69731.72497558594,86540.60498046875,93004.56677246094,118767.28771972656,102083.30743408205
FA(13:0) | FA(14:7),187169.0126953125,222094.49798583984,152711.50939941406,132857.69018554688,178316.8516845703,135199.28930664062,216804.83569335935,157439.71264648438
FA(13:0) | FA(14:7)_2,190690.11279296875,220807.49487304688,153276.7290649414,128833.04870605467,173641.99389648438,129189.42956542967,208706.3553466797,155968.77087402344
FA(13:1),238402.09765625,277017.7824707031,60251.18438720703,227197.8376464844,301436.24462890625,62246.94488525391,520917.099609375,350569.2424316406
FA(13:2),72405.50537109375,80397.32501220703,55388.884033203125,46742.202880859375,49996.883239746094,53540.38391113281,67899.52471923828,50650.52368164063
FA(14:0),114499.88806152344,113265.74877929688,114573.70880126952,81502.14685058594,93357.08740234376,111389.06713867188,109383.00769042967,107941.98721313477
FA(14:1),299644.416015625,124443.22863769533,98144.466796875,318296.12634277344,147128.6484375,145173.7713623047,573164.7746582031,294363.0626220703
FA(14:2),1519645.4305419922,467828.154296875,223880.2946777344,1970528.4403076167,394406.9296875,392010.2026367188,3813875.0881347656,3763927.862060547
FA(14:4),189071.853515625,152931.59121704102,80951.36611938477,172297.71069335938,213679.09259033203,120537.7290649414,264757.1960449219,154533.3291015625
FA(14:5),199631.61474609372,146348.71057128906,94140.5867919922,165596.1915283203,275945.1403808594,149277.32946777344,262954.65869140625,202235.59399414065
FA(14:6),439660.7534179688,273807.63720703125,107476.36779785156,381246.7619628906,697799.1112060547,90679.20611572266,661838.9653320312,396432.84521484375
FA(15:0) | FA(16:7),738930.4152832031,742590.931640625,533466.6372070312,652370.2475585938,217898.5958251953,133202.6895751953,679671.3134765625,516211.5715332031
FA(15:0) | FA(16:7)_2,685467.8449707031,619460.4067382812,523463.7766113281,637350.2023925781,194811.17211914065,141519.25061035156,718490.2155761719,539234.6767578125
FA(15:1),809285.4131469727,215130.9140625,125106.92895507812,1467095.617980957,177345.634765625,165433.11096191406,3280506.700317383,2366154.1364746094
FA(15:2),43249.48324584961,66676.923828125,54351.10385131836,29613.10221862793,34739.84240722656,45724.52313232422,47492.86364746094,42066.80270385742
FA(15:3),41029.76303100586,53037.94305419922,52474.64358520508,28400.80206298828,31177.742218017574,63300.04455566406,35951.66250610352,47383.6037902832
FA(15:5),54278.564453125,67527.98431396484,68980.28442382812,36617.88269042969,36118.36260986328,58002.34457397461,47562.763122558594,45156.04299926758
FA(15:6),66516.34490966797,77325.70526123047,73828.66455078125,47746.02362060547,53827.84405517578,64147.74450683594,62166.92419433594,60232.74362182617
FA(16:0),645215.8686523438,526763.4384765625,726291.41796875,488801.654296875,352079.166015625,429548.9128417969,770469.595703125,654028.2863769531
FA(16:1),127697.53045654295,102101.10705566406,129498.6495361328,99549.1470336914,61379.76446533203,79839.90576171875,180523.45281982425,136675.09024047852
FA(16:2),57397.283752441406,65832.24499511719,62486.98406982422,40328.10299682617,37807.00256347656,51586.723541259766,60159.26434326172,56832.16342163086
FA(16:3),2231531.12890625,2487696.7060546875,2335344.693847656,1634581.759765625,1866669.0166015625,1827966.6557617188,2202209.0078125,1817730.4453125
FA(16:4),49295.72351074219,61957.104553222656,56543.144287109375,42030.60250854492,43101.16271972656,102653.44647216795,50643.563415527344,126979.64962768556
FA(16:5),56553.94366455078,64689.384521484375,66772.54473876953,43066.14352416992,45351.28332519531,97576.4252319336,61644.72448730469,115021.61083984376
FA(16:6),130507.94982910156,135869.9501953125,120946.46862792967,91454.48693847656,80087.70611572266,88644.28582763672,132145.55017089844,106719.28698730467
FA(17:0) | FA(18:7),122381.86889648438,131806.830078125,141816.91088867188,85090.48681640625,84744.06561279297,102528.00634765624,120427.14862060548,109170.70849609376
FA(17:0) | FA(18:7)_2,131161.59008789062,123652.1279296875,144682.8104248047,87491.38684082031,89567.88659667969,113205.72778320312,126325.48919677734,111660.7860107422
FA(17:1),104903.7471923828,97792.14666748048,106686.12762451172,70598.48419189453,59046.48406982422,75545.36584472656,93923.88623046876,81466.76623535156
FA(17:2),601045.2211914062,742510.9765625,773744.7990722656,370202.58740234375,429030.0505371094,575790.8442382812,547086.4614257812,411837.5258789063
FA(17:3),94913.26721191406,99407.42724609376,94047.44720458984,61025.94421386719,71452.16494750977,75115.28540039062,93175.24743652344,74831.76501464844
FA(17:4),57550.20440673828,68250.10498046875,60771.14453125,39119.80239868164,40368.42262268066,49072.98300170898,54560.52368164063,50998.203552246094
FA(17:6),81475.84649658203,75464.10498046875,74721.8256225586,64163.1650390625,45728.64337158203,62558.84448242188,96813.34594726562,80416.98510742188
FA(18:0),754406.6171875,764491.0615234375,884605.8779296875,497993.17041015625,459354.728515625,545037.818359375,858343.201171875,469767.75390625
FA(18:1),661384.3684082031,523048.296875,594474.6875,617650.2280273438,220864.59619140625,316648.65869140625,562298.5451660156,292115.7000732422
FA(18:2),660572.5200195312,503097.5051269531,611825.6506347656,927153.3852539062,207997.517578125,310455.9208984375,487558.4465332031,233555.1187744141
FA(18:3),134410.40942382812,96881.78643798828,133264.5902709961,130452.76934814452,76753.38580322266,77634.74499511719,169125.49450683594,116537.30813598631
FA(18:4),56357.383361816406,60429.224365234375,64220.625,42011.762603759766,39540.88287353516,50289.003662109375,56536.40390014648,44690.22296142578
FA(18:5),89305.88647460938,97701.94750976562,93600.50653076172,64045.58438110352,44462.463134765625,60686.16387939453,68382.52453613281,53716.48394775391
FA(18:6),117884.62829589844,112304.20776367188,124544.34887695312,78978.56573486328,67669.3646850586,92150.68676757812,117733.92810058594,116623.8057861328
FA(19:0),2315974.280273437,2776627.404296875,2746381.563964844,1702666.3310546875,1713312.0322265625,1945046.78515625,2608608.74609375,1563228.015625
FA(19:1),149600.87084960938,154604.43060302734,167175.8501586914,92956.98699951172,88544.82623291016,103455.98803710938,126592.25036621094,84291.64611816406
FA(19:2),476079.4497070313,572148.5578613281,665926.1489257812,283246.3410644531,305045.8010253906,401086.568359375,434724.369140625,269995.1198730469
FA(19:4),248042.2998046875,289031.0186767578,313366.09844970703,99841.18719482422,128573.22772216795,185404.3125610352,223657.11401367188,174585.61212158203
FA(19:5),90125.7055053711,94100.30673217772,92971.9267578125,53990.34387207031,57643.323638916016,67684.56481933594,88564.36682128906,61846.70474243164
FA(19:6),162091.97229003906,182587.7131347656,189906.2339477539,113597.00885009766,91260.8270263672,119932.14868164062,179256.1318359375,100060.60760498048
FA(20:0),6571321.9453125,8087654.220703125,8211944.499023437,4345354.921875,5111629.9111328125,6059944.365234375,6026175.546875,4558900.666015625
FA(20:1),203307.27575683597,230288.95556640625,241498.5771484375,137423.58923339844,137811.39135742188,164745.31005859375,176257.53186035156,122249.20947265624
FA(20:2),137854.70861816406,148490.23046875,151847.8505859375,101639.1880493164,95504.32641601562,107024.80688476562,116541.10778808594,81406.56567382812
FA(20:3),191228.2344970703,155273.11108398438,171068.0526123047,143538.2696533203,97968.30639648438,92243.50592041016,138737.9691772461,86315.20611572266
FA(20:4),688811.8908691406,287697.64013671875,448236.7629394531,542373.687286377,122007.44622802734,135895.43133544922,257850.5776977539,93717.9065246582
FA(20:5),209788.65258789065,167191.51000976562,189345.2744140625,190220.7331237793,89477.78643798828,129448.208984375,157947.8516845703,87148.82696533203
FA(20:6),297578.4169921875,311719.6994628906,347369.68713378906,248930.7789306641,193022.85546875,213774.615234375,417155.4645996094,219002.01171875
FA(21:0),5168671.0859375,6027373.415039063,6411859.42578125,3470156.28125,4004098.4228515625,4724985.44140625,4701815.265625,3651668.987304688
FA(21:1),150387.35009765625,156848.91119384766,173143.3328857422,85048.20654296875,99938.22692871094,121714.86853027344,111564.16735839844,96743.1664428711
FA(21:2),167712.93029785156,183022.05151367188,197928.55615234372,94882.54663085938,112989.62866210938,150852.0107421875,131187.310546875,114104.16857910156
FA(21:3),82735.12623596191,94807.10723876952,102770.52746582033,56592.163818359375,65605.90447998047,66445.68475341797,78603.78540039062,58475.40441894531
FA(21:5),252939.37756347656,231872.27734375,233121.39477539065,245340.0382080078,171923.49365234375,175175.83374023438,468567.5837402344,157572.1102294922
FA(22:0),1600768.984375,1862360.9912109373,1996064.23828125,1007010.4921875,1206867.52734375,1428234.125,1448357.3740234375,1017984.0830078124
FA(22:1),113251.60778808594,112473.30737304688,135497.9097290039,71545.08428955078,78892.34521484375,89871.4467163086,107628.20672607422,75806.08520507812
FA(22:2),69500.38488769531,67285.96502685547,84116.48611450195,44360.34353637695,43441.403259277344,53049.18341064453,64551.96441650391,38627.66275024414
FA(22:3),84097.2865600586,81156.12609863281,90541.7470703125,52641.723571777344,53231.9631652832,61068.08416748047,82179.00604248047,56438.84405517578
FA(22:4),112466.66705322266,103617.9481201172,120637.68872070312,77674.70587158203,59411.664154052734,75345.18505859375,77379.10552978516,58381.50384521485
FA(22:5),215636.03173828125,174010.4130859375,221284.45458984372,177486.3701171875,127960.48815917967,124204.74877929688,148016.73107910156,94104.32717895508
FA(22:6),556098.2546386719,628292.2260742188,790782.3935546875,422040.0708007813,434296.1376953125,462029.21240234375,503235.576171875,336642.06494140625
FA(22:7),5187050.005859375,5950215.5517578125,6554437.4970703125,3566127.5234375,4143757.6875,4648213.805664063,4620165.1796875,3538397.22265625
FA(23:0),130890.46936035156,169072.31176757812,179032.47241210938,86125.4859008789,109285.02758789062,119602.3074951172,131457.5887451172,99279.20703125
FA(23:1),83774.48620605469,101084.4462890625,107900.84741210938,54511.48400878906,67154.98486328125,74168.36486816406,82978.60552978516,61581.54473876953
FA(23:6),227330.3349609375,241580.33618164065,265608.34033203125,130780.98852539062,164390.1925048828,194521.17236328125,210051.49353027344,139479.67211914062
FA(24:0),127193.62817382812,166446.95166015625,204973.4938964844,84107.3666381836,96536.4659423828,130046.94897460938,128052.92907714844,83584.326171875
FA(24:1),63156.80456542969,83820.58654785156,94603.5269165039,45720.76287841797,52484.32342529297,64810.08428955078,56971.38354492188,46993.52307128906
FA(24:10),138367.8887939453,156696.9482421875,184249.0555419922,93367.88696289062,122976.9893798828,233079.5159912109,128345.2685546875,182252.93389892575
FA(24:12),105876.1671142578,115828.748046875,126053.1885986328,71250.34497070312,75490.54559326172,82893.68536376953,88760.82641601562,67805.544921875
FA(24:2),50362.18280029297,67787.3645324707,77306.10623168945,35225.80261230469,38242.34286499024,47195.84344482422,49355.403564453125,34173.86233520508
FA(24:3),72469.98419189453,98030.9461669922,107428.34759521484,50839.30337524414,56770.283752441406,64841.70407104492,77397.7660522461,52154.48400878906
FA(24:4),64590.88470458984,96516.04754638672,102692.8077392578,56242.24346923828,56839.8641204834,61760.244384765625,91055.96600341795,49626.10330200195
FA(24:5),108997.78759765624,164153.25036621094,170535.5499267578,85821.08612060547,91588.00732421876,93492.76574707033,127195.00762939452,78986.98559570312
FA(24:6),110640.4676513672,143682.51232910156,151576.6514892578,82044.96575927734,93455.94732666016,84810.18579101562,103480.7470703125,74781.04486083984
FA(24:7),139263.36889648438,173191.93188476562,192792.01171875,88177.36669921875,114272.42797851562,135323.76977539062,133348.6279296875,101694.26641845705
FA(25:0),82230.12548828125,109951.98748779295,117464.60809326172,59669.883850097656,71788.26538085938,85416.66680908203,79980.5648803711,60384.024658203125
FA(25:1),100965.02795410156,115790.80889892578,138304.4288330078,70077.70489501953,78534.3860168457,106881.16748046876,93989.12646484376,81111.46557617188
FA(25:4),95530.2664794922,138952.47143554688,118225.68762207033,76967.88583374023,85080.52526855469,68276.28466796875,128378.74993896484,76093.26446533203
FA(26:0),103469.94738769533,124273.94848632812,142449.05004882812,68312.8046875,77812.26544189453,92543.08520507812,99174.96728515624,73375.94522094727
FA(26:1),121000.01025390624,145374.8897705078,155834.37075805664,72400.06512451172,88020.24688720703,109468.68780517578,105697.8878173828,89354.9468383789
FA(26:2),86420.46618652344,102983.36743164062,94155.74645996094,49149.343353271484,69458.64477539062,86591.24609375,79055.62579345703,58279.86358642578
FA(26:3),71011.52471923828,87331.90661621094,85716.38671875,44506.44366455078,53172.743225097656,59561.64410400391,70603.32513427734,46466.54382324219
FA(26:4),77757.54486083984,89970.2260131836,95117.70751953124,48287.08349609375,54529.32305908203,72659.76538085938,73394.84484863281,50296.42330932617
FA(26:5),73382.44580078125,86311.12670898438,90461.8462524414,50163.42413330078,55398.80392456055,61638.184631347656,76892.82568359375,51307.5439453125
FA(26:6),108267.607421875,125373.34948730467,139677.24798583984,71734.5845336914,86015.52612304688,101115.44702148438,106205.08825683594,82038.46618652344
FA(27:0) | FA(28:7),146034.1102294922,188012.0538330078,193885.83544921875,89890.66650390625,98747.70666503906,147253.4122314453,138121.97106933594,113369.34796142578
FA(27:0) | FA(28:7)_2,128680.64892578124,165732.47229003906,168896.57196044922,79784.34545898438,85858.84637451172,120562.30786132812,114595.208984375,100155.52813720705
FA(27:1),62051.504455566406,81980.30651855469,81543.98608398438,41957.90313720703,44599.46298217773,56044.604064941406,53910.68353271485,40577.22290039063
FA(27:2),60808.90451049805,84619.2265625,77000.94500732422,39195.703125,52889.16372680664,52929.184143066406,60248.384185791016,44468.88311767578
FA(27:3),106847.0073852539,132380.34924316406,147263.509765625,65367.484924316406,75724.06558227539,100610.1864013672,98885.60705566406,71795.90496826172
FA(27:4),78848.1859741211,99007.96618652344,98946.4066772461,51971.90350341797,59464.98422241211,70103.10583496094,72420.30493164062,58035.32440185547
FA(28:0),68204.70529174805,90827.7470703125,85868.46551513672,48789.243225097656,58805.24462890625,67556.24475097656,61356.08435058594,47133.30325317383
FA(28:1),284066.52197265625,273438.3203125,155710.58984375,227269.89794921875,464305.3952636719,812569.5010986328,383689.3288574219,235145.8154296875
FA(28:2),55849.50341796875,67157.90460205078,67888.28475952148,36926.202728271484,43603.0029296875,47535.18383789063,51901.504455566406,35007.002532958984
FA(28:3),59322.84436035156,75803.66561889648,81296.32629394531,42930.04321289063,57586.74392700195,64299.624267578125,74564.04541015625,49695.36318969727
FA(28:4),50507.06384277344,69838.06506347656,76243.18572998047,35836.202697753906,40653.16271972656,48301.283447265625,47211.02307128906,36214.12268066406
FA(28:5),55059.80334472656,72262.3251953125,69433.12466430664,37238.48257446289,46111.28350830078,53014.563415527344,49472.64343261719,37359.723083496094
FA(28:6),107953.88684082033,141490.67083740234,138550.66857910156,80581.36511230469,97377.9481201172,114150.8871459961,100899.16784667967,78653.66510009766
FA(29:0),1068307.5279541016,1060020.9743652344,207469.4547119141,870844.2077636719,1504332.29296875,432873.7963867188,1692871.58203125,938963.3247070312
FA(29:1),48091.30389404297,69921.78515625,62460.42431640625,41342.962890625,45223.72302246094,40332.462799072266,58174.304107666016,34082.64224243164
FA(29:2),164151.09204101562,218352.55590820312,127971.04962158205,115458.84771728516,134291.68942260742,107668.32788085938,170052.51123046875,91029.0068359375
FA(29:3),78250.525390625,87544.42565917969,93984.78631591795,46994.92364501953,69013.5453491211,77756.32556152344,83269.50598144531,57979.02383422852
FA(2:0),17828.161346435547,24527.141693115234,25806.142120361328,13579.560897827148,12837.680877685549,11839.580825805664,17618.621170043945,10762.400634765623
FA(30:1),42016.48306274414,52680.4836730957,62035.52404785156,29815.38180541992,34103.822509765625,39613.302734375,47010.8434753418,30217.2421875
FA(30:2),46295.14294433594,52612.28369140625,62435.7043762207,29671.92202758789,38863.84259033203,37898.322509765625,45687.66320800781,32142.082153320312
FA(30:3),41724.66278076172,51978.38391113281,58929.94418334961,28785.501953125,40186.243072509766,39201.5228881836,47599.46319580078,33464.26257324219
FA(30:4),43816.08337402344,61151.8041381836,64210.08514404297,35794.72262573242,37434.68237304688,43159.66326904297,41175.78286743164,30128.722290039062
FA(30:5),46970.72332763672,58199.00378417969,68226.16522216797,31788.461791992188,39677.882888793945,42630.36322021485,44273.743408203125,31176.962127685547
FA(30:6),93068.32604980467,115463.1474609375,90726.3060913086,74819.96545410156,98254.14697265624,76590.185546875,116257.0693359375,72553.64538574219
FA(31:0),79943.96575927734,102574.20724487305,92116.74627685548,60412.96380615234,72640.06555175781,93876.28778076172,88877.4653930664,53313.4642944336
FA(32:0),36302.32229614258,42318.74264526367,50646.68322753906,21913.38168334961,25733.481658935547,32999.72229003906,30137.621795654297,23386.181854248047
FA(32:1),31813.142364501957,36909.90240478516,45444.983306884766,19825.321548461918,22989.661651611328,26789.48200988769,26124.781707763672,21318.421493530277
FA(32:4),42924.18307495117,54699.74407958984,65071.2643737793,30635.62226867676,36271.78233337402,39385.42303466797,39203.16278076172,28660.721893310547
FA(32:5),40901.48300170898,48993.08361816406,53184.32437133789,27174.001953125,29565.98197937012,34759.062408447266,36069.922912597656,24474.262084960938
FA(32:6),53458.86346435547,73087.74548339844,74434.62536621094,40970.402770996094,42836.883239746094,47353.62350463867,48936.30322265625,34293.96206665039
FA(33:0),32495.722534179688,37465.70245361328,45983.78335571289,21447.38165283203,26560.521896362305,29169.702239990234,29451.10220336914,21139.641525268555
FA(34:0),34389.40213012695,44178.422790527344,50147.163330078125,22792.821563720703,29095.461975097656,32081.36215209961,31951.28213500977,24464.421661376957
FA(34:1),130883.68872070312,176552.1522216797,211374.01525878903,90290.12664794922,91148.88623046876,136347.4892578125,120419.66748046876,89605.70617675781
FA(34:5),50500.303283691406,63009.664489746094,77310.02508544922,33448.84240722656,38570.80261230469,47640.34387207031,45361.6833190918,35499.90283203125
FA(34:6),55819.043853759766,66090.26470947266,82057.22576904297,45385.90319824219,44189.96298217773,56852.54412841797,50404.24365234375,36971.8825378418
FA(35:0),28099.40216064453,33374.06246948242,36792.68225097656,17064.521270751953,19702.50134277344,26718.621795654297,26181.2216796875,19654.04136657715
FA(36:0),25561.34196472168,29985.022064208984,36032.8625793457,14293.161079406738,18755.16128540039,25517.1618347168,22766.50184631348,16104.381187438965
FA(36:4),41750.14297485352,49776.00390625,58166.823974609375,24934.1015625,30509.402282714844,42482.04251098633,36203.46237182617,26927.06188964844
FA(36:5),35053.46244812012,36102.42263793945,47566.04345703125,21395.941680908203,24407.321884155277,35911.14242553711,31948.301971435547,22828.88168334961
FA(37:0),36529.00238037109,41127.84246826172,54022.82354736328,22144.541748046875,23764.181579589844,33606.78210449219,31999.60217285156,25223.121826171875
FA(38:0),24823.96188354492,27172.621612548828,37911.16259765625,15356.121109008787,16967.92088317871,20987.041427612305,20878.461456298828,14730.061065673828
FA(38:4),44119.70314025879,47489.88342285156,50002.7236328125,29497.202209472656,37243.00253295898,51850.30337524414,51483.663818359375,36291.08267211914
FA(38:5),33636.70213317871,40743.1032409668,44011.302734375,22376.761657714844,29366.48217773437,29486.882431030277,30768.522079467773,22618.941596984863
FA(38:6),34648.882263183594,39794.902770996094,48834.56396484375,19630.96125793457,23187.38165283203,26988.08184814453,29587.28207397461,22153.78175354004
FA(3:0),4482.140319824219,4597.760311126709,4579.500350952148,3560.440254211426,3050.000213623047,3620.560245513916,5008.480346679688,4207.400333404541
FA(3:1),7818.820575714111,5988.140438079834,7548.520568847656,4188.900295257568,4766.760322570801,5751.020355224609,6866.700538635254,5925.840492248535
FA(40:6),31792.70248413086,37352.88269042969,42012.102783203125,19600.181381225582,23163.861907958984,28148.5419921875,28806.242095947266,21037.74157714844
FA(42:6),30040.161987304688,31815.262420654297,38066.90264892578,18142.201293945312,20504.16142272949,21306.72158813477,26655.381561279297,19025.34145355225
FA(46:0),24801.461639404297,28179.221923828125,32714.002075195312,12775.42106628418,15417.240936279297,18921.16133117676,20260.92140197754,14021.341049194336
FA(4:0),51313.103424072266,64243.5849609375,66734.44515991211,40037.942947387695,43112.76348876953,46957.96371459961,48692.423828125,37983.262756347656
FA(4:1),185144.47178649905,205354.29486083984,181710.8140869141,142540.83056640625,178615.33381652832,145323.25091552734,196501.0135498047,144332.41076660156
FA(5:0),39949.22283935547,49551.0037689209,40205.52294921875,31329.24224853516,40894.442779541016,73566.98487854004,46736.52346801758,52613.94345092773
FA(5:1),32936.06231689453,44999.5026550293,47211.6435546875,30356.80206298828,35648.96243286133,98485.54666137695,34313.46240234375,47190.4033203125
FA(5:2),128172.54956054688,118309.2476196289,269631.0809326172,65289.344635009766,112852.06744384766,79711.00567626953,94314.28704833984,72799.68487548828
FA(6:0),20386.801544189453,28527.42185974121,28991.502197265625,18422.68119812012,20830.34149169922,24141.86166381836,26027.221725463867,20946.121520996094
FA(6:1),882140.181640625,1094526.3383789062,979649.985107422,714356.8500976562,776516.9584960938,694014.2524414062,869114.04296875,677854.3315429688
FA(6:2),44794.742736816406,62082.96435546875,65338.364685058594,34299.582458496094,40017.38305664063,58504.563873291016,44596.36309814453,36455.42269897461
FA(7:0),64934.46472167969,81325.0859375,70096.12469482422,50482.22381591797,55622.52369689941,57796.18444824219,71376.60516357422,53214.26449584961
FA(7:1),37755.34292602539,47518.00314331055,63641.48406982422,21803.46156311035,21323.42135620117,39634.8024597168,30026.602325439453,20818.74136352539
FA(7:2),19605.74133300781,23007.181411743164,22197.3214263916,17137.14126586914,20275.401428222656,16739.941131591797,24418.04173278809,17648.82123565674
FA(7:3),19023.841583251957,22816.38153076172,20653.7215423584,19200.301315307617,25410.561851501465,14160.46110534668,28031.66192626953,18338.421295166016
FA(8:0),21321.501525878903,25850.541717529297,28691.68194580078,14087.800796508787,17503.58123779297,28070.52226257324,18530.401138305664,17437.741302490234
FA(8:1),8998.600662231445,11668.74089050293,12213.020889282228,6565.000473022461,7693.600524902344,10229.98080444336,9582.900527954102,8190.580627441406
FA(8:2),20844.20150756836,22548.16159057617,25051.601501464844,18285.36116027832,20783.8415222168,68264.32415771484,21382.90148925781,33968.7619934082
FA(8:5),86326.0859375,93036.18615722656,107169.4874267578,186159.19494628903,261961.75537109372,1262479.9059448242,117308.12731933594,611859.5356445312
FA(8:6),53915.70468139648,62262.78396606445,55711.78393554688,41687.14279174805,38724.762603759766,33374.22283935547,46771.50369262695,38598.22271728516
FA(9:0) | FA(10:7),293247.0785522461,368100.3473510742,371640.4859466553,204766.59497070312,220279.67642211917,229213.6365966797,253729.05657958984,236367.85638427731
FA(9:0) | FA(10:7)_2,301458.28076171875,390312.58752441406,370900.1687316895,207131.2133178711,217516.59692382807,235920.998046875,267498.278503418,247009.2371826172
FA(9:1),20211.98156738281,22414.761260986328,25248.10189819336,12574.240951538086,15090.181015014648,23155.90151977539,18291.861450195312,16210.72119140625
FA(9:2),13783.280899047852,16377.321105957031,18339.161224365234,10869.180725097656,11987.32080078125,18864.82110595703,16981.52114868164,15290.781066894531
"LPC(10:0),PC(O-10:0)",1428.1000938415527,1453.4401092529297,1174.6400871276855,1104.760082244873,1102.2800827026367,1092.4800720214844,1055.5200729370115,997.8600769042968
LPC(12:0),1167.880084991455,1170.7000770568848,1111.560073852539,1022.900074005127,1069.3200721740725,1005.6600685119628,995.720069885254,1092.7000732421875
"LPC(14:0),PC(O-14:0),LPC(O-15:0)",1604.360126495361,1352.7800903320312,1572.0201263427734,1111.100082397461,1090.1800804138184,1676.5001068115234,1104.0400733947754,1240.5200729370115
"LPC(14:1),LPC(P-15:0)",1340.2000923156738,1335.0600929260254,1178.700080871582,1100.3000831604004,1090.5000648498535,1294.0600929260254,995.6600685119628,1065.7000732421875
"LPC(15:1),LPC(O-16:1),LPC(P-16:0)",1307.0200996398926,1208.4400939941406,1240.0200805664062,1028.7600746154783,1117.2400817871094,1253.2200813293457,1049.700080871582,1008.000072479248
"LPC(16:0),PC(O-16:0),LPC(O-17:0)",45387.22283935547,45943.44303894043,35035.64289855957,16541.360862731934,18506.321739196777,57082.30383300781,31150.0824508667,27677.8422164917
"LPC(16:1),LPC(P-17:0)",2332.360149383545,2281.680160522461,1877.2001419067385,1786.4601249694824,1356.0800857543943,2928.040184020996,2070.740146636963,2342.3201751708984
"LPC(17:1),LPC(O-18:1),LPC(P-18:0)",1284.860088348389,1221.7200889587402,1531.6401023864746,1315.200080871582,1342.800090789795,1419.3200798034668,1051.3800811767578,1208.8200912475586
"LPC(17:2),LPC(P-18:1)",1256.1800956726074,1307.9600982666016,1196.0800819396973,1007.2000732421876,1067.260066986084,1142.860092163086,1121.0800895690918,1112.5200881958008
"LPC(18:0),PC(O-18:0),LPC(O-19:0)",23066.86191558838,27040.362201690677,15425.6011428833,9971.860530853271,10644.580768585203,25731.121421813965,21425.20143508911,11187.340579986572
"LPC(18:1),PC(O-18:1),PC(P-18:0)",9997.500717163086,11688.020835876465,8314.540649414062,5701.920402526856,5858.780460357666,13757.781044006348,7638.20055770874,12746.880878448486
"LPC(18:2),LPC(P-19:1)",14313.60097503662,17855.6612739563,11268.080688476562,16267.761013031006,9846.360733032228,31992.401977539062,14001.980850219728,28339.081886291504
LPC(18:3),1335.5401039123535,1473.1001205444336,1251.1400909423828,1839.3001251220703,1420.9201011657717,1958.6401023864744,1360.5801048278809,1266.8000946044922
LPC(18:4),1028.7600746154783,1117.7400741577148,1113.3200759887695,997.1400756835938,1032.7800674438477,1057.1600761413574,1030.880069732666,1020.200065612793
LPC(19:3),1086.020076751709,1113.820083618164,1050.5800819396973,1035.2200736999512,1009.9600677490234,1136.0000762939453,1062.5800857543943,1013.7400817871094
"LPC(20:2),PC(O-20:2)",1374.2001037597656,1341.9600944519043,2138.640151977539,1270.3600845336914,1467.4801063537598,1448.9600868225098,1252.0000839233398,2011.9001426696775
LPC(20:3),2857.140235900879,2627.940196990967,2068.160118103028,3040.920154571533,2086.160118103028,4810.38041305542,4523.280345916748,3230.7803115844727
LPC(20:4),8569.040657043457,11492.48067855835,8330.020626068115,11475.341053009031,9734.08060836792,16532.981258392334,19331.60078048706,20369.881275177
LPC(20:5),1794.0601081848145,2275.700122833252,1501.880126953125,1151.6000862121582,1247.3200759887695,2010.040126800537,1176.9800872802734,1436.8601036071775
LPC(22:2),1175.920078277588,1140.100082397461,1060.940071105957,1195.5400733947754,1074.9800834655762,1329.8800888061523,1143.4800834655762,1094.0400657653809
LPC(22:4),1622.1201286315918,1488.1001052856443,1605.6201171875,1286.8201026916504,1170.62007522583,1438.0001029968262,1241.5000839233398,1376.8200912475586
LPC(22:5),2035.260154724121,2068.860153198242,1572.6601219177246,1573.5801277160645,1377.8200912475586,2229.120182037353,1960.2201499938965,1956.0201606750488
LPC(22:6),5988.1403732299805,6984.740516662598,5200.500465393066,6632.640525817871,5475.9004554748535,9716.480903625488,10659.280963897703,11434.56085586548
LPC(24:0),1901.860134124756,2443.28018951416,1756.0201606750488,1317.660099029541,1363.3400917053225,2404.4801483154297,1194.4400787353516,1535.1200904846191
LPC(24:1),1292.4200897216797,1168.2200813293457,1045.2000694274902,1136.0600776672363,996.2000694274902,1438.4600982666016,1146.7800750732422,1337.2600936889648
LPC(2:0),1156.3400840759275,1132.7200813293457,1056.940071105957,956.220069885254,1004.8200721740724,1069.04008102417,1056.9400787353516,1048.2400703430176
"LPC(3:0),PC(O-3:0)",1083.12007522583,1189.5000839233398,1249.0000801086426,967.1600761413574,997.100067138672,1192.5200881958008,969.9400749206544,1097.740062713623
LPC(3:1),1043.54008102417,1001.5200729370116,1112.680076599121,1034.8600769042969,953.2400665283204,1009.080078125,1017.3800659179688,1021.080078125
"LPC(4:0),PC(O-4:0),PC(O-5:0)",1249.2800903320312,1130.6600799560547,1139.620086669922,956.7600708007812,1032.4200706481934,1220.7400817871094,1015.5800666809082,958.8000717163086
LPC(6:0),1158.900074005127,1338.2000923156738,1186.800090789795,1034.680076599121,995.2600746154784,1057.5200843811035,981.5400733947754,973.4000701904296
LPC(8:0),1299.5800895690918,1165.1400756835938,1124.5600776672363,1033.8000717163086,1039.5200653076172,1019.2800674438477,1017.9800720214844,1064.8200798034668
LPC(O-10:1),1028.580062866211,1015.020076751709,1086.8000831604004,1029.640064239502,984.4400634765624,1064.9800720214844,974.9400672912598,1010.3000717163086
LPC(O-20:4),1128.3800773620603,1061.020076751709,1173.840068817139,1048.2200775146484,1007.5000801086426,1133.0200805664062,1028.840072631836,1010.0000801086426
LPE(12:0),1259.1000862121582,1243.560089111328,1390.680103302002,1252.7000885009766,1224.6600799560547,1338.320095062256,1301.1800804138184,1233.2600860595703
LPE(14:0),1410.1600952148438,1234.5600929260254,1224.800090789795,1227.1400871276855,1262.8000984191897,1246.2800827026367,1290.4400787353516,1245.0800895690918
LPE(14:1),1317.6400985717771,1293.4000930786133,1222.9600868225098,1317.6600952148438,1276.4200820922852,1288.380084991455,1226.7400856018066,1223.5000801086426
"LPE(15:1),LPE(P-16:0)",1236.4400901794434,1260.7600898742676,1268.2400856018066,1258.800090789795,1210.0000839233398,1239.160083770752,1220.7800750732422,1210.5800857543943
LPE(16:1),1592.200107574463,1496.1601104736328,1438.5001029968262,1593.1201286315918,1483.5401039123535,1707.2401275634766,1496.2201080322266,1231.940086364746
"LPE(17:1),LPE(O-18:1),LPE(P-18:0)",1278.1400909423828,1324.1800994873047,1304.240089416504,1342.1601028442385,1262.5001029968262,1218.4800872802734,1255.4600791931152,1240.2600860595703
LPE(17:2),1428.6001091003418,1223.4000930786133,1278.620086669922,1304.780086517334,1260.5800857543943,1245.940097808838,1393.3200912475586,1244.4400749206543
LPE(18:1),2037.9201316833496,4260.100269317627,4032.860248565674,2898.360210418701,5557.320426940918,3951.180286407471,2772.1602058410645,2445.860191345215
"LPE(18:2),LPE(P-19:1)",1434.58012008667,3487.080177307129,3015.1802101135254,2441.940158843994,3421.14026260376,2875.220203399658,2166.4001502990723,1735.3201179504397
LPE(18:3),1239.0200805664062,1317.7600784301758,1338.7200813293457,1365.3000984191897,1435.1600875854492,1288.860080718994,1298.8400917053225,1210.3400802612305
LPE(18:4),1251.7400856018066,1265.200080871582,1308.900089263916,1258.4400749206543,1226.7200889587402,1253.3800811767578,1220.5000762939453,1209.7200775146484
"LPE(19:1),LPE(P-20:0)",1219.7000885009766,1300.840087890625,1249.320095062256,1234.6000900268557,1258.1800842285156,1225.4400749206543,1264.600082397461,1210.000087738037
LPE(20:0),1540.8201141357422,1338.2401008605957,1384.4001007080078,1248.560089111328,1280.3600997924805,1357.9000930786133,1265.9400939941406,1209.1400909423828
LPE(20:1),1473.9600868225098,1559.0801124572754,1431.840103149414,1332.1200904846191,1374.7600936889648,1408.6400985717771,1293.0000915527344,1214.800075531006
LPE(20:2),1315.9800910949707,1335.0600929260254,1249.2800788879397,1316.260097503662,1282.660099029541,1282.8200798034668,1324.6601104736328,1414.0800971984863
LPE(20:3),1259.04008102417,1473.340103149414,1442.620101928711,2004.2401580810547,1912.680160522461,1551.4801025390625,1437.1801071166992,1305.1800918579102
LPE(20:4),3463.8002891540527,4233.480327606201,3462.2802238464355,6348.6604347229,3905.240257263184,4860.860286712647,3765.02031326294,1989.1401405334475
LPE(20:5),1350.1000938415527,1364.860088348389,1467.6401023864746,1363.3800926208496,1399.5401000976562,1347.880084991455,1457.2000999450684,1372.8201026916504
LPE(22:0),1455.0201110839844,1435.0200958251953,1223.140079498291,1218.8600769042969,1251.7800827026367,1414.400089263916,1288.3800811767578,1276.5400924682615
LPE(22:1),1259.020092010498,1273.900089263916,1305.8400840759275,1292.5000953674316,1286.6600914001465,1210.3600845336914,1434.020092010498,1209.3400917053225
LPE(22:2),1297.2400932312012,1285.420093536377,1392.9401016235352,1219.5600814819336,1360.4800987243652,1278.020076751709,1221.7200965881348,1209.680088043213
LPE(22:4),1558.2401008605957,1628.780117034912,1390.5000915527344,1600.1001091003418,1743.120101928711,1503.340114593506,1297.9000816345217,1284.0600814819336
LPE(22:5),1455.5401000976562,1868.8401412963867,1457.6201095581057,1666.460117340088,1701.5801048278809,1665.780101776123,1468.4801063537598,1328.6600952148438
LPE(22:6),2506.640193939209,4443.400241851807,3188.6202087402344,3291.060272216797,4077.840244293213,4154.260196685791,3642.440280914306,2401.680160522461
LPE(24:1),1350.500114440918,1267.2600898742676,1277.460075378418,1303.8400840759275,1249.2400817871094,1403.4400939941406,1226.000087738037,1236.6600799560547
LPE(24:6),1397.8201026916504,1278.380084991455,1318.0801048278809,1312.1400985717771,1311.700096130371,1404.2201080322266,1252.8800888061523,1222.360080718994
LPE(O-16:0),1287.1200904846191,1307.04008102417,1284.820087432861,1402.8400993347168,1354.8800926208496,1256.280086517334,1300.5600852966309,1287.280086517334
LPE(O-20:0),1341.5601081848145,1388.4200897216797,1318.7601013183594,1332.4400939941406,1419.4001083374023,1447.7000923156738,1332.0400924682615,1256.7600898742676
LPE(O-20:4),1294.940086364746,1298.5001029968262,1305.360092163086,1233.320083618164,1230.1800956726074,1283.1600799560547,1294.8800926208496,1226.240089416504
LPG(14:0),1296.1000938415527,1271.4400939941406,1278.9200897216797,1249.520092010498,1310.080078125,1319.1400871276855,1307.7000846862793,1264.8400955200195
LPG(14:1),1331.4201011657717,1350.7800941467283,1289.4200820922852,1257.320087432861,1410.640106201172,1333.5200958251953,1385.0401039123535,1253.6400909423828
"LPG(15:0),LPG(O-16:0)",1347.660099029541,1271.260082244873,1402.080093383789,1331.3600997924805,1350.6200942993164,1306.820087432861,1398.5600967407229,1284.7600860595703
"LPG(15:1),LPG(P-16:0)",1279.54008102417,1330.4000778198242,1279.1200828552246,1288.9601020812988,1293.180088043213,1347.60009765625,1249.860092163086,1248.8000869750977
LPG(16:0),1292.880084991455,1420.5801010131836,1313.3400917053225,1315.3400917053225,1271.6000862121582,1257.8800888061523,1297.5200843811035,1388.1401100158691
LPG(16:1),1307.2200927734375,1300.4800834655762,1251.720069885254,1264.660083770752,1280.3600845336914,1251.5600967407229,1259.280086517334,1344.6400909423828
"LPG(17:1),LPG(P-18:0)",1281.200080871582,1250.980079650879,1316.940086364746,1320.6400871276855,1277.000087738037,1276.620086669922,1249.2000885009766,1278.1400871276855
LPG(17:2),1326.8600997924805,1313.8800888061523,1273.9600868225098,1324.4800910949707,1337.8000984191897,1406.4200973510742,1301.4000930786133,1295.720085144043
LPG(18:0),1317.220085144043,1325.600082397461,1301.720085144043,1344.1601028442385,1290.9400901794434,1252.1400871276855,1249.5600814819336,1270.3200912475586
LPG(18:1),1250.320083618164,1287.9200820922852,1278.2200889587402,1249.580078125,1251.880084991455,1251.8800773620603,1317.380084991455,1307.7000923156738
LPG(18:2),1350.5000953674316,1250.2800827026367,1257.10009765625,1338.2800903320312,1338.6200981140137,1315.1200904846191,1278.1000900268557,1331.5400924682615
LPG(18:3),1336.120086669922,1312.5400772094729,1296.8400955200195,1277.3400955200195,1285.160099029541,1273.4600982666016,1274.8000869750977,1272.7600860595703
LPG(18:4),1269.1200981140137,1251.3000831604004,1339.3000946044922,1251.5800819396973,1364.4800834655762,1316.4000778198242,1278.720085144043,1326.560089111328
"LPG(19:0),LPG(O-20:0)",1438.6000938415527,1390.780101776123,1302.8200798034668,1347.0601043701172,1454.8401184082031,1527.380100250244,1428.2200889587402,1432.7400932312012
"LPG(19:1),LPG(P-20:0)",1288.6000785827637,1411.0601043701172,1251.7000999450684,1248.7800979614258,1292.6601028442385,1281.760082244873,1415.2200965881348,1318.780086517334
LPG(20:0),1278.4200859069824,1277.3800888061523,1252.4600944519043,1249.9000816345217,1312.6600875854492,1315.7800941467283,1330.3000946044922,1296.2600898742676
LPG(20:1),1250.1000900268557,1251.1600914001465,1251.7000923156738,1280.7200889587402,1297.64009475708,1297.3800926208496,1288.860092163086,1276.6200942993164
LPG(20:2),1323.2600936889648,1283.000087738037,1274.3400955200195,1342.8000946044922,1282.3800888061523,1379.0200996398926,1328.8800926208496,1406.3000984191897
LPG(20:3),1248.6600799560547,1288.9800910949707,1259.8400840759275,1249.3800811767578,1277.360088348389,1278.6200790405271,1248.740089416504,1249.5600929260254
LPG(20:4),1275.640079498291,1324.920093536377,1345.9201049804688,1303.2800941467283,1260.380084991455,1265.8200912475586,1249.5400848388672,1249.0000915527344
LPG(20:5),1268.2800941467283,1275.340087890625,1347.3600959777832,1378.380100250244,1280.7000923156738,1307.040096282959,1249.0400848388672,1313.520092010498
LPG(22:0),1331.6200942993164,1319.6200942993164,1272.0600929260254,1250.0400848388672,1269.9800834655762,1251.5000839233398,1307.900089263916,1302.5600852966309
LPG(22:1),1250.0600929260254,1250.2000885009766,1251.3800811767578,1249.7200889587402,1252.54008102417,1255.4400825500488,1248.8600845336914,1326.0200958251953
LPG(22:2),1249.8600845336914,1326.1400909423828,1347.10009765625,1335.180088043213,1337.7200889587402,1292.8200759887695,1265.9600830078125,1248.740089416504
LPG(22:4),1249.8201026916504,1290.860092163086,1293.260097503662,1290.3201026916504,1287.0600814819336,1266.7800903320312,1249.480094909668,1248.1601028442385
LPG(22:6),1250.5800895690918,1284.14009475708,1279.4000816345217,1270.200096130371,1263.1200981140137,1295.5800895690918,1249.1400909423828,1249.840087890625
LPI(12:0),1213.3800811767578,1240.020092010498,1228.1200904846191,1212.660068511963,1297.680088043213,1235.5600929260254,1230.0600814819336,1214.2400817871094
LPI(13:0),1235.5800819396973,1264.5000839233398,1257.5800971984863,1222.2400856018066,1274.6400871276855,1223.1400909423828,1216.2800941467283,1248.5400886535645
LPI(14:0),1271.860088348389,1346.5800971984863,1218.6000862121582,1245.5200843811035,1341.7201080322266,1307.680088043213,1287.5000953674316,1526.1201057434082
LPI(14:1),1289.360088348389,1340.6200828552246,1399.6800956726074,1242.6800842285156,1403.5001068115234,1255.3800926208496,1233.0200843811035,1340.7000846862793
"LPI(15:0),LPI(O-16:0)",1828.7201194763184,2545.900173187256,1831.9401245117188,1582.3001136779783,1724.960117340088,1705.380111694336,1647.2601013183594,1684.3001174926758
"LPI(15:1),LPI(P-16:0)",1271.120086669922,1259.9400901794434,1304.9800910949707,1299.3800811767578,1281.2200813293457,1278.4600830078125,1216.040069580078,1226.6200904846191
LPI(16:0),1375.480094909668,1350.460090637207,1359.8800926208496,1334.8800926208496,1468.380107879639,1223.1200981140137,1253.7600860595703,1427.7400932312012
LPI(16:1),1284.8000831604004,1234.0600814819336,1243.7800827026367,1234.6200828552246,1242.500087738037,1224.04008102417,1222.4200744628906,1214.0000801086426
"LPI(17:0),LPI(O-18:0)",1321.4000816345217,1310.8000831604004,1442.1001091003418,1415.9001007080078,1354.14009475708,1265.280101776123,1279.560089111328,1263.4600830078125
"LPI(17:1),LPI(P-18:0)",1321.500099182129,1277.1000900268557,1357.9000854492188,1213.2800788879397,1223.1200904846191,1261.420078277588,1302.1600875854492,1215.320083618164
LPI(17:2),1212.3800811767578,1300.6400833129885,1297.660083770752,1211.6200904846191,1327.7601051330566,1303.940097808838,1217.720085144043,1290.4400939941406
LPI(18:0),1407.0000953674316,1305.620086669922,1315.9801025390625,1327.9801025390625,1467.640106201172,1306.6600952148438,1332.1200942993164,1276.2200889587402
LPI(18:1),1374.4000854492188,1266.760082244873,1319.1000862121582,1256.0600929260254,1334.8600997924805,1265.1200904846191,1257.9200820922852,1256.9600868225098
LPI(18:2),1260.8800773620603,1279.9200897216797,1330.440097808838,1255.0400848388672,1265.3400917053225,1301.640106201172,1338.900089263916,1348.0000953674316
LPI(18:3),1301.3400802612305,1270.1401023864746,1261.2600936889648,1255.0800895690918,1322.4200859069824,1283.5400848388672,1323.8000831604004,1283.2400817871094
LPI(18:4),1255.780086517334,1266.6800804138184,1260.7600936889648,1255.5200881958008,1425.960105895996,1278.460090637207,1259.8000831604004,1257.8600959777832
"LPI(19:0),LPI(O-20:0)",1412.5401000976562,1325.9800910949707,1417.14009475708,1319.6600914001465,1281.1400909423828,1287.2800788879397,1336.680088043213,1515.5401000976562
"LPI(19:1),LPI(P-20:0)",1367.1200981140137,1411.120101928711,1314.2000885009766,1369.400089263916,1314.500087738037,1265.0800895690918,1371.2200965881348,1406.4600982666016
LPI(20:0),1386.3800888061523,1261.860088348389,1397.6001014709473,1299.380084991455,1343.2200889587402,1274.0000915527344,1258.040096282959,1287.8400840759275
LPI(20:1),1336.1000938415527,1274.580093383789,1419.7801055908203,1261.3400802612305,1371.0000915527344,1310.360092163086,1302.820087432861,1325.9000968933103
LPI(20:2),1257.3800926208496,1308.0200958251953,1340.820095062256,1255.04008102417,1339.2601013183594,1283.1200942993164,1265.4000816345217,1290.2200889587402
LPI(20:3),1295.3800964355469,1255.860080718994,1276.5001029968262,1254.740077972412,1331.520092010498,1265.3400955200195,1258.6600799560547,1320.3800888061523
LPI(20:4),1308.2400932312012,1338.2000846862793,1264.4000816345217,1289.5400848388672,1269.3400917053225,1316.7200965881348,1293.5400886535645,1328.0200881958008
LPI(20:5),1254.6400871276855,1306.420093536377,1279.3200912475586,1254.3400840759275,1278.3600959777832,1266.120086669922,1284.9800910949707,1276.6000862121582
LPI(21:0),1256.0600776672363,1386.4200897216797,1311.860092163086,1256.9800910949707,1317.760097503662,1325.8600997924805,1276.7400932312012,1330.9200820922852
LPI(22:0),1399.160099029541,1435.1201057434082,1342.1400871276855,1284.360092163086,1466.1800994873047,1313.9401016235352,1513.1601066589355,1385.7401008605957
LPI(22:1),1318.9800834655762,1295.3000793457031,1260.980094909668,1307.400089263916,1347.6800918579102,1272.0000953674316,1258.3000869750977,1299.7400817871094
LPI(22:2),1275.1800842285156,1289.980079650879,1315.4800834655762,1255.4400939941406,1286.480094909668,1265.6400871276855,1291.660083770752,1305.9600868225098
LPI(22:4),1254.340087890625,1336.360088348389,1341.7400932312012,1255.440086364746,1265.6400909423828,1266.0800895690918,1337.5200843811035,1257.3800926208496
LPI(22:6),1276.420093536377,1381.10009765625,1371.0200958251953,1274.4400787353516,1327.8001098632812,1276.720100402832,1280.660099029541,1256.5800895690918
LPS(12:0),1316.6200981140137,1281.020092010498,1321.1400985717771,1263.4200973510742,1316.480094909668,1298.1400909423828,1294.8800811767578,1478.8601036071775
LPS(13:0),1312.1800918579102,1290.7600898742676,1260.5400772094729,1351.4800872802734,1302.4400901794434,1325.1800956726074,1267.800090789795,1325.1200981140137
LPS(14:1),1974.2801246643064,1745.2201385498047,2151.760131835937,1638.1201171875,1747.6801376342771,2223.3201599121094,1606.1201057434082,2380.240173339844
LPS(16:1),1329.6200904846191,1274.6600875854492,1299.220100402832,1327.1800918579102,1289.3600959777832,1381.340087890625,1264.9200859069824,1422.6800918579102
LPS(17:2),1369.5400924682615,1257.6200942993164,1281.740077972412,1291.5000915527344,1271.3600997924805,1274.1200942993164,1320.560089111328,1430.6000938415527
LPS(18:1),1412.9600982666016,1374.2001037597656,1341.660099029541,1267.8800811767578,1313.9400939941406,1398.2800941467283,1261.0400924682615,1322.5000953674316
LPS(18:2),1321.8400917053225,1356.14009475708,1288.240089416504,1414.9400901794434,1289.1200904846191,1338.300106048584,1259.8600959777832,1271.740089416504
LPS(18:3),1262.5600814819336,1293.4600944519043,1305.0800895690918,1293.5200843811035,1258.4400939941406,1292.560089111328,1260.3800926208496,1331.5200996398926
LPS(20:0),1299.5400886535645,1251.5400772094729,1325.6400871276855,1257.520076751709,1306.9200897216797,1318.0600929260254,1277.8400917053225,1258.5000762939453
LPS(20:1),1384.3600959777832,1332.3000984191897,1333.0600814819336,1324.5000839233398,1325.8201065063477,1259.120086669922,1277.580093383789,1292.1200942993164
LPS(20:2),1253.280086517334,1274.0800971984863,1290.5400886535645,1355.3400917053225,1258.7200927734375,1322.7200965881348,1260.1800918579102,1272.6200904846191
LPS(20:3),1274.4000816345217,1384.980110168457,1285.440086364746,1289.700080871582,1287.180088043213,1302.5400886535645,1305.9800834655762,1325.7600936889648
LPS(20:4),1440.0601043701172,1296.2600860595703,1397.2801094055176,1783.9201278686523,1309.6400833129885,1406.1200904846191,1341.8000869750977,1671.58012008667
LPS(20:5),1288.3200912475586,1251.9800834655762,1324.9000816345217,1261.300090789795,1449.060089111328,1520.980125427246,1263.2000770568848,1345.240089416504
LPS(21:0),1298.7800903320312,1267.4000854492188,1303.7600784301758,1287.9600944519043,1274.2000885009766,1293.520076751709,1308.920093536377,1274.7000846862793
LPS(22:0),1264.520092010498,1291.1000938415527,1280.7400741577148,1258.4800758361816,1270.0200881958008,1259.180088043213,1333.5600967407229,1259.9000854492188
LPS(22:1),1347.6800842285156,1250.4200859069824,1253.6600799560547,1257.160099029541,1257.6200904846191,1286.460090637207,1259.9400901794434,1336.7200889587402
LPS(22:2),1378.740104675293,1286.560089111328,1313.960090637207,1355.740089416504,1278.9800910949707,1339.7600898742676,1259.7800941467283,1280.7200813293457
LPS(22:4),1291.7800827026367,1337.540096282959,1278.3000831604004,1308.320095062256,1257.860080718994,1311.5200958251953,1260.1400871276855,1258.7800827026367
LPS(22:6),1568.5401000976562,1402.040096282959,1410.4401054382324,1865.320140838623,1365.8000946044922,1622.500114440918,1359.4201011657717,1633.1801414489746
LPS(O-16:0),1291.2200889587402,1251.4400901794434,1321.8200798034668,1260.5600852966309,1337.580093383789,1331.8000946044922,1277.5400886535645,1286.980079650879
LPS(O-18:0),2217.3401527404785,2089.6001625061035,2800.380199432373,2376.360153198242,2284.120185852051,2930.780216217041,1967.54012298584,3020.980197906494
LPS(O-20:0),1335.7000999450684,1281.560089111328,1380.7200927734375,1271.560089111328,1268.2600936889648,1349.900089263916,1288.5800971984863,1285.9800910949707
LPS(P-16:0),1268.0200881958008,1328.5601043701172,1312.460090637207,1355.000099182129,1279.7200965881348,1280.3400840759275,1351.920093536377,1338.7200889587402
LPS(P-18:0),1304.4400901794434,1252.440086364746,1331.3400802612305,1314.1400909423828,1286.4400901794434,1297.8400802612305,1291.1000900268557,1329.6800842285156
LPS(P-20:0),1271.0600929260254,1251.8400802612305,1269.9000816345217,1310.5000915527344,1257.720085144043,1313.620086669922,1260.7000999450684,1258.2600784301758
"PC(10:0),LPC(11:0)",1120.0200805664062,1121.4200744628906,1207.560089111328,1064.2400817871094,1012.5200576782228,1048.5800743103027,1096.3600730895996,1061.7000694274902
"PC(12:0),LPC(13:0),LPC(O-14:0)",1202.1400756835938,1093.7800674438477,1120.7000846862793,1086.0200805664062,1022.7800827026368,1225.760082244873,1030.5200843811035,1097.9200706481934
PC(12:4),1127.7400741577148,1165.5600776672363,1176.1600914001465,1087.0000762939453,1052.2400741577148,1165.1200790405271,1080.3200759887695,1145.8000831604004
"PC(14:0),LPC(15:0),LPC(O-16:0)",1434.260097503662,1612.8600997924805,1447.3001136779783,1378.4800987243652,1181.180088043213,1554.040111541748,1050.840072631836,1124.3400840759275
"PC(16:0),PC(O-17:0),LPC(O-18:0)",1952.080150604248,1539.9001121520996,1432.0200996398926,1155.6400871276855,1645.6401138305664,2037.020149230957,1543.2601127624512,1262.340106964111
PC(16:4),1167.460075378418,1070.440086364746,1137.540069580078,1006.7200660705566,1038.9000701904297,1073.7600708007812,1058.9800758361816,1130.4200820922852
"PC(18:0),LPC(19:0),PC(O-19:0),LPC(O-20:0)",1506.6201133728027,1660.2601280212402,1509.7801055908203,1521.0601081848145,1385.5600929260254,1537.4401092529297,1258.7600898742676,1175.6200790405271
"PC(18:1),LPC(19:1),PC(O-19:1),LPC(P-20:0)",1361.020092010498,1258.5800971984863,1266.7200889587402,1215.6400985717771,1224.7400932312012,1504.440097808838,1147.420093536377,1216.2000885009766
"PC(19:0),LPC(20:0),PC(O-20:0)",1868.6601066589355,2238.380142211914,1390.9000968933103,1179.840087890625,1747.6801109313965,2880.980197906494,1427.7201042175293,1160.7200927734375
"PC(19:1),LPC(20:1),PC(O-20:1),PC(P-20:0)",2637.420238494873,1350.1200981140137,1301.8600959777832,1860.9201583862305,1157.4601020812988,1915.0801162719729,1382.7600936889648,1399.1401100158691
"PC(20:0),LPC(21:0),PC(O-21:0)",1011.920066833496,1374.6201133728027,1190.7200775146484,1034.620059967041,1025.9400787353516,1545.880100250244,1049.2800827026367,1015.100067138672
"PC(20:1),PC(O-21:1)",1097.060073852539,1205.7600898742676,1275.6000785827637,1060.520076751709,995.6400680541992,1243.100082397461,1015.460075378418,1042.0200691223145
"PC(20:4),LPC(21:4)",1207.8800926208496,1018.500072479248,1158.660083770752,998.8400764465332,1104.6400756835938,1133.600082397461,1010.9600715637208,1165.0600852966309
"PC(21:0),LPC(22:0),PC(O-22:0)",3542.0002822875977,4266.880290985107,3399.020160675049,2844.940212249756,2599.280174255371,4693.280349731445,1634.4801292419434,2647.900215148926
"PC(21:1),LPC(22:1)",3630.8002128601074,3457.660221099853,2910.280166625977,3830.140293121338,2137.7201538085938,4610.780376434326,2615.200183868408,3082.0802154541016
PC(22:0),2820.4002075195312,2153.660125732422,2554.1001892089844,1720.5801277160645,1258.1400871276855,2692.440216064453,1168.0800857543943,1964.22017288208
PC(22:1),1196.0400848388672,1188.9801063537598,1119.54008102417,1032.380069732666,1075.0000801086426,1361.500099182129,1014.7400817871094,1097.0200805664062
PC(24:0),2547.000175476074,3069.880195617676,1618.4201011657717,1086.5200843811035,1286.7800903320312,1863.700134277344,1145.0400772094729,2185.6001892089844
PC(25:0),2872.0401496887207,2290.440170288086,1655.9401054382324,1140.8800964355469,1676.360126495361,1609.8201141357422,1109.640079498291,1532.040111541748
PC(26:0),5293.280342102051,3576.020263671875,3417.0202140808105,1568.0200958251953,3423.820281982422,4130.72025680542,1572.0201110839844,4349.880355834961
PC(26:1),1780.100128173828,1653.460132598877,1201.500087738037,1245.1800956726074,1231.0600852966309,1423.4200973510742,1277.0000762939453,1472.0401077270508
"PC(27:0),PC(O-28:0)",3205.820251464844,2335.540180206299,1612.3801383972168,1095.0200729370115,1213.660083770752,2142.360149383545,1092.0600776672363,1329.400089263916
"PC(27:1),PC(P-28:0)",1315.4400939941406,1202.5400848388672,1369.380100250244,1135.860092163086,1249.3000869750977,1164.360088348389,1098.5200843811035,1098.520076751709
"PC(28:0),PC(O-29:0)",3079.5202026367188,1888.5401458740237,2971.7001914978027,1819.920124053955,2263.1401748657227,2894.100200653076,1501.5401191711426,2438.000171661377
"PC(28:1),PC(P-29:0)",1740.8601112365725,2632.84020614624,2076.620132446289,1505.8000946044922,1670.8601188659668,1349.8600959777832,1366.9600982666016,1481.880100250244
PC(28:2),1330.1000938415527,1920.4201202392576,1381.3000946044922,1197.1000938415527,1329.0200843811035,1201.4801025390625,1077.480079650879,1523.880111694336
"PC(29:0),PC(O-30:0)",2684.380210876465,2051.400131225586,2391.980159759521,1367.940097808838,1866.680149078369,1841.10013961792,1314.3201141357422,1394.9800987243652
"PC(29:1),PC(O-30:1),PC(P-30:0)",2336.0802001953125,3954.840400695801,1689.5801391601562,1326.8400955200195,1483.620086669922,2866.760185241699,1443.2000923156738,1904.7001266479488
"PC(29:2),PC(P-30:1)",1332.8800888061523,1601.6001319885254,1600.060115814209,1038.5400772094729,1047.300075531006,1183.3600845336914,1042.6800689697266,1326.7200889587402
"PC(30:0),PC(O-31:0)",19196.90097427368,20731.80170822144,17107.321174621582,7383.500518798828,7520.160488128662,17662.601039886475,4354.92036819458,6071.560459136963
"PC(30:1),PC(O-31:1),PC(P-31:0)",52031.38362121582,60199.46614074707,20324.56150817871,24736.822025299072,16639.321712493896,47534.18321609497,11039.040996551514,16178.261707305908
"PC(30:2),PC(P-31:1)",3508.960289001465,1829.0001182556152,2761.1602478027344,1318.860088348389,1727.920124053955,2773.4201736450195,1445.8800964355469,1892.380126953125
PC(30:3),1421.1201057434082,1353.1600799560547,1455.7401008605957,1103.3200759887695,1097.1400718688965,1281.1200981140137,1012.6200714111328,1160.0600814819336
PC(30:4),2174.200126647949,1426.4400939941406,1555.880100250244,1014.8400764465332,1154.5800743103027,1705.4201011657717,1000.4800682067872,1081.100067138672
"PC(31:0),PC(O-32:0)",22723.741325378414,27010.782550811768,23600.381916046143,9937.880676269531,8969.280513763428,21168.2416305542,5591.140308380127,5860.080551147461
"PC(31:1),PC(O-32:1),PC(P-32:0)",4028.100200653076,10220.280895233154,6408.960403442383,3604.320262908936,2666.700225830078,6069.980449676514,1992.6201248168943,2359.740219116211
"PC(31:2),PC(O-32:2),PC(P-32:1)",2290.74015045166,1819.8201141357424,1825.1601028442385,1059.2800827026367,1553.400104522705,1683.1601219177246,1229.4800987243652,1292.0800971984863
"PC(31:3),PC(O-32:3)",1253.160083770752,1269.5600967407229,1391.3401107788086,1246.8201026916504,1151.12007522583,1345.4801063537598,1095.2200889587402,1025.140079498291
PC(31:4),1780.8001289367676,1341.680103302002,1356.2401008605957,1258.1000747680664,1214.5200805664062,1291.880100250244,1017.440071105957,1243.7000770568848
"PC(32:0),PC(O-33:0)",502904.6072540283,570871.6282272339,544995.0635910034,219302.8729019165,152500.8468284607,388734.44622802734,99705.58694839478,99587.5698928833
"PC(32:1),PC(O-33:1),PC(P-33:0)",294122.0535583496,250491.5559425354,173455.77196502686,65170.66458892822,99562.76857757568,203384.35707092285,55207.32405471802,56831.46417999268
"PC(32:2),PC(O-33:2),PC(P-33:1)",56223.86513519287,54850.82304000855,50996.04354476929,21175.021530151367,20606.120948791504,51451.20411682129,12259.060932159424,12360.960483551024
"PC(32:3),PC(P-33:2)",3115.060234069824,3078.0402183532715,2416.940193176269,1996.3001556396484,1695.0000953674316,2246.080177307129,1223.7400856018066,1024.5200691223145
PC(32:4),1378.5400848388672,1577.5801124572754,1193.1000900268557,1387.3601112365725,1244.9000968933103,1248.5400772094729,1015.5800743103028,1043.860080718994
PC(32:5),2237.7401428222656,1952.0601196289065,1830.2201309204104,1070.5800743103027,1549.7001113891602,2116.400157928467,1271.9400901794434,1440.4000930786133
"PC(33:0),PC(O-34:0)",14661.140617370604,17257.580947875977,15453.28087234497,5962.700523376465,5249.360443115234,13828.30117034912,3171.680160522461,4317.160335540772
"PC(33:1),PC(O-34:1),PC(P-34:0)",59182.16425704956,64475.265769958496,51922.66215133667,20583.481895446777,16196.541534423828,53587.12236404419,10509.44080734253,13510.180938720703
"PC(33:2),PC(O-34:2),PC(P-34:1)",36984.682025909424,44490.044246673584,39443.54251480103,22529.66191482544,12359.720512390137,37288.80306625366,5645.920391082764,7219.440490722656
"PC(33:3),PC(O-34:3),PC(P-34:2)",3692.660217285156,4685.780284881592,3878.8603134155273,2406.620178222656,2198.9001998901367,3641.600234985352,1573.2401084899902,1631.8601188659668
"PC(33:4),PC(O-34:4),PC(O-34:4),PC(P-34:3)",2549.2002029418945,2335.1001472473145,1396.2200965881348,1228.6800918579102,1298.240089416504,1597.560131072998,1217.3200798034668,1279.9200859069824
"PC(33:5),PC(P-34:4)",2683.7601585388184,2462.200157165528,2292.120178222656,1484.2601013183594,1695.4001388549805,2029.740161895752,1225.740089416504,1336.960105895996
"PC(34:0),PC(O-35:0)",213682.1362686157,224212.87371063232,273615.23905181885,100903.70881271362,91828.04804229736,192727.33922576904,51858.00402832031,70239.26648712158
"PC(34:1),PC(O-35:1),PC(P-35:0)",2772722.8568115234,2789449.555053711,2761332.650756836,1045871.7486572266,1103492.5275268557,2476517.0951538086,639457.1419677734,777592.5447387695
"PC(34:2),PC(O-35:2),PC(P-35:1)",8119808.387573242,9093297.33959961,7651929.883300781,3679907.880905152,2568846.803039551,5247780.186584473,1354046.4703063965,1689219.6718139648
"PC(34:3),PC(P-35:2)",543023.2473068237,587870.0929679871,499545.10665130615,291550.07373809814,199941.53099441528,388487.4694213867,105052.98454284668,114696.24927139282
"PC(34:4),PC(O-35:4)",29564.901752471924,33080.28195953369,29091.522903442383,17726.320808410645,10125.20095062256,24898.882080078125,7966.540729522705,7246.540618896484
PC(34:5),3206.200294494629,2600.120147705078,2303.4401893615723,1608.3600959777832,1767.440113067627,2121.6801681518555,1303.4800834655762,1688.8401336669922
PC(34:6),2939.5001640319824,1753.1601219177246,2373.660179138184,1523.9401092529297,1753.5201263427734,2623.340171813965,1055.520076751709,1503.6401252746582
"PC(35:2),PC(O-36:2),PC(P-36:1)",50390.123905181885,62857.08335876465,91738.52780532835,54101.92348098755,25213.021423339844,57821.26357269287,18322.561347961426,26017.26173400879
"PC(35:3),PC(O-36:3),PC(P-36:2)",19065.461742401123,21634.101585388184,37852.8013458252,22001.401321411133,12493.16109085083,22384.261528015137,7962.600673675537,8938.14070892334
"PC(35:4),PC(O-36:4),PC(P-36:3)",19472.241889953613,23485.6215133667,32351.002922058105,22653.34139251709,11542.060569763184,20650.8208694458,9331.080883026125,8425.08041381836
"PC(35:5),PC(O-36:5),PC(P-36:4)",7430.680606842041,9114.16039276123,10993.500854492188,5397.320274353027,4570.840274810791,7531.180480957031,3431.180263519287,3973.540344238281
"PC(35:6),PC(P-36:5)",6195.600326538086,7306.440448760986,9065.760772705078,5291.860523223877,3095.360164642334,5786.140506744385,2560.1002311706543,2963.620185852051
"PC(36:3),PC(P-37:2)",1561207.6934204102,1571298.8008422852,2525192.422821045,1301661.1494522097,914103.7924079896,1211484.4309120178,699169.0907974243,798562.1650238037
"PC(36:4),PC(O-37:4)",3140588.8768310547,3261567.6635742188,5532496.182769775,2990883.3553962708,1622125.5453186035,2249440.615760803,1519028.7739105225,1301176.3316345215
PC(36:5),160062.72800445557,171502.41500854492,256207.2667198181,167658.59553146362,121189.2050857544,133114.07177352905,69239.16438674927,80352.08492279053
PC(36:6),10219.160697937012,11591.560531616213,15939.480754852297,10396.260627746582,7398.580684661865,9418.700756072998,5292.700496673584,5552.560302734375
"PC(36:7),PC(35:0),PC(O-36:0)",5281.560211181641,5744.380435943604,8186.640647888184,4295.160400390625,3541.70023727417,5303.760276794434,2157.760150909424,2736.2601776123047
"PC(36:8),PC(35:1),PC(O-36:1),PC(P-36:0)",24652.54159927368,29198.62215423584,42867.643226623535,21035.60179138184,14696.98108291626,25987.56177520752,10889.84073638916,12096.120681762695
"PC(37:3),PC(O-38:3),PC(P-38:2)",20892.081413269043,20588.38185119629,34873.861808776855,18135.54098892212,10628.260646820068,20435.90147018433,8091.160526275635,11000.020725250244
"PC(37:4),PC(O-38:4),PC(P-38:3)",42206.804122924805,53467.54534912109,83288.80562973022,51180.664165496826,20481.34133529663,44572.743755340576,21096.52154159546,23473.24118041992
"PC(37:5),PC(O-38:5),PC(P-38:4)",22674.201599121094,25585.662185668945,45440.54393386841,22417.301818847656,14007.240837097168,23395.70126724243,12050.88073348999,12790.60105895996
"PC(37:6),PC(O-38:6),PC(P-38:5)",14668.781120300291,13789.261138916016,60112.5632019043,29165.32279586792,14595.221313476562,26017.962299346924,13200.581119537354,12380.460887908936
"PC(37:7),PC(P-38:6),PC(36:0),PC(O-37:0)",17563.6014213562,19062.621673583984,60162.38531112671,27481.88230895996,20156.441116333008,30588.861541748047,18895.00120162964,20265.821739196777
PC(38:3),722727.05052948,860060.4046173096,641641.2335281372,339370.71968460083,220936.8608970642,522223.14070892334,222651.3558349609,220755.0919532776
PC(38:4),2411916.0517578125,2998762.185821533,2580993.3230285645,1479265.6391410828,646487.0464630127,1700593.5374145508,854063.3696365356,768763.3201065063
PC(38:5),1428115.6256713867,1580132.8130950928,1610836.7103042605,825818.5245895386,487135.7213745117,1117072.2137680054,415327.6174278259,440909.2382507324
PC(38:6),2730206.1982421875,3062813.374694824,3128320.427974701,1516427.970588684,873532.163986206,1897835.4276008608,808983.3657951355,785041.1869049072
"PC(38:7),PC(37:0),PC(O-38:0)",94135.708442688,98213.00824737547,124969.7488937378,77868.54423522949,45440.423248291016,59507.26406097412,35557.28187561035,37131.10203170776
"PC(38:8),PC(37:1),PC(O-38:1),PC(P-38:0)",29518.22173690796,36659.26258850098,40130.703144073486,23100.12120437622,15452.041107177734,29790.02275085449,8458.060546875,10217.3807182312
"PC(38:9),PC(37:2),PC(O-38:2),PC(P-38:1)",29223.46105194092,40008.543128967285,43712.82311248779,26930.20152664185,16410.440883636475,38548.782638549805,9185.90064239502,13434.20087814331
"PC(39:4),PC(O-40:4),PC(P-40:3)",25933.801651000977,32141.92279815674,24914.262088775635,14629.321018218994,8032.980484008789,23624.60161972046,6227.800582885742,7825.50053024292
"PC(39:5),PC(O-40:5),PC(P-40:4)",14812.061000823976,18237.84132003784,17398.720851898193,7549.380481719971,5462.960453033447,15588.080940246582,4542.120288848877,5076.840381622314
"PC(39:6),PC(O-40:6),PC(P-40:5)",47728.68432617188,57870.52552032471,49467.72373199463,23728.282012939453,13004.320777893066,45891.36340332031,11569.060985565186,12145.881118774414
"PC(39:7),PC(P-40:6),PC(38:0),PC(O-39:0)",309226.482383728,299158.617729187,260862.09677124023,85563.50590133667,83594.10641479492,208310.7589874268,48451.20475769043,57584.60282897949
"PC(39:8),PC(O-40:8),PC(38:1),PC(O-39:1),PC(P-39:0)",809327.7671966553,876489.5610351562,690042.5833816528,306726.5997695923,215982.4974594116,517590.8883247376,133473.62922668457,140189.3929977417
"PC(40:1),PC(P-41:0)",275198.0910797119,322706.0951538086,233104.2773399353,96170.7836341858,61798.10371398926,155142.31254577637,50319.40257263184,56702.22365188599
"PC(40:10),PC(39:3),PC(O-40:3),PC(P-40:2)",12559.980934143066,16680.181301116943,11358.920825958252,6660.680603027344,4561.700382232666,9734.000911712646,4014.68025970459,3463.140190124512
PC(40:2),224847.11978530884,223385.4545288086,202091.6392250061,80729.20837402344,56546.62464141846,136330.06964111328,42972.883823394775,38620.562576293945
PC(40:3),474730.1739501953,487719.7668037415,432927.681930542,194250.9902381897,99358.3665046692,265614.8751182556,95005.30659484863,72763.56451034546
PC(40:4),96597.40979003906,107779.72495651244,78705.96532058716,36540.40343475342,31615.562713623047,68281.10445022583,18498.08135986328,20264.961780548096
PC(40:5),153579.10717773438,196568.6933021545,144922.91067886353,72500.32370376587,50079.8828125,128832.94818496704,43439.64209365845,47606.20425033569
PC(40:6),558099.1842422485,784146.5929718018,588913.5117034912,295942.7466468811,162895.8917541504,498904.78342056274,185172.84545516968,200366.9719276428
"PC(40:7),PC(39:0),PC(O-40:0)",430127.9574279785,516111.43813323975,512319.93983078,258442.4124412537,128697.87080001833,389372.2220039368,137095.8303451538,154479.93281555176
"PC(40:8),PC(39:1),PC(O-40:1),PC(P-40:0)",137270.5129928589,186595.39934158325,176118.6332321167,86681.44380187988,40543.80195617676,105401.80504989624,35835.74221420288,39240.222511291504
"PC(40:9),PC(39:2),PC(O-40:2),PC(P-40:1)",16743.62119293213,20795.1417388916,16263.781089782717,8965.000762939453,5578.320423126221,12317.320446014404,3984.820339202881,4789.560413360596
"PC(41:5),PC(P-42:4)",5325.320289611816,5915.500331878662,4762.800399780273,2801.5201416015625,2046.780158996582,4724.34020614624,2222.960136413574,2023.1001586914065
"PC(41:6),PC(O-42:6)",11519.440731048584,12793.08056640625,10099.220603942871,4943.74031829834,3735.22021484375,11037.90089416504,3497.3602256774902,3698.1403160095215
"PC(41:7),PC(P-42:6),PC(40:0),PC(O-41:0)",54543.6632270813,61308.54542541504,45531.762535095215,17943.961906433105,12414.381252288818,34872.60294342041,12154.260902404783,12607.04084777832
PC(42:0),5289.240383148193,5306.520484924316,3994.460277557373,2175.0801582336426,2613.080207824707,3812.320240020752,1615.6401138305664,2126.780143737793
PC(42:1),14707.381225585938,17266.321155548096,12028.440830230713,5956.100463867188,5320.580451965332,10223.640811920166,3434.240234375,3469.860218048096
"PC(42:10),PC(41:3),PC(O-42:3),PC(P-42:2)",42461.48235321045,54347.10349273682,39693.04283905029,15426.22138595581,9494.520664215088,27356.42237472534,9369.38079071045,9883.040718078611
"PC(42:11),PC(41:4),PC(O-42:4)",7717.080432891846,8365.540740966797,7549.280731201172,3299.800224304199,2460.500186920166,5692.720439910889,1816.360137939453,2244.4001655578613
PC(42:2),58673.58568191528,66541.76351547241,49517.12396621704,19950.78150939941,14509.641174316406,36018.063232421875,14007.76111984253,13052.480667114258
PC(42:3),207257.07556915283,242727.09312438965,204138.9916381836,90188.70597839355,43195.762062072754,114719.79055786131,52402.02509307861,41053.502490997314
PC(42:4),115093.52837753296,123539.74755859376,121332.28907394408,49824.90366363525,28578.482040405277,73434.26316833496,24186.92189025879,23179.201599121094
PC(42:5),257014.6574478149,312767.40061187744,253884.6217918396,98945.10851669312,58002.362297058105,162115.04761886597,49264.602783203125,44743.023597717285
PC(42:6),27665.90137863159,30523.121837615967,19184.84169006348,10958.680992126465,8433.480754852295,18118.841442108154,5784.800495147705,6653.220569610596
"PC(42:7),PC(41:0),PC(O-42:0)",18496.06162643433,23641.421447753903,20885.76077651977,10108.380847930908,7549.50061416626,16468.06086730957,5604.700244903564,6294.980434417725
"PC(42:8),PC(41:1),PC(O-42:1),PC(P-42:0)",14593.881343841553,15661.581157684326,15375.701335906982,8695.120704650879,5998.480567932129,11917.40064239502,3962.260269165039,5042.8203048706055
"PC(42:9),PC(41:2),PC(O-42:2),PC(P-42:1)",15925.141143798828,20162.941116333008,16501.601402282715,6181.440540313721,5221.140354156494,11546.760738372805,4496.980308532715,4129.280345916748
PC(43:2),2873.3802337646484,2318.400146484375,2158.76016998291,1569.0600967407229,1468.300106048584,2257.020126342773,1332.980094909668,1393.2000923156738
"PC(43:4),PC(O-44:4)",4468.28031539917,3920.620231628418,3543.000274658203,2197.480178833008,1884.620105743408,3109.7602310180664,1674.1801109313965,2016.0601348876955
PC(43:6),3044.420192718506,3153.480251312256,2562.3801803588867,1500.1601028442385,1574.56010055542,2700.1801948547363,1263.6800842285156,1490.9601135253906
PC(44:0),1907.0001182556152,1832.5201606750488,1410.3200988769531,1057.880069732666,1061.9600715637207,1715.5401344299316,1046.9800720214844,1358.6200904846191
PC(44:1),1886.520149230957,1422.1801071166992,1502.6601028442385,1252.1400833129885,1347.960105895996,1672.420139312744,1064.2400665283203,1161.740077972412
"PC(44:10),PC(O-44:3)",6740.420650482178,5007.720291137695,3521.6402893066406,2273.4801864624023,2166.5201721191406,3574.16015625,1655.360122680664,2490.6601600646973
"PC(44:12),PC(O-44:5)",6141.660472869873,6866.8006019592285,5093.620277404785,2692.880214691162,2313.600170135498,5405.060405731201,1674.8201026916504,2633.7401847839355
PC(44:2),2823.000198364258,3324.1402282714844,2125.060127258301,1490.4801063537598,1502.0601196289062,2382.860221862793,1096.5400772094729,1374.260108947754
PC(44:3),5997.820472717285,6782.300563812256,5167.080360412598,3029.4402084350586,2650.2602195739746,3610.2603149414062,2113.760162353516,2275.3201293945312
PC(44:4),11422.140781402588,15120.740863800049,13325.62098312378,5843.280456542969,5346.680366516113,9307.160720825195,3834.3802642822266,3672.0402755737305
PC(44:5),42425.10468673706,55555.94437789917,43463.42278671265,17538.121425628662,11522.541030883787,31485.26229095459,12167.340839385986,11854.26082611084
PC(44:6),27945.84210586548,33650.7424659729,32739.042514801025,14596.301223754885,9644.020778656006,20272.941455841064,5868.5403480529785,8622.640689849854
"PC(44:7),PC(43:0)",11006.801021575928,13436.80111694336,14104.401107788086,6210.160491943359,3794.6802253723145,7669.700439453125,3337.2202339172363,3102.740188598633
"PC(44:8),PC(43:1)",2783.320178985596,2920.1002197265625,2966.840156555176,1673.460105895996,1729.6601333618164,2386.8001556396484,1262.1000862121582,1459.3800964355469
PC(46:0),1448.0201110839844,1158.9800834655762,1148.2600898742676,1034.9800643920898,1079.4000778198242,1159.4800872802734,1017.3200759887696,1060.6600761413574
PC(46:1),2117.840133666992,1403.3601112365725,1050.0400772094729,1016.2400741577148,1188.460090637207,1429.6200828552246,1083.5800857543943,1182.060073852539
PC(46:2),1974.5001373291016,1380.720100402832,1063.62007522583,1138.8200759887695,1136.2400703430176,1341.6601066589355,995.5800704956056,1383.2400970458984
PC(48:0),1085.900074005127,1068.7000732421875,1078.020076751709,1042.400089263916,996.2400665283204,1018.1600799560548,1047.2200660705566,1050.6800689697266
PC(48:2),1588.6601104736328,1275.3800888061523,1014.9000778198242,1118.9800758361816,1054.1600799560547,1090.8400650024414,1007.5800743103028,1053.7200775146484
"PC(4:0),LPC(5:0)",1235.880084991455,1140.2800827026367,1075.700080871582,991.0200729370116,1029.480079650879,1238.600082397461,1155.4600830078125,1062.5600662231443
PC(50:0),1227.3800888061523,1117.080078125,1033.3600845336914,998.300064086914,996.6200714111328,994.1200637817384,1045.2200736999512,1096.4400749206543
PC(52:0),1241.180088043213,1125.320087432861,1041.6600646972656,1046.8600730895996,1000.4400749206544,1036.0800666809082,996.0600738525392,1054.5000801086426
PC(52:4),1011.54008102417,1082.3600769042969,1021.7600746154784,999.3800735473632,995.1200790405272,997.4600639343262,1034.9800758361816,995.820068359375
PC(54:12),1135.2800788879397,1047.1800727844238,1023.3200759887696,997.6400718688964,996.0600700378418,1117.1800804138184,995.7000694274902,995.2800788879396
PC(56:12),1018.4000663757324,996.12007522583,1038.9800758361816,998.260066986084,1046.5200805664062,1096.0000762939453,1033.000072479248,995.8200645446776
PC(56:8),1098.6800804138184,1196.4800910949707,1179.6200942993164,1049.1800689697266,1192.2200813293457,988.5200729370116,1008.680061340332,1034.9200706481934
PC(56:9),1228.9200897216797,1146.0600814819336,1127.5000762939453,1227.4600944519043,1040.460075378418,1270.7801055908203,1004.860080718994,1146.360092163086
"PC(6:0),LPC(7:0)",1125.7400817871094,1168.280086517334,1146.5200729370115,971.9000663757324,959.4800682067872,1135.920078277588,1021.4600715637208,1005.340061187744
"PC(8:0),LPC(9:0)",1070.6800804138184,1264.980079650879,1287.5600929260254,975.1200714111328,1090.62007522583,1525.0201225280762,1091.1800804138184,1013.8800582885742
PC(O-12:1),1206.6800918579102,1076.0200843811035,1146.5600776672363,1017.9800720214844,1113.5200653076172,1142.000072479248,1035.3200798034668,1021.5600776672364
"PC(O-13:1),LPC(P-14:0)",1195.160083770752,1245.0200958251953,1074.8400802612305,1116.860065460205,1042.7400817871094,1082.7000732421875,1072.3400802612305,1075.8400840759275
"PC(O-38:8),PC(36:1),PC(O-37:1),PC(P-37:0)",399254.8081817627,474382.86151123047,616289.9534759521,337400.86407470703,231184.0928268433,326673.2050628662,195178.45514678955,233969.45586395264
"PC(O-38:9),PC(36:2),PC(O-37:2),PC(P-37:1)",2036450.9821777344,2499762.0372314453,3197355.331634521,1850747.7532730105,1155727.9381103516,1562018.9729156494,857714.7218170166,1211874.863708496
"PC(O-40:9),PC(38:2),PC(P-39:1)",322711.82946395874,372016.9943771362,284927.3058357239,146747.93301391602,110278.48899841309,256554.51931762692,66417.48447036743,79179.84465789795
"PE(12:0),LPE(13:0)",1233.6200904846191,1247.840087890625,1403.1200981140137,1243.800090789795,1209.7200813293457,1374.4600982666016,1333.980094909668,1294.5400886535645
"PE(16:0),LPE(O-18:0)",1352.3600997924805,1392.820110321045,1333.4401016235352,1450.9801063537598,1557.0401153564453,1339.820087432861,1342.2800941467283,1246.2400932312012
"PE(20:0),LPE(21:0)",1381.5201034545898,1341.1200904846191,1242.0800895690918,1443.6400985717771,1271.400089263916,1440.6600875854492,1278.8600845336914,1251.560089111328
PE(24:0),1532.2201118469238,1426.480094909668,1298.5400886535645,1381.8800964355469,1510.5401191711426,1374.5600929260254,1286.3800888061523,1312.9000968933103
PE(25:0),1395.6400871276855,1405.7000846862793,1267.8400917053225,1233.5600776672363,1278.6000862121582,1293.1400871276855,1357.9800987243652,1301.320087432861
PE(26:0),1268.3400917053225,1360.7000923156738,1261.1200904846191,1296.860088348389,1298.06010055542,1332.9001007080078,1208.5400848388672,1263.5800895690918
PE(26:1),1296.2400856018066,1269.080093383789,1325.9200897216797,1240.4600791931152,1246.0600852966309,1343.1801071166992,1262.7600898742676,1260.54008102417
"PE(27:0),PE(O-28:0)",1232.4600982666016,1232.180103302002,1285.4000854492188,1225.360080718994,1324.440097808838,1261.3400802612305,1244.4800987243652,1302.2200965881348
"PE(27:1),PE(P-28:0)",1391.8001022338867,1285.5000915527344,1400.5001182556152,1355.2601013183594,1421.000099182129,1449.7200965881348,1302.3201065063477,1237.5000762939453
"PE(28:1),PE(P-29:0)",1295.460090637207,1373.1200942993164,1538.9801063537598,1324.3000946044922,1402.5001029968262,1341.0000915527344,1389.4600868225098,1209.7800750732422
PE(28:2),1344.6600875854492,1252.1601028442385,1285.0800857543943,1290.8600845336914,1312.0000953674316,1235.8600769042969,1209.1000862121582,1229.9800758361816
"PE(29:0),PE(O-30:0)",1484.6001052856443,1220.54008102417,1252.8400840759275,1289.8400917053225,1219.6000862121582,1259.680076599121,1325.5000839233398,1209.6800842285156
"PE(29:1),PE(O-30:1),PE(P-30:0)",1265.320095062256,1296.540096282959,1236.840087890625,1275.2400856018066,1305.2200927734375,1269.3600769042969,1217.14009475708,1281.3600959777832
"PE(29:2),PE(P-30:1)",1324.7001037597656,1284.860088348389,1256.820083618164,1334.2201042175293,1342.8600997924805,1280.8200912475586,1285.3200912475586,1210.1600875854492
"PE(30:0),PE(O-31:0)",1457.4001007080078,1427.7800979614258,1505.7200965881348,1324.940097808838,1446.840106964111,1560.6200981140137,1368.7800979614258,1222.4000968933103
"PE(30:1),PE(O-31:1),PE(P-31:0)",1339.3000984191897,1242.1000900268557,1382.4200973510742,1478.4801063537598,1384.7800979614258,1446.2800903320312,1229.6800994873047,1209.2000923156738
"PE(30:2),PE(P-31:1)",1250.6000900268557,1220.8200912475586,1280.8000831604004,1293.7400856018066,1253.3800811767578,1210.1400871276855,1267.240089416504,1209.7400856018066
PE(30:3),1274.4000930786133,1297.8800926208496,1294.5400924682615,1289.9800910949707,1211.0000953674316,1250.5800819396973,1286.7800788879397,1270.4400825500488
PE(30:4),1295.000087738037,1310.5800895690918,1377.180103302002,1219.0600929260254,1231.7800941467283,1210.7800827026367,1240.2600898742676,1209.4200859069824
"PE(31:0),PE(O-32:0)",1346.800090789795,1247.920078277588,1399.7400932312012,1449.0201034545898,1458.2801055908203,1295.1000862121582,1271.7400932312012,1209.7600746154783
"PE(31:1),PE(O-32:1),PE(P-32:0)",1338.380100250244,1387.000087738037,1380.4401054382324,1401.280101776123,1506.4401054382324,1353.940097808838,1344.1801109313965,1279.0600852966309
"PE(31:2),PE(P-32:1)",1378.5801010131836,1256.760097503662,1229.320087432861,1263.0800971984863,1325.0801010131836,1310.0600852966309,1209.4600830078125,1294.8000869750977
PE(31:3),1336.8400955200195,1242.0600776672363,1235.6600914001465,1317.880084991455,1285.2400932312012,1260.460075378418,1393.7201118469238,1225.200080871582
PE(31:4),1256.520092010498,1321.920093536377,1257.1800918579102,1255.2200965881348,1240.620086669922,1228.360080718994,1209.4600868225098,1250.440086364746
"PE(32:0),PE(O-33:0)",2615.160171508789,2489.7201538085938,2713.760234832764,2539.600151062012,2752.500160217285,2779.1401596069336,1951.820110321045,1431.8001098632812
"PE(32:1),PE(O-33:1),PE(P-33:0)",6013.720359802246,5466.520278930664,4228.220180511475,4032.860206604004,8608.96036529541,6016.660411834717,2503.4801750183105,2127.9001274108887
"PE(32:2),PE(O-33:2),PE(P-33:1)",1861.940139770508,1870.5001182556152,2036.840156555176,2069.620143890381,2351.160167694092,2125.500160217285,1777.7801132202148,1385.9401092529297
"PE(32:3),PE(P-33:2)",1244.660099029541,1254.580093383789,1268.6800842285156,1231.020092010498,1293.7400970458984,1274.2600898742676,1243.4400939941406,1258.7800903320312
"PE(32:4),PEd(O-34:4)",1246.6200790405271,1323.8800926208496,1323.6600952148438,1427.020092010498,1241.8400764465332,1233.5000839233398,1246.820087432861,1209.3800888061523
PE(32:5),1245.3800888061523,1232.4800872802734,1223.3200798034668,1219.200080871582,1219.020092010498,1216.5200653076172,1259.240089416504,1209.3800888061523
"PE(33:0),PE(O-34:0)",1454.8000946044922,1526.2401084899902,1384.6200981140137,1514.960117340088,1509.7000923156738,1610.180118560791,1332.8800964355469,1266.9200897216797
"PE(33:1),PE(O-34:1),PE(P-34:0)",2052.5001220703125,2285.4201736450195,2489.920181274414,1986.4401206970213,2666.020206451416,2978.0602416992188,1575.7401237487793,1353.6000938415527
"PE(33:2),PE(O-34:2),PE(P-34:1)",1934.5601501464844,2001.7201385498047,2069.100170135498,2118.7201499938965,1837.5401191711424,2166.6401443481445,1399.2000923156738,1246.4001007080078
"PE(33:3),PE(O-34:3),PE(P-34:2)",1513.220100402832,1394.180088043213,1471.9601020812988,1577.2201042175293,1486.2001152038574,1505.6801071166992,1313.0800857543943,1229.960090637207
"PE(33:4),PE(O-34:4),PE(O-34:4),PE(P-34:3)",1298.2601013183594,1299.4201011657717,1276.7800903320312,1284.980094909668,1211.2600860595703,1286.5200805664062,1243.2400932312012,1249.4000854492188
"PE(33:5),PE(P-34:4)",1269.5601043701172,1220.000087738037,1259.920078277588,1220.320087432861,1242.2200889587402,1311.0000915527344,1209.54008102417,1250.1200942993164
"PE(34:0),PE(O-35:0)",5935.440395355225,5635.500358581543,6952.800495147705,5966.92049407959,6005.220417022705,5876.740375518799,3020.1202239990234,2117.3401527404785
"PE(34:1),PE(O-35:1),PE(P-35:0)",65619.60381317139,55985.84332275391,72505.78671646118,63014.90334320068,82125.92652511597,75433.944606781,20082.981658935547,12727.700927734377
"PE(34:2),PE(O-35:2),PE(P-35:1)",227366.69598388672,221195.29666519165,265245.2843322754,296603.29319381714,363828.9655380249,251879.61716079712,71144.80545425415,41624.223361968994
"PE(34:3),PE(P-35:2)",26373.5818939209,20034.401691436768,22024.60165405273,35059.963275909424,30379.382160186768,21372.92134475708,8204.500583648682,5126.000411987305
PE(34:4),2267.940158843994,1750.4801292419434,1722.8201293945312,2401.260185241699,2362.260139465332,2018.4601364135744,1479.6200942993164,1276.0200996398926
PE(34:5),1274.9000968933103,1295.6600952148438,1324.9400939941406,1234.500087738037,1244.960090637207,1351.8400917053225,1256.0400848388672,1271.7400932312012
PE(34:6),1405.680103302002,1290.5800971984863,1223.9000854492188,1245.9200820922852,1266.0800971984863,1337.3800926208496,1271.4600982666016,1239.2000732421875
"PE(35:3),PE(O-36:3),PE(P-36:2)",3035.900188446045,2943.960231781006,3371.380172729492,4766.90034866333,3839.6403045654297,4187.540279388428,2106.460132598877,1573.8000984191897
"PE(35:4),PE(O-36:4),PE(P-36:3)",2773.640163421631,2656.8601608276367,2963.700187683105,2818.74019241333,2981.2601890563965,5622.420360565186,2112.320152282715,1415.4001007080078
"PE(35:5),PE(O-36:5),PE(P-36:4)",3310.5002975463867,2769.880184173584,3641.68030166626,3568.680248260498,2892.3002166748047,3360.400283813477,2521.5401649475098,1519.3401184082031
"PE(35:6),PE(P-36:5)",1302.6600914001465,1307.2000923156738,1383.1400985717771,1508.1601104736328,1454.6800994873047,1412.4401054382324,1274.2600860595703,1253.8001022338867
"PE(36:3),PE(P-37:2)",291909.8771018982,187453.08806610107,348053.7334365845,448596.910243988,358393.34533309937,290217.6212158203,115000.10958862305,57717.36401367188
"PE(36:4),PE(O-37:4)",530130.7841262817,341045.8802986145,564360.0539474487,607392.9089927673,627081.4021835327,473676.3514022827,241647.88961791992,93391.74560165404
PE(36:5),44689.70335006714,23929.58123016357,33151.062397003174,55742.324531555176,53572.1231880188,31897.12224578857,16681.46137237549,7959.240428924561
PE(36:6),2490.5001640319824,2407.2001953125,2388.920124053955,3393.86026763916,3226.000240325928,2300.6601638793945,1725.440113067627,1480.3800964355469
"PE(36:7),PE(35:0),PE(O-36:0)",1761.9401245117188,1604.860126495361,1628.7801132202148,1460.8400993347168,1533.1600914001465,1384.9601097106934,1313.540096282959,1393.5201110839844
"PE(36:8),PE(dO-38:8),PE(35:1),PE(O-36:1),PE(P-36:0)",3251.3802528381348,3402.5402336120605,3573.8002586364746,3538.380283355713,3794.6801986694336,3596.4401817321777,1811.1601333618164,1648.6001091003418
"PE(37:3),PE(O-38:3),PE(P-38:2)",5007.24040222168,3673.280220031738,4535.080299377441,5471.040390014648,4490.520332336426,5317.800399780273,2421.440158843994,1635.8201217651367
"PE(37:4),PE(O-38:4),PE(P-38:3)",20114.56196212769,15105.321296691896,22104.18194961548,28248.10234451294,18147.64130783081,24806.62188339233,9597.560760498049,4678.580341339111
"PE(37:5),PE(O-38:5),PE(P-38:4)",7538.160591125488,5123.800373077393,8374.060649871826,8879.800521850586,6341.400489807129,7923.20040512085,4116.740329742432,2434.880199432373
"PE(37:6),PE(O-38:6),PE(P-38:5)",5141.680320739746,3901.960258483887,5474.120441436768,8009.960697174072,5046.70036315918,5470.200347900391,3330.320255279541,2080.9201583862305
"PE(37:7),PE(P-38:6),PE(36:0),PE(O-37:0)",4380.180282592773,3495.9802436828613,4459.24036026001,5451.880207061768,3710.680316925049,5371.960521697998,2637.860195159912,1961.3201522827148
PE(38:3),165095.0552368164,121622.33235168456,162729.4294013977,196240.3337402344,142524.48964309692,143529.96759796143,88242.88623428345,35185.722999572754
PE(38:4),1256323.7862243652,917950.9200286864,1310715.3024291992,1540056.6291427612,1035701.9266357422,1009642.1360244752,756921.3419570923,286432.1221847534
PE(38:5),570172.0022201538,423078.1713256836,642365.0153770447,782293.852722168,610765.4413566589,557276.383518219,330567.32273101807,136027.34977722168
PE(38:6),861205.99061203,652274.4674835205,943791.8703918456,1216198.0932617188,840696.7012138367,809242.5590896606,506497.6899032593,200441.4928894043
"PE(38:7),PE(37:0),PE(O-38:0)",36806.50280761719,23530.70171356201,32914.66209793091,51119.12350463867,37057.36260986328,32227.90263748169,20329.02128982544,7121.100563049316
"PE(38:8),PE(dO-40:8),PE(37:1),PE(O-38:1),PE(P-38:0)",2839.380153656006,2033.480136871338,2499.8601608276367,3316.600246429444,2865.300243377685,3035.380210876465,1653.620132446289,1316.000087738037
"PE(38:9),PE(dO-40:9),PE(37:2),PE(O-38:2),PE(P-38:1)",4645.740352630615,3407.1202964782715,4579.100379943848,5825.080272674561,5267.660339355469,6263.820503234863,2221.060157775879,1806.340129852295
"PE(39:4),PE(O-40:4),PE(P-40:3)",16358.42149734497,10249.680912017822,13820.821048736572,20223.26141357422,13561.52084350586,15208.600845336914,7492.060604095459,4000.920269012451
"PE(39:5),PE(O-40:5),PE(P-40:4)",5288.520305633545,4450.380294799805,5856.460300445557,7000.000606536865,5534.380359649658,6414.140441894531,3188.600234985352,2120.4601554870605
"PE(39:6),PE(O-40:6),PE(P-40:5)",8507.240604400635,7151.3204345703125,9860.500770568848,12782.38090133667,7810.360324859619,10514.400897979736,5624.920413970947,2887.420207977295
"PE(39:8),PE(O-40:8),PE(P-40:7),PE(38:1),PE(O-39:1),PE(P-39:0)",5892.52046585083,5104.700420379639,6490.380416870117,6027.100387573242,5439.260318756104,7004.900466918945,3357.2002868652344,2155.880142211914
"PE(40:1),PE(P-41:0)",1981.6801109313965,1855.4601440429688,1922.120140075684,2055.020118713379,2223.9601669311523,2336.400157928467,1547.980110168457,1460.4601020812988
"PE(40:10),PE(39:3),PE(O-40:3),PE(P-40:2)",4497.800231933594,2011.9001579284668,3406.9202613830566,4127.140354156494,3246.820251464844,4069.640293121338,2381.0202026367188,1750.8001327514648
PE(40:2),2590.8601875305176,2816.920192718506,2468.8801651000977,2370.4801902771,2431.6801528930664,2378.9801902771,1986.6601295471191,1389.6401023864746
PE(40:3),4557.180358886719,2820.840148925781,4520.680362701416,4620.7602615356445,4596.100315093994,4570.1803855896,3041.4002685546875,1907.280139923096
PE(40:4),22110.422241210938,16026.781135559082,22650.86157608032,24251.021896362305,22297.622344970703,19348.301471710205,12355.960590362549,5291.160480499268
PE(40:5),47548.16300964356,30662.221069335938,50603.42387390137,59988.864082336426,50098.94279098511,43240.50342178345,30725.24266052246,11296.280658721924
"PE(40:6),PE(dO-40:0)",192666.1386604309,167340.20907211304,214899.01377487183,299380.95655059814,189521.1979522705,204705.4564552307,153124.60807800293,57765.2642250061
"PE(40:7),PE(39:0),PE(O-40:0)",195291.77269363403,142492.78652572632,225504.217792511,339191.1161117554,187820.678565979,196895.0580863953,154605.42866134644,56753.70447921753
"PE(40:9),PE(39:2),PE(O-40:2),PE(P-40:1)",11374.121166229248,5225.500377655029,8234.300777435303,10823.040714263916,7757.34069442749,6700.080436706543,3839.2402877807617,2499.240188598633
"PE(41:5),PE(P-42:4)",1737.5601387023926,1822.8201293945312,1858.040134429932,1906.7601432800293,1977.7401161193848,1878.700122833252,1625.7001037597656,1449.020107269287
"PE(41:6),PE(O-42:6)",2704.920185089112,3156.600284576416,3318.82027053833,4321.600231170654,3525.9802856445312,4128.640235900879,2034.5001335144043,1828.120132446289
"PE(41:7),PE(P-42:6),PE(40:0),PE(O-41:0)",1846.3001403808596,1546.1401138305664,1975.3601417541504,2484.7001457214355,2103.140148162842,1863.7801208496091,1741.3601188659668,1526.100112915039
PE(42:0),1317.9400939941406,1455.6601219177246,1348.9800910949707,1405.140106201172,1533.360107421875,1377.2800827026367,1278.0400924682615,1634.6200904846191
PE(42:1),1282.2400856018066,1565.200107574463,1430.2800941467283,1568.4401092529297,2034.2801132202148,1799.7201347351074,1296.5600967407229,1596.240104675293
"PE(42:11),PE(41:4),PE(O-42:4)",1990.7801094055176,2074.760166168213,2159.280117034912,2204.3801307678223,2155.5001335144043,1970.8801383972168,1626.0001068115234,1376.860092163086
PE(42:2),1372.760108947754,1575.5201110839844,1496.6200942993164,1598.7001152038574,1995.780139923096,1768.3001174926758,1300.500087738037,1498.660099029541
PE(42:3),1442.580108642578,1469.8001174926758,1626.320110321045,1580.9401092529297,1863.5001487731931,1523.6000938415527,1287.14009475708,1379.0200996398926
PE(42:4),1851.3001518249512,1720.4001388549805,2185.0801315307617,2082.580177307129,1963.9801445007324,1872.8401374816892,1484.7201118469238,1408.8800926208496
PE(42:5),2522.660171508789,2398.560165405273,2820.560199737549,2991.640182495117,2949.260181427002,2821.4802207946777,2221.2801361083984,1609.2201080322266
PE(42:6),4962.780353546143,4166.98025894165,3769.880268096924,4926.780345916748,5053.900341033936,4483.000240325928,2930.500240325928,1959.0401458740237
"PE(42:7),PE(41:0),PE(O-42:0)",5725.360260009766,4775.000392913818,6197.900485992432,8435.420585632324,5899.860542297363,6060.820308685303,5197.940433502197,2719.880199432373
"PE(42:8),PE(41:1),PE(O-42:1),PE(P-42:0)",3362.560188293457,3444.280261993408,4372.360370635986,5897.060470581055,4176.620319366455,3999.520401000977,2696.880195617676,2319.720157623291
"PE(42:9),PE(41:2),PE(O-42:2),PE(P-42:1)",4426.180202484131,3149.160259246826,3038.56018447876,4479.640277862549,3468.820224761963,3565.000312805176,2395.760181427002,1750.2601203918457
PE(43:2),1306.1600761413574,1311.0400924682615,1290.800090789795,1316.6001091003418,1335.1601028442385,1467.740104675293,1250.8000946044922,1251.200080871582
PE(43:4),1355.7400932312012,1409.3201026916504,1568.540111541748,1403.5200996398926,1343.1800804138184,1359.7601013183594,1296.4201011657717,1254.960075378418
PE(43:6),1305.3001022338867,1394.920093536377,1412.0200996398926,1316.2000885009766,1387.4800987243652,1379.8000831604004,1250.200096130371,1267.680076599121
PE(44:0),1334.9601020812988,1369.9801139831543,1349.1600914001465,1295.360092163086,1304.0200881958008,1332.880100250244,1250.4600982666016,1251.6400833129885
PE(44:1),1261.200096130371,1304.400089263916,1345.7800941467283,1261.9600944519043,1309.8000793457031,1268.9000816345217,1250.3000869750977,1434.7800903320312
PE(44:10),1394.6800918579102,1309.880100250244,1445.2601165771484,1308.980094909668,1411.9800987243652,1374.960105895996,1249.9200973510742,1305.4400825500488
PE(44:12),1352.14009475708,1539.1401138305664,1353.8200988769531,1387.0601043701172,1391.7400741577148,1416.080108642578,1399.000099182129,1281.5800819396973
PE(44:2),1278.9201011657717,1329.320095062256,1275.700096130371,1330.8400955200195,1283.2600898742676,1339.5600967407229,1250.9800758361816,1273.0600967407229
PE(44:3),1319.4800758361816,1293.5000801086426,1398.020107269287,1440.1200942993164,1262.6200904846191,1368.500099182129,1250.420093536377,1318.4800910949707
PE(44:4),1294.2600898742676,1349.6200828552246,1406.7401008605957,1429.180103302002,1486.7601013183594,1304.8400764465332,1326.3400764465332,1259.920093536377
PE(44:5),1455.460105895996,1332.3600959777832,1327.6200981140137,1431.940097808838,1403.9801063537598,1447.8600997924805,1287.4000854492188,1336.5000953674316
PE(44:6),1358.7800979614258,1438.0401077270508,1466.0400924682615,1411.500099182129,1327.9200859069824,1448.4001083374023,1382.1600914001465,1266.920078277588
"PE(44:7),PE(43:0)",1311.3200912475586,1337.9400901794434,1527.180118560791,1471.3601150512695,1444.320110321045,1307.100082397461,1313.520092010498,1311.1601028442385
"PE(44:8),PE(43:1)",1353.5800971984863,1314.040096282959,1367.920093536377,1397.4800987243652,1441.220115661621,1373.0200881958008,1284.3400955200195,1276.800090789795
PE(46:1),1313.740077972412,1261.440086364746,1311.400089263916,1261.04008102417,1277.9400901794434,1253.3400917053225,1250.6600914001465,1265.1000862121582
PE(52:4),1259.840103149414,1259.5200843811035,1263.2000885009766,1259.8600845336914,1250.2800941467283,1250.100082397461,1248.6000862121582,1249.4800910949707
"PE(O-38:8),PE(36:1),PE(O-37:1),PE(P-37:0)",36943.603412628174,25808.461570739742,36881.62241363525,45412.78271102905,40266.882930755615,37532.16226577759,15658.400745391846,8324.980728149414
"PE(O-38:9),PE(36:2),PE(O-37:2),PE(P-37:1)",269005.18702697754,170855.8286857605,265428.5259780884,358546.21632766724,291008.4395675659,260488.119556427,104312.02728652954,53625.12243270874
"PE(O-40:9),PE(38:2),PE(P-39:1)",18697.381317138672,12714.64100265503,17523.161163330078,21613.56159210205,16921.441020965576,18670.441333770752,8125.040489196777,3432.80025100708
"PE(dO-38:9),PE(35:2),PE(O-36:2),PE(P-36:1)",6642.560565948486,5915.00040435791,7450.360633850098,9738.240581512451,8719.740798950195,8507.700691223145,3379.6002082824707,2370.420150756836
"PE28:0,PE(O-29:0)",1448.6601104736328,1239.0000801086426,1278.9400939941406,1375.020092010498,1396.5000953674316,1351.520107269287,1208.560089111328,1230.420078277588
"PG(12:0),LPG(13:0)",1267.2000885009766,1274.860088348389,1323.1200828552246,1296.820087432861,1366.5200843811035,1323.7200889587402,1266.2200775146484,1249.6800804138184
"PG(16:0),LPG(17:0),LPG(O-18:0)",1578.1801071166992,1418.2200965881348,1350.9601020812988,1374.4001007080078,1438.3601036071775,1396.6800956726074,1503.4200897216797,1456.5801048278809
"PG(20:0),LPG(21:0)",1393.8000984191897,1251.6400756835938,1340.8000946044922,1323.3001022338867,1293.8000869750977,1470.2401084899902,1249.3200988769531,1299.540096282959
PG(24:0),1375.860092163086,1300.3800888061523,1283.320087432861,1249.360088348389,1297.840087890625,1284.5400886535645,1301.340087890625,1321.2000923156738
PG(25:0),1249.2400856018066,1312.560089111328,1336.6400909423828,1255.5800895690918,1296.900089263916,1273.5600967407229,1249.7200889587402,1266.1800842285156
PG(26:0),1251.2600898742676,1294.0001029968262,1307.6200714111328,1249.2600860595703,1333.700096130371,1339.0200805664062,1262.680088043213,1300.3600845336914
PG(26:1),1296.020092010498,1251.0800857543943,1252.1600761413574,1260.4000816345217,1252.7200736999512,1353.5200996398926,1319.1800994873047,1249.7200889587402
"PG(27:0),PG(O-28:0)",1249.120086669922,1251.2400817871094,1276.2400932312012,1249.3200912475586,1251.9800910949707,1251.7200889587402,1263.14009475708,1296.5000953674316
"PG(27:1),PG(P-28:0)",1262.3400917053225,1268.3400840759275,1251.7200889587402,1249.2000846862793,1252.320083618164,1251.000087738037,1301.4200973510742,1248.3000984191897
"PG(28:0),PG(O-29:0)",1249.5800895690918,1300.64009475708,1317.000087738037,1265.10009765625,1251.6400871276855,1251.1400833129885,1249.9200897216797,1268.480094909668
"PG(28:1),PG(P-29:0)",1249.3600845336914,1251.860092163086,1289.1800918579102,1248.8800926208496,1262.9600868225098,1251.000087738037,1249.860088348389,1391.540096282959
PG(28:2),1318.4201011657717,1250.620086669922,1251.9800758361816,1271.6000785827637,1284.520076751709,1251.1200828552246,1248.8800926208496,1289.1800956726074
"PG(29:0),PG(O-30:0)",1249.8800888061523,1251.2400817871094,1280.0000762939453,1290.0400772094729,1365.540096282959,1251.5200958251953,1249.6000900268557,1249.2800903320312
"PG(29:1),PG(O-30:1),PG(P-30:0)",1248.3200798034668,1250.7400856018066,1293.5600929260254,1269.04008102417,1252.320087432861,1251.60009765625,1265.560089111328,1249.8000831604004
"PG(29:2),PG(P-30:1)",1249.280086517334,1259.4000968933103,1251.9600868225098,1249.54008102417,1252.0800857543943,1277.120086669922,1266.500087738037,1248.8400917053225
"PG(30:0),PG(O-31:0)",1249.0800819396973,1277.4200897216797,1302.5000801086426,1274.0000915527344,1285.7400817871094,1291.040096282959,1287.5400924682615,1296.10009765625
"PG(30:1),PG(O-31:1),PG(P-31:0)",1272.1600875854492,1250.5800895690918,1252.5200881958008,1257.580093383789,1251.600082397461,1251.4800872802734,1307.180088043213,1248.360092163086
"PG(30:2),PG(P-31:1)",1249.7800941467283,1251.6600875854492,1251.5000839233398,1266.940086364746,1251.8000831604004,1252.0200843811035,1299.540096282959,1248.080093383789
PG(30:3),1293.1400871276855,1250.6800842285156,1250.2800827026367,1249.3200912475586,1375.1000938415527,1251.4800872802734,1249.2600898742676,1283.4800910949707
PG(30:4),1250.520092010498,1254.080093383789,1268.2200813293457,1248.9800910949707,1251.580078125,1262.1800918579102,1260.7200927734375,1295.1000938415527
"PG(31:0),PG(O-32:0)",1288.6400985717771,1263.2400932312012,1276.1400985717771,1264.120086669922,1329.9001007080078,1251.0600929260254,1249.2600936889648,1248.860080718994
"PG(31:1),PG(O-32:1),PG(P-32:0)",1251.7200813293457,1250.8400917053225,1259.7200889587402,1249.520092010498,1252.2800903320312,1250.700096130371,1330.7800827026367,1249.0800895690918
"PG(31:2),PG(P-32:1)",1250.1400833129885,1251.1400909423828,1284.8800773620603,1248.9400901794434,1252.6400833129885,1251.1800842285156,1279.1400756835938,1248.7800903320312
PG(31:3),1250.3400917053225,1249.9400749206543,1306.5400886535645,1324.9201011657717,1271.0400848388672,1282.2200813293457,1249.1800918579102,1248.860088348389
PG(31:4),1255.0200881958008,1263.4200897216797,1308.260082244873,1249.6000900268557,1252.220085144043,1285.800090789795,1248.9200859069824,1248.800090789795
"PG(32:0),PG(O-33:0)",1249.1000900268557,1287.480110168457,1288.7400817871094,1249.4600982666016,1298.14009475708,1356.60009765625,1249.8200988769531,1309.5400886535645
"PG(32:1),PG(O-33:1),PG(P-33:0)",1262.8800926208496,1251.0400848388672,1251.9600868225098,1248.5200843811035,1252.3000869750977,1251.7400856018066,1248.9000930786133,1343.440097808838
"PG(32:2),PG(O-33:2),PG(P-33:1)",1262.620086669922,1279.1200981140137,1252.200080871582,1249.4800910949707,1252.1200790405271,1251.54008102417,1249.580093383789,1274.4600830078125
"PG(32:3),PG(P-33:2)",1308.6800804138184,1250.8400840759275,1251.6800842285156,1312.1200904846191,1271.04008102417,1252.4600868225098,1332.4800872802734,1295.8600959777832
PG(32:4),1250.760082244873,1301.7600860595703,1250.9800910949707,1248.340087890625,1262.7400856018066,1250.920093536377,1249.660083770752,1249.060089111328
PG(32:5),1250.160083770752,1251.5400886535645,1283.2200927734375,1297.5200881958008,1289.920093536377,1280.820083618164,1280.3600959777832,1258.0400924682615
"PG(33:0),PG(O-34:0)",1251.2000846862793,1251.3400955200195,1251.080093383789,1281.7200927734375,1265.780086517334,1250.980094909668,1249.8000869750977,1248.9800834655762
"PG(33:1),PG(O-34:1),PG(P-34:0)",1259.5800895690918,1326.4000778198242,1251.6800804138184,1281.700096130371,1251.9200820922852,1250.9200820922852,1249.200096130371,1248.940086364746
"PG(33:2),PG(O-34:2),PG(P-34:1)",1279.8400955200195,1289.7200889587402,1252.4000930786133,1249.5200843811035,1318.740077972412,1284.4800872802734,1318.5600929260254,1248.6600799560547
"PG(33:3),PG(O-34:3),PG(P-34:2)",1256.880084991455,1276.2200889587402,1252.7000999450684,1295.2601013183594,1271.1400833129885,1251.6400756835938,1287.5800819396973,1248.7200927734375
"PG(33:4),PG(O-34:4),PG(P-34:3)",1250.2000846862793,1250.4800834655762,1303.040096282959,1249.1200904846191,1291.740089416504,1260.620086669922,1308.080093383789,1254.3200912475586
"PG(33:5),PG(P-34:4)",1250.1800804138184,1250.500087738037,1258.7800903320312,1276.4600791931152,1282.6600875854492,1331.2200889587402,1277.6600875854492,1286.580093383789
"PG(34:0),PG(O-35:0)",1250.460090637207,1258.3400802612305,1317.7600784301758,1249.0800895690918,1313.0600929260254,1251.3200759887695,1249.4801063537598,1356.6600914001465
"PG(34:3),PG(P-35:2)",1260.740077972412,1274.740089416504,1263.680088043213,1249.0600852966309,1262.040096282959,1290.320095062256,1251.0800857543943,1249.3400955200195
PG(34:4),1249.8800964355469,1250.860092163086,1309.6200828552246,1249.0200958251953,1251.9400825500488,1251.6600799560547,1272.7000846862793,1248.320087432861
PG(34:5),1280.100082397461,1251.7800827026367,1257.5000953674316,1248.8400840759275,1252.10009765625,1251.1401023864746,1249.260082244873,1302.180088043213
PG(34:6),1251.2000923156738,1250.5600929260254,1251.6400909423828,1251.1200828552246,1251.940086364746,1251.0200881958008,1286.440086364746,1247.9800834655762
"PG(35:2),PG(O-36:2),PG(P-36:1)",1260.4400901794434,1251.260082244873,1282.0400772094729,1353.0600967407229,1253.04008102417,1288.8000831604004,1249.7600936889648,1249.5401000976562
"PG(35:3),PG(O-36:3),PG(P-36:2)",1248.7000923156738,1269.5000915527344,1250.8800811767578,1249.5401000976562,1251.8800964355469,1251.7800827026367,1271.1000900268557,1249.860092163086
"PG(35:4),PG(O-36:4),PG(P-36:3)",1249.980094909668,1256.080093383789,1251.8400840759275,1249.240089416504,1252.280086517334,1250.6200828552246,1250.320087432861,1248.960090637207
"PG(35:5),PG(O-36:5),PG(P-36:4)",1322.440086364746,1250.9400901794434,1251.7000923156738,1249.060089111328,1308.1000709533691,1251.1800918579102,1250.340087890625,1272.740089416504
"PG(35:6),PG(P-36:5)",1286.64009475708,1250.7800903320312,1307.7200889587402,1303.7000846862793,1251.8600845336914,1251.880084991455,1332.9800987243652,1270.1600914001465
"PG(36:1),PG(O-37:1),PG(P-37:0)",1298.7600936889648,1285.000099182129,1254.6000938415527,1308.3000869750977,1274.880084991455,1252.2600898742676,1296.0000839233398,1276.7000923156738
"PG(36:3),PG(P-37:2)",1295.2200927734375,1250.940086364746,1256.3000831604004,1257.7200927734375,1255.540096282959,1302.9200973510742,1251.9000854492188,1248.5000915527344
PG(36:4),1298.180088043213,1250.4800910949707,1252.1600875854492,1265.2800903320312,1302.6000938415527,1261.6200790405271,1248.7801055908203,1249.1200904846191
PG(36:5),1249.7600860595703,1250.8000946044922,1251.2400856018066,1249.240089416504,1251.3800926208496,1262.000087738037,1254.5400848388672,1271.9801025390625
PG(36:6),1250.320087432861,1250.2601051330566,1251.5400886535645,1248.860088348389,1251.9800758361816,1250.7600936889648,1249.980094909668,1270.200096130371
"PG(36:7),PG(35:0),PG(O-36:0)",1248.9200744628906,1301.6000900268557,1264.2400817871094,1249.320095062256,1319.3400993347168,1251.360088348389,1249.7800827026367,1248.3000984191897
"PG(36:8),PG(35:1),PG(O-36:1),PG(P-36:0)",1292.9200897216797,1251.720085144043,1289.0801010131836,1267.0600929260254,1295.900089263916,1320.860107421875,1249.4000968933103,1248.9600868225098
"PG(37:3),PG(O-38:3),PG(P-38:2)",1260.1800842285156,1287.660083770752,1261.7800750732422,1249.3400840759275,1275.4200973510742,1251.1600799560547,1298.460090637207,1248.9400901794434
"PG(37:4),PG(O-38:4),PG(P-38:3)",1249.8400917053225,1250.920093536377,1289.740089416504,1248.2400970458984,1252.0200805664062,1285.3800888061523,1249.8200988769531,1248.6800956726074
"PG(37:5),PG(O-38:5),PG(P-38:4)",1249.6200904846191,1252.2200775146484,1267.7800941467283,1249.6000900268557,1251.0600852966309,1286.2000885009766,1249.0800857543943,1248.9200897216797
"PG(37:6),PG(O-38:6),PG(P-38:5)",1249.9200859069824,1269.5600814819336,1251.5600852966309,1249.8000869750977,1268.9400901794434,1262.2800979614258,1249.780071258545,1280.2800903320312
"PG(37:7),PG(P-38:6),PG(36:0),PG(O-37:0)",1255.4800910949707,1279.8200721740725,1307.360088348389,1249.820087432861,1252.1800918579102,1297.3400840759275,1269.4000816345217,1289.0800971984863
"PG(38:2),PG(P-39:1)",1259.4401016235352,1250.680088043213,1267.980094909668,1270.3200912475586,1252.020092010498,1250.980094909668,1289.5400772094729,1248.0400924682615
PG(38:3),1264.5400924682615,1277.14009475708,1251.880084991455,1249.280086517334,1252.3400802612305,1277.960090637207,1257.180088043213,1249.3600845336914
PG(38:4),1250.1600952148438,1264.0200958251953,1251.2800903320312,1317.0200996398926,1252.5000839233398,1251.4400901794434,1293.160099029541,1374.9400939941406
PG(38:5),1249.1800918579102,1272.2400932312012,1251.9000854492188,1300.6201057434082,1252.820087432861,1251.280086517334,1277.9201011657717,1249.4600868225098
PG(38:6),1328.3800964355469,1250.540096282959,1252.1800842285156,1248.280086517334,1252.120086669922,1252.0600929260254,1249.240089416504,1333.2601013183594
"PG(38:7),PG(37:0),PG(O-38:0)",1279.4001007080078,1281.1000938415527,1251.660099029541,1299.960090637207,1379.5800971984863,1288.0200881958008,1249.9000968933103,1248.740077972412
"PG(38:8),PG(37:1),PG(O-38:1),PG(P-38:0)",1249.9600868225098,1250.8400802612305,1252.1000785827637,1249.2600936889648,1251.9800910949707,1251.1200981140137,1249.3800888061523,1249.0600852966309
"PG(38:9),PG(37:2),PG(O-38:2),PG(P-38:1)",1250.440086364746,1251.7000846862793,1252.5800857543943,1289.5800971984863,1287.340087890625,1251.320087432861,1250.3000946044922,1298.240089416504
"PG(39:1),PG(O-40:1),PG(P-40:0)",1290.7000923156738,1302.960090637207,1293.800090789795,1331.6000862121582,1308.020092010498,1326.1800994873047,1291.240089416504,1290.3200912475586
"PG(39:4),PG(O-40:4),PG(P-40:3)",1292.9000930786133,1292.9200859069824,1293.180088043213,1290.5600967407229,1339.740089416504,1298.1600875854492,1290.320083618164,1290.360092163086
"PG(39:5),PG(O-40:5),PG(P-40:4)",1291.320083618164,1293.580093383789,1293.1800956726074,1290.380100250244,1330.2801094055176,1293.6400909423828,1291.5201034545898,1334.2800979614258
"PG(39:6),PG(O-40:6),PG(P-40:5)",1290.860080718994,1293.0200996398926,1334.800090789795,1291.220100402832,1293.1000900268557,1293.1800956726074,1298.1000900268557,1295.2800903320312
"PG(39:7),PG(P-40:6),PG(38:0),PG(O-39:0)",1249.9200820922852,1251.1400833129885,1251.6800842285156,1248.54008102417,1251.660083770752,1250.400074005127,1249.7400856018066,1248.7800941467283
"PG(39:8),PG(38:1),PG(O-39:1),PG(P-39:0)",1260.240089416504,1251.200096130371,1252.4600830078125,1249.0400886535645,1251.240089416504,1280.8000869750977,1250.6200904846191,1248.7800788879397
"PG(40:1),PG(P-41:0)",1298.60009765625,1293.1400871276855,1293.3200912475586,1321.4600944519043,1292.7600936889648,1293.1000862121582,1336.2001037597656,1314.580078125
"PG(40:10),PG(39:3),PG(O-40:3),PG(P-40:2)",1303.0000839233398,1293.6800842285156,1293.3800964355469,1291.520092010498,1293.760082244873,1293.240089416504,1291.3400802612305,1304.780086517334
PG(40:2),1302.9600830078125,1293.580093383789,1309.4801025390625,1295.0801048278809,1302.080093383789,1293.5200996398926,1327.8400955200195,1290.6400833129885
PG(40:3),1324.180088043213,1322.5800971984863,1293.9000968933103,1290.6000938415527,1347.5801048278809,1293.5400848388672,1343.840087890625,1291.1400871276855
PG(40:4),1290.9200859069824,1292.7200965881348,1371.7400970458984,1290.6800994873047,1319.2200927734375,1345.240089416504,1291.4600982666016,1290.8200988769531
PG(40:5),1291.2400932312012,1292.760082244873,1293.360088348389,1290.540096282959,1294.2200813293457,1293.000087738037,1291.080093383789,1347.4200897216797
PG(40:6),1290.3400917053225,1292.8200912475586,1292.9801025390625,1290.9600944519043,1327.040096282959,1292.7000999450684,1309.9800910949707,1291.580093383789
"PG(40:7),PG(39:0),PG(O-40:0)",1312.820083618164,1333.100082397461,1294.360088348389,1297.7800979614258,1293.5001029968262,1293.6000900268557,1291.3400840759275,1290.0600852966309
"PG(40:9),PG(39:2),PG(O-40:2),PG(P-40:1)",1291.500099182129,1293.4600944519043,1293.420093536377,1290.6600761413574,1293.0600967407229,1318.1000900268557,1292.120101928711,1289.5800895690918
"PG(41:5),PG(P-42:4)",1290.8800888061523,1293.3800888061523,1293.3600845336914,1291.4400901794434,1303.700096130371,1333.520092010498,1291.0400886535645,1355.120101928711
"PG(41:6),PG(O-42:6)",1340.7200927734375,1318.8400955200195,1293.1400871276855,1291.240089416504,1405.7601013183594,1330.8800926208496,1311.1400833129885,1289.5200881958008
"PG(41:7),PG(P-42:6),PG(40:0),PG(O-41:0)",1292.7400932312012,1292.9400939941406,1292.8000984191897,1290.620086669922,1341.14009475708,1292.700096130371,1292.120086669922,1298.0600852966309
PG(42:0),1292.5000801086426,1292.8000946044922,1308.160099029541,1304.8600997924805,1337.7200813293457,1292.8400955200195,1290.0800857543943,1337.520092010498
PG(42:1),1299.3800811767578,1292.6800804138184,1292.860092163086,1290.2601013183594,1294.5200881958008,1301.14009475708,1345.8000869750977,1290.4200973510742
"PG(42:10),PG(41:3),PG(P-42:2)",1290.800090789795,1292.5000915527344,1293.340087890625,1291.8000831604004,1292.7800903320312,1292.9600868225098,1290.860092163086,1290.340087890625
"PG(42:11),PG(41:4),PG(O-42:4)",1291.1800918579102,1292.7400856018066,1293.7400970458984,1290.8800964355469,1369.8000946044922,1293.4200820922852,1290.680088043213,1312.500099182129
PG(42:2),1292.960090637207,1304.4600944519043,1293.1000938415527,1290.6001014709473,1293.1800994873047,1292.360088348389,1385.2601051330566,1290.720100402832
PG(42:3),1291.8000793457031,1315.9600944519043,1302.1000785827637,1327.760097503662,1293.3400840759275,1292.7800903320312,1296.880100250244,1290.500087738037
PG(42:4),1291.9400825500488,1293.2400856018066,1293.220085144043,1291.6600952148438,1293.740089416504,1293.240089416504,1334.0801010131836,1290.700080871582
PG(42:5),1291.5600776672363,1292.7600936889648,1293.1400756835938,1291.700080871582,1315.8400802612305,1293.4000854492188,1290.440097808838,1290.3400917053225
PG(42:6),1291.9201011657717,1319.9800910949707,1328.3800888061523,1291.1000938415527,1304.640079498291,1318.7800941467283,1290.9400939941406,1291.3800926208496
"PG(42:7),PG(41:0),PG(O-42:0)",1291.7601013183594,1292.7600898742676,1292.8000869750977,1291.1400871276855,1307.620086669922,1293.2600860595703,1290.7000923156738,1291.3400955200195
"PG(42:8),PG(41:1),PG(O-42:1),PG(P-42:0)",1290.7000846862793,1309.0200805664062,1319.4600868225098,1291.2600936889648,1302.9600868225098,1293.040096282959,1290.9600868225098,1290.440097808838
"PG(42:9),PG(41:2),PG(O-42:2),PG(P-42:1)",1291.560089111328,1330.180088043213,1293.0400848388672,1296.160099029541,1293.4600830078125,1293.0000839233398,1290.2200927734375,1291.0000915527344
PG(43:2),1291.7000885009766,1293.5400886535645,1293.10009765625,1289.7800941467283,1298.9800834655762,1292.5400924682615,1291.0200996398926,1324.4201011657717
PG(43:4),1291.5600929260254,1292.820083618164,1293.0400848388672,1351.480094909668,1293.8800964355469,1292.9000968933103,1308.1800956726074,1289.7800903320312
PG(43:6),1292.0401039123535,1326.6800956726074,1312.1600952148438,1290.8800811767578,1293.1800994873047,1293.1400871276855,1299.6600914001465,1290.820095062256
PG(44:0),1316.8800888061523,1291.3200988769531,1292.3400955200195,1289.6800727844238,1292.6000785827637,1372.480094909668,1311.6400909423828,1289.6000938415527
PG(44:1),1292.520092010498,1307.640106201172,1293.2400817871094,1290.7600860595703,1293.3400917053225,1340.5200881958008,1290.340087890625,1289.7800979614258
PG(44:10),1370.8801040649414,1312.10009765625,1308.3200912475586,1338.300090789795,1331.7401008605957,1292.64009475708,1326.580093383789,1291.0800895690918
PG(44:12),1328.1400833129885,1293.3800964355469,1293.3400917053225,1290.8800964355469,1293.4800910949707,1292.7400856018066,1322.760097503662,1331.7000923156738
PG(44:2),1296.400089263916,1308.0000953674316,1293.5400886535645,1291.1200942993164,1306.620101928711,1293.2600936889648,1292.0400886535645,1291.860092163086
PG(44:3),1291.8400917053225,1292.5000762939453,1292.8200912475586,1291.080093383789,1293.8000831604004,1293.2400932312012,1290.3800888061523,1290.9200897216797
PG(44:4),1292.1200942993164,1291.6201133728027,1293.8800964355469,1291.500087738037,1364.2400856018066,1335.2600936889648,1315.6800994873047,1291.040096282959
PG(44:5),1291.8000831604004,1292.4600868225098,1309.360088348389,1290.7600898742676,1292.7800903320312,1374.220085144043,1303.680088043213,1290.3400993347168
PG(44:6),1355.900104522705,1292.480094909668,1293.1400909423828,1314.1000900268557,1317.5400886535645,1318.6400909423828,1291.0200881958008,1290.8801040649414
"PG(44:7),PG(43:0)",1291.6200942993164,1292.1200942993164,1306.1000785827637,1291.0400848388672,1293.320095062256,1294.1000900268557,1291.0000915527344,1329.460090637207
"PG(44:8),PG(43:1)",1296.5800895690918,1292.820087432861,1293.320087432861,1291.2200965881348,1293.4600982666016,1293.6600875854492,1291.0801048278809,1290.5800971984863
"PG(O-35:1),PG(P-35:0)",1323.8201026916504,1360.2000923156738,1275.8800926208496,1407.4201126098633,1298.6200790405271,1322.560089111328,1467.8601112365725,1359.6000785827637
"PG(O-35:2),PG(P-35:1)",1420.8400993347168,1302.560089111328,1292.720085144043,1258.2600860595703,1287.3400993347168,1526.1401176452637,1282.2000885009766,1248.6600799560547
"PG(O-37:2),PG(P-37:1)",1309.1400985717771,1399.340103149414,1329.140079498291,1374.5600814819336,1310.180088043213,1252.2400817871094,1249.6600799560547,1298.3000869750977
PI(24:0),1343.1400909423828,1431.3001022338867,1431.660099029541,1270.5200881958008,1390.7401008605957,1301.280086517334,1310.040096282959,1362.4401016235352
PI(25:0),1279.1600761413574,1466.0801010131836,1411.440097808838,1317.0200881958008,1387.7400970458984,1316.360088348389,1314.7200927734375,1428.660099029541
PI(26:0),1280.880084991455,1387.6800956726074,1324.4401016235352,1307.020092010498,1414.1200981140137,1340.700096130371,1298.860092163086,1335.9800910949707
PI(26:1),1305.3000946044922,1253.8000869750977,1275.1600875854492,1255.7200775146484,1271.9601020812988,1266.0600929260254,1258.6000747680664,1257.6000900268557
"PI(27:0),PI(O-28:0)",1308.9400901794434,1290.0000953674316,1301.1401023864746,1255.2000694274902,1328.5401039123535,1266.120086669922,1269.000099182129,1281.1600761413574
"PI(27:1),PI(P-28:0)",1254.6000785827637,1354.480110168457,1260.1600875854492,1274.0800857543943,1266.1200904846191,1264.7600898742676,1271.9600982666016,1257.740089416504
"PI(28:0),PI(O-29:0)",1256.0000762939453,1312.9200897216797,1332.5000839233398,1255.1000862121582,1367.620101928711,1265.860088348389,1258.6600875854492,1292.6800918579102
"PI(28:1),PI(P-29:0)",1291.5200881958008,1289.820083618164,1261.1400909423828,1255.640079498291,1286.0000915527344,1283.3800888061523,1258.460090637207,1258.3000984191897
PI(28:2),1254.6400833129885,1309.0400886535645,1292.9200897216797,1255.0400886535645,1266.6800918579102,1325.7400856018066,1258.560089111328,1290.0200881958008
"PI(29:0),PI(O-30:0)",1362.5001029968262,1254.64009475708,1262.060089111328,1369.980094909668,1265.180088043213,1266.1000938415527,1258.7200927734375,1296.1400871276855
"PI(29:1),PI(O-30:1),PI(P-30:0)",1256.5200843811035,1278.4000930786133,1278.7000923156738,1255.4400787353516,1295.7600898742676,1278.160083770752,1287.1800842285156,1256.6600875854492
"PI(29:2),PI(P-30:1)",1255.3600997924805,1289.2200965881348,1289.0600967407229,1254.4600791931152,1299.520092010498,1277.04008102417,1284.2600860595703,1297.7200813293457
"PI(30:0),PI(O-31:0)",1273.1400871276855,1254.320095062256,1260.000099182129,1273.3000831604004,1268.0200996398926,1265.9600944519043,1258.3200759887695,1257.9800872802734
"PI(30:1),PI(O-31:1),PI(P-31:0)",1254.1000785827637,1255.3200798034668,1282.7400817871094,1304.620086669922,1265.7200889587402,1264.8000793457031,1258.4800834655762,1277.700096130371
"PI(30:2),PI(P-31:1)",1279.2600860595703,1254.240077972412,1266.260097503662,1265.3400840759275,1265.340087890625,1265.5200958251953,1258.2200813293457,1276.9200897216797
PI(30:3),1255.7800903320312,1264.3400802612305,1270.3600959777832,1254.400089263916,1265.880069732666,1266.060089111328,1257.680088043213,1257.560089111328
PI(30:4),1254.7400856018066,1290.2800827026367,1261.2000999450684,1254.9200820922852,1265.8800926208496,1265.6000785827637,1258.7600860595703,1258.0200843811035
"PI(31:0),PI(O-32:0)",1306.04008102417,1281.0600814819336,1260.940097808838,1255.760097503662,1313.820083618164,1296.2600936889648,1258.6400909423828,1314.980094909668
"PI(31:1),PI(O-32:1),PI(P-32:0)",1292.620101928711,1309.340103149414,1393.660099029541,1258.980079650879,1450.960105895996,1332.2800903320312,1274.4800910949707,1367.020092010498
"PI(31:2),PI(P-32:1)",1256.280086517334,1292.8400917053225,1261.6200790405271,1255.2000770568848,1295.6800842285156,1281.8000869750977,1258.2000885009766,1256.860088348389
PI(31:3),1255.6000747680664,1263.9000816345217,1260.5400924682615,1255.5600814819336,1266.4800872802734,1266.1800842285156,1258.240089416504,1269.0000801086426
PI(31:4),1254.1200828552246,1311.120086669922,1260.0401000976562,1255.0600852966309,1265.680088043213,1265.9800872802734,1258.3800888061523,1256.8600959777832
"PI(32:0),PI(O-33:0)",1255.8200798034668,1295.9800872802734,1270.920078277588,1254.9200820922852,1332.800090789795,1314.2601051330566,1258.7600784301758,1277.960075378418
"PI(32:1),PI(O-33:1),PI(P-33:0)",1255.400089263916,1282.720085144043,1318.1600914001465,1255.5000839233398,1353.3600997924805,1284.240089416504,1259.5000839233398,1292.060089111328
"PI(32:2),PI(O-33:2),PI(P-33:1)",1307.020092010498,1272.4000854492188,1261.4200897216797,1254.0800857543943,1324.8200988769531,1266.1800994873047,1258.7600860595703,1257.5200843811035
"PI(32:3),PI(P-33:2)",1256.0600929260254,1270.0800857543943,1282.660099029541,1255.300075531006,1314.440086364746,1265.6200942993164,1258.5000762939453,1256.9600715637207
PI(32:4),1307.2000885009766,1293.9000854492188,1261.3200798034668,1254.1000785827637,1265.7400932312012,1265.9600868225098,1325.0200958251953,1257.400089263916
PI(32:5),1263.9800910949707,1337.8800964355469,1261.7000999450684,1267.4000854492188,1281.6200942993164,1273.1200981140137,1295.300090789795,1256.440086364746
"PI(33:0),PI(O-34:0)",1254.2000885009766,1254.960075378418,1260.8600845336914,1255.080078125,1337.5000839233398,1265.1200942993164,1286.6000862121582,1257.800090789795
"PI(33:1),PI(O-34:1),PI(P-34:0)",1325.4200897216797,1254.460075378418,1282.9000968933103,1259.7000885009766,1265.5800819396973,1286.8200912475586,1258.2800827026367,1300.380084991455
"PI(33:2),PI(O-34:2),PI(P-34:1)",1255.760082244873,1358.4000968933103,1261.0800857543943,1265.2600784301758,1288.8400993347168,1265.6800842285156,1308.5800857543943,1311.080093383789
"PI(33:3),PI(O-34:3),PI(P-34:2)",1255.3800964355469,1255.1600799560547,1260.4600982666016,1255.3400764465332,1291.1000900268557,1265.700080871582,1313.4400825500488,1256.7800979614258
"PI(33:4),PI(O-34:4),PI(P-34:3)",1255.9400825500488,1255.4000816345217,1261.14009475708,1256.1600761413574,1265.9400825500488,1331.260097503662,1260.1800956726074,1296.860088348389
"PI(33:5),PI(P-34:4)",1255.440086364746,1277.8600769042969,1311.10009765625,1296.100082397461,1265.060089111328,1265.6000862121582,1258.4800872802734,1256.7200889587402
"PI(34:0),PI(O-35:0)",1271.640079498291,1281.5800857543943,1284.4600944519043,1363.6200942993164,1265.8800888061523,1345.0001029968262,1258.320087432861,1266.1400871276855
"PI(34:1),PI(O-35:1),PI(P-35:0)",1709.4601020812988,1604.5401000976562,1477.8201026916504,1391.7000923156738,1555.040111541748,1534.8801040649414,1339.360092163086,1627.5001068115234
"PI(34:2),PI(O-35:2),PI(P-35:1)",2824.4002380371094,3407.9602127075195,4013.2603034973145,1795.360134124756,3422.460205078125,2256.2201766967773,1462.3200988769531,2242.360145568848
"PI(34:3),PI(P-35:2)",1343.8001022338867,1368.10009765625,1376.9000930786133,1259.9000816345217,1439.7801055908203,1305.3000869750977,1259.240089416504,1280.820087432861
PI(34:4),1285.0600776672363,1318.1400909423828,1286.1800956726074,1255.6000862121582,1266.0400886535645,1289.6600914001465,1261.2200813293457,1302.180088043213
PI(34:5),1254.2400817871094,1260.340087890625,1261.200096130371,1254.8000831604004,1279.4600944519043,1265.5800895690918,1257.9800872802734,1257.220085144043
PI(34:6),1312.8000946044922,1254.3400840759275,1260.480079650879,1338.60009765625,1265.7400856018066,1265.4000854492188,1258.0200843811035,1257.780086517334
"PI(35:2),PI(O-36:2),PI(P-36:1)",1317.5400924682615,1333.960090637207,1310.6600952148438,1276.160083770752,1312.2200927734375,1302.4401016235352,1258.5401039123535,1299.4000816345217
"PI(35:3),PI(O-36:3),PI(P-36:2)",1260.6400909423828,1267.060089111328,1260.2800903320312,1274.6800842285156,1270.4600982666016,1265.1800956726074,1268.4000854492188,1257.1000862121582
"PI(35:4),PI(O-36:4),PI(P-36:3)",1256.860088348389,1336.740077972412,1260.6600875854492,1254.9800834655762,1265.9200859069824,1265.420093536377,1324.5001029968262,1289.5200958251953
"PI(35:5),PI(O-36:5),PI(P-36:4)",1297.480094909668,1255.2000885009766,1260.5600929260254,1255.3600845336914,1266.4600830078125,1265.8400840759275,1258.5600776672363,1311.860088348389
"PI(35:6),PI(P-36:5)",1265.1000785827637,1254.4600868225098,1261.000099182129,1281.3400802612305,1265.6200904846191,1276.340087890625,1259.14009475708,1290.0600852966309
"PI(36:1),PI(O-37:1),PI(P-37:0)",1614.4801025390625,1553.2400932312012,1838.160144805908,1506.8601036071775,1660.0001220703125,1328.2000923156738,1404.3000984191897,1583.4001121520996
"PI(36:2),PI(O-37:2),PI(P-37:1)",4503.780303955078,5172.620376586914,6477.220417022705,3747.4403495788574,5529.320262908936,2260.9801635742188,1655.980110168457,4022.9603691101074
"PI(36:3),PI(P-37:2)",5275.32039642334,3468.4202995300293,5111.1203536987305,2085.7401542663574,6144.300354003906,2366.6001472473145,1983.1001167297363,4368.840270996094
PI(36:4),9396.600883483889,8720.980453491211,7022.180488586426,2833.420177459717,11106.820728302002,3930.720283508301,2157.3401641845703,5808.680335998535
PI(36:5),1444.3400993347168,1650.0000953674316,1387.8201026916504,1255.9600830078125,1352.9601020812988,1303.3800888061523,1281.820087432861,1433.6200981140137
PI(36:6),1313.0200805664062,1255.4200897216797,1260.880084991455,1270.380084991455,1265.9400825500488,1310.3600959777832,1258.7600784301758,1256.7200813293457
"PI(36:7),PI(35:0),PI(O-36:0)",1255.5400848388672,1255.4400787353516,1260.3000831604004,1255.6400871276855,1266.3000793457031,1266.1800918579102,1296.2000885009766,1257.7800941467283
"PI(36:8),PI(35:1),PI(O-36:1),PI(P-36:0)",1265.4600791931152,1314.7600898742676,1286.7000770568848,1255.3000869750977,1266.0600967407229,1265.4000854492188,1259.0200843811035,1270.0000801086426
"PI(37:3),PI(O-38:3),PI(P-38:2)",1413.6000938415527,1568.8201026916504,1426.7601051330566,1261.1000938415527,1418.4600982666016,1277.0400924682615,1343.5000915527344,1413.2000885009766
"PI(37:4),PI(O-38:4),PI(P-38:3)",1663.9000968933103,1466.9201164245603,1797.3001327514648,1391.8400993347168,2077.500144958496,1559.800121307373,1331.920093536377,1634.1001091003418
"PI(37:5),PI(O-38:5),PI(P-38:4)",1270.2000923156738,1354.0200881958008,1325.400104522705,1265.64009475708,1308.1400985717771,1265.1000900268557,1290.6400833129885,1283.6800804138184
"PI(37:6),PI(O-38:6),PI(P-38:5)",1255.5400886535645,1254.3800926208496,1260.280086517334,1254.7200889587402,1266.0400924682615,1266.0000915527344,1258.64009475708,1282.6600952148438
"PI(37:7),PI(P-38:6),PI(36:0),PI(O-37:0)",1268.2400817871094,1305.2400932312012,1325.7200965881348,1321.5800819396973,1323.3600959777832,1266.0000801086426,1270.8000946044922,1258.2200965881348
"PI(38:2),PI(P-39:1)",2242.5601921081543,2429.580177307129,2256.880207061768,1600.580108642578,2210.5401611328125,1609.340114593506,1555.9601135253906,1996.46012878418
PI(38:3),13596.240993499756,15890.740886688232,15147.021255493164,7017.720592498779,12405.08069229126,5312.020320892334,4440.400302886963,15369.041007995604
PI(38:4),65854.4448852539,84047.9661064148,76131.74475097656,29041.122303009037,58569.02480697632,21832.001026153564,18662.841037750244,71790.06442260742
PI(38:5),5945.500503540039,6805.860431671143,6641.980537414551,3177.14022064209,6563.380447387695,3124.5201835632324,2755.620212554932,6273.580486297607
PI(38:6),2137.5801277160645,2216.0601387023926,2232.460178375244,1435.3000984191897,2053.200138092041,1350.900089263916,1392.640079498291,1517.8201141357422
"PI(38:7),PI(37:0),PI(O-38:0)",1313.740089416504,1421.6800842285156,1328.8000946044922,1281.1600914001465,1305.8200988769531,1312.8800888061523,1273.5401000976562,1330.14009475708
"PI(38:8),PI(37:1),PI(O-38:1),PI(P-38:0)",1288.3800888061523,1255.4600791931152,1319.8000869750977,1356.1401023864746,1329.3400917053225,1266.1000900268557,1352.3400955200195,1333.0000915527344
"PI(38:9),PI(37:2),PI(O-38:2),PI(P-38:1)",1289.5200958251953,1327.2000885009766,1387.5601081848145,1308.020092010498,1350.7600936889648,1351.5000953674316,1366.4600982666016,1258.0200881958008
"PI(39:4),PI(O-40:4),PI(P-40:3)",1712.520118713379,1862.180126190185,1951.3601417541504,1501.3000984191897,1919.3801307678225,1322.6000938415527,1452.700096130371,1675.4800910949707
"PI(39:5),PI(O-40:5),PI(P-40:4)",1319.6600914001465,1282.9200859069824,1341.360088348389,1306.7400817871094,1266.9000930786133,1305.5400886535645,1269.6400909423828,1349.5200996398926
"PI(39:6),PI(O-40:6),PI(P-40:5)",1279.1600875854492,1272.800090789795,1293.5800895690918,1255.3000793457031,1266.1600799560547,1305.5800857543943,1258.6000900268557,1256.960090637207
"PI(39:7),PI(P-40:6),PI(38:0),PI(O-39:0)",1255.3200912475586,1254.8800888061523,1260.9000930786133,1255.3000869750977,1291.0200881958008,1266.0400924682615,1259.5000915527344,1266.3400917053225
"PI(39:8),PI(38:1),PI(O-39:1),PI(P-39:0)",1323.340087890625,1392.1001052856443,1331.1800994873047,1269.6000900268557,1288.640106201172,1285.4601020812988,1283.5000915527344,1315.0600929260254
"PI(40:1),PI(P-41:0)",1255.2200736999512,1276.5800819396973,1282.3200912475586,1255.5400924682615,1298.9200973510742,1264.660083770752,1258.1000785827637,1257.1800842285156
"PI(40:10),PI(39:3),PI(O-40:3),PI(P-40:2)",1386.520107269287,1329.640079498291,1434.380100250244,1314.8200912475586,1385.6800918579102,1350.2600936889648,1411.4801025390625,1269.1800804138184
PI(40:2),1387.5000953674316,1292.2000846862793,1260.060089111328,1267.1200790405271,1267.8000793457031,1275.64009475708,1259.6600799560547,1287.2600936889648
PI(40:3),1410.2000999450684,1649.3801193237305,1433.960105895996,1322.9200820922852,1467.4601097106934,1304.4400901794434,1268.9000854492188,1400.0000953674316
PI(40:4),2124.9201316833496,2941.3002166748047,2357.320125579834,1523.1800956726074,2404.8801498413086,1550.6401100158691,1467.8201065063477,2607.06018447876
PI(40:5),2293.9201698303223,2354.480140686035,2388.0601806640625,1503.1800956726074,2454.740207672119,1471.1801071166992,1366.4800987243652,2034.3201522827148
PI(40:6),2752.1202278137207,3107.28023147583,3088.140209197998,1938.120140075684,2630.400177001953,1440.2801094055176,1337.5001068115234,2182.0401649475098
"PI(40:7),PI(39:0),PI(O-40:0),PI(dO-41:0)",1268.6200828552246,1533.9001121520996,1390.2601013183594,1379.2401008605957,1395.520107269287,1296.100082397461,1294.820087432861,1457.9000854492188
"PI(40:8),PI(39:1),PI(O-40:1),PI(P-40:0)",1255.1200828552246,1323.9200859069824,1291.8400955200195,1293.9600830078125,1427.9600982666016,1265.3800926208496,1258.480079650879,1263.320087432861
"PI(40:9),PI(39:2),PI(O-40:2),PI(P-40:1)",1303.2600860595703,1287.8400955200195,1359.1200981140137,1255.2600746154783,1266.0800857543943,1265.2600784301758,1258.4600830078125,1329.5200843811035
"PI(41:5),PI(P-42:4)",1256.420093536377,1316.4000968933103,1259.8400955200195,1255.0400924682615,1265.8800926208496,1266.2200927734375,1257.760082244873,1283.9800834655762
"PI(41:6),PI(O-42:6)",1255.1600914001465,1255.8200759887695,1288.740089416504,1254.8600769042969,1296.840087890625,1265.8400955200195,1258.2000770568848,1256.800090789795
"PI(41:7),PI(P-42:6),PI(40:0),PI(O-41:0)",1255.9800872802734,1255.0200843811035,1259.8800926208496,1255.1600761413574,1265.6000900268557,1265.2000999450684,1258.2600746154783,1258.1200904846191
PI(42:0),1254.980079650879,1256.2800903320312,1260.2200889587402,1254.3600959777832,1266.1601066589355,1266.000087738037,1258.660083770752,1256.5400924682615
PI(42:1),1255.5600814819336,1277.5000801086426,1261.3400840759275,1255.420093536377,1266.1800918579102,1264.6200904846191,1259.3400802612305,1256.6800804138184
"PI(42:10),PI(41:3),PI(P-42:2)",1255.320083618164,1265.340087890625,1311.1200981140137,1255.2200927734375,1295.7600898742676,1265.7401008605957,1258.1200790405271,1256.4600868225098
"PI(42:11),PI(41:4),PI(O-42:4)",1296.0400886535645,1338.8000984191897,1276.3200912475586,1289.080093383789,1266.440086364746,1295.360092163086,1257.8400840759275,1257.1800918579102
PI(42:3),1255.200080871582,1255.6600952148438,1260.660099029541,1254.960090637207,1271.820087432861,1265.3600845336914,1258.8600959777832,1256.860088348389
PI(42:4),1276.0600814819336,1254.080093383789,1294.260097503662,1254.8200912475586,1281.6600952148438,1265.3200912475586,1259.3800735473633,1255.6000709533691
PI(42:5),1255.1600875854492,1268.7800827026367,1260.5001029968262,1254.300075531006,1291.6000938415527,1265.900089263916,1258.5200843811035,1273.620086669922
PI(42:6),1255.320083618164,1255.480094909668,1260.0400886535645,1255.4800872802734,1287.2200965881348,1370.400104522705,1258.2000885009766,1257.580093383789
"PI(42:7),PI(41:0),PI(O-42:0)",1255.3000869750977,1288.320095062256,1278.060089111328,1255.1800842285156,1266.2600936889648,1265.6600875854492,1290.6600799560547,1313.2800941467283
"PI(42:8),PI(41:1),PI(O-42:1),PI(P-42:0)",1299.2000923156738,1255.340087890625,1260.8000946044922,1299.4800910949707,1304.9600830078125,1265.1400909423828,1258.8600845336914,1256.5200729370115
"PI(42:9),PI(41:2),PI(O-42:2),PI(P-42:1)",1256.3000831604004,1254.820083618164,1310.0600929260254,1286.2000885009766,1266.620086669922,1265.2400856018066,1308.1200942993164,1267.4600868225098
PI(43:2),1254.7401008605957,1254.4200897216797,1302.6400985717771,1255.280086517334,1266.320095062256,1267.2000846862793,1258.3800926208496,1257.3800811767578
PI(43:2)_2,1256.5000915527344,1254.240089416504,1260.5801010131836,1254.9400825500488,1266.5200958251953,1265.8000869750977,1259.420093536377,1257.4000816345217
PI(43:4),1255.500087738037,1254.680076599121,1260.880084991455,1255.420093536377,1265.9200897216797,1265.8000831604004,1258.320087432861,1324.160099029541
PI(43:6),1254.520092010498,1301.7600746154783,1260.4400901794434,1282.4600944519043,1282.4200859069824,1265.660083770752,1272.6600875854492,1315.5600852966309
PI(44:0),1254.4000816345217,1253.6600875854492,1259.8200759887695,1253.7200775146484,1264.560089111328,1264.840087890625,1265.7000846862793,1254.5600967407229
PI(44:1),1255.580093383789,1255.100082397461,1264.2800941467283,1255.700080871582,1266.3800888061523,1266.0200881958008,1258.900074005127,1256.2600936889648
PI(44:10),1256.0800895690918,1254.180088043213,1260.8000869750977,1255.5200691223145,1265.8400955200195,1266.0400886535645,1258.5600929260254,1257.3400840759275
PI(44:12),1255.260097503662,1256.280086517334,1261.1800918579102,1255.8400802612305,1266.020092010498,1265.4400901794434,1258.700080871582,1256.7400932312012
PI(44:2),1255.8000831604004,1255.3000984191897,1260.8000869750977,1255.7000732421875,1267.1800956726074,1265.3000831604004,1259.4000778198242,1256.680088043213
PI(44:3),1255.6800804138184,1255.4000968933103,1260.8000717163086,1256.5400886535645,1266.7800827026367,1265.14009475708,1258.680088043213,1257.2400817871094
PI(44:5),1266.6800956726074,1255.1800727844238,1260.9800834655762,1254.6600799560547,1266.560089111328,1265.3000793457031,1258.3800888061523,1256.760082244873
PI(44:6),1256.1200981140137,1255.280086517334,1261.0200881958008,1255.5000762939453,1267.2200927734375,1266.2200927734375,1279.2200927734375,1256.4600830078125
"PI(44:7),PI(43:0)",1254.9200859069824,1254.620086669922,1261.0200881958008,1254.320083618164,1272.8200798034668,1265.9600868225098,1258.940086364746,1257.200080871582
"PI(44:8),PI(43:1)",1255.8400802612305,1255.0200881958008,1260.360088348389,1255.780086517334,1266.6600875854492,1265.6200904846191,1258.8600959777832,1257.7800827026367
PS(24:0),1321.860088348389,1252.320083618164,1330.400089263916,1382.7200965881348,1258.620086669922,1333.2800903320312,1260.940086364746,1547.0801124572754
PS(25:0),1253.2200813293457,1348.7800941467283,1431.3200988769531,1385.6600914001465,1275.1400833129885,1416.8801040649414,1295.9600944519043,1403.920093536377
PS(26:0),1290.10009765625,1417.3001022338867,1351.4400901794434,1359.7401008605957,1275.6200828552246,1367.6000938415527,1260.4600830078125,1306.7600936889648
PS(26:1),1513.6400985717771,1354.260097503662,1468.7601051330566,1353.2400856018066,1527.900119781494,1538.5401077270508,1302.9600830078125,1579.2201080322266
PS(28:2),1286.9400901794434,1251.0200881958008,1253.9000778198242,1257.3800926208496,1271.1800842285156,1259.2800788879397,1277.2200889587402,1258.5000915527344
PS(30:3),1486.1800994873047,1310.4600944519043,1358.300090789795,1550.3400993347168,1348.600082397461,1373.9001007080078,1341.6600952148438,1366.500087738037
PS(30:4),1295.320095062256,1337.4801063537598,1295.240089416504,1338.900089263916,1299.660099029541,1301.1600952148438,1302.8200798034668,1300.7400856018066
PS(31:4),1305.2400932312012,1292.1600875854492,1342.4200897216797,1299.160099029541,1300.7400970458984,1323.3800964355469,1302.4800834655762,1351.160083770752
PS(32:5),1374.700096130371,1293.360080718994,1295.4600944519043,1300.0200881958008,1300.4600868225098,1312.5200843811035,1301.8200912475586,1341.920093536377
PS(34:4),1573.4001121520996,1348.2600898742676,1713.2401161193848,1784.9201316833496,1677.140121459961,1584.8401107788086,1388.8001098632812,1553.5200958251953
PS(34:5),1295.0000915527344,1293.720085144043,1363.7401008605957,1299.3800773620603,1348.7600936889648,1343.3800926208496,1322.8800964355469,1391.400104522705
PS(36:4),5171.760368347168,4690.960285186768,9563.320602416992,9967.640724182129,4041.700283050537,9833.920627593994,5013.520366668701,9815.580753326416
PS(36:5),1500.0601043701172,1401.0401000976562,1566.8001136779783,1530.1600914001465,1592.3601150512695,1322.9000816345217,1412.1601028442385,1539.0001182556152
PS(36:6),1295.120086669922,1293.2400970458984,1357.8400917053225,1355.9400901794434,1298.9000968933103,1301.0200996398926,1302.1800918579102,1326.7600936889648
PS(38:3),6263.360424041748,7738.540657043457,12258.340869903564,11758.760879516602,3646.000274658203,13818.440856933594,5998.20040512085,9765.320793151855
PS(38:4),30964.741817474365,45862.36353683472,76493.98685455322,81846.34461593628,21437.921310424805,80064.18613052368,32375.582500457764,86876.20640182495
PS(38:5),3267.3002166748047,3035.100204467773,6481.92041015625,6962.7204246521,3557.8002281188965,6937.10050201416,3551.060245513916,8321.020648956299
PS(38:6),4744.180381774902,6850.380432128906,12592.360759735107,12275.260997772217,5447.220314025879,13351.941020965576,3713.24027633667,8704.120517730713
PS(40:2),1306.1000900268557,1353.1200981140137,1408.7401008605957,1397.2400932312012,1417.6001091003418,1573.600112915039,1302.2600898742676,1465.280101776123
PS(40:3),1551.0400924682615,1572.1401138305664,1942.4201545715327,1729.3601188659668,1548.4001159667969,1772.2601280212402,1451.340106964111,2272.8401641845703
PS(40:4),2696.3801803588867,2823.600200653076,5113.500335693359,4634.780342102051,3079.4802017211914,5307.500396728516,2444.460163116455,5071.280361175537
PS(40:5),3736.340190887451,4007.200256347656,9002.180583953857,8887.600685119629,4044.240337371826,10287.260650634766,3866.880298614502,8604.200611114502
PS(40:6),13313.001022338867,16028.641036987305,43583.06352233887,43789.383644104,13656.140926361084,50774.4840965271,13852.00074005127,43243.4824180603
PS(42:0),1319.5000953674316,1294.0400848388672,1296.8400840759275,1313.660083770752,1353.1400909423828,1383.8000946044922,1324.7800827026367,1301.1600952148438
PS(42:2),1379.440097808838,1343.4001007080078,1313.8800964355469,1424.4000968933103,1362.6601028442385,1453.160099029541,1357.4801139831543,1490.4801025390625
PS(42:3),1367.4401016235352,1350.14009475708,1440.7001037597656,1391.4000968933103,1325.5600929260254,1365.9800872802734,1330.9800872802734,1310.7800941467283
PS(42:4),1458.9401016235352,1448.2801055908203,1429.0800971984863,1303.6001091003418,1320.7000885009766,1402.660083770752,1341.2400970458984,1382.1000900268557
PS(42:5),1707.1601333618164,1563.0801048278809,1773.040126800537,1703.08012008667,1457.3200912475586,1676.3801307678225,1402.8600959777832,1748.4601097106934
PS(42:6),1871.740135192871,2233.4001426696777,2344.700164794922,2142.9201278686523,2085.8601303100586,2207.1601524353027,1731.5201110839844,2119.900157928467
PS(43:0),1295.2000923156738,1292.300090789795,1344.8000831604004,1313.500099182129,1299.8800888061523,1327.8600997924805,1325.8000869750977,1300.6600875854492
PS(43:1),1368.0000839233398,1349.7000923156738,1333.500099182129,1320.800090789795,1299.860092163086,1351.8600845336914,1345.2800941467283,1312.000087738037
PS(43:4),1295.1200828552246,1299.3600959777832,1342.620101928711,1304.7200775146484,1314.0400733947754,1300.240089416504,1303.2400970458984,1301.0000953674316
PS(43:6),1295.320087432861,1292.860088348389,1295.200096130371,1298.860092163086,1299.840087890625,1318.860088348389,1328.2800979614258,1304.3000869750977
PS(44:0),1292.8600845336914,1292.5000915527344,1355.7600898742676,1301.720085144043,1297.9000930786133,1299.2800827026367,1301.1000862121582,1362.980094909668
PS(44:1),1294.7200889587402,1427.9600982666016,1295.5200843811035,1331.400089263916,1299.4400825500488,1301.4400901794434,1319.7001037597656,1326.700096130371
PS(44:10),1371.7000999450684,1297.420093536377,1295.1400871276855,1368.260097503662,1312.340087890625,1303.4000930786133,1341.120101928711,1300.7801094055176
PS(44:12),1294.4000930786133,1292.8001022338867,1296.5000801086426,1299.3400993347168,1300.3801040649414,1322.780086517334,1301.9601020812988,1426.6001091003418
PS(44:2),1373.9201049804688,1314.9600982666016,1373.280101776123,1348.4801025390625,1298.6800956726074,1397.1600875854492,1361.0800819396973,1366.5600929260254
PS(44:4),1293.940086364746,1334.7200927734375,1426.680103302002,1350.2000923156738,1330.460105895996,1361.8000984191897,1302.300090789795,1416.3800926208496
PS(44:5),1295.0200958251953,1334.680103302002,1295.4800872802734,1334.1000900268557,1312.180088043213,1405.2400970458984,1302.12007522583,1336.6600952148438
PS(44:6),1328.500099182129,1292.2200927734375,1362.5200958251953,1350.1001052856443,1331.56010055542,1305.8400917053225,1319.4400939941406,1319.400089263916
PS(O-28:0),1335.7000846862793,1271.7600898742676,1261.5400772094729,1279.2800941467283,1258.0200958251953,1258.4400939941406,1260.4800872802734,1258.9000930786133
PS(O-29:0),2328.0601501464844,1676.480110168457,3099.7602157592773,3011.740234375,2333.100166320801,3090.300189971924,1879.6601181030276,2905.860206604004
PS(O-30:0),1325.9200859069824,1293.2800941467283,1326.720085144043,1300.5000915527344,1304.4000854492188,1335.6001052856443,1301.8600845336914,1359.2800903320312
PS(O-31:0),1370.9200897216797,1292.8400917053225,1349.6600914001465,1348.6000862121582,1328.860092163086,1300.1200942993164,1320.9000968933103,1300.7000885009766
PS(O-32:0),1358.9400787353516,1293.7000885009766,1316.5801010131836,1317.9000778198242,1332.260097503662,1388.8800926208496,1333.5200881958008,1328.2200965881348
PS(O-33:0),1485.3201026916504,1465.280101776123,1546.1801109313965,1397.6800804138184,1427.220100402832,1519.6601028442385,1360.480094909668,1380.0601043701172
PS(O-34:0),1319.380084991455,1381.020092010498,1326.5400886535645,1305.9600715637207,1300.280086517334,1314.440086364746,1302.5801010131836,1316.0800857543943
PS(O-35:0),1567.9401054382324,1331.1600914001465,1391.7801055908203,1568.8001174926758,1301.2400932312012,1675.0201148986816,1355.6800956726074,1460.460105895996
PS(O-36:0),1295.1000862121582,1348.3800735473633,1296.3000793457031,1372.8600959777832,1326.7200965881348,1305.3000984191897,1313.680103302002,1343.8600845336914
PS(O-37:0),1360.0000953674316,1341.6600875854492,1444.3000984191897,1658.100128173828,1476.0600967407229,2258.2001457214355,1363.5401039123535,1628.7801055908203
PS(O-38:0),1534.9801063537598,1327.0400848388672,1545.140106201172,1710.0401229858398,1356.360092163086,2039.3001403808596,1359.680103302002,1484.10009765625
PS(O-39:0),1354.4600830078125,1378.340103149414,1450.7400970458984,1420.5401077270508,1372.2600898742676,1497.3200988769531,1392.1400909423828,1402.7601051330566
PS(O-40:0),2316.9601554870605,2170.6401405334477,3962.880283355713,3794.98030090332,2258.8201484680176,4318.340408325195,1955.460132598877,4207.480262756348
PS(O-41:0),1294.880084991455,1291.4400901794434,1312.720100402832,1369.9600868225098,1300.7600860595703,1456.5401000976562,1346.260082244873,1371.9001121520996
PS(O-42:0),1349.1600914001465,1550.4601020812988,1337.6000938415527,1579.5401229858398,1398.3400764465332,1752.020133972168,1417.940086364746,1636.6601104736328
PS(O-42:4),1314.4600944519043,1326.6000938415527,1296.220100402832,1335.8000946044922,1299.4400901794434,1410.4201049804688,1302.4400901794434,1382.9800910949707
PS(O-42:6),1462.2601013183594,1821.960117340088,1853.920124053955,1833.2001266479488,1344.8800964355469,2048.8201484680176,1405.3000984191897,1654.8401184082031
PS(P-28:0),1253.5800857543943,1251.620086669922,1296.3800888061523,1257.8200912475586,1278.4000854492188,1290.3800926208496,1269.300090789795,1284.520092010498
PS(P-29:0),1253.0000915527344,1269.2400817871094,1315.8400917053225,1257.280086517334,1257.8400764465332,1356.60009765625,1263.0200805664062,1437.200096130371
PS(P-30:0),1325.6000938415527,1356.8600997924805,1296.420093536377,1355.2401008605957,1299.7200927734375,1431.240089416504,1301.6000900268557,1352.6201057434082
PS(P-30:1),1294.7400817871094,1251.0000915527344,1263.500087738037,1359.4600868225098,1293.0800819396973,1314.040096282959,1273.8400955200195,1352.6200904846191
PS(P-31:0),1312.6000938415527,1350.6600914001465,1425.1200942993164,1298.6000938415527,1365.2600936889648,1336.420078277588,1311.4601020812988,1323.2600898742676
PS(P-31:1),1588.8000946044922,1474.5801048278809,1835.640121459961,1638.5201110839844,1495.1800994873047,1639.7001190185547,1570.3801155090332,1791.780128479004
PS(P-32:0),1298.4600944519043,1293.400089263916,1295.9800758361816,1354.2400932312012,1299.680103302002,1301.280086517334,1304.3600959777832,1300.6800804138184
PS(P-32:1),1294.6400871276855,1293.1601028442385,1337.580093383789,1347.1400909423828,1353.360092163086,1301.8200912475586,1324.080093383789,1355.260097503662
PS(P-33:0),1294.9800872802734,1293.360107421875,1324.7800979614258,1320.3400993347168,1300.0800819396973,1351.920093536377,1302.800090789795,1353.220085144043
PS(P-33:1),1556.1200981140137,1543.4400939941406,1544.4401092529297,1780.260108947754,1590.280128479004,1527.3600997924805,1595.3601036071775,1526.1601181030271
PS(P-33:2),1320.940086364746,1292.6200942993164,1312.4800910949707,1299.380084991455,1320.3800888061523,1389.0000953674316,1346.9401016235352,1309.4000968933103
PS(P-34:0),1329.0200996398926,1311.2800788879397,1310.7600936889648,1335.4600868225098,1302.5800819396973,1339.8200912475586,1301.8000946044922,1364.680103302002
PS(P-34:1),1325.8001022338867,1292.660083770752,1317.9000968933103,1305.9800834655762,1301.0400848388672,1366.2000999450684,1301.720100402832,1322.000087738037
PS(P-34:2),1364.6800842285156,1294.340072631836,1306.4400901794434,1315.4600868225098,1300.4200820922852,1300.9401016235352,1303.660099029541,1372.8400955200195
PS(P-34:3),1310.640079498291,1293.8200988769531,1295.6400871276855,1324.7200927734375,1299.7600898742676,1301.0800819396973,1302.480094909668,1300.6000862121582
PS(P-34:4),1294.200096130371,1293.2200813293457,1296.140079498291,1300.6400833129885,1300.280086517334,1301.1000862121582,1320.0800857543943,1325.6800918579102
PS(P-35:0),1416.120101928711,1460.1001014709473,1691.140106201172,1747.040126800537,1455.3001022338867,2075.300132751465,1399.6200904846191,1995.3801345825195
PS(P-35:1),1816.3401222229004,1557.1601181030271,1842.440139770508,1996.4201545715327,1427.9401054382324,1806.560146331787,1620.400104522705,1813.220123291016
PS(P-35:2),1608.800121307373,1487.1601028442385,1810.3801307678225,1502.960105895996,1588.460117340088,1747.0401153564453,1479.0801048278809,1614.6600914001465
PS(P-36:0),1457.3000869750977,1460.5401000976562,1742.6801147460938,1603.3600959777832,1417.9200859069824,1741.900119781494,1401.4200973510742,1528.460105895996
PS(P-36:1),1325.6600914001465,1292.860080718994,1295.6601066589355,1345.6000900268557,1368.260097503662,1350.100082397461,1391.60009765625,1373.8400840759275
PS(P-36:2),1304.940086364746,1293.040096282959,1295.6200904846191,1300.4600868225098,1299.8200798034668,1301.1200942993164,1302.5200958251953,1343.6200981140137
PS(P-36:3),1293.620086669922,1292.8400955200195,1327.7800979614258,1318.8800926208496,1300.3400993347168,1398.3400993347168,1302.1200828552246,1300.480094909668
PS(P-36:4),1330.8800888061523,1292.3000869750977,1296.2200889587402,1298.7400932312012,1299.8000831604004,1301.080093383789,1301.4400825500488,1300.8400955200195
PS(P-36:5),1365.1000862121582,1326.0200958251953,1313.9600830078125,1352.540096282959,1428.980094909668,1300.6000900268557,1302.7200927734375,1320.0000953674316
PS(P-37:0),3015.440158843994,3050.1402320861816,5349.780490875244,4969.44034576416,2255.200164794922,8169.500549316406,2509.580173492432,5475.580413818359
PS(P-37:1),3243.780235290528,3512.7002334594727,5877.020359039307,5945.840393066406,2781.660213470459,7525.900421142578,2975.140224456787,6250.700572967529
PS(P-37:2),1638.8001289367676,1919.9001426696775,2767.520179748535,2883.580219268799,1617.6601181030271,2684.0402183532715,1827.8601150512693,2763.260223388672
PS(P-38:0),1369.5600929260254,1325.9600982666016,1438.2000885009766,1320.8600845336914,1309.5400924682615,1361.1800956726074,1301.7200889587402,1539.120101928711
PS(P-38:1),1329.000099182129,1333.8000869750977,1398.2201080322266,1300.4000816345217,1327.3600845336914,1503.1400985717771,1345.0800895690918,1383.0401000976562
PS(P-38:2),1321.820083618164,1375.0001029968262,1512.6001052856443,1510.7401084899902,1319.060089111328,1363.3600997924805,1330.5601043701172,1501.8201065063477
PS(P-38:3),1480.1200904846191,1755.4001350402832,1972.9801406860352,2303.200149536133,1415.8201065063477,2148.200149536133,1415.2601127624512,1959.720142364502
PS(P-38:4),1314.7600898742676,1375.940113067627,1305.3000984191897,1323.820087432861,1340.2600860595703,1382.400104522705,1302.8600959777832,1343.1200904846191
PS(P-38:5),1320.680088043213,1293.4800910949707,1399.3000946044922,1331.620101928711,1299.4400825500488,1328.3800888061523,1316.3000946044922,1353.700080871582
PS(P-39:0),1330.7400856018066,1311.9600868225098,1606.9400939941406,1388.3001022338867,1336.960105895996,1689.1401252746582,1378.720100402832,1499.8001098632812
PS(P-39:1),1696.8201141357422,1513.1001052856443,2239.520156860352,2040.520156860352,1435.9200973510742,2444.120182037353,1731.0401306152344,2337.7201499938965
PS(P-40:0),1435.8000946044922,1555.7001037597656,1419.1800956726074,1509.3600959777832,1374.8400917053225,1679.6401176452637,1377.9201011657717,1493.2001113891602
PS(P-40:1),1509.6400985717771,1374.580093383789,1580.680118560791,1518.3001098632812,1403.0600967407229,1676.1401252746582,1362.4201049804688,1603.020107269287
PS(P-40:2),1294.900089263916,1398.3001022338867,1439.6200981140137,1372.9400901794434,1318.5800971984863,1351.6800842285156,1358.9400939941406,1431.2800941467283
PS(P-40:3),1632.8201217651367,1644.4201354980469,2055.9201316833496,2456.740161895752,1676.8601188659668,2365.7201499938965,1446.1401100158691,2415.6401748657227
PS(P-40:4),1296.9800834655762,1524.1601066589355,1450.240104675293,1419.9001007080078,1360.320095062256,1456.1401023864746,1383.8800964355469,1420.3200988769531
PS(P-40:5),1512.0600967407229,1696.8001251220703,1755.3001174926758,2043.46012878418,1714.4601097106934,2130.500144958496,1436.06010055542,1825.2201347351076
PS(P-41:0),1308.3400840759275,1325.7800941467283,1317.180076599121,1423.2601051330566,1376.660099029541,1745.1801109313965,1301.2200889587402,1486.0001029968262
PS(P-42:0),1449.06010055542,1389.7000885009766,1409.3200988769531,1422.7000999450684,1312.6200904846191,1621.140106201172,1450.6201057434082,1618.9401092529297
PS(P-42:1),1583.7001152038574,1509.720100402832,1694.3801307678225,1660.400119781494,1426.4800987243652,2050.7201499938965,1544.900119781494,1902.8801345825195
PS(P-42:2),1310.6200904846191,1342.1000747680664,1403.820095062256,1310.9800910949707,1335.9000930786133,1406.340087890625,1336.4201049804688,1319.5600967407229
PS(P-42:4),1294.1600914001465,1401.10009765625,1313.780086517334,1535.0200996398926,1300.6000938415527,1532.9200973510742,1332.3801040649414,1319.300090789795
SM(d16:0/14:0),1230.240089416504,1178.6000938415527,1277.860088348389,1168.0200805664062,1661.160125732422,1156.6800804138184,1311.320083618164,2004.1801414489744
SM(d16:0/16:0),2118.400146484375,1338.7601051330566,1173.7400932312012,1443.5200958251953,1305.320083618164,1303.2000846862793,1317.56010055542,1884.580150604248
SM(d16:0/18:0),12322.360870361328,16245.4808883667,9224.000633239746,18138.92127609253,8371.00051498413,9208.820545196531,6472.440479278564,13572.600917816162
SM(d16:0/20:0),60752.8028755188,54466.2428817749,23359.941387176517,41243.62358856201,33107.34191131592,30038.982376098636,21121.922019958496,41289.94313812256
SM(d16:0/22:0),592523.1894683838,609875.0606689453,325630.55852508545,488588.3940429688,346552.0676345825,335351.12940216064,236353.2219657898,532148.5333404541
SM(d16:0/23:0),6170.320457458496,7438.980400085449,4183.960285186768,8622.940547943115,4636.940330505371,5896.400421142578,3810.200229644776,8002.260662078857
SM(d16:0/24:0),95352.84684753418,117079.92878341676,53256.0839920044,101866.07020187378,52289.58320236206,54351.50456237793,50432.022480010986,109534.04787826538
SM(d16:0/25:0),7040.14049911499,9488.78087234497,4603.380226135254,10995.36100769043,5164.340354919434,4879.1403465271,4519.560291290283,7701.940593719482
SM(d16:1/16:0),2616.860191345215,1950.160140991211,1245.5000915527344,2069.8201217651367,1468.6001014709473,1721.5601234436035,1376.9000968933103,2601.020164489746
SM(d16:1/17:0),4390.700222015381,2614.1201248168945,2869.700180053711,5701.220500946045,2218.900146484375,3435.7402381896973,2815.560234069824,3819.280281066895
SM(d16:1/18:0),98256.8659362793,130427.06763839722,62554.22329330444,158517.08878326416,55638.84482574463,60990.74464035034,51535.46212768555,108202.8880996704
SM(d16:1/18:1),2868.0002098083496,3397.280212402344,1958.6801300048828,4267.6602210998535,2364.260162353516,2336.9401626586914,2331.60018157959,4003.780300140381
SM(d16:1/20:0),23532.76198577881,27301.70154571533,14737.841133117676,35561.70321273804,14619.821117401125,16599.561359405518,12381.800601959229,24381.641681671143
SM(d16:1/20:1),2132.340160369873,2407.4601821899414,1823.8201179504397,2935.4802207946777,2077.2201499938965,2081.580142974853,1509.4401168823242,1876.2201538085935
SM(d16:1/22:0),1611533.7432861328,1942456.7793426516,1004966.2139701844,2122535.130172729,927431.2067337036,870935.4705963135,614296.6336898804,1308095.5999145508
SM(d16:1/22:1),113819.42930221558,129438.01034927368,66560.10330581665,164361.97005462646,67904.94543075562,56513.38487625122,44917.98384857178,84974.70634460449
SM(d16:1/23:0),25407.021808624268,33096.46173477173,16280.56129837036,40377.083572387695,14834.441047668455,19016.84147262573,12460.840579986572,24300.64133453369
SM(d16:1/24:0),842807.48387146,1085558.994178772,483395.7222518921,1105987.2588615415,469653.9301223755,459888.3335418701,430611.3936538696,854486.7688446045
SM(d16:1/24:1),532133.3566589355,576173.3042221069,329076.5305404663,669565.4176826477,295443.6313858032,303760.9416007996,271498.33934021,523286.3120880127
SM(d16:1/25:0),44323.50374603272,61483.38586044312,26472.9214553833,64395.4634552002,28722.082397460938,32091.582275390625,18665.301719665527,43722.1230430603
SM(d17:0/27:0),42684.623920440674,54242.22380065918,19925.9217338562,55581.802154541016,16354.581039428713,17811.48140335083,15387.261016845703,33724.50192642212
SM(d17:1/24:1),14589.901119232178,15620.781005859377,9727.680583953856,18180.84147644043,8712.160697937012,9675.72066116333,7683.660736083984,13861.84115600586
SM(d17:1/26:1),3965.28031539917,3944.400321960449,2543.3401985168457,4239.620323181152,2753.4801635742188,2600.6001586914062,2174.2201766967773,3581.2402420043945
SM(d18:0/13:0),1518.060115814209,1352.6400985717771,1184.7600898742676,1190.260082244873,1227.6400756835938,1311.660099029541,1112.6000747680664,1468.5400886535645
SM(d18:0/15:0),2043.980117797852,1751.240104675293,1252.440086364746,1886.4601554870603,1400.64009475708,1478.5601119995115,1377.4000968933103,1822.680145263672
SM(d18:0/17:0),3000.6002502441406,3376.380298614502,2303.780166625977,3288.5601806640625,2165.4401321411133,2195.7601737976074,2171.1801376342773,3531.5402183532715
SM(d18:0/24:0),114729.74789428712,132305.470413208,53251.16297531128,142427.27019500732,43670.28288650513,53725.3427772522,29224.2020111084,71410.08478546143
SM(d18:0/24:1),137384.69299697876,170346.39539337158,76408.70510101318,170728.95001220703,82539.28372955322,84969.84397888184,46911.163860321045,111167.16608810423
SM(d18:0/26:1(17Z)),34346.922176361084,33730.04203796387,15997.68140411377,41240.50229644776,13440.900856018066,15445.520950317385,11691.74061203003,24412.242179870605
SM(d18:1/12:0),1154.3400764465332,1165.600067138672,1123.160083770752,1248.040096282959,1243.1400718688965,1138.1000785827637,1148.0200805664062,1493.6600914001465
SM(d18:1/17:0),2496.08016204834,2371.200187683105,2091.360145568848,3556.3202934265137,2114.320152282715,1955.060146331787,1917.080139160156,2618.800189971924
SM(d18:1/19:0),10326.520748138428,11970.740795135498,7060.160472869873,15837.66117477417,5446.480331420898,6855.1804275512695,4280.940273284912,6749.520477294922
SM(d18:1/24:1(15Z)),270700.3224258423,329745.4127006531,175189.2957496643,348946.81663894653,158114.90872192383,170747.73405075073,136033.64882659912,270723.5762863159
SM(d18:1/25:0),7060.920490264893,8042.740715026855,4655.440235137939,9654.94065093994,3973.740329742432,4004.760364532471,3352.420177459717,6189.480575561523
SM(d18:1/26:1(17Z)),74681.58444213867,81839.4469833374,36451.24308395386,96091.046749115,25467.301887512207,30384.981407165527,26451.06210708618,40055.38311767578
SM(d18:2/14:0),1513.2601051330566,1134.6200790405271,1116.780071258545,1420.8001098632812,1112.080078125,1086.2000846862793,1201.760082244873,1250.0600929260254
SM(d18:2/15:0),1356.4000854492188,1267.9800910949707,1077.6000747680664,1246.9400901794434,1202.9400787353516,1156.9600830078125,1159.9400825500488,1369.1600875854492
SM(d18:2/18:1),1611.3400917053225,1514.2001037597656,1144.0800857543943,1244.9800758361816,1194.340087890625,1234.6000862121582,1273.3000869750977,1718.380111694336
SM(d18:2/20:1),7341.280586242676,7177.880401611328,3002.860164642334,10859.260654449465,4931.340328216553,4384.760303497314,3963.820297241211,6915.86043548584
SM(d18:2/21:0),8291.94059753418,8984.92060470581,3616.920303344727,12042.140972137451,4116.640296936035,5800.880477905273,4458.340297698975,7454.020458221436
SM(d18:2/22:1),1135039.316696167,1308485.5602722168,754682.1152191162,1593681.7835998535,538412.3849105835,585150.0284843445,581645.6602706909,882383.2647857666
SM(d18:2/24:1),524997.5906677246,689574.6245727539,359239.17978286743,859171.8899230957,242796.57592010495,285610.9019622803,365152.8600730896,594992.6820526123
[TG(37:0)]_FA14:0,1226.420078277588,1287.1400909423828,1129.6800804138184,1480.1201133728027,1326.140106201172,1171.1200790405271,1205.840087890625,1246.2400856018066
[TG(37:0)]_FA16:0,1046.2200736999512,1058.1000785827637,1233.740089416504,1088.0200729370115,1201.8000869750977,1281.1600875854492,1287.0801010131836,1419.4600982666016
[TG(37:0)]_FA18:0,1111.0600776672363,1046.8200798034668,1151.2000885009766,1050.5400733947754,1067.1000785827637,1009.2000694274902,1135.1600799560547,996.0000610351562
[TG(38:0)]_FA14:0,1633.6201171875,1618.5401191711426,1404.3800811767578,1682.1801071166992,1900.080165863037,2002.3601417541504,2165.0801696777344,1926.6801414489744
[TG(38:0)]_FA16:0,1248.3600769042969,1325.2400970458984,2316.460159301758,1187.6800804138184,2082.400135040283,2282.7201538085938,2279.720146179199,2856.0001945495605
[TG(38:0)]_FA18:0,1071.3600769042969,1271.3200988769531,1062.7800636291504,1240.9800758361816,1131.160083770752,1093.320083618164,1103.280086517334,1085.500072479248
[TG(38:1)]_FA14:0,1075.1400680541992,1047.680076599121,971.4000663757324,1210.14009475708,1125.1000862121582,1032.0600662231443,1123.4800910949707,1173.8000869750977
"[TG(38:1)]_FA16:0 | DG(40:8),DG(39:1)_C16:0",2530.7201614379883,2236.3601570129395,2182.6401596069336,1927.2001266479488,2057.660140991211,2807.660182952881,2471.420192718506,2411.1201553344727
"[TG(38:1)]_FA16:0 | DG(40:8),DG(39:1)_C16:0",1195.6000862121582,980.8600654602052,1293.900074005127,988.6800689697266,1275.300090789795,1513.4801139831543,1261.0600929260254,1332.7000885009766
"[TG(38:1)]_FA16:1 | DG(40:8),DG(39:1)_C16:1",1956.680126190185,2026.6401596069336,1982.740135192871,2036.5601425170896,1994.4001350402832,2031.9601440429688,2191.5601539611816,1932.64013671875
"[TG(38:1)]_FA16:1 | DG(40:8),DG(39:1)_C16:1",1138.080078125,1104.2200736999512,1100.0200729370115,1152.1600914001465,1050.2000732421875,1201.460075378418,1074.800075531006,1063.0200691223145
"[TG(38:1)]_FA18:0 | DG(40:8),DG(39:1)_C18:0",1907.5601387023928,1962.620140075684,1788.0201263427734,1775.6401290893557,1860.8401260375977,1998.8201446533203,1793.980125427246,1787.4001235961914
"[TG(38:1)]_FA18:0 | DG(40:8),DG(39:1)_C18:0",982.2800674438477,968.3200607299804,1009.6200637817384,966.7000770568848,989.8400688171388,968.7800598144532,1049.1600761413574,969.200065612793
"[TG(38:1)]_FA18:1 | DG(40:8),DG(39:1)_C18:1",2141.3201599121094,2104.980155944824,2352.560173034668,1994.4801406860352,2764.8801803588867,2745.080173492432,2219.7801475524902,2523.4201736450195
"[TG(38:1)]_FA18:1 | DG(40:8),DG(39:1)_C18:1",1340.7800941467283,1170.460075378418,1204.0000915527344,1091.540069580078,1176.3200798034668,1249.260082244873,1249.220100402832,1342.2400970458984
[TG(39:0)]_FA14:0,1237.0600929260254,1116.160083770752,1116.2000694274902,1145.020107269287,1171.6000862121582,1352.860088348389,1338.2600860595703,1209.6800842285156
[TG(39:0)]_FA16:0,1010.3000679016112,1112.0600852966309,1328.740089416504,1109.040069580078,1367.9400939941406,1265.0200881958008,1565.4601020812988,1646.7601165771484
[TG(39:0)]_FA18:0,1020.1200675964355,1033.3600845336914,1009.1200675964355,1054.460060119629,971.2200736999512,1004.460075378418,969.5200729370116,1036.2600631713867
[TG(39:1)]_FA14:0,1126.200080871582,1058.9200820922852,997.8800773620604,1005.4600677490234,1049.0000762939453,1040.4400749206543,1058.460075378418,1077.3600730895996
[TG(39:1)]_FA16:0,1050.840061187744,974.3000679016112,1221.7800827026367,984.540069580078,1250.0600929260254,1216.4000854492188,1282.0000839233398,1152.3600845336914
[TG(39:1)]_FA16:1,1052.8600730895996,1118.080078125,1068.2800636291504,1057.5200843811035,1069.860080718994,1090.5800819396973,1080.9600677490234,1072.1400718688965
[TG(39:1)]_FA18:0,1004.6600723266602,1025.5400733947754,1055.8600692749023,1058.8200759887695,995.3600616455078,1005.8000679016112,968.1600685119628,968.8400688171388
[TG(39:1)]_FA18:1,1253.3000984191897,1199.7600784301758,1137.8200912475586,1073.62007522583,1154.740089416504,1243.9800910949707,1096.2200736999512,1204.420078277588
[TG(40:0)]_FA14:0,1717.2001190185547,1519.1801147460938,1420.6601028442385,1432.400104522705,1973.200138092041,1890.480136871338,1812.5401420593264,2023.8401489257808
[TG(40:0)]_FA16:0,1319.4800910949707,1203.5600776672363,2064.7001190185547,1197.760082244873,1839.1001358032229,2098.5601348876958,2295.10013961792,1932.180149078369
[TG(40:0)]_FA18:0,979.1800765991212,1092.3600845336914,1027.1000595092771,1163.2400856018066,1012.8400688171388,1076.7200622558594,1148.0800857543943,969.500072479248
[TG(40:1)]_FA14:0,1107.8200798034668,1067.7200775146484,1111.7800750732422,1028.7400665283203,1080.2200775146484,1216.6800842285156,1175.4200820922852,1350.6001014709473
[TG(40:1)]_FA16:0,991.5400657653807,1006.7600708007812,1193.440086364746,1068.4800643920898,1122.140079498291,1154.960090637207,1200.1200790405271,1291.0600776672363
[TG(40:1)]_FA16:1,1137.1400871276855,1096.7400817871094,1055.1800727844238,1120.6000747680664,1048.1200675964355,1197.0200805664062,1100.6000747680664,1108.0600814819336
[TG(40:1)]_FA18:0,993.7400665283204,1010.8000679016112,1004.9600677490234,968.0800704956056,1016.920066833496,1055.2400703430176,990.400074005127,1010.2000770568848
[TG(40:1)]_FA18:1,1534.600112915039,1065.980079650879,1195.200080871582,1204.9200859069824,1192.720085144043,1212.8800964355469,1138.4400825500488,1155.0200805664062
[TG(40:2)]_FA14:0,1075.3800735473633,1116.420078277588,1130.860092163086,1031.600067138672,1358.2801055908203,1139.9400901794434,1248.10009765625,989.2400703430176
[TG(40:2)]_FA16:0,1024.9600791931152,1004.220069885254,1127.280071258545,1027.720069885254,1062.3600730895996,1044.7600784301758,1349.9401016235352,1219.660083770752
[TG(40:2)]_FA16:1,1070.720069885254,1079.1200904846191,1058.5000839233398,1114.2200813293457,1056.800067901611,1208.8200798034668,1073.5400657653809,1063.8200721740725
[TG(40:2)]_FA18:0,1055.6400756835938,1048.300064086914,995.9600715637208,967.9600715637208,986.5400733947754,1015.8600616455078,967.9600677490234,992.4600677490234
[TG(40:2)]_FA18:1,1617.1401252746582,1359.0400924682615,1648.7601203918457,1210.2800903320312,1313.5000953674316,1616.0001220703125,1533.6201133728027,1676.9601135253906
[TG(40:2)]_FA18:2,1114.960075378418,1338.8400917053225,1678.6201057434082,1217.6000862121582,1540.0601119995115,1563.6801223754885,1201.1200981140137,1606.8201217651367
[TG(41:0)]_FA14:0,1348.620086669922,1496.0000953674316,1019.4600601196288,1447.920108795166,1767.560131072998,1512.7001152038574,1356.1800956726074,1332.9001007080078
[TG(41:0)]_FA16:0 | DG(42:0)_C16:0,2366.9001655578613,2028.7601356506348,2102.860153198242,2052.280158996582,2144.000160217285,2451.800189971924,2863.2202186584477,2693.620182037353
[TG(41:0)]_FA16:0 | DG(42:0)_C16:0,1151.180076599121,1075.8200721740725,1388.4201049804688,1083.480068206787,1511.0201225280762,1318.0801010131836,1211.860080718994,1676.5401153564453
[TG(41:0)]_FA18:0 | DG(42:0)_C18:0,1913.060131072998,1729.2801055908203,1782.060115814209,1812.2001266479488,1795.2801208496094,1908.7001419067385,1881.860134124756,1823.620128631592
[TG(41:0)]_FA18:0 | DG(42:0)_C18:0,970.3000717163086,1049.700065612793,1018.5800743103028,995.6000709533693,1036.0800743103027,1004.1200714111328,968.2800636291504,1006.6800727844238
[TG(41:1)]_FA14:0,1167.6000785827637,1025.4400672912598,972.300064086914,1116.280071258545,1084.2000770568848,1064.8200798034668,1124.9000816345217,1189.5000762939453
[TG(41:1)]_FA16:0,973.620059967041,994.1000785827636,972.0800666809082,1008.1000709533693,1028.2600555419922,1018.800075531006,1163.8400764465332,1184.4600791931152
[TG(41:1)]_FA16:1,1074.1000862121582,1162.860065460205,1052.1600799560547,1096.180076599121,1046.840068817139,1081.8000717163086,1048.2000732421875,1059.240077972412
[TG(41:1)]_FA18:0,996.12007522583,968.5600700378418,1002.7600746154784,968.760066986084,970.0400657653807,969.2000579833984,1019.8200759887696,972.2000694274902
[TG(41:1)]_FA18:1,1078.7600784301758,1225.020092010498,1159.0800895690918,1086.3600845336914,1057.6200790405271,1151.980079650879,1136.7200813293457,1121.8000869750977
[TG(41:2)]_FA14:0,971.200065612793,1053.300067901611,975.640064239502,1007.8600730895996,1100.800075531006,988.6600685119628,1025.5200691223145,980.0400772094728
[TG(41:2)]_FA16:0,966.8200607299804,988.7000732421876,1010.3000717163086,963.800064086914,1021.5200691223145,1028.8200759887695,1168.1000900268557,1085.5800743103027
[TG(41:2)]_FA16:1,1050.2800750732422,1097.02006149292,1052.5000762939453,1092.920066833496,1047.5800704956057,1108.8800773620603,1065.3200798034668,1064.9000816345217
[TG(41:2)]_FA18:0,970.4000778198242,1004.0400733947754,969.340072631836,986.6400718688964,970.5400733947754,1026.8200721740725,1063.0400733947754,969.5400733947754
[TG(41:2)]_FA18:1,1434.1200981140137,1146.260082244873,1309.8600997924805,1197.7000885009766,1089.3600845336914,1250.540096282959,1157.5800819396973,1241.8800811767578
[TG(41:2)]_FA18:2,1142.040069580078,1179.4200820922852,1335.0400924682615,1125.300075531006,1193.7800750732422,1196.3800964355469,1108.800075531006,1235.7000885009766
[TG(42:0)]_FA14:0,1826.2401275634768,1633.860126495361,1494.1001014709473,2140.5401496887207,2081.8401412963867,2243.800163269043,1930.3401412963867,2344.980152130127
"[TG(42:0)]_FA16:0 | DG(44:7),DG(43:0)_C16:0",3801.8402824401855,3321.880229949951,3251.4402046203613,2355.200157165528,2871.020206451416,3191.960235595703,3750.900276184082,3418.340209960937
"[TG(42:0)]_FA16:0 | DG(44:7),DG(43:0)_C16:0",1393.4800872802734,1324.2600898742676,2535.7401809692383,1187.7000846862793,2192.4401359558105,2186.040168762207,3052.180221557617,2235.340160369873
"[TG(42:0)]_FA18:0 | DG(44:7),DG(43:0)_C18:0",2118.9601440429688,1889.620147705078,1793.700122833252,1926.3401374816892,2266.5401649475098,1971.3401412963867,2056.2001419067383,1849.6001358032229
"[TG(42:0)]_FA18:0 | DG(44:7),DG(43:0)_C18:0",1067.3000869750977,1234.6400909423828,1050.9000701904297,1089.000087738037,1038.4800758361816,1094.5400733947754,1034.700080871582,1069.3400802612305
[TG(42:1)]_FA14:0,1143.2600784301758,1029.4200592041016,1217.120086669922,1109.960075378418,1215.7000846862793,1019.040069580078,1052.3800773620603,1011.4400749206544
"[TG(42:1)]_FA16:0 | DG(44:8),DG(43:1)_C16:0",2031.5001335144043,1863.620140075684,1865.460132598877,1744.2401161193848,1767.6201133728027,1965.3401412963867,2147.1401596069336,1962.1801414489744
"[TG(42:1)]_FA16:0 | DG(44:8),DG(43:1)_C16:0",966.4000625610352,1023.8400650024414,1059.9400672912598,1018.540069580078,1088.7000846862793,1137.5200805664062,1136.8000869750977,1132.5000686645508
"[TG(42:1)]_FA16:1 | DG(44:8),DG(43:1)_C16:1",2041.2201347351076,2109.420139312744,1940.3001327514648,2093.120143890381,2041.8201141357424,2016.620140075684,2441.660179138184,1979.1201210021973
"[TG(42:1)]_FA16:1 | DG(44:8),DG(43:1)_C16:1",1101.04008102417,1166.9000778198242,1066.0000762939453,1237.6200904846191,1047.760066986084,1134.5800819396973,1132.2000732421875,1049.8800735473633
"[TG(42:1)]_FA18:0 | DG(44:8),DG(43:1)_C18:0",1793.9001235961914,1743.8401184082031,1795.6001243591309,1756.3401260375977,1803.0601272583008,1831.9001235961916,1755.7201232910156,1739.980110168457
"[TG(42:1)]_FA18:0 | DG(44:8),DG(43:1)_C18:0",1019.9000701904296,1026.460075378418,980.0800666809082,999.3000679016112,1026.0800666809082,981.0000610351562,968.0600738525392,1032.2200622558594
"[TG(42:1)]_FA18:1 | DG(44:8),DG(43:1)_C18:1",2281.700164794922,2150.9601402282715,2078.6201515197754,2096.200134277344,2466.4201698303223,2530.7201614379883,2296.980167388916,2276.8401527404785
"[TG(42:1)]_FA18:1 | DG(44:8),DG(43:1)_C18:1",1444.0401039123535,1071.6000709533691,1130.3400840759275,1171.440086364746,1170.6400756835938,1088.9000701904297,1171.9600868225098,1131.8600845336914
[TG(42:2)]_FA14:0,1046.7800750732422,1063.400074005127,1020.2000694274902,999.320068359375,1080.4800872802734,1018.7400703430176,1080.3800735473633,987.7800674438477
[TG(42:2)]_FA16:0,966.1200714111328,983.2200622558594,1071.3800735473633,1007.7200660705566,1008.700065612793,969.5400657653807,1171.860080718994,1153.140079498291
[TG(42:2)]_FA16:1,1076.0200805664062,1055.160083770752,1086.340072631836,1108.340072631836,1048.2600631713867,1116.8400840759275,1083.6600799560547,1106.8400650024414
[TG(42:2)]_FA18:0,1032.7200660705566,969.5600776672364,1033.9200744628906,997.2800598144532,970.8400688171388,969.4600715637208,968.4800643920898,969.0000610351562
[TG(42:2)]_FA18:1,1206.1600875854492,1132.520076751709,1203.1600799560547,1095.6200828552246,1089.1400718688965,1223.7800941467283,1120.8200759887695,1141.7600746154783
[TG(42:2)]_FA18:2,1087.2200813293457,1086.300067901611,1228.7200775146484,1105.9600830078125,1169.6400756835938,1225.660083770752,1202.500087738037,1218.2200813293457
[TG(42:3)]_FA14:0,997.8200645446776,991.9800682067872,971.2800674438477,970.3000679016112,966.2400703430176,1017.580078125,984.9000701904296,969.0800628662108
[TG(42:3)]_FA16:0,965.500057220459,963.9400596618652,970.9400672912598,989.3400688171388,970.1600646972656,1061.3800621032717,1022.0000648498536,978.12007522583
[TG(42:3)]_FA16:1,1062.8400764465332,1055.9000701904297,1066.4600715637207,1114.6400833129885,1047.3000793457031,1136.3800773620603,1074.5600662231443,1049.6400756835938
[TG(42:3)]_FA18:0,1013.1200714111328,969.200065612793,970.0000686645508,968.3800621032716,971.4000701904296,993.6400680541992,968.600067138672,1010.2600746154784
[TG(42:3)]_FA18:1,1158.7200775146484,1068.040069580078,1223.780086517334,1092.220069885254,1089.7600708007812,1140.8600730895996,1070.7200622558594,1124.2800750732422
[TG(42:3)]_FA18:2,1189.60009765625,1141.8000793457031,1302.4200897216797,1110.8800735473633,1118.2000732421875,1232.680088043213,1167.5000762939453,1226.4200897216797
[TG(42:3)]_FA18:3,1175.0600852966309,1238.940086364746,1195.2200736999512,1183.320087432861,1163.7400817871094,1171.240077972412,1165.7600860595703,1194.0000762939453
[TG(42:4)]_FA14:0,978.6800651550292,985.320068359375,970.9800720214844,969.4800643920898,1033.7800827026367,1012.3600730895996,1033.780071258545,969.6800651550292
[TG(42:4)]_FA16:0,1045.0000648498535,1007.8600654602052,1019.8400650024414,964.8800621032716,977.400058746338,970.5000648498536,982.4800682067872,988.3800659179688
[TG(42:4)]_FA16:1,1084.780086517334,1055.2200736999512,1051.500072479248,1050.5600662231443,1047.680061340332,1064.460075378418,1072.2000694274902,1050.2400856018066
[TG(42:4)]_FA18:0,969.7000617980956,992.1400718688964,970.4200706481934,967.7400665283204,970.3200645446776,1034.2800750732422,968.7400665283204,969.1400718688964
[TG(42:4)]_FA18:1,1108.7000846862793,1056.3000831604004,1240.3000946044922,1053.920066833496,1139.6200828552246,1148.4000778198242,1069.6200790405271,1155.4800872802734
[TG(42:4)]_FA18:2,1122.7200660705566,1146.1000709533691,1218.460090637207,1204.880084991455,1140.3600769042969,1312.5200843811035,1087.5400657653809,1118.1800804138184
[TG(42:4)]_FA18:3,1196.6000938415527,1275.2200889587402,1299.9800872802734,1285.120086669922,1219.840087890625,1416.780101776123,1258.0000953674316,1205.4600830078125
[TG(42:4)]_FA20:4,1337.1600914001465,1274.7600784301758,1297.460090637207,1273.8400840759275,1247.4200897216797,1330.6000900268557,1247.360092163086,1248.14009475708
[TG(43:0)]_FA14:0,1914.0801429748533,2043.8601531982424,1376.4800987243652,2171.2201347351074,1793.360134124756,1742.500129699707,2268.6401557922363,1978.320125579834
[TG(43:0)]_FA16:0 | DG(44:0)_C16:0,2673.5401878356934,2236.9401512146,2286.180145263672,2094.7601585388184,2631.5001831054688,2540.100143432617,3105.080223083496,2578.7401809692383
[TG(43:0)]_FA16:0 | DG(44:0)_C16:0,1180.6000785827637,1119.2400741577148,1507.8601112365725,1156.860065460205,1492.560115814209,1531.380100250244,1852.660144805908,2036.640151977539
[TG(43:0)]_FA18:0 | DG(44:0)_C18:0,1988.6001319885252,1813.70011138916,1786.020118713379,1740.9401245117188,2108.9801483154297,1955.8001403808596,1773.400119781494,1813.9201316833496
[TG(43:0)]_FA18:0 | DG(44:0)_C18:0,970.6600685119628,1190.5000801086426,987.460075378418,1065.420066833496,1040.5600700378418,969.8800773620604,1025.860080718994,970.2000694274902
[TG(43:1)]_FA14:0,1132.4800758361816,1304.2800903320312,1090.8200759887695,1072.5800743103027,1150.0000953674316,1110.0200729370115,1089.3600769042969,1183.580078125
[TG(43:1)]_FA16:0 | DG(44:1)_C16:0,2061.860137939453,1811.900119781494,1829.6801414489744,1829.4201278686523,1760.4401245117188,1961.100128173828,1918.4201431274412,1868.940128326416
[TG(43:1)]_FA16:0 | DG(44:1)_C16:0,1075.420078277588,990.6600646972656,1087.5600662231443,965.0800666809082,1141.840087890625,1098.260082244873,1159.4800834655762,1126.9800720214844
[TG(43:1)]_FA16:1 | DG(44:1)_C16:1,2061.0401306152344,1998.420150756836,2019.5001602172847,2048.240131378174,1952.2001304626465,1936.580150604248,2398.64017868042,1958.2801322937007
[TG(43:1)]_FA16:1 | DG(44:1)_C16:1,1118.460075378418,1172.720085144043,1117.3800735473633,1229.740089416504,1048.500072479248,1172.8400764465332,1109.580078125,1124.6000785827637
[TG(43:1)]_FA18:0 | DG(44:1)_C18:0,1905.0001335144043,1799.6201171875,1756.9401092529297,1724.4401092529297,1911.0001335144043,1780.9601211547852,1763.58012008667,1808.0001258850095
[TG(43:1)]_FA18:0 | DG(44:1)_C18:0,1017.8800659179688,1031.04008102417,970.1400718688964,1037.500072479248,970.8000679016112,969.2000770568848,1002.2000770568848,968.940071105957
[TG(43:1)]_FA18:1 | DG(44:1)_C18:1,2353.760166168213,2316.5601539611816,2533.480182647705,2416.2601890563965,3083.5802268981934,2784.060188293457,2604.220199584961,2434.2001762390137
[TG(43:1)]_FA18:1 | DG(44:1)_C18:1,1576.880107879639,1147.860080718994,1348.0801010131836,1254.420093536377,1113.820068359375,1314.1200942993164,1146.7400741577148,1509.500099182129
[TG(43:2)]_FA14:0,1123.900074005127,1002.1800689697266,989.62007522583,1035.160068511963,1005.960075378418,975.2200546264648,1011.4600715637208,1029.8800811767578
[TG(43:2)]_FA16:0 | DG(44:2)_C16:0,1795.4201316833496,1752.140121459961,1778.6801300048828,1793.840114593506,1809.6601333618164,1750.180118560791,1794.420139312744,1756.260124206543
[TG(43:2)]_FA16:0 | DG(44:2)_C16:0,965.8800621032716,1012.1000785827636,1033.1200675964355,983.5800704956056,964.9800567626952,972.5600624084472,1009.420066833496,1033.8800735473633
[TG(43:2)]_FA16:1 | DG(44:2)_C16:1,2020.4601402282717,1971.9401321411133,1980.9601402282717,1952.9601364135744,1962.3201370239256,2012.280143737793,2102.340148925781,2025.680156707764
[TG(43:2)]_FA16:1 | DG(44:2)_C16:1,1050.3400573730469,1132.9400672912598,1094.7800788879397,1100.0000762939453,1047.9200744628906,1134.9200820922852,1059.2800788879397,1097.9000701904297
[TG(43:2)]_FA18:0 | DG(44:2)_C18:0,1787.9001235961914,1720.0001220703125,1770.760124206543,1837.100128173828,1783.7801361083984,1924.640151977539,1730.0801315307615,1721.3801231384275
[TG(43:2)]_FA18:0 | DG(44:2)_C18:0,1021.820068359375,974.700065612793,1030.0600700378418,1115.9800758361816,970.5200576782228,984.2800636291504,1031.8400764465332,968.54008102417
[TG(43:2)]_FA18:1 | DG(44:2)_C18:1,1988.0401458740237,1907.640151977539,1956.580139160156,1926.3201370239256,2258.120143890381,2062.860164642334,2045.1401443481443,1945.680149078369
[TG(43:2)]_FA18:1 | DG(44:2)_C18:1,1130.0400733947754,1075.3400650024414,1138.5000801086426,1202.3000793457031,1056.960075378418,1140.6400909423828,1056.9000816345217,1055.5400772094729
[TG(43:2)]_FA18:2 | DG(44:2)_C18:2,2273.860149383545,2264.3601684570312,2323.66015625,2365.960178375244,2115.8801612854004,2351.9601516723637,2208.340167999268,2175.9401321411133
[TG(43:2)]_FA18:2 | DG(44:2)_C18:2,1166.2200775146484,1172.12007522583,1162.7400817871094,1084.1600723266602,1125.0600700378418,1185.4200820922852,1157.5200729370115,1169.8800735473633
[TG(43:3)]_FA14:0,994.720069885254,1078.4000701904297,970.1600761413574,987.8400764465332,967.0200729370116,982.340072631836,998.340072631836,1094.760082244873
[TG(43:3)]_FA16:0,966.3800659179688,979.380069732666,1051.5600776672363,964.8800659179688,965.8200645446776,981.9800720214844,1037.5600776672363,981.9400634765624
[TG(43:3)]_FA16:1,1121.7000732421875,1072.5000801086426,1051.800064086914,1067.040069580078,1047.62007522583,1049.1200790405271,1048.1200828552246,1049.7600708007812
[TG(43:3)]_FA18:0,970.6400718688964,968.7000617980956,1001.6200675964355,1028.640064239502,970.7400588989258,968.7200736999512,968.4000701904296,1002.5600624084472
[TG(43:3)]_FA18:1,1088.5200843811035,1117.3400764465332,1118.5800743103027,1054.580062866211,1090.8200721740725,1082.6600723266602,1057.9400749206543,1114.2600708007812
[TG(43:3)]_FA18:2,1085.920066833496,1164.2600784301758,1240.6800918579102,1101.8200798034668,1087.5400733947754,1143.9200744628906,1106.6200714111328,1208.4000778198242
[TG(43:3)]_FA18:3,1225.9600868225098,1252.9000854492188,1241.0400848388672,1199.8800811767578,1171.4000816345217,1217.500087738037,1217.280101776123,1168.9400749206543
[TG(43:4)]_FA14:0,990.5800704956056,999.9400672912598,971.0000762939452,982.8000717163086,1010.1200637817384,967.4000701904296,970.4600715637208,975.8400688171388
[TG(43:4)]_FA16:0,966.2600708007812,965.1600685119628,1015.3600692749023,963.6000633239746,1046.2800750732422,969.9600791931152,1093.720069885254,992.7200622558594
[TG(43:4)]_FA16:1,1051.7200775146484,1060.940086364746,1057.2000617980957,1059.2200775146484,1074.1600761413574,1060.660068511963,1091.0200729370115,1050.1000709533691
[TG(43:4)]_FA18:0,970.9000625610352,969.1200637817384,979.7600746154784,991.2000694274902,971.1800727844238,969.420066833496,968.5200729370116,969.02006149292
[TG(43:4)]_FA18:1,1145.360088348389,1055.720069885254,1132.4800758361816,1053.800064086914,1056.6600723266602,1054.3800735473633,1080.12007522583,1055.6600761413574
[TG(43:4)]_FA18:2,1120.8000793457031,1124.680076599121,1130.6600799560547,1122.3000831604004,1242.9200820922852,1144.7400741577148,1091.340068817139,1119.3400764465332
[TG(43:4)]_FA18:3,1226.140079498291,1168.560073852539,1189.8800888061523,1167.520076751709,1185.1400871276855,1186.520076751709,1164.9600791931152,1215.1000862121582
[TG(43:4)]_FA20:4,1274.1600914001465,1251.8000793457031,1279.900089263916,1247.940097808838,1255.620086669922,1245.6400871276855,1247.920078277588,1283.9600830078125
"[TG(44:0),TG(O-45:0)]_FA14:0",3529.540256500244,2742.340171813965,2116.580139160156,3433.0002212524414,3287.660251617432,3533.3602256774902,3631.460266113281,3921.6603088378906
"[TG(44:0),TG(O-45:0)]_FA16:0",1688.8801231384275,1525.460117340088,2938.080207824707,1473.1400985717771,2267.560127258301,3352.240203857422,4191.680271148682,3372.400245666504
"[TG(44:0),TG(O-45:0)]_FA18:0",1049.720069885254,1138.820083618164,1136.2800827026367,1025.5200691223145,1031.9600715637207,1111.7200736999512,1008.600067138672,1114.12007522583
[TG(44:1)]_FA14:0,1583.000114440918,1561.06010055542,1404.9601020812988,1501.56010055542,1243.2400817871094,1440.600112915039,1778.920139312744,1564.8201141357422
[TG(44:1)]_FA16:0,1017.4200706481934,1008.4800758361816,1152.320083618164,1050.0600776672363,1212.7200889587402,1407.5401077270508,1372.3200988769531,1567.3800964355469
[TG(44:1)]_FA16:1,1207.380084991455,1229.680088043213,1203.6400871276855,1301.6000900268557,1104.2000694274902,1421.9200859069824,1349.480094909668,1144.7600860595703
[TG(44:1)]_FA18:0,969.8600730895996,1073.0200729370115,1008.3800659179688,1023.1800689697266,985.8600654602052,969.300064086914,1001.0600700378418,969.3000564575196
[TG(44:1)]_FA18:1,1391.120101928711,1111.400074005127,1445.420108795166,1079.5000762939453,1112.8000793457031,1302.3400840759275,1191.7400817871094,1248.9800872802734
[TG(44:2)]_FA14:0,1108.4200897216797,1140.3400802612305,1074.0400772094729,1044.500072479248,1057.4800720214844,1217.740089416504,1099.3000717163086,1041.62007522583
[TG(44:2)]_FA16:0,984.1600646972656,1046.6200790405271,1098.780071258545,1068.0000648498535,1065.940086364746,1009.5400657653807,1236.1200942993164,1394.520092010498
[TG(44:2)]_FA16:1,1099.3400764465332,1265.5000839233398,1226.3400802612305,1251.1200790405271,1054.740077972412,1404.0001106262207,1354.000087738037,1066.0400733947754
[TG(44:2)]_FA18:0,985.000072479248,969.0800666809082,1044.3600692749023,968.4000625610352,970.2200622558594,969.720069885254,968.4600715637208,968.9600715637208
[TG(44:2)]_FA18:1,1180.2600898742676,1112.0200729370115,1146.4200820922852,1130.400074005127,1083.0200805664062,1095.6000747680664,1100.1400604248047,1111.2400817871094
[TG(44:2)]_FA18:2,1114.680076599121,1141.960075378418,1282.1800918579102,1251.8200912475586,1229.060089111328,1241.7400932312012,1233.4400939941406,1440.2200927734375
[TG(44:3)]_FA14:0,1004.9600677490234,1025.5000648498535,971.1400718688964,969.1200714111328,1058.1600723266602,1106.2200736999512,1002.5800743103028,1004.1800727844238
[TG(44:3)]_FA16:0,983.540069580078,991.440071105957,1037.6000747680664,964.52006149292,1015.2000694274902,995.9200744628906,1051.8200759887695,1044.420078277588
[TG(44:3)]_FA16:1,1058.600082397461,1079.2600784301758,1060.7400856018066,1107.7200813293457,1047.700065612793,1100.9000778198242,1076.3800773620603,1107.0800743103027
[TG(44:3)]_FA18:0,969.8400688171388,968.9600677490234,1008.5000762939452,967.6600723266602,971.9800682067872,969.0600662231444,968.9000701904296,1002.0200805664062
[TG(44:3)]_FA18:1,1176.1800727844238,1126.2600746154783,1139.1400756835938,1123.1800727844238,1092.400089263916,1087.9000778198242,1057.2000732421875,1336.2200965881348
[TG(44:3)]_FA18:2,1086.4400596618652,1087.1600723266602,1231.5000839233398,1153.2600784301758,1127.1000862121582,1119.7600746154783,1105.600082397461,1431.500099182129
[TG(44:3)]_FA18:3,1224.5800819396973,1232.800090789795,1187.3600730895996,1262.9000930786133,1167.0200805664062,1219.260082244873,1180.120086669922,1226.6000785827637
[TG(44:4)]_FA14:0,1021.7200622558594,1020.2400741577148,970.62007522583,969.3800659179688,993.9000625610352,966.820068359375,1012.9600791931152,1024.6600761413574
[TG(44:4)]_FA16:0,966.4000625610352,1006.1800689697266,1001.440071105957,965.320068359375,990.7400741577148,969.840072631836,986.0600700378418,983.080078125
[TG(44:4)]_FA16:1,1061.980068206787,1159.740077972412,1119.6600799560547,1050.3400802612305,1065.7400741577148,1132.6200790405271,1147.7000770568848,1049.440071105957
[TG(44:4)]_FA18:0,989.800075531006,1094.280086517334,1065.280071258545,1001.800064086914,1040.8000717163086,969.5800666809082,968.9400634765624,1052.440071105957
[TG(44:4)]_FA18:1,1111.2200813293457,1056.1600799560547,1083.6800727844238,1053.9000778198242,1056.7200736999512,1103.9200859069824,1056.640079498291,1075.8200721740725
[TG(44:4)]_FA18:2,1105.8200798034668,1086.4400749206543,1323.440086364746,1239.820095062256,1163.7200813293457,1223.4800834655762,1235.920078277588,1369.1600914001465
[TG(44:4)]_FA18:3,1167.4000816345217,1206.4200859069824,1174.8000793457031,1250.6200790405271,1224.0200881958008,1198.8600769042969,1265.060089111328,1168.440086364746
[TG(44:4)]_FA20:4,1392.220115661621,1277.5800743103027,1348.0800857543943,1271.5201034545898,1247.1000900268557,1256.740089416504,1276.220085144043,1249.7000923156738
[TG(44:5)]_FA14:0,992.220069885254,986.5400619506836,969.6000633239746,1080.8200721740725,977.8200569152832,997.6800804138184,970.6000709533693,1027.180076599121
[TG(44:5)]_FA16:0,1031.12007522583,1017.6000709533693,1122.8200798034668,1045.4400634765625,1184.9600830078125,1180.320087432861,1104.6800727844238,1050.7800674438477
[TG(44:5)]_FA16:1,1062.3800773620603,1120.1000862121582,1111.6000709533691,1095.340068817139,1047.840072631836,1049.4000625610352,1048.5200653076172,1049.4000625610352
[TG(44:5)]_FA18:0,969.820068359375,968.620059967041,997.2400665283204,967.7800750732422,1045.3600769042969,994.6200714111328,968.020076751709,968.840072631836
[TG(44:5)]_FA18:1,1105.0200691223145,1150.2400856018066,1125.3800811767578,1097.4200859069824,1087.100067138672,1054.340072631836,1099.180076599121,1068.5200805664062
[TG(44:5)]_FA18:2,1133.6800727844238,1125.9800720214844,1277.1600875854492,1091.8000793457031,1205.720085144043,1204.3200798034668,1100.6000709533691,1332.8400993347168
[TG(44:5)]_FA18:3,1278.64009475708,1220.9200897216797,1239.9400901794434,1248.7000885009766,1166.2200965881348,1248.900089263916,1165.600082397461,1169.360080718994
[TG(44:5)]_FA20:4,1421.2000999450684,1308.9800987243652,1320.4600944519043,1247.3800888061523,1247.1400909423828,1328.160099029541,1258.3400993347168,1248.1000862121582
[TG(44:5)]_FA22:5,1378.5801010131836,1483.380100250244,1440.5000953674316,1372.9401054382324,1374.9800987243652,1424.9400901794434,1436.8200988769531,1563.9801025390625
[TG(45:0)]_FA14:0,3166.960220336914,2907.480197906494,2281.8601570129395,3082.040225982666,3094.3401832580566,3035.320240020752,3344.5202026367188,2844.380210876465
[TG(45:0)]_FA16:0,1531.18013381958,1174.980079650879,3245.980194091797,1282.10009765625,2559.7401695251465,2477.740203857422,3593.260227203369,3450.9601974487305
[TG(45:0)]_FA18:0,988.9200630187988,1034.580078125,1022.4200706481934,969.4200706481934,990.1800689697266,994.9200706481934,1018.3000679016112,1019.380069732666
[TG(45:1)]_FA14:0,1327.6200675964355,1314.9801063537598,1217.0400848388672,1512.9001159667969,1383.2200927734375,1247.5800819396973,1409.160083770752,1461.5201110839844
[TG(45:1)]_FA16:0,1041.2400703430176,1058.3400802612305,1532.5001068115234,1272.9200897216797,1342.2200965881348,1244.54008102417,1213.1200942993164,1382.4400939941406
[TG(45:1)]_FA16:1,1589.400104522705,1378.0801010131836,1179.1600761413574,1613.5401000976562,1214.4600830078125,1602.800121307373,1461.4001007080078,1134.2400817871094
[TG(45:1)]_FA18:0,970.0800666809082,1003.6200714111328,969.6200637817384,980.880069732666,1024.2400741577148,1014.7000732421876,1008.5600814819336,969.6600685119628
[TG(45:1)]_FA18:1,1203.3800811767578,1117.460090637207,1153.400089263916,1139.4400825500488,1095.860088348389,1193.9200859069824,1132.560073852539,1168.980079650879
[TG(45:2)]_FA14:0,1015.2000770568848,1045.4000778198242,1079.740077972412,1051.8200721740725,1167.500087738037,1086.0600776672363,1195.2000885009766,1037.440071105957
[TG(45:2)]_FA16:0,965.7400703430176,1019.9600639343262,1200.9000854492188,1035.4600715637207,1222.0800895690918,1043.9400749206543,966.0600662231444,973.5200691223145
[TG(45:2)]_FA16:1,1272.1400871276855,1257.2800827026367,1217.320087432861,1223.2600784301758,1076.8200607299805,1344.1601028442385,1411.4601020812988,1080.2000770568848
[TG(45:2)]_FA18:0,969.7200660705566,984.1400756835938,970.440071105957,1027.4400634765625,971.0800743103028,988.6400680541992,968.2000770568848,968.9200592041016
[TG(45:2)]_FA18:1,1121.2200813293457,1055.8800811767578,1169.3800888061523,1074.2000732421875,1136.1000747680664,1075.500072479248,1127.8600845336914,1054.6800842285156
[TG(45:2)]_FA18:2,1087.6600723266602,1118.6600723266602,1455.5600776672363,1083.340068817139,1219.4800910949707,1087.580078125,1088.3200721740725,1142.4000778198242
[TG(45:3)]_FA14:0,987.8000679016112,992.880069732666,1019.5600700378418,1000.3400688171388,966.9200744628906,1030.4800605773926,971.2800674438477,980.2200736999512
[TG(45:3)]_FA16:0,1052.0600776672363,1016.3800659179688,1096.600082397461,1064.800067901611,1062.9200592041016,996.5200691223145,1236.4800910949707,1093.4200744628906
[TG(45:3)]_FA16:1,1129.040069580078,1085.1800727844238,1207.4400825500488,1074.5000801086426,1097.1800804138184,1100.8800735473633,1123.3200798034668,1090.600082397461
[TG(45:3)]_FA18:0,970.0800666809082,985.5000648498536,995.9000663757324,992.0600700378418,971.8400688171388,969.0600738525392,968.1600761413574,973.0600738525392
[TG(45:3)]_FA18:1,1222.6600952148438,1146.2000885009766,1185.0000953674316,1075.6000747680664,1227.8000831604004,1139.4000854492188,1085.7000923156738,1181.8000831604004
[TG(45:3)]_FA18:2,1086.2400817871094,1086.9200744628906,1211.9600830078125,1203.860080718994,1328.520092010498,1196.8000793457031,1140.04008102417,1300.9000930786133
[TG(45:3)]_FA18:3,1167.660083770752,1194.1000747680664,1216.0200843811035,1279.400089263916,1167.9600791931152,1196.6200828552246,1175.54008102417,1178.5000839233398
[TG(45:4)]_FA14:0,999.6200790405272,970.6800651550292,970.0000610351562,1017.940071105957,1025.2800788879397,1030.7200736999512,1031.6800804138184,1039.0000801086426
[TG(45:4)]_FA16:0,966.0000648498536,964.3600730895996,990.3200759887696,963.5200653076172,965.140064239502,969.4000625610352,962.3000679016112,978.900074005127
[TG(45:4)]_FA16:1,1117.3800811767578,1128.0600776672363,1470.2201042175293,1096.3200798034668,1116.100067138672,1255.6400871276855,1354.5400924682615,1112.04008102417
[TG(45:4)]_FA18:0,1038.480068206787,968.6600608825684,969.9200630187988,967.300075531006,998.140064239502,968.8200721740724,968.7600631713868,969.3800659179688
[TG(45:4)]_FA18:1,1055.300075531006,1098.900074005127,1091.1400718688965,1123.6200828552246,1082.6200790405271,1058.560073852539,1110.2000770568848,1130.2600898742676
[TG(45:4)]_FA18:2,1129.0600700378418,1094.6200790405271,1165.3000717163086,1083.4400787353516,1176.5400848388672,1104.6400718688965,1088.3400840759275,1143.980068206787
[TG(45:4)]_FA18:3,1197.2000846862793,1203.7200813293457,1285.5600967407229,1167.5000839233398,1162.840087890625,1236.1800727844238,1198.860080718994,1267.0200958251953
[TG(45:4)]_FA20:4,1288.9401054382324,1253.2800788879397,1250.7000885009766,1322.8400993347168,1246.8000946044922,1364.9600982666016,1258.1400909423828,1272.2400856018066
[TG(45:5)]_FA14:0,1027.240077972412,1051.4200820922852,978.4200630187988,1032.9800720214844,978.6800689697266,1107.2400703430176,1034.300064086914,1002.04008102417
[TG(45:5)]_FA16:0,990.5200691223145,998.3000602722168,961.400074005127,976.9200630187988,1043.220069885254,1111.4000816345217,1128.340072631836,1005.6600685119628
[TG(45:5)]_FA16:1,1056.580078125,1070.5800819396973,1051.6200714111328,1064.5200729370115,1048.200080871582,1049.4000701904297,1047.9000663757324,1048.1400718688965
[TG(45:5)]_FA18:0,970.1600761413574,1022.6200828552246,1007.5600662231444,987.2200775146484,971.5200576782228,969.4800720214844,968.3200645446776,1002.8600692749023
[TG(45:5)]_FA18:1,1137.300075531006,1085.5000801086426,1089.8400802612305,1069.0800666809082,1057.8600769042969,1190.580078125,1058.000072479248,1103.2000846862793
[TG(45:5)]_FA18:2,1103.1400756835938,1086.740077972412,1296.240089416504,1240.6000900268557,1553.0601081848145,1243.660083770752,1286.7800827026367,1130.2200889587402
[TG(45:5)]_FA18:3,1202.7400856018066,1214.9600830078125,1301.3400840759275,1322.320083618164,1162.9600944519043,1171.0200729370115,1165.9200897216797,1187.220085144043
[TG(45:5)]_FA20:4,1250.1400718688965,1260.220085144043,1267.1000900268557,1248.1000900268557,1246.7600936889648,1276.5201034545898,1250.500087738037,1258.1400909423828
[TG(45:5)]_FA22:5,1498.720115661621,1377.9200897216797,1386.800090789795,1373.8400955200195,1462.8601036071775,1389.1200904846191,1485.6401023864746,1385.6600952148438
[TG(46:0)]_FA14:0,3553.500217437744,4618.660343170166,2712.4202003479004,5039.120407104492,3995.880302429199,4743.680328369141,5879.640419006348,5418.100402832031
[TG(46:0)]_FA16:0,2086.260139465332,1918.6001358032229,5266.6203536987305,2448.880172729492,4616.840316772461,6540.560459136963,8560.800643920898,6891.120544433594
[TG(46:0)]_FA18:0,1030.080062866211,1123.540069580078,1368.6801071166992,1165.0200881958008,1055.2000694274902,1035.9800720214844,1056.5800819396973,1084.2000732421875
[TG(46:1)]_FA14:0,2740.720226287842,2237.6401443481445,1670.5601196289062,2321.280166625977,1915.900119781494,3194.8202323913574,4253.560306549072,3134.540199279785
[TG(46:1)]_FA16:0,1172.8200912475586,1240.1800918579102,1945.920139312744,1141.060073852539,2017.8801574707031,2213.60018157959,3777.700199127197,3246.7202377319336
[TG(46:1)]_FA16:1,2203.500160217285,1586.480110168457,1522.7001037597656,1640.860107421875,1422.0000953674316,2063.060131072998,3265.100200653076,1715.1001319885254
[TG(46:1)]_FA18:0,970.1200637817384,1086.8400802612305,969.5200653076172,1118.5600776672363,995.2400665283204,970.5600624084472,999.2000732421876,968.460075378418
[TG(46:1)]_FA18:1,1410.9401168823242,1083.3200721740725,1127.7400665283203,1092.0600700378418,1167.1000862121582,1227.8400802612305,1078.3200759887695,1442.2800827026367
[TG(46:2)]_FA14:0,1337.8600959777832,1670.1001167297363,1246.0801048278809,1178.7400817871094,1603.3801231384275,2162.660171508789,2145.520164489746,1974.400127410889
[TG(46:2)]_FA16:0,975.7400665283204,1208.8200912475586,1272.3200912475586,999.4000663757324,1145.4400787353516,980.6800765991212,1508.680118560791,1706.7801055908203
[TG(46:2)]_FA16:1,1763.1201171875,1923.20015335083,1430.340114593506,1507.4201164245603,1181.8400917053225,1651.6001167297363,3077.100234985352,1873.8201484680176
[TG(46:2)]_FA18:0,970.0000648498536,1005.8400688171388,969.4400787353516,968.0800590515136,1032.0000686645508,968.880069732666,968.4200706481934,968.8000793457032
[TG(46:2)]_FA18:1,1551.9001083374023,1167.860080718994,1357.0200843811035,1169.5600700378418,1089.8800811767578,1347.900089263916,1101.3600730895996,1101.8000831604004
[TG(46:2)]_FA18:2,1160.8000717163086,1140.9200897216797,1296.9800872802734,1259.3000831604004,1358.2400817871094,1334.1800804138184,1237.4400749206543,1756.2001266479492
[TG(46:3)]_FA14:0,1122.5200729370115,1029.8600578308103,970.6000709533693,1022.5000648498536,1017.9800720214844,1050.8800811767578,1157.0800743103027,1005.540069580078
[TG(46:3)]_FA16:0,992.2800712585448,996.6800689697266,996.7400665283204,985.3200721740724,973.1000633239746,970.300075531006,1034.5000762939453,1136.4600677490234
[TG(46:3)]_FA16:1,1159.7400817871094,1149.2000770568848,1114.7200775146484,1282.1600875854492,1093.0200805664062,1450.60009765625,1419.5601119995115,1151.5800895690918
[TG(46:3)]_FA18:0,970.6600646972656,968.6000633239746,969.8600730895996,1098.1600799560547,971.1000633239746,1011.7600708007812,981.960075378418,998.3600730895996
[TG(46:3)]_FA18:1,1094.1600761413574,1076.4000701904297,1103.4400825500488,1079.3400764465332,1081.640079498291,1104.5600814819336,1057.6400833129885,1141.5000839233398
[TG(46:3)]_FA18:2,1166.5600814819336,1204.1600875854492,1191.0400733947754,1111.300067901611,1243.9400787353516,1252.1600875854492,1217.7000846862793,1445.8001022338867
[TG(46:3)]_FA18:3,1206.4000816345217,1167.780101776123,1167.940086364746,1258.840106964111,1187.6800804138184,1222.8600845336914,1166.440086364746,1180.240077972412
[TG(46:4)]_FA14:0,970.9800758361816,1043.520076751709,980.1600646972656,969.9600677490234,967.3000602722168,1013.7800674438477,970.260066986084,993.400074005127
[TG(46:4)]_FA16:0,1084.080078125,964.7000694274902,1044.0800743103027,963.5800666809082,1023.220069885254,1046.9400749206543,960.8000679016112,999.7400703430176
[TG(46:4)]_FA16:1,1112.3600845336914,1070.440086364746,1052.0600852966309,1051.1200714111328,1086.4400825500488,1069.0000762939453,1048.8200645446775,1049.1000747680664
[TG(46:4)]_FA18:0,990.5600662231444,984.8400573730468,970.340072631836,1023.4800758361816,970.4800643920898,980.1800651550292,968.2200736999512,969.8800735473632
[TG(46:4)]_FA18:1,1183.7200736999512,1058.2600746154783,1059.180076599121,1054.9600830078125,1068.1400756835938,1073.8600692749023,1111.1000862121582,1127.240077972412
[TG(46:4)]_FA18:2,1206.9600791931152,1237.220085144043,1347.7400970458984,1083.7000732421875,1225.7400856018066,1138.940086364746,1122.0200805664062,1513.8601036071775
[TG(46:4)]_FA18:3,1294.4400901794434,1201.1600799560547,1183.1600761413574,1166.8600845336914,1194.3000869750977,1171.7200889587402,1165.240077972412,1217.6400833129885
[TG(46:4)]_FA20:4,1278.6400909423828,1295.7400856018066,1411.0201034545898,1284.380100250244,1246.9600944519043,1275.8200798034668,1247.3200912475586,1249.0600776672363
[TG(46:5)]_FA14:0,972.740062713623,970.9200706481934,1015.1200675964355,970.2200660705566,966.7400665283204,979.5600662231444,983.0800704956056,979.740062713623
[TG(46:5)]_FA16:0,966.5000686645508,1007.720069885254,1019.600067138672,994.2200736999512,999.62007522583,1052.7800788879397,994.0600662231444,1056.9400749206543
[TG(46:5)]_FA16:1,1051.0200653076172,1072.380069732666,1056.7200660705566,1082.5400772094729,1053.2200736999512,1048.7000694274902,1048.8000602722168,1049.740077972412
[TG(46:5)]_FA18:0,970.2800674438477,1009.0200653076172,1050.340087890625,1031.8000793457031,971.3800621032716,969.5600700378418,989.1800689697266,1015.9200820922852
[TG(46:5)]_FA18:1,1125.2400741577148,1055.400074005127,1106.2800750732422,1072.6400756835938,1055.7400703430176,1068.6200714111328,1136.860088348389,1135.1600761413574
[TG(46:5)]_FA18:2,1252.6600914001465,1206.000087738037,1614.5401077270508,1119.0800819396973,1216.1600799560547,1221.0000839233398,1150.3000831604004,1446.380111694336
[TG(46:5)]_FA18:3,1167.820083618164,1255.8001022338867,1237.4600830078125,1167.060073852539,1162.9600868225098,1211.160083770752,1223.9600944519043,1168.760082244873
[TG(46:5)]_FA20:4,1289.3000946044922,1330.9600868225098,1303.6600914001465,1263.2000846862793,1247.4400939941406,1273.5200843811035,1247.6600914001465,1248.860088348389
[TG(46:5)]_FA22:5,1479.3001098632812,1455.5400886535645,1431.6801071166992,1506.840114593506,1457.600112915039,1494.7801055908203,1374.9000968933103,1386.0800971984863
[TG(46:6)]_FA14:0,1192.820087432861,1009.9000663757324,1021.3400764465332,1046.7800674438477,1160.0200729370115,1005.080078125,1090.8200759887695,1135.920078277588
[TG(46:6)]_FA16:0,1202.6800918579102,1091.120086669922,1624.8001289367676,1238.1000938415527,1383.480094909668,1602.6401100158691,1864.860137939453,1666.3801155090332
[TG(46:6)]_FA16:1,1069.6200828552246,1055.6600723266602,1052.0200843811035,1050.200080871582,1047.040069580078,1119.3000831604004,1048.2800750732422,1049.2000694274902
[TG(46:6)]_FA18:0,1127.9400825500488,1338.260097503662,1485.4401054382324,1269.120086669922,1253.9400939941406,1140.3200912475586,1275.0000801086426,1162.3800811767578
[TG(46:6)]_FA18:1,1073.8400764465332,1086.3800811767578,1120.220085144043,1061.0400772094729,1061.8800811767578,1065.6600761413574,1067.480079650879,1094.4800758361816
[TG(46:6)]_FA18:2,1251.0400886535645,1135.2000885009766,1298.6400871276855,1202.7800827026367,1145.2000694274902,1225.8000717163086,1186.4400749206543,1395.6201057434082
[TG(46:6)]_FA18:3,1197.0800857543943,1220.8800964355469,1168.1400833129885,1204.3000869750977,1211.940086364746,1176.500072479248,1185.320087432861,1190.6000862121582
[TG(46:6)]_FA20:4,1260.1400909423828,1289.460090637207,1331.2400970458984,1317.54008102417,1247.0400924682615,1314.840087890625,1267.320087432861,1256.240077972412
[TG(46:6)]_FA22:5,1377.3000869750977,1376.9600944519043,1377.3201026916504,1511.1001052856443,1405.2601051330566,1378.180103302002,1374.580108642578,1414.7001113891602
[TG(46:6)]_FA22:6,1570.860122680664,1617.2201232910156,1612.6201095581057,1622.3201141357422,1693.8801193237305,1498.0800971984863,1722.0601387023926,1518.1001167297363
[TG(47:2)]_FA14:0,1059.5200729370115,1105.740077972412,1023.720069885254,1290.4000968933103,1242.4000968933103,1246.5000953674316,1428.120101928711,1323.900089263916
[TG(47:2)]_FA16:0,1040.5600776672363,1053.160083770752,1405.8601036071775,1047.2800750732422,1176.9400787353516,1187.6400680541992,1255.7400817871094,1276.220085144043
[TG(47:2)]_FA16:1,1671.0201263427734,1686.2201309204102,1327.740104675293,1607.1001243591309,1134.9600830078125,2185.1401405334477,1528.0600929260254,1269.5200958251953
[TG(47:2)]_FA18:0,970.040069580078,969.600067138672,970.4000663757324,1032.4400749206543,970.700065612793,970.1000709533693,977.2000732421876,969.380069732666
[TG(47:2)]_FA18:1,1203.0600814819336,1156.0200843811035,1178.4400749206543,1144.920078277588,1152.4000854492188,1293.9000930786133,1181.9400825500488,1122.7200775146484
[TG(47:2)]_FA18:2,1122.9400825500488,1128.120086669922,1255.800090789795,1171.7200813293457,1231.8000946044922,1199.3000793457031,1119.3200798034668,1286.6600952148438
[TG(47:3)]_FA14:0,1001.6600723266602,998.420078277588,1029.780086517334,1001.4000663757324,1072.2400741577148,973.9600601196288,1040.9400749206543,969.5800666809082
[TG(47:3)]_FA16:0,1038.8800735473633,964.2200622558594,1010.1600570678712,964.640064239502,1013.400074005127,1004.460075378418,980.5200729370116,963.3200645446776
[TG(47:3)]_FA16:1,1223.260082244873,1159.980079650879,1115.9200859069824,1195.2000846862793,1086.5200805664062,1303.5400886535645,1319.3400840759275,1133.4000778198242
[TG(47:3)]_FA18:0,969.9400596618652,968.420066833496,1027.4200744628906,989.8600730895996,996.6200675964355,975.4800720214844,999.940071105957,1003.3600616455078
[TG(47:3)]_FA18:1,1095.3200759887695,1182.2000885009766,1078.6200790405271,1111.1200828552246,1112.0400772094729,1080.2600708007812,1067.1800727844238,1103.6400680541992
[TG(47:3)]_FA18:2,1096.4600791931152,1136.2200775146484,1256.840106964111,1123.0000953674316,1325.8800926208496,1119.6400756835938,1133.220085144043,1369.8600959777832
[TG(47:3)]_FA18:3,1169.820087432861,1256.0200881958008,1190.100082397461,1222.0600967407229,1163.5800743103027,1172.1200637817385,1264.7800979614258,1170.060073852539
[TG(47:4)]_FA14:0,983.6400756835938,1005.7400703430176,971.12007522583,1003.6600646972656,966.5600662231444,967.8400802612304,982.500072479248,1062.8200759887695
[TG(47:4)]_FA16:0,1024.1400756835938,963.900058746338,1025.800064086914,964.7400703430176,979.5000648498536,970.4200706481934,1023.4200706481934,990.140064239502
[TG(47:4)]_FA16:1,1058.0200653076172,1062.5600700378418,1123.7200775146484,1076.9600677490234,1047.9400749206543,1065.900074005127,1047.8200721740725,1049.5200805664062
[TG(47:4)]_FA18:0,969.3400688171388,979.0600700378418,970.600067138672,967.3600654602052,971.0200653076172,969.3400688171388,1003.8200759887696,969.3600769042968
[TG(47:4)]_FA18:1,1080.900074005127,1122.9400825500488,1147.7000694274902,1054.1400680541992,1056.5000762939453,1181.2800827026367,1056.6800727844238,1066.740077972412
[TG(47:4)]_FA18:2,1131.2600746154783,1086.9400749206543,1322.7400932312012,1106.7400817871094,1198.420078277588,1257.0600929260254,1101.7600784301758,1243.8800773620603
[TG(47:4)]_FA18:3,1192.7600746154783,1259.4600830078125,1167.3400764465332,1252.5400924682615,1204.260082244873,1270.260082244873,1251.8600769042969,1181.5000762939453
[TG(47:4)]_FA20:4,1249.1000862121582,1260.500087738037,1304.6000900268557,1300.6600914001465,1269.920093536377,1285.1800842285156,1248.280086517334,1276.6600914001465
[TG(47:5)]_FA14:0,975.9800758361816,1054.62007522583,1059.3600616455078,969.5600738525392,967.8800582885742,966.9400749206544,970.4000701904296,1006.1600646972656
[TG(47:5)]_FA16:0,986.7200622558594,964.7800598144532,1170.52006149292,1045.160083770752,1014.2400817871094,1055.820083618164,1042.2000617980957,1220.9400901794434
[TG(47:5)]_FA16:1,1051.4800834655762,1055.2000770568848,1067.6600761413574,1049.320068359375,1047.3600692749023,1068.460090637207,1048.3000793457031,1050.0800857543943
[TG(47:5)]_FA18:0,969.7200660705566,995.5400772094728,1017.4000625610352,1007.900074005127,970.880069732666,984.9800758361816,1003.4400749206544,1014.740062713623
[TG(47:5)]_FA18:1,1072.220069885254,1055.6600875854492,1052.9000701904297,1054.1000747680664,1056.5600700378418,1088.3600769042969,1079.0800666809082,1055.1400680541992
[TG(47:5)]_FA18:2,1157.440086364746,1131.300075531006,1169.9800834655762,1104.2200889587402,1159.5200843811035,1227.260097503662,1093.7000770568848,1167.600082397461
[TG(47:5)]_FA18:3,1199.5800895690918,1180.12007522583,1193.4200897216797,1195.6200942993164,1169.7800788879397,1186.04008102417,1195.560089111328,1168.9000854492188
[TG(47:5)]_FA20:4,1249.480079650879,1253.2600746154783,1251.14009475708,1344.3200988769531,1247.9600868225098,1246.9800910949707,1270.440097808838,1276.1200942993164
[TG(47:5)]_FA22:5,1403.8000984191897,1425.3000984191897,1442.380100250244,1423.120101928711,1539.220100402832,1389.4000854492188,1432.1400985717771,1376.5800895690918
[TG(47:6)]_FA14:0,1301.6800956726074,1234.8000831604004,1137.6400833129885,1247.4200820922852,1193.2200889587402,1096.5800704956057,1220.2000732421875,1227.2400856018066
[TG(47:6)]_FA16:0,1150.1200828552246,1133.700080871582,1585.840103149414,1033.6400718688965,1108.980079650879,1141.1400756835938,1726.3201293945312,1577.9001159667969
[TG(47:6)]_FA16:1,1054.9000663757324,1071.2000770568848,1078.940071105957,1050.4200706481934,1047.9400749206543,1049.8200721740725,1047.820068359375,1049.7800750732422
[TG(47:6)]_FA18:0,969.8600692749023,1036.440071105957,1025.7400741577148,1144.4000816345217,1034.62007522583,970.2800712585448,1004.9200706481934,1079.4200744628906
[TG(47:6)]_FA18:1,1141.1200790405271,1054.9400749206543,1142.4400787353516,1095.2200775146484,1056.4400787353516,1055.0200805664062,1056.8200759887695,1089.5000839233398
[TG(47:6)]_FA18:2,1086.7800750732422,1086.900074005127,1125.6000862121582,1119.1000709533691,1124.1000633239746,1163.9800872802734,1087.8600730895996,1236.440086364746
[TG(47:6)]_FA18:3,1167.8200798034668,1237.6800918579102,1215.8400840759275,1169.4400825500488,1163.7400856018066,1225.4600868225098,1174.260082244873,1168.6200790405271
[TG(47:6)]_FA20:4,1296.7200889587402,1252.7600936889648,1251.2600936889648,1248.1000938415527,1247.0601043701172,1246.6200790405271,1247.600082397461,1287.8000869750977
[TG(47:6)]_FA22:5,1399.2400970458984,1378.0200996398926,1378.080108642578,1378.0000953674316,1466.8001022338867,1408.8600845336914,1401.5800971984863,1404.4601020812988
[TG(47:6)]_FA22:6,1614.7801132202148,1632.260124206543,1597.5801162719729,1499.6001014709473,1552.8001098632812,1572.7600936889648,1513.6601028442385,1577.9601135253906
[TG(48:2)]_FA14:0,5626.760440826416,8526.600814819336,1960.9801483154297,2453.900188446045,1836.1001243591309,13892.76107788086,10859.52061843872,5946.840461730957
[TG(48:2)]_FA16:0,2149.340133666992,2881.1201972961426,2925.100238800049,1673.4401168823242,4337.420352935791,3511.300273895264,33456.46214675903,6399.400413513184
[TG(48:2)]_FA16:1,9571.940757751465,5847.6804275512695,4266.720317840576,3364.9002113342285,3510.1801719665527,8212.54044342041,40625.843002319336,8250.00033569336
[TG(48:2)]_FA18:0,969.2600708007812,988.960075378418,1045.3800811767578,1002.1400680541992,970.9200744628906,969.0400657653807,988.8600692749023,996.5000648498536
[TG(48:2)]_FA18:1,2170.440143585205,1226.8000869750977,1987.1001472473145,1434.3200912475586,1161.6600799560547,1421.9201126098633,2931.460189819336,4409.440273284912
[TG(48:2)]_FA18:2,1524.6001052856443,2097.980110168457,1998.460147857666,1699.7801208496094,3441.84024810791,3275.080192565918,4360.560340881348,6293.460559844971
[TG(48:3)]_FA14:0,2150.1601219177246,2687.000095367432,1386.3600959777832,1249.480079650879,1912.3001098632808,4140.300243377686,3702.9202156066895,2403.2801208496094
[TG(48:3)]_FA16:0,1113.6800842285156,1221.9600868225098,1103.3800773620603,964.580078125,1281.5000953674316,1776.500144958496,2592.400177001953,1308.4400825500488
[TG(48:3)]_FA16:1,3489.320297241211,1965.220142364502,1486.9201049804688,2107.720169067383,2162.3601608276367,2755.2002296447754,17075.841064453125,3421.560230255127
[TG(48:3)]_FA18:0,968.7800712585448,969.7200736999512,970.1800689697266,967.6200675964355,971.2800674438477,969.6000633239746,968.0800666809082,968.1600723266602
[TG(48:3)]_FA18:1,1279.8600959777832,1094.2800750732422,1109.140079498291,1195.380084991455,1138.9200744628906,1215.9401054382324,1056.5200805664062,1397.7201042175293
[TG(48:3)]_FA18:2,1196.5800704956057,1341.460090637207,1448.820087432861,1202.9800910949707,2145.820167541504,1962.1201095581052,3010.3801918029785,4680.600288391113
[TG(48:3)]_FA18:3,1269.1400871276855,1209.9600830078125,1288.0200881958008,1581.060115814209,1177.1800842285156,1352.3000869750977,1265.7200927734375,1368.640106201172
[TG(48:4)]_FA14:0,1059.1800842285156,1036.6600646972656,1143.0200881958008,1185.820087432861,1297.320083618164,1182.180088043213,1089.2000770568848,1049.4800720214844
[TG(48:4)]_FA16:0,1013.8600654602052,992.4200553894044,1036.1800689697266,964.2400741577148,983.380069732666,1067.7200736999512,1299.7800788879397,1006.7400703430176
[TG(48:4)]_FA16:1,1174.520076751709,1171.5200881958008,1154.0400848388672,1052.3000717163086,1097.7200660705566,1156.600082397461,1638.0001029968262,1170.4000930786133
[TG(48:4)]_FA18:0,995.940071105957,994.9200820922852,969.3600654602052,967.2400588989258,1016.6400718688964,969.3400688171388,969.0400619506836,999.2200622558594
[TG(48:4)]_FA18:1,1072.2000770568848,1055.840072631836,1109.3800811767578,1096.6400718688965,1075.54008102417,1091.5400733947754,1148.4400825500488,1153.7800827026367
[TG(48:4)]_FA18:2,1156.3600730895996,1100.4800758361816,1332.3000869750977,1366.1400985717771,1330.1000862121582,1265.6400909423828,1337.6400909423828,1938.000129699707
[TG(48:4)]_FA18:3,1480.7401123046875,1237.0800971984863,1197.2600746154783,1228.100082397461,1161.2800827026367,1240.700080871582,1369.3600959777832,1221.1000900268557
[TG(48:4)]_FA20:4,1290.0200805664062,1284.700096130371,1251.6200981140137,1282.8400993347168,1246.1600799560547,1269.860088348389,1253.7200965881348,1269.0000915527344
[TG(48:5)]_FA14:0,1024.6000709533691,1076.0400733947754,1052.7200813293457,1028.5000686645508,993.8000793457032,1115.2400817871094,1066.8200759887695,1045.5800704956057
[TG(48:5)]_FA16:0,1001.9800643920898,1016.5000648498536,1070.5800666809082,964.7400588989258,1071.1600723266602,984.4800682067872,1082.9600830078125,1034.1400718688965
[TG(48:5)]_FA16:1,1050.9000701904297,1063.1000747680664,1052.6400871276855,1049.8200721740725,1046.860065460205,1067.6200714111328,1063.7600631713867,1110.0000686645508
[TG(48:5)]_FA18:0,969.9600677490234,1016.1400756835938,1033.2400703430176,1006.240062713623,971.7400665283204,968.6200675964355,979.0000686645508,969.6400718688964
[TG(48:5)]_FA18:1,1073.820087432861,1056.2600860595703,1087.54008102417,1054.2600708007812,1141.7000732421875,1094.6000709533691,1075.0400733947754,1105.3400802612305
[TG(48:5)]_FA18:2,1086.400074005127,1114.62007522583,1145.2200736999512,1194.7400817871094,1152.7800788879397,1167.3000831604004,1102.600082397461,1136.2800903320312
[TG(48:5)]_FA18:3,1267.440086364746,1202.8200912475586,1225.560073852539,1213.680088043213,1176.4200859069824,1277.8600845336914,1165.2400932312012,1187.820087432861
[TG(48:5)]_FA20:4,1388.9800834655762,1290.260097503662,1256.2400932312012,1262.2800903320312,1293.300090789795,1278.320087432861,1247.980079650879,1249.000087738037
[TG(48:5)]_FA22:5,1503.8601036071775,1537.2601013183594,1423.2800903320312,1466.5601119995115,1482.0201034545898,1618.0001068115234,1415.4201011657717,1393.800090789795
[TG(48:6)]_FA14:0,1209.2400817871094,1114.1600723266602,1059.9800758361816,1167.680088043213,1120.800075531006,1147.920078277588,1071.260066986084,1153.1800804138184
[TG(48:6)]_FA16:0,1100.320087432861,965.1200675964355,1519.4401092529297,1158.7600860595703,1235.7400856018066,1129.9400749206543,1460.8800964355469,1513.1200942993164
[TG(48:6)]_FA16:1,1106.6600723266602,1056.080078125,1067.2000732421875,1050.1800727844238,1047.8600769042969,1098.2000694274902,1065.9200630187988,1048.2800827026367
[TG(48:6)]_FA18:0,1009.5600776672364,1150.3800735473633,1173.5000801086426,1195.6200790405271,1026.2600708007812,988.4800720214844,1036.9000854492188,1167.3600845336914
[TG(48:6)]_FA18:1,1156.580078125,1055.5600700378418,1155.5200729370115,1054.780071258545,1057.2600746154783,1054.0400772094729,1057.060089111328,1056.600082397461
[TG(48:6)]_FA18:2,1087.5600776672363,1221.0800857543943,1103.300075531006,1118.660083770752,1166.360092163086,1185.0600929260254,1143.220069885254,1295.6001014709473
[TG(48:6)]_FA18:3,1249.180076599121,1252.200080871582,1167.5400886535645,1170.5000762939453,1207.6000785827637,1171.9600868225098,1165.860092163086,1169.240077972412
[TG(48:6)]_FA20:4,1249.9800834655762,1276.120086669922,1250.7200927734375,1355.3200988769531,1246.5800895690918,1247.2000770568848,1248.9200820922852,1248.2600936889648
[TG(48:6)]_FA22:5,1375.8200988769531,1393.3801040649414,1377.2401084899902,1384.7400932312012,1380.5401039123535,1422.4601020812988,1512.1401100158691,1409.580093383789
[TG(48:6)]_FA22:6,1792.5001258850098,1604.1401176452637,1733.1401252746582,1604.7001113891602,1818.240135192871,1498.760108947754,1624.1201133728027,1765.7401313781738
"[TG(48:7),TG(47:0)]_FA14:0",2219.7801361083984,1872.6401405334475,1752.3201484680176,2211.4401779174805,2038.220142364502,2325.1801719665527,1936.460163116455,2248.940143585205
"[TG(48:7),TG(47:0)]_FA16:0",2557.4001960754395,1997.460147857666,4954.240364074707,2024.3001403808596,4290.46028137207,4646.640338897705,6315.920486450195,6651.880462646484
"[TG(48:7),TG(47:0)]_FA16:1",1154.200080871582,1074.4400634765625,1051.6600723266602,1141.1600799560547,1047.7200813293457,1074.420066833496,1141.04008102417,1079.580078125
"[TG(48:7),TG(47:0)]_FA18:0",1022.0400733947754,1020.320068359375,1092.5200729370115,1057.3200759887695,1019.5200729370116,1033.8600730895996,1029.3600730895996,1049.2800636291504
"[TG(48:7),TG(47:0)]_FA18:1",1477.220100402832,1073.3800773620603,1162.5800819396973,1096.780071258545,1134.0200805664062,1246.5800819396973,1056.940086364746,1215.080093383789
"[TG(48:7),TG(47:0)]_FA18:2",1086.2200660705566,1170.7400741577148,1200.360080718994,1122.8800811767578,1128.1400718688965,1197.9000854492188,1088.1400718688965,1209.180088043213
"[TG(48:7),TG(47:0)]_FA18:3",1194.0800857543943,1241.5200843811035,1341.4600868225098,1250.64009475708,1162.8600845336914,1170.9000701904297,1233.9600944519043,1186.8000793457031
"[TG(48:7),TG(47:0)]_FA20:4",1248.4000930786133,1253.4800910949707,1251.5400848388672,1280.840103149414,1280.8400917053225,1291.0401000976562,1247.880084991455,1248.7400817871094
"[TG(48:7),TG(47:0)]_FA22:5",1408.6000862121582,1427.0200996398926,1377.1800842285156,1380.7601051330566,1396.0200958251953,1593.3601150512695,1375.8000869750977,1407.4200820922852
"[TG(48:7),TG(47:0)]_FA22:6",1678.8201141357422,1538.8400955200195,1558.4401016235352,1519.1201133728027,1771.1601295471191,1699.1201171875,1752.6001358032229,1612.7401161193848
"[TG(48:8),TG(47:1)]_FA14:0",1979.640151977539,1477.400104522705,1310.7200927734375,1588.4201164245603,1934.920124053955,1747.0401191711426,1890.6601371765137,1571.1001205444336
"[TG(48:8),TG(47:1)]_FA16:0",1166.2000770568848,1228.9000816345217,1891.0001335144043,1170.980079650879,1824.120147705078,1789.8201332092283,2901.920211791992,2400.7401695251465
"[TG(48:8),TG(47:1)]_FA16:1",2132.4601707458496,1814.9201354980469,1430.9200973510742,1786.5001335144043,1218.720085144043,1926.8801345825195,2573.260181427002,1532.7001152038574
"[TG(48:8),TG(47:1)]_FA18:0",969.8000679016112,1033.3600730895996,991.9600715637208,1046.6600761413574,985.5600738525392,1015.1600723266602,1056.280071258545,969.1600608825684
"[TG(48:8),TG(47:1)]_FA18:1",1718.700122833252,1202.54008102417,1455.860092163086,1123.9400749206543,1147.9600791931152,1318.6200942993164,1183.8600845336914,1331.8000984191897
"[TG(48:8),TG(47:1)]_FA18:2",1086.8800659179688,1137.880084991455,1198.640079498291,1083.100067138672,1126.6200790405271,1141.5800743103027,1158.7600746154783,1120.9400787353516
"[TG(48:8),TG(47:1)]_FA18:3",1195.260082244873,1167.620086669922,1168.1000862121582,1181.2000885009766,1168.7800941467283,1212.6000785827637,1166.2200889587402,1187.180076599121
"[TG(48:8),TG(47:1)]_FA20:4",1284.3200988769531,1356.6400833129885,1251.3600845336914,1280.2600860595703,1269.3800926208496,1320.1800994873047,1247.4200859069824,1249.360092163086
"[TG(48:8),TG(47:1)]_FA22:5",1450.4801025390625,1377.8000984191897,1376.540096282959,1471.780101776123,1472.7201118469238,1398.5600929260254,1374.4201049804688,1393.4800987243652
"[TG(48:8),TG(47:1)]_FA22:6",1528.3401107788086,1550.8401222229004,1750.880111694336,1606.1601104736328,1562.240104675293,1524.4001121520996,1805.140121459961,1537.8801193237305
[TG(49:3)]_FA14:0,1180.4200859069824,1012.260082244873,1010.0800666809082,1034.2000694274902,996.9000778198242,1203.7400932312012,1384.800090789795,1259.340103149414
[TG(49:3)]_FA16:0,1001.440071105957,970.7000732421876,1040.1400680541992,963.840061187744,1136.820083618164,999.6800765991212,1337.3400955200195,1296.4600868225098
[TG(49:3)]_FA16:1,1496.0801048278809,1367.4601097106934,1376.6001052856443,1470.2800979614258,1175.320083618164,1699.5201034545898,3080.300220489502,1415.440097808838
[TG(49:3)]_FA18:0,969.540069580078,968.960075378418,970.3400688171388,974.3000602722168,970.920066833496,993.760066986084,968.1800727844238,968.9600677490234
[TG(49:3)]_FA18:1,1196.6400833129885,1080.1000747680664,1207.1200904846191,1153.0600814819336,1163.2200889587402,1181.7800827026367,1163.400089263916,1304.2000732421875
[TG(49:3)]_FA18:2,1259.4800872802734,1507.200122833252,1720.2601051330566,1279.0800895690918,1565.7001037597656,1568.5601043701172,1449.0200958251953,2355.780128479004
[TG(49:3)]_FA18:3,1259.6600952148438,1317.280086517334,1381.5800971984863,1301.2200927734375,1402.3600997924805,1296.960090637207,1225.800090789795,1203.0800895690918
[TG(49:4)]_FA14:0,971.3000717163086,1026.080078125,1043.2400665283203,986.0400657653807,966.4400672912598,1044.9000816345217,1056.2400741577148,1053.680088043213
[TG(49:4)]_FA16:0,966.7800674438477,1005.5400733947754,977.5200653076172,1013.12007522583,969.180061340332,982.2800674438477,975.520076751709,1045.060073852539
[TG(49:4)]_FA16:1,1205.740089416504,1136.6200714111328,1072.1800727844238,1095.5600700378418,1091.6000747680664,1088.4000854492188,1325.3400955200195,1085.6800689697266
[TG(49:4)]_FA18:0,969.7400665283204,1009.9000625610352,1039.9400596618652,990.800075531006,971.1000709533693,968.7800788879396,968.1200637817384,968.7800674438477
[TG(49:4)]_FA18:1,1080.680076599121,1074.1000900268557,1092.9800758361816,1054.6400756835938,1090.1000747680664,1081.5200729370115,1057.7600708007812,1069.0000801086426
[TG(49:4)]_FA18:2,1160.6200714111328,1192.860088348389,1194.2000770568848,1128.680076599121,1186.320068359375,1202.9200820922852,1116.840072631836,1416.460105895996
[TG(49:4)]_FA18:3,1390.900089263916,1301.8000869750977,1200.080078125,1185.1800842285156,1162.5000839233398,1229.1800804138184,1286.0800895690918,1195.3600845336914
[TG(49:4)]_FA20:4,1248.7800827026367,1345.740089416504,1251.2800788879397,1249.3400802612305,1247.0000801086426,1261.5600929260254,1247.8400917053225,1248.6800918579102
[TG(49:5)]_FA14:0,982.3200645446776,975.940071105957,993.500072479248,1019.5600624084472,980.700065612793,1026.6200714111328,1020.2000694274902,1060.7800636291504
[TG(49:5)]_FA16:0,965.720069885254,964.1000633239746,1002.280055999756,1008.7000732421876,965.1800651550292,1008.5600738525392,1050.320068359375,962.4200553894044
[TG(49:5)]_FA16:1,1057.5600700378418,1071.5400733947754,1052.1000633239746,1049.6400680541992,1100.3800659179688,1049.4200706481934,1063.8000793457031,1049.9200706481934
[TG(49:5)]_FA18:0,986.0800628662108,997.300075531006,970.0800743103028,972.3800659179688,969.7400741577148,1010.3000793457032,997.4000778198242,968.300064086914
[TG(49:5)]_FA18:1,1065.280071258545,1079.3800773620603,1085.720069885254,1090.4000854492188,1068.4400672912598,1084.320068359375,1057.640079498291,1091.520076751709
[TG(49:5)]_FA18:2,1086.1200790405271,1114.5800743103027,1147.4400749206543,1083.7200660705566,1108.6200714111328,1151.0600852966309,1087.380069732666,1266.300090789795
[TG(49:5)]_FA18:3,1168.2200736999512,1173.080078125,1284.740089416504,1167.120086669922,1184.5000686645508,1179.5200843811035,1189.600082397461,1169.6800842285156
[TG(49:5)]_FA20:4,1253.6000862121582,1281.7000885009766,1342.8400955200195,1285.2000885009766,1247.0000953674316,1246.500087738037,1247.9400901794434,1247.7400817871094
[TG(49:5)]_FA22:5,1417.8201026916504,1406.7200927734375,1386.2200965881348,1415.3400993347168,1449.880111694336,1438.9401016235352,1445.800106048584,1377.120101928711
[TG(49:6)]_FA14:0,1032.5200729370115,1019.800075531006,1075.7000846862793,1081.6800727844238,1080.6000785827637,1149.0600814819336,1103.940071105957,1100.0600852966309
[TG(49:6)]_FA16:0,1320.340106964111,1091.7400741577148,1632.820110321045,1107.3800773620603,1612.5201148986816,1759.9401359558103,2241.3401527404785,1760.360134124756
[TG(49:6)]_FA16:1,1051.0000762939453,1104.6600761413574,1052.9200706481934,1050.4600715637207,1047.860065460205,1049.060073852539,1102.2600708007812,1048.7000694274902
[TG(49:6)]_FA18:0,990.2600631713868,972.3000679016112,1062.3800811767578,1056.160083770752,1034.5600700378418,992.7600631713868,976.7400703430176,1053.0400733947754
[TG(49:6)]_FA18:1,1088.160068511963,1074.600067138672,1052.6000747680664,1054.5200691223145,1072.3800773620603,1054.5000762939453,1068.760082244873,1073.700080871582
[TG(49:6)]_FA18:2,1200.0000839233398,1086.180076599121,1159.7200813293457,1083.1400833129885,1110.4200744628906,1271.1200981140137,1087.5800704956057,1138.0000801086426
[TG(49:6)]_FA18:3,1205.8400917053225,1194.0800857543943,1173.4200859069824,1166.2200813293457,1163.0000801086426,1206.5200805664062,1164.7800903320312,1169.780071258545
[TG(49:6)]_FA20:4,1249.700096130371,1252.4600868225098,1250.9400825500488,1291.1800804138184,1285.0601043701172,1301.0601081848145,1247.7600936889648,1279.800090789795
[TG(49:6)]_FA22:5,1391.2400970458984,1376.7200889587402,1396.7000923156738,1391.6400985717771,1438.320110321045,1378.5200843811035,1436.460105895996,1413.7601127624512
[TG(49:6)]_FA22:6,1587.7601280212402,1522.6200942993164,1599.7001190185547,1639.3601112365725,1596.240119934082,1582.1201133728027,1615.2601203918457,1522.1201133728027
"[TG(49:7),TG(48:0)]_FA14:0",1837.7601127624512,1985.9801330566409,1695.6201248168943,2379.3201866149902,1756.4401473999023,2339.980136871338,3366.68025970459,2516.7401809692383
"[TG(49:7),TG(48:0)]_FA16:0",4397.800205230713,4307.800270080566,11224.000762939451,3223.260223388672,5653.200401306152,14647.30084991455,20502.46142578125,15652.420989990234
"[TG(49:7),TG(48:0)]_FA16:1",1156.2600746154783,1203.4200820922852,1095.0400848388672,1195.8800926208496,1167.1200828552246,1103.300075531006,2211.520160675049,1149.180076599121
"[TG(49:7),TG(48:0)]_FA18:0",1175.400089263916,1426.4600944519043,1476.7001037597656,1167.220085144043,1142.2200736999512,1364.5000801086426,1161.100082397461,1191.3400802612305
"[TG(49:7),TG(48:0)]_FA18:1",1275.880100250244,1151.8000831604004,1100.420078277588,1073.9600715637207,1124.0000801086426,1102.020076751709,1165.9200897216797,1473.1601104736328
"[TG(49:7),TG(48:0)]_FA18:2",1193.3600769042969,1136.4200706481934,1089.2800750732422,1082.800075531006,1130.1000633239746,1138.760066986084,1116.6200714111328,1111.240077972412
"[TG(49:7),TG(48:0)]_FA18:3",1223.4000854492188,1180.9800834655762,1168.120086669922,1165.9600830078125,1162.2400856018066,1206.500087738037,1165.7200813293457,1169.0000801086426
"[TG(49:7),TG(48:0)]_FA20:4",1372.4600982666016,1316.0400886535645,1251.1800842285156,1250.960090637207,1266.1600952148438,1287.800106048584,1247.3000869750977,1247.860080718994
"[TG(49:7),TG(48:0)]_FA22:5",1376.7200889587402,1390.7800979614258,1377.140106201172,1382.0801048278809,1413.7001037597656,1444.6800956726074,1374.6401023864746,1458.4401016235352
"[TG(49:7),TG(48:0)]_FA22:6",1542.0201225280762,1573.020107269287,1502.4801063537598,1538.460105895996,1505.260108947754,1555.140106201172,1499.6800994873047,1608.340106964111
"[TG(49:8),TG(48:1)]_FA14:0",5148.720329284668,5631.280284881592,1633.3001174926758,2972.3802223205566,2670.4801902771,9282.860500335692,17773.00165939331,5114.800373077393
"[TG(49:8),TG(48:1)]_FA16:0",5076.70027923584,2098.68013381958,9481.380867004396,1569.5601119995115,5667.900485992432,16727.20095062256,41078.28261566162,11218.400924682615
"[TG(49:8),TG(48:1)]_FA16:1",2926.720199584961,3745.760215759277,3001.1202239990234,2831.5202026367188,1629.7001037597656,5418.500461578369,18411.100994110107,4232.260269165039
"[TG(49:8),TG(48:1)]_FA18:0",972.5600700378418,1126.1800727844238,1152.3600730895996,1060.0800819396973,1051.2800750732422,992.3600730895996,1102.8000831604004,1011.000072479248
"[TG(49:8),TG(48:1)]_FA18:1",2728.140193939209,1629.6001167297363,2451.040168762207,1164.1200675964355,1814.740104675293,1806.4601211547847,3206.920234680176,5433.38053894043
"[TG(49:8),TG(48:1)]_FA18:2",1184.4000778198242,1109.8200721740725,1260.260082244873,1244.9000816345217,1296.1200942993164,1146.460075378418,1277.4200744628906,1578.0401191711426
"[TG(49:8),TG(48:1)]_FA18:3",1195.520076751709,1166.8000793457031,1166.6400909423828,1235.700096130371,1162.6800804138184,1228.600082397461,1165.5600852966309,1195.4200820922852
"[TG(49:8),TG(48:1)]_FA20:4",1265.6200904846191,1258.5401000976562,1252.7800979614258,1255.020092010498,1260.3000831604004,1246.5800857543943,1247.64009475708,1248.040096282959
"[TG(49:8),TG(48:1)]_FA22:5",1398.000087738037,1431.420093536377,1377.8601036071775,1373.8000946044922,1424.60009765625,1523.1001052856443,1410.8201065063477,1441.660099029541
"[TG(49:8),TG(48:1)]_FA22:6",1615.9201126098633,1569.660125732422,1594.4001159667969,1559.240104675293,1545.8201026916504,1609.020118713379,1592.320110321045,1533.7001037597656
[TG(50:3)]_FA14:0,19660.181148529053,13116.861152648926,3855.380229949951,3960.860237121582,4768.88037109375,27532.1421585083,40973.84270858765,34512.041721343994
[TG(50:3)]_FA16:0,9122.000900268557,15186.681396484377,10996.540802001951,9123.46044921875,9298.18055343628,51910.58561325073,180649.37340164185,38193.403144836426
[TG(50:3)]_FA16:1,59684.544887542725,45477.56253814697,42892.74322891235,10184.100940704346,11725.420917510986,36502.943840026855,381220.8805465698,46195.16255950928
[TG(50:3)]_FA18:0,970.1600723266602,1039.7400741577148,1037.0800743103027,993.0400733947754,990.2400703430176,1015.6200714111328,1053.560073852539,1027.3200645446775
[TG(50:3)]_FA18:1,6692.160491943359,4932.400363922119,8868.020565032959,3214.7602920532227,1632.8401222229004,4795.980297088623,15085.440795898438,24723.98207855225
[TG(50:3)]_FA18:2,22887.04110717773,19931.901523590088,41211.92116165161,9765.380519866943,32915.52221298218,28712.28130340576,53275.98206710816,105050.26668548584
[TG(50:3)]_FA18:3,1725.5801162719729,3802.340259552002,2587.480125427246,1644.1401100158691,1537.7401008605957,3411.5801887512207,2554.960178375244,1924.8001098632808
[TG(50:4)]_FA14:0,3452.840240478516,5921.020408630371,2324.5801849365234,2416.340187072754,2110.6601371765137,11075.320823669434,12360.98105621338,12696.341331481934
[TG(50:4)]_FA16:0,1381.7001152038574,1092.0600814819336,1729.900104522705,1534.4000816345217,1466.4001007080078,1948.4801483154297,10222.080741882324,2632.4601516723637
[TG(50:4)]_FA16:1,6021.920486450195,4703.760417938232,9242.200855255129,2961.8202934265137,4057.040271759033,9961.74070739746,98057.64772796632,13986.361080169678
[TG(50:4)]_FA18:0,1030.3200645446775,1017.6400604248048,970.3400650024414,1011.3800621032716,970.6200714111328,1066.3800735473633,967.8000679016112,969.2400703430176
[TG(50:4)]_FA18:1,1396.3001022338867,1421.200096130371,1404.8201179504397,1285.2400970458984,1345.940097808838,1113.300075531006,1744.7600898742676,2860.4601821899414
[TG(50:4)]_FA18:2,2958.880283355713,5619.220478057861,12720.020851135254,5914.380321502686,9517.760459899902,8138.800506591797,13946.680904388428,31596.64262008667
[TG(50:4)]_FA18:3,3428.2201805114746,3161.9602584838867,2548.7802200317383,1704.400119781494,1841.2201194763184,3716.760341644287,4776.920234680176,3485.660251617432
[TG(50:4)]_FA20:4,1490.320110321045,1540.4401054382324,1389.860107421875,1338.0200996398926,1247.0800971984863,1423.5601043701172,1430.1401100158691,1298.5600814819336
[TG(50:5)]_FA14:0,1061.7800750732422,1653.1601066589355,970.3800659179688,1166.960090637207,1140.2600898742676,2473.7201766967773,2445.900188446045,2181.3201751708984
[TG(50:5)]_FA16:0,1019.5800743103028,1020.1800689697266,1037.560073852539,1046.3800735473633,1060.3800735473633,1306.1000862121582,1491.460090637207,1498.440097808838
[TG(50:5)]_FA16:1,1099.980079650879,1818.5801277160645,1903.76012802124,1906.4401206970213,1221.8400840759275,1672.920124053955,5134.800239562988,1813.2201385498047
[TG(50:5)]_FA18:0,970.0400619506836,969.3000717163086,970.1400680541992,988.4400672912598,970.3000679016112,969.3000717163086,968.1200714111328,976.3800659179688
[TG(50:5)]_FA18:1,1175.5000839233398,1087.5400733947754,1072.2400665283203,1065.320068359375,1056.520076751709,1054.340072631836,1136.6000862121582,1175.7200927734375
[TG(50:5)]_FA18:2,1384.3600845336914,1146.3000717163086,1598.6001205444336,1531.520118713379,1511.6200904846191,1744.7601280212402,1910.2801475524905,3308.30029296875
[TG(50:5)]_FA18:3,1810.7001266479488,1595.0801239013672,1608.2001113891602,1756.6800994873047,1240.5200996398926,2140.3801651000977,2396.840160369873,2012.2801132202148
[TG(50:5)]_FA20:4,1408.960105895996,1364.8800888061523,1273.9200859069824,1339.300106048584,1252.860088348389,1246.9200820922852,1406.9201126098633,1254.1800918579102
[TG(50:5)]_FA22:5,1435.7200965881348,1394.7401008605957,1425.0601081848145,1397.2600936889648,1473.06010055542,1443.4001007080078,1467.140106201172,1395.4801025390625
[TG(50:6)]_FA14:0,1050.3600616455078,1067.6600723266602,971.1600723266602,1143.5200843811035,966.3600730895996,1042.3400802612305,1142.180076599121,1084.5200729370115
[TG(50:6)]_FA16:0,1098.900058746338,1016.9400672912598,1353.900089263916,1039.1600723266602,1184.620086669922,1375.940086364746,1250.0800857543943,1231.0800819396973
[TG(50:6)]_FA16:1,1170.4200859069824,1055.3800773620603,1273.6400909423828,1050.5400772094729,1061.500072479248,1049.6000747680664,1334.300090789795,1101.180076599121
[TG(50:6)]_FA18:0,989.840072631836,969.5200691223145,969.7200660705566,967.7800750732422,970.8000679016112,969.2200622558594,994.820068359375,969.1600723266602
[TG(50:6)]_FA18:1,1149.8400802612305,1115.300075531006,1193.520076751709,1086.7400856018066,1156.7400856018066,1154.900074005127,1128.4000854492188,1354.0600929260254
[TG(50:6)]_FA18:2,1087.0800666809082,1135.6800689697266,1263.560073852539,1249.140079498291,1182.8600692749023,1131.700080871582,1273.2800827026367,1187.520092010498
[TG(50:6)]_FA18:3,1329.4600944519043,1289.0000915527344,1250.2000770568848,1226.680076599121,1179.2400856018066,1193.9800872802734,1176.0800857543943,1198.6000709533691
[TG(50:6)]_FA20:4,1288.9000930786133,1321.760082244873,1250.9200820922852,1305.6200942993164,1247.6200828552246,1286.8800926208496,1311.2000999450684,1248.1400871276855
[TG(50:6)]_FA22:5,1555.4401054382324,1419.1401023864746,1412.9000930786133,1446.3201065063477,1376.3001136779783,1393.9800987243652,1479.7401084899902,1376.7401008605957
[TG(50:6)]_FA22:6,1498.2601051330566,1497.4201011657717,1529.6801109313965,1671.6001205444336,1515.5801048278809,1638.6601104736328,1668.6201210021973,1620.020107269287
"[TG(50:7),TG(49:0)]_FA14:0",1343.860080718994,1239.1800842285156,1165.240089416504,1158.2200736999512,1244.3600845336914,1221.6600875854492,1352.2800903320312,1157.820083618164
"[TG(50:7),TG(49:0)]_FA16:0",1634.440128326416,1626.2201080322266,3569.980213165283,1704.3601150512695,2967.8802223205566,4071.7202911376953,4419.520355224609,3808.200271606445
"[TG(50:7),TG(49:0)]_FA16:1",1050.8600769042969,1175.360088348389,1052.8000717163086,1173.960075378418,1047.9600791931152,1091.5000801086426,1106.280071258545,1049.8200798034668
"[TG(50:7),TG(49:0)]_FA18:0",1104.5800704956057,1259.0800857543943,1411.5800971984863,1159.9800910949707,1212.2000846862793,1076.000072479248,1076.300064086914,1009.3200721740724
"[TG(50:7),TG(49:0)]_FA18:1",1146.5800857543943,1055.180076599121,1176.5400924682615,1054.740077972412,1067.2200775146484,1163.6200904846191,1056.9600715637207,1128.9600791931152
"[TG(50:7),TG(49:0)]_FA18:2",1089.1800804138184,1086.480068206787,1105.0800743103027,1102.400074005127,1098.3800888061523,1087.1800804138184,1088.300075531006,1140.6800804138184
"[TG(50:7),TG(49:0)]_FA18:3",1184.9600715637207,1175.4200706481934,1204.5200843811035,1167.1000747680664,1163.2000923156738,1234.6800842285156,1164.8200798034668,1222.9200859069824
"[TG(50:7),TG(49:0)]_FA20:4",1250.3000869750977,1253.3000831604004,1254.680088043213,1370.9001007080078,1247.5800895690918,1261.800090789795,1252.8400840759275,1315.5600929260254
"[TG(50:7),TG(49:0)]_FA22:5",1377.1200942993164,1426.3600997924805,1377.2000923156738,1372.7200965881348,1395.2201118469238,1419.4000968933103,1470.680103302002,1445.8000831604004
"[TG(50:7),TG(49:0)]_FA22:6",1537.5401039123535,1549.1201095581057,1528.7201118469238,1528.1600952148438,1537.7801094055176,1497.8201065063477,1558.1201248168943,1543.820110321045
"[TG(50:8),TG(49:1)]_FA14:0",1127.3800811767578,1295.2000846862793,1191.4000816345217,1089.300067901611,1151.5800743103027,1263.340087890625,1303.3400955200195,1281.0200958251953
"[TG(50:8),TG(49:1)]_FA16:0",1728.6801147460938,1437.5000839233398,3002.3401794433594,1200.200080871582,2679.880157470703,3330.7202186584477,4590.740417480469,4461.760303497314
"[TG(50:8),TG(49:1)]_FA16:1",1275.0800857543943,1566.4801063537598,1425.7401237487793,1251.3000984191897,1242.620086669922,1530.520118713379,1612.380111694336,1314.1200904846191
"[TG(50:8),TG(49:1)]_FA18:0",969.800064086914,1034.3000717163086,1063.9000701904297,1019.3200798034668,1011.840072631836,1095.5200843811035,1002.2400741577148,968.4800720214844
"[TG(50:8),TG(49:1)]_FA18:1",1849.2201309204104,1268.4800910949707,1610.6801147460938,1247.320087432861,1196.5800857543943,1470.9201011657717,1270.0200881958008,1638.540111541748
"[TG(50:8),TG(49:1)]_FA18:2",1254.6600875854492,1178.940086364746,1277.1200981140137,1083.0600776672363,1171.240077972412,1176.8800735473633,1106.9600715637207,1327.8000984191897
"[TG(50:8),TG(49:1)]_FA18:3",1193.9600868225098,1251.7800788879397,1185.1600799560547,1167.3400917053225,1163.6600799560547,1171.1800842285156,1174.1400909423828,1168.860088348389
"[TG(50:8),TG(49:1)]_FA20:4",1249.960075378418,1274.100082397461,1321.7200889587402,1248.240104675293,1247.3800964355469,1247.740089416504,1248.060089111328,1248.180088043213
"[TG(50:8),TG(49:1)]_FA22:5",1378.240089416504,1377.6801071166992,1378.080093383789,1434.760097503662,1385.2200965881348,1424.3201065063477,1374.040096282959,1392.740104675293
"[TG(50:8),TG(49:1)]_FA22:6",1573.1201057434082,1542.0401039123535,1649.6601219177246,1532.260108947754,1533.2801132202148,1592.080108642578,1529.380107879639,1687.7201309204102
"[TG(50:9),TG(49:2)]_FA14:0",1057.9800758361816,1299.5201110839844,1075.3600692749023,1081.6800804138184,1215.820087432861,1145.4800758361816,1709.9801177978516,1510.7000923156738
"[TG(50:9),TG(49:2)]_FA16:0",1206.7600784301758,1296.980094909668,1930.1601524353027,1179.5200881958008,1937.280158996582,1489.9001159667969,4933.280296325684,2943.8002281188965
"[TG(50:9),TG(49:2)]_FA16:1",2679.380157470703,2156.020160675049,1891.580150604248,2064.520137786865,1346.9400939941406,1980.7401542663572,4245.58028793335,1700.5201034545898
"[TG(50:9),TG(49:2)]_FA18:0",1014.8800659179688,979.400074005127,969.3600692749023,996.800075531006,970.9000663757324,977.0800704956056,981.9400787353516,990.6200637817384
"[TG(50:9),TG(49:2)]_FA18:1",1852.920124053955,1273.1800804138184,1612.5401191711426,1166.180076599121,1296.7401008605957,1326.6601028442385,1114.8200759887695,1354.5200881958008
"[TG(50:9),TG(49:2)]_FA18:2",1625.0601234436035,1656.880126953125,2357.5801887512207,1511.14009475708,1789.4201316833496,2282.120162963867,1885.800136566162,2672.60018157959
"[TG(50:9),TG(49:2)]_FA18:3",1203.3400802612305,1217.6800842285156,1211.1400833129885,1166.420078277588,1193.740089416504,1205.5000839233398,1189.1600914001465,1184.9200744628906
"[TG(50:9),TG(49:2)]_FA20:4",1249.0400886535645,1289.6000900268557,1376.260097503662,1247.7400932312012,1247.7600936889648,1246.9400901794434,1247.860080718994,1248.920093536377
"[TG(50:9),TG(49:2)]_FA22:5",1417.7000999450684,1407.9201164245603,1377.7000846862793,1418.8600959777832,1386.9601020812988,1379.6000900268557,1404.7801094055176,1388.080108642578
"[TG(50:9),TG(49:2)]_FA22:6",1620.3801307678225,1689.700122833252,1560.1800994873047,1619.4601211547852,1570.360107421875,1551.720115661621,1511.260108947754,1693.7201309204102
[TG(51:4)]_FA14:0,1004.2800788879396,1008.880069732666,1045.820068359375,970.300064086914,1038.940071105957,993.420066833496,1019.6200675964355,1016.5200691223145
[TG(51:4)]_FA16:0,1125.440086364746,1032.340072631836,1141.2600784301758,1019.4000701904296,1274.6800956726074,1172.140079498291,1175.860080718994,1635.7401123046875
[TG(51:4)]_FA16:1,1566.60009765625,1281.2200927734375,1393.3800888061523,1537.2001190185547,1194.880084991455,1419.0600967407229,4366.500316619873,1664.8801193237305
[TG(51:4)]_FA18:0,969.8000831604004,1002.62007522583,1018.2600708007812,967.5800666809082,971.1400718688964,969.4000701904296,967.2400665283204,969.9000663757324
[TG(51:4)]_FA18:1,1163.4400901794434,1107.6800804138184,1140.1800804138184,1114.4600791931152,1101.7200736999512,1053.3800773620603,1351.6400833129885,1702.6801376342771
[TG(51:4)]_FA18:2,2101.68013381958,2484.1001739501958,3188.920295715332,1927.1601524353027,3025.34024810791,3004.480213165283,3100.7201919555664,5052.000331878662
[TG(51:4)]_FA18:3,1386.3000869750977,1582.8401222229004,1292.540096282959,1404.5800971984863,1209.9200820922852,1591.820110321045,1669.360122680664,1241.7000770568848
[TG(51:4)]_FA20:4,1325.8000869750977,1332.560089111328,1334.0800857543943,1250.840103149414,1323.8400993347168,1335.2400970458984,1247.5000801086426,1377.5000953674316
[TG(51:5)]_FA14:0,971.3000679016112,970.8200607299804,996.12007522583,1077.3400764465332,1046.0000762939453,1000.6800651550292,970.4600677490234,985.340072631836
[TG(51:5)]_FA16:0,993.1600761413574,984.1400756835938,961.300064086914,1024.3200721740725,1037.900074005127,1023.0200729370116,1074.6600723266602,1157.740077972412
[TG(51:5)]_FA16:1,1115.6800804138184,1092.4200744628906,1070.740062713623,1179.0800857543943,1047.080078125,1175.4400825500488,1236.820087432861,1140.3200798034668
[TG(51:5)]_FA18:0,987.540069580078,968.8400688171388,970.5000648498536,967.6000709533693,970.700065612793,968.8800621032716,993.4400672912598,969.1200714111328
[TG(51:5)]_FA18:1,1055.0200729370115,1090.4200744628906,1059.3400764465332,1052.7600708007812,1056.7800750732422,1053.940071105957,1057.2600784301758,1129.360080718994
[TG(51:5)]_FA18:2,1140.4000778198242,1336.440086364746,1337.2200813293457,1129.2600784301758,1167.8800735473633,1306.440097808838,1237.7800903320312,1361.9401054382324
[TG(51:5)]_FA18:3,1267.7600784301758,1390.6000938415527,1274.4200897216797,1400.6800956726074,1181.1400833129885,1597.9601097106934,1284.6200828552246,1214.8400802612305
[TG(51:5)]_FA20:4,1260.9600868225098,1270.7800827026367,1271.740089416504,1419.3201065063477,1247.4600868225098,1311.6200904846191,1247.8001022338867,1325.4401016235352
[TG(51:5)]_FA22:5,1396.060089111328,1391.6601104736328,1419.420093536377,1428.2801055908203,1483.820095062256,1406.10009765625,1374.1601028442385,1386.340106964111
[TG(51:6)]_FA14:0,1015.720069885254,1036.0400772094729,1065.8400802612305,1055.4400825500488,992.880069732666,1046.300064086914,1073.0200805664062,1093.3400840759275
[TG(51:6)]_FA16:0,1010.740077972412,1026.6000709533691,1052.7600746154783,1046.6600761413574,1180.500072479248,1269.4400787353516,1300.3800888061523,1732.0601425170898
[TG(51:6)]_FA16:1,1089.0400848388672,1106.7200736999512,1052.1000862121582,1050.0000839233398,1047.5600700378418,1119.8600845336914,1127.680088043213,1049.3200798034668
[TG(51:6)]_FA18:0,970.1800727844238,1004.0600738525392,1002.1800651550292,1084.0600776672363,1041.4600715637207,1062.560073852539,1042.180076599121,1068.0400733947754
[TG(51:6)]_FA18:1,1138.12007522583,1062.3000717163086,1082.360080718994,1053.2400817871094,1108.0800895690918,1144.5600814819336,1069.680076599121,1129.4800758361816
[TG(51:6)]_FA18:2,1086.9800834655762,1086.2000732421875,1113.2000732421875,1099.1000747680664,1111.800064086914,1132.6000785827637,1235.4600944519043,1177.5400924682615
[TG(51:6)]_FA18:3,1167.5800819396973,1204.1000862121582,1226.6800804138184,1229.5200881958008,1203.2800788879397,1174.7600784301758,1182.3800964355469,1214.3000869750977
[TG(51:6)]_FA20:4,1250.0800895690918,1252.860080718994,1251.4800872802734,1255.4000930786133,1246.3600845336914,1247.4801025390625,1248.440086364746,1248.7400970458984
[TG(51:6)]_FA22:5,1488.4600982666016,1466.06010055542,1389.7601013183594,1461.7600936889648,1381.480094909668,1379.4400825500488,1379.840103149414,1376.8000946044922
[TG(51:6)]_FA22:6,1525.3601188659668,1528.4001121520996,1548.4800987243652,1554.800106048584,1520.0401000976562,1519.480110168457,1499.5601043701172,1578.1401176452637
"[TG(51:7),TG(50:0)]_FA14:0",1155.8800926208496,1179.120086669922,1124.9000816345217,1296.9800720214844,1223.7800941467283,1328.3400802612305,1455.820110321045,1363.9000930786133
"[TG(51:7),TG(50:0)]_FA16:0",2243.3601608276367,3052.460231781006,9023.120555877686,2024.540138244629,5595.780284881592,10956.360652923584,25972.80195617676,20347.1019821167
"[TG(51:7),TG(50:0)]_FA16:1",1297.6400909423828,1128.7400741577148,1211.960075378418,1083.880084991455,1105.3000793457031,1089.220085144043,1656.4401245117188,1119.6400871276855
"[TG(51:7),TG(50:0)]_FA18:0",1798.020149230957,2454.800148010254,2008.3801574707031,1628.020118713379,1321.860092163086,1506.3400993347168,2277.020164489746,1825.60013961792
"[TG(51:7),TG(50:0)]_FA18:1",2020.9401206970213,1689.5801010131836,2592.5201873779297,1177.180076599121,1098.6000747680664,1448.920108795166,1461.920108795166,3688.5402488708496
"[TG(51:7),TG(50:0)]_FA18:2",1226.800075531006,1086.640064239502,1088.62007522583,1083.8600730895996,1222.8400955200195,1126.9200820922852,1167.7800750732422,1151.660068511963
"[TG(51:7),TG(50:0)]_FA18:3",1185.3000793457031,1212.7800827026367,1167.360092163086,1201.9200820922852,1174.9400825500488,1192.1800804138184,1199.4000778198242,1172.4800834655762
"[TG(51:7),TG(50:0)]_FA20:4",1282.9800910949707,1253.2000770568848,1252.2000846862793,1247.7400932312012,1246.980094909668,1267.740077972412,1247.4000854492188,1248.5000839233398
"[TG(51:7),TG(50:0)]_FA22:5",1395.6200981140137,1447.2601013183594,1376.7200965881348,1555.0601081848145,1396.120101928711,1405.440097808838,1374.0200958251953,1425.0601043701172
"[TG(51:7),TG(50:0)]_FA22:6",1596.5201263427734,1509.6801071166992,1537.6801109313965,1500.2800941467283,1611.6601066589355,1497.880107879639,1500.0601043701172,1545.9401016235352
"[TG(51:8),TG(50:1)]_FA14:0",3160.5602531433105,2319.900157928467,1343.340087890625,1676.6001052856443,1355.1200981140137,3190.120220184326,5264.100318908691,4107.500270843506
"[TG(51:8),TG(50:1)]_FA16:0",37984.00244140625,31400.382572174072,65025.96404266357,9027.82082748413,15003.241310119629,106527.51156616212,307751.9180374145,210690.52966308597
"[TG(51:8),TG(50:1)]_FA16:1",5373.84033203125,5156.620330810547,4353.340286254883,1565.6801223754885,2160.7401542663574,3847.020252227783,32155.102787017822,4889.820392608643
"[TG(51:8),TG(50:1)]_FA18:0",2163.080139160156,2707.9401359558105,1955.820178985596,1315.1000938415527,1123.160083770752,1356.0201034545898,2207.020164489746,1967.9601402282717
"[TG(51:8),TG(50:1)]_FA18:1",18078.26125717163,8617.960849761963,19793.36105728149,3763.6403160095215,4092.18021774292,6835.0805740356445,25332.421836853027,49829.40310287476
"[TG(51:8),TG(50:1)]_FA18:2",1435.840106964111,1942.6601257324216,2903.980251312256,1564.0200958251953,2476.840171813965,3443.0002822875977,3240.040271759033,5656.8603439331055
"[TG(51:8),TG(50:1)]_FA18:3",1202.5200805664062,1167.7000885009766,1166.640079498291,1169.5800857543943,1163.0800743103027,1206.14009475708,1166.04008102417,1168.5800857543943
"[TG(51:8),TG(50:1)]_FA20:4",1267.6400833129885,1269.2400856018066,1251.9400825500488,1248.3600845336914,1247.4200820922852,1297.5800895690918,1248.3000831604004,1247.960090637207
"[TG(51:8),TG(50:1)]_FA22:5",1453.56010055542,1404.440097808838,1418.3200988769531,1584.580108642578,1395.340103149414,1377.9201049804688,1417.5200958251953,1632.260124206543
"[TG(51:8),TG(50:1)]_FA22:6",1590.1201133728027,1541.2001190185547,1528.1401023864746,1517.8401107788086,1534.5401153564453,1534.460105895996,1558.9401092529297,1562.3601150512695
"[TG(51:9),TG(50:2)]_FA14:0",6734.680465698242,8940.460571289062,3771.380252838135,2117.860145568848,3612.0602378845215,15243.360820770264,32737.80299758911,26275.681491851807
"[TG(51:9),TG(50:2)]_FA16:0",51721.743171691895,39366.743965148926,33748.88285827637,15050.241062164308,20175.761840820312,152102.25387573242,464302.13271713257,108554.98861694336
"[TG(51:9),TG(50:2)]_FA16:1",56360.46584320068,36930.481353759766,32242.98162078857,11024.140758514404,9121.200588226318,28471.42179489136,325628.59228897095,40843.08283996582
"[TG(51:9),TG(50:2)]_FA18:0",1032.62007522583,1425.3601303100586,1427.0000953674316,1080.2000770568848,1115.0600814819336,1479.580108642578,1273.0600929260254,1420.360107421875
"[TG(51:9),TG(50:2)]_FA18:1",25857.12154769897,5349.860305786133,22196.981212615967,3994.260223388672,5910.380424499512,8307.800464630127,39748.38275146485,82493.88575363159
"[TG(51:9),TG(50:2)]_FA18:2",6709.780498504639,14899.46118927002,32929.302909851074,7912.5405197143555,20361.62109375,24725.341999053955,31146.201721191406,59472.82514190674
"[TG(51:9),TG(50:2)]_FA18:3",1388.9801025390625,1511.440113067627,1329.7000999450684,1242.720085144043,1257.460090637207,1315.6000785827637,1248.3400840759275,1254.9600830078125
"[TG(51:9),TG(50:2)]_FA20:4",1275.6000900268557,1286.0200805664062,1252.320087432861,1248.360088348389,1246.9800834655762,1272.5400886535645,1247.4000854492188,1247.580093383789
"[TG(51:9),TG(50:2)]_FA22:5",1601.5201225280762,1457.260097503662,1464.6400909423828,1566.3800964355469,1435.3600997924805,1563.1201095581057,1582.7201118469238,1480.2401008605957
"[TG(51:9),TG(50:2)]_FA22:6",1729.2801246643066,1688.5401229858398,1765.5201110839844,1582.0201110839844,1508.4400939941406,1599.620101928711,1766.4601211547852,1709.1401176452637
"[TG(52:10),TG(51:3)]_FA14:0",1042.980068206787,997.3000717163086,1072.7000732421875,1094.0200691223145,966.8400688171388,1142.5200881958008,1112.240077972412,1151.2200813293457
"[TG(52:10),TG(51:3)]_FA16:0",1449.9601135253906,1154.8400802612305,3030.360137939453,1576.8801155090332,1298.1000900268557,3582.740219116211,7440.560573577881,2682.580146789551
"[TG(52:10),TG(51:3)]_FA16:1",1521.3001022338867,1883.7601585388184,1944.8401412963867,1165.3000869750977,1128.4400825500488,1740.2800903320312,5858.040500640869,1738.900104522705
"[TG(52:10),TG(51:3)]_FA18:0",1031.0000686645508,968.9200592041016,970.780055999756,1005.220069885254,970.9200592041016,969.6400680541992,1006.260066986084,969.5600624084472
"[TG(52:10),TG(51:3)]_FA18:1",1513.7401008605957,1811.7401390075684,1637.2601127624512,1533.8600959777832,1392.64009475708,1679.0801239013672,2427.3601684570312,3941.760261535645
"[TG(52:10),TG(51:3)]_FA18:2",3402.8202171325684,2956.160221099853,5437.820293426514,2213.5401496887207,3821.300254821777,4429.960357666016,4423.960216522217,8750.540493011475
"[TG(52:10),TG(51:3)]_FA18:3",1289.6600875854492,1281.480094909668,1175.260082244873,1169.120086669922,1162.8400840759275,1225.6600952148438,1222.9600982666016,1169.480079650879
"[TG(52:10),TG(51:3)]_FA20:4",1328.2600936889648,1283.7000846862793,1309.020092010498,1248.5200843811035,1247.0201034545898,1291.6800956726074,1248.6600914001465,1248.5600852966309
"[TG(52:10),TG(51:3)]_FA22:5",1398.620086669922,1456.480094909668,1376.0601043701172,1423.380111694336,1380.6200981140137,1446.040096282959,1455.720100402832,1375.4001083374023
"[TG(52:10),TG(51:3)]_FA22:6",1537.4800987243652,1520.460117340088,1523.7601051330566,1550.1800994873047,1571.3601150512695,1501.0601043701172,1500.440113067627,1520.2801132202148
[TG(52:4)]_FA14:0,1913.020156860352,1785.0801429748535,1550.200096130371,1461.540096282959,1167.700096130371,1759.920093536377,2565.620143890381,2090.180103302002
[TG(52:4)]_FA16:0,53070.78436660767,56237.30585479736,157450.12719345093,18852.40131759644,25337.302253723145,162567.4335746765,337350.76822662354,270400.64656829834
[TG(52:4)]_FA16:1,49735.20253372192,50708.18462371826,26235.82243347168,38177.0841217041,9910.520805358889,40296.32231140137,405152.4065513611,54277.80365371704
[TG(52:4)]_FA18:0,1168.4600791931152,1218.620086669922,1049.580078125,1042.1400756835938,1056.760066986084,1091.9600791931152,1273.740104675293,1134.140079498291
[TG(52:4)]_FA18:1,27116.54136276245,17174.96109008789,34815.18284988403,11816.840919494629,8230.340633392334,12289.500553131104,55658.543422698975,100320.74765014648
[TG(52:4)]_FA18:2,107321.72755432127,133395.02835845947,332782.85943984985,101958.42985534668,176623.5153427124,201509.4579925537,289290.11640930176,543670.5568161011
[TG(52:4)]_FA18:3,26238.72173690796,29076.46133422852,23600.92226409912,18239.22146224976,6192.700489044189,26754.181690216064,28009.421504974365,13774.361339569092
[TG(52:4)]_FA20:4,3926.180286407471,3955.220252990722,2544.840175628662,2427.060157775879,2076.7401428222656,3197.900260925293,2682.8801918029785,2051.70015335083
[TG(52:5)]_FA14:0,1860.540134429932,1577.8001289367676,1090.3400802612305,1370.8601036071775,1076.220069885254,1724.060131072998,2689.0802574157715,1259.0400848388672
[TG(52:5)]_FA16:0,3079.5202827453613,6783.920597076416,15619.681365966797,2766.000186920166,4148.64030456543,16036.160869598389,34679.142208099365,30254.24174880981
[TG(52:5)]_FA16:1,19880.740924835205,22049.001232147217,23654.14111328125,23469.46156311035,5550.620300292969,18196.60158920288,131109.3903312683,18813.961212158203
[TG(52:5)]_FA18:0,969.720069885254,1055.240062713623,1032.4000701904297,982.7800788879396,1051.6200714111328,974.120059967041,1020.5200805664062,968.6600761413574
[TG(52:5)]_FA18:1,2714.2001991271973,2299.9201431274414,2800.960159301758,1900.2801322937007,1441.8001022338867,1814.3001136779783,3980.140224456787,6969.280414581299
[TG(52:5)]_FA18:2,19287.96075439453,21614.441333770752,57288.6635131836,22279.742183685303,28597.70189666748,39584.60149002075,52912.283531188965,105875.96691131592
[TG(52:5)]_FA18:3,26334.881225585938,29512.40153121948,25025.522399902344,21941.081825256348,6035.42041015625,25927.24130630493,24409.06135559082,11401.040767669678
[TG(52:5)]_FA20:4,5426.940322875977,4457.200294494629,2930.960178375244,2895.420135498047,1799.900127410889,3817.8003273010254,3920.1002311706543,2653.1801834106445
[TG(52:5)]_FA22:5,1663.1001052856443,1850.280128479004,1477.7601013183594,1837.3001403808596,1480.940113067627,1790.940128326416,2049.3401412963867,1818.0201034545896
[TG(52:6)]_FA14:0,1663.0001220703125,1294.340087890625,1189.7400856018066,1320.1200790405271,1064.040069580078,1771.8401527404783,2022.800128936768,1131.2800788879397
[TG(52:6)]_FA16:0,1195.5800971984863,1261.2000617980957,1916.24015045166,1217.2000885009766,1820.720100402832,1894.8201217651367,4176.640254974365,2548.6001930236816
[TG(52:6)]_FA16:1,3607.780281066895,3738.700336456299,3681.3402366638174,3644.900184631348,1648.8001022338867,2890.5602416992188,13563.080661773682,3157.1802139282227
[TG(52:6)]_FA18:0,969.9000663757324,1029.8800811767578,970.100067138672,1080.62007522583,987.1000633239746,970.1800689697266,1013.0400733947754,968.52006149292
[TG(52:6)]_FA18:1,1105.800075531006,1080.0600776672363,1174.3200798034668,1054.3400802612305,1080.9800834655762,1110.3200759887695,1324.0000953674316,1376.700107574463
[TG(52:6)]_FA18:2,2702.9001960754395,2503.460174560547,4808.020206451416,2853.200210571289,3301.5602416992188,3968.920280456543,4495.800430297852,8373.440433502197
[TG(52:6)]_FA18:3,5260.740306854248,6567.040439605713,4989.600379943848,5876.680347442627,2377.3601303100586,5080.92036819458,5767.900367736816,3603.660202026367
[TG(52:6)]_FA20:4,2101.900173187256,2393.46012878418,1966.3401260375977,2191.760150909424,1278.4800872802734,2114.6601371765137,1610.7401084899902,2248.080173492432
[TG(52:6)]_FA22:5,1572.020107269287,1415.2000999450684,1401.9801025390625,1481.7200965881348,1386.200080871582,1658.900119781494,1543.7201118469238,1616.6001205444336
[TG(52:6)]_FA22:6,1770.020118713379,1634.16011428833,1680.8801193237305,1750.5801315307615,1635.2201118469238,1682.4801177978516,2817.9601821899414,1980.680126190185
"[TG(52:7),TG(51:0)]_FA14:0",1235.7000770568848,1083.720085144043,1015.0800666809082,1200.2200927734375,1022.9600639343262,1153.4000816345217,1224.4800834655762,1231.3200912475586
"[TG(52:7),TG(51:0)]_FA16:0",1032.4400672912598,1160.5200843811035,1632.6401138305664,1154.5800819396973,1455.4801025390625,1998.040134429932,2159.9001388549805,1636.700122833252
"[TG(52:7),TG(51:0)]_FA16:1",1225.5800819396973,1056.4800720214844,1236.820087432861,1329.6400871276855,1124.9200744628906,1244.300090789795,2109.560173034668,1366.980094909668
"[TG(52:7),TG(51:0)]_FA18:0",1015.7600631713868,1438.8400917053225,1166.240077972412,1063.0000839233398,1068.7800788879397,1034.7400703430176,1070.0400733947754,1191.3400840759275
"[TG(52:7),TG(51:0)]_FA18:1",1122.7600860595703,1072.180076599121,1278.420078277588,1054.7000770568848,1056.3800811767578,1085.0400733947754,1166.4800872802734,1161.3600769042969
"[TG(52:7),TG(51:0)]_FA18:2",1325.6000862121582,1086.800075531006,1122.2800750732422,1225.2400932312012,1497.4001007080078,1277.060089111328,1249.3000946044922,1640.340103149414
"[TG(52:7),TG(51:0)]_FA18:3",1415.6200942993164,1419.9601020812988,1336.860092163086,1413.4600982666016,1254.8200912475586,1536.400104522705,1211.9800872802734,1182.600082397461
"[TG(52:7),TG(51:0)]_FA20:4",1250.5400848388672,1275.7200889587402,1250.700080871582,1337.9600944519043,1248.000099182129,1290.5000915527344,1339.6200904846191,1296.040096282959
"[TG(52:7),TG(51:0)]_FA22:5",1377.4401016235352,1437.6001014709473,1377.760082244873,1373.9200973510742,1416.840087890625,1378.8000946044922,1374.380100250244,1425.1401023864746
"[TG(52:7),TG(51:0)]_FA22:6",1574.980110168457,1546.520118713379,1731.7601203918457,1683.4201164245603,1649.860122680664,1610.1201133728027,2440.6401710510254,1648.6001205444336
"[TG(52:8),TG(51:1)]_FA14:0",1008.9600677490234,1037.1600761413574,1065.540069580078,1031.140079498291,1028.2400741577148,1008.5800743103028,1045.9600715637207,1051.860088348389
"[TG(52:8),TG(51:1)]_FA16:0",1455.0801124572754,1017.9600563049316,2349.58012008667,1260.3800773620603,1296.640079498291,1798.4601440429688,4723.420364379883,4160.040351867676
"[TG(52:8),TG(51:1)]_FA16:1",1175.0800819396973,1141.5600814819336,1087.6600875854492,1116.8200798034668,1071.3800811767578,1136.4400749206543,1445.5601043701172,1113.2200775146484
"[TG(52:8),TG(51:1)]_FA18:0",1159.320083618164,1107.480068206787,1094.400074005127,1158.720069885254,1046.760082244873,1005.9800643920898,1001.9800682067872,1160.2800788879397
"[TG(52:8),TG(51:1)]_FA18:1",1354.560089111328,1385.3000946044922,2204.120140075684,1251.500099182129,1308.920093536377,1529.8600997924805,1468.9800872802734,3009.620212554932
"[TG(52:8),TG(51:1)]_FA18:2",1198.0600814819336,1150.0400733947754,1174.3000869750977,1111.4200820922852,1227.9800872802734,1142.220085144043,1275.9400825500488,1184.1200714111328
"[TG(52:8),TG(51:1)]_FA18:3",1167.4000816345217,1182.5400924682615,1221.7600898742676,1239.9400825500488,1162.800090789795,1172.4800720214844,1221.840087890625,1169.020076751709
"[TG(52:8),TG(51:1)]_FA20:4",1292.080093383789,1252.6200790405271,1251.420078277588,1247.8000946044922,1247.9200820922852,1247.1400909423828,1256.6200904846191,1248.8000831604004
"[TG(52:8),TG(51:1)]_FA22:5",1420.7201042175293,1453.7000999450684,1425.0401000976562,1451.3201026916504,1446.660099029541,1471.0001106262207,1460.6401023864746,1444.9000968933103
"[TG(52:8),TG(51:1)]_FA22:6",1498.9201011657717,1511.100112915039,1584.5601081848145,1574.5401077270508,1522.4401092529297,1573.0801162719729,1550.6801109313965,1543.720115661621
"[TG(52:9),TG(51:2)]_FA14:0",1168.3200912475586,1031.8000717163086,1045.880069732666,999.1200637817384,1026.600067138672,1247.020092010498,1128.0600814819336,1050.5400733947754
"[TG(52:9),TG(51:2)]_FA16:0",1928.400119781494,2287.760166168213,4627.940456390381,1540.000087738037,1836.1401290893557,5478.780437469482,11059.940704345703,9612.960723876951
"[TG(52:9),TG(51:2)]_FA16:1",1738.4401206970217,1242.700080871582,1551.220100402832,1438.140106201172,1162.8200798034668,1687.840114593506,3224.6801719665527,1404.920108795166
"[TG(52:9),TG(51:2)]_FA18:0",1150.180076599121,1137.7600784301758,1107.9200820922852,984.880069732666,1024.2800750732422,1007.840072631836,986.8000717163086,969.080078125
"[TG(52:9),TG(51:2)]_FA18:1",3327.1201705932617,2411.7401809692383,4197.240310668945,1634.1601295471191,1494.4401054382324,2099.740135192871,4053.480262756348,7873.360580444336
"[TG(52:9),TG(51:2)]_FA18:2",1618.360122680664,1786.5801239013672,2336.2601356506348,1305.2800941467283,1774.1001434326172,2032.3401527404783,2093.6001205444336,3131.2402725219727
"[TG(52:9),TG(51:2)]_FA18:3",1168.6800804138184,1217.5400886535645,1167.8800773620603,1212.4000854492188,1162.8200721740725,1233.9400901794434,1186.5800819396973,1170.420078277588
"[TG(52:9),TG(51:2)]_FA20:4",1249.780086517334,1252.5800819396973,1338.9400939941406,1247.9000930786133,1247.6800956726074,1255.9000968933103,1248.000087738037,1247.880100250244
"[TG(52:9),TG(51:2)]_FA22:5",1382.5800971984863,1377.720085144043,1393.9000854492188,1395.3600959777832,1376.8000946044922,1393.5200843811035,1386.7601013183594,1462.4801025390625
"[TG(52:9),TG(51:2)]_FA22:6",1498.5200958251953,1508.7401008605957,1515.8201026916504,1543.8201217651367,1518.7601013183594,1550.2800979614258,1531.58012008667,1518.580108642578
"[TG(53:10),TG(52:3)]_FA14:0",2584.8201484680176,1353.1000938415527,1244.3000869750977,1376.2600784301758,1325.320087432861,2325.960189819336,2783.4802017211914,2830.220165252685
"[TG(53:10),TG(52:3)]_FA16:0",153656.49113845825,64102.48566818237,398240.51792144775,81639.92617416382,63949.904804229736,405692.78342819214,1322516.6413269043,938057.9794769288
"[TG(53:10),TG(52:3)]_FA16:1",47544.04353713989,38399.3030090332,18222.04119491577,18943.96146774292,7636.340393066406,30036.68265914917,394315.8911933899,54032.14335250855
"[TG(53:10),TG(52:3)]_FA18:0",3055.4801864624023,4544.460296630859,2610.940216064453,2392.980167388916,1929.12015914917,3349.860237121582,4716.700325012207,1928.900161743164
"[TG(53:10),TG(52:3)]_FA18:1",181921.1734352112,95587.6886253357,242895.3166847229,52317.68413543701,45958.18452072144,66226.18293380737,280104.25580215454,591377.2544403076
"[TG(53:10),TG(52:3)]_FA18:2",137084.01322937012,152281.5112991333,411293.2481613159,83973.84775543213,219932.35889434812,259352.0366134644,409809.25365448,809607.3261566162
"[TG(53:10),TG(52:3)]_FA18:3",3752.080291748047,3914.100269317627,3336.880207061768,2994.940227508545,1645.860149383545,4398.920234680176,3815.780242919922,2718.960201263428
"[TG(53:10),TG(52:3)]_FA20:4",1529.5401077270508,1484.480094909668,1410.4000930786133,1248.0800971984863,1263.2000885009766,1425.6800994873047,1305.6800956726074,1348.4201049804688
"[TG(53:10),TG(52:3)]_FA22:5",2316.8401412963867,3269.140251159668,1766.7801322937012,2362.3801651000977,1896.6601486206052,2845.220203399658,4558.6403465271,3356.160228729248
"[TG(53:10),TG(52:3)]_FA22:6",1538.4401016235352,1616.880111694336,1723.060131072998,1575.6801147460938,1515.560115814209,1576.1601181030271,1848.1001319885252,1784.5001373291016
[TG(53:6)]_FA14:0,1050.280071258545,972.6600685119628,970.5600662231444,1104.160083770752,989.0800666809082,1013.0800666809082,1017.5000686645508,1123.420093536377
[TG(53:6)]_FA16:0,1057.9600791931152,1035.1200714111328,1035.8800735473633,1020.52006149292,1178.4800758361816,1140.7800903320312,1063.0000762939453,1113.0000762939453
[TG(53:6)]_FA16:1,1068.8600769042969,1082.380069732666,1059.7200775146484,1049.860080718994,1047.8000717163086,1069.0600776672363,1350.3200759887695,1049.5400733947754
[TG(53:6)]_FA18:0,1019.300075531006,1109.9200859069824,1011.2600746154784,1122.700080871582,970.200065612793,969.2200622558594,1000.1000709533693,968.4800567626952
[TG(53:6)]_FA18:1,1106.080078125,1056.180076599121,1102.9200859069824,1071.740077972412,1147.700080871582,1090.3600769042969,1094.9000816345217,1166.4200820922852
[TG(53:6)]_FA18:2,1106.8600692749023,1128.1600799560547,1317.0400848388672,1260.9200859069824,1298.4000854492188,1091.8800773620603,1178.5400886535645,1722.0601387023926
[TG(53:6)]_FA18:3,1247.5400886535645,1466.260097503662,1339.6800956726074,1288.64009475708,1244.320083618164,1275.620086669922,1264.440097808838,1347.8601036071775
[TG(53:6)]_FA20:4,1484.4000930786133,1604.2801132202148,1473.7401123046875,1647.2601318359375,1246.4600868225098,1587.8801040649414,1406.0401039123535,1362.2401008605957
[TG(53:6)]_FA22:5,1402.860088348389,1394.2400856018066,1401.4000930786133,1469.540096282959,1393.660099029541,1437.020092010498,1433.5800971984863,1376.0400886535645
[TG(53:6)]_FA22:6,1591.0201110839844,1628.6401252746582,1706.2201118469238,1505.960105895996,1584.720100402832,1596.7401161193848,1809.920108795166,1540.9201011657717
"[TG(53:7),TG(52:0)]_FA14:0",1218.2200775146484,1080.800075531006,1014.6400833129884,1073.500087738037,1220.9400939941406,1040.5400772094729,1158.3200759887695,1230.56010055542
"[TG(53:7),TG(52:0)]_FA16:0",1494.5201110839844,1322.060089111328,2534.420166015625,1175.8800773620603,2516.920196533203,2891.860210418701,6155.680347442627,4592.800277709961
"[TG(53:7),TG(52:0)]_FA16:1",1082.7400741577148,1108.6200790405271,1144.6800804138184,1081.640079498291,1048.400074005127,1049.3000793457031,1176.200096130371,1050.200065612793
"[TG(53:7),TG(52:0)]_FA18:0",2046.74015045166,1923.0601539611816,2682.900218963623,1804.3201293945312,1446.0601119995115,1355.6400909423828,2863.040225982666,1358.6001014709473
"[TG(53:7),TG(52:0)]_FA18:1",1568.8801155090332,1255.680103302002,1807.1401329040527,1105.6400871276855,1204.6400909423828,1141.220085144043,1816.880123138428,2649.6401977539062
"[TG(53:7),TG(52:0)]_FA18:2",1158.180076599121,1085.6000747680664,1211.9800834655762,1150.140079498291,1127.740077972412,1158.0600776672363,1137.0600814819336,1267.200080871582
"[TG(53:7),TG(52:0)]_FA18:3",1233.0000801086426,1268.860080718994,1301.2200927734375,1204.0200805664062,1162.6000862121582,1215.04008102417,1202.660083770752,1190.4400787353516
"[TG(53:7),TG(52:0)]_FA20:4",1304.1400985717771,1307.0000953674316,1256.240089416504,1291.400089263916,1255.360088348389,1267.3800811767578,1247.6800918579102,1247.840087890625
"[TG(53:7),TG(52:0)]_FA22:5",1377.6001052856443,1433.2800979614258,1376.9600944519043,1411.0600929260254,1425.4201011657717,1402.720100402832,1374.3801040649414,1405.3400993347168
"[TG(53:7),TG(52:0)]_FA22:6",1529.5801239013672,1575.9601097106934,1579.460105895996,1576.6801109313965,1592.600112915039,1514.9601097106934,1693.8401107788086,1598.360107421875
"[TG(53:8),TG(52:1)]_FA14:0",1240.3800888061523,988.9600715637208,973.4000663757324,1020.1400756835938,1012.3600692749023,1274.1600875854492,1263.64009475708,1185.5000801086426
"[TG(53:8),TG(52:1)]_FA16:0",11663.880668640137,8424.840805053711,25130.96294403076,1731.6001205444336,6256.640308380127,25182.822299957275,99730.10943222046,74067.58673858643
"[TG(53:8),TG(52:1)]_FA16:1",1470.6401100158691,1106.1600761413574,1257.5800819396973,1323.8600845336914,1160.1600761413574,1255.2600936889648,3143.0402221679688,1320.060089111328
"[TG(53:8),TG(52:1)]_FA18:0",7809.120498657227,5306.140243530273,12650.56061553955,4152.900287628174,3655.820266723633,7800.540637969971,12340.020999908447,10492.280654907228
"[TG(53:8),TG(52:1)]_FA18:1",18026.540855407715,8414.920486450195,22569.48176574707,3118.000171661377,4513.780426025391,5703.120311737061,24312.141174316406,56560.12325286865
"[TG(53:8),TG(52:1)]_FA18:2",1389.200080871582,1447.9001083374023,2216.080139160156,1416.2201080322266,1541.540111541748,1737.4201202392578,2173.660182952881,3403.720226287842
"[TG(53:8),TG(52:1)]_FA18:3",1168.0000762939453,1242.6400909423828,1168.62007522583,1166.680088043213,1188.5200881958008,1174.1600723266602,1165.5400886535645,1169.2800788879397
"[TG(53:8),TG(52:1)]_FA20:4",1269.3800926208496,1316.740089416504,1251.600082397461,1248.8000984191897,1247.120086669922,1283.2800941467283,1248.2200927734375,1248.740089416504
"[TG(53:8),TG(52:1)]_FA22:5",1376.9601020812988,1453.440086364746,1376.8000984191897,1372.8800926208496,1392.1601028442385,1442.6400909423828,1431.7600936889648,1397.8000946044922
"[TG(53:8),TG(52:1)]_FA22:6",1533.680118560791,1497.6201057434082,1502.3201065063477,1528.5601043701172,1592.2001152038574,1512.9801063537598,1539.400104522705,1579.6801109313965
"[TG(53:9),TG(52:2)]_FA14:0",1800.640121459961,1210.3800888061523,1408.1601104736328,1350.8800888061523,1147.8800773620603,1702.0801277160645,2670.74019241333,1498.6600952148438
"[TG(53:9),TG(52:2)]_FA16:0",106156.07041168211,84838.00547027588,253609.8967895508,31172.582538604736,38217.74286651611,253978.8980140686,1012928.5000457764,729603.6077575684
"[TG(53:9),TG(52:2)]_FA16:1",7120.120487213135,5914.540538787842,5600.060569763184,3708.700294494629,1988.6601371765137,4160.040332794189,47343.8228263855,6394.140579223633
"[TG(53:9),TG(52:2)]_FA18:0",9714.740741729736,13981.580516815186,12093.961029052734,5523.320365905762,5292.740524291992,7914.240432739258,14769.50086593628,9269.600490570068
"[TG(53:9),TG(52:2)]_FA18:1",200606.03541183472,85478.78513336182,233838.39389801025,27807.48224639893,37264.302700042725,53684.7633934021,285019.27127075195,702072.668132782
"[TG(53:9),TG(52:2)]_FA18:2",12485.840908050535,13432.4609375,39224.36237335205,7748.120792388916,21835.26118850708,23951.661617279053,33438.38269042969,76033.08289718628
"[TG(53:9),TG(52:2)]_FA18:3",1250.9200859069824,1201.2600746154783,1343.0400886535645,1252.0400924682615,1163.580093383789,1265.4401016235352,1239.240077972412,1170.4200859069824
"[TG(53:9),TG(52:2)]_FA20:4",1286.7600898742676,1253.5600929260254,1392.860080718994,1298.2400932312012,1247.1800956726074,1246.500087738037,1247.9000968933103,1248.6200942993164
"[TG(53:9),TG(52:2)]_FA22:5",1794.5601387023926,1508.840103149414,1448.3201141357422,1847.980117797852,1475.5001068115234,1802.1001319885252,1944.1601333618164,1835.880111694336
"[TG(53:9),TG(52:2)]_FA22:6",1565.6201133728027,1541.4801139831543,1502.960105895996,1501.120101928711,1514.2201080322266,1497.760097503662,1534.420108795166,1591.3801155090332
"[TG(54:10),TG(53:3)]_FA14:0",971.5200653076172,1014.8000717163086,971.3000679016112,1030.4200820922852,967.4000701904296,1037.3000717163086,1030.6200675964355,1058.1600723266602
"[TG(54:10),TG(53:3)]_FA16:0",1365.7801094055176,1285.1001091003418,2432.0201721191406,1264.9800872802734,2016.66015625,2264.560111999512,4086.720226287842,3390.1202697753906
"[TG(54:10),TG(53:3)]_FA16:1",1329.3800888061523,1299.6200828552246,1520.1201210021973,1050.4600677490234,1050.160068511963,1378.3000946044922,2232.080142974853,1218.3800964355469
"[TG(54:10),TG(53:3)]_FA18:0",1061.8200645446775,1117.9800834655762,1068.2400703430176,1047.580078125,1107.680088043213,1122.1400756835938,1010.0600624084472,1048.1600761413574
"[TG(54:10),TG(53:3)]_FA18:1",2985.540267944336,2142.000129699707,4232.480293273926,1668.6800804138184,1758.5201301574707,1871.9601364135744,3284.540210723877,8722.780517578125
"[TG(54:10),TG(53:3)]_FA18:2",1471.6800994873047,2098.6801681518555,4397.620292663574,2011.54012298584,3483.86026763916,3297.2802734375,3549.38028717041,7274.600574493408
"[TG(54:10),TG(53:3)]_FA18:3",1187.3600845336914,1307.9600944519043,1167.120086669922,1222.4600868225098,1163.000087738037,1278.0000839233398,1227.4400825500488,1169.4000816345217
"[TG(54:10),TG(53:3)]_FA20:4",1277.4000930786133,1346.4200859069824,1251.320083618164,1247.0400848388672,1246.480079650879,1246.9400939941406,1248.2400970458984,1327.2000923156738
"[TG(54:10),TG(53:3)]_FA22:5",1418.1800918579102,1430.6201133728027,1375.6401023864746,1373.7400970458984,1374.940097808838,1379.14009475708,1378.9400901794434,1398.360092163086
"[TG(54:10),TG(53:3)]_FA22:6",1499.6801109313965,1498.200107574463,1513.920108795166,1528.1601066589355,1552.7201118469238,1497.4800987243652,1531.6800994873047,1531.4201202392578
"[TG(54:11),TG(53:4)]_FA14:0",1050.2200660705566,970.6000785827636,991.680061340332,969.720069885254,967.2200736999512,1013.9200744628906,999.1600761413574,990.1200637817384
"[TG(54:11),TG(53:4)]_FA16:0",1195.580078125,1265.7800827026367,1525.8800964355469,1041.9200630187988,1319.5200805664062,1483.680118560791,1776.3201293945312,1790.5800819396973
"[TG(54:11),TG(53:4)]_FA16:1",1242.8000717163086,1202.0400848388672,1304.5800971984863,1288.7800903320312,1078.1600723266602,1074.920078277588,2138.6801719665527,1168.2800941467283
"[TG(54:11),TG(53:4)]_FA18:0",969.7600593566896,1035.840072631836,977.2800750732422,1009.6600723266602,970.9600639343262,969.260066986084,1007.1600723266602,969.200065612793
"[TG(54:11),TG(53:4)]_FA18:1",1643.7801246643066,1576.840129852295,2491.920185089112,1466.2201118469238,1256.860080718994,1362.660099029541,2655.140151977539,4729.020290374756
"[TG(54:11),TG(53:4)]_FA18:2",2397.4201736450195,2347.5001258850098,6090.8404541015625,2273.4401512146,3888.4202423095694,4919.300308227539,3926.0002212524414,9592.420715332031
"[TG(54:11),TG(53:4)]_FA18:3",1577.5801162719729,1540.6201095581057,1362.980094909668,1384.2000999450684,1191.5000762939453,1451.1200904846191,1581.340114593506,1204.0600852966309
"[TG(54:11),TG(53:4)]_FA20:4",1331.320087432861,1300.7400817871094,1548.340103149414,1510.8001022338867,1298.4000930786133,1367.320083618164,1288.1000862121582,1344.1400871276855
"[TG(54:11),TG(53:4)]_FA22:5",1377.1800994873047,1414.9000930786133,1377.8200912475586,1486.1201057434082,1940.880126953125,1915.5201530456543,2034.7601470947263,1693.860126495361
"[TG(54:11),TG(53:4)]_FA22:6",1498.8001136779783,1567.700107574463,1575.5200958251953,1500.2400970458984,1501.9601135253906,1571.520107269287,1511.080108642578,1495.9401092529297
"[TG(54:12),TG(53:5)]_FA14:0",989.5400772094728,989.340072631836,1028.4600715637207,1009.54008102417,1085.980079650879,1007.7600746154784,970.5200691223145,1007.960075378418
"[TG(54:12),TG(53:5)]_FA16:0",965.820068359375,1058.920078277588,1146.5000801086426,1047.8600692749023,1425.3400802612305,1457.9601287841797,1179.7600784301758,1388.6800804138184
"[TG(54:12),TG(53:5)]_FA16:1",1184.880084991455,1157.0800895690918,1152.800075531006,1057.7200622558594,1163.4000816345217,1158.0800743103027,1245.860092163086,1049.880069732666
"[TG(54:12),TG(53:5)]_FA18:0",970.2000617980956,982.9000778198242,970.340061187744,967.4200592041016,970.4600715637208,986.2600631713868,978.2000732421876,967.9600677490234
"[TG(54:12),TG(53:5)]_FA18:1",1398.2000999450684,1262.1200828552246,1402.1201057434082,1298.7800903320312,1190.4800872802734,1133.9200744628906,1239.120086669922,1773.1201362609863
"[TG(54:12),TG(53:5)]_FA18:2",1619.760124206543,1764.160140991211,3528.0602111816406,2194.980178833008,2274.5001640319824,2218.0801887512207,2392.880146026612,4097.76029586792
"[TG(54:12),TG(53:5)]_FA18:3",1457.700096130371,1358.6200981140137,1574.0401153564453,1457.4201049804688,1217.0800743103027,1251.9800872802734,1499.2201118469238,1288.1401023864746
"[TG(54:12),TG(53:5)]_FA20:4",1535.960105895996,1797.8401336669922,1726.4601211547852,1560.6201171875,1487.5601234436035,1654.2201194763184,1374.760097503662,1405.9600868225098
"[TG(54:12),TG(53:5)]_FA22:5",1488.1601066589355,1524.2401161193848,1407.9800910949707,1476.7000846862793,1435.2800979614258,1588.3401222229004,1419.440097808838,1486.56010055542
"[TG(54:12),TG(53:5)]_FA22:6",1543.5401229858398,1540.1401138305664,1502.3801193237305,1500.8600959777832,1570.980110168457,1512.2401084899902,1541.340103149414,1526.040111541748
[TG(54:5)]_FA14:0,1033.1200714111328,1218.420078277588,1234.4200859069824,1244.0600967407229,1019.2600746154784,1277.7400741577148,1627.8201332092283,1086.7800827026367
[TG(54:5)]_FA16:0,8408.500671386719,3372.5802001953125,14935.30103302002,4581.960342407227,12052.460605621338,11040.141063690186,56533.403858184814,28180.66246414185
[TG(54:5)]_FA16:1,4102.680248260498,2828.4601669311523,3997.960334777832,3126.0202293396,1743.0801124572754,2682.9401817321777,20242.18101501465,2663.300136566162
[TG(54:5)]_FA18:0,1456.540111541748,1839.5401306152344,1678.860092163086,1588.6201133728027,1187.860088348389,1544.8801231384275,1668.6001243591309,1115.1800804138184
[TG(54:5)]_FA18:1,30322.26190567017,20543.8810005188,58095.60439300537,29270.18228149414,10234.480838775637,19277.66110610962,42856.28290176392,94111.94826889038
[TG(54:5)]_FA18:2,39163.54229736328,51447.74391937256,199580.1717453003,89652.92415237427,92891.70697021484,141702.94681167605,129073.40478134155,257574.93822479248
[TG(54:5)]_FA18:3,13406.54098892212,15841.541065216064,14914.801273345947,15823.901233673096,3308.1002502441406,17035.001258850098,18006.80157852173,9151.780517578123
[TG(54:5)]_FA20:4,38062.50327682495,34742.68147277832,20198.202083587646,18369.741035461426,5992.28048324585,24997.041591644287,29522.68221282959,13250.001014709473
[TG(54:5)]_FA22:5,3172.6802139282227,3286.42028427124,1708.8801193237305,2030.8001556396484,2231.720165252685,2888.180202484131,5709.440372467041,3164.480270385742
[TG(54:6)]_FA14:0,1073.300075531006,1205.5000839233398,1148.1400680541992,1034.960075378418,1070.62007522583,1489.6000938415527,1548.8600997924805,1583.0201263427734
[TG(54:6)]_FA16:0,4939.06042098999,4544.820209503174,7901.540836334228,1565.4801063537598,6742.440559387207,6706.780448913574,28558.38212585449,12898.721019744871
[TG(54:6)]_FA16:1,3750.2203483581534,3496.740257263184,2961.180248260498,1816.040134429932,1597.0401344299316,2526.020195007324,17901.341037750244,2751.260162353516
[TG(54:6)]_FA18:0,1046.3200798034668,991.2000732421876,1019.180061340332,989.9400672912598,998.8600692749023,987.1800765991212,1002.8400764465332,1041.12007522583
[TG(54:6)]_FA18:1,5122.020217895508,3238.940223693848,8626.200702667236,4661.520355224609,2725.4401817321777,3251.1602058410645,6818.700382232666,15523.461124420166
[TG(54:6)]_FA18:2,13079.6411819458,21342.46156311035,71871.78748321533,37392.00279998779,34662.00175857544,47398.46363449097,34316.68311691284,84250.62648773193
[TG(54:6)]_FA18:3,12295.68085861206,16761.64122390747,17731.381141662598,21952.301300048828,3787.720268249512,16802.660934448242,15333.380828857422,9481.30082321167
[TG(54:6)]_FA20:4,33129.58210372925,37215.88269424439,21530.58173751831,25132.46172714233,4462.060375213623,24916.50203704834,28839.68253326416,10224.020652770996
[TG(54:6)]_FA22:5,3004.540210723877,3188.4002380371094,1774.0001373291016,1963.1201133728027,2137.9001426696777,2891.2801818847656,7425.980537414551,3133.9602394104004
[TG(54:6)]_FA22:6,3800.980289459229,3984.6603088378906,3174.100200653076,2198.0001640319824,2673.520175933838,3202.160213470459,14640.500888824465,3459.040252685547
"[TG(54:7),TG(53:0)]_FA14:0",1751.280128479004,1221.9200897216797,1226.5400848388672,1539.9601287841797,1170.980068206787,1843.8401374816892,2288.480194091797,2080.400157928467
"[TG(54:7),TG(53:0)]_FA16:0",2106.200126647949,1890.5201377868648,2690.1202087402344,1522.500099182129,2662.6001777648926,2625.6601905822754,9669.10079574585,4427.180397033691
"[TG(54:7),TG(53:0)]_FA16:1",3283.4401779174805,1507.200107574463,2408.5801887512207,2155.300117492676,1513.7401161193848,2539.520191192627,13082.980632781982,2147.980136871338
"[TG(54:7),TG(53:0)]_FA18:0",969.2400665283204,1052.8200645446775,1081.1400833129885,1150.760082244873,971.3800735473632,1037.2200775146484,993.1600685119628,968.4600677490234
"[TG(54:7),TG(53:0)]_FA18:1",1248.0600814819336,1152.580078125,1634.2401275634766,1328.2400932312012,1320.7800941467283,1271.9000854492188,1668.1801071166992,2377.520179748535
"[TG(54:7),TG(53:0)]_FA18:2",4224.380264282227,5626.940307617188,14767.320728302002,8621.560592651367,8436.320491790771,10223.220497131348,8406.980567932129,21871.581466674805
"[TG(54:7),TG(53:0)]_FA18:3",5674.600322723389,10558.040740966797,9480.340698242188,16006.82088470459,2565.420207977295,9770.960563659668,5380.040451049805,4691.480407714844
"[TG(54:7),TG(53:0)]_FA20:4",4718.100368499756,7659.100589752197,5052.740440368652,7170.380443572998,1904.300148010254,5063.100383758545,7532.18053817749,3599.6002883911133
"[TG(54:7),TG(53:0)]_FA22:5",1794.6801147460938,1905.6201210021973,1553.440097808838,1934.8001441955569,1488.1200981140137,1799.0401229858398,2855.7801818847656,1987.6401252746584
"[TG(54:7),TG(53:0)]_FA22:6",5811.540309906006,3866.8802375793457,4099.700283050537,3126.3802223205566,3976.600315093994,4647.460346221924,24208.70160293579,8034.060386657715
"[TG(54:8),TG(53:1)]_FA14:0",1054.0400619506836,1029.740077972412,972.7600631713868,983.6000709533693,1045.4400749206543,1205.6600914001465,1585.840106964111,1484.0000953674316
"[TG(54:8),TG(53:1)]_FA16:0",1004.6600723266602,1209.5400733947754,1536.7001037597656,1016.2600631713868,1407.5401000976562,1412.080078125,1960.16015625,1969.6801376342771
"[TG(54:8),TG(53:1)]_FA16:1",1297.1200904846191,1259.3000831604004,1337.700096130371,1256.1600875854492,1071.4800834655762,1266.2600898742676,3576.180187225342,1156.5800895690918
"[TG(54:8),TG(53:1)]_FA18:0",1023.620059967041,1128.4600791931152,1047.5800704956057,997.9800758361816,1018.6800727844238,1059.8400764465332,1146.1000785827637,1039.920066833496
"[TG(54:8),TG(53:1)]_FA18:1",1406.1601028442385,1129.880084991455,1284.2600860595703,1156.0000762939453,1056.7000732421875,1120.5200729370115,1397.540111541748,1548.3601112365725
"[TG(54:8),TG(53:1)]_FA18:2",1371.14009475708,1481.0001068115234,2049.5001525878906,1667.7001037597656,1994.600154876709,2033.780128479004,1593.320110321045,2488.1001358032227
"[TG(54:8),TG(53:1)]_FA18:3",2203.380195617676,2451.4801635742188,2060.3201293945312,3328.520198822021,1462.3601036071775,2276.080146789551,1968.1001358032229,1332.2400856018066
"[TG(54:8),TG(53:1)]_FA20:4",1531.7201194763184,1598.6801109313965,1572.3201179504397,1656.9001121520996,1360.2601051330566,1367.8600959777832,1661.9001235961914,1343.4600982666016
"[TG(54:8),TG(53:1)]_FA22:5",1468.5201034545898,1452.7001037597656,1412.9200897216797,1378.300090789795,1376.3800926208496,1422.720100402832,1522.680103302002,1376.540096282959
"[TG(54:8),TG(53:1)]_FA22:6",2729.860195159912,1866.420139312744,2364.080146789551,2542.2801933288574,2535.320163726806,2581.800178527832,7035.8205909729,4381.300220489502
"[TG(54:9),TG(53:2)]_FA14:0",973.5800666809082,1045.3800582885742,970.2200622558594,990.5800704956056,999.5400657653807,1006.7000694274902,998.4600715637208,982.1200637817384
"[TG(54:9),TG(53:2)]_FA16:0",1371.8800964355469,1741.2601127624512,2101.580108642578,1142.7000885009766,2284.8801803588867,2036.0001411437988,4769.880317687988,3812.340293884277
"[TG(54:9),TG(53:2)]_FA16:1",1052.1400871276855,1124.4600830078125,1183.0800743103027,1107.8200759887695,1047.1200714111328,1073.900074005127,1502.2001152038574,1142.0600662231443
"[TG(54:9),TG(53:2)]_FA18:0",1131.6400718688965,1147.120086669922,1008.380069732666,1039.5600700378418,1039.7800674438477,998.4800605773926,1343.4000930786133,1153.0000801086426
"[TG(54:9),TG(53:2)]_FA18:1",2680.7001762390137,1510.700096130371,2897.540210723877,1483.8001136779783,1148.4000816345217,1796.860107421875,2837.6401977539062,5490.100482940674
"[TG(54:9),TG(53:2)]_FA18:2",1189.9000854492188,1230.04008102417,1742.6001358032229,1409.8400917053225,1636.720127105713,1687.4000968933103,1367.300090789795,1930.780128479004
"[TG(54:9),TG(53:2)]_FA18:3",1185.9600830078125,1227.7800750732422,1279.6800804138184,1167.1000938415527,1177.5200843811035,1197.0400772094729,1181.6000862121582,1225.2000846862793
"[TG(54:9),TG(53:2)]_FA20:4",1292.6000862121582,1253.0000915527344,1251.7200813293457,1374.400089263916,1247.0000839233398,1247.8000717163086,1287.860092163086,1248.120086669922
"[TG(54:9),TG(53:2)]_FA22:5",1397.2000923156738,1378.1200981140137,1415.0600929260254,1372.8200988769531,1383.7000885009766,1378.6600914001465,1434.380107879639,1377.0000915527344
"[TG(54:9),TG(53:2)]_FA22:6",1573.0401000976562,1617.020118713379,1563.1601028442385,1550.4601020812988,1550.560115814209,1516.1401100158691,1879.7201309204104,1654.0601196289062
"[TG(55:10),TG(54:3)]_FA14:0",1039.980068206787,987.8600692749023,1063.0200691223145,1098.9800834655762,1077.3000717163086,1142.9400825500488,1224.6000900268557,1231.4000778198242
"[TG(55:10),TG(54:3)]_FA16:0",7563.540588378906,7982.800827026367,16610.26117324829,1727.6001434326172,12506.221271514893,11709.68073272705,60305.26415634155,38181.34250640869
"[TG(55:10),TG(54:3)]_FA16:1",3260.140151977539,3082.280185699463,2889.1201934814453,1699.820125579834,1612.0801010131836,2380.920177459717,19782.481269836426,2896.620258331299
"[TG(55:10),TG(54:3)]_FA18:0",7738.940650939941,12474.400737762451,16712.121074676514,8890.460662841797,5094.7004318237305,9920.08081817627,15793.501075744629,10900.040756225586
"[TG(55:10),TG(54:3)]_FA18:1",29379.56162261963,34026.56103897095,104043.00455856325,22768.041820526123,16494.92064666748,29608.42210388184,128258.51037216188,264959.6264228821
"[TG(55:10),TG(54:3)]_FA18:2",9582.200660705566,12112.100772857666,34644.262519836426,11159.400505065918,20258.78149795532,23466.22105789185,35294.802211761475,59911.58324813843
"[TG(55:10),TG(54:3)]_FA18:3",1400.9201049804688,1619.0601196289062,1371.400104522705,1255.4200859069824,1176.580078125,1384.1200981140137,1283.4000930786133,1301.0200881958008
"[TG(55:10),TG(54:3)]_FA20:4",1385.5200996398926,1447.7000999450684,1294.0400886535645,1364.5601081848145,1324.6201095581057,1385.5400886535645,1283.840103149414,1464.9600982666016
"[TG(55:10),TG(54:3)]_FA22:5",1552.6601066589355,1534.2201042175293,1377.7401008605957,1467.6001052856443,1439.0800971984863,1410.920093536377,1525.940113067627,1774.900119781494
"[TG(55:10),TG(54:3)]_FA22:6",1508.8001098632812,1515.5601119995115,1505.1601066589355,1539.2201042175293,1501.1401176452637,1537.480110168457,1540.840103149414,1495.800106048584
"[TG(55:11),TG(54:4)]_FA14:0",997.7800636291504,1099.020076751709,1116.5000686645508,980.0600700378418,1034.7600708007812,1084.8200759887695,1190.8400917053225,983.9800796508788
"[TG(55:11),TG(54:4)]_FA16:0",8483.440776824951,7190.380451202393,15908.100688934326,3802.0402221679688,12453.680870056152,11226.320556640623,57362.06369018555,31148.861888885494
"[TG(55:11),TG(54:4)]_FA16:1",4006.540233612061,3617.800193786621,4128.060340881348,3024.2801628112798,1722.100128173828,2982.4002075195312,21229.96180343628,3111.100196838379
"[TG(55:11),TG(54:4)]_FA18:0",4292.9804039001465,5682.260486602783,8941.220851898193,6200.360450744629,2007.6801109313965,5698.36043548584,6714.300556182861,4980.120349884033
"[TG(55:11),TG(54:4)]_FA18:1",83905.7477722168,50160.82326889038,152192.60968017578,47328.38367462158,18750.721225738525,42599.16287231445,150149.58918380737,287446.0825691223
"[TG(55:11),TG(54:4)]_FA18:2",31375.921787261963,40240.622829437256,159925.50875473022,56536.86415481568,72397.5044555664,101025.96774291992,138318.409198761,281788.73023986816
"[TG(55:11),TG(54:4)]_FA18:3",3244.1802673339844,3961.74031829834,3335.4802284240723,3775.700206756592,1689.860122680664,4335.640254974365,4165.740325927734,2217.180145263672
"[TG(55:11),TG(54:4)]_FA20:4",5107.060359954834,5676.68045425415,2963.220188140869,2839.200206756592,1806.5201416015625,3949.980236053467,3954.360221862793,2451.560188293457
"[TG(55:11),TG(54:4)]_FA22:5",1871.8801383972168,1658.980125427246,1484.6801109313965,1695.720115661621,1601.0801124572754,1493.7401123046875,2273.9201469421387,1991.660144805908
"[TG(55:11),TG(54:4)]_FA22:6",1497.500099182129,1520.0801048278809,1568.2201080322266,1558.3400993347168,1570.9201126098633,1536.400104522705,1610.7001190185547,1573.1001091003418
"[TG(55:7),TG(54:0)]_FA14:0",1102.6000633239746,1160.4200744628906,1087.0800666809082,1094.440071105957,1224.340087890625,1310.1800994873047,1084.4800834655762,1139.2200775146484
"[TG(55:7),TG(54:0)]_FA16:0",1081.7200775146484,1316.6600914001465,1373.56010055542,1052.8000793457031,1358.2200965881348,1252.780086517334,2311.200149536133,1636.000099182129
"[TG(55:7),TG(54:0)]_FA16:1",1087.300064086914,1080.5200805664062,1083.4400749206543,1065.0400657653809,1047.5600700378418,1099.2800788879397,1218.6600761413574,1049.4400634765625
"[TG(55:7),TG(54:0)]_FA18:0",1225.0600814819336,1597.7401161193848,1131.3400840759275,1417.3400993347168,1115.0800819396973,1306.8400955200195,1107.8000793457031,1284.1200942993164
"[TG(55:7),TG(54:0)]_FA18:1",1126.8000793457031,1083.2000732421875,1210.180076599121,1053.9800720214844,1182.640079498291,1053.6000709533691,1311.1400756835938,1085.040069580078
"[TG(55:7),TG(54:0)]_FA18:2",1170.560089111328,1128.3000831604004,1255.7600936889648,1203.3200912475586,1320.8800964355469,1309.0000839233398,1337.6800918579102,1399.7200965881348
"[TG(55:7),TG(54:0)]_FA18:3",1199.8000869750977,1189.1800956726074,1213.6000900268557,1235.3800773620603,1189.4200859069824,1246.1200790405271,1170.9800910949707,1203.1800804138184
"[TG(55:7),TG(54:0)]_FA20:4",1596.9401016235352,1484.6201057434082,1646.9601135253906,1516.1200981140137,1268.5600814819336,1480.6000900268557,1529.4800987243652,1357.000099182129
"[TG(55:7),TG(54:0)]_FA22:5",1692.2601051330566,1810.96012878418,1537.440113067627,1634.7401237487793,1523.7800903320312,1578.9601097106934,1731.9201126098633,1614.2001037597656
"[TG(55:7),TG(54:0)]_FA22:6",1699.960132598877,2052.520160675049,1764.0201110839844,2032.1001434326167,2028.7601318359373,2147.2401542663574,1996.4201354980469,2124.540134429932
"[TG(55:8),TG(54:1)]_FA14:0",1023.7600708007812,1046.5600662231443,969.760066986084,1028.3000793457031,976.340072631836,996.840072631836,1012.840072631836,992.540069580078
"[TG(55:8),TG(54:1)]_FA16:0",2073.0001640319824,2522.3201446533203,2928.760227203369,1126.5600662231443,2978.0002059936523,2601.220142364502,10571.1409034729,6670.080543518066
"[TG(55:8),TG(54:1)]_FA16:1",1189.0000953674316,1260.0400886535645,1135.760082244873,1098.0400772094729,1065.5200729370115,1166.0400848388672,1328.820087432861,1049.4200744628906
"[TG(55:8),TG(54:1)]_FA18:0",2033.7801208496091,2136.180149078369,2732.3401947021484,1510.4601135253906,1362.5401039123535,1719.280143737793,2449.4801330566406,2398.1201972961426
"[TG(55:8),TG(54:1)]_FA18:1",2432.840167999268,1625.8001251220703,2956.5601921081543,1369.760097503662,1390.840103149414,1694.100112915039,3050.840190887451,5089.420383453369
"[TG(55:8),TG(54:1)]_FA18:2",1168.0800743103027,1275.0000915527344,1344.60009765625,1219.4800872802734,1207.560073852539,1367.800090789795,1493.960105895996,1567.1001205444336
"[TG(55:8),TG(54:1)]_FA18:3",1193.3400840759275,1203.3000869750977,1201.7600860595703,1210.9400901794434,1173.2800750732422,1202.980079650879,1183.6400833129885,1169.8400764465332
"[TG(55:8),TG(54:1)]_FA20:4",1361.7200965881348,1360.9000816345217,1367.6200904846191,1340.0600814819336,1313.5600929260254,1342.6400985717771,1289.2600860595703,1295.1200828552246
"[TG(55:8),TG(54:1)]_FA22:5",1397.2600936889648,1439.4001083374023,1376.8201026916504,1398.260097503662,1391.1800994873047,1476.9801025390625,1460.9401092529297,1419.760097503662
"[TG(55:8),TG(54:1)]_FA22:6",1885.2401275634768,1725.880111694336,1728.8201065063477,1709.6601181030271,1538.6401023864746,1867.360126495361,2012.12015914917,1667.960117340088
"[TG(55:9),TG(54:2)]_FA14:0",1112.8400840759275,1017.6800689697266,1017.700065612793,981.600067138672,1024.5600776672363,1004.3800735473632,1070.0400772094729,1041.700065612793
"[TG(55:9),TG(54:2)]_FA16:0",7745.520328521728,5500.300254821777,10588.620571136476,2153.320140838623,7839.640407562256,9615.980754852297,55756.18486404419,33665.862297058105
"[TG(55:9),TG(54:2)]_FA16:1",1704.860122680664,2261.52014541626,1541.0001068115234,1178.2000885009766,1133.7600631713867,1371.1600952148438,5578.660438537598,1417.9600944519043
"[TG(55:9),TG(54:2)]_FA18:0",5361.5403175354,7378.180545806885,11973.28094482422,4243.740238189697,4209.08024597168,6943.440330505371,13218.54107284546,8661.760387420654
"[TG(55:9),TG(54:2)]_FA18:1",6894.880439758301,7668.220558166504,21887.061294555664,5689.280426025391,3846.680233001709,6312.540500640869,23960.64193344116,49896.36192321777
"[TG(55:9),TG(54:2)]_FA18:2",2482.620204925537,2687.1801948547363,4478.100387573242,1863.620128631592,2940.2601737976074,3861.2403450012207,3209.76016998291,6788.440509796143
"[TG(55:9),TG(54:2)]_FA18:3",1240.5800971984863,1222.700080871582,1260.04008102417,1187.940071105957,1162.3000869750977,1233.2600860595703,1165.4400825500488,1225.6200828552246
"[TG(55:9),TG(54:2)]_FA20:4",1370.6600914001465,1407.4800987243652,1494.6001052856443,1510.8601188659668,1302.2800979614258,1719.8001174926758,1307.0400924682615,1436.6601066589355
"[TG(55:9),TG(54:2)]_FA22:5",1397.6000900268557,1427.0200958251953,1412.000099182129,1382.9600982666016,1377.1400985717771,1413.3400955200195,1549.6201057434082,1454.320095062256
"[TG(55:9),TG(54:2)]_FA22:6",1500.0800895690918,1497.6401100158691,1502.4801025390625,1539.260108947754,1581.3801193237305,1511.1200942993164,1611.760108947754,1542.8601150512695
"[TG(56:10),TG(55:3)]_FA14:0",971.4600715637208,1007.220069885254,969.5600700378418,981.2800674438477,982.3800773620604,967.000057220459,970.4800643920898,1088.760082244873
"[TG(56:10),TG(55:3)]_FA16:0",999.9600715637208,1129.260082244873,961.2600593566896,1008.7400665283204,1062.6800727844238,1114.8800735473633,1271.6200981140137,1179.8600845336914
"[TG(56:10),TG(55:3)]_FA16:1",1080.680088043213,1134.5600814819336,1170.9400825500488,1095.660083770752,1053.1000709533691,1172.5200881958008,1487.0401077270508,1104.5200729370115
"[TG(56:10),TG(55:3)]_FA18:0",970.5600738525392,1135.4200897216797,1087.480079650879,997.5600700378418,989.62007522583,999.0200729370116,968.6800689697266,978.4600791931152
"[TG(56:10),TG(55:3)]_FA18:1",1695.5001106262207,1442.1800994873047,1735.360126495361,1525.2201118469238,1089.920078277588,1384.8801040649414,1701.860107421875,2104.260124206543
"[TG(56:10),TG(55:3)]_FA18:2",1377.900074005127,1495.0401191711426,1774.5001411437988,1308.3800888061523,1569.4001121520996,1976.1001243591309,1667.2001190185547,1975.240146636963
"[TG(56:10),TG(55:3)]_FA18:3",1477.8601150512695,1202.8400802612305,1306.0200958251953,1331.2800941467283,1216.180088043213,1274.7600860595703,1243.4800910949707,1169.040069580078
"[TG(56:10),TG(55:3)]_FA20:4",1312.4201011657717,1687.0201225280762,1333.9400939941406,1372.300090789795,1289.7600898742676,1270.5800857543943,1247.9600944519043,1277.1800956726074
"[TG(56:10),TG(55:3)]_FA22:5",1377.0400924682615,1378.60009765625,1377.6000938415527,1430.700096130371,1385.6800994873047,1419.500087738037,1374.6601028442385,1409.9001121520996
"[TG(56:10),TG(55:3)]_FA22:6",1591.5401077270508,1643.1801261901855,1867.1401443481443,2102.820163726806,1723.9001235961914,1750.7201118469238,2324.5401573181152,1661.8601150512695
"[TG(56:11),TG(55:4)]_FA14:0",971.6200675964355,969.9200744628906,971.100067138672,969.4800720214844,1003.640064239502,974.0800628662108,970.100067138672,969.0400733947754
"[TG(56:11),TG(55:4)]_FA16:0",1085.6600761413574,987.220058441162,999.3200645446776,964.4400634765624,1049.3600769042969,991.1200675964355,1427.4600982666016,1099.0200805664062
"[TG(56:11),TG(55:4)]_FA16:1",1127.7800788879397,1055.4400749206543,1064.020076751709,1081.800064086914,1048.1000595092771,1048.5600776672363,1128.5200805664062,1095.6400756835938
"[TG(56:11),TG(55:4)]_FA18:0",970.7000694274902,974.5200653076172,1022.200080871582,1061.0800819396973,971.9200630187988,975.460075378418,975.4600791931152,969.2000694274902
"[TG(56:11),TG(55:4)]_FA18:1",1198.3800811767578,1432.4001007080078,1434.8800964355469,1302.940086364746,1250.1000938415527,1180.8000717163086,1273.9000968933103,1830.5201377868648
"[TG(56:11),TG(55:4)]_FA18:2",1490.3001022338867,1383.7000885009766,2081.1001739501958,1509.8200988769531,1894.5601348876955,1863.0001258850095,1700.560115814209,2651.880176544189
"[TG(56:11),TG(55:4)]_FA18:3",1222.0000762939453,1230.820083618164,1184.2200736999512,1230.800090789795,1163.4400787353516,1214.6200828552246,1269.0000839233398,1190.000087738037
"[TG(56:11),TG(55:4)]_FA20:4",1348.880100250244,1435.4401016235352,1364.5801010131836,1248.4200897216797,1247.1200981140137,1246.5600776672363,1247.8200912475586,1263.7800903320312
"[TG(56:11),TG(55:4)]_FA22:5",1379.360088348389,1376.9000930786133,1377.4800872802734,1382.1600952148438,1374.740089416504,1378.800090789795,1407.7200889587402,1374.260097503662
"[TG(56:11),TG(55:4)]_FA22:6",1565.860126495361,1518.1401138305664,1502.960105895996,1551.7801094055176,1522.0401039123535,1514.2201118469238,1688.3801231384275,1549.7201118469238
"[TG(56:12),TG(55:5)]_FA14:0",995.7800712585448,1000.2800636291504,1004.3000717163086,969.8000679016112,993.0400733947754,1022.12007522583,970.720069885254,968.8600692749023
"[TG(56:12),TG(55:5)]_FA16:0",980.8600730895996,964.4000663757324,1293.4800834655762,994.9600639343262,1042.5800743103027,1115.4600715637207,1419.9401054382324,1013.320068359375
"[TG(56:12),TG(55:5)]_FA16:1",1050.5600700378418,1059.9800758361816,1116.5600776672363,1060.6800575256348,1046.6000747680664,1069.7800750732422,1275.3400955200195,1063.140079498291
"[TG(56:12),TG(55:5)]_FA18:0",970.5000762939452,982.6400604248048,969.8400650024414,975.8000717163086,970.8800659179688,969.2600708007812,968.9200744628906,969.1600646972656
"[TG(56:12),TG(55:5)]_FA18:1",1173.080078125,1142.04008102417,1136.7600898742676,1069.9800720214844,1119.5600700378418,1171.5600852966309,1294.6400871276855,1427.0000953674316
"[TG(56:12),TG(55:5)]_FA18:2",1304.6401023864746,1257.400089263916,2210.740146636963,1500.4801063537598,1629.9401206970217,1434.9201126098633,1318.800090789795,2033.4201354980469
"[TG(56:12),TG(55:5)]_FA18:3",1295.7800941467283,1282.7601051330566,1415.8001022338867,1356.8400917053225,1169.940086364746,1190.3600845336914,1223.2000846862793,1169.9000778198242
"[TG(56:12),TG(55:5)]_FA20:4",1568.5801124572754,1563.16011428833,1660.2201118469238,1467.3601150512695,1258.4600982666016,1648.8401260375977,1396.9800910949707,1375.3201026916504
"[TG(56:12),TG(55:5)]_FA22:5",1506.2801055908203,1487.2601165771484,1385.4600982666016,1438.3001022338867,1453.1401023864746,1631.5001182556152,1571.5801010131836,1404.7200965881348
"[TG(56:12),TG(55:5)]_FA22:6",1527.1400985717771,1537.4801063537598,1502.6601066589355,1518.880100250244,1539.440113067627,1497.9001083374023,1590.6401100158691,1494.840103149414
"[TG(56:13),TG(55:6)]_FA14:0",1023.5400733947754,970.4400787353516,984.1800765991212,1053.200080871582,1050.7200813293457,1011.7200660705566,1023.0200805664062,969.2800598144532
"[TG(56:13),TG(55:6)]_FA16:0",1062.900074005127,1067.140079498291,978.400074005127,977.9600677490234,1052.8200721740725,1043.3000793457031,1386.6800842285156,1319.06010055542
"[TG(56:13),TG(55:6)]_FA16:1",1066.5200805664062,1055.6400833129885,1089.6400833129885,1050.2800827026367,1047.440071105957,1118.860080718994,1154.260082244873,1068.2400665283203
"[TG(56:13),TG(55:6)]_FA18:0",1064.280071258545,1013.8400764465332,969.3600578308104,980.500072479248,994.9600715637208,969.3000679016112,967.9200706481934,1055.980079650879
"[TG(56:13),TG(55:6)]_FA18:1",1138.6800804138184,1055.9000625610352,1118.7800788879397,1094.7800750732422,1057.0200729370115,1080.8600769042969,1110.04008102417,1089.360080718994
"[TG(56:13),TG(55:6)]_FA18:2",1201.5400772094729,1202.4400901794434,1478.08012008667,1267.6800918579102,1276.3200759887695,1392.700096130371,1380.0800971984863,1729.6201171875
"[TG(56:13),TG(55:6)]_FA18:3",1261.8000831604004,1283.320095062256,1323.420093536377,1272.3400840759275,1187.0800857543943,1246.0400924682615,1208.940097808838,1169.3400764465332
"[TG(56:13),TG(55:6)]_FA20:4",1766.7001342773438,1891.0801467895508,1436.2200965881348,1542.9001007080078,1365.6600914001465,1877.3201370239256,1657.1801071166992,1586.0201263427734
"[TG(56:13),TG(55:6)]_FA22:5",1647.2001190185547,1497.1001014709473,1468.300106048584,1698.1801300048828,1480.7001037597656,1517.7800941467283,1753.58012008667,1587.8001174926758
"[TG(56:13),TG(55:6)]_FA22:6",1560.4601135253906,1574.6401100158691,1512.7401008605957,1499.9601020812988,1534.840106964111,1584.6601104736328,1711.6801261901855,1495.9401016235352
[TG(56:6)]_FA14:0,997.6600723266602,1201.3200798034668,1006.3200721740724,1089.380069732666,1051.280071258545,966.8400573730468,1129.9400749206543,1068.500072479248
[TG(56:6)]_FA16:0,4391.800426483154,2053.6201553344727,8652.620475769043,1744.3601417541504,6513.120639801025,2845.000171661377,35193.942779541016,15043.360717773438
[TG(56:6)]_FA16:1,1618.7400970458984,1527.700096130371,1537.600112915039,1465.2000885009766,1061.5400619506836,1496.020107269287,4335.660335540772,1330.920093536377
[TG(56:6)]_FA18:0,1390.2000885009766,1864.420108795166,1844.5001220703125,1243.820087432861,1145.5000762939453,1428.780101776123,2301.500156402588,1448.6201133728027
[TG(56:6)]_FA18:1,5972.260391235352,4066.9402198791504,8530.100765228271,3886.580303192138,2432.7001762390137,2745.0602264404297,11252.340816497805,12697.200721740724
[TG(56:6)]_FA18:2,4087.1802711486816,4713.040344238281,15493.00122833252,6834.020389556885,8161.08073425293,8334.340595245361,10174.440799713137,18420.20141983032
[TG(56:6)]_FA18:3,2291.8601570129395,2470.260185241699,2595.880153656006,3208.0402908325195,1644.0001258850098,2012.540138244629,2290.880138397217,1906.5601348876955
[TG(56:6)]_FA20:4,12169.5008354187,13152.700645446776,11552.660888671877,12814.460746765137,3738.140228271485,11000.320781707764,10896.900703430176,5818.800579071045
[TG(56:6)]_FA22:5,14137.08074951172,13828.600872039797,5178.260345458984,7427.66072845459,7481.020496368408,10733.580703735352,37051.30257797241,16868.88133239746
[TG(56:6)]_FA22:6,3180.5802001953125,3609.1003227233887,3115.8402519226074,2973.120189666748,2688.8601570129395,3261.8602294921875,10313.180431365969,4288.720264434814
"[TG(56:7),TG(55:0)]_FA14:0",1040.7400665283203,1139.660083770752,1068.420078277588,1177.1800842285156,1195.7200927734375,1138.660083770752,1327.3400955200195,1190.5800857543943
"[TG(56:7),TG(55:0)]_FA16:0",6104.180461883545,5195.94034576416,10281.140480041504,4276.400386810303,7402.900585174561,5613.260482788086,48433.743213653564,18415.361572265625
"[TG(56:7),TG(55:0)]_FA16:1",2389.540142059326,2074.560127258301,2135.3801498413086,1620.8201141357422,1121.2600860595703,1745.6001319885254,8476.860301971436,1958.620128631592
"[TG(56:7),TG(55:0)]_FA18:0",1115.6200714111328,1144.2600746154783,1136.2400817871094,1140.5800857543943,1005.0800743103028,1206.020092010498,1095.820087432861,1099.540069580078
"[TG(56:7),TG(55:0)]_FA18:1",4919.440208435059,3034.0802154541016,6694.740428924561,3202.380325317383,1989.980167388916,2630.680229187012,7994.220523834228,9586.260906219482
"[TG(56:7),TG(55:0)]_FA18:2",4881.960430145264,5391.080436706543,15686.60124206543,7871.340465545654,9880.340812683104,9378.640689849854,10916.800884246826,21461.10129165649
"[TG(56:7),TG(55:0)]_FA18:3",2438.1201705932617,2599.060188293457,2296.380199432373,2965.280200958252,1399.0800895690918,2161.68017578125,2300.880157470703,1732.8801193237305
"[TG(56:7),TG(55:0)]_FA20:4",16701.701511383057,20318.521114349365,16877.741149902344,26813.682327270508,3881.500301361084,14483.920742034912,13478.5212059021,7417.04044342041
"[TG(56:7),TG(55:0)]_FA22:5",15469.001335144045,19411.801582336426,6238.4005126953125,15841.280773162842,7687.080516815186,14587.141040802002,37063.06298446655,17721.801219940186
"[TG(56:7),TG(55:0)]_FA22:6",28754.981956481934,29698.461418151852,23225.401302337646,22488.68180847168,16583.661140441895,28333.12203979492,132701.7904548645,39062.82239151001
"[TG(56:8),TG(55:1)]_FA14:0",1013.540069580078,969.7200736999512,997.6400604248048,1029.1600646972656,996.3800735473632,1008.9400672912598,1164.8000869750977,1064.4800834655762
"[TG(56:8),TG(55:1)]_FA16:0",3170.960220336914,3997.640403747559,5989.800479888916,4008.560401916504,4294.440246582031,3651.8002586364746,24339.301692962646,9951.560668945312
"[TG(56:8),TG(55:1)]_FA16:1",2160.600124359131,1863.860126495361,2432.7401809692383,2073.300121307373,1353.6200981140137,2075.500141143799,9134.30048751831,1822.3401145935056
"[TG(56:8),TG(55:1)]_FA18:0",1005.5200729370116,1008.5000762939452,1011.4600601196288,1019.3000831604004,1000.2400741577148,1042.4600715637207,1023.6800689697266,1019.1400871276855
"[TG(56:8),TG(55:1)]_FA18:1",1767.400161743164,1342.2400970458984,2050.8201446533203,1553.1000900268557,1273.660083770752,1345.7400932312012,2659.6801414489746,2557.4201469421387
"[TG(56:8),TG(55:1)]_FA18:2",3234.5602111816406,4852.140380859375,9547.38080215454,5322.680377960205,6591.200653076172,6355.520496368408,10592.540775299072,13290.68096923828
"[TG(56:8),TG(55:1)]_FA18:3",2147.940193176269,1712.300136566162,2200.840106964112,2696.120162963867,1487.2401123046875,1810.6401252746584,2546.16019821167,1449.9401054382324
"[TG(56:8),TG(55:1)]_FA20:4",7585.800380706787,8934.360591888428,5500.940425872803,16543.26100540161,2213.900157928467,6915.980464935303,5076.560306549072,4130.520221710205
"[TG(56:8),TG(55:1)]_FA22:5",3744.260242462158,4616.820335388184,2306.040138244629,3391.580291748047,2560.0801696777344,2916.320167541504,7980.960609436035,4395.200275421143
"[TG(56:8),TG(55:1)]_FA22:6",28222.04138946533,38397.5830116272,15756.461036682129,37431.02180099487,19759.80155944824,33522.84234237671,125133.43088150024,40342.04273223877
"[TG(56:9),TG(55:2)]_FA14:0",981.9800720214844,970.7800636291504,971.5200691223145,997.6200675964355,967.0600662231444,966.880069732666,970.420066833496,1042.9400672912598
"[TG(56:9),TG(55:2)]_FA16:0",1039.1200675964355,1159.2400703430176,1353.5401000976562,1163.420078277588,1475.4601020812988,1287.5600814819336,2197.9601669311523,1735.4401321411133
"[TG(56:9),TG(55:2)]_FA16:1",1522.9600944519043,1532.5600929260254,1902.9601707458496,1984.6001319885252,1099.0600776672363,1743.420108795166,6026.020503997803,2080.820156097412
"[TG(56:9),TG(55:2)]_FA18:0",1011.680061340332,1023.1000823974608,1013.1800727844238,1010.1400680541992,995.1400833129884,1037.0800704956057,969.2600708007812,1045.8800773620603
"[TG(56:9),TG(55:2)]_FA18:1",1172.240077972412,1111.8000831604004,1440.4600982666016,1110.9800834655762,1098.5000839233398,1153.4000778198242,1261.9400939941406,1544.4401054382324
"[TG(56:9),TG(55:2)]_FA18:2",1542.3201141357422,1745.2801132202148,2184.240177154541,1776.5401191711426,2483.0001792907715,2177.3001556396484,2209.020126342773,3857.860321044922
"[TG(56:9),TG(55:2)]_FA18:3",1525.16011428833,2036.0801315307615,2063.9601249694824,2281.4601707458496,1459.3001098632812,1651.4001121520996,2066.580146789551,1469.4401054382324
"[TG(56:9),TG(55:2)]_FA20:4",2374.5001831054688,2463.2401390075684,2851.1001930236816,3469.3002128601074,1532.8601150512695,2429.760162353516,1771.4801216125488,1609.320110321045
"[TG(56:9),TG(55:2)]_FA22:5",1594.8401107788086,1620.9401206970217,1406.9000968933103,1760.7401313781738,1406.4200859069824,1457.0200996398926,1665.8401107788086,1603.3600997924805
"[TG(56:9),TG(55:2)]_FA22:6",5517.280246734619,6813.440406799316,5233.420475006104,8454.62052154541,3900.1003036499023,6947.340572357178,22274.642265319824,8448.4404296875
"[TG(57:10),TG(56:3)]_FA14:0",971.2200736999512,1018.4800643920898,970.140064239502,970.3600654602052,966.9800682067872,966.5800704956056,969.700080871582,973.8800773620604
"[TG(57:10),TG(56:3)]_FA16:0",1685.0001411437988,1105.0600776672363,1789.6801300048828,1338.1000900268557,2619.02014541626,1745.360149383545,6883.120250701904,1398.1001014709473
"[TG(57:10),TG(56:3)]_FA16:1",1207.2200889587402,1279.5200958251953,1109.4200706481934,1195.4000968933103,1106.0800819396973,1099.660083770752,2309.600143432617,1184.060089111328
"[TG(57:10),TG(56:3)]_FA18:0",1468.5600929260254,1513.260097503662,1904.6001434326167,1419.0800971984863,1029.1600761413574,1583.0001068115234,2466.4001998901367,1778.5001068115234
"[TG(57:10),TG(56:3)]_FA18:1",3128.68017578125,3630.700290679932,7982.680713653564,2548.640209197998,2146.380172729492,2636.000186920166,6563.300365447998,16795.121124267578
"[TG(57:10),TG(56:3)]_FA18:2",2183.040168762207,2519.840175628662,4518.940280914307,2327.7601585388184,3642.700290679932,2879.760166168213,3928.72025680542,5845.280406951904
"[TG(57:10),TG(56:3)]_FA18:3",1200.360080718994,1240.2000885009766,1254.9400825500488,1191.8200798034668,1211.8200798034668,1255.6600761413574,1212.2000770568848,1168.6000862121582
"[TG(57:10),TG(56:3)]_FA20:4",1366.860107421875,1287.7200889587402,1339.06010055542,1255.320083618164,1248.260082244873,1324.680103302002,1278.240089416504,1248.4600791931152
"[TG(57:10),TG(56:3)]_FA22:5",1376.9600944519043,1376.3201026916504,1389.1400985717771,1372.3400955200195,1395.4400939941406,1433.0201034545898,1374.6800994873047,1377.420093536377
"[TG(57:10),TG(56:3)]_FA22:6",1519.6001052856443,1496.4801025390625,1553.560115814209,1591.2201118469238,1533.500099182129,1628.2601165771484,1529.9001007080078,1519.260108947754
"[TG(57:11),TG(56:4)]_FA14:0",993.3000602722168,970.6800727844238,969.7600631713868,970.2600708007812,996.9200630187988,999.2400703430176,1000.5800743103028,1079.9800834655762
"[TG(57:11),TG(56:4)]_FA16:0",1750.0201225280762,1479.3801040649414,2135.5601539611816,986.9800682067872,2438.4601707458496,1651.6801490783691,5504.780326843262,2459.480182647705
"[TG(57:11),TG(56:4)]_FA16:1",1074.3400840759275,1288.7800941467283,1227.560089111328,1079.160068511963,1057.500072479248,1175.3000793457031,2800.560234069824,1148.920093536377
"[TG(57:11),TG(56:4)]_FA18:0",1579.760108947754,2024.7401313781736,2368.100166320801,1864.6401557922363,1549.9400901794434,1692.600112915039,1918.8201370239256,2202.800178527832
"[TG(57:11),TG(56:4)]_FA18:1",3177.720245361328,3943.560222625733,10825.880588531494,3832.780250549317,2264.4001502990723,3050.020175933838,13241.180767059326,17854.701362609863
"[TG(57:11),TG(56:4)]_FA18:2",3794.480216979981,4487.6602783203125,12910.360889434814,5635.140228271484,7513.380386352539,7024.5805015563965,9570.92050933838,18794.70156860352
"[TG(57:11),TG(56:4)]_FA18:3",1601.2001037597656,1556.840103149414,1341.8600959777832,1416.7801055908203,1234.3400955200195,1439.200096130371,1439.5001068115234,1354.3600959777832
"[TG(57:11),TG(56:4)]_FA20:4",1792.880146026611,2054.500141143799,1896.5601387023928,1535.0001182556152,1384.2000885009766,1886.900127410889,1639.8401184082031,1389.4000930786133
"[TG(57:11),TG(56:4)]_FA22:5",1384.1601066589355,1462.5000953674316,1439.9000854492188,1391.820095062256,1375.5200958251953,1418.4001007080078,1582.700107574463,1428.7600936889648
"[TG(57:11),TG(56:4)]_FA22:6",1529.2401161193848,1497.0401077270508,1501.340103149414,1559.5601081848145,1545.7801094055176,1496.380111694336,1509.5801162719729,1517.1801109313965
"[TG(57:12),TG(56:5)]_FA14:0",972.7600555419922,1033.5400733947754,971.1600608825684,969.4400749206544,1031.920078277588,966.6600723266602,1004.1400833129884,968.8200798034668
"[TG(57:12),TG(56:5)]_FA16:0",1473.7801132202148,2163.660129547119,4076.5602645874014,1665.3401184082031,3482.5202560424805,1703.960105895996,16595.08124923706,6964.920364379883
"[TG(57:12),TG(56:5)]_FA16:1",1273.520092010498,1111.6400756835938,1265.1200828552246,1215.0600852966309,1145.380069732666,1100.7200622558594,2238.0601806640625,1094.1200714111328
"[TG(57:12),TG(56:5)]_FA18:0",1842.8001136779783,1958.4801292419436,2705.54020690918,1628.1201286315918,1148.940086364746,1782.200164794922,3166.4603157043457,1660.640121459961
"[TG(57:12),TG(56:5)]_FA18:1",6050.820537567139,3405.040252685547,9495.44054031372,3636.3203506469727,2401.480155944824,2751.0202026367188,11760.420684814451,15433.920780181885
"[TG(57:12),TG(56:5)]_FA18:2",3813.76033782959,4672.660312652588,13513.640892028809,6213.4804763793945,7185.360622406006,8767.920532226562,8454.480541229248,17233.480838775635
"[TG(57:12),TG(56:5)]_FA18:3",1920.540138244629,2346.5201721191406,1791.380153656006,2238.020156860352,1298.7600784301758,1882.6201438903809,2095.560161590576,1877.0401306152344
"[TG(57:12),TG(56:5)]_FA20:4",5564.800453186035,6018.680347442627,6485.440647125244,5398.840412139893,2287.14017868042,5045.90030670166,4677.460372924805,2915.040256500244
"[TG(57:12),TG(56:5)]_FA22:5",2677.8601608276367,2394.0801582336426,1919.0001411437988,1865.3201446533203,2168.7201538085938,1885.1001205444336,4034.140254974365,2450.200138092041
"[TG(57:12),TG(56:5)]_FA22:6",1568.880100250244,1507.9201126098633,1520.6800956726074,1523.840106964111,1573.700107574463,1583.66011428833,1578.9201164245603,1612.7201080322266
"[TG(57:8),TG(56:1)]_FA14:0",1040.9000701904297,1068.6600761413574,1012.9800720214844,1094.8600769042969,1029.6400718688965,1065.4600677490234,1047.4200744628906,1042.840068817139
"[TG(57:8),TG(56:1)]_FA16:0",1119.6800842285156,1105.880084991455,1201.8400802612305,1026.5000686645508,1278.6200981140137,1181.3200798034668,1881.880126953125,1398.580093383789
"[TG(57:8),TG(56:1)]_FA16:1",1127.9800834655762,1100.680076599121,1083.8400802612305,1120.2000846862793,1129.920078277588,1123.6200790405271,1102.1400756835938,1049.280071258545
"[TG(57:8),TG(56:1)]_FA18:0",1061.300075531006,1102.5400848388672,1024.6400604248047,1085.640079498291,1075.1800804138184,1118.300075531006,1346.680088043213,1137.0200653076172
"[TG(57:8),TG(56:1)]_FA18:1",1252.0600929260254,1177.360080718994,1268.6800842285156,1053.3600769042969,1114.3200798034668,1137.1400871276855,1225.4200973510742,1182.2400817871094
"[TG(57:8),TG(56:1)]_FA18:2",1207.2600746154783,1189.4400787353516,1301.020092010498,1309.2000923156738,1259.1200904846191,1208.4800758361816,1188.480079650879,1424.5801048278809
"[TG(57:8),TG(56:1)]_FA18:3",1181.720085144043,1324.420093536377,1191.820083618164,1239.360080718994,1163.9600830078125,1206.8200798034668,1182.3600769042969,1219.3000793457031
"[TG(57:8),TG(56:1)]_FA20:4",1258.6800842285156,1378.3000984191897,1316.6001014709473,1280.4800987243652,1247.300090789795,1290.180088043213,1297.2600936889648,1273.4200859069824
"[TG(57:8),TG(56:1)]_FA22:5",1482.860088348389,1446.64009475708,1389.8400955200195,1404.540096282959,1526.6601104736328,1500.5801048278809,1481.020092010498,1500.4401054382324
"[TG(57:8),TG(56:1)]_FA22:6",1886.860145568848,1787.7401313781738,2176.7201499938965,2029.16015625,1812.520133972168,1890.960163116455,2518.840167999268,2071.720146179199
"[TG(57:9),TG(56:2)]_FA14:0",1021.6000709533693,1048.700065612793,992.8800659179688,1053.700080871582,1015.6400680541992,999.3600616455078,1049.3200759887695,968.760066986084
"[TG(57:9),TG(56:2)]_FA16:0",1393.4401092529297,1297.7800979614258,1160.0000839233398,1159.640079498291,1858.560146331787,1819.3801383972168,5141.960548400879,2136.14017868042
"[TG(57:9),TG(56:2)]_FA16:1",1071.9400749206543,1206.1800842285156,1077.4400749206543,1108.5600700378418,1048.0800704956057,1202.7200813293457,1520.0000953674316,1111.6200828552246
"[TG(57:9),TG(56:2)]_FA18:0",1051.6800804138184,1326.240104675293,1451.700107574463,1157.380084991455,1077.760066986084,1296.500087738037,1711.5001106262207,1291.7200965881348
"[TG(57:9),TG(56:2)]_FA18:1",1850.6001167297363,1717.460117340088,2645.320205688477,1536.9201202392578,1372.1601104736328,1503.600112915039,2174.800163269043,4915.920349121094
"[TG(57:9),TG(56:2)]_FA18:2",1227.9600791931152,1297.300090789795,1391.4200897216797,1308.680088043213,1416.6601066589355,1514.720115661621,1696.5201263427734,1558.4401092529297
"[TG(57:9),TG(56:2)]_FA18:3",1167.860080718994,1212.6800727844238,1219.3200721740725,1221.0600852966309,1162.9200859069824,1170.54008102417,1166.1600761413574,1196.1800842285156
"[TG(57:9),TG(56:2)]_FA20:4",1279.6200981140137,1298.4200897216797,1277.7200927734375,1258.4400787353516,1247.4600868225098,1363.1400985717771,1283.5800895690918,1250.1200904846191
"[TG(57:9),TG(56:2)]_FA22:5",1377.320087432861,1376.9400939941406,1377.2400970458984,1438.3000984191897,1382.4801063537598,1404.2601051330566,1454.1801071166992,1396.2400970458984
"[TG(57:9),TG(56:2)]_FA22:6",1608.8201141357422,1846.4201431274412,1666.3401107788086,1739.940113067627,1507.6201057434082,1825.760124206543,2375.8401641845703,1659.4801292419434
"[TG(58:10),TG(57:3)]_FA14:0",1013.3600730895996,1037.5600776672363,1012.9600677490234,1037.4600639343262,1008.080078125,1052.0200691223145,1068.300067901611,1011.1800727844238
"[TG(58:10),TG(57:3)]_FA16:0",1117.2200813293457,1051.5800743103027,1084.400074005127,1021.000072479248,1039.840068817139,1012.8400650024414,1531.0801048278809,1011.3400650024414
"[TG(58:10),TG(57:3)]_FA16:1",1049.7000846862793,1062.9200744628906,1096.1000747680664,1127.7000923156738,1047.2200660705566,1086.2200813293457,1158.6800727844238,1055.260082244873
"[TG(58:10),TG(57:3)]_FA18:0",1012.7600746154784,1024.1600761413574,1012.1000709533693,1010.4200630187988,1012.1800727844238,1028.6600723266602,1010.900058746338,1010.7400703430176
"[TG(58:10),TG(57:3)]_FA18:1",1115.240077972412,1215.9600868225098,1257.1400756835938,1100.3800659179688,1101.9000816345217,1185.9600791931152,1383.0401077270508,1341.4200973510742
"[TG(58:10),TG(57:3)]_FA18:2",1322.9800910949707,1905.1401138305664,2971.7402114868164,2601.8001976013184,2136.420154571533,1959.7001266479488,2177.580139160156,2875.160171508789
"[TG(58:10),TG(57:3)]_FA18:3",1408.7800941467283,1719.5801315307615,1230.5600929260254,1740.540126800537,1182.7000846862793,1533.140106201172,1546.3001251220703,1472.940086364746
"[TG(58:10),TG(57:3)]_FA20:4",2023.6001358032229,2464.6202087402344,2108.600154876709,2561.820205688477,1405.3800926208496,1843.4801216125488,2233.8001556396484,1550.4201011657717
"[TG(58:10),TG(57:3)]_FA22:5",1684.7401123046875,1775.4601097106934,1543.1601066589355,2014.840129852295,1449.4801139831543,1821.08012008667,1899.500129699707,1741.8600997924805
"[TG(58:10),TG(57:3)]_FA22:6",5072.280437469482,7245.900550842285,8420.180507659912,16044.040809631348,4495.84033203125,7265.560615539551,18743.02140045166,9774.920680999756
"[TG(58:11),TG(57:4)]_FA14:0",1043.5000686645508,1027.7600708007812,1013.3800735473632,1051.62007522583,1008.0400657653807,1048.5000762939453,1012.3400688171388,1083.7400703430176
"[TG(58:11),TG(57:4)]_FA16:0",1008.2800674438477,1048.1200714111328,1007.320068359375,1006.1000709533693,1007.5000648498536,1012.700065612793,1325.8600997924805,1005.2800674438477
"[TG(58:11),TG(57:4)]_FA16:1",1067.7200775146484,1133.4600830078125,1081.8800773620603,1089.0000648498535,1047.8400650024414,1048.860080718994,1118.980079650879,1048.840068817139
"[TG(58:11),TG(57:4)]_FA18:0",1013.12007522583,1034.4600715637207,1012.6800689697266,1009.400074005127,1012.9000816345216,1011.340072631836,1020.4200744628906,1010.1000747680664
"[TG(58:11),TG(57:4)]_FA18:1",1104.5000762939453,1153.6800804138184,1133.6800804138184,1053.9000778198242,1141.5200691223145,1053.3800811767578,1163.640079498291,1167.0400886535645
"[TG(58:11),TG(57:4)]_FA18:2",1305.000099182129,1139.520076751709,1587.4201011657717,1247.8000831604004,1358.0200843811035,1271.1400871276855,1228.3400840759275,1487.2800941467283
"[TG(58:11),TG(57:4)]_FA18:3",1352.140106201172,1236.8000869750977,1416.4800987243652,1388.06010055542,1162.54008102417,1284.8600845336914,1356.8200988769531,1391.0801010131836
"[TG(58:11),TG(57:4)]_FA20:4",1428.580108642578,1293.320083618164,1544.4200973510742,1545.420093536377,1258.060089111328,1430.520092010498,1495.2801208496094,1292.2200889587402
"[TG(58:11),TG(57:4)]_FA22:5",1396.1800956726074,1426.7801055908203,1376.6600914001465,1373.3800926208496,1375.5600814819336,1404.940097808838,1468.5600929260254,1482.2600936889648
"[TG(58:11),TG(57:4)]_FA22:6",2356.320171356201,2670.280216217041,2610.1801681518555,3739.8202743530273,2093.420135498047,2878.0801963806152,3804.000289916992,2929.440216064453
"[TG(58:12),TG(57:5)]_FA14:0",1013.1200714111328,1013.0400772094728,1012.6400680541992,1012.340072631836,1040.9000778198242,1009.2000770568848,1039.5000686645508,1101.460075378418
"[TG(58:12),TG(57:5)]_FA16:0",1007.6600646972656,1069.1400680541992,1007.3800582885742,1006.3800621032716,1007.720069885254,1011.3800735473632,1146.4000663757324,1009.0400733947754
"[TG(58:12),TG(57:5)]_FA16:1",1062.7000770568848,1056.360065460205,1052.1600761413574,1068.8000869750977,1047.2000694274902,1049.460075378418,1101.520076751709,1049.1000709533691
"[TG(58:12),TG(57:5)]_FA18:0",1014.400074005127,1010.9600791931152,1037.4400787353516,1029.280071258545,1046.4400825500488,1023.4800682067872,1030.4400634765625,1028.060073852539
"[TG(58:12),TG(57:5)]_FA18:1",1070.800075531006,1103.1200714111328,1161.3800811767578,1096.640064239502,1115.4600830078125,1090.740077972412,1115.580078125,1207.400089263916
"[TG(58:12),TG(57:5)]_FA18:2",1138.1000709533691,1219.0400924682615,1298.3800888061523,1263.240077972412,1216.8200798034668,1319.860107421875,1219.3200798034668,1261.200080871582
"[TG(58:12),TG(57:5)]_FA18:3",1208.6200790405271,1178.820083618164,1241.5000953674316,1369.180088043213,1163.3000793457031,1194.1400909423828,1166.0000839233398,1168.6400756835938
"[TG(58:12),TG(57:5)]_FA20:4",1276.2000885009766,1271.620086669922,1269.8800888061523,1437.100082397461,1277.2200965881348,1284.2600860595703,1274.3600959777832,1268.9600868225098
"[TG(58:12),TG(57:5)]_FA22:5",1405.460090637207,1487.580108642578,1376.9200973510742,1443.040096282959,1399.5400924682615,1391.860092163086,1503.8001022338867,1460.7000923156738
"[TG(58:12),TG(57:5)]_FA22:6",1516.740104675293,1497.0001068115234,1572.8400993347168,1578.9801177978516,1500.8001098632812,1552.9001121520996,1672.5201110839844,1651.8001174926758
"[TG(58:13),TG(57:6)]_FA14:0",1013.7800712585448,1012.4200706481934,1012.3800735473632,1044.1400604248047,1008.6400756835938,1042.140064239502,1022.7000694274902,1010.4200744628906
"[TG(58:13),TG(57:6)]_FA16:0",1043.2800750732422,1102.2200775146484,1025.5800704956057,1098.6400718688965,1125.4200744628906,1053.4400787353516,1073.000072479248,1088.7600708007812
"[TG(58:13),TG(57:6)]_FA16:1",1050.6400718688965,1083.5400772094729,1052.280071258545,1050.100082397461,1047.3000717163086,1060.1400756835938,1079.0800743103027,1048.840072631836
"[TG(58:13),TG(57:6)]_FA18:0",1065.1000862121582,1012.0200653076172,1011.880069732666,1058.2800636291504,1012.700065612793,1012.1800689697266,1081.9200744628906,1044.4600830078125
"[TG(58:13),TG(57:6)]_FA18:1",1087.8200798034668,1054.560073852539,1145.0800743103027,1085.3800773620603,1056.1800651550293,1053.640079498291,1132.860088348389,1082.7200813293457
"[TG(58:13),TG(57:6)]_FA18:2",1128.4200820922852,1143.9200744628906,1237.5000801086426,1180.4800910949707,1151.2200889587402,1129.5400772094729,1159.2400741577148,1247.600082397461
"[TG(58:13),TG(57:6)]_FA18:3",1264.1800918579102,1166.2000923156738,1252.3400764465332,1202.3800888061523,1173.600082397461,1194.9000816345217,1188.080078125,1171.7000846862793
"[TG(58:13),TG(57:6)]_FA20:4",1367.5000953674316,1409.960090637207,1288.1800804138184,1414.2401008605957,1247.7000885009766,1293.680088043213,1278.3000984191897,1353.6200942993164
"[TG(58:13),TG(57:6)]_FA22:5",1417.9801025390625,1557.180118560791,1427.040096282959,1500.920108795166,1406.64009475708,1561.300121307373,1652.4801139831543,1626.7401161193848
"[TG(58:13),TG(57:6)]_FA22:6",1514.1600952148438,1686.3201217651367,1536.960105895996,1532.0801162719729,1505.2800941467283,1545.3801040649414,1731.6401290893557,1495.9401016235352
"[TG(58:14),TG(57:7),TG(56:0)]_FA14:0",1024.6200828552246,1099.8600769042969,1026.400074005127,1274.3800888061523,1131.3000717163086,1256.800090789795,1152.2800827026367,1120.3200798034668
"[TG(58:14),TG(57:7),TG(56:0)]_FA16:0",1094.5000801086426,1159.0400924682615,1133.400089263916,1047.6600761413574,1216.8200912475586,1344.320110321045,1704.4201126098633,1466.9801025390625
"[TG(58:14),TG(57:7),TG(56:0)]_FA16:1",1057.5200729370115,1055.300067901611,1052.140079498291,1050.5600700378418,1048.4800758361816,1093.580078125,1074.880069732666,1049.4800605773926
"[TG(58:14),TG(57:7),TG(56:0)]_FA18:0",1012.7600593566896,1011.2800674438477,1040.2400741577148,1078.960075378418,1013.2200775146484,1076.820083618164,1068.5800704956057,1011.720085144043
"[TG(58:14),TG(57:7),TG(56:0)]_FA18:1",1054.6000785827637,1096.7000694274902,1212.7400703430176,1112.9000854492188,1056.6600761413574,1092.0000762939453,1364.4201011657717,1187.6400871276855
"[TG(58:14),TG(57:7),TG(56:0)]_FA18:2",1276.960090637207,1194.5600852966309,1246.020092010498,1172.820083618164,1175.5600814819336,1154.240077972412,1222.6400756835938,1354.9201011657717
"[TG(58:14),TG(57:7),TG(56:0)]_FA18:3",1188.2400856018066,1179.2200813293457,1191.300090789795,1166.560073852539,1173.3600769042969,1189.2800788879397,1177.8200798034668,1186.4600791931152
"[TG(58:14),TG(57:7),TG(56:0)]_FA20:4",1269.0200805664062,1319.7000885009766,1398.3600959777832,1452.5401039123535,1247.5200805664062,1337.9800834655762,1273.980094909668,1268.0801010131836
"[TG(58:14),TG(57:7),TG(56:0)]_FA22:5",1734.5401306152344,1596.200096130371,1476.2200927734375,1625.9601211547852,1454.6001052856443,1689.240119934082,1788.1001243591309,1645.2201194763184
"[TG(58:14),TG(57:7),TG(56:0)]_FA22:6",1564.8001174926758,1915.680156707764,1749.120132446289,1952.120147705078,1734.0601272583008,1972.7601432800293,2459.7601776123047,2232.9601669311523
"[TG(58:7),TG(57:0)]_FA14:0",1043.9800720214844,1093.100067138672,1012.7200736999512,1024.1400756835938,1018.9200706481934,1008.5400772094728,1049.3600730895996,1048.1600723266602
"[TG(58:7),TG(57:0)]_FA16:0",1568.0601043701172,1225.140079498291,1624.2801208496094,1197.5600852966309,1828.1001319885252,1709.16011428833,4953.00036239624,2063.440139770508
"[TG(58:7),TG(57:0)]_FA16:1",1063.3800735473633,1193.6200790405271,1174.0000839233398,1132.5200729370115,1118.1600761413574,1103.720085144043,1541.0200958251953,1118.8800735473633
"[TG(58:7),TG(57:0)]_FA18:0",1192.1400833129885,1299.160099029541,1561.300121307373,1214.2800827026367,1048.7800788879397,1189.7800941467283,1802.5001258850095,1060.3200759887695
"[TG(58:7),TG(57:0)]_FA18:1",1880.5801315307615,1789.9401168823242,2759.9601860046387,1631.9201202392578,1417.7000885009766,1569.9001159667969,2845.920185089112,3192.3002166748047
"[TG(58:7),TG(57:0)]_FA18:2",1649.0201110839844,1637.940113067627,4112.380283355713,2194.3001747131348,1792.0801277160645,2672.0401649475098,3065.420227050781,2803.700252532959
"[TG(58:7),TG(57:0)]_FA18:3",1379.560089111328,1387.1001014709473,1275.8000869750977,1389.6400985717771,1292.120086669922,1218.8000831604004,1212.2600860595703,1225.8000717163086
"[TG(58:7),TG(57:0)]_FA20:4",2498.5201721191406,1882.5601272583008,1783.4401359558103,2810.9802207946777,1598.8801155090332,1901.6201362609863,2490.7401428222656,1596.6201057434082
"[TG(58:7),TG(57:0)]_FA22:5",4643.720283508301,5219.660377502441,2504.4001960754395,4513.960262298584,2647.100196838379,4438.720352172852,11429.120750427246,4431.700305938721
"[TG(58:7),TG(57:0)]_FA22:6",3322.9803009033203,2885.4001693725586,3206.100246429444,3827.1603088378906,2277.1601371765137,2994.7201766967773,10156.020797729492,4705.88032913208
"[TG(58:8),TG(57:1)]_FA14:0",1013.6400680541992,1058.6000785827637,1013.0600662231444,1034.8400764465332,1061.8000793457031,1045.6800804138184,1037.5000762939453,1011.1200714111328
"[TG(58:8),TG(57:1)]_FA16:0",1418.6400985717771,1195.900089263916,1544.520118713379,1059.8200759887695,1588.1201095581057,1152.12007522583,3799.460258483887,1735.4601364135742
"[TG(58:8),TG(57:1)]_FA16:1",1159.980094909668,1391.2201080322266,1051.6200675964355,1146.3000831604004,1096.3600730895996,1166.6600799560547,1925.6601371765137,1171.3200759887695
"[TG(58:8),TG(57:1)]_FA18:0",1059.0000801086426,1186.8800811767578,1251.5800895690918,1253.1400909423828,1015.8600692749023,1140.3400764465332,1397.5000839233398,1012.6200675964355
"[TG(58:8),TG(57:1)]_FA18:1",2083.74015045166,1496.10009765625,3020.720199584961,1902.8801307678225,1636.840114593506,1595.2801055908203,2382.860179901123,4193.620311737061
"[TG(58:8),TG(57:1)]_FA18:2",2179.840171813965,2012.0401573181152,2845.840160369873,2594.0201873779297,2613.2601203918457,2797.3801918029785,3585.760269165039,5906.020351409912
"[TG(58:8),TG(57:1)]_FA18:3",1166.720085144043,1393.3400917053225,1248.820087432861,1501.2800941467283,1195.280086517334,1237.1200828552246,1369.300090789795,1234.1400756835938
"[TG(58:8),TG(57:1)]_FA20:4",2563.5202026367188,1903.9401473999023,2395.9802055358887,2878.0202560424805,1464.2401008605957,2358.8801651000977,2067.200134277344,1841.4001235961916
"[TG(58:8),TG(57:1)]_FA22:5",5885.080467224121,7308.040458679199,3279.7602195739746,7886.780567169189,3236.2202491760254,4927.900329589844,11018.141006469728,6215.52046585083
"[TG(58:8),TG(57:1)]_FA22:6",8826.800640106201,11090.78092956543,11675.840801239014,12457.941005706787,6178.040500640869,10407.880599975586,49126.884353637695,18116.22100830078
"[TG(58:9),TG(57:2)]_FA14:0",1013.640079498291,1013.1800689697266,1011.3600730895996,1011.5800704956056,1053.380069732666,1008.9400749206544,1026.2800788879397,1011.12007522583
"[TG(58:9),TG(57:2)]_FA16:0",1163.2600860595703,1025.940071105957,1252.1600914001465,1038.5200691223145,1028.6200714111328,1056.1200637817385,2475.980197906494,1036.9000701904297
"[TG(58:9),TG(57:2)]_FA16:1",1182.640079498291,1181.4400901794434,1120.340072631836,1310.1400871276855,1048.9000701904297,1130.080078125,1437.8400917053225,1049.3600692749023
"[TG(58:9),TG(57:2)]_FA18:0",1012.0600776672364,1010.8400688171388,1028.2400703430176,1115.740077972412,1044.8600730895996,1011.1600646972656,1071.2800788879397,1038.5200881958008
"[TG(58:9),TG(57:2)]_FA18:1",1571.7401123046875,1504.7601127624512,2829.8401985168457,2082.660140991211,1278.300075531006,1392.6400833129885,2038.720100402832,2689.160186767578
"[TG(58:9),TG(57:2)]_FA18:2",1901.420139312744,1661.0801124572754,4638.720245361328,2750.200157165528,2581.9401779174805,2983.4802017211914,3609.060325622559,3254.5202255249023
"[TG(58:9),TG(57:2)]_FA18:3",1416.260108947754,1416.1800918579102,1265.0200958251953,1639.2401008605957,1224.9400901794434,1421.520107269287,1355.4401016235352,1443.2601051330566
"[TG(58:9),TG(57:2)]_FA20:4",2547.060214996338,2477.280170440674,2104.2201347351074,2097.68013381958,1416.6200981140137,2281.6401443481445,1903.880126953125,1507.380107879639
"[TG(58:9),TG(57:2)]_FA22:5",2923.7801780700684,3898.6603202819824,2359.480136871338,5302.960258483887,2206.580173492432,2921.16015625,4234.820327758789,3369.000244140625
"[TG(58:9),TG(57:2)]_FA22:6",11717.721015930176,16402.661350250244,19736.021198272705,25058.10166168213,8598.2004737854,15223.781303405762,57871.08549118042,24774.72183227539
"[TG(59:10),TG(58:3)]_FA14:0",1040.5200653076172,1012.640064239502,1012.6600723266602,1030.4000778198242,1008.900074005127,1008.9800682067872,1013.000072479248,1054.3600730895996
"[TG(59:10),TG(58:3)]_FA16:0",1007.6800651550292,1009.5800590515136,1077.0000610351562,1051.7200736999512,1006.6000709533693,1027.1600723266602,1288.64009475708,1080.8800659179688
"[TG(59:10),TG(58:3)]_FA16:1",1108.6800804138184,1067.5800704956057,1051.5200729370115,1054.0400619506836,1047.3400764465332,1112.6600799560547,1178.3600845336914,1048.840068817139
"[TG(59:10),TG(58:3)]_FA18:0",1080.0000839233398,1202.760082244873,1012.1000785827636,1021.6200714111328,1038.0400772094729,1015.3600578308104,1120.9200744628906,1022.920066833496
"[TG(59:10),TG(58:3)]_FA18:1",1251.620086669922,1170.1200714111328,1629.380107879639,1180.940086364746,1142.1200828552246,1474.820087432861,1632.1401176452637,1668.380126953125
"[TG(59:10),TG(58:3)]_FA18:2",1324.8000869750977,1293.7000846862793,1476.920078277588,1282.6600799560547,1690.1201210021973,1525.2601013183594,1648.6800956726074,1647.760124206543
"[TG(59:10),TG(58:3)]_FA18:3",1224.6400871276855,1187.5600852966309,1201.7400741577148,1166.220085144043,1162.0600814819336,1214.3000793457031,1188.1200828552246,1169.3400764465332
"[TG(59:10),TG(58:3)]_FA20:4",1265.6600952148438,1270.7200813293457,1285.56010055542,1296.4600982666016,1246.0200843811035,1296.8000831604004,1247.7400856018066,1251.0000839233398
"[TG(59:10),TG(58:3)]_FA22:5",1437.7201118469238,1376.7800941467283,1376.6200981140137,1458.5801010131836,1375.6400985717771,1378.60009765625,1385.9801063537598,1375.5600967407229
"[TG(59:10),TG(58:3)]_FA22:6",1536.200096130371,1508.940113067627,1558.5401039123535,1653.6201210021973,1547.1401023864746,1538.460105895996,1628.7201118469238,1593.840114593506
"[TG(59:11),TG(58:4)]_FA14:0",1012.960075378418,1014.1600685119628,1078.9000778198242,1011.8800659179688,1008.740077972412,1008.6000747680664,1013.2200736999512,1055.5800666809082
"[TG(59:11),TG(58:4)]_FA16:0",1010.3000679016112,1006.0800628662108,1055.4000625610352,1011.1200714111328,1022.1400718688964,1066.4600639343262,1054.7600631713867,1027.2400703430176
"[TG(59:11),TG(58:4)]_FA16:1",1069.340072631836,1055.1800804138184,1052.6800651550293,1071.520076751709,1048.1400756835938,1066.6600723266602,1090.0200691223145,1074.600082397461
"[TG(59:11),TG(58:4)]_FA18:0",1014.1600723266602,1079.3800735473633,1028.7600708007812,1066.340072631836,1087.1400756835938,1072.5200691223145,1086.1000785827637,1045.3400650024414
"[TG(59:11),TG(58:4)]_FA18:1",1351.0001029968262,1400.4201202392578,1586.0401229858398,1181.0200843811035,1154.100082397461,1220.520092010498,1592.5401229858398,1808.7001190185547
"[TG(59:11),TG(58:4)]_FA18:2",1478.1800994873047,1690.820110321045,1517.2000885009766,1456.500099182129,1955.9001235961916,1755.1201095581057,2041.840145111084,2228.100170135498
"[TG(59:11),TG(58:4)]_FA18:3",1215.4200859069824,1166.820087432861,1191.2000846862793,1187.280086517334,1162.1200790405271,1194.1600723266602,1197.9200820922852,1219.1400909423828
"[TG(59:11),TG(58:4)]_FA20:4",1341.260097503662,1270.840087890625,1290.640079498291,1302.1400985717771,1254.480094909668,1337.1800804138184,1247.5800819396973,1278.820087432861
"[TG(59:11),TG(58:4)]_FA22:5",1410.2601013183594,1463.860092163086,1377.760097503662,1398.620101928711,1376.8201026916504,1380.0200881958008,1476.0200996398926,1377.360092163086
"[TG(59:11),TG(58:4)]_FA22:6",1554.8200988769531,1508.6601104736328,1502.7401008605957,1510.900104522705,1531.58012008667,1509.6801071166992,1567.5801010131836,1567.6601028442385
"[TG(59:12),TG(58:5)]_FA14:0",1096.3000717163086,1012.9800720214844,1047.340068817139,1039.4000701904297,1033.5200691223145,1008.9800834655762,1029.1400756835938,1012.0800743103028
"[TG(59:12),TG(58:5)]_FA16:0",1048.0800704956057,1005.3400650024414,1202.240077972412,1090.9000701904297,1230.960090637207,1081.2200813293457,1616.6601181030271,1172.640079498291
"[TG(59:12),TG(58:5)]_FA16:1",1050.7200622558594,1054.6800804138184,1062.3000793457031,1059.280071258545,1048.240062713623,1098.5400733947754,1048.920066833496,1049.8000717163086
"[TG(59:12),TG(58:5)]_FA18:0",1031.6000633239746,1189.2200813293457,1199.6400833129885,1051.0800704956057,1102.4400825500488,1368.860107421875,1283.5000801086426,1010.9800682067872
"[TG(59:12),TG(58:5)]_FA18:1",1244.5400886535645,1354.260082244873,1741.58012008667,1180.8000793457031,1136.0800895690918,1290.7201042175293,1360.3600959777832,1680.0401153564453
"[TG(59:12),TG(58:5)]_FA18:2",1454.0401153564453,1425.320095062256,2085.5201301574707,1685.760124206543,1863.7601356506348,1569.9201202392578,1755.0201225280762,2294.6401290893555
"[TG(59:12),TG(58:5)]_FA18:3",1255.2200775146484,1301.0200958251953,1206.5000839233398,1220.320083618164,1163.460075378418,1270.2800827026367,1165.6400909423828,1212.980094909668
"[TG(59:12),TG(58:5)]_FA20:4",1714.4801139831543,1853.8801345825195,1458.6001091003418,1665.7001152038574,1252.400089263916,1584.3000946044922,1529.0801162719729,1307.4600982666016
"[TG(59:12),TG(58:5)]_FA22:5",1446.4201049804688,1482.2401123046875,1463.8000984191897,1396.860088348389,1374.6000900268557,1468.3800964355469,1485.0601043701172,1442.5000953674316
"[TG(59:12),TG(58:5)]_FA22:6",1512.720100402832,1512.5001106262207,1540.640106201172,1500.8201141357422,1527.7601203918457,1497.5201110839844,1671.5401229858398,1542.1601066589355
"[TG(59:13),TG(58:6)]_FA14:0",1013.7400703430176,1012.1200637817384,1016.0200729370116,1033.6000747680664,1009.2000694274902,1009.0000801086426,1080.1600646972656,1011.4200706481934
"[TG(59:13),TG(58:6)]_FA16:0",1234.60009765625,1348.7400970458984,1132.9400749206543,1197.2200889587402,1634.0401191711426,1106.7000770568848,2701.520160675049,1787.100128173828
"[TG(59:13),TG(58:6)]_FA16:1",1095.1600799560547,1055.440071105957,1059.1600723266602,1055.2600784301758,1057.3400764465332,1062.9400749206543,1218.4200859069824,1049.560073852539
"[TG(59:13),TG(58:6)]_FA18:0",1183.5800857543943,1278.0800971984863,1372.5801010131836,1325.1000938415527,1230.0600852966309,1284.3000984191897,1506.3000984191897,1163.480079650879
"[TG(59:13),TG(58:6)]_FA18:1",1684.300121307373,1687.5601272583008,1440.4401092529297,1481.5000839233398,1252.3600959777832,1489.9800987243652,1693.1001205444336,2465.0601806640625
"[TG(59:13),TG(58:6)]_FA18:2",1299.0000801086426,1405.9400825500488,1960.0201110839844,1746.1401252746582,1777.7201042175293,1292.5400886535645,2122.3001594543457,2687.2002296447754
"[TG(59:13),TG(58:6)]_FA18:3",1301.9800872802734,1328.7200889587402,1260.8000984191897,1222.1200790405271,1218.6400909423828,1292.4800872802734,1225.5800971984863,1169.8400840759275
"[TG(59:13),TG(58:6)]_FA20:4",1880.7201347351076,2590.000156402588,1808.880107879639,2208.3001594543457,1386.020092010498,1835.1801528930664,1753.7801322937012,1560.6600952148438
"[TG(59:13),TG(58:6)]_FA22:5",1656.140106201172,2229.2201385498047,1620.7601013183594,2334.3601875305176,1731.8001251220703,1832.9401321411133,3408.840232849121,1886.4801216125488
"[TG(59:13),TG(58:6)]_FA22:6",1557.9201126098633,1545.260108947754,1557.840106964111,1591.2201080322266,1713.9601020812988,1548.220100402832,2712.240177154541,1776.0801315307615
"[TG(59:9),TG(58:2)]_FA14:0",1025.7200775146484,1034.0400772094729,1012.2800750732422,1012.2200736999512,1029.1200675964355,1009.240077972412,1012.1800765991212,1011.4400787353516
"[TG(59:9),TG(58:2)]_FA16:0",1119.4400787353516,1036.1800689697266,1084.560073852539,1111.700065612793,1248.6000938415527,1084.3400764465332,1370.2600860595703,1108.8600769042969
"[TG(59:9),TG(58:2)]_FA16:1",1114.420078277588,1055.280071258545,1052.500072479248,1118.1000785827637,1048.6400718688965,1098.3000831604004,1095.5200729370115,1050.100067138672
"[TG(59:9),TG(58:2)]_FA18:0",1036.480079650879,1076.020076751709,1011.7800712585448,1053.9200744628906,1012.9000625610352,1017.040069580078,1142.6000862121582,1045.54008102417
"[TG(59:9),TG(58:2)]_FA18:1",1273.3000946044922,1181.0800743103027,1106.500072479248,1054.080078125,1154.4000816345217,1082.4600791931152,1209.5400924682615,1240.5600776672363
"[TG(59:9),TG(58:2)]_FA18:2",1173.3200759887695,1139.820083618164,1221.3400764465332,1131.360080718994,1195.460075378418,1139.3200721740725,1150.7600746154783,1331.720100402832
"[TG(59:9),TG(58:2)]_FA18:3",1178.4200706481934,1168.0600852966309,1166.740077972412,1166.0000801086426,1178.6600723266602,1190.280071258545,1165.3400840759275,1218.0400886535645
"[TG(59:9),TG(58:2)]_FA20:4",1273.3800926208496,1253.380084991455,1259.020092010498,1289.6200942993164,1247.4800910949707,1258.5200881958008,1248.4600868225098,1247.5800895690918
"[TG(59:9),TG(58:2)]_FA22:5",1460.240104675293,1404.8000946044922,1389.180103302002,1452.9201126098633,1409.5201110839844,1394.380100250244,1418.8600959777832,1397.7400856018066
"[TG(59:9),TG(58:2)]_FA22:6",1729.5601348876953,1547.1401138305664,1615.2201194763184,1674.340103149414,1526.140106201172,1507.600112915039,1698.420124053955,1599.8401260375977
"[TG(60:10),TG(59:3)]_FA14:0",1014.1600685119628,1012.6600685119628,1013.4200630187988,1019.4400749206544,1009.3800773620604,1008.5400733947754,1012.6400756835938,1010.860080718994
"[TG(60:10),TG(59:3)]_FA16:0",1013.2800636291504,1055.060073852539,1041.880069732666,1082.7600746154783,1132.3200798034668,1017.4800796508788,1374.660083770752,1077.2400741577148
"[TG(60:10),TG(59:3)]_FA16:1",1064.6800842285156,1055.6200675964355,1050.9400672912598,1072.1400718688965,1047.5200729370115,1049.1200714111328,1135.300067901611,1065.0800704956057
"[TG(60:10),TG(59:3)]_FA18:0",1012.500072479248,1031.6800727844238,1012.3000679016112,1111.320083618164,1050.4000701904297,1035.6000747680664,1087.980079650879,1024.380069732666
"[TG(60:10),TG(59:3)]_FA18:1",1089.1400718688965,1157.6400718688965,1098.3000717163086,1053.6000785827637,1056.8600692749023,1131.0200653076172,1057.0200729370115,1167.4600791931152
"[TG(60:10),TG(59:3)]_FA18:2",1189.4000778198242,1230.1000938415527,1473.1601104736328,1278.7400741577148,1129.500072479248,1260.7000885009766,1340.760097503662,1240.7600746154783
"[TG(60:10),TG(59:3)]_FA18:3",1268.6600799560547,1242.8400840759275,1220.9400749206543,1267.4800910949707,1204.3800811767578,1213.1200828552246,1273.580093383789,1247.9400787353516
"[TG(60:10),TG(59:3)]_FA20:4",1360.9200859069824,1968.1001167297363,1361.6000862121582,2030.540138244629,1304.2000923156738,1546.0001106262207,1549.9201126098633,1396.4800987243652
"[TG(60:10),TG(59:3)]_FA22:5",1918.580139160156,1819.200134277344,1656.840114593506,1881.6201438903809,1597.7801055908203,1580.6001205444336,2798.18017578125,1644.6401138305664
"[TG(60:10),TG(59:3)]_FA22:6",2458.9601821899414,2556.4202003479004,2845.600196838379,3106.820266723633,2051.140148162842,2341.400161743164,6462.160488128662,2721.260185241699
"[TG(60:11),TG(59:4)]_FA14:0",1046.6200675964355,1013.1200675964355,1013.1600685119628,1041.840061187744,1009.2400741577148,1009.0600662231444,1012.900074005127,1011.340072631836
"[TG(60:11),TG(59:4)]_FA16:0",1007.5600662231444,1057.5200805664062,1010.1000709533693,1007.1600723266602,1019.880069732666,1075.5200843811035,1717.5000915527344,1030.3600692749023
"[TG(60:11),TG(59:4)]_FA16:1",1049.9400672912598,1075.7200736999512,1090.660083770752,1120.600067138672,1048.360065460205,1049.400074005127,1059.300075531006,1049.780071258545
"[TG(60:11),TG(59:4)]_FA18:0",1011.9000701904296,1039.480079650879,1012.9400672912598,1009.2000732421876,1012.8600730895996,1097.4200859069824,1009.8600692749023,1010.7200813293456
"[TG(60:11),TG(59:4)]_FA18:1",1056.1600723266602,1100.4000778198242,1052.300064086914,1067.0000686645508,1058.5600776672363,1124.4800758361816,1141.5400848388672,1113.5000762939453
"[TG(60:11),TG(59:4)]_FA18:2",1158.600082397461,1198.340087890625,1415.8400917053225,1306.8800773620603,1319.7200965881348,1296.7800941467283,1228.620086669922,1246.9000854492188
"[TG(60:11),TG(59:4)]_FA18:3",1249.3000946044922,1271.6800918579102,1268.820087432861,1241.4400939941406,1203.9000778198242,1213.6400833129885,1268.960090637207,1239.6600952148438
"[TG(60:11),TG(59:4)]_FA20:4",1515.3400993347168,1691.540111541748,1371.7400970458984,1397.1000862121582,1288.3400955200195,1503.9001083374023,1790.8201332092283,1529.9800987243652
"[TG(60:11),TG(59:4)]_FA22:5",1912.5401306152344,1494.2401237487793,1408.56010055542,1746.5401306152344,1388.420093536377,1710.1201057434082,2222.5001640319824,1576.7201118469238
"[TG(60:11),TG(59:4)]_FA22:6",2885.660186767578,3015.1401977539062,2848.900245666504,3296.460220336914,2245.000141143799,2755.660202026367,6354.360256195068,3550.4002380371094
"[TG(60:12),TG(59:5)]_FA14:0",1013.5000648498536,1012.2600746154784,1012.8200759887696,1012.0800743103028,1009.0000686645508,1009.1800689697266,1018.2600784301758,1011.4400634765624
"[TG(60:12),TG(59:5)]_FA16:0",1061.7600746154783,1011.0800704956056,1069.7600784301758,1007.3600654602052,1104.0400772094729,1049.1000747680664,1503.7201118469238,1211.8600845336914
"[TG(60:12),TG(59:5)]_FA16:1",1050.220069885254,1056.1400756835938,1081.1000785827637,1049.960075378418,1048.2200736999512,1049.4400634765625,1098.1600799560547,1049.1600723266602
"[TG(60:12),TG(59:5)]_FA18:0",1011.3800811767578,1018.4200706481934,1032.1600799560547,1009.3600692749023,1012.5600700378418,1013.880069732666,1011.0600738525392,1029.0800743103027
"[TG(60:12),TG(59:5)]_FA18:1",1077.0600776672363,1055.7000770568848,1052.4000816345217,1075.6800842285156,1056.4000778198242,1055.360080718994,1057.1600761413574,1055.240089416504
"[TG(60:12),TG(59:5)]_FA18:2",1127.9000816345217,1128.200080871582,1158.9600868225098,1165.680088043213,1128.8800735473633,1156.04008102417,1201.8600845336914,1385.2201080322266
"[TG(60:12),TG(59:5)]_FA18:3",1229.8800811767578,1219.4200897216797,1229.6200790405271,1208.7600860595703,1205.0800857543943,1232.680088043213,1207.8000869750977,1211.0600776672363
"[TG(60:12),TG(59:5)]_FA20:4",1430.6000900268557,1674.820140838623,1493.7000923156738,1844.1801109313965,1246.9400825500488,1518.1201171875,1486.100082397461,1402.520092010498
"[TG(60:12),TG(59:5)]_FA22:5",1468.1000938415527,1578.280117034912,1415.3800888061523,1485.880107879639,1396.6800994873047,1425.5401000976562,1506.9201126098633,1418.6601028442385
"[TG(60:12),TG(59:5)]_FA22:6",2465.880187988281,2294.5801849365234,2639.880207061768,3384.2402114868164,1959.480136871338,2169.7401237487798,7179.340400695801,2950.2402114868164
"[TG(60:13),TG(59:6)]_FA14:0",1032.0800704956057,1012.2800712585448,1013.000072479248,1011.6000747680664,1064.8600730895996,1023.1400718688964,1045.0400733947754,1010.5000648498536
"[TG(60:13),TG(59:6)]_FA16:0",1018.820068359375,1054.5800704956057,1068.7400665283203,1018.6200675964355,1029.3000793457031,1011.5600738525392,1065.2600746154783,1004.7800712585448
"[TG(60:13),TG(59:6)]_FA16:1",1049.8600616455078,1055.6200714111328,1052.0800743103027,1065.9200630187988,1069.6800651550293,1048.540069580078,1079.8800659179688,1049.5800743103027
"[TG(60:13),TG(59:6)]_FA18:0",1012.0600662231444,1011.3600730895996,1012.260082244873,1019.6000709533693,1012.380069732666,1010.9600639343262,1039.8600730895996,1010.5800743103028
"[TG(60:13),TG(59:6)]_FA18:1",1073.300075531006,1055.8600616455078,1053.1200828552246,1054.6800651550293,1057.800075531006,1099.760082244873,1057.000072479248,1089.3200721740725
"[TG(60:13),TG(59:6)]_FA18:2",1129.0400924682615,1127.9000778198242,1134.360065460205,1125.3000869750977,1129.4000778198242,1240.3800735473633,1129.3200721740725,1125.9200744628906
"[TG(60:13),TG(59:6)]_FA18:3",1191.640079498291,1239.3800926208496,1167.780086517334,1166.3400840759275,1205.620086669922,1212.6600914001465,1207.4600868225098,1210.9200820922852
"[TG(60:13),TG(59:6)]_FA20:4",1282.3000831604004,1275.0400848388672,1339.6000938415527,1275.040096282959,1272.800090789795,1247.000099182129,1247.8400802612305,1248.9400901794434
"[TG(60:13),TG(59:6)]_FA22:5",1378.3200988769531,1414.860107421875,1438.8001098632812,1386.260097503662,1375.820095062256,1379.1600914001465,1375.1200942993164,1374.7800941467283
"[TG(60:13),TG(59:6)]_FA22:6",1698.0401306152344,1632.3001251220703,1543.820110321045,1500.4401092529297,1507.60009765625,1585.2801055908203,2483.3401985168457,1706.5201225280762
"[TG(60:14),TG(59:7),TG(58:0)]_FA14:0",1039.5400772094729,1046.880069732666,1012.5800743103028,1079.3200721740725,1055.480079650879,1034.0400657653809,1012.7600746154784,1010.9600715637208
"[TG(60:14),TG(59:7),TG(58:0)]_FA16:0",1078.6400756835938,1120.5800666809082,1177.9200820922852,1082.5600662231443,1083.840087890625,1257.3800888061523,1162.4200859069824,1307.3800888061523
"[TG(60:14),TG(59:7),TG(58:0)]_FA16:1",1051.0800819396973,1056.140079498291,1052.020076751709,1078.3800773620603,1048.6600761413574,1079.420066833496,1048.4400596618652,1049.9600715637207
"[TG(60:14),TG(59:7),TG(58:0)]_FA18:0",1042.3600730895996,1011.1600723266602,1011.9000701904296,1019.3600769042968,1098.820083618164,1043.0800743103027,1019.1800689697266,1011.0800819396972
"[TG(60:14),TG(59:7),TG(58:0)]_FA18:1",1074.9600830078125,1067.6000709533691,1096.2800750732422,1054.840072631836,1056.5000648498535,1055.3800659179688,1056.6400871276855,1054.8200759887695
"[TG(60:14),TG(59:7),TG(58:0)]_FA18:2",1128.4000816345217,1127.62007522583,1338.120086669922,1125.240077972412,1169.4800872802734,1129.2800750732422,1179.8000793457031,1134.5000762939453
"[TG(60:14),TG(59:7),TG(58:0)]_FA18:3",1167.9800872802734,1199.580078125,1188.8000869750977,1251.920078277588,1162.480068206787,1185.4200744628906,1217.4800872802734,1169.2800827026367
"[TG(60:14),TG(59:7),TG(58:0)]_FA20:4",1297.6800842285156,1252.7000885009766,1302.2800941467283,1375.14009475708,1245.940097808838,1281.1200790405271,1261.3000869750977,1279.160083770752
"[TG(60:14),TG(59:7),TG(58:0)]_FA22:5",1474.8601036071775,1413.5401000976562,1415.5000953674316,1450.3600997924805,1395.7600936889648,1417.7400970458984,1434.260097503662,1489.580108642578
"[TG(60:14),TG(59:7),TG(58:0)]_FA22:6",1556.600112915039,1575.340106964111,1503.3201026916504,1500.4401054382324,1558.4801177978516,1503.5801124572754,1566.0001106262207,1579.7401161193848
"[TG(60:15),TG(59:8),TG(58:1)]_FA14:0",1013.0200691223145,1011.740077972412,1013.2400665283204,1012.7600746154784,1021.9000663757324,1037.340068817139,1012.8800659179688,1034.6600761413574
"[TG(60:15),TG(59:8),TG(58:1)]_FA16:0",1032.0200805664062,1006.6200637817384,1025.4600677490234,1006.8000793457032,1015.0800628662108,1066.5000686645508,1095.4800758361816,1167.1000785827637
"[TG(60:15),TG(59:8),TG(58:1)]_FA16:1",1053.720069885254,1123.8800811767578,1077.6000862121582,1138.180088043213,1053.4800643920898,1067.2000770568848,1048.4400672912598,1048.8000717163086
"[TG(60:15),TG(59:8),TG(58:1)]_FA18:0",1012.0400657653807,1062.7600746154783,1017.880069732666,1017.4400672912598,1012.1600608825684,1022.7200775146484,1036.840072631836,1010.380069732666
"[TG(60:15),TG(59:8),TG(58:1)]_FA18:1",1102.3400917053225,1055.6600799560547,1168.000087738037,1067.800067901611,1059.8800659179688,1070.6000785827637,1208.280086517334,1066.7000770568848
"[TG(60:15),TG(59:8),TG(58:1)]_FA18:2",1129.7000770568848,1165.5400772094729,1185.5000762939453,1124.6600799560547,1277.8000946044922,1134.8800811767578,1170.2600860595703,1139.880084991455
"[TG(60:15),TG(59:8),TG(58:1)]_FA18:3",1166.9000816345217,1167.0200805664062,1253.7200927734375,1187.4600868225098,1162.8000869750977,1172.020076751709,1165.3600769042969,1174.3200798034668
"[TG(60:15),TG(59:8),TG(58:1)]_FA20:4",1279.3201026916504,1311.6800918579102,1255.7800903320312,1324.1600875854492,1247.3200912475586,1321.2600898742676,1247.5400886535645,1275.8600845336914
"[TG(60:15),TG(59:8),TG(58:1)]_FA22:5",1454.2200889587402,1394.7400970458984,1391.6200904846191,1500.9801063537598,1408.9200973510742,1378.7800941467283,1380.6400985717771,1465.8801040649414
"[TG(60:15),TG(59:8),TG(58:1)]_FA22:6",1619.260108947754,1560.240104675293,1659.3201141357422,1569.5201110839844,1557.860107421875,1549.2401084899902,1827.5601272583008,1525.8601112365725
"[TG(60:8),TG(59:1)]_FA14:0",1026.6400756835938,1057.5800704956057,1033.840072631836,1012.6200828552246,1069.9200820922852,1061.3400650024414,1012.6600723266602,1051.380069732666
"[TG(60:8),TG(59:1)]_FA16:0",1041.7800636291504,1006.3400688171388,1076.8600730895996,1049.8600769042969,1060.4200706481934,1029.0600700378418,1204.860080718994,1029.9600677490234
"[TG(60:8),TG(59:1)]_FA16:1",1051.2600708007812,1058.760066986084,1051.840068817139,1079.0600814819336,1047.980079650879,1049.500072479248,1048.000072479248,1092.9200820922852
"[TG(60:8),TG(59:1)]_FA18:0",1012.3000717163086,1074.9800834655762,1049.6800804138184,1013.3600769042968,1014.12007522583,1011.8600616455078,1011.3800659179688,1010.2800674438477
"[TG(60:8),TG(59:1)]_FA18:1",1220.420093536377,1151.1400756835938,1315.7000885009766,1269.5600776672363,1102.720085144043,1120.680088043213,1264.6800804138184,1626.7201080322266
"[TG(60:8),TG(59:1)]_FA18:2",1303.840087890625,1243.0800857543943,1290.360088348389,1203.2800903320312,1389.4200897216797,1137.3600769042969,1212.3800811767578,1876.8801383972168
"[TG(60:8),TG(59:1)]_FA18:3",1209.4800872802734,1237.300090789795,1286.0600852966309,1280.240089416504,1204.4000854492188,1242.680088043213,1240.8800811767578,1277.800090789795
"[TG(60:8),TG(59:1)]_FA20:4",1484.9401054382324,1538.9600982666016,1349.1800918579102,1351.980094909668,1325.000087738037,1423.0401077270508,1428.8001022338867,1352.6601028442385
"[TG(60:8),TG(59:1)]_FA22:5",1849.820125579834,1798.8601188659668,1584.1201171875,1884.6801376342771,1563.620101928711,1806.6001243591309,1878.9201354980469,1711.560115814209
"[TG(60:8),TG(59:1)]_FA22:6",2163.7401695251465,2196.880146026612,2294.3001594543457,2424.840175628662,1929.180156707764,2230.8401527404785,4883.740398406982,2418.0001640319824
"[TG(60:9),TG(59:2)]_FA14:0",1019.4400749206544,1013.080078125,1013.3200798034668,1012.3600730895996,1009.5600700378418,1009.7200660705566,1012.6000709533693,1011.3400688171388
"[TG(60:9),TG(59:2)]_FA16:0",1067.62007522583,1012.2800674438477,1032.9800758361816,1051.2200775146484,1054.140079498291,1013.6200675964355,1241.720100402832,1098.7400588989258
"[TG(60:9),TG(59:2)]_FA16:1",1224.0000801086426,1112.2000770568848,1095.8400802612305,1052.8200721740725,1048.800067901611,1112.2600593566897,1050.7400703430176,1049.4600715637207
"[TG(60:9),TG(59:2)]_FA18:0",1087.2000694274902,1030.8800659179688,1046.900089263916,1009.760066986084,1012.900074005127,1011.7800674438477,1043.480068206787,1056.8800773620603
"[TG(60:9),TG(59:2)]_FA18:1",1136.8400802612305,1075.4200744628906,1052.4200820922852,1182.0600814819336,1081.8600692749023,1211.880084991455,1210.700096130371,1144.8400764465332
"[TG(60:9),TG(59:2)]_FA18:2",1203.5400772094729,1188.4200859069824,1654.3001136779783,1530.700096130371,1333.9200820922852,1227.700080871582,1419.7000999450684,1752.6601295471191
"[TG(60:9),TG(59:2)]_FA18:3",1245.5600814819336,1221.2200775146484,1219.8000831604004,1209.2600860595703,1308.640079498291,1252.1600799560547,1264.080093383789,1210.8400802612305
"[TG(60:9),TG(59:2)]_FA20:4",1315.3200988769531,1509.000114440918,1461.1000900268557,1526.7601127624512,1293.9600830078125,1299.1200942993164,1408.0201034545898,1342.7400932312012
"[TG(60:9),TG(59:2)]_FA22:5",1679.6201133728027,1822.8201179504397,1606.2801322937012,1758.6001358032229,1600.6601028442385,1578.1201095581057,1853.7401237487795,1902.4801216125488
"[TG(60:9),TG(59:2)]_FA22:6",2318.9601707458496,2697.120204925537,2316.2601585388184,3129.0202407836914,1944.7801361083984,2199.300148010254,4592.340305328369,3220.3802223205566
"[TG(61:10),TG(60:3)]_FA14:0",1014.0200653076172,1012.9600677490234,1012.0600738525392,1022.8800621032716,1093.0600814819336,1009.4400634765624,1033.6000709533691,1025.9800720214844
"[TG(61:10),TG(60:3)]_FA16:0",1008.4000701904296,1006.1000709533693,1004.3000679016112,1005.640064239502,1028.4200744628906,1055.3600845336914,1003.4800682067872,1003.9400596618652
"[TG(61:10),TG(60:3)]_FA16:1",1058.5000801086426,1055.6600723266602,1051.6000747680664,1050.2000732421875,1047.0400657653809,1049.000072479248,1048.5600700378418,1049.5800704956057
"[TG(61:10),TG(60:3)]_FA18:0",1012.3000564575196,1024.7000694274902,1012.4200706481934,1037.4800643920898,1012.7800712585448,1011.580078125,1029.660068511963,1011.3200798034668
"[TG(61:10),TG(60:3)]_FA18:1",1073.0200729370115,1055.5600852966309,1064.1000747680664,1082.4200859069824,1064.9200706481934,1136.260082244873,1265.100082397461,1055.0400733947754
"[TG(61:10),TG(60:3)]_FA18:2",1273.720085144043,1129.2000694274902,1328.7000885009766,1237.1200942993164,1181.240077972412,1348.0000953674316,1130.2600784301758,1167.580078125
"[TG(61:10),TG(60:3)]_FA18:3",1209.3800659179688,1209.2000923156738,1209.1000900268557,1267.820095062256,1203.400089263916,1224.7000885009766,1206.820095062256,1210.6800842285156
"[TG(61:10),TG(60:3)]_FA20:4",1291.4201011657717,1294.5400924682615,1293.5400848388672,1289.0200996398926,1288.460090637207,1312.6800918579102,1288.8800888061523,1289.6800918579102
"[TG(61:10),TG(60:3)]_FA22:5",1418.9001007080078,1408.9001007080078,1394.7400856018066,1391.3400840759275,1375.280101776123,1406.000087738037,1418.5201034545898,1375.220085144043
"[TG(61:10),TG(60:3)]_FA22:6",1526.0801239013672,1498.800106048584,1542.9000968933103,1500.500099182129,1516.0801010131836,1526.1001091003418,1543.7000999450684,1525.4001159667969
"[TG(61:11),TG(60:4)]_FA14:0",1014.1200675964355,1036.2400703430176,1012.8800735473632,1011.5200653076172,1009.2800712585448,1008.3800659179688,1031.7600784301758,1010.9800796508788
"[TG(61:11),TG(60:4)]_FA16:0",1008.4600715637208,1006.0200691223145,1018.840061187744,1006.6400718688964,1077.4000663757324,1011.8400802612304,1003.640079498291,1005.0200653076172
"[TG(61:11),TG(60:4)]_FA16:1",1050.1000747680664,1056.0600814819336,1053.2000732421875,1050.8200798034668,1047.9200706481934,1063.6400680541992,1048.8800735473633,1049.540069580078
"[TG(61:11),TG(60:4)]_FA18:0",1012.500072479248,1010.720058441162,1012.1600761413574,1009.5600700378418,1012.7400665283204,1011.0000762939452,1046.8800773620603,1011.2600746154784
"[TG(61:11),TG(60:4)]_FA18:1",1067.0800819396973,1072.9200706481934,1086.920066833496,1067.800075531006,1076.700080871582,1097.940086364746,1232.7401008605957,1304.240104675293
"[TG(61:11),TG(60:4)]_FA18:2",1128.3000793457031,1183.700080871582,1567.7001190185547,1174.0600776672363,1181.3600845336914,1143.0600776672363,1209.240089416504,1267.9800872802734
"[TG(61:11),TG(60:4)]_FA18:3",1209.180088043213,1270.6400833129885,1209.6600952148438,1215.2000923156738,1204.0000839233398,1213.7200775146484,1217.9800834655762,1211.320095062256
"[TG(61:11),TG(60:4)]_FA20:4",1291.6800956726074,1294.3600845336914,1294.2400932312012,1311.7200927734375,1288.8400764465332,1383.5000915527344,1322.1401023864746,1349.160099029541
"[TG(61:11),TG(60:4)]_FA22:5",1410.7000885009766,1377.7200927734375,1377.700096130371,1413.6400985717771,1376.4601020812988,1449.760097503662,1374.5200996398926,1418.1401023864746
"[TG(61:11),TG(60:4)]_FA22:6",1498.9401092529297,1541.0801277160645,1502.5000953674316,1508.2800979614258,1500.800106048584,1497.2601127624512,1557.4001121520996,1592.5801124572754
"[TG(61:12),TG(60:5)]_FA14:0",1012.7800788879396,1012.6800765991212,1011.440071105957,1011.720069885254,1052.62007522583,1008.5800704956056,1012.0200653076172,1011.2000770568848
"[TG(61:12),TG(60:5)]_FA16:0",1008.140079498291,1006.3400688171388,1028.820068359375,1006.4800643920898,1018.7200736999512,1013.0000801086426,1084.1200675964355,1037.200065612793
"[TG(61:12),TG(60:5)]_FA16:1",1050.9200744628906,1056.2400741577148,1083.680076599121,1049.580078125,1047.4000701904297,1049.7400703430176,1060.100067138672,1049.480079650879
"[TG(61:12),TG(60:5)]_FA18:0",1012.4200744628906,1011.540069580078,1103.4400749206543,1009.5400733947754,1013.5600776672364,1011.7600746154784,1021.080078125,1041.6800842285156
"[TG(61:12),TG(60:5)]_FA18:1",1064.940071105957,1071.2600784301758,1052.3400802612305,1054.920066833496,1128.660083770752,1057.060073852539,1197.7000770568848,1055.640064239502
"[TG(61:12),TG(60:5)]_FA18:2",1153.2800788879397,1286.1000862121582,1366.0000839233398,1128.4600791931152,1387.6200942993164,1246.1000900268557,1162.3000717163086,1378.2400970458984
"[TG(61:12),TG(60:5)]_FA18:3",1210.4600830078125,1382.1000938415527,1260.0000915527344,1254.3800926208496,1204.6200942993164,1213.6200790405271,1208.180088043213,1210.8800964355469
"[TG(61:12),TG(60:5)]_FA20:4",1357.7800941467283,1410.4000854492188,1321.5200843811035,1288.6400909423828,1309.7200889587402,1354.1600952148438,1334.8800926208496,1290.3000984191897
"[TG(61:12),TG(60:5)]_FA22:5",1376.500087738037,1377.0600929260254,1386.6200904846191,1436.6201095581057,1418.0200996398926,1378.660099029541,1374.3800888061523,1421.5600814819336
"[TG(61:12),TG(60:5)]_FA22:6",1522.020107269287,1584.740119934082,1572.9401054382324,1579.0601081848145,1500.3201179504397,1562.960117340088,1571.340114593506,1495.560115814209
"[TG(61:13),TG(60:6)]_FA14:0",1014.4000701904296,1012.9800682067872,1013.0600738525392,1012.4000701904296,1008.3200759887696,1008.5800628662108,1049.0000801086426,1053.2000732421875
"[TG(61:13),TG(60:6)]_FA16:0",1048.9200859069824,1035.8800735473633,1039.6600646972656,1007.1600723266602,1097.240077972412,1042.1200828552246,1213.4200973510742,1063.4000663757324
"[TG(61:13),TG(60:6)]_FA16:1",1074.3400764465332,1056.3600730895996,1053.0000686645508,1085.4200859069824,1047.8000717163086,1049.2600784301758,1048.12007522583,1048.580062866211
"[TG(61:13),TG(60:6)]_FA18:0",1012.0200653076172,1078.580078125,1024.9200706481934,1027.2400703430176,1049.840072631836,1015.1800727844238,1103.460075378418,1010.8200721740724
"[TG(61:13),TG(60:6)]_FA18:1",1116.760082244873,1167.680088043213,1266.8400917053225,1150.0000801086426,1103.5000648498535,1099.0400886535645,1163.160083770752,1137.640079498291
"[TG(61:13),TG(60:6)]_FA18:2",1152.6000785827637,1128.1200790405271,1140.1400756835938,1137.260082244873,1137.280086517334,1164.9800720214844,1165.7200775146484,1233.0400924682615
"[TG(61:13),TG(60:6)]_FA18:3",1209.5200881958008,1248.4600868225098,1233.6800804138184,1280.1000862121582,1231.300090789795,1240.0400772094729,1275.4400901794434,1380.8200988769531
"[TG(61:13),TG(60:6)]_FA20:4",1314.220085144043,1414.8800926208496,1400.6400985717771,1311.220100402832,1338.0600967407229,1396.4600982666016,1346.8001022338867,1290.9201011657717
"[TG(61:13),TG(60:6)]_FA22:5",1533.140106201172,1462.4200897216797,1397.2400932312012,1418.7000846862793,1406.4000930786133,1428.0800971984863,1525.8601112365725,1416.9801025390625
"[TG(61:13),TG(60:6)]_FA22:6",1569.7401008605957,1501.5001029968262,1560.3600997924805,1559.3400955200195,1586.560115814209,1505.840114593506,1658.06010055542,1510.8400993347168
"[TG(61:14),TG(60:7),TG(59:0)]_FA14:0",1027.8400802612305,1011.7800788879396,1029.000072479248,1046.240077972412,1009.020076751709,1008.7400703430176,1058.9400825500488,1075.4800720214844
"[TG(61:14),TG(60:7),TG(59:0)]_FA16:0",1052.0800704956057,1007.2800750732422,1081.280071258545,1007.6200714111328,1130.1400871276855,1049.9400787353516,1148.0400733947754,1073.1600761413574
"[TG(61:14),TG(60:7),TG(59:0)]_FA16:1",1050.4600715637207,1089.7400817871094,1053.1800804138184,1050.040069580078,1047.3800735473633,1052.0800666809082,1048.5000762939453,1049.9200744628906
"[TG(61:14),TG(60:7),TG(59:0)]_FA18:0",1065.920078277588,1093.100082397461,1087.8400764465332,1017.4400749206544,1093.1800804138184,1017.7000770568848,1074.0400772094729,1039.060073852539
"[TG(61:14),TG(60:7),TG(59:0)]_FA18:1",1176.2800788879397,1061.4400787353516,1078.1200790405271,1168.6400871276855,1081.7800827026367,1146.9800758361816,1171.7400817871094,1098.5200843811035
"[TG(61:14),TG(60:7),TG(59:0)]_FA18:2",1159.5400772094729,1176.960075378418,1316.040096282959,1298.1401023864746,1324.880084991455,1194.5000801086426,1225.2800827026367,1471.6800956726074
"[TG(61:14),TG(60:7),TG(59:0)]_FA18:3",1267.4400901794434,1209.980068206787,1210.3400802612305,1233.7200927734375,1204.0000915527344,1213.1000862121582,1276.2600936889648,1210.940086364746
"[TG(61:14),TG(60:7),TG(59:0)]_FA20:4",1364.7400970458984,1571.9201164245603,1292.9600944519043,1390.8001098632812,1309.9400939941406,1356.4400901794434,1388.0600929260254,1290.0200958251953
"[TG(61:14),TG(60:7),TG(59:0)]_FA22:5",1725.4201164245603,1825.8601303100584,1584.9201164245603,1598.2601165771484,1425.960105895996,1508.9600944519043,1748.540126800537,1534.2600936889648
"[TG(61:14),TG(60:7),TG(59:0)]_FA22:6",1625.6601181030271,1918.9401206970213,1697.860122680664,1560.420108795166,1516.9601020812988,1696.8001174926758,2466.800189971924,1672.860134124756
"[TG(62:10),TG(61:3)]_FA14:0",1057.8800773620603,1012.4400749206544,1010.9800796508788,1011.9000701904296,1066.9200820922852,1021.9000778198242,1031.040069580078,1010.9200706481934
"[TG(62:10),TG(61:3)]_FA16:0",1007.8200721740724,1006.6800727844238,1003.780055999756,1006.2600708007812,1023.0600700378418,1011.4800720214844,1086.1000785827637,1102.0400733947754
"[TG(62:10),TG(61:3)]_FA16:1",1051.0000762939453,1056.2000770568848,1052.5600814819336,1049.2600631713867,1067.0800666809082,1049.4600715637207,1048.0400733947754,1049.300067901611
"[TG(62:10),TG(61:3)]_FA18:0",1041.7800788879397,1011.0600738525392,1019.7000770568848,1009.1800765991212,1012.5200691223145,1010.7600746154784,1010.6600685119628,1011.0800628662108
"[TG(62:10),TG(61:3)]_FA18:1",1093.9000854492188,1061.7400741577148,1053.6800689697266,1054.2200736999512,1056.9400825500488,1053.6200790405271,1055.9200706481934,1054.500072479248
"[TG(62:10),TG(61:3)]_FA18:2",1128.9600639343262,1200.760082244873,1166.320087432861,1124.7200775146484,1202.2800827026367,1165.6200714111328,1129.8600769042969,1126.4600868225098
"[TG(62:10),TG(61:3)]_FA18:3",1220.3800888061523,1262.7200927734375,1209.5400733947754,1208.240089416504,1239.440097808838,1225.600082397461,1225.3600845336914,1242.940086364746
"[TG(62:10),TG(61:3)]_FA20:4",1304.9600944519043,1358.1000900268557,1292.080093383789,1334.6200981140137,1299.64009475708,1288.5200958251953,1289.300090789795,1290.580093383789
"[TG(62:10),TG(61:3)]_FA22:5",1424.7000999450684,1552.2400970458984,1383.400089263916,1399.960090637207,1392.980094909668,1470.300090789795,1450.4600982666016,1442.880107879639
"[TG(62:10),TG(61:3)]_FA22:6",1571.880111694336,1767.9601364135742,1634.9201164245603,1598.1801261901855,1671.5601081848145,1618.4001121520996,1815.260124206543,1601.7401123046875
"[TG(62:11),TG(61:4)]_FA14:0",1025.9400634765625,1012.9600601196288,1013.0200691223145,1012.7000617980956,1010.0400657653807,1008.5200653076172,1012.4400749206544,1011.6800804138184
"[TG(62:11),TG(61:4)]_FA16:0",1008.040069580078,1007.260066986084,1003.920066833496,1005.7600708007812,1027.020076751709,1012.5600700378418,1029.6800651550293,1004.6800651550292
"[TG(62:11),TG(61:4)]_FA16:1",1050.3800659179688,1056.0600700378418,1053.0600700378418,1049.900074005127,1048.1200828552246,1061.3200798034668,1047.6000709533691,1049.340087890625
"[TG(62:11),TG(61:4)]_FA18:0",1011.2200660705566,1011.1200675964355,1027.0600700378418,1009.7800636291504,1013.840087890625,1010.9000663757324,1010.8800621032716,1010.6200637817384
"[TG(62:11),TG(61:4)]_FA18:1",1065.440071105957,1129.6400833129885,1075.7000846862793,1054.5200691223145,1060.5200691223145,1052.2200813293457,1057.0400657653809,1074.8200759887695
"[TG(62:11),TG(61:4)]_FA18:2",1157.400074005127,1158.1000785827637,1215.460090637207,1127.7200775146484,1221.6200904846191,1129.3200759887695,1195.9600868225098,1207.1601028442385
"[TG(62:11),TG(61:4)]_FA18:3",1208.720085144043,1266.680088043213,1209.3000831604004,1207.420078277588,1204.5600814819336,1212.980079650879,1249.6800956726074,1210.2000885009766
"[TG(62:11),TG(61:4)]_FA20:4",1291.6400833129885,1377.660083770752,1340.2000999450684,1371.9401054382324,1288.6400871276855,1309.120101928711,1317.6800918579102,1290.6800918579102
"[TG(62:11),TG(61:4)]_FA22:5",1514.980125427246,1468.06010055542,1377.5000953674316,1528.4401016235352,1418.880111694336,1534.10009765625,1492.9600982666016,1434.0401077270508
"[TG(62:11),TG(61:4)]_FA22:6",1590.6801147460938,1611.520118713379,1711.6601066589355,1714.0601234436035,1755.9801292419434,1631.7601280212402,2139.3601684570312,1808.6201210021973
"[TG(62:12),TG(61:5)]_FA14:0",1013.62007522583,1025.4400634765625,1012.6200714111328,1017.1400680541992,1008.9800682067872,1008.5200653076172,1012.0000648498536,1016.6800727844238
"[TG(62:12),TG(61:5)]_FA16:0",1007.6400566101074,1005.9800643920898,1016.6200637817384,1014.620059967041,1006.8400688171388,1012.8200721740724,1096.0400772094729,1004.4000663757324
"[TG(62:12),TG(61:5)]_FA16:1",1050.660068511963,1065.520076751709,1065.1600723266602,1081.9200820922852,1048.340072631836,1049.8400650024414,1098.4000778198242,1067.2600784301758
"[TG(62:12),TG(61:5)]_FA18:0",1035.6800651550293,1011.2600631713868,1034.0600776672363,1009.7200775146484,1013.4000701904296,1033.62007522583,1010.3400764465332,1011.340061187744
"[TG(62:12),TG(61:5)]_FA18:1",1055.3800735473633,1122.1800842285156,1118.0600776672363,1054.3000869750977,1123.2600784301758,1054.3600730895996,1110.6000862121582,1072.7800750732422
"[TG(62:12),TG(61:5)]_FA18:2",1128.5600776672363,1128.860080718994,1238.880084991455,1136.520076751709,1146.4600791931152,1152.3800773620603,1175.2600746154783,1166.9800910949707
"[TG(62:12),TG(61:5)]_FA18:3",1275.2200736999512,1250.080078125,1208.9600791931152,1228.1800842285156,1243.860092163086,1214.0400772094729,1206.820087432861,1259.6400871276855
"[TG(62:12),TG(61:5)]_FA20:4",1305.5600967407229,1294.14009475708,1293.1200828552246,1517.7801055908203,1289.1600914001465,1288.4600982666016,1313.6400909423828,1323.2800941467283
"[TG(62:12),TG(61:5)]_FA22:5",1458.5200996398926,1455.1001052856443,1376.6200981140137,1565.5001258850098,1443.7000999450684,1379.5201034545898,1381.400089263916,1489.8801040649414
"[TG(62:12),TG(61:5)]_FA22:6",1608.3201179504397,1725.8201217651367,2076.060161590576,2176.140151977539,1607.5601081848145,1730.5601272583008,2526.9801750183105,2163.9601554870605
"[TG(62:13),TG(61:6)]_FA14:0",1045.100067138672,1029.9800834655762,1012.5200691223145,1012.2800636291504,1026.380084991455,1008.9400787353516,1012.7600631713868,1010.3600692749023
"[TG(62:13),TG(61:6)]_FA16:0",1007.9400749206544,1031.060073852539,1016.5600700378418,1055.6600761413574,1006.8400688171388,1028.2200736999512,1001.7400741577148,1004.4200630187988
"[TG(62:13),TG(61:6)]_FA16:1",1050.6400680541992,1055.880069732666,1051.5000648498535,1049.5200805664062,1047.760066986084,1049.3000717163086,1050.440071105957,1049.380069732666
"[TG(62:13),TG(61:6)]_FA18:0",1011.7200775146484,1011.0800704956056,1011.5400733947754,1078.980079650879,1013.2600708007812,1011.12007522583,1010.7400665283204,1032.4600715637207
"[TG(62:13),TG(61:6)]_FA18:1",1056.1200637817385,1063.4800720214844,1052.0200653076172,1054.0800704956057,1056.6600761413574,1054.5000801086426,1057.8400802612305,1055.5800704956057
"[TG(62:13),TG(61:6)]_FA18:2",1127.8000793457031,1129.0000801086426,1238.2600860595703,1164.5800743103027,1128.660068511963,1128.460075378418,1129.3400840759275,1169.7600746154783
"[TG(62:13),TG(61:6)]_FA18:3",1209.0400848388672,1209.3000869750977,1215.5600852966309,1209.2200736999512,1204.9200859069824,1239.1800727844238,1207.440086364746,1248.2600860595703
"[TG(62:13),TG(61:6)]_FA20:4",1356.7400932312012,1340.0000801086426,1295.840087890625,1298.7200889587402,1289.7600898742676,1288.1200942993164,1290.1600875854492,1357.1800994873047
"[TG(62:13),TG(61:6)]_FA22:5",1378.6600914001465,1513.4801063537598,1448.420093536377,1551.3400993347168,1407.8201026916504,1480.2400932312012,1493.120101928711,1376.560089111328
"[TG(62:13),TG(61:6)]_FA22:6",1682.6401329040527,1608.9401359558103,2089.0401573181152,2040.540153503418,1638.1001167297363,1618.1001243591309,3106.120185852051,2047.62015914917
"[TG(62:14),TG(61:7),TG(60:0)]_FA14:0",1014.2200736999512,1015.8000717163086,1012.5400733947754,1012.2200660705566,1024.5600814819336,1012.020076751709,1028.7000846862793,1036.060073852539
"[TG(62:14),TG(61:7),TG(60:0)]_FA16:0",1007.1200675964355,1006.6800651550292,1024.340072631836,1005.5800666809082,1024.52006149292,1051.0400657653809,1009.960075378418,1085.8000717163086
"[TG(62:14),TG(61:7),TG(60:0)]_FA16:1",1051.000072479248,1056.5800704956057,1052.7200813293457,1050.5800743103027,1047.980068206787,1049.7400741577148,1047.6400680541992,1049.3400764465332
"[TG(62:14),TG(61:7),TG(60:0)]_FA18:0",1011.4200744628906,1010.9200630187988,1075.1800689697266,1011.700065612793,1034.140079498291,1010.920078277588,1010.820068359375,1010.4200744628906
"[TG(62:14),TG(61:7),TG(60:0)]_FA18:1",1067.5200729370115,1069.9200744628906,1053.260082244873,1092.1000747680664,1110.3400764465332,1053.820068359375,1060.8200721740725,1056.1000709533691
"[TG(62:14),TG(61:7),TG(60:0)]_FA18:2",1129.240077972412,1146.5400733947754,1129.840072631836,1125.6600761413574,1129.9200706481934,1128.2600860595703,1154.6400756835938,1195.6600875854492
"[TG(62:14),TG(61:7),TG(60:0)]_FA18:3",1234.180088043213,1209.8000831604004,1209.8600692749023,1207.9000778198242,1204.3800926208496,1249.1600723266602,1206.9400825500488,1210.0800819396973
"[TG(62:14),TG(61:7),TG(60:0)]_FA20:4",1291.2800827026367,1295.2600860595703,1294.1400985717771,1340.8400917053225,1288.920093536377,1288.2800979614258,1327.000099182129,1290.5801010131836
"[TG(62:14),TG(61:7),TG(60:0)]_FA22:5",1378.520092010498,1377.2000885009766,1376.9001007080078,1388.6600952148438,1375.1800918579102,1385.5600929260254,1403.9401016235352,1376.2600860595703
"[TG(62:14),TG(61:7),TG(60:0)]_FA22:6",1583.6201057434082,1930.2401275634768,1778.1001243591309,1991.4801330566409,1726.0601196289062,1982.1401329040527,2129.980136871338,2118.320137023926
"[TG(62:15),TG(61:8),TG(60:1)]_FA14:0",1013.6800727844238,1038.2400703430176,1012.5600700378418,1012.1600685119628,1029.3800811767578,1008.8600769042968,1012.7400741577148,1023.5600738525392
"[TG(62:15),TG(61:8),TG(60:1)]_FA16:0",1008.1600685119628,1005.720069885254,1083.5600662231443,1005.4000625610352,1055.720069885254,1047.7600746154783,1021.540069580078,1004.3600692749023
"[TG(62:15),TG(61:8),TG(60:1)]_FA16:1",1050.0600776672363,1085.7800788879397,1064.3600845336914,1051.440071105957,1048.4200706481934,1113.1000785827637,1092.5800743103027,1062.3600845336914
"[TG(62:15),TG(61:8),TG(60:1)]_FA18:0",1011.62007522583,1011.5400733947754,1012.5200691223145,1019.1000709533693,1014.5200691223145,1031.1800727844238,1009.9800682067872,1010.5400657653807
"[TG(62:15),TG(61:8),TG(60:1)]_FA18:1",1054.860088348389,1055.1400680541992,1094.0600776672363,1054.6400718688965,1057.5600814819336,1136.360080718994,1080.0400772094729,1055.2200775146484
"[TG(62:15),TG(61:8),TG(60:1)]_FA18:2",1128.1800727844238,1129.720069885254,1142.8800773620603,1125.9000778198242,1178.5200729370115,1130.1400756835938,1129.8400764465332,1158.4600830078125
"[TG(62:15),TG(61:8),TG(60:1)]_FA18:3",1208.5000839233398,1210.0400848388672,1209.640079498291,1208.3800888061523,1203.2000885009766,1230.160083770752,1207.2800788879397,1210.500087738037
"[TG(62:15),TG(61:8),TG(60:1)]_FA20:4",1329.1200828552246,1323.1800918579102,1345.800090789795,1289.9200897216797,1289.960090637207,1340.9200897216797,1289.0600929260254,1290.0401000976562
"[TG(62:15),TG(61:8),TG(60:1)]_FA22:5",1399.0600929260254,1405.7400970458984,1377.5601043701172,1518.5801010131836,1376.580093383789,1421.980094909668,1375.2800979614258,1440.260097503662
"[TG(62:15),TG(61:8),TG(60:1)]_FA22:6",1498.1001052856443,1630.3801155090332,1549.9201126098633,1520.7001037597656,1519.5201034545898,1594.840114593506,1598.000114440918,1498.260108947754
"[TG(62:16),TG(61:9),TG(60:2)]_FA14:0",1062.940071105957,1011.700065612793,1013.2200736999512,1011.9000701904296,1009.0600700378418,1008.420066833496,1031.7800674438477,1011.040069580078
"[TG(62:16),TG(61:9),TG(60:2)]_FA16:0",1008.3400688171388,1006.4600715637208,1062.340061187744,1005.740062713623,1007.2000694274902,1012.3000679016112,1016.1400604248048,1035.4200630187988
"[TG(62:16),TG(61:9),TG(60:2)]_FA16:1",1055.3800773620603,1055.9200706481934,1052.060073852539,1051.480079650879,1047.940071105957,1049.3200721740725,1144.54008102417,1049.6400680541992
"[TG(62:16),TG(61:9),TG(60:2)]_FA18:0",1011.740077972412,1011.1000747680664,1011.5400772094728,1033.860080718994,1029.9400596618652,1011.540069580078,1057.8800659179688,1010.5400733947754
"[TG(62:16),TG(61:9),TG(60:2)]_FA18:1",1219.4000778198242,1115.4200820922852,1113.760082244873,1054.240077972412,1056.8800811767578,1071.7800674438477,1115.8400802612305,1104.9600791931152
"[TG(62:16),TG(61:9),TG(60:2)]_FA18:2",1128.8200798034668,1144.720069885254,1140.4000778198242,1126.8800811767578,1166.4000816345217,1184.9000778198242,1129.9400634765625,1163.8400802612305
"[TG(62:16),TG(61:9),TG(60:2)]_FA18:3",1208.8600959777832,1209.980094909668,1258.54008102417,1232.1200790405271,1204.500087738037,1223.8600730895996,1207.6400871276855,1210.9400901794434
"[TG(62:16),TG(61:9),TG(60:2)]_FA20:4",1290.6800918579102,1324.6800956726074,1353.860080718994,1318.360088348389,1289.4600868225098,1302.6200942993164,1289.0400886535645,1288.6600952148438
"[TG(62:16),TG(61:9),TG(60:2)]_FA22:5",1377.620086669922,1433.820095062256,1377.64009475708,1373.6601028442385,1377.1800956726074,1388.4600982666016,1388.2600898742676,1415.5400848388672
"[TG(62:16),TG(61:9),TG(60:2)]_FA22:6",1520.6401023864746,1519.9201164245603,1515.10009765625,1513.7601013183594,1500.980094909668,1600.3401222229004,1518.360107421875,1496.6201171875
"[TG(62:7),TG(61:0)]_FA14:0",1013.4600715637208,1012.9200630187988,1013.000072479248,1012.3800659179688,1009.3200721740724,1067.3400802612305,1019.1800651550292,1068.220069885254
"[TG(62:7),TG(61:0)]_FA16:0",1007.7600708007812,1006.4600677490234,1004.7000694274902,1006.800075531006,1007.2600708007812,1011.840061187744,1002.6600723266602,1033.7200736999512
"[TG(62:7),TG(61:0)]_FA16:1",1051.0400657653809,1056.1600723266602,1051.5600662231443,1050.3200759887695,1048.1800689697266,1048.8000717163086,1073.1400833129885,1049.480068206787
"[TG(62:7),TG(61:0)]_FA18:0",1011.6800651550292,1016.0600662231444,1038.740077972412,1034.040069580078,1013.000072479248,1010.9200744628906,1010.5000686645508,1010.8800735473632
"[TG(62:7),TG(61:0)]_FA18:1",1054.8200721740725,1056.0400733947754,1052.62007522583,1066.5600814819336,1056.6400718688965,1061.6200714111328,1112.7400817871094,1054.9600791931152
"[TG(62:7),TG(61:0)]_FA18:2",1128.9400787353516,1128.5000839233398,1131.860080718994,1125.2200775146484,1179.9200820922852,1128.3000793457031,1130.340068817139,1126.2200775146484
"[TG(62:7),TG(61:0)]_FA18:3",1209.160083770752,1209.64009475708,1233.4800834655762,1208.4800910949707,1204.2600860595703,1269.7000885009766,1209.5800895690918,1210.6000785827637
"[TG(62:7),TG(61:0)]_FA20:4",1323.180088043213,1408.9201126098633,1292.6400909423828,1353.2400970458984,1290.9600982666016,1311.5800895690918,1295.9600944519043,1294.5200996398926
"[TG(62:7),TG(61:0)]_FA22:5",1378.1200904846191,1377.7400856018066,1387.2800903320312,1402.160099029541,1375.2000923156738,1378.960090637207,1433.7001037597656,1416.820095062256
"[TG(62:7),TG(61:0)]_FA22:6",1641.08012008667,1593.5201034545898,1617.7401161193848,1578.4601211547852,1554.1801071166992,1643.140106201172,1674.4201164245603,1688.16011428833
"[TG(62:8),TG(61:1)]_FA14:0",1030.7400741577148,1022.9200706481934,1013.04008102417,1012.4200630187988,1009.5600738525392,1030.4200592041016,1012.700080871582,1086.1800804138184
"[TG(62:8),TG(61:1)]_FA16:0",1017.1000633239746,1006.760066986084,1069.5200843811035,1006.1800727844238,1063.060073852539,1046.4600715637207,1073.260066986084,1154.2200775146484
"[TG(62:8),TG(61:1)]_FA16:1",1077.080078125,1056.220069885254,1051.9000816345217,1049.9000701904297,1047.8200759887695,1086.2200736999512,1047.7600784301758,1048.920078277588
"[TG(62:8),TG(61:1)]_FA18:0",1011.6000633239746,1011.100067138672,1012.200065612793,1009.320083618164,1012.9000625610352,1011.1600685119628,1010.7400703430176,1011.260066986084
"[TG(62:8),TG(61:1)]_FA18:1",1055.460075378418,1055.4200744628906,1141.180076599121,1087.840087890625,1056.5000762939453,1054.0400772094729,1066.8200798034668,1218.0400886535645
"[TG(62:8),TG(61:1)]_FA18:2",1156.3000793457031,1128.560073852539,1155.940071105957,1133.100082397461,1181.2200736999512,1152.5000839233398,1132.5800857543943,1125.9800758361816
"[TG(62:8),TG(61:1)]_FA18:3",1209.7000885009766,1210.300090789795,1220.5800895690918,1207.760082244873,1203.3200798034668,1224.680088043213,1207.5800895690918,1211.9800834655762
"[TG(62:8),TG(61:1)]_FA20:4",1319.320087432861,1308.600082397461,1368.4800872802734,1289.240089416504,1306.720085144043,1287.7400970458984,1293.2200889587402,1332.960090637207
"[TG(62:8),TG(61:1)]_FA22:5",1463.7000999450684,1482.5801010131836,1430.6200942993164,1372.2401008605957,1409.3001022338867,1378.8800888061523,1374.0401039123535,1412.5200996398926
"[TG(62:8),TG(61:1)]_FA22:6",1613.0401153564453,1539.1401138305664,1585.4601135253906,1594.7001190185547,1647.4201202392578,1570.3801155090332,1892.260139465332,1627.360126495361
"[TG(62:9),TG(61:2)]_FA14:0",1018.5600814819336,1013.4000778198242,1013.0600738525392,1029.9600639343262,1010.1200714111328,1008.9000663757324,1012.9200706481934,1011.2200736999512
"[TG(62:9),TG(61:2)]_FA16:0",1007.5400772094728,1006.820068359375,1006.6800689697266,1006.7200736999512,1008.1800765991212,1013.2400703430176,1002.6800651550292,1003.9600715637208
"[TG(62:9),TG(61:2)]_FA16:1",1050.5800704956057,1055.12007522583,1072.5000801086426,1049.5800895690918,1047.300064086914,1050.380084991455,1062.100067138672,1049.360080718994
"[TG(62:9),TG(61:2)]_FA18:0",1011.260066986084,1011.0800704956056,1026.6600646972656,1010.2400741577148,1032.6200675964355,1011.1800727844238,1010.3800735473632,1009.9800720214844
"[TG(62:9),TG(61:2)]_FA18:1",1055.600067138672,1067.7000770568848,1113.640079498291,1055.2600746154783,1057.0000762939453,1053.2800674438477,1065.700080871582,1067.4000701904297
"[TG(62:9),TG(61:2)]_FA18:2",1128.7200775146484,1143.9600791931152,1188.0000801086426,1127.440071105957,1132.200080871582,1145.7600708007812,1157.400074005127,1177.9800834655762
"[TG(62:9),TG(61:2)]_FA18:3",1215.9800987243652,1208.9000816345217,1217.5200881958008,1209.500087738037,1213.1800956726074,1286.1400871276855,1207.900074005127,1228.6200790405271
"[TG(62:9),TG(61:2)]_FA20:4",1294.8400840759275,1311.980094909668,1331.1000900268557,1313.700080871582,1288.960090637207,1288.720100402832,1289.4800872802734,1295.7000923156738
"[TG(62:9),TG(61:2)]_FA22:5",1417.7200965881348,1383.1400909423828,1430.4401092529297,1383.3001022338867,1381.1200904846191,1436.540096282959,1375.280101776123,1375.980094909668
"[TG(62:9),TG(61:2)]_FA22:6",1566.7401237487793,1722.9401245117188,1640.1801071166992,1541.2801094055176,1542.7801055908203,1667.760124206543,1737.4001235961914,1648.1201171875
"[TG(63:11),TG(62:4)]_FA14:0",1013.4800682067872,1013.1000747680664,1012.880069732666,1051.860080718994,1051.3000717163086,1042.8000717163086,1012.6400680541992,1011.5000610351562
"[TG(63:11),TG(62:4)]_FA16:0",1008.0000648498536,1006.2600593566896,1003.5200729370116,1006.4200553894044,1066.2000732421875,1012.0200653076172,1046.500072479248,1018.4200630187988
"[TG(63:11),TG(62:4)]_FA16:1",1049.9600830078125,1055.560073852539,1051.9600677490234,1051.2600746154783,1047.7200622558594,1069.160083770752,1087.1800804138184,1049.0000839233398
"[TG(63:11),TG(62:4)]_FA18:0",1011.700065612793,1020.8600769042968,1012.4800720214844,1038.880069732666,1013.1400718688964,1011.5200729370116,1049.8400650024414,1011.6600646972656
"[TG(63:11),TG(62:4)]_FA18:1",1054.200065612793,1055.920066833496,1052.5000762939453,1054.5400772094729,1056.8200759887695,1054.980068206787,1090.700080871582,1094.1000785827637
"[TG(63:11),TG(62:4)]_FA18:2",1127.8800888061523,1128.1600761413574,1173.0800819396973,1132.4600715637207,1211.7600784301758,1129.160068511963,1129.5800819396973,1126.340072631836
"[TG(63:11),TG(62:4)]_FA18:3",1209.2600936889648,1228.7200927734375,1209.200080871582,1208.200080871582,1204.9000854492188,1212.7000885009766,1207.9200820922852,1209.5200805664062
"[TG(63:11),TG(62:4)]_FA20:4",1291.9401054382324,1294.9600868225098,1292.4800910949707,1289.2000846862793,1289.4000968933103,1315.8400955200195,1289.360088348389,1290.5200805664062
"[TG(63:11),TG(62:4)]_FA22:5",1377.6400871276855,1409.1401023864746,1376.6000900268557,1388.8800926208496,1407.4200859069824,1378.9200973510742,1373.340103149414,1374.9200897216797
"[TG(63:11),TG(62:4)]_FA22:6",1540.6401023864746,1598.3601150512695,1544.340103149414,1541.8201065063477,1571.840106964111,1539.1201133728027,1558.6001052856443,1537.4601097106934
"[TG(63:12),TG(62:5)]_FA14:0",1037.7400665283203,1011.840072631836,1013.1800765991212,1029.2200660705566,1008.7600746154784,1008.5600776672364,1013.12007522583,1011.7400741577148
"[TG(63:12),TG(62:5)]_FA16:0",1028.480068206787,1006.3800735473632,1004.0400772094728,1006.4400672912598,1007.2400665283204,1013.3600692749023,1032.5600700378418,1074.0000801086426
"[TG(63:12),TG(62:5)]_FA16:1",1050.5800857543943,1054.7600708007812,1051.720085144043,1050.5000686645508,1074.660068511963,1048.9800834655762,1047.7200813293457,1049.9200744628906
"[TG(63:12),TG(62:5)]_FA18:0",1011.6800804138184,1011.5200576782228,1028.4200706481934,1009.5400657653807,1013.1400680541992,1011.5400733947754,1010.4600715637208,1011.1800727844238
"[TG(63:12),TG(62:5)]_FA18:1",1054.3200721740725,1056.5000801086426,1074.6600799560547,1054.1200675964355,1056.640079498291,1054.5200691223145,1057.3000793457031,1054.720069885254
"[TG(63:12),TG(62:5)]_FA18:2",1128.1400756835938,1127.920078277588,1130.2000885009766,1124.8000717163086,1129.4800872802734,1161.7800827026367,1128.860065460205,1125.4800834655762
"[TG(63:12),TG(62:5)]_FA18:3",1208.9800910949707,1237.4800910949707,1250.7400856018066,1208.980079650879,1203.7200889587402,1218.4800910949707,1207.140079498291,1242.0200805664062
"[TG(63:12),TG(62:5)]_FA20:4",1325.040096282959,1316.5200843811035,1293.4800872802734,1328.6600875854492,1289.2400856018066,1287.740104675293,1289.1000938415527,1289.9001007080078
"[TG(63:12),TG(62:5)]_FA22:5",1399.8800964355469,1377.10009765625,1377.1600914001465,1400.9800987243652,1395.180103302002,1388.8200912475586,1379.0401039123535,1376.9201011657717
"[TG(63:12),TG(62:5)]_FA22:6",1551.960117340088,1539.6801071166992,1597.4401168823242,1541.160099029541,1544.2401123046875,1539.640106201172,1541.5001106262207,1537.3601150512695
"[TG(63:13),TG(62:6)]_FA14:0",1012.5800704956056,1013.1000823974608,1012.6200790405272,1012.680061340332,1046.8600730895996,1034.3000717163086,1012.6200637817384,1011.9600677490234
"[TG(63:13),TG(62:6)]_FA16:0",1008.2600746154784,1005.9600677490234,1003.1600570678712,1006.900074005127,1007.4400672912598,1012.0400657653807,1002.5000648498536,1041.640064239502
"[TG(63:13),TG(62:6)]_FA16:1",1050.4000778198242,1067.62007522583,1070.5400733947754,1049.3600692749023,1077.5800743103027,1048.3600730895996,1048.400074005127,1049.9000854492188
"[TG(63:13),TG(62:6)]_FA18:0",1025.0200805664062,1011.1400718688964,1012.840072631836,1009.6800727844238,1013.5800743103028,1011.2000694274902,1010.8200721740724,1011.0000801086426
"[TG(63:13),TG(62:6)]_FA18:1",1054.2200775146484,1056.0200653076172,1121.9600830078125,1054.940071105957,1056.1400871276855,1054.320068359375,1063.300075531006,1054.9000816345217
"[TG(63:13),TG(62:6)]_FA18:2",1128.3600692749023,1169.9400749206543,1130.320083618164,1124.5600814819336,1153.0600814819336,1129.340072631836,1129.5000801086426,1126.1800689697266
"[TG(63:13),TG(62:6)]_FA18:3",1209.4600944519043,1209.120086669922,1275.200096130371,1208.9400901794434,1204.0600814819336,1214.720085144043,1207.8400802612305,1210.3600845336914
"[TG(63:13),TG(62:6)]_FA20:4",1379.1600952148438,1423.8400955200195,1304.4600868225098,1290.6400909423828,1288.1400909423828,1301.8200912475586,1288.8800964355469,1351.380100250244
"[TG(63:13),TG(62:6)]_FA22:5",1376.8600959777832,1376.8601036071775,1377.2600898742676,1420.1401023864746,1422.1001014709473,1389.8600959777832,1386.5401039123535,1385.6600952148438
"[TG(63:13),TG(62:6)]_FA22:6",1561.2201194763184,1554.2001190185547,1544.08012008667,1606.5601234436035,1585.6201171875,1539.1201057434082,1541.200107574463,1537.5201034545898
"[TG(64:10),TG(63:3)]_FA14:0",1049.0600776672363,1012.8200798034668,1013.180061340332,1012.4400749206544,1009.2000732421876,1038.0400733947754,1031.4400672912598,1011.440071105957
"[TG(64:10),TG(63:3)]_FA16:0",1006.9400672912598,1007.1600646972656,1003.5600624084472,1006.8600692749023,1062.840061187744,1013.020076751709,1002.6200675964355,1005.2800674438477
"[TG(64:10),TG(63:3)]_FA16:1",1050.860080718994,1055.660068511963,1067.420066833496,1050.6600875854492,1049.280071258545,1049.1000747680664,1047.3800811767578,1049.4600715637207
"[TG(64:10),TG(63:3)]_FA18:0",1011.840072631836,1015.580078125,1012.5200691223145,1010.000072479248,1038.6600646972656,1011.2000617980956,1010.8400802612304,1030.4800643920898
"[TG(64:10),TG(63:3)]_FA18:1",1055.0200729370115,1056.1200790405271,1052.1600723266602,1054.0600662231443,1057.600082397461,1055.0400733947754,1056.980079650879,1055.320083618164
"[TG(64:10),TG(63:3)]_FA18:2",1127.4800720214844,1128.9600791931152,1134.0600776672363,1125.1200828552246,1133.2800788879397,1128.700080871582,1129.0800857543943,1126.7400817871094
"[TG(64:10),TG(63:3)]_FA18:3",1208.4400825500488,1209.7600784301758,1209.4400749206543,1209.2600860595703,1204.940086364746,1213.7400856018066,1206.5800857543943,1211.360092163086
"[TG(64:10),TG(63:3)]_FA20:4",1291.580093383789,1305.64009475708,1310.3800888061523,1299.9401016235352,1289.080093383789,1295.360092163086,1289.3400993347168,1290.6800956726074
"[TG(64:10),TG(63:3)]_FA22:5",1420.120101928711,1419.780101776123,1419.1001052856443,1469.140106201172,1416.680103302002,1419.6801071166992,1471.1201057434082,1418.4201011657717
"[TG(64:10),TG(63:3)]_FA22:6",1566.0001106262207,1539.0001220703125,1574.6400985717771,1622.680118560791,1543.660099029541,1539.7601013183594,1567.8201179504397,1536.9401092529297
"[TG(64:11),TG(63:4)]_FA14:0",1013.9000701904296,1012.4400825500488,1012.6600761413574,1012.8800735473632,1009.4600677490234,1008.4600791931152,1036.800064086914,1010.7200775146484
"[TG(64:11),TG(63:4)]_FA16:0",1008.1400680541992,1006.7600746154784,1003.7800636291504,1008.1600685119628,1030.9000701904297,1023.1600799560548,1031.7800674438477,1004.9000663757324
"[TG(64:11),TG(63:4)]_FA16:1",1050.1200714111328,1055.4400672912598,1051.660068511963,1051.0600662231443,1047.4600715637207,1049.2000694274902,1058.5000648498535,1049.4000663757324
"[TG(64:11),TG(63:4)]_FA18:0",1012.1000747680664,1011.1800727844238,1047.1800689697266,1009.820068359375,1012.6800765991212,1011.5000686645508,1010.8800621032716,1011.1800651550292
"[TG(64:11),TG(63:4)]_FA18:1",1055.800075531006,1080.1600799560547,1052.9400787353516,1054.5200729370115,1056.8400764465332,1055.520092010498,1120.140079498291,1055.5000762939453
"[TG(64:11),TG(63:4)]_FA18:2",1127.980079650879,1128.820083618164,1133.2000846862793,1204.2600860595703,1174.12007522583,1128.04008102417,1129.380084991455,1128.9400787353516
"[TG(64:11),TG(63:4)]_FA18:3",1214.9000816345217,1216.1200790405271,1208.8000793457031,1208.600082397461,1205.0200843811035,1229.1800918579102,1207.2800827026367,1211.0600814819336
"[TG(64:11),TG(63:4)]_FA20:4",1308.2200965881348,1295.1200904846191,1292.400089263916,1288.2600936889648,1288.1800994873047,1341.3001098632812,1289.1000900268557,1290.3800926208496
"[TG(64:11),TG(63:4)]_FA22:5",1419.5600929260254,1421.5400848388672,1420.1001014709473,1415.0800971984863,1439.240089416504,1420.400089263916,1491.080108642578,1417.660099029541
"[TG(64:11),TG(63:4)]_FA22:6",1557.8601036071775,1541.9201164245603,1605.4601287841797,1541.8800926208496,1542.760108947754,1556.6201057434082,1542.400127410889,1569.8001098632812
"[TG(64:12),TG(63:5)]_FA14:0",1013.6400756835938,1012.720069885254,1013.0400772094728,1011.7200660705566,1009.9600715637208,1008.9600677490234,1011.8800773620604,1011.340072631836
"[TG(64:12),TG(63:5)]_FA16:0",1007.0400619506836,1006.8600730895996,1005.380069732666,1007.0800666809082,1020.180061340332,1029.5000762939453,1033.5200653076172,1004.4800796508788
"[TG(64:12),TG(63:5)]_FA16:1",1050.500072479248,1109.020076751709,1110.04008102417,1050.580078125,1048.3600730895996,1049.3800773620603,1056.2600708007812,1049.7400817871094
"[TG(64:12),TG(63:5)]_FA18:0",1010.8200798034668,1011.2200813293456,1031.2800674438477,1010.040069580078,1013.4200744628906,1011.8000717163086,1010.4200744628906,1010.740077972412
"[TG(64:12),TG(63:5)]_FA18:1",1148.3000717163086,1056.8800773620603,1052.9000816345217,1054.0400772094729,1057.6400680541992,1054.720069885254,1056.1800727844238,1055.700080871582
"[TG(64:12),TG(63:5)]_FA18:2",1128.2800827026367,1128.0400772094729,1140.4200744628906,1148.0400848388672,1128.9600677490234,1128.8400764465332,1129.3000717163086,1125.7800750732422
"[TG(64:12),TG(63:5)]_FA18:3",1208.540096282959,1209.000072479248,1209.3400993347168,1208.3000793457031,1203.1200981140137,1267.320087432861,1206.6800842285156,1210.5000801086426
"[TG(64:12),TG(63:5)]_FA20:4",1314.4000968933103,1306.5400848388672,1293.060089111328,1308.4800872802734,1289.2400932312012,1288.320087432861,1289.3400955200195,1290.3400955200195
"[TG(64:12),TG(63:5)]_FA22:5",1470.1000938415527,1436.3000984191897,1418.6600952148438,1444.2401161193848,1438.4000968933103,1458.3600997924805,1431.4401016235352,1418.8601112365725
"[TG(64:12),TG(63:5)]_FA22:6",1549.6401100158691,1552.9001121520996,1570.980125427246,1690.8801193237305,1554.3001022338867,1564.1001014709473,1646.4401092529297,1536.2401161193848
"[TG(64:13),TG(63:6)]_FA14:0",1014.0800666809082,1013.1600761413574,1012.2200660705566,1012.4000701904296,1009.1800727844238,1008.7800712585448,1025.0400772094729,1011.0200691223145
"[TG(64:13),TG(63:6)]_FA16:0",1030.2600708007812,1035.02006149292,1003.640064239502,1028.5600700378418,1011.9400634765624,1013.1000747680664,1070.2200775146484,1004.0000686645508
"[TG(64:13),TG(63:6)]_FA16:1",1050.300064086914,1055.5600776672363,1051.3000717163086,1049.7400665283203,1047.840072631836,1049.6800651550293,1048.800067901611,1048.9400672912598
"[TG(64:13),TG(63:6)]_FA18:0",1012.1000709533693,1011.9000701904296,1012.3600730895996,1009.5200691223145,1012.7800712585448,1011.4800643920898,1011.1800727844238,1023.6600799560548
"[TG(64:13),TG(63:6)]_FA18:1",1090.800075531006,1056.1000747680664,1052.12007522583,1054.0600814819336,1056.4800720214844,1126.2800788879397,1056.5000648498535,1055.740077972412
"[TG(64:13),TG(63:6)]_FA18:2",1128.4200706481934,1166.5600776672363,1130.3800735473633,1125.200065612793,1138.3400840759275,1128.900074005127,1129.4800720214844,1154.9000816345217
"[TG(64:13),TG(63:6)]_FA18:3",1208.940086364746,1210.1400756835938,1208.240089416504,1245.2800941467283,1204.8800773620603,1214.1200790405271,1206.5200881958008,1211.1800651550293
"[TG(64:13),TG(63:6)]_FA20:4",1291.2200927734375,1303.8400764465332,1375.5000915527344,1289.8000946044922,1287.8400955200195,1322.4600944519043,1289.7000885009766,1290.3600997924805
"[TG(64:13),TG(63:6)]_FA22:5",1438.740104675293,1534.9401168823242,1419.3800964355469,1448.7001113891602,1475.9201049804688,1419.7401008605957,1440.680103302002,1421.860080718994
"[TG(64:13),TG(63:6)]_FA22:6",1550.2201080322266,1572.2401123046875,1596.7401123046875,1634.080108642578,1583.860107421875,1635.9801177978516,1654.1801071166992,1627.2601203918457
"[TG(64:14),TG(63:7),TG(62:0)]_FA14:0",1013.960075378418,1012.8800659179688,1019.7400741577148,1012.2800750732422,1070.2400817871094,1009.400074005127,1012.7600708007812,1022.540069580078
"[TG(64:14),TG(63:7),TG(62:0)]_FA16:0",1007.9800758361816,1019.6200714111328,1035.5600662231443,1007.2400741577148,1030.0600624084473,1011.9000778198242,1003.2000694274902,1004.240062713623
"[TG(64:14),TG(63:7),TG(62:0)]_FA16:1",1049.6000747680664,1055.7400741577148,1052.800075531006,1050.500087738037,1048.4000816345217,1049.9600715637207,1078.4600677490234,1049.060073852539
"[TG(64:14),TG(63:7),TG(62:0)]_FA18:0",1011.5600662231444,1010.6800727844238,1012.1600723266602,1008.7600784301758,1047.7000694274902,1011.7800750732422,1011.2400741577148,1030.280071258545
"[TG(64:14),TG(63:7),TG(62:0)]_FA18:1",1054.8600845336914,1057.0400848388672,1052.8200759887695,1053.62007522583,1057.3000717163086,1055.7400703430176,1057.020076751709,1065.3400764465332
"[TG(64:14),TG(63:7),TG(62:0)]_FA18:2",1128.3400764465332,1128.1800804138184,1159.8800773620603,1125.060073852539,1164.9600791931152,1128.6600799560547,1129.2600746154783,1125.8400840759275
"[TG(64:14),TG(63:7),TG(62:0)]_FA18:3",1209.440086364746,1210.1400833129885,1221.4800987243652,1242.7200965881348,1205.0800971984863,1213.8000793457031,1207.2600936889648,1211.1800842285156
"[TG(64:14),TG(63:7),TG(62:0)]_FA20:4",1306.8600845336914,1295.3800926208496,1326.5400886535645,1302.400104522705,1288.3800926208496,1287.640106201172,1290.0401000976562,1289.280086517334
"[TG(64:14),TG(63:7),TG(62:0)]_FA22:5",1421.080093383789,1444.2201080322266,1447.200096130371,1437.3200988769531,1444.60009765625,1420.6600875854492,1425.5601119995115,1426.100112915039
"[TG(64:14),TG(63:7),TG(62:0)]_FA22:6",1555.660099029541,1538.9001121520996,1545.0200996398926,1639.6801071166992,1552.7601127624512,1555.1401138305664,1679.960132598877,1536.3601036071775
"[TG(64:15),TG(63:8),TG(62:1)]_FA14:0",1013.2800674438477,1013.1200714111328,1012.6200714111328,1011.6800727844238,1009.4000701904296,1008.3400688171388,1032.840072631836,1010.8200759887696
"[TG(64:15),TG(63:8),TG(62:1)]_FA16:0",1007.600067138672,1005.4400749206544,1032.1200790405271,1007.3600616455078,1007.6200790405272,1011.880069732666,1037.3200645446775,1020.420078277588
"[TG(64:15),TG(63:8),TG(62:1)]_FA16:1",1067.9600791931152,1055.6000633239746,1050.7400703430176,1049.6600723266602,1048.4000701904297,1125.9400749206543,1108.0000762939453,1049.1200714111328
"[TG(64:15),TG(63:8),TG(62:1)]_FA18:0",1012.3600616455078,1010.820068359375,1012.0000648498536,1012.9600639343262,1015.760082244873,1012.0000686645508,1010.0600662231444,1011.0800666809082
"[TG(64:15),TG(63:8),TG(62:1)]_FA18:1",1055.1200714111328,1055.7800750732422,1083.1400833129885,1100.8000793457031,1055.9200820922852,1054.3200645446775,1056.3800735473633,1055.6000747680664
"[TG(64:15),TG(63:8),TG(62:1)]_FA18:2",1127.6400756835938,1127.7800788879397,1130.720069885254,1125.4400749206543,1142.8600730895996,1129.300067901611,1129.2400817871094,1126.1800727844238
"[TG(64:15),TG(63:8),TG(62:1)]_FA18:3",1248.5600852966309,1210.1000862121582,1249.3600769042969,1239.6400871276855,1203.820087432861,1213.2800750732422,1206.7600746154783,1211.460075378418
"[TG(64:15),TG(63:8),TG(62:1)]_FA20:4",1318.620101928711,1294.5400848388672,1293.2800788879397,1289.5000953674316,1289.1400833129885,1288.200080871582,1289.900089263916,1331.560089111328
"[TG(64:15),TG(63:8),TG(62:1)]_FA22:5",1376.800090789795,1409.9001121520996,1378.0200958251953,1390.1601028442385,1401.8600845336914,1378.9400901794434,1373.5201034545898,1375.840103149414
"[TG(64:15),TG(63:8),TG(62:1)]_FA22:6",1568.180103302002,1565.1601104736328,1553.3201026916504,1678.9001121520996,1631.520118713379,1539.5401153564453,1541.240119934082,1537.08012008667
"[TG(64:16),TG(63:9),TG(62:2)]_FA14:0",1016.420066833496,1012.7000732421876,1012.7400665283204,1034.8400650024414,1022.8800735473632,1043.4800720214844,1012.2800712585448,1011.9600715637208
"[TG(64:16),TG(63:9),TG(62:2)]_FA16:0",1007.6000747680664,1006.7000617980956,1009.5400733947754,1007.9800720214844,1007.9600639343262,1012.7000732421876,1002.8000717163086,1054.6800689697266
"[TG(64:16),TG(63:9),TG(62:2)]_FA16:1",1051.1200637817385,1055.04008102417,1086.8200721740725,1050.440071105957,1055.1600723266602,1049.7000694274902,1048.4600677490234,1049.1000747680664
"[TG(64:16),TG(63:9),TG(62:2)]_FA18:0",1012.4200630187988,1010.3200759887696,1012.1000785827636,1009.240062713623,1013.12007522583,1012.1000709533693,1010.4000816345216,1010.620059967041
"[TG(64:16),TG(63:9),TG(62:2)]_FA18:1",1075.7800827026367,1075.2200775146484,1070.6200790405271,1057.2600746154783,1077.7200813293457,1054.7000694274902,1076.2800788879397,1113.6000785827637
"[TG(64:16),TG(63:9),TG(62:2)]_FA18:2",1128.5400733947754,1128.740077972412,1143.940071105957,1126.6600723266602,1134.1200714111328,1129.060073852539,1129.6400718688965,1147.180088043213
"[TG(64:16),TG(63:9),TG(62:2)]_FA18:3",1308.0200881958008,1233.900089263916,1208.6400833129885,1223.5000762939453,1204.8400802612305,1214.160083770752,1207.400089263916,1210.120086669922
"[TG(64:16),TG(63:9),TG(62:2)]_FA20:4",1291.4200897216797,1294.8400917053225,1296.660083770752,1288.7400856018066,1321.8800926208496,1289.1200942993164,1290.300090789795,1289.3000831604004
"[TG(64:16),TG(63:9),TG(62:2)]_FA22:5",1420.340103149414,1378.04008102417,1377.8800964355469,1409.660099029541,1414.700107574463,1378.5400848388672,1374.2201118469238,1401.9600982666016
"[TG(64:16),TG(63:9),TG(62:2)]_FA22:6",1580.060115814209,1567.6801071166992,1556.7601013183594,1561.8601150512695,1543.2801132202148,1583.6601181030271,1541.8000984191897,1537.6801109313965
"[TG(64:17),TG(63:10),TG(62:3)]_FA14:0",1029.9200706481934,1012.9200744628906,1012.2200660705566,1012.9000663757324,1009.6000785827636,1042.9000701904297,1012.6800765991212,1010.4200706481934
"[TG(64:17),TG(63:10),TG(62:3)]_FA16:0",1008.1600685119628,1006.680061340332,1003.240062713623,1006.5800590515136,1006.9000625610352,1012.5600700378418,1002.6000633239746,1004.600067138672
"[TG(64:17),TG(63:10),TG(62:3)]_FA16:1",1050.660068511963,1055.8600692749023,1052.260066986084,1052.580078125,1047.9800758361816,1048.9200744628906,1048.7600708007812,1049.480068206787
"[TG(64:17),TG(63:10),TG(62:3)]_FA18:0",1012.4600677490234,1010.9600715637208,1044.0000762939453,1042.6000709533691,1013.420066833496,1011.6800804138184,1010.8600730895996,1010.7800636291504
"[TG(64:17),TG(63:10),TG(62:3)]_FA18:1",1054.0400772094729,1055.6000747680664,1052.7400741577148,1054.1000747680664,1056.860065460205,1095.8600769042969,1057.1600723266602,1055.7600746154783
"[TG(64:17),TG(63:10),TG(62:3)]_FA18:2",1128.4400825500488,1128.0000801086426,1130.120059967041,1125.540069580078,1133.620086669922,1143.5600814819336,1181.1600799560547,1145.1200828552246
"[TG(64:17),TG(63:10),TG(62:3)]_FA18:3",1231.0200805664062,1234.2800788879397,1208.6200828552246,1207.9800910949707,1235.200096130371,1250.0400733947754,1219.4000816345217,1211.4200859069824
"[TG(64:17),TG(63:10),TG(62:3)]_FA20:4",1292.2600860595703,1301.6800918579102,1293.520092010498,1398.360088348389,1298.6200981140137,1287.6600952148438,1289.360080718994,1289.1800956726074
"[TG(64:17),TG(63:10),TG(62:3)]_FA22:5",1406.2400970458984,1377.0800895690918,1376.5801010131836,1373.5000915527344,1413.0001106262207,1421.5600929260254,1374.300090789795,1376.8000946044922
"[TG(64:17),TG(63:10),TG(62:3)]_FA22:6",1574.6401100158691,1539.6201057434082,1544.4001121520996,1541.8001098632812,1544.3000946044922,1540.180103302002,1540.920108795166,1537.6601219177246
[TG(64:6)]_FA14:0,1013.9400672912598,1012.62007522583,1013.4200706481934,1011.9200630187988,1008.9000663757324,1066.5800743103027,1012.7600784301758,1010.4200706481934
[TG(64:6)]_FA16:0,1007.8600769042968,1006.9400749206544,1003.9000663757324,1006.8000717163086,1016.8400688171388,1028.960075378418,1003.0200576782228,1023.6600685119628
[TG(64:6)]_FA16:1,1050.8400802612305,1055.300075531006,1052.1800842285156,1050.280071258545,1048.2200775146484,1049.6200675964355,1048.2400703430176,1049.5800743103027
[TG(64:6)]_FA18:0,1012.12007522583,1010.4400634765624,1012.9200706481934,1009.6600723266602,1013.7000732421876,1011.3600769042968,1020.440071105957,1010.5600624084472
[TG(64:6)]_FA18:1,1076.080078125,1055.740077972412,1052.5600662231443,1054.0800743103027,1056.8200721740725,1054.880069732666,1056.0400733947754,1087.3200759887695
[TG(64:6)]_FA18:2,1127.200080871582,1129.1000747680664,1130.1600723266602,1125.420078277588,1128.7400703430176,1130.3600769042969,1129.3400764465332,1125.4000778198242
[TG(64:6)]_FA18:3,1270.5400924682615,1209.3800811767578,1208.9800834655762,1208.7400932312012,1204.320095062256,1213.2600746154783,1207.4400825500488,1210.780086517334
[TG(64:6)]_FA20:4,1291.6400909423828,1329.8400802612305,1293.060089111328,1288.6600952148438,1288.9000968933103,1287.620086669922,1290.180088043213,1310.680103302002
[TG(64:6)]_FA22:5,1417.8001022338867,1419.2000999450684,1418.5400886535645,1414.7401084899902,1450.160099029541,1420.1400833129885,1415.4200973510742,1418.9800910949707
[TG(64:6)]_FA22:6,1540.5800971984863,1539.4601097106934,1544.380111694336,1541.840106964111,1543.6601066589355,1540.020107269287,1541.380107879639,1581.460117340088
"[TG(64:7),TG(63:0)]_FA14:0",1013.340072631836,1024.060073852539,1012.9000778198242,1012.5400733947754,1008.7800636291504,1008.9600791931152,1027.020076751709,1061.020076751709
"[TG(64:7),TG(63:0)]_FA16:0",1042.3800621032717,1068.2000732421875,1003.7200622558594,1016.9800720214844,1025.500072479248,1011.6800842285156,1003.7200660705566,1005.1200637817384
"[TG(64:7),TG(63:0)]_FA16:1",1050.5600700378418,1056.140064239502,1052.2200775146484,1050.300067901611,1047.4600791931152,1048.760082244873,1047.5800666809082,1048.8200721740725
"[TG(64:7),TG(63:0)]_FA18:0",1011.5000762939452,1010.8600730895996,1012.0600700378418,1009.4800720214844,1012.880069732666,1030.7400741577148,1010.6600723266602,1011.0200729370116
"[TG(64:7),TG(63:0)]_FA18:1",1060.4800758361816,1056.4800872802734,1052.0400619506836,1053.520076751709,1056.9600715637207,1054.680076599121,1057.2800674438477,1056.3200759887695
"[TG(64:7),TG(63:0)]_FA18:2",1128.4200744628906,1128.5800743103027,1129.5000762939453,1125.920078277588,1129.1600723266602,1133.020076751709,1129.4600791931152,1133.9800872802734
"[TG(64:7),TG(63:0)]_FA18:3",1208.5200843811035,1209.520092010498,1208.0000801086426,1208.7800788879397,1204.0200843811035,1213.5400886535645,1207.0800819396973,1210.240089416504
"[TG(64:7),TG(63:0)]_FA20:4",1291.4400901794434,1294.200080871582,1293.420093536377,1289.300090789795,1289.06010055542,1289.2200927734375,1289.320087432861,1290.3000869750977
"[TG(64:7),TG(63:0)]_FA22:5",1456.8400993347168,1418.7200889587402,1418.9201011657717,1415.6001091003418,1416.700096130371,1440.8400993347168,1415.200096130371,1475.2800979614258
"[TG(64:7),TG(63:0)]_FA22:6",1541.0401153564453,1562.840114593506,1544.6001052856443,1541.780101776123,1543.1601181030271,1584.7401237487793,1542.5401153564453,1537.460105895996
"[TG(64:8),TG(63:1)]_FA14:0",1013.820083618164,1012.8000717163086,1012.580078125,1012.4600601196288,1009.0400619506836,1016.8600845336914,1055.5000610351562,1062.3600769042969
"[TG(64:8),TG(63:1)]_FA16:0",1007.820068359375,1006.1400756835938,1003.760066986084,1007.3200721740724,1007.4800643920898,1012.0000762939452,1002.9400596618652,1004.5200691223145
"[TG(64:8),TG(63:1)]_FA16:1",1050.4600715637207,1055.6200637817385,1052.0400733947754,1050.460075378418,1053.560073852539,1049.1200790405271,1048.5800704956057,1050.1200714111328
"[TG(64:8),TG(63:1)]_FA18:0",1012.3600730895996,1011.540069580078,1012.8600654602052,1009.8000717163086,1012.6200714111328,1011.9200744628906,1010.5000686645508,1011.0200691223145
"[TG(64:8),TG(63:1)]_FA18:1",1055.1400718688965,1056.480068206787,1057.220069885254,1054.420078277588,1057.2200775146484,1054.020076751709,1056.7800674438477,1055.9600830078125
"[TG(64:8),TG(63:1)]_FA18:2",1127.7200775146484,1128.62007522583,1129.8800773620603,1125.0600776672363,1129.7600784301758,1128.62007522583,1153.900074005127,1139.480079650879
"[TG(64:8),TG(63:1)]_FA18:3",1255.060089111328,1210.0400848388672,1209.860088348389,1207.6600914001465,1204.3000831604004,1218.7800750732422,1207.5600776672363,1211.5200881958008
"[TG(64:8),TG(63:1)]_FA20:4",1291.3200988769531,1294.9200859069824,1292.940086364746,1289.3400955200195,1288.3800964355469,1288.2400932312012,1290.0800971984863,1308.940086364746
"[TG(64:8),TG(63:1)]_FA22:5",1449.580093383789,1418.5600929260254,1418.6000900268557,1450.9400939941406,1419.9600982666016,1420.960090637207,1436.000099182129,1417.6000862121582
"[TG(64:8),TG(63:1)]_FA22:6",1566.900119781494,1539.3001022338867,1546.5201034545898,1541.9801139831543,1543.520107269287,1568.1601181030271,1540.1201210021973,1585.6001167297363
"[TG(64:9),TG(63:2)]_FA14:0",1013.6200714111328,1012.3200721740724,1035.4800872802734,1065.3600845336914,1027.2600784301758,1021.440071105957,1035.7200775146484,1015.5200691223145
"[TG(64:9),TG(63:2)]_FA16:0",1007.3000717163086,1006.3600616455078,1009.9000701904296,1007.3000679016112,1007.1400756835938,1013.5000801086426,1003.9400672912598,1007.5200576782228
"[TG(64:9),TG(63:2)]_FA16:1",1050.980079650879,1060.8600845336914,1061.340072631836,1095.4200744628906,1047.480068206787,1048.6800689697266,1048.480068206787,1049.2200775146484
"[TG(64:9),TG(63:2)]_FA18:0",1012.2000770568848,1011.040069580078,1012.6600723266602,1009.940071105957,1012.5400772094728,1011.9600677490234,1011.4400634765624,1010.4600677490234
"[TG(64:9),TG(63:2)]_FA18:1",1087.0400733947754,1056.5000686645508,1070.1000785827637,1054.460075378418,1055.9600715637207,1054.480068206787,1057.5000686645508,1055.7000770568848
"[TG(64:9),TG(63:2)]_FA18:2",1140.2000694274902,1128.2400703430176,1130.560073852539,1166.3600959777832,1129.7600708007812,1140.2200736999512,1196.2400856018066,1125.5200691223145
"[TG(64:9),TG(63:2)]_FA18:3",1208.4800872802734,1247.460090637207,1209.0000953674316,1218.6400871276855,1204.3200798034668,1244.2200889587402,1208.4000778198242,1210.3800888061523
"[TG(64:9),TG(63:2)]_FA20:4",1290.8000831604004,1294.9600944519043,1314.9001007080078,1289.0801010131836,1288.900089263916,1288.800090789795,1289.8000869750977,1290.0200843811035
"[TG(64:9),TG(63:2)]_FA22:5",1419.6000938415527,1419.4601020812988,1420.2000885009766,1414.2200965881348,1417.9801063537598,1448.820087432861,1416.200096130371,1438.800106048584
"[TG(64:9),TG(63:2)]_FA22:6",1540.4801063537598,1539.3401107788086,1544.5801124572754,1541.200107574463,1554.9401054382324,1546.880111694336,1599.8201217651367,1553.4201202392578
[TG(65:0)]_FA14:0 | [TG(66:7)]_FA14:0,1013.7600708007812,1012.420078277588,1013.2200775146484,1012.3000793457032,1032.0400772094729,1078.9000701904297,1013.1200637817384,1026.2200736999512
[TG(65:0)]_FA14:0 | [TG(66:7)]_FA14:0_2,1012.940071105957,1012.7600708007812,1012.8600692749023,1039.500072479248,1010.1800727844238,1009.320068359375,1012.5000762939452,1051.080078125
[TG(65:0)]_FA16:0,1008.6400680541992,1006.5800666809082,1003.7600708007812,1006.900074005127,1007.5400772094728,1012.7000579833984,1002.3200645446776,1004.0400657653807
[TG(65:0)]_FA18:0,1011.7400665283204,1011.2800788879396,1011.6000709533693,1009.52006149292,1013.4000778198242,1011.1600723266602,1010.800075531006,1010.8200645446776
"[TG(65:12),TG(64:5)]_FA14:0",1012.940071105957,1013.1000747680664,1023.5000686645508,1043.5600700378418,1057.8600845336914,1008.3400802612304,1106.8200759887695,1010.820068359375
"[TG(65:12),TG(64:5)]_FA16:0",1058.9800720214844,1006.4000701904296,1002.9800643920898,1007.3800735473632,1007.840072631836,1107.7400817871094,1004.0200691223145,1004.6200714111328
"[TG(65:12),TG(64:5)]_FA16:1",1050.4200744628906,1056.0600776672363,1051.8600730895996,1055.140064239502,1047.880069732666,1048.9800720214844,1048.6000709533691,1049.5000686645508
"[TG(65:12),TG(64:5)]_FA18:0",1012.3200645446776,1011.2800712585448,1022.4400749206544,1009.5800743103028,1012.8800659179688,1010.6600685119628,1010.820068359375,1010.5800743103028
"[TG(65:12),TG(64:5)]_FA18:1",1053.9800872802734,1073.7400817871094,1052.4400749206543,1080.880069732666,1057.0400733947754,1054.2400741577148,1105.060073852539,1066.5000801086426
"[TG(65:12),TG(64:5)]_FA18:2",1127.840068817139,1128.3600730895996,1130.2400856018066,1125.440071105957,1129.4600791931152,1129.880069732666,1129.7400703430176,1125.600082397461
"[TG(65:12),TG(64:5)]_FA18:3",1208.900089263916,1237.5400733947754,1223.020076751709,1208.000087738037,1203.9600868225098,1250.7200775146484,1207.8200798034668,1211.7000694274902
"[TG(65:12),TG(64:5)]_FA20:4",1291.020092010498,1294.5400924682615,1292.8000869750977,1289.860092163086,1288.7600898742676,1289.200096130371,1289.3800888061523,1289.460090637207
"[TG(65:12),TG(64:5)]_FA22:5",1426.0200996398926,1419.2800941467283,1419.0000915527344,1414.9001007080078,1417.860107421875,1419.960090637207,1415.6601104736328,1418.5400924682615
"[TG(65:12),TG(64:5)]_FA22:6",1541.4601097106934,1539.6801071166992,1543.9001159667969,1542.08012008667,1543.680103302002,1539.6601181030271,1550.6201057434082,1536.720115661621
[TG(66:0)]_FA16:0,1007.940071105957,1006.900074005127,1002.6400718688964,1004.740077972412,1007.1600685119628,1011.4800682067872,1002.0800743103028,1003.2200775146484
[TG(66:0)]_FA18:0,1011.1000709533693,1009.9400672912598,1011.0200729370116,1008.7400665283204,1012.4400634765624,1009.5600738525392,1010.0200729370116,1010.5200691223145
[TG(66:1)]_FA14:0,1013.0800743103028,1012.9400825500488,1012.3600616455078,1011.54008102417,1009.7800788879396,1026.5600700378418,1011.0600738525392,1010.920066833496
[TG(66:1)]_FA16:0,1008.4800758361816,1006.3200721740724,1004.100067138672,1005.5200729370116,1045.8200607299805,1048.9800720214844,1002.8600692749023,1004.5000686645508
[TG(66:1)]_FA16:1,1134.960075378418,1097.220069885254,1092.780086517334,1090.960075378418,1088.6400756835938,1114.8000717163086,1088.6800804138184,1090.1000747680664
[TG(66:1)]_FA18:0,1011.8800735473632,1010.9800682067872,1011.6400680541992,1009.8400764465332,1041.7800750732422,1011.3000717163086,1010.3000717163086,1011.2400665283204
[TG(66:1)]_FA18:1,1096.4600791931152,1096.9800872802734,1094.200080871582,1095.4400825500488,1098.3000793457031,1117.2400741577148,1097.6000709533691,1096.7600631713867
"[TG(66:10),TG(65:3)]_FA14:0",1013.260082244873,1060.8800773620603,1012.820083618164,1012.3000717163086,1063.000072479248,1008.6600761413574,1011.6400604248048,1034.680076599121
"[TG(66:10),TG(65:3)]_FA16:0",1008.0200576782228,1006.840072631836,1004.4400672912598,1006.2400703430176,1023.7000617980956,1013.1000709533693,1003.0600662231444,1004.7000617980956
"[TG(66:10),TG(65:3)]_FA16:1",1049.9600830078125,1056.140079498291,1057.9400787353516,1050.6000633239746,1066.6000785827637,1049.3600769042969,1047.7600631713867,1052.2400703430176
"[TG(66:10),TG(65:3)]_FA18:0",1011.1000747680664,1010.260082244873,1012.9400672912598,1009.8800659179688,1031.1400756835938,1011.0800704956056,1010.1600723266602,1010.7200736999512
"[TG(66:10),TG(65:3)]_FA18:1",1071.5000801086426,1055.780071258545,1094.12007522583,1054.4800758361816,1057.260082244873,1053.9000663757324,1057.240077972412,1059.4000701904297
"[TG(66:10),TG(65:3)]_FA18:2",1152.3400802612305,1128.880069732666,1130.6400718688965,1126.3800811767578,1176.3600769042969,1129.220069885254,1129.8200759887695,1127.1400871276855
"[TG(66:10),TG(65:3)]_FA18:3",1209.2200889587402,1208.8000869750977,1207.9800872802734,1222.2400856018066,1211.5000801086426,1214.7200889587402,1206.8600845336914,1210.820095062256
"[TG(66:10),TG(65:3)]_FA20:4",1345.9600982666016,1294.3000946044922,1292.6000862121582,1289.2600860595703,1288.960090637207,1287.6600875854492,1289.520092010498,1289.9400939941406
"[TG(66:10),TG(65:3)]_FA22:5",1437.8001022338867,1417.880084991455,1418.8400955200195,1415.2201042175293,1417.620086669922,1419.8800811767578,1415.5200958251953,1418.7201080322266
"[TG(66:10),TG(65:3)]_FA22:6",1601.6201095581057,1539.5401153564453,1543.9001083374023,1549.0001106262207,1588.760108947754,1539.0601196289062,1541.4401206970217,1536.9601135253906
"[TG(66:11),TG(65:4)]_FA14:0",1014.100067138672,1026.1600761413574,1012.8600654602052,1011.7200660705566,1008.8600769042968,1008.6400756835938,1011.4200744628906,1011.3200798034668
"[TG(66:11),TG(65:4)]_FA16:0",1008.4800758361816,1007.1200675964355,1039.640079498291,1006.3400650024414,1006.840072631836,1012.6000709533693,1003.5400543212892,1041.8800621032717
"[TG(66:11),TG(65:4)]_FA16:1",1050.5000648498535,1056.04008102417,1052.740077972412,1050.1400756835938,1048.200065612793,1049.400074005127,1048.6000709533691,1049.7600746154783
"[TG(66:11),TG(65:4)]_FA18:0",1012.0800704956056,1037.3800888061523,1011.2600631713868,1009.5600814819336,1012.7200660705566,1011.0600662231444,1009.880069732666,1010.9600715637208
"[TG(66:11),TG(65:4)]_FA18:1",1055.1000747680664,1067.4400787353516,1073.4200820922852,1054.7200775146484,1057.3000831604004,1053.9200630187988,1057.2400703430176,1068.5000648498535
"[TG(66:11),TG(65:4)]_FA18:2",1127.800075531006,1128.4800758361816,1179.020092010498,1125.4000778198242,1133.6800689697266,1129.0200691223145,1129.5200881958008,1146.7800750732422
"[TG(66:11),TG(65:4)]_FA18:3",1210.3600845336914,1261.1000938415527,1209.5800819396973,1208.4800834655762,1204.9200706481934,1222.8800811767578,1206.9400672912598,1210.780086517334
"[TG(66:11),TG(65:4)]_FA20:4",1291.2400932312012,1294.1200904846191,1310.420108795166,1289.460090637207,1289.1000900268557,1346.2601013183594,1289.2800903320312,1290.000087738037
"[TG(66:11),TG(65:4)]_FA22:5",1438.760097503662,1418.6800918579102,1418.6000938415527,1415.9601020812988,1416.8800888061523,1420.0200996398926,1415.3000946044922,1417.440097808838
"[TG(66:11),TG(65:4)]_FA22:6",1540.6601104736328,1539.3201179504397,1581.8400955200195,1568.6801071166992,1543.040111541748,1567.260108947754,1541.6801109313965,1538.240119934082
"[TG(66:12),TG(65:5)]_FA14:0",1013.8600616455078,1013.4600715637208,1012.8200759887696,1028.5200691223145,1009.1600685119628,1008.5200729370116,1011.460075378418,1019.8600692749023
"[TG(66:12),TG(65:5)]_FA16:0",1008.2800598144532,1007.5400657653807,1003.340072631836,1006.1200714111328,1007.6200675964355,1011.4200744628906,1036.9000663757324,1003.9600677490234
"[TG(66:12),TG(65:5)]_FA16:1",1049.820068359375,1056.0000762939453,1069.7400741577148,1081.3800735473633,1048.1800727844238,1095.840068817139,1047.5200805664062,1049.0600700378418
"[TG(66:12),TG(65:5)]_FA18:0",1011.2200889587402,1011.000072479248,1011.7800712585448,1009.320068359375,1013.600067138672,1010.760066986084,1010.260066986084,1030.8800735473633
"[TG(66:12),TG(65:5)]_FA18:1",1055.1200714111328,1055.5200843811035,1052.9400672912598,1054.0000686645508,1056.9400749206543,1077.4600715637207,1057.6400718688965,1055.3800773620603
"[TG(66:12),TG(65:5)]_FA18:2",1127.6400756835938,1129.5200805664062,1143.260082244873,1125.8800811767578,1129.200080871582,1129.6800689697266,1130.6000747680664,1125.640079498291
"[TG(66:12),TG(65:5)]_FA18:3",1208.9200859069824,1210.460090637207,1275.5800819396973,1207.5000839233398,1204.8600959777832,1212.720085144043,1238.9600791931152,1211.2800827026367
"[TG(66:12),TG(65:5)]_FA20:4",1290.3800926208496,1312.3000831604004,1292.780086517334,1289.180088043213,1288.7200813293457,1288.260082244873,1290.420093536377,1290.660083770752
"[TG(66:12),TG(65:5)]_FA22:5",1419.7200927734375,1418.9600944519043,1443.1401023864746,1434.1001014709473,1417.1601181030271,1421.9800872802734,1498.160099029541,1416.4801063537598
"[TG(66:12),TG(65:5)]_FA22:6",1539.7001152038574,1538.6201171875,1544.560115814209,1542.3601188659668,1541.9001007080078,1539.9201202392578,1573.840114593506,1536.5601119995115
"[TG(66:13),TG(65:6)]_FA14:0",1012.9600639343262,1013.0800704956056,1012.6600685119628,1014.3400650024414,1008.8200645446776,1038.780071258545,1012.0600700378418,1011.320068359375
"[TG(66:13),TG(65:6)]_FA16:0",1007.2400665283204,1006.0600662231444,1003.6400756835938,1006.3600654602052,1070.460075378418,1012.2200736999512,1002.2200622558594,1005.4000663757324
"[TG(66:13),TG(65:6)]_FA16:1",1050.7400741577148,1055.8800773620603,1051.5000762939453,1057.7200813293457,1095.3000717163086,1049.5800666809082,1071.7200889587402,1050.0800704956057
"[TG(66:13),TG(65:6)]_FA18:0",1011.3000717163086,1011.1400680541992,1012.0800743103028,1009.4000625610352,1013.4600677490234,1011.0200729370116,1009.8600730895996,1011.0400657653807
"[TG(66:13),TG(65:6)]_FA18:1",1106.2600784301758,1055.9000701904297,1052.440071105957,1053.7400741577148,1056.400074005127,1053.7400665283203,1057.1400756835938,1088.6400680541992
"[TG(66:13),TG(65:6)]_FA18:2",1128.6400756835938,1128.8400764465332,1136.3200721740725,1125.1800727844238,1129.5600776672363,1129.3800773620603,1129.0800590515137,1125.900074005127
"[TG(66:13),TG(65:6)]_FA18:3",1238.5000915527344,1224.4800834655762,1209.820087432861,1208.380084991455,1204.2000923156738,1214.5800857543943,1206.2600936889648,1210.3000869750977
"[TG(66:13),TG(65:6)]_FA20:4",1344.7200927734375,1295.320095062256,1313.460090637207,1289.320095062256,1289.7600898742676,1312.720100402832,1288.9400901794434,1291.0400848388672
"[TG(66:13),TG(65:6)]_FA22:5",1453.0801048278809,1419.720085144043,1419.480094909668,1415.3400993347168,1416.840103149414,1420.1800956726074,1416.540096282959,1418.0401000976562
"[TG(66:13),TG(65:6)]_FA22:6",1540.8201065063477,1538.380107879639,1543.8000984191897,1541.6401290893557,1541.520107269287,1539.0001106262207,1573.880111694336,1537.4401016235352
"[TG(66:14),TG(65:7),TG(64:0)]_FA14:0",1046.8200721740725,1012.3000679016112,1013.0200691223145,1053.800067901611,1008.8600692749023,1009.820068359375,1046.2000694274902,1045.2200736999512
"[TG(66:14),TG(65:7),TG(64:0)]_FA16:0",1007.1800689697266,1006.5400657653807,1024.1600761413574,1025.0600776672363,1007.0600738525392,1011.6000747680664,1044.040069580078,1004.7000732421876
"[TG(66:14),TG(65:7),TG(64:0)]_FA16:1",1050.7400703430176,1055.8400764465332,1051.300067901611,1050.3000793457031,1048.160068511963,1049.500072479248,1047.820068359375,1048.9800643920898
"[TG(66:14),TG(65:7),TG(64:0)]_FA18:0",1048.180076599121,1011.6200675964355,1012.3800735473632,1009.12007522583,1013.3800621032716,1011.6600685119628,1010.900074005127,1011.2000770568848
"[TG(66:14),TG(65:7),TG(64:0)]_FA18:1",1054.1200790405271,1064.6600761413574,1053.7000732421875,1053.5000762939453,1056.820068359375,1054.7800788879397,1057.6000709533691,1055.4600677490234
"[TG(66:14),TG(65:7),TG(64:0)]_FA18:2",1143.5800819396973,1128.1600723266602,1129.62007522583,1160.9800834655762,1163.820095062256,1127.9000854492188,1130.2800827026367,1168.6200714111328
"[TG(66:14),TG(65:7),TG(64:0)]_FA18:3",1240.1600914001465,1209.4200897216797,1209.2200775146484,1209.0800857543943,1205.1600952148438,1213.8200798034668,1220.4800872802734,1210.4600868225098
"[TG(66:14),TG(65:7),TG(64:0)]_FA20:4",1290.8000984191897,1295.4800872802734,1293.0800895690918,1297.500087738037,1289.2200965881348,1288.3800926208496,1289.7000923156738,1306.200096130371
"[TG(66:14),TG(65:7),TG(64:0)]_FA22:5",1420.2200965881348,1419.1201057434082,1418.1001014709473,1415.60009765625,1416.8800964355469,1420.9400825500488,1414.8800964355469,1418.6601028442385
"[TG(66:14),TG(65:7),TG(64:0)]_FA22:6",1567.8201217651367,1557.0401153564453,1544.860107421875,1541.680103302002,1573.1801223754885,1538.9801139831543,1549.4201126098633,1571.0001220703125
"[TG(66:15),TG(65:8),TG(64:1)]_FA14:0",1013.4000663757324,1011.8200759887696,1013.1800727844238,1011.7600708007812,1008.380069732666,1019.8200607299804,1012.8000602722168,1010.9800643920898
"[TG(66:15),TG(65:8),TG(64:1)]_FA16:0",1007.5800666809082,1006.7800788879396,1054.9200744628906,1006.4400672912598,1007.9800796508788,1011.8800659179688,1014.5000610351562,1017.7200660705566
"[TG(66:15),TG(65:8),TG(64:1)]_FA16:1",1050.6000747680664,1055.3800735473633,1051.800075531006,1050.1000633239746,1048.280071258545,1085.420078277588,1047.460075378418,1076.480079650879
"[TG(66:15),TG(65:8),TG(64:1)]_FA18:0",1012.080078125,1011.0400733947754,1013.0800743103028,1008.9600791931152,1013.3000717163086,1011.4200706481934,1010.3000717163086,1010.6400718688964
"[TG(66:15),TG(65:8),TG(64:1)]_FA18:1",1054.480079650879,1101.060073852539,1052.7600746154783,1053.6800689697266,1057.1000785827637,1054.740077972412,1056.7400703430176,1056.0600776672363
"[TG(66:15),TG(65:8),TG(64:1)]_FA18:2",1128.380069732666,1128.7000732421875,1129.7000885009766,1125.2800827026367,1129.2600746154783,1175.4200859069824,1129.1400871276855,1126.5200843811035
"[TG(66:15),TG(65:8),TG(64:1)]_FA18:3",1239.960090637207,1210.2800903320312,1209.5800857543943,1208.2000923156738,1253.3000869750977,1213.160068511963,1207.3400802612305,1210.7200927734375
"[TG(66:15),TG(65:8),TG(64:1)]_FA20:4",1291.0600967407229,1294.760097503662,1293.7600936889648,1289.5600929260254,1288.6200942993164,1287.5800819396973,1289.240089416504,1290.400089263916
"[TG(66:15),TG(65:8),TG(64:1)]_FA22:5",1420.2200965881348,1444.2001152038574,1418.9600944519043,1439.4800910949707,1417.000087738037,1452.4401168823242,1415.1800994873047,1416.8800964355469
"[TG(66:15),TG(65:8),TG(64:1)]_FA22:6",1599.1801223754885,1539.5001182556152,1582.8601036071775,1541.3601188659668,1568.2001152038574,1629.3201141357422,1541.580108642578,1578.5401191711426
"[TG(66:16),TG(65:9),TG(64:2)]_FA14:0",1013.6200637817384,1036.9800720214844,1070.9600715637207,1012.000072479248,1009.2200775146484,1009.4800682067872,1030.6800689697266,1011.2600708007812
"[TG(66:16),TG(65:9),TG(64:2)]_FA16:0",1008.2400703430176,1024.320068359375,1050.100067138672,1007.1400566101074,1007.1000709533693,1013.4000701904296,1052.4400596618652,1004.840061187744
"[TG(66:16),TG(65:9),TG(64:2)]_FA16:1",1050.7200775146484,1055.8400650024414,1051.6600761413574,1078.4000663757324,1048.020076751709,1049.6400680541992,1105.420078277588,1049.4400825500488
"[TG(66:16),TG(65:9),TG(64:2)]_FA18:0",1011.7600746154784,1010.8000679016112,1012.520076751709,1009.520076751709,1013.2000732421876,1011.9000701904296,1011.300075531006,1011.400074005127
"[TG(66:16),TG(65:9),TG(64:2)]_FA18:1",1059.2600746154783,1056.7200813293457,1052.2600708007812,1053.4200744628906,1057.300075531006,1054.6200675964355,1094.0800704956057,1088.6200828552246
"[TG(66:16),TG(65:9),TG(64:2)]_FA18:2",1126.8000869750977,1128.9600791931152,1129.8000717163086,1125.920078277588,1144.0200805664062,1129.0200805664062,1129.9200820922852,1179.4800720214844
"[TG(66:16),TG(65:9),TG(64:2)]_FA18:3",1209.5000915527344,1244.680088043213,1209.1400833129885,1226.6400871276855,1204.14009475708,1212.7400817871094,1207.3000831604004,1210.3600845336914
"[TG(66:16),TG(65:9),TG(64:2)]_FA20:4",1290.400089263916,1352.3200912475586,1293.3000869750977,1289.240089416504,1289.7000923156738,1288.360088348389,1316.380084991455,1290.160099029541
"[TG(66:16),TG(65:9),TG(64:2)]_FA22:5",1418.6601028442385,1434.0001029968262,1417.9200897216797,1414.580108642578,1430.3400955200195,1420.780101776123,1415.660099029541,1433.5401077270508
"[TG(66:16),TG(65:9),TG(64:2)]_FA22:6",1540.8401107788086,1565.6001167297363,1549.2001152038574,1541.6201171875,1543.7401084899902,1539.0001106262207,1560.7001113891602,1537.5401153564453
"[TG(66:17),TG(65:10),TG(64:3)]_FA14:0",1029.3400802612305,1014.3800659179688,1013.7800750732422,1011.6600723266602,1008.9400749206544,1038.020076751709,1012.8800811767578,1071.7000694274902
"[TG(66:17),TG(65:10),TG(64:3)]_FA16:0",1008.040069580078,1006.7000770568848,1013.1200561523438,1006.880069732666,1006.5000762939452,1023.3800582885742,1004.3400650024414,1049.1000785827637
"[TG(66:17),TG(65:10),TG(64:3)]_FA16:1",1050.6400756835938,1087.4000816345217,1052.0400657653809,1084.1000633239746,1047.680076599121,1050.0400772094729,1078.500072479248,1078.8400764465332
"[TG(66:17),TG(65:10),TG(64:3)]_FA18:0",1012.1400718688964,1010.5000648498536,1011.8800659179688,1009.5200843811036,1013.3000679016112,1025.460075378418,1010.9400634765624,1010.6000709533693
"[TG(66:17),TG(65:10),TG(64:3)]_FA18:1",1054.2200775146484,1056.2800750732422,1052.1600723266602,1054.2000846862793,1056.480068206787,1054.540069580078,1056.4200744628906,1056.240077972412
"[TG(66:17),TG(65:10),TG(64:3)]_FA18:2",1150.6800804138184,1128.7600708007812,1207.2400932312012,1126.1400871276855,1172.780071258545,1129.3600730895996,1129.120086669922,1125.9800834655762
"[TG(66:17),TG(65:10),TG(64:3)]_FA18:3",1209.2800827026367,1209.680076599121,1209.0200805664062,1209.1200828552246,1205.1600914001465,1215.0200843811035,1207.0000801086426,1210.5600814819336
"[TG(66:17),TG(65:10),TG(64:3)]_FA20:4",1335.1200942993164,1309.4400939941406,1293.7000846862793,1290.000099182129,1289.0801048278809,1288.0200843811035,1288.3400840759275,1290.3200912475586
"[TG(66:17),TG(65:10),TG(64:3)]_FA22:5",1420.500087738037,1432.960105895996,1423.14009475708,1433.2401123046875,1430.320095062256,1420.4800910949707,1418.7000923156738,1419.200096130371
"[TG(66:17),TG(65:10),TG(64:3)]_FA22:6",1541.4001121520996,1539.0601196289062,1543.680103302002,1541.740104675293,1543.0801010131836,1558.200107574463,1574.5401077270508,1595.6001014709473
"[TG(66:18),TG(65:11),TG(64:4)]_FA14:0",1012.9800796508788,1012.5800704956056,1012.2400741577148,1038.2800674438477,1008.9200744628906,1088.360080718994,1012.6200714111328,1064.000072479248
"[TG(66:18),TG(65:11),TG(64:4)]_FA16:0",1008.1200637817384,1006.3600769042968,1003.5600738525392,1006.9800605773926,1066.0000686645508,1016.3600730895996,1003.320068359375,1059.100067138672
"[TG(66:18),TG(65:11),TG(64:4)]_FA16:1",1050.060073852539,1055.940071105957,1051.9000701904297,1094.5000839233398,1047.2800750732422,1048.980068206787,1048.8000831604004,1050.2000732421875
"[TG(66:18),TG(65:11),TG(64:4)]_FA18:0",1012.300075531006,1010.4800796508788,1012.6200675964355,1009.9600677490234,1013.920066833496,1061.960075378418,1010.880069732666,1011.3800773620604
"[TG(66:18),TG(65:11),TG(64:4)]_FA18:1",1054.1000709533691,1055.4400787353516,1090.300075531006,1054.560073852539,1057.100082397461,1067.5200729370115,1057.200080871582,1055.8600845336914
"[TG(66:18),TG(65:11),TG(64:4)]_FA18:2",1127.5800704956057,1128.8800773620603,1130.2000732421875,1125.1600723266602,1196.7000885009766,1128.840072631836,1130.040069580078,1150.760082244873
"[TG(66:18),TG(65:11),TG(64:4)]_FA18:3",1208.7401008605957,1209.2600784301758,1208.7200775146484,1208.8800659179688,1204.3400802612305,1212.7800750732422,1207.5800819396973,1210.5000953674316
"[TG(66:18),TG(65:11),TG(64:4)]_FA20:4",1291.720085144043,1294.1600952148438,1293.320087432861,1289.300106048584,1288.700096130371,1287.5200881958008,1289.2800903320312,1289.7000885009766
"[TG(66:18),TG(65:11),TG(64:4)]_FA22:5",1420.1400833129885,1419.400089263916,1418.3001022338867,1467.020107269287,1416.7200965881348,1422.4201011657717,1455.700096130371,1417.0600967407229
"[TG(66:18),TG(65:11),TG(64:4)]_FA22:6",1540.9001083374023,1554.3201065063477,1544.140106201172,1541.380111694336,1543.0601081848145,1539.3401184082031,1551.9801139831543,1560.760108947754
[TG(66:2)]_FA14:0,1013.9000663757324,1013.020076751709,1013.6600685119628,1012.680061340332,1009.720069885254,1008.4200744628906,1042.300067901611,1011.5600738525392
[TG(66:2)]_FA16:0,1008.5600776672364,1006.700065612793,1064.5400657653809,1005.9000701904296,1024.6600761413574,1040.860065460205,1019.9800682067872,1004.3000717163086
[TG(66:2)]_FA16:1,1092.580078125,1097.800075531006,1094.8200798034668,1112.8800659179688,1129.0800704956057,1104.860080718994,1121.6400718688965,1092.0400772094729
[TG(66:2)]_FA18:0,1012.280055999756,1013.5000648498536,1011.3200645446776,1009.6800689697266,1012.0400619506836,1011.5200691223145,1011.1200828552246,1010.9000663757324
[TG(66:2)]_FA18:1,1151.060073852539,1098.0600852966309,1095.780086517334,1097.6800689697266,1100.600082397461,1096.6200714111328,1120.1000862121582,1097.4600791931152
[TG(66:2)]_FA18:2,1126.340072631836,1128.0600814819336,1183.6400833129885,1124.380069732666,1141.1200675964355,1128.8600845336914,1127.760066986084,1139.0800819396973
[TG(66:3)]_FA14:0,1013.2600746154784,1011.6600761413574,1012.5600547790528,1029.460075378418,1009.9800720214844,1007.4400672912598,1012.100067138672,1011.3000717163086
[TG(66:3)]_FA16:0,1019.2000732421876,1006.3600730895996,1025.9800643920898,1028.240062713623,1035.340068817139,1013.2200660705566,1038.9400634765625,1030.9200592041016
[TG(66:3)]_FA16:1,1104.5800704956057,1097.940071105957,1095.4200630187988,1091.940071105957,1089.9200706481934,1091.9600791931152,1090.1000747680664,1091.1000747680664
[TG(66:3)]_FA18:0,1011.8200759887696,1011.340072631836,1011.9000701904296,1009.2800636291504,1012.9400672912598,1011.0800666809082,1010.300064086914,1011.580078125
[TG(66:3)]_FA18:1,1096.2600784301758,1097.3800773620603,1142.3200798034668,1097.3200798034668,1098.5600776672363,1096.2400741577148,1098.800075531006,1107.020076751709
[TG(66:3)]_FA18:2,1127.9600791931152,1128.860080718994,1170.4400787353516,1125.3200798034668,1176.7800750732422,1130.2400817871094,1129.480079650879,1143.6000785827637
[TG(66:3)]_FA18:3,1208.2600898742676,1208.4800910949707,1207.5400924682615,1207.2200889587402,1204.2400817871094,1268.9600791931152,1215.3000869750977,1210.100082397461
[TG(66:4)]_FA14:0,1042.04008102417,1033.2000770568848,1013.240077972412,1011.7400703430176,1008.7200775146484,1067.0000610351562,1013.4400787353516,1084.100082397461
[TG(66:4)]_FA16:0,1129.300090789795,1036.7400741577148,1153.500072479248,1131.700080871582,1132.9800605773926,1166.0600852966309,1137.7000732421875,1066.6800689697266
[TG(66:4)]_FA16:1,1131.680076599121,1097.8200759887695,1094.8600692749023,1091.9600830078125,1090.2000732421875,1100.7400817871094,1089.5000762939453,1091.0200805664062
[TG(66:4)]_FA18:0,1012.4000701904296,1010.4400749206544,1012.3600730895996,1009.6000747680664,1012.9800682067872,1011.0000839233398,1009.9400787353516,1010.6600761413574
[TG(66:4)]_FA18:1,1119.0200843811035,1097.480079650879,1094.6400833129885,1097.7000770568848,1099.8200798034668,1096.320083618164,1098.8800773620603,1097.54008102417
[TG(66:4)]_FA18:2,1128.3800735473633,1128.340072631836,1146.4000778198242,1125.320087432861,1148.1200714111328,1128.4600791931152,1129.1000747680664,1125.7200813293457
[TG(66:4)]_FA18:3,1210.4200897216797,1209.2600746154783,1209.4400825500488,1208.880084991455,1204.2600784301758,1219.1600799560547,1206.8400840759275,1210.9600830078125
[TG(66:4)]_FA20:4,1291.080093383789,1293.7600784301758,1325.2200965881348,1288.6400909423828,1287.960090637207,1304.9801063537598,1288.1600914001465,1288.5600929260254
[TG(66:5)]_FA14:0,1014.1400756835938,1012.9000663757324,1056.2600708007812,1012.0400733947754,1009.940071105957,1025.480079650879,1012.800075531006,1010.460075378418
[TG(66:5)]_FA16:0,1362.4600830078125,1310.3400840759275,2486.4601669311523,1650.9401359558103,2800.500244140625,1285.5200881958008,1971.840145111084,1310.1800918579102
[TG(66:5)]_FA16:1,1093.04008102417,1189.3400764465332,1093.4000816345217,1148.0000839233398,1089.3800773620603,1198.3600845336914,1090.12007522583,1090.6600723266602
[TG(66:5)]_FA18:0,1012.4400787353516,1042.8800811767578,1012.100067138672,1009.8200607299804,1013.0600738525392,1011.6600761413574,1010.5000839233398,1011.4800643920898
[TG(66:5)]_FA18:1,1096.2400741577148,1098.1000747680664,1095.380084991455,1096.0000801086426,1098.660083770752,1095.4000854492188,1099.1400680541992,1097.160083770752
[TG(66:5)]_FA18:2,1128.0200881958008,1128.640079498291,1188.3600769042969,1125.04008102417,1149.5600852966309,1129.140079498291,1130.5800704956057,1169.000087738037
[TG(66:5)]_FA18:3,1208.4400825500488,1209.4000816345217,1210.0800971984863,1207.240089416504,1204.6400871276855,1212.7400856018066,1207.4800834655762,1210.2200775146484
[TG(66:5)]_FA20:4,1292.5400924682615,1307.000087738037,1292.7800903320312,1289.9600868225098,1288.4800987243652,1338.7801055908203,1289.8800888061523,1289.6600952148438
[TG(66:5)]_FA22:5,1418.5801010131836,1417.680103302002,1417.820095062256,1413.7601013183594,1438.4000930786133,1469.6401023864746,1426.6601066589355,1416.360088348389
[TG(66:6)]_FA14:0,1013.3800773620604,1011.9800720214844,1013.0000762939452,1011.3600616455078,1008.7800750732422,1027.5600662231443,1012.8800773620604,1010.9800682067872
[TG(66:6)]_FA16:0,1008.8600692749023,1048.2200736999512,1078.800064086914,1012.300064086914,1057.480079650879,1069.5400733947754,1110.1800804138184,1004.5800628662108
[TG(66:6)]_FA16:1,1116.8000793457031,1097.4200820922852,1178.2600898742676,1148.3200798034668,1089.020076751709,1120.3400840759275,1089.3200798034668,1092.0800704956057
[TG(66:6)]_FA18:0,1012.580078125,1011.5200691223145,1011.4000778198242,1009.5600662231444,1012.7800674438477,1011.7800674438477,1010.9200706481934,1011.1200714111328
[TG(66:6)]_FA18:1,1107.4400825500488,1098.0200881958008,1094.9400901794434,1104.4000663757324,1099.140079498291,1096.2800750732422,1098.8400802612305,1098.5400733947754
[TG(66:6)]_FA18:2,1149.4200744628906,1129.780086517334,1130.5200729370115,1125.720085144043,1196.62007522583,1129.4800720214844,1129.4800758361816,1126.8000793457031
[TG(66:6)]_FA18:3,1209.4000968933103,1209.1800804138184,1212.1600799560547,1223.4600982666016,1204.2000885009766,1213.9400749206543,1206.5600852966309,1210.9200744628906
[TG(66:6)]_FA20:4,1292.0800857543943,1295.6800918579102,1292.920093536377,1289.4801025390625,1288.400089263916,1301.0800857543943,1289.1400756835938,1289.9800910949707
[TG(66:6)]_FA22:5,1418.8000984191897,1418.5200958251953,1418.8400840759275,1415.2800979614258,1418.1200981140137,1442.840103149414,1415.8800926208496,1417.9201049804688
[TG(66:6)]_FA22:6,1538.660099029541,1538.4201049804688,1543.6200942993164,1541.0401077270508,1562.1201095581057,1538.4401092529297,1541.0001068115234,1536.240104675293
[TG(66:7)]_FA16:0,1008.0200576782228,1007.260066986084,1003.8800659179688,1006.0400619506836,1007.420066833496,1012.4600677490234,1002.040069580078,1003.7800598144532
[TG(66:7)]_FA16:1,1092.5800743103027,1097.7800788879397,1094.12007522583,1092.5000839233398,1089.6200790405271,1150.2800788879397,1090.0200653076172,1139.7200889587402
[TG(66:7)]_FA18:0,1012.340061187744,1010.920078277588,1010.5800704956056,1009.100067138672,1014.1600799560548,1010.960075378418,1010.7400741577148,1011.380069732666
[TG(66:7)]_FA18:1,1096.940071105957,1097.980079650879,1095.2200775146484,1096.0600852966309,1099.380084991455,1095.7200813293457,1099.1000785827637,1097.7800750732422
[TG(66:7)]_FA18:2,1127.3000793457031,1127.960075378418,1139.720069885254,1125.2400856018066,1129.2400741577148,1128.600082397461,1129.6600799560547,1139.2200736999512
[TG(66:7)]_FA18:3,1209.1000785827637,1209.2400970458984,1208.9600791931152,1209.2000732421875,1204.180076599121,1213.700080871582,1207.0600967407229,1210.660083770752
[TG(66:7)]_FA20:4,1291.980094909668,1294.7000923156738,1293.9000778198242,1316.7400856018066,1288.6601028442385,1288.160099029541,1289.460090637207,1316.1001052856443
[TG(66:7)]_FA22:5,1419.4200820922852,1419.5000953674316,1418.8200988769531,1415.3000984191897,1423.140106201172,1467.0801124572754,1415.300090789795,1464.7801094055176
[TG(66:7)]_FA22:6,1540.400119781494,1538.8201179504397,1543.9201126098633,1542.5201034545898,1544.3801155090332,1539.360122680664,1542.0401077270508,1538.1201057434082
"[TG(66:8),TG(65:1)]_FA14:0",1013.7600708007812,1013.3600654602052,1013.3200721740724,1017.9400672912598,1009.3600769042968,1008.4800643920898,1015.6800727844238,1011.3000679016112
"[TG(66:8),TG(65:1)]_FA16:0",1007.9800796508788,1007.1800689697266,1004.2200736999512,1005.9400672912598,1048.860065460205,1011.7200660705566,1003.1000595092772,1024.620059967041
"[TG(66:8),TG(65:1)]_FA16:1",1050.4200706481934,1055.8400802612305,1051.9000701904297,1050.2600746154783,1047.9600715637207,1049.1800727844238,1069.9200706481934,1077.5400772094729
"[TG(66:8),TG(65:1)]_FA18:0",1012.0200653076172,1010.5200729370116,1037.300067901611,1010.0400657653807,1013.0800743103028,1011.2800788879396,1010.7000694274902,1011.4800643920898
"[TG(66:8),TG(65:1)]_FA18:1",1054.440071105957,1056.1600761413574,1052.4400787353516,1054.2000770568848,1055.8400764465332,1121.300090789795,1056.6800689697266,1055.740077972412
"[TG(66:8),TG(65:1)]_FA18:2",1156.9000701904297,1128.720085144043,1184.0200805664062,1125.6000709533691,1129.5800704956057,1129.1000747680664,1129.3000717163086,1133.6600799560547
"[TG(66:8),TG(65:1)]_FA18:3",1209.1000938415527,1210.2800941467283,1209.9200973510742,1208.5800857543943,1203.760097503662,1213.1200790405271,1207.7800788879397,1210.4200820922852
"[TG(66:8),TG(65:1)]_FA20:4",1291.6000900268557,1294.8000831604004,1292.900089263916,1289.2601013183594,1289.180103302002,1289.2200927734375,1289.080093383789,1290.240089416504
"[TG(66:8),TG(65:1)]_FA22:5",1493.240104675293,1418.700096130371,1418.7000999450684,1426.920108795166,1416.800090789795,1421.3201065063477,1432.3201026916504,1476.500114440918
"[TG(66:8),TG(65:1)]_FA22:6",1539.2801132202148,1603.2400970458984,1544.440097808838,1541.2401008605957,1618.7401084899902,1539.700107574463,1541.260108947754,1536.7001304626465
"[TG(66:9),TG(65:2)]_FA14:0",1026.7600784301758,1012.4600715637208,1011.9600715637208,1031.2800750732422,1009.4800720214844,1009.100067138672,1013.0600738525392,1022.7600746154784
"[TG(66:9),TG(65:2)]_FA16:0",1008.400074005127,1006.8800659179688,1004.0800704956056,1006.1600723266602,1006.8800659179688,1012.8800811767578,1056.8200645446775,1025.940071105957
"[TG(66:9),TG(65:2)]_FA16:1",1050.7200660705566,1069.12007522583,1052.7000770568848,1051.200080871582,1048.6600646972656,1048.2600631713867,1086.440071105957,1049.800067901611
"[TG(66:9),TG(65:2)]_FA18:0",1012.8600654602052,1010.9400787353516,1033.7800827026367,1009.4000701904296,1020.6800765991212,1010.9200744628906,1010.9800758361816,1010.6600723266602
"[TG(66:9),TG(65:2)]_FA18:1",1054.7800750732422,1056.3800811767578,1108.0000801086426,1055.2600860595703,1056.5200805664062,1054.4000663757324,1056.840072631836,1113.5000801086426
"[TG(66:9),TG(65:2)]_FA18:2",1140.8600730895996,1128.1800651550293,1184.340072631836,1125.8600692749023,1130.360080718994,1135.1000785827637,1129.440071105957,1156.6800918579102
"[TG(66:9),TG(65:2)]_FA18:3",1208.9000816345217,1209.1400871276855,1240.0800895690918,1208.4400901794434,1203.860088348389,1213.1800842285156,1206.7200927734375,1210.9200820922852
"[TG(66:9),TG(65:2)]_FA20:4",1291.6401023864746,1293.1000862121582,1293.06010055542,1289.4400939941406,1289.2800979614258,1287.8400917053225,1328.9201049804688,1290.1600875854492
"[TG(66:9),TG(65:2)]_FA22:5",1417.1600952148438,1419.4200897216797,1486.56010055542,1419.4801177978516,1418.260108947754,1420.5600814819336,1415.0401039123535,1417.720100402832
"[TG(66:9),TG(65:2)]_FA22:6",1539.980110168457,1540.8001022338867,1543.8001136779783,1542.5601196289062,1543.9401092529297,1577.4801177978516,1580.3201065063477,1537.7601013183594
omega-linoleoyloxy-Cer(d18:0/26:0),1141.5400848388672,1109.8200798034668,1108.3600769042969,1116.4000778198242,1116.140079498291,1110.6600761413574,1130.6000785827637,1133.680076599121
omega-linoleoyloxy-Cer(d18:0/28:0),1113.780071258545,1140.4000854492188,1108.5400772094729,1116.7800788879397,1116.0800819396973,1110.760082244873,1115.4000778198242,1116.1400718688965
omega-linoleoyloxy-Cer(d18:0/30:0),1135.140079498291,1110.7200813293457,1121.3400802612305,1116.800075531006,1115.660083770752,1110.260082244873,1154.9000854492188,1172.2400817871094
omega-linoleoyloxy-Cer(d18:0/31:0),1113.8200798034668,1111.1000785827637,1108.8000831604004,1115.9800720214844,1116.3200759887695,1110.2600746154783,1116.600082397461,1120.9000663757324
omega-linoleoyloxy-Cer(d18:0/32:0),1141.2400856018066,1110.4400825500488,1108.5200805664062,1177.4800758361816,1115.5600776672363,1110.7000846862793,1115.4600791931152,1117.1800842285156
omega-linoleoyloxy-Cer(d18:0/33:0),1114.2600784301758,1135.1200714111328,1108.300075531006,1117.5600700378418,1115.780086517334,1110.4200859069824,1141.2400932312012,1117.180076599121
omega-linoleoyloxy-Cer(d18:0/34:0),1112.7600746154783,1111.0400848388672,1148.5400772094729,1115.7400856018066,1115.6600799560547,1171.900074005127,1116.2400703430176,1117.0800895690918
omega-linoleoyloxy-Cer(d18:1/26:0),1154.740077972412,1124.1800804138184,1121.6000862121582,1116.640079498291,1114.9400672912598,1110.2800750732422,1156.7200813293457,1131.5000839233398
omega-linoleoyloxy-Cer(d18:1/27:0),1114.4200630187988,1166.100082397461,1107.9000778198242,1116.5000762939453,1115.9800758361816,1111.3000831604004,1116.0400772094729,1116.0400772094729
omega-linoleoyloxy-Cer(d18:1/28:0),1113.6600799560547,1110.8800735473633,1108.240089416504,1116.940086364746,1115.3600769042969,1111.5000839233398,1115.62007522583,1117.340072631836
omega-linoleoyloxy-Cer(d18:1/29:0),1137.4600791931152,1111.0000839233398,1107.900089263916,1115.900074005127,1116.100082397461,1121.5800819396973,1116.2600784301758,1123.7800750732422
omega-linoleoyloxy-Cer(d18:1/30:0),1164.0200805664062,1162.2200813293457,1108.3400917053225,1125.5200653076172,1115.7200889587402,1111.6800804138184,1116.4600715637207,1116.9200744628906
omega-linoleoyloxy-Cer(d18:1/31:0),1113.8400802612305,1111.12007522583,1107.7400856018066,1115.4800834655762,1115.1800842285156,1110.7600784301758,1116.580078125,1116.740077972412
omega-linoleoyloxy-Cer(d18:1/32:0),1114.1400833129885,1110.2800903320312,1109.0400733947754,1123.0000762939453,1115.7800827026367,1111.1600761413574,1116.3200759887695,1116.480079650879
omega-linoleoyloxy-Cer(d18:1/33:0),1161.440086364746,1111.320087432861,1107.6200904846191,1115.820083618164,1115.1200714111328,1110.0600852966309,1170.4400901794434,1116.7400703430176
omega-linoleoyloxy-Cer(d18:1/34:0),1113.380069732666,1111.440071105957,1108.2600860595703,1130.5200729370115,1115.440086364746,1110.460075378418,1141.820087432861,1116.5600700378418
omega-linoleoyloxy-Cer(d18:2/30:0),1113.4400787353516,1110.7000732421875,1108.3600769042969,1116.660083770752,1115.7600746154783,1111.480079650879,1116.3200798034668,1116.9000854492188
omega-linoleoyloxy-Cer(d18:2/31:0),1113.9000701904297,1110.9200744628906,1107.8400802612305,1154.7600746154783,1116.5000839233398,1111.140079498291,1116.1000785827637,1116.6600723266602
omega-linoleoyloxy-Cer(d18:2/32:0),1113.9800720214844,1111.6800727844238,1107.860092163086,1115.9800758361816,1115.9000778198242,1110.3800773620603,1116.000072479248,1116.6600723266602
omega-linoleoyloxy-Cer(d18:2/34:0),1113.6000709533691,1111.5600814819336,1108.0400733947754,1116.380069732666,1116.0000648498535,1110.680088043213,1117.120086669922,1116.8800773620603
omega-linoleoyloxy-Cer(d19:0/28:0),1160.7000732421875,1125.8400917053225,1115.7000732421875,1124.8200759887695,1115.3800582885742,1110.8400840759275,1168.320083618164,1116.5600776672363
omega-linoleoyloxy-Cer(d19:0/34:0),1114.4400825500488,1110.660083770752,1128.4200744628906,1116.6800689697266,1115.5800743103027,1135.5600776672363,1115.7000770568848,1116.1400756835938
omega-linoleoyloxy-Cer(d19:1/34:0),1113.7800788879397,1111.180088043213,1107.6400871276855,1116.2000732421875,1116.2200813293457,1135.9400825500488,1116.4400749206543,1116.3800773620603
omega-linoleoyloxy-Cer(d20:1/34:0),1113.9400825500488,1110.420078277588,1110.1600799560547,1116.5400733947754,1115.860065460205,1110.6000862121582,1115.460075378418,1117.5000839233398
omega-linoleoyloxy-Cer(d21:0/33:0),1113.6200790405271,1110.1400756835938,1108.760082244873,1116.100082397461,1132.8600769042969,1110.3000831604004,1116.2400703430176,1117.2000770568848
omega-linoleoyloxy-GlcCer(d18:1/30:0),1111.3200721740725,1108.9000816345217,1107.1600761413574,1114.140079498291,1113.3000831604004,1109.0800819396973,1114.540069580078,1114.1600761413574
