Lipid,Chain length,DB Number,DB Location,DBs in front,FA mass,[FA+AMP]+,n-1,n-2,n-3,n-4,n-5,n-6,n-7,n-8,n-9,n-10,n-11,n-12
FA(14:5),14,5,<BBBB>,0,218.2,385.3,387.3,373.3,359.29999999999995,345.29999999999995,331.29999999999995,317.29999999999995,303.29999999999995,289.29999999999995,,,,
FA(14:5),14,5,<BBBF>,1,218.2,385.3,,375.3,361.3,347.29999999999995,333.29999999999995,319.29999999999995,305.29999999999995,291.29999999999995,277.29999999999995,,,
FA(14:5),14,5,<BBFF>,2,218.2,385.3,,,363.3,349.29999999999995,335.29999999999995,321.29999999999995,307.29999999999995,293.29999999999995,279.29999999999995,265.29999999999995,,
FA(14:5),14,5,<BFFF>,3,218.2,385.3,,,,351.29999999999995,337.29999999999995,323.29999999999995,309.29999999999995,295.29999999999995,281.29999999999995,267.29999999999995,253.29999999999995,
FA(14:5),14,5,<FFFF>,4,218.2,385.3,,,,,339.29999999999995,325.29999999999995,311.29999999999995,297.29999999999995,283.29999999999995,269.29999999999995,255.29999999999995,241.29999999999995
