Lipid,Chain length,DB Number,DB Location,DBs in front,FA mass,[FA+AMP]+,n-1,n-2,n-3,n-4,n-5,n-6,n-7,n-8,n-9,n-10,n-11,n-12
FA(14:2),14,2,<B>,0,224.2,391.3,393.3,379.3,365.3,351.29999999999995,337.29999999999995,323.29999999999995,309.29999999999995,295.29999999999995,281.29999999999995,267.29999999999995,253.29999999999995,
FA(14:2),14,2,<F>,1,224.2,391.3,,381.3,367.3,353.29999999999995,339.29999999999995,325.29999999999995,311.29999999999995,297.29999999999995,283.29999999999995,269.29999999999995,255.29999999999995,241.29999999999995
