Lipid,Chain length,DB Number,DB Location,DBs in front,FA mass,[FA+AMP]+,n-1,n-2,n-3,n-4,n-5,n-6,n-7,n-8,n-9,n-10,n-11,n-12,n-13,n-14,n-15,n-16
FA(18:6),18,6,<BBBBB>,0,272.2,439.3,441.3,427.3,413.3,399.3,385.3,371.3,357.29999999999995,343.29999999999995,329.29999999999995,315.29999999999995,301.29999999999995,,,,,
FA(18:6),18,6,<BBBBF>,1,272.2,439.3,,429.3,415.3,401.3,387.3,373.3,359.29999999999995,345.29999999999995,331.29999999999995,317.29999999999995,303.29999999999995,289.29999999999995,,,,
FA(18:6),18,6,<BBBFF>,2,272.2,439.3,,,417.3,403.3,389.3,375.3,361.3,347.29999999999995,333.29999999999995,319.29999999999995,305.29999999999995,291.29999999999995,277.29999999999995,,,
FA(18:6),18,6,<BBFFF>,3,272.2,439.3,,,,405.3,391.3,377.3,363.3,349.29999999999995,335.29999999999995,321.29999999999995,307.29999999999995,293.29999999999995,279.29999999999995,265.29999999999995,,
FA(18:6),18,6,<BFFFF>,4,272.2,439.3,,,,,393.3,379.3,365.3,351.29999999999995,337.29999999999995,323.29999999999995,309.29999999999995,295.29999999999995,281.29999999999995,267.29999999999995,253.29999999999995,
FA(18:6),18,6,<FFFFF>,5,272.2,439.3,,,,,,381.3,367.3,353.29999999999995,339.29999999999995,325.29999999999995,311.29999999999995,297.29999999999995,283.29999999999995,269.29999999999995,255.29999999999995,241.29999999999995
