Lipid,Chain length,DB Number,DB Location,DBs in front,FA mass,[FA+AMP]+,n-1,n-2,n-3,n-4,n-5,n-6,n-7,n-8,n-9,n-10,n-11,n-12,n-13,n-14,n-15,n-16,n-17,n-18
FA(20:3),20,3,<BB>,0,306.2,473.3,475.3,461.3,447.3,433.3,419.3,405.3,391.3,377.3,363.3,349.29999999999995,335.29999999999995,321.29999999999995,307.29999999999995,293.29999999999995,279.29999999999995,265.29999999999995,,
FA(20:3),20,3,<BF>,1,306.2,473.3,,463.3,449.3,435.3,421.3,407.3,393.3,379.3,365.3,351.29999999999995,337.29999999999995,323.29999999999995,309.29999999999995,295.29999999999995,281.29999999999995,267.29999999999995,253.29999999999995,
FA(20:3),20,3,<FF>,2,306.2,473.3,,,451.3,437.3,423.3,409.3,395.3,381.3,367.3,353.29999999999995,339.29999999999995,325.29999999999995,311.29999999999995,297.29999999999995,283.29999999999995,269.29999999999995,255.29999999999995,241.29999999999995
