Lipid,Class,FAD199_m1_66_B,FAD199_m3_66_B,FAD201_m5_61_B,FAD265_m3_59_B,FAD261_m3_81_C,FAD265_m2_74_C,FAD309_55_C,FAD325_39_C,Blank_Blank_Blank,Title1,Title2,Title,length1,length2,Blank_name
1-O-behenoyl-Cer(d18:1/16:0),Cer,1179.4800834655762,1124.920078277588,1156.380084991455,1131.3200645446777,1163.6600799560547,1216.580078125,1413.6601066589355,1123.2400856018066,1139.1600761413574,Group: B,Group: C,Group: B vs Group: C,4,4,Blank_Blank_Blank
1-O-carboceroyl-Cer(d18:1/18:0),Cer,1203.1800918579102,1149.4000816345215,1147.360065460205,1234.9400749206543,1141.2800903320312,1132.9800834655762,1120.8600845336914,1152.3000831604004,1228.360092163086,Group: B,Group: C,Group: B vs Group: C,4,4,Blank_Blank_Blank
1-O-cerotoyl-Cer(d18:1/16:0),Cer,1129.5000686645508,1111.2000846862793,1108.7000694274902,1196.9200820922852,1106.1600799560547,1171.1000785827637,1361.9801063537598,1176.7200775146484,1109.600082397461,Group: B,Group: C,Group: B vs Group: C,4,4,Blank_Blank_Blank
1-O-cerotoyl-Cer(d18:1/18:0),Cer,1113.8800811767578,1110.3800964355469,1178.8400840759277,1147.380084991455,1140.8600730895996,1104.6800727844238,1143.6400718688965,1105.2200775146484,1108.6000785827637,Group: B,Group: C,Group: B vs Group: C,4,4,Blank_Blank_Blank
1-O-eicosanoyl-Cer(d18:1/16:0),Cer,1072.8000869750977,1076.6400756835938,1067.2800827026367,1210.0000953674316,1064.4600715637207,1097.400089263916,1145.2000770568848,1074.0000801086426,1104.2000846862793,Group: B,Group: C,Group: B vs Group: C,4,4,Blank_Blank_Blank
1-O-lignoceroyl-Cer(d18:1/16:0),Cer,1178.8000793457031,1111.4800834655762,1108.500087738037,1149.1600875854492,1107.340072631836,1270.2400817871094,1293.700096130371,1248.1200942993164,1208.6400985717773,Group: B,Group: C,Group: B vs Group: C,4,4,Blank_Blank_Blank
1-O-pentacosanoyl-Cer(d18:1/16:0),Cer,1476.7800979614258,1436.4201164245605,1282.240089416504,1643.2601127624512,1301.820083618164,1539.2201232910156,4264.000305175781,1334.3600959777832,1130.740077972412,Group: B,Group: C,Group: B vs Group: C,4,4,Blank_Blank_Blank
1-O-tricosanoyl-Cer(d18:1/16:0),Cer,1863.4001426696777,1999.8401412963867,1931.9201049804688,1995.8601608276367,1743.3801193237305,2091.860122680664,6054.760437011719,2011.9601707458496,1164.400089263916,Group: B,Group: C,Group: B vs Group: C,4,4,Blank_Blank_Blank
1-O-tricosanoyl-Cer(d18:1/18:0),Cer,1113.3200759887695,1123.4800872802734,1108.3000755310059,1116.4000701904297,1106.2800827026367,1104.9200744628906,1148.3800735473633,1105.3600730895996,1164.000072479248,Group: B,Group: C,Group: B vs Group: C,4,4,Blank_Blank_Blank
CAR,CAR,1892.3001403808594,3503.540237426758,1950.960147857666,1965.0801315307617,2400.7401847839355,2317.0401496887207,2699.1601753234863,1963.960132598877,1858.7201194763184,Group: B,Group: C,Group: B vs Group: C,4,4,Blank_Blank_Blank
CAR(10:0),CAR,2107.4001502990723,4046.240280151367,1887.420124053955,1936.740135192871,2574.920192718506,2155.460147857666,2616.26016998291,1954.3201446533203,2661.9001693725586,Group: B,Group: C,Group: B vs Group: C,4,4,Blank_Blank_Blank
CAR(10:0)_QUAL,CAR,2382.660167694092,5342.220375061035,2593.6401863098145,1995.5001525878906,3252.3602333068848,2701.720169067383,3535.2002754211426,2258.740165710449,2898.900215148926,Group: B,Group: C,Group: B vs Group: C,4,4,Blank_Blank_Blank
CAR(10:1),CAR,1795.6401252746582,4520.740329742432,2224.5801544189453,2039.460132598877,2610.260185241699,3164.260223388672,2822.2201919555664,2092.4601554870605,2162.0001487731934,Group: B,Group: C,Group: B vs Group: C,4,4,Blank_Blank_Blank
CAR(10:1)_QUAL,CAR,2163.660140991211,4756.640293121338,2552.8401985168457,2242.8401641845703,3015.320198059082,2605.080177307129,3776.5802268981934,2012.9401397705078,3336.540256500244,Group: B,Group: C,Group: B vs Group: C,4,4,Blank_Blank_Blank
CAR(10:2),CAR,2063.080135345459,4298.7603187561035,2374.6001625061035,2166.2401733398438,3157.7802200317383,2744.8202018737793,3366.7802391052246,2237.3601570129395,2405.200164794922,Group: B,Group: C,Group: B vs Group: C,4,4,Blank_Blank_Blank
CAR(10:2)_QUAL,CAR,20137.841400146484,52838.763427734375,18320.56121826172,16052.581130981445,31457.742042541504,21248.661712646484,29809.322189331055,16650.8212890625,23348.381622314453,Group: B,Group: C,Group: B vs Group: C,4,4,Blank_Blank_Blank
CAR(10:3),CAR,1644.7601127624512,2980.940200805664,1681.1001167297363,1571.8801002502441,1964.540138244629,1957.760124206543,2112.7401580810547,1693.3801155090332,1812.9601249694824,Group: B,Group: C,Group: B vs Group: C,4,4,Blank_Blank_Blank
CAR(10:3)_QUAL,CAR,1827.4001197814941,2859.7002143859863,2303.260166168213,1689.3601264953613,2391.2601623535156,2353.0401725769043,3012.240203857422,2094.820156097412,3044.8602256774902,Group: B,Group: C,Group: B vs Group: C,4,4,Blank_Blank_Blank
CAR(11:0),CAR,1721.6601257324219,3345.9402389526367,1904.8201293945312,1737.6201248168945,2332.6201553344727,2050.480155944824,2343.040153503418,1740.9201202392578,2144.900146484375,Group: B,Group: C,Group: B vs Group: C,4,4,Blank_Blank_Blank
CAR(11:0)_QUAL,CAR,2587.1601905822754,6614.340450286865,2884.4202041625977,2173.440158843994,3891.220283508301,3036.16019821167,4235.900321960449,2681.2002029418945,3157.1801986694336,Group: B,Group: C,Group: B vs Group: C,4,4,Blank_Blank_Blank
CAR(12:0),CAR,1704.8201179504395,2588.4801750183105,1631.2201194763184,1523.6401023864746,1836.6601219177246,1700.9201126098633,1900.3601303100586,1541.8200988769531,1750.320125579834,Group: B,Group: C,Group: B vs Group: C,4,4,Blank_Blank_Blank
CAR(12:0)_QUAL,CAR,2419.520164489746,5281.520412445068,2465.0601844787598,2070.540138244629,3272.2602348327637,2605.3001823425293,4117.820274353027,2435.8801765441895,2939.100200653076,Group: B,Group: C,Group: B vs Group: C,4,4,Blank_Blank_Blank
CAR(14:0),CAR,1919.4401397705078,3696.840263366699,2087.0201568603516,1759.4001197814941,2434.040180206299,2159.3601570129395,2097.740146636963,1807.1601219177246,1947.8601341247559,Group: B,Group: C,Group: B vs Group: C,4,4,Blank_Blank_Blank
CAR(14:0)_QUAL,CAR,3519.80025100708,10114.3207321167,3808.960273742676,3477.440269470215,5561.8204345703125,4271.4603271484375,6432.200496673584,3749.1402702331543,4949.740325927734,Group: B,Group: C,Group: B vs Group: C,4,4,Blank_Blank_Blank
CAR(14:1),CAR,1747.7201080322266,2828.0401763916016,1643.3601188659668,1627.3001136779785,2015.8401565551758,1992.2001419067383,1978.9401473999023,1685.2001113891602,1837.2401237487793,Group: B,Group: C,Group: B vs Group: C,4,4,Blank_Blank_Blank
CAR(14:1)_QUAL,CAR,4307.480308532715,9769.940673828125,4264.500339508057,3658.660285949707,6406.100456237793,4676.20036315918,5218.580364227295,3799.6202507019043,5046.040378570557,Group: B,Group: C,Group: B vs Group: C,4,4,Blank_Blank_Blank
CAR(14:2),CAR,2898.700225830078,5488.620346069336,2897.380199432373,2633.520160675049,3581.88028717041,3007.180202484131,3591.160259246826,2517.680164337158,3186.260227203369,Group: B,Group: C,Group: B vs Group: C,4,4,Blank_Blank_Blank
CAR(14:2)_QUAL,CAR,43519.542541503906,119692.04852294922,40716.362854003906,34812.52243041992,73661.20541381836,46761.14373779297,66833.90441894531,37791.56248474121,51347.30401611328,Group: B,Group: C,Group: B vs Group: C,4,4,Blank_Blank_Blank
CAR(16:0),CAR,2239.9201583862305,4046.4402656555176,2095.140163421631,2135.620143890381,2187.840156555176,2563.080177307129,2809.7201919555664,1976.6001586914062,2108.1201553344727,Group: B,Group: C,Group: B vs Group: C,4,4,Blank_Blank_Blank
CAR(16:0)_QUAL,CAR,3327.2602195739746,8535.260581970215,3171.800224304199,3026.980213165283,5043.38032913208,3653.500286102295,5588.260398864746,3056.280200958252,3809.7002716064453,Group: B,Group: C,Group: B vs Group: C,4,4,Blank_Blank_Blank
CAR(16:1),CAR,1479.4401092529297,2624.6001739501953,1657.8801193237305,1710.3201217651367,1846.4201278686523,1825.10013961792,2018.3201293945312,1643.3201065063477,1816.640121459961,Group: B,Group: C,Group: B vs Group: C,4,4,Blank_Blank_Blank
CAR(16:1)_QUAL,CAR,4605.660316467285,10939.300674438477,4718.060314178467,3758.300247192383,6791.900466918945,4922.880321502686,7663.000518798828,4169.200275421143,7357.380523681641,Group: B,Group: C,Group: B vs Group: C,4,4,Blank_Blank_Blank
CAR(16:2),CAR,1819.7201347351074,2897.2002334594727,1950.1001358032227,1699.5401191711426,2302.4201622009277,2417.2801780700684,2401.940174102783,2209.6401405334473,1863.6401290893555,Group: B,Group: C,Group: B vs Group: C,4,4,Blank_Blank_Blank
CAR(16:2)_QUAL,CAR,2152.320137023926,4311.780292510986,2191.560161590576,2327.3801612854004,2970.2802200317383,2508.020179748535,3171.380229949951,2275.5001640319824,2864.0202140808105,Group: B,Group: C,Group: B vs Group: C,4,4,Blank_Blank_Blank
CAR(17:0),CAR,2211.800136566162,5041.740333557129,2091.5401496887207,1900.6801376342773,2961.120189666748,2523.520175933838,3462.9202728271484,1967.2201461791992,2831.5202255249023,Group: B,Group: C,Group: B vs Group: C,4,4,Blank_Blank_Blank
CAR(17:0)_QUAL,CAR,5006.720355987549,12172.280899047852,4380.1403465271,4023.9202995300293,7105.18049621582,6058.960468292236,7765.620529174805,4614.340293884277,5544.080337524414,Group: B,Group: C,Group: B vs Group: C,4,4,Blank_Blank_Blank
CAR(18:0),CAR,1974.0601539611816,3877.7003059387207,2083.8801345825195,1901.6601295471191,2424.9401893615723,2478.060157775879,2630.3402061462402,1845.3801193237305,2296.820167541504,Group: B,Group: C,Group: B vs Group: C,4,4,Blank_Blank_Blank
CAR(18:0)_QUAL,CAR,3182.520248413086,7539.720504760742,3056.0202140808105,2938.7602005004883,5000.06033706665,4095.20027923584,5264.400352478027,3658.500259399414,4162.380275726318,Group: B,Group: C,Group: B vs Group: C,4,4,Blank_Blank_Blank
CAR(18:1),CAR,2167.3801612854004,4332.66024017334,2177.440139770508,1824.4601364135742,2235.800178527832,3289.9602394104004,2645.600170135498,1952.300136566162,1948.2201347351074,Group: B,Group: C,Group: B vs Group: C,4,4,Blank_Blank_Blank
CAR(18:1)_QUAL,CAR,3373.5802421569824,6997.940490722656,3168.200206756592,3110.1602058410645,4656.000335693359,3354.0202026367188,4377.5602951049805,3093.9402084350586,3794.940254211426,Group: B,Group: C,Group: B vs Group: C,4,4,Blank_Blank_Blank
CAR(18:2),CAR,2494.5601654052734,5110.140357971191,2505.500171661377,2333.2401733398438,2938.0801963806152,2973.7402420043945,3294.7802200317383,2883.620185852051,2877.360176086426,Group: B,Group: C,Group: B vs Group: C,4,4,Blank_Blank_Blank
CAR(18:2)_QUAL,CAR,2558.580177307129,5432.980377197266,3106.0602226257324,2395.6601524353027,3553.1202812194824,3007.020206451416,3509.260265350342,2709.1002082824707,3380.560234069824,Group: B,Group: C,Group: B vs Group: C,4,4,Blank_Blank_Blank
CAR(18:3),CAR,1744.0401191711426,4563.240310668945,2095.74015045166,1917.6201400756836,2412.3001823425293,2469.2201919555664,3174.5602378845215,2042.480136871338,2588.780204772949,Group: B,Group: C,Group: B vs Group: C,4,4,Blank_Blank_Blank
CAR(18:3)_QUAL,CAR,2975.000217437744,7319.640487670898,3533.420234680176,2940.460216522217,4866.660331726074,4002.460273742676,4718.940319061279,3454.380302429199,4367.680294036865,Group: B,Group: C,Group: B vs Group: C,4,4,Blank_Blank_Blank
CAR(18:4),CAR,2302.140151977539,6399.180480957031,2556.240177154541,2262.560161590576,3442.040237426758,2864.600200653076,4117.420330047607,2228.3401374816895,3211.8402519226074,Group: B,Group: C,Group: B vs Group: C,4,4,Blank_Blank_Blank
CAR(18:4)_QUAL,CAR,3476.840229034424,8058.820587158203,3629.2202796936035,2949.2202339172363,4736.480377197266,3643.3202590942383,5295.820358276367,3345.840274810791,3885.4603004455566,Group: B,Group: C,Group: B vs Group: C,4,4,Blank_Blank_Blank
CAR(20:0),CAR,1670.3201293945312,2852.540180206299,1814.9201278686523,1699.460117340088,1993.0401229858398,2085.420154571533,2003.3601379394531,1813.7601318359375,1862.6201362609863,Group: B,Group: C,Group: B vs Group: C,4,4,Blank_Blank_Blank
CAR(20:0)_QUAL,CAR,5211.460346221924,11305.560707092285,5119.860382080078,4145.640289306641,6964.700523376465,5644.440410614014,7342.2205810546875,4800.000358581543,5530.580421447754,Group: B,Group: C,Group: B vs Group: C,4,4,Blank_Blank_Blank
CAR(20:1),CAR,2178.2401733398438,4407.560325622559,2078.3401412963867,2103.1801376342773,2831.3202018737793,3019.620204925537,2995.9602088928223,2519.9801902770996,2492.540184020996,Group: B,Group: C,Group: B vs Group: C,4,4,Blank_Blank_Blank
CAR(20:1)_QUAL,CAR,2496.000175476074,4498.040328979492,2275.480167388916,2593.1801986694336,2829.9001960754395,2687.8801918029785,3402.100212097168,2451.660167694092,2906.4402351379395,Group: B,Group: C,Group: B vs Group: C,4,4,Blank_Blank_Blank
CAR(20:2),CAR,3962.4002532958984,8985.540756225586,3650.520278930664,3229.1002311706543,5175.220386505127,4239.500324249268,6347.620429992676,3159.7002487182617,4415.460342407227,Group: B,Group: C,Group: B vs Group: C,4,4,Blank_Blank_Blank
CAR(20:2)_QUAL,CAR,2643.0601959228516,5492.400394439697,2949.2401962280273,2332.3801765441895,3582.4402503967285,3378.500244140625,3512.4002571105957,2606.6201553344727,3671.500289916992,Group: B,Group: C,Group: B vs Group: C,4,4,Blank_Blank_Blank
CAR(20:4),CAR,1675.9601211547852,3591.8002319335938,1696.6401138305664,1785.9201354980469,2110.440174102783,1938.2201461791992,2319.2801513671875,1628.4801025390625,1948.0401306152344,Group: B,Group: C,Group: B vs Group: C,4,4,Blank_Blank_Blank
CAR(20:4)_QUAL,CAR,2702.0401725769043,5869.600395202637,2854.920207977295,2396.0401611328125,3257.2802391052246,2831.240222930908,3795.9203033447266,2687.8201904296875,3134.6801948547363,Group: B,Group: C,Group: B vs Group: C,4,4,Blank_Blank_Blank
CAR(22:0),CAR,2941.080192565918,6443.440490722656,2769.3201866149902,2500.5601806640625,3278.1002464294434,4473.920364379883,3739.420265197754,3085.1202354431152,2918.240219116211,Group: B,Group: C,Group: B vs Group: C,4,4,Blank_Blank_Blank
CAR(22:0)_QUAL,CAR,3342.000244140625,6976.720527648926,3630.0402488708496,3290.4202156066895,4733.460334777832,3795.060276031494,5015.04035949707,3095.6802368164062,4026.280288696289,Group: B,Group: C,Group: B vs Group: C,4,4,Blank_Blank_Blank
CAR(22:2),CAR,3181.540225982666,6901.740501403809,2902.4802055358887,2745.360221862793,3865.7402381896973,3297.1802253723145,4408.940299987793,3207.0402297973633,3558.900230407715,Group: B,Group: C,Group: B vs Group: C,4,4,Blank_Blank_Blank
CAR(22:2)_QUAL,CAR,6452.280422210693,14456.920997619629,6543.000465393066,5760.380393981934,9504.9206199646,6573.86051940918,9338.360694885254,5325.540420532227,7421.480499267578,Group: B,Group: C,Group: B vs Group: C,4,4,Blank_Blank_Blank
CAR(22:4),CAR,1439.0801010131836,2509.7001724243164,1831.4401206970215,1701.440128326416,1898.7001495361328,1826.6001358032227,2003.0401458740234,1763.7801246643066,2133.460159301758,Group: B,Group: C,Group: B vs Group: C,4,4,Blank_Blank_Blank
CAR(22:4)_QUAL,CAR,3479.340263366699,7459.080474853516,3166.1202239990234,2712.820171356201,4469.58028793335,3571.9202842712402,4660.840320587158,3164.720199584961,3600.360237121582,Group: B,Group: C,Group: B vs Group: C,4,4,Blank_Blank_Blank
CAR(22:5),CAR,1565.7001152038574,2324.780170440674,1610.1801109313965,1411.120101928711,1559.260108947754,1611.4401054382324,2016.7001457214355,1564.900104522705,1690.4001083374023,Group: B,Group: C,Group: B vs Group: C,4,4,Blank_Blank_Blank
CAR(22:5)_QUAL,CAR,9430.02066040039,27858.88198852539,13053.62084197998,9576.380729675293,16850.921142578125,11484.380912780762,13985.820991516113,9217.620666503906,9577.780662536621,Group: B,Group: C,Group: B vs Group: C,4,4,Blank_Blank_Blank
CAR(22:6),CAR,1692.3401260375977,2589.10018157959,1737.3001174926758,1839.6201400756836,2014.1201477050781,1897.1601257324219,2371.4601440429688,1750.2601203918457,1972.0601425170898,Group: B,Group: C,Group: B vs Group: C,4,4,Blank_Blank_Blank
CAR(22:6)_QUAL,CAR,4465.040328979492,9301.540626525879,4375.900299072266,4068.3003120422363,6174.540409088135,4975.200355529785,6606.960487365723,4618.380310058594,5134.700370788574,Group: B,Group: C,Group: B vs Group: C,4,4,Blank_Blank_Blank
CAR(26:0),CAR,4600.960342407227,13374.541046142578,4862.420349121094,4854.980327606201,7432.720516204834,6857.08056640625,8194.260593414307,4642.9803466796875,6618.92045211792,Group: B,Group: C,Group: B vs Group: C,4,4,Blank_Blank_Blank
CAR(26:0)_QUAL,CAR,3768.3603019714355,9092.1806640625,3892.9002532958984,3392.0602493286133,6412.360412597656,4592.200336456299,6356.700393676758,4227.060264587402,4622.8603515625,Group: B,Group: C,Group: B vs Group: C,4,4,Blank_Blank_Blank
CAR(2:0),CAR,1523.0001220703125,2297.3401679992676,1673.1401329040527,1477.1001091003418,1816.9001388549805,1542.1401062011719,1756.0201263427734,1530.4001007080078,1491.7801094055176,Group: B,Group: C,Group: B vs Group: C,4,4,Blank_Blank_Blank
CAR(2:0)_QUAL,CAR,1510.760108947754,1837.320125579834,1503.06010055542,1579.6601181030273,1570.860107421875,1586.5601043701172,1893.880142211914,1659.7801094055176,1694.5601119995117,Group: B,Group: C,Group: B vs Group: C,4,4,Blank_Blank_Blank
CAR(3:0),CAR,1493.4801139831543,1874.440128326416,1544.3201141357422,1405.080093383789,1538.740104675293,1583.5601272583008,1622.0401153564453,1393.3600997924805,1683.2801246643066,Group: B,Group: C,Group: B vs Group: C,4,4,Blank_Blank_Blank
CAR(3:0)_QUAL,CAR,1891.5401420593262,3083.480224609375,3399.0202445983887,2229.3601608276367,3099.6802406311035,2895.380214691162,5205.1203689575195,2512.1402015686035,4814.180316925049,Group: B,Group: C,Group: B vs Group: C,4,4,Blank_Blank_Blank
CAR(3:1),CAR,1808.7801246643066,2619.600212097168,2030.4801330566406,1638.0601043701172,2265.1401557922363,1906.980136871338,2255.400161743164,1839.6201210021973,2157.980155944824,Group: B,Group: C,Group: B vs Group: C,4,4,Blank_Blank_Blank
CAR(3:1)_QUAL,CAR,3284.5201988220215,5055.740371704102,4309.560314178467,2675.0001907348633,4568.540294647217,4963.380386352539,6775.320449829102,3110.3002128601074,6171.960414886475,Group: B,Group: C,Group: B vs Group: C,4,4,Blank_Blank_Blank
CAR(4:0),CAR,1452.9601135253906,1829.8801307678223,1680.1001205444336,1424.2401084899902,1700.4201278686523,1720.980110168457,1653.2401161193848,1478.1600914001465,1752.10013961792,Group: B,Group: C,Group: B vs Group: C,4,4,Blank_Blank_Blank
CAR(4:0)_QUAL,CAR,2060.4401321411133,3349.2602500915527,2122.980140686035,1850.4001350402832,2847.000186920166,2361.0401649475098,2960.440216064453,1959.880126953125,2275.4201698303223,Group: B,Group: C,Group: B vs Group: C,4,4,Blank_Blank_Blank
CAR(4:1),CAR,6130.980434417725,14353.22095489502,6091.800430297852,5023.740364074707,9687.680793762207,7305.5004959106445,9941.34075164795,5671.240409851074,7143.620491027832,Group: B,Group: C,Group: B vs Group: C,4,4,Blank_Blank_Blank
CAR(4:1)_QUAL,CAR,2224.6001777648926,3879.6202697753906,2299.400146484375,2076.700138092041,2630.3202018737793,2314.0201568603516,3060.6602210998535,2283.76016998291,2640.4201736450195,Group: B,Group: C,Group: B vs Group: C,4,4,Blank_Blank_Blank
CAR(5:0),CAR,1965.220142364502,4039.5603103637695,2640.740188598633,1952.3601417541504,2811.680202484131,2420.14017868042,2775.200206756592,2255.62015914917,2390.820171356201,Group: B,Group: C,Group: B vs Group: C,4,4,Blank_Blank_Blank
CAR(5:0)_QUAL,CAR,2231.120174407959,3870.4202613830566,2280.220157623291,2109.5601501464844,2971.6202278137207,2395.780170440674,3313.400203704834,1867.8801155090332,2559.0201988220215,Group: B,Group: C,Group: B vs Group: C,4,4,Blank_Blank_Blank
CAR(5:1),CAR,1674.5201148986816,2520.3201599121094,1840.180118560791,1589.1601181030273,2045.0801277160645,2069.780143737793,2402.680160522461,1650.680103302002,2031.5201416015625,Group: B,Group: C,Group: B vs Group: C,4,4,Blank_Blank_Blank
CAR(5:1)_QUAL,CAR,1688.0201225280762,2429.640182495117,1855.5201530456543,1642.3001174926758,2236.2601623535156,1816.6201286315918,2038.0201377868652,1555.5201034545898,1809.4401397705078,Group: B,Group: C,Group: B vs Group: C,4,4,Blank_Blank_Blank
CAR(6:0),CAR,1520.040111541748,1948.2601318359375,1586.960105895996,1447.360107421875,1842.7401313781738,1510.760097503662,1770.4601249694824,1533.4801025390625,1663.4001007080078,Group: B,Group: C,Group: B vs Group: C,4,4,Blank_Blank_Blank
CAR(6:0)_QUAL,CAR,1861.6201248168945,3641.0402641296387,2332.60013961792,1890.4201278686523,2510.26016998291,2083.2401542663574,2672.960189819336,1731.2601280212402,2244.3801612854004,Group: B,Group: C,Group: B vs Group: C,4,4,Blank_Blank_Blank
CAR(6:1),CAR,5805.28044128418,13705.180938720703,5592.24040222168,4397.320346832275,8028.340549468994,5850.200382232666,8412.820575714111,4663.940338134766,6792.740482330322,Group: B,Group: C,Group: B vs Group: C,4,4,Blank_Blank_Blank
CAR(6:1)_QUAL,CAR,1967.2601318359375,3734.6402626037598,2055.8401412963867,2041.240135192871,2772.1001892089844,2072.2801513671875,2469.820156097412,2129.58016204834,2190.1601638793945,Group: B,Group: C,Group: B vs Group: C,4,4,Blank_Blank_Blank
CAR(7:0),CAR,1486.7201080322266,2079.280143737793,1537.760108947754,1583.040111541748,1633.2001266479492,1554.8801193237305,1565.7201080322266,1529.9400939941406,1947.2601318359375,Group: B,Group: C,Group: B vs Group: C,4,4,Blank_Blank_Blank
CAR(7:0)_QUAL,CAR,2608.7201957702637,4870.560291290283,3713.6002922058105,2605.8801765441895,4055.020275115967,3775.500228881836,6343.420406341553,3027.2602005004883,5624.080371856689,Group: B,Group: C,Group: B vs Group: C,4,4,Blank_Blank_Blank
CAR(8:0),CAR,2281.2001457214355,6508.880439758301,2654.7401962280273,2422.500186920166,3499.540252685547,3076.4801864624023,3973.080265045166,2603.440185546875,3285.100212097168,Group: B,Group: C,Group: B vs Group: C,4,4,Blank_Blank_Blank
CAR(8:0)_QUAL,CAR,2375.6201934814453,4623.5803565979,2222.020164489746,2144.18013381958,2776.860191345215,2504.1801567077637,3398.9202308654785,2047.0001525878906,2690.9001846313477,Group: B,Group: C,Group: B vs Group: C,4,4,Blank_Blank_Blank
CAR(8:1),CAR,2772.5802268981934,5532.04035949707,3101.500244140625,2838.1802101135254,4534.920337677002,3025.600227355957,3916.9802780151367,2964.780204772949,3226.6002044677734,Group: B,Group: C,Group: B vs Group: C,4,4,Blank_Blank_Blank
CAR(8:1)_QUAL,CAR,4037.320297241211,9250.080619812012,3618.72025680542,3553.240261077881,5765.460422515869,3732.0602684020996,6602.020336151123,3421.7002487182617,5348.480297088623,Group: B,Group: C,Group: B vs Group: C,4,4,Blank_Blank_Blank
CAR(9:0),CAR,1573.5001258850098,2256.1801567077637,1575.300106048584,1416.8601036071777,1737.9401245117188,1462.800106048584,1709.8801193237305,1475.8400993347168,1800.6201210021973,Group: B,Group: C,Group: B vs Group: C,4,4,Blank_Blank_Blank
CAR(9:0)_QUAL,CAR,1950.2401542663574,4151.820297241211,2203.2201614379883,1906.300148010254,2828.9602088928223,2576.68017578125,3044.920192718506,2017.6401557922363,2704.800205230713,Group: B,Group: C,Group: B vs Group: C,4,4,Blank_Blank_Blank
CAR_QUAL,CAR,2146.440143585205,2922.3001823425293,1933.6401252746582,1908.1001205444336,2257.380157470703,2685.3601570129395,2382.9201736450195,1811.920124053955,1887.8401412963867,Group: B,Group: C,Group: B vs Group: C,4,4,Blank_Blank_Blank
CE(12:0),CE,5221.480392456055,5244.980365753174,5210.900371551514,5025.460342407227,5338.6403732299805,5103.720333099365,5408.180366516113,5176.620346069336,5206.50036239624,Group: B,Group: C,Group: B vs Group: C,4,4,Blank_Blank_Blank
CE(14:0),CE,5167.840377807617,5530.400405883789,5238.960346221924,5220.560359954834,5597.800399780273,5307.780364990234,5578.900409698486,5185.380355834961,5403.240364074707,Group: B,Group: C,Group: B vs Group: C,4,4,Blank_Blank_Blank
CE(14:1),CE,5068.980377197266,5246.960357666016,5147.720352172852,5149.060352325439,5181.680351257324,5130.920352935791,5227.8603515625,5101.640361785889,5151.1803550720215,Group: B,Group: C,Group: B vs Group: C,4,4,Blank_Blank_Blank
CE(15:0),CE,5858.740428924561,5618.160427093506,5390.300373077393,5367.980377197266,5377.980373382568,5295.580379486084,5781.30037689209,5206.300380706787,5369.840358734131,Group: B,Group: C,Group: B vs Group: C,4,4,Blank_Blank_Blank
CE(15:1),CE,7352.520519256592,5978.02038192749,6950.760517120361,6248.980438232422,6563.460453033447,5846.020404815674,7412.440502166748,5484.080383300781,5919.480407714844,Group: B,Group: C,Group: B vs Group: C,4,4,Blank_Blank_Blank
CE(16:0),CE,6199.840450286865,5801.060409545898,5521.060405731201,5929.7804527282715,6702.260513305664,5875.000408172607,6577.22049331665,5714.300395965576,6312.720439910889,Group: B,Group: C,Group: B vs Group: C,4,4,Blank_Blank_Blank
CE(16:1),CE,6108.920440673828,6026.540428161621,5992.160442352295,5500.900390625,6928.540512084961,5454.440399169922,6627.720474243164,5750.840412139893,5307.72034072876,Group: B,Group: C,Group: B vs Group: C,4,4,Blank_Blank_Blank
CE(16:2),CE,5181.28035736084,5199.620349884033,5125.0403480529785,5115.320384979248,5332.680370330811,5246.920356750488,5358.760372161865,5119.34033203125,5499.320373535156,Group: B,Group: C,Group: B vs Group: C,4,4,Blank_Blank_Blank
CE(16:3),CE,5174.160396575928,5299.960369110107,5311.880393981934,5219.520355224609,5417.900394439697,5156.260368347168,5473.780406951904,5308.800399780273,5222.680358886719,Group: B,Group: C,Group: B vs Group: C,4,4,Blank_Blank_Blank
CE(17:0),CE,5387.720401763916,5517.000396728516,5333.240383148193,5373.940376281738,6184.920433044434,5797.960403442383,5955.42041015625,5445.780391693115,5416.58039855957,Group: B,Group: C,Group: B vs Group: C,4,4,Blank_Blank_Blank
CE(17:1),CE,5198.800361633301,5224.900402069092,5334.680393218994,5148.360374450684,5509.840385437012,5296.160358428955,5251.260353088379,5225.620388031006,5177.940311431885,Group: B,Group: C,Group: B vs Group: C,4,4,Blank_Blank_Blank
CE(18:1),CE,8302.54056930542,7384.740509033203,7739.460521697998,7970.940601348877,9800.820709228516,7797.720546722412,9223.440635681152,8370.420539855957,5510.560371398926,Group: B,Group: C,Group: B vs Group: C,4,4,Blank_Blank_Blank
CE(18:2),CE,10807.580799102783,8676.880630493164,9326.800624847412,13163.941036224365,13884.281066894531,8732.02063369751,9236.140632629395,8408.400588989258,5559.420383453369,Group: B,Group: C,Group: B vs Group: C,4,4,Blank_Blank_Blank
CE(18:3),CE,5914.580436706543,5881.560413360596,6238.880424499512,5858.540424346924,7216.48051071167,5712.860385894775,5724.180366516113,5489.3203773498535,5186.0403480529785,Group: B,Group: C,Group: B vs Group: C,4,4,Blank_Blank_Blank
CE(19:0),CE,6615.680507659912,5546.580417633057,5423.000389099121,5831.100421905518,5708.520370483398,5525.100399017334,5846.760402679443,5571.8803787231445,5870.480422973633,Group: B,Group: C,Group: B vs Group: C,4,4,Blank_Blank_Blank
CE(20:0),CE,6278.240459442139,5804.340419769287,5745.080406188965,6198.620429992676,5751.560386657715,5587.660388946533,6718.320484161377,5696.620391845703,6720.020469665527,Group: B,Group: C,Group: B vs Group: C,4,4,Blank_Blank_Blank
CE(20:1),CE,5627.3804359436035,5224.260356903076,5166.540386199951,5303.0203857421875,5419.42036819458,5294.440338134766,5364.300369262695,5201.240364074707,5242.600337982178,Group: B,Group: C,Group: B vs Group: C,4,4,Blank_Blank_Blank
CE(20:3),CE,5383.380409240723,5421.060371398926,5295.8803634643555,5445.980400085449,5576.100379943848,5516.160385131836,5322.380344390869,5189.860370635986,5210.5203285217285,Group: B,Group: C,Group: B vs Group: C,4,4,Blank_Blank_Blank
CE(20:4),CE,9365.540687561035,7278.000484466553,6600.400451660156,7342.880504608154,7921.940567016602,6201.90043258667,6757.060501098633,6435.020469665527,5087.940326690674,Group: B,Group: C,Group: B vs Group: C,4,4,Blank_Blank_Blank
CE(20:5),CE,5488.1004066467285,5329.560382843018,5365.000370025635,5464.640380859375,5588.320404052734,5398.220359802246,5625.640350341797,5383.280387878418,5478.1203689575195,Group: B,Group: C,Group: B vs Group: C,4,4,Blank_Blank_Blank
CE(22:0),CE,5374.700366973877,5453.960414886475,5207.5003662109375,5131.380352020264,5395.300392150879,5215.420352935791,5325.860355377197,5252.720352172852,5398.320335388184,Group: B,Group: C,Group: B vs Group: C,4,4,Blank_Blank_Blank
CE(22:1),CE,5406.060382843018,5549.100387573242,5597.240383148193,5491.000381469727,5673.540370941162,5294.200344085693,5605.740379333496,5339.080360412598,5376.400363922119,Group: B,Group: C,Group: B vs Group: C,4,4,Blank_Blank_Blank
CE(22:2),CE,5157.480407714844,5116.940372467041,5296.480369567871,5131.520374298096,5248.960388183594,5170.500358581543,5481.840377807617,5222.74036026001,5311.840347290039,Group: B,Group: C,Group: B vs Group: C,4,4,Blank_Blank_Blank
CE(22:3),CE,5088.360401153564,5153.380401611328,5109.400360107422,5125.920360565186,5079.180328369141,5093.760368347168,5195.52033996582,5195.660346984863,5172.860328674316,Group: B,Group: C,Group: B vs Group: C,4,4,Blank_Blank_Blank
CE(22:5),CE,5441.380393981934,5316.300373077393,5240.880374908447,5506.880367279053,5461.480388641357,5335.2603759765625,5380.8803787231445,5289.1803855896,5348.6803550720215,Group: B,Group: C,Group: B vs Group: C,4,4,Blank_Blank_Blank
CE(22:6),CE,8873.200653076172,7114.940456390381,6545.000450134277,8615.080574035645,8425.760643005371,7237.360492706299,8781.16061782837,6522.400463104248,5207.560356140137,Group: B,Group: C,Group: B vs Group: C,4,4,Blank_Blank_Blank
CE(24:1),CE,5166.320384979248,5169.240386962891,5256.160358428955,5173.180370330811,5305.780372619629,5208.440361022949,5215.48038482666,5193.180351257324,5273.300354003906,Group: B,Group: C,Group: B vs Group: C,4,4,Blank_Blank_Blank
CE(46:3;O2),CE,5164.080379486084,5050.1203536987305,5094.740348815918,5039.76037979126,5079.440322875977,5095.9403648376465,5080.980323791504,5081.200366973877,5087.640342712402,Group: B,Group: C,Group: B vs Group: C,4,4,Blank_Blank_Blank
CE(48:3;O2),CE,5073.020351409912,5124.4803466796875,5082.320358276367,5040.460353851318,5084.5403480529785,5069.3603439331055,5168.100322723389,5159.600353240967,5112.780349731445,Group: B,Group: C,Group: B vs Group: C,4,4,Blank_Blank_Blank
CE(50:3;O2),CE,5082.640338897705,5072.120349884033,5168.120334625244,5037.620346069336,5081.240345001221,5097.200328826904,5151.500331878662,5129.460350036621,5112.680362701416,Group: B,Group: C,Group: B vs Group: C,4,4,Blank_Blank_Blank
CE(52:3;O2),CE,5109.400394439697,5075.220344543457,5100.120361328125,5063.66032409668,5107.820358276367,5066.720367431641,5138.4803466796875,5074.640312194824,5079.320339202881,Group: B,Group: C,Group: B vs Group: C,4,4,Blank_Blank_Blank
Cer(d12:0/14:0),Cer,1162.7600860595703,1169.5600776672363,1130.1400833129883,1074.940071105957,1068.7800750732422,1185.5400848388672,1176.5400772094727,1065.2600555419922,1169.4600830078125,Group: B,Group: C,Group: B vs Group: C,4,4,Blank_Blank_Blank
"Cer(d14:2(4E,6E)/16:0)",Cer,1165.0600814819336,1069.920078277588,1136.740089416504,1086.220085144043,1082.760082244873,1192.2800827026367,1074.9400787353516,1226.140079498291,1114.3600730895996,Group: B,Group: C,Group: B vs Group: C,4,4,Blank_Blank_Blank
"Cer(d14:2(4E,6E)/18:1(9Z))",Cer,1112.3000831604004,1069.1000785827637,1067.3800773620605,1074.2400703430176,1091.0200843811035,1159.6000785827637,1062.9200706481934,1108.04008102417,1081.5400772094727,Group: B,Group: C,Group: B vs Group: C,4,4,Blank_Blank_Blank
"Cer(d14:2(4E,6E)/20:1(11Z))",Cer,1178.6000862121582,1135.1000900268555,1146.1000862121582,1169.6400756835938,1079.4400672912598,1104.0600700378418,1113.5200729370117,1065.1800918579102,1096.5000762939453,Group: B,Group: C,Group: B vs Group: C,4,4,Blank_Blank_Blank
Cer(d15:1/16:0),Cer,1077.7400665283203,1208.3000946044922,1067.3600769042969,1109.2200736999512,1093.6000747680664,1130.2800827026367,1150.6800842285156,1082.420078277588,1156.460075378418,Group: B,Group: C,Group: B vs Group: C,4,4,Blank_Blank_Blank
"Cer(d15:2(4E,6E)/20:0)",Cer,1261.420093536377,1100.8800811767578,1067.2000770568848,1154.2400856018066,1115.1600914001465,1223.0800704956055,2154.9401473999023,1142.420078277588,1147.9600791931152,Group: B,Group: C,Group: B vs Group: C,4,4,Blank_Blank_Blank
"Cer(d15:2(4E,6E)/22:0)",Cer,1093.280071258545,1080.7600784301758,1067.2000617980957,1214.2400665283203,1128.2200813293457,1135.6400871276855,1268.1800842285156,1144.8600730895996,1127.3000793457031,Group: B,Group: C,Group: B vs Group: C,4,4,Blank_Blank_Blank
Cer(d16:1/17:0),Cer,1153.7400741577148,1078.6400871276855,1094.6400718688965,1119.4400901794434,1064.3400802612305,1125.4600791931152,1118.9400749206543,1068.0400733947754,1133.320083618164,Group: B,Group: C,Group: B vs Group: C,4,4,Blank_Blank_Blank
Cer(d16:1/23:0),Cer,1201.9200897216797,1130.5600814819336,1099.680088043213,1133.3600730895996,1078.2400817871094,1064.680076599121,1177.7600746154785,1128.1600761413574,1240.7400856018066,Group: B,Group: C,Group: B vs Group: C,4,4,Blank_Blank_Blank
Cer(d18:0/13:0),Cer,1085.4400787353516,1200.5800895690918,1067.0600776672363,1104.2200660705566,1064.1800727844238,1148.840072631836,1062.3200759887695,1088.6200866699219,1090.600082397461,Group: B,Group: C,Group: B vs Group: C,4,4,Blank_Blank_Blank
Cer(d18:0/14:0),Cer,1098.5400733947754,1100.1600723266602,1068.2600784301758,1166.1800804138184,1090.880084991455,1196.6000900268555,1166.3600730895996,1238.4200820922852,1192.780086517334,Group: B,Group: C,Group: B vs Group: C,4,4,Blank_Blank_Blank
Cer(d18:0/15:0),Cer,1123.9400787353516,1098.5400848388672,1179.3800811767578,1094.7600746154785,1065.820083618164,1074.12007522583,1062.580078125,1065.1000785827637,1133.160083770752,Group: B,Group: C,Group: B vs Group: C,4,4,Blank_Blank_Blank
Cer(d18:0/16:0),Cer,1193.2000885009766,1382.0200958251953,1221.100082397461,1226.900074005127,1111.2800788879395,1488.020107269287,1116.740077972412,1282.6800994873047,1194.1400833129883,Group: B,Group: C,Group: B vs Group: C,4,4,Blank_Blank_Blank
Cer(d18:0/17:0),Cer,1147.6400756835938,1070.5200729370117,1101.1400833129883,1230.6400833129883,1136.9800758361816,1158.5000762939453,1164.7000885009766,1077.780071258545,1218.3200798034668,Group: B,Group: C,Group: B vs Group: C,4,4,Blank_Blank_Blank
Cer(d18:0/18:0),Cer,1072.7400741577148,1100.6000785827637,1083.5600776672363,1132.820083618164,1064.560073852539,1189.54008102417,1089.1800689697266,1155.1600761413574,1150.4200897216797,Group: B,Group: C,Group: B vs Group: C,4,4,Blank_Blank_Blank
Cer(d18:0/19:0),Cer,1114.6000785827637,1115.9400787353516,1067.4600715637207,1179.04008102417,1064.580078125,1132.6600761413574,1063.220069885254,1077.2000846862793,1183.920078277588,Group: B,Group: C,Group: B vs Group: C,4,4,Blank_Blank_Blank
Cer(d18:0/20:0),Cer,1173.8400802612305,1148.2000846862793,1195.240077972412,1245.0800743103027,1065.2800788879395,1293.9200897216797,1195.1800727844238,1214.8600807189941,1093.3800773620605,Group: B,Group: C,Group: B vs Group: C,4,4,Blank_Blank_Blank
Cer(d18:0/21:0),Cer,1346.4400901794434,1342.840087890625,1295.000099182129,1578.4801216125488,1291.0600929260254,2183.1001358032227,1548.1401023864746,1425.900089263916,2406.4201736450195,Group: B,Group: C,Group: B vs Group: C,4,4,Blank_Blank_Blank
Cer(d18:0/22:0),Cer,1272.3200759887695,1276.0400924682617,1261.140079498291,1410.040096282959,1233.1200828552246,1317.660099029541,1383.1801071166992,1121.1800804138184,1226.0600852966309,Group: B,Group: C,Group: B vs Group: C,4,4,Blank_Blank_Blank
Cer(d18:0/23:0),Cer,1219.1600875854492,1344.6400871276855,1200.840087890625,1397.920078277588,1148.5000839233398,1260.9800834655762,1332.1000862121582,1221.9001083374023,1203.240089416504,Group: B,Group: C,Group: B vs Group: C,4,4,Blank_Blank_Blank
Cer(d18:0/24:0),Cer,1203.6200790405273,1096.7000770568848,1197.2000885009766,1309.6600875854492,1114.0200843811035,1352.5401077270508,1436.0600967407227,1172.9200744628906,1243.840087890625,Group: B,Group: C,Group: B vs Group: C,4,4,Blank_Blank_Blank
Cer(d18:0/25:0),Cer,1432.8601036071777,1522.740104675293,1222.740077972412,1391.6200981140137,1131.5000762939453,1448.0001106262207,1324.2600936889648,1302.4601020812988,1407.840103149414,Group: B,Group: C,Group: B vs Group: C,4,4,Blank_Blank_Blank
Cer(d18:0/26:0),Cer,1149.9600791931152,1352.760108947754,1086.2800788879395,1162.3000717163086,1078.240077972412,1179.64009475708,1185.9200897216797,1182.6600646972656,1295.7600898742676,Group: B,Group: C,Group: B vs Group: C,4,4,Blank_Blank_Blank
Cer(d18:0/27:0),Cer,1088.2000770568848,1069.6200866699219,1150.4600868225098,1097.140079498291,1065.62007522583,1120.600082397461,1098.1200828552246,1065.4600715637207,1095.5800819396973,Group: B,Group: C,Group: B vs Group: C,4,4,Blank_Blank_Blank
Cer(d18:0/29:0),Cer,1142.1800689697266,1105.7800788879395,1067.3600845336914,1075.5400695800781,1151.1400909423828,1170.4800720214844,1071.6000671386719,1115.180076599121,1077.7600784301758,Group: B,Group: C,Group: B vs Group: C,4,4,Blank_Blank_Blank
Cer(d18:0/30:0),Cer,1088.820083618164,1112.100082397461,1067.3800735473633,1074.8600807189941,1065.6400871276855,1177.8600883483887,1115.860065460205,1065.2600708007812,1067.5000801086426,Group: B,Group: C,Group: B vs Group: C,4,4,Blank_Blank_Blank
Cer(d18:0/31:0),Cer,1162.2400703430176,1168.8400917053223,1089.6000785827637,1122.780086517334,1145.2400856018066,1173.280086517334,1196.4600791931152,1082.6400756835938,1104.7400856018066,Group: B,Group: C,Group: B vs Group: C,4,4,Blank_Blank_Blank
Cer(d18:0/32:0),Cer,1127.7400665283203,1091.200080871582,1067.3000793457031,1074.7200775146484,1064.9200744628906,1083.8400802612305,1097.1600761413574,1084.420066833496,1068.5200805664062,Group: B,Group: C,Group: B vs Group: C,4,4,Blank_Blank_Blank
Cer(d18:0/h17:0),Cer,1184.3000869750977,1090.960075378418,1067.500072479248,1115.0200729370117,1087.4600791931152,1147.160083770752,1145.240089416504,1064.8400764465332,1167.5000801086426,Group: B,Group: C,Group: B vs Group: C,4,4,Blank_Blank_Blank
Cer(d18:0/h24:0),Cer,1072.7200736999512,1135.7200889587402,1087.160068511963,1136.4000701904297,1065.0400772094727,1153.7800827026367,1107.0600891113281,1226.7000923156738,1140.8800773620605,Group: B,Group: C,Group: B vs Group: C,4,4,Blank_Blank_Blank
Cer(d18:0/h26:0),Cer,1174.5600929260254,1098.4400749206543,1067.9000816345215,1075.5400772094727,1065.080078125,1205.9400825500488,1097.0600662231445,1103.5400886535645,1164.580078125,Group: B,Group: C,Group: B vs Group: C,4,4,Blank_Blank_Blank
Cer(d18:1/12:0),Cer,1143.700080871582,1087.8000755310059,1125.9800834655762,1134.820068359375,1079.720085144043,1119.6000785827637,1126.6800804138184,1150.8800811767578,1152.7200889587402,Group: B,Group: C,Group: B vs Group: C,4,4,Blank_Blank_Blank
Cer(d18:1/14:0),Cer,1111.3000679016113,1112.9200820922852,1077.6600646972656,1165.9000854492188,1125.0200805664062,1192.6000862121582,1143.1200828552246,1074.5800743103027,1189.480094909668,Group: B,Group: C,Group: B vs Group: C,4,4,Blank_Blank_Blank
Cer(d18:1/16:0),Cer,2855.4201736450195,1959.760124206543,1805.8001174926758,3864.160343170166,2777.320167541504,6142.360569000244,4971.480335235596,3980.6002807617188,1420.4000968933105,Group: B,Group: C,Group: B vs Group: C,4,4,Blank_Blank_Blank
Cer(d18:1/17:0),Cer,1158.6000862121582,1182.9600791931152,1121.280071258545,1149.760082244873,1096.4400787353516,1207.020092010498,1089.960075378418,1160.0400848388672,1364.840103149414,Group: B,Group: C,Group: B vs Group: C,4,4,Blank_Blank_Blank
Cer(d18:1/18:0),Cer,1301.4200744628906,1395.1401023864746,1380.2200965881348,1196.0600852966309,1474.240089416504,2042.8201370239258,1373.540096282959,1470.340103149414,1318.020092010498,Group: B,Group: C,Group: B vs Group: C,4,4,Blank_Blank_Blank
Cer(d18:1/18:1(9Z)),Cer,1322.8800964355469,1183.240089416504,1125.5000648498535,1099.1000785827637,1092.1800842285156,1206.9800758361816,1125.8800888061523,1202.9600791931152,1313.080078125,Group: B,Group: C,Group: B vs Group: C,4,4,Blank_Blank_Blank
Cer(d18:1/19:0),Cer,1072.260082244873,1299.280101776123,1162.420093536377,1141.4200744628906,1107.680076599121,1165.3200798034668,1173.5200805664062,1106.8400764465332,1153.1000938415527,Group: B,Group: C,Group: B vs Group: C,4,4,Blank_Blank_Blank
Cer(d18:1/20:0),Cer,1218.100082397461,1832.6401443481445,1766.7801322937012,2263.040138244629,1449.9401016235352,2064.4001502990723,2874.8801918029785,1712.600112915039,1307.2400970458984,Group: B,Group: C,Group: B vs Group: C,4,4,Blank_Blank_Blank
Cer(d18:1/22:0),Cer,10374.300533294678,12541.600975036621,6166.1004638671875,9529.640838623047,6335.720302581787,19414.30142211914,16865.66114425659,4220.840301513672,1223.9200859069824,Group: B,Group: C,Group: B vs Group: C,4,4,Blank_Blank_Blank
Cer(d18:1/23:0),Cer,2817.8401794433594,3377.380298614502,2502.68017578125,4474.400386810303,2430.9601249694824,5157.600292205811,4085.880325317383,1648.3801231384277,1102.9600791931152,Group: B,Group: C,Group: B vs Group: C,4,4,Blank_Blank_Blank
Cer(d18:1/24:0),Cer,7233.960220336914,8698.48091506958,4470.560279846191,8349.880661010742,5193.900436401367,13171.081066131592,9140.620937347412,3140.600269317627,1340.4000930786133,Group: B,Group: C,Group: B vs Group: C,4,4,Blank_Blank_Blank
Cer(d18:1/24:1(15Z)),Cer,11085.380794525146,12728.280838012695,6957.280521392822,14502.32071685791,7589.640609741211,21064.141513824463,15453.601234436035,5473.0805015563965,1335.06010055542,Group: B,Group: C,Group: B vs Group: C,4,4,Blank_Blank_Blank
Cer(d18:1/25:0),Cer,1386.6200866699219,1315.6400985717773,1225.0001029968262,1399.9000968933105,1305.7400856018066,1824.0001220703125,1473.4201049804688,1287.3800964355469,1398.7601051330566,Group: B,Group: C,Group: B vs Group: C,4,4,Blank_Blank_Blank
Cer(d18:1/26:0),Cer,1326.1000900268555,1306.6200828552246,1135.8000869750977,1091.8200759887695,1109.2800827026367,1282.0800857543945,1403.0800857543945,1187.5200843811035,1330.0600967407227,Group: B,Group: C,Group: B vs Group: C,4,4,Blank_Blank_Blank
Cer(d18:1/26:1(17Z)),Cer,1219.8200759887695,1264.8600883483887,1067.7800827026367,1118.0000762939453,1318.2800979614258,1164.8000755310059,1269.6800918579102,1156.8200798034668,1205.2400970458984,Group: B,Group: C,Group: B vs Group: C,4,4,Blank_Blank_Blank
Cer(d18:1/27:0),Cer,1092.1400871276855,1132.200080871582,1066.8800811767578,1096.0400848388672,1092.2200736999512,1193.360092163086,1210.140079498291,1101.1200790405273,1146.6400833129883,Group: B,Group: C,Group: B vs Group: C,4,4,Blank_Blank_Blank
Cer(d18:1/28:0),Cer,1105.5600814819336,1096.8400802612305,1113.4200592041016,1074.8800735473633,1078.8000831604004,1125.720069885254,1111.62007522583,1129.3800735473633,1094.1200790405273,Group: B,Group: C,Group: B vs Group: C,4,4,Blank_Blank_Blank
Cer(d18:1/29:0),Cer,1092.8200874328613,1069.7400741577148,1072.6600799560547,1075.3200798034668,1065.3000793457031,1122.6200866699219,1090.720069885254,1065.6000785827637,1106.2000846862793,Group: B,Group: C,Group: B vs Group: C,4,4,Blank_Blank_Blank
Cer(d18:1/2:0),Cer,1317.7400817871094,1126.4800643920898,1078.1200790405273,1154.2400741577148,1200.4200820922852,1072.6400718688965,1169.8400802612305,1161.200065612793,1208.8400840759277,Group: B,Group: C,Group: B vs Group: C,4,4,Blank_Blank_Blank
Cer(d18:1/30:0),Cer,1072.9600830078125,1187.0200843811035,1100.0600852966309,1092.960075378418,1112.7600898742676,1083.6800651550293,1139.600082397461,1064.4400749206543,1074.5600814819336,Group: B,Group: C,Group: B vs Group: C,4,4,Blank_Blank_Blank
Cer(d18:1/31:0),Cer,1072.5800666809082,1070.6000747680664,1067.9200820922852,1205.1200790405273,1065.4600715637207,1112.400074005127,1073.8000831604004,1064.4400787353516,1162.480094909668,Group: B,Group: C,Group: B vs Group: C,4,4,Blank_Blank_Blank
Cer(d18:1/32:0),Cer,1116.8200721740723,1070.640079498291,1106.460090637207,1074.7600708007812,1100.840072631836,1172.2000885009766,1129.940086364746,1100.2800750732422,1067.7200736999512,Group: B,Group: C,Group: B vs Group: C,4,4,Blank_Blank_Blank
Cer(d18:1/33:0),Cer,1163.460090637207,1102.2600860595703,1068.0000801086426,1076.9000854492188,1105.9800758361816,1081.8800811767578,1179.3000831604004,1071.6000709533691,1107.6800804138184,Group: B,Group: C,Group: B vs Group: C,4,4,Blank_Blank_Blank
Cer(d18:1/34:0),Cer,1112.3400802612305,1070.3200721740723,1109.2400741577148,1109.1400756835938,1104.5600700378418,1189.3600730895996,1208.2800750732422,1113.8800773620605,1116.6600799560547,Group: B,Group: C,Group: B vs Group: C,4,4,Blank_Blank_Blank
Cer(d18:1/35:0),Cer,1073.460075378418,1094.820068359375,1127.840087890625,1100.220085144043,1157.62007522583,1140.9000854492188,1149.1600799560547,1133.7200736999512,1165.980079650879,Group: B,Group: C,Group: B vs Group: C,4,4,Blank_Blank_Blank
Cer(d18:2/14:0),Cer,1125.54008102417,1171.5200843811035,1109.9400749206543,1089.2600708007812,1103.560073852539,1095.1200828552246,1198.8200759887695,1107.580078125,1157.04008102417,Group: B,Group: C,Group: B vs Group: C,4,4,Blank_Blank_Blank
Cer(d18:2/15:0),Cer,1095.260066986084,1086.5400772094727,1067.2400856018066,1128.220069885254,1176.4200744628906,1081.580078125,1062.1800689697266,1140.8200874328613,1068.1600761413574,Group: B,Group: C,Group: B vs Group: C,4,4,Blank_Blank_Blank
Cer(d18:2/16:0),Cer,1176.6800956726074,1098.6000747680664,1109.700080871582,1227.8200759887695,1163.3600883483887,1159.9400825500488,1098.460075378418,1212.7200813293457,1198.8400802612305,Group: B,Group: C,Group: B vs Group: C,4,4,Blank_Blank_Blank
Cer(d18:2/18:1),Cer,1072.5400733947754,1069.4600791931152,1184.8800926208496,1114.2200736999512,1064.980079650879,1081.9800834655762,1083.480079650879,1079.880069732666,1230.9200897216797,Group: B,Group: C,Group: B vs Group: C,4,4,Blank_Blank_Blank
Cer(d18:2/20:0),Cer,1097.1200828552246,1221.6200828552246,1083.320083618164,1455.320083618164,1175.9400749206543,1459.0801086425781,1456.680103302002,1094.5800857543945,1143.780071258545,Group: B,Group: C,Group: B vs Group: C,4,4,Blank_Blank_Blank
Cer(d18:2/20:1),Cer,1170.9800872802734,1069.0200805664062,1067.0800857543945,1075.6600761413574,1064.220069885254,1122.4000778198242,1064.380069732666,1099.1800727844238,1068.1200828552246,Group: B,Group: C,Group: B vs Group: C,4,4,Blank_Blank_Blank
Cer(d18:2/21:0),Cer,1083.8200798034668,1069.3000717163086,1066.7600784301758,1099.8400802612305,1111.9600791931152,1177.0400772094727,1105.9600677490234,1065.2800750732422,1068.0400657653809,Group: B,Group: C,Group: B vs Group: C,4,4,Blank_Blank_Blank
Cer(d18:2/22:0),Cer,1166.720085144043,2237.380168914795,1170.5200881958008,2165.9201469421387,1800.4401397705078,3534.1402587890625,3266.120216369629,1465.7200927734375,1094.1600761413574,Group: B,Group: C,Group: B vs Group: C,4,4,Blank_Blank_Blank
Cer(d18:2/23:0),Cer,1294.660099029541,1434.520107269287,1212.840087890625,1193.1000900268555,1093.740089416504,1515.5801010131836,1595.0801239013672,1269.4200973510742,1127.5800971984863,Group: B,Group: C,Group: B vs Group: C,4,4,Blank_Blank_Blank
Cer(d18:2/25:0),Cer,1212.760097503662,1213.260082244873,1067.4800643920898,1166.7000923156738,1119.980079650879,1088.2000770568848,1062.9600715637207,1109.680088043213,1267.980094909668,Group: B,Group: C,Group: B vs Group: C,4,4,Blank_Blank_Blank
Cer(d18:2/27:0),Cer,1099.8600730895996,1069.480068206787,1067.8200798034668,1147.2000846862793,1065.160083770752,1064.7600746154785,1160.1000709533691,1065.3000755310059,1088.480079650879,Group: B,Group: C,Group: B vs Group: C,4,4,Blank_Blank_Blank
Cer(d18:2/28:0),Cer,1072.1000747680664,1069.8000679016113,1067.5200805664062,1116.340072631836,1065.9000701904297,1064.1600761413574,1062.720069885254,1159.580093383789,1123.960090637207,Group: B,Group: C,Group: B vs Group: C,4,4,Blank_Blank_Blank
Cer(d18:2/29:0),Cer,1072.880069732666,1070.1600723266602,1067.720069885254,1074.7000770568848,1065.2800636291504,1064.5800704956055,1063.1000785827637,1064.720069885254,1067.6000747680664,Group: B,Group: C,Group: B vs Group: C,4,4,Blank_Blank_Blank
Cer(d18:2/30:0),Cer,1072.920078277588,1070.1200714111328,1068.2400741577148,1099.2200813293457,1064.8200721740723,1079.2600784301758,1126.580078125,1090.6200828552246,1067.2200736999512,Group: B,Group: C,Group: B vs Group: C,4,4,Blank_Blank_Blank
Cer(d18:2/32:0),Cer,1099.7200813293457,1070.6200790405273,1098.180088043213,1121.3000831604004,1065.7200775146484,1065.580078125,1063.7600784301758,1065.3400764465332,1067.580078125,Group: B,Group: C,Group: B vs Group: C,4,4,Blank_Blank_Blank
Cer(d20:0/26:0),Cer,1130.700080871582,1275.3600959777832,1081.500072479248,1085.440071105957,1082.7800788879395,1166.3400802612305,1268.9800720214844,1234.2200927734375,1189.400089263916,Group: B,Group: C,Group: B vs Group: C,4,4,Blank_Blank_Blank
CerP(d18:0/16:0),Cer,1154.9000854492188,1200.8400917053223,1080.3600845336914,1165.220085144043,1134.9800720214844,1223.6800918579102,1103.8200759887695,1074.0600776672363,1089.4400787353516,Group: B,Group: C,Group: B vs Group: C,4,4,Blank_Blank_Blank
CerP(d18:1/12:0),Cer,1234.1800918579102,1257.7200965881348,1146.580078125,1241.1600761413574,1233.1600914001465,1190.160083770752,1150.4400749206543,1450.56010055542,1176.400089263916,Group: B,Group: C,Group: B vs Group: C,4,4,Blank_Blank_Blank
CerP(d18:1/14:0),Cer,1072.7600631713867,1328.9401016235352,1100.320083618164,1163.5200881958008,1323.0400924682617,1133.7400741577148,1246.9400939941406,1240.1000938415527,1118.7400741577148,Group: B,Group: C,Group: B vs Group: C,4,4,Blank_Blank_Blank
CerP(d18:1/16:0),Cer,2859.8202209472656,3411.100227355957,2130.2601623535156,3686.940200805664,2410.8201942443848,3916.3402824401855,3817.9602851867676,2147.200164794922,1159.2400741577148,Group: B,Group: C,Group: B vs Group: C,4,4,Blank_Blank_Blank
CerP(d18:1/18:0),Cer,1305.8400917053223,2189.220146179199,1675.4001274108887,1852.720115661621,1512.5601043701172,2737.820224761963,1904.1601371765137,1858.5801239013672,1379.7400856018066,Group: B,Group: C,Group: B vs Group: C,4,4,Blank_Blank_Blank
CerP(d18:1/20:0),Cer,1087.140079498291,1069.780071258545,1137.0800971984863,1107.6800727844238,1065.6000747680664,1121.220085144043,1062.8200645446777,1163.1200866699219,1253.9800910949707,Group: B,Group: C,Group: B vs Group: C,4,4,Blank_Blank_Blank
CerP(d18:1/22:0),Cer,1119.5600814819336,1069.7800636291504,1078.5600852966309,1124.1000747680664,1065.560073852539,1255.1800842285156,1075.1800689697266,1077.7800788879395,1067.2800827026367,Group: B,Group: C,Group: B vs Group: C,4,4,Blank_Blank_Blank
CerP(d18:1/24:0),Cer,1098.940071105957,1072.180076599121,1110.900074005127,1202.5400772094727,1065.160083770752,1064.400074005127,1225.500087738037,1097.9000816345215,1107.4200706481934,Group: B,Group: C,Group: B vs Group: C,4,4,Blank_Blank_Blank
CerP(d18:1/24:1(15Z)),Cer,1122.04008102417,1151.1600799560547,1268.0000839233398,1192.7200736999512,1064.6600799560547,1169.6400833129883,1115.2600898742676,1221.8200798034668,1117.7000770568848,Group: B,Group: C,Group: B vs Group: C,4,4,Blank_Blank_Blank
CerP(d18:1/26:0),Cer,1139.520076751709,1275.0800895690918,1102.9000816345215,1113.280071258545,1065.6800804138184,1083.3800811767578,1248.7400856018066,1141.480094909668,1124.660083770752,Group: B,Group: C,Group: B vs Group: C,4,4,Blank_Blank_Blank
CerP(d18:1/26:1(17Z)),Cer,1101.1600761413574,1335.9400939941406,1198.0000915527344,1451.4600868225098,1153.5400848388672,1512.0801048278809,1360.3801002502441,1283.0800819396973,1141.4600791931152,Group: B,Group: C,Group: B vs Group: C,4,4,Blank_Blank_Blank
CerP(d18:1/2:0),Cer,1072.6400756835938,1087.500072479248,1090.6000785827637,1074.1000785827637,1095.6800727844238,1071.3200721740723,1113.6800727844238,1110.6000785827637,1094.3400840759277,Group: B,Group: C,Group: B vs Group: C,4,4,Blank_Blank_Blank
CerP(d18:1/8:0),Cer,1168.8000831604004,1159.8800773620605,1097.420078277588,1174.9600791931152,1109.4000778198242,1235.7600898742676,1111.1600761413574,1141.060073852539,1084.340072631836,Group: B,Group: C,Group: B vs Group: C,4,4,Blank_Blank_Blank
DG(24:0)_C16:0,DAG,1842.4401168823242,1871.4001274108887,1889.500144958496,1675.7401084899902,1739.2201118469238,1917.6201362609863,1707.7401161193848,1728.380126953125,1906.5201454162598,Group: B,Group: C,Group: B vs Group: C,4,4,Blank_Blank_Blank
DG(24:0)_C18:0,DAG,1935.0601272583008,1839.6601219177246,1801.7601203918457,1799.1601257324219,1684.3001251220703,2147.720146179199,1875.1801223754883,1752.1601295471191,1908.2201347351074,Group: B,Group: C,Group: B vs Group: C,4,4,Blank_Blank_Blank
DG(26:0)_C16:0,DAG,1940.3801345825195,1817.2201232910156,1961.6001319885254,1767.4201278686523,1755.7801055908203,1882.220142364502,1941.4201316833496,1716.9001350402832,1813.0001258850098,Group: B,Group: C,Group: B vs Group: C,4,4,Blank_Blank_Blank
DG(26:0)_C18:0,DAG,1979.2001495361328,1844.960132598877,1793.3801231384277,2152.9201698303223,1783.9001388549805,2196.2601432800293,1748.500129699707,1907.8001327514648,1833.740135192871,Group: B,Group: C,Group: B vs Group: C,4,4,Blank_Blank_Blank
DG(28:1)_C16:0,DAG,1885.440143585205,1708.7601165771484,1752.6201248168945,1802.5601272583008,1756.08012008667,1784.0801315307617,1784.7801208496094,1745.6401290893555,2006.1801452636719,Group: B,Group: C,Group: B vs Group: C,4,4,Blank_Blank_Blank
DG(28:1)_C16:1,DAG,1970.1401329040527,1918.0601425170898,1932.780128479004,1934.6401252746582,2052.640151977539,1925.960132598877,1974.5401306152344,1977.5401306152344,1924.4201354980469,Group: B,Group: C,Group: B vs Group: C,4,4,Blank_Blank_Blank
DG(28:1)_C18:0,DAG,3168.6802291870117,2911.0602226257324,2373.7601737976074,2092.0001487731934,3285.7201919555664,2850.8001976013184,2513.4401779174805,2316.480155944824,2560.5001945495605,Group: B,Group: C,Group: B vs Group: C,4,4,Blank_Blank_Blank
DG(28:1)_C18:1,DAG,3338.4402236938477,2822.6002082824707,2856.820213317871,2697.600170135498,2590.420177459717,3358.620220184326,2788.66019821167,3037.0802116394043,3277.220226287842,Group: B,Group: C,Group: B vs Group: C,4,4,Blank_Blank_Blank
DG(28:2)_C16:0,DAG,1898.320140838623,2034.4201431274414,1801.3201179504395,1770.340129852295,1673.8001289367676,2012.340145111084,1841.2801361083984,1849.440128326416,1823.2801132202148,Group: B,Group: C,Group: B vs Group: C,4,4,Blank_Blank_Blank
DG(28:2)_C16:1,DAG,1928.0801239013672,2061.480155944824,1948.2601280212402,2001.1601371765137,1979.4201278686523,2061.900135040283,1994.0601196289062,2030.3801307678223,2196.100166320801,Group: B,Group: C,Group: B vs Group: C,4,4,Blank_Blank_Blank
DG(28:2)_C18:0,DAG,1817.8201446533203,1815.6601333618164,1675.5601043701172,1763.1201210021973,1769.820125579834,1861.3401374816895,1822.6601181030273,1714.3601150512695,1757.380126953125,Group: B,Group: C,Group: B vs Group: C,4,4,Blank_Blank_Blank
DG(28:2)_C18:1,DAG,52459.24383544922,31898.762176513672,32628.642700195312,25649.88182067871,36912.28237915039,48097.4836730957,36260.102630615234,36450.90246582031,53568.283615112305,Group: B,Group: C,Group: B vs Group: C,4,4,Blank_Blank_Blank
DG(28:2)_C18:2,DAG,2321.0801582336426,2238.100154876709,2186.5201416015625,2318.220169067383,2143.3401527404785,2685.960178375244,2170.4001541137695,2353.640163421631,2439.1401596069336,Group: B,Group: C,Group: B vs Group: C,4,4,Blank_Blank_Blank
DG(29:0)_C16:0,DAG,2033.6801528930664,1826.2001266479492,1805.9601287841797,1808.2401237487793,1757.2001190185547,2085.720146179199,1788.500129699707,1835.040126800537,1816.0401306152344,Group: B,Group: C,Group: B vs Group: C,4,4,Blank_Blank_Blank
DG(29:0)_C18:0,DAG,1773.16011428833,1776.020133972168,1725.9601211547852,1682.0801239013672,1922.3401489257812,1680.820125579834,1703.3801231384277,1728.6601104736328,1739.8201217651367,Group: B,Group: C,Group: B vs Group: C,4,4,Blank_Blank_Blank
DG(29:1)_C16:0,DAG,2039.940143585205,1877.3601303100586,1771.4401321411133,1758.300121307373,1674.0201034545898,1745.4801330566406,1735.7601203918457,1742.5201263427734,1697.4601211547852,Group: B,Group: C,Group: B vs Group: C,4,4,Blank_Blank_Blank
DG(29:1)_C16:1,DAG,1969.8001136779785,1975.7601318359375,2039.7001495361328,1975.8201293945312,2052.7001457214355,1924.16011428833,1958.8201332092285,2025.560146331787,2032.8201484680176,Group: B,Group: C,Group: B vs Group: C,4,4,Blank_Blank_Blank
DG(29:1)_C18:0,DAG,1748.9801177978516,1770.2801208496094,1735.7401084899902,1845.740119934082,1771.1201171875,2000.2601203918457,1768.6601219177246,1753.9001388549805,1906.8601341247559,Group: B,Group: C,Group: B vs Group: C,4,4,Blank_Blank_Blank
DG(29:1)_C18:1,DAG,2536.300178527832,2087.7001457214355,2075.840133666992,2140.2001342773438,2632.8401832580566,2579.960189819336,2090.3201446533203,2465.2801818847656,2516.760166168213,Group: B,Group: C,Group: B vs Group: C,4,4,Blank_Blank_Blank
DG(29:2)_C16:0,DAG,1793.960117340088,1918.1601371765137,1747.4801139831543,1729.3201065063477,1768.8401260375977,1991.7001304626465,1806.840129852295,1742.980125427246,1713.920124053955,Group: B,Group: C,Group: B vs Group: C,4,4,Blank_Blank_Blank
DG(29:2)_C16:1,DAG,1883.5601081848145,2034.6201515197754,1952.3201370239258,2058.7401390075684,2112.960159301758,2037.580150604248,1990.1001281738281,1956.8201370239258,2009.160140991211,Group: B,Group: C,Group: B vs Group: C,4,4,Blank_Blank_Blank
DG(29:2)_C18:0,DAG,2569.9001655578613,2268.280170440674,2125.740165710449,2188.9001426696777,2544.660182952881,2812.4001960754395,2422.520175933838,2340.9601669311523,2423.780158996582,Group: B,Group: C,Group: B vs Group: C,4,4,Blank_Blank_Blank
DG(29:2)_C18:1,DAG,3122.980213165283,2436.6801795959473,2403.060157775879,2517.5601921081543,2335.020160675049,2944.200206756592,2358.8401641845703,2688.0801734924316,2716.6001777648926,Group: B,Group: C,Group: B vs Group: C,4,4,Blank_Blank_Blank
DG(29:2)_C18:2,DAG,2359.3001594543457,2277.9801597595215,2351.8801765441895,2419.520175933838,2207.240161895752,2422.5601844787598,2360.280158996582,2305.76016998291,2479.7201766967773,Group: B,Group: C,Group: B vs Group: C,4,4,Blank_Blank_Blank
DG(30:0)_C16:0,DAG,2420.2401542663574,2125.9601554870605,2218.0601692199707,1791.1601181030273,1841.7601280212402,2276.260150909424,2107.100154876709,1847.2401237487793,2243.4601669311523,Group: B,Group: C,Group: B vs Group: C,4,4,Blank_Blank_Blank
DG(30:0)_C18:0,DAG,1935.1001243591309,1745.9201126098633,1676.1400985717773,1700.5201225280762,1694.9401168823242,1748.6201210021973,1809.040126800537,1829.0201225280762,1796.8401336669922,Group: B,Group: C,Group: B vs Group: C,4,4,Blank_Blank_Blank
DG(30:1)_C16:0,DAG,3578.8602600097656,2805.3202056884766,3163.9802017211914,2383.08016204834,1961.860122680664,3692.38028717041,2905.5201988220215,2319.2801551818848,3101.0401916503906,Group: B,Group: C,Group: B vs Group: C,4,4,Blank_Blank_Blank
DG(30:1)_C16:1,DAG,2036.4201354980469,2120.600154876709,2201.100154876709,2207.960159301758,2131.6401290893555,2123.6801414489746,2480.5601768493652,2172.5801429748535,2139.860149383545,Group: B,Group: C,Group: B vs Group: C,4,4,Blank_Blank_Blank
DG(30:1)_C18:0,DAG,1824.4801177978516,1922.6201438903809,1999.520133972168,1899.3201446533203,2370.380172729492,1922.4201278686523,1694.2601203918457,1942.1601295471191,2248.2201499938965,Group: B,Group: C,Group: B vs Group: C,4,4,Blank_Blank_Blank
DG(30:1)_C18:1,DAG,4983.900341033936,3703.2402725219727,4059.980297088623,3430.9602394104004,3751.8002586364746,3967.4602661132812,3436.300247192383,3709.4402465820312,4801.040344238281,Group: B,Group: C,Group: B vs Group: C,4,4,Blank_Blank_Blank
DG(30:2)_C16:0,DAG,7125.440547943115,2973.3201866149902,8486.640460968018,2340.62015914917,2201.7201499938965,5800.080410003662,3574.480281829834,2032.1601371765137,2905.440196990967,Group: B,Group: C,Group: B vs Group: C,4,4,Blank_Blank_Blank
DG(30:2)_C16:1,DAG,2694.380184173584,2885.3002014160156,2969.9602088928223,4042.040283203125,3849.5402488708496,2939.0202026367188,3645.9202575683594,3707.460262298584,3625.18025970459,Group: B,Group: C,Group: B vs Group: C,4,4,Blank_Blank_Blank
DG(30:2)_C18:0,DAG,1953.3201332092285,1753.8801155090332,1756.5801277160645,1758.9001121520996,1695.5801124572754,1734.8401107788086,1777.220127105713,1776.8801155090332,1738.760124206543,Group: B,Group: C,Group: B vs Group: C,4,4,Blank_Blank_Blank
DG(30:2)_C18:1,DAG,15532.721214294434,9479.540683746338,10012.000648498535,8037.040565490723,10277.080711364746,13571.721069335938,10971.580711364746,9337.32063293457,14683.381088256836,Group: B,Group: C,Group: B vs Group: C,4,4,Blank_Blank_Blank
DG(30:2)_C18:2,DAG,4007.500270843506,3222.2002182006836,3314.6002464294434,3856.9802589416504,2561.640182495117,3487.5002517700195,2862.980178833008,3230.8002128601074,3498.0802841186523,Group: B,Group: C,Group: B vs Group: C,4,4,Blank_Blank_Blank
DG(30:3)_C16:0,DAG,1859.1001319885254,1729.520133972168,1856.4401359558105,1675.2801208496094,1683.7401161193848,1876.1001281738281,1795.140121459961,1698.4601364135742,1734.0201225280762,Group: B,Group: C,Group: B vs Group: C,4,4,Blank_Blank_Blank
DG(30:3)_C16:1,DAG,2221.9001502990723,3321.1802253723145,3474.600200653076,6825.180461883545,5841.140487670898,5374.040390014648,7033.300437927246,6037.100452423096,3564.720241546631,Group: B,Group: C,Group: B vs Group: C,4,4,Blank_Blank_Blank
DG(30:3)_C18:0,DAG,1885.6401252746582,1768.700122833252,1697.7801132202148,1747.58012008667,1736.960117340088,1819.16011428833,1738.4201126098633,1733.340129852295,1803.7001304626465,Group: B,Group: C,Group: B vs Group: C,4,4,Blank_Blank_Blank
DG(30:3)_C18:1,DAG,2174.3801345825195,2060.960132598877,2210.2801551818848,1997.9201354980469,1958.9001388549805,1994.7601509094238,1943.9001235961914,1957.1601448059082,2109.180145263672,Group: B,Group: C,Group: B vs Group: C,4,4,Blank_Blank_Blank
DG(30:3)_C18:2,DAG,2752.360221862793,2503.2401847839355,2369.240161895752,2348.980167388916,2335.360153198242,2352.1201667785645,2347.880153656006,2524.520179748535,2410.5801544189453,Group: B,Group: C,Group: B vs Group: C,4,4,Blank_Blank_Blank
DG(31:0)_C16:0,DAG,2485.2401847839355,2198.4601440429688,1958.0801429748535,1752.9001235961914,2011.0201263427734,2368.5001525878906,2169.400157928467,2164.6001472473145,2288.060161590576,Group: B,Group: C,Group: B vs Group: C,4,4,Blank_Blank_Blank
DG(31:0)_C18:0,DAG,1868.840129852295,1825.1601371765137,1688.820110321045,1789.4401168823242,1789.3801307678223,1753.4801216125488,1687.4801292419434,1844.3201332092285,1819.5601272583008,Group: B,Group: C,Group: B vs Group: C,4,4,Blank_Blank_Blank
DG(31:1)_C16:0,DAG,1922.0601272583008,1782.0401153564453,1801.720115661621,1694.8201217651367,1791.5201301574707,1999.0201377868652,1795.18013381958,1799.9601249694824,2000.340129852295,Group: B,Group: C,Group: B vs Group: C,4,4,Blank_Blank_Blank
DG(31:1)_C16:1,DAG,1996.6801376342773,1974.840129852295,1919.660140991211,1988.5801315307617,2204.4401626586914,1992.3001441955566,2309.9801750183105,2157.3201332092285,2170.380153656006,Group: B,Group: C,Group: B vs Group: C,4,4,Blank_Blank_Blank
DG(31:1)_C18:0,DAG,1845.9001159667969,1765.4601364135742,1724.6601257324219,1741.800121307373,1920.440128326416,1842.4201354980469,1742.7601203918457,1842.0401344299316,1905.5201377868652,Group: B,Group: C,Group: B vs Group: C,4,4,Blank_Blank_Blank
DG(31:1)_C18:1,DAG,3424.000228881836,2521.620185852051,3278.6802139282227,2547.780185699463,2722.200183868408,3601.1802406311035,3005.76021194458,3108.2402267456055,4167.420299530029,Group: B,Group: C,Group: B vs Group: C,4,4,Blank_Blank_Blank
"DG(31:2),DG(P-14:0/18:1)_C16:0",DAG,2004.7001419067383,2023.10013961792,1955.2001419067383,1810.220127105713,1756.5001106262207,1853.3801307678223,1779.360122680664,1783.9001350402832,1884.9001426696777,Group: B,Group: C,Group: B vs Group: C,4,4,Blank_Blank_Blank
"DG(31:2),DG(P-14:0/18:1)_C16:1",DAG,2015.6601219177246,2052.8601570129395,1994.0801429748535,2010.7601432800293,1982.7401390075684,1938.540138244629,2307.7201538085938,1955.380126953125,2228.2201652526855,Group: B,Group: C,Group: B vs Group: C,4,4,Blank_Blank_Blank
"DG(31:2),DG(P-14:0/18:1)_C18:0",DAG,2005.3601608276367,2011.8601379394531,1787.4601249694824,2083.4001388549805,1865.9201354980469,1747.0401306152344,1783.3801155090332,1910.2401313781738,1902.040138244629,Group: B,Group: C,Group: B vs Group: C,4,4,Blank_Blank_Blank
"DG(31:2),DG(P-14:0/18:1)_C18:1",DAG,3158.040256500244,2790.060199737549,2409.4001693725586,2207.2401542663574,2604.8801765441895,3257.32022857666,3218.6402435302734,3107.380210876465,3353.580238342285,Group: B,Group: C,Group: B vs Group: C,4,4,Blank_Blank_Blank
"DG(31:2),DG(P-14:0/18:1)_C18:2",DAG,2563.5801887512207,2352.680164337158,2272.000160217285,2305.980155944824,2221.080150604248,2414.280174255371,2190.8401641845703,2193.980155944824,2225.6801528930664,Group: B,Group: C,Group: B vs Group: C,4,4,Blank_Blank_Blank
DG(31:3)_C16:0,DAG,1776.7201080322266,1780.8601188659668,1681.0001220703125,1706.9001121520996,1696.960105895996,1767.1201362609863,1710.3601264953613,1735.2401161193848,1758.2601280212402,Group: B,Group: C,Group: B vs Group: C,4,4,Blank_Blank_Blank
DG(31:3)_C16:1,DAG,1939.5801429748535,2039.6801567077637,1885.9801216125488,2161.7601585388184,1905.16011428833,1890.3801345825195,2242.72017288208,2031.1601257324219,2018.3401489257812,Group: B,Group: C,Group: B vs Group: C,4,4,Blank_Blank_Blank
DG(31:3)_C18:0,DAG,1855.7801208496094,1809.060131072998,1756.8601112365723,1753.100112915039,1907.1001358032227,1968.980136871338,1754.9001197814941,1760.2401313781738,1713.0401153564453,Group: B,Group: C,Group: B vs Group: C,4,4,Blank_Blank_Blank
DG(31:3)_C18:1,DAG,2092.1001510620117,2032.820140838623,2045.820140838623,2100.7201499938965,1914.5401306152344,2048.220146179199,1979.6601333618164,2104.0401496887207,2296.5801696777344,Group: B,Group: C,Group: B vs Group: C,4,4,Blank_Blank_Blank
DG(31:3)_C18:2,DAG,2564.660182952881,2260.5201530456543,2425.180160522461,2276.100166320801,2126.980155944824,2219.440158843994,2293.6001586914062,2269.860176086426,2359.1801834106445,Group: B,Group: C,Group: B vs Group: C,4,4,Blank_Blank_Blank
DG(32:0)_C16:0,DAG,4552.280292510986,2612.0401725769043,3871.3203163146973,2491.5801544189453,3145.1802291870117,4507.140335083008,3680.8602447509766,2918.960189819336,2915.420196533203,Group: B,Group: C,Group: B vs Group: C,4,4,Blank_Blank_Blank
DG(32:0)_C18:0,DAG,2000.5401344299316,1800.3201293945312,1808.260124206543,1855.700138092041,1997.160140991211,1939.940143585205,1953.6001358032227,1823.6001281738281,1829.8401260375977,Group: B,Group: C,Group: B vs Group: C,4,4,Blank_Blank_Blank
DG(32:1)_C16:0,DAG,4075.8402786254883,2488.040168762207,3759.5202713012695,2309.440158843994,2399.0801544189453,4421.36026763916,2806.900203704834,2615.9401779174805,2631.0202102661133,Group: B,Group: C,Group: B vs Group: C,4,4,Blank_Blank_Blank
DG(32:1)_C16:1,DAG,2624.0201835632324,2482.6201972961426,2274.0801696777344,4155.040252685547,4745.560371398926,4247.320243835449,5383.140407562256,5407.940448760986,2480.800163269043,Group: B,Group: C,Group: B vs Group: C,4,4,Blank_Blank_Blank
DG(32:1)_C18:0,DAG,3453.6202392578125,2672.040195465088,2252.9401817321777,2495.8601684570312,2940.4802017211914,2963.3201866149902,2665.400173187256,2752.9801864624023,2724.960193634033,Group: B,Group: C,Group: B vs Group: C,4,4,Blank_Blank_Blank
DG(32:1)_C18:1,DAG,7221.040466308594,5057.920314788818,4436.66032409668,3971.5202598571777,4823.220367431641,6704.36047744751,5007.640380859375,6058.400428771973,5828.080402374268,Group: B,Group: C,Group: B vs Group: C,4,4,Blank_Blank_Blank
DG(32:2)_C16:0,DAG,2415.9201698303223,2240.6601600646973,2133.5601539611816,1950.4401359558105,1967.6001167297363,2096.7801551818848,2071.7401542663574,1866.940128326416,2164.200168609619,Group: B,Group: C,Group: B vs Group: C,4,4,Blank_Blank_Blank
DG(32:2)_C16:1,DAG,2728.14017868042,2467.2801818847656,2445.14017868042,4275.760299682617,3827.8402709960938,3658.1602516174316,4727.000350952148,4677.220401763916,2853.8801765441895,Group: B,Group: C,Group: B vs Group: C,4,4,Blank_Blank_Blank
DG(32:2)_C18:0,DAG,2207.9801635742188,1850.8201332092285,1847.280128479004,2035.1601333618164,1791.1001205444336,1876.3601417541504,1954.6801261901855,1894.18013381958,1921.1401405334473,Group: B,Group: C,Group: B vs Group: C,4,4,Blank_Blank_Blank
DG(32:2)_C18:1,DAG,10487.700668334961,6153.660472869873,7578.880508422852,6246.400451660156,7097.680435180664,9204.920658111572,6771.240509033203,7333.7604904174805,10344.56075668335,Group: B,Group: C,Group: B vs Group: C,4,4,Blank_Blank_Blank
DG(32:2)_C18:2,DAG,3936.4402618408203,4050.900321960449,3054.3001823425293,5791.680370330811,3046.380214691162,6095.720413208008,5182.480308532715,4225.060272216797,2586.120185852051,Group: B,Group: C,Group: B vs Group: C,4,4,Blank_Blank_Blank
DG(32:3)_C16:0,DAG,1974.70015335083,1786.5201263427734,1906.480136871338,1771.3401222229004,1778.3401222229004,1736.8201179504395,1755.5801239013672,1731.9601287841797,1784.4001159667969,Group: B,Group: C,Group: B vs Group: C,4,4,Blank_Blank_Blank
DG(32:3)_C16:1,DAG,1883.9001159667969,1999.240146636963,1927.860107421875,2030.4601516723633,2050.2601318359375,2063.0001525878906,1920.4601249694824,2152.5801429748535,2135.5401496887207,Group: B,Group: C,Group: B vs Group: C,4,4,Blank_Blank_Blank
DG(32:3)_C18:0,DAG,1729.6001243591309,1900.3801307678223,1675.5001029968262,1786.3601303100586,1952.5201263427734,1984.980152130127,1723.6601257324219,1796.2001190185547,1741.0401191711426,Group: B,Group: C,Group: B vs Group: C,4,4,Blank_Blank_Blank
DG(32:3)_C18:1,DAG,2390.000175476074,2006.60013961792,2485.0401725769043,2038.9801445007324,2332.6601371765137,2425.840175628662,2175.7201499938965,2158.720157623291,2625.380184173584,Group: B,Group: C,Group: B vs Group: C,4,4,Blank_Blank_Blank
DG(32:3)_C18:2,DAG,3064.2802200317383,2443.1601753234863,2499.4601707458496,2959.6401977539062,2395.280174255371,3088.0802154541016,2322.320140838623,2812.0601921081543,2810.320198059082,Group: B,Group: C,Group: B vs Group: C,4,4,Blank_Blank_Blank
DG(32:5)_C16:0,DAG,12935.200927734375,10831.200817108154,9178.300674438477,5393.520355224609,6026.500427246094,9888.340629577637,8532.880661010742,5840.620403289795,11846.38079071045,Group: B,Group: C,Group: B vs Group: C,4,4,Blank_Blank_Blank
DG(32:5)_C16:1,DAG,2309.3601570129395,2586.3401985168457,2465.760154724121,2475.5601654052734,2384.300148010254,2208.5401611328125,2616.0001640319824,2733.380195617676,2965.820209503174,Group: B,Group: C,Group: B vs Group: C,4,4,Blank_Blank_Blank
DG(32:5)_C18:0,DAG,7278.340488433838,7330.140522003174,4745.300323486328,5134.860370635986,7415.2805099487305,7366.340579986572,6106.500427246094,4847.780368804932,5945.40047454834,Group: B,Group: C,Group: B vs Group: C,4,4,Blank_Blank_Blank
DG(32:5)_C18:1,DAG,151019.37115478516,93282.94598388672,108484.00817871094,77063.68496704102,110989.26837158203,146110.20950317383,105348.26690673828,109166.74768066406,167771.17181396484,Group: B,Group: C,Group: B vs Group: C,4,4,Blank_Blank_Blank
DG(32:5)_C18:2,DAG,13809.980979919434,8859.70057296753,10866.080757141113,13983.181034088135,5753.1804275512695,11423.100772857666,8050.9605140686035,13527.96089553833,13221.041004180908,Group: B,Group: C,Group: B vs Group: C,4,4,Blank_Blank_Blank
DG(33:0)_C16:0,DAG,3237.2802238464355,2745.0201835632324,2389.6401596069336,2146.5601654052734,2333.5601654052734,2903.620204925537,2534.480178833008,2254.1401596069336,2647.020179748535,Group: B,Group: C,Group: B vs Group: C,4,4,Blank_Blank_Blank
DG(33:0)_C18:0,DAG,2086.9001388549805,1910.0601272583008,1774.3001098632812,1820.4801216125488,1944.040153503418,2101.420150756836,1821.0601196289062,1805.9601287841797,1837.5201377868652,Group: B,Group: C,Group: B vs Group: C,4,4,Blank_Blank_Blank
"DG(33:1),DG(O-34:1)_C16:0",DAG,2056.1001625061035,2062.900146484375,1907.9601402282715,1786.2201232910156,1783.9801177978516,1892.2001266479492,1883.6401405334473,1849.420124053955,1890.1401138305664,Group: B,Group: C,Group: B vs Group: C,4,4,Blank_Blank_Blank
"DG(33:1),DG(O-34:1)_C16:1",DAG,2336.200168609619,2338.5401573181152,2251.7001762390137,2707.980209350586,2714.4201889038086,2531.3601684570312,2913.360210418701,2603.1601905822754,2790.1001892089844,Group: B,Group: C,Group: B vs Group: C,4,4,Blank_Blank_Blank
"DG(33:1),DG(O-34:1)_C18:0",DAG,1992.300148010254,1741.3201293945312,1797.8201293945312,1741.0801124572754,1711.16011428833,1884.2401313781738,1967.5001411437988,1714.900104522705,1758.940128326416,Group: B,Group: C,Group: B vs Group: C,4,4,Blank_Blank_Blank
"DG(33:1),DG(O-34:1)_C18:1",DAG,4342.280303955078,3458.6802673339844,3668.5202980041504,3153.4602241516113,3557.7402420043945,4581.120300292969,3728.3802452087402,4145.740291595459,4781.180362701416,Group: B,Group: C,Group: B vs Group: C,4,4,Blank_Blank_Blank
DG(33:2)_C16:0,DAG,1882.5601425170898,1749.9001197814941,1806.7601280212402,1860.9601287841797,1864.320125579834,2069.2001457214355,1916.3801231384277,1893.7001419067383,1831.6601181030273,Group: B,Group: C,Group: B vs Group: C,4,4,Blank_Blank_Blank
DG(33:2)_C16:1,DAG,1997.9601402282715,1992.300148010254,1962.160140991211,2056.380126953125,2163.1401329040527,1995.1201438903809,2034.2001342773438,2416.580165863037,2005.900131225586,Group: B,Group: C,Group: B vs Group: C,4,4,Blank_Blank_Blank
DG(33:2)_C18:0,DAG,1859.1601257324219,1834.720115661621,1842.0801162719727,1724.240119934082,1738.0601196289062,1852.8401260375977,1752.4601211547852,1811.6801261901855,1834.400131225586,Group: B,Group: C,Group: B vs Group: C,4,4,Blank_Blank_Blank
DG(33:2)_C18:1,DAG,2697.5601844787598,2293.5001831054688,2402.0401611328125,2221.1401557922363,2251.0001678466797,2482.140167236328,2372.4201431274414,2278.640167236328,2833.180191040039,Group: B,Group: C,Group: B vs Group: C,4,4,Blank_Blank_Blank
DG(33:2)_C18:2,DAG,2866.9601974487305,3155.4001998901367,2597.1801719665527,3904.000270843506,2457.3601684570312,3169.9002571105957,2568.720184326172,2787.7601928710938,2944.5802040100098,Group: B,Group: C,Group: B vs Group: C,4,4,Blank_Blank_Blank
DG(33:3)_C16:0,DAG,1851.0601272583008,1776.9001121520996,1871.7201385498047,1716.58012008667,1847.280117034912,1821.0401191711426,1829.5401306152344,1803.8001251220703,1812.2201309204102,Group: B,Group: C,Group: B vs Group: C,4,4,Blank_Blank_Blank
DG(33:3)_C16:1,DAG,1928.2201309204102,1914.3001327514648,1963.7001266479492,1958.7601318359375,1989.620132446289,1941.060146331787,2009.0401420593262,2079.280143737793,1888.8601379394531,Group: B,Group: C,Group: B vs Group: C,4,4,Blank_Blank_Blank
DG(33:3)_C18:0,DAG,1741.7801208496094,1790.8601150512695,1763.4001235961914,1733.4001235961914,1805.360122680664,1749.000114440918,1778.3601303100586,1830.2401275634766,1905.3801231384277,Group: B,Group: C,Group: B vs Group: C,4,4,Blank_Blank_Blank
DG(33:3)_C18:1,DAG,2035.660140991211,1884.1401252746582,2005.5401458740234,1981.1801452636719,1977.6601371765137,2084.9201316833496,2138.2001419067383,2217.2401542663574,2017.5001220703125,Group: B,Group: C,Group: B vs Group: C,4,4,Blank_Blank_Blank
DG(33:3)_C18:2,DAG,3077.240219116211,2502.10018157959,2527.980182647705,2801.460189819336,2226.9401626586914,2474.780174255371,2402.080177307129,2483.6201782226562,2403.2401428222656,Group: B,Group: C,Group: B vs Group: C,4,4,Blank_Blank_Blank
DG(33:4)_C16:0,DAG,1749.1801261901855,1807.4001388549805,1839.7401313781738,1717.0401077270508,1855.7401542663574,1817.1801300048828,1725.5601234436035,1789.8601379394531,1899.8201332092285,Group: B,Group: C,Group: B vs Group: C,4,4,Blank_Blank_Blank
DG(33:4)_C16:1,DAG,1936.6001358032227,1914.520133972168,2037.700138092041,1917.7201309204102,1963.1401405334473,1985.2601165771484,1921.800148010254,2025.9201278686523,2015.980125427246,Group: B,Group: C,Group: B vs Group: C,4,4,Blank_Blank_Blank
DG(33:4)_C18:0,DAG,2216.0801544189453,2320.62015914917,2004.060131072998,2211.460147857666,2424.200168609619,2293.720157623291,2265.5601806640625,2412.2801818847656,2308.600166320801,Group: B,Group: C,Group: B vs Group: C,4,4,Blank_Blank_Blank
DG(33:4)_C18:1,DAG,2878.62020111084,2238.0401649475098,2604.960178375244,2354.0201835632324,2223.180149078369,2664.320171356201,2209.3601417541504,2281.9601402282715,2447.500160217285,Group: B,Group: C,Group: B vs Group: C,4,4,Blank_Blank_Blank
DG(33:4)_C18:2,DAG,2940.540199279785,2363.200168609619,2509.7601776123047,2344.7601585388184,2194.2001609802246,2628.720188140869,2384.7001762390137,2371.200164794922,2317.500160217285,Group: B,Group: C,Group: B vs Group: C,4,4,Blank_Blank_Blank
DG(33:5)_C16:0,DAG,5365.300388336182,3688.520305633545,3072.1802139282227,2970.1602096557617,2749.0201683044434,4447.200359344482,3397.740219116211,2750.360210418701,3596.720272064209,Group: B,Group: C,Group: B vs Group: C,4,4,Blank_Blank_Blank
DG(33:5)_C16:1,DAG,1970.1201210021973,2124.70015335083,2077.3201484680176,2125.420154571533,2103.760139465332,2262.120162963867,2377.540168762207,2122.5201416015625,2202.680160522461,Group: B,Group: C,Group: B vs Group: C,4,4,Blank_Blank_Blank
DG(33:5)_C18:0,DAG,3446.8002738952637,2582.900161743164,2225.3401527404785,2457.2601623535156,2716.9401817321777,3223.160228729248,3294.4202156066895,2612.400177001953,2769.500198364258,Group: B,Group: C,Group: B vs Group: C,4,4,Blank_Blank_Blank
DG(33:5)_C18:1,DAG,31501.9423828125,20321.741485595703,22034.601516723633,16330.42115020752,23882.361778259277,31467.142318725586,23190.981674194336,22286.521530151367,33405.36247253418,Group: B,Group: C,Group: B vs Group: C,4,4,Blank_Blank_Blank
DG(33:5)_C18:2,DAG,2658.240177154541,2293.780170440674,2609.440200805664,2508.0401878356934,2328.240177154541,2312.140151977539,2331.1001777648926,2540.200183868408,2365.6401748657227,Group: B,Group: C,Group: B vs Group: C,4,4,Blank_Blank_Blank
DG(34:0)_C16:0,DAG,2571.720199584961,2366.680160522461,3146.6002197265625,2426.440174102783,2083.9801445007324,3157.8002281188965,2103.120143890381,2145.7201538085938,2039.7601623535156,Group: B,Group: C,Group: B vs Group: C,4,4,Blank_Blank_Blank
DG(34:0)_C18:0,DAG,2540.320171356201,2224.740146636963,2094.5401496887207,2368.9601440429688,2255.7801361083984,2996.3801918029785,2547.100170135498,2443.9601554870605,2107.3001556396484,Group: B,Group: C,Group: B vs Group: C,4,4,Blank_Blank_Blank
DG(34:1)_C16:0,DAG,12716.161155700684,6955.56046295166,17201.841327667236,6539.98038482666,6411.16047668457,16084.761253356934,11296.040584564209,11811.560829162598,2028.1401329040527,Group: B,Group: C,Group: B vs Group: C,4,4,Blank_Blank_Blank
DG(34:1)_C16:1,DAG,2162.000144958496,2227.880138397217,2348.6801528930664,3589.6802368164062,2671.480197906494,3105.5601692199707,2821.640193939209,4015.920269012451,2044.8401374816895,Group: B,Group: C,Group: B vs Group: C,4,4,Blank_Blank_Blank
DG(34:1)_C18:0,DAG,2256.5601692199707,1836.8401374816895,1974.18013381958,1945.4401245117188,2040.320140838623,2477.7201805114746,2000.5001411437988,2194.3601455688477,2188.300151824951,Group: B,Group: C,Group: B vs Group: C,4,4,Blank_Blank_Blank
DG(34:1)_C18:1,DAG,21992.82146835327,14373.720859527588,17793.401203155518,11464.100852966309,16356.701011657715,20153.40158843994,24257.9815826416,25021.52173614502,3610.840259552002,Group: B,Group: C,Group: B vs Group: C,4,4,Blank_Blank_Blank
DG(34:2)_C16:0,DAG,30963.5419921875,9908.520889282227,40396.04224014282,15316.540813446045,10342.780715942383,39742.70195388794,15922.381092071533,12305.160972595215,1821.520118713379,Group: B,Group: C,Group: B vs Group: C,4,4,Blank_Blank_Blank
DG(34:2)_C16:1,DAG,3539.540225982666,4320.020336151123,3027.800224304199,13950.86072921753,11613.02088546753,13850.060894012451,24250.801765441895,25382.221420288086,2370.5801429748535,Group: B,Group: C,Group: B vs Group: C,4,4,Blank_Blank_Blank
DG(34:2)_C18:0,DAG,1911.5601348876953,2050.0601387023926,1886.8201332092285,2023.240135192871,2342.2001571655273,2175.560157775879,1896.9801292419434,2043.0001525878906,2226.7801361083984,Group: B,Group: C,Group: B vs Group: C,4,4,Blank_Blank_Blank
DG(34:2)_C18:1,DAG,13699.260932922363,8011.4404945373535,8442.480525970459,5853.060470581055,9786.080753326416,10159.820697784424,13149.760871887207,12660.701030731201,5058.340309143066,Group: B,Group: C,Group: B vs Group: C,4,4,Blank_Blank_Blank
DG(34:2)_C18:2,DAG,58254.263652801514,71070.26593399048,23866.56147003174,105139.48698425293,22664.781883239746,93561.18774795532,83882.06522750854,35534.60246658325,2958.280216217041,Group: B,Group: C,Group: B vs Group: C,4,4,Blank_Blank_Blank
DG(34:3)_C16:0,DAG,3013.840202331543,2226.9801483154297,2748.68017578125,1752.6001205444336,2001.4601364135742,3032.120220184326,2058.540142059326,2224.1401748657227,1770.5201263427734,Group: B,Group: C,Group: B vs Group: C,4,4,Blank_Blank_Blank
DG(34:3)_C16:1,DAG,3771.0002784729004,4164.540287017822,3813.6002922058105,25188.121417999268,15274.841365814209,14902.540832519531,27489.861972808838,25431.28159713745,2016.880126953125,Group: B,Group: C,Group: B vs Group: C,4,4,Blank_Blank_Blank
DG(34:3)_C18:0,DAG,1818.360122680664,1794.240119934082,1791.0001220703125,1855.1001281738281,1768.0401229858398,1895.9601211547852,1866.7801322937012,1889.6601371765137,1861.7001419067383,Group: B,Group: C,Group: B vs Group: C,4,4,Blank_Blank_Blank
DG(34:3)_C18:1,DAG,17925.481422424316,10925.36075592041,13151.840927124023,9349.600700378418,13327.960983276367,16224.201126098633,11619.320854187012,14093.420944213867,18474.961296081543,Group: B,Group: C,Group: B vs Group: C,4,4,Blank_Blank_Blank
DG(34:3)_C18:2,DAG,13449.58108139038,15896.301170349121,6426.340412139893,31062.822463989258,6394.820461273193,24501.461402893066,27417.242641448975,13422.860904693604,3004.620216369629,Group: B,Group: C,Group: B vs Group: C,4,4,Blank_Blank_Blank
"DG(34:4),DG(dO-36:4)_C16:0",DAG,1857.3601303100586,1886.3401412963867,1929.5001411437988,1808.06010055542,1799.8401184082031,1817.300136566162,1796.5001258850098,1807.3401222229004,1828.7401313781738,Group: B,Group: C,Group: B vs Group: C,4,4,Blank_Blank_Blank
"DG(34:4),DG(dO-36:4)_C16:1",DAG,2017.620132446289,1926.8201370239258,1983.5001220703125,2793.3601837158203,2721.0001678466797,2222.7401580810547,2686.7201919555664,2869.680160522461,1992.8401336669922,Group: B,Group: C,Group: B vs Group: C,4,4,Blank_Blank_Blank
"DG(34:4),DG(dO-36:4)_C18:0",DAG,1782.8201026916504,1733.2801246643066,1740.9001083374023,1811.2201385498047,1720.8001251220703,1791.5001258850098,1833.4001274108887,1781.920124053955,1972.1001586914062,Group: B,Group: C,Group: B vs Group: C,4,4,Blank_Blank_Blank
"DG(34:4),DG(dO-36:4)_C18:1",DAG,3911.9002799987793,3250.2002296447754,3210.5002098083496,3132.900234222412,3800.0002632141113,4208.160293579102,3348.3002433776855,3798.2002754211426,3980.280284881592,Group: B,Group: C,Group: B vs Group: C,4,4,Blank_Blank_Blank
"DG(34:4),DG(dO-36:4)_C18:2",DAG,2830.680202484131,2817.9001808166504,2842.7402000427246,4592.680294036865,2439.420166015625,3504.2802543640137,2643.800189971924,2949.220230102539,2455.120162963867,Group: B,Group: C,Group: B vs Group: C,4,4,Blank_Blank_Blank
DG(34:5)_C16:0,DAG,2656.1001777648926,2282.6801528930664,1902.920124053955,1875.0801315307617,2093.8401412963867,2325.440158843994,2317.0601387023926,2009.5201263427734,2536.3801803588867,Group: B,Group: C,Group: B vs Group: C,4,4,Blank_Blank_Blank
DG(34:5)_C16:1,DAG,1888.4601364135742,1983.0201416015625,1935.0201263427734,1949.6801223754883,1917.9601402282715,2019.300136566162,1960.0601387023926,1886.9601364135742,2036.0601387023926,Group: B,Group: C,Group: B vs Group: C,4,4,Blank_Blank_Blank
DG(34:5)_C18:0,DAG,1961.8601341247559,1877.7801399230957,1760.9801139831543,1937.5201377868652,1865.3601303100586,2195.580150604248,1919.320140838623,1862.900131225586,1853.720127105713,Group: B,Group: C,Group: B vs Group: C,4,4,Blank_Blank_Blank
DG(34:5)_C18:1,DAG,2986.560203552246,2639.640182495117,2756.5202102661133,2573.7601890563965,2755.120204925537,3134.740219116211,2869.5801696777344,2605.4401779174805,3308.1002235412598,Group: B,Group: C,Group: B vs Group: C,4,4,Blank_Blank_Blank
DG(34:5)_C18:2,DAG,2484.480182647705,2518.340190887451,2321.2001609802246,2683.7801818847656,2203.6001510620117,2501.2601776123047,2452.320171356201,2596.3201904296875,2623.5601692199707,Group: B,Group: C,Group: B vs Group: C,4,4,Blank_Blank_Blank
DG(34:6)_C16:0,DAG,1954.68013381958,1976.3401336669922,1770.5801277160645,1768.0001106262207,1767.3401222229004,1811.7801208496094,1867.360149383545,1729.3201293945312,1970.5201377868652,Group: B,Group: C,Group: B vs Group: C,4,4,Blank_Blank_Blank
DG(34:6)_C16:1,DAG,1973.0801315307617,1954.800136566162,1902.7201385498047,2018.2201309204102,2099.6201400756836,1981.2001419067383,1935.980136871338,1883.2601203918457,1879.4001350402832,Group: B,Group: C,Group: B vs Group: C,4,4,Blank_Blank_Blank
DG(34:6)_C18:0,DAG,1785.6001243591309,1874.2801399230957,1756.3001098632812,1807.3801383972168,1831.6601257324219,1934.060146331787,1793.460132598877,1850.8601379394531,1800.220115661621,Group: B,Group: C,Group: B vs Group: C,4,4,Blank_Blank_Blank
DG(34:6)_C18:1,DAG,2220.200149536133,2050.120143890381,2007.220127105713,2028.5001411437988,1966.9801406860352,2006.700138092041,2095.8201446533203,2127.040138244629,2249.5601539611816,Group: B,Group: C,Group: B vs Group: C,4,4,Blank_Blank_Blank
DG(34:6)_C18:2,DAG,2129.5801391601562,2293.6801681518555,2353.340160369873,2322.640163421631,2143.9401473999023,2364.76016998291,2298.8801612854004,2386.740165710449,2319.7401542663574,Group: B,Group: C,Group: B vs Group: C,4,4,Blank_Blank_Blank
DG(35:3)_C16:0,DAG,1797.5601387023926,1848.18013381958,1775.0001373291016,1745.4201164245605,1732.5401191711426,1751.560115814209,1821.1001167297363,1732.7001190185547,1719.7601318359375,Group: B,Group: C,Group: B vs Group: C,4,4,Blank_Blank_Blank
DG(35:3)_C16:1,DAG,1914.3401222229004,1972.640151977539,1963.800121307373,1949.7201194763184,2016.2601432800293,2019.9801330566406,2094.8601455688477,1989.8201370239258,2018.1001510620117,Group: B,Group: C,Group: B vs Group: C,4,4,Blank_Blank_Blank
DG(35:3)_C18:0,DAG,2509.3801651000977,2557.1401748657227,2372.2601585388184,2356.720142364502,2739.9002113342285,2602.500186920166,2772.480194091797,2415.740188598633,2522.2201614379883,Group: B,Group: C,Group: B vs Group: C,4,4,Blank_Blank_Blank
DG(35:3)_C18:1,DAG,3257.7202339172363,2669.28018951416,3058.800220489502,2933.8201904296875,3367.0402488708496,3106.160243988037,2884.440212249756,2755.0801849365234,3329.980239868164,Group: B,Group: C,Group: B vs Group: C,4,4,Blank_Blank_Blank
DG(35:3)_C18:2,DAG,3010.72021484375,3159.100200653076,2470.3601608276367,3746.7002868652344,2557.9201698303223,3278.9802322387695,2991.580207824707,2759.0801849365234,2626.7401733398438,Group: B,Group: C,Group: B vs Group: C,4,4,Blank_Blank_Blank
"DG(35:4),DG(O-36:4),DG(dO-37:4)_C16:0",DAG,2415.4201736450195,2080.0201301574707,2050.420150756836,1909.8601264953613,2059.860134124756,2457.1201705932617,2303.500156402588,2064.8001403808594,2435.200183868408,Group: B,Group: C,Group: B vs Group: C,4,4,Blank_Blank_Blank
"DG(35:4),DG(O-36:4),DG(dO-37:4)_C16:1",DAG,1977.020133972168,2186.5601539611816,2116.7801513671875,2059.7401428222656,2209.0401496887207,1965.9601440429688,2084.9601554870605,2238.70015335083,2145.460159301758,Group: B,Group: C,Group: B vs Group: C,4,4,Blank_Blank_Blank
"DG(35:4),DG(O-36:4),DG(dO-37:4)_C18:0",DAG,3017.7402114868164,3196.360221862793,2455.240165710449,3066.5201988220215,3713.2402725219727,3330.760208129883,3275.980224609375,2730.6401901245117,3432.860237121582,Group: B,Group: C,Group: B vs Group: C,4,4,Blank_Blank_Blank
"DG(35:4),DG(O-36:4),DG(dO-37:4)_C18:1",DAG,54718.783599853516,33672.38218688965,36360.46267700195,29650.80202484131,41387.822845458984,52462.90351867676,38899.86260223389,40572.92288208008,57771.203857421875,Group: B,Group: C,Group: B vs Group: C,4,4,Blank_Blank_Blank
"DG(35:4),DG(O-36:4),DG(dO-37:4)_C18:2",DAG,9197.360694885254,6166.220462799072,7673.180465698242,8463.000568389893,4545.580341339111,8154.580551147461,4930.1003341674805,7997.000637054443,7527.340545654297,Group: B,Group: C,Group: B vs Group: C,4,4,Blank_Blank_Blank
DG(35:5)_C16:0,DAG,1966.660140991211,2078.7801399230957,2092.6201515197754,1820.200122833252,1954.960132598877,1772.1001205444336,1969.3201370239258,1967.1001510620117,1908.0001335144043,Group: B,Group: C,Group: B vs Group: C,4,4,Blank_Blank_Blank
DG(35:5)_C16:1,DAG,1952.3801307678223,1939.240146636963,1962.5201377868652,1889.5201301574707,1958.7601432800293,1931.700122833252,1926.4601287841797,1973.64013671875,1969.4801406860352,Group: B,Group: C,Group: B vs Group: C,4,4,Blank_Blank_Blank
DG(35:5)_C18:0,DAG,1821.920124053955,1719.3201065063477,1813.5601234436035,1769.2801208496094,1780.7801055908203,1888.4601211547852,1707.2001152038574,1724.56010055542,1828.8201217651367,Group: B,Group: C,Group: B vs Group: C,4,4,Blank_Blank_Blank
DG(35:5)_C18:1,DAG,2071.9001388549805,1961.1201400756836,2012.800148010254,1886.2401390075684,1948.1001472473145,2009.7601356506348,1864.1801300048828,1994.5201416015625,1990.8401184082031,Group: B,Group: C,Group: B vs Group: C,4,4,Blank_Blank_Blank
DG(35:5)_C18:2,DAG,3836.400234222412,2646.3202056884766,3071.0402183532715,3566.9602661132812,2594.0001907348633,3218.680244445801,2772.8201866149902,3176.600212097168,3092.240222930908,Group: B,Group: C,Group: B vs Group: C,4,4,Blank_Blank_Blank
DG(35:6)_C16:0,DAG,2205.4201469421387,2192.0601654052734,1909.4601402282715,2110.060146331787,1813.360122680664,2284.980178833008,2135.5201454162598,1796.5801277160645,2159.240165710449,Group: B,Group: C,Group: B vs Group: C,4,4,Blank_Blank_Blank
DG(35:6)_C16:1,DAG,1882.7401275634766,1908.3801383972168,1909.8601303100586,1992.0001525878906,2033.800136566162,1976.960132598877,2159.640151977539,2005.2001342773438,1979.7001419067383,Group: B,Group: C,Group: B vs Group: C,4,4,Blank_Blank_Blank
DG(35:6)_C18:0,DAG,1884.4201202392578,1768.7801322937012,1820.1201210021973,1744.220127105713,1825.420124053955,2028.3601417541504,1868.3401412963867,1741.4001197814941,1944.6001205444336,Group: B,Group: C,Group: B vs Group: C,4,4,Blank_Blank_Blank
DG(35:6)_C18:1,DAG,1920.8801345825195,2016.0801429748535,1965.740119934082,1908.7801475524902,1888.8601150512695,1921.7801399230957,2020.9801445007324,2086.480155944824,1945.8001403808594,Group: B,Group: C,Group: B vs Group: C,4,4,Blank_Blank_Blank
DG(35:6)_C18:2,DAG,2595.160171508789,2265.820171356201,2487.0001525878906,2764.8001976013184,2277.4201698303223,2597.1201782226562,2387.140167236328,2622.960189819336,2389.1001510620117,Group: B,Group: C,Group: B vs Group: C,4,4,Blank_Blank_Blank
DG(36:3)_C16:0,DAG,2713.1602058410645,1997.600154876709,2488.040153503418,1811.9201202392578,2201.8801460266113,2709.5601921081543,1976.6201400756836,1937.0201301574707,1820.7201232910156,Group: B,Group: C,Group: B vs Group: C,4,4,Blank_Blank_Blank
DG(36:3)_C16:1,DAG,1954.5801429748535,1960.1201400756836,2091.4601554870605,2253.3801460266113,2231.3801460266113,2215.020149230957,2320.6601753234863,2517.880172729492,1977.2401390075684,Group: B,Group: C,Group: B vs Group: C,4,4,Blank_Blank_Blank
DG(36:3)_C18:0,DAG,2263.960147857666,2131.4001502990723,1877.6801376342773,2102.920150756836,1902.5601348876953,2173.300136566162,2032.6001358032227,2290.960174560547,1834.5601234436035,Group: B,Group: C,Group: B vs Group: C,4,4,Blank_Blank_Blank
DG(36:3)_C18:1,DAG,39349.94373703003,21867.48179626465,46034.9227142334,34857.94174194336,28989.841903686523,29365.88178253174,36994.40291213989,43340.92252731323,2230.500144958496,Group: B,Group: C,Group: B vs Group: C,4,4,Blank_Blank_Blank
DG(36:3)_C18:2,DAG,44080.80377960205,58671.92293167114,20683.741889953613,154397.97156906128,19332.781215667725,113319.9490699768,109457.22850418091,57425.284004211426,3383.920249938965,Group: B,Group: C,Group: B vs Group: C,4,4,Blank_Blank_Blank
"DG(36:4),DG(O-37:4)_C16:0",DAG,3430.520221710205,1925.7601318359375,4261.840316772461,2099.920139312744,1939.3201370239258,3012.14017868042,2255.1001586914062,2093.06014251709,1976.6601181030273,Group: B,Group: C,Group: B vs Group: C,4,4,Blank_Blank_Blank
"DG(36:4),DG(O-37:4)_C16:1",DAG,1974.2801361083984,1986.6801490783691,2015.500144958496,2627.0001640319824,2306.980152130127,2299.560161590576,2485.500160217285,2713.6401748657227,2054.9401473999023,Group: B,Group: C,Group: B vs Group: C,4,4,Blank_Blank_Blank
"DG(36:4),DG(O-37:4)_C18:0",DAG,2060.460136413574,2170.000156402588,1915.440128326416,2082.3001441955566,2040.4401473999023,2224.4201431274414,1953.5401420593262,1964.3601455688477,2180.720146179199,Group: B,Group: C,Group: B vs Group: C,4,4,Blank_Blank_Blank
"DG(36:4),DG(O-37:4)_C18:1",DAG,14903.900913238525,9450.960678100586,11040.560813903809,8798.820610046387,10808.180744171143,11832.38083267212,10699.360702514648,11182.90072631836,10700.8607711792,Group: B,Group: C,Group: B vs Group: C,4,4,Blank_Blank_Blank
"DG(36:4),DG(O-37:4)_C18:2",DAG,31376.842628479004,53110.46269989014,19567.501598358154,173804.17359924316,17613.1212310791,79891.46529006958,59064.22443008423,26790.561527252197,3433.0402488708496,Group: B,Group: C,Group: B vs Group: C,4,4,Blank_Blank_Blank
DG(36:5)_C16:0,DAG,2901.360210418701,2321.2601928710938,2275.040180206299,2165.980140686035,2151.1601524353027,2476.7001762390137,2712.480194091797,1899.4201431274414,2294.3201789855957,Group: B,Group: C,Group: B vs Group: C,4,4,Blank_Blank_Blank
DG(36:5)_C16:1,DAG,1943.9601364135742,2007.040126800537,1923.5801277160645,2139.9601440429688,2168.3201484680176,2059.8201446533203,2311.140163421631,2043.1801376342773,1878.7001342773438,Group: B,Group: C,Group: B vs Group: C,4,4,Blank_Blank_Blank
DG(36:5)_C18:0,DAG,1823.4201316833496,1742.9401245117188,1717.4601211547852,1855.9201354980469,1903.5401420593262,1926.2801246643066,1745.7401161193848,1876.620132446289,1841.1801414489746,Group: B,Group: C,Group: B vs Group: C,4,4,Blank_Blank_Blank
DG(36:5)_C18:1,DAG,2183.280174255371,1926.7401313781738,2218.8201599121094,2030.4601554870605,1947.1401405334473,2088.0201530456543,1911.2401313781738,1876.9801330566406,2201.840160369873,Group: B,Group: C,Group: B vs Group: C,4,4,Blank_Blank_Blank
DG(36:5)_C18:2,DAG,4777.220390319824,5956.420455932617,3489.1602210998535,11653.500812530518,2912.6602058410645,6776.380432128906,5451.060413360596,4244.680274963379,3070.340190887451,Group: B,Group: C,Group: B vs Group: C,4,4,Blank_Blank_Blank
DG(36:6)_C16:0,DAG,3911.440299987793,2536.460174560547,10000.680801391602,4341.340358734131,2367.9201698303223,4855.880359649658,7289.760444641113,3596.1002769470215,3094.3801612854004,Group: B,Group: C,Group: B vs Group: C,4,4,Blank_Blank_Blank
DG(36:6)_C16:1,DAG,1959.900146484375,1975.1601295471191,2022.9401550292969,2179.940143585205,2138.660144805908,2081.680145263672,2189.140167236328,2147.400161743164,2009.9201469421387,Group: B,Group: C,Group: B vs Group: C,4,4,Blank_Blank_Blank
DG(36:6)_C18:0,DAG,1913.4401321411133,1811.180118560791,1873.1601295471191,1791.8201217651367,1746.3401260375977,1740.3801078796387,1733.3001174926758,1902.1201438903809,2001.860149383545,Group: B,Group: C,Group: B vs Group: C,4,4,Blank_Blank_Blank
DG(36:6)_C18:1,DAG,1985.8001518249512,2069.8801345825195,1983.3001441955566,2046.7201538085938,2130.5401649475098,1916.8001327514648,1905.900131225586,1936.5401420593262,2171.520160675049,Group: B,Group: C,Group: B vs Group: C,4,4,Blank_Blank_Blank
DG(36:6)_C18:2,DAG,2289.8001747131348,2369.7801551818848,2326.16015625,2405.220169067383,2153.5201416015625,2497.780174255371,2109.9801330566406,2202.5201683044434,2201.240146636963,Group: B,Group: C,Group: B vs Group: C,4,4,Blank_Blank_Blank
"DG(36:7),DG(35:0)_C16:0",DAG,11028.960758209229,4933.040302276611,22082.781368255615,8196.06037902832,6252.4604568481445,14355.721138000488,16120.061279296875,6026.94055557251,5571.440380096436,Group: B,Group: C,Group: B vs Group: C,4,4,Blank_Blank_Blank
"DG(36:7),DG(35:0)_C16:1",DAG,1957.9601364135742,2248.6601638793945,2311.66015625,3899.720314025879,2822.120189666748,2924.8402137756348,3430.5402870178223,3258.9601707458496,2473.6201705932617,Group: B,Group: C,Group: B vs Group: C,4,4,Blank_Blank_Blank
"DG(36:7),DG(35:0)_C18:0",DAG,2971.900203704834,2403.9801712036133,2022.6201400756836,2203.220157623291,2127.5001525878906,2517.120174407959,2364.4401664733887,2148.8601570129395,2532.5001792907715,Group: B,Group: C,Group: B vs Group: C,4,4,Blank_Blank_Blank
"DG(36:7),DG(35:0)_C18:1",DAG,4435.140323638916,3306.8002281188965,2957.6602058410645,2912.64022064209,3541.2002487182617,4191.620311737061,3120.6802253723145,3372.300235748291,4635.300327301025,Group: B,Group: C,Group: B vs Group: C,4,4,Blank_Blank_Blank
"DG(36:7),DG(35:0)_C18:2",DAG,2688.4202041625977,2384.4201622009277,2367.700149536133,2657.380210876465,2191.4801597595215,2284.5001640319824,2351.0801734924316,2502.7401809692383,2383.120162963867,Group: B,Group: C,Group: B vs Group: C,4,4,Blank_Blank_Blank
"DG(36:8),DG(35:1)_C16:0",DAG,2396.540168762207,1914.5401344299316,1848.2001457214355,1873.3801345825195,1810.700122833252,2921.320198059082,1935.2201309204102,2024.200138092041,2177.400146484375,Group: B,Group: C,Group: B vs Group: C,4,4,Blank_Blank_Blank
"DG(36:8),DG(35:1)_C16:1",DAG,3361.9602279663086,3937.5402450561523,5256.420425415039,10950.900825500488,7878.540687561035,7020.640556335449,11655.381008148193,8471.540576934814,4191.620319366455,Group: B,Group: C,Group: B vs Group: C,4,4,Blank_Blank_Blank
"DG(36:8),DG(35:1)_C18:0",DAG,1818.8201179504395,1760.2801246643066,1748.4001235961914,1894.7201499938965,1832.0601272583008,1884.0801277160645,1816.5601348876953,1716.0801048278809,1736.4201126098633,Group: B,Group: C,Group: B vs Group: C,4,4,Blank_Blank_Blank
"DG(36:8),DG(35:1)_C18:1",DAG,2411.7601623535156,2251.7001609802246,2716.960205078125,2183.380157470703,2274.70015335083,2219.300163269043,2310.940170288086,2205.000171661377,2516.3201637268066,Group: B,Group: C,Group: B vs Group: C,4,4,Blank_Blank_Blank
"DG(36:8),DG(35:1)_C18:2",DAG,2464.0201721191406,2284.7201652526855,2242.260166168213,2355.840171813965,2202.520160675049,2492.900177001953,2234.600154876709,2316.6001739501953,2508.8201637268066,Group: B,Group: C,Group: B vs Group: C,4,4,Blank_Blank_Blank
DG(37:3)_C16:0,DAG,1722.1601219177246,1739.1801147460938,1795.380126953125,1754.0001182556152,1731.9401168823242,1774.3801345825195,1725.6001243591309,1782.4001274108887,1832.1601257324219,Group: B,Group: C,Group: B vs Group: C,4,4,Blank_Blank_Blank
DG(37:3)_C16:1,DAG,1918.6001167297363,1959.5601387023926,1949.1601219177246,2087.840133666992,1986.2201385498047,1886.000129699707,2091.6601524353027,1913.2801361083984,1879.5001258850098,Group: B,Group: C,Group: B vs Group: C,4,4,Blank_Blank_Blank
DG(37:3)_C18:0,DAG,1874.920124053955,1741.460117340088,1740.7201080322266,1792.620132446289,1753.6201210021973,1789.420124053955,1736.6001243591309,1711.0801086425781,1775.9601287841797,Group: B,Group: C,Group: B vs Group: C,4,4,Blank_Blank_Blank
DG(37:3)_C18:1,DAG,2161.580146789551,2152.7201614379883,1980.2401428222656,1928.2801322937012,2071.980152130127,2087.6601333618164,2055.4601249694824,2027.460132598877,2071.9401512145996,Group: B,Group: C,Group: B vs Group: C,4,4,Blank_Blank_Blank
DG(37:3)_C18:2,DAG,2379.860179901123,2543.2401733398438,2537.260181427002,2626.3801879882812,2225.720157623291,2275.960178375244,2855.400192260742,2567.360179901123,2438.160171508789,Group: B,Group: C,Group: B vs Group: C,4,4,Blank_Blank_Blank
DG(37:4)_C16:0,DAG,1739.920108795166,1760.9801330566406,1734.8001136779785,1808.60013961792,1716.4201164245605,1815.9601364135742,1842.700138092041,1721.8001098632812,1764.6201171875,Group: B,Group: C,Group: B vs Group: C,4,4,Blank_Blank_Blank
DG(37:4)_C16:1,DAG,1893.0401229858398,2038.9801559448242,1906.000114440918,1925.400131225586,1910.8201446533203,2138.500160217285,2006.4001350402832,1883.7401313781738,1960.8601455688477,Group: B,Group: C,Group: B vs Group: C,4,4,Blank_Blank_Blank
DG(37:4)_C18:0,DAG,1814.6001319885254,1809.7401275634766,1770.6601219177246,1761.9001274108887,1802.180118560791,1929.8801307678223,1754.780128479004,1712.5201225280762,1889.2201309204102,Group: B,Group: C,Group: B vs Group: C,4,4,Blank_Blank_Blank
DG(37:4)_C18:1,DAG,2390.100166320801,2094.200168609619,2110.420150756836,2091.7201499938965,1949.4201431274414,2250.5601539611816,2290.6201782226562,2156.8401374816895,2391.5401611328125,Group: B,Group: C,Group: B vs Group: C,4,4,Blank_Blank_Blank
DG(37:4)_C18:2,DAG,2991.180233001709,2976.6802139282227,2614.2401847839355,3202.0602264404297,2521.7801933288574,2528.980178833008,2586.120189666748,2595.280185699463,2800.7402000427246,Group: B,Group: C,Group: B vs Group: C,4,4,Blank_Blank_Blank
DG(37:5)_C16:0,DAG,2068.6601371765137,1847.2001266479492,1859.2801322937012,1907.0201301574707,1803.0801162719727,2023.8201370239258,2074.860149383545,1910.340129852295,2203.0001525878906,Group: B,Group: C,Group: B vs Group: C,4,4,Blank_Blank_Blank
DG(37:5)_C16:1,DAG,1885.060131072998,1929.8001441955566,1993.1601257324219,1938.5401420593262,1900.8001327514648,1917.1401329040527,2030.5201416015625,1923.2601318359375,1908.2001419067383,Group: B,Group: C,Group: B vs Group: C,4,4,Blank_Blank_Blank
DG(37:5)_C18:0,DAG,1765.0601196289062,1866.280143737793,1739.2401161193848,1816.9601287841797,1802.6401252746582,1904.4201354980469,1748.0801277160645,1790.6801071166992,1777.920124053955,Group: B,Group: C,Group: B vs Group: C,4,4,Blank_Blank_Blank
DG(37:5)_C18:1,DAG,1898.860149383545,1935.160140991211,1924.8601264953613,1942.3601455688477,2029.0001335144043,1951.620132446289,1863.3801231384277,1954.6401405334473,1999.6801452636719,Group: B,Group: C,Group: B vs Group: C,4,4,Blank_Blank_Blank
DG(37:5)_C18:2,DAG,2508.5201835632324,2321.5201683044434,2410.900157928467,2397.8001823425293,2349.500156402588,2512.400161743164,2373.1601600646973,2254.420166015625,2697.100185394287,Group: B,Group: C,Group: B vs Group: C,4,4,Blank_Blank_Blank
DG(37:6)_C16:0,DAG,2297.9001808166504,2040.7201347351074,2022.1001434326172,2072.6401405334473,2141.300132751465,2365.680160522461,2558.320182800293,2112.4001235961914,2247.0001640319824,Group: B,Group: C,Group: B vs Group: C,4,4,Blank_Blank_Blank
DG(37:6)_C16:1,DAG,1884.6801300048828,2001.3601379394531,2000.6801414489746,2047.1801414489746,2128.1801528930664,1987.0401458740234,2040.0201377868652,2087.72013092041,1938.1001358032227,Group: B,Group: C,Group: B vs Group: C,4,4,Blank_Blank_Blank
DG(37:6)_C18:0,DAG,1852.2201309204102,1846.960132598877,1906.820125579834,1881.5401153564453,1789.2801322937012,1896.060131072998,1948.5801429748535,1855.560131072998,1981.0201377868652,Group: B,Group: C,Group: B vs Group: C,4,4,Blank_Blank_Blank
DG(37:6)_C18:1,DAG,1989.520149230957,1978.7801322937012,1914.4401359558105,1907.8201332092285,1906.2401237487793,2054.420154571533,1903.320140838623,1962.6201553344727,2324.780158996582,Group: B,Group: C,Group: B vs Group: C,4,4,Blank_Blank_Blank
DG(37:6)_C18:2,DAG,2445.640182495117,2267.700168609619,2316.3201599121094,2304.6601638793945,2185.6401596069336,2254.7401542663574,2226.200138092041,2265.9001541137695,2229.8601608276367,Group: B,Group: C,Group: B vs Group: C,4,4,Blank_Blank_Blank
"DG(37:7),DG(36:0)_C16:0",DAG,2151.8001556396484,2184.7201614379883,1973.3401489257812,1896.9401321411133,1809.8601112365723,2151.2601470947266,1962.6201553344727,1936.7201309204102,2037.600154876709,Group: B,Group: C,Group: B vs Group: C,4,4,Blank_Blank_Blank
"DG(37:7),DG(36:0)_C16:1",DAG,2307.3001556396484,2281.6601600646973,2645.72017288208,2592.2201614379883,2431.5601768493652,2098.2401237487793,2705.5601921081543,3033.9402046203613,2475.70015335083,Group: B,Group: C,Group: B vs Group: C,4,4,Blank_Blank_Blank
"DG(37:7),DG(36:0)_C18:0",DAG,2272.0601654052734,2183.880157470703,2835.0202140808105,2285.000175476074,2153.880153656006,2387.8401641845703,1992.9601516723633,2202.72017288208,2360.2001724243164,Group: B,Group: C,Group: B vs Group: C,4,4,Blank_Blank_Blank
"DG(37:7),DG(36:0)_C18:1",DAG,3300.4002418518066,2557.6601905822754,2817.980209350586,2705.3801879882812,2979.760185241699,3269.3402214050293,2493.600170135498,3053.1002235412598,3193.780216217041,Group: B,Group: C,Group: B vs Group: C,4,4,Blank_Blank_Blank
"DG(37:7),DG(36:0)_C18:2",DAG,2351.1001625061035,2225.760166168213,2189.720169067383,2395.1401748657227,2161.9801712036133,2298.140163421631,2189.9201431274414,2235.1401596069336,2206.020133972168,Group: B,Group: C,Group: B vs Group: C,4,4,Blank_Blank_Blank
DG(38:3)_C16:0,DAG,2097.74015045166,1966.800121307373,1994.4201431274414,1947.2201309204102,1999.3201332092285,2261.6401748657227,1883.2201385498047,1840.2001266479492,1813.8001289367676,Group: B,Group: C,Group: B vs Group: C,4,4,Blank_Blank_Blank
DG(38:3)_C16:1,DAG,2013.4001388549805,1993.4401397705078,2022.1201286315918,1965.0601387023926,2008.1401405334473,2072.780132293701,2255.8201599121094,1995.7601318359375,2054.64013671875,Group: B,Group: C,Group: B vs Group: C,4,4,Blank_Blank_Blank
DG(38:3)_C18:0,DAG,3079.520206451416,2199.7601470947266,2044.0401420593262,2827.2401733398438,2037.460147857666,2633.2801666259766,2269.080150604248,2663.0401725769043,1950.4401473999023,Group: B,Group: C,Group: B vs Group: C,4,4,Blank_Blank_Blank
DG(38:3)_C18:1,DAG,5221.120388031006,3689.4202880859375,4592.98030090332,3991.9202880859375,4892.740371704102,5317.520416259766,4427.200302124023,4178.720264434814,4997.200336456299,Group: B,Group: C,Group: B vs Group: C,4,4,Blank_Blank_Blank
DG(38:3)_C18:2,DAG,6867.54048538208,6397.760536193848,4035.9002952575684,9848.240737915039,3432.4802436828613,9093.420547485352,7397.480434417725,6114.480438232422,3955.4202766418457,Group: B,Group: C,Group: B vs Group: C,4,4,Blank_Blank_Blank
DG(38:4)_C16:0,DAG,1945.8401412963867,1768.9001235961914,1813.4601287841797,1720.9001121520996,1767.9001083374023,1904.2401313781738,1807.040111541748,1874.9401321411133,1727.5001106262207,Group: B,Group: C,Group: B vs Group: C,4,4,Blank_Blank_Blank
DG(38:4)_C16:1,DAG,1983.2801322937012,1974.060146331787,1949.3801193237305,2071.6801376342773,1952.9201393127441,1942.6001472473145,2011.0201530456543,2075.60013961792,1982.160140991211,Group: B,Group: C,Group: B vs Group: C,4,4,Blank_Blank_Blank
DG(38:4)_C18:0,DAG,2792.1401977539062,1883.8601341247559,2181.200149536133,3124.3002166748047,2094.2401580810547,2566.5401725769043,2166.0001487731934,2536.5802154541016,1775.4001121520996,Group: B,Group: C,Group: B vs Group: C,4,4,Blank_Blank_Blank
DG(38:4)_C18:1,DAG,3081.120216369629,2966.220203399658,3315.520221710205,2825.640224456787,2144.5001487731934,2757.460216522217,3068.8202209472656,2922.7202186584473,1950.3001289367676,Group: B,Group: C,Group: B vs Group: C,4,4,Blank_Blank_Blank
DG(38:4)_C18:2,DAG,4172.360305786133,3929.4002380371094,3059.80020904541,5183.760391235352,2390.960159301758,4813.140300750732,4587.2003746032715,3041.700180053711,2619.7001762390137,Group: B,Group: C,Group: B vs Group: C,4,4,Blank_Blank_Blank
DG(38:5)_C16:0,DAG,2471.2001762390137,2055.8201637268066,2481.7001724243164,2126.5401573181152,2060.200126647949,2718.880184173584,2305.160182952881,1963.2601432800293,2099.480140686035,Group: B,Group: C,Group: B vs Group: C,4,4,Blank_Blank_Blank
DG(38:5)_C16:1,DAG,1951.9401206970215,1969.920150756836,1927.1801300048828,2069.640148162842,2057.6201362609863,2024.5201454162598,2125.6001319885254,2118.8401374816895,1944.9201278686523,Group: B,Group: C,Group: B vs Group: C,4,4,Blank_Blank_Blank
DG(38:5)_C18:0,DAG,1830.940128326416,1965.4201202392578,1742.1801109313965,1750.5201377868652,1793.1401290893555,1988.9801330566406,1846.5001373291016,1804.5001220703125,1778.9201354980469,Group: B,Group: C,Group: B vs Group: C,4,4,Blank_Blank_Blank
DG(38:5)_C18:1,DAG,2990.420196533203,2393.880184173584,2618.060161590576,2688.320198059082,2760.9602012634277,2933.0202140808105,2688.4401893615723,2636.880184173584,2178.1801414489746,Group: B,Group: C,Group: B vs Group: C,4,4,Blank_Blank_Blank
DG(38:5)_C18:2,DAG,4039.860263824463,3977.200283050537,2916.5802268981934,7900.180572509766,2573.5401725769043,5153.140357971191,5053.760356903076,3050.2802238464355,2304.820152282715,Group: B,Group: C,Group: B vs Group: C,4,4,Blank_Blank_Blank
"DG(38:6),DG(dO-40:6)_C16:0",DAG,5365.860424041748,2798.400192260742,3938.7603073120117,2219.26016998291,2755.380199432373,3646.1402587890625,2645.4801864624023,2270.5201530456543,2121.460132598877,Group: B,Group: C,Group: B vs Group: C,4,4,Blank_Blank_Blank
"DG(38:6),DG(dO-40:6)_C16:1",DAG,1966.5201225280762,1969.9401512145996,1966.740146636963,2187.3201332092285,2061.5401306152344,1938.4601249694824,2437.580177307129,1938.3801307678223,1943.760124206543,Group: B,Group: C,Group: B vs Group: C,4,4,Blank_Blank_Blank
"DG(38:6),DG(dO-40:6)_C18:0",DAG,1842.4201202392578,1908.4201393127441,1783.2201080322266,1724.6201248168945,1792.640121459961,1887.3001289367676,1775.440128326416,1817.2601432800293,1806.800121307373,Group: B,Group: C,Group: B vs Group: C,4,4,Blank_Blank_Blank
"DG(38:6),DG(dO-40:6)_C18:1",DAG,2557.0401763916016,2200.1001586914062,2621.8801803588867,2246.3001556396484,2703.640182495117,2641.6001510620117,2378.5001678466797,2597.1602096557617,2465.2401733398438,Group: B,Group: C,Group: B vs Group: C,4,4,Blank_Blank_Blank
"DG(38:6),DG(dO-40:6)_C18:2",DAG,3283.4002380371094,3757.120258331299,2654.8801879882812,5295.300369262695,2481.7401809692383,4088.0203132629395,3756.3802185058594,3090.1402320861816,2298.6001586914062,Group: B,Group: C,Group: B vs Group: C,4,4,Blank_Blank_Blank
"DG(38:7),DG(37:0)_C16:0",DAG,4343.100296020508,3850.4203033447266,2967.6802101135254,2469.68017578125,3384.760223388672,4238.980304718018,3846.500259399414,2389.880172729492,3759.4402503967285,Group: B,Group: C,Group: B vs Group: C,4,4,Blank_Blank_Blank
"DG(38:7),DG(37:0)_C16:1",DAG,2013.7801322937012,1958.7201347351074,2027.440143585205,2375.1801567077637,2043.6401405334473,2130.6401329040527,2447.5801849365234,2291.260150909424,2098.380153656006,Group: B,Group: C,Group: B vs Group: C,4,4,Blank_Blank_Blank
"DG(38:7),DG(37:0)_C18:0",DAG,2241.800163269043,1992.720142364502,1894.9001388549805,1975.6201438903809,1886.4601440429688,2256.980167388916,1936.3601303100586,1902.160140991211,2072.2001304626465,Group: B,Group: C,Group: B vs Group: C,4,4,Blank_Blank_Blank
"DG(38:7),DG(37:0)_C18:1",DAG,2504.600170135498,2267.6401710510254,2319.6601600646973,2400.0601844787598,2477.1601524353027,2518.5601654052734,2170.320140838623,2272.520175933838,2613.3001976013184,Group: B,Group: C,Group: B vs Group: C,4,4,Blank_Blank_Blank
"DG(38:7),DG(37:0)_C18:2",DAG,2334.240165710449,2263.740146636963,2299.400177001953,2341.2401809692383,2219.640151977539,2546.520195007324,2399.4401626586914,2349.680160522461,2289.5801544189453,Group: B,Group: C,Group: B vs Group: C,4,4,Blank_Blank_Blank
"DG(38:8),DG(dO-40:8),DG(37:1)_C16:0",DAG,2617.9801864624023,1909.5201301574707,2093.340145111084,1951.8601379394531,2467.360191345215,3165.1602325439453,2276.5001792907715,1940.0201377868652,2100.600154876709,Group: B,Group: C,Group: B vs Group: C,4,4,Blank_Blank_Blank
"DG(38:8),DG(dO-40:8),DG(37:1)_C16:1",DAG,1959.9401245117188,1968.540138244629,2009.5201301574707,2071.7601470947266,2994.860210418701,2031.340145111084,2201.4401512145996,2037.5401344299316,2094.200149536133,Group: B,Group: C,Group: B vs Group: C,4,4,Blank_Blank_Blank
"DG(38:8),DG(dO-40:8),DG(37:1)_C18:0",DAG,2008.0201454162598,1727.480125427246,1861.9401321411133,1823.8801383972168,1931.1601219177246,1996.040138244629,1930.5801391601562,1829.7801322937012,1822.0201263427734,Group: B,Group: C,Group: B vs Group: C,4,4,Blank_Blank_Blank
"DG(38:8),DG(dO-40:8),DG(37:1)_C18:1",DAG,2293.5001525878906,2146.7201347351074,2421.700164794922,2149.0401649475098,2279.420166015625,2560.5801734924316,2313.5801696777344,2247.9201583862305,2309.6001510620117,Group: B,Group: C,Group: B vs Group: C,4,4,Blank_Blank_Blank
"DG(38:8),DG(dO-40:8),DG(37:1)_C18:2",DAG,2343.3401527404785,2294.1201705932617,2273.8001594543457,2437.9201736450195,2311.040168762207,2227.400135040283,2194.400146484375,2343.9801635742188,2431.940174102783,Group: B,Group: C,Group: B vs Group: C,4,4,Blank_Blank_Blank
"DG(38:9),DG(dO-40:9),DG(37:2)_C16:0",DAG,1847.7601280212402,1856.8001174926758,1737.8401336669922,1778.7601203918457,1796.9001235961914,1953.240146636963,1785.5801391601562,1743.6601295471191,1869.18013381958,Group: B,Group: C,Group: B vs Group: C,4,4,Blank_Blank_Blank
"DG(38:9),DG(dO-40:9),DG(37:2)_C16:1",DAG,1966.0001220703125,1990.68013381958,1948.540126800537,2135.100143432617,2054.4601402282715,2097.840145111084,2091.8801460266113,1925.4201202392578,1948.1201286315918,Group: B,Group: C,Group: B vs Group: C,4,4,Blank_Blank_Blank
"DG(38:9),DG(dO-40:9),DG(37:2)_C18:0",DAG,1873.3001251220703,1840.5801277160645,1877.3001327514648,1816.6201171875,1814.1201210021973,1782.5601119995117,1834.0801277160645,1807.0601234436035,1790.3201293945312,Group: B,Group: C,Group: B vs Group: C,4,4,Blank_Blank_Blank
"DG(38:9),DG(dO-40:9),DG(37:2)_C18:1",DAG,3087.0602073669434,2277.960159301758,2391.8201637268066,2107.080146789551,2603.6201667785645,2952.940200805664,2510.6001777648926,2840.100200653076,2634.500186920166,Group: B,Group: C,Group: B vs Group: C,4,4,Blank_Blank_Blank
"DG(38:9),DG(dO-40:9),DG(37:2)_C18:2",DAG,2550.280185699463,2455.660167694092,2451.0001678466797,2750.9802017211914,2532.7401847839355,3177.940216064453,2577.7401733398438,2719.060218811035,2418.380168914795,Group: B,Group: C,Group: B vs Group: C,4,4,Blank_Blank_Blank
DG(39:4)_C16:0,DAG,1825.2201309204102,1798.0201263427734,1785.0401153564453,1716.7401313781738,1773.6801223754883,1749.6401329040527,1864.8001251220703,1722.720115661621,1772.1801261901855,Group: B,Group: C,Group: B vs Group: C,4,4,Blank_Blank_Blank
DG(39:4)_C16:1,DAG,1925.720127105713,1979.560146331787,1928.300136566162,1974.1601257324219,2022.1401329040527,1966.1801300048828,1959.6201477050781,1989.6001319885254,1920.7601127624512,Group: B,Group: C,Group: B vs Group: C,4,4,Blank_Blank_Blank
DG(39:4)_C18:0,DAG,1779.0601272583008,1740.520118713379,1717.5401191711426,1737.9601249694824,1782.6001358032227,1826.5801315307617,1759.5201148986816,1800.1201210021973,1744.9201316833496,Group: B,Group: C,Group: B vs Group: C,4,4,Blank_Blank_Blank
DG(39:4)_C18:1,DAG,1990.900146484375,1961.820140838623,1986.7601509094238,1941.8601455688477,2047.0801429748535,2122.2201538085938,1965.7601280212402,2096.840156555176,2470.060157775879,Group: B,Group: C,Group: B vs Group: C,4,4,Blank_Blank_Blank
DG(39:4)_C18:2,DAG,2435.2201766967773,2233.9401664733887,2442.140151977539,2431.220169067383,2194.140163421631,2563.400177001953,2295.780158996582,2392.400161743164,2407.360164642334,Group: B,Group: C,Group: B vs Group: C,4,4,Blank_Blank_Blank
DG(39:5)_C16:0,DAG,2297.4801597595215,2165.340160369873,1989.4401359558105,1754.0801086425781,1933.3401336669922,2034.4401359558105,1981.1401329040527,1988.2601432800293,2127.0601654052734,Group: B,Group: C,Group: B vs Group: C,4,4,Blank_Blank_Blank
DG(39:5)_C16:1,DAG,1925.8801231384277,1956.2601509094238,1985.5001335144043,1942.1801261901855,2086.6601524353027,1950.2401313781738,1924.140121459961,1944.6801414489746,1943.0801429748535,Group: B,Group: C,Group: B vs Group: C,4,4,Blank_Blank_Blank
DG(39:5)_C18:0,DAG,1923.9401397705078,1788.480125427246,1768.920108795166,1733.4201202392578,1790.2601318359375,1791.6201248168945,1833.7801208496094,1864.3001251220703,1810.0201301574707,Group: B,Group: C,Group: B vs Group: C,4,4,Blank_Blank_Blank
DG(39:5)_C18:1,DAG,2014.7601318359375,1992.7201461791992,1903.1601295471191,1976.3001441955566,1970.5601425170898,1935.9401397705078,1943.7001266479492,1987.8601379394531,2035.5001373291016,Group: B,Group: C,Group: B vs Group: C,4,4,Blank_Blank_Blank
DG(39:5)_C18:2,DAG,2193.2801628112793,2234.680149078369,2209.220169067383,2325.3801612854004,2102.0401611328125,2238.980155944824,2236.940155029297,2208.960163116455,2230.220157623291,Group: B,Group: C,Group: B vs Group: C,4,4,Blank_Blank_Blank
DG(39:6)_C16:0,DAG,2749.040214538574,2874.1002159118652,2687.880172729492,2274.6801528930664,2081.700164794922,3133.4802322387695,2545.840190887451,2747.5801963806152,3142.5202102661133,Group: B,Group: C,Group: B vs Group: C,4,4,Blank_Blank_Blank
DG(39:6)_C16:1,DAG,1933.740119934082,1935.1601333618164,1979.540126800537,2060.440128326416,1970.0201377868652,1923.920124053955,1931.4601287841797,1936.1001319885254,1920.020133972168,Group: B,Group: C,Group: B vs Group: C,4,4,Blank_Blank_Blank
DG(39:6)_C18:0,DAG,2019.6601486206055,2155.4001388549805,2026.660140991211,1990.1601295471191,2211.020149230957,2060.6001319885254,1920.220142364502,1952.1401290893555,2028.0801467895508,Group: B,Group: C,Group: B vs Group: C,4,4,Blank_Blank_Blank
DG(39:6)_C18:1,DAG,2043.3201332092285,2187.5201377868652,2006.4201278686523,2264.2201538085938,2109.300148010254,2017.7601356506348,2160.000141143799,2141.700168609619,2076.9801483154297,Group: B,Group: C,Group: B vs Group: C,4,4,Blank_Blank_Blank
DG(39:6)_C18:2,DAG,2359.380168914795,2191.040138244629,2180.4601440429688,2295.1601371765137,2172.8201637268066,2346.5601539611816,2227.800148010254,2313.3401641845703,2282.8801498413086,Group: B,Group: C,Group: B vs Group: C,4,4,Blank_Blank_Blank
"DG(39:7),DG(38:0),DG(dO-40:0)_C16:0",DAG,2332.320152282715,2290.2401695251465,2046.960147857666,1972.8001327514648,1968.460132598877,2249.5401573181152,2097.560127258301,1828.2601280212402,2282.8401679992676,Group: B,Group: C,Group: B vs Group: C,4,4,Blank_Blank_Blank
"DG(39:7),DG(38:0),DG(dO-40:0)_C16:1",DAG,1925.740135192871,2001.5801429748535,1932.960117340088,2012.1001243591309,2022.2201232910156,1929.8401260375977,2045.1401481628418,2010.0201301574707,2023.8201522827148,Group: B,Group: C,Group: B vs Group: C,4,4,Blank_Blank_Blank
"DG(39:7),DG(38:0),DG(dO-40:0)_C18:0",DAG,2112.740135192871,1847.1601257324219,1793.8201179504395,1869.7201309204102,2107.2201614379883,1907.7801399230957,1921.6601257324219,1806.1001205444336,2013.300148010254,Group: B,Group: C,Group: B vs Group: C,4,4,Blank_Blank_Blank
"DG(39:7),DG(38:0),DG(dO-40:0)_C18:1",DAG,2101.980152130127,1930.6201438903809,2092.4001388549805,1990.0801391601562,2102.540153503418,2153.7401428222656,1944.4601287841797,2385.340171813965,2101.180149078369,Group: B,Group: C,Group: B vs Group: C,4,4,Blank_Blank_Blank
"DG(39:7),DG(38:0),DG(dO-40:0)_C18:2",DAG,2333.340175628662,2120.2201538085938,2217.340171813965,2239.040153503418,2181.3401489257812,2127.4001426696777,2175.060157775879,2111.4001426696777,2346.940158843994,Group: B,Group: C,Group: B vs Group: C,4,4,Blank_Blank_Blank
"DG(39:8),DG(O-40:8),DG(38:1)_C16:0",DAG,2084.7801551818848,1993.4801330566406,1905.4401245117188,1800.8601112365723,1961.2401504516602,2875.7001914978027,1989.6601333618164,1765.3401222229004,2061.4401473999023,Group: B,Group: C,Group: B vs Group: C,4,4,Blank_Blank_Blank
"DG(39:8),DG(O-40:8),DG(38:1)_C16:1",DAG,1978.5401229858398,2003.7801399230957,2047.880142211914,2051.420154571533,1959.1801300048828,1962.8601379394531,1952.8801193237305,1956.480125427246,2026.6001358032227,Group: B,Group: C,Group: B vs Group: C,4,4,Blank_Blank_Blank
"DG(39:8),DG(O-40:8),DG(38:1)_C18:0",DAG,1979.740135192871,1719.8801155090332,1766.8001251220703,1818.000129699707,1766.260124206543,2228.6801681518555,1761.7001152038574,1809.6201133728027,1810.300121307373,Group: B,Group: C,Group: B vs Group: C,4,4,Blank_Blank_Blank
"DG(39:8),DG(O-40:8),DG(38:1)_C18:1",DAG,3562.3802642822266,3241.6202278137207,3340.100254058838,2765.3401947021484,3970.7802772521973,3471.66024017334,3135.2402153015137,3241.4602432250977,2115.6001472473145,Group: B,Group: C,Group: B vs Group: C,4,4,Blank_Blank_Blank
"DG(39:8),DG(O-40:8),DG(38:1)_C18:2",DAG,2668.4801902770996,2599.8601837158203,2369.420177459717,2440.6001777648926,2339.6801681518555,2557.500171661377,2325.620174407959,2344.820167541504,2338.9001655578613,Group: B,Group: C,Group: B vs Group: C,4,4,Blank_Blank_Blank
DG(40:1)_C16:0,DAG,2324.9801597595215,2222.4001693725586,2050.940139770508,1784.9201049804688,1838.8601188659668,3257.0202293395996,1953.440128326416,1892.8401184082031,1925.5401344299316,Group: B,Group: C,Group: B vs Group: C,4,4,Blank_Blank_Blank
DG(40:1)_C16:1,DAG,1958.6801452636719,2053.4201431274414,1976.6801376342773,2035.1001434326172,2010.1601219177246,2036.6201477050781,2061.2001304626465,1999.0201416015625,2006.400131225586,Group: B,Group: C,Group: B vs Group: C,4,4,Blank_Blank_Blank
DG(40:1)_C18:0,DAG,1853.580135345459,1818.7401237487793,1756.720127105713,1853.020133972168,1867.9201278686523,2059.260139465332,1790.9801177978516,1808.560131072998,1752.5601387023926,Group: B,Group: C,Group: B vs Group: C,4,4,Blank_Blank_Blank
DG(40:1)_C18:1,DAG,2262.5001640319824,2411.2801628112793,2096.4801445007324,2106.100154876709,2127.5201568603516,2328.5601806640625,2082.920139312744,2140.400146484375,2300.5601539611816,Group: B,Group: C,Group: B vs Group: C,4,4,Blank_Blank_Blank
"DG(40:10),DG(39:3)_C16:0",DAG,1927.4201202392578,2054.980136871338,1788.960132598877,1728.6401100158691,1788.0201225280762,1839.2601203918457,1775.980125427246,1807.9001274108887,1904.4401397705078,Group: B,Group: C,Group: B vs Group: C,4,4,Blank_Blank_Blank
"DG(40:10),DG(39:3)_C16:1",DAG,1924.9201354980469,1955.5201416015625,1926.960117340088,2011.4801292419434,2387.4601707458496,2111.7001419067383,2098.640148162842,2112.3401412963867,1926.1801223754883,Group: B,Group: C,Group: B vs Group: C,4,4,Blank_Blank_Blank
"DG(40:10),DG(39:3)_C18:0",DAG,1719.3201065063477,1725.560115814209,1792.240135192871,1760.560115814209,1799.1001243591309,1909.560131072998,1751.2001266479492,1801.260139465332,1851.0001258850098,Group: B,Group: C,Group: B vs Group: C,4,4,Blank_Blank_Blank
"DG(40:10),DG(39:3)_C18:1",DAG,2713.340175628662,2193.220157623291,2374.5601539611816,2172.58016204834,2729.4801902770996,2524.060157775879,2256.5201530456543,2351.920154571533,2756.5002098083496,Group: B,Group: C,Group: B vs Group: C,4,4,Blank_Blank_Blank
"DG(40:10),DG(39:3)_C18:2",DAG,2374.660167694092,2302.120162963867,2261.4601669311523,2616.560173034668,2638.3401679992676,2552.580177307129,2471.2801971435547,2560.14017868042,2365.3001670837402,Group: B,Group: C,Group: B vs Group: C,4,4,Blank_Blank_Blank
DG(40:2)_C16:0,DAG,1940.2601280212402,1735.340103149414,1809.4201316833496,1752.7401237487793,1825.4001083374023,2036.7201538085938,1849.6601371765137,1764.2001266479492,1747.2001152038574,Group: B,Group: C,Group: B vs Group: C,4,4,Blank_Blank_Blank
DG(40:2)_C16:1,DAG,1979.480125427246,1992.9001274108887,1927.6201438903809,1926.300121307373,2096.6401405334473,2063.460132598877,1964.9401245117188,1988.0201454162598,1926.980136871338,Group: B,Group: C,Group: B vs Group: C,4,4,Blank_Blank_Blank
DG(40:2)_C18:0,DAG,1853.5001411437988,1724.540111541748,1806.760124206543,1783.300121307373,1816.940128326416,1971.2601432800293,1900.080135345459,1755.6601257324219,1808.820125579834,Group: B,Group: C,Group: B vs Group: C,4,4,Blank_Blank_Blank
DG(40:2)_C18:1,DAG,2048.9801483154297,2033.5601425170898,2204.6401557922363,2074.700149536133,2175.000141143799,2152.540142059326,2180.0401649475098,2387.160182952881,1978.0401344299316,Group: B,Group: C,Group: B vs Group: C,4,4,Blank_Blank_Blank
DG(40:2)_C18:2,DAG,2415.600154876709,2448.7401847839355,2316.7601623535156,2422.260181427002,2320.060157775879,2715.620189666748,2237.0401649475098,2383.9401664733887,2349.600170135498,Group: B,Group: C,Group: B vs Group: C,4,4,Blank_Blank_Blank
DG(40:3)_C16:0,DAG,1823.7601318359375,1757.420124053955,1744.8001327514648,1765.780128479004,1784.420124053955,1780.0201225280762,1851.620132446289,1722.9801292419434,1764.6201210021973,Group: B,Group: C,Group: B vs Group: C,4,4,Blank_Blank_Blank
DG(40:3)_C16:1,DAG,1999.9201316833496,1934.080135345459,1927.7401237487793,2055.560127258301,2014.880126953125,1924.7601356506348,2044.1201438903809,2070.9801445007324,1937.440143585205,Group: B,Group: C,Group: B vs Group: C,4,4,Blank_Blank_Blank
DG(40:3)_C18:0,DAG,1728.5201225280762,1772.0401344299316,1726.7201080322266,1808.240119934082,1820.200122833252,1741.360122680664,1706.9201164245605,1732.3001289367676,1744.4201164245605,Group: B,Group: C,Group: B vs Group: C,4,4,Blank_Blank_Blank
DG(40:3)_C18:1,DAG,2130.5001525878906,2134.7001609802246,1996.4801330566406,2014.5401496887207,2031.7201461791992,2164.0001335144043,2206.2601470947266,2213.9401473999023,2149.160129547119,Group: B,Group: C,Group: B vs Group: C,4,4,Blank_Blank_Blank
DG(40:3)_C18:2,DAG,2497.740165710449,2616.8601989746094,2275.960159301758,2690.560199737549,2248.2801666259766,2817.12020111084,3019.5202102661133,2463.700168609619,2321.460174560547,Group: B,Group: C,Group: B vs Group: C,4,4,Blank_Blank_Blank
DG(40:4)_C16:0,DAG,1851.5601234436035,1764.220127105713,1900.9601402282715,1750.5801124572754,1850.440113067627,1785.0401306152344,1908.5801315307617,1722.8601188659668,1971.5001335144043,Group: B,Group: C,Group: B vs Group: C,4,4,Blank_Blank_Blank
DG(40:4)_C16:1,DAG,1996.7801361083984,1956.9401359558105,1935.4001350402832,2021.1001281738281,1947.1201362609863,1970.8001327514648,2005.9601440429688,1982.340145111084,2024.7601280212402,Group: B,Group: C,Group: B vs Group: C,4,4,Blank_Blank_Blank
DG(40:4)_C18:0,DAG,1795.8801307678223,1735.9201164245605,1716.66011428833,1781.3201141357422,1789.8601264953613,1911.940143585205,1793.3601341247559,1837.8601341247559,1722.2601203918457,Group: B,Group: C,Group: B vs Group: C,4,4,Blank_Blank_Blank
DG(40:4)_C18:1,DAG,2003.1801490783691,2013.8601417541504,1919.320125579834,1970.6001472473145,1902.9401206970215,2018.5001411437988,2047.6601371765137,1983.8601455688477,1941.860122680664,Group: B,Group: C,Group: B vs Group: C,4,4,Blank_Blank_Blank
DG(40:4)_C18:2,DAG,2607.360195159912,2570.700180053711,2389.740177154541,2566.4401817321777,2233.8801498413086,2415.320171356201,2427.400177001953,2270.3601608276367,2330.340156555176,Group: B,Group: C,Group: B vs Group: C,4,4,Blank_Blank_Blank
DG(40:5)_C16:0,DAG,3920.9602584838867,3608.3202590942383,2999.4602088928223,2206.1601600646973,2531.780185699463,2950.3801879882812,3276.7602195739746,2566.7201652526855,3127.560234069824,Group: B,Group: C,Group: B vs Group: C,4,4,Blank_Blank_Blank
DG(40:5)_C16:1,DAG,1934.8201446533203,2010.1801376342773,2015.1601333618164,2042.2201461791992,2015.0001335144043,2038.8801612854004,2013.0601272583008,1998.340160369873,2047.8201484680176,Group: B,Group: C,Group: B vs Group: C,4,4,Blank_Blank_Blank
DG(40:5)_C18:0,DAG,2022.5601425170898,1819.020133972168,1802.3601112365723,1850.3001174926758,1729.920108795166,1837.4801292419434,2022.4401473999023,1902.7801322937012,1941.1401329040527,Group: B,Group: C,Group: B vs Group: C,4,4,Blank_Blank_Blank
DG(40:5)_C18:1,DAG,2272.1801414489746,2032.4001502990723,2145.1401557922363,2205.000156402588,2042.4201469421387,2498.6201667785645,2317.620147705078,2395.300178527832,2048.8801345825195,Group: B,Group: C,Group: B vs Group: C,4,4,Blank_Blank_Blank
DG(40:5)_C18:2,DAG,2252.500171661377,2250.4601554870605,2299.8401527404785,2404.6401748657227,2124.220142364502,2484.560161590576,2292.540168762207,2207.440155029297,2164.3201484680176,Group: B,Group: C,Group: B vs Group: C,4,4,Blank_Blank_Blank
"DG(40:6),DG(dO-40:0)_C16:0",DAG,3820.8602752685547,3435.800262451172,2828.2602043151855,2277.7801551818848,2189.440155029297,3008.400188446045,3410.820255279541,2554.8801651000977,3845.5202827453613,Group: B,Group: C,Group: B vs Group: C,4,4,Blank_Blank_Blank
"DG(40:6),DG(dO-40:0)_C16:1",DAG,2063.4001426696777,2223.2401580810547,2184.120143890381,2247.820156097412,2299.7001457214355,2228.820156097412,2198.9401512145996,2201.620162963867,2394.580165863037,Group: B,Group: C,Group: B vs Group: C,4,4,Blank_Blank_Blank
"DG(40:6),DG(dO-40:0)_C18:0",DAG,2078.720146179199,2044.1001434326172,1912.7001342773438,2085.1601524353027,2134.0601501464844,2479.100166320801,1915.1601295471191,1941.0601425170898,1815.6601295471191,Group: B,Group: C,Group: B vs Group: C,4,4,Blank_Blank_Blank
"DG(40:6),DG(dO-40:0)_C18:1",DAG,2145.6601524353027,2258.620147705078,2171.940158843994,2420.8401679992676,2545.940185546875,2513.6201934814453,2680.2801551818848,2831.780185699463,2150.9001388549805,Group: B,Group: C,Group: B vs Group: C,4,4,Blank_Blank_Blank
"DG(40:6),DG(dO-40:0)_C18:2",DAG,2562.520175933838,2316.7201614379883,2329.1801681518555,3648.400230407715,2413.8001708984375,3658.740249633789,3487.68021774292,2671.860195159912,2121.560146331787,Group: B,Group: C,Group: B vs Group: C,4,4,Blank_Blank_Blank
"DG(40:7),DG(39:0)_C16:0",DAG,3560.16024017334,3083.7402153015137,2559.960193634033,2062.5001373291016,2476.0201835632324,3080.6602210998535,3053.980239868164,2295.520164489746,3140.900234222412,Group: B,Group: C,Group: B vs Group: C,4,4,Blank_Blank_Blank
"DG(40:7),DG(39:0)_C16:1",DAG,2447.700164794922,2387.940155029297,2499.9601554870605,2539.080177307129,4866.120342254639,2314.080177307129,2440.840171813965,2938.0002212524414,2236.3401527404785,Group: B,Group: C,Group: B vs Group: C,4,4,Blank_Blank_Blank
"DG(40:7),DG(39:0)_C18:0",DAG,2349.9201583862305,2188.7201652526855,1912.7201461791992,2052.800148010254,2669.780185699463,2601.140182495117,2364.5801696777344,1800.0801429748535,2359.2401809692383,Group: B,Group: C,Group: B vs Group: C,4,4,Blank_Blank_Blank
"DG(40:7),DG(39:0)_C18:1",DAG,4807.78035736084,3627.800224304199,3276.160243988037,3483.000232696533,3021.940200805664,3866.160224914551,3318.2001991271973,3310.600238800049,2882.940216064453,Group: B,Group: C,Group: B vs Group: C,4,4,Blank_Blank_Blank
"DG(40:7),DG(39:0)_C18:2",DAG,2628.2001953125,2917.2002296447754,2489.060173034668,3393.4802284240723,2414.5801734924316,3439.580249786377,3635.24027633667,2714.0602073669434,2206.6201667785645,Group: B,Group: C,Group: B vs Group: C,4,4,Blank_Blank_Blank
"DG(40:8),DG(39:1)_C18:2",DAG,2961.120204925537,2954.680206298828,2400.380168914795,5874.160507202148,2532.4601669311523,4049.1602516174316,4882.120323181152,2864.4202194213867,2524.7201805114746,Group: B,Group: C,Group: B vs Group: C,4,4,Blank_Blank_Blank
"DG(40:9),DG(39:2)_C16:0",DAG,1822.6601219177246,1767.6401138305664,1950.0601387023926,1747.7801094055176,3038.260196685791,2682.300193786621,1776.800121307373,1813.9201164245605,1789.440128326416,Group: B,Group: C,Group: B vs Group: C,4,4,Blank_Blank_Blank
"DG(40:9),DG(39:2)_C16:1",DAG,1926.4801330566406,1934.7801361083984,1970.220127105713,2062.1401405334473,1993.540126800537,2068.000141143799,1980.880142211914,1985.0201225280762,2015.480125427246,Group: B,Group: C,Group: B vs Group: C,4,4,Blank_Blank_Blank
"DG(40:9),DG(39:2)_C18:0",DAG,1844.2001342773438,1784.8401184082031,1739.9801216125488,1838.1801300048828,1857.7201232910156,1801.800121307373,1736.5401306152344,1795.1601257324219,1727.720127105713,Group: B,Group: C,Group: B vs Group: C,4,4,Blank_Blank_Blank
"DG(40:9),DG(39:2)_C18:1",DAG,2170.2801513671875,1977.0801391601562,2048.140148162842,1972.1001319885254,2284.420135498047,2107.0201568603516,2155.3401412963867,2084.2201614379883,1998.8001327514648,Group: B,Group: C,Group: B vs Group: C,4,4,Blank_Blank_Blank
"DG(40:9),DG(39:2)_C18:2",DAG,2711.940212249756,2301.0401649475098,2338.800163269043,2772.5601959228516,3573.5602264404297,3173.2602043151855,3247.7402381896973,2529.0801734924316,2607.5001792907715,Group: B,Group: C,Group: B vs Group: C,4,4,Blank_Blank_Blank
DG(41:5)_C16:0,DAG,12632.480991363525,3457.7402000427246,11191.28095626831,5506.620441436768,3166.6802253723145,9680.060596466064,10122.160804748535,3644.0402450561523,2939.4401817321777,Group: B,Group: C,Group: B vs Group: C,4,4,Blank_Blank_Blank
DG(41:5)_C16:1,DAG,2106.06014251709,2074.12015914917,2489.7001762390137,2311.5001525878906,2250.300148010254,2141.3001441955566,2541.2801780700684,2336.4401512145996,2002.7401390075684,Group: B,Group: C,Group: B vs Group: C,4,4,Blank_Blank_Blank
DG(41:5)_C18:0,DAG,2141.1401710510254,1931.2001304626465,1882.5001258850098,1887.440128326416,1965.3401336669922,1982.0601348876953,1823.8401260375977,1889.9801216125488,1823.2601318359375,Group: B,Group: C,Group: B vs Group: C,4,4,Blank_Blank_Blank
DG(41:5)_C18:1,DAG,2067.340160369873,2064.400146484375,2029.8601417541504,2010.8801612854004,1959.6601181030273,2009.9601364135742,2089.7201614379883,2007.9601440429688,2053.2401428222656,Group: B,Group: C,Group: B vs Group: C,4,4,Blank_Blank_Blank
DG(41:5)_C18:2,DAG,2278.2601623535156,2217.4201583862305,2178.280143737793,2278.860164642334,2208.460159301758,2216.7201538085938,2208.26016998291,2208.600166320801,2271.480152130127,Group: B,Group: C,Group: B vs Group: C,4,4,Blank_Blank_Blank
DG(41:6)_C16:0,DAG,4279.520305633545,3423.860248565674,3183.860221862793,2299.460163116455,2317.3601455688477,3533.5602493286133,3258.800235748291,2831.360206604004,3895.0002937316895,Group: B,Group: C,Group: B vs Group: C,4,4,Blank_Blank_Blank
DG(41:6)_C16:1,DAG,2404.7801628112793,2762.540184020996,3602.120258331299,3486.4202575683594,3505.940216064453,2661.1801528930664,4272.120288848877,2496.5601768493652,2855.3601722717285,Group: B,Group: C,Group: B vs Group: C,4,4,Blank_Blank_Blank
DG(41:6)_C18:0,DAG,1909.540126800537,1926.6001358032227,1716.9401168823242,1989.6601448059082,1765.240119934082,1991.2801551818848,1922.7401313781738,1874.5201377868652,1960.740146636963,Group: B,Group: C,Group: B vs Group: C,4,4,Blank_Blank_Blank
DG(41:6)_C18:1,DAG,2071.8801460266113,1924.6601219177246,2046.2601509094238,1954.820140838623,1918.8601417541504,2116.8201446533203,1987.0601425170898,1951.260124206543,2212.1801528930664,Group: B,Group: C,Group: B vs Group: C,4,4,Blank_Blank_Blank
DG(41:6)_C18:2,DAG,2345.2401580810547,2356.4801864624023,2208.140163421631,2220.6401596069336,2115.9601402282715,2160.280158996582,2101.940143585205,2228.2201614379883,2158.3401489257812,Group: B,Group: C,Group: B vs Group: C,4,4,Blank_Blank_Blank
"DG(41:7),DG(40:0)_C16:0",DAG,2674.920192718506,2476.080181121826,1942.0001373291016,1897.5601348876953,1878.0401344299316,2361.600154876709,2242.5601539611816,2055.5001373291016,2357.680164337158,Group: B,Group: C,Group: B vs Group: C,4,4,Blank_Blank_Blank
"DG(41:7),DG(40:0)_C16:1",DAG,2014.9801330566406,1977.8601531982422,1927.3001289367676,1926.9601364135742,2126.2601356506348,1942.440128326416,2023.8401412963867,2129.5401496887207,1991.360122680664,Group: B,Group: C,Group: B vs Group: C,4,4,Blank_Blank_Blank
"DG(41:7),DG(40:0)_C18:0",DAG,1801.1401290893555,1728.700122833252,1768.4601097106934,1848.7201232910156,1760.66011428833,1820.9401206970215,1721.3401184082031,1913.1801147460938,1760.380111694336,Group: B,Group: C,Group: B vs Group: C,4,4,Blank_Blank_Blank
"DG(41:7),DG(40:0)_C18:1",DAG,2225.140163421631,2009.5001411437988,1992.1001358032227,1949.14013671875,2094.8201332092285,1956.6801414489746,2055.280143737793,2082.1601524353027,2193.7801551818848,Group: B,Group: C,Group: B vs Group: C,4,4,Blank_Blank_Blank
"DG(41:7),DG(40:0)_C18:2",DAG,2277.540180206299,2136.8401374816895,2156.220157623291,2183.1201515197754,2157.700164794922,2104.260150909424,2208.2401428222656,2230.3801651000977,2161.840156555176,Group: B,Group: C,Group: B vs Group: C,4,4,Blank_Blank_Blank
DG(42:1)_C16:0,DAG,1795.240135192871,1884.2401313781738,1827.380126953125,1760.460117340088,1720.4801063537598,1933.1401290893555,1819.9201316833496,1830.9601249694824,1737.4601097106934,Group: B,Group: C,Group: B vs Group: C,4,4,Blank_Blank_Blank
DG(42:1)_C16:1,DAG,2058.2401390075684,1968.640151977539,1967.2401390075684,2042.9001388549805,2020.4201354980469,2075.7201385498047,2009.8601303100586,1965.6401138305664,1987.0401344299316,Group: B,Group: C,Group: B vs Group: C,4,4,Blank_Blank_Blank
DG(42:1)_C18:0,DAG,1763.7001266479492,1734.9401206970215,1804.6601295471191,1733.780117034912,1817.2801246643066,1842.7401275634766,1729.740119934082,1730.4601211547852,1845.820140838623,Group: B,Group: C,Group: B vs Group: C,4,4,Blank_Blank_Blank
DG(42:1)_C18:1,DAG,2325.700168609619,1938.5801315307617,2052.2401428222656,2113.7201538085938,2025.2401275634766,2029.3201370239258,1948.0001411437988,1959.4201354980469,2053.440139770508,Group: B,Group: C,Group: B vs Group: C,4,4,Blank_Blank_Blank
"DG(42:10),DG(41:3)_C16:0",DAG,2142.8201637268066,1980.8401412963867,1923.5201454162598,1738.5601196289062,1813.360122680664,1973.3801345825195,1983.4001502990723,1819.9801330566406,1768.5601119995117,Group: B,Group: C,Group: B vs Group: C,4,4,Blank_Blank_Blank
"DG(42:10),DG(41:3)_C16:1",DAG,1961.6001281738281,2013.0001373291016,1984.6601295471191,2011.5601387023926,2016.3801383972168,2059.56014251709,2160.8201484680176,2049.380126953125,2076.620147705078,Group: B,Group: C,Group: B vs Group: C,4,4,Blank_Blank_Blank
"DG(42:10),DG(41:3)_C18:0",DAG,1792.5201263427734,1740.1201248168945,1717.840103149414,1753.3801155090332,1758.5401191711426,1803.6401138305664,1765.540126800537,1739.040111541748,1813.1401290893555,Group: B,Group: C,Group: B vs Group: C,4,4,Blank_Blank_Blank
"DG(42:10),DG(41:3)_C18:1",DAG,2089.5201568603516,2127.5201377868652,1937.0601425170898,1990.5801467895508,2703.8202018737793,2167.8801498413086,2245.840156555176,2091.340145111084,1979.9801330566406,Group: B,Group: C,Group: B vs Group: C,4,4,Blank_Blank_Blank
"DG(42:10),DG(41:3)_C18:2",DAG,2326.0201721191406,2206.0401649475098,2199.4401512145996,2464.14017868042,2464.660171508789,2945.2801933288574,2641.0601806640625,2503.2601737976074,2297.300148010254,Group: B,Group: C,Group: B vs Group: C,4,4,Blank_Blank_Blank
"DG(42:11),DG(41:4)_C16:0",DAG,4958.060363769531,2092.160144805908,4177.940284729004,2485.380184173584,2342.8201599121094,4625.980239868164,3658.7402534484863,2556.9201889038086,2001.260154724121,Group: B,Group: C,Group: B vs Group: C,4,4,Blank_Blank_Blank
"DG(42:11),DG(41:4)_C16:1",DAG,1941.880126953125,1936.7601432800293,1958.4601249694824,2004.880126953125,2053.8201484680176,1973.9201316833496,1995.460147857666,1951.1401405334473,1972.880142211914,Group: B,Group: C,Group: B vs Group: C,4,4,Blank_Blank_Blank
"DG(42:11),DG(41:4)_C18:0",DAG,1766.200122833252,1729.5801239013672,1735.2001419067383,1732.820125579834,1734.8801155090332,1781.7801208496094,1745.58012008667,1780.8201332092285,1795.9201354980469,Group: B,Group: C,Group: B vs Group: C,4,4,Blank_Blank_Blank
"DG(42:11),DG(41:4)_C18:1",DAG,1965.0001411437988,1937.9201354980469,1940.1201362609863,1974.5201454162598,2128.6601486206055,1906.68013381958,1947.8401336669922,1929.280128479004,1955.1601333618164,Group: B,Group: C,Group: B vs Group: C,4,4,Blank_Blank_Blank
"DG(42:11),DG(41:4)_C18:2",DAG,2311.3001670837402,2173.560161590576,2259.7401695251465,2340.1401557922363,2728.220199584961,2729.66019821167,2456.4001846313477,2297.380157470703,2360.3201599121094,Group: B,Group: C,Group: B vs Group: C,4,4,Blank_Blank_Blank
DG(42:2)_C16:0,DAG,1814.3601188659668,1837.5401229858398,1876.980136871338,1727.4401206970215,1752.9001159667969,1870.1001358032227,1886.2601432800293,1756.300136566162,1853.960132598877,Group: B,Group: C,Group: B vs Group: C,4,4,Blank_Blank_Blank
DG(42:2)_C16:1,DAG,1946.3001136779785,1949.7601470947266,1966.4201164245605,2029.1601448059082,1938.8001403808594,1934.500144958496,2005.2001495361328,1994.4601402282715,2008.5001373291016,Group: B,Group: C,Group: B vs Group: C,4,4,Blank_Blank_Blank
DG(42:2)_C18:0,DAG,1851.6401252746582,1821.5201263427734,1770.8801231384277,1791.5601234436035,1842.4201126098633,1782.2601280212402,1706.4601249694824,1810.820140838623,1842.5601272583008,Group: B,Group: C,Group: B vs Group: C,4,4,Blank_Blank_Blank
DG(42:2)_C18:1,DAG,2339.1201667785645,2213.4001502990723,2440.760181427002,2101.540142059326,2215.0601501464844,2313.1201667785645,2180.7601470947266,2247.100170135498,2403.8801612854004,Group: B,Group: C,Group: B vs Group: C,4,4,Blank_Blank_Blank
DG(42:2)_C18:2,DAG,2688.6402168273926,2303.820167541504,2451.480152130127,2803.280204772949,2373.4801712036133,2564.8201751708984,2650.9201850891113,2459.5801734924316,2492.3801803588867,Group: B,Group: C,Group: B vs Group: C,4,4,Blank_Blank_Blank
DG(42:3)_C16:0,DAG,1833.4801216125488,1743.1601295471191,1789.1601371765137,1767.7001190185547,1722.8401184082031,1799.6001243591309,1737.4401245117188,1855.4401245117188,1792.0201263427734,Group: B,Group: C,Group: B vs Group: C,4,4,Blank_Blank_Blank
DG(42:3)_C16:1,DAG,1926.8401184082031,1957.0801391601562,1951.9401321411133,1951.520118713379,1938.7001304626465,1924.1001472473145,2024.980136871338,2061.740146636963,1943.9601249694824,Group: B,Group: C,Group: B vs Group: C,4,4,Blank_Blank_Blank
DG(42:3)_C18:0,DAG,1783.2401275634766,1779.6001205444336,1759.3401184082031,1724.2001266479492,1791.0001182556152,1821.8001098632812,1737.1601257324219,1735.5801086425781,1734.780128479004,Group: B,Group: C,Group: B vs Group: C,4,4,Blank_Blank_Blank
DG(42:3)_C18:1,DAG,1974.9801406860352,1942.380126953125,1991.7401428222656,1937.140151977539,1971.7401275634766,2009.6801452636719,2002.8201484680176,2021.8601264953613,1984.7001457214355,Group: B,Group: C,Group: B vs Group: C,4,4,Blank_Blank_Blank
DG(42:3)_C18:2,DAG,2357.7601776123047,2249.440170288086,2240.700149536133,2434.1801719665527,2235.4601554870605,2410.7201614379883,2323.460163116455,2474.8001823425293,2277.680160522461,Group: B,Group: C,Group: B vs Group: C,4,4,Blank_Blank_Blank
DG(42:4)_C16:0,DAG,1857.0001220703125,1743.4201202392578,1770.6801300048828,1717.2801055908203,1794.520118713379,1722.1801109313965,1886.9401397705078,1817.3601264953613,1802.200122833252,Group: B,Group: C,Group: B vs Group: C,4,4,Blank_Blank_Blank
DG(42:4)_C16:1,DAG,1926.66011428833,1959.6801490783691,1927.260124206543,1957.440128326416,2012.8201484680176,2032.5001373291016,2115.420135498047,1992.7401313781738,1954.9201431274414,Group: B,Group: C,Group: B vs Group: C,4,4,Blank_Blank_Blank
DG(42:4)_C18:0,DAG,1854.5601387023926,1766.9601135253906,1750.0401191711426,1742.6601257324219,1773.4601249694824,1748.4801063537598,1716.360122680664,1759.7801246643066,1820.3801231384277,Group: B,Group: C,Group: B vs Group: C,4,4,Blank_Blank_Blank
DG(42:4)_C18:1,DAG,1947.140151977539,1994.8801460266113,2061.5201377868652,1936.660140991211,1977.6401329040527,2081.4401473999023,1904.6201248168945,1937.7801246643066,1943.8801345825195,Group: B,Group: C,Group: B vs Group: C,4,4,Blank_Blank_Blank
DG(42:4)_C18:2,DAG,2360.2601623535156,2241.640163421631,2309.040153503418,2271.620162963867,2195.9601402282715,2533.780174255371,2252.5001487731934,2344.60018157959,2254.880153656006,Group: B,Group: C,Group: B vs Group: C,4,4,Blank_Blank_Blank
DG(42:5)_C16:0,DAG,2264.600143432617,2060.1001586914062,1844.6601181030273,1807.3001136779785,1876.4001197814941,1862.800121307373,1949.1201400756836,1984.9201469421387,1906.120132446289,Group: B,Group: C,Group: B vs Group: C,4,4,Blank_Blank_Blank
DG(42:5)_C16:1,DAG,2031.7401390075684,2172.180160522461,2005.7001304626465,2124.6801414489746,2126.3001403808594,2039.0801467895508,2390.0401649475098,2124.2601432800293,2010.7601432800293,Group: B,Group: C,Group: B vs Group: C,4,4,Blank_Blank_Blank
DG(42:5)_C18:0,DAG,2309.6601600646973,2317.980167388916,2066.0601234436035,2185.480140686035,2346.6201667785645,2023.5601387023926,2425.840156555176,2160.1001586914062,2230.5201568603516,Group: B,Group: C,Group: B vs Group: C,4,4,Blank_Blank_Blank
DG(42:5)_C18:1,DAG,2117.800151824951,1994.9601402282715,1965.5201416015625,1944.3001251220703,2000.6201400756836,2037.6001358032227,1904.7001342773438,1949.9001350402832,2161.980152130127,Group: B,Group: C,Group: B vs Group: C,4,4,Blank_Blank_Blank
DG(42:5)_C18:2,DAG,2411.1601600646973,2228.540153503418,2355.9001693725586,2317.7001609802246,2215.860149383545,2356.2401733398438,2281.3601417541504,2194.9001502990723,2260.2001609802246,Group: B,Group: C,Group: B vs Group: C,4,4,Blank_Blank_Blank
DG(42:6)_C16:0,DAG,5115.280406951904,4581.840343475342,3197.2802200317383,2765.18017578125,3168.920234680176,4090.6402587890625,4066.900302886963,2818.0401916503906,4250.14030456543,Group: B,Group: C,Group: B vs Group: C,4,4,Blank_Blank_Blank
DG(42:6)_C16:1,DAG,1927.1001167297363,2005.9201431274414,1941.3601303100586,1972.7801322937012,1977.8601264953613,1997.7601318359375,1924.9801216125488,1925.5601272583008,2201.7401695251465,Group: B,Group: C,Group: B vs Group: C,4,4,Blank_Blank_Blank
DG(42:6)_C18:0,DAG,2055.560146331787,2000.000129699707,2005.6601371765137,1931.4601364135742,1920.6001243591309,1986.380142211914,1940.1401176452637,2034.880142211914,2059.9601440429688,Group: B,Group: C,Group: B vs Group: C,4,4,Blank_Blank_Blank
DG(42:6)_C18:1,DAG,2089.4801483154297,1985.6601371765137,2004.4801406860352,2190.0201568603516,1990.0401573181152,2008.1801376342773,2011.4401397705078,2028.720127105713,1971.3401527404785,Group: B,Group: C,Group: B vs Group: C,4,4,Blank_Blank_Blank
DG(42:6)_C18:2,DAG,2329.8801765441895,2208.8601570129395,2327.900157928467,2178.8401412963867,2148.9601402282715,2286.5401611328125,2199.1401596069336,2290.4001541137695,2205.860164642334,Group: B,Group: C,Group: B vs Group: C,4,4,Blank_Blank_Blank
"DG(42:7),DG(41:0)_C16:0",DAG,3955.7602767944336,2892.400188446045,2734.660186767578,2272.4601707458496,2152.0801429748535,2757.940185546875,3258.620204925537,2218.500156402588,3295.18025970459,Group: B,Group: C,Group: B vs Group: C,4,4,Blank_Blank_Blank
"DG(42:7),DG(41:0)_C16:1",DAG,1925.8601264953613,1981.7801399230957,2021.6401290893555,2131.660129547119,2162.7401542663574,2078.9201278686523,2114.9601554870605,2080.2401428222656,2069.180145263672,Group: B,Group: C,Group: B vs Group: C,4,4,Blank_Blank_Blank
"DG(42:7),DG(41:0)_C18:0",DAG,2208.600143432617,2170.9801330566406,2024.3201293945312,1987.0601348876953,2007.6601371765137,2010.3401489257812,2255.540180206299,2158.9401473999023,2335.940158843994,Group: B,Group: C,Group: B vs Group: C,4,4,Blank_Blank_Blank
"DG(42:7),DG(41:0)_C18:1",DAG,2211.1401443481445,1943.0201301574707,2002.5001487731934,2011.520149230957,2097.1801414489746,2074.8401489257812,2069.320137023926,1914.0601425170898,2185.240146636963,Group: B,Group: C,Group: B vs Group: C,4,4,Blank_Blank_Blank
"DG(42:7),DG(41:0)_C18:2",DAG,2540.080177307129,2362.840171813965,2194.560146331787,2624.0001831054688,2206.760154724121,2660.080177307129,2554.400177001953,2284.660167694092,2226.20015335083,Group: B,Group: C,Group: B vs Group: C,4,4,Blank_Blank_Blank
"DG(42:8),DG(41:1)_C16:0",DAG,1976.3801460266113,1997.0601387023926,1858.780128479004,1874.5801239013672,2069.0201454162598,2485.860191345215,1924.7801399230957,2011.5801467895508,1900.8801231384277,Group: B,Group: C,Group: B vs Group: C,4,4,Blank_Blank_Blank
"DG(42:8),DG(41:1)_C16:1",DAG,2042.9401321411133,2015.1001472473145,2031.3801307678223,2002.6601257324219,2074.320152282715,1994.1201438903809,2007.9001388549805,2052.2401428222656,2131.5001487731934,Group: B,Group: C,Group: B vs Group: C,4,4,Blank_Blank_Blank
"DG(42:8),DG(41:1)_C18:0",DAG,2036.68013381958,1758.1801223754883,1786.2801208496094,1930.560146331787,2078.8201484680176,2171.1801567077637,2036.2201347351074,1800.1801261901855,1844.4001274108887,Group: B,Group: C,Group: B vs Group: C,4,4,Blank_Blank_Blank
"DG(42:8),DG(41:1)_C18:1",DAG,2291.8001670837402,2110.840156555176,2098.0001487731934,2269.4401512145996,3207.540180206299,2201.000141143799,2288.5401496887207,2364.380172729492,2316.9201622009277,Group: B,Group: C,Group: B vs Group: C,4,4,Blank_Blank_Blank
"DG(42:8),DG(41:1)_C18:2",DAG,2259.2601623535156,2328.700168609619,2378.580165863037,2575.000175476074,2249.860164642334,2510.9201736450195,2365.1001739501953,2242.4401664733887,2193.8401641845703,Group: B,Group: C,Group: B vs Group: C,4,4,Blank_Blank_Blank
"DG(42:9),DG(41:2)_C16:0",DAG,1791.1401290893555,1922.780128479004,2011.8401374816895,1869.6401252746582,2471.420181274414,2220.8401641845703,1986.9001235961914,1925.3201522827148,1981.520149230957,Group: B,Group: C,Group: B vs Group: C,4,4,Blank_Blank_Blank
"DG(42:9),DG(41:2)_C16:1",DAG,1963.1801300048828,1934.7401504516602,2109.280158996582,2038.4801406860352,2100.920139312744,1940.520118713379,2116.9201431274414,2019.9401359558105,1985.6201438903809,Group: B,Group: C,Group: B vs Group: C,4,4,Blank_Blank_Blank
"DG(42:9),DG(41:2)_C18:0",DAG,1968.740135192871,1915.5801315307617,1791.6001167297363,1795.500114440918,2174.1601524353027,1861.2801246643066,1854.7401275634766,1842.0801315307617,1787.6601257324219,Group: B,Group: C,Group: B vs Group: C,4,4,Blank_Blank_Blank
"DG(42:9),DG(41:2)_C18:1",DAG,3507.420253753662,2488.640182495117,2857.560214996338,2630.6401863098145,3490.740207672119,3111.140205383301,3253.760208129883,3111.580219268799,3087.000228881836,Group: B,Group: C,Group: B vs Group: C,4,4,Blank_Blank_Blank
"DG(42:9),DG(41:2)_C18:2",DAG,3480.9202575683594,3001.2602195739746,3053.72021484375,3127.980236053467,3041.9002075195312,3654.1202697753906,3551.7602462768555,3273.320240020752,3195.4202423095703,Group: B,Group: C,Group: B vs Group: C,4,4,Blank_Blank_Blank
DG(43:6)_C16:0,DAG,3867.7602500915527,2607.5801696777344,3199.6202239990234,2319.380157470703,2504.8401641845703,3315.700222015381,3176.6802253723145,2432.1201705932617,3222.7802352905273,Group: B,Group: C,Group: B vs Group: C,4,4,Blank_Blank_Blank
DG(43:6)_C16:1,DAG,1926.5601348876953,2082.660129547119,1955.5201301574707,1926.1601486206055,2008.1601295471191,1928.740135192871,1965.0401306152344,1973.480136871338,2001.880142211914,Group: B,Group: C,Group: B vs Group: C,4,4,Blank_Blank_Blank
DG(43:6)_C18:0,DAG,2081.2601356506348,1947.820140838623,1848.0201301574707,2012.5001411437988,1943.1601257324219,2082.0801315307617,1982.2801246643066,1796.0201377868652,1997.7601623535156,Group: B,Group: C,Group: B vs Group: C,4,4,Blank_Blank_Blank
DG(43:6)_C18:1,DAG,2089.2601432800293,1936.1001472473145,2124.340145111084,1943.4201316833496,1929.2801361083984,1965.2201347351074,1945.58012008667,1965.1801300048828,1989.280128479004,Group: B,Group: C,Group: B vs Group: C,4,4,Blank_Blank_Blank
DG(43:6)_C18:2,DAG,2302.8201751708984,2202.260150909424,2264.060173034668,2277.60018157959,2153.3601684570312,2298.280170440674,2205.000156402588,2371.500156402588,2263.0001525878906,Group: B,Group: C,Group: B vs Group: C,4,4,Blank_Blank_Blank
"DG(44:10),DG(43:3)_C16:0",DAG,1781.9401321411133,1770.4801216125488,1771.4601211547852,1716.4001159667969,1739.1601181030273,1744.820125579834,1753.7601318359375,1723.1001205444336,1719.6001319885254,Group: B,Group: C,Group: B vs Group: C,4,4,Blank_Blank_Blank
"DG(44:10),DG(43:3)_C16:1",DAG,2006.5601234436035,1934.9801445007324,1928.220127105713,1944.900131225586,1976.9401397705078,1983.080150604248,1990.4801445007324,2091.520133972168,1978.420124053955,Group: B,Group: C,Group: B vs Group: C,4,4,Blank_Blank_Blank
"DG(44:10),DG(43:3)_C18:0",DAG,1767.5401229858398,1820.9001235961914,1718.1201171875,1811.560131072998,1727.9201126098633,1789.540111541748,1764.4401245117188,1746.9401321411133,1828.7801361083984,Group: B,Group: C,Group: B vs Group: C,4,4,Blank_Blank_Blank
"DG(44:10),DG(43:3)_C18:1",DAG,2023.9201431274414,1995.1001319885254,1993.2601318359375,1966.6201477050781,2271.700149536133,2306.700168609619,2054.0201454162598,2308.280158996582,2073.860149383545,Group: B,Group: C,Group: B vs Group: C,4,4,Blank_Blank_Blank
"DG(44:10),DG(43:3)_C18:2",DAG,2763.700206756592,2281.040168762207,2329.6001510620117,2552.680191040039,2333.900157928467,2456.5001831054688,2476.0201835632324,2220.940155029297,2313.3001594543457,Group: B,Group: C,Group: B vs Group: C,4,4,Blank_Blank_Blank
"DG(44:11),DG(43:4)_C16:0",DAG,1927.4201354980469,1843.040126800537,1865.0001220703125,1870.4601211547852,1716.0601196289062,1908.0401306152344,1834.3801383972168,1816.9401321411133,1737.3201179504395,Group: B,Group: C,Group: B vs Group: C,4,4,Blank_Blank_Blank
"DG(44:11),DG(43:4)_C16:1",DAG,1935.8401260375977,2009.3601531982422,1927.2001266479492,1935.7001304626465,1988.5001220703125,1973.0401306152344,2020.2601356506348,2036.9201354980469,1972.9001426696777,Group: B,Group: C,Group: B vs Group: C,4,4,Blank_Blank_Blank
"DG(44:11),DG(43:4)_C18:0",DAG,1732.66011428833,1719.4001235961914,1896.040126800537,1828.5601425170898,1780.1001319885254,1787.9401359558105,1706.9801292419434,1719.7401161193848,1915.6001434326172,Group: B,Group: C,Group: B vs Group: C,4,4,Blank_Blank_Blank
"DG(44:11),DG(43:4)_C18:1",DAG,2022.6801376342773,1926.9601402282715,1995.080135345459,1931.0001373291016,2043.5001335144043,2009.820140838623,1921.700138092041,1982.8801383972168,2020.9401512145996,Group: B,Group: C,Group: B vs Group: C,4,4,Blank_Blank_Blank
"DG(44:11),DG(43:4)_C18:2",DAG,2445.1601905822754,2248.140151977539,2205.24015045166,2427.680164337158,2418.640182495117,2415.820156097412,2544.240177154541,2452.520179748535,2407.6401710510254,Group: B,Group: C,Group: B vs Group: C,4,4,Blank_Blank_Blank
"DG(44:12),DG(43:5)_C16:0",DAG,2169.0001640319824,1791.1201171875,1981.1801376342773,1776.4001159667969,1779.1401290893555,1871.2601203918457,1862.3601264953613,1888.5401306152344,1855.480125427246,Group: B,Group: C,Group: B vs Group: C,4,4,Blank_Blank_Blank
"DG(44:12),DG(43:5)_C16:1",DAG,2103.3601303100586,2028.3401489257812,2079.0601501464844,1959.2001152038574,2112.640151977539,2012.9001502990723,2188.840145111084,2037.4201393127441,2260.800151824951,Group: B,Group: C,Group: B vs Group: C,4,4,Blank_Blank_Blank
"DG(44:12),DG(43:5)_C18:0",DAG,1763.7401275634766,1899.9401397705078,1719.9201202392578,1876.1801300048828,1866.1001243591309,1900.1001358032227,2011.0201377868652,1809.1201133728027,1997.1001281738281,Group: B,Group: C,Group: B vs Group: C,4,4,Blank_Blank_Blank
"DG(44:12),DG(43:5)_C18:1",DAG,2039.9201316833496,1934.60013961792,1994.4801406860352,1911.8201332092285,1990.800121307373,1936.1401176452637,1917.9601211547852,2064.320140838623,1984.6001358032227,Group: B,Group: C,Group: B vs Group: C,4,4,Blank_Blank_Blank
"DG(44:12),DG(43:5)_C18:2",DAG,2318.980167388916,2191.2801551818848,2290.74015045166,2321.480178833008,2158.100154876709,2229.9401512145996,2434.860176086426,2326.8201789855957,2454.6801681518555,Group: B,Group: C,Group: B vs Group: C,4,4,Blank_Blank_Blank
DG(44:3)_C16:0,DAG,1775.200122833252,1729.2401123046875,1739.1001205444336,1723.0401153564453,1782.780117034912,1766.720127105713,1752.540126800537,1721.7001190185547,1719.420108795166,Group: B,Group: C,Group: B vs Group: C,4,4,Blank_Blank_Blank
DG(44:3)_C16:1,DAG,1947.5801315307617,1986.4201431274414,1937.940128326416,1926.7601356506348,2018.14013671875,1950.020133972168,1973.6001281738281,1927.160140991211,2017.6001319885254,Group: B,Group: C,Group: B vs Group: C,4,4,Blank_Blank_Blank
DG(44:3)_C18:0,DAG,1805.0401039123535,1749.6801261901855,1753.1801147460938,1751.5801086425781,1712.6001167297363,1780.5801277160645,1824.6401252746582,1788.1001167297363,1801.4801292419434,Group: B,Group: C,Group: B vs Group: C,4,4,Blank_Blank_Blank
DG(44:3)_C18:1,DAG,2132.7201499938965,1992.1401329040527,2007.7001342773438,2038.3601379394531,1922.0001335144043,2028.6601524353027,2036.5801391601562,1990.560146331787,1942.8401336669922,Group: B,Group: C,Group: B vs Group: C,4,4,Blank_Blank_Blank
DG(44:3)_C18:2,DAG,2332.640167236328,2246.640151977539,2349.1801681518555,2147.5401573181152,2274.1201705932617,2179.4201583862305,2262.6401748657227,2237.8001594543457,2202.620147705078,Group: B,Group: C,Group: B vs Group: C,4,4,Blank_Blank_Blank
DG(44:4)_C16:0,DAG,1793.6201210021973,1791.4801292419434,1722.560115814209,1717.3001136779785,1716.1601104736328,1745.500114440918,1724.6601257324219,1744.4601211547852,1745.5001220703125,Group: B,Group: C,Group: B vs Group: C,4,4,Blank_Blank_Blank
DG(44:4)_C16:1,DAG,1924.9201278686523,2004.860149383545,1926.3801307678223,1937.9401359558105,1942.8801307678223,1924.820125579834,1985.3601303100586,2009.5801391601562,1930.5601387023926,Group: B,Group: C,Group: B vs Group: C,4,4,Blank_Blank_Blank
DG(44:4)_C18:0,DAG,1742.140121459961,1722.940113067627,1726.240119934082,1752.5801086425781,1859.8801231384277,1804.6401176452637,1727.5801162719727,1711.5001029968262,1757.2201232910156,Group: B,Group: C,Group: B vs Group: C,4,4,Blank_Blank_Blank
DG(44:4)_C18:1,DAG,1937.68013381958,1995.1201210021973,1902.7601356506348,1911.1601333618164,1933.6201248168945,1968.9401321411133,1970.3401374816895,1981.2801322937012,1970.3401222229004,Group: B,Group: C,Group: B vs Group: C,4,4,Blank_Blank_Blank
DG(44:4)_C18:2,DAG,2442.4201850891113,2229.7201538085938,2278.9801483154297,2372.020175933838,2177.3001441955566,2233.1401443481445,2482.4601707458496,2291.520149230957,2384.1801567077637,Group: B,Group: C,Group: B vs Group: C,4,4,Blank_Blank_Blank
DG(44:5)_C16:0,DAG,1897.7401390075684,2129.3801498413086,1787.7601318359375,1902.8801345825195,1815.1601219177246,2062.5401344299316,1775.5401344299316,1874.740135192871,2055.360153198242,Group: B,Group: C,Group: B vs Group: C,4,4,Blank_Blank_Blank
DG(44:5)_C16:1,DAG,1940.3801460266113,1970.64013671875,1927.5601348876953,1997.1601295471191,1967.1201210021973,1950.9601364135742,2012.0801391601562,1941.5601272583008,1978.1401329040527,Group: B,Group: C,Group: B vs Group: C,4,4,Blank_Blank_Blank
DG(44:5)_C18:0,DAG,1746.3001289367676,1764.2401313781738,1730.4601135253906,1842.020118713379,1812.3201293945312,1881.480125427246,1707.2601356506348,1749.7801246643066,1847.4001235961914,Group: B,Group: C,Group: B vs Group: C,4,4,Blank_Blank_Blank
DG(44:5)_C18:1,DAG,2028.9001388549805,1932.000129699707,1934.480136871338,1920.7001304626465,1988.980136871338,2033.820140838623,1903.9201202392578,1926.2201347351074,1964.0601387023926,Group: B,Group: C,Group: B vs Group: C,4,4,Blank_Blank_Blank
DG(44:5)_C18:2,DAG,2642.3401794433594,2327.9601707458496,2329.3001594543457,2371.520179748535,2141.5201454162598,2262.400157928467,2172.7001571655273,2304.320167541504,2510.6201705932617,Group: B,Group: C,Group: B vs Group: C,4,4,Blank_Blank_Blank
DG(44:6)_C16:0,DAG,4871.600322723389,3704.520275115967,3254.480224609375,2631.260185241699,2498.680191040039,3914.220245361328,3009.000213623047,2411.120162963867,3974.80029296875,Group: B,Group: C,Group: B vs Group: C,4,4,Blank_Blank_Blank
DG(44:6)_C16:1,DAG,1926.1001281738281,1963.2001190185547,1955.300136566162,1926.1601295471191,1990.1201438903809,2018.9401359558105,1931.4001388549805,1980.2401313781738,1995.3401489257812,Group: B,Group: C,Group: B vs Group: C,4,4,Blank_Blank_Blank
DG(44:6)_C18:0,DAG,2123.0601501464844,2071.3601455688477,1930.2201347351074,1977.4601364135742,2250.9401626586914,2480.260185241699,2188.580135345459,1892.7001266479492,2233.20015335083,Group: B,Group: C,Group: B vs Group: C,4,4,Blank_Blank_Blank
DG(44:6)_C18:1,DAG,2100.4801330566406,1952.9001388549805,1919.4801216125488,2024.6801490783691,1910.6601486206055,1944.4201316833496,1982.6401176452637,1945.0401344299316,1989.980136871338,Group: B,Group: C,Group: B vs Group: C,4,4,Blank_Blank_Blank
DG(44:6)_C18:2,DAG,2321.7001762390137,2322.7001876831055,2424.380172729492,2558.540195465088,2297.18017578125,2306.880157470703,2179.6801528930664,2255.9801597595215,2412.460178375244,Group: B,Group: C,Group: B vs Group: C,4,4,Blank_Blank_Blank
"DG(44:7),DG(43:0)_C16:1",DAG,2119.620147705078,2085.140151977539,2047.580150604248,1967.6001281738281,1975.380142211914,2114.7601432800293,1999.5201377868652,1989.4401359558105,2196.12015914917,Group: B,Group: C,Group: B vs Group: C,4,4,Blank_Blank_Blank
"DG(44:7),DG(43:0)_C18:1",DAG,2212.880172729492,2059.480155944824,2182.6201362609863,2024.9801330566406,2170.58016204834,2287.700168609619,2151.6401405334473,2071.8201446533203,2096.5001487731934,Group: B,Group: C,Group: B vs Group: C,4,4,Blank_Blank_Blank
"DG(44:7),DG(43:0)_C18:2",DAG,2391.3001747131348,2250.2801628112793,2211.1201553344727,2287.8201599121094,2208.66015625,2258.20015335083,2245.4201622009277,2173.520133972168,2177.800151824951,Group: B,Group: C,Group: B vs Group: C,4,4,Blank_Blank_Blank
"DG(44:8),DG(43:1)_C18:2",DAG,2234.1401557922363,2331.0001831054688,2214.800151824951,2398.400161743164,2104.74015045166,2295.360153198242,2177.8401489257812,2507.200183868408,2305.3801498413086,Group: B,Group: C,Group: B vs Group: C,4,4,Blank_Blank_Blank
"DG(44:9),DG(43:2)_C16:0",DAG,1833.3401260375977,1738.6201248168945,2039.3601264953613,1848.5601272583008,1831.8201065063477,1846.4801445007324,1885.140121459961,1860.760139465332,1913.380126953125,Group: B,Group: C,Group: B vs Group: C,4,4,Blank_Blank_Blank
"DG(44:9),DG(43:2)_C16:1",DAG,1926.3201370239258,1958.6401405334473,1995.0601387023926,1953.580135345459,2242.2001571655273,1960.780128479004,2060.180149078369,2127.9401512145996,2038.2001304626465,Group: B,Group: C,Group: B vs Group: C,4,4,Blank_Blank_Blank
"DG(44:9),DG(43:2)_C18:0",DAG,1949.460132598877,1779.9201278686523,1859.1201171875,1884.5201225280762,1794.2001266479492,1857.3401184082031,1806.6401252746582,1820.640121459961,1773.2201309204102,Group: B,Group: C,Group: B vs Group: C,4,4,Blank_Blank_Blank
"DG(44:9),DG(43:2)_C18:1",DAG,1987.0601539611816,2034.0601425170898,2198.6401405334473,1912.000129699707,2160.06014251709,2257.3801651000977,2031.6601371765137,2142.3601684570312,2026.9201393127441,Group: B,Group: C,Group: B vs Group: C,4,4,Blank_Blank_Blank
"DG(44:9),DG(43:2)_C18:2",DAG,2479.9201850891113,2274.900177001953,2260.640151977539,2404.440158843994,2295.0601654052734,2909.4402084350586,2598.4201889038086,2398.4001693725586,2327.3601570129395,Group: B,Group: C,Group: B vs Group: C,4,4,Blank_Blank_Blank
"DG(O-38:8),DG(36:1)_C16:0",DAG,2298.720169067383,2139.3601417541504,2107.60013961792,1970.920124053955,1902.0201416015625,2435.9201698303223,2287.360164642334,1944.0201377868652,2407.7601737976074,Group: B,Group: C,Group: B vs Group: C,4,4,Blank_Blank_Blank
"DG(O-38:8),DG(36:1)_C16:1",DAG,2160.9801445007324,2134.6001625061035,1973.080135345459,2322.560157775879,2568.440174102783,2122.820152282715,2212.1201515197754,2349.6801719665527,2027.780128479004,Group: B,Group: C,Group: B vs Group: C,4,4,Blank_Blank_Blank
"DG(O-38:8),DG(36:1)_C18:0",DAG,3471.860237121582,2623.8401679992676,2652.360176086426,3747.7003440856934,2675.1401863098145,3653.0202713012695,3670.0402183532715,5379.400424957275,2031.4201469421387,Group: B,Group: C,Group: B vs Group: C,4,4,Blank_Blank_Blank
"DG(O-38:8),DG(36:1)_C18:1",DAG,5230.160430908203,3983.040267944336,5484.980304718018,3873.100311279297,4812.100341796875,5530.800365447998,5973.840347290039,6656.260440826416,3831.0002365112305,Group: B,Group: C,Group: B vs Group: C,4,4,Blank_Blank_Blank
"DG(O-38:8),DG(36:1)_C18:2",DAG,2799.8802032470703,2488.4601860046387,2291.5001640319824,2755.60018157959,2247.9601554870605,2356.6001625061035,2584.0001945495605,2446.7001609802246,2302.980178833008,Group: B,Group: C,Group: B vs Group: C,4,4,Blank_Blank_Blank
"DG(O-38:9),DG(36:2)_C16:0",DAG,2718.2401847839355,2306.2001571655273,2548.280158996582,2163.4801445007324,1966.2001266479492,2585.7001724243164,2384.0601768493652,2011.14013671875,2750.920192718506,Group: B,Group: C,Group: B vs Group: C,4,4,Blank_Blank_Blank
"DG(O-38:9),DG(36:2)_C16:1",DAG,1906.3201332092285,1951.920124053955,1980.1601371765137,2007.340145111084,2033.7801399230957,2225.7801628112793,2185.3001556396484,2091.60013961792,1938.3601341247559,Group: B,Group: C,Group: B vs Group: C,4,4,Blank_Blank_Blank
"DG(O-38:9),DG(36:2)_C18:0",DAG,6254.040523529053,3327.740219116211,3866.6402893066406,8146.2605056762695,3697.420253753662,7793.24059677124,3380.6802673339844,6071.900413513184,1826.8601303100586,Group: B,Group: C,Group: B vs Group: C,4,4,Blank_Blank_Blank
"DG(O-38:9),DG(36:2)_C18:1",DAG,36112.58211898804,20034.461380004883,33212.40151977539,21066.54123687744,30451.062252044678,36389.201679229736,47521.98304748535,74431.76643753052,2566.5601692199707,Group: B,Group: C,Group: B vs Group: C,4,4,Blank_Blank_Blank
"DG(O-38:9),DG(36:2)_C18:2",DAG,9210.42068862915,10733.620903015137,5792.340351104736,17237.12171936035,4564.96028137207,12154.120880126953,10342.120754241943,6458.100482940674,2931.0802040100098,Group: B,Group: C,Group: B vs Group: C,4,4,Blank_Blank_Blank
"DG(O-40:9),DG(38:2)_C16:0",DAG,1973.9001235961914,1775.3201217651367,1905.0601425170898,1733.3601188659668,1760.700122833252,2114.62015914917,1799.4001274108887,1749.4401206970215,1762.3001136779785,Group: B,Group: C,Group: B vs Group: C,4,4,Blank_Blank_Blank
"DG(O-40:9),DG(38:2)_C16:1",DAG,1926.0401420593262,2000.080135345459,1928.64013671875,1984.4001426696777,2010.3401336669922,2004.3401374816895,2112.1401329040527,1998.7801322937012,1938.220127105713,Group: B,Group: C,Group: B vs Group: C,4,4,Blank_Blank_Blank
"DG(O-40:9),DG(38:2)_C18:0",DAG,2176.20015335083,1897.0801315307617,1922.9801445007324,1837.4601364135742,2068.540138244629,2098.3201446533203,2044.460147857666,2310.3401641845703,2058.720146179199,Group: B,Group: C,Group: B vs Group: C,4,4,Blank_Blank_Blank
"DG(O-40:9),DG(38:2)_C18:1",DAG,3548.9402351379395,2354.5201721191406,2857.7402000427246,2414.7801666259766,2948.920207977295,3674.6602478027344,3173.7002029418945,4058.160316467285,2186.300148010254,Group: B,Group: C,Group: B vs Group: C,4,4,Blank_Blank_Blank
"DG(O-40:9),DG(38:2)_C18:2",DAG,5591.880359649658,4910.560390472412,4196.340286254883,7048.880500793457,3250.1602325439453,6134.500370025635,4565.520309448242,4010.500289916992,2391.3401641845703,Group: B,Group: C,Group: B vs Group: C,4,4,Blank_Blank_Blank
"DG(dO-38:9),DG(35:2)_C16:0",DAG,2084.5801429748535,1964.2601432800293,1745.6401176452637,1834.800136566162,1902.320140838623,1941.6001358032227,1860.9401321411133,1867.8401260375977,1910.2801208496094,Group: B,Group: C,Group: B vs Group: C,4,4,Blank_Blank_Blank
"DG(dO-38:9),DG(35:2)_C16:1",DAG,1945.2201385498047,1938.280128479004,1930.8401374816895,1945.820140838623,2014.420124053955,2100.0001373291016,2146.1601600646973,1980.0801162719727,1948.5601387023926,Group: B,Group: C,Group: B vs Group: C,4,4,Blank_Blank_Blank
"DG(dO-38:9),DG(35:2)_C18:0",DAG,1841.1001281738281,1864.320140838623,1723.6601257324219,1839.9001197814941,1791.2201232910156,1758.1001205444336,1858.9401397705078,1753.9401321411133,1816.800121307373,Group: B,Group: C,Group: B vs Group: C,4,4,Blank_Blank_Blank
"DG(dO-38:9),DG(35:2)_C18:1",DAG,2715.8401794433594,2131.720142364502,2451.000156402588,2035.5001335144043,2052.9001388549805,2481.4401817321777,2325.4601669311523,2646.440196990967,2033.2801322937012,Group: B,Group: C,Group: B vs Group: C,4,4,Blank_Blank_Blank
"DG(dO-38:9),DG(35:2)_C18:2",DAG,3317.7402572631836,3112.360237121582,2802.640193939209,3453.4802474975586,2391.7601737976074,3390.580249786377,3238.220203399658,3013.6402282714844,2838.340190887451,Group: B,Group: C,Group: B vs Group: C,4,4,Blank_Blank_Blank
FA(10:0) | FA(10:0),FA,86151.22662353516,135516.80841064453,86874.40612792969,61279.3645324707,67515.32446289062,80855.42498779297,109505.98779296875,116229.48846435547,67268.24438476562,Group: B,Group: C,Group: B vs Group: C,4,4,Blank_Blank_Blank
FA(10:1),FA,112376.00830078125,154614.52935791016,116256.80767822266,90362.54766845703,103990.0673828125,99946.28674316406,125326.13012695312,131264.80932617188,79815.0859375,Group: B,Group: C,Group: B vs Group: C,4,4,Blank_Blank_Blank
FA(10:2),FA,54741.68392944336,43368.7834777832,30836.922302246094,49612.703353881836,38880.742614746094,45716.18322753906,100209.92449951172,33512.92199707031,39247.883361816406,Group: B,Group: C,Group: B vs Group: C,4,4,Blank_Blank_Blank
FA(10:3),FA,422095.5489501953,223637.97583007812,72894.14514160156,409321.74212646484,448292.4359741211,258328.71807861328,1036732.6171875,177112.41455078125,266581.8589477539,Group: B,Group: C,Group: B vs Group: C,4,4,Blank_Blank_Blank
FA(10:4),FA,437286.2938232422,486623.65759277344,219277.09313964844,327954.9832763672,191963.97436523438,210315.4139404297,468548.9562988281,292890.2214355469,202643.0341796875,Group: B,Group: C,Group: B vs Group: C,4,4,Blank_Blank_Blank
FA(10:5),FA,379791.78579711914,394905.74517822266,90066.40692138672,292569.4000854492,73817.38488769531,116977.80908203125,421090.4873046875,143976.310546875,124404.22937011719,Group: B,Group: C,Group: B vs Group: C,4,4,Blank_Blank_Blank
FA(10:6),FA,202393.61291503906,207580.0346069336,249302.61834716797,115845.36856079102,194719.5323486328,325666.82385253906,255140.1973876953,178043.93212890625,106712.76696777344,Group: B,Group: C,Group: B vs Group: C,4,4,Blank_Blank_Blank
FA(11:0),FA,65101.804626464844,71784.22485351562,58680.10412597656,46297.883544921875,72821.74487304688,72904.0251159668,61798.30432128906,60802.22399902344,54637.8837890625,Group: B,Group: C,Group: B vs Group: C,4,4,Blank_Blank_Blank
FA(11:1),FA,134885.34838867188,153373.33044433594,138825.15014648438,112049.68798828125,247601.9580078125,222249.6961669922,132093.4903564453,119402.54858398438,101554.00646972656,Group: B,Group: C,Group: B vs Group: C,4,4,Blank_Blank_Blank
FA(11:2),FA,283973.359375,293234.96002197266,271363.8376464844,298597.19958496094,555724.1142578125,572475.7993164062,289417.52001953125,147425.45080566406,151429.0498046875,Group: B,Group: C,Group: B vs Group: C,4,4,Blank_Blank_Blank
FA(11:6),FA,998814.5041503906,1264186.7944335938,630588.9821777344,681733.9035644531,586481.6088867188,547208.0197753906,974622.1490478516,1182785.2758789062,610018.3891601562,Group: B,Group: C,Group: B vs Group: C,4,4,Blank_Blank_Blank
FA(12:0),FA,92221.24597167969,99098.6880493164,68742.28448486328,68417.50512695312,68402.34436035156,74317.40588378906,103919.24731445312,116778.70776367188,63428.92449951172,Group: B,Group: C,Group: B vs Group: C,4,4,Blank_Blank_Blank
FA(12:1),FA,277139.3200683594,305438.1799316406,231654.35546875,201413.7138671875,214311.83520507812,221596.89721679688,246214.87854003906,272827.5166015625,63947.4248046875,Group: B,Group: C,Group: B vs Group: C,4,4,Blank_Blank_Blank
FA(12:2),FA,55446.323791503906,53180.423583984375,58021.024169921875,31183.22198486328,52090.92321777344,52394.263671875,53691.363677978516,49551.18359375,44023.34338378906,Group: B,Group: C,Group: B vs Group: C,4,4,Blank_Blank_Blank
FA(12:4),FA,72899.205078125,67140.66513061523,71380.84497070312,60227.80401611328,53235.32385253906,69545.66534423828,79028.12609863281,60197.28399658203,79998.92553710938,Group: B,Group: C,Group: B vs Group: C,4,4,Blank_Blank_Blank
FA(12:5),FA,60317.724609375,68728.24517822266,44924.72332763672,46219.40328979492,42272.343017578125,44137.24328613281,60310.724060058594,85018.52667236328,37399.58248901367,Group: B,Group: C,Group: B vs Group: C,4,4,Blank_Blank_Blank
FA(12:6),FA,102949.26745605469,126558.14807128906,105114.78787231445,69731.72497558594,88488.9860534668,96316.24713134766,109174.28820800781,112492.02770996094,83656.48617553711,Group: B,Group: C,Group: B vs Group: C,4,4,Blank_Blank_Blank
FA(13:0) | FA(14:7),FA,187169.0126953125,222094.49798583984,152711.50939941406,132857.69018554688,150389.69018554688,142841.0498046875,183836.93200683594,171506.6915283203,143156.14923095703,Group: B,Group: C,Group: B vs Group: C,4,4,Blank_Blank_Blank
FA(13:0) | FA(14:7)_2,FA,190690.11279296875,220807.49487304688,153276.7290649414,128833.04870605469,152104.0509033203,141923.76977539062,173816.291015625,166438.2509765625,139653.36975097656,Group: B,Group: C,Group: B vs Group: C,4,4,Blank_Blank_Blank
FA(13:1),FA,238402.09765625,277017.7824707031,60251.18438720703,227197.83764648438,64386.36492919922,62020.18408203125,256573.49853515625,237761.1378173828,69181.90466308594,Group: B,Group: C,Group: B vs Group: C,4,4,Blank_Blank_Blank
FA(13:2),FA,72405.50537109375,80397.32501220703,55388.884033203125,46742.202880859375,52847.143493652344,58669.22393798828,66626.54473876953,64494.00500488281,62114.284240722656,Group: B,Group: C,Group: B vs Group: C,4,4,Blank_Blank_Blank
FA(14:0),FA,114499.88806152344,113265.74877929688,114573.70880126953,81502.14685058594,108880.68786621094,126082.18981933594,127631.80822753906,104007.66711425781,75899.62548828125,Group: B,Group: C,Group: B vs Group: C,4,4,Blank_Blank_Blank
FA(14:1),FA,299644.416015625,124443.22863769531,98144.466796875,318296.12634277344,144468.09106445312,184399.57250976562,297511.3200683594,146715.3702392578,98207.28784179688,Group: B,Group: C,Group: B vs Group: C,4,4,Blank_Blank_Blank
FA(14:2),FA,1519645.4305419922,467828.154296875,223880.29467773438,1970528.4403076172,573589.5815429688,699686.203125,1716504.7836914062,576908.4252929688,708288.3781738281,Group: B,Group: C,Group: B vs Group: C,4,4,Blank_Blank_Blank
FA(14:4),FA,189071.853515625,152931.59121704102,80951.36611938477,172297.71069335938,102566.88732910156,93823.607421875,244827.85693359375,383733.80627441406,62819.00408935547,Group: B,Group: C,Group: B vs Group: C,4,4,Blank_Blank_Blank
FA(14:5),FA,199631.61474609375,146348.71057128906,94140.58679199219,165596.1915283203,120864.0283203125,120339.82934570312,174808.75268554688,118076.82836914062,72728.24530029297,Group: B,Group: C,Group: B vs Group: C,4,4,Blank_Blank_Blank
FA(14:6),FA,439660.75341796875,273807.63720703125,107476.36779785156,381246.7619628906,102915.02685546875,112412.14813232422,380647.4089355469,162033.47033691406,94951.10638427734,Group: B,Group: C,Group: B vs Group: C,4,4,Blank_Blank_Blank
FA(15:0) | FA(16:7),FA,738930.4152832031,742590.931640625,533466.6372070312,652370.2475585938,467606.81689453125,509149.2177734375,705623.1469726562,557703.521484375,195959.6728515625,Group: B,Group: C,Group: B vs Group: C,4,4,Blank_Blank_Blank
FA(15:0) | FA(16:7)_2,FA,685467.8449707031,619460.4067382812,523463.7766113281,637350.2023925781,443115.49462890625,492888.73876953125,686708.5693359375,531755.5361328125,204789.1513671875,Group: B,Group: C,Group: B vs Group: C,4,4,Blank_Blank_Blank
FA(15:1),FA,809285.4131469727,215130.9140625,125106.92895507812,1467095.617980957,498634.6114501953,368726.4836425781,1327526.3353271484,210583.1534423828,356990.0810546875,Group: B,Group: C,Group: B vs Group: C,4,4,Blank_Blank_Blank
FA(15:2),FA,43249.48324584961,66676.923828125,54351.10385131836,29613.10221862793,42273.403259277344,53092.72412109375,52584.14385986328,55050.903869628906,40670.042907714844,Group: B,Group: C,Group: B vs Group: C,4,4,Blank_Blank_Blank
FA(15:3),FA,41029.76303100586,53037.94305419922,52474.64358520508,28400.80206298828,53002.52374267578,53383.82385253906,42078.823181152344,43964.322814941406,37443.12255859375,Group: B,Group: C,Group: B vs Group: C,4,4,Blank_Blank_Blank
FA(15:5),FA,54278.564453125,67527.98431396484,68980.28442382812,36617.88269042969,59622.86376953125,61313.144439697266,50328.12341308594,61298.803955078125,48497.843322753906,Group: B,Group: C,Group: B vs Group: C,4,4,Blank_Blank_Blank
FA(15:6),FA,66516.34490966797,77325.70526123047,73828.66455078125,47746.02362060547,61963.024353027344,68731.10510253906,68114.52529907227,63742.24465942383,46515.003173828125,Group: B,Group: C,Group: B vs Group: C,4,4,Blank_Blank_Blank
FA(16:0),FA,645215.8686523438,526763.4384765625,726291.41796875,488801.654296875,726528.2099609375,850370.8608398438,1373935.6420898438,532348.6606445312,656644.7001953125,Group: B,Group: C,Group: B vs Group: C,4,4,Blank_Blank_Blank
FA(16:1),FA,127697.53045654297,102101.10705566406,129498.64953613281,99549.1470336914,148014.97283935547,187619.3741455078,357267.84375,106002.50744628906,92734.7261352539,Group: B,Group: C,Group: B vs Group: C,4,4,Blank_Blank_Blank
FA(16:2),FA,57397.283752441406,65832.24499511719,62486.98406982422,40328.10299682617,59182.66375732422,61911.663818359375,71245.70446777344,56619.463928222656,60013.34411621094,Group: B,Group: C,Group: B vs Group: C,4,4,Blank_Blank_Blank
FA(16:3),FA,2231531.12890625,2487696.7060546875,2335344.6938476562,1634581.759765625,1813361.646484375,2090874.4013671875,2243274.572265625,2361810.416015625,2087672.783203125,Group: B,Group: C,Group: B vs Group: C,4,4,Blank_Blank_Blank
FA(16:4),FA,49295.72351074219,61957.104553222656,56543.144287109375,42030.60250854492,79825.02557373047,72183.58477783203,58402.82409667969,55602.68420410156,55413.00439453125,Group: B,Group: C,Group: B vs Group: C,4,4,Blank_Blank_Blank
FA(16:5),FA,56553.94366455078,64689.384521484375,66772.54473876953,43066.14352416992,75126.84564208984,73739.40545654297,68825.96484375,202844.43359375,56505.084075927734,Group: B,Group: C,Group: B vs Group: C,4,4,Blank_Blank_Blank
FA(16:6),FA,130507.94982910156,135869.9501953125,120946.46862792969,91454.48693847656,114374.30822753906,123490.66796875,145311.8104248047,121891.42846679688,105269.04895019531,Group: B,Group: C,Group: B vs Group: C,4,4,Blank_Blank_Blank
FA(17:0) | FA(18:7),FA,122381.86889648438,131806.830078125,141816.91088867188,85090.48681640625,129239.87097167969,151127.57080078125,150093.05017089844,103711.78759765625,139069.00830078125,Group: B,Group: C,Group: B vs Group: C,4,4,Blank_Blank_Blank
FA(17:0) | FA(18:7)_2,FA,131161.59008789062,123652.1279296875,144682.8104248047,87491.38684082031,138541.34826660156,154979.7313232422,153061.65100097656,113109.10778808594,149549.970703125,Group: B,Group: C,Group: B vs Group: C,4,4,Blank_Blank_Blank
FA(17:1),FA,104903.74719238281,97792.14666748047,106686.12762451172,70598.48419189453,104452.7671508789,119849.3486328125,121682.12683105469,77914.66479492188,92384.18621826172,Group: B,Group: C,Group: B vs Group: C,4,4,Blank_Blank_Blank
FA(17:2),FA,601045.2211914062,742510.9765625,773744.7990722656,370202.58740234375,568478.8205566406,743811.0087890625,718142.111328125,573753.478515625,649176.7104492188,Group: B,Group: C,Group: B vs Group: C,4,4,Blank_Blank_Blank
FA(17:3),FA,94913.26721191406,99407.42724609375,94047.44720458984,61025.94421386719,78901.56576538086,88451.10620117188,104559.00811767578,71878.04510498047,87797.98565673828,Group: B,Group: C,Group: B vs Group: C,4,4,Blank_Blank_Blank
FA(17:4),FA,57550.20440673828,68250.10498046875,60771.14453125,39119.80239868164,51192.12414550781,57982.624084472656,62895.24450683594,54964.14367675781,58374.50436401367,Group: B,Group: C,Group: B vs Group: C,4,4,Blank_Blank_Blank
FA(17:6),FA,81475.84649658203,75464.10498046875,74721.8256225586,64163.1650390625,92025.92669677734,86906.84619140625,116860.08972167969,76559.4849243164,102428.16735839844,Group: B,Group: C,Group: B vs Group: C,4,4,Blank_Blank_Blank
FA(18:0),FA,754406.6171875,764491.0615234375,884605.8779296875,497993.17041015625,781741.4174804688,927210.583984375,706199.626953125,719263.7861328125,659511.890625,Group: B,Group: C,Group: B vs Group: C,4,4,Blank_Blank_Blank
FA(18:1),FA,661384.3684082031,523048.296875,594474.6875,617650.2280273438,896892.3129882812,1471063.326171875,535601.51953125,1104768.5610351562,268179.5217285156,Group: B,Group: C,Group: B vs Group: C,4,4,Blank_Blank_Blank
FA(18:2),FA,660572.5200195312,503097.5051269531,611825.6506347656,927153.3852539062,976137.0908203125,1511145.6213378906,2239549.3139648438,841269.6342773438,205544.7752685547,Group: B,Group: C,Group: B vs Group: C,4,4,Blank_Blank_Blank
FA(18:3),FA,134410.40942382812,96881.78643798828,133264.5902709961,130452.76934814453,173872.25073242188,222037.2963256836,284330.23291015625,142512.2080078125,70821.52520751953,Group: B,Group: C,Group: B vs Group: C,4,4,Blank_Blank_Blank
FA(18:4),FA,56357.383361816406,60429.224365234375,64220.625,42011.762603759766,55748.963928222656,62651.78479003906,68374.84518432617,54226.983825683594,53134.68374633789,Group: B,Group: C,Group: B vs Group: C,4,4,Blank_Blank_Blank
FA(18:5),FA,89305.88647460938,97701.94750976562,93600.50653076172,64045.584381103516,85538.52600097656,94197.14624023438,98389.32791137695,92786.94653320312,66884.30514526367,Group: B,Group: C,Group: B vs Group: C,4,4,Blank_Blank_Blank
FA(18:6),FA,117884.62829589844,112304.20776367188,124544.34887695312,78978.56573486328,120384.66821289062,137919.91052246094,142710.42950439453,111223.90869140625,129037.76983642578,Group: B,Group: C,Group: B vs Group: C,4,4,Blank_Blank_Blank
FA(19:0),FA,2315974.2802734375,2776627.404296875,2746381.5639648438,1702666.3310546875,2072931.62109375,2706785.2197265625,2306251.8505859375,2250048.96875,1992892.88671875,Group: B,Group: C,Group: B vs Group: C,4,4,Blank_Blank_Blank
FA(19:1),FA,149600.87084960938,154604.43060302734,167175.8501586914,92956.98699951172,138982.40881347656,170099.4725341797,115467.54846191406,135299.7696533203,121602.1484375,Group: B,Group: C,Group: B vs Group: C,4,4,Blank_Blank_Blank
FA(19:2),FA,476079.44970703125,572148.5578613281,665926.1489257812,283246.3410644531,476502.9938964844,645793.6870117188,491555.416015625,454300.02783203125,469164.25,Group: B,Group: C,Group: B vs Group: C,4,4,Blank_Blank_Blank
FA(19:4),FA,248042.2998046875,289031.0186767578,313366.09844970703,99841.18719482422,239399.4764404297,289725.2775878906,264655.15380859375,210995.89624023438,293226.3605957031,Group: B,Group: C,Group: B vs Group: C,4,4,Blank_Blank_Blank
FA(19:5),FA,90125.7055053711,94100.30673217773,92971.9267578125,53990.34387207031,77395.26531982422,89117.52673339844,73815.3056640625,85697.68566894531,94303.02716064453,Group: B,Group: C,Group: B vs Group: C,4,4,Blank_Blank_Blank
FA(19:6),FA,162091.97229003906,182587.71313476562,189906.2339477539,113597.00885009766,160001.9521484375,183751.41235351562,146731.4490966797,147202.51171875,188139.77209472656,Group: B,Group: C,Group: B vs Group: C,4,4,Blank_Blank_Blank
FA(20:0),FA,6571321.9453125,8087654.220703125,8211944.4990234375,4345354.921875,5943796.9375,7764535.8515625,6955329.662109375,6427418.0859375,6281187.265625,Group: B,Group: C,Group: B vs Group: C,4,4,Blank_Blank_Blank
FA(20:1),FA,203307.27575683594,230288.95556640625,241498.5771484375,137423.58923339844,217313.31518554688,269272.4201660156,190876.0341796875,204310.974609375,169722.55224609375,Group: B,Group: C,Group: B vs Group: C,4,4,Blank_Blank_Blank
FA(20:2),FA,137854.70861816406,148490.23046875,151847.8505859375,101639.1880493164,133479.6298828125,179242.05444335938,126359.02941894531,119955.22802734375,138493.5682373047,Group: B,Group: C,Group: B vs Group: C,4,4,Blank_Blank_Blank
FA(20:3),FA,191228.2344970703,155273.11108398438,171068.0526123047,143538.2696533203,146401.21142578125,293517.5656738281,134998.1287841797,165418.79064941406,115523.02819824219,Group: B,Group: C,Group: B vs Group: C,4,4,Blank_Blank_Blank
FA(20:4),FA,688811.8908691406,287697.64013671875,448236.7629394531,542373.687286377,383027.2872314453,1067809.0064697266,216151.29705810547,351055.4143676758,69211.10540771484,Group: B,Group: C,Group: B vs Group: C,4,4,Blank_Blank_Blank
FA(20:5),FA,209788.65258789062,167191.51000976562,189345.2744140625,190220.7331237793,251716.25341796875,296359.3408203125,146151.48901367188,170565.8321533203,121208.64904785156,Group: B,Group: C,Group: B vs Group: C,4,4,Blank_Blank_Blank
FA(20:6),FA,297578.4169921875,311719.6994628906,347369.68713378906,248930.77893066406,286724.6013183594,338135.640625,269471.4982910156,251557.09814453125,334103.0441894531,Group: B,Group: C,Group: B vs Group: C,4,4,Blank_Blank_Blank
FA(21:0),FA,5168671.0859375,6027373.4150390625,6411859.42578125,3470156.28125,4614435.5703125,6057908.890625,5459239.5224609375,5078960.34765625,5047541.40234375,Group: B,Group: C,Group: B vs Group: C,4,4,Blank_Blank_Blank
FA(21:1),FA,150387.35009765625,156848.91119384766,173143.3328857422,85048.20654296875,142562.0107421875,167057.79150390625,143835.8291015625,126039.84887695312,128863.06848144531,Group: B,Group: C,Group: B vs Group: C,4,4,Blank_Blank_Blank
FA(21:2),FA,167712.93029785156,183022.05151367188,197928.55615234375,94882.54663085938,153329.5916748047,192870.0125732422,149613.65087890625,150869.26928710938,165656.87084960938,Group: B,Group: C,Group: B vs Group: C,4,4,Blank_Blank_Blank
FA(21:3),FA,82735.12623596191,94807.10723876953,102770.52746582031,56592.163818359375,88552.04577636719,108487.92797851562,82907.78649902344,81900.46551513672,74508.86572265625,Group: B,Group: C,Group: B vs Group: C,4,4,Blank_Blank_Blank
FA(21:5),FA,252939.37756347656,231872.27734375,233121.39477539062,245340.0382080078,216641.85571289062,243816.65576171875,195496.65454101562,206213.55322265625,172318.6131591797,Group: B,Group: C,Group: B vs Group: C,4,4,Blank_Blank_Blank
FA(22:0),FA,1600768.984375,1862360.9912109375,1996064.23828125,1007010.4921875,1461295.833984375,1920999.86328125,1665999.96875,1580074.8515625,1521133.470703125,Group: B,Group: C,Group: B vs Group: C,4,4,Blank_Blank_Blank
FA(22:1),FA,113251.60778808594,112473.30737304688,135497.9097290039,71545.08428955078,109068.10754394531,136998.30920410156,97340.32653808594,107438.30712890625,127298.96960449219,Group: B,Group: C,Group: B vs Group: C,4,4,Blank_Blank_Blank
FA(22:2),FA,69500.38488769531,67285.96502685547,84116.48611450195,44360.34353637695,69123.06463623047,82273.48638916016,62106.4443359375,63242.264404296875,77952.00506591797,Group: B,Group: C,Group: B vs Group: C,4,4,Blank_Blank_Blank
FA(22:3),FA,84097.2865600586,81156.12609863281,90541.7470703125,52641.723571777344,82769.02563476562,89770.80560302734,70644.88525390625,79566.34503173828,88220.76550292969,Group: B,Group: C,Group: B vs Group: C,4,4,Blank_Blank_Blank
FA(22:4),FA,112466.66705322266,103617.94812011719,120637.68872070312,77674.70587158203,95997.34796142578,174087.93041992188,83780.46630859375,95541.20629882812,98633.42724609375,Group: B,Group: C,Group: B vs Group: C,4,4,Blank_Blank_Blank
FA(22:5),FA,215636.03173828125,174010.4130859375,221284.45458984375,177486.3701171875,167588.2119140625,356059.54736328125,156444.97119140625,178965.6309814453,136121.78930664062,Group: B,Group: C,Group: B vs Group: C,4,4,Blank_Blank_Blank
FA(22:6),FA,556098.2546386719,628292.2260742188,790782.3935546875,422040.07080078125,539224.5197753906,1258491.90234375,615172.3217773438,638165.8374023438,464722.1701660156,Group: B,Group: C,Group: B vs Group: C,4,4,Blank_Blank_Blank
FA(22:7),FA,5187050.005859375,5950215.5517578125,6554437.4970703125,3566127.5234375,4650135.25390625,6098949.197265625,5643619.29296875,5096103.90234375,4970360.34765625,Group: B,Group: C,Group: B vs Group: C,4,4,Blank_Blank_Blank
FA(23:0),FA,130890.46936035156,169072.31176757812,179032.47241210938,86125.4859008789,137168.96899414062,173415.55334472656,133320.20874023438,186281.7928466797,132571.06982421875,Group: B,Group: C,Group: B vs Group: C,4,4,Blank_Blank_Blank
FA(23:1),FA,83774.48620605469,101084.4462890625,107900.84741210938,54511.48400878906,84812.52655029297,103495.18789672852,82045.72644042969,84957.94659423828,81219.5859375,Group: B,Group: C,Group: B vs Group: C,4,4,Blank_Blank_Blank
FA(23:6),FA,227330.3349609375,241580.33618164062,265608.34033203125,130780.98852539062,204012.47338867188,254580.5772705078,210189.17504882812,237251.95751953125,201541.9736328125,Group: B,Group: C,Group: B vs Group: C,4,4,Blank_Blank_Blank
FA(24:0),FA,127193.62817382812,166446.95166015625,204973.49389648438,84107.3666381836,158119.2919921875,206591.13500976562,137960.810546875,129243.17041015625,150362.8927001953,Group: B,Group: C,Group: B vs Group: C,4,4,Blank_Blank_Blank
FA(24:1),FA,63156.80456542969,83820.58654785156,94603.5269165039,45720.76287841797,75554.96594238281,86962.00561523438,61894.72528076172,63129.14440917969,66724.96466064453,Group: B,Group: C,Group: B vs Group: C,4,4,Blank_Blank_Blank
FA(24:10),FA,138367.8887939453,156696.9482421875,184249.0555419922,93367.88696289062,218095.2752685547,227004.63623046875,147512.8309326172,114886.62780761719,121248.46865844727,Group: B,Group: C,Group: B vs Group: C,4,4,Blank_Blank_Blank
FA(24:12),FA,105876.16711425781,115828.748046875,126053.18859863281,71250.34497070312,100001.08703613281,117104.92791748047,96997.42687988281,111046.74792480469,103298.60632324219,Group: B,Group: C,Group: B vs Group: C,4,4,Blank_Blank_Blank
FA(24:2),FA,50362.18280029297,67787.3645324707,77306.10623168945,35225.80261230469,49578.42352294922,72978.96508789062,49121.84329223633,50976.90350341797,54185.103759765625,Group: B,Group: C,Group: B vs Group: C,4,4,Blank_Blank_Blank
FA(24:3),FA,72469.98419189453,98030.94616699219,107428.34759521484,50839.30337524414,74106.24444580078,92319.3062133789,74639.66516113281,70804.52502441406,71773.46533203125,Group: B,Group: C,Group: B vs Group: C,4,4,Blank_Blank_Blank
FA(24:4),FA,64590.884704589844,96516.04754638672,102692.80773925781,56242.24346923828,80971.06573486328,88187.10632324219,68639.50494384766,68238.60418701172,71455.36505126953,Group: B,Group: C,Group: B vs Group: C,4,4,Blank_Blank_Blank
FA(24:5),FA,108997.78759765625,164153.25036621094,170535.5499267578,85821.08612060547,116188.80944824219,156741.71069335938,112555.02758789062,145598.35076904297,106806.52819824219,Group: B,Group: C,Group: B vs Group: C,4,4,Blank_Blank_Blank
FA(24:6),FA,110640.46765136719,143682.51232910156,151576.6514892578,82044.96575927734,101256.74694824219,144631.6104736328,110684.28698730469,627463.7952880859,102543.80627441406,Group: B,Group: C,Group: B vs Group: C,4,4,Blank_Blank_Blank
FA(24:7),FA,139263.36889648438,173191.93188476562,192792.01171875,88177.36669921875,145403.4512939453,177837.77307128906,141548.26892089844,185721.37268066406,136811.8895263672,Group: B,Group: C,Group: B vs Group: C,4,4,Blank_Blank_Blank
FA(25:0),FA,82230.12548828125,109951.98748779297,117464.60809326172,59669.883850097656,96240.86730957031,114281.30712890625,85756.80603027344,152110.4708251953,101170.36669921875,Group: B,Group: C,Group: B vs Group: C,4,4,Blank_Blank_Blank
FA(25:1),FA,100965.02795410156,115790.80889892578,138304.4288330078,70077.70489501953,116338.38781738281,132963.708984375,103173.86791992188,111983.36840820312,107272.10754394531,Group: B,Group: C,Group: B vs Group: C,4,4,Blank_Blank_Blank
FA(25:4),FA,95530.26647949219,138952.47143554688,118225.68762207031,76967.88583374023,89569.60681152344,97268.86682128906,98579.46704101562,100361.58679199219,98255.42657470703,Group: B,Group: C,Group: B vs Group: C,4,4,Blank_Blank_Blank
FA(26:0),FA,103469.94738769531,124273.94848632812,142449.05004882812,68312.8046875,110931.52770996094,135338.54956054688,105726.40710449219,114402.96801757812,100115.36682128906,Group: B,Group: C,Group: B vs Group: C,4,4,Blank_Blank_Blank
FA(26:1),FA,121000.01025390625,145374.8897705078,155834.37075805664,72400.06512451172,124980.78942871094,140646.0489501953,132231.34912109375,123855.94873046875,121017.12829589844,Group: B,Group: C,Group: B vs Group: C,4,4,Blank_Blank_Blank
FA(26:2),FA,86420.46618652344,102983.36743164062,94155.74645996094,49149.343353271484,72668.06506347656,85043.32531738281,90879.12609863281,82276.56640625,72105.78479003906,Group: B,Group: C,Group: B vs Group: C,4,4,Blank_Blank_Blank
FA(26:3),FA,71011.52471923828,87331.90661621094,85716.38671875,44506.44366455078,65081.46487426758,75546.38464355469,72543.86462402344,71479.66571044922,68566.18487548828,Group: B,Group: C,Group: B vs Group: C,4,4,Blank_Blank_Blank
FA(26:4),FA,77757.54486083984,89970.2260131836,95117.70751953125,48287.08349609375,73711.16494750977,90027.64678955078,70636.44525146484,71106.64538574219,77072.84539794922,Group: B,Group: C,Group: B vs Group: C,4,4,Blank_Blank_Blank
FA(26:5),FA,73382.44580078125,86311.12670898438,90461.8462524414,50163.42413330078,71235.66534423828,80652.04528808594,77989.865234375,113120.10809326172,67896.18481445312,Group: B,Group: C,Group: B vs Group: C,4,4,Blank_Blank_Blank
FA(26:6),FA,108267.607421875,125373.34948730469,139677.24798583984,71734.5845336914,98584.10607910156,126535.94934082031,123508.208984375,524408.2153320312,103666.80700683594,Group: B,Group: C,Group: B vs Group: C,4,4,Blank_Blank_Blank
FA(27:0) | FA(28:7),FA,146034.1102294922,188012.0538330078,193885.83544921875,89890.66650390625,161559.27087402344,139193.79040527344,145425.16857910156,144709.69171142578,165694.5711669922,Group: B,Group: C,Group: B vs Group: C,4,4,Blank_Blank_Blank
FA(27:0) | FA(28:7)_2,FA,128680.64892578125,165732.47229003906,168896.57196044922,79784.34545898438,142314.3497314453,139746.72985839844,123472.62866210938,130045.86962890625,146670.33068847656,Group: B,Group: C,Group: B vs Group: C,4,4,Blank_Blank_Blank
FA(27:1),FA,62051.504455566406,81980.30651855469,81543.98608398438,41957.90313720703,61861.723876953125,68941.34436035156,61235.28433227539,65253.14453125,63923.624938964844,Group: B,Group: C,Group: B vs Group: C,4,4,Blank_Blank_Blank
FA(27:2),FA,60808.90451049805,84619.2265625,77000.94500732422,39195.703125,66414.04455566406,76148.42486572266,62008.924377441406,63249.44451904297,69924.8843383789,Group: B,Group: C,Group: B vs Group: C,4,4,Blank_Blank_Blank
FA(27:3),FA,106847.0073852539,132380.34924316406,147263.509765625,65367.484924316406,110887.78723144531,129636.56896972656,109999.50708007812,105249.92761230469,104769.26806640625,Group: B,Group: C,Group: B vs Group: C,4,4,Blank_Blank_Blank
FA(27:4),FA,78848.1859741211,99007.96618652344,98946.4066772461,51971.90350341797,74245.544921875,92376.66595458984,80140.32543945312,82466.48510742188,69388.94470214844,Group: B,Group: C,Group: B vs Group: C,4,4,Blank_Blank_Blank
FA(28:0),FA,68204.70529174805,90827.7470703125,85868.46551513672,48789.243225097656,80696.02502441406,86276.84655761719,67629.5650024414,76498.70526123047,66779.32537841797,Group: B,Group: C,Group: B vs Group: C,4,4,Blank_Blank_Blank
FA(28:1),FA,284066.52197265625,273438.3203125,155710.58984375,227269.89794921875,112601.18817138672,197126.35522460938,330513.3825683594,337299.5251464844,227471.47662353516,Group: B,Group: C,Group: B vs Group: C,4,4,Blank_Blank_Blank
FA(28:2),FA,55849.50341796875,67157.90460205078,67888.28475952148,36926.202728271484,54205.78451538086,57730.4641418457,57401.88446044922,53836.34393310547,54369.98388671875,Group: B,Group: C,Group: B vs Group: C,4,4,Blank_Blank_Blank
FA(28:3),FA,59322.84436035156,75803.66561889648,81296.32629394531,42930.043212890625,63563.485290527344,68955.14514160156,62252.384521484375,61670.704528808594,71863.14501953125,Group: B,Group: C,Group: B vs Group: C,4,4,Blank_Blank_Blank
FA(28:4),FA,50507.06384277344,69838.06506347656,76243.18572998047,35836.202697753906,60536.6237487793,61987.604431152344,57008.123779296875,54422.20397949219,58194.043884277344,Group: B,Group: C,Group: B vs Group: C,4,4,Blank_Blank_Blank
FA(28:5),FA,55059.80334472656,72262.3251953125,69433.12466430664,37238.48257446289,51490.00402832031,59050.124450683594,57833.124267578125,63628.52478027344,57203.26477050781,Group: B,Group: C,Group: B vs Group: C,4,4,Blank_Blank_Blank
FA(28:6),FA,107953.88684082031,141490.67083740234,138550.66857910156,80581.36511230469,113068.94738769531,120242.70892333984,119193.52899169922,122620.1494140625,118014.06958007812,Group: B,Group: C,Group: B vs Group: C,4,4,Blank_Blank_Blank
FA(29:0),FA,1068307.5279541016,1060020.9743652344,207469.45471191406,870844.2077636719,106524.22802734375,126677.08959960938,1427656.8713378906,1369711.6684570312,248397.51513671875,Group: B,Group: C,Group: B vs Group: C,4,4,Blank_Blank_Blank
FA(29:1),FA,48091.30389404297,69921.78515625,62460.42431640625,41342.962890625,52075.22375488281,50284.683654785156,58354.683654785156,55077.804443359375,48553.08334350586,Group: B,Group: C,Group: B vs Group: C,4,4,Blank_Blank_Blank
FA(29:2),FA,164151.09204101562,218352.55590820312,127971.04962158203,115458.84771728516,75191.66442871094,88681.90625,205666.55322265625,218842.5350341797,134127.31115722656,Group: B,Group: C,Group: B vs Group: C,4,4,Blank_Blank_Blank
FA(29:3),FA,78250.525390625,87544.42565917969,93984.78631591797,46994.92364501953,63709.38446044922,105589.52746582031,70042.06530761719,75304.00476074219,79099.48498535156,Group: B,Group: C,Group: B vs Group: C,4,4,Blank_Blank_Blank
FA(2:0),FA,17828.161346435547,24527.141693115234,25806.142120361328,13579.560897827148,18425.561431884766,20865.34146118164,21491.58169555664,21305.64128112793,23426.16180419922,Group: B,Group: C,Group: B vs Group: C,4,4,Blank_Blank_Blank
FA(30:1),FA,42016.48306274414,52680.4836730957,62035.52404785156,29815.381805419922,49049.22329711914,53129.04425048828,45418.123291015625,45670.84329223633,41370.62322998047,Group: B,Group: C,Group: B vs Group: C,4,4,Blank_Blank_Blank
FA(30:2),FA,46295.14294433594,52612.28369140625,62435.7043762207,29671.92202758789,55096.72412109375,54556.42352294922,48273.28323364258,51913.18362426758,44601.74298095703,Group: B,Group: C,Group: B vs Group: C,4,4,Blank_Blank_Blank
FA(30:3),FA,41724.66278076172,51978.38391113281,58929.94418334961,28785.501953125,49201.36309814453,49027.86297607422,44344.90313720703,53170.123474121094,48121.28353881836,Group: B,Group: C,Group: B vs Group: C,4,4,Blank_Blank_Blank
FA(30:4),FA,43816.08337402344,61151.804138183594,64210.08514404297,35794.72262573242,54560.603088378906,56332.26397705078,46521.84310913086,52968.70330810547,48867.683532714844,Group: B,Group: C,Group: B vs Group: C,4,4,Blank_Blank_Blank
FA(30:5),FA,46970.72332763672,58199.00378417969,68226.16522216797,31788.461791992188,55974.143951416016,55510.28387451172,51197.62368774414,62643.96368408203,49877.60363769531,Group: B,Group: C,Group: B vs Group: C,4,4,Blank_Blank_Blank
FA(30:6),FA,93068.32604980469,115463.1474609375,90726.3060913086,74819.96545410156,76187.06420898438,73767.9047241211,110798.5078125,111690.048828125,70876.00537109375,Group: B,Group: C,Group: B vs Group: C,4,4,Blank_Blank_Blank
FA(31:0),FA,79943.96575927734,102574.20724487305,92116.74627685547,60412.963806152344,83427.38592529297,84065.72564697266,99393.10583496094,88166.12622070312,67509.6245727539,Group: B,Group: C,Group: B vs Group: C,4,4,Blank_Blank_Blank
FA(32:0),FA,36302.32229614258,42318.74264526367,50646.68322753906,21913.38168334961,39300.72280883789,53242.10369873047,35758.36260986328,40023.34280395508,28762.36196899414,Group: B,Group: C,Group: B vs Group: C,4,4,Blank_Blank_Blank
FA(32:1),FA,31813.142364501953,36909.902404785156,45444.983306884766,19825.321548461914,33291.14245605469,41080.12316894531,32003.04234313965,35650.04266357422,27305.381896972656,Group: B,Group: C,Group: B vs Group: C,4,4,Blank_Blank_Blank
FA(32:4),FA,42924.18307495117,54699.744079589844,65071.2643737793,30635.622268676758,45936.42352294922,55202.12371826172,49146.324157714844,52565.76428222656,39232.04266357422,Group: B,Group: C,Group: B vs Group: C,4,4,Blank_Blank_Blank
FA(32:5),FA,40901.483001708984,48993.08361816406,53184.32437133789,27174.001953125,41175.18295288086,48753.40335083008,45554.703186035156,54687.323303222656,37653.302734375,Group: B,Group: C,Group: B vs Group: C,4,4,Blank_Blank_Blank
FA(32:6),FA,53458.86346435547,73087.74548339844,74434.62536621094,40970.402770996094,60542.32434082031,64512.924865722656,59220.384216308594,66276.82427978516,48103.00354003906,Group: B,Group: C,Group: B vs Group: C,4,4,Blank_Blank_Blank
FA(33:0),FA,32495.722534179688,37465.70245361328,45983.78335571289,21447.38165283203,32854.30187988281,42495.02294921875,33073.60255432129,31856.402374267578,28422.381866455078,Group: B,Group: C,Group: B vs Group: C,4,4,Blank_Blank_Blank
FA(34:0),FA,34389.40213012695,44178.422790527344,50147.163330078125,22792.821563720703,41664.16247558594,53933.2239074707,39081.003173828125,51423.283630371094,41063.34307861328,Group: B,Group: C,Group: B vs Group: C,4,4,Blank_Blank_Blank
FA(34:1),FA,130883.68872070312,176552.1522216797,211374.01525878906,90290.12664794922,169504.75024414062,205300.57495117188,161947.99291992188,132231.529296875,133055.03051757812,Group: B,Group: C,Group: B vs Group: C,4,4,Blank_Blank_Blank
FA(34:5),FA,50500.303283691406,63009.664489746094,77310.02508544922,33448.84240722656,51693.204162597656,66094.58477783203,51897.62384033203,61312.62451171875,51102.08349609375,Group: B,Group: C,Group: B vs Group: C,4,4,Blank_Blank_Blank
FA(34:6),FA,55819.043853759766,66090.26470947266,82057.22576904297,45385.90319824219,63530.485290527344,71518.02502441406,57195.72381591797,64745.664306640625,63386.423828125,Group: B,Group: C,Group: B vs Group: C,4,4,Blank_Blank_Blank
FA(35:0),FA,28099.40216064453,33374.06246948242,36792.68225097656,17064.521270751953,27929.70198059082,35301.622314453125,27482.30177307129,27037.781982421875,26615.222045898438,Group: B,Group: C,Group: B vs Group: C,4,4,Blank_Blank_Blank
FA(36:0),FA,25561.34196472168,29985.022064208984,36032.8625793457,14293.161079406738,28317.20184326172,35427.582458496094,26378.001571655273,24999.16192626953,28434.642288208008,Group: B,Group: C,Group: B vs Group: C,4,4,Blank_Blank_Blank
FA(36:4),FA,41750.142974853516,49776.00390625,58166.823974609375,24934.1015625,46681.403411865234,56229.024322509766,44417.5234375,41617.523040771484,45413.16313171387,Group: B,Group: C,Group: B vs Group: C,4,4,Blank_Blank_Blank
FA(36:5),FA,35053.46244812012,36102.42263793945,47566.04345703125,21395.941680908203,36937.062591552734,51319.80319213867,38035.84259033203,39451.94268798828,38809.782485961914,Group: B,Group: C,Group: B vs Group: C,4,4,Blank_Blank_Blank
FA(37:0),FA,36529.002380371094,41127.84246826172,54022.82354736328,22144.541748046875,41590.46304321289,48883.68338012695,40485.14239501953,33374.98229980469,39566.14270019531,Group: B,Group: C,Group: B vs Group: C,4,4,Blank_Blank_Blank
FA(38:0),FA,24823.961883544922,27172.621612548828,37911.16259765625,15356.121109008789,26830.062103271484,31009.522216796875,26546.221725463867,23980.541793823242,25287.04197692871,Group: B,Group: C,Group: B vs Group: C,4,4,Blank_Blank_Blank
FA(38:4),FA,44119.70314025879,47489.88342285156,50002.7236328125,29497.202209472656,44668.04330444336,52309.40393066406,52645.56408691406,50933.003967285156,64606.623596191406,Group: B,Group: C,Group: B vs Group: C,4,4,Blank_Blank_Blank
FA(38:5),FA,33636.70213317871,40743.1032409668,44011.302734375,22376.761657714844,35012.402435302734,39387.28286743164,36210.2626953125,39707.363037109375,33544.842056274414,Group: B,Group: C,Group: B vs Group: C,4,4,Blank_Blank_Blank
FA(38:6),FA,34648.882263183594,39794.902770996094,48834.56396484375,19630.96125793457,38348.72244262695,44813.463287353516,36772.86242675781,33082.382232666016,37477.3828125,Group: B,Group: C,Group: B vs Group: C,4,4,Blank_Blank_Blank
FA(3:0),FA,4482.140319824219,4597.760311126709,4579.500350952148,3560.440254211426,4096.060230255127,4824.8603515625,5476.400344848633,4293.34029006958,4044.520309448242,Group: B,Group: C,Group: B vs Group: C,4,4,Blank_Blank_Blank
FA(3:1),FA,7818.820575714111,5988.140438079834,7548.520568847656,4188.900295257568,7996.12060546875,8924.480590820312,9521.540725708008,5682.280414581299,5537.380432128906,Group: B,Group: C,Group: B vs Group: C,4,4,Blank_Blank_Blank
FA(40:6),FA,31792.70248413086,37352.88269042969,42012.102783203125,19600.181381225586,35251.84243774414,40007.92269897461,36307.082458496094,30419.42218017578,33752.62274169922,Group: B,Group: C,Group: B vs Group: C,4,4,Blank_Blank_Blank
FA(42:6),FA,30040.161987304688,31815.262420654297,38066.90264892578,18142.201293945312,33326.42239379883,36387.482666015625,33338.44250488281,29313.142288208008,29935.981994628906,Group: B,Group: C,Group: B vs Group: C,4,4,Blank_Blank_Blank
FA(46:0),FA,24801.461639404297,28179.221923828125,32714.002075195312,12775.42106628418,24868.181610107422,32113.58221435547,25326.381805419922,22891.92169189453,22750.6016998291,Group: B,Group: C,Group: B vs Group: C,4,4,Blank_Blank_Blank
FA(4:0),FA,51313.103424072266,64243.5849609375,66734.44515991211,40037.942947387695,55869.123779296875,52070.48419189453,53327.98400878906,52725.92419433594,60729.424743652344,Group: B,Group: C,Group: B vs Group: C,4,4,Blank_Blank_Blank
FA(4:1),FA,185144.47178649902,205354.29486083984,181710.81408691406,142540.83056640625,145825.60998535156,158948.9324645996,191158.87475585938,215456.05444335938,163665.7109375,Group: B,Group: C,Group: B vs Group: C,4,4,Blank_Blank_Blank
FA(5:0),FA,39949.22283935547,49551.0037689209,40205.52294921875,31329.242248535156,49207.46408081055,50050.9033203125,48820.92333984375,1257645.2881774902,39080.6833190918,Group: B,Group: C,Group: B vs Group: C,4,4,Blank_Blank_Blank
FA(5:1),FA,32936.06231689453,44999.5026550293,47211.6435546875,30356.80206298828,55111.784423828125,55780.263732910156,39204.102935791016,92851.98706054688,53284.183532714844,Group: B,Group: C,Group: B vs Group: C,4,4,Blank_Blank_Blank
FA(5:2),FA,128172.54956054688,118309.2476196289,269631.0809326172,65289.344635009766,84021.72619628906,102126.56774902344,87945.7865600586,83582.52551269531,67329.72436523438,Group: B,Group: C,Group: B vs Group: C,4,4,Blank_Blank_Blank
FA(6:0),FA,20386.801544189453,28527.42185974121,28991.502197265625,18422.681198120117,23698.46173095703,33109.902099609375,25678.50180053711,23516.16162109375,20530.521453857422,Group: B,Group: C,Group: B vs Group: C,4,4,Blank_Blank_Blank
FA(6:1),FA,882140.181640625,1094526.3383789062,979649.9851074219,714356.8500976562,743602.2958984375,811190.240234375,869784.654296875,988418.2924804688,698626.3784179688,Group: B,Group: C,Group: B vs Group: C,4,4,Blank_Blank_Blank
FA(6:2),FA,44794.742736816406,62082.96435546875,65338.364685058594,34299.582458496094,50992.503662109375,62211.54461669922,50025.30334472656,48643.2834777832,93736.306640625,Group: B,Group: C,Group: B vs Group: C,4,4,Blank_Blank_Blank
FA(7:0),FA,64934.46472167969,81325.0859375,70096.12469482422,50482.22381591797,65364.225036621094,75429.30560302734,72343.38494873047,76756.12591552734,51053.563903808594,Group: B,Group: C,Group: B vs Group: C,4,4,Blank_Blank_Blank
FA(7:1),FA,37755.34292602539,47518.00314331055,63641.48406982422,21803.46156311035,44129.04315185547,48601.14343261719,35560.26248168945,33105.362213134766,63569.00427246094,Group: B,Group: C,Group: B vs Group: C,4,4,Blank_Blank_Blank
FA(7:2),FA,19605.741333007812,23007.181411743164,22197.3214263916,17137.14126586914,17611.64119720459,18952.741271972656,21282.601501464844,18356.681396484375,17508.101104736328,Group: B,Group: C,Group: B vs Group: C,4,4,Blank_Blank_Blank
FA(7:3),FA,19023.841583251953,22816.38153076172,20653.7215423584,19200.301315307617,14927.420852661133,16368.061210632324,22681.801696777344,21169.361358642578,16258.70101928711,Group: B,Group: C,Group: B vs Group: C,4,4,Blank_Blank_Blank
FA(8:0),FA,21321.501525878906,25850.541717529297,28691.68194580078,14087.800796508789,24377.40170288086,25264.521759033203,21772.081481933594,39669.662353515625,22117.50177001953,Group: B,Group: C,Group: B vs Group: C,4,4,Blank_Blank_Blank
FA(8:1),FA,8998.600662231445,11668.74089050293,12213.020889282227,6565.000473022461,11547.00080871582,10806.340698242188,10305.180679321289,12927.48095703125,12250.660915374756,Group: B,Group: C,Group: B vs Group: C,4,4,Blank_Blank_Blank
FA(8:2),FA,20844.20150756836,22548.161590576172,25051.601501464844,18285.36116027832,48142.303649902344,55468.50393676758,21562.321517944336,22426.661376953125,25582.90199279785,Group: B,Group: C,Group: B vs Group: C,4,4,Blank_Blank_Blank
FA(8:5),FA,86326.0859375,93036.18615722656,107169.48742675781,186159.19494628906,740855.9477539062,836991.9331665039,108777.10583496094,68575.78430175781,42015.56253051758,Group: B,Group: C,Group: B vs Group: C,4,4,Blank_Blank_Blank
FA(8:6),FA,53915.704681396484,62262.78396606445,55711.783935546875,41687.14279174805,47733.72381591797,54426.82421875,61377.344482421875,131949.56994628906,33952.94250488281,Group: B,Group: C,Group: B vs Group: C,4,4,Blank_Blank_Blank
FA(9:0) | FA(10:7),FA,293247.0785522461,368100.3473510742,371640.4859466553,204766.59497070312,307996.06188964844,334551.1218261719,352666.8458557129,458393.81036376953,208559.07287597656,Group: B,Group: C,Group: B vs Group: C,4,4,Blank_Blank_Blank
FA(9:0) | FA(10:7)_2,FA,301458.28076171875,390312.58752441406,370900.16873168945,207131.2133178711,321753.5048828125,346052.6251220703,354560.40295410156,476839.6348876953,210879.03479003906,Group: B,Group: C,Group: B vs Group: C,4,4,Blank_Blank_Blank
FA(9:1),FA,20211.981567382812,22414.761260986328,25248.10189819336,12574.240951538086,23225.901824951172,24204.02182006836,21564.841674804688,25408.20181274414,20448.921142578125,Group: B,Group: C,Group: B vs Group: C,4,4,Blank_Blank_Blank
FA(9:2),FA,13783.280899047852,16377.321105957031,18339.161224365234,10869.180725097656,18236.841415405273,19683.72132873535,15640.101341247559,14986.480987548828,15583.80094909668,Group: B,Group: C,Group: B vs Group: C,4,4,Blank_Blank_Blank
"LPC(10:0),PC(O-10:0)",PC,1428.1000938415527,1453.4401092529297,1174.6400871276855,1104.760082244873,1290.7601051330566,1497.860107421875,1012.8600692749023,1069.5400733947754,1381.2601051330566,Group: B,Group: C,Group: B vs Group: C,4,4,Blank_Blank_Blank
LPC(12:0),PC,1167.880084991455,1170.7000770568848,1111.560073852539,1022.900074005127,1180.5200843811035,1156.9600830078125,1031.360065460205,1015.6000595092773,1145.0000915527344,Group: B,Group: C,Group: B vs Group: C,4,4,Blank_Blank_Blank
"LPC(14:0),PC(O-14:0),LPC(O-15:0)",PC,1604.3601264953613,1352.7800903320312,1572.0201263427734,1111.100082397461,1577.8801002502441,1788.680118560791,1135.220069885254,1139.3800811767578,1347.9600868225098,Group: B,Group: C,Group: B vs Group: C,4,4,Blank_Blank_Blank
"LPC(14:1),LPC(P-15:0)",PC,1340.2000923156738,1335.0600929260254,1178.700080871582,1100.3000831604004,1134.7200889587402,1149.1800689697266,1136.380069732666,1039.8400688171387,1100.2200736999512,Group: B,Group: C,Group: B vs Group: C,4,4,Blank_Blank_Blank
"LPC(15:1),LPC(O-16:1),LPC(P-16:0)",PC,1307.0200996398926,1208.4400939941406,1240.0200805664062,1028.7600746154785,1322.3201065063477,1140.160083770752,1058.7600784301758,1046.4200706481934,1080.9000778198242,Group: B,Group: C,Group: B vs Group: C,4,4,Blank_Blank_Blank
"LPC(16:0),PC(O-16:0),LPC(O-17:0)",PC,45387.22283935547,45943.44303894043,35035.64289855957,16541.360862731934,39705.42254638672,59163.164489746094,10640.180755615234,12667.920997619629,7908.7606201171875,Group: B,Group: C,Group: B vs Group: C,4,4,Blank_Blank_Blank
"LPC(16:1),LPC(P-17:0)",PC,2332.360149383545,2281.680160522461,1877.2001419067383,1786.4601249694824,2055.9001274108887,3060.3802185058594,1412.340103149414,1743.7600936889648,1323.8200912475586,Group: B,Group: C,Group: B vs Group: C,4,4,Blank_Blank_Blank
"LPC(17:1),LPC(O-18:1),LPC(P-18:0)",PC,1284.8600883483887,1221.7200889587402,1531.6401023864746,1315.200080871582,1291.6200904846191,1292.7200736999512,1055.9400749206543,1268.0800743103027,1126.7600784301758,Group: B,Group: C,Group: B vs Group: C,4,4,Blank_Blank_Blank
"LPC(17:2),LPC(P-18:1)",PC,1256.1800956726074,1307.9600982666016,1196.0800819396973,1007.2000732421875,1188.120101928711,1272.6800918579102,1014.3800659179688,1024.9000701904297,1062.680076599121,Group: B,Group: C,Group: B vs Group: C,4,4,Blank_Blank_Blank
"LPC(18:0),PC(O-18:0),LPC(O-19:0)",PC,23066.86191558838,27040.362201690674,15425.6011428833,9971.860530853271,17126.7010345459,24595.721809387207,8182.440525054932,10619.160499572754,4094.6802673339844,Group: B,Group: C,Group: B vs Group: C,4,4,Blank_Blank_Blank
"LPC(18:1),PC(O-18:1),PC(P-18:0)",PC,9997.500717163086,11688.020835876465,8314.540649414062,5701.9204025268555,11232.600761413574,18261.561111450195,5071.980323791504,8383.880561828613,4595.920341491699,Group: B,Group: C,Group: B vs Group: C,4,4,Blank_Blank_Blank
"LPC(18:2),LPC(P-19:1)",PC,14313.600975036621,17855.6612739563,11268.080688476562,16267.761013031006,17528.00099182129,36532.58274078369,8813.120643615723,16771.281116485596,2659.480182647705,Group: B,Group: C,Group: B vs Group: C,4,4,Blank_Blank_Blank
LPC(18:3),PC,1335.5401039123535,1473.1001205444336,1251.1400909423828,1839.3001251220703,1466.4000816345215,1762.820140838623,1144.3600730895996,1553.8201065063477,1061.9000625610352,Group: B,Group: C,Group: B vs Group: C,4,4,Blank_Blank_Blank
LPC(18:4),PC,1028.7600746154785,1117.7400741577148,1113.3200759887695,997.1400756835938,1216.400089263916,1172.7800903320312,1078.3800659179688,1004.4600563049316,1037.7400741577148,Group: B,Group: C,Group: B vs Group: C,4,4,Blank_Blank_Blank
LPC(19:3),PC,1086.020076751709,1113.820083618164,1050.5800819396973,1035.2200736999512,1140.1000785827637,1115.180076599121,1061.3000602722168,1040.220058441162,1004.380069732666,Group: B,Group: C,Group: B vs Group: C,4,4,Blank_Blank_Blank
"LPC(20:2),PC(O-20:2)",PC,1374.2001037597656,1341.9600944519043,2138.640151977539,1270.3600845336914,1667.5201225280762,2743.6002655029297,1602.2001190185547,2173.5001831054688,1082.0000686645508,Group: B,Group: C,Group: B vs Group: C,4,4,Blank_Blank_Blank
LPC(20:3),PC,2857.140235900879,2627.940196990967,2068.1601181030273,3040.920154571533,3289.6602058410645,5676.280277252197,4627.060283660889,10159.580806732178,1215.5600852966309,Group: B,Group: C,Group: B vs Group: C,4,4,Blank_Blank_Blank
LPC(20:4),PC,8569.040657043457,11492.48067855835,8330.020626068115,11475.341053009033,10696.48053741455,22569.18148803711,8296.060523986816,11653.160961151123,1251.7000732421875,Group: B,Group: C,Group: B vs Group: C,4,4,Blank_Blank_Blank
LPC(20:5),PC,1794.0601081848145,2275.700122833252,1501.880126953125,1151.6000862121582,1314.8200874328613,1728.0801391601562,1538.1800956726074,1254.6400871276855,1166.4400901794434,Group: B,Group: C,Group: B vs Group: C,4,4,Blank_Blank_Blank
LPC(22:2),PC,1175.920078277588,1140.100082397461,1060.940071105957,1195.5400733947754,1233.6800842285156,1193.280086517334,1036.2400665283203,1071.1600799560547,1058.6400718688965,Group: B,Group: C,Group: B vs Group: C,4,4,Blank_Blank_Blank
LPC(22:4),PC,1622.1201286315918,1488.1001052856445,1605.6201171875,1286.8201026916504,1780.3401412963867,2338.7401580810547,1186.2400741577148,1159.5800819396973,1134.0200843811035,Group: B,Group: C,Group: B vs Group: C,4,4,Blank_Blank_Blank
LPC(22:5),PC,2035.260154724121,2068.860153198242,1572.6601219177246,1573.5801277160645,2215.760181427002,2855.4402198791504,1191.6800918579102,1553.7201194763184,1104.7400817871094,Group: B,Group: C,Group: B vs Group: C,4,4,Blank_Blank_Blank
LPC(22:6),PC,5988.1403732299805,6984.740516662598,5200.500465393066,6632.640525817871,6976.300521850586,12641.300918579102,10783.980583190918,8955.02067565918,1063.1400718688965,Group: B,Group: C,Group: B vs Group: C,4,4,Blank_Blank_Blank
LPC(24:0),PC,1901.8601341247559,2443.28018951416,1756.0201606750488,1317.660099029541,1402.700096130371,1542.6801300048828,1100.3600730895996,1383.2201118469238,1225.9800834655762,Group: B,Group: C,Group: B vs Group: C,4,4,Blank_Blank_Blank
LPC(24:1),PC,1292.4200897216797,1168.2200813293457,1045.2000694274902,1136.0600776672363,1331.040096282959,1801.2601432800293,1067.6800651550293,1342.7400817871094,1037.6800804138184,Group: B,Group: C,Group: B vs Group: C,4,4,Blank_Blank_Blank
LPC(2:0),PC,1156.3400840759277,1132.7200813293457,1056.940071105957,956.2200698852539,1100.0000762939453,1163.5200881958008,991.4000701904297,1010.5800704956055,1209.5800857543945,Group: B,Group: C,Group: B vs Group: C,4,4,Blank_Blank_Blank
"LPC(3:0),PC(O-3:0)",PC,1083.12007522583,1189.5000839233398,1249.0000801086426,967.1600761413574,1080.4200820922852,1174.0001029968262,1025.0400657653809,1068.420078277588,994.3800659179688,Group: B,Group: C,Group: B vs Group: C,4,4,Blank_Blank_Blank
LPC(3:1),PC,1043.54008102417,1001.5200729370117,1112.680076599121,1034.8600769042969,1088.3800888061523,990.1600723266602,1061.9600791931152,976.4600677490234,986.5400581359863,Group: B,Group: C,Group: B vs Group: C,4,4,Blank_Blank_Blank
"LPC(4:0),PC(O-4:0),PC(O-5:0)",PC,1249.2800903320312,1130.6600799560547,1139.6200866699219,956.7600708007812,1144.8200798034668,1141.0800743103027,981.0600700378418,1078.12007522583,1183.2000732421875,Group: B,Group: C,Group: B vs Group: C,4,4,Blank_Blank_Blank
LPC(6:0),PC,1158.900074005127,1338.2000923156738,1186.800090789795,1034.680076599121,1198.840087890625,1044.3800735473633,1032.3200721740723,979.9600677490234,1078.0800743103027,Group: B,Group: C,Group: B vs Group: C,4,4,Blank_Blank_Blank
LPC(8:0),PC,1299.5800895690918,1165.1400756835938,1124.5600776672363,1033.8000717163086,1184.8200988769531,1106.4200820922852,979.5400619506836,973.700080871582,1137.4200859069824,Group: B,Group: C,Group: B vs Group: C,4,4,Blank_Blank_Blank
LPC(O-10:1),PC,1028.580062866211,1015.020076751709,1086.8000831604004,1029.640064239502,1053.6400718688965,1104.600082397461,982.3000717163086,962.5800666809082,1079.7200622558594,Group: B,Group: C,Group: B vs Group: C,4,4,Blank_Blank_Blank
LPC(O-20:4),PC,1128.3800773620605,1061.020076751709,1173.8400688171387,1048.2200775146484,1067.4800720214844,1055.0800704956055,1085.9600715637207,1004.0600662231445,1177.0800857543945,Group: B,Group: C,Group: B vs Group: C,4,4,Blank_Blank_Blank
LPE(12:0),PE,1259.1000862121582,1243.5600891113281,1390.680103302002,1252.7000885009766,1231.5600814819336,1293.940097808838,1261.640079498291,1241.7800827026367,1314.3400840759277,Group: B,Group: C,Group: B vs Group: C,4,4,Blank_Blank_Blank
LPE(14:0),PE,1410.1600952148438,1234.5600929260254,1224.800090789795,1227.1400871276855,1264.4000816345215,1239.8400917053223,1305.1200942993164,1326.5600852966309,1279.6800842285156,Group: B,Group: C,Group: B vs Group: C,4,4,Blank_Blank_Blank
LPE(14:1),PE,1317.6400985717773,1293.4000930786133,1222.9600868225098,1317.6600952148438,1284.6000900268555,1285.6601066589355,1361.64009475708,1258.160083770752,1294.6200904846191,Group: B,Group: C,Group: B vs Group: C,4,4,Blank_Blank_Blank
"LPE(15:1),LPE(P-16:0)",PE,1236.4400901794434,1260.7600898742676,1268.2400856018066,1258.800090789795,1374.0801048278809,1317.0201034545898,1222.4400825500488,1221.800090789795,1282.5200881958008,Group: B,Group: C,Group: B vs Group: C,4,4,Blank_Blank_Blank
LPE(16:1),PE,1592.200107574463,1496.1601104736328,1438.5001029968262,1593.1201286315918,1525.480110168457,1616.5001220703125,1258.3800964355469,1302.3000793457031,1327.180103302002,Group: B,Group: C,Group: B vs Group: C,4,4,Blank_Blank_Blank
"LPE(17:1),LPE(O-18:1),LPE(P-18:0)",PE,1278.1400909423828,1324.1800994873047,1304.240089416504,1342.1601028442383,1223.1400909423828,1316.360092163086,1227.360092163086,1234.5400772094727,1210.2400817871094,Group: B,Group: C,Group: B vs Group: C,4,4,Blank_Blank_Blank
LPE(17:2),PE,1428.6001091003418,1223.4000930786133,1278.6200866699219,1304.780086517334,1286.14009475708,1254.3400993347168,1250.020092010498,1221.9000854492188,1218.4800910949707,Group: B,Group: C,Group: B vs Group: C,4,4,Blank_Blank_Blank
LPE(18:1),PE,2037.9201316833496,4260.100269317627,4032.860248565674,2898.360210418701,5462.580451965332,4665.040214538574,2755.1801834106445,2687.560188293457,1316.580093383789,Group: B,Group: C,Group: B vs Group: C,4,4,Blank_Blank_Blank
"LPE(18:2),LPE(P-19:1)",PE,1434.58012008667,3487.080177307129,3015.1802101135254,2441.940158843994,2847.640163421631,4472.980293273926,1833.3001251220703,2022.4001388549805,1348.8200912475586,Group: B,Group: C,Group: B vs Group: C,4,4,Blank_Blank_Blank
LPE(18:3),PE,1239.0200805664062,1317.7600784301758,1338.7200813293457,1365.3000984191895,1318.7800827026367,1221.1400833129883,1380.680103302002,1222.8400840759277,1348.660099029541,Group: B,Group: C,Group: B vs Group: C,4,4,Blank_Blank_Blank
LPE(18:4),PE,1251.7400856018066,1265.200080871582,1308.900089263916,1258.4400749206543,1277.920078277588,1250.1800918579102,1238.920093536377,1287.360092163086,1356.7400970458984,Group: B,Group: C,Group: B vs Group: C,4,4,Blank_Blank_Blank
"LPE(19:1),LPE(P-20:0)",PE,1219.7000885009766,1300.840087890625,1249.3200950622559,1234.6000900268555,1232.560073852539,1265.780086517334,1223.1200828552246,1221.8800888061523,1248.9200859069824,Group: B,Group: C,Group: B vs Group: C,4,4,Blank_Blank_Blank
LPE(20:0),PE,1540.8201141357422,1338.2401008605957,1384.4001007080078,1248.5600891113281,1303.1600952148438,1333.5600814819336,1407.2201042175293,1270.7800750732422,1210.1000747680664,Group: B,Group: C,Group: B vs Group: C,4,4,Blank_Blank_Blank
LPE(20:1),PE,1473.9600868225098,1559.0801124572754,1431.840103149414,1332.1200904846191,1443.2801094055176,1392.4601020812988,1330.220100402832,1248.2400856018066,1210.2000923156738,Group: B,Group: C,Group: B vs Group: C,4,4,Blank_Blank_Blank
LPE(20:2),PE,1315.9800910949707,1335.0600929260254,1249.2800788879395,1316.260097503662,1304.4000930786133,1309.3600883483887,1252.760082244873,1255.0000915527344,1227.5600852966309,Group: B,Group: C,Group: B vs Group: C,4,4,Blank_Blank_Blank
LPE(20:3),PE,1259.04008102417,1473.340103149414,1442.620101928711,2004.2401580810547,2104.2601432800293,1649.3801193237305,1534.1200942993164,1438.8600959777832,1337.3000831604004,Group: B,Group: C,Group: B vs Group: C,4,4,Blank_Blank_Blank
LPE(20:4),PE,3463.8002891540527,4233.480327606201,3462.2802238464355,6348.6604347229,4112.080234527588,6431.380382537842,2962.8002166748047,2687.3402366638184,1282.3800811767578,Group: B,Group: C,Group: B vs Group: C,4,4,Blank_Blank_Blank
LPE(20:5),PE,1350.1000938415527,1364.8600883483887,1467.6401023864746,1363.3800926208496,1261.200080871582,1528.4001159667969,1239.5000953674316,1295.440086364746,1444.3800964355469,Group: B,Group: C,Group: B vs Group: C,4,4,Blank_Blank_Blank
LPE(22:0),PE,1455.0201110839844,1435.0200958251953,1223.140079498291,1218.8600769042969,1310.9200973510742,1312.8801002502441,1222.6400871276855,1236.7200889587402,1235.9600944519043,Group: B,Group: C,Group: B vs Group: C,4,4,Blank_Blank_Blank
LPE(22:1),PE,1259.020092010498,1273.900089263916,1305.8400840759277,1292.5000953674316,1316.1400909423828,1272.380084991455,1274.5200881958008,1254.4000854492188,1252.9200744628906,Group: B,Group: C,Group: B vs Group: C,4,4,Blank_Blank_Blank
LPE(22:2),PE,1297.2400932312012,1285.420093536377,1392.9401016235352,1219.5600814819336,1248.5000839233398,1271.3600845336914,1222.3800888061523,1221.580093383789,1263.0000801086426,Group: B,Group: C,Group: B vs Group: C,4,4,Blank_Blank_Blank
LPE(22:4),PE,1558.2401008605957,1628.780117034912,1390.5000915527344,1600.1001091003418,1239.4800834655762,1299.7600898742676,1223.4800910949707,1253.5200843811035,1259.1600799560547,Group: B,Group: C,Group: B vs Group: C,4,4,Blank_Blank_Blank
LPE(22:5),PE,1455.5401000976562,1868.8401412963867,1457.6201095581055,1666.460117340088,1650.7001152038574,1687.3001289367676,1614.5001182556152,1450.2201118469238,1237.600082397461,Group: B,Group: C,Group: B vs Group: C,4,4,Blank_Blank_Blank
LPE(22:6),PE,2506.640193939209,4443.400241851807,3188.6202087402344,3291.060272216797,3113.300266265869,6092.0404624938965,3362.36030960083,3365.760280609131,1298.2600860595703,Group: B,Group: C,Group: B vs Group: C,4,4,Blank_Blank_Blank
LPE(24:1),PE,1350.500114440918,1267.2600898742676,1277.460075378418,1303.8400840759277,1222.1000862121582,1338.800090789795,1257.2800903320312,1221.3600883483887,1255.9000816345215,Group: B,Group: C,Group: B vs Group: C,4,4,Blank_Blank_Blank
LPE(24:6),PE,1397.8201026916504,1278.380084991455,1318.0801048278809,1312.1400985717773,1383.9201049804688,1327.9600982666016,1284.04008102417,1264.4400901794434,1363.3001022338867,Group: B,Group: C,Group: B vs Group: C,4,4,Blank_Blank_Blank
LPE(O-16:0),PE,1287.1200904846191,1307.04008102417,1284.8200874328613,1402.8400993347168,1313.6201057434082,1359.9001007080078,1312.0400924682617,1271.4000930786133,1210.4600868225098,Group: B,Group: C,Group: B vs Group: C,4,4,Blank_Blank_Blank
LPE(O-20:0),PE,1341.5601081848145,1388.4200897216797,1318.7601013183594,1332.4400939941406,1271.540096282959,1425.460105895996,1274.2800827026367,1229.440086364746,1271.5200881958008,Group: B,Group: C,Group: B vs Group: C,4,4,Blank_Blank_Blank
LPE(O-20:4),PE,1294.940086364746,1298.5001029968262,1305.360092163086,1233.320083618164,1321.720100402832,1381.3600845336914,1223.2600898742676,1242.4000930786133,1210.2800903320312,Group: B,Group: C,Group: B vs Group: C,4,4,Blank_Blank_Blank
LPG(14:0),PG,1296.1000938415527,1271.4400939941406,1278.9200897216797,1249.520092010498,1255.6800842285156,1291.4800910949707,1275.320083618164,1250.1000862121582,1319.0601043701172,Group: B,Group: C,Group: B vs Group: C,4,4,Blank_Blank_Blank
LPG(14:1),PG,1331.4201011657715,1350.7800941467285,1289.4200820922852,1257.3200874328613,1364.4800910949707,1254.0200958251953,1260.2400817871094,1264.2800941467285,1245.700080871582,Group: B,Group: C,Group: B vs Group: C,4,4,Blank_Blank_Blank
"LPG(15:0),LPG(O-16:0)",PG,1347.660099029541,1271.260082244873,1402.080093383789,1331.3600997924805,1364.420093536377,1316.5800971984863,1349.2800941467285,1251.3600883483887,1326.9400939941406,Group: B,Group: C,Group: B vs Group: C,4,4,Blank_Blank_Blank
"LPG(15:1),LPG(P-16:0)",PG,1279.54008102417,1330.4000778198242,1279.1200828552246,1288.9601020812988,1278.7400817871094,1271.6200981140137,1256.4000816345215,1251.5600929260254,1260.0800857543945,Group: B,Group: C,Group: B vs Group: C,4,4,Blank_Blank_Blank
LPG(16:0),PG,1292.880084991455,1420.5801010131836,1313.3400917053223,1315.3400917053223,1320.0200843811035,1325.0600891113281,1287.4600791931152,1251.0000801086426,1346.400089263916,Group: B,Group: C,Group: B vs Group: C,4,4,Blank_Blank_Blank
LPG(16:1),PG,1307.2200927734375,1300.4800834655762,1251.720069885254,1264.660083770752,1302.1400909423828,1264.680076599121,1259.0800743103027,1251.8600692749023,1317.9400825500488,Group: B,Group: C,Group: B vs Group: C,4,4,Blank_Blank_Blank
"LPG(17:1),LPG(P-18:0)",PG,1281.200080871582,1250.980079650879,1316.940086364746,1320.6400871276855,1255.8000869750977,1253.5600776672363,1256.8400764465332,1279.460090637207,1327.6400871276855,Group: B,Group: C,Group: B vs Group: C,4,4,Blank_Blank_Blank
LPG(17:2),PG,1326.8600997924805,1313.8800888061523,1273.9600868225098,1324.4800910949707,1254.340087890625,1269.7200889587402,1347.5000915527344,1274.1600952148438,1335.3600959777832,Group: B,Group: C,Group: B vs Group: C,4,4,Blank_Blank_Blank
LPG(18:0),PG,1317.220085144043,1325.600082397461,1301.720085144043,1344.1601028442383,1255.7400856018066,1253.6600952148438,1288.1400909423828,1250.5800819396973,1246.2600860595703,Group: B,Group: C,Group: B vs Group: C,4,4,Blank_Blank_Blank
LPG(18:1),PG,1250.320083618164,1287.9200820922852,1278.2200889587402,1249.580078125,1334.240089416504,1275.6600914001465,1304.9401016235352,1284.320083618164,1273.4600868225098,Group: B,Group: C,Group: B vs Group: C,4,4,Blank_Blank_Blank
LPG(18:2),PG,1350.5000953674316,1250.2800827026367,1257.10009765625,1338.2800903320312,1365.1401023864746,1288.9800910949707,1267.8800888061523,1251.0200996398926,1281.7800903320312,Group: B,Group: C,Group: B vs Group: C,4,4,Blank_Blank_Blank
LPG(18:3),PG,1336.1200866699219,1312.5400772094727,1296.8400955200195,1277.3400955200195,1316.1800918579102,1254.220085144043,1402.5800895690918,1267.3400840759277,1279.2400970458984,Group: B,Group: C,Group: B vs Group: C,4,4,Blank_Blank_Blank
LPG(18:4),PG,1269.1200981140137,1251.3000831604004,1339.3000946044922,1251.5800819396973,1300.7200927734375,1286.7400932312012,1274.3400840759277,1312.1800956726074,1257.4800872802734,Group: B,Group: C,Group: B vs Group: C,4,4,Blank_Blank_Blank
"LPG(19:0),LPG(O-20:0)",PG,1438.6000938415527,1390.780101776123,1302.8200798034668,1347.0601043701172,1381.4600982666016,1426.5200843811035,1413.9801025390625,1370.740104675293,1435.7201042175293,Group: B,Group: C,Group: B vs Group: C,4,4,Blank_Blank_Blank
"LPG(19:1),LPG(P-20:0)",PG,1288.6000785827637,1411.0601043701172,1251.7000999450684,1248.7800979614258,1377.8800964355469,1311.8600883483887,1267.7200965881348,1278.440086364746,1287.5800819396973,Group: B,Group: C,Group: B vs Group: C,4,4,Blank_Blank_Blank
LPG(20:0),PG,1278.4200859069824,1277.3800888061523,1252.4600944519043,1249.9000816345215,1277.020092010498,1254.0800971984863,1297.8200874328613,1250.9200820922852,1287.200107574463,Group: B,Group: C,Group: B vs Group: C,4,4,Blank_Blank_Blank
LPG(20:1),PG,1250.1000900268555,1251.1600914001465,1251.7000923156738,1280.7200889587402,1280.0200881958008,1382.2200927734375,1295.7800903320312,1252.0400886535645,1370.7400970458984,Group: B,Group: C,Group: B vs Group: C,4,4,Blank_Blank_Blank
LPG(20:2),PG,1323.2600936889648,1283.000087738037,1274.3400955200195,1342.8000946044922,1255.1000747680664,1294.0000801086426,1255.8600769042969,1302.3200874328613,1257.2800827026367,Group: B,Group: C,Group: B vs Group: C,4,4,Blank_Blank_Blank
LPG(20:3),PG,1248.6600799560547,1288.9800910949707,1259.8400840759277,1249.3800811767578,1254.8000831604004,1285.2600936889648,1267.7400856018066,1250.920093536377,1251.0400848388672,Group: B,Group: C,Group: B vs Group: C,4,4,Blank_Blank_Blank
LPG(20:4),PG,1275.640079498291,1324.920093536377,1345.9201049804688,1303.2800941467285,1308.9800987243652,1287.7200889587402,1255.720085144043,1252.2000885009766,1282.2400932312012,Group: B,Group: C,Group: B vs Group: C,4,4,Blank_Blank_Blank
LPG(20:5),PG,1268.2800941467285,1275.340087890625,1347.3600959777832,1378.3801002502441,1255.200080871582,1254.4800834655762,1276.04008102417,1251.4600830078125,1287.9600791931152,Group: B,Group: C,Group: B vs Group: C,4,4,Blank_Blank_Blank
LPG(22:0),PG,1331.6200942993164,1319.6200942993164,1272.0600929260254,1250.0400848388672,1272.8200874328613,1254.380084991455,1286.1800918579102,1252.0200881958008,1273.6800956726074,Group: B,Group: C,Group: B vs Group: C,4,4,Blank_Blank_Blank
LPG(22:1),PG,1250.0600929260254,1250.2000885009766,1251.3800811767578,1249.7200889587402,1294.480079650879,1253.4800758361816,1280.8600769042969,1289.1000862121582,1245.720085144043,Group: B,Group: C,Group: B vs Group: C,4,4,Blank_Blank_Blank
LPG(22:2),PG,1249.8600845336914,1326.1400909423828,1347.10009765625,1335.180088043213,1309.1600875854492,1302.1600914001465,1291.3800926208496,1285.7000846862793,1290.7400817871094,Group: B,Group: C,Group: B vs Group: C,4,4,Blank_Blank_Blank
LPG(22:4),PG,1249.8201026916504,1290.860092163086,1293.260097503662,1290.3201026916504,1312.9600868225098,1304.8600997924805,1279.3000869750977,1251.3000793457031,1271.5000915527344,Group: B,Group: C,Group: B vs Group: C,4,4,Blank_Blank_Blank
LPG(22:6),PG,1250.5800895690918,1284.14009475708,1279.4000816345215,1270.200096130371,1256.240089416504,1349.300090789795,1331.900089263916,1296.6800994873047,1269.3600845336914,Group: B,Group: C,Group: B vs Group: C,4,4,Blank_Blank_Blank
LPI(12:0),PI,1213.3800811767578,1240.020092010498,1228.1200904846191,1212.660068511963,1235.0000801086426,1239.56010055542,1222.4400825500488,1241.980094909668,1277.4600830078125,Group: B,Group: C,Group: B vs Group: C,4,4,Blank_Blank_Blank
LPI(13:0),PI,1235.5800819396973,1264.5000839233398,1257.5800971984863,1222.2400856018066,1248.440097808838,1330.160099029541,1239.0400772094727,1264.1600761413574,1224.6800842285156,Group: B,Group: C,Group: B vs Group: C,4,4,Blank_Blank_Blank
LPI(14:0),PI,1271.8600883483887,1346.5800971984863,1218.6000862121582,1245.5200843811035,1279.500072479248,1240.9400825500488,1249.080093383789,1265.8200798034668,1274.4200897216797,Group: B,Group: C,Group: B vs Group: C,4,4,Blank_Blank_Blank
LPI(14:1),PI,1289.3600883483887,1340.6200828552246,1399.6800956726074,1242.6800842285156,1293.980094909668,1549.8601036071777,1356.1400909423828,1257.3801040649414,1291.160083770752,Group: B,Group: C,Group: B vs Group: C,4,4,Blank_Blank_Blank
"LPI(15:0),LPI(O-16:0)",PI,1828.7201194763184,2545.900173187256,1831.9401245117188,1582.3001136779785,1632.440113067627,2317.6001510620117,1694.260108947754,1642.3801155090332,1605.1601219177246,Group: B,Group: C,Group: B vs Group: C,4,4,Blank_Blank_Blank
"LPI(15:1),LPI(P-16:0)",PI,1271.1200866699219,1259.9400901794434,1304.9800910949707,1299.3800811767578,1305.260097503662,1271.3000946044922,1262.7000999450684,1223.7400932312012,1250.8000793457031,Group: B,Group: C,Group: B vs Group: C,4,4,Blank_Blank_Blank
LPI(16:0),PI,1375.480094909668,1350.460090637207,1359.8800926208496,1334.8800926208496,1334.5000915527344,1335.6200904846191,1407.0600967407227,1367.760097503662,1270.6000862121582,Group: B,Group: C,Group: B vs Group: C,4,4,Blank_Blank_Blank
LPI(16:1),PI,1284.8000831604004,1234.0600814819336,1243.7800827026367,1234.6200828552246,1299.7800941467285,1242.420078277588,1222.5800895690918,1224.0400924682617,1251.6800918579102,Group: B,Group: C,Group: B vs Group: C,4,4,Blank_Blank_Blank
"LPI(17:0),LPI(O-18:0)",PI,1321.4000816345215,1310.8000831604004,1442.1001091003418,1415.9001007080078,1311.3600883483887,1392.360092163086,1394.0400924682617,1287.4800910949707,1266.6800842285156,Group: B,Group: C,Group: B vs Group: C,4,4,Blank_Blank_Blank
"LPI(17:1),LPI(P-18:0)",PI,1321.500099182129,1277.1000900268555,1357.9000854492188,1213.2800788879395,1303.3800964355469,1217.8800888061523,1222.520092010498,1223.4600830078125,1286.3200798034668,Group: B,Group: C,Group: B vs Group: C,4,4,Blank_Blank_Blank
LPI(17:2),PI,1212.3800811767578,1300.6400833129883,1297.660083770752,1211.6200904846191,1222.440097808838,1217.9800987243652,1222.5800704956055,1243.8200874328613,1265.720085144043,Group: B,Group: C,Group: B vs Group: C,4,4,Blank_Blank_Blank
LPI(18:0),PI,1407.0000953674316,1305.6200866699219,1315.9801025390625,1327.9801025390625,1399.3001022338867,1433.9200973510742,1404.860107421875,1311.5000801086426,1266.6800918579102,Group: B,Group: C,Group: B vs Group: C,4,4,Blank_Blank_Blank
LPI(18:1),PI,1374.4000854492188,1266.760082244873,1319.1000862121582,1256.0600929260254,1345.9001007080078,1260.000087738037,1352.6000938415527,1284.260097503662,1266.7000846862793,Group: B,Group: C,Group: B vs Group: C,4,4,Blank_Blank_Blank
LPI(18:2),PI,1260.8800773620605,1279.9200897216797,1330.440097808838,1255.0400848388672,1286.5400886535645,1290.4400939941406,1270.980094909668,1266.2800788879395,1348.2200889587402,Group: B,Group: C,Group: B vs Group: C,4,4,Blank_Blank_Blank
LPI(18:3),PI,1301.3400802612305,1270.1401023864746,1261.2600936889648,1255.0800895690918,1335.6600952148438,1341.9000968933105,1281.2200889587402,1266.2001037597656,1266.8400917053223,Group: B,Group: C,Group: B vs Group: C,4,4,Blank_Blank_Blank
LPI(18:4),PI,1255.780086517334,1266.6800804138184,1260.7600936889648,1255.5200881958008,1264.1200866699219,1278.700080871582,1265.8000869750977,1273.0400924682617,1266.160083770752,Group: B,Group: C,Group: B vs Group: C,4,4,Blank_Blank_Blank
"LPI(19:0),LPI(O-20:0)",PI,1412.5401000976562,1325.9800910949707,1417.14009475708,1319.6600914001465,1340.60009765625,1309.7200965881348,1515.6800994873047,1306.1200942993164,1364.5400886535645,Group: B,Group: C,Group: B vs Group: C,4,4,Blank_Blank_Blank
"LPI(19:1),LPI(P-20:0)",PI,1367.1200981140137,1411.120101928711,1314.2000885009766,1369.400089263916,1391.5401039123535,1526.8801193237305,1291.8400917053223,1281.5400886535645,1404.240104675293,Group: B,Group: C,Group: B vs Group: C,4,4,Blank_Blank_Blank
LPI(20:0),PI,1386.3800888061523,1261.8600883483887,1397.6001014709473,1299.380084991455,1304.2800903320312,1288.7800903320312,1324.1000938415527,1305.2000999450684,1282.280086517334,Group: B,Group: C,Group: B vs Group: C,4,4,Blank_Blank_Blank
LPI(20:1),PI,1336.1000938415527,1274.580093383789,1419.7801055908203,1261.3400802612305,1413.7200889587402,1318.360092163086,1364.2800979614258,1283.0200958251953,1282.280086517334,Group: B,Group: C,Group: B vs Group: C,4,4,Blank_Blank_Blank
LPI(20:2),PI,1257.3800926208496,1308.0200958251953,1340.8200950622559,1255.04008102417,1298.5200881958008,1258.2600898742676,1273.9000930786133,1266.7600936889648,1283.14009475708,Group: B,Group: C,Group: B vs Group: C,4,4,Blank_Blank_Blank
LPI(20:3),PI,1295.3800964355469,1255.8600807189941,1276.5001029968262,1254.740077972412,1263.9800910949707,1301.6200866699219,1404.7600936889648,1266.260097503662,1266.6001052856445,Group: B,Group: C,Group: B vs Group: C,4,4,Blank_Blank_Blank
LPI(20:4),PI,1308.2400932312012,1338.2000846862793,1264.4000816345215,1289.5400848388672,1557.9201164245605,1317.5800857543945,1522.3801040649414,1271.2400970458984,1266.8200950622559,Group: B,Group: C,Group: B vs Group: C,4,4,Blank_Blank_Blank
LPI(20:5),PI,1254.6400871276855,1306.420093536377,1279.3200912475586,1254.3400840759277,1263.8600845336914,1282.6001014709473,1479.3801002502441,1265.8200988769531,1266.880084991455,Group: B,Group: C,Group: B vs Group: C,4,4,Blank_Blank_Blank
LPI(21:0),PI,1256.0600776672363,1386.4200897216797,1311.860092163086,1256.9800910949707,1332.0000839233398,1369.9000930786133,1332.4800910949707,1300.4000930786133,1314.5000915527344,Group: B,Group: C,Group: B vs Group: C,4,4,Blank_Blank_Blank
LPI(22:0),PI,1399.160099029541,1435.1201057434082,1342.1400871276855,1284.360092163086,1583.2001152038574,1359.5001029968262,1314.9201011657715,1382.2400970458984,1343.460090637207,Group: B,Group: C,Group: B vs Group: C,4,4,Blank_Blank_Blank
LPI(22:1),PI,1318.9800834655762,1295.3000793457031,1260.980094909668,1307.400089263916,1339.400089263916,1258.780086517334,1265.1000900268555,1276.6200790405273,1266.1600952148438,Group: B,Group: C,Group: B vs Group: C,4,4,Blank_Blank_Blank
LPI(22:2),PI,1275.1800842285156,1289.980079650879,1315.4800834655762,1255.4400939941406,1317.9800987243652,1359.8200912475586,1298.1600875854492,1265.6400871276855,1331.66011428833,Group: B,Group: C,Group: B vs Group: C,4,4,Blank_Blank_Blank
LPI(22:4),PI,1254.340087890625,1336.3600883483887,1341.7400932312012,1255.440086364746,1264.0400924682617,1289.2601013183594,1264.9200859069824,1314.040096282959,1266.240089416504,Group: B,Group: C,Group: B vs Group: C,4,4,Blank_Blank_Blank
LPI(22:6),PI,1276.420093536377,1381.10009765625,1371.0200958251953,1274.4400787353516,1264.3000831604004,1377.5801048278809,1284.3400955200195,1297.8400840759277,1272.2200889587402,Group: B,Group: C,Group: B vs Group: C,4,4,Blank_Blank_Blank
LPS(12:0),PS,1316.6200981140137,1281.020092010498,1321.1400985717773,1263.4200973510742,1312.5400924682617,1343.64009475708,1299.5201034545898,1285.8800888061523,1311.7200965881348,Group: B,Group: C,Group: B vs Group: C,4,4,Blank_Blank_Blank
LPS(13:0),PS,1312.1800918579102,1290.7600898742676,1260.5400772094727,1351.4800872802734,1339.0000839233398,1258.1200981140137,1320.7400932312012,1361.3000946044922,1351.6600875854492,Group: B,Group: C,Group: B vs Group: C,4,4,Blank_Blank_Blank
LPS(14:1),PS,1974.2801246643066,1745.2201385498047,2151.7601318359375,1638.1201171875,1845.2601356506348,1886.1201286315918,1765.500129699707,2411.380157470703,2102.860153198242,Group: B,Group: C,Group: B vs Group: C,4,4,Blank_Blank_Blank
LPS(16:1),PS,1329.6200904846191,1274.6600875854492,1299.220100402832,1327.1800918579102,1340.760082244873,1275.2600898742676,1334.3400955200195,1299.6600875854492,1385.2000846862793,Group: B,Group: C,Group: B vs Group: C,4,4,Blank_Blank_Blank
LPS(17:2),PS,1369.5400924682617,1257.6200942993164,1281.740077972412,1291.5000915527344,1255.8800811767578,1258.1000785827637,1307.8601036071777,1303.2200813293457,1367.6001014709473,Group: B,Group: C,Group: B vs Group: C,4,4,Blank_Blank_Blank
LPS(18:1),PS,1412.9600982666016,1374.2001037597656,1341.660099029541,1267.8800811767578,1322.1800918579102,1360.7000923156738,1538.6201133728027,1374.160099029541,1419.4400939941406,Group: B,Group: C,Group: B vs Group: C,4,4,Blank_Blank_Blank
LPS(18:2),PS,1321.8400917053223,1356.14009475708,1288.240089416504,1414.9400901794434,1312.8800964355469,1300.720085144043,1378.4001007080078,1303.8800888061523,1285.1800842285156,Group: B,Group: C,Group: B vs Group: C,4,4,Blank_Blank_Blank
LPS(18:3),PS,1262.5600814819336,1293.4600944519043,1305.0800895690918,1293.5200843811035,1263.0800819396973,1257.5800743103027,1273.580093383789,1430.760108947754,1256.6000862121582,Group: B,Group: C,Group: B vs Group: C,4,4,Blank_Blank_Blank
LPS(20:0),PS,1299.5400886535645,1251.5400772094727,1325.6400871276855,1257.520076751709,1266.820083618164,1270.6200790405273,1322.8400917053223,1409.1800994873047,1319.520076751709,Group: B,Group: C,Group: B vs Group: C,4,4,Blank_Blank_Blank
LPS(20:1),PS,1384.3600959777832,1332.3000984191895,1333.0600814819336,1324.5000839233398,1338.220085144043,1257.8000831604004,1261.0400848388672,1356.160099029541,1277.220085144043,Group: B,Group: C,Group: B vs Group: C,4,4,Blank_Blank_Blank
LPS(20:2),PS,1253.280086517334,1274.0800971984863,1290.5400886535645,1355.3400917053223,1256.3400917053223,1299.980094909668,1310.8600997924805,1329.660099029541,1307.880084991455,Group: B,Group: C,Group: B vs Group: C,4,4,Blank_Blank_Blank
LPS(20:3),PS,1274.4000816345215,1384.980110168457,1285.440086364746,1289.700080871582,1315.640079498291,1310.3800811767578,1311.4801063537598,1346.0200958251953,1344.1800918579102,Group: B,Group: C,Group: B vs Group: C,4,4,Blank_Blank_Blank
LPS(20:4),PS,1440.0601043701172,1296.2600860595703,1397.2801094055176,1783.9201278686523,1751.900131225586,1631.7001152038574,1918.1201667785645,1557.0201110839844,1333.220085144043,Group: B,Group: C,Group: B vs Group: C,4,4,Blank_Blank_Blank
LPS(20:5),PS,1288.3200912475586,1251.9800834655762,1324.9000816345215,1261.300090789795,1281.2000846862793,1267.4000854492188,1319.3400993347168,1310.6200981140137,1488.9801063537598,Group: B,Group: C,Group: B vs Group: C,4,4,Blank_Blank_Blank
LPS(21:0),PS,1298.7800903320312,1267.4000854492188,1303.7600784301758,1287.9600944519043,1332.6200904846191,1263.4200859069824,1272.9800834655762,1392.4800987243652,1286.6000862121582,Group: B,Group: C,Group: B vs Group: C,4,4,Blank_Blank_Blank
LPS(22:0),PS,1264.520092010498,1291.1000938415527,1280.7400741577148,1258.4800758361816,1337.740089416504,1283.3200950622559,1260.800090789795,1336.1600875854492,1355.2200965881348,Group: B,Group: C,Group: B vs Group: C,4,4,Blank_Blank_Blank
LPS(22:1),PS,1347.6800842285156,1250.4200859069824,1253.6600799560547,1257.160099029541,1295.6200904846191,1257.9800872802734,1295.3200912475586,1257.8600807189941,1302.3000869750977,Group: B,Group: C,Group: B vs Group: C,4,4,Blank_Blank_Blank
LPS(22:2),PS,1378.740104675293,1286.5600891113281,1313.960090637207,1355.740089416504,1293.6000862121582,1340.160083770752,1399.680103302002,1325.6400871276855,1377.760097503662,Group: B,Group: C,Group: B vs Group: C,4,4,Blank_Blank_Blank
LPS(22:4),PS,1291.7800827026367,1337.540096282959,1278.3000831604004,1308.3200950622559,1260.460090637207,1311.0800857543945,1424.5801086425781,1299.440086364746,1255.740077972412,Group: B,Group: C,Group: B vs Group: C,4,4,Blank_Blank_Blank
LPS(22:6),PS,1568.5401000976562,1402.040096282959,1410.4401054382324,1865.320140838623,1691.5601196289062,2201.460147857666,2173.960174560547,1886.5801467895508,1255.0200805664062,Group: B,Group: C,Group: B vs Group: C,4,4,Blank_Blank_Blank
LPS(O-16:0),PS,1291.2200889587402,1251.4400901794434,1321.8200798034668,1260.5600852966309,1303.2400932312012,1357.960090637207,1283.5800971984863,1419.5000953674316,1328.940086364746,Group: B,Group: C,Group: B vs Group: C,4,4,Blank_Blank_Blank
LPS(O-18:0),PS,2217.3401527404785,2089.6001625061035,2800.380199432373,2376.360153198242,1996.4201354980469,2492.8001708984375,2305.6201705932617,3397.3402671813965,2508.60018157959,Group: B,Group: C,Group: B vs Group: C,4,4,Blank_Blank_Blank
LPS(O-20:0),PS,1335.7000999450684,1281.5600891113281,1380.7200927734375,1271.5600891113281,1351.7600860595703,1323.600082397461,1260.5000915527344,1498.360092163086,1305.3000793457031,Group: B,Group: C,Group: B vs Group: C,4,4,Blank_Blank_Blank
LPS(P-16:0),PS,1268.0200881958008,1328.5601043701172,1312.460090637207,1355.000099182129,1376.1400909423828,1336.4600868225098,1396.8201026916504,1381.56010055542,1404.520092010498,Group: B,Group: C,Group: B vs Group: C,4,4,Blank_Blank_Blank
LPS(P-18:0),PS,1304.4400901794434,1252.440086364746,1331.3400802612305,1314.1400909423828,1341.4800872802734,1366.8801002502441,1327.0801048278809,1304.940086364746,1339.6600875854492,Group: B,Group: C,Group: B vs Group: C,4,4,Blank_Blank_Blank
LPS(P-20:0),PS,1271.0600929260254,1251.8400802612305,1269.9000816345215,1310.5000915527344,1303.4000854492188,1293.6600952148438,1289.6800994873047,1300.980094909668,1299.660083770752,Group: B,Group: C,Group: B vs Group: C,4,4,Blank_Blank_Blank
"PC(10:0),LPC(11:0)",PC,1120.0200805664062,1121.4200744628906,1207.5600891113281,1064.2400817871094,1116.0400848388672,1071.0600776672363,1007.9800682067871,1091.7600708007812,1133.740077972412,Group: B,Group: C,Group: B vs Group: C,4,4,Blank_Blank_Blank
"PC(12:0),LPC(13:0),LPC(O-14:0)",PC,1202.1400756835938,1093.7800674438477,1120.7000846862793,1086.0200805664062,1226.240089416504,1288.4200744628906,1013.2800788879395,1020.5600700378418,1158.0000953674316,Group: B,Group: C,Group: B vs Group: C,4,4,Blank_Blank_Blank
PC(12:4),PC,1127.7400741577148,1165.5600776672363,1176.1600914001465,1087.0000762939453,1298.260097503662,1194.60009765625,1022.3600692749023,1020.500072479248,1293.7600860595703,Group: B,Group: C,Group: B vs Group: C,4,4,Blank_Blank_Blank
"PC(14:0),LPC(15:0),LPC(O-16:0)",PC,1434.260097503662,1612.8600997924805,1447.3001136779785,1378.4800987243652,1382.1601066589355,1201.54008102417,1019.3200721740723,1139.5800704956055,1216.7800788879395,Group: B,Group: C,Group: B vs Group: C,4,4,Blank_Blank_Blank
"PC(16:0),PC(O-17:0),LPC(O-18:0)",PC,1952.080150604248,1539.9001121520996,1432.0200996398926,1155.6400871276855,2613.6202087402344,1748.4201354980469,1483.160099029541,1623.7800979614258,1193.6200866699219,Group: B,Group: C,Group: B vs Group: C,4,4,Blank_Blank_Blank
PC(16:4),PC,1167.460075378418,1070.440086364746,1137.5400695800781,1006.7200660705566,1210.100082397461,1126.3200798034668,1003.4000625610352,1018.7200813293457,1069.9800720214844,Group: B,Group: C,Group: B vs Group: C,4,4,Blank_Blank_Blank
"PC(18:0),LPC(19:0),PC(O-19:0),LPC(O-20:0)",PC,1506.6201133728027,1660.2601280212402,1509.7801055908203,1521.0601081848145,2027.5801239013672,1625.3401069641113,1353.280086517334,1467.760097503662,1168.54008102417,Group: B,Group: C,Group: B vs Group: C,4,4,Blank_Blank_Blank
"PC(18:1),LPC(19:1),PC(O-19:1),LPC(P-20:0)",PC,1361.020092010498,1258.5800971984863,1266.7200889587402,1215.6400985717773,1803.8401260375977,1313.3400955200195,1203.300090789795,1181.4200820922852,1207.3400917053223,Group: B,Group: C,Group: B vs Group: C,4,4,Blank_Blank_Blank
"PC(19:0),LPC(20:0),PC(O-20:0)",PC,1868.6601066589355,2238.380142211914,1390.9000968933105,1179.840087890625,2801.3201789855957,2738.8802757263184,1428.0800857543945,1354.5400924682617,1240.3400917053223,Group: B,Group: C,Group: B vs Group: C,4,4,Blank_Blank_Blank
"PC(19:1),LPC(20:1),PC(O-20:1),PC(P-20:0)",PC,2637.420238494873,1350.1200981140137,1301.8600959777832,1860.9201583862305,1475.3800926208496,1432.7200965881348,1332.7800788879395,1637.6001052856445,1133.980079650879,Group: B,Group: C,Group: B vs Group: C,4,4,Blank_Blank_Blank
"PC(20:0),LPC(21:0),PC(O-21:0)",PC,1011.9200668334961,1374.6201133728027,1190.7200775146484,1034.620059967041,1144.7800788879395,1232.9800872802734,1311.680088043213,1123.7200775146484,1079.0800666809082,Group: B,Group: C,Group: B vs Group: C,4,4,Blank_Blank_Blank
"PC(20:1),PC(O-21:1)",PC,1097.060073852539,1205.7600898742676,1275.6000785827637,1060.520076751709,1069.7800750732422,1243.7200736999512,1035.3600807189941,1095.1600646972656,1105.8800811767578,Group: B,Group: C,Group: B vs Group: C,4,4,Blank_Blank_Blank
"PC(20:4),LPC(21:4)",PC,1207.8800926208496,1018.500072479248,1158.660083770752,998.8400764465332,1120.080078125,1182.7200889587402,1003.7800636291504,1074.04008102417,1039.0200691223145,Group: B,Group: C,Group: B vs Group: C,4,4,Blank_Blank_Blank
"PC(21:0),LPC(22:0),PC(O-22:0)",PC,3542.0002822875977,4266.880290985107,3399.020160675049,2844.940212249756,3913.2002487182617,5760.020576477051,1746.3601341247559,2578.5801734924316,1461.0200958251953,Group: B,Group: C,Group: B vs Group: C,4,4,Blank_Blank_Blank
"PC(21:1),LPC(22:1)",PC,3630.8002128601074,3457.6602210998535,2910.2801666259766,3830.140293121338,4005.5602264404297,5482.260368347168,2058.1201210021973,3462.600170135498,1365.7601051330566,Group: B,Group: C,Group: B vs Group: C,4,4,Blank_Blank_Blank
PC(22:0),PC,2820.4002075195312,2153.660125732422,2554.1001892089844,1720.5801277160645,1702.1601295471191,2188.2001419067383,1282.0200843811035,1324.260082244873,1193.9600830078125,Group: B,Group: C,Group: B vs Group: C,4,4,Blank_Blank_Blank
PC(22:1),PC,1196.0400848388672,1188.9801063537598,1119.54008102417,1032.380069732666,1110.3000869750977,1077.4600791931152,1045.4400634765625,1124.3000717163086,1046.4600715637207,Group: B,Group: C,Group: B vs Group: C,4,4,Blank_Blank_Blank
PC(24:0),PC,2547.000175476074,3069.880195617676,1618.4201011657715,1086.5200843811035,1418.7601051330566,3422.7802505493164,1054.3800811767578,1022.2400665283203,1521.7801132202148,Group: B,Group: C,Group: B vs Group: C,4,4,Blank_Blank_Blank
PC(25:0),PC,2872.0401496887207,2290.440170288086,1655.9401054382324,1140.8800964355469,1791.9000968933105,2883.8401641845703,1213.0400772094727,1385.3000946044922,1182.7000732421875,Group: B,Group: C,Group: B vs Group: C,4,4,Blank_Blank_Blank
PC(26:0),PC,5293.280342102051,3576.020263671875,3417.0202140808105,1568.0200958251953,6876.500534057617,4897.600410461426,1356.8600997924805,1435.10009765625,2059.5001487731934,Group: B,Group: C,Group: B vs Group: C,4,4,Blank_Blank_Blank
PC(26:1),PC,1780.1001281738281,1653.460132598877,1201.500087738037,1245.1800956726074,1324.1600875854492,1405.3400840759277,1018.0400695800781,1050.5600700378418,1068.6600799560547,Group: B,Group: C,Group: B vs Group: C,4,4,Blank_Blank_Blank
"PC(27:0),PC(O-28:0)",PC,3205.8202514648438,2335.540180206299,1612.3801383972168,1095.0200729370117,1449.1201095581055,2361.3001594543457,1096.200065612793,1569.3000984191895,1301.4600982666016,Group: B,Group: C,Group: B vs Group: C,4,4,Blank_Blank_Blank
"PC(27:1),PC(P-28:0)",PC,1315.4400939941406,1202.5400848388672,1369.3801002502441,1135.860092163086,1393.1401138305664,1983.1801300048828,1006.2400741577148,1049.2600708007812,1095.8200759887695,Group: B,Group: C,Group: B vs Group: C,4,4,Blank_Blank_Blank
"PC(28:0),PC(O-29:0)",PC,3079.5202026367188,1888.5401458740234,2971.7001914978027,1819.920124053955,2246.3001556396484,2858.580177307129,1152.2000770568848,1222.5600776672363,1501.2601051330566,Group: B,Group: C,Group: B vs Group: C,4,4,Blank_Blank_Blank
"PC(28:1),PC(P-29:0)",PC,1740.8601112365723,2632.8402061462402,2076.620132446289,1505.8000946044922,2081.8201446533203,3231.3202323913574,1446.6800842285156,1082.1400756835938,1331.660099029541,Group: B,Group: C,Group: B vs Group: C,4,4,Blank_Blank_Blank
PC(28:2),PC,1330.1000938415527,1920.4201202392578,1381.3000946044922,1197.1000938415527,1251.3000793457031,1635.940097808838,1084.9000701904297,1235.2000770568848,1186.1400871276855,Group: B,Group: C,Group: B vs Group: C,4,4,Blank_Blank_Blank
"PC(29:0),PC(O-30:0)",PC,2684.380210876465,2051.400131225586,2391.9801597595215,1367.940097808838,1987.6401405334473,2141.5401763916016,1262.3000984191895,1511.7801132202148,1293.8400955200195,Group: B,Group: C,Group: B vs Group: C,4,4,Blank_Blank_Blank
"PC(29:1),PC(O-30:1),PC(P-30:0)",PC,2336.0802001953125,3954.840400695801,1689.5801391601562,1326.8400955200195,1439.9801063537598,4053.9603004455566,1374.280086517334,1259.0000915527344,1142.400074005127,Group: B,Group: C,Group: B vs Group: C,4,4,Blank_Blank_Blank
"PC(29:2),PC(P-30:1)",PC,1332.8800888061523,1601.6001319885254,1600.060115814209,1038.5400772094727,1472.2201080322266,1588.720100402832,1003.3800621032715,1100.04008102417,1066.9600677490234,Group: B,Group: C,Group: B vs Group: C,4,4,Blank_Blank_Blank
"PC(30:0),PC(O-31:0)",PC,19196.90097427368,20731.801708221436,17107.321174621582,7383.500518798828,18637.720863342285,19799.40170288086,5436.960529327393,6434.60046005249,1580.7601356506348,Group: B,Group: C,Group: B vs Group: C,4,4,Blank_Blank_Blank
"PC(30:1),PC(O-31:1),PC(P-31:0)",PC,52031.38362121582,60199.46614074707,20324.56150817871,24736.822025299072,42133.80410385132,49631.24326324463,6816.460464477539,20190.04125213623,1830.6601295471191,Group: B,Group: C,Group: B vs Group: C,4,4,Blank_Blank_Blank
"PC(30:2),PC(P-31:1)",PC,3508.960289001465,1829.0001182556152,2761.1602478027344,1318.8600883483887,2532.7602005004883,2981.400188446045,1346.0800857543945,1236.0000801086426,1027.9400787353516,Group: B,Group: C,Group: B vs Group: C,4,4,Blank_Blank_Blank
PC(30:3),PC,1421.1201057434082,1353.1600799560547,1455.7401008605957,1103.3200759887695,1583.1201133728027,1487.6001014709473,1012.9000663757324,1228.900074005127,1116.9600677490234,Group: B,Group: C,Group: B vs Group: C,4,4,Blank_Blank_Blank
PC(30:4),PC,2174.200126647949,1426.4400939941406,1555.8801002502441,1014.8400764465332,1133.980079650879,1753.2001037597656,1066.360065460205,1102.1400756835938,1155.5800819396973,Group: B,Group: C,Group: B vs Group: C,4,4,Blank_Blank_Blank
"PC(31:0),PC(O-32:0)",PC,22723.741325378418,27010.782550811768,23600.381916046143,9937.880676269531,20107.641582489014,24796.26165008545,5038.400371551514,8170.960475921631,1627.8001022338867,Group: B,Group: C,Group: B vs Group: C,4,4,Blank_Blank_Blank
"PC(31:1),PC(O-32:1),PC(P-32:0)",PC,4028.100200653076,10220.280895233154,6408.960403442383,3604.3202629089355,7128.820278167725,8127.600704193115,2228.580108642578,2881.280227661133,1036.7200736999512,Group: B,Group: C,Group: B vs Group: C,4,4,Blank_Blank_Blank
"PC(31:2),PC(O-32:2),PC(P-32:1)",PC,2290.74015045166,1819.8201141357422,1825.1601028442383,1059.2800827026367,1877.3601150512695,1992.2001152038574,1176.3200874328613,1628.4001159667969,1108.6800804138184,Group: B,Group: C,Group: B vs Group: C,4,4,Blank_Blank_Blank
"PC(31:3),PC(O-32:3)",PC,1253.160083770752,1269.5600967407227,1391.3401107788086,1246.8201026916504,1175.680088043213,1622.3400917053223,1028.3400688171387,1199.4200897216797,1059.8600769042969,Group: B,Group: C,Group: B vs Group: C,4,4,Blank_Blank_Blank
PC(31:4),PC,1780.8001289367676,1341.680103302002,1356.2401008605957,1258.1000747680664,1220.580078125,1360.10009765625,1102.6400718688965,1077.9800758361816,1123.8000831604004,Group: B,Group: C,Group: B vs Group: C,4,4,Blank_Blank_Blank
"PC(32:0),PC(O-33:0)",PC,502904.6072540283,570871.6282272339,544995.0635910034,219302.8729019165,412703.3106994629,480372.30110931396,109640.77038574219,147631.39001464844,2047.0401344299316,Group: B,Group: C,Group: B vs Group: C,4,4,Blank_Blank_Blank
"PC(32:1),PC(O-33:1),PC(P-33:0)",PC,294122.0535583496,250491.5559425354,173455.77196502686,65170.66458892822,250973.87968444824,237773.66051864624,60684.46403121948,87392.92766571045,1598.6801109313965,Group: B,Group: C,Group: B vs Group: C,4,4,Blank_Blank_Blank
"PC(32:2),PC(O-33:2),PC(P-33:1)",PC,56223.86513519287,54850.823040008545,50996.04354476929,21175.021530151367,50956.7444152832,57421.044998168945,13296.820930480957,21176.12124633789,1084.3800773620605,Group: B,Group: C,Group: B vs Group: C,4,4,Blank_Blank_Blank
"PC(32:3),PC(P-33:2)",PC,3115.060234069824,3078.0402183532715,2416.9401931762695,1996.3001556396484,2816.780128479004,2723.820213317871,1141.6600875854492,1409.8800964355469,1024.2200736999512,Group: B,Group: C,Group: B vs Group: C,4,4,Blank_Blank_Blank
PC(32:4),PC,1378.5400848388672,1577.5801124572754,1193.1000900268555,1387.3601112365723,1632.740119934082,2118.460121154785,1084.6600723266602,1035.000072479248,1165.440086364746,Group: B,Group: C,Group: B vs Group: C,4,4,Blank_Blank_Blank
PC(32:5),PC,2237.7401428222656,1952.0601196289062,1830.2201309204102,1070.5800743103027,1592.1601181030273,2405.0401573181152,1181.3200759887695,1182.4200820922852,1551.2601127624512,Group: B,Group: C,Group: B vs Group: C,4,4,Blank_Blank_Blank
"PC(33:0),PC(O-34:0)",PC,14661.140617370605,17257.580947875977,15453.28087234497,5962.700523376465,11149.460414886475,16544.16111755371,3775.1003036499023,5016.140422821045,1284.7400970458984,Group: B,Group: C,Group: B vs Group: C,4,4,Blank_Blank_Blank
"PC(33:1),PC(O-34:1),PC(P-34:0)",PC,59182.16425704956,64475.265769958496,51922.66215133667,20583.481895446777,45839.54316329956,66470.22568130493,11804.720836639404,17767.161109924316,1384.620101928711,Group: B,Group: C,Group: B vs Group: C,4,4,Blank_Blank_Blank
"PC(33:2),PC(O-34:2),PC(P-34:1)",PC,36984.682025909424,44490.044246673584,39443.542514801025,22529.66191482544,31680.58246231079,39114.142162323,7395.360553741455,10466.56061553955,1257.5800895690918,Group: B,Group: C,Group: B vs Group: C,4,4,Blank_Blank_Blank
"PC(33:3),PC(O-34:3),PC(P-34:2)",PC,3692.6602172851562,4685.780284881592,3878.8603134155273,2406.6201782226562,4331.860279083252,3464.0602378845215,1518.2400932312012,1691.3401107788086,1131.6000709533691,Group: B,Group: C,Group: B vs Group: C,4,4,Blank_Blank_Blank
"PC(33:4),PC(O-34:4),PC(O-34:4),PC(P-34:3)",PC,2549.2002029418945,2335.1001472473145,1396.2200965881348,1228.6800918579102,2316.1801834106445,2063.880111694336,1283.800090789795,1064.8600692749023,1097.420078277588,Group: B,Group: C,Group: B vs Group: C,4,4,Blank_Blank_Blank
"PC(33:5),PC(P-34:4)",PC,2683.7601585388184,2462.2001571655273,2292.1201782226562,1484.2601013183594,1838.58012008667,1501.7800979614258,1136.1600761413574,1359.5400848388672,1248.2200965881348,Group: B,Group: C,Group: B vs Group: C,4,4,Blank_Blank_Blank
"PC(34:0),PC(O-35:0)",PC,213682.13626861572,224212.87371063232,273615.23905181885,100903.70881271362,232145.1633758545,271463.69271850586,71983.86511230469,105246.48706054688,3316.6802558898926,Group: B,Group: C,Group: B vs Group: C,4,4,Blank_Blank_Blank
"PC(34:1),PC(O-35:1),PC(P-35:0)",PC,2772722.8568115234,2789449.555053711,2761332.650756836,1045871.7486572266,2622671.3188476562,2991517.3584594727,740431.3542785645,1067529.1494140625,24446.60189819336,Group: B,Group: C,Group: B vs Group: C,4,4,Blank_Blank_Blank
"PC(34:2),PC(O-35:2),PC(P-35:1)",PC,8119808.387573242,9093297.33959961,7651929.883300781,3679907.8809051514,6765701.729003906,7039593.626342773,1564526.335647583,2208699.486968994,14546.601104736328,Group: B,Group: C,Group: B vs Group: C,4,4,Blank_Blank_Blank
"PC(34:3),PC(P-35:2)",PC,543023.2473068237,587870.0929679871,499545.10665130615,291550.07373809814,540240.2760238647,454240.8507652283,119463.45128631592,163084.3275680542,1841.5201377868652,Group: B,Group: C,Group: B vs Group: C,4,4,Blank_Blank_Blank
"PC(34:4),PC(O-35:4)",PC,29564.901752471924,33080.28195953369,29091.522903442383,17726.320808410645,28645.222652435303,29771.32232284546,8743.460353851318,9268.780853271484,1091.4800758361816,Group: B,Group: C,Group: B vs Group: C,4,4,Blank_Blank_Blank
PC(34:5),PC,3206.200294494629,2600.120147705078,2303.4401893615723,1608.3600959777832,1658.100112915039,2320.880142211914,1297.3000831604004,1085.0600776672363,1155.0000839233398,Group: B,Group: C,Group: B vs Group: C,4,4,Blank_Blank_Blank
PC(34:6),PC,2939.5001640319824,1753.1601219177246,2373.6601791381836,1523.9401092529297,1468.10009765625,3079.560230255127,1116.3000717163086,1595.7001419067383,1161.0000801086426,Group: B,Group: C,Group: B vs Group: C,4,4,Blank_Blank_Blank
"PC(35:2),PC(O-36:2),PC(P-36:1)",PC,50390.123905181885,62857.08335876465,91738.52780532837,54101.92348098755,77363.10506057739,102109.16695785522,19155.301906585693,33085.441692352295,1357.06010055542,Group: B,Group: C,Group: B vs Group: C,4,4,Blank_Blank_Blank
"PC(35:3),PC(O-36:3),PC(P-36:2)",PC,19065.461742401123,21634.101585388184,37852.801345825195,22001.401321411133,31348.323364257812,40973.601875305176,7848.020725250244,10744.880615234375,1269.540096282959,Group: B,Group: C,Group: B vs Group: C,4,4,Blank_Blank_Blank
"PC(35:4),PC(O-36:4),PC(P-36:3)",PC,19472.241889953613,23485.6215133667,32351.002922058105,22653.34139251709,27254.18271255493,36833.00337219238,9518.020725250244,10901.320629119873,1270.5200881958008,Group: B,Group: C,Group: B vs Group: C,4,4,Blank_Blank_Blank
"PC(35:5),PC(O-36:5),PC(P-36:4)",PC,7430.680606842041,9114.16039276123,10993.500854492188,5397.320274353027,9872.720546722412,12909.500747680664,3414.7203063964844,4913.12032699585,1102.1400680541992,Group: B,Group: C,Group: B vs Group: C,4,4,Blank_Blank_Blank
"PC(35:6),PC(P-36:5)",PC,6195.600326538086,7306.440448760986,9065.760772705078,5291.860523223877,6806.300559997559,7742.800598144531,1861.6201133728027,4053.300319671631,1140.4200744628906,Group: B,Group: C,Group: B vs Group: C,4,4,Blank_Blank_Blank
"PC(36:3),PC(P-37:2)",PC,1561207.6934204102,1571298.8008422852,2525192.422821045,1301661.1494522095,2342629.3086242676,2370313.443359375,695417.4697341919,875369.8801269531,3154.4602127075195,Group: B,Group: C,Group: B vs Group: C,4,4,Blank_Blank_Blank
"PC(36:4),PC(O-37:4)",PC,3140588.8768310547,3261567.6635742188,5532496.182769775,2990883.3553962708,4191011.9025268555,4685282.777832031,1373799.6777801514,1305412.6093139648,3714.420280456543,Group: B,Group: C,Group: B vs Group: C,4,4,Blank_Blank_Blank
PC(36:5),PC,160062.72800445557,171502.41500854492,256207.26671981812,167658.59553146362,295895.6971206665,250014.87100982666,66800.54660797119,85680.1035194397,1204.5800743103027,Group: B,Group: C,Group: B vs Group: C,4,4,Blank_Blank_Blank
PC(36:6),PC,10219.160697937012,11591.560531616211,15939.480754852295,10396.260627746582,15822.02088546753,18644.921043395996,6278.54048538208,6926.080326080322,1051.920078277588,Group: B,Group: C,Group: B vs Group: C,4,4,Blank_Blank_Blank
"PC(36:7),PC(35:0),PC(O-36:0)",PC,5281.560211181641,5744.3804359436035,8186.640647888184,4295.160400390625,6096.080352783203,7218.560489654541,2535.4801597595215,3290.400218963623,1483.8200912475586,Group: B,Group: C,Group: B vs Group: C,4,4,Blank_Blank_Blank
"PC(36:8),PC(35:1),PC(O-36:1),PC(P-36:0)",PC,24652.54159927368,29198.62215423584,42867.643226623535,21035.601791381836,36245.123626708984,45407.383335113525,10331.800579071045,14640.921089172363,2014.0201568603516,Group: B,Group: C,Group: B vs Group: C,4,4,Blank_Blank_Blank
"PC(37:3),PC(O-38:3),PC(P-38:2)",PC,20892.081413269043,20588.38185119629,34873.861808776855,18135.54098892212,24930.08184814453,35007.482162475586,7903.620578765869,9188.820735931396,1122.7200813293457,Group: B,Group: C,Group: B vs Group: C,4,4,Blank_Blank_Blank
"PC(37:4),PC(O-38:4),PC(P-38:3)",PC,42206.804122924805,53467.545349121094,83288.80562973022,51180.664165496826,52774.284366607666,75286.80555725098,19033.36159133911,23259.521949768066,1153.8600845336914,Group: B,Group: C,Group: B vs Group: C,4,4,Blank_Blank_Blank
"PC(37:5),PC(O-38:5),PC(P-38:4)",PC,22674.201599121094,25585.662185668945,45440.54393386841,22417.301818847656,33240.56210708618,47006.24277114868,10027.120681762695,14100.920917510986,1121.4000778198242,Group: B,Group: C,Group: B vs Group: C,4,4,Blank_Blank_Blank
"PC(37:6),PC(O-38:6),PC(P-38:5)",PC,14668.781120300293,13789.261138916016,60112.5632019043,29165.32279586792,39102.322425842285,49995.18451690674,10825.440658569336,14480.241031646729,1113.5400848388672,Group: B,Group: C,Group: B vs Group: C,4,4,Blank_Blank_Blank
"PC(37:7),PC(P-38:6),PC(36:0),PC(O-37:0)",PC,17563.6014213562,19062.621673583984,60162.38531112671,27481.88230895996,54932.44467163086,61164.464668273926,15100.801132202148,20457.420978546143,1844.1601181030273,Group: B,Group: C,Group: B vs Group: C,4,4,Blank_Blank_Blank
PC(38:3),PC,722727.05052948,860060.4046173096,641641.2335281372,339370.71968460083,575678.0688552856,636011.6054077148,221328.63663101196,254519.01460266113,1235.7600898742676,Group: B,Group: C,Group: B vs Group: C,4,4,Blank_Blank_Blank
PC(38:4),PC,2411916.0517578125,2998762.185821533,2580993.3230285645,1479265.6391410828,1897121.7536621094,2123667.4590148926,838898.1876983643,818791.9755096436,2700.000198364258,Group: B,Group: C,Group: B vs Group: C,4,4,Blank_Blank_Blank
PC(38:5),PC,1428115.6256713867,1580132.8130950928,1610836.7103042603,825818.5245895386,1302630.1609191895,1365907.8989868164,406271.06674194336,485283.9002609253,1894.760139465332,Group: B,Group: C,Group: B vs Group: C,4,4,Blank_Blank_Blank
PC(38:6),PC,2730206.1982421875,3062813.374694824,3128320.427974701,1516427.970588684,2345512.594177246,2776171.8789367676,822142.262348175,777356.8736877441,1880.6201286315918,Group: B,Group: C,Group: B vs Group: C,4,4,Blank_Blank_Blank
"PC(38:7),PC(37:0),PC(O-38:0)",PC,94135.70844268799,98213.00824737549,124969.7488937378,77868.54423522949,120934.54796600342,114109.54746246338,35589.80174255371,41563.04361343384,1229.600082397461,Group: B,Group: C,Group: B vs Group: C,4,4,Blank_Blank_Blank
"PC(38:8),PC(37:1),PC(O-38:1),PC(P-38:0)",PC,29518.22173690796,36659.26258850098,40130.703144073486,23100.12120437622,32422.06276702881,41198.48229217529,9486.940544128418,12242.880939483643,1130.520076751709,Group: B,Group: C,Group: B vs Group: C,4,4,Blank_Blank_Blank
"PC(38:9),PC(37:2),PC(O-38:2),PC(P-38:1)",PC,29223.461051940918,40008.543128967285,43712.82311248779,26930.201526641846,43245.68223953247,49050.40266036987,9823.120449066162,13753.98120880127,1205.04008102417,Group: B,Group: C,Group: B vs Group: C,4,4,Blank_Blank_Blank
"PC(39:4),PC(O-40:4),PC(P-40:3)",PC,25933.801651000977,32141.92279815674,24914.262088775635,14629.321018218994,24793.54192352295,28573.62118911743,6993.760509490967,7856.100574493408,1188.180088043213,Group: B,Group: C,Group: B vs Group: C,4,4,Blank_Blank_Blank
"PC(39:5),PC(O-40:5),PC(P-40:4)",PC,14812.061000823975,18237.84132003784,17398.720851898193,7549.380481719971,12307.30069732666,18524.341724395752,4373.480400085449,6408.8005027771,1030.2200660705566,Group: B,Group: C,Group: B vs Group: C,4,4,Blank_Blank_Blank
"PC(39:6),PC(O-40:6),PC(P-40:5)",PC,47728.684326171875,57870.52552032471,49467.72373199463,23728.282012939453,35257.00326156616,55000.64392089844,12515.76067352295,14859.381145477295,1175.520076751709,Group: B,Group: C,Group: B vs Group: C,4,4,Blank_Blank_Blank
"PC(39:7),PC(P-40:6),PC(38:0),PC(O-39:0)",PC,309226.482383728,299158.617729187,260862.09677124023,85563.50590133667,222651.7800140381,245544.89897155762,51726.004123687744,76115.5666809082,3701.88028717041,Group: B,Group: C,Group: B vs Group: C,4,4,Blank_Blank_Blank
"PC(39:8),PC(O-40:8),PC(38:1),PC(O-39:1),PC(P-39:0)",PC,809327.7671966553,876489.5610351562,690042.5833816528,306726.5997695923,633029.9189453125,604424.4948120117,126617.27021026611,176516.47151947021,3061.3202018737793,Group: B,Group: C,Group: B vs Group: C,4,4,Blank_Blank_Blank
"PC(40:1),PC(P-41:0)",PC,275198.0910797119,322706.0951538086,233104.2773399353,96170.78363418579,207771.919090271,187815.99503707886,47993.78422546387,72866.52410125732,1526.820110321045,Group: B,Group: C,Group: B vs Group: C,4,4,Blank_Blank_Blank
"PC(40:10),PC(39:3),PC(O-40:3),PC(P-40:2)",PC,12559.980934143066,16680.181301116943,11358.920825958252,6660.680603027344,10734.940528869629,11938.080657958984,3812.600227355957,3789.1202545166016,1029.2600708007812,Group: B,Group: C,Group: B vs Group: C,4,4,Blank_Blank_Blank
PC(40:2),PC,224847.11978530884,223385.4545288086,202091.6392250061,80729.20837402344,178129.2141418457,159565.37224960327,42372.52349472046,54180.04384613037,1211.7000923156738,Group: B,Group: C,Group: B vs Group: C,4,4,Blank_Blank_Blank
PC(40:3),PC,474730.1739501953,487719.76680374146,432927.681930542,194250.9902381897,339585.55211639404,333179.026802063,87521.50308227539,86870.46369934082,1292.14009475708,Group: B,Group: C,Group: B vs Group: C,4,4,Blank_Blank_Blank
PC(40:4),PC,96597.40979003906,107779.72495651245,78705.96532058716,36540.40343475342,89741.16484451294,80582.24447250366,20668.161670684814,19595.321537017822,1208.4200820922852,Group: B,Group: C,Group: B vs Group: C,4,4,Blank_Blank_Blank
PC(40:5),PC,153579.10717773438,196568.69330215454,144922.91067886353,72500.32370376587,135788.8458366394,152900.2307319641,42792.74273300171,49236.244132995605,1163.4000778198242,Group: B,Group: C,Group: B vs Group: C,4,4,Blank_Blank_Blank
PC(40:6),PC,558099.1842422485,784146.5929718018,588913.5117034912,295942.7466468811,436218.70206451416,597200.7484436035,183806.15353012085,209357.83248519897,1215.160068511963,Group: B,Group: C,Group: B vs Group: C,4,4,Blank_Blank_Blank
"PC(40:7),PC(39:0),PC(O-40:0)",PC,430127.9574279785,516111.43813323975,512319.93983078003,258442.41244125366,376660.1496658325,478881.42095184326,152300.0920677185,161351.57173156738,1182.5800819396973,Group: B,Group: C,Group: B vs Group: C,4,4,Blank_Blank_Blank
"PC(40:8),PC(39:1),PC(O-40:1),PC(P-40:0)",PC,137270.5129928589,186595.39934158325,176118.6332321167,86681.44380187988,118381.62808227539,124232.9285697937,34533.02222442627,45850.38266372681,1116.320083618164,Group: B,Group: C,Group: B vs Group: C,4,4,Blank_Blank_Blank
"PC(40:9),PC(39:2),PC(O-40:2),PC(P-40:1)",PC,16743.62119293213,20795.1417388916,16263.781089782715,8965.000762939453,15977.241443634033,15943.401268005371,4261.240268707275,4681.880424499512,1089.1200790405273,Group: B,Group: C,Group: B vs Group: C,4,4,Blank_Blank_Blank
"PC(41:5),PC(P-42:4)",PC,5325.320289611816,5915.500331878662,4762.800399780273,2801.5201416015625,4056.6603355407715,4798.620441436768,1731.1601257324219,1928.280117034912,1133.7400817871094,Group: B,Group: C,Group: B vs Group: C,4,4,Blank_Blank_Blank
"PC(41:6),PC(O-42:6)",PC,11519.440731048584,12793.08056640625,10099.220603942871,4943.74031829834,8646.760585784912,11168.840934753418,3021.3601608276367,4061.8202934265137,1183.720085144043,Group: B,Group: C,Group: B vs Group: C,4,4,Blank_Blank_Blank
"PC(41:7),PC(P-42:6),PC(40:0),PC(O-41:0)",PC,54543.6632270813,61308.54542541504,45531.762535095215,17943.961906433105,39755.1636390686,37586.2629699707,10851.860740661621,16608.581089019775,1661.7401237487793,Group: B,Group: C,Group: B vs Group: C,4,4,Blank_Blank_Blank
PC(42:0),PC,5289.240383148193,5306.520484924316,3994.460277557373,2175.0801582336426,4175.060218811035,4145.120399475098,1481.4400901794434,1951.4001274108887,1092.9200744628906,Group: B,Group: C,Group: B vs Group: C,4,4,Blank_Blank_Blank
PC(42:1),PC,14707.381225585938,17266.321155548096,12028.440830230713,5956.1004638671875,12132.020690917969,11023.30062866211,3847.340305328369,4246.360366821289,1093.3600769042969,Group: B,Group: C,Group: B vs Group: C,4,4,Blank_Blank_Blank
"PC(42:10),PC(41:3),PC(O-42:3),PC(P-42:2)",PC,42461.48235321045,54347.10349273682,39693.04283905029,15426.22138595581,28683.362369537354,33880.62279129028,9217.320537567139,8477.940650939941,1173.1200828552246,Group: B,Group: C,Group: B vs Group: C,4,4,Blank_Blank_Blank
"PC(42:11),PC(41:4),PC(O-42:4)",PC,7717.080432891846,8365.540740966797,7549.280731201172,3299.800224304199,6062.340305328369,6667.340602874756,1840.1801528930664,2795.8201637268066,1121.2600746154785,Group: B,Group: C,Group: B vs Group: C,4,4,Blank_Blank_Blank
PC(42:2),PC,58673.58568191528,66541.76351547241,49517.12396621704,19950.781509399414,42907.88395690918,40493.222595214844,15660.181190490723,16227.701110839844,1391.580078125,Group: B,Group: C,Group: B vs Group: C,4,4,Blank_Blank_Blank
PC(42:3),PC,207257.07556915283,242727.09312438965,204138.9916381836,90188.70597839355,146552.61178207397,144076.43310546875,50116.04407119751,56418.10333251953,1166.4800834655762,Group: B,Group: C,Group: B vs Group: C,4,4,Blank_Blank_Blank
PC(42:4),PC,115093.52837753296,123539.74755859375,121332.28907394409,49824.903663635254,96189.50773239136,94271.90766525269,25265.442260742188,31214.94249343872,1228.2200813293457,Group: B,Group: C,Group: B vs Group: C,4,4,Blank_Blank_Blank
PC(42:5),PC,257014.65744781494,312767.40061187744,253884.6217918396,98945.10851669312,187939.67343902588,198383.47956466675,50025.04284286499,55452.82387924194,1033.2800788879395,Group: B,Group: C,Group: B vs Group: C,4,4,Blank_Blank_Blank
PC(42:6),PC,27665.90137863159,30523.121837615967,19184.841690063477,10958.680992126465,21457.14225769043,22939.86198425293,6069.600395202637,5984.780410766602,1210.1800804138184,Group: B,Group: C,Group: B vs Group: C,4,4,Blank_Blank_Blank
"PC(42:7),PC(41:0),PC(O-42:0)",PC,18496.061626434326,23641.421447753906,20885.760776519775,10108.380847930908,18067.141441345215,19618.001121520996,5714.140441894531,6578.040397644043,1031.5400772094727,Group: B,Group: C,Group: B vs Group: C,4,4,Blank_Blank_Blank
"PC(42:8),PC(41:1),PC(O-42:1),PC(P-42:0)",PC,14593.881343841553,15661.581157684326,15375.701335906982,8695.120704650879,13558.000659942627,14323.300708770752,4453.0602951049805,6038.020496368408,1017.8400726318359,Group: B,Group: C,Group: B vs Group: C,4,4,Blank_Blank_Blank
"PC(42:9),PC(41:2),PC(O-42:2),PC(P-42:1)",PC,15925.141143798828,20162.941116333008,16501.601402282715,6181.440540313721,12198.120677947998,13255.340660095215,4104.540332794189,4595.580337524414,1070.3000755310059,Group: B,Group: C,Group: B vs Group: C,4,4,Blank_Blank_Blank
PC(43:2),PC,2873.3802337646484,2318.400146484375,2158.76016998291,1569.0600967407227,1744.1801300048828,2675.8402366638184,1240.0400733947754,1662.8001174926758,1075.8000831604004,Group: B,Group: C,Group: B vs Group: C,4,4,Blank_Blank_Blank
"PC(43:4),PC(O-44:4)",PC,4468.28031539917,3920.620231628418,3543.000274658203,2197.480178833008,2841.7202339172363,4482.100357055664,1121.9800834655762,1382.800090789795,1107.6800842285156,Group: B,Group: C,Group: B vs Group: C,4,4,Blank_Blank_Blank
PC(43:6),PC,3044.420192718506,3153.480251312256,2562.3801803588867,1500.1601028442383,2135.3801307678223,3341.6001930236816,1232.04008102417,1505.8400993347168,1007.4800720214844,Group: B,Group: C,Group: B vs Group: C,4,4,Blank_Blank_Blank
PC(44:0),PC,1907.0001182556152,1832.5201606750488,1410.3200988769531,1057.880069732666,1357.56010055542,1631.880111694336,1120.520076751709,1172.6800842285156,1016.5200653076172,Group: B,Group: C,Group: B vs Group: C,4,4,Blank_Blank_Blank
PC(44:1),PC,1886.520149230957,1422.1801071166992,1502.6601028442383,1252.1400833129883,1395.2200965881348,2353.520191192627,1005.820068359375,1191.5600929260254,1067.140079498291,Group: B,Group: C,Group: B vs Group: C,4,4,Blank_Blank_Blank
"PC(44:10),PC(O-44:3)",PC,6740.420650482178,5007.720291137695,3521.6402893066406,2273.4801864624023,3628.8802528381348,5548.540378570557,1638.9601020812988,1684.2801055908203,991.2000617980957,Group: B,Group: C,Group: B vs Group: C,4,4,Blank_Blank_Blank
"PC(44:12),PC(O-44:5)",PC,6141.660472869873,6866.8006019592285,5093.620277404785,2692.880214691162,3879.020233154297,6811.180641174316,1694.0401153564453,2017.5801391601562,1075.9600791931152,Group: B,Group: C,Group: B vs Group: C,4,4,Blank_Blank_Blank
PC(44:2),PC,2823.000198364258,3324.1402282714844,2125.060127258301,1490.4801063537598,2282.200183868408,2265.8601608276367,1232.6000900268555,1249.3000946044922,1036.1000633239746,Group: B,Group: C,Group: B vs Group: C,4,4,Blank_Blank_Blank
PC(44:3),PC,5997.820472717285,6782.300563812256,5167.080360412598,3029.4402084350586,4915.400310516357,4904.440349578857,2392.880157470703,2160.020175933838,1060.2800674438477,Group: B,Group: C,Group: B vs Group: C,4,4,Blank_Blank_Blank
PC(44:4),PC,11422.140781402588,15120.740863800049,13325.62098312378,5843.280456542969,10207.481033325195,10629.840923309326,4189.260387420654,4544.800289154053,1121.7600708007812,Group: B,Group: C,Group: B vs Group: C,4,4,Blank_Blank_Blank
PC(44:5),PC,42425.10468673706,55555.94437789917,43463.42278671265,17538.121425628662,31314.282516479492,36084.02201461792,11915.920677185059,14516.461277008057,1057.3800735473633,Group: B,Group: C,Group: B vs Group: C,4,4,Blank_Blank_Blank
PC(44:6),PC,27945.84210586548,33650.7424659729,32739.042514801025,14596.301223754883,22056.26118850708,25053.661949157715,8826.660633087158,9616.700679779053,1004.1600761413574,Group: B,Group: C,Group: B vs Group: C,4,4,Blank_Blank_Blank
"PC(44:7),PC(43:0)",PC,11006.801021575928,13436.80111694336,14104.401107788086,6210.160491943359,9287.520721435547,8473.580703735352,3432.100212097168,4581.500312805176,1077.320068359375,Group: B,Group: C,Group: B vs Group: C,4,4,Blank_Blank_Blank
"PC(44:8),PC(43:1)",PC,2783.3201789855957,2920.1002197265625,2966.840156555176,1673.460105895996,2051.26016998291,2458.3001556396484,1394.760082244873,1520.5600814819336,1043.000072479248,Group: B,Group: C,Group: B vs Group: C,4,4,Blank_Blank_Blank
PC(46:0),PC,1448.0201110839844,1158.9800834655762,1148.2600898742676,1034.9800643920898,1129.2400856018066,1326.5200996398926,1003.3400726318359,1004.3600654602051,991.3200645446777,Group: B,Group: C,Group: B vs Group: C,4,4,Blank_Blank_Blank
PC(46:1),PC,2117.840133666992,1403.3601112365723,1050.0400772094727,1016.2400741577148,1497.2200927734375,1746.0201148986816,1027.8200607299805,1124.0000648498535,1028.3800659179688,Group: B,Group: C,Group: B vs Group: C,4,4,Blank_Blank_Blank
PC(46:2),PC,1974.5001373291016,1380.720100402832,1063.62007522583,1138.8200759887695,1552.8801231384277,1850.6801376342773,1021.1600761413574,1026.320068359375,991.5600700378418,Group: B,Group: C,Group: B vs Group: C,4,4,Blank_Blank_Blank
PC(48:0),PC,1085.900074005127,1068.7000732421875,1078.020076751709,1042.400089263916,1131.9800758361816,1112.6200866699219,1002.6800689697266,1065.5600852966309,1018.5200691223145,Group: B,Group: C,Group: B vs Group: C,4,4,Blank_Blank_Blank
PC(48:2),PC,1588.6601104736328,1275.3800888061523,1014.9000778198242,1118.9800758361816,1140.940071105957,1457.420108795166,1060.880069732666,1028.980068206787,991.1000633239746,Group: B,Group: C,Group: B vs Group: C,4,4,Blank_Blank_Blank
"PC(4:0),LPC(5:0)",PC,1235.880084991455,1140.2800827026367,1075.700080871582,991.0200729370117,1306.8600845336914,1106.0400848388672,1081.6200714111328,1090.4000701904297,1458.240104675293,Group: B,Group: C,Group: B vs Group: C,4,4,Blank_Blank_Blank
PC(50:0),PC,1227.3800888061523,1117.080078125,1033.3600845336914,998.3000640869141,1034.7600708007812,1103.6400909423828,1002.9000625610352,1036.7600784301758,991.0200653076172,Group: B,Group: C,Group: B vs Group: C,4,4,Blank_Blank_Blank
PC(52:0),PC,1241.180088043213,1125.3200874328613,1041.6600646972656,1046.8600730895996,1012.1800727844238,1059.5800704956055,1002.5600738525391,1084.7600708007812,991.7400665283203,Group: B,Group: C,Group: B vs Group: C,4,4,Blank_Blank_Blank
PC(52:4),PC,1011.5400810241699,1082.3600769042969,1021.7600746154785,999.3800735473633,1020.9800720214844,1057.2600746154785,1003.4600677490234,1030.6800727844238,991.3000717163086,Group: B,Group: C,Group: B vs Group: C,4,4,Blank_Blank_Blank
PC(54:12),PC,1135.2800788879395,1047.1800727844238,1023.3200759887695,997.6400718688965,1034.9200706481934,1021.6600685119629,1047.4000701904297,1035.6600723266602,991.6800689697266,Group: B,Group: C,Group: B vs Group: C,4,4,Blank_Blank_Blank
PC(56:12),PC,1018.4000663757324,996.1200752258301,1038.9800758361816,998.260066986084,1224.3000946044922,1128.820068359375,1003.5600662231445,1004.440071105957,991.3400764465332,Group: B,Group: C,Group: B vs Group: C,4,4,Blank_Blank_Blank
PC(56:8),PC,1098.6800804138184,1196.4800910949707,1179.6200942993164,1049.1800689697266,1280.6600952148438,1191.100082397461,1080.9000816345215,1049.6200714111328,1048.6200714111328,Group: B,Group: C,Group: B vs Group: C,4,4,Blank_Blank_Blank
PC(56:9),PC,1228.9200897216797,1146.0600814819336,1127.5000762939453,1227.4600944519043,1197.460090637207,1131.380069732666,1002.9000701904297,1125.3000984191895,1048.9000816345215,Group: B,Group: C,Group: B vs Group: C,4,4,Blank_Blank_Blank
"PC(6:0),LPC(7:0)",PC,1125.7400817871094,1168.280086517334,1146.5200729370117,971.9000663757324,1048.1000747680664,1024.9600791931152,1001.7400703430176,1034.4600639343262,1110.780071258545,Group: B,Group: C,Group: B vs Group: C,4,4,Blank_Blank_Blank
"PC(8:0),LPC(9:0)",PC,1070.6800804138184,1264.980079650879,1287.5600929260254,975.1200714111328,1344.700096130371,1128.5800895690918,1001.8800621032715,1009.8400688171387,1113.560073852539,Group: B,Group: C,Group: B vs Group: C,4,4,Blank_Blank_Blank
PC(O-12:1),PC,1206.6800918579102,1076.0200843811035,1146.5600776672363,1017.9800720214844,1049.6400718688965,1116.5200843811035,1029.9600677490234,1019.2600708007812,1255.4600791931152,Group: B,Group: C,Group: B vs Group: C,4,4,Blank_Blank_Blank
"PC(O-13:1),LPC(P-14:0)",PC,1195.160083770752,1245.0200958251953,1074.8400802612305,1116.860065460205,1181.880069732666,1136.8600845336914,1002.6000671386719,1004.7800674438477,1077.680076599121,Group: B,Group: C,Group: B vs Group: C,4,4,Blank_Blank_Blank
"PC(O-38:8),PC(36:1),PC(O-37:1),PC(P-37:0)",PC,399254.8081817627,474382.86151123047,616289.9534759521,337400.86407470703,554169.2330627441,609567.3853912354,185572.61525726318,257848.0689086914,6266.940528869629,Group: B,Group: C,Group: B vs Group: C,4,4,Blank_Blank_Blank
"PC(O-38:9),PC(36:2),PC(O-37:2),PC(P-37:1)",PC,2036450.9821777344,2499762.0372314453,3197355.3316345215,1850747.7532730103,2863088.2294311523,3011283.760498047,868259.5540237427,1232604.0199890137,7848.400497436523,Group: B,Group: C,Group: B vs Group: C,4,4,Blank_Blank_Blank
"PC(O-40:9),PC(38:2),PC(P-39:1)",PC,322711.82946395874,372016.99437713623,284927.3058357239,146747.93301391602,293046.1841888428,285876.9627227783,62924.06530761719,88105.36466598511,1619.3601036071777,Group: B,Group: C,Group: B vs Group: C,4,4,Blank_Blank_Blank
"PE(12:0),LPE(13:0)",PE,1233.6200904846191,1247.840087890625,1403.1200981140137,1243.800090789795,1222.6000938415527,1222.7600860595703,1262.360092163086,1296.380084991455,1308.9600868225098,Group: B,Group: C,Group: B vs Group: C,4,4,Blank_Blank_Blank
"PE(16:0),LPE(O-18:0)",PE,1352.3600997924805,1392.820110321045,1333.4401016235352,1450.9801063537598,1290.4000930786133,1567.2001113891602,1241.0000953674316,1291.3801002502441,1267.4600868225098,Group: B,Group: C,Group: B vs Group: C,4,4,Blank_Blank_Blank
"PE(20:0),LPE(21:0)",PE,1381.5201034545898,1341.1200904846191,1242.0800895690918,1443.6400985717773,1253.1200866699219,1307.240089416504,1311.7000923156738,1283.6000862121582,1209.4200820922852,Group: B,Group: C,Group: B vs Group: C,4,4,Blank_Blank_Blank
PE(24:0),PE,1532.2201118469238,1426.480094909668,1298.5400886535645,1381.8800964355469,1346.7400970458984,1417.8800888061523,1223.3800926208496,1221.940086364746,1230.600082397461,Group: B,Group: C,Group: B vs Group: C,4,4,Blank_Blank_Blank
PE(25:0),PE,1395.6400871276855,1405.7000846862793,1267.8400917053223,1233.5600776672363,1222.60009765625,1367.9801025390625,1310.5401077270508,1221.6200866699219,1209.5800857543945,Group: B,Group: C,Group: B vs Group: C,4,4,Blank_Blank_Blank
PE(26:0),PE,1268.3400917053223,1360.7000923156738,1261.1200904846191,1296.8600883483887,1241.6600952148438,1263.8800811767578,1224.2000885009766,1222.3000869750977,1260.5400886535645,Group: B,Group: C,Group: B vs Group: C,4,4,Blank_Blank_Blank
PE(26:1),PE,1296.2400856018066,1269.080093383789,1325.9200897216797,1240.4600791931152,1222.520092010498,1239.0400848388672,1223.0800819396973,1221.1000938415527,1210.640079498291,Group: B,Group: C,Group: B vs Group: C,4,4,Blank_Blank_Blank
"PE(27:0),PE(O-28:0)",PE,1232.4600982666016,1232.180103302002,1285.4000854492188,1225.3600807189941,1248.5200881958008,1403.1601028442383,1297.5600929260254,1222.1400833129883,1210.0800857543945,Group: B,Group: C,Group: B vs Group: C,4,4,Blank_Blank_Blank
"PE(27:1),PE(P-28:0)",PE,1391.8001022338867,1285.5000915527344,1400.5001182556152,1355.2601013183594,1296.2200965881348,1291.4800910949707,1222.9400787353516,1233.880084991455,1236.9400901794434,Group: B,Group: C,Group: B vs Group: C,4,4,Blank_Blank_Blank
"PE(28:1),PE(P-29:0)",PE,1295.460090637207,1373.1200942993164,1538.9801063537598,1324.3000946044922,1337.8801002502441,1345.1200981140137,1223.4400901794434,1326.0400886535645,1234.9800834655762,Group: B,Group: C,Group: B vs Group: C,4,4,Blank_Blank_Blank
PE(28:2),PE,1344.6600875854492,1252.1601028442383,1285.0800857543945,1290.8600845336914,1276.4000854492188,1235.7200813293457,1314.4400901794434,1221.000087738037,1316.360092163086,Group: B,Group: C,Group: B vs Group: C,4,4,Blank_Blank_Blank
"PE(29:0),PE(O-30:0)",PE,1484.6001052856445,1220.54008102417,1252.8400840759277,1289.8400917053223,1237.3600845336914,1242.2200927734375,1223.0400848388672,1221.760097503662,1248.3000869750977,Group: B,Group: C,Group: B vs Group: C,4,4,Blank_Blank_Blank
"PE(29:1),PE(O-30:1),PE(P-30:0)",PE,1265.3200950622559,1296.540096282959,1236.840087890625,1275.2400856018066,1288.3201065063477,1236.6800956726074,1288.660099029541,1232.180088043213,1210.340087890625,Group: B,Group: C,Group: B vs Group: C,4,4,Blank_Blank_Blank
"PE(29:2),PE(P-30:1)",PE,1324.7001037597656,1284.8600883483887,1256.820083618164,1334.2201042175293,1251.0200805664062,1266.56010055542,1222.900074005127,1301.580093383789,1210.180088043213,Group: B,Group: C,Group: B vs Group: C,4,4,Blank_Blank_Blank
"PE(30:0),PE(O-31:0)",PE,1457.4001007080078,1427.7800979614258,1505.7200965881348,1324.940097808838,1293.5600891113281,1494.060115814209,1288.9000968933105,1254.160083770752,1217.0000839233398,Group: B,Group: C,Group: B vs Group: C,4,4,Blank_Blank_Blank
"PE(30:1),PE(O-31:1),PE(P-31:0)",PE,1339.3000984191895,1242.1000900268555,1382.4200973510742,1478.4801063537598,1222.9200859069824,1226.9200820922852,1296.5600967407227,1225.1000785827637,1211.0400848388672,Group: B,Group: C,Group: B vs Group: C,4,4,Blank_Blank_Blank
"PE(30:2),PE(P-31:1)",PE,1250.6000900268555,1220.8200912475586,1280.8000831604004,1293.7400856018066,1223.5600776672363,1301.1600914001465,1291.2400970458984,1376.14009475708,1209.7000846862793,Group: B,Group: C,Group: B vs Group: C,4,4,Blank_Blank_Blank
PE(30:3),PE,1274.4000930786133,1297.8800926208496,1294.5400924682617,1289.9800910949707,1223.740089416504,1223.4200897216797,1223.8600883483887,1221.0000915527344,1286.740089416504,Group: B,Group: C,Group: B vs Group: C,4,4,Blank_Blank_Blank
PE(30:4),PE,1295.000087738037,1310.5800895690918,1377.180103302002,1219.0600929260254,1275.7400932312012,1274.440086364746,1223.1400871276855,1221.6800842285156,1209.9000816345215,Group: B,Group: C,Group: B vs Group: C,4,4,Blank_Blank_Blank
"PE(31:0),PE(O-32:0)",PE,1346.800090789795,1247.920078277588,1399.7400932312012,1449.0201034545898,1433.64009475708,1250.860092163086,1240.3200798034668,1222.260082244873,1225.3200912475586,Group: B,Group: C,Group: B vs Group: C,4,4,Blank_Blank_Blank
"PE(31:1),PE(O-32:1),PE(P-32:0)",PE,1338.3801002502441,1387.000087738037,1380.4401054382324,1401.280101776123,1325.040096282959,1294.5400848388672,1300.2600860595703,1222.1400833129883,1209.6400833129883,Group: B,Group: C,Group: B vs Group: C,4,4,Blank_Blank_Blank
"PE(31:2),PE(P-32:1)",PE,1378.5801010131836,1256.760097503662,1229.3200874328613,1263.0800971984863,1222.7000846862793,1293.0800857543945,1271.7800979614258,1222.2000770568848,1209.500087738037,Group: B,Group: C,Group: B vs Group: C,4,4,Blank_Blank_Blank
PE(31:3),PE,1336.8400955200195,1242.0600776672363,1235.6600914001465,1317.880084991455,1223.3800811767578,1254.7600936889648,1222.9800910949707,1222.1800918579102,1298.9200897216797,Group: B,Group: C,Group: B vs Group: C,4,4,Blank_Blank_Blank
PE(31:4),PE,1256.520092010498,1321.920093536377,1257.1800918579102,1255.2200965881348,1308.7000923156738,1280.3000946044922,1223.1400833129883,1221.800090789795,1267.2600898742676,Group: B,Group: C,Group: B vs Group: C,4,4,Blank_Blank_Blank
"PE(32:0),PE(O-33:0)",PE,2615.160171508789,2489.7201538085938,2713.7602348327637,2539.6001510620117,2231.8001708984375,2691.340156555176,1468.340103149414,1476.9201011657715,1219.7400856018066,Group: B,Group: C,Group: B vs Group: C,4,4,Blank_Blank_Blank
"PE(32:1),PE(O-33:1),PE(P-33:0)",PE,6013.720359802246,5466.520278930664,4228.220180511475,4032.860206604004,4754.960391998291,6546.2204666137695,2560.3602027893066,2158.2401390075684,1254.8200759887695,Group: B,Group: C,Group: B vs Group: C,4,4,Blank_Blank_Blank
"PE(32:2),PE(O-33:2),PE(P-33:1)",PE,1861.9401397705078,1870.5001182556152,2036.8401565551758,2069.620143890381,1817.4001388549805,1844.9001350402832,1594.58012008667,1591.1800994873047,1241.4600944519043,Group: B,Group: C,Group: B vs Group: C,4,4,Blank_Blank_Blank
"PE(32:3),PE(P-33:2)",PE,1244.660099029541,1254.580093383789,1268.6800842285156,1231.020092010498,1322.420108795166,1305.6000862121582,1278.0200958251953,1222.700080871582,1209.9800758361816,Group: B,Group: C,Group: B vs Group: C,4,4,Blank_Blank_Blank
"PE(32:4),PEd(O-34:4)",PE,1246.6200790405273,1323.8800926208496,1323.6600952148438,1427.020092010498,1345.220100402832,1240.3400917053223,1223.2800788879395,1221.5200881958008,1229.6200714111328,Group: B,Group: C,Group: B vs Group: C,4,4,Blank_Blank_Blank
PE(32:5),PE,1245.3800888061523,1232.4800872802734,1223.3200798034668,1219.200080871582,1359.4600982666016,1319.8000869750977,1222.760082244873,1236.9800910949707,1211.020092010498,Group: B,Group: C,Group: B vs Group: C,4,4,Blank_Blank_Blank
"PE(33:0),PE(O-34:0)",PE,1454.8000946044922,1526.2401084899902,1384.6200981140137,1514.960117340088,1436.8201065063477,1310.14009475708,1271.0800819396973,1293.1000785827637,1272.4600868225098,Group: B,Group: C,Group: B vs Group: C,4,4,Blank_Blank_Blank
"PE(33:1),PE(O-34:1),PE(P-34:0)",PE,2052.5001220703125,2285.4201736450195,2489.920181274414,1986.4401206970215,1971.0401458740234,2745.2601432800293,1592.1401100158691,1290.0400924682617,1210.380084991455,Group: B,Group: C,Group: B vs Group: C,4,4,Blank_Blank_Blank
"PE(33:2),PE(O-34:2),PE(P-34:1)",PE,1934.5601501464844,2001.7201385498047,2069.100170135498,2118.7201499938965,1723.5601119995117,2393.24019241333,1399.9800834655762,1382.620101928711,1314.9601020812988,Group: B,Group: C,Group: B vs Group: C,4,4,Blank_Blank_Blank
"PE(33:3),PE(O-34:3),PE(P-34:2)",PE,1513.220100402832,1394.180088043213,1471.9601020812988,1577.2201042175293,1312.9400939941406,1491.4401092529297,1328.5800971984863,1261.2600860595703,1345.1200904846191,Group: B,Group: C,Group: B vs Group: C,4,4,Blank_Blank_Blank
"PE(33:4),PE(O-34:4),PE(O-34:4),PE(P-34:3)",PE,1298.2601013183594,1299.4201011657715,1276.7800903320312,1284.980094909668,1237.5200958251953,1221.7200889587402,1324.3400955200195,1279.8600883483887,1235.4600868225098,Group: B,Group: C,Group: B vs Group: C,4,4,Blank_Blank_Blank
"PE(33:5),PE(P-34:4)",PE,1269.5601043701172,1220.000087738037,1259.920078277588,1220.3200874328613,1222.960090637207,1223.6000862121582,1224.300090789795,1264.0200958251953,1210.200080871582,Group: B,Group: C,Group: B vs Group: C,4,4,Blank_Blank_Blank
"PE(34:0),PE(O-35:0)",PE,5935.440395355225,5635.500358581543,6952.800495147705,5966.92049407959,4979.460411071777,6670.300495147705,2831.3601684570312,2379.4001846313477,1282.6400871276855,Group: B,Group: C,Group: B vs Group: C,4,4,Blank_Blank_Blank
"PE(34:1),PE(O-35:1),PE(P-35:0)",PE,65619.60381317139,55985.843322753906,72505.78671646118,63014.90334320068,49635.44318771362,75166.60401916504,16783.520904541016,15986.121143341064,1260.9200897216797,Group: B,Group: C,Group: B vs Group: C,4,4,Blank_Blank_Blank
"PE(34:2),PE(O-35:2),PE(P-35:1)",PE,227366.69598388672,221195.29666519165,265245.2843322754,296603.29319381714,202760.01804351807,265293.8585548401,63948.16482543945,49593.5634803772,1372.0801048278809,Group: B,Group: C,Group: B vs Group: C,4,4,Blank_Blank_Blank
"PE(34:3),PE(P-35:2)",PE,26373.5818939209,20034.401691436768,22024.601654052734,35059.963275909424,19791.54167175293,22495.022079467773,6731.740497589111,4741.860305786133,1264.9000778198242,Group: B,Group: C,Group: B vs Group: C,4,4,Blank_Blank_Blank
PE(34:4),PE,2267.940158843994,1750.4801292419434,1722.8201293945312,2401.260185241699,2080.980136871338,2088.5601539611816,1455.5001029968262,1485.2001113891602,1220.500087738037,Group: B,Group: C,Group: B vs Group: C,4,4,Blank_Blank_Blank
PE(34:5),PE,1274.9000968933105,1295.6600952148438,1324.9400939941406,1234.500087738037,1397.2400970458984,1422.7000923156738,1222.9800872802734,1222.2800941467285,1290.3600959777832,Group: B,Group: C,Group: B vs Group: C,4,4,Blank_Blank_Blank
PE(34:6),PE,1405.680103302002,1290.5800971984863,1223.9000854492188,1245.9200820922852,1240.9200859069824,1240.7200927734375,1222.9200859069824,1221.2800827026367,1210.0400886535645,Group: B,Group: C,Group: B vs Group: C,4,4,Blank_Blank_Blank
"PE(35:3),PE(O-36:3),PE(P-36:2)",PE,3035.900188446045,2943.960231781006,3371.380172729492,4766.90034866333,3069.820209503174,4347.560321807861,1673.1201210021973,1985.68013381958,1244.4000930786133,Group: B,Group: C,Group: B vs Group: C,4,4,Blank_Blank_Blank
"PE(35:4),PE(O-36:4),PE(P-36:3)",PE,2773.640163421631,2656.8601608276367,2963.7001876831055,2818.74019241333,2444.9201889038086,3045.8002700805664,1667.1601181030273,1537.2801055908203,1238.4600830078125,Group: B,Group: C,Group: B vs Group: C,4,4,Blank_Blank_Blank
"PE(35:5),PE(O-36:5),PE(P-36:4)",PE,3310.5002975463867,2769.880184173584,3641.6803016662598,3568.680248260498,2368.160125732422,3473.740303039551,1974.6801223754883,1516.720115661621,1210.1200866699219,Group: B,Group: C,Group: B vs Group: C,4,4,Blank_Blank_Blank
"PE(35:6),PE(P-36:5)",PE,1302.6600914001465,1307.2000923156738,1383.1400985717773,1508.1601104736328,1342.0000953674316,1398.280101776123,1281.4800834655762,1288.4000930786133,1248.060073852539,Group: B,Group: C,Group: B vs Group: C,4,4,Blank_Blank_Blank
"PE(36:3),PE(P-37:2)",PE,291909.8771018982,187453.08806610107,348053.7334365845,448596.91024398804,203950.0763015747,320109.76150131226,96314.24728012085,78074.78770446777,1344.7601013183594,Group: B,Group: C,Group: B vs Group: C,4,4,Blank_Blank_Blank
"PE(36:4),PE(O-37:4)",PE,530130.7841262817,341045.8802986145,564360.0539474487,607392.9089927673,382254.9441947937,541076.9527397156,199775.86986541748,116547.70872497559,1303.4400939941406,Group: B,Group: C,Group: B vs Group: C,4,4,Blank_Blank_Blank
PE(36:5),PE,44689.70335006714,23929.581230163574,33151.062397003174,55742.324531555176,29675.342109680176,36007.88247680664,14209.560935974121,9428.320705413818,1272.5400924682617,Group: B,Group: C,Group: B vs Group: C,4,4,Blank_Blank_Blank
PE(36:6),PE,2490.5001640319824,2407.2001953125,2388.920124053955,3393.86026763916,2435.9201889038086,2440.2001571655273,1815.0401344299316,1462.660099029541,1286.0800895690918,Group: B,Group: C,Group: B vs Group: C,4,4,Blank_Blank_Blank
"PE(36:7),PE(35:0),PE(O-36:0)",PE,1761.9401245117188,1604.8601264953613,1628.7801132202148,1460.8400993347168,1366.6001052856445,1839.5201377868652,1280.160083770752,1226.7000923156738,1250.3800811767578,Group: B,Group: C,Group: B vs Group: C,4,4,Blank_Blank_Blank
"PE(36:8),PE(dO-38:8),PE(35:1),PE(O-36:1),PE(P-36:0)",PE,3251.3802528381348,3402.5402336120605,3573.8002586364746,3538.380283355713,2587.640193939209,4683.180316925049,1775.0401191711426,1626.0801048278809,1285.3600807189941,Group: B,Group: C,Group: B vs Group: C,4,4,Blank_Blank_Blank
"PE(37:3),PE(O-38:3),PE(P-38:2)",PE,5007.24040222168,3673.2802200317383,4535.080299377441,5471.040390014648,2913.420249938965,5224.440284729004,1956.0201377868652,2439.320152282715,1222.1800804138184,Group: B,Group: C,Group: B vs Group: C,4,4,Blank_Blank_Blank
"PE(37:4),PE(O-38:4),PE(P-38:3)",PE,20114.561962127686,15105.321296691895,22104.18194961548,28248.10234451294,11517.220603942871,22680.82131576538,8077.200588226318,5757.3203201293945,1390.0200958251953,Group: B,Group: C,Group: B vs Group: C,4,4,Blank_Blank_Blank
"PE(37:5),PE(O-38:5),PE(P-38:4)",PE,7538.160591125488,5123.800373077393,8374.060649871826,8879.800521850586,5036.580417633057,9736.200492858887,3181.0802154541016,3130.4202156066895,1240.6400833129883,Group: B,Group: C,Group: B vs Group: C,4,4,Blank_Blank_Blank
"PE(37:6),PE(O-38:6),PE(P-38:5)",PE,5141.680320739746,3901.9602584838867,5474.120441436768,8009.960697174072,3570.5202598571777,5937.16047668457,2742.1002311706543,2556.2801933288574,1245.1400833129883,Group: B,Group: C,Group: B vs Group: C,4,4,Blank_Blank_Blank
"PE(37:7),PE(P-38:6),PE(36:0),PE(O-37:0)",PE,4380.180282592773,3495.9802436828613,4459.24036026001,5451.880207061768,2684.960189819336,5500.340362548828,2646.8201866149902,2077.180164337158,1262.2600860595703,Group: B,Group: C,Group: B vs Group: C,4,4,Blank_Blank_Blank
PE(38:3),PE,165095.0552368164,121622.33235168457,162729.4294013977,196240.33374023438,83867.50539398193,161479.07278442383,67134.52424240112,41319.90357589722,1299.7400970458984,Group: B,Group: C,Group: B vs Group: C,4,4,Blank_Blank_Blank
PE(38:4),PE,1256323.7862243652,917950.9200286865,1310715.3024291992,1540056.6291427612,586665.0437240601,1218425.867614746,577848.5947151184,311112.45375061035,1680.9001083374023,Group: B,Group: C,Group: B vs Group: C,4,4,Blank_Blank_Blank
PE(38:5),PE,570172.0022201538,423078.1713256836,642365.0153770447,782293.852722168,319733.1123275757,610949.3717651367,278955.4045524597,155780.97021865845,1503.300106048584,Group: B,Group: C,Group: B vs Group: C,4,4,Blank_Blank_Blank
PE(38:6),PE,861205.99061203,652274.4674835205,943791.8703918457,1216198.0932617188,443978.54206085205,915630.8742828369,405394.64863586426,207414.2329826355,1539.7601127624512,Group: B,Group: C,Group: B vs Group: C,4,4,Blank_Blank_Blank
"PE(38:7),PE(37:0),PE(O-38:0)",PE,36806.50280761719,23530.70171356201,32914.66209793091,51119.12350463867,19608.041172027588,32397.541946411133,16099.941055297852,9064.320652008057,1220.8000869750977,Group: B,Group: C,Group: B vs Group: C,4,4,Blank_Blank_Blank
"PE(38:8),PE(dO-40:8),PE(37:1),PE(O-38:1),PE(P-38:0)",PE,2839.380153656006,2033.480136871338,2499.8601608276367,3316.6002464294434,2344.200126647949,2603.000232696533,1751.5401153564453,1532.3200950622559,1251.800090789795,Group: B,Group: C,Group: B vs Group: C,4,4,Blank_Blank_Blank
"PE(38:9),PE(dO-40:9),PE(37:2),PE(O-38:2),PE(P-38:1)",PE,4645.740352630615,3407.1202964782715,4579.100379943848,5825.080272674561,3557.2602615356445,5088.2203941345215,2108.9001541137695,1795.220127105713,1278.780086517334,Group: B,Group: C,Group: B vs Group: C,4,4,Blank_Blank_Blank
"PE(39:4),PE(O-40:4),PE(P-40:3)",PE,16358.42149734497,10249.680912017822,13820.821048736572,20223.26141357422,8502.04063796997,18253.861209869385,6131.940498352051,4810.760356903076,1290.9600944519043,Group: B,Group: C,Group: B vs Group: C,4,4,Blank_Blank_Blank
"PE(39:5),PE(O-40:5),PE(P-40:4)",PE,5288.520305633545,4450.380294799805,5856.460300445557,7000.000606536865,3205.060199737549,6149.300361633301,3091.360221862793,2370.480140686035,1251.6400909423828,Group: B,Group: C,Group: B vs Group: C,4,4,Blank_Blank_Blank
"PE(39:6),PE(O-40:6),PE(P-40:5)",PE,8507.240604400635,7151.3204345703125,9860.500770568848,12782.38090133667,4600.240272521973,10894.18069076538,5685.620456695557,3327.220203399658,1260.5600814819336,Group: B,Group: C,Group: B vs Group: C,4,4,Blank_Blank_Blank
"PE(39:8),PE(O-40:8),PE(P-40:7),PE(38:1),PE(O-39:1),PE(P-39:0)",PE,5892.52046585083,5104.700420379639,6490.380416870117,6027.100387573242,3390.920295715332,6561.720352172852,3058.4402389526367,2497.060157775879,1251.340087890625,Group: B,Group: C,Group: B vs Group: C,4,4,Blank_Blank_Blank
"PE(40:1),PE(P-41:0)",PE,1981.6801109313965,1855.4601440429688,1922.1201400756836,2055.020118713379,1892.0601196289062,2170.340156555176,1723.060131072998,1455.0401039123535,1251.3600845336914,Group: B,Group: C,Group: B vs Group: C,4,4,Blank_Blank_Blank
"PE(40:10),PE(39:3),PE(O-40:3),PE(P-40:2)",PE,4497.800231933594,2011.9001579284668,3406.9202613830566,4127.140354156494,2694.3402061462402,4104.240371704102,2063.6601333618164,1908.2801246643066,1266.920078277588,Group: B,Group: C,Group: B vs Group: C,4,4,Blank_Blank_Blank
PE(40:2),PE,2590.8601875305176,2816.920192718506,2468.8801651000977,2370.4801902770996,1904.6801452636719,2616.7801666259766,1587.1601104736328,1610.6000938415527,1335.3400802612305,Group: B,Group: C,Group: B vs Group: C,4,4,Blank_Blank_Blank
PE(40:3),PE,4557.180358886719,2820.8401489257812,4520.680362701416,4620.7602615356445,3661.8202514648438,4595.080375671387,2783.26016998291,1893.8401527404785,1251.64009475708,Group: B,Group: C,Group: B vs Group: C,4,4,Blank_Blank_Blank
PE(40:4),PE,22110.422241210938,16026.781135559082,22650.861576080322,24251.021896362305,14443.521327972412,21841.66103363037,10389.900497436523,6952.520492553711,1251.7800827026367,Group: B,Group: C,Group: B vs Group: C,4,4,Blank_Blank_Blank
PE(40:5),PE,47548.163009643555,30662.221069335938,50603.42387390137,59988.864082336426,29359.902324676514,51420.12446594238,25203.461685180664,16000.861228942871,1340.340087890625,Group: B,Group: C,Group: B vs Group: C,4,4,Blank_Blank_Blank
"PE(40:6),PE(dO-40:0)",PE,192666.1386604309,167340.20907211304,214899.01377487183,299380.95655059814,119853.24886703491,231452.9536857605,123653.42779541016,77630.22682189941,1327.0400848388672,Group: B,Group: C,Group: B vs Group: C,4,4,Blank_Blank_Blank
"PE(40:7),PE(39:0),PE(O-40:0)",PE,195291.77269363403,142492.78652572632,225504.217792511,339191.1161117554,115077.74726867676,228480.03755950928,130247.78980255127,74403.04623413086,1283.9200859069824,Group: B,Group: C,Group: B vs Group: C,4,4,Blank_Blank_Blank
"PE(40:9),PE(39:2),PE(O-40:2),PE(P-40:1)",PE,11374.121166229248,5225.500377655029,8234.300777435303,10823.040714263916,4004.720317840576,6836.1804847717285,4846.820343017578,2822.8401527404785,1287.300090789795,Group: B,Group: C,Group: B vs Group: C,4,4,Blank_Blank_Blank
"PE(41:5),PE(P-42:4)",PE,1737.5601387023926,1822.8201293945312,1858.0401344299316,1906.7601432800293,1664.1201210021973,2177.240135192871,1400.0601043701172,1535.0401077270508,1251.5200805664062,Group: B,Group: C,Group: B vs Group: C,4,4,Blank_Blank_Blank
"PE(41:6),PE(O-42:6)",PE,2704.9201850891113,3156.600284576416,3318.82027053833,4321.600231170654,2645.5201835632324,3578.0402641296387,2263.080181121826,1753.140121459961,1252.0400886535645,Group: B,Group: C,Group: B vs Group: C,4,4,Blank_Blank_Blank
"PE(41:7),PE(P-42:6),PE(40:0),PE(O-41:0)",PE,1846.3001403808594,1546.1401138305664,1975.3601417541504,2484.7001457214355,2031.740135192871,2716.680233001709,1593.2001113891602,1402.0001029968262,1251.9000968933105,Group: B,Group: C,Group: B vs Group: C,4,4,Blank_Blank_Blank
PE(42:0),PE,1317.9400939941406,1455.6601219177246,1348.9800910949707,1405.1401062011719,1417.9800987243652,1512.8801193237305,1276.4400901794434,1273.3000984191895,1251.660083770752,Group: B,Group: C,Group: B vs Group: C,4,4,Blank_Blank_Blank
PE(42:1),PE,1282.2400856018066,1565.200107574463,1430.2800941467285,1568.4401092529297,1527.420124053955,1648.8001289367676,1347.8200798034668,1343.2000999450684,1250.6200828552246,Group: B,Group: C,Group: B vs Group: C,4,4,Blank_Blank_Blank
"PE(42:11),PE(41:4),PE(O-42:4)",PE,1990.7801094055176,2074.760166168213,2159.280117034912,2204.3801307678223,1639.6201210021973,1947.2401428222656,1537.3201065063477,1586.1801109313965,1346.3200874328613,Group: B,Group: C,Group: B vs Group: C,4,4,Blank_Blank_Blank
PE(42:2),PE,1372.760108947754,1575.5201110839844,1496.6200942993164,1598.7001152038574,1400.5400924682617,1685.5401306152344,1348.5801048278809,1269.14009475708,1252.000087738037,Group: B,Group: C,Group: B vs Group: C,4,4,Blank_Blank_Blank
PE(42:3),PE,1442.5801086425781,1469.8001174926758,1626.320110321045,1580.9401092529297,1546.9401016235352,1600.6201210021973,1315.8000869750977,1271.3400955200195,1337.1800918579102,Group: B,Group: C,Group: B vs Group: C,4,4,Blank_Blank_Blank
PE(42:4),PE,1851.3001518249512,1720.4001388549805,2185.0801315307617,2082.580177307129,1885.0401420593262,2068.260166168213,1340.6400871276855,1589.1400985717773,1252.160083770752,Group: B,Group: C,Group: B vs Group: C,4,4,Blank_Blank_Blank
PE(42:5),PE,2522.660171508789,2398.5601654052734,2820.560199737549,2991.640182495117,2025.480125427246,3024.900157928467,1551.440097808838,1854.9401512145996,1251.5400848388672,Group: B,Group: C,Group: B vs Group: C,4,4,Blank_Blank_Blank
PE(42:6),PE,4962.780353546143,4166.98025894165,3769.880268096924,4926.780345916748,3509.7002601623535,4041.200336456299,3517.6802558898926,2044.160140991211,1251.0401000976562,Group: B,Group: C,Group: B vs Group: C,4,4,Blank_Blank_Blank
"PE(42:7),PE(41:0),PE(O-42:0)",PE,5725.360260009766,4775.000392913818,6197.900485992432,8435.420585632324,5274.260391235352,6005.880451202393,4042.6202964782715,3159.780204772949,1251.740089416504,Group: B,Group: C,Group: B vs Group: C,4,4,Blank_Blank_Blank
"PE(42:8),PE(41:1),PE(O-42:1),PE(P-42:0)",PE,3362.560188293457,3444.280261993408,4372.360370635986,5897.060470581055,3234.8202056884766,4316.6802406311035,2707.6401596069336,2502.8201904296875,1251.2600936889648,Group: B,Group: C,Group: B vs Group: C,4,4,Blank_Blank_Blank
"PE(42:9),PE(41:2),PE(O-42:2),PE(P-42:1)",PE,4426.180202484131,3149.160259246826,3038.5601844787598,4479.640277862549,2926.000175476074,2945.000202178955,2380.340171813965,2089.1601486206055,1251.9800910949707,Group: B,Group: C,Group: B vs Group: C,4,4,Blank_Blank_Blank
PE(43:2),PE,1306.1600761413574,1311.0400924682617,1290.800090789795,1316.6001091003418,1339.8800888061523,1410.9600982666016,1438.8800964355469,1319.420093536377,1271.0000915527344,Group: B,Group: C,Group: B vs Group: C,4,4,Blank_Blank_Blank
PE(43:4),PE,1355.7400932312012,1409.3201026916504,1568.540111541748,1403.5200996398926,1336.420093536377,1380.2200965881348,1305.2200889587402,1287.420093536377,1316.3800926208496,Group: B,Group: C,Group: B vs Group: C,4,4,Blank_Blank_Blank
PE(43:6),PE,1305.3001022338867,1394.920093536377,1412.0200996398926,1316.2000885009766,1336.5600891113281,1392.2201042175293,1307.0800819396973,1381.9400901794434,1266.4800834655762,Group: B,Group: C,Group: B vs Group: C,4,4,Blank_Blank_Blank
PE(44:0),PE,1334.9601020812988,1369.9801139831543,1349.1600914001465,1295.360092163086,1318.5000915527344,1378.1201095581055,1265.440086364746,1291.4800910949707,1325.340103149414,Group: B,Group: C,Group: B vs Group: C,4,4,Blank_Blank_Blank
PE(44:1),PE,1261.200096130371,1304.400089263916,1345.7800941467285,1261.9600944519043,1265.4600830078125,1265.1200828552246,1312.6600952148438,1295.0000801086426,1251.6400985717773,Group: B,Group: C,Group: B vs Group: C,4,4,Blank_Blank_Blank
PE(44:10),PE,1394.6800918579102,1309.8801002502441,1445.2601165771484,1308.980094909668,1325.8400917053223,1410.6400985717773,1344.2200965881348,1264.8400955200195,1252.0200653076172,Group: B,Group: C,Group: B vs Group: C,4,4,Blank_Blank_Blank
PE(44:12),PE,1352.14009475708,1539.1401138305664,1353.8200988769531,1387.0601043701172,1508.540111541748,1322.2200775146484,1291.780086517334,1277.5800971984863,1252.0400848388672,Group: B,Group: C,Group: B vs Group: C,4,4,Blank_Blank_Blank
PE(44:2),PE,1278.9201011657715,1329.3200950622559,1275.700096130371,1330.8400955200195,1264.8000946044922,1264.5200958251953,1265.000087738037,1280.5600929260254,1252.740089416504,Group: B,Group: C,Group: B vs Group: C,4,4,Blank_Blank_Blank
PE(44:3),PE,1319.4800758361816,1293.5000801086426,1398.020107269287,1440.1200942993164,1408.8600845336914,1277.2000923156738,1270.2200889587402,1263.9400825500488,1251.0600891113281,Group: B,Group: C,Group: B vs Group: C,4,4,Blank_Blank_Blank
PE(44:4),PE,1294.2600898742676,1349.6200828552246,1406.7401008605957,1429.180103302002,1322.64009475708,1342.0600967407227,1418.800106048584,1264.1800994873047,1252.380084991455,Group: B,Group: C,Group: B vs Group: C,4,4,Blank_Blank_Blank
PE(44:5),PE,1455.460105895996,1332.3600959777832,1327.6200981140137,1431.940097808838,1331.5000915527344,1407.620101928711,1282.080093383789,1338.8200988769531,1272.6400909423828,Group: B,Group: C,Group: B vs Group: C,4,4,Blank_Blank_Blank
PE(44:6),PE,1358.7800979614258,1438.0401077270508,1466.0400924682617,1411.500099182129,1467.3200950622559,1557.4401168823242,1294.380084991455,1341.3800964355469,1251.4400939941406,Group: B,Group: C,Group: B vs Group: C,4,4,Blank_Blank_Blank
"PE(44:7),PE(43:0)",PE,1311.3200912475586,1337.9400901794434,1527.180118560791,1471.3601150512695,1440.2200927734375,1481.3801002502441,1369.1400909423828,1296.7601013183594,1254.260097503662,Group: B,Group: C,Group: B vs Group: C,4,4,Blank_Blank_Blank
"PE(44:8),PE(43:1)",PE,1353.5800971984863,1314.040096282959,1367.920093536377,1397.4800987243652,1338.1800956726074,1300.5400733947754,1265.5200881958008,1310.1600914001465,1251.8000793457031,Group: B,Group: C,Group: B vs Group: C,4,4,Blank_Blank_Blank
PE(46:1),PE,1313.740077972412,1261.440086364746,1311.400089263916,1261.04008102417,1265.000087738037,1265.9600868225098,1265.5200996398926,1264.6200828552246,1251.260082244873,Group: B,Group: C,Group: B vs Group: C,4,4,Blank_Blank_Blank
PE(52:4),PE,1259.840103149414,1259.5200843811035,1263.2000885009766,1259.8600845336914,1263.0800971984863,1263.4200897216797,1263.3000869750977,1261.2000885009766,1250.3200798034668,Group: B,Group: C,Group: B vs Group: C,4,4,Blank_Blank_Blank
"PE(O-38:8),PE(36:1),PE(O-37:1),PE(P-37:0)",PE,36943.603412628174,25808.461570739746,36881.622413635254,45412.78271102905,22317.5620803833,38589.66297149658,13917.10110092163,11269.940868377686,1374.9000930786133,Group: B,Group: C,Group: B vs Group: C,4,4,Blank_Blank_Blank
"PE(O-38:9),PE(36:2),PE(O-37:2),PE(P-37:1)",PE,269005.18702697754,170855.8286857605,265428.5259780884,358546.21632766724,163309.31435012817,266250.0557975769,92574.14619445801,64353.32461166382,1255.8600883483887,Group: B,Group: C,Group: B vs Group: C,4,4,Blank_Blank_Blank
"PE(O-40:9),PE(38:2),PE(P-39:1)",PE,18697.381317138672,12714.64100265503,17523.161163330078,21613.56159210205,9767.700668334961,19294.141357421875,6872.480564117432,4756.160320281982,1268.6400871276855,Group: B,Group: C,Group: B vs Group: C,4,4,Blank_Blank_Blank
"PE(dO-38:9),PE(35:2),PE(O-36:2),PE(P-36:1)",PE,6642.560565948486,5915.00040435791,7450.360633850098,9738.240581512451,5566.520286560059,7834.140522003174,2700.720188140869,3058.420207977295,1237.9400825500488,Group: B,Group: C,Group: B vs Group: C,4,4,Blank_Blank_Blank
"PE28:0,PE(O-29:0)",PE,1448.6601104736328,1239.0000801086426,1278.9400939941406,1375.020092010498,1258.1400985717773,1347.7800827026367,1281.7401008605957,1220.860092163086,1280.4200897216797,Group: B,Group: C,Group: B vs Group: C,4,4,Blank_Blank_Blank
"PG(12:0),LPG(13:0)",PG,1267.2000885009766,1274.8600883483887,1323.1200828552246,1296.8200874328613,1283.3800735473633,1287.8000984191895,1291.4000816345215,1269.8400917053223,1370.06010055542,Group: B,Group: C,Group: B vs Group: C,4,4,Blank_Blank_Blank
"PG(16:0),LPG(17:0),LPG(O-18:0)",PG,1578.1801071166992,1418.2200965881348,1350.9601020812988,1374.4001007080078,1487.9401054382324,1489.6801071166992,1423.940086364746,1423.6200981140137,1523.8401069641113,Group: B,Group: C,Group: B vs Group: C,4,4,Blank_Blank_Blank
"PG(20:0),LPG(21:0)",PG,1393.8000984191895,1251.6400756835938,1340.8000946044922,1323.3001022338867,1282.2200889587402,1324.900089263916,1312.6600799560547,1250.4600944519043,1316.960090637207,Group: B,Group: C,Group: B vs Group: C,4,4,Blank_Blank_Blank
PG(24:0),PG,1375.860092163086,1300.3800888061523,1283.3200874328613,1249.3600883483887,1311.2200775146484,1365.56010055542,1284.0800819396973,1251.2800788879395,1245.3400955200195,Group: B,Group: C,Group: B vs Group: C,4,4,Blank_Blank_Blank
PG(25:0),PG,1249.2400856018066,1312.5600891113281,1336.6400909423828,1255.5800895690918,1255.540096282959,1316.900089263916,1291.2800941467285,1253.7000846862793,1248.4800834655762,Group: B,Group: C,Group: B vs Group: C,4,4,Blank_Blank_Blank
PG(26:0),PG,1251.2600898742676,1294.0001029968262,1307.6200714111328,1249.2600860595703,1347.06010055542,1270.360092163086,1310.3800964355469,1251.0600929260254,1265.3800888061523,Group: B,Group: C,Group: B vs Group: C,4,4,Blank_Blank_Blank
PG(26:1),PG,1296.020092010498,1251.0800857543945,1252.1600761413574,1260.4000816345215,1329.0200881958008,1356.7601013183594,1256.480079650879,1249.9600791931152,1245.780086517334,Group: B,Group: C,Group: B vs Group: C,4,4,Blank_Blank_Blank
"PG(27:0),PG(O-28:0)",PG,1249.1200866699219,1251.2400817871094,1276.2400932312012,1249.3200912475586,1255.4400901794434,1312.7000999450684,1256.4800872802734,1251.140079498291,1284.3200874328613,Group: B,Group: C,Group: B vs Group: C,4,4,Blank_Blank_Blank
"PG(27:1),PG(P-28:0)",PG,1262.3400917053223,1268.3400840759277,1251.7200889587402,1249.2000846862793,1255.2400932312012,1253.8000869750977,1256.6200904846191,1250.2400817871094,1245.9600982666016,Group: B,Group: C,Group: B vs Group: C,4,4,Blank_Blank_Blank
"PG(28:0),PG(O-29:0)",PG,1249.5800895690918,1300.64009475708,1317.000087738037,1265.10009765625,1255.5000915527344,1253.5000801086426,1267.420078277588,1251.3000869750977,1286.3200874328613,Group: B,Group: C,Group: B vs Group: C,4,4,Blank_Blank_Blank
"PG(28:1),PG(P-29:0)",PG,1249.3600845336914,1251.860092163086,1289.1800918579102,1248.8800926208496,1255.5600776672363,1253.6200828552246,1257.2400817871094,1250.9600868225098,1338.7000846862793,Group: B,Group: C,Group: B vs Group: C,4,4,Blank_Blank_Blank
PG(28:2),PG,1318.4201011657715,1250.6200866699219,1251.9800758361816,1271.6000785827637,1273.1800804138184,1298.1800918579102,1256.5400772094727,1251.0200881958008,1262.4800987243652,Group: B,Group: C,Group: B vs Group: C,4,4,Blank_Blank_Blank
"PG(29:0),PG(O-30:0)",PG,1249.8800888061523,1251.2400817871094,1280.0000762939453,1290.0400772094727,1255.0600700378418,1304.220085144043,1255.6000709533691,1251.0200805664062,1313.0400848388672,Group: B,Group: C,Group: B vs Group: C,4,4,Blank_Blank_Blank
"PG(29:1),PG(O-30:1),PG(P-30:0)",PG,1248.3200798034668,1250.7400856018066,1293.5600929260254,1269.04008102417,1254.640079498291,1283.940097808838,1255.9200859069824,1251.760082244873,1295.7801055908203,Group: B,Group: C,Group: B vs Group: C,4,4,Blank_Blank_Blank
"PG(29:2),PG(P-30:1)",PG,1249.280086517334,1259.4000968933105,1251.9600868225098,1249.54008102417,1295.3200912475586,1253.4600830078125,1255.3600959777832,1251.5000953674316,1245.0201034545898,Group: B,Group: C,Group: B vs Group: C,4,4,Blank_Blank_Blank
"PG(30:0),PG(O-31:0)",PG,1249.0800819396973,1277.4200897216797,1302.5000801086426,1274.0000915527344,1292.5800971984863,1280.4800910949707,1257.0000839233398,1251.1200790405273,1280.340087890625,Group: B,Group: C,Group: B vs Group: C,4,4,Blank_Blank_Blank
"PG(30:1),PG(O-31:1),PG(P-31:0)",PG,1272.1600875854492,1250.5800895690918,1252.5200881958008,1257.580093383789,1254.100082397461,1253.9000778198242,1256.2000885009766,1250.740089416504,1245.5000915527344,Group: B,Group: C,Group: B vs Group: C,4,4,Blank_Blank_Blank
"PG(30:2),PG(P-31:1)",PG,1249.7800941467285,1251.6600875854492,1251.5000839233398,1266.940086364746,1273.1000785827637,1254.1400756835938,1261.900089263916,1250.3400917053223,1245.4400787353516,Group: B,Group: C,Group: B vs Group: C,4,4,Blank_Blank_Blank
PG(30:3),PG,1293.1400871276855,1250.6800842285156,1250.2800827026367,1249.3200912475586,1290.7000923156738,1278.2000770568848,1286.000072479248,1250.2800827026367,1258.8600959777832,Group: B,Group: C,Group: B vs Group: C,4,4,Blank_Blank_Blank
PG(30:4),PG,1250.520092010498,1254.080093383789,1268.2200813293457,1248.9800910949707,1255.3600769042969,1254.640079498291,1292.8200912475586,1307.3200950622559,1245.3200912475586,Group: B,Group: C,Group: B vs Group: C,4,4,Blank_Blank_Blank
"PG(31:0),PG(O-32:0)",PG,1288.6400985717773,1263.2400932312012,1276.1400985717773,1264.1200866699219,1330.5000801086426,1291.0800895690918,1256.4000816345215,1251.0800857543945,1292.9801025390625,Group: B,Group: C,Group: B vs Group: C,4,4,Blank_Blank_Blank
"PG(31:1),PG(O-32:1),PG(P-32:0)",PG,1251.7200813293457,1250.8400917053223,1259.7200889587402,1249.520092010498,1317.500087738037,1255.4000854492188,1256.3200912475586,1250.4600982666016,1289.0000953674316,Group: B,Group: C,Group: B vs Group: C,4,4,Blank_Blank_Blank
"PG(31:2),PG(P-32:1)",PG,1250.1400833129883,1251.1400909423828,1284.8800773620605,1248.9400901794434,1254.4800910949707,1262.5200729370117,1255.3200798034668,1252.0400924682617,1246.6800918579102,Group: B,Group: C,Group: B vs Group: C,4,4,Blank_Blank_Blank
PG(31:3),PG,1250.3400917053223,1249.9400749206543,1306.5400886535645,1324.9201011657715,1255.7800788879395,1253.2000885009766,1255.4800910949707,1274.3200912475586,1250.5200881958008,Group: B,Group: C,Group: B vs Group: C,4,4,Blank_Blank_Blank
PG(31:4),PG,1255.0200881958008,1263.4200897216797,1308.260082244873,1249.6000900268555,1255.7800750732422,1286.9600944519043,1256.8400802612305,1250.4200859069824,1245.7800903320312,Group: B,Group: C,Group: B vs Group: C,4,4,Blank_Blank_Blank
"PG(32:0),PG(O-33:0)",PG,1249.1000900268555,1287.480110168457,1288.7400817871094,1249.4600982666016,1255.4800910949707,1295.0400848388672,1274.5600814819336,1251.1800842285156,1284.1800956726074,Group: B,Group: C,Group: B vs Group: C,4,4,Blank_Blank_Blank
"PG(32:1),PG(O-33:1),PG(P-33:0)",PG,1262.8800926208496,1251.0400848388672,1251.9600868225098,1248.5200843811035,1262.5200805664062,1261.7600936889648,1288.7600898742676,1250.9000816345215,1271.0400886535645,Group: B,Group: C,Group: B vs Group: C,4,4,Blank_Blank_Blank
"PG(32:2),PG(O-33:2),PG(P-33:1)",PG,1262.6200866699219,1279.1200981140137,1252.200080871582,1249.4800910949707,1255.0400886535645,1254.5400886535645,1255.6200866699219,1250.6600952148438,1254.160083770752,Group: B,Group: C,Group: B vs Group: C,4,4,Blank_Blank_Blank
"PG(32:3),PG(P-33:2)",PG,1308.6800804138184,1250.8400840759277,1251.6800842285156,1312.1200904846191,1255.0800819396973,1266.9200859069824,1260.1200790405273,1250.9600982666016,1335.6400909423828,Group: B,Group: C,Group: B vs Group: C,4,4,Blank_Blank_Blank
PG(32:4),PG,1250.760082244873,1301.7600860595703,1250.9800910949707,1248.340087890625,1276.3200798034668,1254.4000778198242,1255.800090789795,1250.3400802612305,1245.7000846862793,Group: B,Group: C,Group: B vs Group: C,4,4,Blank_Blank_Blank
PG(32:5),PG,1250.160083770752,1251.5400886535645,1283.2200927734375,1297.5200881958008,1254.840087890625,1253.4000816345215,1256.3600959777832,1250.9000816345215,1259.220085144043,Group: B,Group: C,Group: B vs Group: C,4,4,Blank_Blank_Blank
"PG(33:0),PG(O-34:0)",PG,1251.2000846862793,1251.3400955200195,1251.080093383789,1281.7200927734375,1255.2600784301758,1273.5800971984863,1301.3000946044922,1276.6800956726074,1245.1200828552246,Group: B,Group: C,Group: B vs Group: C,4,4,Blank_Blank_Blank
"PG(33:1),PG(O-34:1),PG(P-34:0)",PG,1259.5800895690918,1326.4000778198242,1251.6800804138184,1281.700096130371,1255.3000831604004,1253.6600723266602,1255.100082397461,1250.8600959777832,1266.8000869750977,Group: B,Group: C,Group: B vs Group: C,4,4,Blank_Blank_Blank
"PG(33:2),PG(O-34:2),PG(P-34:1)",PG,1279.8400955200195,1289.7200889587402,1252.4000930786133,1249.5200843811035,1255.8400802612305,1274.7800903320312,1255.640079498291,1251.1200790405273,1300.4800910949707,Group: B,Group: C,Group: B vs Group: C,4,4,Blank_Blank_Blank
"PG(33:3),PG(O-34:3),PG(P-34:2)",PG,1256.880084991455,1276.2200889587402,1252.7000999450684,1295.2601013183594,1255.9000816345215,1254.0400924682617,1255.720100402832,1299.3400993347168,1286.480094909668,Group: B,Group: C,Group: B vs Group: C,4,4,Blank_Blank_Blank
"PG(33:4),PG(O-34:4),PG(P-34:3)",PG,1250.2000846862793,1250.4800834655762,1303.040096282959,1249.1200904846191,1255.2600898742676,1253.9000854492188,1279.9400901794434,1286.3600959777832,1246.0800895690918,Group: B,Group: C,Group: B vs Group: C,4,4,Blank_Blank_Blank
"PG(33:5),PG(P-34:4)",PG,1250.1800804138184,1250.500087738037,1258.7800903320312,1276.4600791931152,1255.4600830078125,1254.0600814819336,1273.260097503662,1251.5000801086426,1256.9400939941406,Group: B,Group: C,Group: B vs Group: C,4,4,Blank_Blank_Blank
"PG(34:0),PG(O-35:0)",PG,1250.460090637207,1258.3400802612305,1317.7600784301758,1249.0800895690918,1324.2000923156738,1274.5600776672363,1255.9800872802734,1250.5000915527344,1252.0400924682617,Group: B,Group: C,Group: B vs Group: C,4,4,Blank_Blank_Blank
"PG(34:3),PG(P-35:2)",PG,1260.740077972412,1274.740089416504,1263.680088043213,1249.0600852966309,1327.880084991455,1299.4400749206543,1274.6200828552246,1250.8200950622559,1257.280086517334,Group: B,Group: C,Group: B vs Group: C,4,4,Blank_Blank_Blank
PG(34:4),PG,1249.8800964355469,1250.860092163086,1309.6200828552246,1249.0200958251953,1302.2600898742676,1254.020092010498,1255.04008102417,1250.9600791931152,1310.720100402832,Group: B,Group: C,Group: B vs Group: C,4,4,Blank_Blank_Blank
PG(34:5),PG,1280.100082397461,1251.7800827026367,1257.5000953674316,1248.8400840759277,1255.020092010498,1254.2000770568848,1284.7600898742676,1249.9400901794434,1245.9000778198242,Group: B,Group: C,Group: B vs Group: C,4,4,Blank_Blank_Blank
PG(34:6),PG,1251.2000923156738,1250.5600929260254,1251.6400909423828,1251.1200828552246,1254.920093536377,1319.6200828552246,1281.7400856018066,1250.2200965881348,1245.6400833129883,Group: B,Group: C,Group: B vs Group: C,4,4,Blank_Blank_Blank
"PG(35:2),PG(O-36:2),PG(P-36:1)",PG,1260.4400901794434,1251.260082244873,1282.0400772094727,1353.0600967407227,1265.9600830078125,1253.7400817871094,1255.6400833129883,1250.8000869750977,1245.8200874328613,Group: B,Group: C,Group: B vs Group: C,4,4,Blank_Blank_Blank
"PG(35:3),PG(O-36:3),PG(P-36:2)",PG,1248.7000923156738,1269.5000915527344,1250.8800811767578,1249.5401000976562,1255.6000862121582,1253.1800842285156,1256.0200881958008,1250.380084991455,1245.340087890625,Group: B,Group: C,Group: B vs Group: C,4,4,Blank_Blank_Blank
"PG(35:4),PG(O-36:4),PG(P-36:3)",PG,1249.980094909668,1256.080093383789,1251.8400840759277,1249.240089416504,1327.3200950622559,1275.0600852966309,1256.8800811767578,1284.9000968933105,1287.9600982666016,Group: B,Group: C,Group: B vs Group: C,4,4,Blank_Blank_Blank
"PG(35:5),PG(O-36:5),PG(P-36:4)",PG,1322.440086364746,1250.9400901794434,1251.7000923156738,1249.0600891113281,1277.8200912475586,1254.0000801086426,1279.720085144043,1334.020092010498,1306.06010055542,Group: B,Group: C,Group: B vs Group: C,4,4,Blank_Blank_Blank
"PG(35:6),PG(P-36:5)",PG,1286.64009475708,1250.7800903320312,1307.7200889587402,1303.7000846862793,1271.1600799560547,1322.6400756835938,1255.420078277588,1250.940086364746,1297.9801063537598,Group: B,Group: C,Group: B vs Group: C,4,4,Blank_Blank_Blank
"PG(36:1),PG(O-37:1),PG(P-37:0)",PG,1298.7600936889648,1285.000099182129,1254.6000938415527,1308.3000869750977,1288.7400856018066,1274.60009765625,1277.7600784301758,1250.5800895690918,1267.6200828552246,Group: B,Group: C,Group: B vs Group: C,4,4,Blank_Blank_Blank
"PG(36:3),PG(P-37:2)",PG,1295.2200927734375,1250.940086364746,1256.3000831604004,1257.7200927734375,1268.2400856018066,1310.2600936889648,1292.5200843811035,1251.2200813293457,1245.720085144043,Group: B,Group: C,Group: B vs Group: C,4,4,Blank_Blank_Blank
PG(36:4),PG,1298.180088043213,1250.4800910949707,1252.1600875854492,1265.2800903320312,1255.0200843811035,1264.080078125,1320.020092010498,1250.2400856018066,1299.06010055542,Group: B,Group: C,Group: B vs Group: C,4,4,Blank_Blank_Blank
PG(36:5),PG,1249.7600860595703,1250.8000946044922,1251.2400856018066,1249.240089416504,1255.3200912475586,1253.6600761413574,1256.4000816345215,1250.5800857543945,1265.280086517334,Group: B,Group: C,Group: B vs Group: C,4,4,Blank_Blank_Blank
PG(36:6),PG,1250.3200874328613,1250.2601051330566,1251.5400886535645,1248.8600883483887,1273.1600875854492,1253.8600845336914,1282.1001014709473,1250.2800827026367,1281.6000938415527,Group: B,Group: C,Group: B vs Group: C,4,4,Blank_Blank_Blank
"PG(36:7),PG(35:0),PG(O-36:0)",PG,1248.9200744628906,1301.6000900268555,1264.2400817871094,1249.3200950622559,1254.5000839233398,1337.9801025390625,1287.9200897216797,1250.6000900268555,1245.3400840759277,Group: B,Group: C,Group: B vs Group: C,4,4,Blank_Blank_Blank
"PG(36:8),PG(35:1),PG(O-36:1),PG(P-36:0)",PG,1292.9200897216797,1251.720085144043,1289.0801010131836,1267.0600929260254,1297.5000839233398,1329.3600997924805,1255.1600875854492,1298.0000762939453,1312.3200950622559,Group: B,Group: C,Group: B vs Group: C,4,4,Blank_Blank_Blank
"PG(37:3),PG(O-38:3),PG(P-38:2)",PG,1260.1800842285156,1287.660083770752,1261.7800750732422,1249.3400840759277,1255.9000778198242,1254.5000915527344,1295.4800987243652,1251.0200843811035,1322.9400901794434,Group: B,Group: C,Group: B vs Group: C,4,4,Blank_Blank_Blank
"PG(37:4),PG(O-38:4),PG(P-38:3)",PG,1249.8400917053223,1250.920093536377,1289.740089416504,1248.2400970458984,1355.8000831604004,1266.2800827026367,1255.3600807189941,1250.1400871276855,1245.3400955200195,Group: B,Group: C,Group: B vs Group: C,4,4,Blank_Blank_Blank
"PG(37:5),PG(O-38:5),PG(P-38:4)",PG,1249.6200904846191,1252.2200775146484,1267.7800941467285,1249.6000900268555,1255.440086364746,1254.0600967407227,1255.7000732421875,1300.0400848388672,1245.2800827026367,Group: B,Group: C,Group: B vs Group: C,4,4,Blank_Blank_Blank
"PG(37:6),PG(O-38:6),PG(P-38:5)",PG,1249.9200859069824,1269.5600814819336,1251.5600852966309,1249.8000869750977,1256.1800842285156,1253.6400909423828,1255.020092010498,1249.8000984191895,1260.960090637207,Group: B,Group: C,Group: B vs Group: C,4,4,Blank_Blank_Blank
"PG(37:7),PG(P-38:6),PG(36:0),PG(O-37:0)",PG,1255.4800910949707,1279.8200721740723,1307.3600883483887,1249.8200874328613,1306.0200881958008,1286.3200874328613,1281.200080871582,1251.1800994873047,1245.4600944519043,Group: B,Group: C,Group: B vs Group: C,4,4,Blank_Blank_Blank
"PG(38:2),PG(P-39:1)",PG,1259.4401016235352,1250.680088043213,1267.980094909668,1270.3200912475586,1254.5000801086426,1276.4000778198242,1255.720085144043,1268.220085144043,1245.500087738037,Group: B,Group: C,Group: B vs Group: C,4,4,Blank_Blank_Blank
PG(38:3),PG,1264.5400924682617,1277.14009475708,1251.880084991455,1249.280086517334,1255.3000831604004,1254.0000801086426,1256.5400733947754,1251.2000846862793,1267.3400955200195,Group: B,Group: C,Group: B vs Group: C,4,4,Blank_Blank_Blank
PG(38:4),PG,1250.1600952148438,1264.0200958251953,1251.2800903320312,1317.0200996398926,1294.7800979614258,1304.9600830078125,1267.2400856018066,1251.520076751709,1244.8800735473633,Group: B,Group: C,Group: B vs Group: C,4,4,Blank_Blank_Blank
PG(38:5),PG,1249.1800918579102,1272.2400932312012,1251.9000854492188,1300.6201057434082,1255.0800819396973,1315.1601028442383,1258.8000793457031,1286.7800827026367,1245.7000999450684,Group: B,Group: C,Group: B vs Group: C,4,4,Blank_Blank_Blank
PG(38:6),PG,1328.3800964355469,1250.540096282959,1252.1800842285156,1248.280086517334,1254.780086517334,1253.7200927734375,1271.3000831604004,1251.0600967407227,1244.6400909423828,Group: B,Group: C,Group: B vs Group: C,4,4,Blank_Blank_Blank
"PG(38:7),PG(37:0),PG(O-38:0)",PG,1279.4001007080078,1281.1000938415527,1251.660099029541,1299.960090637207,1255.1600799560547,1254.700080871582,1256.1000900268555,1250.8600959777832,1244.4200859069824,Group: B,Group: C,Group: B vs Group: C,4,4,Blank_Blank_Blank
"PG(38:8),PG(37:1),PG(O-38:1),PG(P-38:0)",PG,1249.9600868225098,1250.8400802612305,1252.1000785827637,1249.2600936889648,1257.4200859069824,1308.5800857543945,1256.3600883483887,1250.6000862121582,1246.1000938415527,Group: B,Group: C,Group: B vs Group: C,4,4,Blank_Blank_Blank
"PG(38:9),PG(37:2),PG(O-38:2),PG(P-38:1)",PG,1250.440086364746,1251.7000846862793,1252.5800857543945,1289.5800971984863,1255.3400840759277,1277.4800834655762,1255.8800811767578,1251.2200889587402,1254.7200775146484,Group: B,Group: C,Group: B vs Group: C,4,4,Blank_Blank_Blank
"PG(39:1),PG(O-40:1),PG(P-40:0)",PG,1290.7000923156738,1302.960090637207,1293.800090789795,1331.6000862121582,1296.7000885009766,1296.1800918579102,1336.0600891113281,1292.360092163086,1311.3200950622559,Group: B,Group: C,Group: B vs Group: C,4,4,Blank_Blank_Blank
"PG(39:4),PG(O-40:4),PG(P-40:3)",PG,1292.9000930786133,1292.9200859069824,1293.180088043213,1290.5600967407227,1298.420093536377,1295.1000938415527,1318.5600891113281,1291.8600807189941,1286.4201011657715,Group: B,Group: C,Group: B vs Group: C,4,4,Blank_Blank_Blank
"PG(39:5),PG(O-40:5),PG(P-40:4)",PG,1291.320083618164,1293.580093383789,1293.1800956726074,1290.3801002502441,1298.0000839233398,1296.3600769042969,1298.320083618164,1291.7000885009766,1287.8000984191895,Group: B,Group: C,Group: B vs Group: C,4,4,Blank_Blank_Blank
"PG(39:6),PG(O-40:6),PG(P-40:5)",PG,1290.8600807189941,1293.0200996398926,1334.800090789795,1291.220100402832,1298.2000923156738,1319.2000923156738,1298.2200927734375,1292.900089263916,1286.8800888061523,Group: B,Group: C,Group: B vs Group: C,4,4,Blank_Blank_Blank
"PG(39:7),PG(P-40:6),PG(38:0),PG(O-39:0)",PG,1249.9200820922852,1251.1400833129883,1251.6800842285156,1248.54008102417,1254.760082244873,1269.760082244873,1255.6800842285156,1251.1200828552246,1244.6000862121582,Group: B,Group: C,Group: B vs Group: C,4,4,Blank_Blank_Blank
"PG(39:8),PG(38:1),PG(O-39:1),PG(P-39:0)",PG,1260.240089416504,1251.200096130371,1252.4600830078125,1249.0400886535645,1291.720085144043,1269.2000770568848,1256.3200874328613,1250.240089416504,1245.8200874328613,Group: B,Group: C,Group: B vs Group: C,4,4,Blank_Blank_Blank
"PG(40:1),PG(P-41:0)",PG,1298.60009765625,1293.1400871276855,1293.3200912475586,1321.4600944519043,1336.200096130371,1326.8200874328613,1302.9800910949707,1298.0800895690918,1331.260108947754,Group: B,Group: C,Group: B vs Group: C,4,4,Blank_Blank_Blank
"PG(40:10),PG(39:3),PG(O-40:3),PG(P-40:2)",PG,1303.0000839233398,1293.6800842285156,1293.3800964355469,1291.520092010498,1297.3400917053223,1316.7600746154785,1298.1800994873047,1292.4400939941406,1290.1800804138184,Group: B,Group: C,Group: B vs Group: C,4,4,Blank_Blank_Blank
PG(40:2),PG,1302.9600830078125,1293.580093383789,1309.4801025390625,1295.0801048278809,1297.6600799560547,1296.3200950622559,1298.3600845336914,1316.0800819396973,1286.520092010498,Group: B,Group: C,Group: B vs Group: C,4,4,Blank_Blank_Blank
PG(40:3),PG,1324.180088043213,1322.5800971984863,1293.9000968933105,1290.6000938415527,1331.0201034545898,1305.680088043213,1298.5800971984863,1292.080093383789,1287.540096282959,Group: B,Group: C,Group: B vs Group: C,4,4,Blank_Blank_Blank
PG(40:4),PG,1290.9200859069824,1292.7200965881348,1371.7400970458984,1290.6800994873047,1327.980079650879,1295.320083618164,1298.000087738037,1293.000087738037,1395.6800994873047,Group: B,Group: C,Group: B vs Group: C,4,4,Blank_Blank_Blank
PG(40:5),PG,1291.2400932312012,1292.760082244873,1293.3600883483887,1290.540096282959,1296.6400909423828,1295.5600929260254,1296.6400680541992,1293.6600952148438,1297.7600860595703,Group: B,Group: C,Group: B vs Group: C,4,4,Blank_Blank_Blank
PG(40:6),PG,1290.3400917053223,1292.8200912475586,1292.9801025390625,1290.9600944519043,1296.9800872802734,1345.7200965881348,1320.900089263916,1292.860092163086,1287.5600891113281,Group: B,Group: C,Group: B vs Group: C,4,4,Blank_Blank_Blank
"PG(40:7),PG(39:0),PG(O-40:0)",PG,1312.820083618164,1333.100082397461,1294.3600883483887,1297.7800979614258,1297.2800827026367,1325.5000839233398,1298.0400886535645,1311.9400939941406,1288.1800994873047,Group: B,Group: C,Group: B vs Group: C,4,4,Blank_Blank_Blank
"PG(40:9),PG(39:2),PG(O-40:2),PG(P-40:1)",PG,1291.500099182129,1293.4600944519043,1293.420093536377,1290.6600761413574,1303.0600852966309,1299.220085144043,1298.4400901794434,1291.940086364746,1297.7000846862793,Group: B,Group: C,Group: B vs Group: C,4,4,Blank_Blank_Blank
"PG(41:5),PG(P-42:4)",PG,1290.8800888061523,1293.3800888061523,1293.3600845336914,1291.4400901794434,1295.8800926208496,1333.1800918579102,1310.780086517334,1291.940097808838,1286.8200874328613,Group: B,Group: C,Group: B vs Group: C,4,4,Blank_Blank_Blank
"PG(41:6),PG(O-42:6)",PG,1340.7200927734375,1318.8400955200195,1293.1400871276855,1291.240089416504,1394.3800964355469,1295.6400909423828,1332.420093536377,1291.9800987243652,1304.4000930786133,Group: B,Group: C,Group: B vs Group: C,4,4,Blank_Blank_Blank
"PG(41:7),PG(P-42:6),PG(40:0),PG(O-41:0)",PG,1292.7400932312012,1292.9400939941406,1292.8000984191895,1290.6200866699219,1323.0000953674316,1296.0400848388672,1297.8000869750977,1292.5600967407227,1286.540096282959,Group: B,Group: C,Group: B vs Group: C,4,4,Blank_Blank_Blank
PG(42:0),PG,1292.5000801086426,1292.8000946044922,1308.160099029541,1304.8600997924805,1297.1200866699219,1295.260082244873,1297.700080871582,1292.0800895690918,1295.7200927734375,Group: B,Group: C,Group: B vs Group: C,4,4,Blank_Blank_Blank
PG(42:1),PG,1299.3800811767578,1292.6800804138184,1292.860092163086,1290.2601013183594,1296.240089416504,1295.6600799560547,1328.220085144043,1332.3801002502441,1287.0200996398926,Group: B,Group: C,Group: B vs Group: C,4,4,Blank_Blank_Blank
"PG(42:10),PG(41:3),PG(P-42:2)",PG,1290.800090789795,1292.5000915527344,1293.340087890625,1291.8000831604004,1318.240089416504,1295.300090789795,1338.9600868225098,1292.780086517334,1301.0801010131836,Group: B,Group: C,Group: B vs Group: C,4,4,Blank_Blank_Blank
"PG(42:11),PG(41:4),PG(O-42:4)",PG,1291.1800918579102,1292.7400856018066,1293.7400970458984,1290.8800964355469,1296.440071105957,1296.3200950622559,1299.1400833129883,1313.7000885009766,1298.9400787353516,Group: B,Group: C,Group: B vs Group: C,4,4,Blank_Blank_Blank
PG(42:2),PG,1292.960090637207,1304.4600944519043,1293.1000938415527,1290.6001014709473,1317.8200912475586,1295.9200859069824,1298.0200805664062,1292.9600868225098,1286.1000862121582,Group: B,Group: C,Group: B vs Group: C,4,4,Blank_Blank_Blank
PG(42:3),PG,1291.8000793457031,1315.9600944519043,1302.1000785827637,1327.760097503662,1296.8600959777832,1295.3600959777832,1298.300090789795,1346.280101776123,1286.4200820922852,Group: B,Group: C,Group: B vs Group: C,4,4,Blank_Blank_Blank
PG(42:4),PG,1291.9400825500488,1293.2400856018066,1293.220085144043,1291.6600952148438,1296.6600875854492,1304.04008102417,1298.580078125,1293.4600944519043,1310.700096130371,Group: B,Group: C,Group: B vs Group: C,4,4,Blank_Blank_Blank
PG(42:5),PG,1291.5600776672363,1292.7600936889648,1293.1400756835938,1291.700080871582,1297.1400833129883,1294.6200942993164,1298.3800888061523,1292.860092163086,1286.8000984191895,Group: B,Group: C,Group: B vs Group: C,4,4,Blank_Blank_Blank
PG(42:6),PG,1291.9201011657715,1319.9800910949707,1328.3800888061523,1291.1000938415527,1299.04008102417,1295.0800857543945,1298.3400840759277,1292.4000930786133,1287.1200942993164,Group: B,Group: C,Group: B vs Group: C,4,4,Blank_Blank_Blank
"PG(42:7),PG(41:0),PG(O-42:0)",PG,1291.7601013183594,1292.7600898742676,1292.8000869750977,1291.1400871276855,1297.1400871276855,1295.6800842285156,1332.54008102417,1329.2601013183594,1289.9800910949707,Group: B,Group: C,Group: B vs Group: C,4,4,Blank_Blank_Blank
"PG(42:8),PG(41:1),PG(O-42:1),PG(P-42:0)",PG,1290.7000846862793,1309.0200805664062,1319.4600868225098,1291.2600936889648,1297.4800872802734,1295.5600852966309,1324.3400955200195,1292.8801040649414,1323.0801086425781,Group: B,Group: C,Group: B vs Group: C,4,4,Blank_Blank_Blank
"PG(42:9),PG(41:2),PG(O-42:2),PG(P-42:1)",PG,1291.5600891113281,1330.180088043213,1293.0400848388672,1296.160099029541,1316.2601013183594,1319.6400871276855,1296.9400901794434,1292.0600891113281,1333.8800888061523,Group: B,Group: C,Group: B vs Group: C,4,4,Blank_Blank_Blank
PG(43:2),PG,1291.7000885009766,1293.5400886535645,1293.10009765625,1289.7800941467285,1297.2800788879395,1295.6200981140137,1297.800106048584,1292.340087890625,1286.9400901794434,Group: B,Group: C,Group: B vs Group: C,4,4,Blank_Blank_Blank
PG(43:4),PG,1291.5600929260254,1292.820083618164,1293.0400848388672,1351.480094909668,1297.5800819396973,1294.9400901794434,1297.3400840759277,1292.60009765625,1294.8800888061523,Group: B,Group: C,Group: B vs Group: C,4,4,Blank_Blank_Blank
PG(43:6),PG,1292.0401039123535,1326.6800956726074,1312.1600952148438,1290.8800811767578,1313.8600959777832,1344.9400825500488,1309.8200798034668,1291.9800910949707,1359.0201034545898,Group: B,Group: C,Group: B vs Group: C,4,4,Blank_Blank_Blank
PG(44:0),PG,1316.8800888061523,1291.3200988769531,1292.3400955200195,1289.6800727844238,1294.8000869750977,1294.3400917053223,1320.7800788879395,1291.2800903320312,1361.9000930786133,Group: B,Group: C,Group: B vs Group: C,4,4,Blank_Blank_Blank
PG(44:1),PG,1292.520092010498,1307.6401062011719,1293.2400817871094,1290.7600860595703,1297.9800910949707,1295.500099182129,1297.760097503662,1292.400089263916,1287.5401039123535,Group: B,Group: C,Group: B vs Group: C,4,4,Blank_Blank_Blank
PG(44:10),PG,1370.8801040649414,1312.10009765625,1308.3200912475586,1338.300090789795,1296.680076599121,1309.4400939941406,1299.0600814819336,1291.5000915527344,1286.8200912475586,Group: B,Group: C,Group: B vs Group: C,4,4,Blank_Blank_Blank
PG(44:12),PG,1328.1400833129883,1293.3800964355469,1293.3400917053223,1290.8800964355469,1326.4601020812988,1295.4800834655762,1304.9000854492188,1348.720100402832,1287.2601051330566,Group: B,Group: C,Group: B vs Group: C,4,4,Blank_Blank_Blank
PG(44:2),PG,1296.400089263916,1308.0000953674316,1293.5400886535645,1291.1200942993164,1296.4400787353516,1296.480079650879,1298.5000839233398,1292.3800888061523,1287.6400909423828,Group: B,Group: C,Group: B vs Group: C,4,4,Blank_Blank_Blank
PG(44:3),PG,1291.8400917053223,1292.5000762939453,1292.8200912475586,1291.080093383789,1329.1800918579102,1295.9600830078125,1298.5000953674316,1293.760082244873,1287.3600883483887,Group: B,Group: C,Group: B vs Group: C,4,4,Blank_Blank_Blank
PG(44:4),PG,1292.1200942993164,1291.6201133728027,1293.8800964355469,1291.500087738037,1296.0000953674316,1295.740077972412,1309.1200866699219,1293.0200881958008,1287.6200828552246,Group: B,Group: C,Group: B vs Group: C,4,4,Blank_Blank_Blank
PG(44:5),PG,1291.8000831604004,1292.4600868225098,1309.3600883483887,1290.7600898742676,1311.6600914001465,1295.660099029541,1298.2601051330566,1293.6400833129883,1286.8200912475586,Group: B,Group: C,Group: B vs Group: C,4,4,Blank_Blank_Blank
PG(44:6),PG,1355.900104522705,1292.480094909668,1293.1400909423828,1314.1000900268555,1297.2400932312012,1295.2200927734375,1298.6200904846191,1293.160083770752,1286.440086364746,Group: B,Group: C,Group: B vs Group: C,4,4,Blank_Blank_Blank
"PG(44:7),PG(43:0)",PG,1291.6200942993164,1292.1200942993164,1306.1000785827637,1291.0400848388672,1332.080093383789,1295.5200881958008,1315.0600891113281,1292.9800872802734,1286.9000930786133,Group: B,Group: C,Group: B vs Group: C,4,4,Blank_Blank_Blank
"PG(44:8),PG(43:1)",PG,1296.5800895690918,1292.8200874328613,1293.3200874328613,1291.2200965881348,1316.0600967407227,1295.4200897216797,1297.9000854492188,1293.300090789795,1287.14009475708,Group: B,Group: C,Group: B vs Group: C,4,4,Blank_Blank_Blank
"PG(O-35:1),PG(P-35:0)",PG,1323.8201026916504,1360.2000923156738,1275.8800926208496,1407.4201126098633,1400.9600944519043,1363.2200889587402,1299.2200889587402,1251.1200866699219,1251.8600883483887,Group: B,Group: C,Group: B vs Group: C,4,4,Blank_Blank_Blank
"PG(O-35:2),PG(P-35:1)",PG,1420.8400993347168,1302.5600891113281,1292.720085144043,1258.2600860595703,1255.860092163086,1321.5400924682617,1362.0200996398926,1251.0000801086426,1316.200080871582,Group: B,Group: C,Group: B vs Group: C,4,4,Blank_Blank_Blank
"PG(O-37:2),PG(P-37:1)",PG,1309.1400985717773,1399.340103149414,1329.140079498291,1374.5600814819336,1264.8000831604004,1299.1400909423828,1289.020092010498,1284.340087890625,1286.4000930786133,Group: B,Group: C,Group: B vs Group: C,4,4,Blank_Blank_Blank
PI(24:0),PI,1343.1400909423828,1431.3001022338867,1431.660099029541,1270.5200881958008,1559.880111694336,1354.3800926208496,1304.5800857543945,1288.5800895690918,1272.3000869750977,Group: B,Group: C,Group: B vs Group: C,4,4,Blank_Blank_Blank
PI(25:0),PI,1279.1600761413574,1466.0801010131836,1411.440097808838,1317.0200881958008,1406.1400985717773,1270.5200881958008,1345.4200859069824,1267.4200820922852,1328.800106048584,Group: B,Group: C,Group: B vs Group: C,4,4,Blank_Blank_Blank
PI(26:0),PI,1280.880084991455,1387.6800956726074,1324.4401016235352,1307.020092010498,1428.6800956726074,1411.420108795166,1474.2801246643066,1310.7400856018066,1287.3200912475586,Group: B,Group: C,Group: B vs Group: C,4,4,Blank_Blank_Blank
PI(26:1),PI,1305.3000946044922,1253.8000869750977,1275.1600875854492,1255.7200775146484,1386.720085144043,1259.8400802612305,1281.6200790405273,1331.860092163086,1267.3000869750977,Group: B,Group: C,Group: B vs Group: C,4,4,Blank_Blank_Blank
"PI(27:0),PI(O-28:0)",PI,1308.9400901794434,1290.0000953674316,1301.1401023864746,1255.2000694274902,1345.5200881958008,1312.200096130371,1371.1200942993164,1265.5600814819336,1267.9000930786133,Group: B,Group: C,Group: B vs Group: C,4,4,Blank_Blank_Blank
"PI(27:1),PI(P-28:0)",PI,1254.6000785827637,1354.480110168457,1260.1600875854492,1274.0800857543945,1263.000087738037,1272.6200904846191,1264.8600883483887,1311.9400939941406,1266.5600852966309,Group: B,Group: C,Group: B vs Group: C,4,4,Blank_Blank_Blank
"PI(28:0),PI(O-29:0)",PI,1256.0000762939453,1312.9200897216797,1332.5000839233398,1255.1000862121582,1263.460090637207,1456.320110321045,1322.1601066589355,1308.500099182129,1279.7800979614258,Group: B,Group: C,Group: B vs Group: C,4,4,Blank_Blank_Blank
"PI(28:1),PI(P-29:0)",PI,1291.5200881958008,1289.820083618164,1261.1400909423828,1255.640079498291,1291.4200859069824,1391.760108947754,1264.0000801086426,1265.2000885009766,1266.4200897216797,Group: B,Group: C,Group: B vs Group: C,4,4,Blank_Blank_Blank
PI(28:2),PI,1254.6400833129883,1309.0400886535645,1292.9200897216797,1255.0400886535645,1284.1000938415527,1259.8400840759277,1283.4600830078125,1264.8400917053223,1321.5400924682617,Group: B,Group: C,Group: B vs Group: C,4,4,Blank_Blank_Blank
"PI(29:0),PI(O-30:0)",PI,1362.5001029968262,1254.64009475708,1262.0600891113281,1369.980094909668,1307.800090789795,1296.9601020812988,1381.160099029541,1266.0600929260254,1266.5800895690918,Group: B,Group: C,Group: B vs Group: C,4,4,Blank_Blank_Blank
"PI(29:1),PI(O-30:1),PI(P-30:0)",PI,1256.5200843811035,1278.4000930786133,1278.7000923156738,1255.4400787353516,1294.300090789795,1286.1200828552246,1267.2800903320312,1270.2200965881348,1266.9800872802734,Group: B,Group: C,Group: B vs Group: C,4,4,Blank_Blank_Blank
"PI(29:2),PI(P-30:1)",PI,1255.3600997924805,1289.2200965881348,1289.0600967407227,1254.4600791931152,1296.4000968933105,1259.3000831604004,1327.7800941467285,1305.8200988769531,1265.9800834655762,Group: B,Group: C,Group: B vs Group: C,4,4,Blank_Blank_Blank
"PI(30:0),PI(O-31:0)",PI,1273.1400871276855,1254.3200950622559,1260.000099182129,1273.3000831604004,1263.8400802612305,1288.040096282959,1318.0000953674316,1265.840087890625,1266.760097503662,Group: B,Group: C,Group: B vs Group: C,4,4,Blank_Blank_Blank
"PI(30:1),PI(O-31:1),PI(P-31:0)",PI,1254.1000785827637,1255.3200798034668,1282.7400817871094,1304.6200866699219,1263.9200859069824,1260.1000938415527,1264.600082397461,1265.8600845336914,1332.120101928711,Group: B,Group: C,Group: B vs Group: C,4,4,Blank_Blank_Blank
"PI(30:2),PI(P-31:1)",PI,1279.2600860595703,1254.240077972412,1266.260097503662,1265.3400840759277,1263.400089263916,1260.8200912475586,1265.9000854492188,1303.9200859069824,1268.3000946044922,Group: B,Group: C,Group: B vs Group: C,4,4,Blank_Blank_Blank
PI(30:3),PI,1255.7800903320312,1264.3400802612305,1270.3600959777832,1254.400089263916,1264.6200942993164,1325.4400825500488,1265.080078125,1266.2200775146484,1266.8000946044922,Group: B,Group: C,Group: B vs Group: C,4,4,Blank_Blank_Blank
PI(30:4),PI,1254.7400856018066,1290.2800827026367,1261.2000999450684,1254.9200820922852,1297.2400817871094,1321.3200950622559,1265.220085144043,1265.9800910949707,1267.1200904846191,Group: B,Group: C,Group: B vs Group: C,4,4,Blank_Blank_Blank
"PI(31:0),PI(O-32:0)",PI,1306.04008102417,1281.0600814819336,1260.940097808838,1255.760097503662,1330.0800971984863,1305.7600936889648,1264.3000755310059,1264.8600769042969,1301.580078125,Group: B,Group: C,Group: B vs Group: C,4,4,Blank_Blank_Blank
"PI(31:1),PI(O-32:1),PI(P-32:0)",PI,1292.620101928711,1309.340103149414,1393.660099029541,1258.980079650879,1411.680103302002,1280.0000915527344,1284.4200897216797,1265.0800857543945,1265.9000968933105,Group: B,Group: C,Group: B vs Group: C,4,4,Blank_Blank_Blank
"PI(31:2),PI(P-32:1)",PI,1256.280086517334,1292.8400917053223,1261.6200790405273,1255.2000770568848,1278.2800941467285,1258.880084991455,1351.180088043213,1266.1200790405273,1267.1200828552246,Group: B,Group: C,Group: B vs Group: C,4,4,Blank_Blank_Blank
PI(31:3),PI,1255.6000747680664,1263.9000816345215,1260.5400924682617,1255.5600814819336,1263.4800872802734,1258.9400787353516,1264.3400840759277,1265.0800819396973,1296.6000938415527,Group: B,Group: C,Group: B vs Group: C,4,4,Blank_Blank_Blank
PI(31:4),PI,1254.1200828552246,1311.1200866699219,1260.0401000976562,1255.0600852966309,1264.340087890625,1258.9600944519043,1265.400104522705,1318.7400856018066,1266.4200859069824,Group: B,Group: C,Group: B vs Group: C,4,4,Blank_Blank_Blank
"PI(32:0),PI(O-33:0)",PI,1255.8200798034668,1295.9800872802734,1270.920078277588,1254.9200820922852,1297.3800964355469,1264.320083618164,1376.1400871276855,1266.3600845336914,1266.9000968933105,Group: B,Group: C,Group: B vs Group: C,4,4,Blank_Blank_Blank
"PI(32:1),PI(O-33:1),PI(P-33:0)",PI,1255.400089263916,1282.720085144043,1318.1600914001465,1255.5000839233398,1396.880084991455,1306.8200912475586,1343.2200927734375,1312.4601020812988,1267.400089263916,Group: B,Group: C,Group: B vs Group: C,4,4,Blank_Blank_Blank
"PI(32:2),PI(O-33:2),PI(P-33:1)",PI,1307.020092010498,1272.4000854492188,1261.4200897216797,1254.0800857543945,1347.4800987243652,1329.4000930786133,1265.4800910949707,1359.5800819396973,1267.5401039123535,Group: B,Group: C,Group: B vs Group: C,4,4,Blank_Blank_Blank
"PI(32:3),PI(P-33:2)",PI,1256.0600929260254,1270.0800857543945,1282.660099029541,1255.3000755310059,1264.0800857543945,1290.12007522583,1265.0000839233398,1265.9600868225098,1267.3800888061523,Group: B,Group: C,Group: B vs Group: C,4,4,Blank_Blank_Blank
PI(32:4),PI,1307.2000885009766,1293.9000854492188,1261.3200798034668,1254.1000785827637,1264.7200813293457,1259.4800872802734,1264.5800819396973,1264.980094909668,1275.6401062011719,Group: B,Group: C,Group: B vs Group: C,4,4,Blank_Blank_Blank
PI(32:5),PI,1263.9800910949707,1337.8800964355469,1261.7000999450684,1267.4000854492188,1286.4000968933105,1295.920093536377,1265.3400802612305,1264.960090637207,1288.4800872802734,Group: B,Group: C,Group: B vs Group: C,4,4,Blank_Blank_Blank
"PI(33:0),PI(O-34:0)",PI,1254.2000885009766,1254.960075378418,1260.8600845336914,1255.080078125,1325.6800956726074,1259.880084991455,1281.0600967407227,1264.400089263916,1298.3600959777832,Group: B,Group: C,Group: B vs Group: C,4,4,Blank_Blank_Blank
"PI(33:1),PI(O-34:1),PI(P-34:0)",PI,1325.4200897216797,1254.460075378418,1282.9000968933105,1259.7000885009766,1263.7200889587402,1314.8200912475586,1296.6800994873047,1265.8200874328613,1267.0801010131836,Group: B,Group: C,Group: B vs Group: C,4,4,Blank_Blank_Blank
"PI(33:2),PI(O-34:2),PI(P-34:1)",PI,1255.760082244873,1358.4000968933105,1261.0800857543945,1265.2600784301758,1333.5001029968262,1261.1800918579102,1324.1800804138184,1319.040096282959,1270.0000839233398,Group: B,Group: C,Group: B vs Group: C,4,4,Blank_Blank_Blank
"PI(33:3),PI(O-34:3),PI(P-34:2)",PI,1255.3800964355469,1255.1600799560547,1260.4600982666016,1255.3400764465332,1324.5000915527344,1259.8800964355469,1264.6200942993164,1266.3800926208496,1267.14009475708,Group: B,Group: C,Group: B vs Group: C,4,4,Blank_Blank_Blank
"PI(33:4),PI(O-34:4),PI(P-34:3)",PI,1255.9400825500488,1255.4000816345215,1261.14009475708,1256.1600761413574,1263.5000839233398,1258.940086364746,1286.3600959777832,1266.080093383789,1267.2600898742676,Group: B,Group: C,Group: B vs Group: C,4,4,Blank_Blank_Blank
"PI(33:5),PI(P-34:4)",PI,1255.440086364746,1277.8600769042969,1311.10009765625,1296.100082397461,1263.500087738037,1277.9400825500488,1265.3600883483887,1265.8001022338867,1277.4600868225098,Group: B,Group: C,Group: B vs Group: C,4,4,Blank_Blank_Blank
"PI(34:0),PI(O-35:0)",PI,1271.640079498291,1281.5800857543945,1284.4600944519043,1363.6200942993164,1332.280101776123,1375.9600944519043,1263.8600807189941,1266.6600875854492,1267.1200904846191,Group: B,Group: C,Group: B vs Group: C,4,4,Blank_Blank_Blank
"PI(34:1),PI(O-35:1),PI(P-35:0)",PI,1709.4601020812988,1604.5401000976562,1477.8201026916504,1391.7000923156738,1986.2201461791992,1321.3200912475586,1429.9601020812988,1400.3201026916504,1267.8600845336914,Group: B,Group: C,Group: B vs Group: C,4,4,Blank_Blank_Blank
"PI(34:2),PI(O-35:2),PI(P-35:1)",PI,2824.4002380371094,3407.9602127075195,4013.2603034973145,1795.3601341247559,2714.260181427002,2673.9001655578613,2319.3201446533203,1421.8001022338867,1266.6600952148438,Group: B,Group: C,Group: B vs Group: C,4,4,Blank_Blank_Blank
"PI(34:3),PI(P-35:2)",PI,1343.8001022338867,1368.10009765625,1376.9000930786133,1259.9000816345215,1395.3000946044922,1258.8000831604004,1411.1001091003418,1266.1200904846191,1267.1000862121582,Group: B,Group: C,Group: B vs Group: C,4,4,Blank_Blank_Blank
PI(34:4),PI,1285.0600776672363,1318.1400909423828,1286.1800956726074,1255.6000862121582,1264.0800857543945,1280.260097503662,1264.8200874328613,1266.0000839233398,1267.4600830078125,Group: B,Group: C,Group: B vs Group: C,4,4,Blank_Blank_Blank
PI(34:5),PI,1254.2400817871094,1260.340087890625,1261.200096130371,1254.8000831604004,1264.0000915527344,1298.1000862121582,1264.7200927734375,1264.4400939941406,1267.3800926208496,Group: B,Group: C,Group: B vs Group: C,4,4,Blank_Blank_Blank
PI(34:6),PI,1312.8000946044922,1254.3400840759277,1260.480079650879,1338.60009765625,1307.4800987243652,1259.3200874328613,1265.2401008605957,1264.7000885009766,1266.8200874328613,Group: B,Group: C,Group: B vs Group: C,4,4,Blank_Blank_Blank
"PI(35:2),PI(O-36:2),PI(P-36:1)",PI,1317.5400924682617,1333.960090637207,1310.6600952148438,1276.160083770752,1383.8200950622559,1283.9600830078125,1314.10009765625,1265.4000854492188,1318.8001022338867,Group: B,Group: C,Group: B vs Group: C,4,4,Blank_Blank_Blank
"PI(35:3),PI(O-36:3),PI(P-36:2)",PI,1260.6400909423828,1267.0600891113281,1260.2800903320312,1274.6800842285156,1280.1400756835938,1313.9801063537598,1265.1600875854492,1266.3200950622559,1266.7000885009766,Group: B,Group: C,Group: B vs Group: C,4,4,Blank_Blank_Blank
"PI(35:4),PI(O-36:4),PI(P-36:3)",PI,1256.8600883483887,1336.740077972412,1260.6600875854492,1254.9800834655762,1289.7200889587402,1260.2000846862793,1265.240089416504,1265.180088043213,1267.7600898742676,Group: B,Group: C,Group: B vs Group: C,4,4,Blank_Blank_Blank
"PI(35:5),PI(O-36:5),PI(P-36:4)",PI,1297.480094909668,1255.2000885009766,1260.5600929260254,1255.3600845336914,1264.6000938415527,1274.900089263916,1322.460090637207,1266.3400802612305,1277.300090789795,Group: B,Group: C,Group: B vs Group: C,4,4,Blank_Blank_Blank
"PI(35:6),PI(P-36:5)",PI,1265.1000785827637,1254.4600868225098,1261.000099182129,1281.3400802612305,1279.4000854492188,1259.520092010498,1264.0000915527344,1266.380084991455,1266.6000862121582,Group: B,Group: C,Group: B vs Group: C,4,4,Blank_Blank_Blank
"PI(36:1),PI(O-37:1),PI(P-37:0)",PI,1614.4801025390625,1553.2400932312012,1838.1601448059082,1506.8601036071777,1992.0401306152344,1378.8201026916504,1591.6801109313965,1265.1600952148438,1267.2401008605957,Group: B,Group: C,Group: B vs Group: C,4,4,Blank_Blank_Blank
"PI(36:2),PI(O-37:2),PI(P-37:1)",PI,4503.780303955078,5172.620376586914,6477.220417022705,3747.4403495788574,4186.840358734131,3697.8602905273438,5402.6804122924805,1921.5001373291016,1266.7600860595703,Group: B,Group: C,Group: B vs Group: C,4,4,Blank_Blank_Blank
"PI(36:3),PI(P-37:2)",PI,5275.32039642334,3468.4202995300293,5111.1203536987305,2085.7401542663574,8153.760684967041,4055.280227661133,5402.300445556641,1979.6201400756836,1266.8400917053223,Group: B,Group: C,Group: B vs Group: C,4,4,Blank_Blank_Blank
PI(36:4),PI,9396.600883483887,8720.980453491211,7022.180488586426,2833.420177459717,16101.22106552124,4883.780277252197,8441.400478363037,2469.620204925537,1267.8200874328613,Group: B,Group: C,Group: B vs Group: C,4,4,Blank_Blank_Blank
PI(36:5),PI,1444.3400993347168,1650.0000953674316,1387.8201026916504,1255.9600830078125,1736.8801307678223,1305.7400932312012,1576.1800994873047,1278.5600891113281,1266.7400932312012,Group: B,Group: C,Group: B vs Group: C,4,4,Blank_Blank_Blank
PI(36:6),PI,1313.0200805664062,1255.4200897216797,1260.880084991455,1270.380084991455,1276.7400817871094,1258.9600944519043,1265.1800918579102,1265.3200798034668,1281.9400901794434,Group: B,Group: C,Group: B vs Group: C,4,4,Blank_Blank_Blank
"PI(36:7),PI(35:0),PI(O-36:0)",PI,1255.5400848388672,1255.4400787353516,1260.3000831604004,1255.6400871276855,1263.7200927734375,1259.740089416504,1321.6600952148438,1325.2000999450684,1278.440097808838,Group: B,Group: C,Group: B vs Group: C,4,4,Blank_Blank_Blank
"PI(36:8),PI(35:1),PI(O-36:1),PI(P-36:0)",PI,1265.4600791931152,1314.7600898742676,1286.7000770568848,1255.3000869750977,1272.000087738037,1259.7000999450684,1296.520092010498,1265.1400833129883,1295.0000915527344,Group: B,Group: C,Group: B vs Group: C,4,4,Blank_Blank_Blank
"PI(37:3),PI(O-38:3),PI(P-38:2)",PI,1413.6000938415527,1568.8201026916504,1426.7601051330566,1261.1000938415527,1401.000099182129,1441.3400955200195,1586.8601150512695,1338.9601020812988,1267.0800971984863,Group: B,Group: C,Group: B vs Group: C,4,4,Blank_Blank_Blank
"PI(37:4),PI(O-38:4),PI(P-38:3)",PI,1663.9000968933105,1466.9201164245605,1797.3001327514648,1391.8400993347168,1486.4401054382324,1505.0401039123535,1643.0201148986816,1493.0001029968262,1267.3800773620605,Group: B,Group: C,Group: B vs Group: C,4,4,Blank_Blank_Blank
"PI(37:5),PI(O-38:5),PI(P-38:4)",PI,1270.2000923156738,1354.0200881958008,1325.400104522705,1265.64009475708,1263.3400917053223,1260.620101928711,1264.9400939941406,1284.680088043213,1267.1000785827637,Group: B,Group: C,Group: B vs Group: C,4,4,Blank_Blank_Blank
"PI(37:6),PI(O-38:6),PI(P-38:5)",PI,1255.5400886535645,1254.3800926208496,1260.280086517334,1254.7200889587402,1307.8000946044922,1260.1000747680664,1264.500087738037,1265.960090637207,1266.980094909668,Group: B,Group: C,Group: B vs Group: C,4,4,Blank_Blank_Blank
"PI(37:7),PI(P-38:6),PI(36:0),PI(O-37:0)",PI,1268.2400817871094,1305.2400932312012,1325.7200965881348,1321.5800819396973,1275.4400939941406,1288.3400993347168,1265.4600868225098,1337.5400924682617,1266.3200874328613,Group: B,Group: C,Group: B vs Group: C,4,4,Blank_Blank_Blank
"PI(38:2),PI(P-39:1)",PI,2242.5601921081543,2429.580177307129,2256.8802070617676,1600.5801086425781,3207.5402069091797,1955.2001686096191,2474.9001846313477,1614.4801063537598,1267.2200889587402,Group: B,Group: C,Group: B vs Group: C,4,4,Blank_Blank_Blank
PI(38:3),PI,13596.240993499756,15890.740886688232,15147.021255493164,7017.720592498779,21991.42110824585,9274.20048904419,21121.44125366211,6211.340427398682,1296.1800918579102,Group: B,Group: C,Group: B vs Group: C,4,4,Blank_Blank_Blank
PI(38:4),PI,65854.4448852539,84047.9661064148,76131.74475097656,29041.122303009033,111865.50644302368,38528.303150177,116519.91062545776,24881.982318878174,1299.3000946044922,Group: B,Group: C,Group: B vs Group: C,4,4,Blank_Blank_Blank
PI(38:5),PI,5945.500503540039,6805.860431671143,6641.980537414551,3177.14022064209,11882.420673370361,4181.340251922607,8925.160636901855,3710.640239715576,1266.3801040649414,Group: B,Group: C,Group: B vs Group: C,4,4,Blank_Blank_Blank
PI(38:6),PI,2137.5801277160645,2216.0601387023926,2232.460178375244,1435.3000984191895,2546.5401916503906,1584.040111541748,2145.0601539611816,1318.3600883483887,1266.8600883483887,Group: B,Group: C,Group: B vs Group: C,4,4,Blank_Blank_Blank
"PI(38:7),PI(37:0),PI(O-38:0)",PI,1313.740089416504,1421.6800842285156,1328.8000946044922,1281.1600914001465,1343.2800941467285,1259.5200881958008,1264.7800827026367,1266.1200942993164,1324.4201011657715,Group: B,Group: C,Group: B vs Group: C,4,4,Blank_Blank_Blank
"PI(38:8),PI(37:1),PI(O-38:1),PI(P-38:0)",PI,1288.3800888061523,1255.4600791931152,1319.8000869750977,1356.1401023864746,1279.4200820922852,1258.6200904846191,1272.8400955200195,1266.5200843811035,1266.6400833129883,Group: B,Group: C,Group: B vs Group: C,4,4,Blank_Blank_Blank
"PI(38:9),PI(37:2),PI(O-38:2),PI(P-38:1)",PI,1289.5200958251953,1327.2000885009766,1387.5601081848145,1308.020092010498,1262.940071105957,1316.2400932312012,1392.980110168457,1272.5000953674316,1266.6200942993164,Group: B,Group: C,Group: B vs Group: C,4,4,Blank_Blank_Blank
"PI(39:4),PI(O-40:4),PI(P-40:3)",PI,1712.520118713379,1862.1801261901855,1951.3601417541504,1501.3000984191895,2221.3001670837402,1586.6601066589355,1513.7400932312012,1352.2201042175293,1266.1400871276855,Group: B,Group: C,Group: B vs Group: C,4,4,Blank_Blank_Blank
"PI(39:5),PI(O-40:5),PI(P-40:4)",PI,1319.6600914001465,1282.9200859069824,1341.3600883483887,1306.7400817871094,1449.520107269287,1260.3000831604004,1343.7800941467285,1265.0600929260254,1266.3800964355469,Group: B,Group: C,Group: B vs Group: C,4,4,Blank_Blank_Blank
"PI(39:6),PI(O-40:6),PI(P-40:5)",PI,1279.1600875854492,1272.800090789795,1293.5800895690918,1255.3000793457031,1331.2400817871094,1269.2800827026367,1263.840087890625,1277.160083770752,1267.1400985717773,Group: B,Group: C,Group: B vs Group: C,4,4,Blank_Blank_Blank
"PI(39:7),PI(P-40:6),PI(38:0),PI(O-39:0)",PI,1255.3200912475586,1254.8800888061523,1260.9000930786133,1255.3000869750977,1284.4600944519043,1285.020092010498,1294.920078277588,1265.0000915527344,1267.0800857543945,Group: B,Group: C,Group: B vs Group: C,4,4,Blank_Blank_Blank
"PI(39:8),PI(38:1),PI(O-39:1),PI(P-39:0)",PI,1323.340087890625,1392.1001052856445,1331.1800994873047,1269.6000900268555,1286.8600883483887,1287.0600852966309,1398.1000938415527,1291.3800888061523,1267.3600883483887,Group: B,Group: C,Group: B vs Group: C,4,4,Blank_Blank_Blank
"PI(40:1),PI(P-41:0)",PI,1255.2200736999512,1276.5800819396973,1282.3200912475586,1255.5400924682617,1263.4800910949707,1305.10009765625,1265.4400901794434,1319.5000915527344,1266.8000984191895,Group: B,Group: C,Group: B vs Group: C,4,4,Blank_Blank_Blank
"PI(40:10),PI(39:3),PI(O-40:3),PI(P-40:2)",PI,1386.520107269287,1329.640079498291,1434.3801002502441,1314.8200912475586,1509.7601051330566,1325.5600891113281,1475.120101928711,1312.740077972412,1266.980079650879,Group: B,Group: C,Group: B vs Group: C,4,4,Blank_Blank_Blank
PI(40:2),PI,1387.5000953674316,1292.2000846862793,1260.0600891113281,1267.1200790405273,1287.340087890625,1259.0400886535645,1280.9800758361816,1266.6600914001465,1266.9201011657715,Group: B,Group: C,Group: B vs Group: C,4,4,Blank_Blank_Blank
PI(40:3),PI,1410.2000999450684,1649.3801193237305,1433.960105895996,1322.9200820922852,1447.3000984191895,1337.220085144043,1759.7801246643066,1279.480094909668,1266.2400817871094,Group: B,Group: C,Group: B vs Group: C,4,4,Blank_Blank_Blank
PI(40:4),PI,2124.9201316833496,2941.3002166748047,2357.320125579834,1523.1800956726074,2738.4601707458496,1835.66011428833,3252.340187072754,1544.7601165771484,1267.660083770752,Group: B,Group: C,Group: B vs Group: C,4,4,Blank_Blank_Blank
PI(40:5),PI,2293.9201698303223,2354.480140686035,2388.0601806640625,1503.1800956726074,3126.2002296447754,1533.0001029968262,2567.700183868408,1514.7401084899902,1266.2000999450684,Group: B,Group: C,Group: B vs Group: C,4,4,Blank_Blank_Blank
PI(40:6),PI,2752.1202278137207,3107.28023147583,3088.140209197998,1938.1201400756836,3989.9803504943848,1514.7001113891602,3075.7401847839355,1450.6201057434082,1267.3200874328613,Group: B,Group: C,Group: B vs Group: C,4,4,Blank_Blank_Blank
"PI(40:7),PI(39:0),PI(O-40:0),PI(dO-41:0)",PI,1268.6200828552246,1533.9001121520996,1390.2601013183594,1379.2401008605957,1596.0401039123535,1384.6001091003418,1665.520118713379,1354.4200859069824,1266.5400772094727,Group: B,Group: C,Group: B vs Group: C,4,4,Blank_Blank_Blank
"PI(40:8),PI(39:1),PI(O-40:1),PI(P-40:0)",PI,1255.1200828552246,1323.9200859069824,1291.8400955200195,1293.9600830078125,1356.0400924682617,1295.7000846862793,1488.3201179504395,1288.64009475708,1266.860092163086,Group: B,Group: C,Group: B vs Group: C,4,4,Blank_Blank_Blank
"PI(40:9),PI(39:2),PI(O-40:2),PI(P-40:1)",PI,1303.2600860595703,1287.8400955200195,1359.1200981140137,1255.2600746154785,1271.5200996398926,1291.840103149414,1305.5600891113281,1310.3600959777832,1266.140079498291,Group: B,Group: C,Group: B vs Group: C,4,4,Blank_Blank_Blank
"PI(41:5),PI(P-42:4)",PI,1256.420093536377,1316.4000968933105,1259.8400955200195,1255.0400924682617,1314.840087890625,1258.1400909423828,1296.540096282959,1265.3800888061523,1265.8400840759277,Group: B,Group: C,Group: B vs Group: C,4,4,Blank_Blank_Blank
"PI(41:6),PI(O-42:6)",PI,1255.1600914001465,1255.8200759887695,1288.740089416504,1254.8600769042969,1289.6000900268555,1259.0600776672363,1264.2800788879395,1266.200096130371,1267.0000915527344,Group: B,Group: C,Group: B vs Group: C,4,4,Blank_Blank_Blank
"PI(41:7),PI(P-42:6),PI(40:0),PI(O-41:0)",PI,1255.9800872802734,1255.0200843811035,1259.8800926208496,1255.1600761413574,1263.9200973510742,1257.9000854492188,1310.840087890625,1265.8200912475586,1266.0600891113281,Group: B,Group: C,Group: B vs Group: C,4,4,Blank_Blank_Blank
PI(42:0),PI,1254.980079650879,1256.2800903320312,1260.2200889587402,1254.3600959777832,1263.9600830078125,1258.9800834655762,1265.2800903320312,1266.4400901794434,1265.5400772094727,Group: B,Group: C,Group: B vs Group: C,4,4,Blank_Blank_Blank
PI(42:1),PI,1255.5600814819336,1277.5000801086426,1261.3400840759277,1255.420093536377,1263.2400932312012,1258.7000846862793,1265.340087890625,1266.4800910949707,1266.9600830078125,Group: B,Group: C,Group: B vs Group: C,4,4,Blank_Blank_Blank
"PI(42:10),PI(41:3),PI(P-42:2)",PI,1255.320083618164,1265.340087890625,1311.1200981140137,1255.2200927734375,1278.800090789795,1260.0400924682617,1264.9800987243652,1265.4800834655762,1266.8400840759277,Group: B,Group: C,Group: B vs Group: C,4,4,Blank_Blank_Blank
"PI(42:11),PI(41:4),PI(O-42:4)",PI,1296.0400886535645,1338.8000984191895,1276.3200912475586,1289.080093383789,1263.5400772094727,1259.0600929260254,1265.5200881958008,1264.8601036071777,1267.2800827026367,Group: B,Group: C,Group: B vs Group: C,4,4,Blank_Blank_Blank
PI(42:3),PI,1255.200080871582,1255.6600952148438,1260.660099029541,1254.960090637207,1300.680088043213,1262.900089263916,1264.5600776672363,1266.4400939941406,1266.6000862121582,Group: B,Group: C,Group: B vs Group: C,4,4,Blank_Blank_Blank
PI(42:4),PI,1276.0600814819336,1254.080093383789,1294.260097503662,1254.8200912475586,1269.2000846862793,1259.9200820922852,1267.7000885009766,1265.7200927734375,1267.4600982666016,Group: B,Group: C,Group: B vs Group: C,4,4,Blank_Blank_Blank
PI(42:5),PI,1255.1600875854492,1268.7800827026367,1260.5001029968262,1254.3000755310059,1268.940086364746,1259.5800819396973,1312.1600914001465,1264.7000885009766,1266.2000770568848,Group: B,Group: C,Group: B vs Group: C,4,4,Blank_Blank_Blank
PI(42:6),PI,1255.320083618164,1255.480094909668,1260.0400886535645,1255.4800872802734,1324.3000946044922,1287.1000862121582,1309.320083618164,1265.1600952148438,1266.6800956726074,Group: B,Group: C,Group: B vs Group: C,4,4,Blank_Blank_Blank
"PI(42:7),PI(41:0),PI(O-42:0)",PI,1255.3000869750977,1288.3200950622559,1278.0600891113281,1255.1800842285156,1272.5600929260254,1258.7600784301758,1264.6600875854492,1264.8000793457031,1266.8000869750977,Group: B,Group: C,Group: B vs Group: C,4,4,Blank_Blank_Blank
"PI(42:8),PI(41:1),PI(O-42:1),PI(P-42:0)",PI,1299.2000923156738,1255.340087890625,1260.8000946044922,1299.4800910949707,1298.6200942993164,1259.400089263916,1264.4200897216797,1264.8000869750977,1266.780101776123,Group: B,Group: C,Group: B vs Group: C,4,4,Blank_Blank_Blank
"PI(42:9),PI(41:2),PI(O-42:2),PI(P-42:1)",PI,1256.3000831604004,1254.820083618164,1310.0600929260254,1286.2000885009766,1283.4200859069824,1259.200096130371,1264.9200859069824,1265.4400825500488,1266.4600830078125,Group: B,Group: C,Group: B vs Group: C,4,4,Blank_Blank_Blank
PI(43:2),PI,1254.7401008605957,1254.4200897216797,1302.6400985717773,1255.280086517334,1263.5000839233398,1259.9400787353516,1316.900089263916,1264.5600929260254,1266.3000946044922,Group: B,Group: C,Group: B vs Group: C,4,4,Blank_Blank_Blank
PI(43:2)_2,PI,1256.5000915527344,1254.240089416504,1260.5801010131836,1254.9400825500488,1264.3800888061523,1259.6600875854492,1265.4600830078125,1266.4200859069824,1267.020092010498,Group: B,Group: C,Group: B vs Group: C,4,4,Blank_Blank_Blank
PI(43:4),PI,1255.500087738037,1254.680076599121,1260.880084991455,1255.420093536377,1263.7200927734375,1259.0400848388672,1270.180103302002,1266.7400932312012,1267.2600936889648,Group: B,Group: C,Group: B vs Group: C,4,4,Blank_Blank_Blank
PI(43:6),PI,1254.520092010498,1301.7600746154785,1260.4400901794434,1282.4600944519043,1263.360092163086,1274.6200942993164,1264.8400917053223,1289.5200958251953,1266.8800773620605,Group: B,Group: C,Group: B vs Group: C,4,4,Blank_Blank_Blank
PI(44:0),PI,1254.4000816345215,1253.6600875854492,1259.8200759887695,1253.7200775146484,1262.780086517334,1258.1600875854492,1263.2800903320312,1264.1800918579102,1265.840087890625,Group: B,Group: C,Group: B vs Group: C,4,4,Blank_Blank_Blank
PI(44:1),PI,1255.580093383789,1255.100082397461,1264.2800941467285,1255.700080871582,1264.7000923156738,1259.9800910949707,1264.7000885009766,1265.5200881958008,1265.7800827026367,Group: B,Group: C,Group: B vs Group: C,4,4,Blank_Blank_Blank
PI(44:10),PI,1256.0800895690918,1254.180088043213,1260.8000869750977,1255.5200691223145,1264.3800888061523,1259.6600799560547,1265.160099029541,1266.5000915527344,1266.940086364746,Group: B,Group: C,Group: B vs Group: C,4,4,Blank_Blank_Blank
PI(44:12),PI,1255.260097503662,1256.280086517334,1261.1800918579102,1255.8400802612305,1263.8400917053223,1259.5000839233398,1264.920093536377,1265.8600845336914,1266.3000984191895,Group: B,Group: C,Group: B vs Group: C,4,4,Blank_Blank_Blank
PI(44:2),PI,1255.8000831604004,1255.3000984191895,1260.8000869750977,1255.7000732421875,1264.1000900268555,1259.6600914001465,1265.5800857543945,1265.8200874328613,1267.4200820922852,Group: B,Group: C,Group: B vs Group: C,4,4,Blank_Blank_Blank
PI(44:3),PI,1255.6800804138184,1255.4000968933105,1260.8000717163086,1256.5400886535645,1263.900089263916,1259.4400825500488,1264.6400909423828,1265.5200996398926,1266.1000900268555,Group: B,Group: C,Group: B vs Group: C,4,4,Blank_Blank_Blank
PI(44:5),PI,1266.6800956726074,1255.1800727844238,1260.9800834655762,1254.6600799560547,1263.940086364746,1258.6000900268555,1265.0200881958008,1345.9201049804688,1266.8600883483887,Group: B,Group: C,Group: B vs Group: C,4,4,Blank_Blank_Blank
PI(44:6),PI,1256.1200981140137,1255.280086517334,1261.0200881958008,1255.5000762939453,1263.5800857543945,1258.3800773620605,1265.0600852966309,1264.980094909668,1266.3400840759277,Group: B,Group: C,Group: B vs Group: C,4,4,Blank_Blank_Blank
"PI(44:7),PI(43:0)",PI,1254.9200859069824,1254.6200866699219,1261.0200881958008,1254.320083618164,1263.6600875854492,1258.0400848388672,1264.5600929260254,1293.2600898742676,1306.7400970458984,Group: B,Group: C,Group: B vs Group: C,4,4,Blank_Blank_Blank
"PI(44:8),PI(43:1)",PI,1255.8400802612305,1255.0200881958008,1260.3600883483887,1255.780086517334,1263.5800895690918,1259.0200881958008,1306.5001029968262,1265.380084991455,1266.6800918579102,Group: B,Group: C,Group: B vs Group: C,4,4,Blank_Blank_Blank
PS(24:0),PS,1321.8600883483887,1252.320083618164,1330.400089263916,1382.7200965881348,1374.380084991455,1497.0801048278809,1336.9400939941406,1487.0000839233398,1372.6001014709473,Group: B,Group: C,Group: B vs Group: C,4,4,Blank_Blank_Blank
PS(25:0),PS,1253.2200813293457,1348.7800941467285,1431.3200988769531,1385.6600914001465,1510.8000984191895,1334.3400955200195,1594.5801048278809,1512.760097503662,1360.860092163086,Group: B,Group: C,Group: B vs Group: C,4,4,Blank_Blank_Blank
PS(26:0),PS,1290.10009765625,1417.3001022338867,1351.4400901794434,1359.7401008605957,1336.040096282959,1261.0600891113281,1388.4400939941406,1258.6000862121582,1407.4800910949707,Group: B,Group: C,Group: B vs Group: C,4,4,Blank_Blank_Blank
PS(26:1),PS,1513.6400985717773,1354.260097503662,1468.7601051330566,1353.2400856018066,1556.1401100158691,1504.000099182129,1416.760108947754,1765.2801208496094,1658.2801246643066,Group: B,Group: C,Group: B vs Group: C,4,4,Blank_Blank_Blank
PS(28:2),PS,1286.9400901794434,1251.0200881958008,1253.9000778198242,1257.3800926208496,1297.4800987243652,1322.3000869750977,1260.7800903320312,1337.4200973510742,1275.1200942993164,Group: B,Group: C,Group: B vs Group: C,4,4,Blank_Blank_Blank
PS(30:3),PS,1486.1800994873047,1310.4600944519043,1358.300090789795,1550.3400993347168,1383.8000869750977,1320.1200904846191,1316.1200904846191,1352.3800926208496,1701.6601181030273,Group: B,Group: C,Group: B vs Group: C,4,4,Blank_Blank_Blank
PS(30:4),PS,1295.3200950622559,1337.4801063537598,1295.240089416504,1338.900089263916,1298.100082397461,1332.2401008605957,1302.9401016235352,1313.5600776672363,1298.1400833129883,Group: B,Group: C,Group: B vs Group: C,4,4,Blank_Blank_Blank
PS(31:4),PS,1305.2400932312012,1292.1600875854492,1342.4200897216797,1299.160099029541,1297.940086364746,1384.800090789795,1302.8400840759277,1415.4600982666016,1357.0400886535645,Group: B,Group: C,Group: B vs Group: C,4,4,Blank_Blank_Blank
PS(32:5),PS,1374.700096130371,1293.3600807189941,1295.4600944519043,1300.0200881958008,1298.2400932312012,1299.6600875854492,1303.5800971984863,1298.920093536377,1297.9400787353516,Group: B,Group: C,Group: B vs Group: C,4,4,Blank_Blank_Blank
PS(34:4),PS,1573.4001121520996,1348.2600898742676,1713.2401161193848,1784.9201316833496,1757.7001113891602,1641.760108947754,1445.3400955200195,1564.5201148986816,1671.5201148986816,Group: B,Group: C,Group: B vs Group: C,4,4,Blank_Blank_Blank
PS(34:5),PS,1295.0000915527344,1293.720085144043,1363.7401008605957,1299.3800773620605,1319.880084991455,1379.3000984191895,1303.2200927734375,1310.280086517334,1296.7800903320312,Group: B,Group: C,Group: B vs Group: C,4,4,Blank_Blank_Blank
PS(36:4),PS,5171.760368347168,4690.960285186768,9563.320602416992,9967.640724182129,15006.481426239014,13118.900745391846,12060.420867919922,8317.900588989258,1364.3800964355469,Group: B,Group: C,Group: B vs Group: C,4,4,Blank_Blank_Blank
PS(36:5),PS,1500.0601043701172,1401.0401000976562,1566.8001136779785,1530.1600914001465,1851.8401184082031,1585.7201194763184,1521.5001182556152,1490.7401161193848,1324.8800926208496,Group: B,Group: C,Group: B vs Group: C,4,4,Blank_Blank_Blank
PS(36:6),PS,1295.1200866699219,1293.2400970458984,1357.8400917053223,1355.9400901794434,1365.6600875854492,1300.6600914001465,1302.980094909668,1362.440097808838,1309.260082244873,Group: B,Group: C,Group: B vs Group: C,4,4,Blank_Blank_Blank
PS(38:3),PS,6263.360424041748,7738.540657043457,12258.340869903564,11758.760879516602,15351.96072769165,16363.501159667969,17811.3814163208,14530.56100845337,1522.440113067627,Group: B,Group: C,Group: B vs Group: C,4,4,Blank_Blank_Blank
PS(38:4),PS,30964.741817474365,45862.36353683472,76493.98685455322,81846.34461593628,98450.74909210205,100425.98748016357,118327.62840652466,86489.6269607544,2632.160186767578,Group: B,Group: C,Group: B vs Group: C,4,4,Blank_Blank_Blank
PS(38:5),PS,3267.3002166748047,3035.1002044677734,6481.92041015625,6962.7204246521,9973.420677185059,8496.220558166504,10615.380603790283,8157.040580749512,1836.3401260375977,Group: B,Group: C,Group: B vs Group: C,4,4,Blank_Blank_Blank
PS(38:6),PS,4744.180381774902,6850.380432128906,12592.360759735107,12275.260997772217,19367.70142364502,13536.18106842041,14873.961437225342,10386.840644836426,1393.800090789795,Group: B,Group: C,Group: B vs Group: C,4,4,Blank_Blank_Blank
PS(40:2),PS,1306.1000900268555,1353.1200981140137,1408.7401008605957,1397.2400932312012,1306.6400833129883,1491.0801048278809,1485.1601104736328,1446.8601112365723,1339.3000869750977,Group: B,Group: C,Group: B vs Group: C,4,4,Blank_Blank_Blank
PS(40:3),PS,1551.0400924682617,1572.1401138305664,1942.4201545715332,1729.3601188659668,2101.6601524353027,2068.5801429748535,2047.4401588439941,1880.0201416015625,1335.2600936889648,Group: B,Group: C,Group: B vs Group: C,4,4,Blank_Blank_Blank
PS(40:4),PS,2696.3801803588867,2823.600200653076,5113.500335693359,4634.780342102051,6654.300628662109,5483.020397186279,7034.800579071045,4634.4602699279785,1367.9200973510742,Group: B,Group: C,Group: B vs Group: C,4,4,Blank_Blank_Blank
PS(40:5),PS,3736.340190887451,4007.2002563476562,9002.180583953857,8887.600685119629,12795.640682220459,11758.700782775879,12724.221004486084,8311.680477142334,1372.9000854492188,Group: B,Group: C,Group: B vs Group: C,4,4,Blank_Blank_Blank
PS(40:6),PS,13313.001022338867,16028.641036987305,43583.06352233887,43789.383644104004,53463.103061676025,59187.82410812378,70353.78555297852,39060.24225997925,1783.6601371765137,Group: B,Group: C,Group: B vs Group: C,4,4,Blank_Blank_Blank
PS(42:0),PS,1319.5000953674316,1294.0400848388672,1296.8400840759277,1313.660083770752,1325.1600875854492,1365.2600936889648,1337.5800971984863,1313.420093536377,1382.080093383789,Group: B,Group: C,Group: B vs Group: C,4,4,Blank_Blank_Blank
PS(42:2),PS,1379.440097808838,1343.4001007080078,1313.8800964355469,1424.4000968933105,1374.0401000976562,1425.2001037597656,1759.4201316833496,1465.4801025390625,1298.260082244873,Group: B,Group: C,Group: B vs Group: C,4,4,Blank_Blank_Blank
PS(42:3),PS,1367.4401016235352,1350.14009475708,1440.7001037597656,1391.4000968933105,1420.7200965881348,1482.5401039123535,1620.360122680664,1412.3000984191895,1309.980094909668,Group: B,Group: C,Group: B vs Group: C,4,4,Blank_Blank_Blank
PS(42:4),PS,1458.9401016235352,1448.2801055908203,1429.0800971984863,1303.6001091003418,1381.0200996398926,1340.2200927734375,1374.2600936889648,1363.2800941467285,1318.04008102417,Group: B,Group: C,Group: B vs Group: C,4,4,Blank_Blank_Blank
PS(42:5),PS,1707.1601333618164,1563.0801048278809,1773.040126800537,1703.08012008667,1754.9801292419434,1745.1001205444336,1677.360107421875,1798.340129852295,1768.3001098632812,Group: B,Group: C,Group: B vs Group: C,4,4,Blank_Blank_Blank
PS(42:6),PS,1871.740135192871,2233.4001426696777,2344.700164794922,2142.9201278686523,1978.3401489257812,1734.9801292419434,2190.0601806640625,2142.1201515197754,2073.5801582336426,Group: B,Group: C,Group: B vs Group: C,4,4,Blank_Blank_Blank
PS(43:0),PS,1295.2000923156738,1292.300090789795,1344.8000831604004,1313.500099182129,1344.8600997924805,1338.2400932312012,1345.5400886535645,1299.4600982666016,1297.1600914001465,Group: B,Group: C,Group: B vs Group: C,4,4,Blank_Blank_Blank
PS(43:1),PS,1368.0000839233398,1349.7000923156738,1333.500099182129,1320.800090789795,1298.4200897216797,1333.6400833129883,1410.5801048278809,1369.3200988769531,1298.4200859069824,Group: B,Group: C,Group: B vs Group: C,4,4,Blank_Blank_Blank
PS(43:4),PS,1295.1200828552246,1299.3600959777832,1342.620101928711,1304.7200775146484,1365.6800918579102,1299.6600914001465,1303.240089416504,1334.220100402832,1298.6600875854492,Group: B,Group: C,Group: B vs Group: C,4,4,Blank_Blank_Blank
PS(43:6),PS,1295.3200874328613,1292.8600883483887,1295.200096130371,1298.860092163086,1309.460090637207,1327.7400932312012,1302.800090789795,1338.340087890625,1341.3000946044922,Group: B,Group: C,Group: B vs Group: C,4,4,Blank_Blank_Blank
PS(44:0),PS,1292.8600845336914,1292.5000915527344,1355.7600898742676,1301.720085144043,1296.760082244873,1321.920093536377,1325.1200866699219,1298.6400871276855,1295.6800918579102,Group: B,Group: C,Group: B vs Group: C,4,4,Blank_Blank_Blank
PS(44:1),PS,1294.7200889587402,1427.9600982666016,1295.5200843811035,1331.400089263916,1422.9000930786133,1324.3000831604004,1372.4400939941406,1319.6800842285156,1296.680088043213,Group: B,Group: C,Group: B vs Group: C,4,4,Blank_Blank_Blank
PS(44:10),PS,1371.7000999450684,1297.420093536377,1295.1400871276855,1368.260097503662,1392.8800926208496,1329.7600898742676,1302.9200897216797,1317.660083770752,1348.9200897216797,Group: B,Group: C,Group: B vs Group: C,4,4,Blank_Blank_Blank
PS(44:12),PS,1294.4000930786133,1292.8001022338867,1296.5000801086426,1299.3400993347168,1354.8800888061523,1299.2200889587402,1325.2400932312012,1334.420093536377,1298.3000831604004,Group: B,Group: C,Group: B vs Group: C,4,4,Blank_Blank_Blank
PS(44:2),PS,1373.9201049804688,1314.9600982666016,1373.280101776123,1348.4801025390625,1335.8600883483887,1331.980094909668,1423.0001068115234,1459.2001037597656,1308.500099182129,Group: B,Group: C,Group: B vs Group: C,4,4,Blank_Blank_Blank
PS(44:4),PS,1293.940086364746,1334.7200927734375,1426.680103302002,1350.2000923156738,1355.960090637207,1426.1600914001465,1377.180103302002,1365.7000885009766,1378.0400924682617,Group: B,Group: C,Group: B vs Group: C,4,4,Blank_Blank_Blank
PS(44:5),PS,1295.0200958251953,1334.680103302002,1295.4800872802734,1334.1000900268555,1364.60009765625,1333.2200736999512,1381.3201026916504,1299.6200904846191,1297.6600952148438,Group: B,Group: C,Group: B vs Group: C,4,4,Blank_Blank_Blank
PS(44:6),PS,1328.500099182129,1292.2200927734375,1362.5200958251953,1350.1001052856445,1344.9600830078125,1299.720085144043,1338.1200828552246,1312.3000831604004,1297.5400924682617,Group: B,Group: C,Group: B vs Group: C,4,4,Blank_Blank_Blank
PS(O-28:0),PS,1335.7000846862793,1271.7600898742676,1261.5400772094727,1279.2800941467285,1358.0800895690918,1328.2800903320312,1260.000087738037,1296.920093536377,1359.3600997924805,Group: B,Group: C,Group: B vs Group: C,4,4,Blank_Blank_Blank
PS(O-29:0),PS,2328.0601501464844,1676.480110168457,3099.7602157592773,3011.740234375,2502.5601844787598,2223.940170288086,3154.8401794433594,3652.980239868164,3909.1202125549316,Group: B,Group: C,Group: B vs Group: C,4,4,Blank_Blank_Blank
PS(O-30:0),PS,1325.9200859069824,1293.2800941467285,1326.720085144043,1300.5000915527344,1299.160083770752,1299.3600845336914,1369.880111694336,1349.3200798034668,1298.360092163086,Group: B,Group: C,Group: B vs Group: C,4,4,Blank_Blank_Blank
PS(O-31:0),PS,1370.9200897216797,1292.8400917053223,1349.6600914001465,1348.6000862121582,1298.9200859069824,1300.440086364746,1377.0401077270508,1312.8400840759277,1333.7600898742676,Group: B,Group: C,Group: B vs Group: C,4,4,Blank_Blank_Blank
PS(O-32:0),PS,1358.9400787353516,1293.7000885009766,1316.5801010131836,1317.9000778198242,1365.160083770752,1334.180103302002,1399.7601051330566,1344.520107269287,1311.2200927734375,Group: B,Group: C,Group: B vs Group: C,4,4,Blank_Blank_Blank
PS(O-33:0),PS,1485.3201026916504,1465.280101776123,1546.1801109313965,1397.6800804138184,1470.5601081848145,1556.8801040649414,1513.9601135253906,1578.7401123046875,1403.240089416504,Group: B,Group: C,Group: B vs Group: C,4,4,Blank_Blank_Blank
PS(O-34:0),PS,1319.380084991455,1381.020092010498,1326.5400886535645,1305.9600715637207,1297.940086364746,1312.4200897216797,1333.9400939941406,1318.000087738037,1297.0200958251953,Group: B,Group: C,Group: B vs Group: C,4,4,Blank_Blank_Blank
PS(O-35:0),PS,1567.9401054382324,1331.1600914001465,1391.7801055908203,1568.8001174926758,1498.1401138305664,1845.3201293945312,1573.9001159667969,1361.4400939941406,1340.4000854492188,Group: B,Group: C,Group: B vs Group: C,4,4,Blank_Blank_Blank
PS(O-36:0),PS,1295.1000862121582,1348.3800735473633,1296.3000793457031,1372.8600959777832,1381.9000854492188,1307.6000900268555,1365.1401023864746,1340.9800872802734,1297.0400848388672,Group: B,Group: C,Group: B vs Group: C,4,4,Blank_Blank_Blank
PS(O-37:0),PS,1360.0000953674316,1341.6600875854492,1444.3000984191895,1658.1001281738281,1605.8600997924805,1548.1401100158691,1575.360107421875,1890.060115814209,1325.9000930786133,Group: B,Group: C,Group: B vs Group: C,4,4,Blank_Blank_Blank
PS(O-38:0),PS,1534.9801063537598,1327.0400848388672,1545.1401062011719,1710.0401229858398,1860.4001350402832,1516.9801025390625,1453.4600982666016,1591.1800956726074,1341.9400825500488,Group: B,Group: C,Group: B vs Group: C,4,4,Blank_Blank_Blank
PS(O-39:0),PS,1354.4600830078125,1378.340103149414,1450.7400970458984,1420.5401077270508,1449.6601066589355,1306.4000816345215,1534.6801147460938,1359.040096282959,1459.9001121520996,Group: B,Group: C,Group: B vs Group: C,4,4,Blank_Blank_Blank
PS(O-40:0),PS,2316.9601554870605,2170.6401405334473,3962.880283355713,3794.9803009033203,5053.6003074646,4389.4602394104,4336.200366973877,3645.1002655029297,1347.620101928711,Group: B,Group: C,Group: B vs Group: C,4,4,Blank_Blank_Blank
PS(O-41:0),PS,1294.880084991455,1291.4400901794434,1312.720100402832,1369.9600868225098,1390.2800750732422,1315.760082244873,1302.900089263916,1360.5200996398926,1325.4600830078125,Group: B,Group: C,Group: B vs Group: C,4,4,Blank_Blank_Blank
PS(O-42:0),PS,1349.1600914001465,1550.4601020812988,1337.6000938415527,1579.5401229858398,1853.0201377868652,1914.64013671875,1862.2201499938965,1680.2601203918457,1297.3600883483887,Group: B,Group: C,Group: B vs Group: C,4,4,Blank_Blank_Blank
PS(O-42:4),PS,1314.4600944519043,1326.6000938415527,1296.220100402832,1335.8000946044922,1366.3800964355469,1371.840103149414,1313.2600898742676,1381.14009475708,1324.180088043213,Group: B,Group: C,Group: B vs Group: C,4,4,Blank_Blank_Blank
PS(O-42:6),PS,1462.2601013183594,1821.960117340088,1853.920124053955,1833.2001266479492,1871.8601417541504,2142.2001609802246,1626.9801216125488,1719.5601043701172,1298.0000762939453,Group: B,Group: C,Group: B vs Group: C,4,4,Blank_Blank_Blank
PS(P-28:0),PS,1253.5800857543945,1251.6200866699219,1296.3800888061523,1257.8200912475586,1336.2000923156738,1274.7200927734375,1261.2200927734375,1315.5200958251953,1323.720100402832,Group: B,Group: C,Group: B vs Group: C,4,4,Blank_Blank_Blank
PS(P-29:0),PS,1253.0000915527344,1269.2400817871094,1315.8400917053223,1257.280086517334,1284.5000953674316,1302.200107574463,1260.3800926208496,1302.940097808838,1273.3400802612305,Group: B,Group: C,Group: B vs Group: C,4,4,Blank_Blank_Blank
PS(P-30:0),PS,1325.6000938415527,1356.8600997924805,1296.420093536377,1355.2401008605957,1342.5400924682617,1358.2600898742676,1307.8400917053223,1390.2400970458984,1346.7400817871094,Group: B,Group: C,Group: B vs Group: C,4,4,Blank_Blank_Blank
PS(P-30:1),PS,1294.7400817871094,1251.0000915527344,1263.500087738037,1359.4600868225098,1282.0400886535645,1257.1600914001465,1260.9000930786133,1472.3200912475586,1383.1800956726074,Group: B,Group: C,Group: B vs Group: C,4,4,Blank_Blank_Blank
PS(P-31:0),PS,1312.6000938415527,1350.6600914001465,1425.1200942993164,1298.6000938415527,1373.64009475708,1307.900089263916,1344.8600883483887,1351.2400856018066,1495.8401069641113,Group: B,Group: C,Group: B vs Group: C,4,4,Blank_Blank_Blank
PS(P-31:1),PS,1588.8000946044922,1474.5801048278809,1835.640121459961,1638.5201110839844,1618.480110168457,1534.980110168457,1519.3001022338867,1722.100112915039,1878.9801177978516,Group: B,Group: C,Group: B vs Group: C,4,4,Blank_Blank_Blank
PS(P-32:0),PS,1298.4600944519043,1293.400089263916,1295.9800758361816,1354.2400932312012,1314.2600936889648,1300.8800888061523,1302.8000869750977,1318.2400932312012,1325.0200691223145,Group: B,Group: C,Group: B vs Group: C,4,4,Blank_Blank_Blank
PS(P-32:1),PS,1294.6400871276855,1293.1601028442383,1337.580093383789,1347.1400909423828,1307.540096282959,1328.4000930786133,1344.3800926208496,1346.5800971984863,1313.380084991455,Group: B,Group: C,Group: B vs Group: C,4,4,Blank_Blank_Blank
PS(P-33:0),PS,1294.9800872802734,1293.360107421875,1324.7800979614258,1320.3400993347168,1450.4800872802734,1361.6001052856445,1326.840103149414,1388.0401039123535,1297.020076751709,Group: B,Group: C,Group: B vs Group: C,4,4,Blank_Blank_Blank
PS(P-33:1),PS,1556.1200981140137,1543.4400939941406,1544.4401092529297,1780.260108947754,1502.9401016235352,1508.3201026916504,1411.1201095581055,1730.220127105713,1658.0201225280762,Group: B,Group: C,Group: B vs Group: C,4,4,Blank_Blank_Blank
PS(P-33:2),PS,1320.940086364746,1292.6200942993164,1312.4800910949707,1299.380084991455,1298.500087738037,1323.780101776123,1330.7000923156738,1301.6800956726074,1298.2200889587402,Group: B,Group: C,Group: B vs Group: C,4,4,Blank_Blank_Blank
PS(P-34:0),PS,1329.0200996398926,1311.2800788879395,1310.7600936889648,1335.4600868225098,1298.8600845336914,1338.580093383789,1347.300090789795,1300.0000915527344,1297.4600791931152,Group: B,Group: C,Group: B vs Group: C,4,4,Blank_Blank_Blank
PS(P-34:1),PS,1325.8001022338867,1292.660083770752,1317.9000968933105,1305.9800834655762,1297.240089416504,1299.1600875854492,1303.0000953674316,1378.0401039123535,1341.14009475708,Group: B,Group: C,Group: B vs Group: C,4,4,Blank_Blank_Blank
PS(P-34:2),PS,1364.6800842285156,1294.340072631836,1306.4400901794434,1315.4600868225098,1317.000087738037,1330.6600914001465,1303.6600914001465,1300.10009765625,1337.4600830078125,Group: B,Group: C,Group: B vs Group: C,4,4,Blank_Blank_Blank
PS(P-34:3),PS,1310.640079498291,1293.8200988769531,1295.6400871276855,1324.7200927734375,1349.4801025390625,1300.0000801086426,1302.8400993347168,1320.4000816345215,1296.3800811767578,Group: B,Group: C,Group: B vs Group: C,4,4,Blank_Blank_Blank
PS(P-34:4),PS,1294.200096130371,1293.2200813293457,1296.140079498291,1300.6400833129883,1316.3600883483887,1298.8400802612305,1303.520092010498,1301.9200897216797,1298.6200828552246,Group: B,Group: C,Group: B vs Group: C,4,4,Blank_Blank_Blank
PS(P-35:0),PS,1416.120101928711,1460.1001014709473,1691.1401062011719,1747.040126800537,1759.1401138305664,2304.020149230957,2346.660171508789,1692.3001327514648,1297.360092163086,Group: B,Group: C,Group: B vs Group: C,4,4,Blank_Blank_Blank
PS(P-35:1),PS,1816.3401222229004,1557.1601181030273,1842.4401397705078,1996.4201545715332,2310.0601921081543,2472.4601440429688,1843.420124053955,1780.800121307373,1486.64009475708,Group: B,Group: C,Group: B vs Group: C,4,4,Blank_Blank_Blank
PS(P-35:2),PS,1608.800121307373,1487.1601028442383,1810.3801307678223,1502.960105895996,1642.9801063537598,1596.700122833252,1418.2000923156738,1717.7201118469238,2074.1801376342773,Group: B,Group: C,Group: B vs Group: C,4,4,Blank_Blank_Blank
PS(P-36:0),PS,1457.3000869750977,1460.5401000976562,1742.6801147460938,1603.3600959777832,1728.360107421875,1606.3801193237305,1498.9201011657715,1712.440128326416,1627.3401145935059,Group: B,Group: C,Group: B vs Group: C,4,4,Blank_Blank_Blank
PS(P-36:1),PS,1325.6600914001465,1292.8600807189941,1295.6601066589355,1345.6000900268555,1408.2401084899902,1448.3001022338867,1333.740089416504,1318.100082397461,1332.0200958251953,Group: B,Group: C,Group: B vs Group: C,4,4,Blank_Blank_Blank
PS(P-36:2),PS,1304.940086364746,1293.040096282959,1295.6200904846191,1300.4600868225098,1326.8400955200195,1329.9000854492188,1324.1600875854492,1360.3000946044922,1314.3600883483887,Group: B,Group: C,Group: B vs Group: C,4,4,Blank_Blank_Blank
PS(P-36:3),PS,1293.6200866699219,1292.8400955200195,1327.7800979614258,1318.8800926208496,1424.06010055542,1312.5400886535645,1303.5000915527344,1353.8600845336914,1300.5000915527344,Group: B,Group: C,Group: B vs Group: C,4,4,Blank_Blank_Blank
PS(P-36:4),PS,1330.8800888061523,1292.3000869750977,1296.2200889587402,1298.7400932312012,1377.3600845336914,1347.900089263916,1303.1401100158691,1378.7601051330566,1299.8800811767578,Group: B,Group: C,Group: B vs Group: C,4,4,Blank_Blank_Blank
PS(P-36:5),PS,1365.1000862121582,1326.0200958251953,1313.9600830078125,1352.540096282959,1318.7600898742676,1299.1200866699219,1346.2400932312012,1300.0200958251953,1297.380084991455,Group: B,Group: C,Group: B vs Group: C,4,4,Blank_Blank_Blank
PS(P-37:0),PS,3015.440158843994,3050.1402320861816,5349.780490875244,4969.44034576416,6142.240463256836,8211.56061553955,5327.420314788818,5981.120372772217,1524.9001121520996,Group: B,Group: C,Group: B vs Group: C,4,4,Blank_Blank_Blank
PS(P-37:1),PS,3243.7802352905273,3512.7002334594727,5877.020359039307,5945.840393066406,9214.380653381348,8868.120532989502,7612.160610198975,6014.5204429626465,1297.4000930786133,Group: B,Group: C,Group: B vs Group: C,4,4,Blank_Blank_Blank
PS(P-37:2),PS,1638.8001289367676,1919.9001426696777,2767.520179748535,2883.580219268799,3379.2002334594727,3341.1802825927734,2832.920192718506,2340.120189666748,1307.5600852966309,Group: B,Group: C,Group: B vs Group: C,4,4,Blank_Blank_Blank
PS(P-38:0),PS,1369.5600929260254,1325.9600982666016,1438.2000885009766,1320.8600845336914,1420.5400924682617,1306.6000900268555,1306.6401023864746,1345.7000885009766,1353.8800811767578,Group: B,Group: C,Group: B vs Group: C,4,4,Blank_Blank_Blank
PS(P-38:1),PS,1329.000099182129,1333.8000869750977,1398.2201080322266,1300.4000816345215,1434.8800926208496,1576.6401023864746,1304.5600891113281,1423.5400924682617,1296.9000778198242,Group: B,Group: C,Group: B vs Group: C,4,4,Blank_Blank_Blank
PS(P-38:2),PS,1321.820083618164,1375.0001029968262,1512.6001052856445,1510.7401084899902,1514.720115661621,1523.4600982666016,1520.920108795166,1484.2800979614258,1296.8600807189941,Group: B,Group: C,Group: B vs Group: C,4,4,Blank_Blank_Blank
PS(P-38:3),PS,1480.1200904846191,1755.4001350402832,1972.9801406860352,2303.200149536133,2525.7201766967773,2291.6601486206055,2462.0001831054688,1842.7401275634766,1298.1200904846191,Group: B,Group: C,Group: B vs Group: C,4,4,Blank_Blank_Blank
PS(P-38:4),PS,1314.7600898742676,1375.940113067627,1305.3000984191895,1323.8200874328613,1378.200096130371,1325.6200828552246,1341.440097808838,1375.9000854492188,1338.7800979614258,Group: B,Group: C,Group: B vs Group: C,4,4,Blank_Blank_Blank
PS(P-38:5),PS,1320.680088043213,1293.4800910949707,1399.3000946044922,1331.620101928711,1351.500099182129,1299.2200889587402,1366.5000915527344,1318.1000900268555,1335.0400886535645,Group: B,Group: C,Group: B vs Group: C,4,4,Blank_Blank_Blank
PS(P-39:0),PS,1330.7400856018066,1311.9600868225098,1606.9400939941406,1388.3001022338867,1441.7800903320312,1795.0001182556152,1479.9400939941406,1666.7801055908203,1306.7400817871094,Group: B,Group: C,Group: B vs Group: C,4,4,Blank_Blank_Blank
PS(P-39:1),PS,1696.8201141357422,1513.1001052856445,2239.5201568603516,2040.5201568603516,1856.9801177978516,2786.8201904296875,2683.500175476074,1754.380126953125,1384.020118713379,Group: B,Group: C,Group: B vs Group: C,4,4,Blank_Blank_Blank
PS(P-40:0),PS,1435.8000946044922,1555.7001037597656,1419.1800956726074,1509.3600959777832,1515.5600967407227,1860.3401222229004,1518.9201126098633,1419.9401016235352,1297.5200843811035,Group: B,Group: C,Group: B vs Group: C,4,4,Blank_Blank_Blank
PS(P-40:1),PS,1509.6400985717773,1374.580093383789,1580.680118560791,1518.3001098632812,1455.3801002502441,1500.6001091003418,1489.6400985717773,1562.600112915039,1296.980079650879,Group: B,Group: C,Group: B vs Group: C,4,4,Blank_Blank_Blank
PS(P-40:2),PS,1294.900089263916,1398.3001022338867,1439.6200981140137,1372.9400901794434,1342.2200813293457,1470.9600944519043,1538.2801208496094,1530.7601127624512,1299.9600868225098,Group: B,Group: C,Group: B vs Group: C,4,4,Blank_Blank_Blank
PS(P-40:3),PS,1632.8201217651367,1644.4201354980469,2055.9201316833496,2456.740161895752,2461.6001625061035,2598.6201934814453,2640.2602043151855,1955.7801322937012,1345.7800979614258,Group: B,Group: C,Group: B vs Group: C,4,4,Blank_Blank_Blank
PS(P-40:4),PS,1296.9800834655762,1524.1601066589355,1450.240104675293,1419.9001007080078,1436.1800804138184,1447.0201034545898,1623.1201133728027,1535.1201057434082,1321.5000801086426,Group: B,Group: C,Group: B vs Group: C,4,4,Blank_Blank_Blank
PS(P-40:5),PS,1512.0600967407227,1696.8001251220703,1755.3001174926758,2043.4601287841797,1709.740104675293,2301.5001678466797,1924.7201499938965,1766.3801155090332,1326.460090637207,Group: B,Group: C,Group: B vs Group: C,4,4,Blank_Blank_Blank
PS(P-41:0),PS,1308.3400840759277,1325.7800941467285,1317.180076599121,1423.2601051330566,1431.340103149414,1597.2201118469238,1471.5601043701172,1466.5401000976562,1341.180088043213,Group: B,Group: C,Group: B vs Group: C,4,4,Blank_Blank_Blank
PS(P-42:0),PS,1449.06010055542,1389.7000885009766,1409.3200988769531,1422.7000999450684,1532.2000999450684,1630.7401161193848,1639.020107269287,1435.5601119995117,1313.2200775146484,Group: B,Group: C,Group: B vs Group: C,4,4,Blank_Blank_Blank
PS(P-42:1),PS,1583.7001152038574,1509.720100402832,1694.3801307678223,1660.4001197814941,1580.3801078796387,1668.3001022338867,1591.9401054382324,1575.620101928711,1389.3200988769531,Group: B,Group: C,Group: B vs Group: C,4,4,Blank_Blank_Blank
PS(P-42:2),PS,1310.6200904846191,1342.1000747680664,1403.8200950622559,1310.9800910949707,1383.8400917053223,1407.0600929260254,1358.5000915527344,1378.1601028442383,1297.1600914001465,Group: B,Group: C,Group: B vs Group: C,4,4,Blank_Blank_Blank
PS(P-42:4),PS,1294.1600914001465,1401.10009765625,1313.780086517334,1535.0200996398926,1393.8800926208496,1515.0200958251953,1427.8400955200195,1359.900089263916,1298.8400840759277,Group: B,Group: C,Group: B vs Group: C,4,4,Blank_Blank_Blank
SM(d16:0/14:0),SM,1230.240089416504,1178.6000938415527,1277.8600883483887,1168.0200805664062,1385.9200973510742,2110.9201278686523,1314.7600898742676,1357.3401107788086,1099.2800750732422,Group: B,Group: C,Group: B vs Group: C,4,4,Blank_Blank_Blank
SM(d16:0/16:0),SM,2118.400146484375,1338.7601051330566,1173.7400932312012,1443.5200958251953,1384.1600952148438,1952.5001182556152,1481.3401107788086,1264.660083770752,1222.3400955200195,Group: B,Group: C,Group: B vs Group: C,4,4,Blank_Blank_Blank
SM(d16:0/18:0),SM,12322.360870361328,16245.4808883667,9224.000633239746,18138.92127609253,8197.060523986816,22039.082118988037,16583.500999450684,9451.000606536865,1484.8001022338867,Group: B,Group: C,Group: B vs Group: C,4,4,Blank_Blank_Blank
SM(d16:0/20:0),SM,60752.8028755188,54466.2428817749,23359.941387176514,41243.62358856201,32461.462020874023,97029.7649230957,58126.52303695679,30179.98289871216,1283.940086364746,Group: B,Group: C,Group: B vs Group: C,4,4,Blank_Blank_Blank
SM(d16:0/22:0),SM,592523.1894683838,609875.0606689453,325630.55852508545,488588.39404296875,305392.6849517822,1054508.4699401855,651865.2981567383,317521.8850097656,8567.000648498535,Group: B,Group: C,Group: B vs Group: C,4,4,Blank_Blank_Blank
SM(d16:0/23:0),SM,6170.320457458496,7438.980400085449,4183.960285186768,8622.940547943115,4483.280467987061,13505.38090133667,6991.820419311523,2825.800193786621,1167.0000801086426,Group: B,Group: C,Group: B vs Group: C,4,4,Blank_Blank_Blank
SM(d16:0/24:0),SM,95352.84684753418,117079.92878341675,53256.083992004395,101866.07020187378,54285.96474838257,157252.08834838867,144707.23332214355,72528.80512619019,2525.720188140869,Group: B,Group: C,Group: B vs Group: C,4,4,Blank_Blank_Blank
SM(d16:0/25:0),SM,7040.14049911499,9488.78087234497,4603.380226135254,10995.36100769043,5254.240409851074,13790.54080581665,10186.120948791504,5277.520355224609,1265.5200996398926,Group: B,Group: C,Group: B vs Group: C,4,4,Blank_Blank_Blank
SM(d16:1/16:0),SM,2616.860191345215,1950.160140991211,1245.5000915527344,2069.8201217651367,1296.1600875854492,2724.180149078369,2018.580135345459,1764.4401321411133,1263.420093536377,Group: B,Group: C,Group: B vs Group: C,4,4,Blank_Blank_Blank
SM(d16:1/17:0),SM,4390.700222015381,2614.1201248168945,2869.700180053711,5701.220500946045,2286.900135040283,5880.980457305908,4372.340351104736,2736.800148010254,1177.2200889587402,Group: B,Group: C,Group: B vs Group: C,4,4,Blank_Blank_Blank
SM(d16:1/18:0),SM,98256.8659362793,130427.06763839722,62554.22329330444,158517.08878326416,56934.68423080444,202649.97469711304,129765.19009017944,78344.5852470398,3101.660224914551,Group: B,Group: C,Group: B vs Group: C,4,4,Blank_Blank_Blank
SM(d16:1/18:1),SM,2868.0002098083496,3397.2802124023438,1958.6801300048828,4267.6602210998535,2180.76016998291,4369.74036026001,3576.3403396606445,2496.020221710205,1175.3000831604004,Group: B,Group: C,Group: B vs Group: C,4,4,Blank_Blank_Blank
SM(d16:1/20:0),SM,23532.76198577881,27301.701545715332,14737.841133117676,35561.70321273804,15171.260772705078,52913.66332626343,28269.062545776367,18635.621646881104,1501.7801132202148,Group: B,Group: C,Group: B vs Group: C,4,4,Blank_Blank_Blank
SM(d16:1/20:1),SM,2132.340160369873,2407.4601821899414,1823.8201179504395,2935.4802207946777,2264.66015625,3416.4802627563477,2290.5801277160645,1859.100154876709,1180.2400856018066,Group: B,Group: C,Group: B vs Group: C,4,4,Blank_Blank_Blank
SM(d16:1/22:0),SM,1611533.7432861328,1942456.7793426514,1004966.2139701843,2122535.1301727295,880157.4642333984,2914326.913848877,1626442.6066055298,790156.4576721191,5211.440383911133,Group: B,Group: C,Group: B vs Group: C,4,4,Blank_Blank_Blank
SM(d16:1/22:1),SM,113819.42930221558,129438.01034927368,66560.10330581665,164361.97005462646,63702.1256980896,199668.79847335815,126781.10614395142,33857.44202041626,1523.16011428833,Group: B,Group: C,Group: B vs Group: C,4,4,Blank_Blank_Blank
SM(d16:1/23:0),SM,25407.021808624268,33096.46173477173,16280.561298370361,40377.083572387695,13302.82113647461,28147.861373901367,17877.621086120605,13902.840831756592,1335.2801094055176,Group: B,Group: C,Group: B vs Group: C,4,4,Blank_Blank_Blank
SM(d16:1/24:0),SM,842807.48387146,1085558.994178772,483395.7222518921,1105987.2588615417,477101.34518814087,1371244.7610549927,1140317.084526062,565500.4872665405,3440.5002059936523,Group: B,Group: C,Group: B vs Group: C,4,4,Blank_Blank_Blank
SM(d16:1/24:1),SM,532133.3566589355,576173.3042221069,329076.5305404663,669565.4176826477,319205.7307167053,903785.9714775085,729140.1676483154,348374.65015792847,1948.9201622009277,Group: B,Group: C,Group: B vs Group: C,4,4,Blank_Blank_Blank
SM(d16:1/25:0),SM,44323.503746032715,61483.385860443115,26472.9214553833,64395.463455200195,24567.98260116577,75506.38444137573,53700.78500366211,26560.522148132324,1255.7000846862793,Group: B,Group: C,Group: B vs Group: C,4,4,Blank_Blank_Blank
SM(d17:0/27:0),SM,42684.623920440674,54242.22380065918,19925.9217338562,55581.802154541016,18022.761016845703,46317.563747406006,37473.68285751343,23600.521884918213,1302.180088043213,Group: B,Group: C,Group: B vs Group: C,4,4,Blank_Blank_Blank
SM(d17:1/24:1),SM,14589.901119232178,15620.781005859375,9727.680583953857,18180.84147644043,7394.980518341064,25759.621673583984,18062.46148300171,8909.100620269775,1120.560073852539,Group: B,Group: C,Group: B vs Group: C,4,4,Blank_Blank_Blank
SM(d17:1/26:1),SM,3965.28031539917,3944.400321960449,2543.3401985168457,4239.620323181152,2359.30020904541,6315.5805740356445,3645.6602172851562,2749.5001640319824,1074.4800758361816,Group: B,Group: C,Group: B vs Group: C,4,4,Blank_Blank_Blank
SM(d18:0/13:0),SM,1518.060115814209,1352.6400985717773,1184.7600898742676,1190.260082244873,1129.5800857543945,1440.140079498291,1409.4001007080078,1124.5600776672363,1214.1200828552246,Group: B,Group: C,Group: B vs Group: C,4,4,Blank_Blank_Blank
SM(d18:0/15:0),SM,2043.9801177978516,1751.240104675293,1252.440086364746,1886.4601554870605,1382.1801147460938,1742.080135345459,1524.0601119995117,1773.0200958251953,1317.940097808838,Group: B,Group: C,Group: B vs Group: C,4,4,Blank_Blank_Blank
SM(d18:0/17:0),SM,3000.6002502441406,3376.380298614502,2303.7801666259766,3288.5601806640625,2235.9001846313477,5713.940536499023,3450.940284729004,2256.760154724121,1249.5200958251953,Group: B,Group: C,Group: B vs Group: C,4,4,Blank_Blank_Blank
SM(d18:0/24:0),SM,114729.74789428711,132305.470413208,53251.16297531128,142427.27019500732,54638.50336456299,131172.13041305542,81945.54514312744,48454.02393722534,1990.1801490783691,Group: B,Group: C,Group: B vs Group: C,4,4,Blank_Blank_Blank
SM(d18:0/24:1),SM,137384.69299697876,170346.39539337158,76408.70510101318,170728.95001220703,79138.18510818481,194942.35189056396,136137.76929092407,68417.84549713135,1358.0001029968262,Group: B,Group: C,Group: B vs Group: C,4,4,Blank_Blank_Blank
SM(d18:0/26:1(17Z)),SM,34346.922176361084,33730.04203796387,15997.68140411377,41240.502296447754,17181.861213684082,34575.78218460083,29639.621990203857,18024.5813331604,1251.660099029541,Group: B,Group: C,Group: B vs Group: C,4,4,Blank_Blank_Blank
SM(d18:1/12:0),SM,1154.3400764465332,1165.6000671386719,1123.160083770752,1248.040096282959,1124.8800773620605,1755.1401405334473,1162.4800834655762,1229.820083618164,1138.8200874328613,Group: B,Group: C,Group: B vs Group: C,4,4,Blank_Blank_Blank
SM(d18:1/17:0),SM,2496.08016204834,2371.2001876831055,2091.3601455688477,3556.3202934265137,2283.500175476074,4603.200325012207,2379.000141143799,2423.4801635742188,1130.3200874328613,Group: B,Group: C,Group: B vs Group: C,4,4,Blank_Blank_Blank
SM(d18:1/19:0),SM,10326.520748138428,11970.740795135498,7060.160472869873,15837.66117477417,5161.720363616943,19047.981170654297,8460.580535888672,5258.080352783203,1256.9401016235352,Group: B,Group: C,Group: B vs Group: C,4,4,Blank_Blank_Blank
SM(d18:1/24:1(15Z)),SM,270700.3224258423,329745.4127006531,175189.2957496643,348946.81663894653,152981.61320114136,438217.7210083008,353557.6255493164,168425.23291778564,1357.6400909423828,Group: B,Group: C,Group: B vs Group: C,4,4,Blank_Blank_Blank
SM(d18:1/25:0),SM,7060.920490264893,8042.7407150268555,4655.440235137939,9654.940650939941,4088.84029006958,9228.020790100098,6135.980514526367,4425.260269165039,1171.380084991455,Group: B,Group: C,Group: B vs Group: C,4,4,Blank_Blank_Blank
SM(d18:1/26:1(17Z)),SM,74681.58444213867,81839.4469833374,36451.24308395386,96091.04674911499,32102.202297210693,78851.46682739258,66246.76421737671,28222.90232849121,1208.1000862121582,Group: B,Group: C,Group: B vs Group: C,4,4,Blank_Blank_Blank
SM(d18:2/14:0),SM,1513.2601051330566,1134.6200790405273,1116.780071258545,1420.8001098632812,1119.2600784301758,1464.56010055542,1138.9800834655762,1100.3200759887695,1092.9200859069824,Group: B,Group: C,Group: B vs Group: C,4,4,Blank_Blank_Blank
SM(d18:2/15:0),SM,1356.4000854492188,1267.9800910949707,1077.6000747680664,1246.9400901794434,1278.3400993347168,1291.1800994873047,1202.9600715637207,1148.0400772094727,1113.880084991455,Group: B,Group: C,Group: B vs Group: C,4,4,Blank_Blank_Blank
SM(d18:2/18:1),SM,1611.3400917053223,1514.2001037597656,1144.0800857543945,1244.9800758361816,1370.4401016235352,1564.780117034912,1312.3800811767578,1213.080078125,1246.8200874328613,Group: B,Group: C,Group: B vs Group: C,4,4,Blank_Blank_Blank
SM(d18:2/20:1),SM,7341.280586242676,7177.880401611328,3002.860164642334,10859.260654449463,3226.260242462158,12743.540798187256,8507.160499572754,4875.120399475098,1068.1800918579102,Group: B,Group: C,Group: B vs Group: C,4,4,Blank_Blank_Blank
SM(d18:2/21:0),SM,8291.94059753418,8984.92060470581,3616.9203033447266,12042.140972137451,4364.540306091309,15893.30082321167,9111.060794830322,5267.080337524414,1102.4800758361816,Group: B,Group: C,Group: B vs Group: C,4,4,Blank_Blank_Blank
SM(d18:2/22:1),SM,1135039.316696167,1308485.5602722168,754682.1152191162,1593681.7835998535,610038.1510848999,1841048.0142364502,1592832.6618804932,562491.0270309448,2004.0201454162598,Group: B,Group: C,Group: B vs Group: C,4,4,Blank_Blank_Blank
SM(d18:2/24:1),SM,524997.5906677246,689574.6245727539,359239.17978286743,859171.8899230957,289076.48976516724,829290.0760650635,934970.3400802612,360352.87226867676,1777.5001182556152,Group: B,Group: C,Group: B vs Group: C,4,4,Blank_Blank_Blank
[TG(37:0)]_FA14:0,TAG,1226.420078277588,1287.1400909423828,1129.6800804138184,1480.1201133728027,1243.1000862121582,1081.4200744628906,1114.880084991455,1111.320083618164,1192.960075378418,Group: B,Group: C,Group: B vs Group: C,4,4,Blank_Blank_Blank
[TG(37:0)]_FA16:0,TAG,1046.2200736999512,1058.1000785827637,1233.740089416504,1088.0200729370117,1490.8600997924805,1154.2600784301758,1112.7600784301758,1070.6400718688965,1114.3800773620605,Group: B,Group: C,Group: B vs Group: C,4,4,Blank_Blank_Blank
[TG(37:0)]_FA18:0,TAG,1111.0600776672363,1046.8200798034668,1151.2000885009766,1050.5400733947754,985.2000732421875,1069.0400733947754,970.3400688171387,1014.2800674438477,1037.700080871582,Group: B,Group: C,Group: B vs Group: C,4,4,Blank_Blank_Blank
[TG(38:0)]_FA14:0,TAG,1633.6201171875,1618.5401191711426,1404.3800811767578,1682.1801071166992,1557.9801292419434,1456.280101776123,1671.0801162719727,1406.3601036071777,1323.64009475708,Group: B,Group: C,Group: B vs Group: C,4,4,Blank_Blank_Blank
[TG(38:0)]_FA16:0,TAG,1248.3600769042969,1325.2400970458984,2316.460159301758,1187.6800804138184,2907.4001998901367,1395.0200805664062,1404.5201034545898,1361.5800971984863,1229.0000762939453,Group: B,Group: C,Group: B vs Group: C,4,4,Blank_Blank_Blank
[TG(38:0)]_FA18:0,TAG,1071.3600769042969,1271.3200988769531,1062.7800636291504,1240.9800758361816,977.4800682067871,1296.6401062011719,1192.7800827026367,1092.4000778198242,1253.1400985717773,Group: B,Group: C,Group: B vs Group: C,4,4,Blank_Blank_Blank
[TG(38:1)]_FA14:0,TAG,1075.1400680541992,1047.680076599121,971.4000663757324,1210.14009475708,1144.9000816345215,1039.8800773620605,1036.380069732666,1000.4000663757324,1070.1600723266602,Group: B,Group: C,Group: B vs Group: C,4,4,Blank_Blank_Blank
"[TG(38:1)]_FA16:0 | DG(40:8),DG(39:1)_C16:0",DAG,2530.7201614379883,2236.3601570129395,2182.6401596069336,1927.2001266479492,3004.2601928710938,3620.0802459716797,2078.000160217285,1912.9201354980469,2288.7801628112793,Group: B,Group: C,Group: B vs Group: C,4,4,Blank_Blank_Blank
"[TG(38:1)]_FA16:0 | DG(40:8),DG(39:1)_C16:0",TAG,1195.6000862121582,980.8600654602051,1293.900074005127,988.6800689697266,1964.7601432800293,1116.9400787353516,1190.5600967407227,1154.7200927734375,1081.0200729370117,Group: B,Group: C,Group: B vs Group: C,4,4,Blank_Blank_Blank
"[TG(38:1)]_FA16:1 | DG(40:8),DG(39:1)_C16:1",DAG,1956.6801261901855,2026.6401596069336,1982.740135192871,2036.5601425170898,2360.440174102783,1999.9601364135742,2208.440155029297,2041.460147857666,2073.180149078369,Group: B,Group: C,Group: B vs Group: C,4,4,Blank_Blank_Blank
"[TG(38:1)]_FA16:1 | DG(40:8),DG(39:1)_C16:1",TAG,1138.080078125,1104.2200736999512,1100.0200729370117,1152.1600914001465,1084.9400787353516,1052.8000717163086,1072.5400772094727,1169.6200866699219,1056.6200637817383,Group: B,Group: C,Group: B vs Group: C,4,4,Blank_Blank_Blank
"[TG(38:1)]_FA18:0 | DG(40:8),DG(39:1)_C18:0",DAG,1907.5601387023926,1962.6201400756836,1788.0201263427734,1775.6401290893555,2013.5001373291016,2308.800178527832,1734.0601196289062,1716.5601081848145,1841.3401145935059,Group: B,Group: C,Group: B vs Group: C,4,4,Blank_Blank_Blank
"[TG(38:1)]_FA18:0 | DG(40:8),DG(39:1)_C18:0",TAG,982.2800674438477,968.3200607299805,1009.6200637817383,966.7000770568848,967.4200630187988,1036.3600807189941,1019.7400779724121,1028.4800758361816,985.200065612793,Group: B,Group: C,Group: B vs Group: C,4,4,Blank_Blank_Blank
"[TG(38:1)]_FA18:1 | DG(40:8),DG(39:1)_C18:1",DAG,2141.3201599121094,2104.980155944824,2352.560173034668,1994.4801406860352,4064.1603202819824,2492.760166168213,2449.1401596069336,2302.58016204834,2387.22017288208,Group: B,Group: C,Group: B vs Group: C,4,4,Blank_Blank_Blank
"[TG(38:1)]_FA18:1 | DG(40:8),DG(39:1)_C18:1",TAG,1340.7800941467285,1170.460075378418,1204.0000915527344,1091.5400695800781,1135.3000755310059,1105.680088043213,1091.0800704956055,1084.6000671386719,1297.8000984191895,Group: B,Group: C,Group: B vs Group: C,4,4,Blank_Blank_Blank
[TG(39:0)]_FA14:0,TAG,1237.0600929260254,1116.160083770752,1116.2000694274902,1145.020107269287,1157.8400688171387,1181.1000862121582,1102.7600784301758,1013.8000717163086,1177.7000846862793,Group: B,Group: C,Group: B vs Group: C,4,4,Blank_Blank_Blank
[TG(39:0)]_FA16:0,TAG,1010.3000679016113,1112.0600852966309,1328.740089416504,1109.0400695800781,1514.840103149414,1219.2600860595703,1201.240089416504,1240.5800819396973,1107.3200759887695,Group: B,Group: C,Group: B vs Group: C,4,4,Blank_Blank_Blank
[TG(39:0)]_FA18:0,TAG,1020.1200675964355,1033.3600845336914,1009.1200675964355,1054.460060119629,1089.3200759887695,1146.320083618164,1063.180076599121,973.3600692749023,1003.4800758361816,Group: B,Group: C,Group: B vs Group: C,4,4,Blank_Blank_Blank
[TG(39:1)]_FA14:0,TAG,1126.200080871582,1058.9200820922852,997.8800773620605,1005.4600677490234,971.0400695800781,1065.9200820922852,971.6200714111328,1006.0600662231445,1040.2200775146484,Group: B,Group: C,Group: B vs Group: C,4,4,Blank_Blank_Blank
[TG(39:1)]_FA16:0,TAG,1050.8400611877441,974.3000679016113,1221.7800827026367,984.5400695800781,1524.0401077270508,1146.780071258545,1041.1200637817383,1084.5800704956055,1022.500072479248,Group: B,Group: C,Group: B vs Group: C,4,4,Blank_Blank_Blank
[TG(39:1)]_FA16:1,TAG,1052.8600730895996,1118.080078125,1068.2800636291504,1057.5200843811035,1051.0000801086426,1234.6600799560547,1124.1000785827637,1049.720069885254,1128.6200942993164,Group: B,Group: C,Group: B vs Group: C,4,4,Blank_Blank_Blank
[TG(39:1)]_FA18:0,TAG,1004.6600723266602,1025.5400733947754,1055.8600692749023,1058.8200759887695,1000.2800674438477,969.1600646972656,1068.1400756835938,972.500057220459,982.260066986084,Group: B,Group: C,Group: B vs Group: C,4,4,Blank_Blank_Blank
[TG(39:1)]_FA18:1,TAG,1253.3000984191895,1199.7600784301758,1137.8200912475586,1073.62007522583,1295.6400871276855,1081.9400672912598,1165.9000816345215,1193.6400833129883,1085.500072479248,Group: B,Group: C,Group: B vs Group: C,4,4,Blank_Blank_Blank
[TG(40:0)]_FA14:0,TAG,1717.2001190185547,1519.1801147460938,1420.6601028442383,1432.400104522705,1650.8801155090332,1557.300106048584,1794.4201316833496,1358.3400955200195,1438.000099182129,Group: B,Group: C,Group: B vs Group: C,4,4,Blank_Blank_Blank
[TG(40:0)]_FA16:0,TAG,1319.4800910949707,1203.5600776672363,2064.7001190185547,1197.760082244873,2195.7001571655273,1046.5000686645508,1343.4801025390625,1330.6400871276855,1205.1200981140137,Group: B,Group: C,Group: B vs Group: C,4,4,Blank_Blank_Blank
[TG(40:0)]_FA18:0,TAG,979.1800765991211,1092.3600845336914,1027.1000595092773,1163.2400856018066,1072.5400733947754,1012.8000717163086,1075.080078125,1032.500072479248,1136.7400817871094,Group: B,Group: C,Group: B vs Group: C,4,4,Blank_Blank_Blank
[TG(40:1)]_FA14:0,TAG,1107.8200798034668,1067.7200775146484,1111.7800750732422,1028.7400665283203,1075.2800788879395,1053.1800842285156,1028.5600776672363,1017.4000816345215,1094.760066986084,Group: B,Group: C,Group: B vs Group: C,4,4,Blank_Blank_Blank
[TG(40:1)]_FA16:0,TAG,991.5400657653809,1006.7600708007812,1193.440086364746,1068.4800643920898,1271.9600868225098,1001.6600685119629,1016.1600799560547,1159.3000679016113,1046.8800659179688,Group: B,Group: C,Group: B vs Group: C,4,4,Blank_Blank_Blank
[TG(40:1)]_FA16:1,TAG,1137.1400871276855,1096.7400817871094,1055.1800727844238,1120.6000747680664,1050.5600700378418,1052.5400772094727,1052.4600715637207,1106.7200813293457,1211.400074005127,Group: B,Group: C,Group: B vs Group: C,4,4,Blank_Blank_Blank
[TG(40:1)]_FA18:0,TAG,993.7400665283203,1010.8000679016113,1004.9600677490234,968.0800704956055,1067.4200859069824,1163.7200736999512,1084.0000801086426,989.5000686645508,1004.4800643920898,Group: B,Group: C,Group: B vs Group: C,4,4,Blank_Blank_Blank
[TG(40:1)]_FA18:1,TAG,1534.600112915039,1065.980079650879,1195.200080871582,1204.9200859069824,1287.740077972412,1137.0600662231445,1269.4000930786133,1147.6200828552246,1158.340087890625,Group: B,Group: C,Group: B vs Group: C,4,4,Blank_Blank_Blank
[TG(40:2)]_FA14:0,TAG,1075.3800735473633,1116.420078277588,1130.860092163086,1031.6000671386719,1092.8800582885742,986.6800689697266,1014.5000648498535,1041.6800842285156,1034.600082397461,Group: B,Group: C,Group: B vs Group: C,4,4,Blank_Blank_Blank
[TG(40:2)]_FA16:0,TAG,1024.9600791931152,1004.2200698852539,1127.280071258545,1027.720069885254,1765.020118713379,979.980052947998,1015.820068359375,1007.3000717163086,1074.0800743103027,Group: B,Group: C,Group: B vs Group: C,4,4,Blank_Blank_Blank
[TG(40:2)]_FA16:1,TAG,1070.720069885254,1079.1200904846191,1058.5000839233398,1114.2200813293457,1163.8000793457031,1135.7800827026367,1119.4000854492188,1067.8000869750977,1064.180076599121,Group: B,Group: C,Group: B vs Group: C,4,4,Blank_Blank_Blank
[TG(40:2)]_FA18:0,TAG,1055.6400756835938,1048.300064086914,995.9600715637207,967.9600715637207,1004.2800750732422,990.7200622558594,1020.6800689697266,992.080078125,1025.1200714111328,Group: B,Group: C,Group: B vs Group: C,4,4,Blank_Blank_Blank
[TG(40:2)]_FA18:1,TAG,1617.1401252746582,1359.0400924682617,1648.7601203918457,1210.2800903320312,2085.5801391601562,1242.6800804138184,1394.980110168457,1386.3400993347168,1591.1401290893555,Group: B,Group: C,Group: B vs Group: C,4,4,Blank_Blank_Blank
[TG(40:2)]_FA18:2,TAG,1114.960075378418,1338.8400917053223,1678.6201057434082,1217.6000862121582,1634.3401145935059,1533.240104675293,1375.2800979614258,1207.580078125,1300.6000862121582,Group: B,Group: C,Group: B vs Group: C,4,4,Blank_Blank_Blank
[TG(41:0)]_FA14:0,TAG,1348.6200866699219,1496.0000953674316,1019.4600601196289,1447.920108795166,1280.7400932312012,1218.3400802612305,1430.820110321045,1214.9400939941406,1251.260097503662,Group: B,Group: C,Group: B vs Group: C,4,4,Blank_Blank_Blank
[TG(41:0)]_FA16:0 | DG(42:0)_C16:0,DAG,2366.9001655578613,2028.7601356506348,2102.860153198242,2052.280158996582,1858.8601150512695,2313.260166168213,2165.460159301758,1996.4401359558105,2791.560203552246,Group: B,Group: C,Group: B vs Group: C,4,4,Blank_Blank_Blank
[TG(41:0)]_FA16:0 | DG(42:0)_C16:0,TAG,1151.180076599121,1075.8200721740723,1388.4201049804688,1083.480068206787,1265.9001007080078,1131.5200805664062,1094.8200721740723,1122.5000762939453,1184.6800918579102,Group: B,Group: C,Group: B vs Group: C,4,4,Blank_Blank_Blank
[TG(41:0)]_FA18:0 | DG(42:0)_C18:0,DAG,1913.060131072998,1729.2801055908203,1782.060115814209,1812.2001266479492,1955.4601402282715,1973.5801391601562,1902.6201438903809,1782.6401329040527,1860.1401443481445,Group: B,Group: C,Group: B vs Group: C,4,4,Blank_Blank_Blank
[TG(41:0)]_FA18:0 | DG(42:0)_C18:0,TAG,970.3000717163086,1049.700065612793,1018.5800743103027,995.6000709533691,1005.7800674438477,983.8000679016113,1188.1600952148438,1061.020076751709,1007.080078125,Group: B,Group: C,Group: B vs Group: C,4,4,Blank_Blank_Blank
[TG(41:1)]_FA14:0,TAG,1167.6000785827637,1025.4400672912598,972.3000640869141,1116.280071258545,1007.6200714111328,970.8200607299805,1005.7200813293457,1023.7600784301758,1072.0200729370117,Group: B,Group: C,Group: B vs Group: C,4,4,Blank_Blank_Blank
[TG(41:1)]_FA16:0,TAG,973.620059967041,994.1000785827637,972.0800666809082,1008.1000709533691,1030.3000793457031,961.0600662231445,1115.4400787353516,961.6800689697266,985.5600700378418,Group: B,Group: C,Group: B vs Group: C,4,4,Blank_Blank_Blank
[TG(41:1)]_FA16:1,TAG,1074.1000862121582,1162.860065460205,1052.1600799560547,1096.180076599121,1094.2800750732422,1153.1000747680664,1080.8800811767578,1069.7000694274902,1063.3600730895996,Group: B,Group: C,Group: B vs Group: C,4,4,Blank_Blank_Blank
[TG(41:1)]_FA18:0,TAG,996.1200752258301,968.5600700378418,1002.7600746154785,968.760066986084,992.6000709533691,1073.8200759887695,969.3000717163086,977.5600776672363,969.5800666809082,Group: B,Group: C,Group: B vs Group: C,4,4,Blank_Blank_Blank
[TG(41:1)]_FA18:1,TAG,1078.7600784301758,1225.020092010498,1159.0800895690918,1086.3600845336914,1132.1200828552246,1105.4200859069824,1049.1400680541992,1066.680076599121,1134.6000785827637,Group: B,Group: C,Group: B vs Group: C,4,4,Blank_Blank_Blank
[TG(41:2)]_FA14:0,TAG,971.200065612793,1053.3000679016113,975.640064239502,1007.8600730895996,1011.8200759887695,989.6000747680664,992.7400779724121,996.940071105957,984.7600746154785,Group: B,Group: C,Group: B vs Group: C,4,4,Blank_Blank_Blank
[TG(41:2)]_FA16:0,TAG,966.8200607299805,988.7000732421875,1010.3000717163086,963.8000640869141,1116.3200950622559,1096.0400848388672,989.7200698852539,992.0800704956055,969.0000762939453,Group: B,Group: C,Group: B vs Group: C,4,4,Blank_Blank_Blank
[TG(41:2)]_FA16:1,TAG,1050.2800750732422,1097.02006149292,1052.5000762939453,1092.920066833496,1049.920066833496,1134.1200904846191,1085.2800788879395,1176.680076599121,1150.5200691223145,Group: B,Group: C,Group: B vs Group: C,4,4,Blank_Blank_Blank
[TG(41:2)]_FA18:0,TAG,970.4000778198242,1004.0400733947754,969.3400726318359,986.6400718688965,968.4600677490234,968.6800689697266,1016.720085144043,998.0400733947754,1028.160068511963,Group: B,Group: C,Group: B vs Group: C,4,4,Blank_Blank_Blank
[TG(41:2)]_FA18:1,TAG,1434.1200981140137,1146.260082244873,1309.8600997924805,1197.7000885009766,1397.5800895690918,1141.900074005127,1147.820083618164,1092.8800735473633,1353.1801109313965,Group: B,Group: C,Group: B vs Group: C,4,4,Blank_Blank_Blank
[TG(41:2)]_FA18:2,TAG,1142.0400695800781,1179.4200820922852,1335.0400924682617,1125.3000755310059,1370.3601036071777,1203.180076599121,1216.8800773620605,1099.7800788879395,1107.520076751709,Group: B,Group: C,Group: B vs Group: C,4,4,Blank_Blank_Blank
[TG(42:0)]_FA14:0,TAG,1826.2401275634766,1633.8601264953613,1494.1001014709473,2140.5401496887207,1934.1401252746582,1515.700122833252,1938.400131225586,1479.1001014709473,1628.2801132202148,Group: B,Group: C,Group: B vs Group: C,4,4,Blank_Blank_Blank
"[TG(42:0)]_FA16:0 | DG(44:7),DG(43:0)_C16:0",DAG,3801.8402824401855,3321.880229949951,3251.4402046203613,2355.2001571655273,2601.5401916503906,3233.9802169799805,2695.580181121826,2381.440158843994,3137.120220184326,Group: B,Group: C,Group: B vs Group: C,4,4,Blank_Blank_Blank
"[TG(42:0)]_FA16:0 | DG(44:7),DG(43:0)_C16:0",TAG,1393.4800872802734,1324.2600898742676,2535.7401809692383,1187.7000846862793,2646.180191040039,1386.8400917053223,1283.2800979614258,1324.7600936889648,1343.9201011657715,Group: B,Group: C,Group: B vs Group: C,4,4,Blank_Blank_Blank
"[TG(42:0)]_FA18:0 | DG(44:7),DG(43:0)_C18:0",DAG,2118.9601440429688,1889.6201477050781,1793.700122833252,1926.3401374816895,2041.2001342773438,1960.8201217651367,1999.6201362609863,1755.440113067627,2065.360149383545,Group: B,Group: C,Group: B vs Group: C,4,4,Blank_Blank_Blank
"[TG(42:0)]_FA18:0 | DG(44:7),DG(43:0)_C18:0",TAG,1067.3000869750977,1234.6400909423828,1050.9000701904297,1089.000087738037,1146.5400848388672,1054.9600677490234,1181.2800827026367,1051.5000762939453,1108.2600746154785,Group: B,Group: C,Group: B vs Group: C,4,4,Blank_Blank_Blank
[TG(42:1)]_FA14:0,TAG,1143.2600784301758,1029.4200592041016,1217.1200866699219,1109.960075378418,1187.080078125,984.2200622558594,1105.000072479248,1064.380084991455,1059.8400802612305,Group: B,Group: C,Group: B vs Group: C,4,4,Blank_Blank_Blank
"[TG(42:1)]_FA16:0 | DG(44:8),DG(43:1)_C16:0",DAG,2031.5001335144043,1863.6201400756836,1865.460132598877,1744.2401161193848,1751.9401168823242,1944.9601440429688,1886.800136566162,2015.4401168823242,1831.8801155090332,Group: B,Group: C,Group: B vs Group: C,4,4,Blank_Blank_Blank
"[TG(42:1)]_FA16:0 | DG(44:8),DG(43:1)_C16:0",TAG,966.4000625610352,1023.8400650024414,1059.9400672912598,1018.5400695800781,1326.1401023864746,982.2800674438477,1006.6600761413574,1144.3400802612305,969.1200714111328,Group: B,Group: C,Group: B vs Group: C,4,4,Blank_Blank_Blank
"[TG(42:1)]_FA16:1 | DG(44:8),DG(43:1)_C16:1",DAG,2041.2201347351074,2109.420139312744,1940.3001327514648,2093.120143890381,2283.780143737793,2017.0401306152344,1999.1201400756836,2285.820140838623,2053.180149078369,Group: B,Group: C,Group: B vs Group: C,4,4,Blank_Blank_Blank
"[TG(42:1)]_FA16:1 | DG(44:8),DG(43:1)_C16:1",TAG,1101.04008102417,1166.9000778198242,1066.0000762939453,1237.6200904846191,1076.6400680541992,1279.3000984191895,1052.8800735473633,1134.5400772094727,1185.9200973510742,Group: B,Group: C,Group: B vs Group: C,4,4,Blank_Blank_Blank
"[TG(42:1)]_FA18:0 | DG(44:8),DG(43:1)_C18:0",DAG,1793.9001235961914,1743.8401184082031,1795.6001243591309,1756.3401260375977,1860.8201370239258,1798.9001274108887,1792.4401206970215,1711.2801208496094,1777.6001205444336,Group: B,Group: C,Group: B vs Group: C,4,4,Blank_Blank_Blank
"[TG(42:1)]_FA18:0 | DG(44:8),DG(43:1)_C18:0",TAG,1019.9000701904297,1026.460075378418,980.0800666809082,999.3000679016113,991.1200675964355,1026.6400680541992,969.1800651550293,973.8000717163086,1017.3600654602051,Group: B,Group: C,Group: B vs Group: C,4,4,Blank_Blank_Blank
"[TG(42:1)]_FA18:1 | DG(44:8),DG(43:1)_C18:1",DAG,2281.700164794922,2150.9601402282715,2078.6201515197754,2096.2001342773438,2475.980178833008,2378.7201652526855,2236.340156555176,2247.5201530456543,2253.100143432617,Group: B,Group: C,Group: B vs Group: C,4,4,Blank_Blank_Blank
"[TG(42:1)]_FA18:1 | DG(44:8),DG(43:1)_C18:1",TAG,1444.0401039123535,1071.6000709533691,1130.3400840759277,1171.440086364746,1162.8800888061523,1183.2600746154785,1084.0800666809082,1092.400074005127,1178.2600746154785,Group: B,Group: C,Group: B vs Group: C,4,4,Blank_Blank_Blank
[TG(42:2)]_FA14:0,TAG,1046.7800750732422,1063.400074005127,1020.2000694274902,999.320068359375,1099.8000755310059,981.9200859069824,1070.5600814819336,974.6200790405273,970.2000617980957,Group: B,Group: C,Group: B vs Group: C,4,4,Blank_Blank_Blank
[TG(42:2)]_FA16:0,TAG,966.1200714111328,983.2200622558594,1071.3800735473633,1007.7200660705566,972.240062713623,990.6600723266602,1004.460075378418,974.680061340332,990.440071105957,Group: B,Group: C,Group: B vs Group: C,4,4,Blank_Blank_Blank
[TG(42:2)]_FA16:1,TAG,1076.0200805664062,1055.160083770752,1086.340072631836,1108.340072631836,1064.9200820922852,1051.7000694274902,1052.760066986084,1061.3000831604004,1081.5400619506836,Group: B,Group: C,Group: B vs Group: C,4,4,Blank_Blank_Blank
[TG(42:2)]_FA18:0,TAG,1032.7200660705566,969.5600776672363,1033.9200744628906,997.2800598144531,967.6200675964355,970.4800682067871,1029.3800735473633,1043.9400825500488,1012.900074005127,Group: B,Group: C,Group: B vs Group: C,4,4,Blank_Blank_Blank
[TG(42:2)]_FA18:1,TAG,1206.1600875854492,1132.520076751709,1203.1600799560547,1095.6200828552246,1204.6800727844238,1173.460090637207,1181.3000831604004,1222.1800842285156,1066.2000694274902,Group: B,Group: C,Group: B vs Group: C,4,4,Blank_Blank_Blank
[TG(42:2)]_FA18:2,TAG,1087.2200813293457,1086.3000679016113,1228.7200775146484,1105.9600830078125,1252.940097808838,1223.8200874328613,1213.2000846862793,1085.840072631836,1151.0000762939453,Group: B,Group: C,Group: B vs Group: C,4,4,Blank_Blank_Blank
[TG(42:3)]_FA14:0,TAG,997.8200645446777,991.9800682067871,971.2800674438477,970.3000679016113,970.3400688171387,970.6400756835938,989.9000663757324,973.8200607299805,1069.2000770568848,Group: B,Group: C,Group: B vs Group: C,4,4,Blank_Blank_Blank
[TG(42:3)]_FA16:0,TAG,965.500057220459,963.9400596618652,970.9400672912598,989.3400688171387,964.6600685119629,961.0400657653809,1042.8600769042969,997.4600677490234,968.5400695800781,Group: B,Group: C,Group: B vs Group: C,4,4,Blank_Blank_Blank
[TG(42:3)]_FA16:1,TAG,1062.8400764465332,1055.9000701904297,1066.4600715637207,1114.6400833129883,1084.6000747680664,1097.3600769042969,1112.2400703430176,1083.5000762939453,1096.840072631836,Group: B,Group: C,Group: B vs Group: C,4,4,Blank_Blank_Blank
[TG(42:3)]_FA18:0,TAG,1013.1200714111328,969.200065612793,970.0000686645508,968.3800621032715,968.1600608825684,968.8600730895996,987.1000595092773,973.6200637817383,969.4200782775879,Group: B,Group: C,Group: B vs Group: C,4,4,Blank_Blank_Blank
[TG(42:3)]_FA18:1,TAG,1158.7200775146484,1068.0400695800781,1223.780086517334,1092.220069885254,1287.000072479248,1114.820083618164,1148.3000717163086,1062.6800727844238,1093.3000755310059,Group: B,Group: C,Group: B vs Group: C,4,4,Blank_Blank_Blank
[TG(42:3)]_FA18:2,TAG,1189.60009765625,1141.8000793457031,1302.4200897216797,1110.8800735473633,1272.9601020812988,1264.5400848388672,1130.5600776672363,1180.7600860595703,1171.3000793457031,Group: B,Group: C,Group: B vs Group: C,4,4,Blank_Blank_Blank
[TG(42:3)]_FA18:3,TAG,1175.0600852966309,1238.940086364746,1195.2200736999512,1183.3200874328613,1231.9000778198242,1184.3400764465332,1172.8000755310059,1188.6400833129883,1228.4600830078125,Group: B,Group: C,Group: B vs Group: C,4,4,Blank_Blank_Blank
[TG(42:4)]_FA14:0,TAG,978.6800651550293,985.320068359375,970.9800720214844,969.4800643920898,971.7800598144531,1019.4000663757324,971.5400733947754,988.1000709533691,971.0400695800781,Group: B,Group: C,Group: B vs Group: C,4,4,Blank_Blank_Blank
[TG(42:4)]_FA16:0,TAG,1045.0000648498535,1007.8600654602051,1019.8400650024414,964.8800621032715,1003.880069732666,976.4600677490234,961.0800590515137,961.6000595092773,989.2000770568848,Group: B,Group: C,Group: B vs Group: C,4,4,Blank_Blank_Blank
[TG(42:4)]_FA16:1,TAG,1084.780086517334,1055.2200736999512,1051.500072479248,1050.5600662231445,1051.1000785827637,1080.2600898742676,1063.2400856018066,1059.8200645446777,1131.480079650879,Group: B,Group: C,Group: B vs Group: C,4,4,Blank_Blank_Blank
[TG(42:4)]_FA18:0,TAG,969.7000617980957,992.1400718688965,970.4200706481934,967.7400665283203,1038.4000701904297,968.6800651550293,973.2200660705566,973.3200645446777,1018.0600700378418,Group: B,Group: C,Group: B vs Group: C,4,4,Blank_Blank_Blank
[TG(42:4)]_FA18:1,TAG,1108.7000846862793,1056.3000831604004,1240.3000946044922,1053.920066833496,1218.6200866699219,1083.8800773620605,1085.9800720214844,1049.8400688171387,1187.12007522583,Group: B,Group: C,Group: B vs Group: C,4,4,Blank_Blank_Blank
[TG(42:4)]_FA18:2,TAG,1122.7200660705566,1146.1000709533691,1218.460090637207,1204.880084991455,1215.6200828552246,1226.6200866699219,1090.520076751709,1085.5800743103027,1150.740077972412,Group: B,Group: C,Group: B vs Group: C,4,4,Blank_Blank_Blank
[TG(42:4)]_FA18:3,TAG,1196.6000938415527,1275.2200889587402,1299.9800872802734,1285.1200866699219,1260.1800956726074,1165.9600868225098,1323.1200790405273,1251.1600761413574,1171.6200790405273,Group: B,Group: C,Group: B vs Group: C,4,4,Blank_Blank_Blank
[TG(42:4)]_FA20:4,TAG,1337.1600914001465,1274.7600784301758,1297.460090637207,1273.8400840759277,1283.4200897216797,1253.4200820922852,1284.0000915527344,1298.480094909668,1247.880084991455,Group: B,Group: C,Group: B vs Group: C,4,4,Blank_Blank_Blank
[TG(43:0)]_FA14:0,TAG,1914.0801429748535,2043.8601531982422,1376.4800987243652,2171.2201347351074,1771.6801071166992,1641.4801025390625,1614.3800926208496,1317.440086364746,1412.4200973510742,Group: B,Group: C,Group: B vs Group: C,4,4,Blank_Blank_Blank
[TG(43:0)]_FA16:0 | DG(44:0)_C16:0,DAG,2673.5401878356934,2236.9401512145996,2286.180145263672,2094.7601585388184,2128.2401275634766,2605.400188446045,2276.0001487731934,2328.9201583862305,2864.0402221679688,Group: B,Group: C,Group: B vs Group: C,4,4,Blank_Blank_Blank
[TG(43:0)]_FA16:0 | DG(44:0)_C16:0,TAG,1180.6000785827637,1119.2400741577148,1507.8601112365723,1156.860065460205,1569.7201118469238,1133.1200904846191,1164.5400733947754,1311.7600936889648,1323.960090637207,Group: B,Group: C,Group: B vs Group: C,4,4,Blank_Blank_Blank
[TG(43:0)]_FA18:0 | DG(44:0)_C18:0,DAG,1988.6001319885254,1813.7001113891602,1786.020118713379,1740.9401245117188,1852.9201202392578,1855.4601211547852,1820.2801475524902,1885.7801361083984,1952.7601356506348,Group: B,Group: C,Group: B vs Group: C,4,4,Blank_Blank_Blank
[TG(43:0)]_FA18:0 | DG(44:0)_C18:0,TAG,970.6600685119629,1190.5000801086426,987.460075378418,1065.420066833496,992.3800659179688,1127.700080871582,1202.0600891113281,973.8800659179688,982.6600685119629,Group: B,Group: C,Group: B vs Group: C,4,4,Blank_Blank_Blank
[TG(43:1)]_FA14:0,TAG,1132.4800758361816,1304.2800903320312,1090.8200759887695,1072.5800743103027,1192.1200714111328,1065.7400817871094,1188.160083770752,1038.340072631836,1054.62007522583,Group: B,Group: C,Group: B vs Group: C,4,4,Blank_Blank_Blank
[TG(43:1)]_FA16:0 | DG(44:1)_C16:0,DAG,2061.860137939453,1811.9001197814941,1829.6801414489746,1829.4201278686523,1823.7201042175293,1882.5001411437988,1725.3201141357422,1756.3801193237305,1940.7401390075684,Group: B,Group: C,Group: B vs Group: C,4,4,Blank_Blank_Blank
[TG(43:1)]_FA16:0 | DG(44:1)_C16:0,TAG,1075.420078277588,990.6600646972656,1087.5600662231445,965.0800666809082,1103.840072631836,972.2800598144531,1025.2000617980957,962.5000610351562,980.4800682067871,Group: B,Group: C,Group: B vs Group: C,4,4,Blank_Blank_Blank
[TG(43:1)]_FA16:1 | DG(44:1)_C16:1,DAG,2061.0401306152344,1998.420150756836,2019.5001602172852,2048.240131378174,2363.360164642334,2200.800151824951,2012.6801376342773,2125.520133972168,2104.980155944824,Group: B,Group: C,Group: B vs Group: C,4,4,Blank_Blank_Blank
[TG(43:1)]_FA16:1 | DG(44:1)_C16:1,TAG,1118.460075378418,1172.720085144043,1117.3800735473633,1229.740089416504,1097.1200790405273,1091.5800743103027,1173.0200729370117,1199.2800941467285,1116.9400672912598,Group: B,Group: C,Group: B vs Group: C,4,4,Blank_Blank_Blank
[TG(43:1)]_FA18:0 | DG(44:1)_C18:0,DAG,1905.0001335144043,1799.6201171875,1756.9401092529297,1724.4401092529297,1775.6601295471191,1765.4201164245605,1707.3001098632812,1712.3401260375977,1766.66011428833,Group: B,Group: C,Group: B vs Group: C,4,4,Blank_Blank_Blank
[TG(43:1)]_FA18:0 | DG(44:1)_C18:0,TAG,1017.8800659179688,1031.04008102417,970.1400718688965,1037.500072479248,968.6000747680664,998.1200675964355,1041.5200843811035,1041.1000671386719,1000.2000732421875,Group: B,Group: C,Group: B vs Group: C,4,4,Blank_Blank_Blank
[TG(43:1)]_FA18:1 | DG(44:1)_C18:1,DAG,2353.760166168213,2316.5601539611816,2533.480182647705,2416.2601890563965,2253.0801429748535,2348.7201538085938,2435.0601654052734,2409.6201705932617,2432.3001670837402,Group: B,Group: C,Group: B vs Group: C,4,4,Blank_Blank_Blank
[TG(43:1)]_FA18:1 | DG(44:1)_C18:1,TAG,1576.8801078796387,1147.8600807189941,1348.0801010131836,1254.420093536377,1196.260082244873,1167.2200889587402,1206.6200866699219,1095.0600700378418,1300.7000923156738,Group: B,Group: C,Group: B vs Group: C,4,4,Blank_Blank_Blank
[TG(43:2)]_FA14:0,TAG,1123.900074005127,1002.1800689697266,989.6200752258301,1035.160068511963,986.0200653076172,971.0200614929199,983.4200744628906,998.4000701904297,971.1600723266602,Group: B,Group: C,Group: B vs Group: C,4,4,Blank_Blank_Blank
[TG(43:2)]_FA16:0 | DG(44:2)_C16:0,DAG,1795.4201316833496,1752.140121459961,1778.6801300048828,1793.8401145935059,1794.1401329040527,1786.7601356506348,1742.220115661621,1759.58012008667,1824.5201454162598,Group: B,Group: C,Group: B vs Group: C,4,4,Blank_Blank_Blank
[TG(43:2)]_FA16:0 | DG(44:2)_C16:0,TAG,965.8800621032715,1012.1000785827637,1033.1200675964355,983.5800704956055,985.1200714111328,960.9200668334961,960.9400672912598,1069.5800666809082,1018.4200668334961,Group: B,Group: C,Group: B vs Group: C,4,4,Blank_Blank_Blank
[TG(43:2)]_FA16:1 | DG(44:2)_C16:1,DAG,2020.4601402282715,1971.9401321411133,1980.9601402282715,1952.9601364135742,2041.7601356506348,1960.5801239013672,2044.540138244629,1986.480125427246,2022.3201293945312,Group: B,Group: C,Group: B vs Group: C,4,4,Blank_Blank_Blank
[TG(43:2)]_FA16:1 | DG(44:2)_C16:1,TAG,1050.3400573730469,1132.9400672912598,1094.7800788879395,1100.0000762939453,1051.300064086914,1133.1200790405273,1052.5800704956055,1101.0800857543945,1151.500072479248,Group: B,Group: C,Group: B vs Group: C,4,4,Blank_Blank_Blank
[TG(43:2)]_FA18:0 | DG(44:2)_C18:0,DAG,1787.9001235961914,1720.0001220703125,1770.760124206543,1837.1001281738281,1798.3401145935059,1746.0801162719727,1814.500129699707,1757.8001098632812,1911.14013671875,Group: B,Group: C,Group: B vs Group: C,4,4,Blank_Blank_Blank
[TG(43:2)]_FA18:0 | DG(44:2)_C18:0,TAG,1021.820068359375,974.700065612793,1030.0600700378418,1115.9800758361816,994.6400604248047,1001.4400672912598,1008.7800598144531,973.3000755310059,993.740062713623,Group: B,Group: C,Group: B vs Group: C,4,4,Blank_Blank_Blank
[TG(43:2)]_FA18:1 | DG(44:2)_C18:1,DAG,1988.0401458740234,1907.640151977539,1956.5801391601562,1926.3201370239258,2028.580135345459,1977.0201377868652,1906.1401252746582,1958.4601440429688,1951.9401473999023,Group: B,Group: C,Group: B vs Group: C,4,4,Blank_Blank_Blank
[TG(43:2)]_FA18:1 | DG(44:2)_C18:1,TAG,1130.0400733947754,1075.3400650024414,1138.5000801086426,1202.3000793457031,1092.640079498291,1047.3800811767578,1065.4200897216797,1049.8200721740723,1054.0000762939453,Group: B,Group: C,Group: B vs Group: C,4,4,Blank_Blank_Blank
[TG(43:2)]_FA18:2 | DG(44:2)_C18:2,DAG,2273.860149383545,2264.3601684570312,2323.66015625,2365.960178375244,2236.3601570129395,2402.4601821899414,2190.6601486206055,2236.3401679992676,2232.900157928467,Group: B,Group: C,Group: B vs Group: C,4,4,Blank_Blank_Blank
[TG(43:2)]_FA18:2 | DG(44:2)_C18:2,TAG,1166.2200775146484,1172.12007522583,1162.7400817871094,1084.1600723266602,1239.960075378418,1114.8000793457031,1128.8000755310059,1127.3200759887695,1087.5400772094727,Group: B,Group: C,Group: B vs Group: C,4,4,Blank_Blank_Blank
[TG(43:3)]_FA14:0,TAG,994.7200698852539,1078.4000701904297,970.1600761413574,987.8400764465332,970.9200668334961,1095.2600784301758,971.5800628662109,985.0400772094727,970.1200752258301,Group: B,Group: C,Group: B vs Group: C,4,4,Blank_Blank_Blank
[TG(43:3)]_FA16:0,TAG,966.3800659179688,979.380069732666,1051.5600776672363,964.8800659179688,1004.5400772094727,972.4200630187988,985.3600692749023,961.8600654602051,968.740062713623,Group: B,Group: C,Group: B vs Group: C,4,4,Blank_Blank_Blank
[TG(43:3)]_FA16:1,TAG,1121.7000732421875,1072.5000801086426,1051.800064086914,1067.0400695800781,1050.560073852539,1052.04008102417,1052.7600708007812,1049.3200721740723,1057.420078277588,Group: B,Group: C,Group: B vs Group: C,4,4,Blank_Blank_Blank
[TG(43:3)]_FA18:0,TAG,970.6400718688965,968.7000617980957,1001.6200675964355,1028.640064239502,1039.12007522583,969.760066986084,969.4200668334961,1038.1000747680664,969.9600715637207,Group: B,Group: C,Group: B vs Group: C,4,4,Blank_Blank_Blank
[TG(43:3)]_FA18:1,TAG,1088.5200843811035,1117.3400764465332,1118.5800743103027,1054.580062866211,1070.8000717163086,1069.140064239502,1139.2800788879395,1049.4800758361816,1227.0400848388672,Group: B,Group: C,Group: B vs Group: C,4,4,Blank_Blank_Blank
[TG(43:3)]_FA18:2,TAG,1085.920066833496,1164.2600784301758,1240.6800918579102,1101.8200798034668,1091.3600769042969,1248.140079498291,1085.5600776672363,1170.6200828552246,1155.9000854492188,Group: B,Group: C,Group: B vs Group: C,4,4,Blank_Blank_Blank
[TG(43:3)]_FA18:3,TAG,1225.9600868225098,1252.9000854492188,1241.0400848388672,1199.8800811767578,1170.1600761413574,1244.2000770568848,1173.0400772094727,1182.000087738037,1171.320068359375,Group: B,Group: C,Group: B vs Group: C,4,4,Blank_Blank_Blank
[TG(43:4)]_FA14:0,TAG,990.5800704956055,999.9400672912598,971.0000762939453,982.8000717163086,977.1200714111328,970.7400703430176,1001.6400756835938,973.3200721740723,997.0000610351562,Group: B,Group: C,Group: B vs Group: C,4,4,Blank_Blank_Blank
[TG(43:4)]_FA16:0,TAG,966.2600708007812,965.1600685119629,1015.3600692749023,963.6000633239746,998.3600654602051,962.6000633239746,961.1600646972656,961.7000732421875,968.7400741577148,Group: B,Group: C,Group: B vs Group: C,4,4,Blank_Blank_Blank
[TG(43:4)]_FA16:1,TAG,1051.7200775146484,1060.940086364746,1057.2000617980957,1059.2200775146484,1050.7200813293457,1093.4200744628906,1077.680076599121,1049.5800704956055,1059.6800727844238,Group: B,Group: C,Group: B vs Group: C,4,4,Blank_Blank_Blank
[TG(43:4)]_FA18:0,TAG,970.9000625610352,969.1200637817383,979.7600746154785,991.2000694274902,969.0400619506836,970.2800674438477,969.7800598144531,973.4800682067871,1005.5400657653809,Group: B,Group: C,Group: B vs Group: C,4,4,Blank_Blank_Blank
[TG(43:4)]_FA18:1,TAG,1145.3600883483887,1055.720069885254,1132.4800758361816,1053.800064086914,1094.780071258545,1064.1400756835938,1066.0200805664062,1049.6400833129883,1089.8800735473633,Group: B,Group: C,Group: B vs Group: C,4,4,Blank_Blank_Blank
[TG(43:4)]_FA18:2,TAG,1120.8000793457031,1124.680076599121,1130.6600799560547,1122.3000831604004,1202.1200942993164,1115.2600784301758,1084.7600708007812,1190.9000701904297,1148.1000709533691,Group: B,Group: C,Group: B vs Group: C,4,4,Blank_Blank_Blank
[TG(43:4)]_FA18:3,TAG,1226.140079498291,1168.560073852539,1189.8800888061523,1167.520076751709,1177.280086517334,1229.9200859069824,1194.4000854492188,1173.100082397461,1221.3800888061523,Group: B,Group: C,Group: B vs Group: C,4,4,Blank_Blank_Blank
[TG(43:4)]_FA20:4,TAG,1274.1600914001465,1251.8000793457031,1279.900089263916,1247.940097808838,1252.2000846862793,1253.1800727844238,1305.7600936889648,1302.9600868225098,1247.7400932312012,Group: B,Group: C,Group: B vs Group: C,4,4,Blank_Blank_Blank
"[TG(44:0),TG(O-45:0)]_FA14:0",TAG,3529.540256500244,2742.340171813965,2116.5801391601562,3433.0002212524414,2534.8202018737793,2244.70015335083,2599.340171813965,1764.3601264953613,1834.780128479004,Group: B,Group: C,Group: B vs Group: C,4,4,Blank_Blank_Blank
"[TG(44:0),TG(O-45:0)]_FA16:0",TAG,1688.8801231384277,1525.460117340088,2938.080207824707,1473.1400985717773,3052.4402084350586,1363.8601036071777,1801.5001182556152,1493.6001091003418,1390.2200965881348,Group: B,Group: C,Group: B vs Group: C,4,4,Blank_Blank_Blank
"[TG(44:0),TG(O-45:0)]_FA18:0",TAG,1049.720069885254,1138.820083618164,1136.2800827026367,1025.5200691223145,1074.680076599121,1095.2000846862793,1336.7600936889648,1049.7800788879395,1110.960075378418,Group: B,Group: C,Group: B vs Group: C,4,4,Blank_Blank_Blank
[TG(44:1)]_FA14:0,TAG,1583.000114440918,1561.06010055542,1404.9601020812988,1501.56010055542,1324.7200889587402,1180.7600784301758,1343.9200859069824,1130.7400741577148,1205.1600799560547,Group: B,Group: C,Group: B vs Group: C,4,4,Blank_Blank_Blank
[TG(44:1)]_FA16:0,TAG,1017.4200706481934,1008.4800758361816,1152.320083618164,1050.0600776672363,1320.9600944519043,1027.5200653076172,1107.420078277588,1252.4800987243652,1035.1000785827637,Group: B,Group: C,Group: B vs Group: C,4,4,Blank_Blank_Blank
[TG(44:1)]_FA16:1,TAG,1207.380084991455,1229.680088043213,1203.6400871276855,1301.6000900268555,1130.0200881958008,1226.1600914001465,1153.360092163086,1496.4601135253906,1234.0400848388672,Group: B,Group: C,Group: B vs Group: C,4,4,Blank_Blank_Blank
[TG(44:1)]_FA18:0,TAG,969.8600730895996,1073.0200729370117,1008.3800659179688,1023.1800689697266,983.9800758361816,993.3000717163086,991.140064239502,973.140079498291,1000.8000755310059,Group: B,Group: C,Group: B vs Group: C,4,4,Blank_Blank_Blank
[TG(44:1)]_FA18:1,TAG,1391.120101928711,1111.400074005127,1445.420108795166,1079.5000762939453,1328.4000930786133,1216.8000755310059,1197.4800910949707,1138.4800872802734,1410.2401084899902,Group: B,Group: C,Group: B vs Group: C,4,4,Blank_Blank_Blank
[TG(44:2)]_FA14:0,TAG,1108.4200897216797,1140.3400802612305,1074.0400772094727,1044.500072479248,1071.4600830078125,1077.7600708007812,1120.4000854492188,1059.6600761413574,1097.840072631836,Group: B,Group: C,Group: B vs Group: C,4,4,Blank_Blank_Blank
[TG(44:2)]_FA16:0,TAG,984.1600646972656,1046.6200790405273,1098.780071258545,1068.0000648498535,1001.0600624084473,1022.4800682067871,975.2800674438477,1012.2800712585449,969.3000717163086,Group: B,Group: C,Group: B vs Group: C,4,4,Blank_Blank_Blank
[TG(44:2)]_FA16:1,TAG,1099.3400764465332,1265.5000839233398,1226.3400802612305,1251.1200790405273,1123.1800804138184,1178.6400756835938,1120.6600799560547,1098.5600700378418,1203.7800788879395,Group: B,Group: C,Group: B vs Group: C,4,4,Blank_Blank_Blank
[TG(44:2)]_FA18:0,TAG,985.000072479248,969.0800666809082,1044.3600692749023,968.4000625610352,968.1600608825684,969.4600639343262,1032.1000747680664,1057.0200805664062,999.2200660705566,Group: B,Group: C,Group: B vs Group: C,4,4,Blank_Blank_Blank
[TG(44:2)]_FA18:1,TAG,1180.2600898742676,1112.0200729370117,1146.4200820922852,1130.400074005127,1166.2200813293457,1145.3400802612305,1087.7200660705566,1079.0800819396973,1120.7200813293457,Group: B,Group: C,Group: B vs Group: C,4,4,Blank_Blank_Blank
[TG(44:2)]_FA18:2,TAG,1114.680076599121,1141.960075378418,1282.1800918579102,1251.8200912475586,1397.9601020812988,1171.320068359375,1292.1800842285156,1122.5600814819336,1195.2600708007812,Group: B,Group: C,Group: B vs Group: C,4,4,Blank_Blank_Blank
[TG(44:3)]_FA14:0,TAG,1004.9600677490234,1025.5000648498535,971.1400718688965,969.1200714111328,1040.080078125,978.000072479248,1044.280071258545,974.240062713623,971.4600677490234,Group: B,Group: C,Group: B vs Group: C,4,4,Blank_Blank_Blank
[TG(44:3)]_FA16:0,TAG,983.5400695800781,991.440071105957,1037.6000747680664,964.5200614929199,1013.8000755310059,961.2800636291504,960.6800689697266,962.240062713623,1028.9600715637207,Group: B,Group: C,Group: B vs Group: C,4,4,Blank_Blank_Blank
[TG(44:3)]_FA16:1,TAG,1058.600082397461,1079.2600784301758,1060.7400856018066,1107.7200813293457,1050.2800788879395,1165.6600875854492,1234.3000869750977,1050.080078125,1068.0800743103027,Group: B,Group: C,Group: B vs Group: C,4,4,Blank_Blank_Blank
[TG(44:3)]_FA18:0,TAG,969.8400688171387,968.9600677490234,1008.5000762939453,967.6600723266602,975.2000732421875,1020.000072479248,970.7600593566895,973.1200828552246,994.8200721740723,Group: B,Group: C,Group: B vs Group: C,4,4,Blank_Blank_Blank
[TG(44:3)]_FA18:1,TAG,1176.1800727844238,1126.2600746154785,1139.1400756835938,1123.1800727844238,1046.7000579833984,1077.0000762939453,1119.0600700378418,1100.460090637207,1054.520076751709,Group: B,Group: C,Group: B vs Group: C,4,4,Blank_Blank_Blank
[TG(44:3)]_FA18:2,TAG,1086.4400596618652,1087.1600723266602,1231.5000839233398,1153.2600784301758,1124.0400695800781,1181.54008102417,1088.2600746154785,1119.9200744628906,1109.0400695800781,Group: B,Group: C,Group: B vs Group: C,4,4,Blank_Blank_Blank
[TG(44:3)]_FA18:3,TAG,1224.5800819396973,1232.800090789795,1187.3600730895996,1262.9000930786133,1250.3000793457031,1241.6800918579102,1171.8600692749023,1223.7000770568848,1241.4600944519043,Group: B,Group: C,Group: B vs Group: C,4,4,Blank_Blank_Blank
[TG(44:4)]_FA14:0,TAG,1021.7200622558594,1020.2400741577148,970.6200752258301,969.3800659179688,1008.020076751709,1007.640079498291,970.5800666809082,1001.1400680541992,970.6400680541992,Group: B,Group: C,Group: B vs Group: C,4,4,Blank_Blank_Blank
[TG(44:4)]_FA16:0,TAG,966.4000625610352,1006.1800689697266,1001.440071105957,965.320068359375,1007.7800750732422,975.3200569152832,995.8000640869141,962.5800628662109,969.2800636291504,Group: B,Group: C,Group: B vs Group: C,4,4,Blank_Blank_Blank
[TG(44:4)]_FA16:1,TAG,1061.980068206787,1159.740077972412,1119.6600799560547,1050.3400802612305,1089.6800804138184,1150.660083770752,1112.100082397461,1115.7400856018066,1150.1200828552246,Group: B,Group: C,Group: B vs Group: C,4,4,Blank_Blank_Blank
[TG(44:4)]_FA18:0,TAG,989.8000755310059,1094.280086517334,1065.280071258545,1001.8000640869141,1003.6400680541992,969.0600776672363,1040.1800651550293,973.260066986084,970.2600593566895,Group: B,Group: C,Group: B vs Group: C,4,4,Blank_Blank_Blank
[TG(44:4)]_FA18:1,TAG,1111.2200813293457,1056.1600799560547,1083.6800727844238,1053.9000778198242,1185.2200775146484,1138.1800918579102,1049.3000717163086,1120.6000747680664,1083.3000755310059,Group: B,Group: C,Group: B vs Group: C,4,4,Blank_Blank_Blank
[TG(44:4)]_FA18:2,TAG,1105.8200798034668,1086.4400749206543,1323.440086364746,1239.8200950622559,1330.3201065063477,1275.8600769042969,1137.980079650879,1085.340072631836,1106.8200721740723,Group: B,Group: C,Group: B vs Group: C,4,4,Blank_Blank_Blank
[TG(44:4)]_FA18:3,TAG,1167.4000816345215,1206.4200859069824,1174.8000793457031,1250.6200790405273,1211.2200889587402,1220.5200843811035,1186.4600791931152,1201.1200714111328,1206.560073852539,Group: B,Group: C,Group: B vs Group: C,4,4,Blank_Blank_Blank
[TG(44:4)]_FA20:4,TAG,1392.220115661621,1277.5800743103027,1348.0800857543945,1271.5201034545898,1284.240089416504,1341.2200927734375,1270.9800910949707,1287.2400932312012,1265.0600967407227,Group: B,Group: C,Group: B vs Group: C,4,4,Blank_Blank_Blank
[TG(44:5)]_FA14:0,TAG,992.2200698852539,986.5400619506836,969.6000633239746,1080.8200721740723,1012.1000709533691,1003.1000785827637,985.9000701904297,1002.9000778198242,971.1200714111328,Group: B,Group: C,Group: B vs Group: C,4,4,Blank_Blank_Blank
[TG(44:5)]_FA16:0,TAG,1031.12007522583,1017.6000709533691,1122.8200798034668,1045.4400634765625,1266.7600898742676,960.7200622558594,1062.2400741577148,1074.1000709533691,1050.04008102417,Group: B,Group: C,Group: B vs Group: C,4,4,Blank_Blank_Blank
[TG(44:5)]_FA16:1,TAG,1062.3800773620605,1120.1000862121582,1111.6000709533691,1095.3400688171387,1050.3600730895996,1052.0600776672363,1058.7600784301758,1133.3800659179688,1048.3200645446777,Group: B,Group: C,Group: B vs Group: C,4,4,Blank_Blank_Blank
[TG(44:5)]_FA18:0,TAG,969.820068359375,968.620059967041,997.2400665283203,967.7800750732422,968.0200653076172,1112.400074005127,980.0800590515137,989.440071105957,1020.3400650024414,Group: B,Group: C,Group: B vs Group: C,4,4,Blank_Blank_Blank
[TG(44:5)]_FA18:1,TAG,1105.0200691223145,1150.2400856018066,1125.3800811767578,1097.4200859069824,1066.3600730895996,1047.920066833496,1073.500072479248,1048.880069732666,1124.880069732666,Group: B,Group: C,Group: B vs Group: C,4,4,Blank_Blank_Blank
[TG(44:5)]_FA18:2,TAG,1133.6800727844238,1125.9800720214844,1277.1600875854492,1091.8000793457031,1267.0600929260254,1360.6601104736328,1159.0400886535645,1118.1600761413574,1142.2000846862793,Group: B,Group: C,Group: B vs Group: C,4,4,Blank_Blank_Blank
[TG(44:5)]_FA18:3,TAG,1278.64009475708,1220.9200897216797,1239.9400901794434,1248.7000885009766,1225.9600830078125,1206.440086364746,1172.1200714111328,1171.4200820922852,1172.9400749206543,Group: B,Group: C,Group: B vs Group: C,4,4,Blank_Blank_Blank
[TG(44:5)]_FA20:4,TAG,1421.2000999450684,1308.9800987243652,1320.4600944519043,1247.3800888061523,1307.1400871276855,1343.4800987243652,1272.200096130371,1295.5200996398926,1308.2200889587402,Group: B,Group: C,Group: B vs Group: C,4,4,Blank_Blank_Blank
[TG(44:5)]_FA22:5,TAG,1378.5801010131836,1483.3801002502441,1440.5000953674316,1372.9401054382324,1375.5000953674316,1421.9401054382324,1394.1201095581055,1470.3200950622559,1394.6600952148438,Group: B,Group: C,Group: B vs Group: C,4,4,Blank_Blank_Blank
[TG(45:0)]_FA14:0,TAG,3166.960220336914,2907.480197906494,2281.8601570129395,3082.040225982666,2263.9801635742188,1836.8601264953613,2454.1601638793945,1469.16011428833,2348.1001739501953,Group: B,Group: C,Group: B vs Group: C,4,4,Blank_Blank_Blank
[TG(45:0)]_FA16:0,TAG,1531.18013381958,1174.980079650879,3245.980194091797,1282.10009765625,2622.480197906494,1291.3400840759277,1446.0400924682617,1187.8200912475586,1338.9200859069824,Group: B,Group: C,Group: B vs Group: C,4,4,Blank_Blank_Blank
[TG(45:0)]_FA18:0,TAG,988.9200630187988,1034.580078125,1022.4200706481934,969.4200706481934,1062.8800735473633,1071.5000686645508,1032.8200759887695,1028.840087890625,1006.2600708007812,Group: B,Group: C,Group: B vs Group: C,4,4,Blank_Blank_Blank
[TG(45:1)]_FA14:0,TAG,1327.6200675964355,1314.9801063537598,1217.0400848388672,1512.9001159667969,1266.6600914001465,1140.9800834655762,1307.6200866699219,1113.1600799560547,1214.5800857543945,Group: B,Group: C,Group: B vs Group: C,4,4,Blank_Blank_Blank
[TG(45:1)]_FA16:0,TAG,1041.2400703430176,1058.3400802612305,1532.5001068115234,1272.9200897216797,1304.800090789795,1104.780071258545,1029.140079498291,1076.8000679016113,1114.3600692749023,Group: B,Group: C,Group: B vs Group: C,4,4,Blank_Blank_Blank
[TG(45:1)]_FA16:1,TAG,1589.400104522705,1378.0801010131836,1179.1600761413574,1613.5401000976562,1085.3000679016113,1333.6000747680664,1347.660099029541,1415.9000930786133,1532.700107574463,Group: B,Group: C,Group: B vs Group: C,4,4,Blank_Blank_Blank
[TG(45:1)]_FA18:0,TAG,970.0800666809082,1003.6200714111328,969.6200637817383,980.880069732666,994.3600769042969,969.7800674438477,1009.9800758361816,1016.5400810241699,1030.3000717163086,Group: B,Group: C,Group: B vs Group: C,4,4,Blank_Blank_Blank
[TG(45:1)]_FA18:1,TAG,1203.3800811767578,1117.460090637207,1153.400089263916,1139.4400825500488,1245.4400901794434,1047.060073852539,1089.8600807189941,1104.4000778198242,1123.8400917053223,Group: B,Group: C,Group: B vs Group: C,4,4,Blank_Blank_Blank
[TG(45:2)]_FA14:0,TAG,1015.2000770568848,1045.4000778198242,1079.740077972412,1051.8200721740723,1176.0200805664062,973.6600685119629,1024.280071258545,992.4000663757324,1007.7600784301758,Group: B,Group: C,Group: B vs Group: C,4,4,Blank_Blank_Blank
[TG(45:2)]_FA16:0,TAG,965.7400703430176,1019.9600639343262,1200.9000854492188,1035.4600715637207,1007.5600738525391,972.9400749206543,978.5400657653809,968.4800682067871,999.6800765991211,Group: B,Group: C,Group: B vs Group: C,4,4,Blank_Blank_Blank
[TG(45:2)]_FA16:1,TAG,1272.1400871276855,1257.2800827026367,1217.3200874328613,1223.2600784301758,1071.0200691223145,1217.60009765625,1100.3400840759277,1204.4200744628906,1283.6000785827637,Group: B,Group: C,Group: B vs Group: C,4,4,Blank_Blank_Blank
[TG(45:2)]_FA18:0,TAG,969.7200660705566,984.1400756835938,970.440071105957,1027.4400634765625,968.0800704956055,969.320068359375,982.2600593566895,973.5200653076172,999.6000671386719,Group: B,Group: C,Group: B vs Group: C,4,4,Blank_Blank_Blank
[TG(45:2)]_FA18:1,TAG,1121.2200813293457,1055.8800811767578,1169.3800888061523,1074.2000732421875,1057.9000663757324,1046.8600769042969,1048.980068206787,1049.9200706481934,1132.3600883483887,Group: B,Group: C,Group: B vs Group: C,4,4,Blank_Blank_Blank
[TG(45:2)]_FA18:2,TAG,1087.6600723266602,1118.6600723266602,1455.5600776672363,1083.3400688171387,1175.9000816345215,1171.400074005127,1119.900074005127,1085.5800743103027,1135.700080871582,Group: B,Group: C,Group: B vs Group: C,4,4,Blank_Blank_Blank
[TG(45:3)]_FA14:0,TAG,987.8000679016113,992.880069732666,1019.5600700378418,1000.3400688171387,996.7200698852539,970.6000671386719,994.1600685119629,987.8000755310059,1023.200065612793,Group: B,Group: C,Group: B vs Group: C,4,4,Blank_Blank_Blank
[TG(45:3)]_FA16:0,TAG,1052.0600776672363,1016.3800659179688,1096.600082397461,1064.8000679016113,1152.6000900268555,1042.5400657653809,982.9800567626953,1041.9000701904297,969.1600723266602,Group: B,Group: C,Group: B vs Group: C,4,4,Blank_Blank_Blank
[TG(45:3)]_FA16:1,TAG,1129.0400695800781,1085.1800727844238,1207.4400825500488,1074.5000801086426,1081.360065460205,1057.0400772094727,1052.4200744628906,1085.0400772094727,1093.3000679016113,Group: B,Group: C,Group: B vs Group: C,4,4,Blank_Blank_Blank
[TG(45:3)]_FA18:0,TAG,970.0800666809082,985.5000648498535,995.9000663757324,992.0600700378418,968.1200675964355,1031.6800651550293,968.9000701904297,972.4800682067871,1012.0400695800781,Group: B,Group: C,Group: B vs Group: C,4,4,Blank_Blank_Blank
[TG(45:3)]_FA18:1,TAG,1222.6600952148438,1146.2000885009766,1185.0000953674316,1075.6000747680664,1155.880069732666,1182.6000862121582,1303.5800857543945,1049.8800659179688,1256.4200897216797,Group: B,Group: C,Group: B vs Group: C,4,4,Blank_Blank_Blank
[TG(45:3)]_FA18:2,TAG,1086.2400817871094,1086.9200744628906,1211.9600830078125,1203.8600807189941,1178.6200828552246,1304.1200942993164,1153.820083618164,1146.9800872802734,1151.0000839233398,Group: B,Group: C,Group: B vs Group: C,4,4,Blank_Blank_Blank
[TG(45:3)]_FA18:3,TAG,1167.660083770752,1194.1000747680664,1216.0200843811035,1279.400089263916,1217.400089263916,1167.8200798034668,1209.2400817871094,1172.1600799560547,1172.400074005127,Group: B,Group: C,Group: B vs Group: C,4,4,Blank_Blank_Blank
[TG(45:4)]_FA14:0,TAG,999.6200790405273,970.6800651550293,970.0000610351562,1017.940071105957,1016.200065612793,976.6200637817383,1006.1200637817383,973.1200675964355,995.5600700378418,Group: B,Group: C,Group: B vs Group: C,4,4,Blank_Blank_Blank
[TG(45:4)]_FA16:0,TAG,966.0000648498535,964.3600730895996,990.3200759887695,963.5200653076172,1008.1000709533691,960.7600631713867,962.2000617980957,961.9600677490234,969.5800628662109,Group: B,Group: C,Group: B vs Group: C,4,4,Blank_Blank_Blank
[TG(45:4)]_FA16:1,TAG,1117.3800811767578,1128.0600776672363,1470.2201042175293,1096.3200798034668,1091.080078125,1146.6200828552246,1067.1600761413574,1162.3400764465332,1097.3800773620605,Group: B,Group: C,Group: B vs Group: C,4,4,Blank_Blank_Blank
[TG(45:4)]_FA18:0,TAG,1038.480068206787,968.6600608825684,969.9200630187988,967.3000755310059,970.1400680541992,1013.9200782775879,969.5000762939453,972.9600601196289,1008.5200653076172,Group: B,Group: C,Group: B vs Group: C,4,4,Blank_Blank_Blank
[TG(45:4)]_FA18:1,TAG,1055.3000755310059,1098.900074005127,1091.1400718688965,1123.6200828552246,1098.420078277588,1047.4800720214844,1064.260066986084,1049.5800743103027,1081.6200828552246,Group: B,Group: C,Group: B vs Group: C,4,4,Blank_Blank_Blank
[TG(45:4)]_FA18:2,TAG,1129.0600700378418,1094.6200790405273,1165.3000717163086,1083.4400787353516,1223.6000938415527,1136.8000755310059,1119.5400772094727,1127.480079650879,1124.8400840759277,Group: B,Group: C,Group: B vs Group: C,4,4,Blank_Blank_Blank
[TG(45:4)]_FA18:3,TAG,1197.2000846862793,1203.7200813293457,1285.5600967407227,1167.5000839233398,1229.760082244873,1170.900074005127,1201.6000747680664,1172.1400871276855,1173.1000900268555,Group: B,Group: C,Group: B vs Group: C,4,4,Blank_Blank_Blank
[TG(45:4)]_FA20:4,TAG,1288.9401054382324,1253.2800788879395,1250.7000885009766,1322.8400993347168,1312.0200843811035,1253.3800888061523,1248.3600959777832,1305.3000946044922,1259.5600967407227,Group: B,Group: C,Group: B vs Group: C,4,4,Blank_Blank_Blank
[TG(45:5)]_FA14:0,TAG,1027.240077972412,1051.4200820922852,978.4200630187988,1032.9800720214844,1027.6000633239746,974.3800659179688,988.7800712585449,973.3600769042969,969.9200744628906,Group: B,Group: C,Group: B vs Group: C,4,4,Blank_Blank_Blank
[TG(45:5)]_FA16:0,TAG,990.5200691223145,998.3000602722168,961.400074005127,976.9200630187988,1173.0800743103027,1020.7600593566895,961.0000534057617,965.7600631713867,1020.7800788879395,Group: B,Group: C,Group: B vs Group: C,4,4,Blank_Blank_Blank
[TG(45:5)]_FA16:1,TAG,1056.580078125,1070.5800819396973,1051.6200714111328,1064.5200729370117,1050.3600730895996,1052.0600700378418,1053.0600776672363,1106.3400802612305,1086.400074005127,Group: B,Group: C,Group: B vs Group: C,4,4,Blank_Blank_Blank
[TG(45:5)]_FA18:0,TAG,970.1600761413574,1022.6200828552246,1007.5600662231445,987.2200775146484,1009.7600593566895,969.3600730895996,975.240062713623,972.7600746154785,996.8800735473633,Group: B,Group: C,Group: B vs Group: C,4,4,Blank_Blank_Blank
[TG(45:5)]_FA18:1,TAG,1137.3000755310059,1085.5000801086426,1089.8400802612305,1069.0800666809082,1077.5000610351562,1047.6000709533691,1049.8000717163086,1115.4400787353516,1063.3600845336914,Group: B,Group: C,Group: B vs Group: C,4,4,Blank_Blank_Blank
[TG(45:5)]_FA18:2,TAG,1103.1400756835938,1086.740077972412,1296.240089416504,1240.6000900268555,1281.8400917053223,1210.9400787353516,1182.080093383789,1107.12007522583,1150.000072479248,Group: B,Group: C,Group: B vs Group: C,4,4,Blank_Blank_Blank
[TG(45:5)]_FA18:3,TAG,1202.7400856018066,1214.9600830078125,1301.3400840759277,1322.320083618164,1210.7000846862793,1192.8200721740723,1208.7000770568848,1185.3800811767578,1186.8000831604004,Group: B,Group: C,Group: B vs Group: C,4,4,Blank_Blank_Blank
[TG(45:5)]_FA20:4,TAG,1250.1400718688965,1260.220085144043,1267.1000900268555,1248.1000900268555,1253.4800834655762,1266.840087890625,1248.840087890625,1248.7000846862793,1261.7000846862793,Group: B,Group: C,Group: B vs Group: C,4,4,Blank_Blank_Blank
[TG(45:5)]_FA22:5,TAG,1498.720115661621,1377.9200897216797,1386.800090789795,1373.8400955200195,1413.5401039123535,1455.0001106262207,1405.8200912475586,1380.480094909668,1447.4801025390625,Group: B,Group: C,Group: B vs Group: C,4,4,Blank_Blank_Blank
[TG(46:0)]_FA14:0,TAG,3553.500217437744,4618.660343170166,2712.4202003479004,5039.120407104492,4271.90030670166,2939.620220184326,4557.68030166626,2294.9601554870605,2585.4801864624023,Group: B,Group: C,Group: B vs Group: C,4,4,Blank_Blank_Blank
[TG(46:0)]_FA16:0,TAG,2086.260139465332,1918.6001358032227,5266.6203536987305,2448.880172729492,7895.200637817383,2631.3201904296875,3166.120220184326,2735.1001930236816,2032.70015335083,Group: B,Group: C,Group: B vs Group: C,4,4,Blank_Blank_Blank
[TG(46:0)]_FA18:0,TAG,1030.080062866211,1123.5400695800781,1368.6801071166992,1165.0200881958008,1034.7200813293457,1052.320068359375,1172.8600845336914,1119.5800819396973,1183.500087738037,Group: B,Group: C,Group: B vs Group: C,4,4,Blank_Blank_Blank
[TG(46:1)]_FA14:0,TAG,2740.720226287842,2237.6401443481445,1670.5601196289062,2321.2801666259766,4675.280429840088,1612.8600959777832,3727.400245666504,1840.780143737793,1299.4600791931152,Group: B,Group: C,Group: B vs Group: C,4,4,Blank_Blank_Blank
[TG(46:1)]_FA16:0,TAG,1172.8200912475586,1240.1800918579102,1945.9201393127441,1141.060073852539,4858.500301361084,1448.6800956726074,1656.5401077270508,1430.9201126098633,1263.440086364746,Group: B,Group: C,Group: B vs Group: C,4,4,Blank_Blank_Blank
[TG(46:1)]_FA16:1,TAG,2203.500160217285,1586.480110168457,1522.7001037597656,1640.860107421875,1949.340129852295,1976.560131072998,1979.4601364135742,2109.9801483154297,1823.4601402282715,Group: B,Group: C,Group: B vs Group: C,4,4,Blank_Blank_Blank
[TG(46:1)]_FA18:0,TAG,970.1200637817383,1086.8400802612305,969.5200653076172,1118.5600776672363,967.9800643920898,1006.6400718688965,1000.7400703430176,1010.5800743103027,1000.6000556945801,Group: B,Group: C,Group: B vs Group: C,4,4,Blank_Blank_Blank
[TG(46:1)]_FA18:1,TAG,1410.9401168823242,1083.3200721740723,1127.7400665283203,1092.0600700378418,1716.7201232910156,1168.6800727844238,1159.8800773620605,1072.2200775146484,1376.7401008605957,Group: B,Group: C,Group: B vs Group: C,4,4,Blank_Blank_Blank
[TG(46:2)]_FA14:0,TAG,1337.8600959777832,1670.1001167297363,1246.0801048278809,1178.7400817871094,1481.8401069641113,1422.0201034545898,3236.360195159912,1334.680103302002,1209.5800895690918,Group: B,Group: C,Group: B vs Group: C,4,4,Blank_Blank_Blank
[TG(46:2)]_FA16:0,TAG,975.7400665283203,1208.8200912475586,1272.3200912475586,999.4000663757324,1380.0200729370117,1043.6600723266602,1322.260097503662,1026.4200744628906,968.8600654602051,Group: B,Group: C,Group: B vs Group: C,4,4,Blank_Blank_Blank
[TG(46:2)]_FA16:1,TAG,1763.1201171875,1923.20015335083,1430.3401145935059,1507.4201164245605,1568.960117340088,1698.0601425170898,1613.7601127624512,1908.1801452636719,1635.140121459961,Group: B,Group: C,Group: B vs Group: C,4,4,Blank_Blank_Blank
[TG(46:2)]_FA18:0,TAG,970.0000648498535,1005.8400688171387,969.4400787353516,968.0800590515137,968.4400634765625,1010.3800659179688,978.3600692749023,1023.9400634765625,969.9800758361816,Group: B,Group: C,Group: B vs Group: C,4,4,Blank_Blank_Blank
[TG(46:2)]_FA18:1,TAG,1551.9001083374023,1167.8600807189941,1357.0200843811035,1169.5600700378418,1301.2400856018066,1129.2400817871094,1097.840072631836,1175.1200714111328,1199.3000793457031,Group: B,Group: C,Group: B vs Group: C,4,4,Blank_Blank_Blank
[TG(46:2)]_FA18:2,TAG,1160.8000717163086,1140.9200897216797,1296.9800872802734,1259.3000831604004,1843.0801124572754,1669.680118560791,1187.0200881958008,1192.0200843811035,1116.9400749206543,Group: B,Group: C,Group: B vs Group: C,4,4,Blank_Blank_Blank
[TG(46:3)]_FA14:0,TAG,1122.5200729370117,1029.8600578308105,970.6000709533691,1022.5000648498535,984.4600715637207,995.0400733947754,1043.560073852539,1041.7600708007812,993.0000610351562,Group: B,Group: C,Group: B vs Group: C,4,4,Blank_Blank_Blank
[TG(46:3)]_FA16:0,TAG,992.2800712585449,996.6800689697266,996.7400665283203,985.3200721740723,1074.2000846862793,978.7200660705566,1033.0400772094727,1019.9200630187988,968.5000686645508,Group: B,Group: C,Group: B vs Group: C,4,4,Blank_Blank_Blank
[TG(46:3)]_FA16:1,TAG,1159.7400817871094,1149.2000770568848,1114.7200775146484,1282.1600875854492,1079.1600723266602,1215.0400886535645,1316.2000846862793,1154.9000854492188,1312.7600860595703,Group: B,Group: C,Group: B vs Group: C,4,4,Blank_Blank_Blank
[TG(46:3)]_FA18:0,TAG,970.6600646972656,968.6000633239746,969.8600730895996,1098.1600799560547,1037.1200828552246,968.8400764465332,969.8000755310059,973.1800689697266,970.0600700378418,Group: B,Group: C,Group: B vs Group: C,4,4,Blank_Blank_Blank
[TG(46:3)]_FA18:1,TAG,1094.1600761413574,1076.4000701904297,1103.4400825500488,1079.3400764465332,1104.5800819396973,1106.3000755310059,1198.4800834655762,1136.0400886535645,1071.1600723266602,Group: B,Group: C,Group: B vs Group: C,4,4,Blank_Blank_Blank
[TG(46:3)]_FA18:2,TAG,1166.5600814819336,1204.1600875854492,1191.0400733947754,1111.3000679016113,1575.4201049804688,1330.8200798034668,1228.400089263916,1114.020076751709,1130.440071105957,Group: B,Group: C,Group: B vs Group: C,4,4,Blank_Blank_Blank
[TG(46:3)]_FA18:3,TAG,1206.4000816345215,1167.780101776123,1167.940086364746,1258.8401069641113,1240.4200897216797,1292.3201026916504,1189.6000785827637,1186.0400695800781,1171.700080871582,Group: B,Group: C,Group: B vs Group: C,4,4,Blank_Blank_Blank
[TG(46:4)]_FA14:0,TAG,970.9800758361816,1043.520076751709,980.1600646972656,969.9600677490234,970.8200798034668,991.7200660705566,971.4400634765625,974.2200622558594,970.400074005127,Group: B,Group: C,Group: B vs Group: C,4,4,Blank_Blank_Blank
[TG(46:4)]_FA16:0,TAG,1084.080078125,964.7000694274902,1044.0800743103027,963.5800666809082,1042.5800743103027,960.5800666809082,961.2200622558594,993.5800743103027,969.5800819396973,Group: B,Group: C,Group: B vs Group: C,4,4,Blank_Blank_Blank
[TG(46:4)]_FA16:1,TAG,1112.3600845336914,1070.440086364746,1052.0600852966309,1051.1200714111328,1050.220069885254,1053.0000610351562,1052.400074005127,1049.3200721740723,1080.2800674438477,Group: B,Group: C,Group: B vs Group: C,4,4,Blank_Blank_Blank
[TG(46:4)]_FA18:0,TAG,990.5600662231445,984.8400573730469,970.3400726318359,1023.4800758361816,968.0400657653809,969.3600578308105,1003.3200759887695,992.020076751709,1024.980068206787,Group: B,Group: C,Group: B vs Group: C,4,4,Blank_Blank_Blank
[TG(46:4)]_FA18:1,TAG,1183.7200736999512,1058.2600746154785,1059.180076599121,1054.9600830078125,1113.900074005127,1080.9600830078125,1100.4800834655762,1106.140079498291,1086.3200798034668,Group: B,Group: C,Group: B vs Group: C,4,4,Blank_Blank_Blank
[TG(46:4)]_FA18:2,TAG,1206.9600791931152,1237.220085144043,1347.7400970458984,1083.7000732421875,1431.2000923156738,1365.8000984191895,1171.7000846862793,1252.9400901794434,1174.6200942993164,Group: B,Group: C,Group: B vs Group: C,4,4,Blank_Blank_Blank
[TG(46:4)]_FA18:3,TAG,1294.4400901794434,1201.1600799560547,1183.1600761413574,1166.8600845336914,1238.780086517334,1191.8200798034668,1174.54008102417,1172.6000747680664,1201.7800750732422,Group: B,Group: C,Group: B vs Group: C,4,4,Blank_Blank_Blank
[TG(46:4)]_FA20:4,TAG,1278.6400909423828,1295.7400856018066,1411.0201034545898,1284.3801002502441,1371.4600868225098,1285.3200912475586,1354.460090637207,1248.9400939941406,1278.6400871276855,Group: B,Group: C,Group: B vs Group: C,4,4,Blank_Blank_Blank
[TG(46:5)]_FA14:0,TAG,972.740062713623,970.9200706481934,1015.1200675964355,970.2200660705566,1019.0000762939453,970.0800666809082,971.3800735473633,973.9200668334961,976.6600761413574,Group: B,Group: C,Group: B vs Group: C,4,4,Blank_Blank_Blank
[TG(46:5)]_FA16:0,TAG,966.5000686645508,1007.7200698852539,1019.6000671386719,994.2200736999512,1062.9000663757324,960.240062713623,965.56005859375,987.4600677490234,969.2600708007812,Group: B,Group: C,Group: B vs Group: C,4,4,Blank_Blank_Blank
[TG(46:5)]_FA16:1,TAG,1051.0200653076172,1072.380069732666,1056.7200660705566,1082.5400772094727,1049.9400787353516,1052.3000679016113,1052.3600730895996,1049.9400749206543,1062.080062866211,Group: B,Group: C,Group: B vs Group: C,4,4,Blank_Blank_Blank
[TG(46:5)]_FA18:0,TAG,970.2800674438477,1009.0200653076172,1050.340087890625,1031.8000793457031,967.7200736999512,1017.5800743103027,969.6000671386719,995.0600700378418,969.4000625610352,Group: B,Group: C,Group: B vs Group: C,4,4,Blank_Blank_Blank
[TG(46:5)]_FA18:1,TAG,1125.2400741577148,1055.400074005127,1106.2800750732422,1072.6400756835938,1093.6600723266602,1055.1000671386719,1048.840072631836,1116.4800872802734,1060.0800704956055,Group: B,Group: C,Group: B vs Group: C,4,4,Blank_Blank_Blank
[TG(46:5)]_FA18:2,TAG,1252.6600914001465,1206.000087738037,1614.5401077270508,1119.0800819396973,1429.5800971984863,1355.4200973510742,1098.0200805664062,1133.700080871582,1097.140079498291,Group: B,Group: C,Group: B vs Group: C,4,4,Blank_Blank_Blank
[TG(46:5)]_FA18:3,TAG,1167.820083618164,1255.8001022338867,1237.4600830078125,1167.060073852539,1272.680088043213,1168.3200798034668,1172.280071258545,1171.9800872802734,1173.6400833129883,Group: B,Group: C,Group: B vs Group: C,4,4,Blank_Blank_Blank
[TG(46:5)]_FA20:4,TAG,1289.3000946044922,1330.9600868225098,1303.6600914001465,1263.2000846862793,1330.540096282959,1252.8600883483887,1265.1000862121582,1248.500099182129,1247.8400840759277,Group: B,Group: C,Group: B vs Group: C,4,4,Blank_Blank_Blank
[TG(46:5)]_FA22:5,TAG,1479.3001098632812,1455.5400886535645,1431.6801071166992,1506.8401145935059,1377.1200904846191,1457.7001037597656,1377.3201026916504,1441.0200881958008,1434.2601127624512,Group: B,Group: C,Group: B vs Group: C,4,4,Blank_Blank_Blank
[TG(46:6)]_FA14:0,TAG,1192.8200874328613,1009.9000663757324,1021.3400764465332,1046.7800674438477,1058.7200736999512,1087.9400787353516,1095.7000846862793,1160.6800804138184,1113.8200645446777,Group: B,Group: C,Group: B vs Group: C,4,4,Blank_Blank_Blank
[TG(46:6)]_FA16:0,TAG,1202.6800918579102,1091.1200866699219,1624.8001289367676,1238.1000938415527,1699.66011428833,1169.6200828552246,1405.5001106262207,1169.12007522583,1036.5200805664062,Group: B,Group: C,Group: B vs Group: C,4,4,Blank_Blank_Blank
[TG(46:6)]_FA16:1,TAG,1069.6200828552246,1055.6600723266602,1052.0200843811035,1050.200080871582,1050.820068359375,1080.780071258545,1053.0400772094727,1120.0000839233398,1075.0400772094727,Group: B,Group: C,Group: B vs Group: C,4,4,Blank_Blank_Blank
[TG(46:6)]_FA18:0,TAG,1127.9400825500488,1338.260097503662,1485.4401054382324,1269.1200866699219,1076.2200736999512,1379.3400955200195,1478.200107574463,1194.2200927734375,1432.7001037597656,Group: B,Group: C,Group: B vs Group: C,4,4,Blank_Blank_Blank
[TG(46:6)]_FA18:1,TAG,1073.8400764465332,1086.3800811767578,1120.220085144043,1061.0400772094727,1047.3800735473633,1083.1400756835938,1064.8600769042969,1061.9000854492188,1090.8000793457031,Group: B,Group: C,Group: B vs Group: C,4,4,Blank_Blank_Blank
[TG(46:6)]_FA18:2,TAG,1251.0400886535645,1135.2000885009766,1298.6400871276855,1202.7800827026367,1435.5600967407227,1220.9400939941406,1154.5200691223145,1217.5000839233398,1326.900089263916,Group: B,Group: C,Group: B vs Group: C,4,4,Blank_Blank_Blank
[TG(46:6)]_FA18:3,TAG,1197.0800857543945,1220.8800964355469,1168.1400833129883,1204.3000869750977,1169.440071105957,1183.3200874328613,1202.7000885009766,1193.0400772094727,1171.3800773620605,Group: B,Group: C,Group: B vs Group: C,4,4,Blank_Blank_Blank
[TG(46:6)]_FA20:4,TAG,1260.1400909423828,1289.460090637207,1331.2400970458984,1317.54008102417,1318.2200927734375,1257.7600860595703,1285.780086517334,1248.9400901794434,1247.7800827026367,Group: B,Group: C,Group: B vs Group: C,4,4,Blank_Blank_Blank
[TG(46:6)]_FA22:5,TAG,1377.3000869750977,1376.9600944519043,1377.3201026916504,1511.1001052856445,1438.3801002502441,1410.4800987243652,1395.0600929260254,1403.6800842285156,1481.7601013183594,Group: B,Group: C,Group: B vs Group: C,4,4,Blank_Blank_Blank
[TG(46:6)]_FA22:6,TAG,1570.860122680664,1617.2201232910156,1612.6201095581055,1622.3201141357422,1545.780101776123,1526.1401100158691,1548.5801124572754,1566.6401062011719,1540.960117340088,Group: B,Group: C,Group: B vs Group: C,4,4,Blank_Blank_Blank
[TG(47:2)]_FA14:0,TAG,1059.5200729370117,1105.740077972412,1023.7200698852539,1290.4000968933105,1284.6200904846191,1091.920078277588,1183.740089416504,1210.6400833129883,1094.7600860595703,Group: B,Group: C,Group: B vs Group: C,4,4,Blank_Blank_Blank
[TG(47:2)]_FA16:0,TAG,1040.5600776672363,1053.160083770752,1405.8601036071777,1047.2800750732422,1177.4600791931152,1124.4600791931152,1026.060073852539,1044.8800811767578,969.0400657653809,Group: B,Group: C,Group: B vs Group: C,4,4,Blank_Blank_Blank
[TG(47:2)]_FA16:1,TAG,1671.0201263427734,1686.2201309204102,1327.740104675293,1607.1001243591309,1163.0600852966309,1672.2801208496094,1436.3200988769531,1733.18013381958,1840.58012008667,Group: B,Group: C,Group: B vs Group: C,4,4,Blank_Blank_Blank
[TG(47:2)]_FA18:0,TAG,970.0400695800781,969.6000671386719,970.4000663757324,1032.4400749206543,1035.0000762939453,970.3400650024414,969.5800666809082,972.9600715637207,968.820068359375,Group: B,Group: C,Group: B vs Group: C,4,4,Blank_Blank_Blank
[TG(47:2)]_FA18:1,TAG,1203.0600814819336,1156.0200843811035,1178.4400749206543,1144.920078277588,1147.4600830078125,1160.0400886535645,1119.3400688171387,1061.7800750732422,1307.0200805664062,Group: B,Group: C,Group: B vs Group: C,4,4,Blank_Blank_Blank
[TG(47:2)]_FA18:2,TAG,1122.9400825500488,1128.1200866699219,1255.800090789795,1171.7200813293457,1197.820083618164,1364.680088043213,1250.5600891113281,1085.6800842285156,1181.700080871582,Group: B,Group: C,Group: B vs Group: C,4,4,Blank_Blank_Blank
[TG(47:3)]_FA14:0,TAG,1001.6600723266602,998.4200782775879,1029.780086517334,1001.4000663757324,1041.0400733947754,1060.1800689697266,1008.520076751709,973.0400695800781,1013.7400665283203,Group: B,Group: C,Group: B vs Group: C,4,4,Blank_Blank_Blank
[TG(47:3)]_FA16:0,TAG,1038.8800735473633,964.2200622558594,1010.1600570678711,964.640064239502,986.2000694274902,961.2400665283203,977.0000686645508,962.4800682067871,1019.880069732666,Group: B,Group: C,Group: B vs Group: C,4,4,Blank_Blank_Blank
[TG(47:3)]_FA16:1,TAG,1223.260082244873,1159.980079650879,1115.9200859069824,1195.2000846862793,1050.2200813293457,1265.54008102417,1312.3400955200195,1239.4400787353516,1225.7600860595703,Group: B,Group: C,Group: B vs Group: C,4,4,Blank_Blank_Blank
[TG(47:3)]_FA18:0,TAG,969.9400596618652,968.4200668334961,1027.4200744628906,989.8600730895996,968.4800682067871,984.2600708007812,984.1200714111328,973.7800750732422,997.4200630187988,Group: B,Group: C,Group: B vs Group: C,4,4,Blank_Blank_Blank
[TG(47:3)]_FA18:1,TAG,1095.3200759887695,1182.2000885009766,1078.6200790405273,1111.1200828552246,1061.6800804138184,1063.1000709533691,1147.7000846862793,1082.7000770568848,1136.2200736999512,Group: B,Group: C,Group: B vs Group: C,4,4,Blank_Blank_Blank
[TG(47:3)]_FA18:2,TAG,1096.4600791931152,1136.2200775146484,1256.8401069641113,1123.0000953674316,1525.2601127624512,1390.3201026916504,1179.5400886535645,1176.3800811767578,1149.7200813293457,Group: B,Group: C,Group: B vs Group: C,4,4,Blank_Blank_Blank
[TG(47:3)]_FA18:3,TAG,1169.8200874328613,1256.0200881958008,1190.100082397461,1222.0600967407227,1185.400089263916,1167.3000831604004,1172.54008102417,1172.260082244873,1209.6000785827637,Group: B,Group: C,Group: B vs Group: C,4,4,Blank_Blank_Blank
[TG(47:4)]_FA14:0,TAG,983.6400756835938,1005.7400703430176,971.1200752258301,1003.6600646972656,971.4400596618652,971.0800666809082,1017.8400726318359,973.6600761413574,975.5800743103027,Group: B,Group: C,Group: B vs Group: C,4,4,Blank_Blank_Blank
[TG(47:4)]_FA16:0,TAG,1024.1400756835938,963.9000587463379,1025.800064086914,964.7400703430176,1073.1600761413574,961.6000595092773,1020.760066986084,1002.4000778198242,968.2800636291504,Group: B,Group: C,Group: B vs Group: C,4,4,Blank_Blank_Blank
[TG(47:4)]_FA16:1,TAG,1058.0200653076172,1062.5600700378418,1123.7200775146484,1076.9600677490234,1086.0600814819336,1052.440071105957,1052.1600723266602,1049.4600715637207,1047.62007522583,Group: B,Group: C,Group: B vs Group: C,4,4,Blank_Blank_Blank
[TG(47:4)]_FA18:0,TAG,969.3400688171387,979.0600700378418,970.6000671386719,967.3600654602051,969.1400680541992,995.0600738525391,970.2400741577148,972.9800682067871,970.0800628662109,Group: B,Group: C,Group: B vs Group: C,4,4,Blank_Blank_Blank
[TG(47:4)]_FA18:1,TAG,1080.900074005127,1122.9400825500488,1147.7000694274902,1054.1400680541992,1162.4400901794434,1064.1000785827637,1049.5400772094727,1074.4200744628906,1064.3400764465332,Group: B,Group: C,Group: B vs Group: C,4,4,Blank_Blank_Blank
[TG(47:4)]_FA18:2,TAG,1131.2600746154785,1086.9400749206543,1322.7400932312012,1106.7400817871094,1363.4600944519043,1213.0800857543945,1191.9000701904297,1128.000087738037,1179.5000762939453,Group: B,Group: C,Group: B vs Group: C,4,4,Blank_Blank_Blank
[TG(47:4)]_FA18:3,TAG,1192.7600746154785,1259.4600830078125,1167.3400764465332,1252.5400924682617,1216.080093383789,1255.5000953674316,1172.6000785827637,1260.6000671386719,1220.8800773620605,Group: B,Group: C,Group: B vs Group: C,4,4,Blank_Blank_Blank
[TG(47:4)]_FA20:4,TAG,1249.1000862121582,1260.500087738037,1304.6000900268555,1300.6600914001465,1362.7400932312012,1252.6800918579102,1387.6601028442383,1299.2800903320312,1256.0600929260254,Group: B,Group: C,Group: B vs Group: C,4,4,Blank_Blank_Blank
[TG(47:5)]_FA14:0,TAG,975.9800758361816,1054.62007522583,1059.3600616455078,969.5600738525391,1013.1400756835938,1030.3600730895996,975.8400650024414,1015.5600738525391,993.5600776672363,Group: B,Group: C,Group: B vs Group: C,4,4,Blank_Blank_Blank
[TG(47:5)]_FA16:0,TAG,986.7200622558594,964.7800598144531,1170.52006149292,1045.160083770752,1079.0200691223145,960.2800598144531,960.180061340332,986.7000694274902,996.240062713623,Group: B,Group: C,Group: B vs Group: C,4,4,Blank_Blank_Blank
[TG(47:5)]_FA16:1,TAG,1051.4800834655762,1055.2000770568848,1067.6600761413574,1049.320068359375,1050.5200729370117,1070.7400741577148,1093.1800727844238,1049.440071105957,1047.4800758361816,Group: B,Group: C,Group: B vs Group: C,4,4,Blank_Blank_Blank
[TG(47:5)]_FA18:0,TAG,969.7200660705566,995.5400772094727,1017.4000625610352,1007.900074005127,967.3600730895996,969.8600654602051,1009.3800621032715,1014.5600776672363,969.8000679016113,Group: B,Group: C,Group: B vs Group: C,4,4,Blank_Blank_Blank
[TG(47:5)]_FA18:1,TAG,1072.220069885254,1055.6600875854492,1052.9000701904297,1054.1000747680664,1070.080078125,1062.2600708007812,1049.5800704956055,1049.8000793457031,1073.0800743103027,Group: B,Group: C,Group: B vs Group: C,4,4,Blank_Blank_Blank
[TG(47:5)]_FA18:2,TAG,1157.440086364746,1131.3000755310059,1169.9800834655762,1104.2200889587402,1098.3000602722168,1205.4000854492188,1148.6200790405273,1150.0200729370117,1087.9600677490234,Group: B,Group: C,Group: B vs Group: C,4,4,Blank_Blank_Blank
[TG(47:5)]_FA18:3,TAG,1199.5800895690918,1180.12007522583,1193.4200897216797,1195.6200942993164,1217.8000793457031,1168.9600830078125,1173.640079498291,1191.1000747680664,1171.5000648498535,Group: B,Group: C,Group: B vs Group: C,4,4,Blank_Blank_Blank
[TG(47:5)]_FA20:4,TAG,1249.480079650879,1253.2600746154785,1251.14009475708,1344.3200988769531,1260.2600860595703,1258.5000801086426,1248.240077972412,1249.3600883483887,1348.7000885009766,Group: B,Group: C,Group: B vs Group: C,4,4,Blank_Blank_Blank
[TG(47:5)]_FA22:5,TAG,1403.8000984191895,1425.3000984191895,1442.3801002502441,1423.120101928711,1390.1800956726074,1375.14009475708,1376.0801010131836,1451.3800888061523,1390.1200981140137,Group: B,Group: C,Group: B vs Group: C,4,4,Blank_Blank_Blank
[TG(47:6)]_FA14:0,TAG,1301.6800956726074,1234.8000831604004,1137.6400833129883,1247.4200820922852,1256.700080871582,1040.8000755310059,1061.6400833129883,999.7600708007812,1162.2000732421875,Group: B,Group: C,Group: B vs Group: C,4,4,Blank_Blank_Blank
[TG(47:6)]_FA16:0,TAG,1150.1200828552246,1133.700080871582,1585.840103149414,1033.6400718688965,2003.160140991211,1045.340072631836,1159.0000839233398,1114.7600784301758,1021.1800727844238,Group: B,Group: C,Group: B vs Group: C,4,4,Blank_Blank_Blank
[TG(47:6)]_FA16:1,TAG,1054.9000663757324,1071.2000770568848,1078.940071105957,1050.4200706481934,1050.7000732421875,1052.320068359375,1053.5400772094727,1050.0800704956055,1046.8000679016113,Group: B,Group: C,Group: B vs Group: C,4,4,Blank_Blank_Blank
[TG(47:6)]_FA18:0,TAG,969.8600692749023,1036.440071105957,1025.7400741577148,1144.4000816345215,1001.7600708007812,1124.180088043213,1054.2400741577148,1067.4400787353516,1028.6800727844238,Group: B,Group: C,Group: B vs Group: C,4,4,Blank_Blank_Blank
[TG(47:6)]_FA18:1,TAG,1141.1200790405273,1054.9400749206543,1142.4400787353516,1095.2200775146484,1070.520076751709,1054.1200714111328,1069.220069885254,1119.2400817871094,1053.6000747680664,Group: B,Group: C,Group: B vs Group: C,4,4,Blank_Blank_Blank
[TG(47:6)]_FA18:2,TAG,1086.7800750732422,1086.900074005127,1125.6000862121582,1119.1000709533691,1148.6000862121582,1129.2400703430176,1102.960075378418,1141.9600830078125,1087.3200759887695,Group: B,Group: C,Group: B vs Group: C,4,4,Blank_Blank_Blank
[TG(47:6)]_FA18:3,TAG,1167.8200798034668,1237.6800918579102,1215.8400840759277,1169.4400825500488,1211.8200912475586,1170.260082244873,1231.6000862121582,1172.7000770568848,1177.1200866699219,Group: B,Group: C,Group: B vs Group: C,4,4,Blank_Blank_Blank
[TG(47:6)]_FA20:4,TAG,1296.7200889587402,1252.7600936889648,1251.2600936889648,1248.1000938415527,1258.080093383789,1289.0000839233398,1249.1600952148438,1249.2000923156738,1293.6600875854492,Group: B,Group: C,Group: B vs Group: C,4,4,Blank_Blank_Blank
[TG(47:6)]_FA22:5,TAG,1399.2400970458984,1378.0200996398926,1378.0801086425781,1378.0000953674316,1389.1800956726074,1401.2000923156738,1377.4200859069824,1466.8600959777832,1443.2400932312012,Group: B,Group: C,Group: B vs Group: C,4,4,Blank_Blank_Blank
[TG(47:6)]_FA22:6,TAG,1614.7801132202148,1632.260124206543,1597.5801162719727,1499.6001014709473,1508.960105895996,1494.2801055908203,1501.060115814209,1498.6601066589355,1588.1001091003418,Group: B,Group: C,Group: B vs Group: C,4,4,Blank_Blank_Blank
[TG(48:2)]_FA14:0,TAG,5626.760440826416,8526.600814819336,1960.9801483154297,2453.900188446045,16564.30103302002,4542.800231933594,28946.702110290527,2634.2401428222656,1224.720100402832,Group: B,Group: C,Group: B vs Group: C,4,4,Blank_Blank_Blank
[TG(48:2)]_FA16:0,TAG,2149.340133666992,2881.1201972961426,2925.100238800049,1673.4401168823242,21971.90185546875,5554.080337524414,8998.440696716309,3754.080333709717,1111.0400733947754,Group: B,Group: C,Group: B vs Group: C,4,4,Blank_Blank_Blank
[TG(48:2)]_FA16:1,TAG,9571.940757751465,5847.6804275512695,4266.720317840576,3364.9002113342285,6745.700630187988,8165.56067276001,20720.92176437378,10075.080837249756,2193.240165710449,Group: B,Group: C,Group: B vs Group: C,4,4,Blank_Blank_Blank
[TG(48:2)]_FA18:0,TAG,969.2600708007812,988.960075378418,1045.3800811767578,1002.1400680541992,968.3400688171387,992.2400703430176,988.9800643920898,979.9400825500488,999.1200714111328,Group: B,Group: C,Group: B vs Group: C,4,4,Blank_Blank_Blank
[TG(48:2)]_FA18:1,TAG,2170.440143585205,1226.8000869750977,1987.1001472473145,1434.3200912475586,2597.2202072143555,2194.820156097412,2089.460147857666,1893.6001319885254,1368.4601097106934,Group: B,Group: C,Group: B vs Group: C,4,4,Blank_Blank_Blank
[TG(48:2)]_FA18:2,TAG,1524.6001052856445,2097.980110168457,1998.460147857666,1699.7801208496094,10216.900550842285,6851.480487823486,4568.780372619629,1936.460163116455,1327.540096282959,Group: B,Group: C,Group: B vs Group: C,4,4,Blank_Blank_Blank
[TG(48:3)]_FA14:0,TAG,2150.1601219177246,2687.0000953674316,1386.3600959777832,1249.480079650879,1969.160140991211,1720.6401329040527,8602.480575561523,1515.980110168457,970.9200592041016,Group: B,Group: C,Group: B vs Group: C,4,4,Blank_Blank_Blank
[TG(48:3)]_FA16:0,TAG,1113.6800842285156,1221.9600868225098,1103.3800773620605,964.580078125,2156.3601417541504,1169.5600776672363,1585.520107269287,1168.700080871582,969.0000610351562,Group: B,Group: C,Group: B vs Group: C,4,4,Blank_Blank_Blank
[TG(48:3)]_FA16:1,TAG,3489.320297241211,1965.220142364502,1486.9201049804688,2107.720169067383,3367.6002044677734,2591.9801864624023,7695.520732879639,4443.0402183532715,1453.8200912475586,Group: B,Group: C,Group: B vs Group: C,4,4,Blank_Blank_Blank
[TG(48:3)]_FA18:0,TAG,968.7800712585449,969.7200736999512,970.1800689697266,967.6200675964355,1026.360065460205,994.8200645446777,969.1800765991211,1006.0600700378418,969.6400718688965,Group: B,Group: C,Group: B vs Group: C,4,4,Blank_Blank_Blank
[TG(48:3)]_FA18:1,TAG,1279.8600959777832,1094.2800750732422,1109.140079498291,1195.380084991455,1382.3000831604004,1067.180061340332,1426.160099029541,1300.4800910949707,1191.6000900268555,Group: B,Group: C,Group: B vs Group: C,4,4,Blank_Blank_Blank
[TG(48:3)]_FA18:2,TAG,1196.5800704956055,1341.460090637207,1448.8200874328613,1202.9800910949707,4081.2002449035645,3974.4602279663086,3583.5202445983887,1914.700107574463,1147.1600761413574,Group: B,Group: C,Group: B vs Group: C,4,4,Blank_Blank_Blank
[TG(48:3)]_FA18:3,TAG,1269.1400871276855,1209.9600830078125,1288.0200881958008,1581.060115814209,1794.560115814209,1340.2600898742676,1434.8600997924805,1211.1200714111328,1192.5400772094727,Group: B,Group: C,Group: B vs Group: C,4,4,Blank_Blank_Blank
[TG(48:4)]_FA14:0,TAG,1059.1800842285156,1036.6600646972656,1143.0200881958008,1185.8200874328613,1355.8000946044922,1061.780086517334,1341.0401077270508,1040.8200798034668,971.3000717163086,Group: B,Group: C,Group: B vs Group: C,4,4,Blank_Blank_Blank
[TG(48:4)]_FA16:0,TAG,1013.8600654602051,992.4200553894043,1036.1800689697266,964.2400741577148,1102.0400848388672,994.7600708007812,960.7400665283203,1041.9600715637207,969.3000602722168,Group: B,Group: C,Group: B vs Group: C,4,4,Blank_Blank_Blank
[TG(48:4)]_FA16:1,TAG,1174.520076751709,1171.5200881958008,1154.0400848388672,1052.3000717163086,1370.660099029541,1321.2400970458984,1645.260097503662,1354.940086364746,1121.220085144043,Group: B,Group: C,Group: B vs Group: C,4,4,Blank_Blank_Blank
[TG(48:4)]_FA18:0,TAG,995.940071105957,994.9200820922852,969.3600654602051,967.2400588989258,968.1000633239746,968.4600715637207,993.7200813293457,989.400074005127,970.1200752258301,Group: B,Group: C,Group: B vs Group: C,4,4,Blank_Blank_Blank
[TG(48:4)]_FA18:1,TAG,1072.2000770568848,1055.840072631836,1109.3800811767578,1096.6400718688965,1120.940071105957,1115.0000648498535,1204.100082397461,1097.8000869750977,1107.8800773620605,Group: B,Group: C,Group: B vs Group: C,4,4,Blank_Blank_Blank
[TG(48:4)]_FA18:2,TAG,1156.3600730895996,1100.4800758361816,1332.3000869750977,1366.1400985717773,1580.5401077270508,1676.200107574463,1345.5800819396973,1241.6600761413574,1143.420078277588,Group: B,Group: C,Group: B vs Group: C,4,4,Blank_Blank_Blank
[TG(48:4)]_FA18:3,TAG,1480.7401123046875,1237.0800971984863,1197.2600746154785,1228.100082397461,1393.7401084899902,1210.0400924682617,1264.6200904846191,1236.2000885009766,1171.4200859069824,Group: B,Group: C,Group: B vs Group: C,4,4,Blank_Blank_Blank
[TG(48:4)]_FA20:4,TAG,1290.0200805664062,1284.700096130371,1251.6200981140137,1282.8400993347168,1281.7600898742676,1252.7000732421875,1264.9201011657715,1268.8600959777832,1273.3001022338867,Group: B,Group: C,Group: B vs Group: C,4,4,Blank_Blank_Blank
[TG(48:5)]_FA14:0,TAG,1024.6000709533691,1076.0400733947754,1052.7200813293457,1028.5000686645508,979.820068359375,999.0800628662109,1028.920066833496,973.3400650024414,1010.9400787353516,Group: B,Group: C,Group: B vs Group: C,4,4,Blank_Blank_Blank
[TG(48:5)]_FA16:0,TAG,1001.9800643920898,1016.5000648498535,1070.5800666809082,964.7400588989258,1004.2800674438477,960.180061340332,961.8000640869141,988.8400688171387,980.2800712585449,Group: B,Group: C,Group: B vs Group: C,4,4,Blank_Blank_Blank
[TG(48:5)]_FA16:1,TAG,1050.9000701904297,1063.1000747680664,1052.6400871276855,1049.8200721740723,1051.080078125,1210.7600860595703,1060.2400741577148,1048.9000816345215,1047.0200691223145,Group: B,Group: C,Group: B vs Group: C,4,4,Blank_Blank_Blank
[TG(48:5)]_FA18:0,TAG,969.9600677490234,1016.1400756835938,1033.2400703430176,1006.240062713623,968.4200744628906,969.5800666809082,1090.0800857543945,972.9600677490234,984.5600624084473,Group: B,Group: C,Group: B vs Group: C,4,4,Blank_Blank_Blank
[TG(48:5)]_FA18:1,TAG,1073.8200874328613,1056.2600860595703,1087.54008102417,1054.2600708007812,1100.3600730895996,1052.3400764465332,1103.9800758361816,1114.2200775146484,1152.0000839233398,Group: B,Group: C,Group: B vs Group: C,4,4,Blank_Blank_Blank
[TG(48:5)]_FA18:2,TAG,1086.400074005127,1114.62007522583,1145.2200736999512,1194.7400817871094,1312.9200897216797,1143.1600799560547,1234.440086364746,1138.100082397461,1155.2800788879395,Group: B,Group: C,Group: B vs Group: C,4,4,Blank_Blank_Blank
[TG(48:5)]_FA18:3,TAG,1267.440086364746,1202.8200912475586,1225.560073852539,1213.680088043213,1457.6001052856445,1295.9000968933105,1173.3800659179688,1223.380084991455,1172.4400825500488,Group: B,Group: C,Group: B vs Group: C,4,4,Blank_Blank_Blank
[TG(48:5)]_FA20:4,TAG,1388.9800834655762,1290.260097503662,1256.2400932312012,1262.2800903320312,1313.8600959777832,1253.4600791931152,1286.8200988769531,1309.5200996398926,1246.7600784301758,Group: B,Group: C,Group: B vs Group: C,4,4,Blank_Blank_Blank
[TG(48:5)]_FA22:5,TAG,1503.8601036071777,1537.2601013183594,1423.2800903320312,1466.5601119995117,1374.4400901794434,1387.8601036071777,1396.740104675293,1559.360107421875,1456.680103302002,Group: B,Group: C,Group: B vs Group: C,4,4,Blank_Blank_Blank
[TG(48:6)]_FA14:0,TAG,1209.2400817871094,1114.1600723266602,1059.9800758361816,1167.680088043213,1024.080078125,1171.720085144043,1040.440071105957,994.8000640869141,1016.6200637817383,Group: B,Group: C,Group: B vs Group: C,4,4,Blank_Blank_Blank
[TG(48:6)]_FA16:0,TAG,1100.3200874328613,965.1200675964355,1519.4401092529297,1158.7600860595703,1260.6000862121582,1112.8600730895996,1074.4200706481934,981.0800743103027,1207.1200828552246,Group: B,Group: C,Group: B vs Group: C,4,4,Blank_Blank_Blank
[TG(48:6)]_FA16:1,TAG,1106.6600723266602,1056.080078125,1067.2000732421875,1050.1800727844238,1051.0600700378418,1062.0400733947754,1053.360065460205,1049.8600730895996,1047.6600723266602,Group: B,Group: C,Group: B vs Group: C,4,4,Blank_Blank_Blank
[TG(48:6)]_FA18:0,TAG,1009.5600776672363,1150.3800735473633,1173.5000801086426,1195.6200790405273,1104.900089263916,1184.5400886535645,1181.800090789795,1088.920078277588,1078.7000732421875,Group: B,Group: C,Group: B vs Group: C,4,4,Blank_Blank_Blank
[TG(48:6)]_FA18:1,TAG,1156.580078125,1055.5600700378418,1155.5200729370117,1054.780071258545,1108.680088043213,1062.0200691223145,1147.920078277588,1060.0600700378418,1139.5200805664062,Group: B,Group: C,Group: B vs Group: C,4,4,Blank_Blank_Blank
[TG(48:6)]_FA18:2,TAG,1087.5600776672363,1221.0800857543945,1103.3000755310059,1118.660083770752,1129.240077972412,1087.2200736999512,1104.2600784301758,1085.680076599121,1087.0000686645508,Group: B,Group: C,Group: B vs Group: C,4,4,Blank_Blank_Blank
[TG(48:6)]_FA18:3,TAG,1249.180076599121,1252.200080871582,1167.5400886535645,1170.5000762939453,1169.840072631836,1204.4800872802734,1206.0400848388672,1237.1200942993164,1172.9400787353516,Group: B,Group: C,Group: B vs Group: C,4,4,Blank_Blank_Blank
[TG(48:6)]_FA20:4,TAG,1249.9800834655762,1276.1200866699219,1250.7200927734375,1355.3200988769531,1273.6000747680664,1300.1000900268555,1248.7000923156738,1249.1600761413574,1281.3800926208496,Group: B,Group: C,Group: B vs Group: C,4,4,Blank_Blank_Blank
[TG(48:6)]_FA22:5,TAG,1375.8200988769531,1393.3801040649414,1377.2401084899902,1384.7400932312012,1374.6000900268555,1375.6600914001465,1376.4601097106934,1386.5400924682617,1399.340103149414,Group: B,Group: C,Group: B vs Group: C,4,4,Blank_Blank_Blank
[TG(48:6)]_FA22:6,TAG,1792.5001258850098,1604.1401176452637,1733.1401252746582,1604.7001113891602,1621.2601203918457,1493.5200996398926,1500.1800994873047,1543.3601036071777,1560.180118560791,Group: B,Group: C,Group: B vs Group: C,4,4,Blank_Blank_Blank
"[TG(48:7),TG(47:0)]_FA14:0",TAG,2219.7801361083984,1872.6401405334473,1752.3201484680176,2211.4401779174805,1924.5601425170898,1394.960090637207,1890.5201225280762,1695.140121459961,1628.8001174926758,Group: B,Group: C,Group: B vs Group: C,4,4,Blank_Blank_Blank
"[TG(48:7),TG(47:0)]_FA16:0",TAG,2557.4001960754395,1997.460147857666,4954.240364074707,2024.3001403808594,6626.760482788086,1899.9401168823242,2205.0201263427734,1897.7201232910156,1824.7801399230957,Group: B,Group: C,Group: B vs Group: C,4,4,Blank_Blank_Blank
"[TG(48:7),TG(47:0)]_FA16:1",TAG,1154.200080871582,1074.4400634765625,1051.6600723266602,1141.1600799560547,1050.62007522583,1065.0000762939453,1122.8200798034668,1150.7200813293457,1121.2600746154785,Group: B,Group: C,Group: B vs Group: C,4,4,Blank_Blank_Blank
"[TG(48:7),TG(47:0)]_FA18:0",TAG,1022.0400733947754,1020.320068359375,1092.5200729370117,1057.3200759887695,1058.5800819396973,1091.9800643920898,1095.9200706481934,1125.4200859069824,1083.1000900268555,Group: B,Group: C,Group: B vs Group: C,4,4,Blank_Blank_Blank
"[TG(48:7),TG(47:0)]_FA18:1",TAG,1477.220100402832,1073.3800773620605,1162.5800819396973,1096.780071258545,1174.1600723266602,1201.9600791931152,1104.2600708007812,1161.2200889587402,1220.1800804138184,Group: B,Group: C,Group: B vs Group: C,4,4,Blank_Blank_Blank
"[TG(48:7),TG(47:0)]_FA18:2",TAG,1086.2200660705566,1170.7400741577148,1200.3600807189941,1122.8800811767578,1217.7000923156738,1115.340072631836,1085.8200721740723,1085.780071258545,1153.720069885254,Group: B,Group: C,Group: B vs Group: C,4,4,Blank_Blank_Blank
"[TG(48:7),TG(47:0)]_FA18:3",TAG,1194.0800857543945,1241.5200843811035,1341.4600868225098,1250.64009475708,1170.0400733947754,1171.3400764465332,1199.1400871276855,1172.160083770752,1171.3800735473633,Group: B,Group: C,Group: B vs Group: C,4,4,Blank_Blank_Blank
"[TG(48:7),TG(47:0)]_FA20:4",TAG,1248.4000930786133,1253.4800910949707,1251.5400848388672,1280.840103149414,1253.1200790405273,1254.0200805664062,1312.1600914001465,1280.3600997924805,1249.160083770752,Group: B,Group: C,Group: B vs Group: C,4,4,Blank_Blank_Blank
"[TG(48:7),TG(47:0)]_FA22:5",TAG,1408.6000862121582,1427.0200996398926,1377.1800842285156,1380.7601051330566,1378.4200973510742,1374.8001098632812,1377.580093383789,1458.4601020812988,1374.860092163086,Group: B,Group: C,Group: B vs Group: C,4,4,Blank_Blank_Blank
"[TG(48:7),TG(47:0)]_FA22:6",TAG,1678.8201141357422,1538.8400955200195,1558.4401016235352,1519.1201133728027,1500.3201026916504,1583.1801147460938,1546.0201034545898,1509.8001136779785,1652.5801086425781,Group: B,Group: C,Group: B vs Group: C,4,4,Blank_Blank_Blank
"[TG(48:8),TG(47:1)]_FA14:0",TAG,1979.640151977539,1477.400104522705,1310.7200927734375,1588.4201164245605,1451.9401054382324,1261.6600914001465,1498.6001052856445,1044.920078277588,1296.860092163086,Group: B,Group: C,Group: B vs Group: C,4,4,Blank_Blank_Blank
"[TG(48:8),TG(47:1)]_FA16:0",TAG,1166.2000770568848,1228.9000816345215,1891.0001335144043,1170.980079650879,2034.940113067627,1255.1200790405273,1536.600112915039,1170.740089416504,1255.4800872802734,Group: B,Group: C,Group: B vs Group: C,4,4,Blank_Blank_Blank
"[TG(48:8),TG(47:1)]_FA16:1",TAG,2132.4601707458496,1814.9201354980469,1430.9200973510742,1786.5001335144043,1431.8801040649414,1997.0201377868652,1303.5200881958008,1926.6401481628418,1779.1401138305664,Group: B,Group: C,Group: B vs Group: C,4,4,Blank_Blank_Blank
"[TG(48:8),TG(47:1)]_FA18:0",TAG,969.8000679016113,1033.3600730895996,991.9600715637207,1046.6600761413574,967.4400672912598,1070.4800758361816,999.5600738525391,1012.1600608825684,998.260066986084,Group: B,Group: C,Group: B vs Group: C,4,4,Blank_Blank_Blank
"[TG(48:8),TG(47:1)]_FA18:1",TAG,1718.700122833252,1202.54008102417,1455.860092163086,1123.9400749206543,1561.3801040649414,1188.6200904846191,1333.1400909423828,1127.280071258545,1515.7601051330566,Group: B,Group: C,Group: B vs Group: C,4,4,Blank_Blank_Blank
"[TG(48:8),TG(47:1)]_FA18:2",TAG,1086.8800659179688,1137.880084991455,1198.640079498291,1083.1000671386719,1104.160083770752,1114.5400772094727,1130.3800659179688,1089.4600868225098,1086.880084991455,Group: B,Group: C,Group: B vs Group: C,4,4,Blank_Blank_Blank
"[TG(48:8),TG(47:1)]_FA18:3",TAG,1195.260082244873,1167.6200866699219,1168.1000862121582,1181.2000885009766,1169.2400817871094,1217.0200958251953,1173.2200736999512,1232.640079498291,1172.4000778198242,Group: B,Group: C,Group: B vs Group: C,4,4,Blank_Blank_Blank
"[TG(48:8),TG(47:1)]_FA20:4",TAG,1284.3200988769531,1356.6400833129883,1251.3600845336914,1280.2600860595703,1252.840087890625,1270.960090637207,1279.2400970458984,1249.0600891113281,1247.2000885009766,Group: B,Group: C,Group: B vs Group: C,4,4,Blank_Blank_Blank
"[TG(48:8),TG(47:1)]_FA22:5",TAG,1450.4801025390625,1377.8000984191895,1376.540096282959,1471.780101776123,1374.720100402832,1408.8800888061523,1410.2600898742676,1432.6401062011719,1427.3200950622559,Group: B,Group: C,Group: B vs Group: C,4,4,Blank_Blank_Blank
"[TG(48:8),TG(47:1)]_FA22:6",TAG,1528.3401107788086,1550.8401222229004,1750.880111694336,1606.1601104736328,1517.2801094055176,1493.5401039123535,1500.4801025390625,1522.8001098632812,1581.4200973510742,Group: B,Group: C,Group: B vs Group: C,4,4,Blank_Blank_Blank
[TG(49:3)]_FA14:0,TAG,1180.4200859069824,1012.260082244873,1010.0800666809082,1034.2000694274902,1111.7000770568848,1031.04008102417,1238.6200942993164,1049.3400802612305,1067.1000709533691,Group: B,Group: C,Group: B vs Group: C,4,4,Blank_Blank_Blank
[TG(49:3)]_FA16:0,TAG,1001.440071105957,970.7000732421875,1040.1400680541992,963.8400611877441,1244.5000915527344,982.4200630187988,977.6600761413574,1067.5400772094727,969.0200614929199,Group: B,Group: C,Group: B vs Group: C,4,4,Blank_Blank_Blank
[TG(49:3)]_FA16:1,TAG,1496.0801048278809,1367.4601097106934,1376.6001052856445,1470.2800979614258,1385.880084991455,2220.5801696777344,1880.760124206543,1849.2801208496094,1191.7400817871094,Group: B,Group: C,Group: B vs Group: C,4,4,Blank_Blank_Blank
[TG(49:3)]_FA18:0,TAG,969.5400695800781,968.960075378418,970.3400688171387,974.3000602722168,1028.4400787353516,969.3800621032715,969.3400802612305,973.1600646972656,969.7600631713867,Group: B,Group: C,Group: B vs Group: C,4,4,Blank_Blank_Blank
[TG(49:3)]_FA18:1,TAG,1196.6400833129883,1080.1000747680664,1207.1200904846191,1153.0600814819336,1134.0800819396973,1098.5400772094727,1161.980079650879,1101.1800842285156,1164.140079498291,Group: B,Group: C,Group: B vs Group: C,4,4,Blank_Blank_Blank
[TG(49:3)]_FA18:2,TAG,1259.4800872802734,1507.200122833252,1720.2601051330566,1279.0800895690918,1716.5201148986816,1745.7401275634766,1999.6801490783691,1237.0000801086426,1304.9800987243652,Group: B,Group: C,Group: B vs Group: C,4,4,Blank_Blank_Blank
[TG(49:3)]_FA18:3,TAG,1259.6600952148438,1317.280086517334,1381.5800971984863,1301.2200927734375,1370.7600936889648,1231.220085144043,1306.1600914001465,1230.2000923156738,1269.7200965881348,Group: B,Group: C,Group: B vs Group: C,4,4,Blank_Blank_Blank
[TG(49:4)]_FA14:0,TAG,971.3000717163086,1026.080078125,1043.2400665283203,986.0400657653809,1012.2000694274902,999.0600662231445,986.8000679016113,1002.6400718688965,971.1000671386719,Group: B,Group: C,Group: B vs Group: C,4,4,Blank_Blank_Blank
[TG(49:4)]_FA16:0,TAG,966.7800674438477,1005.5400733947754,977.5200653076172,1013.1200752258301,1018.9000663757324,960.9000587463379,961.3000602722168,961.4400634765625,969.0200691223145,Group: B,Group: C,Group: B vs Group: C,4,4,Blank_Blank_Blank
[TG(49:4)]_FA16:1,TAG,1205.740089416504,1136.6200714111328,1072.1800727844238,1095.5600700378418,1082.1200675964355,1108.7800827026367,1144.8200759887695,1096.4600677490234,1066.0000686645508,Group: B,Group: C,Group: B vs Group: C,4,4,Blank_Blank_Blank
[TG(49:4)]_FA18:0,TAG,969.7400665283203,1009.9000625610352,1039.9400596618652,990.8000755310059,969.320068359375,1019.1200675964355,969.1600685119629,972.6200752258301,1013.5200729370117,Group: B,Group: C,Group: B vs Group: C,4,4,Blank_Blank_Blank
[TG(49:4)]_FA18:1,TAG,1080.680076599121,1074.1000900268555,1092.9800758361816,1054.6400756835938,1083.4800758361816,1046.860065460205,1096.5600814819336,1058.2200775146484,1054.200080871582,Group: B,Group: C,Group: B vs Group: C,4,4,Blank_Blank_Blank
[TG(49:4)]_FA18:2,TAG,1160.6200714111328,1192.8600883483887,1194.2000770568848,1128.680076599121,1142.280086517334,1366.1000785827637,1226.12007522583,1167.1800918579102,1164.5200729370117,Group: B,Group: C,Group: B vs Group: C,4,4,Blank_Blank_Blank
[TG(49:4)]_FA18:3,TAG,1390.900089263916,1301.8000869750977,1200.080078125,1185.1800842285156,1169.960075378418,1292.9800910949707,1213.3200912475586,1199.4200859069824,1267.2200889587402,Group: B,Group: C,Group: B vs Group: C,4,4,Blank_Blank_Blank
[TG(49:4)]_FA20:4,TAG,1248.7800827026367,1345.740089416504,1251.2800788879395,1249.3400802612305,1300.5600929260254,1253.0200805664062,1249.820083618164,1294.60009765625,1329.760097503662,Group: B,Group: C,Group: B vs Group: C,4,4,Blank_Blank_Blank
[TG(49:5)]_FA14:0,TAG,982.3200645446777,975.940071105957,993.500072479248,1019.5600624084473,970.8400650024414,969.9600677490234,990.3800659179688,1026.500072479248,970.9800796508789,Group: B,Group: C,Group: B vs Group: C,4,4,Blank_Blank_Blank
[TG(49:5)]_FA16:0,TAG,965.7200698852539,964.1000633239746,1002.2800559997559,1008.7000732421875,1017.2800712585449,1036.220069885254,961.0400657653809,1016.9400634765625,969.3800735473633,Group: B,Group: C,Group: B vs Group: C,4,4,Blank_Blank_Blank
[TG(49:5)]_FA16:1,TAG,1057.5600700378418,1071.5400733947754,1052.1000633239746,1049.6400680541992,1049.8000717163086,1052.3000755310059,1139.3200759887695,1050.4000701904297,1047.640064239502,Group: B,Group: C,Group: B vs Group: C,4,4,Blank_Blank_Blank
[TG(49:5)]_FA18:0,TAG,986.0800628662109,997.3000755310059,970.0800743103027,972.3800659179688,1040.1000747680664,1005.0400733947754,988.5600700378418,972.7200775146484,968.9400787353516,Group: B,Group: C,Group: B vs Group: C,4,4,Blank_Blank_Blank
[TG(49:5)]_FA18:1,TAG,1065.280071258545,1079.3800773620605,1085.720069885254,1090.4000854492188,1065.7400741577148,1047.1400680541992,1049.000072479248,1049.4000854492188,1069.2000770568848,Group: B,Group: C,Group: B vs Group: C,4,4,Blank_Blank_Blank
[TG(49:5)]_FA18:2,TAG,1086.1200790405273,1114.5800743103027,1147.4400749206543,1083.7200660705566,1119.4200744628906,1087.820068359375,1101.140079498291,1122.500072479248,1095.4600639343262,Group: B,Group: C,Group: B vs Group: C,4,4,Blank_Blank_Blank
[TG(49:5)]_FA18:3,TAG,1168.2200736999512,1173.080078125,1284.740089416504,1167.1200866699219,1169.3000831604004,1200.580078125,1171.8400840759277,1172.3800888061523,1194.3200759887695,Group: B,Group: C,Group: B vs Group: C,4,4,Blank_Blank_Blank
[TG(49:5)]_FA20:4,TAG,1253.6000862121582,1281.7000885009766,1342.8400955200195,1285.2000885009766,1253.000087738037,1301.9600830078125,1306.8600959777832,1318.1800994873047,1247.4800720214844,Group: B,Group: C,Group: B vs Group: C,4,4,Blank_Blank_Blank
[TG(49:5)]_FA22:5,TAG,1417.8201026916504,1406.7200927734375,1386.2200965881348,1415.3400993347168,1374.6400985717773,1373.8401069641113,1447.5401000976562,1401.0200881958008,1376.040096282959,Group: B,Group: C,Group: B vs Group: C,4,4,Blank_Blank_Blank
[TG(49:6)]_FA14:0,TAG,1032.5200729370117,1019.8000755310059,1075.7000846862793,1081.6800727844238,1076.3000793457031,1025.420066833496,1170.6600761413574,1044.8000679016113,1200.2200775146484,Group: B,Group: C,Group: B vs Group: C,4,4,Blank_Blank_Blank
[TG(49:6)]_FA16:0,TAG,1320.3401069641113,1091.7400741577148,1632.820110321045,1107.3800773620605,3995.5202674865723,1264.400089263916,1391.040096282959,1196.7400817871094,1275.9000930786133,Group: B,Group: C,Group: B vs Group: C,4,4,Blank_Blank_Blank
[TG(49:6)]_FA16:1,TAG,1051.0000762939453,1104.6600761413574,1052.9200706481934,1050.4600715637207,1049.7800674438477,1054.4800758361816,1075.720085144043,1085.220085144043,1047.4600639343262,Group: B,Group: C,Group: B vs Group: C,4,4,Blank_Blank_Blank
[TG(49:6)]_FA18:0,TAG,990.2600631713867,972.3000679016113,1062.3800811767578,1056.160083770752,1048.0200653076172,1044.6200675964355,1031.9800643920898,1019.1600799560547,1032.680076599121,Group: B,Group: C,Group: B vs Group: C,4,4,Blank_Blank_Blank
[TG(49:6)]_FA18:1,TAG,1088.160068511963,1074.6000671386719,1052.6000747680664,1054.5200691223145,1047.7200660705566,1047.1800689697266,1049.0200729370117,1103.7800788879395,1076.9800720214844,Group: B,Group: C,Group: B vs Group: C,4,4,Blank_Blank_Blank
[TG(49:6)]_FA18:2,TAG,1200.0000839233398,1086.180076599121,1159.7200813293457,1083.1400833129883,1120.020076751709,1108.100082397461,1085.4000778198242,1084.7800788879395,1094.5800704956055,Group: B,Group: C,Group: B vs Group: C,4,4,Blank_Blank_Blank
[TG(49:6)]_FA18:3,TAG,1205.8400917053223,1194.0800857543945,1173.4200859069824,1166.2200813293457,1220.3600883483887,1220.0800819396973,1172.1200828552246,1171.8000869750977,1178.160068511963,Group: B,Group: C,Group: B vs Group: C,4,4,Blank_Blank_Blank
[TG(49:6)]_FA20:4,TAG,1249.700096130371,1252.4600868225098,1250.9400825500488,1291.1800804138184,1323.2400856018066,1253.0600891113281,1248.840103149414,1248.980079650879,1260.6600875854492,Group: B,Group: C,Group: B vs Group: C,4,4,Blank_Blank_Blank
[TG(49:6)]_FA22:5,TAG,1391.2400970458984,1376.7200889587402,1396.7000923156738,1391.6400985717773,1374.2000999450684,1375.180088043213,1375.8801002502441,1500.700107574463,1376.3000984191895,Group: B,Group: C,Group: B vs Group: C,4,4,Blank_Blank_Blank
[TG(49:6)]_FA22:6,TAG,1587.7601280212402,1522.6200942993164,1599.7001190185547,1639.3601112365723,1499.2200965881348,1517.1601066589355,1532.2601051330566,1506.3201179504395,1649.260108947754,Group: B,Group: C,Group: B vs Group: C,4,4,Blank_Blank_Blank
"[TG(49:7),TG(48:0)]_FA14:0",TAG,1837.7601127624512,1985.9801330566406,1695.6201248168945,2379.3201866149902,1899.960132598877,1974.8401412963867,3215.0401878356934,1764.9601211547852,1154.3000717163086,Group: B,Group: C,Group: B vs Group: C,4,4,Blank_Blank_Blank
"[TG(49:7),TG(48:0)]_FA16:0",TAG,4397.800205230713,4307.800270080566,11224.000762939453,3223.260223388672,40734.44268798828,4957.080364227295,8785.880653381348,3915.560230255127,2238.120143890381,Group: B,Group: C,Group: B vs Group: C,4,4,Blank_Blank_Blank
"[TG(49:7),TG(48:0)]_FA16:1",TAG,1156.2600746154785,1203.4200820922852,1095.0400848388672,1195.8800926208496,1284.9400787353516,1425.5201148986816,1638.14009475708,1234.5000686645508,1202.800090789795,Group: B,Group: C,Group: B vs Group: C,4,4,Blank_Blank_Blank
"[TG(49:7),TG(48:0)]_FA18:0",TAG,1175.400089263916,1426.4600944519043,1476.7001037597656,1167.220085144043,1136.8400802612305,1236.1600914001465,1489.8601036071777,1057.6600875854492,1225.6600723266602,Group: B,Group: C,Group: B vs Group: C,4,4,Blank_Blank_Blank
"[TG(49:7),TG(48:0)]_FA18:1",TAG,1275.8801002502441,1151.8000831604004,1100.420078277588,1073.9600715637207,1295.7000885009766,1164.260082244873,1123.6400871276855,1049.9200820922852,1137.0800819396973,Group: B,Group: C,Group: B vs Group: C,4,4,Blank_Blank_Blank
"[TG(49:7),TG(48:0)]_FA18:2",TAG,1193.3600769042969,1136.4200706481934,1089.2800750732422,1082.8000755310059,1178.6200790405273,1161.7800674438477,1099.7200660705566,1084.4400825500488,1087.2200775146484,Group: B,Group: C,Group: B vs Group: C,4,4,Blank_Blank_Blank
"[TG(49:7),TG(48:0)]_FA18:3",TAG,1223.4000854492188,1180.9800834655762,1168.1200866699219,1165.9600830078125,1184.9600791931152,1222.2400817871094,1247.0400848388672,1198.6400756835938,1173.140079498291,Group: B,Group: C,Group: B vs Group: C,4,4,Blank_Blank_Blank
"[TG(49:7),TG(48:0)]_FA20:4",TAG,1372.4600982666016,1316.0400886535645,1251.1800842285156,1250.960090637207,1253.340087890625,1253.8400764465332,1276.2000999450684,1265.3600845336914,1260.000087738037,Group: B,Group: C,Group: B vs Group: C,4,4,Blank_Blank_Blank
"[TG(49:7),TG(48:0)]_FA22:5",TAG,1376.7200889587402,1390.7800979614258,1377.1401062011719,1382.0801048278809,1375.1800918579102,1375.660099029541,1375.64009475708,1380.0600814819336,1444.6401062011719,Group: B,Group: C,Group: B vs Group: C,4,4,Blank_Blank_Blank
"[TG(49:7),TG(48:0)]_FA22:6",TAG,1542.0201225280762,1573.020107269287,1502.4801063537598,1538.460105895996,1573.0601119995117,1500.3801078796387,1500.340103149414,1498.8601036071777,1537.7801094055176,Group: B,Group: C,Group: B vs Group: C,4,4,Blank_Blank_Blank
"[TG(49:8),TG(48:1)]_FA14:0",TAG,5148.720329284668,5631.280284881592,1633.3001174926758,2972.3802223205566,5126.240257263184,2856.64022064209,21939.74154663086,2443.7401542663574,1276.6200866699219,Group: B,Group: C,Group: B vs Group: C,4,4,Blank_Blank_Blank
"[TG(49:8),TG(48:1)]_FA16:0",TAG,5076.70027923584,2098.68013381958,9481.380867004395,1569.5601119995117,42337.182205200195,2842.0801963806152,15233.060668945312,2434.940155029297,1164.7600898742676,Group: B,Group: C,Group: B vs Group: C,4,4,Blank_Blank_Blank
"[TG(49:8),TG(48:1)]_FA16:1",TAG,2926.720199584961,3745.7602157592773,3001.1202239990234,2831.5202026367188,5507.420467376709,3090.260166168213,10021.380596160889,5513.000297546387,2217.420135498047,Group: B,Group: C,Group: B vs Group: C,4,4,Blank_Blank_Blank
"[TG(49:8),TG(48:1)]_FA18:0",TAG,972.5600700378418,1126.1800727844238,1152.3600730895996,1060.0800819396973,977.9600639343262,1196.6000862121582,1279.8800888061523,1026.4200744628906,1000.3400688171387,Group: B,Group: C,Group: B vs Group: C,4,4,Blank_Blank_Blank
"[TG(49:8),TG(48:1)]_FA18:1",TAG,2728.140193939209,1629.6001167297363,2451.040168762207,1164.1200675964355,5068.420352935791,1579.8401069641113,2412.2401847839355,2589.320110321045,1768.8201179504395,Group: B,Group: C,Group: B vs Group: C,4,4,Blank_Blank_Blank
"[TG(49:8),TG(48:1)]_FA18:2",TAG,1184.4000778198242,1109.8200721740723,1260.260082244873,1244.9000816345215,1227.080078125,1494.1200904846191,1387.4800910949707,1131.1200714111328,1117.700080871582,Group: B,Group: C,Group: B vs Group: C,4,4,Blank_Blank_Blank
"[TG(49:8),TG(48:1)]_FA18:3",TAG,1195.520076751709,1166.8000793457031,1166.6400909423828,1235.700096130371,1214.1800918579102,1167.6800727844238,1173.380084991455,1172.4400825500488,1171.8400650024414,Group: B,Group: C,Group: B vs Group: C,4,4,Blank_Blank_Blank
"[TG(49:8),TG(48:1)]_FA20:4",TAG,1265.6200904846191,1258.5401000976562,1252.7800979614258,1255.020092010498,1322.0000839233398,1286.6200866699219,1274.0800971984863,1248.8400955200195,1247.3000869750977,Group: B,Group: C,Group: B vs Group: C,4,4,Blank_Blank_Blank
"[TG(49:8),TG(48:1)]_FA22:5",TAG,1398.000087738037,1431.420093536377,1377.8601036071777,1373.8000946044922,1375.2400970458984,1374.2600936889648,1443.0401077270508,1430.1000938415527,1455.8801078796387,Group: B,Group: C,Group: B vs Group: C,4,4,Blank_Blank_Blank
"[TG(49:8),TG(48:1)]_FA22:6",TAG,1615.9201126098633,1569.6601257324219,1594.4001159667969,1559.240104675293,1499.60009765625,1547.5401153564453,1500.220100402832,1499.3001098632812,1540.4201126098633,Group: B,Group: C,Group: B vs Group: C,4,4,Blank_Blank_Blank
[TG(50:3)]_FA14:0,TAG,19660.181148529053,13116.861152648926,3855.380229949951,3960.860237121582,19674.0011138916,8982.700702667236,68883.82539367676,13870.641368865967,1040.2400741577148,Group: B,Group: C,Group: B vs Group: C,4,4,Blank_Blank_Blank
[TG(50:3)]_FA16:0,TAG,9122.000900268555,15186.681396484375,10996.540802001953,9123.46044921875,89016.58572006226,32532.602436065674,53146.64351654053,7875.780601501465,1012.5800666809082,Group: B,Group: C,Group: B vs Group: C,4,4,Blank_Blank_Blank
[TG(50:3)]_FA16:1,TAG,59684.544887542725,45477.56253814697,42892.74322891235,10184.100940704346,28832.88198852539,113252.848361969,176061.8148841858,123110.3063659668,1732.300106048584,Group: B,Group: C,Group: B vs Group: C,4,4,Blank_Blank_Blank
[TG(50:3)]_FA18:0,TAG,970.1600723266602,1039.7400741577148,1037.0800743103027,993.0400733947754,1035.5800819396973,1051.9200859069824,1177.9200820922852,1057.2400703430176,969.1200714111328,Group: B,Group: C,Group: B vs Group: C,4,4,Blank_Blank_Blank
[TG(50:3)]_FA18:1,TAG,6692.160491943359,4932.400363922119,8868.020565032959,3214.7602920532227,13229.340728759766,7595.640350341797,9038.380527496338,9208.440494537354,1263.920093536377,Group: B,Group: C,Group: B vs Group: C,4,4,Blank_Blank_Blank
[TG(50:3)]_FA18:2,TAG,22887.041107177734,19931.901523590088,41211.92116165161,9765.380519866943,34736.76179122925,17895.18098449707,74845.16339874268,25624.420970916748,1225.0400772094727,Group: B,Group: C,Group: B vs Group: C,4,4,Blank_Blank_Blank
[TG(50:3)]_FA18:3,TAG,1725.5801162719727,3802.340259552002,2587.480125427246,1644.1401100158691,6018.840526580811,3548.300281524658,2709.6201400756836,2080.3401641845703,1177.3400688171387,Group: B,Group: C,Group: B vs Group: C,4,4,Blank_Blank_Blank
[TG(50:4)]_FA14:0,TAG,3452.8402404785156,5921.020408630371,2324.5801849365234,2416.340187072754,11231.940673828125,3748.28031539917,21301.181896209717,5439.560375213623,982.8600730895996,Group: B,Group: C,Group: B vs Group: C,4,4,Blank_Blank_Blank
[TG(50:4)]_FA16:0,TAG,1381.7001152038574,1092.0600814819336,1729.900104522705,1534.4000816345215,6544.600505828857,1350.7000999450684,3899.240280151367,1553.720127105713,969.5200653076172,Group: B,Group: C,Group: B vs Group: C,4,4,Blank_Blank_Blank
[TG(50:4)]_FA16:1,TAG,6021.920486450195,4703.760417938232,9242.200855255127,2961.8202934265137,7577.060523986816,27975.761638641357,46728.16379928589,32202.6220703125,1140.3400802612305,Group: B,Group: C,Group: B vs Group: C,4,4,Blank_Blank_Blank
[TG(50:4)]_FA18:0,TAG,1030.3200645446777,1017.6400604248047,970.3400650024414,1011.3800621032715,969.0600624084473,1001.0800666809082,1066.6600723266602,972.3600807189941,990.2200622558594,Group: B,Group: C,Group: B vs Group: C,4,4,Blank_Blank_Blank
[TG(50:4)]_FA18:1,TAG,1396.3001022338867,1421.200096130371,1404.8201179504395,1285.2400970458984,1766.4201278686523,1624.1201286315918,1529.6600952148438,1213.1200942993164,1114.1400871276855,Group: B,Group: C,Group: B vs Group: C,4,4,Blank_Blank_Blank
[TG(50:4)]_FA18:2,TAG,2958.880283355713,5619.220478057861,12720.020851135254,5914.380321502686,11617.840850830078,12334.42066192627,22146.601802825928,8406.680656433105,1087.200065612793,Group: B,Group: C,Group: B vs Group: C,4,4,Blank_Blank_Blank
[TG(50:4)]_FA18:3,TAG,3428.2201805114746,3161.9602584838867,2548.7802200317383,1704.4001197814941,5203.920352935791,4937.020336151123,4597.480323791504,2861.62020111084,1173.300090789795,Group: B,Group: C,Group: B vs Group: C,4,4,Blank_Blank_Blank
[TG(50:4)]_FA20:4,TAG,1490.320110321045,1540.4401054382324,1389.860107421875,1338.0200996398926,1517.780117034912,1654.500099182129,1971.6401443481445,1559.6401100158691,1282.9400901794434,Group: B,Group: C,Group: B vs Group: C,4,4,Blank_Blank_Blank
[TG(50:5)]_FA14:0,TAG,1061.7800750732422,1653.1601066589355,970.3800659179688,1166.960090637207,1847.5601081848145,1567.8201332092285,2413.9801902770996,1393.480110168457,991.0000610351562,Group: B,Group: C,Group: B vs Group: C,4,4,Blank_Blank_Blank
[TG(50:5)]_FA16:0,TAG,1019.5800743103027,1020.1800689697266,1037.560073852539,1046.3800735473633,1106.3600845336914,1143.8200912475586,1181.3000717163086,1127.4200859069824,990.960075378418,Group: B,Group: C,Group: B vs Group: C,4,4,Blank_Blank_Blank
[TG(50:5)]_FA16:1,TAG,1099.980079650879,1818.5801277160645,1903.7601280212402,1906.4401206970215,1563.7001037597656,1948.9201011657715,3472.840187072754,2527.380184173584,1047.7800788879395,Group: B,Group: C,Group: B vs Group: C,4,4,Blank_Blank_Blank
[TG(50:5)]_FA18:0,TAG,970.0400619506836,969.3000717163086,970.1400680541992,988.4400672912598,969.2000579833984,989.4200668334961,1048.5000801086426,973.1400718688965,985.1400718688965,Group: B,Group: C,Group: B vs Group: C,4,4,Blank_Blank_Blank
[TG(50:5)]_FA18:1,TAG,1175.5000839233398,1087.5400733947754,1072.2400665283203,1065.320068359375,1174.6000785827637,1069.7000732421875,1279.3000831604004,1049.4600791931152,1073.660083770752,Group: B,Group: C,Group: B vs Group: C,4,4,Blank_Blank_Blank
[TG(50:5)]_FA18:2,TAG,1384.3600845336914,1146.3000717163086,1598.6001205444336,1531.520118713379,1716.4001083374023,1914.9001235961914,2138.2801780700684,1180.2800903320312,1139.9400825500488,Group: B,Group: C,Group: B vs Group: C,4,4,Blank_Blank_Blank
[TG(50:5)]_FA18:3,TAG,1810.7001266479492,1595.0801239013672,1608.2001113891602,1756.6800994873047,2653.5202102661133,2033.3201332092285,2006.2401237487793,1724.2001266479492,1171.9000816345215,Group: B,Group: C,Group: B vs Group: C,4,4,Blank_Blank_Blank
[TG(50:5)]_FA20:4,TAG,1408.960105895996,1364.8800888061523,1273.9200859069824,1339.300106048584,1358.5800971984863,1377.5200958251953,1686.8201179504395,1333.040096282959,1247.1400833129883,Group: B,Group: C,Group: B vs Group: C,4,4,Blank_Blank_Blank
[TG(50:5)]_FA22:5,TAG,1435.7200965881348,1394.7401008605957,1425.0601081848145,1397.2600936889648,1387.5600891113281,1421.7400970458984,1415.040096282959,1406.9800834655762,1394.0200996398926,Group: B,Group: C,Group: B vs Group: C,4,4,Blank_Blank_Blank
[TG(50:6)]_FA14:0,TAG,1050.3600616455078,1067.6600723266602,971.1600723266602,1143.5200843811035,1131.1600799560547,1145.7200736999512,1048.7600746154785,1022.8000755310059,1003.0200729370117,Group: B,Group: C,Group: B vs Group: C,4,4,Blank_Blank_Blank
[TG(50:6)]_FA16:0,TAG,1098.900058746338,1016.9400672912598,1353.900089263916,1039.1600723266602,1277.6001091003418,1042.9200706481934,1062.7000732421875,998.9000549316406,995.8000717163086,Group: B,Group: C,Group: B vs Group: C,4,4,Blank_Blank_Blank
[TG(50:6)]_FA16:1,TAG,1170.4200859069824,1055.3800773620605,1273.6400909423828,1050.5400772094727,1050.4800720214844,1113.2000694274902,1218.1800842285156,1079.6000785827637,1047.6000747680664,Group: B,Group: C,Group: B vs Group: C,4,4,Blank_Blank_Blank
[TG(50:6)]_FA18:0,TAG,989.8400726318359,969.5200691223145,969.7200660705566,967.7800750732422,968.7200698852539,976.1600685119629,984.3000755310059,997.4800720214844,1016.1800575256348,Group: B,Group: C,Group: B vs Group: C,4,4,Blank_Blank_Blank
[TG(50:6)]_FA18:1,TAG,1149.8400802612305,1115.3000755310059,1193.520076751709,1086.7400856018066,1145.8200874328613,1089.04008102417,1123.5000762939453,1119.9800720214844,1220.1600952148438,Group: B,Group: C,Group: B vs Group: C,4,4,Blank_Blank_Blank
[TG(50:6)]_FA18:2,TAG,1087.0800666809082,1135.6800689697266,1263.560073852539,1249.140079498291,1149.7800788879395,1224.2600784301758,1272.0400924682617,1108.4200820922852,1126.9600830078125,Group: B,Group: C,Group: B vs Group: C,4,4,Blank_Blank_Blank
[TG(50:6)]_FA18:3,TAG,1329.4600944519043,1289.0000915527344,1250.2000770568848,1226.680076599121,1216.960090637207,1189.1800842285156,1280.1400833129883,1251.6200790405273,1187.780086517334,Group: B,Group: C,Group: B vs Group: C,4,4,Blank_Blank_Blank
[TG(50:6)]_FA20:4,TAG,1288.9000930786133,1321.760082244873,1250.9200820922852,1305.6200942993164,1252.6800727844238,1290.500072479248,1283.420078277588,1308.7400932312012,1310.4200973510742,Group: B,Group: C,Group: B vs Group: C,4,4,Blank_Blank_Blank
[TG(50:6)]_FA22:5,TAG,1555.4401054382324,1419.1401023864746,1412.9000930786133,1446.3201065063477,1467.9201011657715,1375.4000930786133,1376.5200958251953,1392.2800941467285,1467.2200965881348,Group: B,Group: C,Group: B vs Group: C,4,4,Blank_Blank_Blank
[TG(50:6)]_FA22:6,TAG,1498.2601051330566,1497.4201011657715,1529.6801109313965,1671.6001205444336,1531.1600914001465,1532.5801162719727,1582.9201164245605,1539.220100402832,1532.1801147460938,Group: B,Group: C,Group: B vs Group: C,4,4,Blank_Blank_Blank
"[TG(50:7),TG(49:0)]_FA14:0",TAG,1343.8600807189941,1239.1800842285156,1165.240089416504,1158.2200736999512,1333.4600944519043,1222.3400840759277,996.9200706481934,1081.5400772094727,1112.04008102417,Group: B,Group: C,Group: B vs Group: C,4,4,Blank_Blank_Blank
"[TG(50:7),TG(49:0)]_FA16:0",TAG,1634.440128326416,1626.2201080322266,3569.980213165283,1704.3601150512695,3899.4602699279785,1475.3201026916504,2108.6601486206055,1627.4600982666016,1555.7001037597656,Group: B,Group: C,Group: B vs Group: C,4,4,Blank_Blank_Blank
"[TG(50:7),TG(49:0)]_FA16:1",TAG,1050.8600769042969,1175.3600883483887,1052.8000717163086,1173.960075378418,1051.1200828552246,1230.5600929260254,1101.8800773620605,1105.5600776672363,1046.6800804138184,Group: B,Group: C,Group: B vs Group: C,4,4,Blank_Blank_Blank
"[TG(50:7),TG(49:0)]_FA18:0",TAG,1104.5800704956055,1259.0800857543945,1411.5800971984863,1159.9800910949707,1014.0200729370117,1203.600082397461,1407.2601051330566,985.7000694274902,1249.5600891113281,Group: B,Group: C,Group: B vs Group: C,4,4,Blank_Blank_Blank
"[TG(50:7),TG(49:0)]_FA18:1",TAG,1146.5800857543945,1055.180076599121,1176.5400924682617,1054.740077972412,1151.1200790405273,1164.2600746154785,1093.0800666809082,1072.3400688171387,1098.9600868225098,Group: B,Group: C,Group: B vs Group: C,4,4,Blank_Blank_Blank
"[TG(50:7),TG(49:0)]_FA18:2",TAG,1089.1800804138184,1086.480068206787,1105.0800743103027,1102.400074005127,1094.280071258545,1087.440071105957,1120.5400772094727,1086.1000785827637,1131.760082244873,Group: B,Group: C,Group: B vs Group: C,4,4,Blank_Blank_Blank
"[TG(50:7),TG(49:0)]_FA18:3",TAG,1184.9600715637207,1175.4200706481934,1204.5200843811035,1167.1000747680664,1191.660083770752,1209.7600898742676,1172.7200813293457,1173.0600852966309,1172.8600769042969,Group: B,Group: C,Group: B vs Group: C,4,4,Blank_Blank_Blank
"[TG(50:7),TG(49:0)]_FA20:4",TAG,1250.3000869750977,1253.3000831604004,1254.680088043213,1370.9001007080078,1257.980094909668,1253.5200881958008,1310.0001029968262,1248.440086364746,1246.9200859069824,Group: B,Group: C,Group: B vs Group: C,4,4,Blank_Blank_Blank
"[TG(50:7),TG(49:0)]_FA22:5",TAG,1377.1200942993164,1426.3600997924805,1377.2000923156738,1372.7200965881348,1375.3600959777832,1373.7000999450684,1389.3600959777832,1381.6600952148438,1408.1200904846191,Group: B,Group: C,Group: B vs Group: C,4,4,Blank_Blank_Blank
"[TG(50:7),TG(49:0)]_FA22:6",TAG,1537.5401039123535,1549.1201095581055,1528.7201118469238,1528.1600952148438,1539.1201171875,1533.260097503662,1500.4400939941406,1499.2001113891602,1497.6001167297363,Group: B,Group: C,Group: B vs Group: C,4,4,Blank_Blank_Blank
"[TG(50:8),TG(49:1)]_FA14:0",TAG,1127.3800811767578,1295.2000846862793,1191.4000816345215,1089.3000679016113,1195.680076599121,1132.4200744628906,1307.3800888061523,1040.240077972412,1043.3000755310059,Group: B,Group: C,Group: B vs Group: C,4,4,Blank_Blank_Blank
"[TG(50:8),TG(49:1)]_FA16:0",TAG,1728.6801147460938,1437.5000839233398,3002.3401794433594,1200.200080871582,2655.7001724243164,1827.14013671875,2188.240165710449,1568.0201110839844,1235.0000915527344,Group: B,Group: C,Group: B vs Group: C,4,4,Blank_Blank_Blank
"[TG(50:8),TG(49:1)]_FA16:1",TAG,1275.0800857543945,1566.4801063537598,1425.7401237487793,1251.3000984191895,1346.8000984191895,1874.8201332092285,1737.7001304626465,1659.4000968933105,1934.220142364502,Group: B,Group: C,Group: B vs Group: C,4,4,Blank_Blank_Blank
"[TG(50:8),TG(49:1)]_FA18:0",TAG,969.8000640869141,1034.3000717163086,1063.9000701904297,1019.3200798034668,968.880069732666,1068.980079650879,1007.6400756835938,1131.2800788879395,1071.62007522583,Group: B,Group: C,Group: B vs Group: C,4,4,Blank_Blank_Blank
"[TG(50:8),TG(49:1)]_FA18:1",TAG,1849.2201309204102,1268.4800910949707,1610.6801147460938,1247.3200874328613,1941.9401206970215,1185.6600799560547,1496.180103302002,1306.160099029541,1415.3600997924805,Group: B,Group: C,Group: B vs Group: C,4,4,Blank_Blank_Blank
"[TG(50:8),TG(49:1)]_FA18:2",TAG,1254.6600875854492,1178.940086364746,1277.1200981140137,1083.0600776672363,1311.700096130371,1193.8000831604004,1135.2200736999512,1100.260082244873,1092.6400680541992,Group: B,Group: C,Group: B vs Group: C,4,4,Blank_Blank_Blank
"[TG(50:8),TG(49:1)]_FA18:3",TAG,1193.9600868225098,1251.7800788879395,1185.1600799560547,1167.3400917053223,1170.760066986084,1208.260082244873,1172.7600860595703,1181.240077972412,1173.080078125,Group: B,Group: C,Group: B vs Group: C,4,4,Blank_Blank_Blank
"[TG(50:8),TG(49:1)]_FA20:4",TAG,1249.960075378418,1274.100082397461,1321.7200889587402,1248.240104675293,1253.500087738037,1253.2600860595703,1282.240089416504,1292.0200881958008,1246.7000885009766,Group: B,Group: C,Group: B vs Group: C,4,4,Blank_Blank_Blank
"[TG(50:8),TG(49:1)]_FA22:5",TAG,1378.240089416504,1377.6801071166992,1378.080093383789,1434.760097503662,1375.7000999450684,1388.8200950622559,1375.6000900268555,1402.440086364746,1375.160099029541,Group: B,Group: C,Group: B vs Group: C,4,4,Blank_Blank_Blank
"[TG(50:8),TG(49:1)]_FA22:6",TAG,1573.1201057434082,1542.0401039123535,1649.6601219177246,1532.260108947754,1556.3400955200195,1494.060115814209,1499.5800971984863,1566.4801025390625,1529.0001029968262,Group: B,Group: C,Group: B vs Group: C,4,4,Blank_Blank_Blank
"[TG(50:9),TG(49:2)]_FA14:0",TAG,1057.9800758361816,1299.5201110839844,1075.3600692749023,1081.6800804138184,1321.0600891113281,1004.0800704956055,1761.3201217651367,1039.4600715637207,1014.0200729370117,Group: B,Group: C,Group: B vs Group: C,4,4,Blank_Blank_Blank
"[TG(50:9),TG(49:2)]_FA16:0",TAG,1206.7600784301758,1296.980094909668,1930.1601524353027,1179.5200881958008,3288.7402420043945,1533.980110168457,2121.900188446045,1154.440071105957,1025.400074005127,Group: B,Group: C,Group: B vs Group: C,4,4,Blank_Blank_Blank
"[TG(50:9),TG(49:2)]_FA16:1",TAG,2679.380157470703,2156.020160675049,1891.580150604248,2064.5201377868652,1294.0001029968262,2468.7801933288574,2505.140205383301,2128.1201400756836,1660.9801292419434,Group: B,Group: C,Group: B vs Group: C,4,4,Blank_Blank_Blank
"[TG(50:9),TG(49:2)]_FA18:0",TAG,1014.8800659179688,979.400074005127,969.3600692749023,996.8000755310059,1065.3800659179688,1016.2200736999512,995.1800765991211,991.8600730895996,998.9000701904297,Group: B,Group: C,Group: B vs Group: C,4,4,Blank_Blank_Blank
"[TG(50:9),TG(49:2)]_FA18:1",TAG,1852.920124053955,1273.1800804138184,1612.5401191711426,1166.180076599121,1758.3401222229004,1228.1800956726074,1434.4201011657715,1219.160083770752,1419.4401016235352,Group: B,Group: C,Group: B vs Group: C,4,4,Blank_Blank_Blank
"[TG(50:9),TG(49:2)]_FA18:2",TAG,1625.0601234436035,1656.880126953125,2357.5801887512207,1511.14009475708,1572.9201202392578,2260.520164489746,1859.7601318359375,1576.8601188659668,1313.4001007080078,Group: B,Group: C,Group: B vs Group: C,4,4,Blank_Blank_Blank
"[TG(50:9),TG(49:2)]_FA18:3",TAG,1203.3400802612305,1217.6800842285156,1211.1400833129883,1166.420078277588,1236.5400733947754,1226.7800788879395,1173.400074005127,1205.5000915527344,1171.640079498291,Group: B,Group: C,Group: B vs Group: C,4,4,Blank_Blank_Blank
"[TG(50:9),TG(49:2)]_FA20:4",TAG,1249.0400886535645,1289.6000900268555,1376.260097503662,1247.7400932312012,1271.9400825500488,1267.5400848388672,1249.3200874328613,1269.7600898742676,1259.3400840759277,Group: B,Group: C,Group: B vs Group: C,4,4,Blank_Blank_Blank
"[TG(50:9),TG(49:2)]_FA22:5",TAG,1417.7000999450684,1407.9201164245605,1377.7000846862793,1418.8600959777832,1374.6401023864746,1376.1800956726074,1376.4200820922852,1396.180103302002,1400.0401039123535,Group: B,Group: C,Group: B vs Group: C,4,4,Blank_Blank_Blank
"[TG(50:9),TG(49:2)]_FA22:6",TAG,1620.3801307678223,1689.700122833252,1560.1800994873047,1619.4601211547852,1595.040111541748,1523.4001159667969,1542.2001152038574,1499.3801078796387,1575.9401092529297,Group: B,Group: C,Group: B vs Group: C,4,4,Blank_Blank_Blank
[TG(51:4)]_FA14:0,TAG,1004.2800788879395,1008.880069732666,1045.820068359375,970.3000640869141,990.2200546264648,969.9800643920898,1100.1800842285156,973.5200691223145,971.2800636291504,Group: B,Group: C,Group: B vs Group: C,4,4,Blank_Blank_Blank
[TG(51:4)]_FA16:0,TAG,1125.440086364746,1032.340072631836,1141.2600784301758,1019.4000701904297,1950.0801467895508,1172.960075378418,1435.1401023864746,1064.4400596618652,977.1600685119629,Group: B,Group: C,Group: B vs Group: C,4,4,Blank_Blank_Blank
[TG(51:4)]_FA16:1,TAG,1566.60009765625,1281.2200927734375,1393.3800888061523,1537.2001190185547,1255.3000946044922,2655.060173034668,2101.300151824951,2607.7001953125,1083.420078277588,Group: B,Group: C,Group: B vs Group: C,4,4,Blank_Blank_Blank
[TG(51:4)]_FA18:0,TAG,969.8000831604004,1002.6200752258301,1018.2600708007812,967.5800666809082,968.9600639343262,969.7600708007812,971.6000747680664,973.3200607299805,970.200065612793,Group: B,Group: C,Group: B vs Group: C,4,4,Blank_Blank_Blank
[TG(51:4)]_FA18:1,TAG,1163.4400901794434,1107.6800804138184,1140.1800804138184,1114.4600791931152,1086.3600769042969,1059.8800811767578,1487.540126800537,1220.640079498291,1142.2800788879395,Group: B,Group: C,Group: B vs Group: C,4,4,Blank_Blank_Blank
[TG(51:4)]_FA18:2,TAG,2101.68013381958,2484.1001739501953,3188.920295715332,1927.1601524353027,2477.5001792907715,3436.9002113342285,3680.260196685791,1999.9001235961914,1116.320068359375,Group: B,Group: C,Group: B vs Group: C,4,4,Blank_Blank_Blank
[TG(51:4)]_FA18:3,TAG,1386.3000869750977,1582.8401222229004,1292.540096282959,1404.5800971984863,1531.860092163086,2207.180191040039,1509.2001152038574,1237.4000854492188,1196.3800888061523,Group: B,Group: C,Group: B vs Group: C,4,4,Blank_Blank_Blank
[TG(51:4)]_FA20:4,TAG,1325.8000869750977,1332.5600891113281,1334.0800857543945,1250.840103149414,1408.9600868225098,1300.6000938415527,1312.5600852966309,1291.8200912475586,1246.8400993347168,Group: B,Group: C,Group: B vs Group: C,4,4,Blank_Blank_Blank
[TG(51:5)]_FA14:0,TAG,971.3000679016113,970.8200607299805,996.1200752258301,1077.3400764465332,999.2800674438477,969.9200668334961,1059.3600807189941,1009.9800682067871,1024.3000717163086,Group: B,Group: C,Group: B vs Group: C,4,4,Blank_Blank_Blank
[TG(51:5)]_FA16:0,TAG,993.1600761413574,984.1400756835938,961.3000640869141,1024.3200721740723,1108.1000709533691,1033.960075378418,960.6400680541992,977.2000617980957,992.8600654602051,Group: B,Group: C,Group: B vs Group: C,4,4,Blank_Blank_Blank
[TG(51:5)]_FA16:1,TAG,1115.6800804138184,1092.4200744628906,1070.740062713623,1179.0800857543945,1066.7200736999512,1349.520092010498,1052.3000831604004,1064.5800704956055,1048.260066986084,Group: B,Group: C,Group: B vs Group: C,4,4,Blank_Blank_Blank
[TG(51:5)]_FA18:0,TAG,987.5400695800781,968.8400688171387,970.5000648498535,967.6000709533691,969.8600730895996,970.7200775146484,986.640064239502,972.820068359375,970.1600685119629,Group: B,Group: C,Group: B vs Group: C,4,4,Blank_Blank_Blank
[TG(51:5)]_FA18:1,TAG,1055.0200729370117,1090.4200744628906,1059.3400764465332,1052.7600708007812,1047.2000694274902,1048.1000785827637,1098.06005859375,1050.1600761413574,1076.3200721740723,Group: B,Group: C,Group: B vs Group: C,4,4,Blank_Blank_Blank
[TG(51:5)]_FA18:2,TAG,1140.4000778198242,1336.440086364746,1337.2200813293457,1129.2600784301758,1248.5400848388672,1592.9600982666016,1427.9401206970215,1246.2000732421875,1087.0000801086426,Group: B,Group: C,Group: B vs Group: C,4,4,Blank_Blank_Blank
[TG(51:5)]_FA18:3,TAG,1267.7600784301758,1390.6000938415527,1274.4200897216797,1400.6800956726074,1409.14009475708,1769.4201354980469,1476.360107421875,1279.760082244873,1172.2200927734375,Group: B,Group: C,Group: B vs Group: C,4,4,Blank_Blank_Blank
[TG(51:5)]_FA20:4,TAG,1260.9600868225098,1270.7800827026367,1271.740089416504,1419.3201065063477,1336.980094909668,1269.1400871276855,1298.500087738037,1296.1600952148438,1355.3001022338867,Group: B,Group: C,Group: B vs Group: C,4,4,Blank_Blank_Blank
[TG(51:5)]_FA22:5,TAG,1396.0600891113281,1391.6601104736328,1419.420093536377,1428.2801055908203,1374.220100402832,1403.1000938415527,1388.8200912475586,1442.6200942993164,1377.9200897216797,Group: B,Group: C,Group: B vs Group: C,4,4,Blank_Blank_Blank
[TG(51:6)]_FA14:0,TAG,1015.7200698852539,1036.0400772094727,1065.8400802612305,1055.4400825500488,1018.2200736999512,1079.3000793457031,1055.8600730895996,998.1400680541992,1074.180076599121,Group: B,Group: C,Group: B vs Group: C,4,4,Blank_Blank_Blank
[TG(51:6)]_FA16:0,TAG,1010.7400779724121,1026.6000709533691,1052.7600746154785,1046.6600761413574,1881.0601348876953,1030.0800743103027,1030.2400703430176,1011.5400772094727,1090.3400840759277,Group: B,Group: C,Group: B vs Group: C,4,4,Blank_Blank_Blank
[TG(51:6)]_FA16:1,TAG,1089.0400848388672,1106.7200736999512,1052.1000862121582,1050.0000839233398,1050.6200790405273,1051.7400703430176,1117.0600929260254,1086.0200653076172,1049.0200691223145,Group: B,Group: C,Group: B vs Group: C,4,4,Blank_Blank_Blank
[TG(51:6)]_FA18:0,TAG,970.1800727844238,1004.0600738525391,1002.1800651550293,1084.0600776672363,1012.3600730895996,1057.1000671386719,1119.8600883483887,1074.0400695800781,969.2800674438477,Group: B,Group: C,Group: B vs Group: C,4,4,Blank_Blank_Blank
[TG(51:6)]_FA18:1,TAG,1138.12007522583,1062.3000717163086,1082.3600807189941,1053.2400817871094,1211.8000831604004,1047.7000770568848,1049.400074005127,1149.0600967407227,1112.0000839233398,Group: B,Group: C,Group: B vs Group: C,4,4,Blank_Blank_Blank
[TG(51:6)]_FA18:2,TAG,1086.9800834655762,1086.2000732421875,1113.2000732421875,1099.1000747680664,1104.2800788879395,1159.8000869750977,1126.980079650879,1085.5200653076172,1088.2600860595703,Group: B,Group: C,Group: B vs Group: C,4,4,Blank_Blank_Blank
[TG(51:6)]_FA18:3,TAG,1167.5800819396973,1204.1000862121582,1226.6800804138184,1229.5200881958008,1246.3000793457031,1287.4800834655762,1172.8000755310059,1170.8400688171387,1171.9800643920898,Group: B,Group: C,Group: B vs Group: C,4,4,Blank_Blank_Blank
[TG(51:6)]_FA20:4,TAG,1250.0800895690918,1252.8600807189941,1251.4800872802734,1255.4000930786133,1334.440097808838,1317.4200859069824,1268.7800903320312,1249.160083770752,1246.3200950622559,Group: B,Group: C,Group: B vs Group: C,4,4,Blank_Blank_Blank
[TG(51:6)]_FA22:5,TAG,1488.4600982666016,1466.06010055542,1389.7601013183594,1461.7600936889648,1495.4801025390625,1475.9601020812988,1382.800090789795,1440.4601020812988,1428.120101928711,Group: B,Group: C,Group: B vs Group: C,4,4,Blank_Blank_Blank
[TG(51:6)]_FA22:6,TAG,1525.3601188659668,1528.4001121520996,1548.4800987243652,1554.800106048584,1499.860107421875,1511.560115814209,1499.6401062011719,1549.1001052856445,1557.3601150512695,Group: B,Group: C,Group: B vs Group: C,4,4,Blank_Blank_Blank
"[TG(51:7),TG(50:0)]_FA14:0",TAG,1155.8800926208496,1179.1200866699219,1124.9000816345215,1296.9800720214844,1215.4800910949707,1214.740077972412,1409.5001029968262,1072.660083770752,1076.820083618164,Group: B,Group: C,Group: B vs Group: C,4,4,Blank_Blank_Blank
"[TG(51:7),TG(50:0)]_FA16:0",TAG,2243.3601608276367,3052.460231781006,9023.120555877686,2024.540138244629,22888.00173187256,5451.700256347656,9026.080490112305,2359.9601821899414,1565.4401054382324,Group: B,Group: C,Group: B vs Group: C,4,4,Blank_Blank_Blank
"[TG(51:7),TG(50:0)]_FA16:1",TAG,1297.6400909423828,1128.7400741577148,1211.960075378418,1083.880084991455,1101.900089263916,1134.1000900268555,1235.2400932312012,1417.9401054382324,1048.1000709533691,Group: B,Group: C,Group: B vs Group: C,4,4,Blank_Blank_Blank
"[TG(51:7),TG(50:0)]_FA18:0",TAG,1798.020149230957,2454.800148010254,2008.3801574707031,1628.020118713379,2077.1601524353027,1537.7601013183594,3920.1403274536133,2743.7401962280273,1968.160140991211,Group: B,Group: C,Group: B vs Group: C,4,4,Blank_Blank_Blank
"[TG(51:7),TG(50:0)]_FA18:1",TAG,2020.9401206970215,1689.5801010131836,2592.5201873779297,1177.180076599121,3795.6802368164062,1645.7401428222656,2107.860153198242,1900.4001541137695,1172.3000793457031,Group: B,Group: C,Group: B vs Group: C,4,4,Blank_Blank_Blank
"[TG(51:7),TG(50:0)]_FA18:2",TAG,1226.8000755310059,1086.640064239502,1088.62007522583,1083.8600730895996,1201.0800857543945,1132.4000778198242,1178.6600761413574,1148.4400825500488,1087.0200805664062,Group: B,Group: C,Group: B vs Group: C,4,4,Blank_Blank_Blank
"[TG(51:7),TG(50:0)]_FA18:3",TAG,1185.3000793457031,1212.7800827026367,1167.360092163086,1201.9200820922852,1170.3600730895996,1193.760097503662,1207.7400817871094,1173.4600677490234,1172.8800735473633,Group: B,Group: C,Group: B vs Group: C,4,4,Blank_Blank_Blank
"[TG(51:7),TG(50:0)]_FA20:4",TAG,1282.9800910949707,1253.2000770568848,1252.2000846862793,1247.7400932312012,1319.9800872802734,1274.3200874328613,1248.6800727844238,1263.700096130371,1246.3800888061523,Group: B,Group: C,Group: B vs Group: C,4,4,Blank_Blank_Blank
"[TG(51:7),TG(50:0)]_FA22:5",TAG,1395.6200981140137,1447.2601013183594,1376.7200965881348,1555.0601081848145,1396.2601013183594,1375.0401000976562,1376.4401016235352,1386.960105895996,1375.2600936889648,Group: B,Group: C,Group: B vs Group: C,4,4,Blank_Blank_Blank
"[TG(51:7),TG(50:0)]_FA22:6",TAG,1596.5201263427734,1509.6801071166992,1537.6801109313965,1500.2800941467285,1500.020092010498,1574.300106048584,1500.920108795166,1498.6601181030273,1523.9001083374023,Group: B,Group: C,Group: B vs Group: C,4,4,Blank_Blank_Blank
"[TG(51:8),TG(50:1)]_FA14:0",TAG,3160.5602531433105,2319.900157928467,1343.340087890625,1676.6001052856445,3581.7002143859863,1592.7401390075684,8300.740566253662,2635.4402351379395,1093.7200736999512,Group: B,Group: C,Group: B vs Group: C,4,4,Blank_Blank_Blank
"[TG(51:8),TG(50:1)]_FA16:0",TAG,37984.00244140625,31400.382572174072,65025.964042663574,9027.82082748413,212774.80876159668,54072.24395751953,99670.52649307251,44620.40354156494,1665.0401344299316,Group: B,Group: C,Group: B vs Group: C,4,4,Blank_Blank_Blank
"[TG(51:8),TG(50:1)]_FA16:1",TAG,5373.84033203125,5156.620330810547,4353.340286254883,1565.6801223754883,3024.5202140808105,10703.76086807251,14137.800930023193,12524.560962677002,1320.3000831604004,Group: B,Group: C,Group: B vs Group: C,4,4,Blank_Blank_Blank
"[TG(51:8),TG(50:1)]_FA18:0",TAG,2163.0801391601562,2707.9401359558105,1955.8201789855957,1315.1000938415527,2902.740135192871,2192.72017288208,6999.280536651611,3056.80020904541,1135.1400833129883,Group: B,Group: C,Group: B vs Group: C,4,4,Blank_Blank_Blank
"[TG(51:8),TG(50:1)]_FA18:1",TAG,18078.26125717163,8617.960849761963,19793.361057281494,3763.6403160095215,35112.422229766846,13704.060562133789,17599.46184539795,13739.940860748291,2022.740135192871,Group: B,Group: C,Group: B vs Group: C,4,4,Blank_Blank_Blank
"[TG(51:8),TG(50:1)]_FA18:2",TAG,1435.8401069641113,1942.6601257324219,2903.980251312256,1564.0200958251953,5093.560333251953,2083.820125579834,5220.940433502197,2036.120132446289,1178.7800674438477,Group: B,Group: C,Group: B vs Group: C,4,4,Blank_Blank_Blank
"[TG(51:8),TG(50:1)]_FA18:3",TAG,1202.5200805664062,1167.7000885009766,1166.640079498291,1169.5800857543945,1200.320083618164,1166.7600860595703,1216.6400833129883,1178.4600791931152,1173.3800888061523,Group: B,Group: C,Group: B vs Group: C,4,4,Blank_Blank_Blank
"[TG(51:8),TG(50:1)]_FA20:4",TAG,1267.6400833129883,1269.2400856018066,1251.9400825500488,1248.3600845336914,1251.9400825500488,1287.520076751709,1290.8800888061523,1249.3800888061523,1247.1200828552246,Group: B,Group: C,Group: B vs Group: C,4,4,Blank_Blank_Blank
"[TG(51:8),TG(50:1)]_FA22:5",TAG,1453.56010055542,1404.440097808838,1418.3200988769531,1584.5801086425781,1398.3000869750977,1464.9801025390625,1434.6001014709473,1484.1800994873047,1375.0801086425781,Group: B,Group: C,Group: B vs Group: C,4,4,Blank_Blank_Blank
"[TG(51:8),TG(50:1)]_FA22:6",TAG,1590.1201133728027,1541.2001190185547,1528.1401023864746,1517.8401107788086,1527.3201065063477,1507.1801147460938,1500.8400917053223,1499.1801071166992,1603.9600982666016,Group: B,Group: C,Group: B vs Group: C,4,4,Blank_Blank_Blank
"[TG(51:9),TG(50:2)]_FA14:0",TAG,6734.680465698242,8940.460571289062,3771.3802528381348,2117.8601455688477,14354.52066040039,6407.200538635254,50778.12404632568,10428.220840454102,1143.4000778198242,Group: B,Group: C,Group: B vs Group: C,4,4,Blank_Blank_Blank
"[TG(51:9),TG(50:2)]_FA16:0",TAG,51721.743171691895,39366.743965148926,33748.88285827637,15050.241062164307,296023.455368042,79241.58562469482,141529.10816192627,52226.42373275757,1304.760097503662,Group: B,Group: C,Group: B vs Group: C,4,4,Blank_Blank_Blank
"[TG(51:9),TG(50:2)]_FA16:1",TAG,56360.46584320068,36930.481353759766,32242.981620788574,11024.140758514404,21073.020946502686,92580.58497238159,133291.89475631714,117324.60792541504,1861.8801345825195,Group: B,Group: C,Group: B vs Group: C,4,4,Blank_Blank_Blank
"[TG(51:9),TG(50:2)]_FA18:0",TAG,1032.62007522583,1425.3601303100586,1427.0000953674316,1080.2000770568848,1703.2201080322266,1398.480094909668,2070.540153503418,1786.1201438903809,1076.000087738037,Group: B,Group: C,Group: B vs Group: C,4,4,Blank_Blank_Blank
"[TG(51:9),TG(50:2)]_FA18:1",TAG,25857.121547698975,5349.860305786133,22196.981212615967,3994.260223388672,36809.50363922119,17794.001289367676,22673.92180633545,23132.10185623169,1695.4601402282715,Group: B,Group: C,Group: B vs Group: C,4,4,Blank_Blank_Blank
"[TG(51:9),TG(50:2)]_FA18:2",TAG,6709.780498504639,14899.46118927002,32929.302909851074,7912.5405197143555,45219.24405288696,26840.041431427002,56713.40409088135,15024.321086883545,1194.54008102417,Group: B,Group: C,Group: B vs Group: C,4,4,Blank_Blank_Blank
"[TG(51:9),TG(50:2)]_FA18:3",TAG,1388.9801025390625,1511.440113067627,1329.7000999450684,1242.720085144043,1638.8401107788086,1464.2400970458984,1370.3000984191895,1391.2601013183594,1255.4400787353516,Group: B,Group: C,Group: B vs Group: C,4,4,Blank_Blank_Blank
"[TG(51:9),TG(50:2)]_FA20:4",TAG,1275.6000900268555,1286.0200805664062,1252.3200874328613,1248.3600883483887,1253.4800834655762,1301.160083770752,1247.8000831604004,1263.000087738037,1248.7200889587402,Group: B,Group: C,Group: B vs Group: C,4,4,Blank_Blank_Blank
"[TG(51:9),TG(50:2)]_FA22:5",TAG,1601.5201225280762,1457.260097503662,1464.6400909423828,1566.3800964355469,1462.2201042175293,1413.4801063537598,1538.9601135253906,1618.9001083374023,1375.900089263916,Group: B,Group: C,Group: B vs Group: C,4,4,Blank_Blank_Blank
"[TG(51:9),TG(50:2)]_FA22:6",TAG,1729.2801246643066,1688.5401229858398,1765.5201110839844,1582.0201110839844,1534.8401069641113,1672.4001121520996,1526.2201080322266,1538.2801055908203,1671.7801132202148,Group: B,Group: C,Group: B vs Group: C,4,4,Blank_Blank_Blank
"[TG(52:10),TG(51:3)]_FA14:0",TAG,1042.980068206787,997.3000717163086,1072.7000732421875,1094.0200691223145,1059.000072479248,1047.0000686645508,1037.360065460205,1010.5800666809082,1008.0600662231445,Group: B,Group: C,Group: B vs Group: C,4,4,Blank_Blank_Blank
"[TG(52:10),TG(51:3)]_FA16:0",TAG,1449.9601135253906,1154.8400802612305,3030.360137939453,1576.8801155090332,4178.200275421143,2757.440155029297,2692.6601905822754,2032.60013961792,975.3400802612305,Group: B,Group: C,Group: B vs Group: C,4,4,Blank_Blank_Blank
"[TG(52:10),TG(51:3)]_FA16:1",TAG,1521.3001022338867,1883.7601585388184,1944.8401412963867,1165.3000869750977,1512.9401206970215,2982.3001670837402,3003.8201751708984,4020.300277709961,1417.8400802612305,Group: B,Group: C,Group: B vs Group: C,4,4,Blank_Blank_Blank
"[TG(52:10),TG(51:3)]_FA18:0",TAG,1031.0000686645508,968.9200592041016,970.7800559997559,1005.2200698852539,992.8400688171387,1000.9200706481934,1009.2600746154785,993.0800666809082,969.6000709533691,Group: B,Group: C,Group: B vs Group: C,4,4,Blank_Blank_Blank
"[TG(52:10),TG(51:3)]_FA18:1",TAG,1513.7401008605957,1811.7401390075684,1637.2601127624512,1533.8600959777832,3116.760208129883,1273.04008102417,2154.440185546875,1779.320167541504,1182.3600807189941,Group: B,Group: C,Group: B vs Group: C,4,4,Blank_Blank_Blank
"[TG(52:10),TG(51:3)]_FA18:2",TAG,3402.8202171325684,2956.1602210998535,5437.820293426514,2213.5401496887207,3130.8602294921875,5240.7603187561035,6615.9404373168945,3578.4803047180176,1343.5400848388672,Group: B,Group: C,Group: B vs Group: C,4,4,Blank_Blank_Blank
"[TG(52:10),TG(51:3)]_FA18:3",TAG,1289.6600875854492,1281.480094909668,1175.260082244873,1169.1200866699219,1460.500114440918,1261.7600898742676,1238.5800895690918,1171.9600830078125,1184.9800834655762,Group: B,Group: C,Group: B vs Group: C,4,4,Blank_Blank_Blank
"[TG(52:10),TG(51:3)]_FA20:4",TAG,1328.2600936889648,1283.7000846862793,1309.020092010498,1248.5200843811035,1289.2200965881348,1253.2800903320312,1248.2200927734375,1248.3200874328613,1247.2400856018066,Group: B,Group: C,Group: B vs Group: C,4,4,Blank_Blank_Blank
"[TG(52:10),TG(51:3)]_FA22:5",TAG,1398.6200866699219,1456.480094909668,1376.0601043701172,1423.380111694336,1391.1400909423828,1376.740089416504,1386.8200874328613,1379.440097808838,1375.720100402832,Group: B,Group: C,Group: B vs Group: C,4,4,Blank_Blank_Blank
"[TG(52:10),TG(51:3)]_FA22:6",TAG,1537.4800987243652,1520.460117340088,1523.7601051330566,1550.1800994873047,1500.4401054382324,1494.6001014709473,1500.020107269287,1515.2801094055176,1498.5801010131836,Group: B,Group: C,Group: B vs Group: C,4,4,Blank_Blank_Blank
[TG(52:4)]_FA14:0,TAG,1913.0201568603516,1785.0801429748535,1550.200096130371,1461.540096282959,1834.740135192871,1944.9801216125488,4014.2202682495117,1369.0800857543945,971.6200675964355,Group: B,Group: C,Group: B vs Group: C,4,4,Blank_Blank_Blank
[TG(52:4)]_FA16:0,TAG,53070.784366607666,56237.30585479736,157450.12719345093,18852.401317596436,239802.85011291504,129940.13063049316,116833.9867477417,57441.88541793823,1116.2600860595703,Group: B,Group: C,Group: B vs Group: C,4,4,Blank_Blank_Blank
[TG(52:4)]_FA16:1,TAG,49735.202533721924,50708.18462371826,26235.82243347168,38177.0841217041,22078.24151611328,139009.0445022583,159918.35219192505,173878.75434875488,1214.5000839233398,Group: B,Group: C,Group: B vs Group: C,4,4,Blank_Blank_Blank
[TG(52:4)]_FA18:0,TAG,1168.4600791931152,1218.6200866699219,1049.580078125,1042.1400756835938,1029.7400703430176,1137.020076751709,1632.8401260375977,1200.5800895690918,969.9800758361816,Group: B,Group: C,Group: B vs Group: C,4,4,Blank_Blank_Blank
[TG(52:4)]_FA18:1,TAG,27116.54136276245,17174.96109008789,34815.18284988403,11816.840919494629,45435.44427871704,28390.54192352295,45152.30262374878,28904.52276611328,1269.780086517334,Group: B,Group: C,Group: B vs Group: C,4,4,Blank_Blank_Blank
[TG(52:4)]_FA18:2,TAG,107321.72755432129,133395.02835845947,332782.85943984985,101958.42985534668,221425.6849937439,298139.0777130127,447638.05699157715,140459.64965820312,1365.160083770752,Group: B,Group: C,Group: B vs Group: C,4,4,Blank_Blank_Blank
[TG(52:4)]_FA18:3,TAG,26238.72173690796,29076.461334228516,23600.92226409912,18239.221462249756,30354.08229446411,35750.74285888672,26835.48221206665,12364.520900726318,1207.9200744628906,Group: B,Group: C,Group: B vs Group: C,4,4,Blank_Blank_Blank
[TG(52:4)]_FA20:4,TAG,3926.1802864074707,3955.2202529907227,2544.840175628662,2427.060157775879,2978.380195617676,3098.0002479553223,8256.300567626953,3394.860305786133,1258.7600936889648,Group: B,Group: C,Group: B vs Group: C,4,4,Blank_Blank_Blank
[TG(52:5)]_FA14:0,TAG,1860.5401344299316,1577.8001289367676,1090.3400802612305,1370.8601036071777,1632.880111694336,1824.8001098632812,3458.120258331299,1376.4401092529297,970.6400680541992,Group: B,Group: C,Group: B vs Group: C,4,4,Blank_Blank_Blank
[TG(52:5)]_FA16:0,TAG,3079.5202827453613,6783.920597076416,15619.681365966797,2766.000186920166,28602.342571258545,11778.82099533081,12071.621036529541,3110.2602005004883,984.1600723266602,Group: B,Group: C,Group: B vs Group: C,4,4,Blank_Blank_Blank
[TG(52:5)]_FA16:1,TAG,19880.740924835205,22049.001232147217,23654.14111328125,23469.46156311035,10948.421035766602,55798.56325149536,61638.544441223145,49643.16298675537,1087.940071105957,Group: B,Group: C,Group: B vs Group: C,4,4,Blank_Blank_Blank
[TG(52:5)]_FA18:0,TAG,969.7200698852539,1055.240062713623,1032.4000701904297,982.7800788879395,1008.2200736999512,969.6400680541992,1047.8600730895996,973.260066986084,1084.7600860595703,Group: B,Group: C,Group: B vs Group: C,4,4,Blank_Blank_Blank
[TG(52:5)]_FA18:1,TAG,2714.2001991271973,2299.9201431274414,2800.960159301758,1900.2801322937012,3834.5402870178223,2805.1402282714844,3785.2203254699707,2841.1402320861816,1066.260082244873,Group: B,Group: C,Group: B vs Group: C,4,4,Blank_Blank_Blank
[TG(52:5)]_FA18:2,TAG,19287.96075439453,21614.441333770752,57288.663513183594,22279.742183685303,36969.44355010986,55342.044273376465,80741.52577209473,28139.581310272217,1202.1600914001465,Group: B,Group: C,Group: B vs Group: C,4,4,Blank_Blank_Blank
[TG(52:5)]_FA18:3,TAG,26334.881225585938,29512.401531219482,25025.522399902344,21941.081825256348,28659.42238998413,37485.96291732788,25789.8618850708,8564.740509033203,1271.3600959777832,Group: B,Group: C,Group: B vs Group: C,4,4,Blank_Blank_Blank
[TG(52:5)]_FA20:4,TAG,5426.940322875977,4457.200294494629,2930.960178375244,2895.420135498047,3298.9202842712402,4676.680370330811,11545.621032714844,3867.0203285217285,1247.2000923156738,Group: B,Group: C,Group: B vs Group: C,4,4,Blank_Blank_Blank
[TG(52:5)]_FA22:5,TAG,1663.1001052856445,1850.280128479004,1477.7601013183594,1837.3001403808594,1410.500099182129,1480.360107421875,1702.9201202392578,2369.7401809692383,1440.6600914001465,Group: B,Group: C,Group: B vs Group: C,4,4,Blank_Blank_Blank
[TG(52:6)]_FA14:0,TAG,1663.0001220703125,1294.340087890625,1189.7400856018066,1320.1200790405273,1347.3200912475586,1105.500072479248,2337.5401344299316,1100.760082244873,970.9600639343262,Group: B,Group: C,Group: B vs Group: C,4,4,Blank_Blank_Blank
[TG(52:6)]_FA16:0,TAG,1195.5800971984863,1261.2000617980957,1916.2401504516602,1217.2000885009766,3006.7802543640137,1144.5200805664062,1615.2601013183594,1471.5800819396973,1057.740077972412,Group: B,Group: C,Group: B vs Group: C,4,4,Blank_Blank_Blank
[TG(52:6)]_FA16:1,TAG,3607.7802810668945,3738.700336456299,3681.3402366638184,3644.9001846313477,2271.64017868042,7012.1405029296875,6797.380443572998,6255.840362548828,1047.960075378418,Group: B,Group: C,Group: B vs Group: C,4,4,Blank_Blank_Blank
[TG(52:6)]_FA18:0,TAG,969.9000663757324,1029.8800811767578,970.1000671386719,1080.62007522583,1021.000072479248,1031.9400825500488,1065.6400833129883,1007.1000671386719,1008.7400703430176,Group: B,Group: C,Group: B vs Group: C,4,4,Blank_Blank_Blank
[TG(52:6)]_FA18:1,TAG,1105.8000755310059,1080.0600776672363,1174.3200798034668,1054.3400802612305,1146.0400695800781,1047.9400749206543,1246.8600730895996,1186.7200889587402,1053.560073852539,Group: B,Group: C,Group: B vs Group: C,4,4,Blank_Blank_Blank
[TG(52:6)]_FA18:2,TAG,2702.9001960754395,2503.460174560547,4808.020206451416,2853.200210571289,4098.900318145752,5096.040332794189,6380.720600128174,3596.780185699463,1086.4800605773926,Group: B,Group: C,Group: B vs Group: C,4,4,Blank_Blank_Blank
[TG(52:6)]_FA18:3,TAG,5260.740306854248,6567.040439605713,4989.600379943848,5876.680347442627,6436.320503234863,7609.5606117248535,5780.440418243408,3213.1602325439453,1173.0200805664062,Group: B,Group: C,Group: B vs Group: C,4,4,Blank_Blank_Blank
[TG(52:6)]_FA20:4,TAG,2101.900173187256,2393.4601287841797,1966.3401260375977,2191.760150909424,1945.1001586914062,2638.3001976013184,5013.540241241455,2787.700225830078,1275.6400833129883,Group: B,Group: C,Group: B vs Group: C,4,4,Blank_Blank_Blank
[TG(52:6)]_FA22:5,TAG,1572.020107269287,1415.2000999450684,1401.9801025390625,1481.7200965881348,1391.5401000976562,1413.7801094055176,1501.3801078796387,1485.6400985717773,1410.4401016235352,Group: B,Group: C,Group: B vs Group: C,4,4,Blank_Blank_Blank
[TG(52:6)]_FA22:6,TAG,1770.020118713379,1634.16011428833,1680.8801193237305,1750.5801315307617,1567.600112915039,1837.2201309204102,2392.580181121826,1612.4801177978516,1563.0001182556152,Group: B,Group: C,Group: B vs Group: C,4,4,Blank_Blank_Blank
"[TG(52:7),TG(51:0)]_FA14:0",TAG,1235.7000770568848,1083.720085144043,1015.0800666809082,1200.2200927734375,1084.6800689697266,1145.9600868225098,1672.8601112365723,1034.740062713623,1062.6600723266602,Group: B,Group: C,Group: B vs Group: C,4,4,Blank_Blank_Blank
"[TG(52:7),TG(51:0)]_FA16:0",TAG,1032.4400672912598,1160.5200843811035,1632.6401138305664,1154.5800819396973,1915.7001342773438,1160.000087738037,1257.4000778198242,1291.8600845336914,1088.220069885254,Group: B,Group: C,Group: B vs Group: C,4,4,Blank_Blank_Blank
"[TG(52:7),TG(51:0)]_FA16:1",TAG,1225.5800819396973,1056.4800720214844,1236.8200874328613,1329.6400871276855,1268.3800964355469,1476.8001098632812,1179.2800827026367,1464.9000930786133,1202.3000793457031,Group: B,Group: C,Group: B vs Group: C,4,4,Blank_Blank_Blank
"[TG(52:7),TG(51:0)]_FA18:0",TAG,1015.7600631713867,1438.8400917053223,1166.240077972412,1063.0000839233398,1159.4400787353516,1179.3600807189941,1053.1200714111328,1067.300090789795,1067.1000862121582,Group: B,Group: C,Group: B vs Group: C,4,4,Blank_Blank_Blank
"[TG(52:7),TG(51:0)]_FA18:1",TAG,1122.7600860595703,1072.180076599121,1278.420078277588,1054.7000770568848,1070.3600692749023,1060.1800651550293,1048.5600776672363,1119.6800804138184,1078.000072479248,Group: B,Group: C,Group: B vs Group: C,4,4,Blank_Blank_Blank
"[TG(52:7),TG(51:0)]_FA18:2",TAG,1325.6000862121582,1086.8000755310059,1122.2800750732422,1225.2400932312012,1223.220085144043,1405.720100402832,1756.3201332092285,1180.4800834655762,1087.7200813293457,Group: B,Group: C,Group: B vs Group: C,4,4,Blank_Blank_Blank
"[TG(52:7),TG(51:0)]_FA18:3",TAG,1415.6200942993164,1419.9601020812988,1336.860092163086,1413.4600982666016,1686.4400939941406,1647.8801040649414,1394.7801094055176,1251.2400856018066,1189.1600799560547,Group: B,Group: C,Group: B vs Group: C,4,4,Blank_Blank_Blank
"[TG(52:7),TG(51:0)]_FA20:4",TAG,1250.5400848388672,1275.7200889587402,1250.700080871582,1337.9600944519043,1293.3000869750977,1302.7400856018066,1287.9000930786133,1265.800090789795,1247.160083770752,Group: B,Group: C,Group: B vs Group: C,4,4,Blank_Blank_Blank
"[TG(52:7),TG(51:0)]_FA22:5",TAG,1377.4401016235352,1437.6001014709473,1377.760082244873,1373.9200973510742,1374.3001098632812,1389.8200912475586,1437.360092163086,1379.340087890625,1374.7401084899902,Group: B,Group: C,Group: B vs Group: C,4,4,Blank_Blank_Blank
"[TG(52:7),TG(51:0)]_FA22:6",TAG,1574.980110168457,1546.520118713379,1731.7601203918457,1683.4201164245605,1631.7601203918457,1563.5001068115234,1702.360122680664,1503.6601104736328,1558.7201232910156,Group: B,Group: C,Group: B vs Group: C,4,4,Blank_Blank_Blank
"[TG(52:8),TG(51:1)]_FA14:0",TAG,1008.9600677490234,1037.1600761413574,1065.5400695800781,1031.140079498291,1050.0200881958008,1065.920078277588,1013.8000564575195,973.9000625610352,1021.7800674438477,Group: B,Group: C,Group: B vs Group: C,4,4,Blank_Blank_Blank
"[TG(52:8),TG(51:1)]_FA16:0",TAG,1455.0801124572754,1017.9600563049316,2349.58012008667,1260.3800773620605,3843.9203033447266,1383.4400901794434,2344.8001403808594,1715.1801300048828,1116.4000778198242,Group: B,Group: C,Group: B vs Group: C,4,4,Blank_Blank_Blank
"[TG(52:8),TG(51:1)]_FA16:1",TAG,1175.0800819396973,1141.5600814819336,1087.6600875854492,1116.8200798034668,1154.6600646972656,1120.5200843811035,1175.920078277588,1402.880111694336,1076.0400772094727,Group: B,Group: C,Group: B vs Group: C,4,4,Blank_Blank_Blank
"[TG(52:8),TG(51:1)]_FA18:0",TAG,1159.320083618164,1107.480068206787,1094.400074005127,1158.720069885254,1014.8200721740723,1236.3400840759277,1259.54008102417,1028.1400833129883,1046.9800720214844,Group: B,Group: C,Group: B vs Group: C,4,4,Blank_Blank_Blank
"[TG(52:8),TG(51:1)]_FA18:1",TAG,1354.5600891113281,1385.3000946044922,2204.1201400756836,1251.500099182129,2023.8001403808594,1519.3400955200195,1477.3801193237305,1412.8601036071777,1394.6000938415527,Group: B,Group: C,Group: B vs Group: C,4,4,Blank_Blank_Blank
"[TG(52:8),TG(51:1)]_FA18:2",TAG,1198.0600814819336,1150.0400733947754,1174.3000869750977,1111.4200820922852,1238.320083618164,1467.3200950622559,1229.7600746154785,1119.0800819396973,1088.0600776672363,Group: B,Group: C,Group: B vs Group: C,4,4,Blank_Blank_Blank
"[TG(52:8),TG(51:1)]_FA18:3",TAG,1167.4000816345215,1182.5400924682617,1221.7600898742676,1239.9400825500488,1215.8400840759277,1236.300090789795,1223.440086364746,1172.4000816345215,1172.6400756835938,Group: B,Group: C,Group: B vs Group: C,4,4,Blank_Blank_Blank
"[TG(52:8),TG(51:1)]_FA20:4",TAG,1292.080093383789,1252.6200790405273,1251.420078277588,1247.8000946044922,1276.2800903320312,1252.54008102417,1293.3600997924805,1248.4800834655762,1245.9200897216797,Group: B,Group: C,Group: B vs Group: C,4,4,Blank_Blank_Blank
"[TG(52:8),TG(51:1)]_FA22:5",TAG,1420.7201042175293,1453.7000999450684,1425.0401000976562,1451.3201026916504,1375.2400970458984,1375.7400932312012,1422.8801002502441,1419.7400970458984,1465.2601051330566,Group: B,Group: C,Group: B vs Group: C,4,4,Blank_Blank_Blank
"[TG(52:8),TG(51:1)]_FA22:6",TAG,1498.9201011657715,1511.100112915039,1584.5601081848145,1574.5401077270508,1499.820110321045,1527.120101928711,1598.8801040649414,1509.9201011657715,1540.2201042175293,Group: B,Group: C,Group: B vs Group: C,4,4,Blank_Blank_Blank
"[TG(52:9),TG(51:2)]_FA14:0",TAG,1168.3200912475586,1031.8000717163086,1045.880069732666,999.1200637817383,981.5800704956055,1042.1000747680664,1212.920078277588,1001.8400650024414,974.5800628662109,Group: B,Group: C,Group: B vs Group: C,4,4,Blank_Blank_Blank
"[TG(52:9),TG(51:2)]_FA16:0",TAG,1928.4001197814941,2287.760166168213,4627.940456390381,1540.000087738037,7374.720375061035,4213.680282592773,4554.000381469727,1615.7601203918457,972.8800735473633,Group: B,Group: C,Group: B vs Group: C,4,4,Blank_Blank_Blank
"[TG(52:9),TG(51:2)]_FA16:1",TAG,1738.4401206970215,1242.700080871582,1551.220100402832,1438.1401062011719,1200.6200790405273,2355.1601638793945,2154.820140838623,2445.860195159912,1446.520092010498,Group: B,Group: C,Group: B vs Group: C,4,4,Blank_Blank_Blank
"[TG(52:9),TG(51:2)]_FA18:0",TAG,1150.180076599121,1137.7600784301758,1107.9200820922852,984.880069732666,968.7200660705566,1063.960075378418,1440.5601119995117,1018.6000862121582,999.8400764465332,Group: B,Group: C,Group: B vs Group: C,4,4,Blank_Blank_Blank
"[TG(52:9),TG(51:2)]_FA18:1",TAG,3327.1201705932617,2411.7401809692383,4197.240310668945,1634.1601295471191,4465.720317840576,2854.2201385498047,3429.020217895508,3254.1402015686035,1498.3401145935059,Group: B,Group: C,Group: B vs Group: C,4,4,Blank_Blank_Blank
"[TG(52:9),TG(51:2)]_FA18:2",TAG,1618.360122680664,1786.5801239013672,2336.2601356506348,1305.2800941467285,1395.9600944519043,1544.460117340088,2020.4801406860352,1350.2400932312012,1110.3000793457031,Group: B,Group: C,Group: B vs Group: C,4,4,Blank_Blank_Blank
"[TG(52:9),TG(51:2)]_FA18:3",TAG,1168.6800804138184,1217.5400886535645,1167.8800773620605,1212.4000854492188,1206.7000846862793,1229.8800964355469,1173.340072631836,1172.8600769042969,1172.1600761413574,Group: B,Group: C,Group: B vs Group: C,4,4,Blank_Blank_Blank
"[TG(52:9),TG(51:2)]_FA20:4",TAG,1249.780086517334,1252.5800819396973,1338.9400939941406,1247.9000930786133,1252.8200950622559,1295.680088043213,1295.760097503662,1247.5800857543945,1246.9600830078125,Group: B,Group: C,Group: B vs Group: C,4,4,Blank_Blank_Blank
"[TG(52:9),TG(51:2)]_FA22:5",TAG,1382.5800971984863,1377.720085144043,1393.9000854492188,1395.3600959777832,1374.300090789795,1413.6001014709473,1393.7200927734375,1403.1600914001465,1400.6000938415527,Group: B,Group: C,Group: B vs Group: C,4,4,Blank_Blank_Blank
"[TG(52:9),TG(51:2)]_FA22:6",TAG,1498.5200958251953,1508.7401008605957,1515.8201026916504,1543.8201217651367,1500.420108795166,1493.0801048278809,1500.080093383789,1505.9001083374023,1498.5001029968262,Group: B,Group: C,Group: B vs Group: C,4,4,Blank_Blank_Blank
"[TG(53:10),TG(52:3)]_FA14:0",TAG,2584.8201484680176,1353.1000938415527,1244.3000869750977,1376.2600784301758,2355.7601623535156,2270.280132293701,2793.000186920166,1508.280101776123,971.0200691223145,Group: B,Group: C,Group: B vs Group: C,4,4,Blank_Blank_Blank
"[TG(53:10),TG(52:3)]_FA16:0",TAG,153656.49113845825,64102.48566818237,398240.51792144775,81639.92617416382,574816.6695251465,370443.14112472534,399971.89601898193,224578.54149627686,1291.5000915527344,Group: B,Group: C,Group: B vs Group: C,4,4,Blank_Blank_Blank
"[TG(53:10),TG(52:3)]_FA16:1",TAG,47544.04353713989,38399.3030090332,18222.04119491577,18943.96146774292,15658.720863342285,105541.34674453735,147186.6940612793,175815.75129699707,1544.06010055542,Group: B,Group: C,Group: B vs Group: C,4,4,Blank_Blank_Blank
"[TG(53:10),TG(52:3)]_FA18:0",TAG,3055.4801864624023,4544.460296630859,2610.940216064453,2392.980167388916,3743.400287628174,4005.380340576172,14419.581211090088,2589.160167694092,1024.2000732421875,Group: B,Group: C,Group: B vs Group: C,4,4,Blank_Blank_Blank
"[TG(53:10),TG(52:3)]_FA18:1",TAG,181921.17343521118,95587.6886253357,242895.3166847229,52317.68413543701,287978.894821167,154498.29149627686,241379.03828048706,168528.1111907959,2161.1401443481445,Group: B,Group: C,Group: B vs Group: C,4,4,Blank_Blank_Blank
"[TG(53:10),TG(52:3)]_FA18:2",TAG,137084.01322937012,152281.5112991333,411293.2481613159,83973.84775543213,271467.6235733032,414118.28845977783,594214.2363777161,214702.04078292847,1596.5001182556152,Group: B,Group: C,Group: B vs Group: C,4,4,Blank_Blank_Blank
"[TG(53:10),TG(52:3)]_FA18:3",TAG,3752.080291748047,3914.100269317627,3336.8802070617676,2994.940227508545,4696.180419921875,4848.460330963135,3961.2603187561035,1998.420124053955,1199.7400741577148,Group: B,Group: C,Group: B vs Group: C,4,4,Blank_Blank_Blank
"[TG(53:10),TG(52:3)]_FA20:4",TAG,1529.5401077270508,1484.480094909668,1410.4000930786133,1248.0800971984863,1410.2800827026367,1544.1001052856445,1602.020118713379,1405.9801063537598,1247.10009765625,Group: B,Group: C,Group: B vs Group: C,4,4,Blank_Blank_Blank
"[TG(53:10),TG(52:3)]_FA22:5",TAG,2316.8401412963867,3269.140251159668,1766.7801322937012,2362.3801651000977,1763.5401344299316,2039.5801620483398,2570.1801948547363,3687.9403076171875,1376.4600982666016,Group: B,Group: C,Group: B vs Group: C,4,4,Blank_Blank_Blank
"[TG(53:10),TG(52:3)]_FA22:6",TAG,1538.4401016235352,1616.880111694336,1723.060131072998,1575.6801147460938,1499.5601043701172,1533.3401184082031,1587.4001007080078,1660.9001197814941,1532.10009765625,Group: B,Group: C,Group: B vs Group: C,4,4,Blank_Blank_Blank
[TG(53:6)]_FA14:0,TAG,1050.280071258545,972.6600685119629,970.5600662231445,1104.160083770752,990.6600723266602,1019.3600692749023,1036.7000732421875,973.6200752258301,970.6000709533691,Group: B,Group: C,Group: B vs Group: C,4,4,Blank_Blank_Blank
[TG(53:6)]_FA16:0,TAG,1057.9600791931152,1035.1200714111328,1035.8800735473633,1020.5200614929199,1334.7000999450684,1008.2400665283203,1133.820068359375,999.7800636291504,969.5000534057617,Group: B,Group: C,Group: B vs Group: C,4,4,Blank_Blank_Blank
[TG(53:6)]_FA16:1,TAG,1068.8600769042969,1082.380069732666,1059.7200775146484,1049.8600807189941,1051.0600776672363,1181.7400856018066,1122.980079650879,1106.6800804138184,1047.8000755310059,Group: B,Group: C,Group: B vs Group: C,4,4,Blank_Blank_Blank
[TG(53:6)]_FA18:0,TAG,1019.3000755310059,1109.9200859069824,1011.2600746154785,1122.700080871582,1055.2000694274902,1015.5800666809082,1160.5800971984863,1045.6600799560547,970.0600700378418,Group: B,Group: C,Group: B vs Group: C,4,4,Blank_Blank_Blank
[TG(53:6)]_FA18:1,TAG,1106.080078125,1056.180076599121,1102.9200859069824,1071.740077972412,1119.0000762939453,1070.1000671386719,1096.580078125,1088.5000686645508,1054.3600692749023,Group: B,Group: C,Group: B vs Group: C,4,4,Blank_Blank_Blank
[TG(53:6)]_FA18:2,TAG,1106.8600692749023,1128.1600799560547,1317.0400848388672,1260.9200859069824,1432.8200874328613,1627.5601272583008,1325.3801002502441,1196.0800857543945,1106.940071105957,Group: B,Group: C,Group: B vs Group: C,4,4,Blank_Blank_Blank
[TG(53:6)]_FA18:3,TAG,1247.5400886535645,1466.260097503662,1339.6800956726074,1288.64009475708,1316.360092163086,1382.5000915527344,1252.1600875854492,1255.1800842285156,1213.3200874328613,Group: B,Group: C,Group: B vs Group: C,4,4,Blank_Blank_Blank
[TG(53:6)]_FA20:4,TAG,1484.4000930786133,1604.2801132202148,1473.7401123046875,1647.2601318359375,1494.1801109313965,1710.100112915039,1748.840129852295,1285.080093383789,1293.8200874328613,Group: B,Group: C,Group: B vs Group: C,4,4,Blank_Blank_Blank
[TG(53:6)]_FA22:5,TAG,1402.8600883483887,1394.2400856018066,1401.4000930786133,1469.540096282959,1375.1600952148438,1558.3801193237305,1433.0800895690918,1380.6200866699219,1376.1401023864746,Group: B,Group: C,Group: B vs Group: C,4,4,Blank_Blank_Blank
[TG(53:6)]_FA22:6,TAG,1591.0201110839844,1628.6401252746582,1706.2201118469238,1505.960105895996,1525.1601066589355,1509.4801139831543,1571.900104522705,1635.220115661621,1532.1001052856445,Group: B,Group: C,Group: B vs Group: C,4,4,Blank_Blank_Blank
"[TG(53:7),TG(52:0)]_FA14:0",TAG,1218.2200775146484,1080.8000755310059,1014.6400833129883,1073.500087738037,1046.2400741577148,1139.4000854492188,1056.8400764465332,1048.0000839233398,1252.3200950622559,Group: B,Group: C,Group: B vs Group: C,4,4,Blank_Blank_Blank
"[TG(53:7),TG(52:0)]_FA16:0",TAG,1494.5201110839844,1322.0600891113281,2534.420166015625,1175.8800773620605,3823.580234527588,1985.9801330566406,2254.200149536133,1611.1401138305664,1262.2600936889648,Group: B,Group: C,Group: B vs Group: C,4,4,Blank_Blank_Blank
"[TG(53:7),TG(52:0)]_FA16:1",TAG,1082.7400741577148,1108.6200790405273,1144.6800804138184,1081.640079498291,1050.9800758361816,1071.9000701904297,1060.7600746154785,1069.04008102417,1068.4000701904297,Group: B,Group: C,Group: B vs Group: C,4,4,Blank_Blank_Blank
"[TG(53:7),TG(52:0)]_FA18:0",TAG,2046.7401504516602,1923.0601539611816,2682.900218963623,1804.3201293945312,1709.6001319885254,2416.960147857666,7166.400337219238,1739.2601356506348,1900.0801277160645,Group: B,Group: C,Group: B vs Group: C,4,4,Blank_Blank_Blank
"[TG(53:7),TG(52:0)]_FA18:1",TAG,1568.8801155090332,1255.680103302002,1807.1401329040527,1105.6400871276855,1767.2400817871094,1529.8801155090332,1363.7800941467285,1488.3801155090332,1084.100082397461,Group: B,Group: C,Group: B vs Group: C,4,4,Blank_Blank_Blank
"[TG(53:7),TG(52:0)]_FA18:2",TAG,1158.180076599121,1085.6000747680664,1211.9800834655762,1150.140079498291,1354.4600830078125,1263.740089416504,1139.0600814819336,1116.2200889587402,1087.54008102417,Group: B,Group: C,Group: B vs Group: C,4,4,Blank_Blank_Blank
"[TG(53:7),TG(52:0)]_FA18:3",TAG,1233.0000801086426,1268.8600807189941,1301.2200927734375,1204.0200805664062,1215.8000869750977,1261.6400909423828,1227.1400833129883,1186.2800750732422,1172.080078125,Group: B,Group: C,Group: B vs Group: C,4,4,Blank_Blank_Blank
"[TG(53:7),TG(52:0)]_FA20:4",TAG,1304.1400985717773,1307.0000953674316,1256.240089416504,1291.400089263916,1284.800090789795,1276.8600845336914,1295.8800888061523,1248.1000938415527,1247.6800842285156,Group: B,Group: C,Group: B vs Group: C,4,4,Blank_Blank_Blank
"[TG(53:7),TG(52:0)]_FA22:5",TAG,1377.6001052856445,1433.2800979614258,1376.9600944519043,1411.0600929260254,1374.540096282959,1375.7800979614258,1495.8401069641113,1383.260097503662,1434.500087738037,Group: B,Group: C,Group: B vs Group: C,4,4,Blank_Blank_Blank
"[TG(53:7),TG(52:0)]_FA22:6",TAG,1529.5801239013672,1575.9601097106934,1579.460105895996,1576.6801109313965,1582.8801155090332,1566.0601043701172,1528.960090637207,1535.4600982666016,1498.3601036071777,Group: B,Group: C,Group: B vs Group: C,4,4,Blank_Blank_Blank
"[TG(53:8),TG(52:1)]_FA14:0",TAG,1240.3800888061523,988.9600715637207,973.4000663757324,1020.1400756835938,1023.580078125,1339.500087738037,1474.6600914001465,972.6000709533691,983.9000701904297,Group: B,Group: C,Group: B vs Group: C,4,4,Blank_Blank_Blank
"[TG(53:8),TG(52:1)]_FA16:0",TAG,11663.880668640137,8424.840805053711,25130.96294403076,1731.6001205444336,44993.06327819824,21751.1212310791,28733.14186477661,18784.321613311768,1064.1000709533691,Group: B,Group: C,Group: B vs Group: C,4,4,Blank_Blank_Blank
"[TG(53:8),TG(52:1)]_FA16:1",TAG,1470.6401100158691,1106.1600761413574,1257.5800819396973,1323.8600845336914,1301.10009765625,1668.7000999450684,2205.160167694092,1915.1401557922363,1047.4400634765625,Group: B,Group: C,Group: B vs Group: C,4,4,Blank_Blank_Blank
"[TG(53:8),TG(52:1)]_FA18:0",TAG,7809.120498657227,5306.140243530273,12650.56061553955,4152.900287628174,11375.420707702637,9663.520915985107,60373.562633514404,7758.12047958374,1242.9200820922852,Group: B,Group: C,Group: B vs Group: C,4,4,Blank_Blank_Blank
"[TG(53:8),TG(52:1)]_FA18:1",TAG,18026.540855407715,8414.920486450195,22569.48176574707,3118.000171661377,23529.34204864502,13430.920715332031,19572.70153427124,16379.72099685669,1997.0201416015625,Group: B,Group: C,Group: B vs Group: C,4,4,Blank_Blank_Blank
"[TG(53:8),TG(52:1)]_FA18:2",TAG,1389.200080871582,1447.9001083374023,2216.0801391601562,1416.2201080322266,1826.440128326416,2541.30020904541,2352.460189819336,1503.9201049804688,1095.1400680541992,Group: B,Group: C,Group: B vs Group: C,4,4,Blank_Blank_Blank
"[TG(53:8),TG(52:1)]_FA18:3",TAG,1168.0000762939453,1242.6400909423828,1168.62007522583,1166.680088043213,1182.8000831604004,1192.6000785827637,1172.9000816345215,1172.1200828552246,1171.9400787353516,Group: B,Group: C,Group: B vs Group: C,4,4,Blank_Blank_Blank
"[TG(53:8),TG(52:1)]_FA20:4",TAG,1269.3800926208496,1316.740089416504,1251.600082397461,1248.8000984191895,1252.7400932312012,1254.0400695800781,1248.64009475708,1248.5200881958008,1300.4200897216797,Group: B,Group: C,Group: B vs Group: C,4,4,Blank_Blank_Blank
"[TG(53:8),TG(52:1)]_FA22:5",TAG,1376.9601020812988,1453.440086364746,1376.8000984191895,1372.8800926208496,1374.860092163086,1427.1200942993164,1377.1201057434082,1439.120101928711,1376.2200965881348,Group: B,Group: C,Group: B vs Group: C,4,4,Blank_Blank_Blank
"[TG(53:8),TG(52:1)]_FA22:6",TAG,1533.680118560791,1497.6201057434082,1502.3201065063477,1528.5601043701172,1499.960090637207,1565.7801094055176,1609.0201263427734,1499.2801094055176,1498.5401077270508,Group: B,Group: C,Group: B vs Group: C,4,4,Blank_Blank_Blank
"[TG(53:9),TG(52:2)]_FA14:0",TAG,1800.640121459961,1210.3800888061523,1408.1601104736328,1350.8800888061523,1977.4601211547852,1283.740089416504,4101.560241699219,1616.9201431274414,1001.1000671386719,Group: B,Group: C,Group: B vs Group: C,4,4,Blank_Blank_Blank
"[TG(53:9),TG(52:2)]_FA16:0",TAG,106156.07041168213,84838.00547027588,253609.89678955078,31172.582538604736,342285.07830810547,225354.79838562012,277426.1371269226,184671.31159210205,1303.7601013183594,Group: B,Group: C,Group: B vs Group: C,4,4,Blank_Blank_Blank
"[TG(53:9),TG(52:2)]_FA16:1",TAG,7120.120487213135,5914.540538787842,5600.060569763184,3708.700294494629,3002.0802116394043,12792.460453033447,17003.32088470459,19300.461338043213,1304.320083618164,Group: B,Group: C,Group: B vs Group: C,4,4,Blank_Blank_Blank
"[TG(53:9),TG(52:2)]_FA18:0",TAG,9714.740741729736,13981.580516815186,12093.961029052734,5523.320365905762,16101.841217041016,13801.080963134766,58228.044273376465,7607.8605308532715,1092.5400733947754,Group: B,Group: C,Group: B vs Group: C,4,4,Blank_Blank_Blank
"[TG(53:9),TG(52:2)]_FA18:1",TAG,200606.03541183472,85478.78513336182,233838.39389801025,27807.482246398926,244935.3992576599,141282.7876548767,236203.16276550293,207052.55729675293,3228.4402046203613,Group: B,Group: C,Group: B vs Group: C,4,4,Blank_Blank_Blank
"[TG(53:9),TG(52:2)]_FA18:2",TAG,12485.840908050537,13432.4609375,39224.36237335205,7748.120792388916,29873.0616645813,40460.002784729004,52359.56343841553,18831.701084136963,1093.7200813293457,Group: B,Group: C,Group: B vs Group: C,4,4,Blank_Blank_Blank
"[TG(53:9),TG(52:2)]_FA18:3",TAG,1250.9200859069824,1201.2600746154785,1343.0400886535645,1252.0400924682617,1215.7200775146484,1223.1600875854492,1269.0600852966309,1183.4600791931152,1172.4400825500488,Group: B,Group: C,Group: B vs Group: C,4,4,Blank_Blank_Blank
"[TG(53:9),TG(52:2)]_FA20:4",TAG,1286.7600898742676,1253.5600929260254,1392.8600807189941,1298.2400932312012,1311.800090789795,1311.8800926208496,1248.3000946044922,1249.2400856018066,1247.1600914001465,Group: B,Group: C,Group: B vs Group: C,4,4,Blank_Blank_Blank
"[TG(53:9),TG(52:2)]_FA22:5",TAG,1794.5601387023926,1508.840103149414,1448.3201141357422,1847.9801177978516,1541.6201171875,1620.520118713379,1745.8401107788086,2109.9401359558105,1672.4601135253906,Group: B,Group: C,Group: B vs Group: C,4,4,Blank_Blank_Blank
"[TG(53:9),TG(52:2)]_FA22:6",TAG,1565.6201133728027,1541.4801139831543,1502.960105895996,1501.120101928711,1499.060115814209,1493.480110168457,1499.7801132202148,1527.220100402832,1525.5801086425781,Group: B,Group: C,Group: B vs Group: C,4,4,Blank_Blank_Blank
"[TG(54:10),TG(53:3)]_FA14:0",TAG,971.5200653076172,1014.8000717163086,971.3000679016113,1030.4200820922852,1011.5200729370117,970.3400688171387,1043.5600662231445,973.4400634765625,986.6000709533691,Group: B,Group: C,Group: B vs Group: C,4,4,Blank_Blank_Blank
"[TG(54:10),TG(53:3)]_FA16:0",TAG,1365.7801094055176,1285.1001091003418,2432.0201721191406,1264.9800872802734,2344.2201499938965,2170.260139465332,2034.9401550292969,1545.800106048584,978.7200813293457,Group: B,Group: C,Group: B vs Group: C,4,4,Blank_Blank_Blank
"[TG(54:10),TG(53:3)]_FA16:1",TAG,1329.3800888061523,1299.6200828552246,1520.1201210021973,1050.4600677490234,1070.3400688171387,1704.1801376342773,1725.2801322937012,1891.7201118469238,1099.900074005127,Group: B,Group: C,Group: B vs Group: C,4,4,Blank_Blank_Blank
"[TG(54:10),TG(53:3)]_FA18:0",TAG,1061.8200645446777,1117.9800834655762,1068.2400703430176,1047.580078125,1222.8200874328613,1259.7601013183594,1593.6601257324219,1043.500072479248,969.6200752258301,Group: B,Group: C,Group: B vs Group: C,4,4,Blank_Blank_Blank
"[TG(54:10),TG(53:3)]_FA18:1",TAG,2985.540267944336,2142.000129699707,4232.480293273926,1668.6800804138184,3595.1802406311035,2896.300220489502,3238.0402870178223,3206.3802642822266,1113.7600784301758,Group: B,Group: C,Group: B vs Group: C,4,4,Blank_Blank_Blank
"[TG(54:10),TG(53:3)]_FA18:2",TAG,1471.6800994873047,2098.6801681518555,4397.620292663574,2011.5401229858398,3924.520275115967,6373.960468292236,4808.840362548828,2885.8401794433594,1130.8400764465332,Group: B,Group: C,Group: B vs Group: C,4,4,Blank_Blank_Blank
"[TG(54:10),TG(53:3)]_FA18:3",TAG,1187.3600845336914,1307.9600944519043,1167.1200866699219,1222.4600868225098,1254.1400871276855,1267.6400909423828,1191.8800735473633,1171.8800735473633,1172.6000709533691,Group: B,Group: C,Group: B vs Group: C,4,4,Blank_Blank_Blank
"[TG(54:10),TG(53:3)]_FA20:4",TAG,1277.4000930786133,1346.4200859069824,1251.320083618164,1247.0400848388672,1251.9000930786133,1280.1400909423828,1251.0800971984863,1249.0400886535645,1246.5400886535645,Group: B,Group: C,Group: B vs Group: C,4,4,Blank_Blank_Blank
"[TG(54:10),TG(53:3)]_FA22:5",TAG,1418.1800918579102,1430.6201133728027,1375.6401023864746,1373.7400970458984,1388.7400932312012,1392.6601028442383,1377.3000869750977,1458.7801132202148,1454.280101776123,Group: B,Group: C,Group: B vs Group: C,4,4,Blank_Blank_Blank
"[TG(54:10),TG(53:3)]_FA22:6",TAG,1499.6801109313965,1498.200107574463,1513.920108795166,1528.1601066589355,1498.2601013183594,1494.720100402832,1501.2200965881348,1499.1001091003418,1499.16011428833,Group: B,Group: C,Group: B vs Group: C,4,4,Blank_Blank_Blank
"[TG(54:11),TG(53:4)]_FA14:0",TAG,1050.2200660705566,970.6000785827637,991.680061340332,969.7200698852539,972.4800682067871,1043.8000793457031,1002.0200805664062,973.7800712585449,971.7600631713867,Group: B,Group: C,Group: B vs Group: C,4,4,Blank_Blank_Blank
"[TG(54:11),TG(53:4)]_FA16:0",TAG,1195.580078125,1265.7800827026367,1525.8800964355469,1041.9200630187988,1885.900146484375,1099.0600700378418,1395.4001121520996,1000.5000610351562,969.5200614929199,Group: B,Group: C,Group: B vs Group: C,4,4,Blank_Blank_Blank
"[TG(54:11),TG(53:4)]_FA16:1",TAG,1242.8000717163086,1202.0400848388672,1304.5800971984863,1288.7800903320312,1079.5000762939453,1520.0201034545898,1377.0600967407227,1696.7801208496094,1175.1200790405273,Group: B,Group: C,Group: B vs Group: C,4,4,Blank_Blank_Blank
"[TG(54:11),TG(53:4)]_FA18:0",TAG,969.7600593566895,1035.840072631836,977.2800750732422,1009.6600723266602,1024.6200675964355,969.900074005127,1165.900089263916,979.4800682067871,969.6200714111328,Group: B,Group: C,Group: B vs Group: C,4,4,Blank_Blank_Blank
"[TG(54:11),TG(53:4)]_FA18:1",TAG,1643.7801246643066,1576.840129852295,2491.9201850891113,1466.2201118469238,2591.420181274414,2053.24015045166,2607.500202178955,1759.9001350402832,1190.3000984191895,Group: B,Group: C,Group: B vs Group: C,4,4,Blank_Blank_Blank
"[TG(54:11),TG(53:4)]_FA18:2",TAG,2397.4201736450195,2347.5001258850098,6090.8404541015625,2273.4401512145996,5398.880397796631,9152.260692596436,6060.540431976318,3074.040210723877,1191.600082397461,Group: B,Group: C,Group: B vs Group: C,4,4,Blank_Blank_Blank
"[TG(54:11),TG(53:4)]_FA18:3",TAG,1577.5801162719727,1540.6201095581055,1362.980094909668,1384.2000999450684,1536.840087890625,1591.5001220703125,1335.8801002502441,1344.1200942993164,1189.2800788879395,Group: B,Group: C,Group: B vs Group: C,4,4,Blank_Blank_Blank
"[TG(54:11),TG(53:4)]_FA20:4",TAG,1331.3200874328613,1300.7400817871094,1548.340103149414,1510.8001022338867,1425.520092010498,1277.1400909423828,1432.340103149414,1485.3400955200195,1247.0800895690918,Group: B,Group: C,Group: B vs Group: C,4,4,Blank_Blank_Blank
"[TG(54:11),TG(53:4)]_FA22:5",TAG,1377.1800994873047,1414.9000930786133,1377.8200912475586,1486.1201057434082,1507.7000999450684,1569.2201080322266,1384.3200950622559,1826.1201133728027,2135.1001510620117,Group: B,Group: C,Group: B vs Group: C,4,4,Blank_Blank_Blank
"[TG(54:11),TG(53:4)]_FA22:6",TAG,1498.8001136779785,1567.700107574463,1575.5200958251953,1500.2400970458984,1499.320110321045,1494.2201194763184,1529.2401123046875,1499.1601104736328,1497.6601028442383,Group: B,Group: C,Group: B vs Group: C,4,4,Blank_Blank_Blank
"[TG(54:12),TG(53:5)]_FA14:0",TAG,989.5400772094727,989.3400726318359,1028.4600715637207,1009.5400810241699,999.8200721740723,976.7200660705566,971.9200630187988,998.200065612793,970.7000694274902,Group: B,Group: C,Group: B vs Group: C,4,4,Blank_Blank_Blank
"[TG(54:12),TG(53:5)]_FA16:0",TAG,965.820068359375,1058.920078277588,1146.5000801086426,1047.8600692749023,1729.520118713379,1186.6800918579102,1206.4800834655762,982.3000717163086,998.440071105957,Group: B,Group: C,Group: B vs Group: C,4,4,Blank_Blank_Blank
"[TG(54:12),TG(53:5)]_FA16:1",TAG,1184.880084991455,1157.0800895690918,1152.8000755310059,1057.7200622558594,1074.0600814819336,1136.3600807189941,1096.04008102417,1115.8800773620605,1048.12007522583,Group: B,Group: C,Group: B vs Group: C,4,4,Blank_Blank_Blank
"[TG(54:12),TG(53:5)]_FA18:0",TAG,970.2000617980957,982.9000778198242,970.3400611877441,967.4200592041016,967.9400787353516,972.2400817871094,1036.140079498291,973.2800750732422,970.0200653076172,Group: B,Group: C,Group: B vs Group: C,4,4,Blank_Blank_Blank
"[TG(54:12),TG(53:5)]_FA18:1",TAG,1398.2000999450684,1262.1200828552246,1402.1201057434082,1298.7800903320312,1193.360092163086,1134.1200714111328,1156.7200889587402,1246.4800910949707,1129.7400856018066,Group: B,Group: C,Group: B vs Group: C,4,4,Blank_Blank_Blank
"[TG(54:12),TG(53:5)]_FA18:2",TAG,1619.760124206543,1764.160140991211,3528.0602111816406,2194.980178833008,3108.800266265869,4535.180374145508,3338.8001861572266,1884.8001403808594,1123.200065612793,Group: B,Group: C,Group: B vs Group: C,4,4,Blank_Blank_Blank
"[TG(54:12),TG(53:5)]_FA18:3",TAG,1457.700096130371,1358.6200981140137,1574.0401153564453,1457.4201049804688,1546.4800987243652,1604.9001159667969,1483.5001106262207,1258.1600914001465,1172.6400871276855,Group: B,Group: C,Group: B vs Group: C,4,4,Blank_Blank_Blank
"[TG(54:12),TG(53:5)]_FA20:4",TAG,1535.960105895996,1797.8401336669922,1726.4601211547852,1560.6201171875,1569.8201179504395,2021.920150756836,1937.4801330566406,1625.8401184082031,1253.6600952148438,Group: B,Group: C,Group: B vs Group: C,4,4,Blank_Blank_Blank
"[TG(54:12),TG(53:5)]_FA22:5",TAG,1488.1601066589355,1524.2401161193848,1407.9800910949707,1476.7000846862793,1398.1401023864746,1406.7601013183594,1422.6601066589355,1491.160099029541,1475.2801094055176,Group: B,Group: C,Group: B vs Group: C,4,4,Blank_Blank_Blank
"[TG(54:12),TG(53:5)]_FA22:6",TAG,1543.5401229858398,1540.1401138305664,1502.3801193237305,1500.8600959777832,1532.1401100158691,1494.3600997924805,1576.760108947754,1499.360092163086,1555.3601150512695,Group: B,Group: C,Group: B vs Group: C,4,4,Blank_Blank_Blank
[TG(54:5)]_FA14:0,TAG,1033.1200714111328,1218.420078277588,1234.4200859069824,1244.0600967407227,1088.2600784301758,1098.320083618164,1831.7001266479492,1022.8800773620605,1075.1200828552246,Group: B,Group: C,Group: B vs Group: C,4,4,Blank_Blank_Blank
[TG(54:5)]_FA16:0,TAG,8408.500671386719,3372.5802001953125,14935.30103302002,4581.960342407227,20671.501079559326,11879.180702209473,18465.220722198486,6733.720592498779,1022.2800750732422,Group: B,Group: C,Group: B vs Group: C,4,4,Blank_Blank_Blank
[TG(54:5)]_FA16:1,TAG,4102.680248260498,2828.4601669311523,3997.960334777832,3126.0202293395996,2498.200183868408,7819.660373687744,8429.340759277344,6763.340557098389,1055.220069885254,Group: B,Group: C,Group: B vs Group: C,4,4,Blank_Blank_Blank
[TG(54:5)]_FA18:0,TAG,1456.540111541748,1839.5401306152344,1678.860092163086,1588.6201133728027,1291.7601013183594,1753.3001174926758,5457.180503845215,1398.4600868225098,1069.340072631836,Group: B,Group: C,Group: B vs Group: C,4,4,Blank_Blank_Blank
[TG(54:5)]_FA18:1,TAG,30322.261905670166,20543.8810005188,58095.60439300537,29270.18228149414,70927.0464515686,38847.70389556885,58463.66265106201,31586.141345977783,1809.3001289367676,Group: B,Group: C,Group: B vs Group: C,4,4,Blank_Blank_Blank
[TG(54:5)]_FA18:2,TAG,39163.54229736328,51447.74391937256,199580.1717453003,89652.92415237427,184351.50827026367,300484.3271408081,203832.29067611694,66057.6830291748,1743.0201225280762,Group: B,Group: C,Group: B vs Group: C,4,4,Blank_Blank_Blank
[TG(54:5)]_FA18:3,TAG,13406.54098892212,15841.541065216064,14914.801273345947,15823.901233673096,18200.441413879395,22568.141651153564,16338.341217041016,9169.760513305664,1207.180076599121,Group: B,Group: C,Group: B vs Group: C,4,4,Blank_Blank_Blank
[TG(54:5)]_FA20:4,TAG,38062.50327682495,34742.68147277832,20198.202083587646,18369.741035461426,22929.721794128418,36011.803550720215,100630.66869354248,28017.32183074951,1269.9800910949707,Group: B,Group: C,Group: B vs Group: C,4,4,Blank_Blank_Blank
[TG(54:5)]_FA22:5,TAG,3172.6802139282227,3286.4202842712402,1708.8801193237305,2030.8001556396484,1846.720157623291,1897.140121459961,2887.700241088867,3003.22021484375,1470.9201049804688,Group: B,Group: C,Group: B vs Group: C,4,4,Blank_Blank_Blank
[TG(54:6)]_FA14:0,TAG,1073.3000755310059,1205.5000839233398,1148.1400680541992,1034.960075378418,1310.9600868225098,1051.960075378418,1708.2201042175293,1029.9600715637207,990.9800758361816,Group: B,Group: C,Group: B vs Group: C,4,4,Blank_Blank_Blank
[TG(54:6)]_FA16:0,TAG,4939.06042098999,4544.820209503174,7901.5408363342285,1565.4801063537598,11777.640689849854,7208.6405029296875,10149.260478973389,3842.520404815674,1006.8800773620605,Group: B,Group: C,Group: B vs Group: C,4,4,Blank_Blank_Blank
[TG(54:6)]_FA16:1,TAG,3750.2203483581543,3496.7402572631836,2961.180248260498,1816.0401344299316,2312.0001831054688,6112.200519561768,7552.960460662842,4966.180370330811,1112.080078125,Group: B,Group: C,Group: B vs Group: C,4,4,Blank_Blank_Blank
[TG(54:6)]_FA18:0,TAG,1046.3200798034668,991.2000732421875,1019.180061340332,989.9400672912598,1050.6800804138184,1051.780071258545,1498.260082244873,972.8400650024414,1035.9000663757324,Group: B,Group: C,Group: B vs Group: C,4,4,Blank_Blank_Blank
[TG(54:6)]_FA18:1,TAG,5122.020217895508,3238.9402236938477,8626.200702667236,4661.520355224609,9039.06039428711,5145.060386657715,7422.780422210693,4596.900299072266,1238.9401016235352,Group: B,Group: C,Group: B vs Group: C,4,4,Blank_Blank_Blank
[TG(54:6)]_FA18:2,TAG,13079.6411819458,21342.46156311035,71871.78748321533,37392.00279998779,77958.40563964844,111158.14840698242,66855.44418334961,23713.44165802002,1448.200107574463,Group: B,Group: C,Group: B vs Group: C,4,4,Blank_Blank_Blank
[TG(54:6)]_FA18:3,TAG,12295.68085861206,16761.64122390747,17731.381141662598,21952.301300048828,18355.081783294678,23742.00188446045,15364.421043395996,8652.88070678711,1209.5200729370117,Group: B,Group: C,Group: B vs Group: C,4,4,Blank_Blank_Blank
[TG(54:6)]_FA20:4,TAG,33129.58210372925,37215.882694244385,21530.58173751831,25132.461727142334,13555.82103729248,36101.7232170105,92848.24337387085,22929.721565246582,1250.64009475708,Group: B,Group: C,Group: B vs Group: C,4,4,Blank_Blank_Blank
[TG(54:6)]_FA22:5,TAG,3004.540210723877,3188.4002380371094,1774.0001373291016,1963.1201133728027,2366.220226287842,1977.860149383545,3405.860221862793,3118.060199737549,1375.3201026916504,Group: B,Group: C,Group: B vs Group: C,4,4,Blank_Blank_Blank
[TG(54:6)]_FA22:6,TAG,3800.9802894592285,3984.6603088378906,3174.100200653076,2198.0001640319824,2223.040142059326,2868.4402389526367,7598.04061126709,2237.800148010254,1529.2801132202148,Group: B,Group: C,Group: B vs Group: C,4,4,Blank_Blank_Blank
"[TG(54:7),TG(53:0)]_FA14:0",TAG,1751.280128479004,1221.9200897216797,1226.5400848388672,1539.9601287841797,1294.2000770568848,1530.0401039123535,2512.880142211914,1197.2600860595703,1042.7400741577148,Group: B,Group: C,Group: B vs Group: C,4,4,Blank_Blank_Blank
"[TG(54:7),TG(53:0)]_FA16:0",TAG,2106.200126647949,1890.5201377868652,2690.1202087402344,1522.500099182129,3768.9202842712402,2846.380226135254,3390.760299682617,1211.0400848388672,1003.8800659179688,Group: B,Group: C,Group: B vs Group: C,4,4,Blank_Blank_Blank
"[TG(54:7),TG(53:0)]_FA16:1",TAG,3283.4401779174805,1507.200107574463,2408.5801887512207,2155.300117492676,1673.8001098632812,4239.90034866333,5830.4204025268555,3852.9402389526367,1090.8400688171387,Group: B,Group: C,Group: B vs Group: C,4,4,Blank_Blank_Blank
"[TG(54:7),TG(53:0)]_FA18:0",TAG,969.2400665283203,1052.8200645446777,1081.1400833129883,1150.760082244873,1024.3000717163086,1027.6000709533691,1225.5200996398926,1022.2800712585449,1003.6600646972656,Group: B,Group: C,Group: B vs Group: C,4,4,Blank_Blank_Blank
"[TG(54:7),TG(53:0)]_FA18:1",TAG,1248.0600814819336,1152.580078125,1634.2401275634766,1328.2400932312012,1454.3001136779785,1219.1200828552246,1378.4600982666016,1291.1200790405273,1107.7000770568848,Group: B,Group: C,Group: B vs Group: C,4,4,Blank_Blank_Blank
"[TG(54:7),TG(53:0)]_FA18:2",TAG,4224.380264282227,5626.9403076171875,14767.320728302002,8621.560592651367,17308.46141052246,17457.880950927734,12300.900661468506,6055.440410614014,1208.2400817871094,Group: B,Group: C,Group: B vs Group: C,4,4,Blank_Blank_Blank
"[TG(54:7),TG(53:0)]_FA18:3",TAG,5674.600322723389,10558.040740966797,9480.340698242188,16006.82088470459,10496.260871887207,12093.080997467041,7505.3804931640625,4204.460247039795,1237.4000663757324,Group: B,Group: C,Group: B vs Group: C,4,4,Blank_Blank_Blank
"[TG(54:7),TG(53:0)]_FA20:4",TAG,4718.100368499756,7659.100589752197,5052.740440368652,7170.380443572998,3617.360195159912,7472.3404541015625,22092.08127975464,5885.680522918701,1263.1200942993164,Group: B,Group: C,Group: B vs Group: C,4,4,Blank_Blank_Blank
"[TG(54:7),TG(53:0)]_FA22:5",TAG,1794.6801147460938,1905.6201210021973,1553.440097808838,1934.8001441955566,1408.7200927734375,1743.7801132202148,2095.9601249694824,1999.5001258850098,1411.860092163086,Group: B,Group: C,Group: B vs Group: C,4,4,Blank_Blank_Blank
"[TG(54:7),TG(53:0)]_FA22:6",TAG,5811.540309906006,3866.8802375793457,4099.700283050537,3126.3802223205566,2829.3002319335938,4714.920413970947,10139.9407081604,3664.3402976989746,1533.7601051330566,Group: B,Group: C,Group: B vs Group: C,4,4,Blank_Blank_Blank
"[TG(54:8),TG(53:1)]_FA14:0",TAG,1054.0400619506836,1029.740077972412,972.7600631713867,983.6000709533691,1107.9800720214844,1121.320083618164,1676.2401275634766,982.9400825500488,1042.920066833496,Group: B,Group: C,Group: B vs Group: C,4,4,Blank_Blank_Blank
"[TG(54:8),TG(53:1)]_FA16:0",TAG,1004.6600723266602,1209.5400733947754,1536.7001037597656,1016.2600631713867,1794.0801162719727,1315.300090789795,1503.0401000976562,1230.080078125,988.8000640869141,Group: B,Group: C,Group: B vs Group: C,4,4,Blank_Blank_Blank
"[TG(54:8),TG(53:1)]_FA16:1",TAG,1297.1200904846191,1259.3000831604004,1337.700096130371,1256.1600875854492,1259.2600708007812,1847.4401168823242,2301.720184326172,1746.240146636963,1055.500072479248,Group: B,Group: C,Group: B vs Group: C,4,4,Blank_Blank_Blank
"[TG(54:8),TG(53:1)]_FA18:0",TAG,1023.620059967041,1128.4600791931152,1047.5800704956055,997.9800758361816,1097.0200729370117,1163.2800750732422,1629.760124206543,1339.6000900268555,1108.8800888061523,Group: B,Group: C,Group: B vs Group: C,4,4,Blank_Blank_Blank
"[TG(54:8),TG(53:1)]_FA18:1",TAG,1406.1601028442383,1129.880084991455,1284.2600860595703,1156.0000762939453,1859.6200866699219,1218.0600814819336,2008.980152130127,1263.260082244873,1080.0200691223145,Group: B,Group: C,Group: B vs Group: C,4,4,Blank_Blank_Blank
"[TG(54:8),TG(53:1)]_FA18:2",TAG,1371.14009475708,1481.0001068115234,2049.5001525878906,1667.7001037597656,1974.8801383972168,2552.9602088928223,2137.6401443481445,1471.7000770568848,1219.420078277588,Group: B,Group: C,Group: B vs Group: C,4,4,Blank_Blank_Blank
"[TG(54:8),TG(53:1)]_FA18:3",TAG,2203.380195617676,2451.4801635742188,2060.3201293945312,3328.5201988220215,2788.7802352905273,2635.0602111816406,2215.6401405334473,1518.020076751709,1172.1400756835938,Group: B,Group: C,Group: B vs Group: C,4,4,Blank_Blank_Blank
"[TG(54:8),TG(53:1)]_FA20:4",TAG,1531.7201194763184,1598.6801109313965,1572.3201179504395,1656.9001121520996,1524.6601028442383,1525.1000900268555,2389.22013092041,1464.7601013183594,1255.3800926208496,Group: B,Group: C,Group: B vs Group: C,4,4,Blank_Blank_Blank
"[TG(54:8),TG(53:1)]_FA22:5",TAG,1468.5201034545898,1452.7001037597656,1412.9200897216797,1378.300090789795,1421.5800971984863,1467.5801010131836,1375.9401016235352,1467.6600952148438,1375.0600967407227,Group: B,Group: C,Group: B vs Group: C,4,4,Blank_Blank_Blank
"[TG(54:8),TG(53:1)]_FA22:6",TAG,2729.860195159912,1866.4201393127441,2364.080146789551,2542.2801933288574,1570.1601104736328,2523.240161895752,4932.140289306641,2430.9601516723633,1540.0401153564453,Group: B,Group: C,Group: B vs Group: C,4,4,Blank_Blank_Blank
"[TG(54:9),TG(53:2)]_FA14:0",TAG,973.5800666809082,1045.3800582885742,970.2200622558594,990.5800704956055,971.1000747680664,970.4600791931152,1150.9400787353516,1041.640079498291,971.3800735473633,Group: B,Group: C,Group: B vs Group: C,4,4,Blank_Blank_Blank
"[TG(54:9),TG(53:2)]_FA16:0",TAG,1371.8800964355469,1741.2601127624512,2101.580108642578,1142.7000885009766,3312.7401580810547,1388.9800910949707,2013.5601615905762,1711.6201057434082,969.6000747680664,Group: B,Group: C,Group: B vs Group: C,4,4,Blank_Blank_Blank
"[TG(54:9),TG(53:2)]_FA16:1",TAG,1052.1400871276855,1124.4600830078125,1183.0800743103027,1107.8200759887695,1083.5200843811035,1157.0400848388672,1226.0600891113281,1353.6800994873047,1080.4000701904297,Group: B,Group: C,Group: B vs Group: C,4,4,Blank_Blank_Blank
"[TG(54:9),TG(53:2)]_FA18:0",TAG,1131.6400718688965,1147.1200866699219,1008.380069732666,1039.5600700378418,1015.2200736999512,1145.1200790405273,1998.800148010254,1190.800090789795,969.5000610351562,Group: B,Group: C,Group: B vs Group: C,4,4,Blank_Blank_Blank
"[TG(54:9),TG(53:2)]_FA18:1",TAG,2680.7001762390137,1510.700096130371,2897.540210723877,1483.8001136779785,2671.160171508789,2533.7201499938965,2637.060161590576,2827.3201904296875,1142.2000885009766,Group: B,Group: C,Group: B vs Group: C,4,4,Blank_Blank_Blank
"[TG(54:9),TG(53:2)]_FA18:2",TAG,1189.9000854492188,1230.04008102417,1742.6001358032227,1409.8400917053223,2014.2801399230957,2170.6001930236816,1762.8401374816895,1174.5400886535645,1156.9000854492188,Group: B,Group: C,Group: B vs Group: C,4,4,Blank_Blank_Blank
"[TG(54:9),TG(53:2)]_FA18:3",TAG,1185.9600830078125,1227.7800750732422,1279.6800804138184,1167.1000938415527,1207.020076751709,1427.6801109313965,1188.6400718688965,1172.4200859069824,1172.5200843811035,Group: B,Group: C,Group: B vs Group: C,4,4,Blank_Blank_Blank
"[TG(54:9),TG(53:2)]_FA20:4",TAG,1292.6000862121582,1253.0000915527344,1251.7200813293457,1374.400089263916,1280.960090637207,1396.080093383789,1280.240089416504,1249.0600967407227,1259.8400840759277,Group: B,Group: C,Group: B vs Group: C,4,4,Blank_Blank_Blank
"[TG(54:9),TG(53:2)]_FA22:5",TAG,1397.2000923156738,1378.1200981140137,1415.0600929260254,1372.8200988769531,1418.5601081848145,1374.000099182129,1415.1200981140137,1380.280101776123,1463.6201171875,Group: B,Group: C,Group: B vs Group: C,4,4,Blank_Blank_Blank
"[TG(54:9),TG(53:2)]_FA22:6",TAG,1573.0401000976562,1617.020118713379,1563.1601028442383,1550.4601020812988,1500.3800964355469,1546.040111541748,1696.480110168457,1499.280101776123,1497.860122680664,Group: B,Group: C,Group: B vs Group: C,4,4,Blank_Blank_Blank
"[TG(55:10),TG(54:3)]_FA14:0",TAG,1039.980068206787,987.8600692749023,1063.0200691223145,1098.9800834655762,1116.7800827026367,1207.2000923156738,1120.700080871582,975.7400703430176,987.9800682067871,Group: B,Group: C,Group: B vs Group: C,4,4,Blank_Blank_Blank
"[TG(55:10),TG(54:3)]_FA16:0",TAG,7563.540588378906,7982.800827026367,16610.26117324829,1727.6001434326172,22730.92100906372,14263.201049804688,19810.10116958618,4246.9003829956055,969.120059967041,Group: B,Group: C,Group: B vs Group: C,4,4,Blank_Blank_Blank
"[TG(55:10),TG(54:3)]_FA16:1",TAG,3260.140151977539,3082.280185699463,2889.1201934814453,1699.820125579834,1836.1001167297363,6430.500350952148,6486.760410308838,7818.780490875244,1073.3400764465332,Group: B,Group: C,Group: B vs Group: C,4,4,Blank_Blank_Blank
"[TG(55:10),TG(54:3)]_FA18:0",TAG,7738.940650939941,12474.400737762451,16712.121074676514,8890.460662841797,11023.880992889404,13627.580757141113,83380.14562988281,17897.120567321777,1097.9000778198242,Group: B,Group: C,Group: B vs Group: C,4,4,Blank_Blank_Blank
"[TG(55:10),TG(54:3)]_FA18:1",TAG,29379.56162261963,34026.56103897095,104043.00455856323,22768.041820526123,102861.40733718872,67509.14748001099,136538.90594100952,98437.76794433594,3952.0602684020996,Group: B,Group: C,Group: B vs Group: C,4,4,Blank_Blank_Blank
"[TG(55:10),TG(54:3)]_FA18:2",TAG,9582.200660705566,12112.100772857666,34644.262519836426,11159.400505065918,41194.30307388306,58823.36476135254,45554.522579193115,18125.82160949707,1259.840087890625,Group: B,Group: C,Group: B vs Group: C,4,4,Blank_Blank_Blank
"[TG(55:10),TG(54:3)]_FA18:3",TAG,1400.9201049804688,1619.0601196289062,1371.400104522705,1255.4200859069824,1754.9601211547852,1454.4201049804688,1523.1600914001465,1223.3400802612305,1172.3600769042969,Group: B,Group: C,Group: B vs Group: C,4,4,Blank_Blank_Blank
"[TG(55:10),TG(54:3)]_FA20:4",TAG,1385.5200996398926,1447.7000999450684,1294.0400886535645,1364.5601081848145,1389.3600997924805,1392.3400917053223,1615.100112915039,1475.9601211547852,1281.3200988769531,Group: B,Group: C,Group: B vs Group: C,4,4,Blank_Blank_Blank
"[TG(55:10),TG(54:3)]_FA22:5",TAG,1552.6601066589355,1534.2201042175293,1377.7401008605957,1467.6001052856445,1374.5200958251953,1395.5401000976562,1433.180088043213,1409.8801040649414,1490.760108947754,Group: B,Group: C,Group: B vs Group: C,4,4,Blank_Blank_Blank
"[TG(55:10),TG(54:3)]_FA22:6",TAG,1508.8001098632812,1515.5601119995117,1505.1601066589355,1539.2201042175293,1500.7001037597656,1493.7201080322266,1546.8801040649414,1498.9601097106934,1497.9601020812988,Group: B,Group: C,Group: B vs Group: C,4,4,Blank_Blank_Blank
"[TG(55:11),TG(54:4)]_FA14:0",TAG,997.7800636291504,1099.020076751709,1116.5000686645508,980.0600700378418,988.9400672912598,1030.6600761413574,1152.880084991455,998.0800743103027,997.4400749206543,Group: B,Group: C,Group: B vs Group: C,4,4,Blank_Blank_Blank
"[TG(55:11),TG(54:4)]_FA16:0",TAG,8483.440776824951,7190.380451202393,15908.100688934326,3802.0402221679688,18596.821559906006,13109.240604400635,17702.42120361328,3554.600196838379,1012.1000595092773,Group: B,Group: C,Group: B vs Group: C,4,4,Blank_Blank_Blank
"[TG(55:11),TG(54:4)]_FA16:1",TAG,4006.5402336120605,3617.800193786621,4128.060340881348,3024.2801628112793,2300.7401542663574,7558.380458831787,9971.480613708496,8989.620777130127,1048.1200714111328,Group: B,Group: C,Group: B vs Group: C,4,4,Blank_Blank_Blank
"[TG(55:11),TG(54:4)]_FA18:0",TAG,4292.9804039001465,5682.260486602783,8941.220851898193,6200.360450744629,7717.540500640869,8236.240394592285,33665.6626663208,6073.300518035889,1102.2800674438477,Group: B,Group: C,Group: B vs Group: C,4,4,Blank_Blank_Blank
"[TG(55:11),TG(54:4)]_FA18:1",TAG,83905.7477722168,50160.82326889038,152192.60968017578,47328.38367462158,153379.11390304565,95233.40693283081,162525.82945632935,99083.58804321289,2704.2801818847656,Group: B,Group: C,Group: B vs Group: C,4,4,Blank_Blank_Blank
"[TG(55:11),TG(54:4)]_FA18:2",TAG,31375.921787261963,40240.622829437256,159925.50875473022,56536.864154815674,157220.30653381348,257636.07481384277,202052.8759765625,78051.38460922241,1852.960132598877,Group: B,Group: C,Group: B vs Group: C,4,4,Blank_Blank_Blank
"[TG(55:11),TG(54:4)]_FA18:3",TAG,3244.1802673339844,3961.74031829834,3335.4802284240723,3775.700206756592,4320.200382232666,5465.220371246338,3677.560302734375,2214.2201614379883,1195.62007522583,Group: B,Group: C,Group: B vs Group: C,4,4,Blank_Blank_Blank
"[TG(55:11),TG(54:4)]_FA20:4",TAG,5107.060359954834,5676.68045425415,2963.220188140869,2839.200206756592,3769.1401901245117,4876.360378265381,10514.420715332031,4310.320381164551,1253.3600883483887,Group: B,Group: C,Group: B vs Group: C,4,4,Blank_Blank_Blank
"[TG(55:11),TG(54:4)]_FA22:5",TAG,1871.8801383972168,1658.980125427246,1484.6801109313965,1695.720115661621,1425.5000915527344,1435.7601013183594,1813.0401306152344,1844.1801452636719,1406.740104675293,Group: B,Group: C,Group: B vs Group: C,4,4,Blank_Blank_Blank
"[TG(55:11),TG(54:4)]_FA22:6",TAG,1497.500099182129,1520.0801048278809,1568.2201080322266,1558.3400993347168,1499.9401054382324,1549.7001037597656,1709.5201110839844,1498.9000968933105,1518.3601150512695,Group: B,Group: C,Group: B vs Group: C,4,4,Blank_Blank_Blank
"[TG(55:7),TG(54:0)]_FA14:0",TAG,1102.6000633239746,1160.4200744628906,1087.0800666809082,1094.440071105957,1043.4000701904297,1077.0800704956055,1136.9200820922852,1005.720085144043,1014.4200668334961,Group: B,Group: C,Group: B vs Group: C,4,4,Blank_Blank_Blank
"[TG(55:7),TG(54:0)]_FA16:0",TAG,1081.7200775146484,1316.6600914001465,1373.56010055542,1052.8000793457031,1522.0001258850098,1367.8001136779785,1395.7400970458984,1277.6000785827637,1016.7600708007812,Group: B,Group: C,Group: B vs Group: C,4,4,Blank_Blank_Blank
"[TG(55:7),TG(54:0)]_FA16:1",TAG,1087.300064086914,1080.5200805664062,1083.4400749206543,1065.0400657653809,1050.8800735473633,1118.1000747680664,1235.64009475708,1102.500057220459,1047.4000701904297,Group: B,Group: C,Group: B vs Group: C,4,4,Blank_Blank_Blank
"[TG(55:7),TG(54:0)]_FA18:0",TAG,1225.0600814819336,1597.7401161193848,1131.3400840759277,1417.3400993347168,1165.3400802612305,1230.320083618164,1571.7801246643066,1055.420066833496,1392.320110321045,Group: B,Group: C,Group: B vs Group: C,4,4,Blank_Blank_Blank
"[TG(55:7),TG(54:0)]_FA18:1",TAG,1126.8000793457031,1083.2000732421875,1210.180076599121,1053.9800720214844,1180.8600807189941,1147.4800758361816,1127.6600799560547,1197.5200843811035,1054.4800720214844,Group: B,Group: C,Group: B vs Group: C,4,4,Blank_Blank_Blank
"[TG(55:7),TG(54:0)]_FA18:2",TAG,1170.5600891113281,1128.3000831604004,1255.7600936889648,1203.3200912475586,1154.5200881958008,1346.2601013183594,1355.4401016235352,1201.2400856018066,1129.4000625610352,Group: B,Group: C,Group: B vs Group: C,4,4,Blank_Blank_Blank
"[TG(55:7),TG(54:0)]_FA18:3",TAG,1199.8000869750977,1189.1800956726074,1213.6000900268555,1235.3800773620605,1251.660068511963,1238.4600868225098,1230.900074005127,1172.9000816345215,1172.8600730895996,Group: B,Group: C,Group: B vs Group: C,4,4,Blank_Blank_Blank
"[TG(55:7),TG(54:0)]_FA20:4",TAG,1596.9401016235352,1484.6201057434082,1646.9601135253906,1516.1200981140137,1625.2200813293457,1630.320125579834,1752.7601165771484,1349.9800872802734,1246.580093383789,Group: B,Group: C,Group: B vs Group: C,4,4,Blank_Blank_Blank
"[TG(55:7),TG(54:0)]_FA22:5",TAG,1692.2601051330566,1810.9601287841797,1537.440113067627,1634.7401237487793,1438.0401039123535,1605.420124053955,1418.5600967407227,1510.3600997924805,1441.56010055542,Group: B,Group: C,Group: B vs Group: C,4,4,Blank_Blank_Blank
"[TG(55:7),TG(54:0)]_FA22:6",TAG,1699.960132598877,2052.520160675049,1764.0201110839844,2032.1001434326172,1576.0001106262207,2160.400161743164,2121.2001457214355,1839.9001388549805,1518.8001136779785,Group: B,Group: C,Group: B vs Group: C,4,4,Blank_Blank_Blank
"[TG(55:8),TG(54:1)]_FA14:0",TAG,1023.7600708007812,1046.5600662231445,969.760066986084,1028.3000793457031,1039.920078277588,970.2800712585449,1034.1400756835938,973.6600761413574,1016.8400573730469,Group: B,Group: C,Group: B vs Group: C,4,4,Blank_Blank_Blank
"[TG(55:8),TG(54:1)]_FA16:0",TAG,2073.0001640319824,2522.3201446533203,2928.760227203369,1126.5600662231445,4014.820285797119,2516.340133666992,4073.9002227783203,1986.1801223754883,1019.6200523376465,Group: B,Group: C,Group: B vs Group: C,4,4,Blank_Blank_Blank
"[TG(55:8),TG(54:1)]_FA16:1",TAG,1189.0000953674316,1260.0400886535645,1135.760082244873,1098.0400772094727,1174.1800842285156,1212.8200912475586,1370.6200790405273,1273.4600944519043,1048.1000633239746,Group: B,Group: C,Group: B vs Group: C,4,4,Blank_Blank_Blank
"[TG(55:8),TG(54:1)]_FA18:0",TAG,2033.7801208496094,2136.180149078369,2732.3401947021484,1510.4601135253906,2005.4201393127441,2298.280200958252,8586.620555877686,3178.400249481201,1344.540096282959,Group: B,Group: C,Group: B vs Group: C,4,4,Blank_Blank_Blank
"[TG(55:8),TG(54:1)]_FA18:1",TAG,2432.8401679992676,1625.8001251220703,2956.5601921081543,1369.760097503662,3172.080207824707,2320.0001792907715,2797.9402084350586,2318.4601554870605,1375.0601043701172,Group: B,Group: C,Group: B vs Group: C,4,4,Blank_Blank_Blank
"[TG(55:8),TG(54:1)]_FA18:2",TAG,1168.0800743103027,1275.0000915527344,1344.60009765625,1219.4800872802734,1284.600082397461,1655.4400939941406,1447.0601081848145,1153.740077972412,1128.6600723266602,Group: B,Group: C,Group: B vs Group: C,4,4,Blank_Blank_Blank
"[TG(55:8),TG(54:1)]_FA18:3",TAG,1193.3400840759277,1203.3000869750977,1201.7600860595703,1210.9400901794434,1176.3400840759277,1205.3800888061523,1224.1600914001465,1172.520076751709,1171.8000831604004,Group: B,Group: C,Group: B vs Group: C,4,4,Blank_Blank_Blank
"[TG(55:8),TG(54:1)]_FA20:4",TAG,1361.7200965881348,1360.9000816345215,1367.6200904846191,1340.0600814819336,1283.5400924682617,1388.6400909423828,1344.5400848388672,1282.7600860595703,1328.8401107788086,Group: B,Group: C,Group: B vs Group: C,4,4,Blank_Blank_Blank
"[TG(55:8),TG(54:1)]_FA22:5",TAG,1397.2600936889648,1439.4001083374023,1376.8201026916504,1398.260097503662,1373.56010055542,1421.080093383789,1444.3401069641113,1379.740089416504,1374.9200859069824,Group: B,Group: C,Group: B vs Group: C,4,4,Blank_Blank_Blank
"[TG(55:8),TG(54:1)]_FA22:6",TAG,1885.2401275634766,1725.880111694336,1728.8201065063477,1709.6601181030273,1637.8601188659668,1679.5201034545898,1704.3001136779785,1758.9801177978516,1497.3001098632812,Group: B,Group: C,Group: B vs Group: C,4,4,Blank_Blank_Blank
"[TG(55:9),TG(54:2)]_FA14:0",TAG,1112.8400840759277,1017.6800689697266,1017.700065612793,981.6000671386719,1132.0000801086426,1078.7600898742676,1101.9400749206543,994.3800811767578,971.3600730895996,Group: B,Group: C,Group: B vs Group: C,4,4,Blank_Blank_Blank
"[TG(55:9),TG(54:2)]_FA16:0",TAG,7745.5203285217285,5500.300254821777,10588.620571136475,2153.320140838623,14518.301021575928,9250.840629577637,16694.421222686768,8567.740852355957,982.7800712585449,Group: B,Group: C,Group: B vs Group: C,4,4,Blank_Blank_Blank
"[TG(55:9),TG(54:2)]_FA16:1",TAG,1704.860122680664,2261.5201454162598,1541.0001068115234,1178.2000885009766,1393.220100402832,2516.0201530456543,3053.7201805114746,2466.520122528076,1058.8600692749023,Group: B,Group: C,Group: B vs Group: C,4,4,Blank_Blank_Blank
"[TG(55:9),TG(54:2)]_FA18:0",TAG,5361.5403175354,7378.180545806885,11973.280944824219,4243.740238189697,8152.580612182617,9013.780643463135,64631.44348144531,15970.161575317383,1332.7200813293457,Group: B,Group: C,Group: B vs Group: C,4,4,Blank_Blank_Blank
"[TG(55:9),TG(54:2)]_FA18:1",TAG,6894.880439758301,7668.220558166504,21887.061294555664,5689.280426025391,23039.10104751587,14545.1409034729,23253.102069854736,16828.22106552124,2032.9001502990723,Group: B,Group: C,Group: B vs Group: C,4,4,Blank_Blank_Blank
"[TG(55:9),TG(54:2)]_FA18:2",TAG,2482.620204925537,2687.1801948547363,4478.100387573242,1863.6201286315918,6430.200397491455,7678.12064743042,5128.0003089904785,2421.5802001953125,1217.3400802612305,Group: B,Group: C,Group: B vs Group: C,4,4,Blank_Blank_Blank
"[TG(55:9),TG(54:2)]_FA18:3",TAG,1240.5800971984863,1222.700080871582,1260.04008102417,1187.940071105957,1206.780086517334,1189.820083618164,1219.5200843811035,1173.0600814819336,1172.2600746154785,Group: B,Group: C,Group: B vs Group: C,4,4,Blank_Blank_Blank
"[TG(55:9),TG(54:2)]_FA20:4",TAG,1370.6600914001465,1407.4800987243652,1494.6001052856445,1510.8601188659668,1479.600112915039,1391.480094909668,1903.3801460266113,1464.0201148986816,1282.740089416504,Group: B,Group: C,Group: B vs Group: C,4,4,Blank_Blank_Blank
"[TG(55:9),TG(54:2)]_FA22:5",TAG,1397.6000900268555,1427.0200958251953,1412.000099182129,1382.9600982666016,1418.2000885009766,1373.700096130371,1387.1400985717773,1460.020092010498,1444.2001152038574,Group: B,Group: C,Group: B vs Group: C,4,4,Blank_Blank_Blank
"[TG(55:9),TG(54:2)]_FA22:6",TAG,1500.0800895690918,1497.6401100158691,1502.4801025390625,1539.260108947754,1549.7201080322266,1557.1201171875,1580.1601104736328,1525.7401123046875,1544.0201148986816,Group: B,Group: C,Group: B vs Group: C,4,4,Blank_Blank_Blank
"[TG(56:10),TG(55:3)]_FA14:0",TAG,971.4600715637207,1007.2200698852539,969.5600700378418,981.2800674438477,988.3200645446777,970.8400611877441,971.7000770568848,973.500072479248,970.8000717163086,Group: B,Group: C,Group: B vs Group: C,4,4,Blank_Blank_Blank
"[TG(56:10),TG(55:3)]_FA16:0",TAG,999.9600715637207,1129.260082244873,961.2600593566895,1008.7400665283203,1393.3801040649414,1183.020076751709,1008.2200698852539,1039.8200759887695,969.0400619506836,Group: B,Group: C,Group: B vs Group: C,4,4,Blank_Blank_Blank
"[TG(56:10),TG(55:3)]_FA16:1",TAG,1080.680088043213,1134.5600814819336,1170.9400825500488,1095.660083770752,1116.780086517334,1266.8600769042969,1209.3800811767578,1145.4200859069824,1069.2600784301758,Group: B,Group: C,Group: B vs Group: C,4,4,Blank_Blank_Blank
"[TG(56:10),TG(55:3)]_FA18:0",TAG,970.5600738525391,1135.4200897216797,1087.480079650879,997.5600700378418,1037.5000762939453,1223.240089416504,1199.0600929260254,993.2000732421875,970.2000694274902,Group: B,Group: C,Group: B vs Group: C,4,4,Blank_Blank_Blank
"[TG(56:10),TG(55:3)]_FA18:1",TAG,1695.5001106262207,1442.1800994873047,1735.3601264953613,1525.2201118469238,1601.5801124572754,1481.160099029541,2786.840229034424,1598.1601181030273,1086.5000801086426,Group: B,Group: C,Group: B vs Group: C,4,4,Blank_Blank_Blank
"[TG(56:10),TG(55:3)]_FA18:2",TAG,1377.900074005127,1495.0401191711426,1774.5001411437988,1308.3800888061523,1909.5001335144043,2136.600143432617,2110.1201133728027,1405.3201026916504,1184.3000831604004,Group: B,Group: C,Group: B vs Group: C,4,4,Blank_Blank_Blank
"[TG(56:10),TG(55:3)]_FA18:3",TAG,1477.8601150512695,1202.8400802612305,1306.0200958251953,1331.2800941467285,1328.2200813293457,1457.9801025390625,1425.3001022338867,1172.4200744628906,1190.340087890625,Group: B,Group: C,Group: B vs Group: C,4,4,Blank_Blank_Blank
"[TG(56:10),TG(55:3)]_FA20:4",TAG,1312.4201011657715,1687.0201225280762,1333.9400939941406,1372.300090789795,1276.7800979614258,1274.5400924682617,1461.8600959777832,1449.000114440918,1246.2400970458984,Group: B,Group: C,Group: B vs Group: C,4,4,Blank_Blank_Blank
"[TG(56:10),TG(55:3)]_FA22:5",TAG,1377.0400924682617,1378.60009765625,1377.6000938415527,1430.700096130371,1373.8200912475586,1375.220085144043,1375.3600997924805,1380.700107574463,1378.3400993347168,Group: B,Group: C,Group: B vs Group: C,4,4,Blank_Blank_Blank
"[TG(56:10),TG(55:3)]_FA22:6",TAG,1591.5401077270508,1643.1801261901855,1867.1401443481445,2102.8201637268066,1585.0600967407227,1814.3601264953613,2033.720127105713,1802.820125579834,1498.7001113891602,Group: B,Group: C,Group: B vs Group: C,4,4,Blank_Blank_Blank
"[TG(56:11),TG(55:4)]_FA14:0",TAG,971.6200675964355,969.9200744628906,971.1000671386719,969.4800720214844,970.7400665283203,982.640079498291,971.3400650024414,973.3000640869141,986.6000747680664,Group: B,Group: C,Group: B vs Group: C,4,4,Blank_Blank_Blank
"[TG(56:11),TG(55:4)]_FA16:0",TAG,1085.6600761413574,987.2200584411621,999.3200645446777,964.4400634765625,1088.0400733947754,1241.3000831604004,1041.680076599121,961.1800689697266,969.4800758361816,Group: B,Group: C,Group: B vs Group: C,4,4,Blank_Blank_Blank
"[TG(56:11),TG(55:4)]_FA16:1",TAG,1127.7800788879395,1055.4400749206543,1064.020076751709,1081.800064086914,1051.3200721740723,1121.5800743103027,1052.5800704956055,1083.7000732421875,1048.3800735473633,Group: B,Group: C,Group: B vs Group: C,4,4,Blank_Blank_Blank
"[TG(56:11),TG(55:4)]_FA18:0",TAG,970.7000694274902,974.5200653076172,1022.200080871582,1061.0800819396973,968.0800743103027,1035.0200729370117,1213.7600860595703,997.5000686645508,969.3400688171387,Group: B,Group: C,Group: B vs Group: C,4,4,Blank_Blank_Blank
"[TG(56:11),TG(55:4)]_FA18:1",TAG,1198.3800811767578,1432.4001007080078,1434.8800964355469,1302.940086364746,1594.3401260375977,1398.960105895996,1783.840103149414,1216.0600776672363,1053.4200706481934,Group: B,Group: C,Group: B vs Group: C,4,4,Blank_Blank_Blank
"[TG(56:11),TG(55:4)]_FA18:2",TAG,1490.3001022338867,1383.7000885009766,2081.1001739501953,1509.8200988769531,1971.4401168823242,2987.3002738952637,2348.7801361083984,1426.2400970458984,1148.4000701904297,Group: B,Group: C,Group: B vs Group: C,4,4,Blank_Blank_Blank
"[TG(56:11),TG(55:4)]_FA18:3",TAG,1222.0000762939453,1230.820083618164,1184.2200736999512,1230.800090789795,1182.5800895690918,1333.5400848388672,1172.6000785827637,1172.1000785827637,1182.820083618164,Group: B,Group: C,Group: B vs Group: C,4,4,Blank_Blank_Blank
"[TG(56:11),TG(55:4)]_FA20:4",TAG,1348.8801002502441,1435.4401016235352,1364.5801010131836,1248.4200897216797,1343.5600967407227,1290.2400817871094,1381.3001022338867,1352.1200942993164,1246.9800872802734,Group: B,Group: C,Group: B vs Group: C,4,4,Blank_Blank_Blank
"[TG(56:11),TG(55:4)]_FA22:5",TAG,1379.3600883483887,1376.9000930786133,1377.4800872802734,1382.1600952148438,1373.6401023864746,1415.9400939941406,1377.4800872802734,1380.0000953674316,1382.400089263916,Group: B,Group: C,Group: B vs Group: C,4,4,Blank_Blank_Blank
"[TG(56:11),TG(55:4)]_FA22:6",TAG,1565.8601264953613,1518.1401138305664,1502.960105895996,1551.7801094055176,1499.6001052856445,1494.1200981140137,1543.340103149414,1498.5601043701172,1525.7800979614258,Group: B,Group: C,Group: B vs Group: C,4,4,Blank_Blank_Blank
"[TG(56:12),TG(55:5)]_FA14:0",TAG,995.7800712585449,1000.2800636291504,1004.3000717163086,969.8000679016113,1005.1400756835938,971.0400772094727,971.900074005127,983.5800743103027,970.8600616455078,Group: B,Group: C,Group: B vs Group: C,4,4,Blank_Blank_Blank
"[TG(56:12),TG(55:5)]_FA16:0",TAG,980.8600730895996,964.4000663757324,1293.4800834655762,994.9600639343262,1038.900074005127,1249.1200828552246,1208.9000930786133,1021.7200698852539,969.1800575256348,Group: B,Group: C,Group: B vs Group: C,4,4,Blank_Blank_Blank
"[TG(56:12),TG(55:5)]_FA16:1",TAG,1050.5600700378418,1059.9800758361816,1116.5600776672363,1060.6800575256348,1051.000072479248,1123.440086364746,1261.0801010131836,1147.2400856018066,1047.6600761413574,Group: B,Group: C,Group: B vs Group: C,4,4,Blank_Blank_Blank
"[TG(56:12),TG(55:5)]_FA18:0",TAG,970.5000762939453,982.6400604248047,969.8400650024414,975.8000717163086,968.1600761413574,987.9600639343262,1060.2400703430176,973.6200752258301,999.880069732666,Group: B,Group: C,Group: B vs Group: C,4,4,Blank_Blank_Blank
"[TG(56:12),TG(55:5)]_FA18:1",TAG,1173.080078125,1142.04008102417,1136.7600898742676,1069.9800720214844,1348.960090637207,1197.4200744628906,1398.5600967407227,1212.000087738037,1127.8600807189941,Group: B,Group: C,Group: B vs Group: C,4,4,Blank_Blank_Blank
"[TG(56:12),TG(55:5)]_FA18:2",TAG,1304.6401023864746,1257.400089263916,2210.740146636963,1500.4801063537598,1955.9601440429688,2114.2201385498047,2091.2201347351074,1249.8200874328613,1146.4800834655762,Group: B,Group: C,Group: B vs Group: C,4,4,Blank_Blank_Blank
"[TG(56:12),TG(55:5)]_FA18:3",TAG,1295.7800941467285,1282.7601051330566,1415.8001022338867,1356.8400917053223,1170.0200805664062,1242.7800827026367,1200.6400871276855,1291.1200904846191,1172.0400733947754,Group: B,Group: C,Group: B vs Group: C,4,4,Blank_Blank_Blank
"[TG(56:12),TG(55:5)]_FA20:4",TAG,1568.5801124572754,1563.16011428833,1660.2201118469238,1467.3601150512695,1475.5001068115234,1664.2401008605957,1952.5401611328125,1444.8601112365723,1292.14009475708,Group: B,Group: C,Group: B vs Group: C,4,4,Blank_Blank_Blank
"[TG(56:12),TG(55:5)]_FA22:5",TAG,1506.2801055908203,1487.2601165771484,1385.4600982666016,1438.3001022338867,1462.280101776123,1378.0200958251953,1376.440097808838,1410.3600997924805,1376.2400932312012,Group: B,Group: C,Group: B vs Group: C,4,4,Blank_Blank_Blank
"[TG(56:12),TG(55:5)]_FA22:6",TAG,1527.1400985717773,1537.4801063537598,1502.6601066589355,1518.8801002502441,1522.3601188659668,1494.6600952148438,1538.9601097106934,1499.500099182129,1498.0800971984863,Group: B,Group: C,Group: B vs Group: C,4,4,Blank_Blank_Blank
"[TG(56:13),TG(55:6)]_FA14:0",TAG,1023.5400733947754,970.4400787353516,984.1800765991211,1053.200080871582,984.8600692749023,970.3600540161133,983.5600700378418,974.0600662231445,970.5200614929199,Group: B,Group: C,Group: B vs Group: C,4,4,Blank_Blank_Blank
"[TG(56:13),TG(55:6)]_FA16:0",TAG,1062.900074005127,1067.140079498291,978.400074005127,977.9600677490234,1217.5600891113281,1011.1800651550293,1119.240077972412,1051.02006149292,1002.8800659179688,Group: B,Group: C,Group: B vs Group: C,4,4,Blank_Blank_Blank
"[TG(56:13),TG(55:6)]_FA16:1",TAG,1066.5200805664062,1055.6400833129883,1089.6400833129883,1050.2800827026367,1052.0400772094727,1212.6000862121582,1114.4400787353516,1069.460075378418,1048.1800689697266,Group: B,Group: C,Group: B vs Group: C,4,4,Blank_Blank_Blank
"[TG(56:13),TG(55:6)]_FA18:0",TAG,1064.280071258545,1013.8400764465332,969.3600578308105,980.500072479248,1012.9800720214844,1038.7600746154785,1020.8400802612305,972.8200645446777,1023.2800712585449,Group: B,Group: C,Group: B vs Group: C,4,4,Blank_Blank_Blank
"[TG(56:13),TG(55:6)]_FA18:1",TAG,1138.6800804138184,1055.9000625610352,1118.7800788879395,1094.7800750732422,1061.5800666809082,1177.4000778198242,1048.8200759887695,1112.8800773620605,1054.1400718688965,Group: B,Group: C,Group: B vs Group: C,4,4,Blank_Blank_Blank
"[TG(56:13),TG(55:6)]_FA18:2",TAG,1201.5400772094727,1202.4400901794434,1478.08012008667,1267.6800918579102,1482.880084991455,1838.5601272583008,1532.940113067627,1252.8000869750977,1143.340072631836,Group: B,Group: C,Group: B vs Group: C,4,4,Blank_Blank_Blank
"[TG(56:13),TG(55:6)]_FA18:3",TAG,1261.8000831604004,1283.3200950622559,1323.420093536377,1272.3400840759277,1286.380084991455,1193.8400764465332,1250.9401016235352,1191.6800842285156,1172.8000755310059,Group: B,Group: C,Group: B vs Group: C,4,4,Blank_Blank_Blank
"[TG(56:13),TG(55:6)]_FA20:4",TAG,1766.7001342773438,1891.0801467895508,1436.2200965881348,1542.9001007080078,1908.6601104736328,1939.340129852295,2608.64017868042,1637.6201095581055,1346.1401023864746,Group: B,Group: C,Group: B vs Group: C,4,4,Blank_Blank_Blank
"[TG(56:13),TG(55:6)]_FA22:5",TAG,1647.2001190185547,1497.1001014709473,1468.300106048584,1698.1801300048828,1397.020107269287,1685.260139465332,1549.480110168457,1778.6801300048828,1376.3600959777832,Group: B,Group: C,Group: B vs Group: C,4,4,Blank_Blank_Blank
"[TG(56:13),TG(55:6)]_FA22:6",TAG,1560.4601135253906,1574.6401100158691,1512.7401008605957,1499.9601020812988,1577.9201164245605,1598.5201110839844,1653.0801162719727,1499.1201133728027,1514.2401008605957,Group: B,Group: C,Group: B vs Group: C,4,4,Blank_Blank_Blank
[TG(56:6)]_FA14:0,TAG,997.6600723266602,1201.3200798034668,1006.3200721740723,1089.380069732666,1136.1400833129883,1081.720069885254,1071.940071105957,973.6000823974609,988.820068359375,Group: B,Group: C,Group: B vs Group: C,4,4,Blank_Blank_Blank
[TG(56:6)]_FA16:0,TAG,4391.800426483154,2053.6201553344727,8652.620475769043,1744.3601417541504,9817.120574951172,6163.180381774902,14480.26085281372,1992.5801162719727,1005.6400680541992,Group: B,Group: C,Group: B vs Group: C,4,4,Blank_Blank_Blank
[TG(56:6)]_FA16:1,TAG,1618.7400970458984,1527.700096130371,1537.600112915039,1465.2000885009766,1078.460075378418,2442.020160675049,2744.460193634033,2194.4201469421387,1059.5200729370117,Group: B,Group: C,Group: B vs Group: C,4,4,Blank_Blank_Blank
[TG(56:6)]_FA18:0,TAG,1390.2000885009766,1864.420108795166,1844.5001220703125,1243.8200874328613,1741.1201210021973,1663.1601448059082,5073.800277709961,1518.4400939941406,970.2400665283203,Group: B,Group: C,Group: B vs Group: C,4,4,Blank_Blank_Blank
[TG(56:6)]_FA18:1,TAG,5972.260391235352,4066.9402198791504,8530.100765228271,3886.5803031921387,7832.720470428467,5877.560512542725,27750.18159866333,3882.180305480957,1101.6600761413574,Group: B,Group: C,Group: B vs Group: C,4,4,Blank_Blank_Blank
[TG(56:6)]_FA18:2,TAG,4087.1802711486816,4713.040344238281,15493.00122833252,6834.020389556885,10957.140872955322,19300.881130218506,14836.061264038086,5134.500293731689,1128.7600746154785,Group: B,Group: C,Group: B vs Group: C,4,4,Blank_Blank_Blank
[TG(56:6)]_FA18:3,TAG,2291.8601570129395,2470.260185241699,2595.880153656006,3208.0402908325195,2101.500129699707,3035.680187225342,2457.8001823425293,1642.8801040649414,1197.1400833129883,Group: B,Group: C,Group: B vs Group: C,4,4,Blank_Blank_Blank
[TG(56:6)]_FA20:4,TAG,12169.500835418701,13152.700645446777,11552.660888671875,12814.460746765137,9798.040908813477,15374.660827636719,36509.28211975098,12335.700721740723,1348.260108947754,Group: B,Group: C,Group: B vs Group: C,4,4,Blank_Blank_Blank
[TG(56:6)]_FA22:5,TAG,14137.080749511719,13828.600872039795,5178.260345458984,7427.66072845459,5266.240440368652,7789.90055847168,17568.30143737793,15586.381034851074,1393.920093536377,Group: B,Group: C,Group: B vs Group: C,4,4,Blank_Blank_Blank
[TG(56:6)]_FA22:6,TAG,3180.5802001953125,3609.1003227233887,3115.8402519226074,2973.120189666748,2280.2001571655273,3058.1202430725098,5927.380485534668,2529.58016204834,1497.7401008605957,Group: B,Group: C,Group: B vs Group: C,4,4,Blank_Blank_Blank
"[TG(56:7),TG(55:0)]_FA14:0",TAG,1040.7400665283203,1139.660083770752,1068.420078277588,1177.1800842285156,1175.420078277588,1029.0600776672363,1069.6400756835938,1048.740062713623,1082.0800819396973,Group: B,Group: C,Group: B vs Group: C,4,4,Blank_Blank_Blank
"[TG(56:7),TG(55:0)]_FA16:0",TAG,6104.180461883545,5195.94034576416,10281.140480041504,4276.400386810303,12432.140846252441,6977.180507659912,14279.641040802002,4647.240348815918,1058.0800743103027,Group: B,Group: C,Group: B vs Group: C,4,4,Blank_Blank_Blank
"[TG(56:7),TG(55:0)]_FA16:1",TAG,2389.540142059326,2074.560127258301,2135.3801498413086,1620.8201141357422,1576.7601165771484,3296.140251159668,3986.6402893066406,3047.320171356201,1046.620059967041,Group: B,Group: C,Group: B vs Group: C,4,4,Blank_Blank_Blank
"[TG(56:7),TG(55:0)]_FA18:0",TAG,1115.6200714111328,1144.2600746154785,1136.2400817871094,1140.5800857543945,968.5000762939453,1040.9400787353516,1434.020092010498,1029.800064086914,1025.5800743103027,Group: B,Group: C,Group: B vs Group: C,4,4,Blank_Blank_Blank
"[TG(56:7),TG(55:0)]_FA18:1",TAG,4919.440208435059,3034.0802154541016,6694.740428924561,3202.380325317383,6172.2204666137695,3907.600273132324,21919.101043701172,3020.4201583862305,1101.8600730895996,Group: B,Group: C,Group: B vs Group: C,4,4,Blank_Blank_Blank
"[TG(56:7),TG(55:0)]_FA18:2",TAG,4881.960430145264,5391.080436706543,15686.60124206543,7871.340465545654,13209.340782165527,21750.781936645508,18171.98119354248,5059.000392913818,1129.1800804138184,Group: B,Group: C,Group: B vs Group: C,4,4,Blank_Blank_Blank
"[TG(56:7),TG(55:0)]_FA18:3",TAG,2438.1201705932617,2599.060188293457,2296.380199432373,2965.280200958252,2813.860179901123,3069.380229949951,2210.76016998291,1303.7600898742676,1172.3400688171387,Group: B,Group: C,Group: B vs Group: C,4,4,Blank_Blank_Blank
"[TG(56:7),TG(55:0)]_FA20:4",TAG,16701.701511383057,20318.521114349365,16877.741149902344,26813.682327270508,13629.901107788086,11878.22074508667,46953.144119262695,17222.041271209717,1266.6200904846191,Group: B,Group: C,Group: B vs Group: C,4,4,Blank_Blank_Blank
"[TG(56:7),TG(55:0)]_FA22:5",TAG,15469.001335144043,19411.801582336426,6238.4005126953125,15841.280773162842,5466.800327301025,7676.520435333252,20787.581176757812,16462.02144241333,1375.7000923156738,Group: B,Group: C,Group: B vs Group: C,4,4,Blank_Blank_Blank
"[TG(56:7),TG(55:0)]_FA22:6",TAG,28754.981956481934,29698.461418151855,23225.401302337646,22488.68180847168,12018.400901794434,28107.28199005127,69058.94369888306,16682.780952453613,1588.200122833252,Group: B,Group: C,Group: B vs Group: C,4,4,Blank_Blank_Blank
"[TG(56:8),TG(55:1)]_FA14:0",TAG,1013.5400695800781,969.7200736999512,997.6400604248047,1029.1600646972656,990.7800750732422,1028.1400680541992,1022.320068359375,973.6600761413574,971.5400733947754,Group: B,Group: C,Group: B vs Group: C,4,4,Blank_Blank_Blank
"[TG(56:8),TG(55:1)]_FA16:0",TAG,3170.960220336914,3997.6404037475586,5989.800479888916,4008.560401916504,7177.760551452637,3553.3802642822266,7706.220733642578,1588.5401000976562,969.180061340332,Group: B,Group: C,Group: B vs Group: C,4,4,Blank_Blank_Blank
"[TG(56:8),TG(55:1)]_FA16:1",TAG,2160.600124359131,1863.8601264953613,2432.7401809692383,2073.300121307373,1434.720100402832,3525.960193634033,4274.320259094238,2835.260238647461,1083.8200721740723,Group: B,Group: C,Group: B vs Group: C,4,4,Blank_Blank_Blank
"[TG(56:8),TG(55:1)]_FA18:0",TAG,1005.5200729370117,1008.5000762939453,1011.4600601196289,1019.3000831604004,1038.3000831604004,969.4400634765625,1174.4400787353516,997.1000671386719,1023.9400634765625,Group: B,Group: C,Group: B vs Group: C,4,4,Blank_Blank_Blank
"[TG(56:8),TG(55:1)]_FA18:1",TAG,1767.400161743164,1342.2400970458984,2050.8201446533203,1553.1000900268555,2251.180191040039,1438.280101776123,4447.160350799561,1444.8601188659668,1053.4400672912598,Group: B,Group: C,Group: B vs Group: C,4,4,Blank_Blank_Blank
"[TG(56:8),TG(55:1)]_FA18:2",TAG,3234.5602111816406,4852.140380859375,9547.380802154541,5322.680377960205,8178.1205406188965,13083.661235809326,12724.501083374023,3232.000213623047,1169.2600746154785,Group: B,Group: C,Group: B vs Group: C,4,4,Blank_Blank_Blank
"[TG(56:8),TG(55:1)]_FA18:3",TAG,2147.9401931762695,1712.300136566162,2200.8401069641113,2696.120162963867,2587.5201568603516,2509.3402099609375,2306.6401596069336,1171.740089416504,1172.2600746154785,Group: B,Group: C,Group: B vs Group: C,4,4,Blank_Blank_Blank
"[TG(56:8),TG(55:1)]_FA20:4",TAG,7585.800380706787,8934.360591888428,5500.940425872803,16543.26100540161,7223.020439147949,8121.460678100586,16142.621063232422,6193.6404457092285,1279.1800842285156,Group: B,Group: C,Group: B vs Group: C,4,4,Blank_Blank_Blank
"[TG(56:8),TG(55:1)]_FA22:5",TAG,3744.260242462158,4616.820335388184,2306.040138244629,3391.580291748047,2368.1801795959473,2814.000217437744,4664.320339202881,4393.280353546143,1375.5000915527344,Group: B,Group: C,Group: B vs Group: C,4,4,Blank_Blank_Blank
"[TG(56:8),TG(55:1)]_FA22:6",TAG,28222.041389465332,38397.5830116272,15756.461036682129,37431.02180099487,14927.360801696777,31533.781883239746,66410.26453018188,18396.48126602173,1524.2201118469238,Group: B,Group: C,Group: B vs Group: C,4,4,Blank_Blank_Blank
"[TG(56:9),TG(55:2)]_FA14:0",TAG,981.9800720214844,970.7800636291504,971.5200691223145,997.6200675964355,995.0800666809082,983.1000671386719,978.8800773620605,973.6400680541992,970.4600639343262,Group: B,Group: C,Group: B vs Group: C,4,4,Blank_Blank_Blank
"[TG(56:9),TG(55:2)]_FA16:0",TAG,1039.1200675964355,1159.2400703430176,1353.5401000976562,1163.420078277588,1091.6600799560547,1242.620101928711,1501.4601020812988,1206.5400733947754,969.8000717163086,Group: B,Group: C,Group: B vs Group: C,4,4,Blank_Blank_Blank
"[TG(56:9),TG(55:2)]_FA16:1",TAG,1522.9600944519043,1532.5600929260254,1902.9601707458496,1984.6001319885254,1255.1401023864746,2133.8001289367676,2666.7202224731445,2604.0001907348633,1146.9600791931152,Group: B,Group: C,Group: B vs Group: C,4,4,Blank_Blank_Blank
"[TG(56:9),TG(55:2)]_FA18:0",TAG,1011.680061340332,1023.1000823974609,1013.1800727844238,1010.1400680541992,1025.6800727844238,998.2200660705566,1458.360122680664,972.9800643920898,1032.3400802612305,Group: B,Group: C,Group: B vs Group: C,4,4,Blank_Blank_Blank
"[TG(56:9),TG(55:2)]_FA18:1",TAG,1172.240077972412,1111.8000831604004,1440.4600982666016,1110.9800834655762,1595.2201309204102,1081.0800819396973,1923.7001152038574,1141.020076751709,1178.4800834655762,Group: B,Group: C,Group: B vs Group: C,4,4,Blank_Blank_Blank
"[TG(56:9),TG(55:2)]_FA18:2",TAG,1542.3201141357422,1745.2801132202148,2184.240177154541,1776.5401191711426,2850.880195617676,3131.400230407715,3503.2802543640137,1825.1801223754883,1175.0000801086426,Group: B,Group: C,Group: B vs Group: C,4,4,Blank_Blank_Blank
"[TG(56:9),TG(55:2)]_FA18:3",TAG,1525.16011428833,2036.0801315307617,2063.9601249694824,2281.4601707458496,1947.3201293945312,2301.620143890381,2193.7801475524902,1223.6200790405273,1171.7000770568848,Group: B,Group: C,Group: B vs Group: C,4,4,Blank_Blank_Blank
"[TG(56:9),TG(55:2)]_FA20:4",TAG,2374.5001831054688,2463.2401390075684,2851.1001930236816,3469.3002128601074,2109.040153503418,1734.520118713379,3357.2002182006836,1381.1600952148438,1246.8000869750977,Group: B,Group: C,Group: B vs Group: C,4,4,Blank_Blank_Blank
"[TG(56:9),TG(55:2)]_FA22:5",TAG,1594.8401107788086,1620.9401206970215,1406.9000968933105,1760.7401313781738,1409.1601066589355,1450.6801109313965,1503.60009765625,1438.2801132202148,1381.040111541748,Group: B,Group: C,Group: B vs Group: C,4,4,Blank_Blank_Blank
"[TG(56:9),TG(55:2)]_FA22:6",TAG,5517.280246734619,6813.440406799316,5233.4204750061035,8454.62052154541,4045.9603309631348,6298.320598602295,14463.741188049316,4417.660243988037,1536.860107421875,Group: B,Group: C,Group: B vs Group: C,4,4,Blank_Blank_Blank
"[TG(57:10),TG(56:3)]_FA14:0",TAG,971.2200736999512,1018.4800643920898,970.140064239502,970.3600654602051,970.6200637817383,970.460075378418,1039.1800689697266,973.1600723266602,970.7600746154785,Group: B,Group: C,Group: B vs Group: C,4,4,Blank_Blank_Blank
"[TG(57:10),TG(56:3)]_FA16:0",TAG,1685.0001411437988,1105.0600776672363,1789.6801300048828,1338.1000900268555,2800.6602058410645,1922.0001258850098,2692.220188140869,1518.4201164245605,969.6600761413574,Group: B,Group: C,Group: B vs Group: C,4,4,Blank_Blank_Blank
"[TG(57:10),TG(56:3)]_FA16:1",TAG,1207.2200889587402,1279.5200958251953,1109.4200706481934,1195.4000968933105,1094.8400764465332,1654.5601234436035,1135.0400733947754,1466.340103149414,1065.6400604248047,Group: B,Group: C,Group: B vs Group: C,4,4,Blank_Blank_Blank
"[TG(57:10),TG(56:3)]_FA18:0",TAG,1468.5600929260254,1513.260097503662,1904.6001434326172,1419.0800971984863,1587.4401016235352,1497.1001167297363,5019.16036605835,1880.420108795166,969.9000625610352,Group: B,Group: C,Group: B vs Group: C,4,4,Blank_Blank_Blank
"[TG(57:10),TG(56:3)]_FA18:1",TAG,3128.68017578125,3630.7002906799316,7982.680713653564,2548.640209197998,7526.000465393066,4996.520286560059,4597.860279083252,7044.280422210693,1126.9000778198242,Group: B,Group: C,Group: B vs Group: C,4,4,Blank_Blank_Blank
"[TG(57:10),TG(56:3)]_FA18:2",TAG,2183.040168762207,2519.840175628662,4518.940280914307,2327.7601585388184,4559.260257720947,8203.78044128418,5158.640384674072,2089.240146636963,1129.4200744628906,Group: B,Group: C,Group: B vs Group: C,4,4,Blank_Blank_Blank
"[TG(57:10),TG(56:3)]_FA18:3",TAG,1200.3600807189941,1240.2000885009766,1254.9400825500488,1191.8200798034668,1188.8400917053223,1233.5400848388672,1184.9000778198242,1198.0200843811035,1171.8600730895996,Group: B,Group: C,Group: B vs Group: C,4,4,Blank_Blank_Blank
"[TG(57:10),TG(56:3)]_FA20:4",TAG,1366.860107421875,1287.7200889587402,1339.06010055542,1255.320083618164,1294.2600898742676,1284.440097808838,1397.4001007080078,1267.1200942993164,1247.0400886535645,Group: B,Group: C,Group: B vs Group: C,4,4,Blank_Blank_Blank
"[TG(57:10),TG(56:3)]_FA22:5",TAG,1376.9600944519043,1376.3201026916504,1389.1400985717773,1372.3400955200195,1374.2800941467285,1374.5400924682617,1377.0801086425781,1380.6800918579102,1376.360092163086,Group: B,Group: C,Group: B vs Group: C,4,4,Blank_Blank_Blank
"[TG(57:10),TG(56:3)]_FA22:6",TAG,1519.6001052856445,1496.4801025390625,1553.560115814209,1591.2201118469238,1548.7601051330566,1544.8201141357422,1501.2001037597656,1499.6201210021973,1505.7401123046875,Group: B,Group: C,Group: B vs Group: C,4,4,Blank_Blank_Blank
"[TG(57:11),TG(56:4)]_FA14:0",TAG,993.3000602722168,970.6800727844238,969.7600631713867,970.2600708007812,992.1400680541992,970.1200675964355,1005.3000602722168,984.2800750732422,990.7600746154785,Group: B,Group: C,Group: B vs Group: C,4,4,Blank_Blank_Blank
"[TG(57:11),TG(56:4)]_FA16:0",TAG,1750.0201225280762,1479.3801040649414,2135.5601539611816,986.9800682067871,2858.040214538574,1660.900104522705,2817.68021774292,1108.1800804138184,1014.9400749206543,Group: B,Group: C,Group: B vs Group: C,4,4,Blank_Blank_Blank
"[TG(57:11),TG(56:4)]_FA16:1",TAG,1074.3400840759277,1288.7800941467285,1227.5600891113281,1079.160068511963,1216.3800735473633,1674.460117340088,1377.9000968933105,1648.720127105713,1050.3600807189941,Group: B,Group: C,Group: B vs Group: C,4,4,Blank_Blank_Blank
"[TG(57:11),TG(56:4)]_FA18:0",TAG,1579.760108947754,2024.7401313781738,2368.100166320801,1864.6401557922363,1721.0201301574707,2344.200126647949,6479.600494384766,2238.8001441955566,1039.5000801086426,Group: B,Group: C,Group: B vs Group: C,4,4,Blank_Blank_Blank
"[TG(57:11),TG(56:4)]_FA18:1",TAG,3177.720245361328,3943.5602226257324,10825.880588531494,3832.7802505493164,8551.120544433594,6520.3404541015625,29880.961277008057,5184.680271148682,1135.2000732421875,Group: B,Group: C,Group: B vs Group: C,4,4,Blank_Blank_Blank
"[TG(57:11),TG(56:4)]_FA18:2",TAG,3794.4802169799805,4487.6602783203125,12910.360889434814,5635.140228271484,11482.960918426514,18819.761554718018,14384.98136138916,5968.200378417969,1208.2000770568848,Group: B,Group: C,Group: B vs Group: C,4,4,Blank_Blank_Blank
"[TG(57:11),TG(56:4)]_FA18:3",TAG,1601.2001037597656,1556.840103149414,1341.8600959777832,1416.7801055908203,1601.260108947754,1885.8601264953613,1716.9401321411133,1247.760082244873,1172.1800842285156,Group: B,Group: C,Group: B vs Group: C,4,4,Blank_Blank_Blank
"[TG(57:11),TG(56:4)]_FA20:4",TAG,1792.8801460266113,2054.500141143799,1896.5601387023926,1535.0001182556152,1799.200107574463,1844.2601280212402,2284.460163116455,1866.3001174926758,1246.8800888061523,Group: B,Group: C,Group: B vs Group: C,4,4,Blank_Blank_Blank
"[TG(57:11),TG(56:4)]_FA22:5",TAG,1384.1601066589355,1462.5000953674316,1439.9000854492188,1391.8200950622559,1377.7400970458984,1413.200096130371,1443.5801048278809,1508.1000900268555,1375.3000984191895,Group: B,Group: C,Group: B vs Group: C,4,4,Blank_Blank_Blank
"[TG(57:11),TG(56:4)]_FA22:6",TAG,1529.2401161193848,1497.0401077270508,1501.340103149414,1559.5601081848145,1518.5401000976562,1496.0001068115234,1508.6401100158691,1499.5200996398926,1572.9201164245605,Group: B,Group: C,Group: B vs Group: C,4,4,Blank_Blank_Blank
"[TG(57:12),TG(56:5)]_FA14:0",TAG,972.7600555419922,1033.5400733947754,971.1600608825684,969.4400749206543,983.0600738525391,1014.8400764465332,1027.1400756835938,1013.4600715637207,970.4600639343262,Group: B,Group: C,Group: B vs Group: C,4,4,Blank_Blank_Blank
"[TG(57:12),TG(56:5)]_FA16:0",TAG,1473.7801132202148,2163.660129547119,4076.5602645874023,1665.3401184082031,4947.980369567871,3215.20023727417,5676.68030166626,1515.3000869750977,969.4400596618652,Group: B,Group: C,Group: B vs Group: C,4,4,Blank_Blank_Blank
"[TG(57:12),TG(56:5)]_FA16:1",TAG,1273.520092010498,1111.6400756835938,1265.1200828552246,1215.0600852966309,1133.0400886535645,1057.9800758361816,1415.3800926208496,1360.1400909423828,1071.8000831604004,Group: B,Group: C,Group: B vs Group: C,4,4,Blank_Blank_Blank
"[TG(57:12),TG(56:5)]_FA18:0",TAG,1842.8001136779785,1958.4801292419434,2705.5402069091797,1628.1201286315918,1571.3001136779785,1934.1801376342773,7490.480373382568,2377.8601722717285,982.9400749206543,Group: B,Group: C,Group: B vs Group: C,4,4,Blank_Blank_Blank
"[TG(57:12),TG(56:5)]_FA18:1",TAG,6050.820537567139,3405.040252685547,9495.44054031372,3636.3203506469727,8192.400409698486,6132.240604400635,25764.981761932373,4038.2202529907227,1077.7600746154785,Group: B,Group: C,Group: B vs Group: C,4,4,Blank_Blank_Blank
"[TG(57:12),TG(56:5)]_FA18:2",TAG,3813.76033782959,4672.660312652588,13513.640892028809,6213.4804763793945,12698.300598144531,18469.60154724121,12271.461032867432,6285.320568084717,1191.3600845336914,Group: B,Group: C,Group: B vs Group: C,4,4,Blank_Blank_Blank
"[TG(57:12),TG(56:5)]_FA18:3",TAG,1920.540138244629,2346.5201721191406,1791.3801536560059,2238.0201568603516,1730.4801177978516,2650.5202026367188,2297.780170440674,1327.5800971984863,1211.0600891113281,Group: B,Group: C,Group: B vs Group: C,4,4,Blank_Blank_Blank
"[TG(57:12),TG(56:5)]_FA20:4",TAG,5564.800453186035,6018.680347442627,6485.440647125244,5398.840412139893,5836.920364379883,6528.600551605225,14313.800994873047,4971.240455627441,1247.14009475708,Group: B,Group: C,Group: B vs Group: C,4,4,Blank_Blank_Blank
"[TG(57:12),TG(56:5)]_FA22:5",TAG,2677.8601608276367,2394.0801582336426,1919.0001411437988,1865.3201446533203,1736.9801292419434,1805.08012008667,2794.5202255249023,2766.3401832580566,1423.3801002502441,Group: B,Group: C,Group: B vs Group: C,4,4,Blank_Blank_Blank
"[TG(57:12),TG(56:5)]_FA22:6",TAG,1568.8801002502441,1507.9201126098633,1520.6800956726074,1523.8401069641113,1537.1801109313965,1527.4401168823242,1578.1601181030273,1520.5001068115234,1582.220115661621,Group: B,Group: C,Group: B vs Group: C,4,4,Blank_Blank_Blank
"[TG(57:8),TG(56:1)]_FA14:0",TAG,1040.9000701904297,1068.6600761413574,1012.9800720214844,1094.8600769042969,1013.380069732666,1045.9800720214844,1036.3000717163086,1016.7000732421875,1058.3000755310059,Group: B,Group: C,Group: B vs Group: C,4,4,Blank_Blank_Blank
"[TG(57:8),TG(56:1)]_FA16:0",TAG,1119.6800842285156,1105.880084991455,1201.8400802612305,1026.5000686645508,1312.2000999450684,1285.6800994873047,1072.6800804138184,1164.1600875854492,1061.240062713623,Group: B,Group: C,Group: B vs Group: C,4,4,Blank_Blank_Blank
"[TG(57:8),TG(56:1)]_FA16:1",TAG,1127.9800834655762,1100.680076599121,1083.8400802612305,1120.2000846862793,1052.1200675964355,1089.6800804138184,1182.740077972412,1155.200080871582,1080.3000869750977,Group: B,Group: C,Group: B vs Group: C,4,4,Blank_Blank_Blank
"[TG(57:8),TG(56:1)]_FA18:0",TAG,1061.3000755310059,1102.5400848388672,1024.6400604248047,1085.640079498291,1099.600082397461,1078.54008102417,1639.040111541748,1031.480068206787,1011.460075378418,Group: B,Group: C,Group: B vs Group: C,4,4,Blank_Blank_Blank
"[TG(57:8),TG(56:1)]_FA18:1",TAG,1252.0600929260254,1177.3600807189941,1268.6800842285156,1053.3600769042969,1289.1200714111328,1089.5400733947754,2256.1201248168945,1249.660068511963,1135.2000770568848,Group: B,Group: C,Group: B vs Group: C,4,4,Blank_Blank_Blank
"[TG(57:8),TG(56:1)]_FA18:2",TAG,1207.2600746154785,1189.4400787353516,1301.020092010498,1309.2000923156738,1442.120101928711,1458.1601028442383,1250.9000778198242,1174.4200859069824,1129.1000709533691,Group: B,Group: C,Group: B vs Group: C,4,4,Blank_Blank_Blank
"[TG(57:8),TG(56:1)]_FA18:3",TAG,1181.720085144043,1324.420093536377,1191.820083618164,1239.3600807189941,1197.7200775146484,1269.6600875854492,1234.100082397461,1239.5800895690918,1172.8800811767578,Group: B,Group: C,Group: B vs Group: C,4,4,Blank_Blank_Blank
"[TG(57:8),TG(56:1)]_FA20:4",TAG,1258.6800842285156,1378.3000984191895,1316.6001014709473,1280.4800987243652,1252.0600852966309,1253.3200912475586,1290.06010055542,1276.6800804138184,1246.6400985717773,Group: B,Group: C,Group: B vs Group: C,4,4,Blank_Blank_Blank
"[TG(57:8),TG(56:1)]_FA22:5",TAG,1482.8600883483887,1446.64009475708,1389.8400955200195,1404.540096282959,1374.500087738037,1484.9801025390625,1518.1001167297363,1508.0201148986816,1398.3200988769531,Group: B,Group: C,Group: B vs Group: C,4,4,Blank_Blank_Blank
"[TG(57:8),TG(56:1)]_FA22:6",TAG,1886.8601455688477,1787.7401313781738,2176.7201499938965,2029.16015625,1835.8601341247559,2115.7801551818848,2225.5601501464844,1766.780128479004,1514.6201171875,Group: B,Group: C,Group: B vs Group: C,4,4,Blank_Blank_Blank
"[TG(57:9),TG(56:2)]_FA14:0",TAG,1021.6000709533691,1048.700065612793,992.8800659179688,1053.700080871582,1043.4600830078125,970.9400672912598,1040.3600730895996,973.3000679016113,970.6400680541992,Group: B,Group: C,Group: B vs Group: C,4,4,Blank_Blank_Blank
"[TG(57:9),TG(56:2)]_FA16:0",TAG,1393.4401092529297,1297.7800979614258,1160.0000839233398,1159.640079498291,2575.020149230957,1661.8800964355469,2390.5401496887207,1167.2400932312012,969.8200721740723,Group: B,Group: C,Group: B vs Group: C,4,4,Blank_Blank_Blank
"[TG(57:9),TG(56:2)]_FA16:1",TAG,1071.9400749206543,1206.1800842285156,1077.4400749206543,1108.5600700378418,1111.0000686645508,1264.080093383789,1111.780071258545,1161.940086364746,1101.6800651550293,Group: B,Group: C,Group: B vs Group: C,4,4,Blank_Blank_Blank
"[TG(57:9),TG(56:2)]_FA18:0",TAG,1051.6800804138184,1326.240104675293,1451.700107574463,1157.380084991455,1222.8801040649414,1422.360092163086,3397.36030960083,1741.6401329040527,969.0800666809082,Group: B,Group: C,Group: B vs Group: C,4,4,Blank_Blank_Blank
"[TG(57:9),TG(56:2)]_FA18:1",TAG,1850.6001167297363,1717.460117340088,2645.3202056884766,1536.9201202392578,3076.1002044677734,1875.7001304626465,11060.8207321167,1832.3801345825195,1054.0000762939453,Group: B,Group: C,Group: B vs Group: C,4,4,Blank_Blank_Blank
"[TG(57:9),TG(56:2)]_FA18:2",TAG,1227.9600791931152,1297.300090789795,1391.4200897216797,1308.680088043213,1212.9600868225098,1732.8601303100586,1889.3001327514648,1190.760082244873,1157.4000816345215,Group: B,Group: C,Group: B vs Group: C,4,4,Blank_Blank_Blank
"[TG(57:9),TG(56:2)]_FA18:3",TAG,1167.8600807189941,1212.6800727844238,1219.3200721740723,1221.0600852966309,1249.7800827026367,1210.020092010498,1172.4600830078125,1172.4000854492188,1171.6000709533691,Group: B,Group: C,Group: B vs Group: C,4,4,Blank_Blank_Blank
"[TG(57:9),TG(56:2)]_FA20:4",TAG,1279.6200981140137,1298.4200897216797,1277.7200927734375,1258.4400787353516,1278.500087738037,1291.3400802612305,1373.760097503662,1300.4001121520996,1247.4400901794434,Group: B,Group: C,Group: B vs Group: C,4,4,Blank_Blank_Blank
"[TG(57:9),TG(56:2)]_FA22:5",TAG,1377.3200874328613,1376.9400939941406,1377.2400970458984,1438.3000984191895,1381.1200828552246,1376.6600914001465,1391.1601066589355,1474.3001136779785,1435.440113067627,Group: B,Group: C,Group: B vs Group: C,4,4,Blank_Blank_Blank
"[TG(57:9),TG(56:2)]_FA22:6",TAG,1608.8201141357422,1846.4201431274414,1666.3401107788086,1739.940113067627,1617.2601013183594,1676.4801216125488,1528.2201042175293,1544.0801162719727,1518.0600967407227,Group: B,Group: C,Group: B vs Group: C,4,4,Blank_Blank_Blank
"[TG(58:10),TG(57:3)]_FA14:0",TAG,1013.3600730895996,1037.5600776672363,1012.9600677490234,1037.4600639343262,1012.4800758361816,1032.1000709533691,1028.5000686645508,1049.9200744628906,1013.3000793457031,Group: B,Group: C,Group: B vs Group: C,4,4,Blank_Blank_Blank
"[TG(58:10),TG(57:3)]_FA16:0",TAG,1117.2200813293457,1051.5800743103027,1084.400074005127,1021.000072479248,1198.1800994873047,1023.2800636291504,1137.1400833129883,1039.8400650024414,1011.6000709533691,Group: B,Group: C,Group: B vs Group: C,4,4,Blank_Blank_Blank
"[TG(58:10),TG(57:3)]_FA16:1",TAG,1049.7000846862793,1062.9200744628906,1096.1000747680664,1127.7000923156738,1084.6200828552246,1170.9800720214844,1051.7800674438477,1095.9000816345215,1047.4800643920898,Group: B,Group: C,Group: B vs Group: C,4,4,Blank_Blank_Blank
"[TG(58:10),TG(57:3)]_FA18:0",TAG,1012.7600746154785,1024.1600761413574,1012.1000709533691,1010.4200630187988,1011.2400665283203,1031.4800720214844,1031.940071105957,1015.1400756835938,1012.4800682067871,Group: B,Group: C,Group: B vs Group: C,4,4,Blank_Blank_Blank
"[TG(58:10),TG(57:3)]_FA18:1",TAG,1115.240077972412,1215.9600868225098,1257.1400756835938,1100.3800659179688,1171.2200736999512,1054.7800598144531,1271.8400840759277,1159.0800743103027,1053.460060119629,Group: B,Group: C,Group: B vs Group: C,4,4,Blank_Blank_Blank
"[TG(58:10),TG(57:3)]_FA18:2",TAG,1322.9800910949707,1905.1401138305664,2971.7402114868164,2601.8001976013184,2521.8202171325684,3668.8802337646484,3163.500156402588,1774.8001327514648,1301.1600799560547,Group: B,Group: C,Group: B vs Group: C,4,4,Blank_Blank_Blank
"[TG(58:10),TG(57:3)]_FA18:3",TAG,1408.7800941467285,1719.5801315307617,1230.5600929260254,1740.540126800537,1216.7400817871094,1675.5401153564453,1533.000114440918,1484.6001014709473,1171.3200759887695,Group: B,Group: C,Group: B vs Group: C,4,4,Blank_Blank_Blank
"[TG(58:10),TG(57:3)]_FA20:4",TAG,2023.6001358032227,2464.6202087402344,2108.600154876709,2561.8202056884766,1490.6601181030273,2434.7601623535156,3777.320255279541,2211.2401580810547,1247.9800910949707,Group: B,Group: C,Group: B vs Group: C,4,4,Blank_Blank_Blank
"[TG(58:10),TG(57:3)]_FA22:5",TAG,1684.7401123046875,1775.4601097106934,1543.1601066589355,2014.840129852295,1600.4801139831543,1458.7800979614258,1846.8401145935059,2031.4401550292969,1376.7401008605957,Group: B,Group: C,Group: B vs Group: C,4,4,Blank_Blank_Blank
"[TG(58:10),TG(57:3)]_FA22:6",TAG,5072.280437469482,7245.900550842285,8420.180507659912,16044.040809631348,3724.6402702331543,6101.520393371582,8501.460590362549,3566.3402671813965,1546.0001106262207,Group: B,Group: C,Group: B vs Group: C,4,4,Blank_Blank_Blank
"[TG(58:11),TG(57:4)]_FA14:0",TAG,1043.5000686645508,1027.7600708007812,1013.3800735473633,1051.62007522583,1059.760082244873,1012.4800758361816,1041.460075378418,1016.8200645446777,1012.8800621032715,Group: B,Group: C,Group: B vs Group: C,4,4,Blank_Blank_Blank
"[TG(58:11),TG(57:4)]_FA16:0",TAG,1008.2800674438477,1048.1200714111328,1007.320068359375,1006.1000709533691,1014.0200653076172,1016.2800636291504,1060.180076599121,1039.9200706481934,1011.4400749206543,Group: B,Group: C,Group: B vs Group: C,4,4,Blank_Blank_Blank
"[TG(58:11),TG(57:4)]_FA16:1",TAG,1067.7200775146484,1133.4600830078125,1081.8800773620605,1089.0000648498535,1050.9000701904297,1053.0200653076172,1083.7800788879395,1074.3400688171387,1048.240077972412,Group: B,Group: C,Group: B vs Group: C,4,4,Blank_Blank_Blank
"[TG(58:11),TG(57:4)]_FA18:0",TAG,1013.1200752258301,1034.4600715637207,1012.6800689697266,1009.400074005127,1016.8800659179688,1036.0600624084473,1034.380069732666,1043.8600730895996,1011.7800712585449,Group: B,Group: C,Group: B vs Group: C,4,4,Blank_Blank_Blank
"[TG(58:11),TG(57:4)]_FA18:1",TAG,1104.5000762939453,1153.6800804138184,1133.6800804138184,1053.9000778198242,1265.6200866699219,1088.5400772094727,1298.7000732421875,1148.520076751709,1116.680076599121,Group: B,Group: C,Group: B vs Group: C,4,4,Blank_Blank_Blank
"[TG(58:11),TG(57:4)]_FA18:2",TAG,1305.000099182129,1139.520076751709,1587.4201011657715,1247.8000831604004,1317.3000831604004,1662.2201232910156,1737.880111694336,1197.320083618164,1129.0400733947754,Group: B,Group: C,Group: B vs Group: C,4,4,Blank_Blank_Blank
"[TG(58:11),TG(57:4)]_FA18:3",TAG,1352.1401062011719,1236.8000869750977,1416.4800987243652,1388.06010055542,1248.4400825500488,1422.0601081848145,1500.4800910949707,1295.7200927734375,1172.3800773620605,Group: B,Group: C,Group: B vs Group: C,4,4,Blank_Blank_Blank
"[TG(58:11),TG(57:4)]_FA20:4",TAG,1428.5801086425781,1293.320083618164,1544.4200973510742,1545.420093536377,1332.2800903320312,1392.180103302002,1710.460117340088,1386.400089263916,1270.4800872802734,Group: B,Group: C,Group: B vs Group: C,4,4,Blank_Blank_Blank
"[TG(58:11),TG(57:4)]_FA22:5",TAG,1396.1800956726074,1426.7801055908203,1376.6600914001465,1373.3800926208496,1374.6200866699219,1373.780117034912,1457.9401016235352,1380.1600914001465,1375.6601028442383,Group: B,Group: C,Group: B vs Group: C,4,4,Blank_Blank_Blank
"[TG(58:11),TG(57:4)]_FA22:6",TAG,2356.320171356201,2670.280216217041,2610.1801681518555,3739.8202743530273,1843.0401420593262,2441.8601684570312,2917.700252532959,1857.9401359558105,1511.900104522705,Group: B,Group: C,Group: B vs Group: C,4,4,Blank_Blank_Blank
"[TG(58:12),TG(57:5)]_FA14:0",TAG,1013.1200714111328,1013.0400772094727,1012.6400680541992,1012.3400726318359,1053.840072631836,1011.900074005127,1013.1600646972656,1016.5600738525391,1029.4200820922852,Group: B,Group: C,Group: B vs Group: C,4,4,Blank_Blank_Blank
"[TG(58:12),TG(57:5)]_FA16:0",TAG,1007.6600646972656,1069.1400680541992,1007.3800582885742,1006.3800621032715,1064.0200729370117,1066.0800704956055,1036.8400611877441,1036.4800720214844,1011.5400733947754,Group: B,Group: C,Group: B vs Group: C,4,4,Blank_Blank_Blank
"[TG(58:12),TG(57:5)]_FA16:1",TAG,1062.7000770568848,1056.360065460205,1052.1600761413574,1068.8000869750977,1079.9600868225098,1068.8600692749023,1052.2200736999512,1119.0000686645508,1066.0800704956055,Group: B,Group: C,Group: B vs Group: C,4,4,Blank_Blank_Blank
"[TG(58:12),TG(57:5)]_FA18:0",TAG,1014.400074005127,1010.9600791931152,1037.4400787353516,1029.280071258545,1010.6400680541992,1075.3600959777832,1111.1400833129883,1071.5800743103027,1026.1200714111328,Group: B,Group: C,Group: B vs Group: C,4,4,Blank_Blank_Blank
"[TG(58:12),TG(57:5)]_FA18:1",TAG,1070.8000755310059,1103.1200714111328,1161.3800811767578,1096.640064239502,1085.2600708007812,1091.2000770568848,1270.2600860595703,1050.1400718688965,1054.340072631836,Group: B,Group: C,Group: B vs Group: C,4,4,Blank_Blank_Blank
"[TG(58:12),TG(57:5)]_FA18:2",TAG,1138.1000709533691,1219.0400924682617,1298.3800888061523,1263.240077972412,1215.380084991455,1195.7400856018066,1240.740077972412,1127.0000801086426,1129.6400680541992,Group: B,Group: C,Group: B vs Group: C,4,4,Blank_Blank_Blank
"[TG(58:12),TG(57:5)]_FA18:3",TAG,1208.6200790405273,1178.820083618164,1241.5000953674316,1369.180088043213,1220.0800857543945,1176.320083618164,1308.1000900268555,1172.140079498291,1193.0400848388672,Group: B,Group: C,Group: B vs Group: C,4,4,Blank_Blank_Blank
"[TG(58:12),TG(57:5)]_FA20:4",TAG,1276.2000885009766,1271.6200866699219,1269.8800888061523,1437.100082397461,1256.660083770752,1403.2400970458984,1479.1001052856445,1430.960090637207,1250.14009475708,Group: B,Group: C,Group: B vs Group: C,4,4,Blank_Blank_Blank
"[TG(58:12),TG(57:5)]_FA22:5",TAG,1405.460090637207,1487.5801086425781,1376.9200973510742,1443.040096282959,1375.7400856018066,1408.0000953674316,1376.260097503662,1419.9201011657715,1376.4400825500488,Group: B,Group: C,Group: B vs Group: C,4,4,Blank_Blank_Blank
"[TG(58:12),TG(57:5)]_FA22:6",TAG,1516.740104675293,1497.0001068115234,1572.8400993347168,1578.9801177978516,1513.9601020812988,1493.3401145935059,1600.9601211547852,1577.3001022338867,1537.0001106262207,Group: B,Group: C,Group: B vs Group: C,4,4,Blank_Blank_Blank
"[TG(58:13),TG(57:6)]_FA14:0",TAG,1013.7800712585449,1012.4200706481934,1012.3800735473633,1044.1400604248047,1021.5000801086426,1015.9600791931152,1014.7200698852539,1016.7000732421875,1012.960075378418,Group: B,Group: C,Group: B vs Group: C,4,4,Blank_Blank_Blank
"[TG(58:13),TG(57:6)]_FA16:0",TAG,1043.2800750732422,1102.2200775146484,1025.5800704956055,1098.6400718688965,1092.900074005127,1042.9000778198242,1188.0600929260254,1003.620059967041,1011.3400764465332,Group: B,Group: C,Group: B vs Group: C,4,4,Blank_Blank_Blank
"[TG(58:13),TG(57:6)]_FA16:1",TAG,1050.6400718688965,1083.5400772094727,1052.280071258545,1050.100082397461,1051.6000747680664,1071.9000701904297,1052.160068511963,1050.5400733947754,1048.0400733947754,Group: B,Group: C,Group: B vs Group: C,4,4,Blank_Blank_Blank
"[TG(58:13),TG(57:6)]_FA18:0",TAG,1065.1000862121582,1012.0200653076172,1011.880069732666,1058.2800636291504,1009.8800811767578,1011.7200775146484,1011.2800712585449,1015.4400749206543,1011.3800621032715,Group: B,Group: C,Group: B vs Group: C,4,4,Blank_Blank_Blank
"[TG(58:13),TG(57:6)]_FA18:1",TAG,1087.8200798034668,1054.560073852539,1145.0800743103027,1085.3800773620605,1047.0600700378418,1047.3800811767578,1248.7600936889648,1137.3800926208496,1054.4400787353516,Group: B,Group: C,Group: B vs Group: C,4,4,Blank_Blank_Blank
"[TG(58:13),TG(57:6)]_FA18:2",TAG,1128.4200820922852,1143.9200744628906,1237.5000801086426,1180.4800910949707,1326.520092010498,1210.740089416504,1288.9200973510742,1127.3800773620605,1156.3800773620605,Group: B,Group: C,Group: B vs Group: C,4,4,Blank_Blank_Blank
"[TG(58:13),TG(57:6)]_FA18:3",TAG,1264.1800918579102,1166.2000923156738,1252.3400764465332,1202.3800888061523,1169.6000709533691,1190.1800804138184,1173.2200660705566,1171.8400802612305,1172.5800743103027,Group: B,Group: C,Group: B vs Group: C,4,4,Blank_Blank_Blank
"[TG(58:13),TG(57:6)]_FA20:4",TAG,1367.5000953674316,1409.960090637207,1288.1800804138184,1414.2401008605957,1349.840103149414,1415.8000946044922,1271.2000923156738,1424.2201042175293,1303.3801040649414,Group: B,Group: C,Group: B vs Group: C,4,4,Blank_Blank_Blank
"[TG(58:13),TG(57:6)]_FA22:5",TAG,1417.9801025390625,1557.180118560791,1427.040096282959,1500.920108795166,1431.900104522705,1403.4401054382324,1534.0400924682617,1535.380111694336,1375.4801063537598,Group: B,Group: C,Group: B vs Group: C,4,4,Blank_Blank_Blank
"[TG(58:13),TG(57:6)]_FA22:6",TAG,1514.1600952148438,1686.3201217651367,1536.960105895996,1532.0801162719727,1550.1001052856445,1597.2201232910156,1518.6601066589355,1499.3801040649414,1497.2201118469238,Group: B,Group: C,Group: B vs Group: C,4,4,Blank_Blank_Blank
"[TG(58:14),TG(57:7),TG(56:0)]_FA14:0",TAG,1024.6200828552246,1099.8600769042969,1026.400074005127,1274.3800888061523,1162.6400871276855,1039.660068511963,1037.9400749206543,1049.8600807189941,1050.1400604248047,Group: B,Group: C,Group: B vs Group: C,4,4,Blank_Blank_Blank
"[TG(58:14),TG(57:7),TG(56:0)]_FA16:0",TAG,1094.5000801086426,1159.0400924682617,1133.400089263916,1047.6600761413574,1343.740089416504,1081.2600708007812,1385.9801025390625,1079.260082244873,1109.4800720214844,Group: B,Group: C,Group: B vs Group: C,4,4,Blank_Blank_Blank
"[TG(58:14),TG(57:7),TG(56:0)]_FA16:1",TAG,1057.5200729370117,1055.3000679016113,1052.140079498291,1050.5600700378418,1070.9400749206543,1160.2000732421875,1142.8200759887695,1050.3600616455078,1047.1200675964355,Group: B,Group: C,Group: B vs Group: C,4,4,Blank_Blank_Blank
"[TG(58:14),TG(57:7),TG(56:0)]_FA18:0",TAG,1012.7600593566895,1011.2800674438477,1040.2400741577148,1078.960075378418,1071.54008102417,1048.3000679016113,1175.0200881958008,1015.1400680541992,1073.9800758361816,Group: B,Group: C,Group: B vs Group: C,4,4,Blank_Blank_Blank
"[TG(58:14),TG(57:7),TG(56:0)]_FA18:1",TAG,1054.6000785827637,1096.7000694274902,1212.7400703430176,1112.9000854492188,1288.1400985717773,1080.0600662231445,1280.1000900268555,1115.7800750732422,1164.8600730895996,Group: B,Group: C,Group: B vs Group: C,4,4,Blank_Blank_Blank
"[TG(58:14),TG(57:7),TG(56:0)]_FA18:2",TAG,1276.960090637207,1194.5600852966309,1246.020092010498,1172.820083618164,1238.6400871276855,1291.3201026916504,1210.3000831604004,1157.9800834655762,1179.6400756835938,Group: B,Group: C,Group: B vs Group: C,4,4,Blank_Blank_Blank
"[TG(58:14),TG(57:7),TG(56:0)]_FA18:3",TAG,1188.2400856018066,1179.2200813293457,1191.300090789795,1166.560073852539,1248.7000999450684,1206.6400833129883,1172.9000854492188,1173.54008102417,1172.680088043213,Group: B,Group: C,Group: B vs Group: C,4,4,Blank_Blank_Blank
"[TG(58:14),TG(57:7),TG(56:0)]_FA20:4",TAG,1269.0200805664062,1319.7000885009766,1398.3600959777832,1452.5401039123535,1535.500099182129,1275.2600784301758,1507.3800964355469,1358.740104675293,1247.460090637207,Group: B,Group: C,Group: B vs Group: C,4,4,Blank_Blank_Blank
"[TG(58:14),TG(57:7),TG(56:0)]_FA22:5",TAG,1734.5401306152344,1596.200096130371,1476.2200927734375,1625.9601211547852,1374.8801040649414,1588.9401016235352,1511.5601119995117,1536.5000915527344,1375.800106048584,Group: B,Group: C,Group: B vs Group: C,4,4,Blank_Blank_Blank
"[TG(58:14),TG(57:7),TG(56:0)]_FA22:6",TAG,1564.8001174926758,1915.6801567077637,1749.120132446289,1952.1201477050781,1649.9601211547852,1782.4001235961914,1737.9601364135742,1720.7001113891602,1539.6201171875,Group: B,Group: C,Group: B vs Group: C,4,4,Blank_Blank_Blank
"[TG(58:7),TG(57:0)]_FA14:0",TAG,1043.9800720214844,1093.1000671386719,1012.7200736999512,1024.1400756835938,1100.7200775146484,1082.3800811767578,1060.3800811767578,1016.4000778198242,1030.1000785827637,Group: B,Group: C,Group: B vs Group: C,4,4,Blank_Blank_Blank
"[TG(58:7),TG(57:0)]_FA16:0",TAG,1568.0601043701172,1225.140079498291,1624.2801208496094,1197.5600852966309,2080.4601440429688,1434.4800834655762,2362.68017578125,1435.020092010498,1099.8600807189941,Group: B,Group: C,Group: B vs Group: C,4,4,Blank_Blank_Blank
"[TG(58:7),TG(57:0)]_FA16:1",TAG,1063.3800735473633,1193.6200790405273,1174.0000839233398,1132.5200729370117,1054.940071105957,1222.6800651550293,1326.100082397461,1202.1600799560547,1061.8600807189941,Group: B,Group: C,Group: B vs Group: C,4,4,Blank_Blank_Blank
"[TG(58:7),TG(57:0)]_FA18:0",TAG,1192.1400833129883,1299.160099029541,1561.300121307373,1214.2800827026367,1226.0401000976562,1120.2400817871094,2604.9202003479004,1187.5600814819336,1065.1000671386719,Group: B,Group: C,Group: B vs Group: C,4,4,Blank_Blank_Blank
"[TG(58:7),TG(57:0)]_FA18:1",TAG,1880.5801315307617,1789.9401168823242,2759.9601860046387,1631.9201202392578,2467.08016204834,1952.9001541137695,10803.300842285156,2952.420265197754,1053.9000701904297,Group: B,Group: C,Group: B vs Group: C,4,4,Blank_Blank_Blank
"[TG(58:7),TG(57:0)]_FA18:2",TAG,1649.0201110839844,1637.940113067627,4112.380283355713,2194.3001747131348,3338.3402137756348,4374.640361785889,3032.760284423828,1977.1401252746582,1150.1600761413574,Group: B,Group: C,Group: B vs Group: C,4,4,Blank_Blank_Blank
"[TG(58:7),TG(57:0)]_FA18:3",TAG,1379.5600891113281,1387.1001014709473,1275.8000869750977,1389.6400985717773,1275.740089416504,1258.1200942993164,1282.6400718688965,1172.8400688171387,1171.8200759887695,Group: B,Group: C,Group: B vs Group: C,4,4,Blank_Blank_Blank
"[TG(58:7),TG(57:0)]_FA20:4",TAG,2498.5201721191406,1882.5601272583008,1783.4401359558105,2810.9802207946777,2335.9201583862305,2556.3201789855957,3743.5002975463867,2080.3001441955566,1246.8200912475586,Group: B,Group: C,Group: B vs Group: C,4,4,Blank_Blank_Blank
"[TG(58:7),TG(57:0)]_FA22:5",TAG,4643.720283508301,5219.660377502441,2504.4001960754395,4513.960262298584,2647.4802169799805,3148.0002059936523,6525.100509643555,7233.720443725586,1375.960090637207,Group: B,Group: C,Group: B vs Group: C,4,4,Blank_Blank_Blank
"[TG(58:7),TG(57:0)]_FA22:6",TAG,3322.9803009033203,2885.4001693725586,3206.1002464294434,3827.1603088378906,2037.320140838623,2961.820167541504,5441.420337677002,2153.3201637268066,1568.1201133728027,Group: B,Group: C,Group: B vs Group: C,4,4,Blank_Blank_Blank
"[TG(58:8),TG(57:1)]_FA14:0",TAG,1013.6400680541992,1058.6000785827637,1013.0600662231445,1034.8400764465332,1012.460075378418,1012.9600715637207,1013.4800720214844,1034.4400825500488,1012.5000762939453,Group: B,Group: C,Group: B vs Group: C,4,4,Blank_Blank_Blank
"[TG(58:8),TG(57:1)]_FA16:0",TAG,1418.6400985717773,1195.900089263916,1544.520118713379,1059.8200759887695,1972.9401779174805,1646.9200973510742,2106.1401863098145,1169.640064239502,1082.4000663757324,Group: B,Group: C,Group: B vs Group: C,4,4,Blank_Blank_Blank
"[TG(58:8),TG(57:1)]_FA16:1",TAG,1159.980094909668,1391.2201080322266,1051.6200675964355,1146.3000831604004,1126.240077972412,1221.4600982666016,1238.720085144043,1368.0401039123535,1075.840087890625,Group: B,Group: C,Group: B vs Group: C,4,4,Blank_Blank_Blank
"[TG(58:8),TG(57:1)]_FA18:0",TAG,1059.0000801086426,1186.8800811767578,1251.5800895690918,1253.1400909423828,1064.8000793457031,1289.5400924682617,1810.8401145935059,1114.3800773620605,1058.080078125,Group: B,Group: C,Group: B vs Group: C,4,4,Blank_Blank_Blank
"[TG(58:8),TG(57:1)]_FA18:1",TAG,2083.74015045166,1496.10009765625,3020.720199584961,1902.8801307678223,2829.920211791992,1507.720127105713,11750.280826568604,1365.160083770752,1182.4000854492188,Group: B,Group: C,Group: B vs Group: C,4,4,Blank_Blank_Blank
"[TG(58:8),TG(57:1)]_FA18:2",TAG,2179.840171813965,2012.0401573181152,2845.840160369873,2594.0201873779297,3910.1202659606934,5430.740489959717,5346.680397033691,2142.100154876709,1129.280071258545,Group: B,Group: C,Group: B vs Group: C,4,4,Blank_Blank_Blank
"[TG(58:8),TG(57:1)]_FA18:3",TAG,1166.720085144043,1393.3400917053223,1248.8200874328613,1501.2800941467285,1472.780101776123,1344.500087738037,1256.6600875854492,1322.8000946044922,1172.3000793457031,Group: B,Group: C,Group: B vs Group: C,4,4,Blank_Blank_Blank
"[TG(58:8),TG(57:1)]_FA20:4",TAG,2563.5202026367188,1903.9401473999023,2395.9802055358887,2878.0202560424805,1757.3401145935059,2766.4201850891113,3957.8002891540527,2270.8801651000977,1247.4000816345215,Group: B,Group: C,Group: B vs Group: C,4,4,Blank_Blank_Blank
"[TG(58:8),TG(57:1)]_FA22:5",TAG,5885.080467224121,7308.040458679199,3279.7602195739746,7886.780567169189,2927.2001724243164,3908.460247039795,6860.640586853027,7392.62060546875,1375.2200889587402,Group: B,Group: C,Group: B vs Group: C,4,4,Blank_Blank_Blank
"[TG(58:8),TG(57:1)]_FA22:6",TAG,8826.800640106201,11090.78092956543,11675.840801239014,12457.941005706787,3587.8602714538574,7832.060558319092,19812.841632843018,6817.840461730957,1510.2001037597656,Group: B,Group: C,Group: B vs Group: C,4,4,Blank_Blank_Blank
"[TG(58:9),TG(57:2)]_FA14:0",TAG,1013.640079498291,1013.1800689697266,1011.3600730895996,1011.5800704956055,1012.5800704956055,1011.6600570678711,1013.6200675964355,1016.6600761413574,1012.880069732666,Group: B,Group: C,Group: B vs Group: C,4,4,Blank_Blank_Blank
"[TG(58:9),TG(57:2)]_FA16:0",TAG,1163.2600860595703,1025.940071105957,1252.1600914001465,1038.5200691223145,1324.9201049804688,1280.640079498291,1111.0800743103027,1029.6200790405273,1024.5600624084473,Group: B,Group: C,Group: B vs Group: C,4,4,Blank_Blank_Blank
"[TG(58:9),TG(57:2)]_FA16:1",TAG,1182.640079498291,1181.4400901794434,1120.340072631836,1310.1400871276855,1122.4800758361816,1329.6400985717773,1318.5400886535645,1222.6200714111328,1072.7400665283203,Group: B,Group: C,Group: B vs Group: C,4,4,Blank_Blank_Blank
"[TG(58:9),TG(57:2)]_FA18:0",TAG,1012.0600776672363,1010.8400688171387,1028.2400703430176,1115.740077972412,1010.6400833129883,1043.4800758361816,1123.7800788879395,1015.7200775146484,1029.8400840759277,Group: B,Group: C,Group: B vs Group: C,4,4,Blank_Blank_Blank
"[TG(58:9),TG(57:2)]_FA18:1",TAG,1571.7401123046875,1504.7601127624512,2829.8401985168457,2082.660140991211,2002.040126800537,1880.6801223754883,7024.540489196777,1295.6200981140137,1059.3000717163086,Group: B,Group: C,Group: B vs Group: C,4,4,Blank_Blank_Blank
"[TG(58:9),TG(57:2)]_FA18:2",TAG,1901.4201393127441,1661.0801124572754,4638.720245361328,2750.2001571655273,3709.600315093994,5477.280258178711,4728.700344085693,2051.0201110839844,1129.8000793457031,Group: B,Group: C,Group: B vs Group: C,4,4,Blank_Blank_Blank
"[TG(58:9),TG(57:2)]_FA18:3",TAG,1416.260108947754,1416.1800918579102,1265.0200958251953,1639.2401008605957,1439.2200736999512,1849.6601104736328,1416.580078125,1392.1800956726074,1172.1200675964355,Group: B,Group: C,Group: B vs Group: C,4,4,Blank_Blank_Blank
"[TG(58:9),TG(57:2)]_FA20:4",TAG,2547.060214996338,2477.280170440674,2104.2201347351074,2097.68013381958,1841.3401374816895,3207.3802223205566,5116.6003494262695,2657.2601585388184,1264.1000862121582,Group: B,Group: C,Group: B vs Group: C,4,4,Blank_Blank_Blank
"[TG(58:9),TG(57:2)]_FA22:5",TAG,2923.7801780700684,3898.6603202819824,2359.480136871338,5302.960258483887,2288.3401641845703,2241.4601516723633,3623.6803131103516,3680.580234527588,1375.7601051330566,Group: B,Group: C,Group: B vs Group: C,4,4,Blank_Blank_Blank
"[TG(58:9),TG(57:2)]_FA22:6",TAG,11717.721015930176,16402.661350250244,19736.021198272705,25058.10166168213,5635.520389556885,13068.180568695068,24479.4215965271,7045.620693206787,1512.900104522705,Group: B,Group: C,Group: B vs Group: C,4,4,Blank_Blank_Blank
"[TG(59:10),TG(58:3)]_FA14:0",TAG,1040.5200653076172,1012.640064239502,1012.6600723266602,1030.4000778198242,1012.8200607299805,1012.5800704956055,1013.8800849914551,1016.3200759887695,1012.2000694274902,Group: B,Group: C,Group: B vs Group: C,4,4,Blank_Blank_Blank
"[TG(59:10),TG(58:3)]_FA16:0",TAG,1007.6800651550293,1009.5800590515137,1077.0000610351562,1051.7200736999512,1184.380084991455,1020.5200691223145,1065.220069885254,1016.9800643920898,1083.7200775146484,Group: B,Group: C,Group: B vs Group: C,4,4,Blank_Blank_Blank
"[TG(59:10),TG(58:3)]_FA16:1",TAG,1108.6800804138184,1067.5800704956055,1051.5200729370117,1054.0400619506836,1108.8600845336914,1069.680088043213,1064.1200866699219,1142.0600891113281,1059.3000793457031,Group: B,Group: C,Group: B vs Group: C,4,4,Blank_Blank_Blank
"[TG(59:10),TG(58:3)]_FA18:0",TAG,1080.0000839233398,1202.760082244873,1012.1000785827637,1021.6200714111328,1054.2400703430176,1153.3800964355469,1170.1800727844238,1109.6200866699219,1012.2000732421875,Group: B,Group: C,Group: B vs Group: C,4,4,Blank_Blank_Blank
"[TG(59:10),TG(58:3)]_FA18:1",TAG,1251.6200866699219,1170.1200714111328,1629.3801078796387,1180.940086364746,1296.1200714111328,1369.3600997924805,4140.74031829834,1161.7800750732422,1151.5200805664062,Group: B,Group: C,Group: B vs Group: C,4,4,Blank_Blank_Blank
"[TG(59:10),TG(58:3)]_FA18:2",TAG,1324.8000869750977,1293.7000846862793,1476.920078277588,1282.6600799560547,1616.4601211547852,1764.6001205444336,1562.6401023864746,1262.7400817871094,1167.1200675964355,Group: B,Group: C,Group: B vs Group: C,4,4,Blank_Blank_Blank
"[TG(59:10),TG(58:3)]_FA18:3",TAG,1224.6400871276855,1187.5600852966309,1201.7400741577148,1166.220085144043,1168.260082244873,1166.840072631836,1171.740077972412,1173.0600776672363,1172.3000793457031,Group: B,Group: C,Group: B vs Group: C,4,4,Blank_Blank_Blank
"[TG(59:10),TG(58:3)]_FA20:4",TAG,1265.6600952148438,1270.7200813293457,1285.56010055542,1296.4600982666016,1321.1200942993164,1306.3200874328613,1306.9000968933105,1302.6800994873047,1246.860092163086,Group: B,Group: C,Group: B vs Group: C,4,4,Blank_Blank_Blank
"[TG(59:10),TG(58:3)]_FA22:5",TAG,1437.7201118469238,1376.7800941467285,1376.6200981140137,1458.5801010131836,1375.3800964355469,1413.4401016235352,1375.6400909423828,1389.9601020812988,1376.8000984191895,Group: B,Group: C,Group: B vs Group: C,4,4,Blank_Blank_Blank
"[TG(59:10),TG(58:3)]_FA22:6",TAG,1536.200096130371,1508.940113067627,1558.5401039123535,1653.6201210021973,1553.560115814209,1494.480110168457,1507.5601119995117,1528.2401084899902,1533.8000984191895,Group: B,Group: C,Group: B vs Group: C,4,4,Blank_Blank_Blank
"[TG(59:11),TG(58:4)]_FA14:0",TAG,1012.960075378418,1014.1600685119629,1078.9000778198242,1011.8800659179688,1012.8800735473633,1015.5800666809082,1013.9800720214844,1016.6400718688965,1044.8800773620605,Group: B,Group: C,Group: B vs Group: C,4,4,Blank_Blank_Blank
"[TG(59:11),TG(58:4)]_FA16:0",TAG,1010.3000679016113,1006.0800628662109,1055.4000625610352,1011.1200714111328,1098.1400756835938,1071.4400672912598,1024.2600708007812,1002.3200759887695,1011.2000732421875,Group: B,Group: C,Group: B vs Group: C,4,4,Blank_Blank_Blank
"[TG(59:11),TG(58:4)]_FA16:1",TAG,1069.340072631836,1055.1800804138184,1052.6800651550293,1071.520076751709,1050.960060119629,1073.9000778198242,1052.5800819396973,1049.8600730895996,1048.4400672912598,Group: B,Group: C,Group: B vs Group: C,4,4,Blank_Blank_Blank
"[TG(59:11),TG(58:4)]_FA18:0",TAG,1014.1600723266602,1079.3800735473633,1028.7600708007812,1066.340072631836,1031.5400695800781,1140.6000785827637,1202.12007522583,1029.8600692749023,1060.5200653076172,Group: B,Group: C,Group: B vs Group: C,4,4,Blank_Blank_Blank
"[TG(59:11),TG(58:4)]_FA18:1",TAG,1351.0001029968262,1400.4201202392578,1586.0401229858398,1181.0200843811035,1757.640121459961,1482.2201042175293,3923.200309753418,1636.920108795166,1053.920066833496,Group: B,Group: C,Group: B vs Group: C,4,4,Blank_Blank_Blank
"[TG(59:11),TG(58:4)]_FA18:2",TAG,1478.1800994873047,1690.820110321045,1517.2000885009766,1456.500099182129,2059.0201683044434,3065.6802673339844,2144.7201614379883,1439.3000984191895,1129.2600898742676,Group: B,Group: C,Group: B vs Group: C,4,4,Blank_Blank_Blank
"[TG(59:11),TG(58:4)]_FA18:3",TAG,1215.4200859069824,1166.8200874328613,1191.2000846862793,1187.280086517334,1208.0400848388672,1167.320083618164,1172.7000732421875,1255.6000862121582,1173.080078125,Group: B,Group: C,Group: B vs Group: C,4,4,Blank_Blank_Blank
"[TG(59:11),TG(58:4)]_FA20:4",TAG,1341.260097503662,1270.840087890625,1290.640079498291,1302.1400985717773,1343.3400917053223,1308.0000915527344,1248.3000984191895,1411.8601112365723,1247.0400886535645,Group: B,Group: C,Group: B vs Group: C,4,4,Blank_Blank_Blank
"[TG(59:11),TG(58:4)]_FA22:5",TAG,1410.2601013183594,1463.860092163086,1377.760097503662,1398.620101928711,1439.0600967407227,1422.3800964355469,1388.2000923156738,1424.0001029968262,1421.4400901794434,Group: B,Group: C,Group: B vs Group: C,4,4,Blank_Blank_Blank
"[TG(59:11),TG(58:4)]_FA22:6",TAG,1554.8200988769531,1508.6601104736328,1502.7401008605957,1510.900104522705,1515.940113067627,1526.500114440918,1550.9601097106934,1499.6801109313965,1498.3201026916504,Group: B,Group: C,Group: B vs Group: C,4,4,Blank_Blank_Blank
"[TG(59:12),TG(58:5)]_FA14:0",TAG,1096.3000717163086,1012.9800720214844,1047.3400688171387,1039.4000701904297,1012.7200660705566,1011.8200721740723,1059.7400703430176,1042.4600715637207,1014.9200706481934,Group: B,Group: C,Group: B vs Group: C,4,4,Blank_Blank_Blank
"[TG(59:12),TG(58:5)]_FA16:0",TAG,1048.0800704956055,1005.3400650024414,1202.240077972412,1090.9000701904297,1154.0600852966309,1212.740077972412,1109.4000778198242,1070.6600723266602,1054.240077972412,Group: B,Group: C,Group: B vs Group: C,4,4,Blank_Blank_Blank
"[TG(59:12),TG(58:5)]_FA16:1",TAG,1050.7200622558594,1054.6800804138184,1062.3000793457031,1059.280071258545,1051.2800788879395,1052.4400749206543,1052.1400718688965,1050.5000839233398,1046.8600807189941,Group: B,Group: C,Group: B vs Group: C,4,4,Blank_Blank_Blank
"[TG(59:12),TG(58:5)]_FA18:0",TAG,1031.6000633239746,1189.2200813293457,1199.6400833129883,1051.0800704956055,1117.600082397461,1302.5800895690918,1967.860149383545,1221.8200874328613,1012.7400741577148,Group: B,Group: C,Group: B vs Group: C,4,4,Blank_Blank_Blank
"[TG(59:12),TG(58:5)]_FA18:1",TAG,1244.5400886535645,1354.260082244873,1741.58012008667,1180.8000793457031,1777.2201232910156,1320.2800827026367,3404.680221557617,1269.7200889587402,1055.1800727844238,Group: B,Group: C,Group: B vs Group: C,4,4,Blank_Blank_Blank
"[TG(59:12),TG(58:5)]_FA18:2",TAG,1454.0401153564453,1425.3200950622559,2085.5201301574707,1685.760124206543,2195.5801391601562,2685.8401412963867,1978.760154724121,1195.080078125,1129.1600799560547,Group: B,Group: C,Group: B vs Group: C,4,4,Blank_Blank_Blank
"[TG(59:12),TG(58:5)]_FA18:3",TAG,1255.2200775146484,1301.0200958251953,1206.5000839233398,1220.320083618164,1319.0800895690918,1263.2800788879395,1261.8600769042969,1182.740077972412,1172.6200828552246,Group: B,Group: C,Group: B vs Group: C,4,4,Blank_Blank_Blank
"[TG(59:12),TG(58:5)]_FA20:4",TAG,1714.4801139831543,1853.8801345825195,1458.6001091003418,1665.7001152038574,1364.0400848388672,1424.4200973510742,1923.6801528930664,1332.8400993347168,1260.420093536377,Group: B,Group: C,Group: B vs Group: C,4,4,Blank_Blank_Blank
"[TG(59:12),TG(58:5)]_FA22:5",TAG,1446.4201049804688,1482.2401123046875,1463.8000984191895,1396.8600883483887,1438.400104522705,1486.2800941467285,1418.60009765625,1469.5600967407227,1399.4201011657715,Group: B,Group: C,Group: B vs Group: C,4,4,Blank_Blank_Blank
"[TG(59:12),TG(58:5)]_FA22:6",TAG,1512.720100402832,1512.5001106262207,1540.6401062011719,1500.8201141357422,1508.5800971984863,1512.2401084899902,1500.760097503662,1524.700107574463,1505.5801162719727,Group: B,Group: C,Group: B vs Group: C,4,4,Blank_Blank_Blank
"[TG(59:13),TG(58:6)]_FA14:0",TAG,1013.7400703430176,1012.1200637817383,1016.0200729370117,1033.6000747680664,1026.6400718688965,1013.000072479248,1049.0600814819336,1019.8000717163086,1012.3800621032715,Group: B,Group: C,Group: B vs Group: C,4,4,Blank_Blank_Blank
"[TG(59:13),TG(58:6)]_FA16:0",TAG,1234.60009765625,1348.7400970458984,1132.9400749206543,1197.2200889587402,1732.7401428222656,1426.7201080322266,1747.3201141357422,1020.7800636291504,1011.020076751709,Group: B,Group: C,Group: B vs Group: C,4,4,Blank_Blank_Blank
"[TG(59:13),TG(58:6)]_FA16:1",TAG,1095.1600799560547,1055.440071105957,1059.1600723266602,1055.2600784301758,1050.3800659179688,1056.920078277588,1174.1800804138184,1095.7600708007812,1047.5400772094727,Group: B,Group: C,Group: B vs Group: C,4,4,Blank_Blank_Blank
"[TG(59:13),TG(58:6)]_FA18:0",TAG,1183.5800857543945,1278.0800971984863,1372.5801010131836,1325.1000938415527,1253.3000793457031,1281.6200904846191,2349.840190887451,1099.960075378418,1012.5000686645508,Group: B,Group: C,Group: B vs Group: C,4,4,Blank_Blank_Blank
"[TG(59:13),TG(58:6)]_FA18:1",TAG,1684.300121307373,1687.5601272583008,1440.4401092529297,1481.5000839233398,2178.240161895752,1766.3601379394531,6448.620391845703,1354.7201042175293,1053.600082397461,Group: B,Group: C,Group: B vs Group: C,4,4,Blank_Blank_Blank
"[TG(59:13),TG(58:6)]_FA18:2",TAG,1299.0000801086426,1405.9400825500488,1960.0201110839844,1746.1401252746582,2066.9201469421387,2519.320182800293,2045.0001525878906,1241.0400848388672,1156.1800842285156,Group: B,Group: C,Group: B vs Group: C,4,4,Blank_Blank_Blank
"[TG(59:13),TG(58:6)]_FA18:3",TAG,1301.9800872802734,1328.7200889587402,1260.8000984191895,1222.1200790405273,1246.1400871276855,1206.4600868225098,1292.940086364746,1190.2200813293457,1172.8600807189941,Group: B,Group: C,Group: B vs Group: C,4,4,Blank_Blank_Blank
"[TG(59:13),TG(58:6)]_FA20:4",TAG,1880.7201347351074,2590.000156402588,1808.8801078796387,2208.3001594543457,1764.5201301574707,1943.6801300048828,3348.280204772949,1859.6801452636719,1247.4800834655762,Group: B,Group: C,Group: B vs Group: C,4,4,Blank_Blank_Blank
"[TG(59:13),TG(58:6)]_FA22:5",TAG,1656.1401062011719,2229.2201385498047,1620.7601013183594,2334.3601875305176,1858.300148010254,1524.2400970458984,2402.320156097412,2264.9401626586914,1428.3200950622559,Group: B,Group: C,Group: B vs Group: C,4,4,Blank_Blank_Blank
"[TG(59:13),TG(58:6)]_FA22:6",TAG,1557.9201126098633,1545.260108947754,1557.8401069641113,1591.2201080322266,1659.440113067627,1691.6001358032227,1935.0001373291016,1557.9401092529297,1497.6200981140137,Group: B,Group: C,Group: B vs Group: C,4,4,Blank_Blank_Blank
"[TG(59:9),TG(58:2)]_FA14:0",TAG,1025.7200775146484,1034.0400772094727,1012.2800750732422,1012.2200736999512,1013.1200675964355,1012.9400596618652,1014.5400772094727,1015.3800773620605,1012.5400733947754,Group: B,Group: C,Group: B vs Group: C,4,4,Blank_Blank_Blank
"[TG(59:9),TG(58:2)]_FA16:0",TAG,1119.4400787353516,1036.1800689697266,1084.560073852539,1111.700065612793,1001.0000648498535,1078.140079498291,1069.4600791931152,1074.0200729370117,1011.8400688171387,Group: B,Group: C,Group: B vs Group: C,4,4,Blank_Blank_Blank
"[TG(59:9),TG(58:2)]_FA16:1",TAG,1114.420078277588,1055.280071258545,1052.500072479248,1118.1000785827637,1108.240077972412,1126.240077972412,1142.6800842285156,1109.6600761413574,1048.6800727844238,Group: B,Group: C,Group: B vs Group: C,4,4,Blank_Blank_Blank
"[TG(59:9),TG(58:2)]_FA18:0",TAG,1036.480079650879,1076.020076751709,1011.7800712585449,1053.9200744628906,1044.2600708007812,1071.580078125,1336.7600784301758,1060.440086364746,1011.5000610351562,Group: B,Group: C,Group: B vs Group: C,4,4,Blank_Blank_Blank
"[TG(59:9),TG(58:2)]_FA18:1",TAG,1273.3000946044922,1181.0800743103027,1106.500072479248,1054.080078125,1196.2600860595703,1224.600082397461,1847.2601280212402,1049.2600784301758,1182.000087738037,Group: B,Group: C,Group: B vs Group: C,4,4,Blank_Blank_Blank
"[TG(59:9),TG(58:2)]_FA18:2",TAG,1173.3200759887695,1139.820083618164,1221.3400764465332,1131.3600807189941,1228.8600883483887,1293.1600914001465,1163.4600791931152,1178.6000709533691,1166.1600799560547,Group: B,Group: C,Group: B vs Group: C,4,4,Blank_Blank_Blank
"[TG(59:9),TG(58:2)]_FA18:3",TAG,1178.4200706481934,1168.0600852966309,1166.740077972412,1166.0000801086426,1169.1200828552246,1166.740077972412,1172.1600875854492,1171.9000816345215,1172.3200721740723,Group: B,Group: C,Group: B vs Group: C,4,4,Blank_Blank_Blank
"[TG(59:9),TG(58:2)]_FA20:4",TAG,1273.3800926208496,1253.380084991455,1259.020092010498,1289.6200942993164,1468.8200988769531,1294.0200881958008,1350.1200866699219,1272.9400787353516,1289.740089416504,Group: B,Group: C,Group: B vs Group: C,4,4,Blank_Blank_Blank
"[TG(59:9),TG(58:2)]_FA22:5",TAG,1460.240104675293,1404.8000946044922,1389.180103302002,1452.9201126098633,1394.3800964355469,1379.0401000976562,1451.4401016235352,1400.9600982666016,1375.280086517334,Group: B,Group: C,Group: B vs Group: C,4,4,Blank_Blank_Blank
"[TG(59:9),TG(58:2)]_FA22:6",TAG,1729.5601348876953,1547.1401138305664,1615.2201194763184,1674.340103149414,1500.1001052856445,1566.1001091003418,1511.4401016235352,1572.7801132202148,1519.9001121520996,Group: B,Group: C,Group: B vs Group: C,4,4,Blank_Blank_Blank
"[TG(60:10),TG(59:3)]_FA14:0",TAG,1014.1600685119629,1012.6600685119629,1013.4200630187988,1019.4400749206543,1012.3000831604004,1012.2800598144531,1014.1400756835938,1016.2000694274902,1012.5800743103027,Group: B,Group: C,Group: B vs Group: C,4,4,Blank_Blank_Blank
"[TG(60:10),TG(59:3)]_FA16:0",TAG,1013.2800636291504,1055.060073852539,1041.880069732666,1082.7600746154785,1068.580078125,1018.8800659179688,1099.7200775146484,1144.5400848388672,1011.9400672912598,Group: B,Group: C,Group: B vs Group: C,4,4,Blank_Blank_Blank
"[TG(60:10),TG(59:3)]_FA16:1",TAG,1064.6800842285156,1055.6200675964355,1050.9400672912598,1072.1400718688965,1094.3400650024414,1051.9600715637207,1071.8200759887695,1105.04008102417,1064.6000709533691,Group: B,Group: C,Group: B vs Group: C,4,4,Blank_Blank_Blank
"[TG(60:10),TG(59:3)]_FA18:0",TAG,1012.500072479248,1031.6800727844238,1012.3000679016113,1111.320083618164,1015.9000778198242,1060.8200721740723,1076.8000717163086,1015.9400749206543,1011.8400688171387,Group: B,Group: C,Group: B vs Group: C,4,4,Blank_Blank_Blank
"[TG(60:10),TG(59:3)]_FA18:1",TAG,1089.1400718688965,1157.6400718688965,1098.3000717163086,1053.6000785827637,1304.3400917053223,1093.5000839233398,1387.6000938415527,1163.4200820922852,1116.3800735473633,Group: B,Group: C,Group: B vs Group: C,4,4,Blank_Blank_Blank
"[TG(60:10),TG(59:3)]_FA18:2",TAG,1189.4000778198242,1230.1000938415527,1473.1601104736328,1278.7400741577148,1298.4600868225098,1731.2401237487793,1634.9401092529297,1281.500099182129,1172.4200859069824,Group: B,Group: C,Group: B vs Group: C,4,4,Blank_Blank_Blank
"[TG(60:10),TG(59:3)]_FA18:3",TAG,1268.6600799560547,1242.8400840759277,1220.9400749206543,1267.4800910949707,1261.560073852539,1246.320083618164,1305.7400932312012,1212.9600868225098,1256.2600860595703,Group: B,Group: C,Group: B vs Group: C,4,4,Blank_Blank_Blank
"[TG(60:10),TG(59:3)]_FA20:4",TAG,1360.9200859069824,1968.1001167297363,1361.6000862121582,2030.540138244629,1709.9601135253906,2055.9601707458496,2310.4601516723633,1553.720115661621,1289.1400871276855,Group: B,Group: C,Group: B vs Group: C,4,4,Blank_Blank_Blank
"[TG(60:10),TG(59:3)]_FA22:5",TAG,1918.5801391601562,1819.2001342773438,1656.8401145935059,1881.6201438903809,1625.740119934082,1545.200107574463,2011.6001243591309,1728.9801177978516,1386.160099029541,Group: B,Group: C,Group: B vs Group: C,4,4,Blank_Blank_Blank
"[TG(60:10),TG(59:3)]_FA22:6",TAG,2458.9601821899414,2556.4202003479004,2845.600196838379,3106.820266723633,1598.0201225280762,2030.700138092041,3037.1001930236816,1632.2801132202148,1498.2401008605957,Group: B,Group: C,Group: B vs Group: C,4,4,Blank_Blank_Blank
"[TG(60:11),TG(59:4)]_FA14:0",TAG,1046.6200675964355,1013.1200675964355,1013.1600685119629,1041.8400611877441,1013.4400634765625,1012.8400726318359,1013.4800682067871,1015.4000663757324,1013.3600578308105,Group: B,Group: C,Group: B vs Group: C,4,4,Blank_Blank_Blank
"[TG(60:11),TG(59:4)]_FA16:0",TAG,1007.5600662231445,1057.5200805664062,1010.1000709533691,1007.1600723266602,1166.9200859069824,1035.1000671386719,1214.12007522583,1041.9200744628906,1050.1200790405273,Group: B,Group: C,Group: B vs Group: C,4,4,Blank_Blank_Blank
"[TG(60:11),TG(59:4)]_FA16:1",TAG,1049.9400672912598,1075.7200736999512,1090.660083770752,1120.6000671386719,1050.9200859069824,1051.5200843811035,1092.840072631836,1061.8600769042969,1047.5000610351562,Group: B,Group: C,Group: B vs Group: C,4,4,Blank_Blank_Blank
"[TG(60:11),TG(59:4)]_FA18:0",TAG,1011.9000701904297,1039.480079650879,1012.9400672912598,1009.2000732421875,1011.4200592041016,1011.6200637817383,1073.6800727844238,1015.4400749206543,1011.9600791931152,Group: B,Group: C,Group: B vs Group: C,4,4,Blank_Blank_Blank
"[TG(60:11),TG(59:4)]_FA18:1",TAG,1056.1600723266602,1100.4000778198242,1052.300064086914,1067.0000686645508,1112.7400817871094,1047.5400657653809,1162.0600776672363,1153.820083618164,1065.4400787353516,Group: B,Group: C,Group: B vs Group: C,4,4,Blank_Blank_Blank
"[TG(60:11),TG(59:4)]_FA18:2",TAG,1158.600082397461,1198.340087890625,1415.8400917053223,1306.8800773620605,1244.9000816345215,1157.6400909423828,1282.7400932312012,1127.580078125,1128.9200744628906,Group: B,Group: C,Group: B vs Group: C,4,4,Blank_Blank_Blank
"[TG(60:11),TG(59:4)]_FA18:3",TAG,1249.3000946044922,1271.6800918579102,1268.8200874328613,1241.4400939941406,1211.6000900268555,1224.4400939941406,1257.9400825500488,1227.3400840759277,1214.4000854492188,Group: B,Group: C,Group: B vs Group: C,4,4,Blank_Blank_Blank
"[TG(60:11),TG(59:4)]_FA20:4",TAG,1515.3400993347168,1691.540111541748,1371.7400970458984,1397.1000862121582,1552.8801002502441,1670.8401145935059,2225.600170135498,1437.5401000976562,1288.6800918579102,Group: B,Group: C,Group: B vs Group: C,4,4,Blank_Blank_Blank
"[TG(60:11),TG(59:4)]_FA22:5",TAG,1912.5401306152344,1494.2401237487793,1408.56010055542,1746.5401306152344,1416.5200958251953,1574.5601196289062,2002.8001441955566,1913.5001411437988,1413.8201026916504,Group: B,Group: C,Group: B vs Group: C,4,4,Blank_Blank_Blank
"[TG(60:11),TG(59:4)]_FA22:6",TAG,2885.660186767578,3015.1401977539062,2848.900245666504,3296.460220336914,1860.1601333618164,2302.1401557922363,3254.840244293213,2029.1201667785645,1497.4401092529297,Group: B,Group: C,Group: B vs Group: C,4,4,Blank_Blank_Blank
"[TG(60:12),TG(59:5)]_FA14:0",TAG,1013.5000648498535,1012.2600746154785,1012.8200759887695,1012.0800743103027,1018.5200729370117,1017.3000679016113,1076.0600814819336,1016.260082244873,1012.7000694274902,Group: B,Group: C,Group: B vs Group: C,4,4,Blank_Blank_Blank
"[TG(60:12),TG(59:5)]_FA16:0",TAG,1061.7600746154785,1011.0800704956055,1069.7600784301758,1007.3600654602051,1216.4800834655762,1036.8200759887695,1091.3600807189941,1144.2600746154785,1012.0200691223145,Group: B,Group: C,Group: B vs Group: C,4,4,Blank_Blank_Blank
"[TG(60:12),TG(59:5)]_FA16:1",TAG,1050.220069885254,1056.1400756835938,1081.1000785827637,1049.960075378418,1051.0200691223145,1051.320068359375,1085.660068511963,1049.9800758361816,1091.9000663757324,Group: B,Group: C,Group: B vs Group: C,4,4,Blank_Blank_Blank
"[TG(60:12),TG(59:5)]_FA18:0",TAG,1011.3800811767578,1018.4200706481934,1032.1600799560547,1009.3600692749023,1011.1000747680664,1011.5400657653809,1059.1000747680664,1015.6600685119629,1012.7400703430176,Group: B,Group: C,Group: B vs Group: C,4,4,Blank_Blank_Blank
"[TG(60:12),TG(59:5)]_FA18:1",TAG,1077.0600776672363,1055.7000770568848,1052.4000816345215,1075.6800842285156,1046.9200630187988,1047.0800819396973,1049.9800834655762,1085.8400840759277,1065.6800727844238,Group: B,Group: C,Group: B vs Group: C,4,4,Blank_Blank_Blank
"[TG(60:12),TG(59:5)]_FA18:2",TAG,1127.9000816345215,1128.200080871582,1158.9600868225098,1165.680088043213,1197.040096282959,1199.4200820922852,1196.6600761413574,1173.980079650879,1129.2200813293457,Group: B,Group: C,Group: B vs Group: C,4,4,Blank_Blank_Blank
"[TG(60:12),TG(59:5)]_FA18:3",TAG,1229.8800811767578,1219.4200897216797,1229.6200790405273,1208.7600860595703,1284.6200866699219,1208.7000923156738,1215.6200828552246,1214.5800819396973,1214.7800788879395,Group: B,Group: C,Group: B vs Group: C,4,4,Blank_Blank_Blank
"[TG(60:12),TG(59:5)]_FA20:4",TAG,1430.6000900268555,1674.820140838623,1493.7000923156738,1844.1801109313965,1543.58012008667,1276.4600830078125,1710.0601043701172,1448.220100402832,1247.4600830078125,Group: B,Group: C,Group: B vs Group: C,4,4,Blank_Blank_Blank
"[TG(60:12),TG(59:5)]_FA22:5",TAG,1468.1000938415527,1578.280117034912,1415.3800888061523,1485.8801078796387,1428.3001022338867,1400.3800964355469,1686.260108947754,1435.220100402832,1374.6001014709473,Group: B,Group: C,Group: B vs Group: C,4,4,Blank_Blank_Blank
"[TG(60:12),TG(59:5)]_FA22:6",TAG,2465.8801879882812,2294.5801849365234,2639.8802070617676,3384.2402114868164,1866.7601356506348,2051.340160369873,3829.3002548217773,1935.9001274108887,1498.64009475708,Group: B,Group: C,Group: B vs Group: C,4,4,Blank_Blank_Blank
"[TG(60:13),TG(59:6)]_FA14:0",TAG,1032.0800704956055,1012.2800712585449,1013.000072479248,1011.6000747680664,1034.9200820922852,1015.8600654602051,1042.7600746154785,1039.500072479248,1012.9000816345215,Group: B,Group: C,Group: B vs Group: C,4,4,Blank_Blank_Blank
"[TG(60:13),TG(59:6)]_FA16:0",TAG,1018.820068359375,1054.5800704956055,1068.7400665283203,1018.6200675964355,1018.3200759887695,1002.3200645446777,1003.0600776672363,1022.0400657653809,1021.0600700378418,Group: B,Group: C,Group: B vs Group: C,4,4,Blank_Blank_Blank
"[TG(60:13),TG(59:6)]_FA16:1",TAG,1049.8600616455078,1055.6200714111328,1052.0800743103027,1065.9200630187988,1051.2000770568848,1095.5200729370117,1052.54008102417,1049.5800704956055,1047.2200736999512,Group: B,Group: C,Group: B vs Group: C,4,4,Blank_Blank_Blank
"[TG(60:13),TG(59:6)]_FA18:0",TAG,1012.0600662231445,1011.3600730895996,1012.260082244873,1019.6000709533691,1010.7400703430176,1010.7000732421875,1012.6200752258301,1015.7000732421875,1077.5200729370117,Group: B,Group: C,Group: B vs Group: C,4,4,Blank_Blank_Blank
"[TG(60:13),TG(59:6)]_FA18:1",TAG,1073.3000755310059,1055.8600616455078,1053.1200828552246,1054.6800651550293,1068.2800827026367,1047.1000671386719,1107.7000846862793,1049.6000671386719,1054.1600723266602,Group: B,Group: C,Group: B vs Group: C,4,4,Blank_Blank_Blank
"[TG(60:13),TG(59:6)]_FA18:2",TAG,1129.0400924682617,1127.9000778198242,1134.360065460205,1125.3000869750977,1142.8600807189941,1146.9800758361816,1130.2800750732422,1199.8200798034668,1129.5000801086426,Group: B,Group: C,Group: B vs Group: C,4,4,Blank_Blank_Blank
"[TG(60:13),TG(59:6)]_FA18:3",TAG,1191.640079498291,1239.3800926208496,1167.780086517334,1166.3400840759277,1243.3200721740723,1208.8600883483887,1214.5400733947754,1171.4200744628906,1206.3200759887695,Group: B,Group: C,Group: B vs Group: C,4,4,Blank_Blank_Blank
"[TG(60:13),TG(59:6)]_FA20:4",TAG,1282.3000831604004,1275.0400848388672,1339.6000938415527,1275.040096282959,1281.4600868225098,1297.820083618164,1393.1201057434082,1249.3200759887695,1262.4401016235352,Group: B,Group: C,Group: B vs Group: C,4,4,Blank_Blank_Blank
"[TG(60:13),TG(59:6)]_FA22:5",TAG,1378.3200988769531,1414.860107421875,1438.8001098632812,1386.260097503662,1374.300090789795,1375.8200912475586,1376.7601013183594,1392.160099029541,1376.0400848388672,Group: B,Group: C,Group: B vs Group: C,4,4,Blank_Blank_Blank
"[TG(60:13),TG(59:6)]_FA22:6",TAG,1698.0401306152344,1632.3001251220703,1543.820110321045,1500.4401092529297,1568.9601135253906,1587.400104522705,1662.8201141357422,1581.4601135253906,1497.8401069641113,Group: B,Group: C,Group: B vs Group: C,4,4,Blank_Blank_Blank
"[TG(60:14),TG(59:7),TG(58:0)]_FA14:0",TAG,1039.5400772094727,1046.880069732666,1012.5800743103027,1079.3200721740723,1013.380069732666,1012.4600715637207,1044.6200790405273,1041.2400703430176,1012.1800651550293,Group: B,Group: C,Group: B vs Group: C,4,4,Blank_Blank_Blank
"[TG(60:14),TG(59:7),TG(58:0)]_FA16:0",TAG,1078.6400756835938,1120.5800666809082,1177.9200820922852,1082.5600662231445,1105.5600814819336,1034.1800651550293,1144.760082244873,1079.3000717163086,1132.840072631836,Group: B,Group: C,Group: B vs Group: C,4,4,Blank_Blank_Blank
"[TG(60:14),TG(59:7),TG(58:0)]_FA16:1",TAG,1051.0800819396973,1056.140079498291,1052.020076751709,1078.3800773620605,1050.7400703430176,1052.1400680541992,1052.6600723266602,1050.2800788879395,1068.5200729370117,Group: B,Group: C,Group: B vs Group: C,4,4,Blank_Blank_Blank
"[TG(60:14),TG(59:7),TG(58:0)]_FA18:0",TAG,1042.3600730895996,1011.1600723266602,1011.9000701904297,1019.3600769042969,1010.5200691223145,1015.4600639343262,1099.62007522583,1015.4800796508789,1032.9800758361816,Group: B,Group: C,Group: B vs Group: C,4,4,Blank_Blank_Blank
"[TG(60:14),TG(59:7),TG(58:0)]_FA18:1",TAG,1074.9600830078125,1067.6000709533691,1096.2800750732422,1054.840072631836,1076.240077972412,1047.0400657653809,1067.3200759887695,1057.6600723266602,1080.8400688171387,Group: B,Group: C,Group: B vs Group: C,4,4,Blank_Blank_Blank
"[TG(60:14),TG(59:7),TG(58:0)]_FA18:2",TAG,1128.4000816345215,1127.62007522583,1338.1200866699219,1125.240077972412,1143.2000846862793,1211.1200790405273,1190.1000747680664,1127.500072479248,1172.720085144043,Group: B,Group: C,Group: B vs Group: C,4,4,Blank_Blank_Blank
"[TG(60:14),TG(59:7),TG(58:0)]_FA18:3",TAG,1167.9800872802734,1199.580078125,1188.8000869750977,1251.920078277588,1169.5800857543945,1167.000072479248,1172.600082397461,1172.0600776672363,1172.180076599121,Group: B,Group: C,Group: B vs Group: C,4,4,Blank_Blank_Blank
"[TG(60:14),TG(59:7),TG(58:0)]_FA20:4",TAG,1297.6800842285156,1252.7000885009766,1302.2800941467285,1375.14009475708,1356.8600997924805,1346.0600852966309,1248.700080871582,1249.0800895690918,1247.080093383789,Group: B,Group: C,Group: B vs Group: C,4,4,Blank_Blank_Blank
"[TG(60:14),TG(59:7),TG(58:0)]_FA22:5",TAG,1474.8601036071777,1413.5401000976562,1415.5000953674316,1450.3600997924805,1430.5401039123535,1402.2800941467285,1442.8601112365723,1456.460105895996,1375.8400955200195,Group: B,Group: C,Group: B vs Group: C,4,4,Blank_Blank_Blank
"[TG(60:14),TG(59:7),TG(58:0)]_FA22:6",TAG,1556.600112915039,1575.3401069641113,1503.3201026916504,1500.4401054382324,1529.0401039123535,1576.9401054382324,1560.7401123046875,1506.9201011657715,1513.3801040649414,Group: B,Group: C,Group: B vs Group: C,4,4,Blank_Blank_Blank
"[TG(60:15),TG(59:8),TG(58:1)]_FA14:0",TAG,1013.0200691223145,1011.7400779724121,1013.2400665283203,1012.7600746154785,1013.4000701904297,1027.9600677490234,1042.1400756835938,1014.9600715637207,1013.3400764465332,Group: B,Group: C,Group: B vs Group: C,4,4,Blank_Blank_Blank
"[TG(60:15),TG(59:8),TG(58:1)]_FA16:0",TAG,1032.0200805664062,1006.6200637817383,1025.4600677490234,1006.8000793457031,1127.3000717163086,1002.000072479248,1043.8200721740723,1151.8800773620605,1011.9400596618652,Group: B,Group: C,Group: B vs Group: C,4,4,Blank_Blank_Blank
"[TG(60:15),TG(59:8),TG(58:1)]_FA16:1",TAG,1053.720069885254,1123.8800811767578,1077.6000862121582,1138.180088043213,1050.7200813293457,1069.5400733947754,1093.3800621032715,1049.5200729370117,1096.1600799560547,Group: B,Group: C,Group: B vs Group: C,4,4,Blank_Blank_Blank
"[TG(60:15),TG(59:8),TG(58:1)]_FA18:0",TAG,1012.0400657653809,1062.7600746154785,1017.880069732666,1017.4400672912598,1009.9000778198242,1044.4400787353516,1021.2000694274902,1058.8200798034668,1085.2400665283203,Group: B,Group: C,Group: B vs Group: C,4,4,Blank_Blank_Blank
"[TG(60:15),TG(59:8),TG(58:1)]_FA18:1",TAG,1102.3400917053223,1055.6600799560547,1168.000087738037,1067.8000679016113,1138.300090789795,1077.9200820922852,1153.6600723266602,1049.660068511963,1156.380084991455,Group: B,Group: C,Group: B vs Group: C,4,4,Blank_Blank_Blank
"[TG(60:15),TG(59:8),TG(58:1)]_FA18:2",TAG,1129.7000770568848,1165.5400772094727,1185.5000762939453,1124.6600799560547,1158.0400772094727,1260.7200965881348,1139.9800758361816,1127.3000831604004,1185.5000801086426,Group: B,Group: C,Group: B vs Group: C,4,4,Blank_Blank_Blank
"[TG(60:15),TG(59:8),TG(58:1)]_FA18:3",TAG,1166.9000816345215,1167.0200805664062,1253.7200927734375,1187.4600868225098,1190.340087890625,1187.8400840759277,1172.1200714111328,1172.380084991455,1173.5600776672363,Group: B,Group: C,Group: B vs Group: C,4,4,Blank_Blank_Blank
"[TG(60:15),TG(59:8),TG(58:1)]_FA20:4",TAG,1279.3201026916504,1311.6800918579102,1255.7800903320312,1324.1600875854492,1252.4400901794434,1254.5400733947754,1308.6000862121582,1249.2400970458984,1246.780086517334,Group: B,Group: C,Group: B vs Group: C,4,4,Blank_Blank_Blank
"[TG(60:15),TG(59:8),TG(58:1)]_FA22:5",TAG,1454.2200889587402,1394.7400970458984,1391.6200904846191,1500.9801063537598,1412.1401062011719,1411.3801002502441,1399.720100402832,1450.4401092529297,1376.380084991455,Group: B,Group: C,Group: B vs Group: C,4,4,Blank_Blank_Blank
"[TG(60:15),TG(59:8),TG(58:1)]_FA22:6",TAG,1619.260108947754,1560.240104675293,1659.3201141357422,1569.5201110839844,1554.5201110839844,1579.9401016235352,1504.2601165771484,1567.7200965881348,1503.7600936889648,Group: B,Group: C,Group: B vs Group: C,4,4,Blank_Blank_Blank
"[TG(60:8),TG(59:1)]_FA14:0",TAG,1026.6400756835938,1057.5800704956055,1033.840072631836,1012.6200828552246,1012.9200706481934,1013.2400703430176,1014.0800704956055,1016.1400680541992,1017.0400695800781,Group: B,Group: C,Group: B vs Group: C,4,4,Blank_Blank_Blank
"[TG(60:8),TG(59:1)]_FA16:0",TAG,1041.7800636291504,1006.3400688171387,1076.8600730895996,1049.8600769042969,1099.7800750732422,1024.1600761413574,1017.2000694274902,1018.6800727844238,1011.7200660705566,Group: B,Group: C,Group: B vs Group: C,4,4,Blank_Blank_Blank
"[TG(60:8),TG(59:1)]_FA16:1",TAG,1051.2600708007812,1058.760066986084,1051.8400688171387,1079.0600814819336,1074.4800758361816,1065.0400733947754,1052.0800704956055,1067.960075378418,1091.1000709533691,Group: B,Group: C,Group: B vs Group: C,4,4,Blank_Blank_Blank
"[TG(60:8),TG(59:1)]_FA18:0",TAG,1012.3000717163086,1074.9800834655762,1049.6800804138184,1013.3600769042969,1065.980079650879,1043.6000709533691,1043.3000755310059,1016.2800598144531,1011.5000762939453,Group: B,Group: C,Group: B vs Group: C,4,4,Blank_Blank_Blank
"[TG(60:8),TG(59:1)]_FA18:1",TAG,1220.420093536377,1151.1400756835938,1315.7000885009766,1269.5600776672363,1051.4000663757324,1110.780071258545,1407.900104522705,1073.6000671386719,1197.2800788879395,Group: B,Group: C,Group: B vs Group: C,4,4,Blank_Blank_Blank
"[TG(60:8),TG(59:1)]_FA18:2",TAG,1303.840087890625,1243.0800857543945,1290.3600883483887,1203.2800903320312,1638.3601150512695,1479.0200958251953,1428.1200981140137,1308.8400802612305,1142.5200805664062,Group: B,Group: C,Group: B vs Group: C,4,4,Blank_Blank_Blank
"[TG(60:8),TG(59:1)]_FA18:3",TAG,1209.4800872802734,1237.300090789795,1286.0600852966309,1280.240089416504,1276.2800903320312,1241.180088043213,1233.6600761413574,1213.9600830078125,1213.800090789795,Group: B,Group: C,Group: B vs Group: C,4,4,Blank_Blank_Blank
"[TG(60:8),TG(59:1)]_FA20:4",TAG,1484.9401054382324,1538.9600982666016,1349.1800918579102,1351.980094909668,1474.3600997924805,1499.2601013183594,1536.9801177978516,1447.7801094055176,1288.2601051330566,Group: B,Group: C,Group: B vs Group: C,4,4,Blank_Blank_Blank
"[TG(60:8),TG(59:1)]_FA22:5",TAG,1849.820125579834,1798.8601188659668,1584.1201171875,1884.6801376342773,1556.6401100158691,1489.3801040649414,1819.7001113891602,1790.2201194763184,1390.4600982666016,Group: B,Group: C,Group: B vs Group: C,4,4,Blank_Blank_Blank
"[TG(60:8),TG(59:1)]_FA22:6",TAG,2163.7401695251465,2196.8801460266113,2294.3001594543457,2424.840175628662,1583.5601081848145,1939.9001388549805,2785.720203399658,1837.680118560791,1573.1201171875,Group: B,Group: C,Group: B vs Group: C,4,4,Blank_Blank_Blank
"[TG(60:9),TG(59:2)]_FA14:0",TAG,1019.4400749206543,1013.080078125,1013.3200798034668,1012.3600730895996,1032.3400688171387,1028.1200637817383,1041.5200729370117,1052.2600631713867,1012.4000778198242,Group: B,Group: C,Group: B vs Group: C,4,4,Blank_Blank_Blank
"[TG(60:9),TG(59:2)]_FA16:0",TAG,1067.62007522583,1012.2800674438477,1032.9800758361816,1051.2200775146484,1136.2600860595703,1002.5600738525391,1050.880069732666,1009.1200714111328,1011.5200691223145,Group: B,Group: C,Group: B vs Group: C,4,4,Blank_Blank_Blank
"[TG(60:9),TG(59:2)]_FA16:1",TAG,1224.0000801086426,1112.2000770568848,1095.8400802612305,1052.8200721740723,1060.680061340332,1052.5400848388672,1154.6800842285156,1050.080078125,1091.060073852539,Group: B,Group: C,Group: B vs Group: C,4,4,Blank_Blank_Blank
"[TG(60:9),TG(59:2)]_FA18:0",TAG,1087.2000694274902,1030.8800659179688,1046.900089263916,1009.760066986084,1011.2000732421875,1026.7400817871094,1232.3400840759277,1026.3000679016113,1029.6200675964355,Group: B,Group: C,Group: B vs Group: C,4,4,Blank_Blank_Blank
"[TG(60:9),TG(59:2)]_FA18:1",TAG,1136.8400802612305,1075.4200744628906,1052.4200820922852,1182.0600814819336,1076.940071105957,1120.740077972412,1661.400131225586,1049.4800643920898,1085.8000793457031,Group: B,Group: C,Group: B vs Group: C,4,4,Blank_Blank_Blank
"[TG(60:9),TG(59:2)]_FA18:2",TAG,1203.5400772094727,1188.4200859069824,1654.3001136779785,1530.700096130371,1549.2800941467285,2032.9601516723633,1398.1401023864746,1232.7600898742676,1129.7400703430176,Group: B,Group: C,Group: B vs Group: C,4,4,Blank_Blank_Blank
"[TG(60:9),TG(59:2)]_FA18:3",TAG,1245.5600814819336,1221.2200775146484,1219.8000831604004,1209.2600860595703,1280.700096130371,1230.6600799560547,1224.8600807189941,1213.6600799560547,1214.5400886535645,Group: B,Group: C,Group: B vs Group: C,4,4,Blank_Blank_Blank
"[TG(60:9),TG(59:2)]_FA20:4",TAG,1315.3200988769531,1509.000114440918,1461.1000900268555,1526.7601127624512,1400.60009765625,1571.7201194763184,1980.8201484680176,1398.5000953674316,1288.06010055542,Group: B,Group: C,Group: B vs Group: C,4,4,Blank_Blank_Blank
"[TG(60:9),TG(59:2)]_FA22:5",TAG,1679.6201133728027,1822.8201179504395,1606.2801322937012,1758.6001358032227,1374.4000968933105,1658.3801040649414,1721.4401168823242,1616.8601112365723,1375.1600952148438,Group: B,Group: C,Group: B vs Group: C,4,4,Blank_Blank_Blank
"[TG(60:9),TG(59:2)]_FA22:6",TAG,2318.9601707458496,2697.120204925537,2316.2601585388184,3129.0202407836914,1703.2201194763184,1961.5801391601562,2871.3802185058594,1756.2801322937012,1520.2800979614258,Group: B,Group: C,Group: B vs Group: C,4,4,Blank_Blank_Blank
"[TG(61:10),TG(60:3)]_FA14:0",TAG,1014.0200653076172,1012.9600677490234,1012.0600738525391,1022.8800621032715,1012.7800636291504,1013.2800598144531,1013.900074005127,1015.7200736999512,1013.4000701904297,Group: B,Group: C,Group: B vs Group: C,4,4,Blank_Blank_Blank
"[TG(61:10),TG(60:3)]_FA16:0",TAG,1008.4000701904297,1006.1000709533691,1004.3000679016113,1005.640064239502,1001.1000595092773,1032.8400688171387,1002.8200721740723,1017.7200736999512,1012.8000640869141,Group: B,Group: C,Group: B vs Group: C,4,4,Blank_Blank_Blank
"[TG(61:10),TG(60:3)]_FA16:1",TAG,1058.5000801086426,1055.6600723266602,1051.6000747680664,1050.2000732421875,1050.3800811767578,1102.660068511963,1052.6800651550293,1049.5800819396973,1077.8600769042969,Group: B,Group: C,Group: B vs Group: C,4,4,Blank_Blank_Blank
"[TG(61:10),TG(60:3)]_FA18:0",TAG,1012.3000564575195,1024.7000694274902,1012.4200706481934,1037.4800643920898,1010.7200736999512,1013.140064239502,1060.1800804138184,1015.2800712585449,1034.0400733947754,Group: B,Group: C,Group: B vs Group: C,4,4,Blank_Blank_Blank
"[TG(61:10),TG(60:3)]_FA18:1",TAG,1073.0200729370117,1055.5600852966309,1064.1000747680664,1082.4200859069824,1111.8600769042969,1113.3200759887695,1239.480094909668,1092.7200736999512,1053.9200706481934,Group: B,Group: C,Group: B vs Group: C,4,4,Blank_Blank_Blank
"[TG(61:10),TG(60:3)]_FA18:2",TAG,1273.720085144043,1129.2000694274902,1328.7000885009766,1237.1200942993164,1194.3000869750977,1371.0200996398926,1139.0000762939453,1160.5400657653809,1148.1800689697266,Group: B,Group: C,Group: B vs Group: C,4,4,Blank_Blank_Blank
"[TG(61:10),TG(60:3)]_FA18:3",TAG,1209.3800659179688,1209.2000923156738,1209.1000900268555,1267.8200950622559,1236.180088043213,1279.4000968933105,1227.8200912475586,1213.2800750732422,1245.3800811767578,Group: B,Group: C,Group: B vs Group: C,4,4,Blank_Blank_Blank
"[TG(61:10),TG(60:3)]_FA20:4",TAG,1291.4201011657715,1294.5400924682617,1293.5400848388672,1289.0200996398926,1294.5400886535645,1311.960090637207,1414.6200942993164,1341.300090789795,1289.5000953674316,Group: B,Group: C,Group: B vs Group: C,4,4,Blank_Blank_Blank
"[TG(61:10),TG(60:3)]_FA22:5",TAG,1418.9001007080078,1408.9001007080078,1394.7400856018066,1391.3400840759277,1374.8801002502441,1376.5800895690918,1376.3001098632812,1380.3600959777832,1434.7401084899902,Group: B,Group: C,Group: B vs Group: C,4,4,Blank_Blank_Blank
"[TG(61:10),TG(60:3)]_FA22:6",TAG,1526.0801239013672,1498.800106048584,1542.9000968933105,1500.500099182129,1499.2001113891602,1600.980110168457,1500.3001098632812,1499.4001007080078,1498.6600952148438,Group: B,Group: C,Group: B vs Group: C,4,4,Blank_Blank_Blank
"[TG(61:11),TG(60:4)]_FA14:0",TAG,1014.1200675964355,1036.2400703430176,1012.8800735473633,1011.5200653076172,1012.7400703430176,1012.1200714111328,1013.4200706481934,1034.0200691223145,1013.0200729370117,Group: B,Group: C,Group: B vs Group: C,4,4,Blank_Blank_Blank
"[TG(61:11),TG(60:4)]_FA16:0",TAG,1008.4600715637207,1006.0200691223145,1018.8400611877441,1006.6400718688965,1001.5800666809082,1002.0200691223145,1023.3800659179688,1003.9000816345215,1011.0200614929199,Group: B,Group: C,Group: B vs Group: C,4,4,Blank_Blank_Blank
"[TG(61:11),TG(60:4)]_FA16:1",TAG,1050.1000747680664,1056.0600814819336,1053.2000732421875,1050.8200798034668,1080.560073852539,1098.2000846862793,1052.8600730895996,1050.4600715637207,1048.1200637817383,Group: B,Group: C,Group: B vs Group: C,4,4,Blank_Blank_Blank
"[TG(61:11),TG(60:4)]_FA18:0",TAG,1012.500072479248,1010.7200584411621,1012.1600761413574,1009.5600700378418,1010.880069732666,1022.4000778198242,1042.9200706481934,1023.500072479248,1011.520076751709,Group: B,Group: C,Group: B vs Group: C,4,4,Blank_Blank_Blank
"[TG(61:11),TG(60:4)]_FA18:1",TAG,1067.0800819396973,1072.9200706481934,1086.920066833496,1067.8000755310059,1047.0200653076172,1078.2600784301758,1306.540096282959,1049.6200675964355,1053.960060119629,Group: B,Group: C,Group: B vs Group: C,4,4,Blank_Blank_Blank
"[TG(61:11),TG(60:4)]_FA18:2",TAG,1128.3000793457031,1183.700080871582,1567.7001190185547,1174.0600776672363,1187.2800788879395,1563.260108947754,1293.3200798034668,1157.9600715637207,1159.1400756835938,Group: B,Group: C,Group: B vs Group: C,4,4,Blank_Blank_Blank
"[TG(61:11),TG(60:4)]_FA18:3",TAG,1209.180088043213,1270.6400833129883,1209.6600952148438,1215.2000923156738,1211.1200828552246,1292.4800872802734,1214.9400787353516,1214.04008102417,1214.6200828552246,Group: B,Group: C,Group: B vs Group: C,4,4,Blank_Blank_Blank
"[TG(61:11),TG(60:4)]_FA20:4",TAG,1291.6800956726074,1294.3600845336914,1294.2400932312012,1311.7200927734375,1294.5000839233398,1295.080078125,1299.1200904846191,1290.3600959777832,1289.1001014709473,Group: B,Group: C,Group: B vs Group: C,4,4,Blank_Blank_Blank
"[TG(61:11),TG(60:4)]_FA22:5",TAG,1410.7000885009766,1377.7200927734375,1377.700096130371,1413.6400985717773,1374.200107574463,1375.8000984191895,1432.8200912475586,1378.6200866699219,1397.7800941467285,Group: B,Group: C,Group: B vs Group: C,4,4,Blank_Blank_Blank
"[TG(61:11),TG(60:4)]_FA22:6",TAG,1498.9401092529297,1541.0801277160645,1502.5000953674316,1508.2800979614258,1529.1201095581055,1493.6401023864746,1500.3400917053223,1518.8201179504395,1498.3001136779785,Group: B,Group: C,Group: B vs Group: C,4,4,Blank_Blank_Blank
"[TG(61:12),TG(60:5)]_FA14:0",TAG,1012.7800788879395,1012.6800765991211,1011.440071105957,1011.7200698852539,1033.0400695800781,1012.9200744628906,1013.3200569152832,1015.9800643920898,1013.6400756835938,Group: B,Group: C,Group: B vs Group: C,4,4,Blank_Blank_Blank
"[TG(61:12),TG(60:5)]_FA16:0",TAG,1008.140079498291,1006.3400688171387,1028.820068359375,1006.4800643920898,1052.4000816345215,1003.0200691223145,1010.8000793457031,1044.460075378418,1011.320068359375,Group: B,Group: C,Group: B vs Group: C,4,4,Blank_Blank_Blank
"[TG(61:12),TG(60:5)]_FA16:1",TAG,1050.9200744628906,1056.2400741577148,1083.680076599121,1049.580078125,1050.9800834655762,1051.6400756835938,1052.3800773620605,1050.1800804138184,1048.000072479248,Group: B,Group: C,Group: B vs Group: C,4,4,Blank_Blank_Blank
"[TG(61:12),TG(60:5)]_FA18:0",TAG,1012.4200744628906,1011.5400695800781,1103.4400749206543,1009.5400733947754,1011.3000755310059,1012.4600677490234,1011.6200675964355,1015.7800712585449,1011.7200736999512,Group: B,Group: C,Group: B vs Group: C,4,4,Blank_Blank_Blank
"[TG(61:12),TG(60:5)]_FA18:1",TAG,1064.940071105957,1071.2600784301758,1052.3400802612305,1054.920066833496,1047.5000648498535,1114.880069732666,1103.6000747680664,1049.820083618164,1053.7000846862793,Group: B,Group: C,Group: B vs Group: C,4,4,Blank_Blank_Blank
"[TG(61:12),TG(60:5)]_FA18:2",TAG,1153.2800788879395,1286.1000862121582,1366.0000839233398,1128.4600791931152,1355.9600982666016,1469.6200942993164,1274.2800903320312,1264.8800811767578,1203.7200775146484,Group: B,Group: C,Group: B vs Group: C,4,4,Blank_Blank_Blank
"[TG(61:12),TG(60:5)]_FA18:3",TAG,1210.4600830078125,1382.1000938415527,1260.0000915527344,1254.3800926208496,1232.9000854492188,1241.8200912475586,1259.6400833129883,1214.4600868225098,1214.180076599121,Group: B,Group: C,Group: B vs Group: C,4,4,Blank_Blank_Blank
"[TG(61:12),TG(60:5)]_FA20:4",TAG,1357.7800941467285,1410.4000854492188,1321.5200843811035,1288.6400909423828,1393.8200950622559,1354.9600944519043,1342.8200950622559,1350.2001037597656,1311.2400970458984,Group: B,Group: C,Group: B vs Group: C,4,4,Blank_Blank_Blank
"[TG(61:12),TG(60:5)]_FA22:5",TAG,1376.500087738037,1377.0600929260254,1386.6200904846191,1436.6201095581055,1431.2401008605957,1397.8400840759277,1388.6200828552246,1400.100082397461,1405.740104675293,Group: B,Group: C,Group: B vs Group: C,4,4,Blank_Blank_Blank
"[TG(61:12),TG(60:5)]_FA22:6",TAG,1522.020107269287,1584.740119934082,1572.9401054382324,1579.0601081848145,1576.6601066589355,1506.8401069641113,1534.6201095581055,1499.460105895996,1540.7401123046875,Group: B,Group: C,Group: B vs Group: C,4,4,Blank_Blank_Blank
"[TG(61:13),TG(60:6)]_FA14:0",TAG,1014.4000701904297,1012.9800682067871,1013.0600738525391,1012.4000701904297,1051.7000732421875,1013.0800704956055,1057.9000701904297,1023.7000694274902,1021.4000701904297,Group: B,Group: C,Group: B vs Group: C,4,4,Blank_Blank_Blank
"[TG(61:13),TG(60:6)]_FA16:0",TAG,1048.9200859069824,1035.8800735473633,1039.6600646972656,1007.1600723266602,1071.340072631836,1048.9400749206543,1003.0400733947754,1003.4400520324707,1011.5600662231445,Group: B,Group: C,Group: B vs Group: C,4,4,Blank_Blank_Blank
"[TG(61:13),TG(60:6)]_FA16:1",TAG,1074.3400764465332,1056.3600730895996,1053.0000686645508,1085.4200859069824,1051.3200759887695,1051.6000862121582,1052.960075378418,1050.4600791931152,1048.5200729370117,Group: B,Group: C,Group: B vs Group: C,4,4,Blank_Blank_Blank
"[TG(61:13),TG(60:6)]_FA18:0",TAG,1012.0200653076172,1078.580078125,1024.9200706481934,1027.2400703430176,1062.8800811767578,1055.0000610351562,1103.4800720214844,1015.9800758361816,1012.6000785827637,Group: B,Group: C,Group: B vs Group: C,4,4,Blank_Blank_Blank
"[TG(61:13),TG(60:6)]_FA18:1",TAG,1116.760082244873,1167.680088043213,1266.8400917053223,1150.0000801086426,1098.620059967041,1092.0400695800781,1285.4600982666016,1107.7800788879395,1059.9600639343262,Group: B,Group: C,Group: B vs Group: C,4,4,Blank_Blank_Blank
"[TG(61:13),TG(60:6)]_FA18:2",TAG,1152.6000785827637,1128.1200790405273,1140.1400756835938,1137.260082244873,1275.0400848388672,1294.8600883483887,1162.660083770752,1179.8600730895996,1129.940086364746,Group: B,Group: C,Group: B vs Group: C,4,4,Blank_Blank_Blank
"[TG(61:13),TG(60:6)]_FA18:3",TAG,1209.5200881958008,1248.4600868225098,1233.6800804138184,1280.1000862121582,1273.8600883483887,1223.2200813293457,1275.280086517334,1284.7200927734375,1221.6800842285156,Group: B,Group: C,Group: B vs Group: C,4,4,Blank_Blank_Blank
"[TG(61:13),TG(60:6)]_FA20:4",TAG,1314.220085144043,1414.8800926208496,1400.6400985717773,1311.220100402832,1447.5800971984863,1414.3800964355469,1524.4601020812988,1369.1601066589355,1321.3800926208496,Group: B,Group: C,Group: B vs Group: C,4,4,Blank_Blank_Blank
"[TG(61:13),TG(60:6)]_FA22:5",TAG,1533.1401062011719,1462.4200897216797,1397.2400932312012,1418.7000846862793,1374.920093536377,1455.7200965881348,1513.860107421875,1412.6800918579102,1403.4000968933105,Group: B,Group: C,Group: B vs Group: C,4,4,Blank_Blank_Blank
"[TG(61:13),TG(60:6)]_FA22:6",TAG,1569.7401008605957,1501.5001029968262,1560.3600997924805,1559.3400955200195,1529.4801063537598,1493.2600936889648,1521.5401153564453,1531.6400985717773,1501.3800964355469,Group: B,Group: C,Group: B vs Group: C,4,4,Blank_Blank_Blank
"[TG(61:14),TG(60:7),TG(59:0)]_FA14:0",TAG,1027.8400802612305,1011.7800788879395,1029.000072479248,1046.240077972412,1012.4800720214844,1012.9200668334961,1014.7200698852539,1015.5400657653809,1012.5400733947754,Group: B,Group: C,Group: B vs Group: C,4,4,Blank_Blank_Blank
"[TG(61:14),TG(60:7),TG(59:0)]_FA16:0",TAG,1052.0800704956055,1007.2800750732422,1081.280071258545,1007.6200714111328,1112.1400756835938,1028.1200714111328,1019.520076751709,1010.4200630187988,1012.1600685119629,Group: B,Group: C,Group: B vs Group: C,4,4,Blank_Blank_Blank
"[TG(61:14),TG(60:7),TG(59:0)]_FA16:1",TAG,1050.4600715637207,1089.7400817871094,1053.1800804138184,1050.0400695800781,1051.1600761413574,1083.8600692749023,1052.2200736999512,1050.500072479248,1047.5600776672363,Group: B,Group: C,Group: B vs Group: C,4,4,Blank_Blank_Blank
"[TG(61:14),TG(60:7),TG(59:0)]_FA18:0",TAG,1065.920078277588,1093.100082397461,1087.8400764465332,1017.4400749206543,1058.6200790405273,1045.2800674438477,1250.0401000976562,1031.3600692749023,1036.6000633239746,Group: B,Group: C,Group: B vs Group: C,4,4,Blank_Blank_Blank
"[TG(61:14),TG(60:7),TG(59:0)]_FA18:1",TAG,1176.2800788879395,1061.4400787353516,1078.1200790405273,1168.6400871276855,1153.9000854492188,1327.1401023864746,1850.000114440918,1255.5400848388672,1067.1000747680664,Group: B,Group: C,Group: B vs Group: C,4,4,Blank_Blank_Blank
"[TG(61:14),TG(60:7),TG(59:0)]_FA18:2",TAG,1159.5400772094727,1176.960075378418,1316.040096282959,1298.1401023864746,1398.2600860595703,1285.900089263916,1235.260097503662,1126.480079650879,1129.1200828552246,Group: B,Group: C,Group: B vs Group: C,4,4,Blank_Blank_Blank
"[TG(61:14),TG(60:7),TG(59:0)]_FA18:3",TAG,1267.4400901794434,1209.980068206787,1210.3400802612305,1233.7200927734375,1221.940086364746,1208.2200927734375,1220.840087890625,1214.0200805664062,1247.7800903320312,Group: B,Group: C,Group: B vs Group: C,4,4,Blank_Blank_Blank
"[TG(61:14),TG(60:7),TG(59:0)]_FA20:4",TAG,1364.7400970458984,1571.9201164245605,1292.9600944519043,1390.8001098632812,1356.9400939941406,1361.8400993347168,1538.5001106262207,1365.3000984191895,1288.240104675293,Group: B,Group: C,Group: B vs Group: C,4,4,Blank_Blank_Blank
"[TG(61:14),TG(60:7),TG(59:0)]_FA22:5",TAG,1725.4201164245605,1825.8601303100586,1584.9201164245605,1598.2601165771484,1442.7200965881348,1574.1001052856445,1632.9601135253906,1545.780101776123,1376.5200958251953,Group: B,Group: C,Group: B vs Group: C,4,4,Blank_Blank_Blank
"[TG(61:14),TG(60:7),TG(59:0)]_FA22:6",TAG,1625.6601181030273,1918.9401206970215,1697.860122680664,1560.420108795166,1581.040096282959,1744.1801223754883,1913.640121459961,1512.300106048584,1497.7201118469238,Group: B,Group: C,Group: B vs Group: C,4,4,Blank_Blank_Blank
"[TG(62:10),TG(61:3)]_FA14:0",TAG,1057.8800773620605,1012.4400749206543,1010.9800796508789,1011.9000701904297,1012.6000862121582,1012.3600807189941,1013.6800727844238,1015.6200714111328,1013.0800819396973,Group: B,Group: C,Group: B vs Group: C,4,4,Blank_Blank_Blank
"[TG(62:10),TG(61:3)]_FA16:0",TAG,1007.8200721740723,1006.6800727844238,1003.7800559997559,1006.2600708007812,1000.9400672912598,1002.7600708007812,1026.680076599121,1003.5400695800781,1011.4800796508789,Group: B,Group: C,Group: B vs Group: C,4,4,Blank_Blank_Blank
"[TG(62:10),TG(61:3)]_FA16:1",TAG,1051.0000762939453,1056.2000770568848,1052.5600814819336,1049.2600631713867,1050.4200744628906,1139.4800758361816,1052.9400749206543,1050.3800659179688,1066.0000762939453,Group: B,Group: C,Group: B vs Group: C,4,4,Blank_Blank_Blank
"[TG(62:10),TG(61:3)]_FA18:0",TAG,1041.7800788879395,1011.0600738525391,1019.7000770568848,1009.1800765991211,1010.6200714111328,1011.460075378418,1037.5400733947754,1035.260066986084,1011.9200706481934,Group: B,Group: C,Group: B vs Group: C,4,4,Blank_Blank_Blank
"[TG(62:10),TG(61:3)]_FA18:1",TAG,1093.9000854492188,1061.7400741577148,1053.6800689697266,1054.2200736999512,1075.3600692749023,1047.2800750732422,1084.6600799560547,1048.8000755310059,1084.8200721740723,Group: B,Group: C,Group: B vs Group: C,4,4,Blank_Blank_Blank
"[TG(62:10),TG(61:3)]_FA18:2",TAG,1128.9600639343262,1200.760082244873,1166.3200874328613,1124.7200775146484,1143.4200897216797,1214.0800704956055,1160.8800773620605,1174.4200820922852,1130.060073852539,Group: B,Group: C,Group: B vs Group: C,4,4,Blank_Blank_Blank
"[TG(62:10),TG(61:3)]_FA18:3",TAG,1220.3800888061523,1262.7200927734375,1209.5400733947754,1208.240089416504,1251.3200874328613,1208.340087890625,1214.600082397461,1227.62007522583,1215.2800788879395,Group: B,Group: C,Group: B vs Group: C,4,4,Blank_Blank_Blank
"[TG(62:10),TG(61:3)]_FA20:4",TAG,1304.9600944519043,1358.1000900268555,1292.080093383789,1334.6200981140137,1346.3000869750977,1346.4600868225098,1295.300090789795,1307.54008102417,1315.0200996398926,Group: B,Group: C,Group: B vs Group: C,4,4,Blank_Blank_Blank
"[TG(62:10),TG(61:3)]_FA22:5",TAG,1424.7000999450684,1552.2400970458984,1383.400089263916,1399.960090637207,1394.800106048584,1387.4400939941406,1376.4600982666016,1456.9001007080078,1429.6601028442383,Group: B,Group: C,Group: B vs Group: C,4,4,Blank_Blank_Blank
"[TG(62:10),TG(61:3)]_FA22:6",TAG,1571.880111694336,1767.9601364135742,1634.9201164245605,1598.1801261901855,1540.2601013183594,1562.100112915039,1578.0401039123535,1555.5601119995117,1539.5201110839844,Group: B,Group: C,Group: B vs Group: C,4,4,Blank_Blank_Blank
"[TG(62:11),TG(61:4)]_FA14:0",TAG,1025.9400634765625,1012.9600601196289,1013.0200691223145,1012.7000617980957,1012.5400772094727,1012.5000686645508,1019.5000686645508,1015.3600769042969,1013.8600616455078,Group: B,Group: C,Group: B vs Group: C,4,4,Blank_Blank_Blank
"[TG(62:11),TG(61:4)]_FA16:0",TAG,1008.0400695800781,1007.260066986084,1003.9200668334961,1005.7600708007812,1003.1400680541992,1001.9600715637207,1217.200096130371,1002.9000778198242,1011.2200698852539,Group: B,Group: C,Group: B vs Group: C,4,4,Blank_Blank_Blank
"[TG(62:11),TG(61:4)]_FA16:1",TAG,1050.3800659179688,1056.0600700378418,1053.0600700378418,1049.900074005127,1073.8600807189941,1052.1400718688965,1052.6000709533691,1051.7600784301758,1106.2000770568848,Group: B,Group: C,Group: B vs Group: C,4,4,Blank_Blank_Blank
"[TG(62:11),TG(61:4)]_FA18:0",TAG,1011.2200660705566,1011.1200675964355,1027.0600700378418,1009.7800636291504,1010.440071105957,1011.7800674438477,1013.1000747680664,1014.8000679016113,1011.7400703430176,Group: B,Group: C,Group: B vs Group: C,4,4,Blank_Blank_Blank
"[TG(62:11),TG(61:4)]_FA18:1",TAG,1065.440071105957,1129.6400833129883,1075.7000846862793,1054.5200691223145,1046.8200721740723,1047.7400665283203,1064.1000747680664,1049.12007522583,1054.4800834655762,Group: B,Group: C,Group: B vs Group: C,4,4,Blank_Blank_Blank
"[TG(62:11),TG(61:4)]_FA18:2",TAG,1157.400074005127,1158.1000785827637,1215.460090637207,1127.7200775146484,1144.6000709533691,1254.8200874328613,1189.8800888061523,1140.1800689697266,1128.840072631836,Group: B,Group: C,Group: B vs Group: C,4,4,Blank_Blank_Blank
"[TG(62:11),TG(61:4)]_FA18:3",TAG,1208.720085144043,1266.680088043213,1209.3000831604004,1207.420078277588,1223.7800903320312,1252.0000953674316,1214.960075378418,1213.2600784301758,1214.0800819396973,Group: B,Group: C,Group: B vs Group: C,4,4,Blank_Blank_Blank
"[TG(62:11),TG(61:4)]_FA20:4",TAG,1291.6400833129883,1377.660083770752,1340.2000999450684,1371.9401054382324,1294.7800788879395,1354.2200927734375,1305.7800979614258,1321.240089416504,1301.800090789795,Group: B,Group: C,Group: B vs Group: C,4,4,Blank_Blank_Blank
"[TG(62:11),TG(61:4)]_FA22:5",TAG,1514.980125427246,1468.06010055542,1377.5000953674316,1528.4401016235352,1410.6000900268555,1426.0201034545898,1487.10009765625,1452.7000923156738,1375.7000923156738,Group: B,Group: C,Group: B vs Group: C,4,4,Blank_Blank_Blank
"[TG(62:11),TG(61:4)]_FA22:6",TAG,1590.6801147460938,1611.520118713379,1711.6601066589355,1714.0601234436035,1724.1801109313965,1583.4601135253906,1898.580135345459,1589.4001083374023,1540.1401062011719,Group: B,Group: C,Group: B vs Group: C,4,4,Blank_Blank_Blank
"[TG(62:12),TG(61:5)]_FA14:0",TAG,1013.6200752258301,1025.4400634765625,1012.6200714111328,1017.1400680541992,1013.1000747680664,1012.960075378418,1013.8400688171387,1015.7800788879395,1024.6000709533691,Group: B,Group: C,Group: B vs Group: C,4,4,Blank_Blank_Blank
"[TG(62:12),TG(61:5)]_FA16:0",TAG,1007.6400566101074,1005.9800643920898,1016.6200637817383,1014.620059967041,1000.400074005127,1003.1600570678711,1029.2800674438477,1003.5000610351562,1011.7200775146484,Group: B,Group: C,Group: B vs Group: C,4,4,Blank_Blank_Blank
"[TG(62:12),TG(61:5)]_FA16:1",TAG,1050.660068511963,1065.520076751709,1065.1600723266602,1081.9200820922852,1051.1800804138184,1052.520076751709,1071.7200775146484,1086.5000762939453,1071.6000785827637,Group: B,Group: C,Group: B vs Group: C,4,4,Blank_Blank_Blank
"[TG(62:12),TG(61:5)]_FA18:0",TAG,1035.6800651550293,1011.2600631713867,1034.0600776672363,1009.7200775146484,1010.2200775146484,1033.5200691223145,1036.1600761413574,1015.5400772094727,1028.6400833129883,Group: B,Group: C,Group: B vs Group: C,4,4,Blank_Blank_Blank
"[TG(62:12),TG(61:5)]_FA18:1",TAG,1055.3800735473633,1122.1800842285156,1118.0600776672363,1054.3000869750977,1046.520076751709,1047.2600708007812,1111.4800834655762,1049.720069885254,1095.7400932312012,Group: B,Group: C,Group: B vs Group: C,4,4,Blank_Blank_Blank
"[TG(62:12),TG(61:5)]_FA18:2",TAG,1128.5600776672363,1128.8600807189941,1238.880084991455,1136.520076751709,1276.0201034545898,1166.6200790405273,1179.5800895690918,1133.2200813293457,1128.4000778198242,Group: B,Group: C,Group: B vs Group: C,4,4,Blank_Blank_Blank
"[TG(62:12),TG(61:5)]_FA18:3",TAG,1275.2200736999512,1250.080078125,1208.9600791931152,1228.1800842285156,1247.880084991455,1208.940071105957,1213.9400825500488,1272.500087738037,1214.3400802612305,Group: B,Group: C,Group: B vs Group: C,4,4,Blank_Blank_Blank
"[TG(62:12),TG(61:5)]_FA20:4",TAG,1305.5600967407227,1294.14009475708,1293.1200828552246,1517.7801055908203,1370.0801086425781,1312.8800964355469,1353.7800827026367,1345.340103149414,1287.840103149414,Group: B,Group: C,Group: B vs Group: C,4,4,Blank_Blank_Blank
"[TG(62:12),TG(61:5)]_FA22:5",TAG,1458.5200996398926,1455.1001052856445,1376.6200981140137,1565.5001258850098,1394.0600967407227,1410.100082397461,1588.3401145935059,1522.0000953674316,1450.0401077270508,Group: B,Group: C,Group: B vs Group: C,4,4,Blank_Blank_Blank
"[TG(62:12),TG(61:5)]_FA22:6",TAG,1608.3201179504395,1725.8201217651367,2076.060161590576,2176.140151977539,1544.1801071166992,1706.7801361083984,1717.8601379394531,1592.5001068115234,1546.560115814209,Group: B,Group: C,Group: B vs Group: C,4,4,Blank_Blank_Blank
"[TG(62:13),TG(61:6)]_FA14:0",TAG,1045.1000671386719,1029.9800834655762,1012.5200691223145,1012.2800636291504,1041.3000831604004,1012.2200584411621,1013.2200622558594,1016.1200675964355,1013.1000747680664,Group: B,Group: C,Group: B vs Group: C,4,4,Blank_Blank_Blank
"[TG(62:13),TG(61:6)]_FA16:0",TAG,1007.9400749206543,1031.060073852539,1016.5600700378418,1055.6600761413574,1000.5000686645508,1002.3000640869141,1012.0800743103027,1002.9800643920898,1010.9400634765625,Group: B,Group: C,Group: B vs Group: C,4,4,Blank_Blank_Blank
"[TG(62:13),TG(61:6)]_FA16:1",TAG,1050.6400680541992,1055.880069732666,1051.5000648498535,1049.5200805664062,1051.3400688171387,1050.6200675964355,1066.280086517334,1049.1000747680664,1047.3000793457031,Group: B,Group: C,Group: B vs Group: C,4,4,Blank_Blank_Blank
"[TG(62:13),TG(61:6)]_FA18:0",TAG,1011.7200775146484,1011.0800704956055,1011.5400733947754,1078.980079650879,1010.0400695800781,1012.0800628662109,1012.1600685119629,1015.440071105957,1011.940071105957,Group: B,Group: C,Group: B vs Group: C,4,4,Blank_Blank_Blank
"[TG(62:13),TG(61:6)]_FA18:1",TAG,1056.1200637817383,1063.4800720214844,1052.0200653076172,1054.0800704956055,1088.9200820922852,1047.0400772094727,1182.8801002502441,1049.4200706481934,1053.3400650024414,Group: B,Group: C,Group: B vs Group: C,4,4,Blank_Blank_Blank
"[TG(62:13),TG(61:6)]_FA18:2",TAG,1127.8000793457031,1129.0000801086426,1238.2600860595703,1164.5800743103027,1169.020076751709,1129.3000793457031,1127.3800811767578,1195.8000869750977,1128.7600746154785,Group: B,Group: C,Group: B vs Group: C,4,4,Blank_Blank_Blank
"[TG(62:13),TG(61:6)]_FA18:3",TAG,1209.0400848388672,1209.3000869750977,1215.5600852966309,1209.2200736999512,1212.0600852966309,1209.4800872802734,1214.2400856018066,1219.400089263916,1214.500087738037,Group: B,Group: C,Group: B vs Group: C,4,4,Blank_Blank_Blank
"[TG(62:13),TG(61:6)]_FA20:4",TAG,1356.7400932312012,1340.0000801086426,1295.840087890625,1298.7200889587402,1294.1000938415527,1325.4800910949707,1375.10009765625,1328.7200889587402,1288.6000862121582,Group: B,Group: C,Group: B vs Group: C,4,4,Blank_Blank_Blank
"[TG(62:13),TG(61:6)]_FA22:5",TAG,1378.6600914001465,1513.4801063537598,1448.420093536377,1551.3400993347168,1532.8600997924805,1414.8200988769531,1437.300106048584,1430.56010055542,1402.7201080322266,Group: B,Group: C,Group: B vs Group: C,4,4,Blank_Blank_Blank
"[TG(62:13),TG(61:6)]_FA22:6",TAG,1682.6401329040527,1608.9401359558105,2089.0401573181152,2040.540153503418,1612.3801002502441,1637.380111694336,2101.1001472473145,1661.9201316833496,1548.9201164245605,Group: B,Group: C,Group: B vs Group: C,4,4,Blank_Blank_Blank
"[TG(62:14),TG(61:7),TG(60:0)]_FA14:0",TAG,1014.2200736999512,1015.8000717163086,1012.5400733947754,1012.2200660705566,1057.460075378418,1061.3800811767578,1029.2600708007812,1015.6800727844238,1057.960075378418,Group: B,Group: C,Group: B vs Group: C,4,4,Blank_Blank_Blank
"[TG(62:14),TG(61:7),TG(60:0)]_FA16:0",TAG,1007.1200675964355,1006.6800651550293,1024.340072631836,1005.5800666809082,1153.880084991455,1002.5400695800781,1002.5800704956055,1003.6800765991211,1011.2800750732422,Group: B,Group: C,Group: B vs Group: C,4,4,Blank_Blank_Blank
"[TG(62:14),TG(61:7),TG(60:0)]_FA16:1",TAG,1051.000072479248,1056.5800704956055,1052.7200813293457,1050.5800743103027,1050.560073852539,1051.2000694274902,1052.6400718688965,1050.1000709533691,1048.1600608825684,Group: B,Group: C,Group: B vs Group: C,4,4,Blank_Blank_Blank
"[TG(62:14),TG(61:7),TG(60:0)]_FA18:0",TAG,1011.4200744628906,1010.9200630187988,1075.1800689697266,1011.700065612793,1010.6800689697266,1079.520076751709,1011.940071105957,1015.8000831604004,1011.5000762939453,Group: B,Group: C,Group: B vs Group: C,4,4,Blank_Blank_Blank
"[TG(62:14),TG(61:7),TG(60:0)]_FA18:1",TAG,1067.5200729370117,1069.9200744628906,1053.260082244873,1092.1000747680664,1066.6000709533691,1047.8800735473633,1049.2600708007812,1090.2800788879395,1088.8600692749023,Group: B,Group: C,Group: B vs Group: C,4,4,Blank_Blank_Blank
"[TG(62:14),TG(61:7),TG(60:0)]_FA18:2",TAG,1129.240077972412,1146.5400733947754,1129.840072631836,1125.6600761413574,1140.0600891113281,1129.2400856018066,1157.2600860595703,1127.1000900268555,1129.520076751709,Group: B,Group: C,Group: B vs Group: C,4,4,Blank_Blank_Blank
"[TG(62:14),TG(61:7),TG(60:0)]_FA18:3",TAG,1234.180088043213,1209.8000831604004,1209.8600692749023,1207.9000778198242,1210.7800750732422,1209.9600830078125,1214.4400901794434,1213.0000839233398,1214.7000770568848,Group: B,Group: C,Group: B vs Group: C,4,4,Blank_Blank_Blank
"[TG(62:14),TG(61:7),TG(60:0)]_FA20:4",TAG,1291.2800827026367,1295.2600860595703,1294.1400985717773,1340.8400917053223,1294.5000801086426,1295.1600875854492,1365.06010055542,1291.360092163086,1288.8800888061523,Group: B,Group: C,Group: B vs Group: C,4,4,Blank_Blank_Blank
"[TG(62:14),TG(61:7),TG(60:0)]_FA22:5",TAG,1378.520092010498,1377.2000885009766,1376.9001007080078,1388.6600952148438,1391.7400856018066,1375.4200897216797,1386.500099182129,1424.3801078796387,1412.0201034545898,Group: B,Group: C,Group: B vs Group: C,4,4,Blank_Blank_Blank
"[TG(62:14),TG(61:7),TG(60:0)]_FA22:6",TAG,1583.6201057434082,1930.2401275634766,1778.1001243591309,1991.4801330566406,1721.980125427246,1681.9401321411133,1801.880142211914,1580.6601066589355,1497.5001106262207,Group: B,Group: C,Group: B vs Group: C,4,4,Blank_Blank_Blank
"[TG(62:15),TG(61:8),TG(60:1)]_FA14:0",TAG,1013.6800727844238,1038.2400703430176,1012.5600700378418,1012.1600685119629,1013.0200805664062,1012.6000633239746,1013.7200698852539,1015.7400665283203,1013.5800590515137,Group: B,Group: C,Group: B vs Group: C,4,4,Blank_Blank_Blank
"[TG(62:15),TG(61:8),TG(60:1)]_FA16:0",TAG,1008.1600685119629,1005.7200698852539,1083.5600662231445,1005.4000625610352,1001.0800628662109,1002.8400611877441,1064.9200744628906,1003.3000564575195,1011.7400665283203,Group: B,Group: C,Group: B vs Group: C,4,4,Blank_Blank_Blank
"[TG(62:15),TG(61:8),TG(60:1)]_FA16:1",TAG,1050.0600776672363,1085.7800788879395,1064.3600845336914,1051.440071105957,1079.3800811767578,1052.0400772094727,1052.220085144043,1049.7200660705566,1047.4400749206543,Group: B,Group: C,Group: B vs Group: C,4,4,Blank_Blank_Blank
"[TG(62:15),TG(61:8),TG(60:1)]_FA18:0",TAG,1011.6200752258301,1011.5400733947754,1012.5200691223145,1019.1000709533691,1011.2600746154785,1012.8200645446777,1031.9800758361816,1018.7600708007812,1045.7400817871094,Group: B,Group: C,Group: B vs Group: C,4,4,Blank_Blank_Blank
"[TG(62:15),TG(61:8),TG(60:1)]_FA18:1",TAG,1054.8600883483887,1055.1400680541992,1094.0600776672363,1054.6400718688965,1087.600082397461,1078.2200813293457,1077.3400688171387,1061.7600708007812,1137.1000747680664,Group: B,Group: C,Group: B vs Group: C,4,4,Blank_Blank_Blank
"[TG(62:15),TG(61:8),TG(60:1)]_FA18:2",TAG,1128.1800727844238,1129.720069885254,1142.8800773620605,1125.9000778198242,1145.200080871582,1181.8600769042969,1126.9200744628906,1126.9000816345215,1128.8800773620605,Group: B,Group: C,Group: B vs Group: C,4,4,Blank_Blank_Blank
"[TG(62:15),TG(61:8),TG(60:1)]_FA18:3",TAG,1208.5000839233398,1210.0400848388672,1209.640079498291,1208.3800888061523,1211.6600761413574,1275.440097808838,1223.4000816345215,1214.2400817871094,1213.9400749206543,Group: B,Group: C,Group: B vs Group: C,4,4,Blank_Blank_Blank
"[TG(62:15),TG(61:8),TG(60:1)]_FA20:4",TAG,1329.1200828552246,1323.1800918579102,1345.800090789795,1289.9200897216797,1325.9400901794434,1295.3400802612305,1326.3001022338867,1290.8200912475586,1288.440097808838,Group: B,Group: C,Group: B vs Group: C,4,4,Blank_Blank_Blank
"[TG(62:15),TG(61:8),TG(60:1)]_FA22:5",TAG,1399.0600929260254,1405.7400970458984,1377.5601043701172,1518.5801010131836,1374.2001037597656,1506.8801078796387,1376.6401023864746,1378.8600997924805,1376.3400955200195,Group: B,Group: C,Group: B vs Group: C,4,4,Blank_Blank_Blank
"[TG(62:15),TG(61:8),TG(60:1)]_FA22:6",TAG,1498.1001052856445,1630.3801155090332,1549.9201126098633,1520.7001037597656,1510.8201141357422,1525.4201049804688,1542.4200973510742,1501.2401008605957,1497.500114440918,Group: B,Group: C,Group: B vs Group: C,4,4,Blank_Blank_Blank
"[TG(62:16),TG(61:9),TG(60:2)]_FA14:0",TAG,1062.940071105957,1011.700065612793,1013.2200736999512,1011.9000701904297,1042.980068206787,1012.8600654602051,1013.4600715637207,1016.5600700378418,1012.760066986084,Group: B,Group: C,Group: B vs Group: C,4,4,Blank_Blank_Blank
"[TG(62:16),TG(61:9),TG(60:2)]_FA16:0",TAG,1008.3400688171387,1006.4600715637207,1062.3400611877441,1005.740062713623,1001.6600646972656,1002.520076751709,1044.62007522583,1003.0000762939453,1010.6600799560547,Group: B,Group: C,Group: B vs Group: C,4,4,Blank_Blank_Blank
"[TG(62:16),TG(61:9),TG(60:2)]_FA16:1",TAG,1055.3800773620605,1055.9200706481934,1052.060073852539,1051.480079650879,1058.1400756835938,1052.6800804138184,1052.0800819396973,1051.1600723266602,1096.2800827026367,Group: B,Group: C,Group: B vs Group: C,4,4,Blank_Blank_Blank
"[TG(62:16),TG(61:9),TG(60:2)]_FA18:0",TAG,1011.7400779724121,1011.1000747680664,1011.5400772094727,1033.8600807189941,1010.8400726318359,1011.1200752258301,1012.7800750732422,1015.9200706481934,1011.3600730895996,Group: B,Group: C,Group: B vs Group: C,4,4,Blank_Blank_Blank
"[TG(62:16),TG(61:9),TG(60:2)]_FA18:1",TAG,1219.4000778198242,1115.4200820922852,1113.760082244873,1054.240077972412,1088.6200637817383,1066.3200759887695,1217.7601013183594,1128.0600814819336,1110.0800743103027,Group: B,Group: C,Group: B vs Group: C,4,4,Blank_Blank_Blank
"[TG(62:16),TG(61:9),TG(60:2)]_FA18:2",TAG,1128.8200798034668,1144.720069885254,1140.4000778198242,1126.8800811767578,1126.6200828552246,1145.2600746154785,1139.1600761413574,1127.140079498291,1169.3200874328613,Group: B,Group: C,Group: B vs Group: C,4,4,Blank_Blank_Blank
"[TG(62:16),TG(61:9),TG(60:2)]_FA18:3",TAG,1208.8600959777832,1209.980094909668,1258.54008102417,1232.1200790405273,1211.7200813293457,1219.4200897216797,1214.1600799560547,1214.1800804138184,1228.1600761413574,Group: B,Group: C,Group: B vs Group: C,4,4,Blank_Blank_Blank
"[TG(62:16),TG(61:9),TG(60:2)]_FA20:4",TAG,1290.6800918579102,1324.6800956726074,1353.8600807189941,1318.3600883483887,1295.1400833129883,1309.1800804138184,1290.7600784301758,1291.2000923156738,1290.9000854492188,Group: B,Group: C,Group: B vs Group: C,4,4,Blank_Blank_Blank
"[TG(62:16),TG(61:9),TG(60:2)]_FA22:5",TAG,1377.6200866699219,1433.8200950622559,1377.64009475708,1373.6601028442383,1374.7400970458984,1411.0201110839844,1377.3600959777832,1379.9600944519043,1376.0000839233398,Group: B,Group: C,Group: B vs Group: C,4,4,Blank_Blank_Blank
"[TG(62:16),TG(61:9),TG(60:2)]_FA22:6",TAG,1520.6401023864746,1519.9201164245605,1515.10009765625,1513.7601013183594,1499.2401008605957,1536.1800994873047,1527.3801040649414,1499.0601119995117,1498.6201210021973,Group: B,Group: C,Group: B vs Group: C,4,4,Blank_Blank_Blank
"[TG(62:7),TG(61:0)]_FA14:0",TAG,1013.4600715637207,1012.9200630187988,1013.000072479248,1012.3800659179688,1060.720069885254,1013.200065612793,1013.0600700378418,1015.8200721740723,1013.0600852966309,Group: B,Group: C,Group: B vs Group: C,4,4,Blank_Blank_Blank
"[TG(62:7),TG(61:0)]_FA16:0",TAG,1007.7600708007812,1006.4600677490234,1004.7000694274902,1006.8000755310059,1090.4400749206543,1002.6800651550293,1028.8400688171387,1003.1800651550293,1011.7400779724121,Group: B,Group: C,Group: B vs Group: C,4,4,Blank_Blank_Blank
"[TG(62:7),TG(61:0)]_FA16:1",TAG,1051.0400657653809,1056.1600723266602,1051.5600662231445,1050.3200759887695,1050.5600700378418,1052.5800819396973,1052.1800842285156,1050.1200675964355,1048.240077972412,Group: B,Group: C,Group: B vs Group: C,4,4,Blank_Blank_Blank
"[TG(62:7),TG(61:0)]_FA18:0",TAG,1011.6800651550293,1016.0600662231445,1038.740077972412,1034.0400695800781,1010.9800758361816,1011.0200691223145,1035.840072631836,1015.7000770568848,1012.000072479248,Group: B,Group: C,Group: B vs Group: C,4,4,Blank_Blank_Blank
"[TG(62:7),TG(61:0)]_FA18:1",TAG,1054.8200721740723,1056.0400733947754,1052.62007522583,1066.5600814819336,1046.740077972412,1047.5400848388672,1062.6200714111328,1049.8800811767578,1075.2400741577148,Group: B,Group: C,Group: B vs Group: C,4,4,Blank_Blank_Blank
"[TG(62:7),TG(61:0)]_FA18:2",TAG,1128.9400787353516,1128.5000839233398,1131.8600807189941,1125.2200775146484,1133.2200736999512,1162.7600746154785,1126.9800643920898,1164.3200759887695,1128.8000717163086,Group: B,Group: C,Group: B vs Group: C,4,4,Blank_Blank_Blank
"[TG(62:7),TG(61:0)]_FA18:3",TAG,1209.160083770752,1209.64009475708,1233.4800834655762,1208.4800910949707,1211.180088043213,1235.260082244873,1213.8400802612305,1213.2000770568848,1215.2600784301758,Group: B,Group: C,Group: B vs Group: C,4,4,Blank_Blank_Blank
"[TG(62:7),TG(61:0)]_FA20:4",TAG,1323.180088043213,1408.9201126098633,1292.6400909423828,1353.2400970458984,1325.040096282959,1293.9600944519043,1288.5801010131836,1290.1800994873047,1351.7001037597656,Group: B,Group: C,Group: B vs Group: C,4,4,Blank_Blank_Blank
"[TG(62:7),TG(61:0)]_FA22:5",TAG,1378.1200904846191,1377.7400856018066,1387.2800903320312,1402.160099029541,1375.0400924682617,1375.4000854492188,1475.5200996398926,1379.7200965881348,1373.960105895996,Group: B,Group: C,Group: B vs Group: C,4,4,Blank_Blank_Blank
"[TG(62:7),TG(61:0)]_FA22:6",TAG,1641.08012008667,1593.5201034545898,1617.7401161193848,1578.4601211547852,1541.6801109313965,1535.9201049804688,1583.0601119995117,1558.520107269287,1539.5601119995117,Group: B,Group: C,Group: B vs Group: C,4,4,Blank_Blank_Blank
"[TG(62:8),TG(61:1)]_FA14:0",TAG,1030.7400741577148,1022.9200706481934,1013.0400810241699,1012.4200630187988,1013.3400650024414,1016.9600715637207,1014.440071105957,1041.1400756835938,1012.7400741577148,Group: B,Group: C,Group: B vs Group: C,4,4,Blank_Blank_Blank
"[TG(62:8),TG(61:1)]_FA16:0",TAG,1017.1000633239746,1006.760066986084,1069.5200843811035,1006.1800727844238,1024.4200744628906,1033.4800720214844,1007.1600608825684,1002.8400726318359,1028.7400665283203,Group: B,Group: C,Group: B vs Group: C,4,4,Blank_Blank_Blank
"[TG(62:8),TG(61:1)]_FA16:1",TAG,1077.080078125,1056.220069885254,1051.9000816345215,1049.9000701904297,1050.240077972412,1052.1200790405273,1052.3400688171387,1050.180076599121,1047.3200798034668,Group: B,Group: C,Group: B vs Group: C,4,4,Blank_Blank_Blank
"[TG(62:8),TG(61:1)]_FA18:0",TAG,1011.6000633239746,1011.1000671386719,1012.200065612793,1009.3200836181641,1011.1400756835938,1010.5400733947754,1020.1000595092773,1015.460075378418,1012.4600715637207,Group: B,Group: C,Group: B vs Group: C,4,4,Blank_Blank_Blank
"[TG(62:8),TG(61:1)]_FA18:1",TAG,1055.460075378418,1055.4200744628906,1141.180076599121,1087.840087890625,1047.1800804138184,1048.660068511963,1053.1600723266602,1049.6800689697266,1053.5600700378418,Group: B,Group: C,Group: B vs Group: C,4,4,Blank_Blank_Blank
"[TG(62:8),TG(61:1)]_FA18:2",TAG,1156.3000793457031,1128.560073852539,1155.940071105957,1133.100082397461,1128.0600662231445,1263.1200942993164,1127.6200714111328,1127.2200736999512,1168.8600616455078,Group: B,Group: C,Group: B vs Group: C,4,4,Blank_Blank_Blank
"[TG(62:8),TG(61:1)]_FA18:3",TAG,1209.7000885009766,1210.300090789795,1220.5800895690918,1207.760082244873,1211.3200950622559,1208.4000778198242,1214.900089263916,1213.4000778198242,1213.7600784301758,Group: B,Group: C,Group: B vs Group: C,4,4,Blank_Blank_Blank
"[TG(62:8),TG(61:1)]_FA20:4",TAG,1319.3200874328613,1308.600082397461,1368.4800872802734,1289.240089416504,1326.6600914001465,1312.5600852966309,1346.580093383789,1355.2200927734375,1289.420093536377,Group: B,Group: C,Group: B vs Group: C,4,4,Blank_Blank_Blank
"[TG(62:8),TG(61:1)]_FA22:5",TAG,1463.7000999450684,1482.5801010131836,1430.6200942993164,1372.2401008605957,1393.0600929260254,1376.0000953674316,1388.0400924682617,1391.9001007080078,1413.9800872802734,Group: B,Group: C,Group: B vs Group: C,4,4,Blank_Blank_Blank
"[TG(62:8),TG(61:1)]_FA22:6",TAG,1613.0401153564453,1539.1401138305664,1585.4601135253906,1594.7001190185547,1541.6001167297363,1535.7001113891602,1687.8401184082031,1557.5001106262207,1576.0801048278809,Group: B,Group: C,Group: B vs Group: C,4,4,Blank_Blank_Blank
"[TG(62:9),TG(61:2)]_FA14:0",TAG,1018.5600814819336,1013.4000778198242,1013.0600738525391,1029.9600639343262,1012.7000694274902,1012.6200714111328,1014.2000770568848,1016.2200813293457,1012.7000732421875,Group: B,Group: C,Group: B vs Group: C,4,4,Blank_Blank_Blank
"[TG(62:9),TG(61:2)]_FA16:0",TAG,1007.5400772094727,1006.820068359375,1006.6800689697266,1006.7200736999512,1001.1200714111328,1008.1200790405273,1002.8400726318359,1113.900074005127,1010.9600715637207,Group: B,Group: C,Group: B vs Group: C,4,4,Blank_Blank_Blank
"[TG(62:9),TG(61:2)]_FA16:1",TAG,1050.5800704956055,1055.12007522583,1072.5000801086426,1049.5800895690918,1050.6800727844238,1116.8000793457031,1052.5400695800781,1072.2000770568848,1048.080078125,Group: B,Group: C,Group: B vs Group: C,4,4,Blank_Blank_Blank
"[TG(62:9),TG(61:2)]_FA18:0",TAG,1011.260066986084,1011.0800704956055,1026.6600646972656,1010.2400741577148,1010.240062713623,1011.1800651550293,1040.980079650879,1038.1400718688965,1056.0800704956055,Group: B,Group: C,Group: B vs Group: C,4,4,Blank_Blank_Blank
"[TG(62:9),TG(61:2)]_FA18:1",TAG,1055.6000671386719,1067.7000770568848,1113.640079498291,1055.2600746154785,1047.0200653076172,1046.62007522583,1092.8600807189941,1049.9600791931152,1064.220069885254,Group: B,Group: C,Group: B vs Group: C,4,4,Blank_Blank_Blank
"[TG(62:9),TG(61:2)]_FA18:2",TAG,1128.7200775146484,1143.9600791931152,1188.0000801086426,1127.440071105957,1274.14009475708,1167.8800773620605,1204.9400787353516,1141.5600891113281,1159.160083770752,Group: B,Group: C,Group: B vs Group: C,4,4,Blank_Blank_Blank
"[TG(62:9),TG(61:2)]_FA18:3",TAG,1215.9800987243652,1208.9000816345215,1217.5200881958008,1209.500087738037,1297.360092163086,1208.7600784301758,1214.0200881958008,1214.8200798034668,1214.6400718688965,Group: B,Group: C,Group: B vs Group: C,4,4,Blank_Blank_Blank
"[TG(62:9),TG(61:2)]_FA20:4",TAG,1294.8400840759277,1311.980094909668,1331.1000900268555,1313.700080871582,1310.3400917053223,1307.4600830078125,1346.1800956726074,1354.0801010131836,1289.440097808838,Group: B,Group: C,Group: B vs Group: C,4,4,Blank_Blank_Blank
"[TG(62:9),TG(61:2)]_FA22:5",TAG,1417.7200965881348,1383.1400909423828,1430.4401092529297,1383.3001022338867,1387.340103149414,1374.2000923156738,1377.6400909423828,1403.4800910949707,1412.080093383789,Group: B,Group: C,Group: B vs Group: C,4,4,Blank_Blank_Blank
"[TG(62:9),TG(61:2)]_FA22:6",TAG,1566.7401237487793,1722.9401245117188,1640.1801071166992,1541.2801094055176,1556.920108795166,1540.7801094055176,1611.0401039123535,1541.1601066589355,1539.2601127624512,Group: B,Group: C,Group: B vs Group: C,4,4,Blank_Blank_Blank
"[TG(63:11),TG(62:4)]_FA14:0",TAG,1013.4800682067871,1013.1000747680664,1012.880069732666,1051.8600807189941,1012.9800720214844,1012.1800727844238,1035.1600761413574,1016.1800765991211,1013.7400779724121,Group: B,Group: C,Group: B vs Group: C,4,4,Blank_Blank_Blank
"[TG(63:11),TG(62:4)]_FA16:0",TAG,1008.0000648498535,1006.2600593566895,1003.5200729370117,1006.4200553894043,1023.0000648498535,1002.0800743103027,1002.5600700378418,1024.3600807189941,1011.6200752258301,Group: B,Group: C,Group: B vs Group: C,4,4,Blank_Blank_Blank
"[TG(63:11),TG(62:4)]_FA16:1",TAG,1049.9600830078125,1055.560073852539,1051.9600677490234,1051.2600746154785,1051.080078125,1052.6000633239746,1052.1400756835938,1049.800064086914,1047.420078277588,Group: B,Group: C,Group: B vs Group: C,4,4,Blank_Blank_Blank
"[TG(63:11),TG(62:4)]_FA18:0",TAG,1011.700065612793,1020.8600769042969,1012.4800720214844,1038.880069732666,1010.9400596618652,1010.4600677490234,1011.7200698852539,1015.9200706481934,1012.3600654602051,Group: B,Group: C,Group: B vs Group: C,4,4,Blank_Blank_Blank
"[TG(63:11),TG(62:4)]_FA18:1",TAG,1054.200065612793,1055.920066833496,1052.5000762939453,1054.5400772094727,1046.480068206787,1047.640079498291,1057.6400680541992,1074.7400856018066,1054.900074005127,Group: B,Group: C,Group: B vs Group: C,4,4,Blank_Blank_Blank
"[TG(63:11),TG(62:4)]_FA18:2",TAG,1127.8800888061523,1128.1600761413574,1173.0800819396973,1132.4600715637207,1245.7400741577148,1143.5800704956055,1160.0200805664062,1126.8000793457031,1129.5600700378418,Group: B,Group: C,Group: B vs Group: C,4,4,Blank_Blank_Blank
"[TG(63:11),TG(62:4)]_FA18:3",TAG,1209.2600936889648,1228.7200927734375,1209.200080871582,1208.200080871582,1243.8000869750977,1209.7600898742676,1213.980079650879,1213.3200798034668,1213.880084991455,Group: B,Group: C,Group: B vs Group: C,4,4,Blank_Blank_Blank
"[TG(63:11),TG(62:4)]_FA20:4",TAG,1291.9401054382324,1294.9600868225098,1292.4800910949707,1289.2000846862793,1293.3800888061523,1326.2000885009766,1289.8400955200195,1291.2200965881348,1288.14009475708,Group: B,Group: C,Group: B vs Group: C,4,4,Blank_Blank_Blank
"[TG(63:11),TG(62:4)]_FA22:5",TAG,1377.6400871276855,1409.1401023864746,1376.6000900268555,1388.8800926208496,1374.6800994873047,1375.2400932312012,1376.3200912475586,1428.3001022338867,1376.0400924682617,Group: B,Group: C,Group: B vs Group: C,4,4,Blank_Blank_Blank
"[TG(63:11),TG(62:4)]_FA22:6",TAG,1540.6401023864746,1598.3601150512695,1544.340103149414,1541.8201065063477,1541.6601181030273,1535.5201148986816,1602.3001022338867,1540.4801063537598,1560.4800987243652,Group: B,Group: C,Group: B vs Group: C,4,4,Blank_Blank_Blank
"[TG(63:12),TG(62:5)]_FA14:0",TAG,1037.7400665283203,1011.8400726318359,1013.1800765991211,1029.2200660705566,1013.0400772094727,1013.400074005127,1014.5600662231445,1015.7600784301758,1013.520076751709,Group: B,Group: C,Group: B vs Group: C,4,4,Blank_Blank_Blank
"[TG(63:12),TG(62:5)]_FA16:0",TAG,1028.480068206787,1006.3800735473633,1004.0400772094727,1006.4400672912598,1000.9800682067871,1002.4600563049316,1003.000072479248,1002.7600593566895,1011.3200645446777,Group: B,Group: C,Group: B vs Group: C,4,4,Blank_Blank_Blank
"[TG(63:12),TG(62:5)]_FA16:1",TAG,1050.5800857543945,1054.7600708007812,1051.720085144043,1050.5000686645508,1051.4600791931152,1052.1200675964355,1100.5800857543945,1049.8600769042969,1047.920066833496,Group: B,Group: C,Group: B vs Group: C,4,4,Blank_Blank_Blank
"[TG(63:12),TG(62:5)]_FA18:0",TAG,1011.6800804138184,1011.5200576782227,1028.4200706481934,1009.5400657653809,1010.740062713623,1011.2800559997559,1012.7000694274902,1029.420078277588,1012.1400756835938,Group: B,Group: C,Group: B vs Group: C,4,4,Blank_Blank_Blank
"[TG(63:12),TG(62:5)]_FA18:1",TAG,1054.3200721740723,1056.5000801086426,1074.6600799560547,1054.1200675964355,1152.3000679016113,1047.4000701904297,1048.920078277588,1050.2800674438477,1054.200080871582,Group: B,Group: C,Group: B vs Group: C,4,4,Blank_Blank_Blank
"[TG(63:12),TG(62:5)]_FA18:2",TAG,1128.1400756835938,1127.920078277588,1130.2000885009766,1124.8000717163086,1137.2400856018066,1199.7000732421875,1127.3800811767578,1127.4200706481934,1128.700080871582,Group: B,Group: C,Group: B vs Group: C,4,4,Blank_Blank_Blank
"[TG(63:12),TG(62:5)]_FA18:3",TAG,1208.9800910949707,1237.4800910949707,1250.7400856018066,1208.980079650879,1272.4400901794434,1219.5800857543945,1214.1600723266602,1214.0000801086426,1233.0800895690918,Group: B,Group: C,Group: B vs Group: C,4,4,Blank_Blank_Blank
"[TG(63:12),TG(62:5)]_FA20:4",TAG,1325.040096282959,1316.5200843811035,1293.4800872802734,1328.6600875854492,1293.8600883483887,1295.200080871582,1289.360092163086,1375.100082397461,1319.8600959777832,Group: B,Group: C,Group: B vs Group: C,4,4,Blank_Blank_Blank
"[TG(63:12),TG(62:5)]_FA22:5",TAG,1399.8800964355469,1377.10009765625,1377.1600914001465,1400.9800987243652,1374.8601036071777,1374.9000930786133,1376.8200912475586,1379.4401016235352,1376.2000999450684,Group: B,Group: C,Group: B vs Group: C,4,4,Blank_Blank_Blank
"[TG(63:12),TG(62:5)]_FA22:6",TAG,1551.960117340088,1539.6801071166992,1597.4401168823242,1541.160099029541,1541.2001037597656,1559.8801155090332,1542.240104675293,1540.8201026916504,1540.8401107788086,Group: B,Group: C,Group: B vs Group: C,4,4,Blank_Blank_Blank
"[TG(63:13),TG(62:6)]_FA14:0",TAG,1012.5800704956055,1013.1000823974609,1012.6200790405273,1012.680061340332,1012.7600746154785,1021.4000816345215,1014.1200790405273,1015.8000717163086,1012.9000854492188,Group: B,Group: C,Group: B vs Group: C,4,4,Blank_Blank_Blank
"[TG(63:13),TG(62:6)]_FA16:0",TAG,1008.2600746154785,1005.9600677490234,1003.1600570678711,1006.900074005127,1007.580078125,1060.7000694274902,1003.1800651550293,1003.5000648498535,1011.9200630187988,Group: B,Group: C,Group: B vs Group: C,4,4,Blank_Blank_Blank
"[TG(63:13),TG(62:6)]_FA16:1",TAG,1050.4000778198242,1067.62007522583,1070.5400733947754,1049.3600692749023,1050.8000679016113,1052.2200889587402,1053.440071105957,1049.9800834655762,1048.1600608825684,Group: B,Group: C,Group: B vs Group: C,4,4,Blank_Blank_Blank
"[TG(63:13),TG(62:6)]_FA18:0",TAG,1025.0200805664062,1011.1400718688965,1012.8400726318359,1009.6800727844238,1010.5800666809082,1040.360065460205,1020.9000816345215,1015.6600646972656,1012.3200721740723,Group: B,Group: C,Group: B vs Group: C,4,4,Blank_Blank_Blank
"[TG(63:13),TG(62:6)]_FA18:1",TAG,1054.2200775146484,1056.0200653076172,1121.9600830078125,1054.940071105957,1094.3400650024414,1070.0200691223145,1049.3600692749023,1076.0600852966309,1054.7400703430176,Group: B,Group: C,Group: B vs Group: C,4,4,Blank_Blank_Blank
"[TG(63:13),TG(62:6)]_FA18:2",TAG,1128.3600692749023,1169.9400749206543,1130.320083618164,1124.5600814819336,1210.7800903320312,1227.3000946044922,1127.8400840759277,1126.8200759887695,1128.780086517334,Group: B,Group: C,Group: B vs Group: C,4,4,Blank_Blank_Blank
"[TG(63:13),TG(62:6)]_FA18:3",TAG,1209.4600944519043,1209.1200866699219,1275.200096130371,1208.9400901794434,1211.2800750732422,1209.1600914001465,1213.6400833129883,1213.6600875854492,1214.320083618164,Group: B,Group: C,Group: B vs Group: C,4,4,Blank_Blank_Blank
"[TG(63:13),TG(62:6)]_FA20:4",TAG,1379.1600952148438,1423.8400955200195,1304.4600868225098,1290.6400909423828,1307.4001007080078,1294.7800903320312,1289.580093383789,1291.8800888061523,1289.280086517334,Group: B,Group: C,Group: B vs Group: C,4,4,Blank_Blank_Blank
"[TG(63:13),TG(62:6)]_FA22:5",TAG,1376.8600959777832,1376.8601036071777,1377.2600898742676,1420.1401023864746,1376.3200912475586,1408.5800971984863,1376.6400985717773,1389.7600898742676,1405.580093383789,Group: B,Group: C,Group: B vs Group: C,4,4,Blank_Blank_Blank
"[TG(63:13),TG(62:6)]_FA22:6",TAG,1561.2201194763184,1554.2001190185547,1544.08012008667,1606.5601234436035,1542.4201126098633,1535.9201164245605,1542.2401123046875,1540.920108795166,1539.8001174926758,Group: B,Group: C,Group: B vs Group: C,4,4,Blank_Blank_Blank
"[TG(64:10),TG(63:3)]_FA14:0",TAG,1049.0600776672363,1012.8200798034668,1013.180061340332,1012.4400749206543,1013.3800849914551,1013.1800651550293,1014.9800758361816,1015.3600730895996,1013.4200706481934,Group: B,Group: C,Group: B vs Group: C,4,4,Blank_Blank_Blank
"[TG(64:10),TG(63:3)]_FA16:0",TAG,1006.9400672912598,1007.1600646972656,1003.5600624084473,1006.8600692749023,1004.4800643920898,1035.8400611877441,1002.320068359375,1003.0200691223145,1035.600082397461,Group: B,Group: C,Group: B vs Group: C,4,4,Blank_Blank_Blank
"[TG(64:10),TG(63:3)]_FA16:1",TAG,1050.8600807189941,1055.660068511963,1067.420066833496,1050.6600875854492,1086.0200881958008,1052.660083770752,1052.480068206787,1049.9800758361816,1047.0000648498535,Group: B,Group: C,Group: B vs Group: C,4,4,Blank_Blank_Blank
"[TG(64:10),TG(63:3)]_FA18:0",TAG,1011.8400726318359,1015.580078125,1012.5200691223145,1010.000072479248,1011.1400756835938,1012.1400756835938,1034.1800689697266,1014.5800704956055,1012.4600639343262,Group: B,Group: C,Group: B vs Group: C,4,4,Blank_Blank_Blank
"[TG(64:10),TG(63:3)]_FA18:1",TAG,1055.0200729370117,1056.1200790405273,1052.1600723266602,1054.0600662231445,1046.460075378418,1046.9400672912598,1048.6800689697266,1050.420066833496,1054.3400764465332,Group: B,Group: C,Group: B vs Group: C,4,4,Blank_Blank_Blank
"[TG(64:10),TG(63:3)]_FA18:2",TAG,1127.4800720214844,1128.9600791931152,1134.0600776672363,1125.1200828552246,1126.3000869750977,1184.1200790405273,1126.4800720214844,1127.1000747680664,1129.04008102417,Group: B,Group: C,Group: B vs Group: C,4,4,Blank_Blank_Blank
"[TG(64:10),TG(63:3)]_FA18:3",TAG,1208.4400825500488,1209.7600784301758,1209.4400749206543,1209.2600860595703,1211.1000785827637,1209.880084991455,1214.3400917053223,1214.3200798034668,1214.180076599121,Group: B,Group: C,Group: B vs Group: C,4,4,Blank_Blank_Blank
"[TG(64:10),TG(63:3)]_FA20:4",TAG,1291.580093383789,1305.64009475708,1310.3800888061523,1299.9401016235352,1295.300090789795,1294.0200996398926,1290.3400917053223,1289.9600944519043,1289.2400970458984,Group: B,Group: C,Group: B vs Group: C,4,4,Blank_Blank_Blank
"[TG(64:10),TG(63:3)]_FA22:5",TAG,1420.120101928711,1419.780101776123,1419.1001052856445,1469.1401062011719,1438.7400970458984,1416.1200981140137,1418.5401039123535,1451.4000968933105,1416.6000900268555,Group: B,Group: C,Group: B vs Group: C,4,4,Blank_Blank_Blank
"[TG(64:10),TG(63:3)]_FA22:6",TAG,1566.0001106262207,1539.0001220703125,1574.6400985717773,1622.680118560791,1621.6201095581055,1534.5801048278809,1541.6801071166992,1540.4401092529297,1558.8401145935059,Group: B,Group: C,Group: B vs Group: C,4,4,Blank_Blank_Blank
"[TG(64:11),TG(63:4)]_FA14:0",TAG,1013.9000701904297,1012.4400825500488,1012.6600761413574,1012.8800735473633,1013.0000648498535,1012.0200614929199,1013.8600730895996,1015.7800712585449,1013.1200752258301,Group: B,Group: C,Group: B vs Group: C,4,4,Blank_Blank_Blank
"[TG(64:11),TG(63:4)]_FA16:0",TAG,1008.1400680541992,1006.7600746154785,1003.7800636291504,1008.1600685119629,1014.4800643920898,1002.4200706481934,1003.2600631713867,1002.5200653076172,1014.400074005127,Group: B,Group: C,Group: B vs Group: C,4,4,Blank_Blank_Blank
"[TG(64:11),TG(63:4)]_FA16:1",TAG,1050.1200714111328,1055.4400672912598,1051.660068511963,1051.0600662231445,1052.3200798034668,1052.5000686645508,1052.2800750732422,1049.680076599121,1047.7400703430176,Group: B,Group: C,Group: B vs Group: C,4,4,Blank_Blank_Blank
"[TG(64:11),TG(63:4)]_FA18:0",TAG,1012.1000747680664,1011.1800727844238,1047.1800689697266,1009.820068359375,1010.3200759887695,1011.2200698852539,1015.7800712585449,1014.8200721740723,1012.1600723266602,Group: B,Group: C,Group: B vs Group: C,4,4,Blank_Blank_Blank
"[TG(64:11),TG(63:4)]_FA18:1",TAG,1055.8000755310059,1080.1600799560547,1052.9400787353516,1054.5200729370117,1047.0400733947754,1063.840072631836,1094.2400817871094,1049.8400764465332,1053.6200714111328,Group: B,Group: C,Group: B vs Group: C,4,4,Blank_Blank_Blank
"[TG(64:11),TG(63:4)]_FA18:2",TAG,1127.980079650879,1128.820083618164,1133.2000846862793,1204.2600860595703,1189.6200904846191,1159.1600875854492,1159.2400741577148,1126.6800727844238,1129.660083770752,Group: B,Group: C,Group: B vs Group: C,4,4,Blank_Blank_Blank
"[TG(64:11),TG(63:4)]_FA18:3",TAG,1214.9000816345215,1216.1200790405273,1208.8000793457031,1208.600082397461,1210.5800895690918,1209.0200881958008,1214.6200828552246,1214.460075378418,1240.5200843811035,Group: B,Group: C,Group: B vs Group: C,4,4,Blank_Blank_Blank
"[TG(64:11),TG(63:4)]_FA20:4",TAG,1308.2200965881348,1295.1200904846191,1292.400089263916,1288.2600936889648,1295.2800941467285,1295.6000900268555,1315.1400833129883,1291.0400924682617,1289.0200996398926,Group: B,Group: C,Group: B vs Group: C,4,4,Blank_Blank_Blank
"[TG(64:11),TG(63:4)]_FA22:5",TAG,1419.5600929260254,1421.5400848388672,1420.1001014709473,1415.0800971984863,1415.2201042175293,1497.3801078796387,1417.4800987243652,1463.1601028442383,1456.7401084899902,Group: B,Group: C,Group: B vs Group: C,4,4,Blank_Blank_Blank
"[TG(64:11),TG(63:4)]_FA22:6",TAG,1557.8601036071777,1541.9201164245605,1605.4601287841797,1541.8800926208496,1542.1601066589355,1535.7201232910156,1542.1201057434082,1540.4201049804688,1540.6601219177246,Group: B,Group: C,Group: B vs Group: C,4,4,Blank_Blank_Blank
"[TG(64:12),TG(63:5)]_FA14:0",TAG,1013.6400756835938,1012.7200698852539,1013.0400772094727,1011.7200660705566,1026.480068206787,1012.3000717163086,1013.4000778198242,1015.5600776672363,1013.1600723266602,Group: B,Group: C,Group: B vs Group: C,4,4,Blank_Blank_Blank
"[TG(64:12),TG(63:5)]_FA16:0",TAG,1007.0400619506836,1006.8600730895996,1005.380069732666,1007.0800666809082,1000.4200706481934,1002.5200843811035,1002.2000732421875,1004.3600730895996,1010.8400764465332,Group: B,Group: C,Group: B vs Group: C,4,4,Blank_Blank_Blank
"[TG(64:12),TG(63:5)]_FA16:1",TAG,1050.500072479248,1109.020076751709,1110.04008102417,1050.580078125,1050.8800773620605,1052.1400718688965,1052.400074005127,1050.2200736999512,1048.400074005127,Group: B,Group: C,Group: B vs Group: C,4,4,Blank_Blank_Blank
"[TG(64:12),TG(63:5)]_FA18:0",TAG,1010.8200798034668,1011.2200813293457,1031.2800674438477,1010.0400695800781,1011.3000793457031,1011.4000701904297,1011.7400741577148,1015.280086517334,1011.4800605773926,Group: B,Group: C,Group: B vs Group: C,4,4,Blank_Blank_Blank
"[TG(64:12),TG(63:5)]_FA18:1",TAG,1148.3000717163086,1056.8800773620605,1052.9000816345215,1054.0400772094727,1046.3600692749023,1046.8600769042969,1049.340072631836,1050.3000755310059,1053.720069885254,Group: B,Group: C,Group: B vs Group: C,4,4,Blank_Blank_Blank
"[TG(64:12),TG(63:5)]_FA18:2",TAG,1128.2800827026367,1128.0400772094727,1140.4200744628906,1148.0400848388672,1169.2400741577148,1129.480068206787,1126.4000625610352,1149.2400741577148,1129.220069885254,Group: B,Group: C,Group: B vs Group: C,4,4,Blank_Blank_Blank
"[TG(64:12),TG(63:5)]_FA18:3",TAG,1208.540096282959,1209.000072479248,1209.3400993347168,1208.3000793457031,1263.4200820922852,1251.2400970458984,1214.3400764465332,1231.440086364746,1213.8800811767578,Group: B,Group: C,Group: B vs Group: C,4,4,Blank_Blank_Blank
"[TG(64:12),TG(63:5)]_FA20:4",TAG,1314.4000968933105,1306.5400848388672,1293.0600891113281,1308.4800872802734,1344.8200912475586,1296.400089263916,1289.9600830078125,1294.3400840759277,1289.1600952148438,Group: B,Group: C,Group: B vs Group: C,4,4,Blank_Blank_Blank
"[TG(64:12),TG(63:5)]_FA22:5",TAG,1470.1000938415527,1436.3000984191895,1418.6600952148438,1444.2401161193848,1415.5200958251953,1417.3000984191895,1417.9601097106934,1421.0800819396973,1417.8400917053223,Group: B,Group: C,Group: B vs Group: C,4,4,Blank_Blank_Blank
"[TG(64:12),TG(63:5)]_FA22:6",TAG,1549.6401100158691,1552.9001121520996,1570.980125427246,1690.8801193237305,1542.480110168457,1534.7000999450684,1555.8201179504395,1540.0401229858398,1539.1200942993164,Group: B,Group: C,Group: B vs Group: C,4,4,Blank_Blank_Blank
"[TG(64:13),TG(63:6)]_FA14:0",TAG,1014.0800666809082,1013.1600761413574,1012.2200660705566,1012.4000701904297,1050.4200820922852,1072.7400741577148,1014.380069732666,1016.2400741577148,1012.8200721740723,Group: B,Group: C,Group: B vs Group: C,4,4,Blank_Blank_Blank
"[TG(64:13),TG(63:6)]_FA16:0",TAG,1030.2600708007812,1035.02006149292,1003.640064239502,1028.5600700378418,1000.9800720214844,1002.1800689697266,1002.680061340332,1003.5000686645508,1011.9800758361816,Group: B,Group: C,Group: B vs Group: C,4,4,Blank_Blank_Blank
"[TG(64:13),TG(63:6)]_FA16:1",TAG,1050.300064086914,1055.5600776672363,1051.3000717163086,1049.7400665283203,1063.8200798034668,1064.6400909423828,1052.2400703430176,1050.4000663757324,1112.4600791931152,Group: B,Group: C,Group: B vs Group: C,4,4,Blank_Blank_Blank
"[TG(64:13),TG(63:6)]_FA18:0",TAG,1012.1000709533691,1011.9000701904297,1012.3600730895996,1009.5200691223145,1010.960075378418,1011.380069732666,1054.6200714111328,1015.160083770752,1012.2800712585449,Group: B,Group: C,Group: B vs Group: C,4,4,Blank_Blank_Blank
"[TG(64:13),TG(63:6)]_FA18:1",TAG,1090.8000755310059,1056.1000747680664,1052.12007522583,1054.0600814819336,1077.700065612793,1047.4600715637207,1069.5200805664062,1050.2400703430176,1053.6400718688965,Group: B,Group: C,Group: B vs Group: C,4,4,Blank_Blank_Blank
"[TG(64:13),TG(63:6)]_FA18:2",TAG,1128.4200706481934,1166.5600776672363,1130.3800735473633,1125.200065612793,1126.0400772094727,1129.460075378418,1126.6600723266602,1126.9000854492188,1129.0000762939453,Group: B,Group: C,Group: B vs Group: C,4,4,Blank_Blank_Blank
"[TG(64:13),TG(63:6)]_FA18:3",TAG,1208.940086364746,1210.1400756835938,1208.240089416504,1245.2800941467285,1210.6800804138184,1208.5200881958008,1213.2000923156738,1214.3600807189941,1237.1800689697266,Group: B,Group: C,Group: B vs Group: C,4,4,Blank_Blank_Blank
"[TG(64:13),TG(63:6)]_FA20:4",TAG,1291.2200927734375,1303.8400764465332,1375.5000915527344,1289.8000946044922,1294.6800956726074,1312.720085144043,1322.9000816345215,1290.6800918579102,1289.0600814819336,Group: B,Group: C,Group: B vs Group: C,4,4,Blank_Blank_Blank
"[TG(64:13),TG(63:6)]_FA22:5",TAG,1438.740104675293,1534.9401168823242,1419.3800964355469,1448.7001113891602,1417.2600936889648,1417.180103302002,1462.5200958251953,1482.3200988769531,1418.4401054382324,Group: B,Group: C,Group: B vs Group: C,4,4,Blank_Blank_Blank
"[TG(64:13),TG(63:6)]_FA22:6",TAG,1550.2201080322266,1572.2401123046875,1596.7401123046875,1634.0801086425781,1542.1401062011719,1635.6601219177246,1594.720115661621,1576.520107269287,1613.480110168457,Group: B,Group: C,Group: B vs Group: C,4,4,Blank_Blank_Blank
"[TG(64:14),TG(63:7),TG(62:0)]_FA14:0",TAG,1013.960075378418,1012.8800659179688,1019.7400741577148,1012.2800750732422,1013.2400817871094,1013.0200691223145,1013.5000686645508,1015.7400703430176,1013.2200736999512,Group: B,Group: C,Group: B vs Group: C,4,4,Blank_Blank_Blank
"[TG(64:14),TG(63:7),TG(62:0)]_FA16:0",TAG,1007.9800758361816,1019.6200714111328,1035.5600662231445,1007.2400741577148,1001.0600662231445,1002.7600708007812,1002.8400688171387,1002.9200630187988,1011.2200622558594,Group: B,Group: C,Group: B vs Group: C,4,4,Blank_Blank_Blank
"[TG(64:14),TG(63:7),TG(62:0)]_FA16:1",TAG,1049.6000747680664,1055.7400741577148,1052.8000755310059,1050.500087738037,1051.360065460205,1052.700065612793,1052.1800727844238,1050.6000671386719,1067.020076751709,Group: B,Group: C,Group: B vs Group: C,4,4,Blank_Blank_Blank
"[TG(64:14),TG(63:7),TG(62:0)]_FA18:0",TAG,1011.5600662231445,1010.6800727844238,1012.1600723266602,1008.7600784301758,1010.8600578308105,1011.0400695800781,1012.5400695800781,1015.7000770568848,1064.1400756835938,Group: B,Group: C,Group: B vs Group: C,4,4,Blank_Blank_Blank
"[TG(64:14),TG(63:7),TG(62:0)]_FA18:1",TAG,1054.8600845336914,1057.0400848388672,1052.8200759887695,1053.62007522583,1046.1200637817383,1098.6400680541992,1048.640079498291,1049.5800743103027,1054.2600746154785,Group: B,Group: C,Group: B vs Group: C,4,4,Blank_Blank_Blank
"[TG(64:14),TG(63:7),TG(62:0)]_FA18:2",TAG,1128.3400764465332,1128.1800804138184,1159.8800773620605,1125.060073852539,1126.2000885009766,1158.9600791931152,1127.4400787353516,1127.4800758361816,1149.3400688171387,Group: B,Group: C,Group: B vs Group: C,4,4,Blank_Blank_Blank
"[TG(64:14),TG(63:7),TG(62:0)]_FA18:3",TAG,1209.440086364746,1210.1400833129883,1221.4800987243652,1242.7200965881348,1211.7000732421875,1209.6600761413574,1213.6000709533691,1213.9200859069824,1229.720085144043,Group: B,Group: C,Group: B vs Group: C,4,4,Blank_Blank_Blank
"[TG(64:14),TG(63:7),TG(62:0)]_FA20:4",TAG,1306.8600845336914,1295.3800926208496,1326.5400886535645,1302.400104522705,1328.5600814819336,1344.4200897216797,1314.360092163086,1290.7800979614258,1289.400089263916,Group: B,Group: C,Group: B vs Group: C,4,4,Blank_Blank_Blank
"[TG(64:14),TG(63:7),TG(62:0)]_FA22:5",TAG,1421.080093383789,1444.2201080322266,1447.200096130371,1437.3200988769531,1415.60009765625,1463.5401039123535,1418.3801078796387,1421.420093536377,1418.0800971984863,Group: B,Group: C,Group: B vs Group: C,4,4,Blank_Blank_Blank
"[TG(64:14),TG(63:7),TG(62:0)]_FA22:6",TAG,1555.660099029541,1538.9001121520996,1545.0200996398926,1639.6801071166992,1580.0001068115234,1535.0801086425781,1605.500099182129,1541.2001037597656,1539.1801109313965,Group: B,Group: C,Group: B vs Group: C,4,4,Blank_Blank_Blank
"[TG(64:15),TG(63:8),TG(62:1)]_FA14:0",TAG,1013.2800674438477,1013.1200714111328,1012.6200714111328,1011.6800727844238,1012.7600746154785,1040.5400733947754,1014.0200729370117,1014.9200820922852,1013.6200752258301,Group: B,Group: C,Group: B vs Group: C,4,4,Blank_Blank_Blank
"[TG(64:15),TG(63:8),TG(62:1)]_FA16:0",TAG,1007.6000671386719,1005.4400749206543,1032.1200790405273,1007.3600616455078,1000.940071105957,1002.8000640869141,1003.1000633239746,1003.6800765991211,1031.4600791931152,Group: B,Group: C,Group: B vs Group: C,4,4,Blank_Blank_Blank
"[TG(64:15),TG(63:8),TG(62:1)]_FA16:1",TAG,1067.9600791931152,1055.6000633239746,1050.7400703430176,1049.6600723266602,1051.0800704956055,1052.060073852539,1073.1600875854492,1049.440071105957,1079.7800674438477,Group: B,Group: C,Group: B vs Group: C,4,4,Blank_Blank_Blank
"[TG(64:15),TG(63:8),TG(62:1)]_FA18:0",TAG,1012.3600616455078,1010.820068359375,1012.0000648498535,1012.9600639343262,1011.2000694274902,1028.1400756835938,1011.9400787353516,1015.760066986084,1038.7400703430176,Group: B,Group: C,Group: B vs Group: C,4,4,Blank_Blank_Blank
"[TG(64:15),TG(63:8),TG(62:1)]_FA18:1",TAG,1055.1200714111328,1055.7800750732422,1083.1400833129883,1100.8000793457031,1046.7000694274902,1047.3800811767578,1048.660068511963,1049.0200805664062,1104.9000663757324,Group: B,Group: C,Group: B vs Group: C,4,4,Blank_Blank_Blank
"[TG(64:15),TG(63:8),TG(62:1)]_FA18:2",TAG,1127.6400756835938,1127.7800788879395,1130.720069885254,1125.4400749206543,1147.920078277588,1129.4400825500488,1127.4600830078125,1126.980079650879,1165.8000755310059,Group: B,Group: C,Group: B vs Group: C,4,4,Blank_Blank_Blank
"[TG(64:15),TG(63:8),TG(62:1)]_FA18:3",TAG,1248.5600852966309,1210.1000862121582,1249.3600769042969,1239.6400871276855,1212.100082397461,1209.400074005127,1214.460075378418,1213.780071258545,1214.0000762939453,Group: B,Group: C,Group: B vs Group: C,4,4,Blank_Blank_Blank
"[TG(64:15),TG(63:8),TG(62:1)]_FA20:4",TAG,1318.620101928711,1294.5400848388672,1293.2800788879395,1289.5000953674316,1317.5400772094727,1312.1200942993164,1290.1400909423828,1290.8600997924805,1288.8200874328613,Group: B,Group: C,Group: B vs Group: C,4,4,Blank_Blank_Blank
"[TG(64:15),TG(63:8),TG(62:1)]_FA22:5",TAG,1376.800090789795,1409.9001121520996,1378.0200958251953,1390.1601028442383,1374.3400993347168,1376.2200927734375,1375.8800888061523,1380.0000953674316,1375.5200996398926,Group: B,Group: C,Group: B vs Group: C,4,4,Blank_Blank_Blank
"[TG(64:15),TG(63:8),TG(62:1)]_FA22:6",TAG,1568.180103302002,1565.1601104736328,1553.3201026916504,1678.9001121520996,1542.3201065063477,1557.0001068115234,1542.0601081848145,1540.3200988769531,1540.2401123046875,Group: B,Group: C,Group: B vs Group: C,4,4,Blank_Blank_Blank
"[TG(64:16),TG(63:9),TG(62:2)]_FA14:0",TAG,1016.4200668334961,1012.7000732421875,1012.7400665283203,1034.8400650024414,1013.6400680541992,1012.5600776672363,1014.9200668334961,1015.7800827026367,1013.4400749206543,Group: B,Group: C,Group: B vs Group: C,4,4,Blank_Blank_Blank
"[TG(64:16),TG(63:9),TG(62:2)]_FA16:0",TAG,1007.6000747680664,1006.7000617980957,1009.5400733947754,1007.9800720214844,1000.9600677490234,1001.320068359375,1002.260066986084,1003.3000679016113,1010.6200714111328,Group: B,Group: C,Group: B vs Group: C,4,4,Blank_Blank_Blank
"[TG(64:16),TG(63:9),TG(62:2)]_FA16:1",TAG,1051.1200637817383,1055.04008102417,1086.8200721740723,1050.440071105957,1050.4200630187988,1052.0600814819336,1052.8000679016113,1049.1400756835938,1047.7600631713867,Group: B,Group: C,Group: B vs Group: C,4,4,Blank_Blank_Blank
"[TG(64:16),TG(63:9),TG(62:2)]_FA18:0",TAG,1012.4200630187988,1010.3200759887695,1012.1000785827637,1009.240062713623,1010.2800750732422,1011.5200653076172,1011.5200691223145,1014.6200790405273,1144.2000770568848,Group: B,Group: C,Group: B vs Group: C,4,4,Blank_Blank_Blank
"[TG(64:16),TG(63:9),TG(62:2)]_FA18:1",TAG,1075.7800827026367,1075.2200775146484,1070.6200790405273,1057.2600746154785,1061.8600807189941,1047.9400672912598,1049.1400680541992,1049.4400749206543,1097.760082244873,Group: B,Group: C,Group: B vs Group: C,4,4,Blank_Blank_Blank
"[TG(64:16),TG(63:9),TG(62:2)]_FA18:2",TAG,1128.5400733947754,1128.740077972412,1143.940071105957,1126.6600723266602,1125.7200813293457,1134.8600730895996,1144.4600791931152,1140.4400787353516,1130.1600799560547,Group: B,Group: C,Group: B vs Group: C,4,4,Blank_Blank_Blank
"[TG(64:16),TG(63:9),TG(62:2)]_FA18:3",TAG,1308.0200881958008,1233.900089263916,1208.6400833129883,1223.5000762939453,1211.1200866699219,1209.3600807189941,1263.0400772094727,1214.640079498291,1214.240089416504,Group: B,Group: C,Group: B vs Group: C,4,4,Blank_Blank_Blank
"[TG(64:16),TG(63:9),TG(62:2)]_FA20:4",TAG,1291.4200897216797,1294.8400917053223,1296.660083770752,1288.7400856018066,1301.7000885009766,1295.1400871276855,1289.3800964355469,1291.340087890625,1288.7400856018066,Group: B,Group: C,Group: B vs Group: C,4,4,Blank_Blank_Blank
"[TG(64:16),TG(63:9),TG(62:2)]_FA22:5",TAG,1420.340103149414,1378.04008102417,1377.8800964355469,1409.660099029541,1374.8800926208496,1373.0800895690918,1375.3400917053223,1445.1601028442383,1375.700096130371,Group: B,Group: C,Group: B vs Group: C,4,4,Blank_Blank_Blank
"[TG(64:16),TG(63:9),TG(62:2)]_FA22:6",TAG,1580.060115814209,1567.6801071166992,1556.7601013183594,1561.8601150512695,1574.4401016235352,1535.6801071166992,1566.8801193237305,1541.9201126098633,1539.7801094055176,Group: B,Group: C,Group: B vs Group: C,4,4,Blank_Blank_Blank
"[TG(64:17),TG(63:10),TG(62:3)]_FA14:0",TAG,1029.9200706481934,1012.9200744628906,1012.2200660705566,1012.9000663757324,1013.4000778198242,1012.7800712585449,1014.0400695800781,1015.700080871582,1013.7200698852539,Group: B,Group: C,Group: B vs Group: C,4,4,Blank_Blank_Blank
"[TG(64:17),TG(63:10),TG(62:3)]_FA16:0",TAG,1008.1600685119629,1006.680061340332,1003.240062713623,1006.5800590515137,1000.1400756835938,1002.6000709533691,1009.9200706481934,1003.760066986084,1011.4600715637207,Group: B,Group: C,Group: B vs Group: C,4,4,Blank_Blank_Blank
"[TG(64:17),TG(63:10),TG(62:3)]_FA16:1",TAG,1050.660068511963,1055.8600692749023,1052.260066986084,1052.580078125,1049.9400787353516,1051.9600715637207,1052.120059967041,1096.7000846862793,1047.4000701904297,Group: B,Group: C,Group: B vs Group: C,4,4,Blank_Blank_Blank
"[TG(64:17),TG(63:10),TG(62:3)]_FA18:0",TAG,1012.4600677490234,1010.9600715637207,1044.0000762939453,1042.6000709533691,1010.4200820922852,1010.7200736999512,1012.0200729370117,1015.6400718688965,1012.380069732666,Group: B,Group: C,Group: B vs Group: C,4,4,Blank_Blank_Blank
"[TG(64:17),TG(63:10),TG(62:3)]_FA18:1",TAG,1054.0400772094727,1055.6000747680664,1052.7400741577148,1054.1000747680664,1106.9600715637207,1089.3400573730469,1048.1800651550293,1049.1400756835938,1077.2800674438477,Group: B,Group: C,Group: B vs Group: C,4,4,Blank_Blank_Blank
"[TG(64:17),TG(63:10),TG(62:3)]_FA18:2",TAG,1128.4400825500488,1128.0000801086426,1130.120059967041,1125.5400695800781,1126.000072479248,1175.0200729370117,1126.3200874328613,1127.7800827026367,1149.380084991455,Group: B,Group: C,Group: B vs Group: C,4,4,Blank_Blank_Blank
"[TG(64:17),TG(63:10),TG(62:3)]_FA18:3",TAG,1231.0200805664062,1234.2800788879395,1208.6200828552246,1207.9800910949707,1239.1400871276855,1239.3000793457031,1214.4200820922852,1225.980079650879,1217.7800750732422,Group: B,Group: C,Group: B vs Group: C,4,4,Blank_Blank_Blank
"[TG(64:17),TG(63:10),TG(62:3)]_FA20:4",TAG,1292.2600860595703,1301.6800918579102,1293.520092010498,1398.3600883483887,1294.720085144043,1297.4000816345215,1289.860107421875,1290.9400939941406,1288.3800888061523,Group: B,Group: C,Group: B vs Group: C,4,4,Blank_Blank_Blank
"[TG(64:17),TG(63:10),TG(62:3)]_FA22:5",TAG,1406.2400970458984,1377.0800895690918,1376.5801010131836,1373.5000915527344,1374.7601013183594,1374.3000984191895,1377.400089263916,1379.5800971984863,1375.0401039123535,Group: B,Group: C,Group: B vs Group: C,4,4,Blank_Blank_Blank
"[TG(64:17),TG(63:10),TG(62:3)]_FA22:6",TAG,1574.6401100158691,1539.6201057434082,1544.4001121520996,1541.8001098632812,1540.6200981140137,1535.8001136779785,1592.0801086425781,1541.0601043701172,1540.540096282959,Group: B,Group: C,Group: B vs Group: C,4,4,Blank_Blank_Blank
[TG(64:6)]_FA14:0,TAG,1013.9400672912598,1012.6200752258301,1013.4200706481934,1011.9200630187988,1012.9800796508789,1040.3200759887695,1013.8000717163086,1015.6800842285156,1012.9800682067871,Group: B,Group: C,Group: B vs Group: C,4,4,Blank_Blank_Blank
[TG(64:6)]_FA16:0,TAG,1007.8600769042969,1006.9400749206543,1003.9000663757324,1006.8000717163086,1013.1000823974609,1002.760066986084,1002.3200759887695,1003.0200691223145,1011.5600738525391,Group: B,Group: C,Group: B vs Group: C,4,4,Blank_Blank_Blank
[TG(64:6)]_FA16:1,TAG,1050.8400802612305,1055.3000755310059,1052.1800842285156,1050.280071258545,1050.4600830078125,1073.6600761413574,1051.8400764465332,1050.560073852539,1047.680076599121,Group: B,Group: C,Group: B vs Group: C,4,4,Blank_Blank_Blank
[TG(64:6)]_FA18:0,TAG,1012.1200752258301,1010.4400634765625,1012.9200706481934,1009.6600723266602,1011.380069732666,1011.4000701904297,1012.2200698852539,1014.4800682067871,1011.4200744628906,Group: B,Group: C,Group: B vs Group: C,4,4,Blank_Blank_Blank
[TG(64:6)]_FA18:1,TAG,1076.080078125,1055.740077972412,1052.5600662231445,1054.0800743103027,1149.5600776672363,1047.6000709533691,1087.0000686645508,1049.2400741577148,1054.0200691223145,Group: B,Group: C,Group: B vs Group: C,4,4,Blank_Blank_Blank
[TG(64:6)]_FA18:2,TAG,1127.200080871582,1129.1000747680664,1130.1600723266602,1125.420078277588,1144.1200942993164,1178.8400802612305,1127.0000762939453,1126.7800903320312,1129.860065460205,Group: B,Group: C,Group: B vs Group: C,4,4,Blank_Blank_Blank
[TG(64:6)]_FA18:3,TAG,1270.5400924682617,1209.3800811767578,1208.9800834655762,1208.7400932312012,1211.2200660705566,1207.8600807189941,1214.6400871276855,1214.7000770568848,1214.820068359375,Group: B,Group: C,Group: B vs Group: C,4,4,Blank_Blank_Blank
[TG(64:6)]_FA20:4,TAG,1291.6400909423828,1329.8400802612305,1293.0600891113281,1288.6600952148438,1295.1400833129883,1294.860092163086,1290.9800910949707,1290.7400970458984,1288.6600952148438,Group: B,Group: C,Group: B vs Group: C,4,4,Blank_Blank_Blank
[TG(64:6)]_FA22:5,TAG,1417.8001022338867,1419.2000999450684,1418.5400886535645,1414.7401084899902,1416.320083618164,1415.4201049804688,1418.800090789795,1422.3800964355469,1436.1001052856445,Group: B,Group: C,Group: B vs Group: C,4,4,Blank_Blank_Blank
[TG(64:6)]_FA22:6,TAG,1540.5800971984863,1539.4601097106934,1544.380111694336,1541.8401069641113,1555.8801078796387,1538.0801124572754,1542.8401222229004,1540.8401069641113,1540.0801124572754,Group: B,Group: C,Group: B vs Group: C,4,4,Blank_Blank_Blank
"[TG(64:7),TG(63:0)]_FA14:0",TAG,1013.3400726318359,1024.060073852539,1012.9000778198242,1012.5400733947754,1016.880069732666,1012.4600677490234,1053.0200691223145,1015.9000778198242,1044.5600662231445,Group: B,Group: C,Group: B vs Group: C,4,4,Blank_Blank_Blank
"[TG(64:7),TG(63:0)]_FA16:0",TAG,1042.3800621032715,1068.2000732421875,1003.7200622558594,1016.9800720214844,1000.3400688171387,1018.6800727844238,1003.1400680541992,1002.640064239502,1011.9800720214844,Group: B,Group: C,Group: B vs Group: C,4,4,Blank_Blank_Blank
"[TG(64:7),TG(63:0)]_FA16:1",TAG,1050.5600700378418,1056.140064239502,1052.2200775146484,1050.3000679016113,1051.0400772094727,1052.0200729370117,1053.1400718688965,1050.0200691223145,1048.2800674438477,Group: B,Group: C,Group: B vs Group: C,4,4,Blank_Blank_Blank
"[TG(64:7),TG(63:0)]_FA18:0",TAG,1011.5000762939453,1010.8600730895996,1012.0600700378418,1009.4800720214844,1010.4200668334961,1010.8000755310059,1011.6600723266602,1015.8600730895996,1011.120059967041,Group: B,Group: C,Group: B vs Group: C,4,4,Blank_Blank_Blank
"[TG(64:7),TG(63:0)]_FA18:1",TAG,1060.4800758361816,1056.4800872802734,1052.0400619506836,1053.520076751709,1046.6000785827637,1047.280071258545,1049.1000671386719,1049.180076599121,1053.9400634765625,Group: B,Group: C,Group: B vs Group: C,4,4,Blank_Blank_Blank
"[TG(64:7),TG(63:0)]_FA18:2",TAG,1128.4200744628906,1128.5800743103027,1129.5000762939453,1125.920078277588,1125.4400825500488,1129.8400764465332,1126.9800834655762,1127.2200775146484,1129.7800750732422,Group: B,Group: C,Group: B vs Group: C,4,4,Blank_Blank_Blank
"[TG(64:7),TG(63:0)]_FA18:3",TAG,1208.5200843811035,1209.520092010498,1208.0000801086426,1208.7800788879395,1211.5200881958008,1208.8600845336914,1214.2400856018066,1214.4600868225098,1215.0000686645508,Group: B,Group: C,Group: B vs Group: C,4,4,Blank_Blank_Blank
"[TG(64:7),TG(63:0)]_FA20:4",TAG,1291.4400901794434,1294.200080871582,1293.420093536377,1289.300090789795,1303.580093383789,1295.7200927734375,1289.5800819396973,1289.2600898742676,1323.080093383789,Group: B,Group: C,Group: B vs Group: C,4,4,Blank_Blank_Blank
"[TG(64:7),TG(63:0)]_FA22:5",TAG,1456.8400993347168,1418.7200889587402,1418.9201011657715,1415.6001091003418,1417.180103302002,1415.5200996398926,1419.180103302002,1428.9000968933105,1416.860092163086,Group: B,Group: C,Group: B vs Group: C,4,4,Blank_Blank_Blank
"[TG(64:7),TG(63:0)]_FA22:6",TAG,1541.0401153564453,1562.8401145935059,1544.6001052856445,1541.780101776123,1541.4201011657715,1535.2201080322266,1541.5401153564453,1541.260108947754,1539.7201042175293,Group: B,Group: C,Group: B vs Group: C,4,4,Blank_Blank_Blank
"[TG(64:8),TG(63:1)]_FA14:0",TAG,1013.8200836181641,1012.8000717163086,1012.580078125,1012.4600601196289,1012.8000717163086,1012.1800689697266,1049.3600730895996,1016.440071105957,1042.5400733947754,Group: B,Group: C,Group: B vs Group: C,4,4,Blank_Blank_Blank
"[TG(64:8),TG(63:1)]_FA16:0",TAG,1007.820068359375,1006.1400756835938,1003.760066986084,1007.3200721740723,1026.8600692749023,1079.2600860595703,1009.9800720214844,1004.2800674438477,1011.320068359375,Group: B,Group: C,Group: B vs Group: C,4,4,Blank_Blank_Blank
"[TG(64:8),TG(63:1)]_FA16:1",TAG,1050.4600715637207,1055.6200637817383,1052.0400733947754,1050.460075378418,1050.9000778198242,1052.0600852966309,1052.260066986084,1049.9200820922852,1047.9400787353516,Group: B,Group: C,Group: B vs Group: C,4,4,Blank_Blank_Blank
"[TG(64:8),TG(63:1)]_FA18:0",TAG,1012.3600730895996,1011.5400695800781,1012.8600654602051,1009.8000717163086,1010.9600639343262,1011.7600708007812,1011.4600563049316,1015.3000717163086,1011.6000671386719,Group: B,Group: C,Group: B vs Group: C,4,4,Blank_Blank_Blank
"[TG(64:8),TG(63:1)]_FA18:1",TAG,1055.1400718688965,1056.480068206787,1057.220069885254,1054.420078277588,1046.6600723266602,1047.6600608825684,1048.3800659179688,1049.1400756835938,1054.9600639343262,Group: B,Group: C,Group: B vs Group: C,4,4,Blank_Blank_Blank
"[TG(64:8),TG(63:1)]_FA18:2",TAG,1127.7200775146484,1128.62007522583,1129.8800773620605,1125.0600776672363,1142.2600784301758,1129.2400741577148,1126.62007522583,1126.6000747680664,1129.4000701904297,Group: B,Group: C,Group: B vs Group: C,4,4,Blank_Blank_Blank
"[TG(64:8),TG(63:1)]_FA18:3",TAG,1255.0600891113281,1210.0400848388672,1209.8600883483887,1207.6600914001465,1211.0800857543945,1208.7000770568848,1214.0200881958008,1212.9000816345215,1214.240077972412,Group: B,Group: C,Group: B vs Group: C,4,4,Blank_Blank_Blank
"[TG(64:8),TG(63:1)]_FA20:4",TAG,1291.3200988769531,1294.9200859069824,1292.940086364746,1289.3400955200195,1294.240089416504,1294.600082397461,1303.8400993347168,1290.6200828552246,1288.340087890625,Group: B,Group: C,Group: B vs Group: C,4,4,Blank_Blank_Blank
"[TG(64:8),TG(63:1)]_FA22:5",TAG,1449.580093383789,1418.5600929260254,1418.6000900268555,1450.9400939941406,1416.360092163086,1418.2600936889648,1418.460090637207,1420.3800888061523,1417.2601013183594,Group: B,Group: C,Group: B vs Group: C,4,4,Blank_Blank_Blank
"[TG(64:8),TG(63:1)]_FA22:6",TAG,1566.9001197814941,1539.3001022338867,1546.5201034545898,1541.9801139831543,1541.6201133728027,1534.6001091003418,1541.7800979614258,1541.3801155090332,1540.5001106262207,Group: B,Group: C,Group: B vs Group: C,4,4,Blank_Blank_Blank
"[TG(64:9),TG(63:2)]_FA14:0",TAG,1013.6200714111328,1012.3200721740723,1035.4800872802734,1065.3600845336914,1098.9400749206543,1013.2200660705566,1042.7400588989258,1016.7800827026367,1013.2400741577148,Group: B,Group: C,Group: B vs Group: C,4,4,Blank_Blank_Blank
"[TG(64:9),TG(63:2)]_FA16:0",TAG,1007.3000717163086,1006.3600616455078,1009.9000701904297,1007.3000679016113,1000.7400703430176,1002.4200668334961,1032.800064086914,1004.0600700378418,1011.8800773620605,Group: B,Group: C,Group: B vs Group: C,4,4,Blank_Blank_Blank
"[TG(64:9),TG(63:2)]_FA16:1",TAG,1050.980079650879,1060.8600845336914,1061.340072631836,1095.4200744628906,1051.240077972412,1130.140079498291,1052.6400833129883,1050.5000839233398,1046.660068511963,Group: B,Group: C,Group: B vs Group: C,4,4,Blank_Blank_Blank
"[TG(64:9),TG(63:2)]_FA18:0",TAG,1012.2000770568848,1011.0400695800781,1012.6600723266602,1009.940071105957,1010.8600692749023,1010.6800765991211,1044.9800720214844,1015.3400688171387,1012.7600708007812,Group: B,Group: C,Group: B vs Group: C,4,4,Blank_Blank_Blank
"[TG(64:9),TG(63:2)]_FA18:1",TAG,1087.0400733947754,1056.5000686645508,1070.1000785827637,1054.460075378418,1046.7600708007812,1058.3800773620605,1049.1000747680664,1049.920066833496,1054.700080871582,Group: B,Group: C,Group: B vs Group: C,4,4,Blank_Blank_Blank
"[TG(64:9),TG(63:2)]_FA18:2",TAG,1140.2000694274902,1128.2400703430176,1130.560073852539,1166.3600959777832,1125.9200744628906,1128.260082244873,1172.020076751709,1126.2600708007812,1129.5200881958008,Group: B,Group: C,Group: B vs Group: C,4,4,Blank_Blank_Blank
"[TG(64:9),TG(63:2)]_FA18:3",TAG,1208.4800872802734,1247.460090637207,1209.0000953674316,1218.6400871276855,1211.2600898742676,1208.8200759887695,1281.4000778198242,1213.9600830078125,1214.0000801086426,Group: B,Group: C,Group: B vs Group: C,4,4,Blank_Blank_Blank
"[TG(64:9),TG(63:2)]_FA20:4",TAG,1290.8000831604004,1294.9600944519043,1314.9001007080078,1289.0801010131836,1295.2000770568848,1294.2600746154785,1290.1001052856445,1290.0601043701172,1288.040096282959,Group: B,Group: C,Group: B vs Group: C,4,4,Blank_Blank_Blank
"[TG(64:9),TG(63:2)]_FA22:5",TAG,1419.6000938415527,1419.4601020812988,1420.2000885009766,1414.2200965881348,1430.1400909423828,1462.2601051330566,1418.2200889587402,1421.9000968933105,1418.4801025390625,Group: B,Group: C,Group: B vs Group: C,4,4,Blank_Blank_Blank
"[TG(64:9),TG(63:2)]_FA22:6",TAG,1540.4801063537598,1539.3401107788086,1544.5801124572754,1541.200107574463,1576.420108795166,1552.3001174926758,1556.7201080322266,1567.4401092529297,1560.6401176452637,Group: B,Group: C,Group: B vs Group: C,4,4,Blank_Blank_Blank
[TG(65:0)]_FA14:0 | [TG(66:7)]_FA14:0,TAG,1013.7600708007812,1012.4200782775879,1013.2200775146484,1012.3000793457031,1013.6000633239746,1038.8800659179688,1014.3600730895996,1039.240077972412,1013.0200691223145,Group: B,Group: C,Group: B vs Group: C,4,4,Blank_Blank_Blank
[TG(65:0)]_FA14:0 | [TG(66:7)]_FA14:0_2,TAG,1012.940071105957,1012.7600708007812,1012.8600692749023,1039.500072479248,1012.4400672912598,1018.3400802612305,1020.1800727844238,1015.6800804138184,1012.5000648498535,Group: B,Group: C,Group: B vs Group: C,4,4,Blank_Blank_Blank
[TG(65:0)]_FA16:0,TAG,1008.6400680541992,1006.5800666809082,1003.7600708007812,1006.900074005127,1000.4200706481934,1002.9400634765625,1002.8200607299805,1003.9000778198242,1011.9400787353516,Group: B,Group: C,Group: B vs Group: C,4,4,Blank_Blank_Blank
[TG(65:0)]_FA18:0,TAG,1011.7400665283203,1011.2800788879395,1011.6000709533691,1009.5200614929199,1010.5800704956055,1011.8800773620605,1012.460075378418,1015.2200736999512,1011.6800727844238,Group: B,Group: C,Group: B vs Group: C,4,4,Blank_Blank_Blank
"[TG(65:12),TG(64:5)]_FA14:0",TAG,1012.940071105957,1013.1000747680664,1023.5000686645508,1043.5600700378418,1048.4800834655762,1023.8800735473633,1013.8800659179688,1015.6800651550293,1013.5600700378418,Group: B,Group: C,Group: B vs Group: C,4,4,Blank_Blank_Blank
"[TG(65:12),TG(64:5)]_FA16:0",TAG,1058.9800720214844,1006.4000701904297,1002.9800643920898,1007.3800735473633,1000.8000679016113,1002.2400703430176,1002.3800659179688,1004.400074005127,1011.1200752258301,Group: B,Group: C,Group: B vs Group: C,4,4,Blank_Blank_Blank
"[TG(65:12),TG(64:5)]_FA16:1",TAG,1050.4200744628906,1056.0600776672363,1051.8600730895996,1055.140064239502,1050.9200744628906,1052.1000709533691,1052.780071258545,1050.0600662231445,1048.5800743103027,Group: B,Group: C,Group: B vs Group: C,4,4,Blank_Blank_Blank
"[TG(65:12),TG(64:5)]_FA18:0",TAG,1012.3200645446777,1011.2800712585449,1022.4400749206543,1009.5800743103027,1010.9600639343262,1010.9200706481934,1011.5800666809082,1015.6000709533691,1011.7200775146484,Group: B,Group: C,Group: B vs Group: C,4,4,Blank_Blank_Blank
"[TG(65:12),TG(64:5)]_FA18:1",TAG,1053.9800872802734,1073.7400817871094,1052.4400749206543,1080.880069732666,1082.3800621032715,1048.1000671386719,1048.2400665283203,1048.9200744628906,1067.000072479248,Group: B,Group: C,Group: B vs Group: C,4,4,Blank_Blank_Blank
"[TG(65:12),TG(64:5)]_FA18:2",TAG,1127.8400688171387,1128.3600730895996,1130.2400856018066,1125.440071105957,1149.7600784301758,1129.480068206787,1126.9000778198242,1128.1200828552246,1129.3000755310059,Group: B,Group: C,Group: B vs Group: C,4,4,Blank_Blank_Blank
"[TG(65:12),TG(64:5)]_FA18:3",TAG,1208.900089263916,1237.5400733947754,1223.020076751709,1208.000087738037,1256.9200820922852,1208.2600860595703,1214.04008102417,1214.7600860595703,1214.1200828552246,Group: B,Group: C,Group: B vs Group: C,4,4,Blank_Blank_Blank
"[TG(65:12),TG(64:5)]_FA20:4",TAG,1291.020092010498,1294.5400924682617,1292.8000869750977,1289.860092163086,1294.6600914001465,1295.2600746154785,1290.5000953674316,1290.740089416504,1288.5600891113281,Group: B,Group: C,Group: B vs Group: C,4,4,Blank_Blank_Blank
"[TG(65:12),TG(64:5)]_FA22:5",TAG,1426.0200996398926,1419.2800941467285,1419.0000915527344,1414.9001007080078,1416.3801002502441,1417.4000930786133,1417.4600982666016,1439.8200912475586,1417.1200942993164,Group: B,Group: C,Group: B vs Group: C,4,4,Blank_Blank_Blank
"[TG(65:12),TG(64:5)]_FA22:6",TAG,1541.4601097106934,1539.6801071166992,1543.9001159667969,1542.08012008667,1540.2201118469238,1534.9800987243652,1571.0601081848145,1540.56010055542,1539.720115661621,Group: B,Group: C,Group: B vs Group: C,4,4,Blank_Blank_Blank
[TG(66:0)]_FA16:0,TAG,1007.940071105957,1006.900074005127,1002.6400718688965,1004.7400779724121,999.7000770568848,1002.400074005127,1001.8200798034668,1003.2600555419922,1010.3200721740723,Group: B,Group: C,Group: B vs Group: C,4,4,Blank_Blank_Blank
[TG(66:0)]_FA18:0,TAG,1011.1000709533691,1009.9400672912598,1011.0200729370117,1008.7400665283203,1009.2400741577148,1010.1600723266602,1010.7200622558594,1038.740077972412,1010.8400688171387,Group: B,Group: C,Group: B vs Group: C,4,4,Blank_Blank_Blank
[TG(66:1)]_FA14:0,TAG,1013.0800743103027,1012.9400825500488,1012.3600616455078,1011.5400810241699,1050.2600708007812,1013.5400695800781,1013.7200775146484,1015.6000823974609,1012.8400726318359,Group: B,Group: C,Group: B vs Group: C,4,4,Blank_Blank_Blank
[TG(66:1)]_FA16:0,TAG,1008.4800758361816,1006.3200721740723,1004.1000671386719,1005.5200729370117,1106.8800811767578,1002.7000732421875,1003.0200691223145,1003.2800712585449,1011.4200630187988,Group: B,Group: C,Group: B vs Group: C,4,4,Blank_Blank_Blank
[TG(66:1)]_FA16:1,TAG,1134.960075378418,1097.220069885254,1092.780086517334,1090.960075378418,1091.9000854492188,1093.1600723266602,1095.1000633239746,1090.0600776672363,1088.780071258545,Group: B,Group: C,Group: B vs Group: C,4,4,Blank_Blank_Blank
[TG(66:1)]_FA18:0,TAG,1011.8800735473633,1010.9800682067871,1011.6400680541992,1009.8400764465332,1010.5400695800781,1010.7200736999512,1011.7200775146484,1015.520076751709,1012.3200721740723,Group: B,Group: C,Group: B vs Group: C,4,4,Blank_Blank_Blank
[TG(66:1)]_FA18:1,TAG,1096.4600791931152,1096.9800872802734,1094.200080871582,1095.4400825500488,1087.4800720214844,1099.320083618164,1090.8200721740723,1090.6000747680664,1096.0200805664062,Group: B,Group: C,Group: B vs Group: C,4,4,Blank_Blank_Blank
"[TG(66:10),TG(65:3)]_FA14:0",TAG,1013.260082244873,1060.8800773620605,1012.8200836181641,1012.3000717163086,1013.2400703430176,1012.6600723266602,1013.1800765991211,1016.4400825500488,1037.6000595092773,Group: B,Group: C,Group: B vs Group: C,4,4,Blank_Blank_Blank
"[TG(66:10),TG(65:3)]_FA16:0",TAG,1008.0200576782227,1006.8400726318359,1004.4400672912598,1006.2400703430176,1000.0000686645508,1002.5400695800781,1002.6200675964355,1003.940055847168,1011.1200714111328,Group: B,Group: C,Group: B vs Group: C,4,4,Blank_Blank_Blank
"[TG(66:10),TG(65:3)]_FA16:1",TAG,1049.9600830078125,1056.140079498291,1057.9400787353516,1050.6000633239746,1051.1200714111328,1071.4000778198242,1053.3800773620605,1050.6600799560547,1048.060073852539,Group: B,Group: C,Group: B vs Group: C,4,4,Blank_Blank_Blank
"[TG(66:10),TG(65:3)]_FA18:0",TAG,1011.1000747680664,1010.260082244873,1012.9400672912598,1009.8800659179688,1010.2200736999512,1011.4600677490234,1011.6200637817383,1015.4400672912598,1011.6600799560547,Group: B,Group: C,Group: B vs Group: C,4,4,Blank_Blank_Blank
"[TG(66:10),TG(65:3)]_FA18:1",TAG,1071.5000801086426,1055.780071258545,1094.12007522583,1054.4800758361816,1048.5200729370117,1068.320068359375,1050.9800643920898,1070.0200729370117,1075.4400787353516,Group: B,Group: C,Group: B vs Group: C,4,4,Blank_Blank_Blank
"[TG(66:10),TG(65:3)]_FA18:2",TAG,1152.3400802612305,1128.880069732666,1130.6400718688965,1126.3800811767578,1125.7800750732422,1133.0800857543945,1205.5000801086426,1126.380069732666,1128.9400787353516,Group: B,Group: C,Group: B vs Group: C,4,4,Blank_Blank_Blank
"[TG(66:10),TG(65:3)]_FA18:3",TAG,1209.2200889587402,1208.8000869750977,1207.9800872802734,1222.2400856018066,1211.4400901794434,1208.5400886535645,1247.640079498291,1214.2200775146484,1214.940086364746,Group: B,Group: C,Group: B vs Group: C,4,4,Blank_Blank_Blank
"[TG(66:10),TG(65:3)]_FA20:4",TAG,1345.9600982666016,1294.3000946044922,1292.6000862121582,1289.2600860595703,1309.5400886535645,1294.7800941467285,1290.4000778198242,1289.820083618164,1288.1800842285156,Group: B,Group: C,Group: B vs Group: C,4,4,Blank_Blank_Blank
"[TG(66:10),TG(65:3)]_FA22:5",TAG,1437.8001022338867,1417.880084991455,1418.8400955200195,1415.2201042175293,1416.4801177978516,1415.6001091003418,1419.4400825500488,1438.1600914001465,1416.6001052856445,Group: B,Group: C,Group: B vs Group: C,4,4,Blank_Blank_Blank
"[TG(66:10),TG(65:3)]_FA22:6",TAG,1601.6201095581055,1539.5401153564453,1543.9001083374023,1549.0001106262207,1542.0000953674316,1535.6401138305664,1562.2801055908203,1540.5601043701172,1539.1801109313965,Group: B,Group: C,Group: B vs Group: C,4,4,Blank_Blank_Blank
"[TG(66:11),TG(65:4)]_FA14:0",TAG,1014.1000671386719,1026.1600761413574,1012.8600654602051,1011.7200660705566,1016.4200744628906,1012.2000732421875,1014.2000732421875,1016.080078125,1012.5400695800781,Group: B,Group: C,Group: B vs Group: C,4,4,Blank_Blank_Blank
"[TG(66:11),TG(65:4)]_FA16:0",TAG,1008.4800758361816,1007.1200675964355,1039.640079498291,1006.3400650024414,1000.5200805664062,1002.4400672912598,1020.4800720214844,1004.4400634765625,1011.9600677490234,Group: B,Group: C,Group: B vs Group: C,4,4,Blank_Blank_Blank
"[TG(66:11),TG(65:4)]_FA16:1",TAG,1050.5000648498535,1056.04008102417,1052.740077972412,1050.1400756835938,1062.760082244873,1052.4800643920898,1052.1000747680664,1050.0800743103027,1047.480068206787,Group: B,Group: C,Group: B vs Group: C,4,4,Blank_Blank_Blank
"[TG(66:11),TG(65:4)]_FA18:0",TAG,1012.0800704956055,1037.3800888061523,1011.2600631713867,1009.5600814819336,1010.400074005127,1011.8200721740723,1012.4600715637207,1015.3400688171387,1011.7400703430176,Group: B,Group: C,Group: B vs Group: C,4,4,Blank_Blank_Blank
"[TG(66:11),TG(65:4)]_FA18:1",TAG,1055.1000747680664,1067.4400787353516,1073.4200820922852,1054.7200775146484,1046.8000679016113,1047.0200729370117,1049.380069732666,1050.020076751709,1053.2800750732422,Group: B,Group: C,Group: B vs Group: C,4,4,Blank_Blank_Blank
"[TG(66:11),TG(65:4)]_FA18:2",TAG,1127.8000755310059,1128.4800758361816,1179.020092010498,1125.4000778198242,1148.6600761413574,1142.5600624084473,1127.3200759887695,1127.420078277588,1129.9000816345215,Group: B,Group: C,Group: B vs Group: C,4,4,Blank_Blank_Blank
"[TG(66:11),TG(65:4)]_FA18:3",TAG,1210.3600845336914,1261.1000938415527,1209.5800819396973,1208.4800834655762,1211.4400749206543,1208.6000900268555,1231.3800888061523,1247.8600807189941,1214.54008102417,Group: B,Group: C,Group: B vs Group: C,4,4,Blank_Blank_Blank
"[TG(66:11),TG(65:4)]_FA20:4",TAG,1291.2400932312012,1294.1200904846191,1310.420108795166,1289.460090637207,1318.1800842285156,1295.2800941467285,1290.960090637207,1290.0801124572754,1288.8000869750977,Group: B,Group: C,Group: B vs Group: C,4,4,Blank_Blank_Blank
"[TG(66:11),TG(65:4)]_FA22:5",TAG,1438.760097503662,1418.6800918579102,1418.6000938415527,1415.9601020812988,1415.9401092529297,1418.1000938415527,1418.2200889587402,1420.940097808838,1417.260108947754,Group: B,Group: C,Group: B vs Group: C,4,4,Blank_Blank_Blank
"[TG(66:11),TG(65:4)]_FA22:6",TAG,1540.6601104736328,1539.3201179504395,1581.8400955200195,1568.6801071166992,1540.1801109313965,1535.020107269287,1542.1801109313965,1540.2400970458984,1540.220100402832,Group: B,Group: C,Group: B vs Group: C,4,4,Blank_Blank_Blank
"[TG(66:12),TG(65:5)]_FA14:0",TAG,1013.8600616455078,1013.4600715637207,1012.8200759887695,1028.5200691223145,1012.3600692749023,1012.1600685119629,1013.2800674438477,1016.5600700378418,1012.9200744628906,Group: B,Group: C,Group: B vs Group: C,4,4,Blank_Blank_Blank
"[TG(66:12),TG(65:5)]_FA16:0",TAG,1008.2800598144531,1007.5400657653809,1003.3400726318359,1006.1200714111328,1000.6600723266602,1002.320068359375,1054.7400741577148,1003.6800651550293,1011.5400695800781,Group: B,Group: C,Group: B vs Group: C,4,4,Blank_Blank_Blank
"[TG(66:12),TG(65:5)]_FA16:1",TAG,1049.820068359375,1056.0000762939453,1069.7400741577148,1081.3800735473633,1050.440071105957,1051.1400756835938,1053.1600723266602,1050.7600784301758,1047.4000663757324,Group: B,Group: C,Group: B vs Group: C,4,4,Blank_Blank_Blank
"[TG(66:12),TG(65:5)]_FA18:0",TAG,1011.2200889587402,1011.000072479248,1011.7800712585449,1009.320068359375,1011.0800666809082,1011.8800773620605,1011.7600708007812,1015.9000816345215,1011.320068359375,Group: B,Group: C,Group: B vs Group: C,4,4,Blank_Blank_Blank
"[TG(66:12),TG(65:5)]_FA18:1",TAG,1055.1200714111328,1055.5200843811035,1052.9400672912598,1054.0000686645508,1046.8800621032715,1066.9200744628906,1054.420066833496,1049.8000717163086,1068.020076751709,Group: B,Group: C,Group: B vs Group: C,4,4,Blank_Blank_Blank
"[TG(66:12),TG(65:5)]_FA18:2",TAG,1127.6400756835938,1129.5200805664062,1143.260082244873,1125.8800811767578,1179.7800941467285,1128.5000801086426,1127.600082397461,1126.7200736999512,1129.2600746154785,Group: B,Group: C,Group: B vs Group: C,4,4,Blank_Blank_Blank
"[TG(66:12),TG(65:5)]_FA18:3",TAG,1208.9200859069824,1210.460090637207,1275.5800819396973,1207.5000839233398,1237.3800773620605,1208.1200866699219,1214.4000778198242,1212.9400749206543,1214.0600814819336,Group: B,Group: C,Group: B vs Group: C,4,4,Blank_Blank_Blank
"[TG(66:12),TG(65:5)]_FA20:4",TAG,1290.3800926208496,1312.3000831604004,1292.780086517334,1289.180088043213,1295.1400833129883,1295.7400932312012,1291.1800918579102,1289.8200950622559,1288.8600959777832,Group: B,Group: C,Group: B vs Group: C,4,4,Blank_Blank_Blank
"[TG(66:12),TG(65:5)]_FA22:5",TAG,1419.7200927734375,1418.9600944519043,1443.1401023864746,1434.1001014709473,1441.700096130371,1416.9001007080078,1553.7401161193848,1421.0400848388672,1417.4800987243652,Group: B,Group: C,Group: B vs Group: C,4,4,Blank_Blank_Blank
"[TG(66:12),TG(65:5)]_FA22:6",TAG,1539.7001152038574,1538.6201171875,1544.560115814209,1542.3601188659668,1539.960105895996,1534.7801055908203,1589.700107574463,1565.2801094055176,1540.0001068115234,Group: B,Group: C,Group: B vs Group: C,4,4,Blank_Blank_Blank
"[TG(66:13),TG(65:6)]_FA14:0",TAG,1012.9600639343262,1013.0800704956055,1012.6600685119629,1014.3400650024414,1012.5800666809082,1012.7800712585449,1014.1200714111328,1016.4800682067871,1013.4400634765625,Group: B,Group: C,Group: B vs Group: C,4,4,Blank_Blank_Blank
"[TG(66:13),TG(65:6)]_FA16:0",TAG,1007.2400665283203,1006.0600662231445,1003.6400756835938,1006.3600654602051,1000.9800605773926,1003.0400657653809,1002.3400650024414,1009.0800552368164,1011.080078125,Group: B,Group: C,Group: B vs Group: C,4,4,Blank_Blank_Blank
"[TG(66:13),TG(65:6)]_FA16:1",TAG,1050.7400741577148,1055.8800773620605,1051.5000762939453,1057.7200813293457,1051.3400764465332,1052.0600776672363,1098.0200729370117,1050.1400718688965,1048.0200691223145,Group: B,Group: C,Group: B vs Group: C,4,4,Blank_Blank_Blank
"[TG(66:13),TG(65:6)]_FA18:0",TAG,1011.3000717163086,1011.1400680541992,1012.0800743103027,1009.4000625610352,1010.4000663757324,1011.5800704956055,1011.9400787353516,1084.8400764465332,1011.8000717163086,Group: B,Group: C,Group: B vs Group: C,4,4,Blank_Blank_Blank
"[TG(66:13),TG(65:6)]_FA18:1",TAG,1106.2600784301758,1055.9000701904297,1052.440071105957,1053.7400741577148,1046.5800666809082,1047.060073852539,1049.5200691223145,1049.9400749206543,1053.4600715637207,Group: B,Group: C,Group: B vs Group: C,4,4,Blank_Blank_Blank
"[TG(66:13),TG(65:6)]_FA18:2",TAG,1128.6400756835938,1128.8400764465332,1136.3200721740723,1125.1800727844238,1126.480079650879,1128.7200736999512,1127.4400787353516,1127.4400825500488,1128.9400825500488,Group: B,Group: C,Group: B vs Group: C,4,4,Blank_Blank_Blank
"[TG(66:13),TG(65:6)]_FA18:3",TAG,1238.5000915527344,1224.4800834655762,1209.8200874328613,1208.380084991455,1211.940086364746,1208.780071258545,1214.140079498291,1214.400074005127,1214.8800773620605,Group: B,Group: C,Group: B vs Group: C,4,4,Blank_Blank_Blank
"[TG(66:13),TG(65:6)]_FA20:4",TAG,1344.7200927734375,1295.3200950622559,1313.460090637207,1289.3200950622559,1295.3400917053223,1295.960090637207,1291.020092010498,1314.4400939941406,1288.3801002502441,Group: B,Group: C,Group: B vs Group: C,4,4,Blank_Blank_Blank
"[TG(66:13),TG(65:6)]_FA22:5",TAG,1453.0801048278809,1419.720085144043,1419.480094909668,1415.3400993347168,1416.9600944519043,1416.3000946044922,1418.3600883483887,1422.1200981140137,1417.8000946044922,Group: B,Group: C,Group: B vs Group: C,4,4,Blank_Blank_Blank
"[TG(66:13),TG(65:6)]_FA22:6",TAG,1540.8201065063477,1538.3801078796387,1543.8000984191895,1541.6401290893555,1563.1401176452637,1535.2001037597656,1542.2601051330566,1565.220115661621,1540.1401023864746,Group: B,Group: C,Group: B vs Group: C,4,4,Blank_Blank_Blank
"[TG(66:14),TG(65:7),TG(64:0)]_FA14:0",TAG,1046.8200721740723,1012.3000679016113,1013.0200691223145,1053.8000679016113,1012.5600776672363,1039.3200798034668,1014.2000732421875,1016.5200729370117,1025.5600662231445,Group: B,Group: C,Group: B vs Group: C,4,4,Blank_Blank_Blank
"[TG(66:14),TG(65:7),TG(64:0)]_FA16:0",TAG,1007.1800689697266,1006.5400657653809,1024.1600761413574,1025.0600776672363,1000.6200714111328,1003.2200660705566,1002.9200592041016,1002.8400611877441,1011.3600730895996,Group: B,Group: C,Group: B vs Group: C,4,4,Blank_Blank_Blank
"[TG(66:14),TG(65:7),TG(64:0)]_FA16:1",TAG,1050.7400703430176,1055.8400764465332,1051.3000679016113,1050.3000793457031,1051.2400741577148,1051.7000770568848,1052.900074005127,1048.8800773620605,1047.940055847168,Group: B,Group: C,Group: B vs Group: C,4,4,Blank_Blank_Blank
"[TG(66:14),TG(65:7),TG(64:0)]_FA18:0",TAG,1048.180076599121,1011.6200675964355,1012.3800735473633,1009.1200752258301,1011.0400810241699,1012.0200729370117,1011.4400749206543,1015.2000770568848,1012.0000762939453,Group: B,Group: C,Group: B vs Group: C,4,4,Blank_Blank_Blank
"[TG(66:14),TG(65:7),TG(64:0)]_FA18:1",TAG,1054.1200790405273,1064.6600761413574,1053.7000732421875,1053.5000762939453,1081.820068359375,1047.320068359375,1048.920066833496,1049.54008102417,1055.04008102417,Group: B,Group: C,Group: B vs Group: C,4,4,Blank_Blank_Blank
"[TG(66:14),TG(65:7),TG(64:0)]_FA18:2",TAG,1143.5800819396973,1128.1600723266602,1129.62007522583,1160.9800834655762,1125.5800743103027,1129.0000762939453,1127.1400756835938,1126.840072631836,1129.54008102417,Group: B,Group: C,Group: B vs Group: C,4,4,Blank_Blank_Blank
"[TG(66:14),TG(65:7),TG(64:0)]_FA18:3",TAG,1240.1600914001465,1209.4200897216797,1209.2200775146484,1209.0800857543945,1210.9600830078125,1209.4200859069824,1214.660083770752,1214.4000968933105,1215.1800727844238,Group: B,Group: C,Group: B vs Group: C,4,4,Blank_Blank_Blank
"[TG(66:14),TG(65:7),TG(64:0)]_FA20:4",TAG,1290.8000984191895,1295.4800872802734,1293.0800895690918,1297.500087738037,1294.8600769042969,1295.1800918579102,1290.2200927734375,1291.1000862121582,1287.2800827026367,Group: B,Group: C,Group: B vs Group: C,4,4,Blank_Blank_Blank
"[TG(66:14),TG(65:7),TG(64:0)]_FA22:5",TAG,1420.2200965881348,1419.1201057434082,1418.1001014709473,1415.60009765625,1426.6200904846191,1414.540096282959,1457.6601066589355,1444.3800926208496,1458.420093536377,Group: B,Group: C,Group: B vs Group: C,4,4,Blank_Blank_Blank
"[TG(66:14),TG(65:7),TG(64:0)]_FA22:6",TAG,1567.8201217651367,1557.0401153564453,1544.860107421875,1541.680103302002,1541.5801086425781,1534.8001136779785,1542.1401138305664,1540.66011428833,1540.4801063537598,Group: B,Group: C,Group: B vs Group: C,4,4,Blank_Blank_Blank
"[TG(66:15),TG(65:8),TG(64:1)]_FA14:0",TAG,1013.4000663757324,1011.8200759887695,1013.1800727844238,1011.7600708007812,1013.0400733947754,1013.000072479248,1013.580078125,1025.3800735473633,1049.7000770568848,Group: B,Group: C,Group: B vs Group: C,4,4,Blank_Blank_Blank
"[TG(66:15),TG(65:8),TG(64:1)]_FA16:0",TAG,1007.5800666809082,1006.7800788879395,1054.9200744628906,1006.4400672912598,1047.8600769042969,1002.7800750732422,1002.5200691223145,1004.0800666809082,1012.140079498291,Group: B,Group: C,Group: B vs Group: C,4,4,Blank_Blank_Blank
"[TG(66:15),TG(65:8),TG(64:1)]_FA16:1",TAG,1050.6000747680664,1055.3800735473633,1051.8000755310059,1050.1000633239746,1051.3800735473633,1051.0800819396973,1052.880069732666,1049.7800750732422,1047.6000633239746,Group: B,Group: C,Group: B vs Group: C,4,4,Blank_Blank_Blank
"[TG(66:15),TG(65:8),TG(64:1)]_FA18:0",TAG,1012.080078125,1011.0400733947754,1013.0800743103027,1008.9600791931152,1010.960075378418,1045.3800659179688,1011.760066986084,1015.9800720214844,1011.380069732666,Group: B,Group: C,Group: B vs Group: C,4,4,Blank_Blank_Blank
"[TG(66:15),TG(65:8),TG(64:1)]_FA18:1",TAG,1054.480079650879,1101.060073852539,1052.7600746154785,1053.6800689697266,1055.880069732666,1047.8400764465332,1048.780071258545,1056.3000755310059,1052.9400672912598,Group: B,Group: C,Group: B vs Group: C,4,4,Blank_Blank_Blank
"[TG(66:15),TG(65:8),TG(64:1)]_FA18:2",TAG,1128.380069732666,1128.7000732421875,1129.7000885009766,1125.2800827026367,1195.0200881958008,1129.9800758361816,1126.420078277588,1140.0400886535645,1129.6200675964355,Group: B,Group: C,Group: B vs Group: C,4,4,Blank_Blank_Blank
"[TG(66:15),TG(65:8),TG(64:1)]_FA18:3",TAG,1239.960090637207,1210.2800903320312,1209.5800857543945,1208.2000923156738,1265.0600852966309,1209.520092010498,1214.5200805664062,1214.4200706481934,1213.720085144043,Group: B,Group: C,Group: B vs Group: C,4,4,Blank_Blank_Blank
"[TG(66:15),TG(65:8),TG(64:1)]_FA20:4",TAG,1291.0600967407227,1294.760097503662,1293.7600936889648,1289.5600929260254,1294.8000831604004,1294.9800758361816,1291.5400924682617,1305.040096282959,1288.820083618164,Group: B,Group: C,Group: B vs Group: C,4,4,Blank_Blank_Blank
"[TG(66:15),TG(65:8),TG(64:1)]_FA22:5",TAG,1420.2200965881348,1444.2001152038574,1418.9600944519043,1439.4800910949707,1415.440086364746,1437.8201065063477,1418.240104675293,1456.0200958251953,1417.3201065063477,Group: B,Group: C,Group: B vs Group: C,4,4,Blank_Blank_Blank
"[TG(66:15),TG(65:8),TG(64:1)]_FA22:6",TAG,1599.1801223754883,1539.5001182556152,1582.8601036071777,1541.3601188659668,1541.0401077270508,1534.7801055908203,1541.1601181030273,1540.6401062011719,1539.560115814209,Group: B,Group: C,Group: B vs Group: C,4,4,Blank_Blank_Blank
"[TG(66:16),TG(65:9),TG(64:2)]_FA14:0",TAG,1013.6200637817383,1036.9800720214844,1070.9600715637207,1012.000072479248,1012.8200721740723,1033.0000801086426,1014.1400680541992,1016.5200729370117,1012.640064239502,Group: B,Group: C,Group: B vs Group: C,4,4,Blank_Blank_Blank
"[TG(66:16),TG(65:9),TG(64:2)]_FA16:0",TAG,1008.2400703430176,1024.320068359375,1050.1000671386719,1007.1400566101074,1001.4400634765625,1027.9400672912598,1066.7200736999512,1003.2800674438477,1011.7800674438477,Group: B,Group: C,Group: B vs Group: C,4,4,Blank_Blank_Blank
"[TG(66:16),TG(65:9),TG(64:2)]_FA16:1",TAG,1050.7200775146484,1055.8400650024414,1051.6600761413574,1078.4000663757324,1057.3800735473633,1052.3000793457031,1051.6400756835938,1049.4400749206543,1059.5600662231445,Group: B,Group: C,Group: B vs Group: C,4,4,Blank_Blank_Blank
"[TG(66:16),TG(65:9),TG(64:2)]_FA18:0",TAG,1011.7600746154785,1010.8000679016113,1012.520076751709,1009.520076751709,1011.0800704956055,1012.2800712585449,1011.4000701904297,1016.2800750732422,1011.520076751709,Group: B,Group: C,Group: B vs Group: C,4,4,Blank_Blank_Blank
"[TG(66:16),TG(65:9),TG(64:2)]_FA18:1",TAG,1059.2600746154785,1056.7200813293457,1052.2600708007812,1053.4200744628906,1105.1200790405273,1047.3400688171387,1082.3400840759277,1049.7000694274902,1053.5000801086426,Group: B,Group: C,Group: B vs Group: C,4,4,Blank_Blank_Blank
"[TG(66:16),TG(65:9),TG(64:2)]_FA18:2",TAG,1126.8000869750977,1128.9600791931152,1129.8000717163086,1125.920078277588,1126.0400848388672,1177.6400871276855,1126.700080871582,1126.2600708007812,1157.7200813293457,Group: B,Group: C,Group: B vs Group: C,4,4,Blank_Blank_Blank
"[TG(66:16),TG(65:9),TG(64:2)]_FA18:3",TAG,1209.5000915527344,1244.680088043213,1209.1400833129883,1226.6400871276855,1227.9600715637207,1209.5400886535645,1214.0800743103027,1214.6800804138184,1214.200080871582,Group: B,Group: C,Group: B vs Group: C,4,4,Blank_Blank_Blank
"[TG(66:16),TG(65:9),TG(64:2)]_FA20:4",TAG,1290.400089263916,1352.3200912475586,1293.3000869750977,1289.240089416504,1294.1200866699219,1294.120101928711,1302.260097503662,1290.720085144043,1288.8800926208496,Group: B,Group: C,Group: B vs Group: C,4,4,Blank_Blank_Blank
"[TG(66:16),TG(65:9),TG(64:2)]_FA22:5",TAG,1418.6601028442383,1434.0001029968262,1417.9200897216797,1414.5801086425781,1482.4001121520996,1433.1400985717773,1418.180088043213,1421.4600944519043,1417.7400970458984,Group: B,Group: C,Group: B vs Group: C,4,4,Blank_Blank_Blank
"[TG(66:16),TG(65:9),TG(64:2)]_FA22:6",TAG,1540.8401107788086,1565.6001167297363,1549.2001152038574,1541.6201171875,1583.6401062011719,1607.5601043701172,1542.2401123046875,1540.6001052856445,1569.2401008605957,Group: B,Group: C,Group: B vs Group: C,4,4,Blank_Blank_Blank
"[TG(66:17),TG(65:10),TG(64:3)]_FA14:0",TAG,1029.3400802612305,1014.3800659179688,1013.7800750732422,1011.6600723266602,1013.3000793457031,1012.4800796508789,1053.8400688171387,1016.000072479248,1012.3600730895996,Group: B,Group: C,Group: B vs Group: C,4,4,Blank_Blank_Blank
"[TG(66:17),TG(65:10),TG(64:3)]_FA16:0",TAG,1008.0400695800781,1006.7000770568848,1013.1200561523438,1006.880069732666,1000.0000801086426,1002.820068359375,1017.6200714111328,1003.3000640869141,1012.1000633239746,Group: B,Group: C,Group: B vs Group: C,4,4,Blank_Blank_Blank
"[TG(66:17),TG(65:10),TG(64:3)]_FA16:1",TAG,1050.6400756835938,1087.4000816345215,1052.0400657653809,1084.1000633239746,1050.7800636291504,1052.820083618164,1054.6000709533691,1049.2000694274902,1048.280071258545,Group: B,Group: C,Group: B vs Group: C,4,4,Blank_Blank_Blank
"[TG(66:17),TG(65:10),TG(64:3)]_FA18:0",TAG,1012.1400718688965,1010.5000648498535,1011.8800659179688,1009.5200843811035,1010.4800682067871,1010.6200675964355,1013.320068359375,1016.1000785827637,1011.4800720214844,Group: B,Group: C,Group: B vs Group: C,4,4,Blank_Blank_Blank
"[TG(66:17),TG(65:10),TG(64:3)]_FA18:1",TAG,1054.2200775146484,1056.2800750732422,1052.1600723266602,1054.2000846862793,1046.4000701904297,1047.000072479248,1048.4800834655762,1049.3200759887695,1054.1600723266602,Group: B,Group: C,Group: B vs Group: C,4,4,Blank_Blank_Blank
"[TG(66:17),TG(65:10),TG(64:3)]_FA18:2",TAG,1150.6800804138184,1128.7600708007812,1207.2400932312012,1126.1400871276855,1202.6000900268555,1129.0000839233398,1127.7800827026367,1127.2200813293457,1133.880069732666,Group: B,Group: C,Group: B vs Group: C,4,4,Blank_Blank_Blank
"[TG(66:17),TG(65:10),TG(64:3)]_FA18:3",TAG,1209.2800827026367,1209.680076599121,1209.0200805664062,1209.1200828552246,1212.080078125,1234.480079650879,1213.260082244873,1215.1800842285156,1214.480079650879,Group: B,Group: C,Group: B vs Group: C,4,4,Blank_Blank_Blank
"[TG(66:17),TG(65:10),TG(64:3)]_FA20:4",TAG,1335.1200942993164,1309.4400939941406,1293.7000846862793,1290.000099182129,1294.7800750732422,1295.5400848388672,1291.4600868225098,1291.0000839233398,1289.1400909423828,Group: B,Group: C,Group: B vs Group: C,4,4,Blank_Blank_Blank
"[TG(66:17),TG(65:10),TG(64:3)]_FA22:5",TAG,1420.500087738037,1432.960105895996,1423.14009475708,1433.2401123046875,1415.5000915527344,1416.06010055542,1419.1800918579102,1422.1400985717773,1417.3000984191895,Group: B,Group: C,Group: B vs Group: C,4,4,Blank_Blank_Blank
"[TG(66:17),TG(65:10),TG(64:3)]_FA22:6",TAG,1541.4001121520996,1539.0601196289062,1543.680103302002,1541.740104675293,1540.600112915039,1588.4801063537598,1541.9201126098633,1540.000099182129,1539.8401069641113,Group: B,Group: C,Group: B vs Group: C,4,4,Blank_Blank_Blank
"[TG(66:18),TG(65:11),TG(64:4)]_FA14:0",TAG,1012.9800796508789,1012.5800704956055,1012.2400741577148,1038.2800674438477,1013.3800735473633,1024.2800750732422,1014.3400726318359,1016.1800689697266,1013.3000793457031,Group: B,Group: C,Group: B vs Group: C,4,4,Blank_Blank_Blank
"[TG(66:18),TG(65:11),TG(64:4)]_FA16:0",TAG,1008.1200637817383,1006.3600769042969,1003.5600738525391,1006.9800605773926,1000.400074005127,1001.7600631713867,1003.1600799560547,1044.420066833496,1011.9800796508789,Group: B,Group: C,Group: B vs Group: C,4,4,Blank_Blank_Blank
"[TG(66:18),TG(65:11),TG(64:4)]_FA16:1",TAG,1050.060073852539,1055.940071105957,1051.9000701904297,1094.5000839233398,1050.5600662231445,1052.4200706481934,1052.7400817871094,1049.9000816345215,1068.780071258545,Group: B,Group: C,Group: B vs Group: C,4,4,Blank_Blank_Blank
"[TG(66:18),TG(65:11),TG(64:4)]_FA18:0",TAG,1012.3000755310059,1010.4800796508789,1012.6200675964355,1009.9600677490234,1010.2600708007812,1011.580078125,1011.6600608825684,1015.4200706481934,1010.9800720214844,Group: B,Group: C,Group: B vs Group: C,4,4,Blank_Blank_Blank
"[TG(66:18),TG(65:11),TG(64:4)]_FA18:1",TAG,1054.1000709533691,1055.4400787353516,1090.3000755310059,1054.560073852539,1046.6000671386719,1047.4200744628906,1048.4200706481934,1048.820068359375,1054.5000801086426,Group: B,Group: C,Group: B vs Group: C,4,4,Blank_Blank_Blank
"[TG(66:18),TG(65:11),TG(64:4)]_FA18:2",TAG,1127.5800704956055,1128.8800773620605,1130.2000732421875,1125.1600723266602,1163.960075378418,1217.560073852539,1143.2400741577148,1126.8000717163086,1129.4200744628906,Group: B,Group: C,Group: B vs Group: C,4,4,Blank_Blank_Blank
"[TG(66:18),TG(65:11),TG(64:4)]_FA18:3",TAG,1208.7401008605957,1209.2600784301758,1208.7200775146484,1208.8800659179688,1211.200080871582,1208.7000732421875,1214.1600875854492,1213.860092163086,1214.980079650879,Group: B,Group: C,Group: B vs Group: C,4,4,Blank_Blank_Blank
"[TG(66:18),TG(65:11),TG(64:4)]_FA20:4",TAG,1291.720085144043,1294.1600952148438,1293.3200874328613,1289.300106048584,1294.420093536377,1294.8800811767578,1290.0000953674316,1296.2600936889648,1309.3200988769531,Group: B,Group: C,Group: B vs Group: C,4,4,Blank_Blank_Blank
"[TG(66:18),TG(65:11),TG(64:4)]_FA22:5",TAG,1420.1400833129883,1419.400089263916,1418.3001022338867,1467.020107269287,1416.6601104736328,1417.7600860595703,1418.6800994873047,1421.180088043213,1436.4001007080078,Group: B,Group: C,Group: B vs Group: C,4,4,Blank_Blank_Blank
"[TG(66:18),TG(65:11),TG(64:4)]_FA22:6",TAG,1540.9001083374023,1554.3201065063477,1544.1401062011719,1541.380111694336,1541.020107269287,1534.940097808838,1542.220115661621,1541.0401153564453,1559.7201042175293,Group: B,Group: C,Group: B vs Group: C,4,4,Blank_Blank_Blank
[TG(66:2)]_FA14:0,TAG,1013.9000663757324,1013.020076751709,1013.6600685119629,1012.680061340332,1013.2400741577148,1013.2000732421875,1014.140079498291,1016.3800659179688,1013.6600685119629,Group: B,Group: C,Group: B vs Group: C,4,4,Blank_Blank_Blank
[TG(66:2)]_FA16:0,TAG,1008.5600776672363,1006.700065612793,1064.5400657653809,1005.9000701904297,1001.0200653076172,1002.5800743103027,1002.9200782775879,1003.5800666809082,1012.1200675964355,Group: B,Group: C,Group: B vs Group: C,4,4,Blank_Blank_Blank
[TG(66:2)]_FA16:1,TAG,1092.580078125,1097.8000755310059,1094.8200798034668,1112.8800659179688,1092.3400764465332,1094.4800834655762,1094.5400695800781,1090.9600715637207,1089.9400787353516,Group: B,Group: C,Group: B vs Group: C,4,4,Blank_Blank_Blank
[TG(66:2)]_FA18:0,TAG,1012.2800559997559,1013.5000648498535,1011.3200645446777,1009.6800689697266,1010.3600769042969,1021.1000671386719,1012.6000709533691,1015.8600807189941,1011.1000862121582,Group: B,Group: C,Group: B vs Group: C,4,4,Blank_Blank_Blank
[TG(66:2)]_FA18:1,TAG,1151.060073852539,1098.0600852966309,1095.780086517334,1097.6800689697266,1088.6600723266602,1098.0400772094727,1091.200065612793,1091.2800750732422,1096.6000785827637,Group: B,Group: C,Group: B vs Group: C,4,4,Blank_Blank_Blank
[TG(66:2)]_FA18:2,TAG,1126.340072631836,1128.0600814819336,1183.6400833129883,1124.380069732666,1154.040096282959,1160.9600791931152,1125.800090789795,1126.5200805664062,1127.920066833496,Group: B,Group: C,Group: B vs Group: C,4,4,Blank_Blank_Blank
[TG(66:3)]_FA14:0,TAG,1013.2600746154785,1011.6600761413574,1012.5600547790527,1029.460075378418,1013.1200714111328,1012.500072479248,1014.3600730895996,1016.0800704956055,1012.8400650024414,Group: B,Group: C,Group: B vs Group: C,4,4,Blank_Blank_Blank
[TG(66:3)]_FA16:0,TAG,1019.2000732421875,1006.3600730895996,1025.9800643920898,1028.240062713623,1000.440071105957,1020.9000778198242,1003.0400695800781,1003.5800590515137,1036.6000747680664,Group: B,Group: C,Group: B vs Group: C,4,4,Blank_Blank_Blank
[TG(66:3)]_FA16:1,TAG,1104.5800704956055,1097.940071105957,1095.4200630187988,1091.940071105957,1103.860065460205,1097.3200874328613,1095.12007522583,1092.4800720214844,1119.1600761413574,Group: B,Group: C,Group: B vs Group: C,4,4,Blank_Blank_Blank
[TG(66:3)]_FA18:0,TAG,1011.8200759887695,1011.3400726318359,1011.9000701904297,1009.2800636291504,1010.7200736999512,1011.5800704956055,1011.7400779724121,1015.1400756835938,1011.4600791931152,Group: B,Group: C,Group: B vs Group: C,4,4,Blank_Blank_Blank
[TG(66:3)]_FA18:1,TAG,1096.2600784301758,1097.3800773620605,1142.3200798034668,1097.3200798034668,1108.5600624084473,1089.5000686645508,1091.1000785827637,1092.1400756835938,1096.4400749206543,Group: B,Group: C,Group: B vs Group: C,4,4,Blank_Blank_Blank
[TG(66:3)]_FA18:2,TAG,1127.9600791931152,1128.8600807189941,1170.4400787353516,1125.3200798034668,1125.9600791931152,1129.3000717163086,1126.8400688171387,1127.2600746154785,1129.2000846862793,Group: B,Group: C,Group: B vs Group: C,4,4,Blank_Blank_Blank
[TG(66:3)]_FA18:3,TAG,1208.2600898742676,1208.4800910949707,1207.5400924682617,1207.2200889587402,1210.5800819396973,1207.740089416504,1237.600082397461,1213.2400817871094,1213.7000846862793,Group: B,Group: C,Group: B vs Group: C,4,4,Blank_Blank_Blank
[TG(66:4)]_FA14:0,TAG,1042.04008102417,1033.2000770568848,1013.2400779724121,1011.7400703430176,1013.1800765991211,1012.6800727844238,1026.7200775146484,1034.2200736999512,1012.2200698852539,Group: B,Group: C,Group: B vs Group: C,4,4,Blank_Blank_Blank
[TG(66:4)]_FA16:0,TAG,1129.300090789795,1036.7400741577148,1153.500072479248,1131.700080871582,1159.7600784301758,1088.4600791931152,1002.2400665283203,1003.7200660705566,1010.6200637817383,Group: B,Group: C,Group: B vs Group: C,4,4,Blank_Blank_Blank
[TG(66:4)]_FA16:1,TAG,1131.680076599121,1097.8200759887695,1094.8600692749023,1091.9600830078125,1108.9200744628906,1094.8600769042969,1094.9200744628906,1092.0000839233398,1089.820083618164,Group: B,Group: C,Group: B vs Group: C,4,4,Blank_Blank_Blank
[TG(66:4)]_FA18:0,TAG,1012.4000701904297,1010.4400749206543,1012.3600730895996,1009.6000747680664,1010.4000663757324,1010.7200736999512,1011.2600631713867,1015.7200775146484,1081.1800804138184,Group: B,Group: C,Group: B vs Group: C,4,4,Blank_Blank_Blank
[TG(66:4)]_FA18:1,TAG,1119.0200843811035,1097.480079650879,1094.6400833129883,1097.7000770568848,1117.2600746154785,1088.8200721740723,1091.5800743103027,1091.6400680541992,1095.6600723266602,Group: B,Group: C,Group: B vs Group: C,4,4,Blank_Blank_Blank
[TG(66:4)]_FA18:2,TAG,1128.3800735473633,1128.340072631836,1146.4000778198242,1125.3200874328613,1187.680088043213,1146.7200889587402,1132.4800834655762,1151.1000862121582,1130.7200775146484,Group: B,Group: C,Group: B vs Group: C,4,4,Blank_Blank_Blank
[TG(66:4)]_FA18:3,TAG,1210.4200897216797,1209.2600746154785,1209.4400825500488,1208.880084991455,1253.180103302002,1208.5000915527344,1213.4200744628906,1213.740089416504,1214.4600715637207,Group: B,Group: C,Group: B vs Group: C,4,4,Blank_Blank_Blank
[TG(66:4)]_FA20:4,TAG,1291.080093383789,1293.7600784301758,1325.2200965881348,1288.6400909423828,1293.4800834655762,1293.7000885009766,1289.6000862121582,1290.040096282959,1288.180088043213,Group: B,Group: C,Group: B vs Group: C,4,4,Blank_Blank_Blank
[TG(66:5)]_FA14:0,TAG,1014.1400756835938,1012.9000663757324,1056.2600708007812,1012.0400733947754,1038.6200714111328,1013.3600730895996,1014.6200675964355,1016.8400726318359,1012.6800651550293,Group: B,Group: C,Group: B vs Group: C,4,4,Blank_Blank_Blank
[TG(66:5)]_FA16:0,TAG,1362.4600830078125,1310.3400840759277,2486.4601669311523,1650.9401359558105,4327.92024230957,1915.4001350402832,1091.160068511963,1155.9600868225098,1011.6000785827637,Group: B,Group: C,Group: B vs Group: C,4,4,Blank_Blank_Blank
[TG(66:5)]_FA16:1,TAG,1093.04008102417,1189.3400764465332,1093.4000816345215,1148.0000839233398,1093.3000831604004,1105.460075378418,1094.5800819396973,1092.4800834655762,1089.2200736999512,Group: B,Group: C,Group: B vs Group: C,4,4,Blank_Blank_Blank
[TG(66:5)]_FA18:0,TAG,1012.4400787353516,1042.8800811767578,1012.1000671386719,1009.8200607299805,1011.5600814819336,1029.9600677490234,1012.0400695800781,1014.4400787353516,1011.6600761413574,Group: B,Group: C,Group: B vs Group: C,4,4,Blank_Blank_Blank
[TG(66:5)]_FA18:1,TAG,1096.2400741577148,1098.1000747680664,1095.380084991455,1096.0000801086426,1088.480068206787,1089.1800804138184,1090.7000694274902,1091.7600746154785,1134.0800895690918,Group: B,Group: C,Group: B vs Group: C,4,4,Blank_Blank_Blank
[TG(66:5)]_FA18:2,TAG,1128.0200881958008,1128.640079498291,1188.3600769042969,1125.04008102417,1166.8600845336914,1139.6600799560547,1127.8200874328613,1126.7200775146484,1154.3400764465332,Group: B,Group: C,Group: B vs Group: C,4,4,Blank_Blank_Blank
[TG(66:5)]_FA18:3,TAG,1208.4400825500488,1209.4000816345215,1210.0800971984863,1207.240089416504,1263.4600791931152,1251.1200866699219,1214.1600875854492,1213.2600860595703,1213.320068359375,Group: B,Group: C,Group: B vs Group: C,4,4,Blank_Blank_Blank
[TG(66:5)]_FA20:4,TAG,1292.5400924682617,1307.000087738037,1292.7800903320312,1289.9600868225098,1294.7400856018066,1307.860092163086,1290.5400924682617,1289.6600952148438,1313.3800926208496,Group: B,Group: C,Group: B vs Group: C,4,4,Blank_Blank_Blank
[TG(66:5)]_FA22:5,TAG,1418.5801010131836,1417.680103302002,1417.8200950622559,1413.7601013183594,1415.4200973510742,1415.6200942993164,1416.0600891113281,1420.660083770752,1421.3400993347168,Group: B,Group: C,Group: B vs Group: C,4,4,Blank_Blank_Blank
[TG(66:6)]_FA14:0,TAG,1013.3800773620605,1011.9800720214844,1013.0000762939453,1011.3600616455078,1056.2000732421875,1011.3200759887695,1013.900074005127,1016.7400741577148,1012.940071105957,Group: B,Group: C,Group: B vs Group: C,4,4,Blank_Blank_Blank
[TG(66:6)]_FA16:0,TAG,1008.8600692749023,1048.2200736999512,1078.800064086914,1012.3000640869141,1057.0800704956055,1019.260066986084,1002.8800659179688,1003.3600769042969,1011.9400825500488,Group: B,Group: C,Group: B vs Group: C,4,4,Blank_Blank_Blank
[TG(66:6)]_FA16:1,TAG,1116.8000793457031,1097.4200820922852,1178.2600898742676,1148.3200798034668,1151.8200759887695,1186.2800788879395,1116.5000686645508,1091.400074005127,1089.900074005127,Group: B,Group: C,Group: B vs Group: C,4,4,Blank_Blank_Blank
[TG(66:6)]_FA18:0,TAG,1012.580078125,1011.5200691223145,1011.4000778198242,1009.5600662231445,1010.3800735473633,1010.6600799560547,1011.4000778198242,1014.3000717163086,1033.740062713623,Group: B,Group: C,Group: B vs Group: C,4,4,Blank_Blank_Blank
[TG(66:6)]_FA18:1,TAG,1107.4400825500488,1098.0200881958008,1094.9400901794434,1104.4000663757324,1098.1000671386719,1089.0400695800781,1090.62007522583,1091.4800758361816,1095.640079498291,Group: B,Group: C,Group: B vs Group: C,4,4,Blank_Blank_Blank
[TG(66:6)]_FA18:2,TAG,1149.4200744628906,1129.780086517334,1130.5200729370117,1125.720085144043,1163.6400680541992,1128.640079498291,1170.280086517334,1127.8600807189941,1128.9600791931152,Group: B,Group: C,Group: B vs Group: C,4,4,Blank_Blank_Blank
[TG(66:6)]_FA18:3,TAG,1209.4000968933105,1209.1800804138184,1212.1600799560547,1223.4600982666016,1210.7000846862793,1208.000072479248,1215.3200912475586,1214.5200729370117,1214.0800819396973,Group: B,Group: C,Group: B vs Group: C,4,4,Blank_Blank_Blank
[TG(66:6)]_FA20:4,TAG,1292.0800857543945,1295.6800918579102,1292.920093536377,1289.4801025390625,1295.8400840759277,1294.1200866699219,1290.3600959777832,1315.0401077270508,1302.1200981140137,Group: B,Group: C,Group: B vs Group: C,4,4,Blank_Blank_Blank
[TG(66:6)]_FA22:5,TAG,1418.8000984191895,1418.5200958251953,1418.8400840759277,1415.2800979614258,1415.9401016235352,1414.60009765625,1419.3400917053223,1423.1600914001465,1417.5600967407227,Group: B,Group: C,Group: B vs Group: C,4,4,Blank_Blank_Blank
[TG(66:6)]_FA22:6,TAG,1538.660099029541,1538.4201049804688,1543.6200942993164,1541.0401077270508,1540.6801109313965,1534.700107574463,1541.0801162719727,1539.480110168457,1539.6601181030273,Group: B,Group: C,Group: B vs Group: C,4,4,Blank_Blank_Blank
[TG(66:7)]_FA16:0,TAG,1008.0200576782227,1007.260066986084,1003.8800659179688,1006.0400619506836,1008.6200714111328,1002.9800491333008,1002.8200721740723,1004.3400688171387,1012.1400756835938,Group: B,Group: C,Group: B vs Group: C,4,4,Blank_Blank_Blank
[TG(66:7)]_FA16:1,TAG,1092.5800743103027,1097.7800788879395,1094.12007522583,1092.5000839233398,1092.780086517334,1094.840072631836,1093.5600814819336,1132.0800666809082,1089.4600677490234,Group: B,Group: C,Group: B vs Group: C,4,4,Blank_Blank_Blank
[TG(66:7)]_FA18:0,TAG,1012.3400611877441,1010.9200782775879,1010.5800704956055,1009.1000671386719,1009.8400688171387,1010.7600784301758,1012.4800643920898,1028.140079498291,1011.8400650024414,Group: B,Group: C,Group: B vs Group: C,4,4,Blank_Blank_Blank
[TG(66:7)]_FA18:1,TAG,1096.940071105957,1097.980079650879,1095.2200775146484,1096.0600852966309,1088.6600723266602,1140.3600845336914,1090.520076751709,1104.5800819396973,1096.5600814819336,Group: B,Group: C,Group: B vs Group: C,4,4,Blank_Blank_Blank
[TG(66:7)]_FA18:2,TAG,1127.3000793457031,1127.960075378418,1139.720069885254,1125.2400856018066,1185.740077972412,1147.6600723266602,1127.5400733947754,1126.820083618164,1129.5800704956055,Group: B,Group: C,Group: B vs Group: C,4,4,Blank_Blank_Blank
[TG(66:7)]_FA18:3,TAG,1209.1000785827637,1209.2400970458984,1208.9600791931152,1209.2000732421875,1211.200080871582,1208.820083618164,1214.2600860595703,1214.0000762939453,1214.6400833129883,Group: B,Group: C,Group: B vs Group: C,4,4,Blank_Blank_Blank
[TG(66:7)]_FA20:4,TAG,1291.980094909668,1294.7000923156738,1293.9000778198242,1316.7400856018066,1294.5400886535645,1293.6200828552246,1290.340087890625,1291.1600875854492,1288.6600952148438,Group: B,Group: C,Group: B vs Group: C,4,4,Blank_Blank_Blank
[TG(66:7)]_FA22:5,TAG,1419.4200820922852,1419.5000953674316,1418.8200988769531,1415.3000984191895,1418.0600929260254,1416.2200965881348,1446.2001037597656,1422.420093536377,1416.6201057434082,Group: B,Group: C,Group: B vs Group: C,4,4,Blank_Blank_Blank
[TG(66:7)]_FA22:6,TAG,1540.4001197814941,1538.8201179504395,1543.9201126098633,1542.5201034545898,1542.0801124572754,1535.4601135253906,1543.3601112365723,1566.380126953125,1539.740104675293,Group: B,Group: C,Group: B vs Group: C,4,4,Blank_Blank_Blank
"[TG(66:8),TG(65:1)]_FA14:0",TAG,1013.7600708007812,1013.3600654602051,1013.3200721740723,1017.9400672912598,1012.8800773620605,1011.7600746154785,1013.8800735473633,1016.3200721740723,1012.8600730895996,Group: B,Group: C,Group: B vs Group: C,4,4,Blank_Blank_Blank
"[TG(66:8),TG(65:1)]_FA16:0",TAG,1007.9800796508789,1007.1800689697266,1004.2200736999512,1005.9400672912598,999.5600738525391,1002.4200630187988,1002.3200759887695,1017.5200614929199,1011.7000770568848,Group: B,Group: C,Group: B vs Group: C,4,4,Blank_Blank_Blank
"[TG(66:8),TG(65:1)]_FA16:1",TAG,1050.4200706481934,1055.8400802612305,1051.9000701904297,1050.2600746154785,1049.8400688171387,1075.8600730895996,1052.7000732421875,1049.3400764465332,1047.2400703430176,Group: B,Group: C,Group: B vs Group: C,4,4,Blank_Blank_Blank
"[TG(66:8),TG(65:1)]_FA18:0",TAG,1012.0200653076172,1010.5200729370117,1037.3000679016113,1010.0400657653809,1011.500072479248,1012.0000762939453,1021.7200775146484,1015.1000709533691,1011.380069732666,Group: B,Group: C,Group: B vs Group: C,4,4,Blank_Blank_Blank
"[TG(66:8),TG(65:1)]_FA18:1",TAG,1054.440071105957,1056.1600761413574,1052.4400787353516,1054.2000770568848,1047.0400619506836,1058.6800804138184,1048.6200675964355,1049.8800659179688,1053.520076751709,Group: B,Group: C,Group: B vs Group: C,4,4,Blank_Blank_Blank
"[TG(66:8),TG(65:1)]_FA18:2",TAG,1156.9000701904297,1128.720085144043,1184.0200805664062,1125.6000709533691,1126.0600776672363,1153.4400825500488,1126.9600677490234,1126.5000801086426,1128.960075378418,Group: B,Group: C,Group: B vs Group: C,4,4,Blank_Blank_Blank
"[TG(66:8),TG(65:1)]_FA18:3",TAG,1209.1000938415527,1210.2800941467285,1209.9200973510742,1208.5800857543945,1211.4400825500488,1210.2000770568848,1216.400089263916,1214.3800735473633,1214.200080871582,Group: B,Group: C,Group: B vs Group: C,4,4,Blank_Blank_Blank
"[TG(66:8),TG(65:1)]_FA20:4",TAG,1291.6000900268555,1294.8000831604004,1292.900089263916,1289.2601013183594,1295.1600914001465,1309.8400955200195,1290.3400802612305,1290.000087738037,1288.9200973510742,Group: B,Group: C,Group: B vs Group: C,4,4,Blank_Blank_Blank
"[TG(66:8),TG(65:1)]_FA22:5",TAG,1493.240104675293,1418.700096130371,1418.7000999450684,1426.920108795166,1415.8401145935059,1417.2000923156738,1418.0401000976562,1421.0800971984863,1416.740104675293,Group: B,Group: C,Group: B vs Group: C,4,4,Blank_Blank_Blank
"[TG(66:8),TG(65:1)]_FA22:6",TAG,1539.2801132202148,1603.2400970458984,1544.440097808838,1541.2401008605957,1542.220100402832,1534.820110321045,1542.3601036071777,1540.940097808838,1540.0801162719727,Group: B,Group: C,Group: B vs Group: C,4,4,Blank_Blank_Blank
"[TG(66:9),TG(65:2)]_FA14:0",TAG,1026.7600784301758,1012.4600715637207,1011.9600715637207,1031.2800750732422,1012.8400726318359,1033.7000732421875,1013.6000709533691,1016.0800743103027,1012.1400718688965,Group: B,Group: C,Group: B vs Group: C,4,4,Blank_Blank_Blank
"[TG(66:9),TG(65:2)]_FA16:0",TAG,1008.400074005127,1006.8800659179688,1004.0800704956055,1006.1600723266602,1000.1600761413574,1021.9800643920898,1003.1600723266602,1003.2200698852539,1011.6600723266602,Group: B,Group: C,Group: B vs Group: C,4,4,Blank_Blank_Blank
"[TG(66:9),TG(65:2)]_FA16:1",TAG,1050.7200660705566,1069.12007522583,1052.7000770568848,1051.200080871582,1050.4800834655762,1052.5800857543945,1052.5800819396973,1049.3200721740723,1047.1600723266602,Group: B,Group: C,Group: B vs Group: C,4,4,Blank_Blank_Blank
"[TG(66:9),TG(65:2)]_FA18:0",TAG,1012.8600654602051,1010.9400787353516,1033.7800827026367,1009.4000701904297,1056.5800704956055,1010.9000663757324,1012.1800727844238,1015.7600746154785,1011.0600624084473,Group: B,Group: C,Group: B vs Group: C,4,4,Blank_Blank_Blank
"[TG(66:9),TG(65:2)]_FA18:1",TAG,1054.7800750732422,1056.3800811767578,1108.0000801086426,1055.2600860595703,1047.3200721740723,1114.7400856018066,1048.580078125,1049.3600807189941,1054.020076751709,Group: B,Group: C,Group: B vs Group: C,4,4,Blank_Blank_Blank
"[TG(66:9),TG(65:2)]_FA18:2",TAG,1140.8600730895996,1128.1800651550293,1184.340072631836,1125.8600692749023,1135.8600730895996,1129.680076599121,1127.8800773620605,1126.7200813293457,1129.2000732421875,Group: B,Group: C,Group: B vs Group: C,4,4,Blank_Blank_Blank
"[TG(66:9),TG(65:2)]_FA18:3",TAG,1208.9000816345215,1209.1400871276855,1240.0800895690918,1208.4400901794434,1244.700096130371,1209.0800819396973,1214.780086517334,1212.840087890625,1213.7000885009766,Group: B,Group: C,Group: B vs Group: C,4,4,Blank_Blank_Blank
"[TG(66:9),TG(65:2)]_FA20:4",TAG,1291.6401023864746,1293.1000862121582,1293.06010055542,1289.4400939941406,1294.5400848388672,1294.54008102417,1290.1400871276855,1317.4000930786133,1288.8600997924805,Group: B,Group: C,Group: B vs Group: C,4,4,Blank_Blank_Blank
"[TG(66:9),TG(65:2)]_FA22:5",TAG,1417.1600952148438,1419.4200897216797,1486.56010055542,1419.4801177978516,1416.480110168457,1418.0000915527344,1418.1601028442383,1420.7601051330566,1417.8200912475586,Group: B,Group: C,Group: B vs Group: C,4,4,Blank_Blank_Blank
"[TG(66:9),TG(65:2)]_FA22:6",TAG,1539.980110168457,1540.8001022338867,1543.8001136779785,1542.5601196289062,1541.5800895690918,1535.9201011657715,1542.5601081848145,1539.7401161193848,1571.9801139831543,Group: B,Group: C,Group: B vs Group: C,4,4,Blank_Blank_Blank
omega-linoleoyloxy-Cer(d18:0/26:0),Cer,1141.5400848388672,1109.8200798034668,1108.3600769042969,1116.4000778198242,1150.540096282959,1173.7000885009766,1140.62007522583,1228.2600898742676,1109.9400825500488,Group: B,Group: C,Group: B vs Group: C,4,4,Blank_Blank_Blank
omega-linoleoyloxy-Cer(d18:0/28:0),Cer,1113.780071258545,1140.4000854492188,1108.5400772094727,1116.7800788879395,1106.04008102417,1105.1200828552246,1103.5400695800781,1105.3800735473633,1108.0000801086426,Group: B,Group: C,Group: B vs Group: C,4,4,Blank_Blank_Blank
omega-linoleoyloxy-Cer(d18:0/30:0),Cer,1135.140079498291,1110.7200813293457,1121.3400802612305,1116.8000755310059,1105.7200736999512,1106.0200729370117,1102.8200912475586,1105.180088043213,1109.9400825500488,Group: B,Group: C,Group: B vs Group: C,4,4,Blank_Blank_Blank
omega-linoleoyloxy-Cer(d18:0/31:0),Cer,1113.8200798034668,1111.1000785827637,1108.8000831604004,1115.9800720214844,1106.4000816345215,1105.7400856018066,1103.5400772094727,1105.760082244873,1109.4800910949707,Group: B,Group: C,Group: B vs Group: C,4,4,Blank_Blank_Blank
omega-linoleoyloxy-Cer(d18:0/32:0),Cer,1141.2400856018066,1110.4400825500488,1108.5200805664062,1177.4800758361816,1130.980079650879,1104.9600791931152,1103.7800750732422,1105.4400672912598,1142.240077972412,Group: B,Group: C,Group: B vs Group: C,4,4,Blank_Blank_Blank
omega-linoleoyloxy-Cer(d18:0/33:0),Cer,1114.2600784301758,1135.1200714111328,1108.3000755310059,1117.5600700378418,1105.8000755310059,1109.0600776672363,1140.1600875854492,1105.8000793457031,1108.7600784301758,Group: B,Group: C,Group: B vs Group: C,4,4,Blank_Blank_Blank
omega-linoleoyloxy-Cer(d18:0/34:0),Cer,1112.7600746154785,1111.0400848388672,1148.5400772094727,1115.7400856018066,1105.8800773620605,1104.8800659179688,1103.4600715637207,1105.9800834655762,1109.740077972412,Group: B,Group: C,Group: B vs Group: C,4,4,Blank_Blank_Blank
omega-linoleoyloxy-Cer(d18:1/26:0),Cer,1154.740077972412,1124.1800804138184,1121.6000862121582,1116.640079498291,1136.4400787353516,1115.4800834655762,1103.2800636291504,1162.2600784301758,1108.2800903320312,Group: B,Group: C,Group: B vs Group: C,4,4,Blank_Blank_Blank
omega-linoleoyloxy-Cer(d18:1/27:0),Cer,1114.4200630187988,1166.100082397461,1107.9000778198242,1116.5000762939453,1133.0800666809082,1104.6000747680664,1142.480079650879,1105.640079498291,1107.980079650879,Group: B,Group: C,Group: B vs Group: C,4,4,Blank_Blank_Blank
omega-linoleoyloxy-Cer(d18:1/28:0),Cer,1113.6600799560547,1110.8800735473633,1108.240089416504,1116.940086364746,1105.280086517334,1107.2800788879395,1103.7800827026367,1106.0200729370117,1122.2600746154785,Group: B,Group: C,Group: B vs Group: C,4,4,Blank_Blank_Blank
omega-linoleoyloxy-Cer(d18:1/29:0),Cer,1137.4600791931152,1111.0000839233398,1107.900089263916,1115.900074005127,1106.220085144043,1105.3000793457031,1103.2600746154785,1115.9200744628906,1123.7600898742676,Group: B,Group: C,Group: B vs Group: C,4,4,Blank_Blank_Blank
omega-linoleoyloxy-Cer(d18:1/30:0),Cer,1164.0200805664062,1162.2200813293457,1108.3400917053223,1125.5200653076172,1105.380069732666,1105.400074005127,1103.3200798034668,1106.1600723266602,1141.240077972412,Group: B,Group: C,Group: B vs Group: C,4,4,Blank_Blank_Blank
omega-linoleoyloxy-Cer(d18:1/31:0),Cer,1113.8400802612305,1111.12007522583,1107.7400856018066,1115.4800834655762,1106.3200721740723,1105.2600746154785,1103.640079498291,1105.7600860595703,1108.9000816345215,Group: B,Group: C,Group: B vs Group: C,4,4,Blank_Blank_Blank
omega-linoleoyloxy-Cer(d18:1/32:0),Cer,1114.1400833129883,1110.2800903320312,1109.0400733947754,1123.0000762939453,1106.2400817871094,1104.820083618164,1102.9200859069824,1106.2600593566895,1108.680088043213,Group: B,Group: C,Group: B vs Group: C,4,4,Blank_Blank_Blank
omega-linoleoyloxy-Cer(d18:1/33:0),Cer,1161.440086364746,1111.3200874328613,1107.6200904846191,1115.820083618164,1105.7400741577148,1106.020076751709,1103.000072479248,1105.6400756835938,1117.3000755310059,Group: B,Group: C,Group: B vs Group: C,4,4,Blank_Blank_Blank
omega-linoleoyloxy-Cer(d18:1/34:0),Cer,1113.380069732666,1111.440071105957,1108.2600860595703,1130.5200729370117,1205.2200889587402,1105.1800727844238,1103.920078277588,1105.0400848388672,1109.1000709533691,Group: B,Group: C,Group: B vs Group: C,4,4,Blank_Blank_Blank
omega-linoleoyloxy-Cer(d18:2/30:0),Cer,1113.4400787353516,1110.7000732421875,1108.3600769042969,1116.660083770752,1122.3000793457031,1104.6400718688965,1103.3600807189941,1120.8400840759277,1109.3000793457031,Group: B,Group: C,Group: B vs Group: C,4,4,Blank_Blank_Blank
omega-linoleoyloxy-Cer(d18:2/31:0),Cer,1113.9000701904297,1110.9200744628906,1107.8400802612305,1154.7600746154785,1105.1800804138184,1105.9800834655762,1103.9600677490234,1105.5800857543945,1157.480079650879,Group: B,Group: C,Group: B vs Group: C,4,4,Blank_Blank_Blank
omega-linoleoyloxy-Cer(d18:2/32:0),Cer,1113.9800720214844,1111.6800727844238,1107.860092163086,1115.9800758361816,1106.1800804138184,1105.1000747680664,1104.0400733947754,1134.8600807189941,1108.9000854492188,Group: B,Group: C,Group: B vs Group: C,4,4,Blank_Blank_Blank
omega-linoleoyloxy-Cer(d18:2/34:0),Cer,1113.6000709533691,1111.5600814819336,1108.0400733947754,1116.380069732666,1105.680076599121,1104.5200653076172,1103.62007522583,1105.000072479248,1108.2400741577148,Group: B,Group: C,Group: B vs Group: C,4,4,Blank_Blank_Blank
omega-linoleoyloxy-Cer(d19:0/28:0),Cer,1160.7000732421875,1125.8400917053223,1115.7000732421875,1124.8200759887695,1106.2400817871094,1104.8200759887695,1133.0400772094727,1105.4400749206543,1108.6800689697266,Group: B,Group: C,Group: B vs Group: C,4,4,Blank_Blank_Blank
omega-linoleoyloxy-Cer(d19:0/34:0),Cer,1114.4400825500488,1110.660083770752,1128.4200744628906,1116.6800689697266,1105.7800827026367,1105.220085144043,1103.5400772094727,1105.8400764465332,1145.7400856018066,Group: B,Group: C,Group: B vs Group: C,4,4,Blank_Blank_Blank
omega-linoleoyloxy-Cer(d19:1/34:0),Cer,1113.7800788879395,1111.180088043213,1107.6400871276855,1116.2000732421875,1105.320083618164,1105.0600700378418,1104.1200675964355,1105.5400733947754,1109.0800895690918,Group: B,Group: C,Group: B vs Group: C,4,4,Blank_Blank_Blank
omega-linoleoyloxy-Cer(d20:1/34:0),Cer,1113.9400825500488,1110.420078277588,1110.1600799560547,1116.5400733947754,1114.7800788879395,1127.7800788879395,1104.12007522583,1105.8000717163086,1109.0000839233398,Group: B,Group: C,Group: B vs Group: C,4,4,Blank_Blank_Blank
omega-linoleoyloxy-Cer(d21:0/33:0),Cer,1113.6200790405273,1110.1400756835938,1108.760082244873,1116.100082397461,1105.920078277588,1163.3200874328613,1103.7200736999512,1105.2400741577148,1108.2600746154785,Group: B,Group: C,Group: B vs Group: C,4,4,Blank_Blank_Blank
omega-linoleoyloxy-GlcCer(d18:1/30:0),Cer,1111.3200721740723,1108.9000816345215,1107.1600761413574,1114.140079498291,1103.6200714111328,1104.1400909423828,1101.7000732421875,1103.6400680541992,1106.8600807189941,Group: B,Group: C,Group: B vs Group: C,4,4,Blank_Blank_Blank
