Lipid,Class,FAD199_m1_66_D,FAD199_m3_66_D,FAD201_m5_61_D,FAD265_m3_59_D,FAD261_m3_81_C,FAD265_m2_74_C,FAD309_55_C,FAD325_39_C,Blank_Blank_Blank,Title1,Title2,Title,length1,length2,Blank_name
1-O-behenoyl-Cer(d18:1/16:0),Cer,1144.8200798034668,1266.4200859069824,1217.5800819396973,1178.0200881958008,1163.6600799560547,1216.580078125,1413.6601066589355,1123.2400856018066,1139.1600761413574,Group: D,Group: C,Group: D vs Group: C,4,4,Blank_Blank_Blank
1-O-carboceroyl-Cer(d18:1/18:0),Cer,1112.7000770568848,1212.04008102417,1128.840072631836,1161.2600898742676,1141.2800903320312,1132.9800834655762,1120.8600845336914,1152.3000831604004,1228.360092163086,Group: D,Group: C,Group: D vs Group: C,4,4,Blank_Blank_Blank
1-O-cerotoyl-Cer(d18:1/16:0),Cer,1112.060073852539,1135.6400718688965,1114.6400756835938,1201.6000938415527,1106.1600799560547,1171.1000785827637,1361.9801063537598,1176.7200775146484,1109.600082397461,Group: D,Group: C,Group: D vs Group: C,4,4,Blank_Blank_Blank
1-O-cerotoyl-Cer(d18:1/18:0),Cer,1150.2800674438477,1171.0800819396973,1130.1000785827637,1179.3600883483887,1140.8600730895996,1104.6800727844238,1143.6400718688965,1105.2200775146484,1108.6000785827637,Group: D,Group: C,Group: D vs Group: C,4,4,Blank_Blank_Blank
1-O-eicosanoyl-Cer(d18:1/16:0),Cer,1101.4200744628906,1100.3200721740723,1133.2400817871094,1069.320083618164,1064.4600715637207,1097.400089263916,1145.2000770568848,1074.0000801086426,1104.2000846862793,Group: D,Group: C,Group: D vs Group: C,4,4,Blank_Blank_Blank
1-O-lignoceroyl-Cer(d18:1/16:0),Cer,1141.940071105957,1134.9600791931152,1201.7600784301758,1165.7000846862793,1107.340072631836,1270.2400817871094,1293.700096130371,1248.1200942993164,1208.6400985717773,Group: D,Group: C,Group: D vs Group: C,4,4,Blank_Blank_Blank
1-O-pentacosanoyl-Cer(d18:1/16:0),Cer,1199.3600883483887,1822.7801399230957,2010.2401313781738,2156.8801345825195,1301.820083618164,1539.2201232910156,4264.000305175781,1334.3600959777832,1130.740077972412,Group: D,Group: C,Group: D vs Group: C,4,4,Blank_Blank_Blank
1-O-tricosanoyl-Cer(d18:1/16:0),Cer,1525.8801307678223,3167.3401794433594,2807.220203399658,2755.9601707458496,1743.3801193237305,2091.860122680664,6054.760437011719,2011.9601707458496,1164.400089263916,Group: D,Group: C,Group: D vs Group: C,4,4,Blank_Blank_Blank
1-O-tricosanoyl-Cer(d18:1/18:0),Cer,1113.2600746154785,1114.5000686645508,1114.6000785827637,1109.740089416504,1106.2800827026367,1104.9200744628906,1148.3800735473633,1105.3600730895996,1164.000072479248,Group: D,Group: C,Group: D vs Group: C,4,4,Blank_Blank_Blank
CAR,CAR,2822.6001892089844,2178.24015045166,3656.060230255127,3088.500217437744,2400.7401847839355,2317.0401496887207,2699.1601753234863,1963.960132598877,1858.7201194763184,Group: D,Group: C,Group: D vs Group: C,4,4,Blank_Blank_Blank
CAR(10:0),CAR,2424.4601821899414,2052.8801460266113,3898.3002700805664,3012.440216064453,2574.920192718506,2155.460147857666,2616.26016998291,1954.3201446533203,2661.9001693725586,Group: D,Group: C,Group: D vs Group: C,4,4,Blank_Blank_Blank
CAR(10:0)_QUAL,CAR,3308.2402381896973,2574.680164337158,4765.580360412598,3706.280246734619,3252.3602333068848,2701.720169067383,3535.2002754211426,2258.740165710449,2898.900215148926,Group: D,Group: C,Group: D vs Group: C,4,4,Blank_Blank_Blank
CAR(10:1),CAR,3281.2202186584473,2258.8601608276367,3818.0602951049805,3514.520233154297,2610.260185241699,3164.260223388672,2822.2201919555664,2092.4601554870605,2162.0001487731934,Group: D,Group: C,Group: D vs Group: C,4,4,Blank_Blank_Blank
CAR(10:1)_QUAL,CAR,3253.720241546631,2809.1201934814453,5163.160358428955,3681.6802673339844,3015.320198059082,2605.080177307129,3776.5802268981934,2012.9401397705078,3336.540256500244,Group: D,Group: C,Group: D vs Group: C,4,4,Blank_Blank_Blank
CAR(10:2),CAR,2853.400203704834,2036.140151977539,4015.0802841186523,2852.0602111816406,3157.7802200317383,2744.8202018737793,3366.7802391052246,2237.3601570129395,2405.200164794922,Group: D,Group: C,Group: D vs Group: C,4,4,Blank_Blank_Blank
CAR(10:2)_QUAL,CAR,22179.781616210938,20332.621459960938,44016.34289550781,28926.301788330078,31457.742042541504,21248.661712646484,29809.322189331055,16650.8212890625,23348.381622314453,Group: D,Group: C,Group: D vs Group: C,4,4,Blank_Blank_Blank
CAR(10:3),CAR,1989.1401290893555,1957.4401359558105,2752.040199279785,1988.8801307678223,1964.540138244629,1957.760124206543,2112.7401580810547,1693.3801155090332,1812.9601249694824,Group: D,Group: C,Group: D vs Group: C,4,4,Blank_Blank_Blank
CAR(10:3)_QUAL,CAR,2557.880172729492,1961.5601425170898,3620.000286102295,3057.2402267456055,2391.2601623535156,2353.0401725769043,3012.240203857422,2094.820156097412,3044.8602256774902,Group: D,Group: C,Group: D vs Group: C,4,4,Blank_Blank_Blank
CAR(11:0),CAR,2124.5801391601562,1939.0801239013672,2765.180160522461,2832.3802032470703,2332.6201553344727,2050.480155944824,2343.040153503418,1740.9201202392578,2144.900146484375,Group: D,Group: C,Group: D vs Group: C,4,4,Blank_Blank_Blank
CAR(11:0)_QUAL,CAR,3342.040237426758,3205.1001930236816,5227.060363769531,3571.9002723693848,3891.220283508301,3036.16019821167,4235.900321960449,2681.2002029418945,3157.1801986694336,Group: D,Group: C,Group: D vs Group: C,4,4,Blank_Blank_Blank
CAR(12:0),CAR,1710.3201026916504,1671.8601303100586,1974.1601448059082,1869.1201286315918,1836.6601219177246,1700.9201126098633,1900.3601303100586,1541.8200988769531,1750.320125579834,Group: D,Group: C,Group: D vs Group: C,4,4,Blank_Blank_Blank
CAR(12:0)_QUAL,CAR,3343.880226135254,2690.3001708984375,4647.280326843262,3616.0802421569824,3272.2602348327637,2605.3001823425293,4117.820274353027,2435.8801765441895,2939.100200653076,Group: D,Group: C,Group: D vs Group: C,4,4,Blank_Blank_Blank
CAR(14:0),CAR,2128.9601669311523,2138.320171356201,2935.6002044677734,2706.2602005004883,2434.040180206299,2159.3601570129395,2097.740146636963,1807.1601219177246,1947.8601341247559,Group: D,Group: C,Group: D vs Group: C,4,4,Blank_Blank_Blank
CAR(14:0)_QUAL,CAR,5522.320407867432,4207.580333709717,8759.020622253418,6038.120456695557,5561.8204345703125,4271.4603271484375,6432.200496673584,3749.1402702331543,4949.740325927734,Group: D,Group: C,Group: D vs Group: C,4,4,Blank_Blank_Blank
CAR(14:1),CAR,2185.8601455688477,2163.600154876709,2269.4001541137695,2514.2601737976074,2015.8401565551758,1992.2001419067383,1978.9401473999023,1685.2001113891602,1837.2401237487793,Group: D,Group: C,Group: D vs Group: C,4,4,Blank_Blank_Blank
CAR(14:1)_QUAL,CAR,4601.700336456299,4431.140281677246,8566.240615844727,5965.080406188965,6406.100456237793,4676.20036315918,5218.580364227295,3799.6202507019043,5046.040378570557,Group: D,Group: C,Group: D vs Group: C,4,4,Blank_Blank_Blank
CAR(14:2),CAR,3130.2002449035645,2801.0202293395996,5129.980354309082,3784.1402702331543,3581.88028717041,3007.180202484131,3591.160259246826,2517.680164337158,3186.260227203369,Group: D,Group: C,Group: D vs Group: C,4,4,Blank_Blank_Blank
CAR(14:2)_QUAL,CAR,52433.423583984375,44321.98294067383,103665.9877319336,62098.084411621094,73661.20541381836,46761.14373779297,66833.90441894531,37791.56248474121,51347.30401611328,Group: D,Group: C,Group: D vs Group: C,4,4,Blank_Blank_Blank
CAR(16:0),CAR,2460.660167694092,2631.700206756592,3576.720241546631,2691.920181274414,2187.840156555176,2563.080177307129,2809.7201919555664,1976.6001586914062,2108.1201553344727,Group: D,Group: C,Group: D vs Group: C,4,4,Blank_Blank_Blank
CAR(16:0)_QUAL,CAR,4344.620315551758,3650.7402572631836,7294.520469665527,5058.500354766846,5043.38032913208,3653.500286102295,5588.260398864746,3056.280200958252,3809.7002716064453,Group: D,Group: C,Group: D vs Group: C,4,4,Blank_Blank_Blank
CAR(16:1),CAR,1958.7801361083984,2011.7601585388184,2366.3801612854004,2093.040153503418,1846.4201278686523,1825.10013961792,2018.3201293945312,1643.3201065063477,1816.640121459961,Group: D,Group: C,Group: D vs Group: C,4,4,Blank_Blank_Blank
CAR(16:1)_QUAL,CAR,5912.940441131592,4842.860385894775,10138.320751190186,6586.320465087891,6791.900466918945,4922.880321502686,7663.000518798828,4169.200275421143,7357.380523681641,Group: D,Group: C,Group: D vs Group: C,4,4,Blank_Blank_Blank
CAR(16:2),CAR,2089.5401573181152,2191.2001724243164,3101.1802253723145,2836.2602195739746,2302.4201622009277,2417.2801780700684,2401.940174102783,2209.6401405334473,1863.6401290893555,Group: D,Group: C,Group: D vs Group: C,4,4,Blank_Blank_Blank
CAR(16:2)_QUAL,CAR,2888.5002212524414,2414.200164794922,4120.200290679932,2915.220226287842,2970.2802200317383,2508.020179748535,3171.380229949951,2275.5001640319824,2864.0202140808105,Group: D,Group: C,Group: D vs Group: C,4,4,Blank_Blank_Blank
CAR(17:0),CAR,3096.440200805664,2518.240188598633,4507.420330047607,3148.700252532959,2961.120189666748,2523.520175933838,3462.9202728271484,1967.2201461791992,2831.5202255249023,Group: D,Group: C,Group: D vs Group: C,4,4,Blank_Blank_Blank
CAR(17:0)_QUAL,CAR,6794.740501403809,5169.180362701416,11420.220840454102,7304.7404861450195,7105.18049621582,6058.960468292236,7765.620529174805,4614.340293884277,5544.080337524414,Group: D,Group: C,Group: D vs Group: C,4,4,Blank_Blank_Blank
CAR(18:0),CAR,2665.7601928710938,1911.820140838623,3432.740261077881,2919.960216522217,2424.9401893615723,2478.060157775879,2630.3402061462402,1845.3801193237305,2296.820167541504,Group: D,Group: C,Group: D vs Group: C,4,4,Blank_Blank_Blank
CAR(18:0)_QUAL,CAR,4244.460273742676,3896.9802856445312,6956.720470428467,4675.560329437256,5000.06033706665,4095.20027923584,5264.400352478027,3658.500259399414,4162.380275726318,Group: D,Group: C,Group: D vs Group: C,4,4,Blank_Blank_Blank
CAR(18:1),CAR,2868.020217895508,2130.1201515197754,3592.2802734375,2652.660186767578,2235.800178527832,3289.9602394104004,2645.600170135498,1952.300136566162,1948.2201347351074,Group: D,Group: C,Group: D vs Group: C,4,4,Blank_Blank_Blank
CAR(18:1)_QUAL,CAR,3788.6002769470215,3456.6802673339844,6222.280448913574,4786.6403884887695,4656.000335693359,3354.0202026367188,4377.5602951049805,3093.9402084350586,3794.940254211426,Group: D,Group: C,Group: D vs Group: C,4,4,Blank_Blank_Blank
CAR(18:2),CAR,3379.780227661133,3379.2602577209473,4826.000358581543,3476.12020111084,2938.0801963806152,2973.7402420043945,3294.7802200317383,2883.620185852051,2877.360176086426,Group: D,Group: C,Group: D vs Group: C,4,4,Blank_Blank_Blank
CAR(18:2)_QUAL,CAR,3561.540252685547,2936.640182495117,4953.560348510742,3809.3802795410156,3553.1202812194824,3007.020206451416,3509.260265350342,2709.1002082824707,3380.560234069824,Group: D,Group: C,Group: D vs Group: C,4,4,Blank_Blank_Blank
CAR(18:3),CAR,2598.8201866149902,2351.260154724121,3749.3202590942383,2605.680160522461,2412.3001823425293,2469.2201919555664,3174.5602378845215,2042.480136871338,2588.780204772949,Group: D,Group: C,Group: D vs Group: C,4,4,Blank_Blank_Blank
CAR(18:3)_QUAL,CAR,4596.940288543701,3532.7002296447754,7055.160491943359,4998.500354766846,4866.660331726074,4002.460273742676,4718.940319061279,3454.380302429199,4367.680294036865,Group: D,Group: C,Group: D vs Group: C,4,4,Blank_Blank_Blank
CAR(18:4),CAR,3352.960231781006,3042.740219116211,5655.640380859375,4081.560291290283,3442.040237426758,2864.600200653076,4117.420330047607,2228.3401374816895,3211.8402519226074,Group: D,Group: C,Group: D vs Group: C,4,4,Blank_Blank_Blank
CAR(18:4)_QUAL,CAR,4398.160350799561,4087.84024810791,7925.360488891602,4890.380336761475,4736.480377197266,3643.3202590942383,5295.820358276367,3345.840274810791,3885.4603004455566,Group: D,Group: C,Group: D vs Group: C,4,4,Blank_Blank_Blank
CAR(20:0),CAR,2482.900188446045,2081.120147705078,2778.9801864624023,2009.000144958496,1993.0401229858398,2085.420154571533,2003.3601379394531,1813.7601318359375,1862.6201362609863,Group: D,Group: C,Group: D vs Group: C,4,4,Blank_Blank_Blank
CAR(20:0)_QUAL,CAR,5956.480419158936,4985.000343322754,10488.56069946289,7405.740455627441,6964.700523376465,5644.440410614014,7342.2205810546875,4800.000358581543,5530.580421447754,Group: D,Group: C,Group: D vs Group: C,4,4,Blank_Blank_Blank
CAR(20:1),CAR,3327.3402366638184,3256.180221557617,4166.900352478027,3472.2002334594727,2831.3202018737793,3019.620204925537,2995.9602088928223,2519.9801902770996,2492.540184020996,Group: D,Group: C,Group: D vs Group: C,4,4,Blank_Blank_Blank
CAR(20:1)_QUAL,CAR,2960.9002075195312,2481.2601737976074,4220.94030380249,3354.5002517700195,2829.9001960754395,2687.8801918029785,3402.100212097168,2451.660167694092,2906.4402351379395,Group: D,Group: C,Group: D vs Group: C,4,4,Blank_Blank_Blank
CAR(20:2),CAR,4833.080337524414,5251.900352478027,8560.0806350708,5423.540374755859,5175.220386505127,4239.500324249268,6347.620429992676,3159.7002487182617,4415.460342407227,Group: D,Group: C,Group: D vs Group: C,4,4,Blank_Blank_Blank
CAR(20:2)_QUAL,CAR,3338.100238800049,3132.5802268981934,5219.000392913818,3900.5002975463867,3582.4402503967285,3378.500244140625,3512.4002571105957,2606.6201553344727,3671.500289916992,Group: D,Group: C,Group: D vs Group: C,4,4,Blank_Blank_Blank
CAR(20:4),CAR,2202.8601570129395,2005.0601348876953,2594.800178527832,2063.7801475524902,2110.440174102783,1938.2201461791992,2319.2801513671875,1628.4801025390625,1948.0401306152344,Group: D,Group: C,Group: D vs Group: C,4,4,Blank_Blank_Blank
CAR(20:4)_QUAL,CAR,3186.6602172851562,3013.060199737549,4761.540370941162,3791.340259552002,3257.2802391052246,2831.240222930908,3795.9203033447266,2687.8201904296875,3134.6801948547363,Group: D,Group: C,Group: D vs Group: C,4,4,Blank_Blank_Blank
CAR(22:0),CAR,4130.300258636475,3083.040241241455,5922.580463409424,3316.820240020752,3278.1002464294434,4473.920364379883,3739.420265197754,3085.1202354431152,2918.240219116211,Group: D,Group: C,Group: D vs Group: C,4,4,Blank_Blank_Blank
CAR(22:0)_QUAL,CAR,3855.620273590088,4052.9402770996094,6631.820449829102,4554.400310516357,4733.460334777832,3795.060276031494,5015.04035949707,3095.6802368164062,4026.280288696289,Group: D,Group: C,Group: D vs Group: C,4,4,Blank_Blank_Blank
CAR(22:2),CAR,3841.9602661132812,3419.6002655029297,5991.520408630371,4569.820362091064,3865.7402381896973,3297.1802253723145,4408.940299987793,3207.0402297973633,3558.900230407715,Group: D,Group: C,Group: D vs Group: C,4,4,Blank_Blank_Blank
CAR(22:2)_QUAL,CAR,7396.840518951416,6150.8403968811035,13037.780860900879,9233.020652770996,9504.9206199646,6573.86051940918,9338.360694885254,5325.540420532227,7421.480499267578,Group: D,Group: C,Group: D vs Group: C,4,4,Blank_Blank_Blank
CAR(22:4),CAR,1954.2401428222656,1808.0601119995117,2495.920181274414,2079.640151977539,1898.7001495361328,1826.6001358032227,2003.0401458740234,1763.7801246643066,2133.460159301758,Group: D,Group: C,Group: D vs Group: C,4,4,Blank_Blank_Blank
CAR(22:4)_QUAL,CAR,4037.480293273926,3686.6202545166016,6919.300498962402,4519.320350646973,4469.58028793335,3571.9202842712402,4660.840320587158,3164.720199584961,3600.360237121582,Group: D,Group: C,Group: D vs Group: C,4,4,Blank_Blank_Blank
CAR(22:5),CAR,1681.480110168457,1558.8001174926758,1814.1801261901855,1940.5401420593262,1559.260108947754,1611.4401054382324,2016.7001457214355,1564.900104522705,1690.4001083374023,Group: D,Group: C,Group: D vs Group: C,4,4,Blank_Blank_Blank
CAR(22:5)_QUAL,CAR,13547.660926818848,12880.180870056152,41218.982192993164,16905.98137664795,16850.921142578125,11484.380912780762,13985.820991516113,9217.620666503906,9577.780662536621,Group: D,Group: C,Group: D vs Group: C,4,4,Blank_Blank_Blank
CAR(22:6),CAR,1934.460147857666,1920.7201347351074,2398.260181427002,2098.340160369873,2014.1201477050781,1897.1601257324219,2371.4601440429688,1750.2601203918457,1972.0601425170898,Group: D,Group: C,Group: D vs Group: C,4,4,Blank_Blank_Blank
CAR(22:6)_QUAL,CAR,4962.240352630615,4476.780300140381,8662.220649719238,5663.9204177856445,6174.540409088135,4975.200355529785,6606.960487365723,4618.380310058594,5134.700370788574,Group: D,Group: C,Group: D vs Group: C,4,4,Blank_Blank_Blank
CAR(26:0),CAR,6495.880439758301,6702.880439758301,11537.8408203125,8289.34056854248,7432.720516204834,6857.08056640625,8194.260593414307,4642.9803466796875,6618.92045211792,Group: D,Group: C,Group: D vs Group: C,4,4,Blank_Blank_Blank
CAR(26:0)_QUAL,CAR,5185.320365905762,4383.180320739746,8163.720573425293,5705.500396728516,6412.360412597656,4592.200336456299,6356.700393676758,4227.060264587402,4622.8603515625,Group: D,Group: C,Group: D vs Group: C,4,4,Blank_Blank_Blank
CAR(2:0),CAR,1907.780128479004,1597.900131225586,2430.3001861572266,1594.9401168823242,1816.9001388549805,1542.1401062011719,1756.0201263427734,1530.4001007080078,1491.7801094055176,Group: D,Group: C,Group: D vs Group: C,4,4,Blank_Blank_Blank
CAR(2:0)_QUAL,CAR,1803.6801223754883,1526.7001190185547,2010.360149383545,1637.280117034912,1570.860107421875,1586.5601043701172,1893.880142211914,1659.7801094055176,1694.5601119995117,Group: D,Group: C,Group: D vs Group: C,4,4,Blank_Blank_Blank
CAR(3:0),CAR,1562.1401023864746,1507.1201133728027,1728.7001304626465,1596.5401000976562,1538.740104675293,1583.5601272583008,1622.0401153564453,1393.3600997924805,1683.2801246643066,Group: D,Group: C,Group: D vs Group: C,4,4,Blank_Blank_Blank
CAR(3:0)_QUAL,CAR,4373.480304718018,3759.900302886963,7266.360450744629,5018.100368499756,3099.6802406311035,2895.380214691162,5205.1203689575195,2512.1402015686035,4814.180316925049,Group: D,Group: C,Group: D vs Group: C,4,4,Blank_Blank_Blank
CAR(3:1),CAR,2134.9601440429688,1833.180118560791,2433.2401695251465,2078.360134124756,2265.1401557922363,1906.980136871338,2255.400161743164,1839.6201210021973,2157.980155944824,Group: D,Group: C,Group: D vs Group: C,4,4,Blank_Blank_Blank
CAR(3:1)_QUAL,CAR,5497.800426483154,4413.740295410156,9103.760654449463,6272.640453338623,4568.540294647217,4963.380386352539,6775.320449829102,3110.3002128601074,6171.960414886475,Group: D,Group: C,Group: D vs Group: C,4,4,Blank_Blank_Blank
CAR(4:0),CAR,1601.7401123046875,1570.3001098632812,2007.9001388549805,1880.2801475524902,1700.4201278686523,1720.980110168457,1653.2401161193848,1478.1600914001465,1752.10013961792,Group: D,Group: C,Group: D vs Group: C,4,4,Blank_Blank_Blank
CAR(4:0)_QUAL,CAR,2381.820152282715,2095.480167388916,3700.7602729797363,2643.1401901245117,2847.000186920166,2361.0401649475098,2960.440216064453,1959.880126953125,2275.4201698303223,Group: D,Group: C,Group: D vs Group: C,4,4,Blank_Blank_Blank
CAR(4:1),CAR,8031.660530090332,6929.040512084961,13581.440971374512,8166.600589752197,9687.680793762207,7305.5004959106445,9941.34075164795,5671.240409851074,7143.620491027832,Group: D,Group: C,Group: D vs Group: C,4,4,Blank_Blank_Blank
CAR(4:1)_QUAL,CAR,2810.3401985168457,2262.0001525878906,3910.660316467285,3001.2202377319336,2630.3202018737793,2314.0201568603516,3060.6602210998535,2283.76016998291,2640.4201736450195,Group: D,Group: C,Group: D vs Group: C,4,4,Blank_Blank_Blank
CAR(5:0),CAR,2446.020191192627,2219.4001388549805,3919.6602783203125,3385.6602363586426,2811.680202484131,2420.14017868042,2775.200206756592,2255.62015914917,2390.820171356201,Group: D,Group: C,Group: D vs Group: C,4,4,Blank_Blank_Blank
CAR(5:0)_QUAL,CAR,2777.920196533203,2170.2401580810547,4105.300296783447,2717.0001945495605,2971.6202278137207,2395.780170440674,3313.400203704834,1867.8801155090332,2559.0201988220215,Group: D,Group: C,Group: D vs Group: C,4,4,Blank_Blank_Blank
CAR(5:1),CAR,1895.6801223754883,1983.880126953125,2538.64017868042,2100.3801460266113,2045.0801277160645,2069.780143737793,2402.680160522461,1650.680103302002,2031.5201416015625,Group: D,Group: C,Group: D vs Group: C,4,4,Blank_Blank_Blank
CAR(5:1)_QUAL,CAR,1990.0401496887207,1723.2601127624512,2610.820182800293,2411.3001556396484,2236.2601623535156,1816.6201286315918,2038.0201377868652,1555.5201034545898,1809.4401397705078,Group: D,Group: C,Group: D vs Group: C,4,4,Blank_Blank_Blank
CAR(6:0),CAR,1686.7201194763184,1495.720115661621,1741.6001319885254,1870.320140838623,1842.7401313781738,1510.760097503662,1770.4601249694824,1533.4801025390625,1663.4001007080078,Group: D,Group: C,Group: D vs Group: C,4,4,Blank_Blank_Blank
CAR(6:0)_QUAL,CAR,2442.6001586914062,2279.380157470703,3381.160243988037,2814.660213470459,2510.26016998291,2083.2401542663574,2672.960189819336,1731.2601280212402,2244.3801612854004,Group: D,Group: C,Group: D vs Group: C,4,4,Blank_Blank_Blank
CAR(6:1),CAR,7371.380561828613,6077.340480804443,11038.300765991211,7398.940528869629,8028.340549468994,5850.200382232666,8412.820575714111,4663.940338134766,6792.740482330322,Group: D,Group: C,Group: D vs Group: C,4,4,Blank_Blank_Blank
CAR(6:1)_QUAL,CAR,2439.0401763916016,2043.6201438903809,3322.8602294921875,2609.9001808166504,2772.1001892089844,2072.2801513671875,2469.820156097412,2129.58016204834,2190.1601638793945,Group: D,Group: C,Group: D vs Group: C,4,4,Blank_Blank_Blank
CAR(7:0),CAR,1619.2001304626465,1530.260108947754,1986.3601341247559,1798.1201248168945,1633.2001266479492,1554.8801193237305,1565.7201080322266,1529.9400939941406,1947.2601318359375,Group: D,Group: C,Group: D vs Group: C,4,4,Blank_Blank_Blank
CAR(7:0)_QUAL,CAR,5425.960391998291,3819.4202613830566,8431.280578613281,6103.820449829102,4055.020275115967,3775.500228881836,6343.420406341553,3027.2602005004883,5624.080371856689,Group: D,Group: C,Group: D vs Group: C,4,4,Blank_Blank_Blank
CAR(8:0),CAR,3387.80025100708,2793.3002014160156,4908.160316467285,3727.200263977051,3499.540252685547,3076.4801864624023,3973.080265045166,2603.440185546875,3285.100212097168,Group: D,Group: C,Group: D vs Group: C,4,4,Blank_Blank_Blank
CAR(8:0)_QUAL,CAR,2965.1402168273926,2520.5201683044434,4368.420291900635,3098.660228729248,2776.860191345215,2504.1801567077637,3398.9202308654785,2047.0001525878906,2690.9001846313477,Group: D,Group: C,Group: D vs Group: C,4,4,Blank_Blank_Blank
CAR(8:1),CAR,3289.340232849121,2820.8201942443848,4718.16028213501,3921.140266418457,4534.920337677002,3025.600227355957,3916.9802780151367,2964.780204772949,3226.6002044677734,Group: D,Group: C,Group: D vs Group: C,4,4,Blank_Blank_Blank
CAR(8:1)_QUAL,CAR,5331.820327758789,4228.5803146362305,8286.520603179932,6466.54048538208,5765.460422515869,3732.0602684020996,6602.020336151123,3421.7002487182617,5348.480297088623,Group: D,Group: C,Group: D vs Group: C,4,4,Blank_Blank_Blank
CAR(9:0),CAR,1829.08012008667,1484.8401145935059,2107.14013671875,1810.9601211547852,1737.9401245117188,1462.800106048584,1709.8801193237305,1475.8400993347168,1800.6201210021973,Group: D,Group: C,Group: D vs Group: C,4,4,Blank_Blank_Blank
CAR(9:0)_QUAL,CAR,2881.3802032470703,2344.300178527832,4043.6602935791016,3168.3802185058594,2828.9602088928223,2576.68017578125,3044.920192718506,2017.6401557922363,2704.800205230713,Group: D,Group: C,Group: D vs Group: C,4,4,Blank_Blank_Blank
CAR_QUAL,CAR,2636.3202056884766,1789.4201278686523,3109.340263366699,2335.980155944824,2257.380157470703,2685.3601570129395,2382.9201736450195,1811.920124053955,1887.8401412963867,Group: D,Group: C,Group: D vs Group: C,4,4,Blank_Blank_Blank
CE(12:0),CE,5177.480381011963,5105.680305480957,5116.200386047363,5130.30037689209,5338.6403732299805,5103.720333099365,5408.180366516113,5176.620346069336,5206.50036239624,Group: D,Group: C,Group: D vs Group: C,4,4,Blank_Blank_Blank
CE(14:0),CE,5480.800365447998,5460.320373535156,5283.880348205566,5106.840320587158,5597.800399780273,5307.780364990234,5578.900409698486,5185.380355834961,5403.240364074707,Group: D,Group: C,Group: D vs Group: C,4,4,Blank_Blank_Blank
CE(14:1),CE,5077.940341949463,5239.600379943848,5218.100395202637,5040.800342559814,5181.680351257324,5130.920352935791,5227.8603515625,5101.640361785889,5151.1803550720215,Group: D,Group: C,Group: D vs Group: C,4,4,Blank_Blank_Blank
CE(15:0),CE,5411.080352783203,5818.320392608643,5113.580375671387,5253.1203689575195,5377.980373382568,5295.580379486084,5781.30037689209,5206.300380706787,5369.840358734131,Group: D,Group: C,Group: D vs Group: C,4,4,Blank_Blank_Blank
CE(15:1),CE,6407.50044631958,6758.420478820801,5639.400394439697,5271.140369415283,6563.460453033447,5846.020404815674,7412.440502166748,5484.080383300781,5919.480407714844,Group: D,Group: C,Group: D vs Group: C,4,4,Blank_Blank_Blank
CE(16:0),CE,5296.000335693359,5909.320411682129,6037.440406799316,5750.160430908203,6702.260513305664,5875.000408172607,6577.22049331665,5714.300395965576,6312.720439910889,Group: D,Group: C,Group: D vs Group: C,4,4,Blank_Blank_Blank
CE(16:1),CE,5811.500419616699,6157.2004318237305,5858.900417327881,5613.840385437012,6928.540512084961,5454.440399169922,6627.720474243164,5750.840412139893,5307.72034072876,Group: D,Group: C,Group: D vs Group: C,4,4,Blank_Blank_Blank
CE(16:2),CE,5243.060352325439,5198.320358276367,5132.360397338867,5137.580341339111,5332.680370330811,5246.920356750488,5358.760372161865,5119.34033203125,5499.320373535156,Group: D,Group: C,Group: D vs Group: C,4,4,Blank_Blank_Blank
CE(16:3),CE,5380.100353240967,5474.30037689209,5268.28039932251,5128.7403564453125,5417.900394439697,5156.260368347168,5473.780406951904,5308.800399780273,5222.680358886719,Group: D,Group: C,Group: D vs Group: C,4,4,Blank_Blank_Blank
CE(17:0),CE,5558.340362548828,5908.9404373168945,5175.220367431641,5432.840404510498,6184.920433044434,5797.960403442383,5955.42041015625,5445.780391693115,5416.58039855957,Group: D,Group: C,Group: D vs Group: C,4,4,Blank_Blank_Blank
CE(17:1),CE,5323.600353240967,5310.860366821289,5232.240371704102,5202.780353546143,5509.840385437012,5296.160358428955,5251.260353088379,5225.620388031006,5177.940311431885,Group: D,Group: C,Group: D vs Group: C,4,4,Blank_Blank_Blank
CE(18:1),CE,8486.980575561523,8089.660606384277,8101.480606079102,8454.780601501465,9800.820709228516,7797.720546722412,9223.440635681152,8370.420539855957,5510.560371398926,Group: D,Group: C,Group: D vs Group: C,4,4,Blank_Blank_Blank
CE(18:2),CE,12010.580780029297,10359.660705566406,9949.70079421997,12558.00089263916,13884.281066894531,8732.02063369751,9236.140632629395,8408.400588989258,5559.420383453369,Group: D,Group: C,Group: D vs Group: C,4,4,Blank_Blank_Blank
CE(18:3),CE,5241.320373535156,5795.760406494141,5625.400428771973,6213.380451202393,7216.48051071167,5712.860385894775,5724.180366516113,5489.3203773498535,5186.0403480529785,Group: D,Group: C,Group: D vs Group: C,4,4,Blank_Blank_Blank
CE(19:0),CE,5612.640384674072,5717.040416717529,5377.520393371582,5419.540386199951,5708.520370483398,5525.100399017334,5846.760402679443,5571.8803787231445,5870.480422973633,Group: D,Group: C,Group: D vs Group: C,4,4,Blank_Blank_Blank
CE(20:0),CE,5629.360397338867,6243.540420532227,5409.220397949219,5488.040374755859,5751.560386657715,5587.660388946533,6718.320484161377,5696.620391845703,6720.020469665527,Group: D,Group: C,Group: D vs Group: C,4,4,Blank_Blank_Blank
CE(20:1),CE,5145.720344543457,5303.160385131836,5136.7003746032715,5327.360363006592,5419.42036819458,5294.440338134766,5364.300369262695,5201.240364074707,5242.600337982178,Group: D,Group: C,Group: D vs Group: C,4,4,Blank_Blank_Blank
CE(20:3),CE,5415.300369262695,5641.960346221924,5243.420398712158,5148.840351104736,5576.100379943848,5516.160385131836,5322.380344390869,5189.860370635986,5210.5203285217285,Group: D,Group: C,Group: D vs Group: C,4,4,Blank_Blank_Blank
CE(20:4),CE,10609.280780792236,9335.30058670044,6675.44051361084,6978.180469512939,7921.940567016602,6201.90043258667,6757.060501098633,6435.020469665527,5087.940326690674,Group: D,Group: C,Group: D vs Group: C,4,4,Blank_Blank_Blank
CE(20:5),CE,5510.220386505127,5469.46036529541,5237.240383148193,5215.740379333496,5588.320404052734,5398.220359802246,5625.640350341797,5383.280387878418,5478.1203689575195,Group: D,Group: C,Group: D vs Group: C,4,4,Blank_Blank_Blank
CE(22:0),CE,5198.880332946777,5178.080348968506,5226.900363922119,5274.380382537842,5395.300392150879,5215.420352935791,5325.860355377197,5252.720352172852,5398.320335388184,Group: D,Group: C,Group: D vs Group: C,4,4,Blank_Blank_Blank
CE(22:1),CE,5319.360382080078,5486.480365753174,5228.640365600586,5371.460395812988,5673.540370941162,5294.200344085693,5605.740379333496,5339.080360412598,5376.400363922119,Group: D,Group: C,Group: D vs Group: C,4,4,Blank_Blank_Blank
CE(22:2),CE,5153.240352630615,5187.040378570557,5111.600395202637,5188.3803787231445,5248.960388183594,5170.500358581543,5481.840377807617,5222.74036026001,5311.840347290039,Group: D,Group: C,Group: D vs Group: C,4,4,Blank_Blank_Blank
CE(22:3),CE,5125.260364532471,5164.660346984863,5055.720375061035,5147.940361022949,5079.180328369141,5093.760368347168,5195.52033996582,5195.660346984863,5172.860328674316,Group: D,Group: C,Group: D vs Group: C,4,4,Blank_Blank_Blank
CE(22:5),CE,5346.640380859375,5682.460430145264,5224.560386657715,5683.500392913818,5461.480388641357,5335.2603759765625,5380.8803787231445,5289.1803855896,5348.6803550720215,Group: D,Group: C,Group: D vs Group: C,4,4,Blank_Blank_Blank
CE(22:6),CE,8606.920528411865,9521.160682678223,7416.460548400879,7065.140483856201,8425.760643005371,7237.360492706299,8781.16061782837,6522.400463104248,5207.560356140137,Group: D,Group: C,Group: D vs Group: C,4,4,Blank_Blank_Blank
CE(24:1),CE,5217.360374450684,5290.420387268066,5180.440380096436,5191.780349731445,5305.780372619629,5208.440361022949,5215.48038482666,5193.180351257324,5273.300354003906,Group: D,Group: C,Group: D vs Group: C,4,4,Blank_Blank_Blank
CE(46:3;O2),CE,5118.440349578857,5069.060359954834,5063.960372924805,5081.540344238281,5079.440322875977,5095.9403648376465,5080.980323791504,5081.200366973877,5087.640342712402,Group: D,Group: C,Group: D vs Group: C,4,4,Blank_Blank_Blank
CE(48:3;O2),CE,5072.560333251953,5109.440349578857,5056.96036529541,5080.900341033936,5084.5403480529785,5069.3603439331055,5168.100322723389,5159.600353240967,5112.780349731445,Group: D,Group: C,Group: D vs Group: C,4,4,Blank_Blank_Blank
CE(50:3;O2),CE,5102.100353240967,5090.860363006592,5079.520366668701,5081.180347442627,5081.240345001221,5097.200328826904,5151.500331878662,5129.460350036621,5112.680362701416,Group: D,Group: C,Group: D vs Group: C,4,4,Blank_Blank_Blank
CE(52:3;O2),CE,5066.380355834961,5126.920372009277,5075.300346374512,5100.740352630615,5107.820358276367,5066.720367431641,5138.4803466796875,5074.640312194824,5079.320339202881,Group: D,Group: C,Group: D vs Group: C,4,4,Blank_Blank_Blank
Cer(d12:0/14:0),Cer,1213.8800811767578,1080.060073852539,1256.54008102417,1229.8800964355469,1068.7800750732422,1185.5400848388672,1176.5400772094727,1065.2600555419922,1169.4600830078125,Group: D,Group: C,Group: D vs Group: C,4,4,Blank_Blank_Blank
"Cer(d14:2(4E,6E)/16:0)",Cer,1071.1000785827637,1073.4200820922852,1145.660083770752,1139.4800910949707,1082.760082244873,1192.2800827026367,1074.9400787353516,1226.140079498291,1114.3600730895996,Group: D,Group: C,Group: D vs Group: C,4,4,Blank_Blank_Blank
"Cer(d14:2(4E,6E)/18:1(9Z))",Cer,1102.0600814819336,1072.680076599121,1223.5800857543945,1176.2600860595703,1091.0200843811035,1159.6000785827637,1062.9200706481934,1108.04008102417,1081.5400772094727,Group: D,Group: C,Group: D vs Group: C,4,4,Blank_Blank_Blank
"Cer(d14:2(4E,6E)/20:1(11Z))",Cer,1071.020076751709,1072.2800827026367,1205.1200790405273,1121.320083618164,1079.4400672912598,1104.0600700378418,1113.5200729370117,1065.1800918579102,1096.5000762939453,Group: D,Group: C,Group: D vs Group: C,4,4,Blank_Blank_Blank
Cer(d15:1/16:0),Cer,1147.3200721740723,1122.1800842285156,1235.5400848388672,1121.940086364746,1093.6000747680664,1130.2800827026367,1150.6800842285156,1082.420078277588,1156.460075378418,Group: D,Group: C,Group: D vs Group: C,4,4,Blank_Blank_Blank
"Cer(d15:2(4E,6E)/20:0)",Cer,1260.6200942993164,1202.160083770752,1383.8800926208496,1131.780086517334,1115.1600914001465,1223.0800704956055,2154.9401473999023,1142.420078277588,1147.9600791931152,Group: D,Group: C,Group: D vs Group: C,4,4,Blank_Blank_Blank
"Cer(d15:2(4E,6E)/22:0)",Cer,1156.640079498291,1132.2400741577148,1260.5200691223145,1178.6200981140137,1128.2200813293457,1135.6400871276855,1268.1800842285156,1144.8600730895996,1127.3000793457031,Group: D,Group: C,Group: D vs Group: C,4,4,Blank_Blank_Blank
Cer(d16:1/17:0),Cer,1135.1200790405273,1094.9600791931152,1138.54008102417,1091.580078125,1064.3400802612305,1125.4600791931152,1118.9400749206543,1068.0400733947754,1133.320083618164,Group: D,Group: C,Group: D vs Group: C,4,4,Blank_Blank_Blank
Cer(d16:1/23:0),Cer,1071.560073852539,1126.8400802612305,1123.340087890625,1181.6200790405273,1078.2400817871094,1064.680076599121,1177.7600746154785,1128.1600761413574,1240.7400856018066,Group: D,Group: C,Group: D vs Group: C,4,4,Blank_Blank_Blank
Cer(d18:0/13:0),Cer,1071.2400817871094,1177.0600852966309,1120.3400764465332,1259.6400871276855,1064.1800727844238,1148.840072631836,1062.3200759887695,1088.6200866699219,1090.600082397461,Group: D,Group: C,Group: D vs Group: C,4,4,Blank_Blank_Blank
Cer(d18:0/14:0),Cer,1119.0000801086426,1127.140079498291,1266.6400871276855,1218.2200965881348,1090.880084991455,1196.6000900268555,1166.3600730895996,1238.4200820922852,1192.780086517334,Group: D,Group: C,Group: D vs Group: C,4,4,Blank_Blank_Blank
Cer(d18:0/15:0),Cer,1195.8200759887695,1072.12007522583,1106.3400840759277,1127.7400932312012,1065.820083618164,1074.12007522583,1062.580078125,1065.1000785827637,1133.160083770752,Group: D,Group: C,Group: D vs Group: C,4,4,Blank_Blank_Blank
Cer(d18:0/16:0),Cer,1219.5000915527344,1136.960075378418,1245.8200912475586,1126.4200820922852,1111.2800788879395,1488.020107269287,1116.740077972412,1282.6800994873047,1194.1400833129883,Group: D,Group: C,Group: D vs Group: C,4,4,Blank_Blank_Blank
Cer(d18:0/17:0),Cer,1071.820083618164,1072.4200630187988,1254.0800971984863,1226.6600914001465,1136.9800758361816,1158.5000762939453,1164.7000885009766,1077.780071258545,1218.3200798034668,Group: D,Group: C,Group: D vs Group: C,4,4,Blank_Blank_Blank
Cer(d18:0/18:0),Cer,1137.020076751709,1198.3400840759277,1128.6200675964355,1209.2000846862793,1064.560073852539,1189.54008102417,1089.1800689697266,1155.1600761413574,1150.4200897216797,Group: D,Group: C,Group: D vs Group: C,4,4,Blank_Blank_Blank
Cer(d18:0/19:0),Cer,1087.1400718688965,1138.5400733947754,1117.1200790405273,1155.460090637207,1064.580078125,1132.6600761413574,1063.220069885254,1077.2000846862793,1183.920078277588,Group: D,Group: C,Group: D vs Group: C,4,4,Blank_Blank_Blank
Cer(d18:0/20:0),Cer,1107.8400688171387,1135.640079498291,1220.2600784301758,1361.0401039123535,1065.2800788879395,1293.9200897216797,1195.1800727844238,1214.8600807189941,1093.3800773620605,Group: D,Group: C,Group: D vs Group: C,4,4,Blank_Blank_Blank
Cer(d18:0/21:0),Cer,1373.5600929260254,1857.8201293945312,1458.1800918579102,1547.1401329040527,1291.0600929260254,2183.1001358032227,1548.1401023864746,1425.900089263916,2406.4201736450195,Group: D,Group: C,Group: D vs Group: C,4,4,Blank_Blank_Blank
Cer(d18:0/22:0),Cer,1217.8600845336914,1416.7200965881348,1348.7000923156738,1356.900089263916,1233.1200828552246,1317.660099029541,1383.1801071166992,1121.1800804138184,1226.0600852966309,Group: D,Group: C,Group: D vs Group: C,4,4,Blank_Blank_Blank
Cer(d18:0/23:0),Cer,1130.4800758361816,1401.6200942993164,1127.6600723266602,1360.7200889587402,1148.5000839233398,1260.9800834655762,1332.1000862121582,1221.9001083374023,1203.240089416504,Group: D,Group: C,Group: D vs Group: C,4,4,Blank_Blank_Blank
Cer(d18:0/24:0),Cer,1225.9800872802734,1307.2000923156738,1168.380084991455,1226.4000816345215,1114.0200843811035,1352.5401077270508,1436.0600967407227,1172.9200744628906,1243.840087890625,Group: D,Group: C,Group: D vs Group: C,4,4,Blank_Blank_Blank
Cer(d18:0/25:0),Cer,1227.3000831604004,1260.7800903320312,1382.6601104736328,1413.1001091003418,1131.5000762939453,1448.0001106262207,1324.2600936889648,1302.4601020812988,1407.840103149414,Group: D,Group: C,Group: D vs Group: C,4,4,Blank_Blank_Blank
Cer(d18:0/26:0),Cer,1150.220085144043,1239.0400886535645,1141.9600830078125,1318.0200843811035,1078.240077972412,1179.64009475708,1185.9200897216797,1182.6600646972656,1295.7600898742676,Group: D,Group: C,Group: D vs Group: C,4,4,Blank_Blank_Blank
Cer(d18:0/27:0),Cer,1146.0800857543945,1112.300064086914,1188.3600883483887,1090.8000793457031,1065.62007522583,1120.600082397461,1098.1200828552246,1065.4600715637207,1095.5800819396973,Group: D,Group: C,Group: D vs Group: C,4,4,Blank_Blank_Blank
Cer(d18:0/29:0),Cer,1071.7200775146484,1168.1600799560547,1136.1200790405273,1192.300090789795,1151.1400909423828,1170.4800720214844,1071.6000671386719,1115.180076599121,1077.7600784301758,Group: D,Group: C,Group: D vs Group: C,4,4,Blank_Blank_Blank
Cer(d18:0/30:0),Cer,1071.1200790405273,1072.520076751709,1072.7000770568848,1103.0400733947754,1065.6400871276855,1177.8600883483887,1115.860065460205,1065.2600708007812,1067.5000801086426,Group: D,Group: C,Group: D vs Group: C,4,4,Blank_Blank_Blank
Cer(d18:0/31:0),Cer,1123.8000831604004,1154.0400848388672,1091.680076599121,1191.3200874328613,1145.2400856018066,1173.280086517334,1196.4600791931152,1082.6400756835938,1104.7400856018066,Group: D,Group: C,Group: D vs Group: C,4,4,Blank_Blank_Blank
Cer(d18:0/32:0),Cer,1092.5600776672363,1095.140079498291,1073.740077972412,1118.500087738037,1064.9200744628906,1083.8400802612305,1097.1600761413574,1084.420066833496,1068.5200805664062,Group: D,Group: C,Group: D vs Group: C,4,4,Blank_Blank_Blank
Cer(d18:0/h17:0),Cer,1071.3000717163086,1185.2000999450684,1115.9800834655762,1089.9600791931152,1087.4600791931152,1147.160083770752,1145.240089416504,1064.8400764465332,1167.5000801086426,Group: D,Group: C,Group: D vs Group: C,4,4,Blank_Blank_Blank
Cer(d18:0/h24:0),Cer,1195.7200927734375,1078.3400802612305,1110.8800735473633,1078.9200820922852,1065.0400772094727,1153.7800827026367,1107.0600891113281,1226.7000923156738,1140.8800773620605,Group: D,Group: C,Group: D vs Group: C,4,4,Blank_Blank_Blank
Cer(d18:0/h26:0),Cer,1073.2000885009766,1118.2000732421875,1109.280071258545,1097.7800827026367,1065.080078125,1205.9400825500488,1097.0600662231445,1103.5400886535645,1164.580078125,Group: D,Group: C,Group: D vs Group: C,4,4,Blank_Blank_Blank
Cer(d18:1/12:0),Cer,1197.820083618164,1119.760082244873,1182.8800773620605,1105.000072479248,1079.720085144043,1119.6000785827637,1126.6800804138184,1150.8800811767578,1152.7200889587402,Group: D,Group: C,Group: D vs Group: C,4,4,Blank_Blank_Blank
Cer(d18:1/14:0),Cer,1094.400074005127,1154.1200790405273,1159.9800758361816,1318.4200897216797,1125.0200805664062,1192.6000862121582,1143.1200828552246,1074.5800743103027,1189.480094909668,Group: D,Group: C,Group: D vs Group: C,4,4,Blank_Blank_Blank
Cer(d18:1/16:0),Cer,3514.3602981567383,3455.6202354431152,4311.080299377441,4436.560222625732,2777.320167541504,6142.360569000244,4971.480335235596,3980.6002807617188,1420.4000968933105,Group: D,Group: C,Group: D vs Group: C,4,4,Blank_Blank_Blank
Cer(d18:1/17:0),Cer,1171.6200828552246,1150.7400703430176,1320.2800903320312,1272.2000885009766,1096.4400787353516,1207.020092010498,1089.960075378418,1160.0400848388672,1364.840103149414,Group: D,Group: C,Group: D vs Group: C,4,4,Blank_Blank_Blank
Cer(d18:1/18:0),Cer,1454.0801086425781,1514.4001121520996,1757.9401206970215,1405.2800903320312,1474.240089416504,2042.8201370239258,1373.540096282959,1470.340103149414,1318.020092010498,Group: D,Group: C,Group: D vs Group: C,4,4,Blank_Blank_Blank
Cer(d18:1/18:1(9Z)),Cer,1179.6800804138184,1155.080078125,1252.600082397461,1568.300121307373,1092.1800842285156,1206.9800758361816,1125.8800888061523,1202.9600791931152,1313.080078125,Group: D,Group: C,Group: D vs Group: C,4,4,Blank_Blank_Blank
Cer(d18:1/19:0),Cer,1123.04008102417,1095.7200813293457,1089.3400688171387,1182.3000946044922,1107.680076599121,1165.3200798034668,1173.5200805664062,1106.8400764465332,1153.1000938415527,Group: D,Group: C,Group: D vs Group: C,4,4,Blank_Blank_Blank
Cer(d18:1/20:0),Cer,1400.2401084899902,2765.1802253723145,2316.880168914795,1846.060131072998,1449.9401016235352,2064.4001502990723,2874.8801918029785,1712.600112915039,1307.2400970458984,Group: D,Group: C,Group: D vs Group: C,4,4,Blank_Blank_Blank
Cer(d18:1/22:0),Cer,7063.000450134277,18695.640758514404,6144.720539093018,10847.000900268555,6335.720302581787,19414.30142211914,16865.66114425659,4220.840301513672,1223.9200859069824,Group: D,Group: C,Group: D vs Group: C,4,4,Blank_Blank_Blank
Cer(d18:1/23:0),Cer,2885.2602195739746,4288.920223236084,2029.1001358032227,3358.6202087402344,2430.9601249694824,5157.600292205811,4085.880325317383,1648.3801231384277,1102.9600791931152,Group: D,Group: C,Group: D vs Group: C,4,4,Blank_Blank_Blank
Cer(d18:1/24:0),Cer,5899.620471954346,10714.060653686523,5335.440414428711,9608.140769958496,5193.900436401367,13171.081066131592,9140.620937347412,3140.600269317627,1340.4000930786133,Group: D,Group: C,Group: D vs Group: C,4,4,Blank_Blank_Blank
Cer(d18:1/24:1(15Z)),Cer,8760.400646209717,18286.44095993042,7030.960594177246,14916.581203460693,7589.640609741211,21064.141513824463,15453.601234436035,5473.0805015563965,1335.06010055542,Group: D,Group: C,Group: D vs Group: C,4,4,Blank_Blank_Blank
Cer(d18:1/25:0),Cer,1317.1800994873047,1611.9601211547852,1577.3601188659668,1580.4001159667969,1305.7400856018066,1824.0001220703125,1473.4201049804688,1287.3800964355469,1398.7601051330566,Group: D,Group: C,Group: D vs Group: C,4,4,Blank_Blank_Blank
Cer(d18:1/26:0),Cer,1196.4000816345215,1241.1800842285156,1187.5600814819336,1300.0600929260254,1109.2800827026367,1282.0800857543945,1403.0800857543945,1187.5200843811035,1330.0600967407227,Group: D,Group: C,Group: D vs Group: C,4,4,Blank_Blank_Blank
Cer(d18:1/26:1(17Z)),Cer,1167.1600914001465,1134.3000717163086,1135.5600814819336,1282.740089416504,1318.2800979614258,1164.8000755310059,1269.6800918579102,1156.8200798034668,1205.2400970458984,Group: D,Group: C,Group: D vs Group: C,4,4,Blank_Blank_Blank
Cer(d18:1/27:0),Cer,1085.8400802612305,1095.4400787353516,1091.8800811767578,1146.7600860595703,1092.2200736999512,1193.360092163086,1210.140079498291,1101.1200790405273,1146.6400833129883,Group: D,Group: C,Group: D vs Group: C,4,4,Blank_Blank_Blank
Cer(d18:1/28:0),Cer,1124.9800758361816,1203.8400917053223,1221.000087738037,1087.1000900268555,1078.8000831604004,1125.720069885254,1111.62007522583,1129.3800735473633,1094.1200790405273,Group: D,Group: C,Group: D vs Group: C,4,4,Blank_Blank_Blank
Cer(d18:1/29:0),Cer,1103.3400764465332,1119.8600769042969,1088.7000732421875,1101.340087890625,1065.3000793457031,1122.6200866699219,1090.720069885254,1065.6000785827637,1106.2000846862793,Group: D,Group: C,Group: D vs Group: C,4,4,Blank_Blank_Blank
Cer(d18:1/2:0),Cer,1158.6400871276855,1133.0600776672363,1142.1000671386719,1422.780101776123,1200.4200820922852,1072.6400718688965,1169.8400802612305,1161.200065612793,1208.8400840759277,Group: D,Group: C,Group: D vs Group: C,4,4,Blank_Blank_Blank
Cer(d18:1/30:0),Cer,1104.280086517334,1072.8800811767578,1127.4800758361816,1070.0600776672363,1112.7600898742676,1083.6800651550293,1139.600082397461,1064.4400749206543,1074.5600814819336,Group: D,Group: C,Group: D vs Group: C,4,4,Blank_Blank_Blank
Cer(d18:1/31:0),Cer,1103.220085144043,1073.280071258545,1112.2600784301758,1144.1800804138184,1065.4600715637207,1112.400074005127,1073.8000831604004,1064.4400787353516,1162.480094909668,Group: D,Group: C,Group: D vs Group: C,4,4,Blank_Blank_Blank
Cer(d18:1/32:0),Cer,1079.580078125,1161.6200866699219,1109.3000755310059,1069.200080871582,1100.840072631836,1172.2000885009766,1129.940086364746,1100.2800750732422,1067.7200736999512,Group: D,Group: C,Group: D vs Group: C,4,4,Blank_Blank_Blank
Cer(d18:1/33:0),Cer,1080.6200714111328,1141.1600723266602,1150.4200820922852,1071.6200790405273,1105.9800758361816,1081.8800811767578,1179.3000831604004,1071.6000709533691,1107.6800804138184,Group: D,Group: C,Group: D vs Group: C,4,4,Blank_Blank_Blank
Cer(d18:1/34:0),Cer,1212.3800773620605,1207.820083618164,1189.0800666809082,1223.9200820922852,1104.5600700378418,1189.3600730895996,1208.2800750732422,1113.8800773620605,1116.6600799560547,Group: D,Group: C,Group: D vs Group: C,4,4,Blank_Blank_Blank
Cer(d18:1/35:0),Cer,1072.1000709533691,1150.3800888061523,1084.3800773620605,1197.7200965881348,1157.62007522583,1140.9000854492188,1149.1600799560547,1133.7200736999512,1165.980079650879,Group: D,Group: C,Group: D vs Group: C,4,4,Blank_Blank_Blank
Cer(d18:2/14:0),Cer,1118.680076599121,1108.4800643920898,1130.760082244873,1173.8200759887695,1103.560073852539,1095.1200828552246,1198.8200759887695,1107.580078125,1157.04008102417,Group: D,Group: C,Group: D vs Group: C,4,4,Blank_Blank_Blank
Cer(d18:2/15:0),Cer,1071.5000801086426,1073.2600784301758,1107.0200729370117,1177.8800926208496,1176.4200744628906,1081.580078125,1062.1800689697266,1140.8200874328613,1068.1600761413574,Group: D,Group: C,Group: D vs Group: C,4,4,Blank_Blank_Blank
Cer(d18:2/16:0),Cer,1349.9000930786133,1239.480079650879,1441.2801055908203,1289.14009475708,1163.3600883483887,1159.9400825500488,1098.460075378418,1212.7200813293457,1198.8400802612305,Group: D,Group: C,Group: D vs Group: C,4,4,Blank_Blank_Blank
Cer(d18:2/18:1),Cer,1113.5200729370117,1098.8000755310059,1141.12007522583,1287.1000785827637,1064.980079650879,1081.9800834655762,1083.480079650879,1079.880069732666,1230.9200897216797,Group: D,Group: C,Group: D vs Group: C,4,4,Blank_Blank_Blank
Cer(d18:2/20:0),Cer,1148.3000793457031,1181.1800804138184,1263.920093536377,1260.0200843811035,1175.9400749206543,1459.0801086425781,1456.680103302002,1094.5800857543945,1143.780071258545,Group: D,Group: C,Group: D vs Group: C,4,4,Blank_Blank_Blank
Cer(d18:2/20:1),Cer,1150.7800750732422,1130.0000839233398,1116.2200813293457,1185.680088043213,1064.220069885254,1122.4000778198242,1064.380069732666,1099.1800727844238,1068.1200828552246,Group: D,Group: C,Group: D vs Group: C,4,4,Blank_Blank_Blank
Cer(d18:2/21:0),Cer,1077.0200805664062,1072.9200744628906,1096.8600769042969,1069.2000732421875,1111.9600791931152,1177.0400772094727,1105.9600677490234,1065.2800750732422,1068.0400657653809,Group: D,Group: C,Group: D vs Group: C,4,4,Blank_Blank_Blank
Cer(d18:2/22:0),Cer,1837.2201309204102,3126.7402725219727,2634.020217895508,2062.1001510620117,1800.4401397705078,3534.1402587890625,3266.120216369629,1465.7200927734375,1094.1600761413574,Group: D,Group: C,Group: D vs Group: C,4,4,Blank_Blank_Blank
Cer(d18:2/23:0),Cer,1412.320110321045,1540.7201118469238,1154.3200798034668,1460.6201133728027,1093.740089416504,1515.5801010131836,1595.0801239013672,1269.4200973510742,1127.5800971984863,Group: D,Group: C,Group: D vs Group: C,4,4,Blank_Blank_Blank
Cer(d18:2/25:0),Cer,1108.280071258545,1072.5800743103027,1073.060073852539,1203.5000915527344,1119.980079650879,1088.2000770568848,1062.9600715637207,1109.680088043213,1267.980094909668,Group: D,Group: C,Group: D vs Group: C,4,4,Blank_Blank_Blank
Cer(d18:2/27:0),Cer,1071.1800804138184,1138.6600761413574,1180.440086364746,1069.6000709533691,1065.160083770752,1064.7600746154785,1160.1000709533691,1065.3000755310059,1088.480079650879,Group: D,Group: C,Group: D vs Group: C,4,4,Blank_Blank_Blank
Cer(d18:2/28:0),Cer,1072.0400695800781,1100.6600761413574,1072.9000778198242,1093.340087890625,1065.9000701904297,1064.1600761413574,1062.720069885254,1159.580093383789,1123.960090637207,Group: D,Group: C,Group: D vs Group: C,4,4,Blank_Blank_Blank
Cer(d18:2/29:0),Cer,1104.9000778198242,1072.060073852539,1085.340072631836,1098.9800758361816,1065.2800636291504,1064.5800704956055,1063.1000785827637,1064.720069885254,1067.6000747680664,Group: D,Group: C,Group: D vs Group: C,4,4,Blank_Blank_Blank
Cer(d18:2/30:0),Cer,1071.5400619506836,1072.6400718688965,1101.0600814819336,1069.720069885254,1064.8200721740723,1079.2600784301758,1126.580078125,1090.6200828552246,1067.2200736999512,Group: D,Group: C,Group: D vs Group: C,4,4,Blank_Blank_Blank
Cer(d18:2/32:0),Cer,1071.8600769042969,1072.8200798034668,1137.9000854492188,1175.380084991455,1065.7200775146484,1065.580078125,1063.7600784301758,1065.3400764465332,1067.580078125,Group: D,Group: C,Group: D vs Group: C,4,4,Blank_Blank_Blank
Cer(d20:0/26:0),Cer,1201.8600845336914,1110.8800735473633,1210.6600914001465,1126.6600875854492,1082.7800788879395,1166.3400802612305,1268.9800720214844,1234.2200927734375,1189.400089263916,Group: D,Group: C,Group: D vs Group: C,4,4,Blank_Blank_Blank
CerP(d18:0/16:0),Cer,1216.480079650879,1153.8000755310059,1178.9600868225098,1135.4600830078125,1134.9800720214844,1223.6800918579102,1103.8200759887695,1074.0600776672363,1089.4400787353516,Group: D,Group: C,Group: D vs Group: C,4,4,Blank_Blank_Blank
CerP(d18:1/12:0),Cer,1225.4600830078125,1138.8000869750977,1238.100082397461,1207.7200965881348,1233.1600914001465,1190.160083770752,1150.4400749206543,1450.56010055542,1176.400089263916,Group: D,Group: C,Group: D vs Group: C,4,4,Blank_Blank_Blank
CerP(d18:1/14:0),Cer,1119.900074005127,1284.700080871582,1440.4600982666016,1306.1800918579102,1323.0400924682617,1133.7400741577148,1246.9400939941406,1240.1000938415527,1118.7400741577148,Group: D,Group: C,Group: D vs Group: C,4,4,Blank_Blank_Blank
CerP(d18:1/16:0),Cer,3302.080207824707,3976.9201850891113,2203.5001487731934,3640.940231323242,2410.8201942443848,3916.3402824401855,3817.9602851867676,2147.200164794922,1159.2400741577148,Group: D,Group: C,Group: D vs Group: C,4,4,Blank_Blank_Blank
CerP(d18:1/18:0),Cer,1800.1801261901855,2641.460235595703,1697.2001342773438,2376.9601554870605,1512.5601043701172,2737.820224761963,1904.1601371765137,1858.5801239013672,1379.7400856018066,Group: D,Group: C,Group: D vs Group: C,4,4,Blank_Blank_Blank
CerP(d18:1/20:0),Cer,1139.6200828552246,1072.340072631836,1123.660068511963,1132.9600830078125,1065.6000747680664,1121.220085144043,1062.8200645446777,1163.1200866699219,1253.9800910949707,Group: D,Group: C,Group: D vs Group: C,4,4,Blank_Blank_Blank
CerP(d18:1/22:0),Cer,1113.5800743103027,1192.7800941467285,1101.2400856018066,1226.3800888061523,1065.560073852539,1255.1800842285156,1075.1800689697266,1077.7800788879395,1067.2800827026367,Group: D,Group: C,Group: D vs Group: C,4,4,Blank_Blank_Blank
CerP(d18:1/24:0),Cer,1107.8800735473633,1155.6600799560547,1087.2200775146484,1117.4200820922852,1065.160083770752,1064.400074005127,1225.500087738037,1097.9000816345215,1107.4200706481934,Group: D,Group: C,Group: D vs Group: C,4,4,Blank_Blank_Blank
CerP(d18:1/24:1(15Z)),Cer,1145.3600883483887,1106.7600746154785,1100.700080871582,1130.440071105957,1064.6600799560547,1169.6400833129883,1115.2600898742676,1221.8200798034668,1117.7000770568848,Group: D,Group: C,Group: D vs Group: C,4,4,Blank_Blank_Blank
CerP(d18:1/26:0),Cer,1073.2200813293457,1247.1400871276855,1086.3400764465332,1101.1600914001465,1065.6800804138184,1083.3800811767578,1248.7400856018066,1141.480094909668,1124.660083770752,Group: D,Group: C,Group: D vs Group: C,4,4,Blank_Blank_Blank
CerP(d18:1/26:1(17Z)),Cer,1251.7800941467285,1312.2800941467285,1291.520092010498,1276.4000854492188,1153.5400848388672,1512.0801048278809,1360.3801002502441,1283.0800819396973,1141.4600791931152,Group: D,Group: C,Group: D vs Group: C,4,4,Blank_Blank_Blank
CerP(d18:1/2:0),Cer,1140.4600677490234,1133.5800743103027,1169.520076751709,1182.5200881958008,1095.6800727844238,1071.3200721740723,1113.6800727844238,1110.6000785827637,1094.3400840759277,Group: D,Group: C,Group: D vs Group: C,4,4,Blank_Blank_Blank
CerP(d18:1/8:0),Cer,1233.760082244873,1079.820068359375,1233.2400856018066,1100.440086364746,1109.4000778198242,1235.7600898742676,1111.1600761413574,1141.060073852539,1084.340072631836,Group: D,Group: C,Group: D vs Group: C,4,4,Blank_Blank_Blank
DG(24:0)_C16:0,DAG,1824.5401229858398,1989.7801399230957,1754.0401153564453,1807.3801231384277,1739.2201118469238,1917.6201362609863,1707.7401161193848,1728.380126953125,1906.5201454162598,Group: D,Group: C,Group: D vs Group: C,4,4,Blank_Blank_Blank
DG(24:0)_C18:0,DAG,1794.2201118469238,1945.7601356506348,2125.24015045166,2041.1801300048828,1684.3001251220703,2147.720146179199,1875.1801223754883,1752.1601295471191,1908.2201347351074,Group: D,Group: C,Group: D vs Group: C,4,4,Blank_Blank_Blank
DG(26:0)_C16:0,DAG,1819.3601150512695,2064.5201301574707,1785.2001304626465,1774.0201263427734,1755.7801055908203,1882.220142364502,1941.4201316833496,1716.9001350402832,1813.0001258850098,Group: D,Group: C,Group: D vs Group: C,4,4,Blank_Blank_Blank
DG(26:0)_C18:0,DAG,1755.2801322937012,2277.560173034668,1826.2801361083984,2218.8401679992676,1783.9001388549805,2196.2601432800293,1748.500129699707,1907.8001327514648,1833.740135192871,Group: D,Group: C,Group: D vs Group: C,4,4,Blank_Blank_Blank
DG(28:1)_C16:0,DAG,1685.7601051330566,1884.6801300048828,1747.5201225280762,1771.4601249694824,1756.08012008667,1784.0801315307617,1784.7801208496094,1745.6401290893555,2006.1801452636719,Group: D,Group: C,Group: D vs Group: C,4,4,Blank_Blank_Blank
DG(28:1)_C16:1,DAG,1884.2201118469238,1885.9401321411133,1948.6201477050781,2097.900157928467,2052.640151977539,1925.960132598877,1974.5401306152344,1977.5401306152344,1924.4201354980469,Group: D,Group: C,Group: D vs Group: C,4,4,Blank_Blank_Blank
DG(28:1)_C18:0,DAG,2749.6602096557617,3092.2801933288574,3094.8802337646484,3048.5802154541016,3285.7201919555664,2850.8001976013184,2513.4401779174805,2316.480155944824,2560.5001945495605,Group: D,Group: C,Group: D vs Group: C,4,4,Blank_Blank_Blank
DG(28:1)_C18:1,DAG,2966.1602096557617,2678.8801803588867,4571.580322265625,2963.200206756592,2590.420177459717,3358.620220184326,2788.66019821167,3037.0802116394043,3277.220226287842,Group: D,Group: C,Group: D vs Group: C,4,4,Blank_Blank_Blank
DG(28:2)_C16:0,DAG,1676.1401176452637,2030.960147857666,1868.5001487731934,1869.4401245117188,1673.8001289367676,2012.340145111084,1841.2801361083984,1849.440128326416,1823.2801132202148,Group: D,Group: C,Group: D vs Group: C,4,4,Blank_Blank_Blank
DG(28:2)_C16:1,DAG,1904.7801246643066,1983.240146636963,2015.2401504516602,2215.000160217285,1979.4201278686523,2061.900135040283,1994.0601196289062,2030.3801307678223,2196.100166320801,Group: D,Group: C,Group: D vs Group: C,4,4,Blank_Blank_Blank
DG(28:2)_C18:0,DAG,1682.8601264953613,1841.8201293945312,1738.360122680664,1817.3401336669922,1769.820125579834,1861.3401374816895,1822.6601181030273,1714.3601150512695,1757.380126953125,Group: D,Group: C,Group: D vs Group: C,4,4,Blank_Blank_Blank
DG(28:2)_C18:1,DAG,35772.26258850098,35290.04251098633,106114.20721435547,38304.0626373291,36912.28237915039,48097.4836730957,36260.102630615234,36450.90246582031,53568.283615112305,Group: D,Group: C,Group: D vs Group: C,4,4,Blank_Blank_Blank
DG(28:2)_C18:2,DAG,2317.500175476074,2064.9001388549805,2416.5201683044434,2195.820137023926,2143.3401527404785,2685.960178375244,2170.4001541137695,2353.640163421631,2439.1401596069336,Group: D,Group: C,Group: D vs Group: C,4,4,Blank_Blank_Blank
DG(29:0)_C16:0,DAG,1908.1201248168945,1818.6001167297363,1824.4201278686523,1880.6201553344727,1757.2001190185547,2085.720146179199,1788.500129699707,1835.040126800537,1816.0401306152344,Group: D,Group: C,Group: D vs Group: C,4,4,Blank_Blank_Blank
DG(29:0)_C18:0,DAG,1740.2001190185547,1860.5201263427734,1758.500129699707,1728.280117034912,1922.3401489257812,1680.820125579834,1703.3801231384277,1728.6601104736328,1739.8201217651367,Group: D,Group: C,Group: D vs Group: C,4,4,Blank_Blank_Blank
DG(29:1)_C16:0,DAG,1719.6801147460938,1791.940128326416,1716.9401092529297,1683.0001182556152,1674.0201034545898,1745.4801330566406,1735.7601203918457,1742.5201263427734,1697.4601211547852,Group: D,Group: C,Group: D vs Group: C,4,4,Blank_Blank_Blank
DG(29:1)_C16:1,DAG,2013.3201332092285,1983.1001281738281,1903.16011428833,2164.1001510620117,2052.7001457214355,1924.16011428833,1958.8201332092285,2025.560146331787,2032.8201484680176,Group: D,Group: C,Group: D vs Group: C,4,4,Blank_Blank_Blank
DG(29:1)_C18:0,DAG,1806.340129852295,1837.9801216125488,1965.2201309204102,1685.4201202392578,1771.1201171875,2000.2601203918457,1768.6601219177246,1753.9001388549805,1906.8601341247559,Group: D,Group: C,Group: D vs Group: C,4,4,Blank_Blank_Blank
DG(29:1)_C18:1,DAG,2317.300148010254,2334.720157623291,3527.820255279541,2414.7401695251465,2632.8401832580566,2579.960189819336,2090.3201446533203,2465.2801818847656,2516.760166168213,Group: D,Group: C,Group: D vs Group: C,4,4,Blank_Blank_Blank
DG(29:2)_C16:0,DAG,1797.8801193237305,1837.9001274108887,1800.4001235961914,1858.6201286315918,1768.8401260375977,1991.7001304626465,1806.840129852295,1742.980125427246,1713.920124053955,Group: D,Group: C,Group: D vs Group: C,4,4,Blank_Blank_Blank
DG(29:2)_C16:1,DAG,1904.540126800537,1975.340129852295,1878.2601280212402,1967.5401344299316,2112.960159301758,2037.580150604248,1990.1001281738281,1956.8201370239258,2009.160140991211,Group: D,Group: C,Group: D vs Group: C,4,4,Blank_Blank_Blank
DG(29:2)_C18:0,DAG,2828.5802116394043,3624.0002822875977,2744.5201835632324,2868.5601768493652,2544.660182952881,2812.4001960754395,2422.520175933838,2340.9601669311523,2423.780158996582,Group: D,Group: C,Group: D vs Group: C,4,4,Blank_Blank_Blank
DG(29:2)_C18:1,DAG,2561.2401809692383,2991.7002143859863,3577.3202590942383,2447.0801582336426,2335.020160675049,2944.200206756592,2358.8401641845703,2688.0801734924316,2716.6001777648926,Group: D,Group: C,Group: D vs Group: C,4,4,Blank_Blank_Blank
DG(29:2)_C18:2,DAG,2359.740165710449,2084.460136413574,2383.220169067383,2203.3201484680176,2207.240161895752,2422.5601844787598,2360.280158996582,2305.76016998291,2479.7201766967773,Group: D,Group: C,Group: D vs Group: C,4,4,Blank_Blank_Blank
DG(30:0)_C16:0,DAG,1841.3201217651367,2297.2001457214355,1923.300121307373,1997.280143737793,1841.7601280212402,2276.260150909424,2107.100154876709,1847.2401237487793,2243.4601669311523,Group: D,Group: C,Group: D vs Group: C,4,4,Blank_Blank_Blank
DG(30:0)_C18:0,DAG,1897.8801231384277,1961.400131225586,1866.720142364502,1696.1601295471191,1694.9401168823242,1748.6201210021973,1809.040126800537,1829.0201225280762,1796.8401336669922,Group: D,Group: C,Group: D vs Group: C,4,4,Blank_Blank_Blank
DG(30:1)_C16:0,DAG,2149.000156402588,3899.520263671875,2423.7401695251465,3017.220226287842,1961.860122680664,3692.38028717041,2905.5201988220215,2319.2801551818848,3101.0401916503906,Group: D,Group: C,Group: D vs Group: C,4,4,Blank_Blank_Blank
DG(30:1)_C16:1,DAG,2182.760166168213,2087.860134124756,2072.3401374816895,2362.7001724243164,2131.6401290893555,2123.6801414489746,2480.5601768493652,2172.5801429748535,2139.860149383545,Group: D,Group: C,Group: D vs Group: C,4,4,Blank_Blank_Blank
DG(30:1)_C18:0,DAG,1972.6401290893555,1897.5201225280762,2391.3201751708984,2264.4801597595215,2370.380172729492,1922.4201278686523,1694.2601203918457,1942.1601295471191,2248.2201499938965,Group: D,Group: C,Group: D vs Group: C,4,4,Blank_Blank_Blank
DG(30:1)_C18:1,DAG,3607.000232696533,5537.600387573242,9246.54069519043,3402.5202560424805,3751.8002586364746,3967.4602661132812,3436.300247192383,3709.4402465820312,4801.040344238281,Group: D,Group: C,Group: D vs Group: C,4,4,Blank_Blank_Blank
DG(30:2)_C16:0,DAG,2558.820167541504,3585.1402168273926,2510.5001640319824,3463.100254058838,2201.7201499938965,5800.080410003662,3574.480281829834,2032.1601371765137,2905.440196990967,Group: D,Group: C,Group: D vs Group: C,4,4,Blank_Blank_Blank
DG(30:2)_C16:1,DAG,2852.6801986694336,3612.1002883911133,2914.700210571289,3732.6802825927734,3849.5402488708496,2939.0202026367188,3645.9202575683594,3707.460262298584,3625.18025970459,Group: D,Group: C,Group: D vs Group: C,4,4,Blank_Blank_Blank
DG(30:2)_C18:0,DAG,1725.5201263427734,1752.9001235961914,1848.5001258850098,1766.6001281738281,1695.5801124572754,1734.8401107788086,1777.220127105713,1776.8801155090332,1738.760124206543,Group: D,Group: C,Group: D vs Group: C,4,4,Blank_Blank_Blank
DG(30:2)_C18:1,DAG,8887.840644836426,10074.420677185059,27282.421936035156,10012.140697479248,10277.080711364746,13571.721069335938,10971.580711364746,9337.32063293457,14683.381088256836,Group: D,Group: C,Group: D vs Group: C,4,4,Blank_Blank_Blank
DG(30:2)_C18:2,DAG,3310.9202194213867,2784.820171356201,3167.940254211426,2905.300205230713,2561.640182495117,3487.5002517700195,2862.980178833008,3230.8002128601074,3498.0802841186523,Group: D,Group: C,Group: D vs Group: C,4,4,Blank_Blank_Blank
DG(30:3)_C16:0,DAG,1734.240104675293,1798.3201217651367,1671.860107421875,1740.2801361083984,1683.7401161193848,1876.1001281738281,1795.140121459961,1698.4601364135742,1734.0201225280762,Group: D,Group: C,Group: D vs Group: C,4,4,Blank_Blank_Blank
DG(30:3)_C16:1,DAG,2711.4201889038086,5400.360427856445,2206.5201568603516,6844.2805099487305,5841.140487670898,5374.040390014648,7033.300437927246,6037.100452423096,3564.720241546631,Group: D,Group: C,Group: D vs Group: C,4,4,Blank_Blank_Blank
DG(30:3)_C18:0,DAG,1777.300121307373,1852.9201278686523,1907.740146636963,1754.8001136779785,1736.960117340088,1819.16011428833,1738.4201126098633,1733.340129852295,1803.7001304626465,Group: D,Group: C,Group: D vs Group: C,4,4,Blank_Blank_Blank
DG(30:3)_C18:1,DAG,2087.580150604248,2232.840160369873,2327.780158996582,2027.2201652526855,1958.9001388549805,1994.7601509094238,1943.9001235961914,1957.1601448059082,2109.180145263672,Group: D,Group: C,Group: D vs Group: C,4,4,Blank_Blank_Blank
DG(30:3)_C18:2,DAG,2631.7402000427246,2173.000156402588,2518.120189666748,2724.920181274414,2335.360153198242,2352.1201667785645,2347.880153656006,2524.520179748535,2410.5801544189453,Group: D,Group: C,Group: D vs Group: C,4,4,Blank_Blank_Blank
DG(31:0)_C16:0,DAG,2102.5201416015625,2470.2401695251465,2051.060146331787,2106.0201301574707,2011.0201263427734,2368.5001525878906,2169.400157928467,2164.6001472473145,2288.060161590576,Group: D,Group: C,Group: D vs Group: C,4,4,Blank_Blank_Blank
DG(31:0)_C18:0,DAG,1825.200122833252,1742.0001220703125,1768.9801063537598,1912.0201454162598,1789.3801307678223,1753.4801216125488,1687.4801292419434,1844.3201332092285,1819.5601272583008,Group: D,Group: C,Group: D vs Group: C,4,4,Blank_Blank_Blank
DG(31:1)_C16:0,DAG,1729.7401123046875,1860.6001281738281,1773.7601280212402,1701.9601287841797,1791.5201301574707,1999.0201377868652,1795.18013381958,1799.9601249694824,2000.340129852295,Group: D,Group: C,Group: D vs Group: C,4,4,Blank_Blank_Blank
DG(31:1)_C16:1,DAG,1926.1601448059082,1956.080135345459,2092.460136413574,2202.7001457214355,2204.4401626586914,1992.3001441955566,2309.9801750183105,2157.3201332092285,2170.380153656006,Group: D,Group: C,Group: D vs Group: C,4,4,Blank_Blank_Blank
DG(31:1)_C18:0,DAG,1827.200138092041,1822.420108795166,1814.140121459961,1740.220127105713,1920.440128326416,1842.4201354980469,1742.7601203918457,1842.0401344299316,1905.5201377868652,Group: D,Group: C,Group: D vs Group: C,4,4,Blank_Blank_Blank
DG(31:1)_C18:1,DAG,2401.9001808166504,3408.8602561950684,7085.560508728027,2873.5802040100098,2722.200183868408,3601.1802406311035,3005.76021194458,3108.2402267456055,4167.420299530029,Group: D,Group: C,Group: D vs Group: C,4,4,Blank_Blank_Blank
"DG(31:2),DG(P-14:0/18:1)_C16:0",DAG,1937.280128479004,2075.9401512145996,1929.8601455688477,1757.0401306152344,1756.5001106262207,1853.3801307678223,1779.360122680664,1783.9001350402832,1884.9001426696777,Group: D,Group: C,Group: D vs Group: C,4,4,Blank_Blank_Blank
"DG(31:2),DG(P-14:0/18:1)_C16:1",DAG,1973.0801315307617,1947.4801330566406,1934.8401412963867,2015.9601440429688,1982.7401390075684,1938.540138244629,2307.7201538085938,1955.380126953125,2228.2201652526855,Group: D,Group: C,Group: D vs Group: C,4,4,Blank_Blank_Blank
"DG(31:2),DG(P-14:0/18:1)_C18:0",DAG,1743.6401329040527,1884.7601203918457,1969.0201416015625,1821.9401321411133,1865.9201354980469,1747.0401306152344,1783.3801155090332,1910.2401313781738,1902.040138244629,Group: D,Group: C,Group: D vs Group: C,4,4,Blank_Blank_Blank
"DG(31:2),DG(P-14:0/18:1)_C18:1",DAG,2809.4401931762695,2816.6001777648926,5640.1404457092285,2426.000171661377,2604.8801765441895,3257.32022857666,3218.6402435302734,3107.380210876465,3353.580238342285,Group: D,Group: C,Group: D vs Group: C,4,4,Blank_Blank_Blank
"DG(31:2),DG(P-14:0/18:1)_C18:2",DAG,2230.9201622009277,2214.5601654052734,2311.480167388916,2400.3001594543457,2221.080150604248,2414.280174255371,2190.8401641845703,2193.980155944824,2225.6801528930664,Group: D,Group: C,Group: D vs Group: C,4,4,Blank_Blank_Blank
DG(31:3)_C16:0,DAG,1746.3201217651367,1773.6001358032227,1747.740119934082,1685.6001167297363,1696.960105895996,1767.1201362609863,1710.3601264953613,1735.2401161193848,1758.2601280212402,Group: D,Group: C,Group: D vs Group: C,4,4,Blank_Blank_Blank
DG(31:3)_C16:1,DAG,2058.8201484680176,2059.880138397217,1887.5001258850098,1984.0201377868652,1905.16011428833,1890.3801345825195,2242.72017288208,2031.1601257324219,2018.3401489257812,Group: D,Group: C,Group: D vs Group: C,4,4,Blank_Blank_Blank
DG(31:3)_C18:0,DAG,1693.9601020812988,1843.5801124572754,1798.6001281738281,1769.5201110839844,1907.1001358032227,1968.980136871338,1754.9001197814941,1760.2401313781738,1713.0401153564453,Group: D,Group: C,Group: D vs Group: C,4,4,Blank_Blank_Blank
DG(31:3)_C18:1,DAG,1921.3001327514648,1946.460147857666,2235.1801567077637,1916.2001304626465,1914.5401306152344,2048.220146179199,1979.6601333618164,2104.0401496887207,2296.5801696777344,Group: D,Group: C,Group: D vs Group: C,4,4,Blank_Blank_Blank
DG(31:3)_C18:2,DAG,2464.4001693725586,2141.4601516723633,2223.6801681518555,2192.7201652526855,2126.980155944824,2219.440158843994,2293.6001586914062,2269.860176086426,2359.1801834106445,Group: D,Group: C,Group: D vs Group: C,4,4,Blank_Blank_Blank
DG(32:0)_C16:0,DAG,3254.1402282714844,4662.280307769775,2882.16019821167,4349.8203201293945,3145.1802291870117,4507.140335083008,3680.8602447509766,2918.960189819336,2915.420196533203,Group: D,Group: C,Group: D vs Group: C,4,4,Blank_Blank_Blank
DG(32:0)_C18:0,DAG,1978.740146636963,2014.460132598877,1851.5801162719727,1965.360149383545,1997.160140991211,1939.940143585205,1953.6001358032227,1823.6001281738281,1829.8401260375977,Group: D,Group: C,Group: D vs Group: C,4,4,Blank_Blank_Blank
DG(32:1)_C16:0,DAG,2544.840175628662,3925.060291290283,2792.7602005004883,3204.0202255249023,2399.0801544189453,4421.36026763916,2806.900203704834,2615.9401779174805,2631.0202102661133,Group: D,Group: C,Group: D vs Group: C,4,4,Blank_Blank_Blank
DG(32:1)_C16:1,DAG,2618.380199432373,4217.320346832275,2936.260227203369,4977.740367889404,4745.560371398926,4247.320243835449,5383.140407562256,5407.940448760986,2480.800163269043,Group: D,Group: C,Group: D vs Group: C,4,4,Blank_Blank_Blank
DG(32:1)_C18:0,DAG,2795.3801879882812,3895.680316925049,3492.4202575683594,2851.16019821167,2940.4802017211914,2963.3201866149902,2665.400173187256,2752.9801864624023,2724.960193634033,Group: D,Group: C,Group: D vs Group: C,4,4,Blank_Blank_Blank
DG(32:1)_C18:1,DAG,4614.080272674561,7206.220531463623,12413.340927124023,5610.300369262695,4823.220367431641,6704.36047744751,5007.640380859375,6058.400428771973,5828.080402374268,Group: D,Group: C,Group: D vs Group: C,4,4,Blank_Blank_Blank
DG(32:2)_C16:0,DAG,1932.9001388549805,2359.780174255371,2224.6001472473145,1928.760124206543,1967.6001167297363,2096.7801551818848,2071.7401542663574,1866.940128326416,2164.200168609619,Group: D,Group: C,Group: D vs Group: C,4,4,Blank_Blank_Blank
DG(32:2)_C16:1,DAG,2414.7201766967773,3088.740222930908,2574.3001861572266,3917.3602714538574,3827.8402709960938,3658.1602516174316,4727.000350952148,4677.220401763916,2853.8801765441895,Group: D,Group: C,Group: D vs Group: C,4,4,Blank_Blank_Blank
DG(32:2)_C18:0,DAG,1905.9201278686523,1873.9201354980469,1868.0601196289062,1994.3601303100586,1791.1001205444336,1876.3601417541504,1954.6801261901855,1894.18013381958,1921.1401405334473,Group: D,Group: C,Group: D vs Group: C,4,4,Blank_Blank_Blank
DG(32:2)_C18:1,DAG,7158.800552368164,7876.460556030273,17779.801300048828,8678.920574188232,7097.680435180664,9204.920658111572,6771.240509033203,7333.7604904174805,10344.56075668335,Group: D,Group: C,Group: D vs Group: C,4,4,Blank_Blank_Blank
DG(32:2)_C18:2,DAG,3066.5402297973633,3470.7202529907227,2998.68021774292,5156.600318908691,3046.380214691162,6095.720413208008,5182.480308532715,4225.060272216797,2586.120185852051,Group: D,Group: C,Group: D vs Group: C,4,4,Blank_Blank_Blank
DG(32:3)_C16:0,DAG,1699.440113067627,1960.260124206543,1687.1601181030273,1764.9601135253906,1778.3401222229004,1736.8201179504395,1755.5801239013672,1731.9601287841797,1784.4001159667969,Group: D,Group: C,Group: D vs Group: C,4,4,Blank_Blank_Blank
DG(32:3)_C16:1,DAG,1966.5201301574707,1990.8201446533203,1967.9001274108887,2039.500144958496,2050.2601318359375,2063.0001525878906,1920.4601249694824,2152.5801429748535,2135.5401496887207,Group: D,Group: C,Group: D vs Group: C,4,4,Blank_Blank_Blank
DG(32:3)_C18:0,DAG,1799.8801383972168,1749.6001205444336,1881.6401252746582,1815.740135192871,1952.5201263427734,1984.980152130127,1723.6601257324219,1796.2001190185547,1741.0401191711426,Group: D,Group: C,Group: D vs Group: C,4,4,Blank_Blank_Blank
DG(32:3)_C18:1,DAG,2018.3401489257812,2226.9001693725586,3001.3802070617676,2181.5401573181152,2332.6601371765137,2425.840175628662,2175.7201499938965,2158.720157623291,2625.380184173584,Group: D,Group: C,Group: D vs Group: C,4,4,Blank_Blank_Blank
DG(32:3)_C18:2,DAG,2850.5802040100098,2350.180160522461,2368.2001609802246,3298.780227661133,2395.280174255371,3088.0802154541016,2322.320140838623,2812.0601921081543,2810.320198059082,Group: D,Group: C,Group: D vs Group: C,4,4,Blank_Blank_Blank
DG(32:5)_C16:0,DAG,7884.780570983887,12772.30093383789,10327.000717163086,8555.380592346191,6026.500427246094,9888.340629577637,8532.880661010742,5840.620403289795,11846.38079071045,Group: D,Group: C,Group: D vs Group: C,4,4,Blank_Blank_Blank
DG(32:5)_C16:1,DAG,2493.720169067383,2276.4801445007324,2331.120174407959,2379.0801734924316,2384.300148010254,2208.5401611328125,2616.0001640319824,2733.380195617676,2965.820209503174,Group: D,Group: C,Group: D vs Group: C,4,4,Blank_Blank_Blank
DG(32:5)_C18:0,DAG,7246.860500335693,6864.82048034668,7917.480548858643,7887.720539093018,7415.2805099487305,7366.340579986572,6106.500427246094,4847.780368804932,5945.40047454834,Group: D,Group: C,Group: D vs Group: C,4,4,Blank_Blank_Blank
DG(32:5)_C18:1,DAG,98087.80627441406,104044.26754760742,334955.18322753906,106341.04794311523,110989.26837158203,146110.20950317383,105348.26690673828,109166.74768066406,167771.17181396484,Group: D,Group: C,Group: D vs Group: C,4,4,Blank_Blank_Blank
DG(32:5)_C18:2,DAG,12025.680850982666,7387.980537414551,10025.060695648193,9354.2406539917,5753.1804275512695,11423.100772857666,8050.9605140686035,13527.96089553833,13221.041004180908,Group: D,Group: C,Group: D vs Group: C,4,4,Blank_Blank_Blank
DG(33:0)_C16:0,DAG,2626.300193786621,3262.8202514648438,2222.3001403808594,2212.2201652526855,2333.5601654052734,2903.620204925537,2534.480178833008,2254.1401596069336,2647.020179748535,Group: D,Group: C,Group: D vs Group: C,4,4,Blank_Blank_Blank
DG(33:0)_C18:0,DAG,1923.880126953125,2024.3001327514648,1905.220142364502,1990.8001441955566,1944.040153503418,2101.420150756836,1821.0601196289062,1805.9601287841797,1837.5201377868652,Group: D,Group: C,Group: D vs Group: C,4,4,Blank_Blank_Blank
"DG(33:1),DG(O-34:1)_C16:0",DAG,1822.0401306152344,2005.8801345825195,1842.6601295471191,1949.9601402282715,1783.9801177978516,1892.2001266479492,1883.6401405334473,1849.420124053955,1890.1401138305664,Group: D,Group: C,Group: D vs Group: C,4,4,Blank_Blank_Blank
"DG(33:1),DG(O-34:1)_C16:1",DAG,2438.1601638793945,2891.240188598633,2395.6601600646973,2738.2401695251465,2714.4201889038086,2531.3601684570312,2913.360210418701,2603.1601905822754,2790.1001892089844,Group: D,Group: C,Group: D vs Group: C,4,4,Blank_Blank_Blank
"DG(33:1),DG(O-34:1)_C18:0",DAG,1812.0801124572754,1955.4201278686523,1849.1001319885254,1901.0201377868652,1711.16011428833,1884.2401313781738,1967.5001411437988,1714.900104522705,1758.940128326416,Group: D,Group: C,Group: D vs Group: C,4,4,Blank_Blank_Blank
"DG(33:1),DG(O-34:1)_C18:1",DAG,3675.4402618408203,3704.80025100708,7826.340553283691,3811.760265350342,3557.7402420043945,4581.120300292969,3728.3802452087402,4145.740291595459,4781.180362701416,Group: D,Group: C,Group: D vs Group: C,4,4,Blank_Blank_Blank
DG(33:2)_C16:0,DAG,1914.7401237487793,2093.960121154785,1859.9601287841797,1892.620132446289,1864.320125579834,2069.2001457214355,1916.3801231384277,1893.7001419067383,1831.6601181030273,Group: D,Group: C,Group: D vs Group: C,4,4,Blank_Blank_Blank
DG(33:2)_C16:1,DAG,1968.10013961792,2019.0401229858398,1912.68013381958,2340.08016204834,2163.1401329040527,1995.1201438903809,2034.2001342773438,2416.580165863037,2005.900131225586,Group: D,Group: C,Group: D vs Group: C,4,4,Blank_Blank_Blank
DG(33:2)_C18:0,DAG,1927.6801414489746,1748.4001083374023,1850.060115814209,1811.3401222229004,1738.0601196289062,1852.8401260375977,1752.4601211547852,1811.6801261901855,1834.400131225586,Group: D,Group: C,Group: D vs Group: C,4,4,Blank_Blank_Blank
DG(33:2)_C18:1,DAG,2357.6001586914062,2305.1001625061035,3249.460216522217,2438.4001693725586,2251.0001678466797,2482.140167236328,2372.4201431274414,2278.640167236328,2833.180191040039,Group: D,Group: C,Group: D vs Group: C,4,4,Blank_Blank_Blank
DG(33:2)_C18:2,DAG,2413.160167694092,2653.9001960754395,2491.1401710510254,3573.4202766418457,2457.3601684570312,3169.9002571105957,2568.720184326172,2787.7601928710938,2944.5802040100098,Group: D,Group: C,Group: D vs Group: C,4,4,Blank_Blank_Blank
DG(33:3)_C16:0,DAG,1796.2001037597656,1725.3001289367676,1777.3001174926758,1736.9201316833496,1847.280117034912,1821.0401191711426,1829.5401306152344,1803.8001251220703,1812.2201309204102,Group: D,Group: C,Group: D vs Group: C,4,4,Blank_Blank_Blank
DG(33:3)_C16:1,DAG,1905.2401161193848,1919.7801361083984,1979.8601303100586,2043.6201515197754,1989.620132446289,1941.060146331787,2009.0401420593262,2079.280143737793,1888.8601379394531,Group: D,Group: C,Group: D vs Group: C,4,4,Blank_Blank_Blank
DG(33:3)_C18:0,DAG,1834.1601257324219,1796.0801315307617,1771.8401260375977,1757.1601371765137,1805.360122680664,1749.000114440918,1778.3601303100586,1830.2401275634766,1905.3801231384277,Group: D,Group: C,Group: D vs Group: C,4,4,Blank_Blank_Blank
DG(33:3)_C18:1,DAG,2032.8401412963867,1926.8601341247559,2317.500160217285,1978.8801574707031,1977.6601371765137,2084.9201316833496,2138.2001419067383,2217.2401542663574,2017.5001220703125,Group: D,Group: C,Group: D vs Group: C,4,4,Blank_Blank_Blank
DG(33:3)_C18:2,DAG,2510.460163116455,2338.4801712036133,2171.400157928467,2351.3001594543457,2226.9401626586914,2474.780174255371,2402.080177307129,2483.6201782226562,2403.2401428222656,Group: D,Group: C,Group: D vs Group: C,4,4,Blank_Blank_Blank
DG(33:4)_C16:0,DAG,1748.3801307678223,1852.2401275634766,1750.440113067627,1846.3801193237305,1855.7401542663574,1817.1801300048828,1725.5601234436035,1789.8601379394531,1899.8201332092285,Group: D,Group: C,Group: D vs Group: C,4,4,Blank_Blank_Blank
DG(33:4)_C16:1,DAG,1922.220127105713,1969.0601196289062,1893.6801261901855,2044.6001510620117,1963.1401405334473,1985.2601165771484,1921.800148010254,2025.9201278686523,2015.980125427246,Group: D,Group: C,Group: D vs Group: C,4,4,Blank_Blank_Blank
DG(33:4)_C18:0,DAG,2777.4001808166504,2401.640182495117,2229.7801475524902,2456.4001655578613,2424.200168609619,2293.720157623291,2265.5601806640625,2412.2801818847656,2308.600166320801,Group: D,Group: C,Group: D vs Group: C,4,4,Blank_Blank_Blank
DG(33:4)_C18:1,DAG,2413.6801719665527,2853.400218963623,3998.8602981567383,2434.360164642334,2223.180149078369,2664.320171356201,2209.3601417541504,2281.9601402282715,2447.500160217285,Group: D,Group: C,Group: D vs Group: C,4,4,Blank_Blank_Blank
DG(33:4)_C18:2,DAG,2314.200138092041,2292.7401542663574,2372.8401527404785,2404.7801628112793,2194.2001609802246,2628.720188140869,2384.7001762390137,2371.200164794922,2317.500160217285,Group: D,Group: C,Group: D vs Group: C,4,4,Blank_Blank_Blank
DG(33:5)_C16:0,DAG,2860.9202194213867,4302.280311584473,3319.3802185058594,3569.000274658203,2749.0201683044434,4447.200359344482,3397.740219116211,2750.360210418701,3596.720272064209,Group: D,Group: C,Group: D vs Group: C,4,4,Blank_Blank_Blank
DG(33:5)_C16:1,DAG,2262.880172729492,2076.0201454162598,2025.7801513671875,2149.140151977539,2103.760139465332,2262.120162963867,2377.540168762207,2122.5201416015625,2202.680160522461,Group: D,Group: C,Group: D vs Group: C,4,4,Blank_Blank_Blank
DG(33:5)_C18:0,DAG,3200.940212249756,2715.4402046203613,2979.240207672119,3357.520217895508,2716.9401817321777,3223.160228729248,3294.4202156066895,2612.400177001953,2769.500198364258,Group: D,Group: C,Group: D vs Group: C,4,4,Blank_Blank_Blank
DG(33:5)_C18:1,DAG,20575.741508483887,21557.041511535645,65809.08502197266,20971.921432495117,23882.361778259277,31467.142318725586,23190.981674194336,22286.521530151367,33405.36247253418,Group: D,Group: C,Group: D vs Group: C,4,4,Blank_Blank_Blank
DG(33:5)_C18:2,DAG,2647.5401763916016,2179.2001762390137,2217.680149078369,2285.120162963867,2328.240177154541,2312.140151977539,2331.1001777648926,2540.200183868408,2365.6401748657227,Group: D,Group: C,Group: D vs Group: C,4,4,Blank_Blank_Blank
DG(34:0)_C16:0,DAG,2192.860149383545,2050.620132446289,2064.9401359558105,2247.080181121826,2083.9801445007324,3157.8002281188965,2103.120143890381,2145.7201538085938,2039.7601623535156,Group: D,Group: C,Group: D vs Group: C,4,4,Blank_Blank_Blank
DG(34:0)_C18:0,DAG,2313.4001541137695,2784.620189666748,2325.6201820373535,2640.2801971435547,2255.7801361083984,2996.3801918029785,2547.100170135498,2443.9601554870605,2107.3001556396484,Group: D,Group: C,Group: D vs Group: C,4,4,Blank_Blank_Blank
DG(34:1)_C16:0,DAG,3826.880226135254,13556.72082901001,6177.920379638672,14516.081260681152,6411.16047668457,16084.761253356934,11296.040584564209,11811.560829162598,2028.1401329040527,Group: D,Group: C,Group: D vs Group: C,4,4,Blank_Blank_Blank
DG(34:1)_C16:1,DAG,2137.7001457214355,2766.740165710449,2044.2601509094238,3667.2802696228027,2671.480197906494,3105.5601692199707,2821.640193939209,4015.920269012451,2044.8401374816895,Group: D,Group: C,Group: D vs Group: C,4,4,Blank_Blank_Blank
DG(34:1)_C18:0,DAG,1944.3001251220703,2354.4801712036133,2191.200149536133,2144.2601470947266,2040.320140838623,2477.7201805114746,2000.5001411437988,2194.3601455688477,2188.300151824951,Group: D,Group: C,Group: D vs Group: C,4,4,Blank_Blank_Blank
DG(34:1)_C18:1,DAG,11102.20065689087,11461.40075302124,30299.021514892578,14343.301025390625,16356.701011657715,20153.40158843994,24257.9815826416,25021.52173614502,3610.840259552002,Group: D,Group: C,Group: D vs Group: C,4,4,Blank_Blank_Blank
DG(34:2)_C16:0,DAG,10018.620510101318,30150.64191055298,10905.740787506104,27429.48240661621,10342.780715942383,39742.70195388794,15922.381092071533,12305.160972595215,1821.520118713379,Group: D,Group: C,Group: D vs Group: C,4,4,Blank_Blank_Blank
DG(34:2)_C16:1,DAG,4088.3402786254883,11349.440658569336,3700.840286254883,15969.84098815918,11613.02088546753,13850.060894012451,24250.801765441895,25382.221420288086,2370.5801429748535,Group: D,Group: C,Group: D vs Group: C,4,4,Blank_Blank_Blank
DG(34:2)_C18:0,DAG,2445.7601776123047,2212.9401473999023,2480.5001678466797,2026.5001411437988,2342.2001571655273,2175.560157775879,1896.9801292419434,2043.0001525878906,2226.7801361083984,Group: D,Group: C,Group: D vs Group: C,4,4,Blank_Blank_Blank
DG(34:2)_C18:1,DAG,7257.440467834473,6628.340518951416,16260.680889129639,8538.000534057617,9786.080753326416,10159.820697784424,13149.760871887207,12660.701030731201,5058.340309143066,Group: D,Group: C,Group: D vs Group: C,4,4,Blank_Blank_Blank
DG(34:2)_C18:2,DAG,25113.921993255615,60039.40510940552,33538.10223007202,101087.68525695801,22664.781883239746,93561.18774795532,83882.06522750854,35534.60246658325,2958.280216217041,Group: D,Group: C,Group: D vs Group: C,4,4,Blank_Blank_Blank
DG(34:3)_C16:0,DAG,2122.5601387023926,2926.3402214050293,2060.860137939453,3017.260185241699,2001.4601364135742,3032.120220184326,2058.540142059326,2224.1401748657227,1770.5201263427734,Group: D,Group: C,Group: D vs Group: C,4,4,Blank_Blank_Blank
DG(34:3)_C16:1,DAG,4266.200336456299,15302.221103668213,4283.160305023193,28759.041996002197,15274.841365814209,14902.540832519531,27489.861972808838,25431.28159713745,2016.880126953125,Group: D,Group: C,Group: D vs Group: C,4,4,Blank_Blank_Blank
DG(34:3)_C18:0,DAG,1834.2001190185547,1863.2401237487793,2004.000129699707,2092.920150756836,1768.0401229858398,1895.9601211547852,1866.7801322937012,1889.6601371765137,1861.7001419067383,Group: D,Group: C,Group: D vs Group: C,4,4,Blank_Blank_Blank
DG(34:3)_C18:1,DAG,13145.0009765625,12037.140914916992,36920.082580566406,13099.980987548828,13327.960983276367,16224.201126098633,11619.320854187012,14093.420944213867,18474.961296081543,Group: D,Group: C,Group: D vs Group: C,4,4,Blank_Blank_Blank
DG(34:3)_C18:2,DAG,6870.400482177734,13108.241172790527,7335.240570068359,26413.322345733643,6394.820461273193,24501.461402893066,27417.242641448975,13422.860904693604,3004.620216369629,Group: D,Group: C,Group: D vs Group: C,4,4,Blank_Blank_Blank
"DG(34:4),DG(dO-36:4)_C16:0",DAG,1718.4001197814941,1814.340129852295,1711.9001274108887,1821.0801391601562,1799.8401184082031,1817.300136566162,1796.5001258850098,1807.3401222229004,1828.7401313781738,Group: D,Group: C,Group: D vs Group: C,4,4,Blank_Blank_Blank
"DG(34:4),DG(dO-36:4)_C16:1",DAG,1904.760124206543,2501.72017288208,2101.0401306152344,2958.3402061462402,2721.0001678466797,2222.7401580810547,2686.7201919555664,2869.680160522461,1992.8401336669922,Group: D,Group: C,Group: D vs Group: C,4,4,Blank_Blank_Blank
"DG(34:4),DG(dO-36:4)_C18:0",DAG,1832.580135345459,1853.7601356506348,1893.7001304626465,1821.3401374816895,1720.8001251220703,1791.5001258850098,1833.4001274108887,1781.920124053955,1972.1001586914062,Group: D,Group: C,Group: D vs Group: C,4,4,Blank_Blank_Blank
"DG(34:4),DG(dO-36:4)_C18:1",DAG,3548.620246887207,3373.200241088867,6704.560447692871,3078.6601943969727,3800.0002632141113,4208.160293579102,3348.3002433776855,3798.2002754211426,3980.280284881592,Group: D,Group: C,Group: D vs Group: C,4,4,Blank_Blank_Blank
"DG(34:4),DG(dO-36:4)_C18:2",DAG,2640.74019241333,2604.1001930236816,2439.5001678466797,3762.520275115967,2439.420166015625,3504.2802543640137,2643.800189971924,2949.220230102539,2455.120162963867,Group: D,Group: C,Group: D vs Group: C,4,4,Blank_Blank_Blank
DG(34:5)_C16:0,DAG,1937.240146636963,2654.6001892089844,2174.6601486206055,2329.920166015625,2093.8401412963867,2325.440158843994,2317.0601387023926,2009.5201263427734,2536.3801803588867,Group: D,Group: C,Group: D vs Group: C,4,4,Blank_Blank_Blank
DG(34:5)_C16:1,DAG,1906.7601280212402,2048.440143585205,1888.380126953125,2027.6401443481445,1917.9601402282715,2019.300136566162,1960.0601387023926,1886.9601364135742,2036.0601387023926,Group: D,Group: C,Group: D vs Group: C,4,4,Blank_Blank_Blank
DG(34:5)_C18:0,DAG,2026.4401550292969,1855.14013671875,1981.5801277160645,1973.14013671875,1865.3601303100586,2195.580150604248,1919.320140838623,1862.900131225586,1853.720127105713,Group: D,Group: C,Group: D vs Group: C,4,4,Blank_Blank_Blank
DG(34:5)_C18:1,DAG,2489.7801666259766,2880.5402069091797,5144.5003662109375,2725.580207824707,2755.120204925537,3134.740219116211,2869.5801696777344,2605.4401779174805,3308.1002235412598,Group: D,Group: C,Group: D vs Group: C,4,4,Blank_Blank_Blank
DG(34:5)_C18:2,DAG,2249.220169067383,2466.880172729492,2354.940170288086,2624.6401863098145,2203.6001510620117,2501.2601776123047,2452.320171356201,2596.3201904296875,2623.5601692199707,Group: D,Group: C,Group: D vs Group: C,4,4,Blank_Blank_Blank
DG(34:6)_C16:0,DAG,1780.860122680664,2155.5601387023926,1889.2601203918457,2049.320156097412,1767.3401222229004,1811.7801208496094,1867.360149383545,1729.3201293945312,1970.5201377868652,Group: D,Group: C,Group: D vs Group: C,4,4,Blank_Blank_Blank
DG(34:6)_C16:1,DAG,1923.6001243591309,2015.6001434326172,1976.4001350402832,1974.0601234436035,2099.6201400756836,1981.2001419067383,1935.980136871338,1883.2601203918457,1879.4001350402832,Group: D,Group: C,Group: D vs Group: C,4,4,Blank_Blank_Blank
DG(34:6)_C18:0,DAG,1832.6001281738281,1842.2001152038574,2044.2601470947266,1827.9001388549805,1831.6601257324219,1934.060146331787,1793.460132598877,1850.8601379394531,1800.220115661621,Group: D,Group: C,Group: D vs Group: C,4,4,Blank_Blank_Blank
DG(34:6)_C18:1,DAG,1933.60013961792,2067.240131378174,2374.5401725769043,2114.9801330566406,1966.9801406860352,2006.700138092041,2095.8201446533203,2127.040138244629,2249.5601539611816,Group: D,Group: C,Group: D vs Group: C,4,4,Blank_Blank_Blank
DG(34:6)_C18:2,DAG,2177.4201622009277,2174.0001525878906,2204.080146789551,2260.520160675049,2143.9401473999023,2364.76016998291,2298.8801612854004,2386.740165710449,2319.7401542663574,Group: D,Group: C,Group: D vs Group: C,4,4,Blank_Blank_Blank
DG(35:3)_C16:0,DAG,1762.4201202392578,1956.260139465332,1713.8401260375977,1754.220127105713,1732.5401191711426,1751.560115814209,1821.1001167297363,1732.7001190185547,1719.7601318359375,Group: D,Group: C,Group: D vs Group: C,4,4,Blank_Blank_Blank
DG(35:3)_C16:1,DAG,2039.3401489257812,1918.8801345825195,1987.7601280212402,2050.140151977539,2016.2601432800293,2019.9801330566406,2094.8601455688477,1989.8201370239258,2018.1001510620117,Group: D,Group: C,Group: D vs Group: C,4,4,Blank_Blank_Blank
DG(35:3)_C18:0,DAG,2672.2601623535156,2566.560157775879,2990.4802055358887,2972.8802452087402,2739.9002113342285,2602.500186920166,2772.480194091797,2415.740188598633,2522.2201614379883,Group: D,Group: C,Group: D vs Group: C,4,4,Blank_Blank_Blank
DG(35:3)_C18:1,DAG,2755.900192260742,2814.1201972961426,5467.420387268066,2880.6202430725098,3367.0402488708496,3106.160243988037,2884.440212249756,2755.0801849365234,3329.980239868164,Group: D,Group: C,Group: D vs Group: C,4,4,Blank_Blank_Blank
DG(35:3)_C18:2,DAG,2794.940200805664,2994.1802139282227,2623.940185546875,3526.360263824463,2557.9201698303223,3278.9802322387695,2991.580207824707,2759.0801849365234,2626.7401733398438,Group: D,Group: C,Group: D vs Group: C,4,4,Blank_Blank_Blank
"DG(35:4),DG(O-36:4),DG(dO-37:4)_C16:0",DAG,2142.16015625,2429.7601776123047,2033.4001579284668,2194.040168762207,2059.860134124756,2457.1201705932617,2303.500156402588,2064.8001403808594,2435.200183868408,Group: D,Group: C,Group: D vs Group: C,4,4,Blank_Blank_Blank
"DG(35:4),DG(O-36:4),DG(dO-37:4)_C16:1",DAG,2141.0401496887207,1982.4001388549805,1989.3601531982422,2013.6201515197754,2209.0401496887207,1965.9601440429688,2084.9601554870605,2238.70015335083,2145.460159301758,Group: D,Group: C,Group: D vs Group: C,4,4,Blank_Blank_Blank
"DG(35:4),DG(O-36:4),DG(dO-37:4)_C18:0",DAG,3388.28023147583,3664.4602699279785,3533.9402084350586,4156.840297698975,3713.2402725219727,3330.760208129883,3275.980224609375,2730.6401901245117,3432.860237121582,Group: D,Group: C,Group: D vs Group: C,4,4,Blank_Blank_Blank
"DG(35:4),DG(O-36:4),DG(dO-37:4)_C18:1",DAG,36639.16288757324,37685.522552490234,112398.48797607422,38336.102767944336,41387.822845458984,52462.90351867676,38899.86260223389,40572.92288208008,57771.203857421875,Group: D,Group: C,Group: D vs Group: C,4,4,Blank_Blank_Blank
"DG(35:4),DG(O-36:4),DG(dO-37:4)_C18:2",DAG,6846.14045715332,4453.44030380249,6393.480472564697,5966.9604568481445,4545.580341339111,8154.580551147461,4930.1003341674805,7997.000637054443,7527.340545654297,Group: D,Group: C,Group: D vs Group: C,4,4,Blank_Blank_Blank
DG(35:5)_C16:0,DAG,1945.9001426696777,2113.8001289367676,1841.6001243591309,1936.7401428222656,1954.960132598877,1772.1001205444336,1969.3201370239258,1967.1001510620117,1908.0001335144043,Group: D,Group: C,Group: D vs Group: C,4,4,Blank_Blank_Blank
DG(35:5)_C16:1,DAG,1929.2201385498047,1933.9201278686523,1970.1601371765137,1924.5601196289062,1958.7601432800293,1931.700122833252,1926.4601287841797,1973.64013671875,1969.4801406860352,Group: D,Group: C,Group: D vs Group: C,4,4,Blank_Blank_Blank
DG(35:5)_C18:0,DAG,1730.980110168457,1831.9401321411133,1774.9001274108887,1896.7801361083984,1780.7801055908203,1888.4601211547852,1707.2001152038574,1724.56010055542,1828.8201217651367,Group: D,Group: C,Group: D vs Group: C,4,4,Blank_Blank_Blank
DG(35:5)_C18:1,DAG,1977.4801330566406,1930.3201484680176,2198.9001655578613,2034.0801467895508,1948.1001472473145,2009.7601356506348,1864.1801300048828,1994.5201416015625,1990.8401184082031,Group: D,Group: C,Group: D vs Group: C,4,4,Blank_Blank_Blank
DG(35:5)_C18:2,DAG,2972.200225830078,2733.060188293457,2888.900230407715,2741.8401794433594,2594.0001907348633,3218.680244445801,2772.8201866149902,3176.600212097168,3092.240222930908,Group: D,Group: C,Group: D vs Group: C,4,4,Blank_Blank_Blank
DG(35:6)_C16:0,DAG,2064.0001525878906,2050.6601371765137,1874.1401138305664,2032.2001495361328,1813.360122680664,2284.980178833008,2135.5201454162598,1796.5801277160645,2159.240165710449,Group: D,Group: C,Group: D vs Group: C,4,4,Blank_Blank_Blank
DG(35:6)_C16:1,DAG,1897.640121459961,2044.6001281738281,1913.1801376342773,2069.260139465332,2033.800136566162,1976.960132598877,2159.640151977539,2005.2001342773438,1979.7001419067383,Group: D,Group: C,Group: D vs Group: C,4,4,Blank_Blank_Blank
DG(35:6)_C18:0,DAG,1877.5001106262207,1839.6601219177246,1776.9401245117188,1752.5801277160645,1825.420124053955,2028.3601417541504,1868.3401412963867,1741.4001197814941,1944.6001205444336,Group: D,Group: C,Group: D vs Group: C,4,4,Blank_Blank_Blank
DG(35:6)_C18:1,DAG,1909.4801330566406,1987.7401542663574,2138.6401405334473,1897.6001358032227,1888.8601150512695,1921.7801399230957,2020.9801445007324,2086.480155944824,1945.8001403808594,Group: D,Group: C,Group: D vs Group: C,4,4,Blank_Blank_Blank
DG(35:6)_C18:2,DAG,2361.520175933838,2147.9801483154297,2211.5401496887207,2584.0801887512207,2277.4201698303223,2597.1201782226562,2387.140167236328,2622.960189819336,2389.1001510620117,Group: D,Group: C,Group: D vs Group: C,4,4,Blank_Blank_Blank
DG(36:3)_C16:0,DAG,1943.060131072998,2414.620174407959,1849.200122833252,2279.6401710510254,2201.8801460266113,2709.5601921081543,1976.6201400756836,1937.0201301574707,1820.7201232910156,Group: D,Group: C,Group: D vs Group: C,4,4,Blank_Blank_Blank
DG(36:3)_C16:1,DAG,1938.9401321411133,2060.7001457214355,1992.3401412963867,2386.9601707458496,2231.3801460266113,2215.020149230957,2320.6601753234863,2517.880172729492,1977.2401390075684,Group: D,Group: C,Group: D vs Group: C,4,4,Blank_Blank_Blank
DG(36:3)_C18:0,DAG,2114.960159301758,2208.8001403808594,2482.140151977539,2311.4801597595215,1902.5601348876953,2173.300136566162,2032.6001358032227,2290.960174560547,1834.5601234436035,Group: D,Group: C,Group: D vs Group: C,4,4,Blank_Blank_Blank
DG(36:3)_C18:1,DAG,16813.900917053223,19379.421306610107,64776.68536758423,50356.90349960327,28989.841903686523,29365.88178253174,36994.40291213989,43340.92252731323,2230.500144958496,Group: D,Group: C,Group: D vs Group: C,4,4,Blank_Blank_Blank
DG(36:3)_C18:2,DAG,22633.961700439453,49582.32341384888,30053.32191848755,142278.15018081665,19332.781215667725,113319.9490699768,109457.22850418091,57425.284004211426,3383.920249938965,Group: D,Group: C,Group: D vs Group: C,4,4,Blank_Blank_Blank
"DG(36:4),DG(O-37:4)_C16:0",DAG,2099.440139770508,3157.3202056884766,2221.5601539611816,3379.2202110290527,1939.3201370239258,3012.14017868042,2255.1001586914062,2093.06014251709,1976.6601181030273,Group: D,Group: C,Group: D vs Group: C,4,4,Blank_Blank_Blank
"DG(36:4),DG(O-37:4)_C16:1",DAG,2067.6801567077637,2219.5001640319824,1930.4001388549805,2996.6002159118652,2306.980152130127,2299.560161590576,2485.500160217285,2713.6401748657227,2054.9401473999023,Group: D,Group: C,Group: D vs Group: C,4,4,Blank_Blank_Blank
"DG(36:4),DG(O-37:4)_C18:0",DAG,2148.580165863037,2130.1801376342773,2208.7201538085938,2080.7401428222656,2040.4401473999023,2224.4201431274414,1953.5401420593262,1964.3601455688477,2180.720146179199,Group: D,Group: C,Group: D vs Group: C,4,4,Blank_Blank_Blank
"DG(36:4),DG(O-37:4)_C18:1",DAG,9461.9006690979,10531.500732421875,25780.8816986084,11477.240726470947,10808.180744171143,11832.38083267212,10699.360702514648,11182.90072631836,10700.8607711792,Group: D,Group: C,Group: D vs Group: C,4,4,Blank_Blank_Blank
"DG(36:4),DG(O-37:4)_C18:2",DAG,18314.60106277466,36017.44234466553,27265.86248779297,172539.87519073486,17613.1212310791,79891.46529006958,59064.22443008423,26790.561527252197,3433.0402488708496,Group: D,Group: C,Group: D vs Group: C,4,4,Blank_Blank_Blank
DG(36:5)_C16:0,DAG,2070.7201538085938,2112.5401496887207,1976.380142211914,2260.1601524353027,2151.1601524353027,2476.7001762390137,2712.480194091797,1899.4201431274414,2294.3201789855957,Group: D,Group: C,Group: D vs Group: C,4,4,Blank_Blank_Blank
DG(36:5)_C16:1,DAG,1989.7601356506348,2018.9001502990723,1909.3401260375977,2182.2201538085938,2168.3201484680176,2059.8201446533203,2311.140163421631,2043.1801376342773,1878.7001342773438,Group: D,Group: C,Group: D vs Group: C,4,4,Blank_Blank_Blank
DG(36:5)_C18:0,DAG,1849.9001235961914,1823.5201377868652,1869.940128326416,1849.9001083374023,1903.5401420593262,1926.2801246643066,1745.7401161193848,1876.620132446289,1841.1801414489746,Group: D,Group: C,Group: D vs Group: C,4,4,Blank_Blank_Blank
DG(36:5)_C18:1,DAG,2093.8401489257812,2022.3401412963867,2473.920177459717,2057.780143737793,1947.1401405334473,2088.0201530456543,1911.2401313781738,1876.9801330566406,2201.840160369873,Group: D,Group: C,Group: D vs Group: C,4,4,Blank_Blank_Blank
DG(36:5)_C18:2,DAG,3617.760238647461,4305.94030380249,3588.600273132324,10418.82077407837,2912.6602058410645,6776.380432128906,5451.060413360596,4244.680274963379,3070.340190887451,Group: D,Group: C,Group: D vs Group: C,4,4,Blank_Blank_Blank
DG(36:6)_C16:0,DAG,2121.7201385498047,3409.3002433776855,2717.5401725769043,2780.2602157592773,2367.9201698303223,4855.880359649658,7289.760444641113,3596.1002769470215,3094.3801612854004,Group: D,Group: C,Group: D vs Group: C,4,4,Blank_Blank_Blank
DG(36:6)_C16:1,DAG,1895.4601287841797,2120.780132293701,2095.380138397217,2126.5601539611816,2138.660144805908,2081.680145263672,2189.140167236328,2147.400161743164,2009.9201469421387,Group: D,Group: C,Group: D vs Group: C,4,4,Blank_Blank_Blank
DG(36:6)_C18:0,DAG,1735.0001220703125,1961.7401428222656,1752.560115814209,1938.7401313781738,1746.3401260375977,1740.3801078796387,1733.3001174926758,1902.1201438903809,2001.860149383545,Group: D,Group: C,Group: D vs Group: C,4,4,Blank_Blank_Blank
DG(36:6)_C18:1,DAG,2013.10013961792,2037.5401153564453,2141.7801551818848,1985.9201278686523,2130.5401649475098,1916.8001327514648,1905.900131225586,1936.5401420593262,2171.520160675049,Group: D,Group: C,Group: D vs Group: C,4,4,Blank_Blank_Blank
DG(36:6)_C18:2,DAG,2174.7801513671875,2282.060161590576,2124.5201568603516,2484.0601654052734,2153.5201416015625,2497.780174255371,2109.9801330566406,2202.5201683044434,2201.240146636963,Group: D,Group: C,Group: D vs Group: C,4,4,Blank_Blank_Blank
"DG(36:7),DG(35:0)_C16:0",DAG,2896.660186767578,6712.480495452881,4398.320266723633,6161.440372467041,6252.4604568481445,14355.721138000488,16120.061279296875,6026.94055557251,5571.440380096436,Group: D,Group: C,Group: D vs Group: C,4,4,Blank_Blank_Blank
"DG(36:7),DG(35:0)_C16:1",DAG,2197.360153198242,2548.0401611328125,2080.1201553344727,3090.6002044677734,2822.120189666748,2924.8402137756348,3430.5402870178223,3258.9601707458496,2473.6201705932617,Group: D,Group: C,Group: D vs Group: C,4,4,Blank_Blank_Blank
"DG(36:7),DG(35:0)_C18:0",DAG,2658.160186767578,2935.6601753234863,2802.4202041625977,2912.720203399658,2127.5001525878906,2517.120174407959,2364.4401664733887,2148.8601570129395,2532.5001792907715,Group: D,Group: C,Group: D vs Group: C,4,4,Blank_Blank_Blank
"DG(36:7),DG(35:0)_C18:1",DAG,2790.5001792907715,4463.720283508301,6626.0404624938965,2798.4401931762695,3541.2002487182617,4191.620311737061,3120.6802253723145,3372.300235748291,4635.300327301025,Group: D,Group: C,Group: D vs Group: C,4,4,Blank_Blank_Blank
"DG(36:7),DG(35:0)_C18:2",DAG,2389.460163116455,2241.3801651000977,2186.560157775879,2366.6001510620117,2191.4801597595215,2284.5001640319824,2351.0801734924316,2502.7401809692383,2383.120162963867,Group: D,Group: C,Group: D vs Group: C,4,4,Blank_Blank_Blank
"DG(36:8),DG(35:1)_C16:0",DAG,2180.2401428222656,1970.1401405334473,2044.0801582336426,2073.400157928467,1810.700122833252,2921.320198059082,1935.2201309204102,2024.200138092041,2177.400146484375,Group: D,Group: C,Group: D vs Group: C,4,4,Blank_Blank_Blank
"DG(36:8),DG(35:1)_C16:1",DAG,3172.740222930908,7305.720481872559,3040.8002166748047,8308.900718688965,7878.540687561035,7020.640556335449,11655.381008148193,8471.540576934814,4191.620319366455,Group: D,Group: C,Group: D vs Group: C,4,4,Blank_Blank_Blank
"DG(36:8),DG(35:1)_C18:0",DAG,1797.2401275634766,1791.1601181030273,1774.420124053955,1881.2001304626465,1832.0601272583008,1884.0801277160645,1816.5601348876953,1716.0801048278809,1736.4201126098633,Group: D,Group: C,Group: D vs Group: C,4,4,Blank_Blank_Blank
"DG(36:8),DG(35:1)_C18:1",DAG,2294.840156555176,2420.860179901123,3682.260223388672,2418.7801666259766,2274.70015335083,2219.300163269043,2310.940170288086,2205.000171661377,2516.3201637268066,Group: D,Group: C,Group: D vs Group: C,4,4,Blank_Blank_Blank
"DG(36:8),DG(35:1)_C18:2",DAG,2235.1401443481445,2331.9601707458496,2202.0801429748535,2198.0401573181152,2202.520160675049,2492.900177001953,2234.600154876709,2316.6001739501953,2508.8201637268066,Group: D,Group: C,Group: D vs Group: C,4,4,Blank_Blank_Blank
DG(37:3)_C16:0,DAG,1719.08012008667,1843.3201293945312,1792.7801208496094,1839.820125579834,1731.9401168823242,1774.3801345825195,1725.6001243591309,1782.4001274108887,1832.1601257324219,Group: D,Group: C,Group: D vs Group: C,4,4,Blank_Blank_Blank
DG(37:3)_C16:1,DAG,1977.58012008667,2012.5201301574707,1931.2001304626465,2081.6601600646973,1986.2201385498047,1886.000129699707,2091.6601524353027,1913.2801361083984,1879.5001258850098,Group: D,Group: C,Group: D vs Group: C,4,4,Blank_Blank_Blank
DG(37:3)_C18:0,DAG,1746.440128326416,1737.680118560791,1712.0601081848145,1858.0401306152344,1753.6201210021973,1789.420124053955,1736.6001243591309,1711.0801086425781,1775.9601287841797,Group: D,Group: C,Group: D vs Group: C,4,4,Blank_Blank_Blank
DG(37:3)_C18:1,DAG,1964.18013381958,2034.2401390075684,2206.9401473999023,2116.0601539611816,2071.980152130127,2087.6601333618164,2055.4601249694824,2027.460132598877,2071.9401512145996,Group: D,Group: C,Group: D vs Group: C,4,4,Blank_Blank_Blank
DG(37:3)_C18:2,DAG,2260.320156097412,2378.2201614379883,2271.940158843994,2678.8001823425293,2225.720157623291,2275.960178375244,2855.400192260742,2567.360179901123,2438.160171508789,Group: D,Group: C,Group: D vs Group: C,4,4,Blank_Blank_Blank
DG(37:4)_C16:0,DAG,1891.3001289367676,1841.8201332092285,1810.66011428833,1734.3601303100586,1716.4201164245605,1815.9601364135742,1842.700138092041,1721.8001098632812,1764.6201171875,Group: D,Group: C,Group: D vs Group: C,4,4,Blank_Blank_Blank
DG(37:4)_C16:1,DAG,1905.8001327514648,1881.7001190185547,1989.0601272583008,1953.780128479004,1910.8201446533203,2138.500160217285,2006.4001350402832,1883.7401313781738,1960.8601455688477,Group: D,Group: C,Group: D vs Group: C,4,4,Blank_Blank_Blank
DG(37:4)_C18:0,DAG,1818.680118560791,1783.4801177978516,1860.4001235961914,1842.5401306152344,1802.180118560791,1929.8801307678223,1754.780128479004,1712.5201225280762,1889.2201309204102,Group: D,Group: C,Group: D vs Group: C,4,4,Blank_Blank_Blank
DG(37:4)_C18:1,DAG,2151.1401443481445,2150.6001510620117,2652.4801864624023,2162.1401443481445,1949.4201431274414,2250.5601539611816,2290.6201782226562,2156.8401374816895,2391.5401611328125,Group: D,Group: C,Group: D vs Group: C,4,4,Blank_Blank_Blank
DG(37:4)_C18:2,DAG,2278.560173034668,2285.380157470703,2417.1001930236816,2693.140167236328,2521.7801933288574,2528.980178833008,2586.120189666748,2595.280185699463,2800.7402000427246,Group: D,Group: C,Group: D vs Group: C,4,4,Blank_Blank_Blank
DG(37:5)_C16:0,DAG,1887.9201278686523,2342.8801612854004,1783.2401123046875,1977.820140838623,1803.0801162719727,2023.8201370239258,2074.860149383545,1910.340129852295,2203.0001525878906,Group: D,Group: C,Group: D vs Group: C,4,4,Blank_Blank_Blank
DG(37:5)_C16:1,DAG,1898.8001327514648,1939.9001274108887,1897.840129852295,2003.0401344299316,1900.8001327514648,1917.1401329040527,2030.5201416015625,1923.2601318359375,1908.2001419067383,Group: D,Group: C,Group: D vs Group: C,4,4,Blank_Blank_Blank
DG(37:5)_C18:0,DAG,1797.6201362609863,1738.040111541748,1789.1001205444336,1792.2801246643066,1802.6401252746582,1904.4201354980469,1748.0801277160645,1790.6801071166992,1777.920124053955,Group: D,Group: C,Group: D vs Group: C,4,4,Blank_Blank_Blank
DG(37:5)_C18:1,DAG,1936.5601387023926,2102.5201568603516,2011.4201393127441,1986.440143585205,2029.0001335144043,1951.620132446289,1863.3801231384277,1954.6401405334473,1999.6801452636719,Group: D,Group: C,Group: D vs Group: C,4,4,Blank_Blank_Blank
DG(37:5)_C18:2,DAG,2359.4401626586914,2112.400161743164,2382.72017288208,2334.0601501464844,2349.500156402588,2512.400161743164,2373.1601600646973,2254.420166015625,2697.100185394287,Group: D,Group: C,Group: D vs Group: C,4,4,Blank_Blank_Blank
DG(37:6)_C16:0,DAG,2137.7001457214355,2536.860176086426,2560.980178833008,1857.7001342773438,2141.300132751465,2365.680160522461,2558.320182800293,2112.4001235961914,2247.0001640319824,Group: D,Group: C,Group: D vs Group: C,4,4,Blank_Blank_Blank
DG(37:6)_C16:1,DAG,2038.5201568603516,1979.6601333618164,1944.7401428222656,2141.1801528930664,2128.1801528930664,1987.0401458740234,2040.0201377868652,2087.72013092041,1938.1001358032227,Group: D,Group: C,Group: D vs Group: C,4,4,Blank_Blank_Blank
DG(37:6)_C18:0,DAG,1861.3401145935059,1993.9001274108887,1919.5201416015625,1940.7201309204102,1789.2801322937012,1896.060131072998,1948.5801429748535,1855.560131072998,1981.0201377868652,Group: D,Group: C,Group: D vs Group: C,4,4,Blank_Blank_Blank
DG(37:6)_C18:1,DAG,1923.0801315307617,1935.7601470947266,2182.5801582336426,1985.820140838623,1906.2401237487793,2054.420154571533,1903.320140838623,1962.6201553344727,2324.780158996582,Group: D,Group: C,Group: D vs Group: C,4,4,Blank_Blank_Blank
DG(37:6)_C18:2,DAG,2159.920154571533,2146.020160675049,2115.580135345459,2216.7201385498047,2185.6401596069336,2254.7401542663574,2226.200138092041,2265.9001541137695,2229.8601608276367,Group: D,Group: C,Group: D vs Group: C,4,4,Blank_Blank_Blank
"DG(37:7),DG(36:0)_C16:0",DAG,1898.4001350402832,2421.0601692199707,2056.1601333618164,2025.9201354980469,1809.8601112365723,2151.2601470947266,1962.6201553344727,1936.7201309204102,2037.600154876709,Group: D,Group: C,Group: D vs Group: C,4,4,Blank_Blank_Blank
"DG(37:7),DG(36:0)_C16:1",DAG,2286.6401557922363,2609.520160675049,2231.1401596069336,2757.3602027893066,2431.5601768493652,2098.2401237487793,2705.5601921081543,3033.9402046203613,2475.70015335083,Group: D,Group: C,Group: D vs Group: C,4,4,Blank_Blank_Blank
"DG(37:7),DG(36:0)_C18:0",DAG,1969.9601249694824,2596.100170135498,2088.0801544189453,2397.66015625,2153.880153656006,2387.8401641845703,1992.9601516723633,2202.72017288208,2360.2001724243164,Group: D,Group: C,Group: D vs Group: C,4,4,Blank_Blank_Blank
"DG(37:7),DG(36:0)_C18:1",DAG,2654.0802001953125,3183.520233154297,4868.660331726074,2771.060188293457,2979.760185241699,3269.3402214050293,2493.600170135498,3053.1002235412598,3193.780216217041,Group: D,Group: C,Group: D vs Group: C,4,4,Blank_Blank_Blank
"DG(37:7),DG(36:0)_C18:2",DAG,2347.3401641845703,2212.1201553344727,2242.200164794922,2336.340145111084,2161.9801712036133,2298.140163421631,2189.9201431274414,2235.1401596069336,2206.020133972168,Group: D,Group: C,Group: D vs Group: C,4,4,Blank_Blank_Blank
DG(38:3)_C16:0,DAG,1937.5801315307617,2251.720157623291,1919.8601455688477,2035.4401473999023,1999.3201332092285,2261.6401748657227,1883.2201385498047,1840.2001266479492,1813.8001289367676,Group: D,Group: C,Group: D vs Group: C,4,4,Blank_Blank_Blank
DG(38:3)_C16:1,DAG,1990.3401527404785,1947.6201171875,2010.6401443481445,1957.840145111084,2008.1401405334473,2072.780132293701,2255.8201599121094,1995.7601318359375,2054.64013671875,Group: D,Group: C,Group: D vs Group: C,4,4,Blank_Blank_Blank
DG(38:3)_C18:0,DAG,2483.580165863037,2477.56014251709,3199.0002212524414,3005.320240020752,2037.460147857666,2633.2801666259766,2269.080150604248,2663.0401725769043,1950.4401473999023,Group: D,Group: C,Group: D vs Group: C,4,4,Blank_Blank_Blank
DG(38:3)_C18:1,DAG,3715.3402404785156,4057.960308074951,7848.200542449951,3807.5402755737305,4892.740371704102,5317.520416259766,4427.200302124023,4178.720264434814,4997.200336456299,Group: D,Group: C,Group: D vs Group: C,4,4,Blank_Blank_Blank
DG(38:3)_C18:2,DAG,4309.160285949707,5215.9603271484375,4230.480327606201,9701.360706329346,3432.4802436828613,9093.420547485352,7397.480434417725,6114.480438232422,3955.4202766418457,Group: D,Group: C,Group: D vs Group: C,4,4,Blank_Blank_Blank
DG(38:4)_C16:0,DAG,1763.4601249694824,1786.9201393127441,1737.5601196289062,2062.360137939453,1767.9001083374023,1904.2401313781738,1807.040111541748,1874.9401321411133,1727.5001106262207,Group: D,Group: C,Group: D vs Group: C,4,4,Blank_Blank_Blank
DG(38:4)_C16:1,DAG,1943.0201416015625,1959.3201217651367,2015.0801239013672,1968.68013381958,1952.9201393127441,1942.6001472473145,2011.0201530456543,2075.60013961792,1982.160140991211,Group: D,Group: C,Group: D vs Group: C,4,4,Blank_Blank_Blank
DG(38:4)_C18:0,DAG,2101.3201599121094,3325.840217590332,3746.6402473449707,3491.7602615356445,2094.2401580810547,2566.5401725769043,2166.0001487731934,2536.5802154541016,1775.4001121520996,Group: D,Group: C,Group: D vs Group: C,4,4,Blank_Blank_Blank
DG(38:4)_C18:1,DAG,2396.060157775879,2241.5201683044434,3465.260269165039,2703.680187225342,2144.5001487731934,2757.460216522217,3068.8202209472656,2922.7202186584473,1950.3001289367676,Group: D,Group: C,Group: D vs Group: C,4,4,Blank_Blank_Blank
DG(38:4)_C18:2,DAG,2735.3802032470703,3369.6202087402344,2701.460189819336,5911.820426940918,2390.960159301758,4813.140300750732,4587.2003746032715,3041.700180053711,2619.7001762390137,Group: D,Group: C,Group: D vs Group: C,4,4,Blank_Blank_Blank
DG(38:5)_C16:0,DAG,1848.2801246643066,2315.5201568603516,2334.24015045166,2431.480182647705,2060.200126647949,2718.880184173584,2305.160182952881,1963.2601432800293,2099.480140686035,Group: D,Group: C,Group: D vs Group: C,4,4,Blank_Blank_Blank
DG(38:5)_C16:1,DAG,2053.9801292419434,1924.9601287841797,1996.3601379394531,2062.500141143799,2057.6201362609863,2024.5201454162598,2125.6001319885254,2118.8401374816895,1944.9201278686523,Group: D,Group: C,Group: D vs Group: C,4,4,Blank_Blank_Blank
DG(38:5)_C18:0,DAG,1796.6801300048828,1937.280128479004,1927.3201179504395,1853.5201377868652,1793.1401290893555,1988.9801330566406,1846.5001373291016,1804.5001220703125,1778.9201354980469,Group: D,Group: C,Group: D vs Group: C,4,4,Blank_Blank_Blank
DG(38:5)_C18:1,DAG,2218.6401557922363,2243.5001678466797,4108.560298919678,2430.240177154541,2760.9602012634277,2933.0202140808105,2688.4401893615723,2636.880184173584,2178.1801414489746,Group: D,Group: C,Group: D vs Group: C,4,4,Blank_Blank_Blank
DG(38:5)_C18:2,DAG,2653.6601791381836,3687.9803047180176,3003.240203857422,7348.840476989746,2573.5401725769043,5153.140357971191,5053.760356903076,3050.2802238464355,2304.820152282715,Group: D,Group: C,Group: D vs Group: C,4,4,Blank_Blank_Blank
"DG(38:6),DG(dO-40:6)_C16:0",DAG,2509.360164642334,4687.360321044922,3083.4802055358887,3803.720245361328,2755.380199432373,3646.1402587890625,2645.4801864624023,2270.5201530456543,2121.460132598877,Group: D,Group: C,Group: D vs Group: C,4,4,Blank_Blank_Blank
"DG(38:6),DG(dO-40:6)_C16:1",DAG,1926.4401245117188,2051.2801513671875,1936.6801414489746,2252.200180053711,2061.5401306152344,1938.4601249694824,2437.580177307129,1938.3801307678223,1943.760124206543,Group: D,Group: C,Group: D vs Group: C,4,4,Blank_Blank_Blank
"DG(38:6),DG(dO-40:6)_C18:0",DAG,1868.4601249694824,1884.6001243591309,1761.4201278686523,1937.900131225586,1792.640121459961,1887.3001289367676,1775.440128326416,1817.2601432800293,1806.800121307373,Group: D,Group: C,Group: D vs Group: C,4,4,Blank_Blank_Blank
"DG(38:6),DG(dO-40:6)_C18:1",DAG,2362.380168914795,2384.6201820373535,3559.9002532958984,2188.9401664733887,2703.640182495117,2641.6001510620117,2378.5001678466797,2597.1602096557617,2465.2401733398438,Group: D,Group: C,Group: D vs Group: C,4,4,Blank_Blank_Blank
"DG(38:6),DG(dO-40:6)_C18:2",DAG,2396.4801864624023,2936.660202026367,2618.7801971435547,6824.760498046875,2481.7401809692383,4088.0203132629395,3756.3802185058594,3090.1402320861816,2298.6001586914062,Group: D,Group: C,Group: D vs Group: C,4,4,Blank_Blank_Blank
"DG(38:7),DG(37:0)_C16:0",DAG,2983.320240020752,5046.640350341797,3111.1201972961426,3290.000255584717,3384.760223388672,4238.980304718018,3846.500259399414,2389.880172729492,3759.4402503967285,Group: D,Group: C,Group: D vs Group: C,4,4,Blank_Blank_Blank
"DG(38:7),DG(37:0)_C16:1",DAG,2010.0001258850098,2053.20015335083,2162.8201484680176,2443.260150909424,2043.6401405334473,2130.6401329040527,2447.5801849365234,2291.260150909424,2098.380153656006,Group: D,Group: C,Group: D vs Group: C,4,4,Blank_Blank_Blank
"DG(38:7),DG(37:0)_C18:0",DAG,1992.8001403808594,1883.5801277160645,2240.0201683044434,2356.440158843994,1886.4601440429688,2256.980167388916,1936.3601303100586,1902.160140991211,2072.2001304626465,Group: D,Group: C,Group: D vs Group: C,4,4,Blank_Blank_Blank
"DG(38:7),DG(37:0)_C18:1",DAG,2636.460205078125,2186.660144805908,3059.2802200317383,2471.6401596069336,2477.1601524353027,2518.5601654052734,2170.320140838623,2272.520175933838,2613.3001976013184,Group: D,Group: C,Group: D vs Group: C,4,4,Blank_Blank_Blank
"DG(38:7),DG(37:0)_C18:2",DAG,2227.8601722717285,2350.1401748657227,2264.300163269043,2475.660171508789,2219.640151977539,2546.520195007324,2399.4401626586914,2349.680160522461,2289.5801544189453,Group: D,Group: C,Group: D vs Group: C,4,4,Blank_Blank_Blank
"DG(38:8),DG(dO-40:8),DG(37:1)_C16:0",DAG,1818.9801330566406,2364.9601707458496,2109.640151977539,2090.640151977539,2467.360191345215,3165.1602325439453,2276.5001792907715,1940.0201377868652,2100.600154876709,Group: D,Group: C,Group: D vs Group: C,4,4,Blank_Blank_Blank
"DG(38:8),DG(dO-40:8),DG(37:1)_C16:1",DAG,1990.4601402282715,2081.6801376342773,2019.1401405334473,2242.3801612854004,2994.860210418701,2031.340145111084,2201.4401512145996,2037.5401344299316,2094.200149536133,Group: D,Group: C,Group: D vs Group: C,4,4,Blank_Blank_Blank
"DG(38:8),DG(dO-40:8),DG(37:1)_C18:0",DAG,1813.500129699707,1891.340129852295,1901.8601341247559,1869.3601303100586,1931.1601219177246,1996.040138244629,1930.5801391601562,1829.7801322937012,1822.0201263427734,Group: D,Group: C,Group: D vs Group: C,4,4,Blank_Blank_Blank
"DG(38:8),DG(dO-40:8),DG(37:1)_C18:1",DAG,2086.400146484375,2224.620147705078,2643.1001892089844,2246.5601768493652,2279.420166015625,2560.5801734924316,2313.5801696777344,2247.9201583862305,2309.6001510620117,Group: D,Group: C,Group: D vs Group: C,4,4,Blank_Blank_Blank
"DG(38:8),DG(dO-40:8),DG(37:1)_C18:2",DAG,2333.7401542663574,2182.700168609619,2401.7401695251465,2208.9801445007324,2311.040168762207,2227.400135040283,2194.400146484375,2343.9801635742188,2431.940174102783,Group: D,Group: C,Group: D vs Group: C,4,4,Blank_Blank_Blank
"DG(38:9),DG(dO-40:9),DG(37:2)_C16:0",DAG,1755.8001174926758,1886.6201286315918,1748.300136566162,1980.760139465332,1796.9001235961914,1953.240146636963,1785.5801391601562,1743.6601295471191,1869.18013381958,Group: D,Group: C,Group: D vs Group: C,4,4,Blank_Blank_Blank
"DG(38:9),DG(dO-40:9),DG(37:2)_C16:1",DAG,1954.4201278686523,2128.5401496887207,1929.0401306152344,2095.7801475524902,2054.4601402282715,2097.840145111084,2091.8801460266113,1925.4201202392578,1948.1201286315918,Group: D,Group: C,Group: D vs Group: C,4,4,Blank_Blank_Blank
"DG(38:9),DG(dO-40:9),DG(37:2)_C18:0",DAG,1845.420093536377,1831.340129852295,1742.9201164245605,1921.0001373291016,1814.1201210021973,1782.5601119995117,1834.0801277160645,1807.0601234436035,1790.3201293945312,Group: D,Group: C,Group: D vs Group: C,4,4,Blank_Blank_Blank
"DG(38:9),DG(dO-40:9),DG(37:2)_C18:1",DAG,2126.0401344299316,2629.2401847839355,3537.400234222412,2878.28018951416,2603.6201667785645,2952.940200805664,2510.6001777648926,2840.100200653076,2634.500186920166,Group: D,Group: C,Group: D vs Group: C,4,4,Blank_Blank_Blank
"DG(38:9),DG(dO-40:9),DG(37:2)_C18:2",DAG,2542.480197906494,2505.1401710510254,2318.060173034668,2725.0002059936523,2532.7401847839355,3177.940216064453,2577.7401733398438,2719.060218811035,2418.380168914795,Group: D,Group: C,Group: D vs Group: C,4,4,Blank_Blank_Blank
DG(39:4)_C16:0,DAG,1745.5801048278809,1754.3801193237305,1711.6001167297363,1768.0601234436035,1773.6801223754883,1749.6401329040527,1864.8001251220703,1722.720115661621,1772.1801261901855,Group: D,Group: C,Group: D vs Group: C,4,4,Blank_Blank_Blank
DG(39:4)_C16:1,DAG,1926.4401512145996,1923.3001289367676,1940.6201362609863,1978.64013671875,2022.1401329040527,1966.1801300048828,1959.6201477050781,1989.6001319885254,1920.7601127624512,Group: D,Group: C,Group: D vs Group: C,4,4,Blank_Blank_Blank
DG(39:4)_C18:0,DAG,1768.900104522705,1818.2001266479492,1736.4801216125488,1733.2801322937012,1782.6001358032227,1826.5801315307617,1759.5201148986816,1800.1201210021973,1744.9201316833496,Group: D,Group: C,Group: D vs Group: C,4,4,Blank_Blank_Blank
DG(39:4)_C18:1,DAG,2018.860149383545,2082.5401458740234,2126.560146331787,1904.9001350402832,2047.0801429748535,2122.2201538085938,1965.7601280212402,2096.840156555176,2470.060157775879,Group: D,Group: C,Group: D vs Group: C,4,4,Blank_Blank_Blank
DG(39:4)_C18:2,DAG,2180.3401527404785,2157.8201599121094,2295.940170288086,2368.600166320801,2194.140163421631,2563.400177001953,2295.780158996582,2392.400161743164,2407.360164642334,Group: D,Group: C,Group: D vs Group: C,4,4,Blank_Blank_Blank
DG(39:5)_C16:0,DAG,2095.1601333618164,2376.0401763916016,1897.0201377868652,2061.5601501464844,1933.3401336669922,2034.4401359558105,1981.1401329040527,1988.2601432800293,2127.0601654052734,Group: D,Group: C,Group: D vs Group: C,4,4,Blank_Blank_Blank
DG(39:5)_C16:1,DAG,1980.5001258850098,1930.3801383972168,1938.860122680664,1953.1801376342773,2086.6601524353027,1950.2401313781738,1924.140121459961,1944.6801414489746,1943.0801429748535,Group: D,Group: C,Group: D vs Group: C,4,4,Blank_Blank_Blank
DG(39:5)_C18:0,DAG,1825.580135345459,1939.840129852295,1915.1001358032227,1810.6001243591309,1790.2601318359375,1791.6201248168945,1833.7801208496094,1864.3001251220703,1810.0201301574707,Group: D,Group: C,Group: D vs Group: C,4,4,Blank_Blank_Blank
DG(39:5)_C18:1,DAG,1918.440128326416,1958.720142364502,2103.5601348876953,1936.68013381958,1970.5601425170898,1935.9401397705078,1943.7001266479492,1987.8601379394531,2035.5001373291016,Group: D,Group: C,Group: D vs Group: C,4,4,Blank_Blank_Blank
DG(39:5)_C18:2,DAG,2197.320167541504,2183.120143890381,2307.020164489746,2224.0401649475098,2102.0401611328125,2238.980155944824,2236.940155029297,2208.960163116455,2230.220157623291,Group: D,Group: C,Group: D vs Group: C,4,4,Blank_Blank_Blank
DG(39:6)_C16:0,DAG,2271.020160675049,3559.520217895508,2810.30020904541,2720.1801719665527,2081.700164794922,3133.4802322387695,2545.840190887451,2747.5801963806152,3142.5202102661133,Group: D,Group: C,Group: D vs Group: C,4,4,Blank_Blank_Blank
DG(39:6)_C16:1,DAG,1926.4001121520996,1966.5601387023926,1931.9801292419434,2015.8201293945312,1970.0201377868652,1923.920124053955,1931.4601287841797,1936.1001319885254,1920.020133972168,Group: D,Group: C,Group: D vs Group: C,4,4,Blank_Blank_Blank
DG(39:6)_C18:0,DAG,2052.080150604248,2440.320167541504,1927.3801345825195,2394.400161743164,2211.020149230957,2060.6001319885254,1920.220142364502,1952.1401290893555,2028.0801467895508,Group: D,Group: C,Group: D vs Group: C,4,4,Blank_Blank_Blank
DG(39:6)_C18:1,DAG,2073.500144958496,2059.1801414489746,2402.3201751708984,2226.4601516723633,2109.300148010254,2017.7601356506348,2160.000141143799,2141.700168609619,2076.9801483154297,Group: D,Group: C,Group: D vs Group: C,4,4,Blank_Blank_Blank
DG(39:6)_C18:2,DAG,2333.2201614379883,2100.3601455688477,2265.6601638793945,2220.780143737793,2172.8201637268066,2346.5601539611816,2227.800148010254,2313.3401641845703,2282.8801498413086,Group: D,Group: C,Group: D vs Group: C,4,4,Blank_Blank_Blank
"DG(39:7),DG(38:0),DG(dO-40:0)_C16:0",DAG,2137.900146484375,2319.9001388549805,2053.300136566162,2081.70015335083,1968.460132598877,2249.5401573181152,2097.560127258301,1828.2601280212402,2282.8401679992676,Group: D,Group: C,Group: D vs Group: C,4,4,Blank_Blank_Blank
"DG(39:7),DG(38:0),DG(dO-40:0)_C16:1",DAG,2011.540138244629,1993.3801345825195,1998.2601318359375,2110.460159301758,2022.2201232910156,1929.8401260375977,2045.1401481628418,2010.0201301574707,2023.8201522827148,Group: D,Group: C,Group: D vs Group: C,4,4,Blank_Blank_Blank
"DG(39:7),DG(38:0),DG(dO-40:0)_C18:0",DAG,1859.260124206543,1840.9201164245605,1852.460132598877,1897.2401390075684,2107.2201614379883,1907.7801399230957,1921.6601257324219,1806.1001205444336,2013.300148010254,Group: D,Group: C,Group: D vs Group: C,4,4,Blank_Blank_Blank
"DG(39:7),DG(38:0),DG(dO-40:0)_C18:1",DAG,2071.60013961792,2020.860149383545,2402.560173034668,2041.8401412963867,2102.540153503418,2153.7401428222656,1944.4601287841797,2385.340171813965,2101.180149078369,Group: D,Group: C,Group: D vs Group: C,4,4,Blank_Blank_Blank
"DG(39:7),DG(38:0),DG(dO-40:0)_C18:2",DAG,2174.260150909424,2162.060146331787,2268.680164337158,2153.5401458740234,2181.3401489257812,2127.4001426696777,2175.060157775879,2111.4001426696777,2346.940158843994,Group: D,Group: C,Group: D vs Group: C,4,4,Blank_Blank_Blank
"DG(39:8),DG(O-40:8),DG(38:1)_C16:0",DAG,1856.920124053955,2154.420166015625,2004.980125427246,2124.220146179199,1961.2401504516602,2875.7001914978027,1989.6601333618164,1765.3401222229004,2061.4401473999023,Group: D,Group: C,Group: D vs Group: C,4,4,Blank_Blank_Blank
"DG(39:8),DG(O-40:8),DG(38:1)_C16:1",DAG,1928.60013961792,1952.4401206970215,2015.6801452636719,1969.6601295471191,1959.1801300048828,1962.8601379394531,1952.8801193237305,1956.480125427246,2026.6001358032227,Group: D,Group: C,Group: D vs Group: C,4,4,Blank_Blank_Blank
"DG(39:8),DG(O-40:8),DG(38:1)_C18:0",DAG,1889.7601318359375,2014.9001388549805,1776.480125427246,1961.2201347351074,1766.260124206543,2228.6801681518555,1761.7001152038574,1809.6201133728027,1810.300121307373,Group: D,Group: C,Group: D vs Group: C,4,4,Blank_Blank_Blank
"DG(39:8),DG(O-40:8),DG(38:1)_C18:1",DAG,3080.420234680176,2724.1401977539062,4414.86030960083,3116.7602157592773,3970.7802772521973,3471.66024017334,3135.2402153015137,3241.4602432250977,2115.6001472473145,Group: D,Group: C,Group: D vs Group: C,4,4,Blank_Blank_Blank
"DG(39:8),DG(O-40:8),DG(38:1)_C18:2",DAG,2372.260150909424,2300.000156402588,2415.460174560547,2319.140163421631,2339.6801681518555,2557.500171661377,2325.620174407959,2344.820167541504,2338.9001655578613,Group: D,Group: C,Group: D vs Group: C,4,4,Blank_Blank_Blank
DG(40:1)_C16:0,DAG,1848.8801231384277,2362.7801513671875,1837.920124053955,1863.240119934082,1838.8601188659668,3257.0202293395996,1953.440128326416,1892.8401184082031,1925.5401344299316,Group: D,Group: C,Group: D vs Group: C,4,4,Blank_Blank_Blank
DG(40:1)_C16:1,DAG,1998.9201202392578,1967.8201217651367,1938.480136871338,2134.6401443481445,2010.1601219177246,2036.6201477050781,2061.2001304626465,1999.0201416015625,2006.400131225586,Group: D,Group: C,Group: D vs Group: C,4,4,Blank_Blank_Blank
DG(40:1)_C18:0,DAG,1748.4401359558105,1806.3401260375977,1751.9801177978516,1820.3001289367676,1867.9201278686523,2059.260139465332,1790.9801177978516,1808.560131072998,1752.5601387023926,Group: D,Group: C,Group: D vs Group: C,4,4,Blank_Blank_Blank
DG(40:1)_C18:1,DAG,2040.4201393127441,2122.7801551818848,2694.6401901245117,2090.5001373291016,2127.5201568603516,2328.5601806640625,2082.920139312744,2140.400146484375,2300.5601539611816,Group: D,Group: C,Group: D vs Group: C,4,4,Blank_Blank_Blank
"DG(40:10),DG(39:3)_C16:0",DAG,1843.2801246643066,1981.1201362609863,1730.260124206543,1892.340145111084,1788.0201225280762,1839.2601203918457,1775.980125427246,1807.9001274108887,1904.4401397705078,Group: D,Group: C,Group: D vs Group: C,4,4,Blank_Blank_Blank
"DG(40:10),DG(39:3)_C16:1",DAG,1981.320140838623,1978.780143737793,2020.0801315307617,2065.5201377868652,2387.4601707458496,2111.7001419067383,2098.640148162842,2112.3401412963867,1926.1801223754883,Group: D,Group: C,Group: D vs Group: C,4,4,Blank_Blank_Blank
"DG(40:10),DG(39:3)_C18:0",DAG,1844.9401206970215,1972.0801315307617,1936.5001220703125,1803.6601257324219,1799.1001243591309,1909.560131072998,1751.2001266479492,1801.260139465332,1851.0001258850098,Group: D,Group: C,Group: D vs Group: C,4,4,Blank_Blank_Blank
"DG(40:10),DG(39:3)_C18:1",DAG,2349.0401611328125,2375.4001655578613,3312.2202110290527,2490.880168914795,2729.4801902770996,2524.060157775879,2256.5201530456543,2351.920154571533,2756.5002098083496,Group: D,Group: C,Group: D vs Group: C,4,4,Blank_Blank_Blank
"DG(40:10),DG(39:3)_C18:2",DAG,2428.3801765441895,2318.940158843994,2211.3201637268066,2511.9801750183105,2638.3401679992676,2552.580177307129,2471.2801971435547,2560.14017868042,2365.3001670837402,Group: D,Group: C,Group: D vs Group: C,4,4,Blank_Blank_Blank
DG(40:2)_C16:0,DAG,1742.1601219177246,1935.480125427246,1746.4001159667969,1759.7401084899902,1825.4001083374023,2036.7201538085938,1849.6601371765137,1764.2001266479492,1747.2001152038574,Group: D,Group: C,Group: D vs Group: C,4,4,Blank_Blank_Blank
DG(40:2)_C16:1,DAG,1927.1001281738281,2040.6001472473145,1954.5601387023926,1960.7401275634766,2096.6401405334473,2063.460132598877,1964.9401245117188,1988.0201454162598,1926.980136871338,Group: D,Group: C,Group: D vs Group: C,4,4,Blank_Blank_Blank
DG(40:2)_C18:0,DAG,1712.1001205444336,1838.3001174926758,1869.6201248168945,1851.3601112365723,1816.940128326416,1971.2601432800293,1900.080135345459,1755.6601257324219,1808.820125579834,Group: D,Group: C,Group: D vs Group: C,4,4,Blank_Blank_Blank
DG(40:2)_C18:1,DAG,2106.1201400756836,2032.7001495361328,2425.120174407959,2105.3201484680176,2175.000141143799,2152.540142059326,2180.0401649475098,2387.160182952881,1978.0401344299316,Group: D,Group: C,Group: D vs Group: C,4,4,Blank_Blank_Blank
DG(40:2)_C18:2,DAG,2408.920166015625,2440.840160369873,2311.4601554870605,2574.9601821899414,2320.060157775879,2715.620189666748,2237.0401649475098,2383.9401664733887,2349.600170135498,Group: D,Group: C,Group: D vs Group: C,4,4,Blank_Blank_Blank
DG(40:3)_C16:0,DAG,1739.7801246643066,1723.9801139831543,1738.8001289367676,1772.680118560791,1784.420124053955,1780.0201225280762,1851.620132446289,1722.9801292419434,1764.6201210021973,Group: D,Group: C,Group: D vs Group: C,4,4,Blank_Blank_Blank
DG(40:3)_C16:1,DAG,2046.6001358032227,1954.5401229858398,1930.1601486206055,2022.6001510620117,2014.880126953125,1924.7601356506348,2044.1201438903809,2070.9801445007324,1937.440143585205,Group: D,Group: C,Group: D vs Group: C,4,4,Blank_Blank_Blank
DG(40:3)_C18:0,DAG,1734.9601249694824,1790.9401245117188,1834.060131072998,1787.880126953125,1820.200122833252,1741.360122680664,1706.9201164245605,1732.3001289367676,1744.4201164245605,Group: D,Group: C,Group: D vs Group: C,4,4,Blank_Blank_Blank
DG(40:3)_C18:1,DAG,2116.340129852295,2016.6001243591309,2230.3201599121094,2312.7801551818848,2031.7201461791992,2164.0001335144043,2206.2601470947266,2213.9401473999023,2149.160129547119,Group: D,Group: C,Group: D vs Group: C,4,4,Blank_Blank_Blank
DG(40:3)_C18:2,DAG,2453.600170135498,2373.840175628662,2213.280143737793,2909.8002014160156,2248.2801666259766,2817.12020111084,3019.5202102661133,2463.700168609619,2321.460174560547,Group: D,Group: C,Group: D vs Group: C,4,4,Blank_Blank_Blank
DG(40:4)_C16:0,DAG,1766.1601333618164,2049.5601348876953,1775.460117340088,1840.0801315307617,1850.440113067627,1785.0401306152344,1908.5801315307617,1722.8601188659668,1971.5001335144043,Group: D,Group: C,Group: D vs Group: C,4,4,Blank_Blank_Blank
DG(40:4)_C16:1,DAG,1989.8201217651367,1956.6201362609863,1918.6201248168945,1985.200138092041,1947.1201362609863,1970.8001327514648,2005.9601440429688,1982.340145111084,2024.7601280212402,Group: D,Group: C,Group: D vs Group: C,4,4,Blank_Blank_Blank
DG(40:4)_C18:0,DAG,1765.5201263427734,1865.7401313781738,1848.9801330566406,2000.60013961792,1789.8601264953613,1911.940143585205,1793.3601341247559,1837.8601341247559,1722.2601203918457,Group: D,Group: C,Group: D vs Group: C,4,4,Blank_Blank_Blank
DG(40:4)_C18:1,DAG,1968.7601318359375,1970.9001426696777,2043.1401405334473,2071.500129699707,1902.9401206970215,2018.5001411437988,2047.6601371765137,1983.8601455688477,1941.860122680664,Group: D,Group: C,Group: D vs Group: C,4,4,Blank_Blank_Blank
DG(40:4)_C18:2,DAG,2310.0601654052734,2249.560157775879,2244.580165863037,2357.2801780700684,2233.8801498413086,2415.320171356201,2427.400177001953,2270.3601608276367,2330.340156555176,Group: D,Group: C,Group: D vs Group: C,4,4,Blank_Blank_Blank
DG(40:5)_C16:0,DAG,2954.5802040100098,3953.2002754211426,3523.34024810791,2809.960193634033,2531.780185699463,2950.3801879882812,3276.7602195739746,2566.7201652526855,3127.560234069824,Group: D,Group: C,Group: D vs Group: C,4,4,Blank_Blank_Blank
DG(40:5)_C16:1,DAG,2021.7601356506348,2020.1601295471191,1954.9401473999023,1991.2001342773438,2015.0001335144043,2038.8801612854004,2013.0601272583008,1998.340160369873,2047.8201484680176,Group: D,Group: C,Group: D vs Group: C,4,4,Blank_Blank_Blank
DG(40:5)_C18:0,DAG,1832.5401229858398,1875.640121459961,1939.320140838623,2214.9401473999023,1729.920108795166,1837.4801292419434,2022.4401473999023,1902.7801322937012,1941.1401329040527,Group: D,Group: C,Group: D vs Group: C,4,4,Blank_Blank_Blank
DG(40:5)_C18:1,DAG,1999.9601364135742,2074.260154724121,2549.1801681518555,2073.760139465332,2042.4201469421387,2498.6201667785645,2317.620147705078,2395.300178527832,2048.8801345825195,Group: D,Group: C,Group: D vs Group: C,4,4,Blank_Blank_Blank
DG(40:5)_C18:2,DAG,2270.340156555176,2321.080150604248,2271.960159301758,2402.6201667785645,2124.220142364502,2484.560161590576,2292.540168762207,2207.440155029297,2164.3201484680176,Group: D,Group: C,Group: D vs Group: C,4,4,Blank_Blank_Blank
"DG(40:6),DG(dO-40:0)_C16:0",DAG,2884.3802070617676,4065.2402954101562,3213.8002395629883,3265.4002418518066,2189.440155029297,3008.400188446045,3410.820255279541,2554.8801651000977,3845.5202827453613,Group: D,Group: C,Group: D vs Group: C,4,4,Blank_Blank_Blank
"DG(40:6),DG(dO-40:0)_C16:1",DAG,2102.540142059326,2192.8401412963867,2141.500160217285,2401.3801765441895,2299.7001457214355,2228.820156097412,2198.9401512145996,2201.620162963867,2394.580165863037,Group: D,Group: C,Group: D vs Group: C,4,4,Blank_Blank_Blank
"DG(40:6),DG(dO-40:0)_C18:0",DAG,1814.6601257324219,2301.0401496887207,2394.1001586914062,2002.2401237487793,2134.0601501464844,2479.100166320801,1915.1601295471191,1941.0601425170898,1815.6601295471191,Group: D,Group: C,Group: D vs Group: C,4,4,Blank_Blank_Blank
"DG(40:6),DG(dO-40:0)_C18:1",DAG,2023.1601486206055,2243.9801483154297,3437.4402389526367,2374.0201721191406,2545.940185546875,2513.6201934814453,2680.2801551818848,2831.780185699463,2150.9001388549805,Group: D,Group: C,Group: D vs Group: C,4,4,Blank_Blank_Blank
"DG(40:6),DG(dO-40:0)_C18:2",DAG,2311.0401611328125,2373.1801681518555,2555.680187225342,4632.580333709717,2413.8001708984375,3658.740249633789,3487.68021774292,2671.860195159912,2121.560146331787,Group: D,Group: C,Group: D vs Group: C,4,4,Blank_Blank_Blank
"DG(40:7),DG(39:0)_C16:0",DAG,2484.460163116455,3709.540256500244,2918.1602210998535,2738.680202484131,2476.0201835632324,3080.6602210998535,3053.980239868164,2295.520164489746,3140.900234222412,Group: D,Group: C,Group: D vs Group: C,4,4,Blank_Blank_Blank
"DG(40:7),DG(39:0)_C16:1",DAG,2632.160186767578,3060.5802307128906,2453.400161743164,3385.2402381896973,4866.120342254639,2314.080177307129,2440.840171813965,2938.0002212524414,2236.3401527404785,Group: D,Group: C,Group: D vs Group: C,4,4,Blank_Blank_Blank
"DG(40:7),DG(39:0)_C18:0",DAG,2179.160140991211,2356.4201736450195,2616.4201889038086,2477.1801567077637,2669.780185699463,2601.140182495117,2364.5801696777344,1800.0801429748535,2359.2401809692383,Group: D,Group: C,Group: D vs Group: C,4,4,Blank_Blank_Blank
"DG(40:7),DG(39:0)_C18:1",DAG,2865.8602142333984,3264.700252532959,5375.220386505127,3827.820240020752,3021.940200805664,3866.160224914551,3318.2001991271973,3310.600238800049,2882.940216064453,Group: D,Group: C,Group: D vs Group: C,4,4,Blank_Blank_Blank
"DG(40:7),DG(39:0)_C18:2",DAG,2335.9601554870605,2883.920192718506,2460.140193939209,4833.980381011963,2414.5801734924316,3439.580249786377,3635.24027633667,2714.0602073669434,2206.6201667785645,Group: D,Group: C,Group: D vs Group: C,4,4,Blank_Blank_Blank
"DG(40:8),DG(39:1)_C18:2",DAG,2570.080177307129,3343.0402297973633,2709.8402099609375,7337.700542449951,2532.4601669311523,4049.1602516174316,4882.120323181152,2864.4202194213867,2524.7201805114746,Group: D,Group: C,Group: D vs Group: C,4,4,Blank_Blank_Blank
"DG(40:9),DG(39:2)_C16:0",DAG,1894.040138244629,1753.720115661621,1717.8801155090332,2067.2001304626465,3038.260196685791,2682.300193786621,1776.800121307373,1813.9201164245605,1789.440128326416,Group: D,Group: C,Group: D vs Group: C,4,4,Blank_Blank_Blank
"DG(40:9),DG(39:2)_C16:1",DAG,2034.9201393127441,1995.1801414489746,1985.5801544189453,1998.1201438903809,1993.540126800537,2068.000141143799,1980.880142211914,1985.0201225280762,2015.480125427246,Group: D,Group: C,Group: D vs Group: C,4,4,Blank_Blank_Blank
"DG(40:9),DG(39:2)_C18:0",DAG,1823.760124206543,1786.8401184082031,1879.1601257324219,1825.9401359558105,1857.7201232910156,1801.800121307373,1736.5401306152344,1795.1601257324219,1727.720127105713,Group: D,Group: C,Group: D vs Group: C,4,4,Blank_Blank_Blank
"DG(40:9),DG(39:2)_C18:1",DAG,2057.9001426696777,2059.6401557922363,2263.4001693725586,2093.780132293701,2284.420135498047,2107.0201568603516,2155.3401412963867,2084.2201614379883,1998.8001327514648,Group: D,Group: C,Group: D vs Group: C,4,4,Blank_Blank_Blank
"DG(40:9),DG(39:2)_C18:2",DAG,2981.7801933288574,2630.7601776123047,2513.1001892089844,3054.960189819336,3573.5602264404297,3173.2602043151855,3247.7402381896973,2529.0801734924316,2607.5001792907715,Group: D,Group: C,Group: D vs Group: C,4,4,Blank_Blank_Blank
DG(41:5)_C16:0,DAG,2493.6401596069336,4642.820381164551,2997.0401878356934,4224.380348205566,3166.6802253723145,9680.060596466064,10122.160804748535,3644.0402450561523,2939.4401817321777,Group: D,Group: C,Group: D vs Group: C,4,4,Blank_Blank_Blank
DG(41:5)_C16:1,DAG,2080.200149536133,2296.100154876709,2204.5001640319824,2386.660171508789,2250.300148010254,2141.3001441955566,2541.2801780700684,2336.4401512145996,2002.7401390075684,Group: D,Group: C,Group: D vs Group: C,4,4,Blank_Blank_Blank
DG(41:5)_C18:0,DAG,1826.1401405334473,1886.340129852295,2120.6001472473145,1860.5401229858398,1965.3401336669922,1982.0601348876953,1823.8401260375977,1889.9801216125488,1823.2601318359375,Group: D,Group: C,Group: D vs Group: C,4,4,Blank_Blank_Blank
DG(41:5)_C18:1,DAG,2014.6001510620117,2010.64013671875,2194.460163116455,1984.080135345459,1959.6601181030273,2009.9601364135742,2089.7201614379883,2007.9601440429688,2053.2401428222656,Group: D,Group: C,Group: D vs Group: C,4,4,Blank_Blank_Blank
DG(41:5)_C18:2,DAG,2189.6401557922363,2144.2601356506348,2193.640151977539,2174.3601417541504,2208.460159301758,2216.7201538085938,2208.26016998291,2208.600166320801,2271.480152130127,Group: D,Group: C,Group: D vs Group: C,4,4,Blank_Blank_Blank
DG(41:6)_C16:0,DAG,3323.3802337646484,4076.600311279297,2975.7802124023438,2878.260208129883,2317.3601455688477,3533.5602493286133,3258.800235748291,2831.360206604004,3895.0002937316895,Group: D,Group: C,Group: D vs Group: C,4,4,Blank_Blank_Blank
DG(41:6)_C16:1,DAG,2703.6801795959473,3249.2602462768555,2657.680187225342,2845.780216217041,3505.940216064453,2661.1801528930664,4272.120288848877,2496.5601768493652,2855.3601722717285,Group: D,Group: C,Group: D vs Group: C,4,4,Blank_Blank_Blank
DG(41:6)_C18:0,DAG,2055.660144805908,2055.2601280212402,2037.4801445007324,2171.100154876709,1765.240119934082,1991.2801551818848,1922.7401313781738,1874.5201377868652,1960.740146636963,Group: D,Group: C,Group: D vs Group: C,4,4,Blank_Blank_Blank
DG(41:6)_C18:1,DAG,2064.600143432617,2007.4801712036133,2363.000156402588,2026.3201637268066,1918.8601417541504,2116.8201446533203,1987.0601425170898,1951.260124206543,2212.1801528930664,Group: D,Group: C,Group: D vs Group: C,4,4,Blank_Blank_Blank
DG(41:6)_C18:2,DAG,2098.20015335083,2178.220146179199,2192.660167694092,2140.3801498413086,2115.9601402282715,2160.280158996582,2101.940143585205,2228.2201614379883,2158.3401489257812,Group: D,Group: C,Group: D vs Group: C,4,4,Blank_Blank_Blank
"DG(41:7),DG(40:0)_C16:0",DAG,2213.2401542663574,2355.0001945495605,2131.6601486206055,2114.16015625,1878.0401344299316,2361.600154876709,2242.5601539611816,2055.5001373291016,2357.680164337158,Group: D,Group: C,Group: D vs Group: C,4,4,Blank_Blank_Blank
"DG(41:7),DG(40:0)_C16:1",DAG,2022.7801322937012,1973.8001289367676,1997.1401405334473,2029.9601516723633,2126.2601356506348,1942.440128326416,2023.8401412963867,2129.5401496887207,1991.360122680664,Group: D,Group: C,Group: D vs Group: C,4,4,Blank_Blank_Blank
"DG(41:7),DG(40:0)_C18:0",DAG,1753.8401222229004,1827.6201286315918,1842.7601127624512,1875.7801322937012,1760.66011428833,1820.9401206970215,1721.3401184082031,1913.1801147460938,1760.380111694336,Group: D,Group: C,Group: D vs Group: C,4,4,Blank_Blank_Blank
"DG(41:7),DG(40:0)_C18:1",DAG,1977.960132598877,1947.980136871338,2323.5001678466797,2114.0401611328125,2094.8201332092285,1956.6801414489746,2055.280143737793,2082.1601524353027,2193.7801551818848,Group: D,Group: C,Group: D vs Group: C,4,4,Blank_Blank_Blank
"DG(41:7),DG(40:0)_C18:2",DAG,2181.1401557922363,2115.5401649475098,2169.0401458740234,2116.8801307678223,2157.700164794922,2104.260150909424,2208.2401428222656,2230.3801651000977,2161.840156555176,Group: D,Group: C,Group: D vs Group: C,4,4,Blank_Blank_Blank
DG(42:1)_C16:0,DAG,1746.3201370239258,1772.6401138305664,1868.2801361083984,1839.820110321045,1720.4801063537598,1933.1401290893555,1819.9201316833496,1830.9601249694824,1737.4601097106934,Group: D,Group: C,Group: D vs Group: C,4,4,Blank_Blank_Blank
DG(42:1)_C16:1,DAG,1985.980136871338,1966.3801193237305,2087.2201614379883,2072.240146636963,2020.4201354980469,2075.7201385498047,2009.8601303100586,1965.6401138305664,1987.0401344299316,Group: D,Group: C,Group: D vs Group: C,4,4,Blank_Blank_Blank
DG(42:1)_C18:0,DAG,1736.520118713379,1796.8001327514648,1815.6201133728027,1814.9001388549805,1817.2801246643066,1842.7401275634766,1729.740119934082,1730.4601211547852,1845.820140838623,Group: D,Group: C,Group: D vs Group: C,4,4,Blank_Blank_Blank
DG(42:1)_C18:1,DAG,1965.9801445007324,1913.4201393127441,2447.580177307129,1952.520133972168,2025.2401275634766,2029.3201370239258,1948.0001411437988,1959.4201354980469,2053.440139770508,Group: D,Group: C,Group: D vs Group: C,4,4,Blank_Blank_Blank
"DG(42:10),DG(41:3)_C16:0",DAG,1773.8201179504395,1772.9401206970215,1927.4001197814941,1756.1201210021973,1813.360122680664,1973.3801345825195,1983.4001502990723,1819.9801330566406,1768.5601119995117,Group: D,Group: C,Group: D vs Group: C,4,4,Blank_Blank_Blank
"DG(42:10),DG(41:3)_C16:1",DAG,1925.5601272583008,2008.5801429748535,1942.1401290893555,2000.9601440429688,2016.3801383972168,2059.56014251709,2160.8201484680176,2049.380126953125,2076.620147705078,Group: D,Group: C,Group: D vs Group: C,4,4,Blank_Blank_Blank
"DG(42:10),DG(41:3)_C18:0",DAG,1776.260124206543,1784.8801345825195,1824.7601356506348,1794.7001266479492,1758.5401191711426,1803.6401138305664,1765.540126800537,1739.040111541748,1813.1401290893555,Group: D,Group: C,Group: D vs Group: C,4,4,Blank_Blank_Blank
"DG(42:10),DG(41:3)_C18:1",DAG,1949.1601333618164,2172.2801628112793,2479.8001823425293,2042.900131225586,2703.8202018737793,2167.8801498413086,2245.840156555176,2091.340145111084,1979.9801330566406,Group: D,Group: C,Group: D vs Group: C,4,4,Blank_Blank_Blank
"DG(42:10),DG(41:3)_C18:2",DAG,2238.7801628112793,2159.1401596069336,2285.5801582336426,2406.020175933838,2464.660171508789,2945.2801933288574,2641.0601806640625,2503.2601737976074,2297.300148010254,Group: D,Group: C,Group: D vs Group: C,4,4,Blank_Blank_Blank
"DG(42:11),DG(41:4)_C16:0",DAG,1956.800136566162,2132.9801292419434,1931.560131072998,2414.580165863037,2342.8201599121094,4625.980239868164,3658.7402534484863,2556.9201889038086,2001.260154724121,Group: D,Group: C,Group: D vs Group: C,4,4,Blank_Blank_Blank
"DG(42:11),DG(41:4)_C16:1",DAG,2008.880142211914,2020.3401412963867,1964.3001403808594,1993.2201309204102,2053.8201484680176,1973.9201316833496,1995.460147857666,1951.1401405334473,1972.880142211914,Group: D,Group: C,Group: D vs Group: C,4,4,Blank_Blank_Blank
"DG(42:11),DG(41:4)_C18:0",DAG,1736.540126800537,1736.7401161193848,1753.8601264953613,1788.860122680664,1734.8801155090332,1781.7801208496094,1745.58012008667,1780.8201332092285,1795.9201354980469,Group: D,Group: C,Group: D vs Group: C,4,4,Blank_Blank_Blank
"DG(42:11),DG(41:4)_C18:1",DAG,2006.1001434326172,1964.3801383972168,2133.640148162842,1910.480125427246,2128.6601486206055,1906.68013381958,1947.8401336669922,1929.280128479004,1955.1601333618164,Group: D,Group: C,Group: D vs Group: C,4,4,Blank_Blank_Blank
"DG(42:11),DG(41:4)_C18:2",DAG,2140.1201553344727,2210.5801734924316,2425.4001693725586,2254.1801528930664,2728.220199584961,2729.66019821167,2456.4001846313477,2297.380157470703,2360.3201599121094,Group: D,Group: C,Group: D vs Group: C,4,4,Blank_Blank_Blank
DG(42:2)_C16:0,DAG,1782.860122680664,1915.020133972168,1846.1201248168945,1780.1401252746582,1752.9001159667969,1870.1001358032227,1886.2601432800293,1756.300136566162,1853.960132598877,Group: D,Group: C,Group: D vs Group: C,4,4,Blank_Blank_Blank
DG(42:2)_C16:1,DAG,1925.8001327514648,1992.9401168823242,1919.6201438903809,2030.0801391601562,1938.8001403808594,1934.500144958496,2005.2001495361328,1994.4601402282715,2008.5001373291016,Group: D,Group: C,Group: D vs Group: C,4,4,Blank_Blank_Blank
DG(42:2)_C18:0,DAG,1815.7401123046875,1730.0801124572754,1856.9001197814941,1769.1201210021973,1842.4201126098633,1782.2601280212402,1706.4601249694824,1810.820140838623,1842.5601272583008,Group: D,Group: C,Group: D vs Group: C,4,4,Blank_Blank_Blank
DG(42:2)_C18:1,DAG,2256.1001472473145,2226.860164642334,2645.74019241333,2305.7201614379883,2215.0601501464844,2313.1201667785645,2180.7601470947266,2247.100170135498,2403.8801612854004,Group: D,Group: C,Group: D vs Group: C,4,4,Blank_Blank_Blank
DG(42:2)_C18:2,DAG,2541.6001892089844,2510.1801834106445,2532.4801712036133,2395.520160675049,2373.4801712036133,2564.8201751708984,2650.9201850891113,2459.5801734924316,2492.3801803588867,Group: D,Group: C,Group: D vs Group: C,4,4,Blank_Blank_Blank
DG(42:3)_C16:0,DAG,1767.6001319885254,1739.3801193237305,1748.520133972168,1772.620132446289,1722.8401184082031,1799.6001243591309,1737.4401245117188,1855.4401245117188,1792.0201263427734,Group: D,Group: C,Group: D vs Group: C,4,4,Blank_Blank_Blank
DG(42:3)_C16:1,DAG,1946.2001342773438,1966.1601486206055,1918.2801322937012,1931.240135192871,1938.7001304626465,1924.1001472473145,2024.980136871338,2061.740146636963,1943.9601249694824,Group: D,Group: C,Group: D vs Group: C,4,4,Blank_Blank_Blank
DG(42:3)_C18:0,DAG,1853.9201164245605,1735.8001098632812,1879.8401222229004,1821.5801315307617,1791.0001182556152,1821.8001098632812,1737.1601257324219,1735.5801086425781,1734.780128479004,Group: D,Group: C,Group: D vs Group: C,4,4,Blank_Blank_Blank
DG(42:3)_C18:1,DAG,1962.300136566162,1999.980136871338,2063.4601440429688,1947.6601486206055,1971.7401275634766,2009.6801452636719,2002.8201484680176,2021.8601264953613,1984.7001457214355,Group: D,Group: C,Group: D vs Group: C,4,4,Blank_Blank_Blank
DG(42:3)_C18:2,DAG,2225.2201614379883,2151.5801544189453,2226.8001747131348,2239.280143737793,2235.4601554870605,2410.7201614379883,2323.460163116455,2474.8001823425293,2277.680160522461,Group: D,Group: C,Group: D vs Group: C,4,4,Blank_Blank_Blank
DG(42:4)_C16:0,DAG,1719.2601318359375,1823.4401092529297,1735.760124206543,1729.8401184082031,1794.520118713379,1722.1801109313965,1886.9401397705078,1817.3601264953613,1802.200122833252,Group: D,Group: C,Group: D vs Group: C,4,4,Blank_Blank_Blank
DG(42:4)_C16:1,DAG,1925.68013381958,1934.7801361083984,1946.7401390075684,2021.3201446533203,2012.8201484680176,2032.5001373291016,2115.420135498047,1992.7401313781738,1954.9201431274414,Group: D,Group: C,Group: D vs Group: C,4,4,Blank_Blank_Blank
DG(42:4)_C18:0,DAG,1784.2001190185547,1776.7401123046875,1737.0001220703125,1711.2001113891602,1773.4601249694824,1748.4801063537598,1716.360122680664,1759.7801246643066,1820.3801231384277,Group: D,Group: C,Group: D vs Group: C,4,4,Blank_Blank_Blank
DG(42:4)_C18:1,DAG,1976.3601188659668,2062.940139770508,2332.940174102783,1971.5801277160645,1977.6401329040527,2081.4401473999023,1904.6201248168945,1937.7801246643066,1943.8801345825195,Group: D,Group: C,Group: D vs Group: C,4,4,Blank_Blank_Blank
DG(42:4)_C18:2,DAG,2155.5401496887207,2131.0001487731934,2204.8001441955566,2261.0201683044434,2195.9601402282715,2533.780174255371,2252.5001487731934,2344.60018157959,2254.880153656006,Group: D,Group: C,Group: D vs Group: C,4,4,Blank_Blank_Blank
DG(42:5)_C16:0,DAG,1898.3801307678223,1989.2601432800293,1935.7601280212402,1864.4201278686523,1876.4001197814941,1862.800121307373,1949.1201400756836,1984.9201469421387,1906.120132446289,Group: D,Group: C,Group: D vs Group: C,4,4,Blank_Blank_Blank
DG(42:5)_C16:1,DAG,2004.6401405334473,2011.2201347351074,1980.560146331787,2100.8401489257812,2126.3001403808594,2039.0801467895508,2390.0401649475098,2124.2601432800293,2010.7601432800293,Group: D,Group: C,Group: D vs Group: C,4,4,Blank_Blank_Blank
DG(42:5)_C18:0,DAG,2168.8001403808594,2286.9201622009277,2432.1001586914062,2161.240165710449,2346.6201667785645,2023.5601387023926,2425.840156555176,2160.1001586914062,2230.5201568603516,Group: D,Group: C,Group: D vs Group: C,4,4,Blank_Blank_Blank
DG(42:5)_C18:1,DAG,1977.2001419067383,2008.0201454162598,2363.0601844787598,1968.4401397705078,2000.6201400756836,2037.6001358032227,1904.7001342773438,1949.9001350402832,2161.980152130127,Group: D,Group: C,Group: D vs Group: C,4,4,Blank_Blank_Blank
DG(42:5)_C18:2,DAG,2473.340171813965,2126.6201400756836,2287.100170135498,2213.7401695251465,2215.860149383545,2356.2401733398438,2281.3601417541504,2194.9001502990723,2260.2001609802246,Group: D,Group: C,Group: D vs Group: C,4,4,Blank_Blank_Blank
DG(42:6)_C16:0,DAG,3344.7202224731445,4663.300319671631,3619.9002418518066,3279.860221862793,3168.920234680176,4090.6402587890625,4066.900302886963,2818.0401916503906,4250.14030456543,Group: D,Group: C,Group: D vs Group: C,4,4,Blank_Blank_Blank
DG(42:6)_C16:1,DAG,1926.4001388549805,1923.960132598877,1964.1001358032227,2031.7601470947266,1977.8601264953613,1997.7601318359375,1924.9801216125488,1925.5601272583008,2201.7401695251465,Group: D,Group: C,Group: D vs Group: C,4,4,Blank_Blank_Blank
DG(42:6)_C18:0,DAG,1851.6401176452637,2112.0001373291016,2077.660140991211,2181.2801666259766,1920.6001243591309,1986.380142211914,1940.1401176452637,2034.880142211914,2059.9601440429688,Group: D,Group: C,Group: D vs Group: C,4,4,Blank_Blank_Blank
DG(42:6)_C18:1,DAG,2031.2001419067383,2033.740146636963,2639.6601791381836,1908.8801307678223,1990.0401573181152,2008.1801376342773,2011.4401397705078,2028.720127105713,1971.3401527404785,Group: D,Group: C,Group: D vs Group: C,4,4,Blank_Blank_Blank
DG(42:6)_C18:2,DAG,2195.8801612854004,2279.6201553344727,2181.600166320801,2297.080165863037,2148.9601402282715,2286.5401611328125,2199.1401596069336,2290.4001541137695,2205.860164642334,Group: D,Group: C,Group: D vs Group: C,4,4,Blank_Blank_Blank
"DG(42:7),DG(41:0)_C16:0",DAG,3101.3202323913574,3599.1202812194824,2839.840175628662,2601.7201919555664,2152.0801429748535,2757.940185546875,3258.620204925537,2218.500156402588,3295.18025970459,Group: D,Group: C,Group: D vs Group: C,4,4,Blank_Blank_Blank
"DG(42:7),DG(41:0)_C16:1",DAG,1954.0801315307617,1939.1201248168945,2033.1401405334473,2268.3401641845703,2162.7401542663574,2078.9201278686523,2114.9601554870605,2080.2401428222656,2069.180145263672,Group: D,Group: C,Group: D vs Group: C,4,4,Blank_Blank_Blank
"DG(42:7),DG(41:0)_C18:0",DAG,2016.740146636963,2011.520133972168,2267.420166015625,2357.840156555176,2007.6601371765137,2010.3401489257812,2255.540180206299,2158.9401473999023,2335.940158843994,Group: D,Group: C,Group: D vs Group: C,4,4,Blank_Blank_Blank
"DG(42:7),DG(41:0)_C18:1",DAG,1986.0201416015625,2089.0201454162598,2382.3601608276367,2027.5601234436035,2097.1801414489746,2074.8401489257812,2069.320137023926,1914.0601425170898,2185.240146636963,Group: D,Group: C,Group: D vs Group: C,4,4,Blank_Blank_Blank
"DG(42:7),DG(41:0)_C18:2",DAG,2246.5401573181152,2476.9601669311523,2299.260166168213,2593.1201782226562,2206.760154724121,2660.080177307129,2554.400177001953,2284.660167694092,2226.20015335083,Group: D,Group: C,Group: D vs Group: C,4,4,Blank_Blank_Blank
"DG(42:8),DG(41:1)_C16:0",DAG,1799.8601264953613,2168.9001502990723,2046.3401260375977,2124.5401458740234,2069.0201454162598,2485.860191345215,1924.7801399230957,2011.5801467895508,1900.8801231384277,Group: D,Group: C,Group: D vs Group: C,4,4,Blank_Blank_Blank
"DG(42:8),DG(41:1)_C16:1",DAG,1976.740135192871,1949.68013381958,2072.8601417541504,2097.760154724121,2074.320152282715,1994.1201438903809,2007.9001388549805,2052.2401428222656,2131.5001487731934,Group: D,Group: C,Group: D vs Group: C,4,4,Blank_Blank_Blank
"DG(42:8),DG(41:1)_C18:0",DAG,1848.3801345825195,1978.240146636963,1987.6201362609863,1857.1201095581055,2078.8201484680176,2171.1801567077637,2036.2201347351074,1800.1801261901855,1844.4001274108887,Group: D,Group: C,Group: D vs Group: C,4,4,Blank_Blank_Blank
"DG(42:8),DG(41:1)_C18:1",DAG,2084.5601387023926,2317.3601722717285,2638.9402046203613,2160.2601585388184,3207.540180206299,2201.000141143799,2288.5401496887207,2364.380172729492,2316.9201622009277,Group: D,Group: C,Group: D vs Group: C,4,4,Blank_Blank_Blank
"DG(42:8),DG(41:1)_C18:2",DAG,2320.7401695251465,2423.3201751708984,2258.920154571533,2529.9201850891113,2249.860164642334,2510.9201736450195,2365.1001739501953,2242.4401664733887,2193.8401641845703,Group: D,Group: C,Group: D vs Group: C,4,4,Blank_Blank_Blank
"DG(42:9),DG(41:2)_C16:0",DAG,1958.9401397705078,2006.5401496887207,2089.780143737793,2001.8601455688477,2471.420181274414,2220.8401641845703,1986.9001235961914,1925.3201522827148,1981.520149230957,Group: D,Group: C,Group: D vs Group: C,4,4,Blank_Blank_Blank
"DG(42:9),DG(41:2)_C16:1",DAG,2030.0401344299316,1951.0801315307617,2039.740135192871,2026.6001434326172,2100.920139312744,1940.520118713379,2116.9201431274414,2019.9401359558105,1985.6201438903809,Group: D,Group: C,Group: D vs Group: C,4,4,Blank_Blank_Blank
"DG(42:9),DG(41:2)_C18:0",DAG,1848.1201210021973,2070.0801544189453,1983.4601554870605,2010.1201362609863,2174.1601524353027,1861.2801246643066,1854.7401275634766,1842.0801315307617,1787.6601257324219,Group: D,Group: C,Group: D vs Group: C,4,4,Blank_Blank_Blank
"DG(42:9),DG(41:2)_C18:1",DAG,2801.800205230713,2979.5802307128906,4184.160316467285,3019.600227355957,3490.740207672119,3111.140205383301,3253.760208129883,3111.580219268799,3087.000228881836,Group: D,Group: C,Group: D vs Group: C,4,4,Blank_Blank_Blank
"DG(42:9),DG(41:2)_C18:2",DAG,3253.9602012634277,2721.880184173584,3232.1002159118652,2697.840175628662,3041.9002075195312,3654.1202697753906,3551.7602462768555,3273.320240020752,3195.4202423095703,Group: D,Group: C,Group: D vs Group: C,4,4,Blank_Blank_Blank
DG(43:6)_C16:0,DAG,2487.260181427002,3625.820266723633,2938.320209503174,2604.0601768493652,2504.8401641845703,3315.700222015381,3176.6802253723145,2432.1201705932617,3222.7802352905273,Group: D,Group: C,Group: D vs Group: C,4,4,Blank_Blank_Blank
DG(43:6)_C16:1,DAG,1926.860122680664,1943.1801300048828,1974.9001235961914,1969.7001419067383,2008.1601295471191,1928.740135192871,1965.0401306152344,1973.480136871338,2001.880142211914,Group: D,Group: C,Group: D vs Group: C,4,4,Blank_Blank_Blank
DG(43:6)_C18:0,DAG,2014.4601440429688,1892.2001266479492,2088.3001441955566,1985.0601348876953,1943.1601257324219,2082.0801315307617,1982.2801246643066,1796.0201377868652,1997.7601623535156,Group: D,Group: C,Group: D vs Group: C,4,4,Blank_Blank_Blank
DG(43:6)_C18:1,DAG,1981.520133972168,1997.0401496887207,2059.7201347351074,1926.0001335144043,1929.2801361083984,1965.2201347351074,1945.58012008667,1965.1801300048828,1989.280128479004,Group: D,Group: C,Group: D vs Group: C,4,4,Blank_Blank_Blank
DG(43:6)_C18:2,DAG,2208.880153656006,2150.4001541137695,2239.180160522461,2139.480152130127,2153.3601684570312,2298.280170440674,2205.000156402588,2371.500156402588,2263.0001525878906,Group: D,Group: C,Group: D vs Group: C,4,4,Blank_Blank_Blank
"DG(44:10),DG(43:3)_C16:0",DAG,1729.180118560791,1804.460117340088,1746.720115661621,1830.7801322937012,1739.1601181030273,1744.820125579834,1753.7601318359375,1723.1001205444336,1719.6001319885254,Group: D,Group: C,Group: D vs Group: C,4,4,Blank_Blank_Blank
"DG(44:10),DG(43:3)_C16:1",DAG,1925.1801261901855,1967.5601348876953,1920.120132446289,1946.320140838623,1976.9401397705078,1983.080150604248,1990.4801445007324,2091.520133972168,1978.420124053955,Group: D,Group: C,Group: D vs Group: C,4,4,Blank_Blank_Blank
"DG(44:10),DG(43:3)_C18:0",DAG,1751.5801124572754,1753.360107421875,1741.3401336669922,1808.0201225280762,1727.9201126098633,1789.540111541748,1764.4401245117188,1746.9401321411133,1828.7801361083984,Group: D,Group: C,Group: D vs Group: C,4,4,Blank_Blank_Blank
"DG(44:10),DG(43:3)_C18:1",DAG,1989.9801216125488,1974.8401527404785,2203.8801498413086,1929.2601318359375,2271.700149536133,2306.700168609619,2054.0201454162598,2308.280158996582,2073.860149383545,Group: D,Group: C,Group: D vs Group: C,4,4,Blank_Blank_Blank
"DG(44:10),DG(43:3)_C18:2",DAG,2258.120162963867,2134.1401405334473,2132.26016998291,2337.0401649475098,2333.900157928467,2456.5001831054688,2476.0201835632324,2220.940155029297,2313.3001594543457,Group: D,Group: C,Group: D vs Group: C,4,4,Blank_Blank_Blank
"DG(44:11),DG(43:4)_C16:0",DAG,1754.2001190185547,1962.0401344299316,1764.360107421875,1814.64013671875,1716.0601196289062,1908.0401306152344,1834.3801383972168,1816.9401321411133,1737.3201179504395,Group: D,Group: C,Group: D vs Group: C,4,4,Blank_Blank_Blank
"DG(44:11),DG(43:4)_C16:1",DAG,2016.2001113891602,1978.1201248168945,1969.2001304626465,1932.8201332092285,1988.5001220703125,1973.0401306152344,2020.2601356506348,2036.9201354980469,1972.9001426696777,Group: D,Group: C,Group: D vs Group: C,4,4,Blank_Blank_Blank
"DG(44:11),DG(43:4)_C18:0",DAG,1711.7401161193848,1787.000129699707,1710.8001098632812,1770.0801239013672,1780.1001319885254,1787.9401359558105,1706.9801292419434,1719.7401161193848,1915.6001434326172,Group: D,Group: C,Group: D vs Group: C,4,4,Blank_Blank_Blank
"DG(44:11),DG(43:4)_C18:1",DAG,1957.4801330566406,2085.2801513671875,2367.4801635742188,1931.740119934082,2043.5001335144043,2009.820140838623,1921.700138092041,1982.8801383972168,2020.9401512145996,Group: D,Group: C,Group: D vs Group: C,4,4,Blank_Blank_Blank
"DG(44:11),DG(43:4)_C18:2",DAG,2369.1001586914062,2135.4801445007324,2430.880172729492,2413.4801635742188,2418.640182495117,2415.820156097412,2544.240177154541,2452.520179748535,2407.6401710510254,Group: D,Group: C,Group: D vs Group: C,4,4,Blank_Blank_Blank
"DG(44:12),DG(43:5)_C16:0",DAG,1848.2001190185547,1882.1601219177246,1875.300121307373,1904.0601272583008,1779.1401290893555,1871.2601203918457,1862.3601264953613,1888.5401306152344,1855.480125427246,Group: D,Group: C,Group: D vs Group: C,4,4,Blank_Blank_Blank
"DG(44:12),DG(43:5)_C16:1",DAG,2026.640121459961,2166.6401557922363,1947.9601402282715,2208.3601455688477,2112.640151977539,2012.9001502990723,2188.840145111084,2037.4201393127441,2260.800151824951,Group: D,Group: C,Group: D vs Group: C,4,4,Blank_Blank_Blank
"DG(44:12),DG(43:5)_C18:0",DAG,1942.7201385498047,1799.700122833252,1826.3401260375977,1910.8601264953613,1866.1001243591309,1900.1001358032227,2011.0201377868652,1809.1201133728027,1997.1001281738281,Group: D,Group: C,Group: D vs Group: C,4,4,Blank_Blank_Blank
"DG(44:12),DG(43:5)_C18:1",DAG,2000.6601295471191,1913.8401374816895,2102.620143890381,1990.9001350402832,1990.800121307373,1936.1401176452637,1917.9601211547852,2064.320140838623,1984.6001358032227,Group: D,Group: C,Group: D vs Group: C,4,4,Blank_Blank_Blank
"DG(44:12),DG(43:5)_C18:2",DAG,2323.560157775879,2110.300151824951,2255.9201698303223,2379.900173187256,2158.100154876709,2229.9401512145996,2434.860176086426,2326.8201789855957,2454.6801681518555,Group: D,Group: C,Group: D vs Group: C,4,4,Blank_Blank_Blank
DG(44:3)_C16:0,DAG,1719.0801239013672,1764.6401176452637,1739.8601036071777,1809.0601272583008,1782.780117034912,1766.720127105713,1752.540126800537,1721.7001190185547,1719.420108795166,Group: D,Group: C,Group: D vs Group: C,4,4,Blank_Blank_Blank
DG(44:3)_C16:1,DAG,1951.4601249694824,2023.6401252746582,1919.5201263427734,1978.14013671875,2018.14013671875,1950.020133972168,1973.6001281738281,1927.160140991211,2017.6001319885254,Group: D,Group: C,Group: D vs Group: C,4,4,Blank_Blank_Blank
DG(44:3)_C18:0,DAG,1768.200122833252,1743.1001319885254,1787.0001258850098,1709.4601211547852,1712.6001167297363,1780.5801277160645,1824.6401252746582,1788.1001167297363,1801.4801292419434,Group: D,Group: C,Group: D vs Group: C,4,4,Blank_Blank_Blank
DG(44:3)_C18:1,DAG,1964.220142364502,1999.3401412963867,2371.8801803588867,1921.0201416015625,1922.0001335144043,2028.6601524353027,2036.5801391601562,1990.560146331787,1942.8401336669922,Group: D,Group: C,Group: D vs Group: C,4,4,Blank_Blank_Blank
DG(44:3)_C18:2,DAG,2237.7601737976074,2152.1801414489746,2233.3601684570312,2156.0201721191406,2274.1201705932617,2179.4201583862305,2262.6401748657227,2237.8001594543457,2202.620147705078,Group: D,Group: C,Group: D vs Group: C,4,4,Blank_Blank_Blank
DG(44:4)_C16:0,DAG,1755.6201095581055,1737.6801147460938,1713.920108795166,1784.6401329040527,1716.1601104736328,1745.500114440918,1724.6601257324219,1744.4601211547852,1745.5001220703125,Group: D,Group: C,Group: D vs Group: C,4,4,Blank_Blank_Blank
DG(44:4)_C16:1,DAG,1927.5201148986816,1930.9401206970215,1919.3601341247559,2022.3401489257812,1942.8801307678223,1924.820125579834,1985.3601303100586,2009.5801391601562,1930.5601387023926,Group: D,Group: C,Group: D vs Group: C,4,4,Blank_Blank_Blank
DG(44:4)_C18:0,DAG,1845.9401206970215,1718.980125427246,1757.3801193237305,1816.3201293945312,1859.8801231384277,1804.6401176452637,1727.5801162719727,1711.5001029968262,1757.2201232910156,Group: D,Group: C,Group: D vs Group: C,4,4,Blank_Blank_Blank
DG(44:4)_C18:1,DAG,1934.6801261901855,1968.8401374816895,2183.06014251709,1906.380126953125,1933.6201248168945,1968.9401321411133,1970.3401374816895,1981.2801322937012,1970.3401222229004,Group: D,Group: C,Group: D vs Group: C,4,4,Blank_Blank_Blank
DG(44:4)_C18:2,DAG,2246.5801734924316,2229.420166015625,2239.1801567077637,2196.1801528930664,2177.3001441955566,2233.1401443481445,2482.4601707458496,2291.520149230957,2384.1801567077637,Group: D,Group: C,Group: D vs Group: C,4,4,Blank_Blank_Blank
DG(44:5)_C16:0,DAG,1823.4001274108887,1974.2601470947266,1877.5601196289062,1893.980136871338,1815.1601219177246,2062.5401344299316,1775.5401344299316,1874.740135192871,2055.360153198242,Group: D,Group: C,Group: D vs Group: C,4,4,Blank_Blank_Blank
DG(44:5)_C16:1,DAG,2024.0401344299316,1999.6801376342773,1919.64013671875,2051.660140991211,1967.1201210021973,1950.9601364135742,2012.0801391601562,1941.5601272583008,1978.1401329040527,Group: D,Group: C,Group: D vs Group: C,4,4,Blank_Blank_Blank
DG(44:5)_C18:0,DAG,1711.6201171875,1857.7201194763184,1816.4601287841797,1779.8601150512695,1812.3201293945312,1881.480125427246,1707.2601356506348,1749.7801246643066,1847.4001235961914,Group: D,Group: C,Group: D vs Group: C,4,4,Blank_Blank_Blank
DG(44:5)_C18:1,DAG,1959.1601448059082,1974.4801597595215,2279.640151977539,1923.8401336669922,1988.980136871338,2033.820140838623,1903.9201202392578,1926.2201347351074,1964.0601387023926,Group: D,Group: C,Group: D vs Group: C,4,4,Blank_Blank_Blank
DG(44:5)_C18:2,DAG,2128.4001502990723,2201.2001571655273,2341.980155944824,2209.9801635742188,2141.5201454162598,2262.400157928467,2172.7001571655273,2304.320167541504,2510.6201705932617,Group: D,Group: C,Group: D vs Group: C,4,4,Blank_Blank_Blank
DG(44:6)_C16:0,DAG,3157.5002212524414,4650.500316619873,3021.7402114868164,3132.8602409362793,2498.680191040039,3914.220245361328,3009.000213623047,2411.120162963867,3974.80029296875,Group: D,Group: C,Group: D vs Group: C,4,4,Blank_Blank_Blank
DG(44:6)_C16:1,DAG,1954.520133972168,1967.4401321411133,1945.8201332092285,1956.2401390075684,1990.1201438903809,2018.9401359558105,1931.4001388549805,1980.2401313781738,1995.3401489257812,Group: D,Group: C,Group: D vs Group: C,4,4,Blank_Blank_Blank
DG(44:6)_C18:0,DAG,2151.860149383545,2073.460147857666,2271.7801551818848,2368.6401596069336,2250.9401626586914,2480.260185241699,2188.580135345459,1892.7001266479492,2233.20015335083,Group: D,Group: C,Group: D vs Group: C,4,4,Blank_Blank_Blank
DG(44:6)_C18:1,DAG,2027.3001441955566,1990.0801467895508,2075.0801391601562,1905.320125579834,1910.6601486206055,1944.4201316833496,1982.6401176452637,1945.0401344299316,1989.980136871338,Group: D,Group: C,Group: D vs Group: C,4,4,Blank_Blank_Blank
DG(44:6)_C18:2,DAG,2121.5401611328125,2206.840133666992,2165.3001441955566,2228.8401489257812,2297.18017578125,2306.880157470703,2179.6801528930664,2255.9801597595215,2412.460178375244,Group: D,Group: C,Group: D vs Group: C,4,4,Blank_Blank_Blank
"DG(44:7),DG(43:0)_C16:1",DAG,1978.280128479004,2101.1801261901855,2086.3801345825195,2066.14013671875,1975.380142211914,2114.7601432800293,1999.5201377868652,1989.4401359558105,2196.12015914917,Group: D,Group: C,Group: D vs Group: C,4,4,Blank_Blank_Blank
"DG(44:7),DG(43:0)_C18:1",DAG,2099.4001541137695,2171.9201583862305,2673.2601890563965,2111.1601371765137,2170.58016204834,2287.700168609619,2151.6401405334473,2071.8201446533203,2096.5001487731934,Group: D,Group: C,Group: D vs Group: C,4,4,Blank_Blank_Blank
"DG(44:7),DG(43:0)_C18:2",DAG,2163.0201568603516,2171.5201416015625,2180.7201538085938,2261.9201583862305,2208.66015625,2258.20015335083,2245.4201622009277,2173.520133972168,2177.800151824951,Group: D,Group: C,Group: D vs Group: C,4,4,Blank_Blank_Blank
"DG(44:8),DG(43:1)_C18:2",DAG,2169.4201622009277,2161.7401428222656,2251.960178375244,2171.6801414489746,2104.74015045166,2295.360153198242,2177.8401489257812,2507.200183868408,2305.3801498413086,Group: D,Group: C,Group: D vs Group: C,4,4,Blank_Blank_Blank
"DG(44:9),DG(43:2)_C16:0",DAG,1800.0401229858398,1779.08012008667,1827.5601196289062,1926.5801315307617,1831.8201065063477,1846.4801445007324,1885.140121459961,1860.760139465332,1913.380126953125,Group: D,Group: C,Group: D vs Group: C,4,4,Blank_Blank_Blank
"DG(44:9),DG(43:2)_C16:1",DAG,1947.3601341247559,2018.300136566162,1962.8401412963867,1930.1201438903809,2242.2001571655273,1960.780128479004,2060.180149078369,2127.9401512145996,2038.2001304626465,Group: D,Group: C,Group: D vs Group: C,4,4,Blank_Blank_Blank
"DG(44:9),DG(43:2)_C18:0",DAG,1760.9401206970215,1764.4401168823242,1789.520107269287,1815.5801315307617,1794.2001266479492,1857.3401184082031,1806.6401252746582,1820.640121459961,1773.2201309204102,Group: D,Group: C,Group: D vs Group: C,4,4,Blank_Blank_Blank
"DG(44:9),DG(43:2)_C18:1",DAG,1979.8601303100586,2069.660144805908,2620.0801849365234,2122.6401557922363,2160.06014251709,2257.3801651000977,2031.6601371765137,2142.3601684570312,2026.9201393127441,Group: D,Group: C,Group: D vs Group: C,4,4,Blank_Blank_Blank
"DG(44:9),DG(43:2)_C18:2",DAG,2285.240165710449,2368.2201805114746,2402.440185546875,2361.0401725769043,2295.0601654052734,2909.4402084350586,2598.4201889038086,2398.4001693725586,2327.3601570129395,Group: D,Group: C,Group: D vs Group: C,4,4,Blank_Blank_Blank
"DG(O-38:8),DG(36:1)_C16:0",DAG,2033.6001434326172,2602.3001823425293,1958.5001373291016,1978.4201583862305,1902.0201416015625,2435.9201698303223,2287.360164642334,1944.0201377868652,2407.7601737976074,Group: D,Group: C,Group: D vs Group: C,4,4,Blank_Blank_Blank
"DG(O-38:8),DG(36:1)_C16:1",DAG,2217.5801544189453,2242.4201698303223,2060.8601417541504,2469.1401863098145,2568.440174102783,2122.820152282715,2212.1201515197754,2349.6801719665527,2027.780128479004,Group: D,Group: C,Group: D vs Group: C,4,4,Blank_Blank_Blank
"DG(O-38:8),DG(36:1)_C18:0",DAG,2379.4601821899414,4364.400321960449,3646.360294342041,3818.5403327941895,2675.1401863098145,3653.0202713012695,3670.0402183532715,5379.400424957275,2031.4201469421387,Group: D,Group: C,Group: D vs Group: C,4,4,Blank_Blank_Blank
"DG(O-38:8),DG(36:1)_C18:1",DAG,3422.2402381896973,4378.960311889648,7300.940547943115,4728.800315856934,4812.100341796875,5530.800365447998,5973.840347290039,6656.260440826416,3831.0002365112305,Group: D,Group: C,Group: D vs Group: C,4,4,Blank_Blank_Blank
"DG(O-38:8),DG(36:1)_C18:2",DAG,2249.9601554870605,2309.020164489746,2206.5801582336426,2564.4201889038086,2247.9601554870605,2356.6001625061035,2584.0001945495605,2446.7001609802246,2302.980178833008,Group: D,Group: C,Group: D vs Group: C,4,4,Blank_Blank_Blank
"DG(O-38:9),DG(36:2)_C16:0",DAG,2576.100200653076,2967.7002296447754,2399.5601692199707,2452.960178375244,1966.2001266479492,2585.7001724243164,2384.0601768493652,2011.14013671875,2750.920192718506,Group: D,Group: C,Group: D vs Group: C,4,4,Blank_Blank_Blank
"DG(O-38:9),DG(36:2)_C16:1",DAG,1884.7001266479492,2061.06014251709,1989.2801399230957,2055.0801391601562,2033.7801399230957,2225.7801628112793,2185.3001556396484,2091.60013961792,1938.3601341247559,Group: D,Group: C,Group: D vs Group: C,4,4,Blank_Blank_Blank
"DG(O-38:9),DG(36:2)_C18:0",DAG,3570.30025100708,8257.54069519043,6791.000457763672,9710.04076385498,3697.420253753662,7793.24059677124,3380.6802673339844,6071.900413513184,1826.8601303100586,Group: D,Group: C,Group: D vs Group: C,4,4,Blank_Blank_Blank
"DG(O-38:9),DG(36:2)_C18:1",DAG,16440.781002044678,16381.600708007812,45696.98342514038,27009.221702575684,30451.062252044678,36389.201679229736,47521.98304748535,74431.76643753052,2566.5601692199707,Group: D,Group: C,Group: D vs Group: C,4,4,Blank_Blank_Blank
"DG(O-38:9),DG(36:2)_C18:2",DAG,5140.0003662109375,8825.380737304688,5744.400367736816,15203.341041564941,4564.96028137207,12154.120880126953,10342.120754241943,6458.100482940674,2931.0802040100098,Group: D,Group: C,Group: D vs Group: C,4,4,Blank_Blank_Blank
"DG(O-40:9),DG(38:2)_C16:0",DAG,1768.2801208496094,1883.9001274108887,1772.280101776123,1758.6601333618164,1760.700122833252,2114.62015914917,1799.4001274108887,1749.4401206970215,1762.3001136779785,Group: D,Group: C,Group: D vs Group: C,4,4,Blank_Blank_Blank
"DG(O-40:9),DG(38:2)_C16:1",DAG,1962.4601402282715,1992.000144958496,1941.040126800537,2057.860134124756,2010.3401336669922,2004.3401374816895,2112.1401329040527,1998.7801322937012,1938.220127105713,Group: D,Group: C,Group: D vs Group: C,4,4,Blank_Blank_Blank
"DG(O-40:9),DG(38:2)_C18:0",DAG,2009.820156097412,2046.0401420593262,2096.1601638793945,2028.560146331787,2068.540138244629,2098.3201446533203,2044.460147857666,2310.3401641845703,2058.720146179199,Group: D,Group: C,Group: D vs Group: C,4,4,Blank_Blank_Blank
"DG(O-40:9),DG(38:2)_C18:1",DAG,2347.200168609619,2588.560199737549,3786.720245361328,2786.8401947021484,2948.920207977295,3674.6602478027344,3173.7002029418945,4058.160316467285,2186.300148010254,Group: D,Group: C,Group: D vs Group: C,4,4,Blank_Blank_Blank
"DG(O-40:9),DG(38:2)_C18:2",DAG,4911.30037689209,5442.260372161865,5013.060344696045,7890.780529022217,3250.1602325439453,6134.500370025635,4565.520309448242,4010.500289916992,2391.3401641845703,Group: D,Group: C,Group: D vs Group: C,4,4,Blank_Blank_Blank
"DG(dO-38:9),DG(35:2)_C16:0",DAG,1832.1401443481445,1931.1601333618164,1853.6001205444336,1923.300136566162,1902.320140838623,1941.6001358032227,1860.9401321411133,1867.8401260375977,1910.2801208496094,Group: D,Group: C,Group: D vs Group: C,4,4,Blank_Blank_Blank
"DG(dO-38:9),DG(35:2)_C16:1",DAG,1912.1001243591309,1941.9801406860352,1923.260124206543,2183.2801628112793,2014.420124053955,2100.0001373291016,2146.1601600646973,1980.0801162719727,1948.5601387023926,Group: D,Group: C,Group: D vs Group: C,4,4,Blank_Blank_Blank
"DG(dO-38:9),DG(35:2)_C18:0",DAG,1860.3601188659668,1818.9401321411133,1855.4001197814941,1834.2401275634766,1791.2201232910156,1758.1001205444336,1858.9401397705078,1753.9401321411133,1816.800121307373,Group: D,Group: C,Group: D vs Group: C,4,4,Blank_Blank_Blank
"DG(dO-38:9),DG(35:2)_C18:1",DAG,2129.200149536133,2076.2201538085938,3323.4402465820312,1993.2601432800293,2052.9001388549805,2481.4401817321777,2325.4601669311523,2646.440196990967,2033.2801322937012,Group: D,Group: C,Group: D vs Group: C,4,4,Blank_Blank_Blank
"DG(dO-38:9),DG(35:2)_C18:2",DAG,3012.7001953125,2857.660213470459,2770.780200958252,3318.80020904541,2391.7601737976074,3390.580249786377,3238.220203399658,3013.6402282714844,2838.340190887451,Group: D,Group: C,Group: D vs Group: C,4,4,Blank_Blank_Blank
FA(10:0) | FA(10:0),FA,88248.20629882812,82420.28540039062,111460.64929199219,85832.92517089844,67515.32446289062,80855.42498779297,109505.98779296875,116229.48846435547,67268.24438476562,Group: D,Group: C,Group: D vs Group: C,4,4,Blank_Blank_Blank
FA(10:1),FA,116648.68771362305,99813.56726074219,105953.44757080078,89042.56677246094,103990.0673828125,99946.28674316406,125326.13012695312,131264.80932617188,79815.0859375,Group: D,Group: C,Group: D vs Group: C,4,4,Blank_Blank_Blank
FA(10:2),FA,26745.462127685547,24388.561645507812,30802.442428588867,23065.181671142578,38880.742614746094,45716.18322753906,100209.92449951172,33512.92199707031,39247.883361816406,Group: D,Group: C,Group: D vs Group: C,4,4,Blank_Blank_Blank
FA(10:3),FA,93024.26635742188,77798.08410644531,118147.09033203125,73790.24438476562,448292.4359741211,258328.71807861328,1036732.6171875,177112.41455078125,266581.8589477539,Group: D,Group: C,Group: D vs Group: C,4,4,Blank_Blank_Blank
FA(10:4),FA,298908.40423583984,192507.7332763672,175061.4912109375,175669.69360351562,191963.97436523438,210315.4139404297,468548.9562988281,292890.2214355469,202643.0341796875,Group: D,Group: C,Group: D vs Group: C,4,4,Blank_Blank_Blank
FA(10:5),FA,239458.7368774414,107412.94860839844,107089.66674804688,90361.40551757812,73817.38488769531,116977.80908203125,421090.4873046875,143976.310546875,124404.22937011719,Group: D,Group: C,Group: D vs Group: C,4,4,Blank_Blank_Blank
FA(10:6),FA,179789.5322265625,160444.6512451172,278914.6790161133,219854.43798828125,194719.5323486328,325666.82385253906,255140.1973876953,178043.93212890625,106712.76696777344,Group: D,Group: C,Group: D vs Group: C,4,4,Blank_Blank_Blank
FA(11:0),FA,57259.38488769531,51723.32385253906,60968.7841796875,51664.26385498047,72821.74487304688,72904.0251159668,61798.30432128906,60802.22399902344,54637.8837890625,Group: D,Group: C,Group: D vs Group: C,4,4,Blank_Blank_Blank
FA(11:1),FA,100059.92810058594,93913.02575683594,106032.0482788086,113659.42877197266,247601.9580078125,222249.6961669922,132093.4903564453,119402.54858398438,101554.00646972656,Group: D,Group: C,Group: D vs Group: C,4,4,Blank_Blank_Blank
FA(11:2),FA,179484.5948486328,118765.08911132812,113119.92749023438,90300.36669921875,555724.1142578125,572475.7993164062,289417.52001953125,147425.45080566406,151429.0498046875,Group: D,Group: C,Group: D vs Group: C,4,4,Blank_Blank_Blank
FA(11:6),FA,902804.5,1193759.1435546875,1035535.2026367188,808200.0185546875,586481.6088867188,547208.0197753906,974622.1490478516,1182785.2758789062,610018.3891601562,Group: D,Group: C,Group: D vs Group: C,4,4,Blank_Blank_Blank
FA(12:0),FA,123123.00854492188,121504.64929199219,114235.96789550781,98107.54718017578,68402.34436035156,74317.40588378906,103919.24731445312,116778.70776367188,63428.92449951172,Group: D,Group: C,Group: D vs Group: C,4,4,Blank_Blank_Blank
FA(12:1),FA,257403.7783203125,249684.73901367188,238529.017578125,212987.31665039062,214311.83520507812,221596.89721679688,246214.87854003906,272827.5166015625,63947.4248046875,Group: D,Group: C,Group: D vs Group: C,4,4,Blank_Blank_Blank
FA(12:2),FA,53299.364013671875,52305.64370727539,54341.54364013672,45624.683044433594,52090.92321777344,52394.263671875,53691.363677978516,49551.18359375,44023.34338378906,Group: D,Group: C,Group: D vs Group: C,4,4,Blank_Blank_Blank
FA(12:4),FA,149294.08880615234,59700.28405761719,53055.78350830078,45955.263122558594,53235.32385253906,69545.66534423828,79028.12609863281,60197.28399658203,79998.92553710938,Group: D,Group: C,Group: D vs Group: C,4,4,Blank_Blank_Blank
FA(12:5),FA,68048.28564453125,66300.34436035156,84257.9453125,86152.2268371582,42272.343017578125,44137.24328613281,60310.724060058594,85018.52667236328,37399.58248901367,Group: D,Group: C,Group: D vs Group: C,4,4,Blank_Blank_Blank
FA(12:6),FA,103568.98809814453,102696.92761230469,112638.82824707031,90612.70617675781,88488.9860534668,96316.24713134766,109174.28820800781,112492.02770996094,83656.48617553711,Group: D,Group: C,Group: D vs Group: C,4,4,Blank_Blank_Blank
FA(13:0) | FA(14:7),FA,192913.99609375,141226.8504638672,118681.98797607422,129895.98815917969,150389.69018554688,142841.0498046875,183836.93200683594,171506.6915283203,143156.14923095703,Group: D,Group: C,Group: D vs Group: C,4,4,Blank_Blank_Blank
FA(13:0) | FA(14:7)_2,FA,188441.07495117188,136304.47003173828,131056.84997558594,117726.38891601562,152104.0509033203,141923.76977539062,173816.291015625,166438.2509765625,139653.36975097656,Group: D,Group: C,Group: D vs Group: C,4,4,Blank_Blank_Blank
FA(13:1),FA,220008.1552734375,270903.8377685547,311036.6826171875,214489.87243652344,64386.36492919922,62020.18408203125,256573.49853515625,237761.1378173828,69181.90466308594,Group: D,Group: C,Group: D vs Group: C,4,4,Blank_Blank_Blank
FA(13:2),FA,59931.604553222656,60763.00421142578,59091.42468261719,54669.104095458984,52847.143493652344,58669.22393798828,66626.54473876953,64494.00500488281,62114.284240722656,Group: D,Group: C,Group: D vs Group: C,4,4,Blank_Blank_Blank
FA(14:0),FA,121413.42895507812,104223.02709960938,96537.14709472656,79812.72607421875,108880.68786621094,126082.18981933594,127631.80822753906,104007.66711425781,75899.62548828125,Group: D,Group: C,Group: D vs Group: C,4,4,Blank_Blank_Blank
FA(14:1),FA,231245.09887695312,145186.11083984375,151293.05041503906,129519.32775878906,144468.09106445312,184399.57250976562,297511.3200683594,146715.3702392578,98207.28784179688,Group: D,Group: C,Group: D vs Group: C,4,4,Blank_Blank_Blank
FA(14:2),FA,432693.5300292969,443251.17333984375,505456.455078125,391766.02783203125,573589.5815429688,699686.203125,1716504.7836914062,576908.4252929688,708288.3781738281,Group: D,Group: C,Group: D vs Group: C,4,4,Blank_Blank_Blank
FA(14:4),FA,447578.93225097656,400603.52307128906,335635.72216796875,308165.0604248047,102566.88732910156,93823.607421875,244827.85693359375,383733.80627441406,62819.00408935547,Group: D,Group: C,Group: D vs Group: C,4,4,Blank_Blank_Blank
FA(14:5),FA,242835.9171142578,120251.9091796875,108039.82702636719,94423.4867553711,120864.0283203125,120339.82934570312,174808.75268554688,118076.82836914062,72728.24530029297,Group: D,Group: C,Group: D vs Group: C,4,4,Blank_Blank_Blank
FA(14:6),FA,570735.1752929688,142519.79077148438,126897.32958984375,111437.40893554688,102915.02685546875,112412.14813232422,380647.4089355469,162033.47033691406,94951.10638427734,Group: D,Group: C,Group: D vs Group: C,4,4,Blank_Blank_Blank
FA(15:0) | FA(16:7),FA,483165.17333984375,506830.4162597656,562075.7377929688,454209.1123046875,467606.81689453125,509149.2177734375,705623.1469726562,557703.521484375,195959.6728515625,Group: D,Group: C,Group: D vs Group: C,4,4,Blank_Blank_Blank
FA(15:0) | FA(16:7)_2,FA,471412.41650390625,465919.81005859375,514460.09033203125,393689.60888671875,443115.49462890625,492888.73876953125,686708.5693359375,531755.5361328125,204789.1513671875,Group: D,Group: C,Group: D vs Group: C,4,4,Blank_Blank_Blank
FA(15:1),FA,122138.7290649414,115935.90808105469,132328.62890625,86893.48645019531,498634.6114501953,368726.4836425781,1327526.3353271484,210583.1534423828,356990.0810546875,Group: D,Group: C,Group: D vs Group: C,4,4,Blank_Blank_Blank
FA(15:2),FA,50480.923889160156,47432.56314086914,58837.56442260742,48084.20309448242,42273.403259277344,53092.72412109375,52584.14385986328,55050.903869628906,40670.042907714844,Group: D,Group: C,Group: D vs Group: C,4,4,Blank_Blank_Blank
FA(15:3),FA,39502.822692871094,40449.86291503906,41517.64288330078,35936.34246826172,53002.52374267578,53383.82385253906,42078.823181152344,43964.322814941406,37443.12255859375,Group: D,Group: C,Group: D vs Group: C,4,4,Blank_Blank_Blank
FA(15:5),FA,48507.34387207031,48171.88342285156,53605.983947753906,45976.76287841797,59622.86376953125,61313.144439697266,50328.12341308594,61298.803955078125,48497.843322753906,Group: D,Group: C,Group: D vs Group: C,4,4,Blank_Blank_Blank
FA(15:6),FA,64989.00439453125,63250.56427001953,65334.54425048828,52312.543518066406,61963.024353027344,68731.10510253906,68114.52529907227,63742.24465942383,46515.003173828125,Group: D,Group: C,Group: D vs Group: C,4,4,Blank_Blank_Blank
FA(16:0),FA,601573.5649414062,586109.4819335938,774165.7749023438,562807.0385742188,726528.2099609375,850370.8608398438,1373935.6420898438,532348.6606445312,656644.7001953125,Group: D,Group: C,Group: D vs Group: C,4,4,Blank_Blank_Blank
FA(16:1),FA,120646.16882324219,119876.76721191406,137464.46923828125,115580.1083984375,148014.97283935547,187619.3741455078,357267.84375,106002.50744628906,92734.7261352539,Group: D,Group: C,Group: D vs Group: C,4,4,Blank_Blank_Blank
FA(16:2),FA,55823.383728027344,52759.48358154297,58129.484466552734,45310.863220214844,59182.66375732422,61911.663818359375,71245.70446777344,56619.463928222656,60013.34411621094,Group: D,Group: C,Group: D vs Group: C,4,4,Blank_Blank_Blank
FA(16:3),FA,2213030.2919921875,2013021.53515625,2015808.962890625,1765062.68359375,1813361.646484375,2090874.4013671875,2243274.572265625,2361810.416015625,2087672.783203125,Group: D,Group: C,Group: D vs Group: C,4,4,Blank_Blank_Blank
FA(16:4),FA,58774.66390991211,55736.92431640625,61980.18441772461,48616.90283203125,79825.02557373047,72183.58477783203,58402.82409667969,55602.68420410156,55413.00439453125,Group: D,Group: C,Group: D vs Group: C,4,4,Blank_Blank_Blank
FA(16:5),FA,141769.98931884766,197660.73211669922,260074.8204345703,204026.13424682617,75126.84564208984,73739.40545654297,68825.96484375,202844.43359375,56505.084075927734,Group: D,Group: C,Group: D vs Group: C,4,4,Blank_Blank_Blank
FA(16:6),FA,115169.74890136719,117546.98718261719,128377.06854248047,96410.30700683594,114374.30822753906,123490.66796875,145311.8104248047,121891.42846679688,105269.04895019531,Group: D,Group: C,Group: D vs Group: C,4,4,Blank_Blank_Blank
FA(17:0) | FA(18:7),FA,115275.54858398438,102793.08715820312,119057.4482421875,89695.94659423828,129239.87097167969,151127.57080078125,150093.05017089844,103711.78759765625,139069.00830078125,Group: D,Group: C,Group: D vs Group: C,4,4,Blank_Blank_Blank
FA(17:0) | FA(18:7)_2,FA,111515.18896484375,114878.70861816406,125764.46887207031,92626.38623046875,138541.34826660156,154979.7313232422,153061.65100097656,113109.10778808594,149549.970703125,Group: D,Group: C,Group: D vs Group: C,4,4,Blank_Blank_Blank
FA(17:1),FA,99819.8070678711,86392.98565673828,98133.1669921875,75443.02600097656,104452.7671508789,119849.3486328125,121682.12683105469,77914.66479492188,92384.18621826172,Group: D,Group: C,Group: D vs Group: C,4,4,Blank_Blank_Blank
FA(17:2),FA,615180.0622558594,542439.4174804688,514172.033203125,408332.05029296875,568478.8205566406,743811.0087890625,718142.111328125,573753.478515625,649176.7104492188,Group: D,Group: C,Group: D vs Group: C,4,4,Blank_Blank_Blank
FA(17:3),FA,72727.14489746094,68281.0845336914,74941.32446289062,58243.164123535156,78901.56576538086,88451.10620117188,104559.00811767578,71878.04510498047,87797.98565673828,Group: D,Group: C,Group: D vs Group: C,4,4,Blank_Blank_Blank
FA(17:4),FA,55228.82360839844,49882.24362182617,64148.88494873047,44705.562927246094,51192.12414550781,57982.624084472656,62895.24450683594,54964.14367675781,58374.50436401367,Group: D,Group: C,Group: D vs Group: C,4,4,Blank_Blank_Blank
FA(17:6),FA,81342.76550292969,85583.30548095703,95934.54864501953,71802.6449584961,92025.92669677734,86906.84619140625,116860.08972167969,76559.4849243164,102428.16735839844,Group: D,Group: C,Group: D vs Group: C,4,4,Blank_Blank_Blank
FA(18:0),FA,712716.7895507812,664673.470703125,746630.0654296875,571466.0336914062,781741.4174804688,927210.583984375,706199.626953125,719263.7861328125,659511.890625,Group: D,Group: C,Group: D vs Group: C,4,4,Blank_Blank_Blank
FA(18:1),FA,595784.9985351562,675275.5895996094,810753.3422851562,891549.5407714844,896892.3129882812,1471063.326171875,535601.51953125,1104768.5610351562,268179.5217285156,Group: D,Group: C,Group: D vs Group: C,4,4,Blank_Blank_Blank
FA(18:2),FA,582636.0471191406,695296.3441162109,959359.1951904297,1310184.0480957031,976137.0908203125,1511145.6213378906,2239549.3139648438,841269.6342773438,205544.7752685547,Group: D,Group: C,Group: D vs Group: C,4,4,Blank_Blank_Blank
FA(18:3),FA,116321.68762207031,124458.90795898438,160762.14923095703,171626.55364990234,173872.25073242188,222037.2963256836,284330.23291015625,142512.2080078125,70821.52520751953,Group: D,Group: C,Group: D vs Group: C,4,4,Blank_Blank_Blank
FA(18:4),FA,52226.2236328125,51089.18395996094,59376.48455810547,51171.46337890625,55748.963928222656,62651.78479003906,68374.84518432617,54226.983825683594,53134.68374633789,Group: D,Group: C,Group: D vs Group: C,4,4,Blank_Blank_Blank
FA(18:5),FA,77628.44470214844,78361.36505126953,91452.7661743164,74796.66522216797,85538.52600097656,94197.14624023438,98389.32791137695,92786.94653320312,66884.30514526367,Group: D,Group: C,Group: D vs Group: C,4,4,Blank_Blank_Blank
FA(18:6),FA,100965.08728027344,111337.3876953125,148259.4307861328,103563.16778564453,120384.66821289062,137919.91052246094,142710.42950439453,111223.90869140625,129037.76983642578,Group: D,Group: C,Group: D vs Group: C,4,4,Blank_Blank_Blank
FA(19:0),FA,2246736.130859375,1954945.013671875,1913946.48828125,1534673.46875,2072931.62109375,2706785.2197265625,2306251.8505859375,2250048.96875,1992892.88671875,Group: D,Group: C,Group: D vs Group: C,4,4,Blank_Blank_Blank
FA(19:1),FA,136142.39025878906,122611.82739257812,136144.7091064453,102737.50842285156,138982.40881347656,170099.4725341797,115467.54846191406,135299.7696533203,121602.1484375,Group: D,Group: C,Group: D vs Group: C,4,4,Blank_Blank_Blank
FA(19:2),FA,474785.5107421875,401473.04931640625,388560.8232421875,302023.681640625,476502.9938964844,645793.6870117188,491555.416015625,454300.02783203125,469164.25,Group: D,Group: C,Group: D vs Group: C,4,4,Blank_Blank_Blank
FA(19:4),FA,220736.85192871094,186024.4341430664,126816.40954589844,116269.4683227539,239399.4764404297,289725.2775878906,264655.15380859375,210995.89624023438,293226.3605957031,Group: D,Group: C,Group: D vs Group: C,4,4,Blank_Blank_Blank
FA(19:5),FA,76971.84564208984,73351.54553222656,81777.32507324219,66399.04461669922,77395.26531982422,89117.52673339844,73815.3056640625,85697.68566894531,94303.02716064453,Group: D,Group: C,Group: D vs Group: C,4,4,Blank_Blank_Blank
FA(19:6),FA,145400.13159179688,137028.07067871094,149786.9512939453,112950.3486328125,160001.9521484375,183751.41235351562,146731.4490966797,147202.51171875,188139.77209472656,Group: D,Group: C,Group: D vs Group: C,4,4,Blank_Blank_Blank
FA(20:0),FA,6682120.32421875,5754580.55859375,5732825.8203125,4677376.265625,5943796.9375,7764535.8515625,6955329.662109375,6427418.0859375,6281187.265625,Group: D,Group: C,Group: D vs Group: C,4,4,Blank_Blank_Blank
FA(20:1),FA,195087.71264648438,179487.49267578125,201284.87365722656,164045.05114746094,217313.31518554688,269272.4201660156,190876.0341796875,204310.974609375,169722.55224609375,Group: D,Group: C,Group: D vs Group: C,4,4,Blank_Blank_Blank
FA(20:2),FA,126733.76879882812,118916.93005371094,144041.2303466797,120845.40856933594,133479.6298828125,179242.05444335938,126359.02941894531,119955.22802734375,138493.5682373047,Group: D,Group: C,Group: D vs Group: C,4,4,Blank_Blank_Blank
FA(20:3),FA,171046.07250976562,161721.60998535156,204775.5108642578,206920.93627929688,146401.21142578125,293517.5656738281,134998.1287841797,165418.79064941406,115523.02819824219,Group: D,Group: C,Group: D vs Group: C,4,4,Blank_Blank_Blank
FA(20:4),FA,528701.2777099609,620686.1780090332,802187.9240722656,986597.8179321289,383027.2872314453,1067809.0064697266,216151.29705810547,351055.4143676758,69211.10540771484,Group: D,Group: C,Group: D vs Group: C,4,4,Blank_Blank_Blank
FA(20:5),FA,162787.75329589844,168068.72903442383,234668.99755859375,235242.5750732422,251716.25341796875,296359.3408203125,146151.48901367188,170565.8321533203,121208.64904785156,Group: D,Group: C,Group: D vs Group: C,4,4,Blank_Blank_Blank
FA(20:6),FA,267975.77868652344,238480.75720214844,266283.3801269531,189230.15502929688,286724.6013183594,338135.640625,269471.4982910156,251557.09814453125,334103.0441894531,Group: D,Group: C,Group: D vs Group: C,4,4,Blank_Blank_Blank
FA(21:0),FA,5045629.5859375,4626943.1953125,4528448.19140625,3922040.0859375,4614435.5703125,6057908.890625,5459239.5224609375,5078960.34765625,5047541.40234375,Group: D,Group: C,Group: D vs Group: C,4,4,Blank_Blank_Blank
FA(21:1),FA,135210.7099609375,118279.16870117188,128858.18957519531,107371.66735839844,142562.0107421875,167057.79150390625,143835.8291015625,126039.84887695312,128863.06848144531,Group: D,Group: C,Group: D vs Group: C,4,4,Blank_Blank_Blank
FA(21:2),FA,153411.62951660156,135756.78784179688,129982.80944824219,90974.00671386719,153329.5916748047,192870.0125732422,149613.65087890625,150869.26928710938,165656.87084960938,Group: D,Group: C,Group: D vs Group: C,4,4,Blank_Blank_Blank
FA(21:3),FA,82083.0062866211,78329.62518310547,76807.14599609375,59875.464416503906,88552.04577636719,108487.92797851562,82907.78649902344,81900.46551513672,74508.86572265625,Group: D,Group: C,Group: D vs Group: C,4,4,Blank_Blank_Blank
FA(21:5),FA,185794.3143310547,160366.91076660156,173960.85290527344,127797.92956542969,216641.85571289062,243816.65576171875,195496.65454101562,206213.55322265625,172318.6131591797,Group: D,Group: C,Group: D vs Group: C,4,4,Blank_Blank_Blank
FA(22:0),FA,1579170.4853515625,1355183.8857421875,1428770.173828125,1281225.373046875,1461295.833984375,1920999.86328125,1665999.96875,1580074.8515625,1521133.470703125,Group: D,Group: C,Group: D vs Group: C,4,4,Blank_Blank_Blank
FA(22:1),FA,102797.60656738281,96269.46643066406,102372.84631347656,90776.1265258789,109068.10754394531,136998.30920410156,97340.32653808594,107438.30712890625,127298.96960449219,Group: D,Group: C,Group: D vs Group: C,4,4,Blank_Blank_Blank
FA(22:2),FA,59769.00360107422,56810.443603515625,62155.24432373047,56176.583740234375,69123.06463623047,82273.48638916016,62106.4443359375,63242.264404296875,77952.00506591797,Group: D,Group: C,Group: D vs Group: C,4,4,Blank_Blank_Blank
FA(22:3),FA,66306.8051147461,69562.6244506836,74926.32470703125,59340.52355957031,82769.02563476562,89770.80560302734,70644.88525390625,79566.34503173828,88220.76550292969,Group: D,Group: C,Group: D vs Group: C,4,4,Blank_Blank_Blank
FA(22:4),FA,93911.20623779297,88656.4267578125,121664.44952392578,122114.52923583984,95997.34796142578,174087.93041992188,83780.46630859375,95541.20629882812,98633.42724609375,Group: D,Group: C,Group: D vs Group: C,4,4,Blank_Blank_Blank
FA(22:5),FA,218272.53845214844,180112.23266601562,273995.94287109375,282863.83923339844,167588.2119140625,356059.54736328125,156444.97119140625,178965.6309814453,136121.78930664062,Group: D,Group: C,Group: D vs Group: C,4,4,Blank_Blank_Blank
FA(22:6),FA,539043.9399414062,506145.21630859375,604458.0053710938,737559.4428710938,539224.5197753906,1258491.90234375,615172.3217773438,638165.8374023438,464722.1701660156,Group: D,Group: C,Group: D vs Group: C,4,4,Blank_Blank_Blank
FA(22:7),FA,5235671.900390625,4521842.734375,4415192.10546875,3743884.60546875,4650135.25390625,6098949.197265625,5643619.29296875,5096103.90234375,4970360.34765625,Group: D,Group: C,Group: D vs Group: C,4,4,Blank_Blank_Blank
FA(23:0),FA,156071.01135253906,162284.85229492188,185642.11206054688,185918.51293945312,137168.96899414062,173415.55334472656,133320.20874023438,186281.7928466797,132571.06982421875,Group: D,Group: C,Group: D vs Group: C,4,4,Blank_Blank_Blank
FA(23:1),FA,85361.1460571289,81861.6654663086,84767.54614257812,75443.20565795898,84812.52655029297,103495.18789672852,82045.72644042969,84957.94659423828,81219.5859375,Group: D,Group: C,Group: D vs Group: C,4,4,Blank_Blank_Blank
FA(23:6),FA,213642.7529296875,201415.03393554688,225582.5177001953,217840.2745361328,204012.47338867188,254580.5772705078,210189.17504882812,237251.95751953125,201541.9736328125,Group: D,Group: C,Group: D vs Group: C,4,4,Blank_Blank_Blank
FA(24:0),FA,133437.01025390625,136269.1688232422,129481.1884765625,119178.22839355469,158119.2919921875,206591.13500976562,137960.810546875,129243.17041015625,150362.8927001953,Group: D,Group: C,Group: D vs Group: C,4,4,Blank_Blank_Blank
FA(24:1),FA,64719.24411010742,61341.96435546875,63606.544494628906,57435.384033203125,75554.96594238281,86962.00561523438,61894.72528076172,63129.14440917969,66724.96466064453,Group: D,Group: C,Group: D vs Group: C,4,4,Blank_Blank_Blank
FA(24:10),FA,131719.8504638672,109044.64636230469,104792.02807617188,84938.4458618164,218095.2752685547,227004.63623046875,147512.8309326172,114886.62780761719,121248.46865844727,Group: D,Group: C,Group: D vs Group: C,4,4,Blank_Blank_Blank
FA(24:12),FA,108019.00714111328,95084.36682128906,111847.0068359375,94142.0258178711,100001.08703613281,117104.92791748047,96997.42687988281,111046.74792480469,103298.60632324219,Group: D,Group: C,Group: D vs Group: C,4,4,Blank_Blank_Blank
FA(24:2),FA,48218.00338745117,53252.523529052734,48616.583892822266,43799.0231628418,49578.42352294922,72978.96508789062,49121.84329223633,50976.90350341797,54185.103759765625,Group: D,Group: C,Group: D vs Group: C,4,4,Blank_Blank_Blank
FA(24:3),FA,73236.62567138672,68683.1047668457,72884.02551269531,59298.903869628906,74106.24444580078,92319.3062133789,74639.66516113281,70804.52502441406,71773.46533203125,Group: D,Group: C,Group: D vs Group: C,4,4,Blank_Blank_Blank
FA(24:4),FA,66756.24432373047,73803.76480102539,71842.42517089844,58948.40393066406,80971.06573486328,88187.10632324219,68639.50494384766,68238.60418701172,71455.36505126953,Group: D,Group: C,Group: D vs Group: C,4,4,Blank_Blank_Blank
FA(24:5),FA,131176.64916992188,143929.55017089844,154521.55041503906,160769.13317871094,116188.80944824219,156741.71069335938,112555.02758789062,145598.35076904297,106806.52819824219,Group: D,Group: C,Group: D vs Group: C,4,4,Blank_Blank_Blank
FA(24:6),FA,345963.4063720703,412531.50634765625,615689.0427246094,863552.1206054688,101256.74694824219,144631.6104736328,110684.28698730469,627463.7952880859,102543.80627441406,Group: D,Group: C,Group: D vs Group: C,4,4,Blank_Blank_Blank
FA(24:7),FA,166633.55114746094,163711.2509765625,186371.3134765625,189379.93463134766,145403.4512939453,177837.77307128906,141548.26892089844,185721.37268066406,136811.8895263672,Group: D,Group: C,Group: D vs Group: C,4,4,Blank_Blank_Blank
FA(25:0),FA,115216.90814208984,125742.36889648438,190017.3540649414,174368.1134033203,96240.86730957031,114281.30712890625,85756.80603027344,152110.4708251953,101170.36669921875,Group: D,Group: C,Group: D vs Group: C,4,4,Blank_Blank_Blank
FA(25:1),FA,98572.1875,100247.58654785156,111361.44818115234,112555.16809082031,116338.38781738281,132963.708984375,103173.86791992188,111983.36840820312,107272.10754394531,Group: D,Group: C,Group: D vs Group: C,4,4,Blank_Blank_Blank
FA(25:4),FA,98845.30688476562,105006.22735595703,101921.52697753906,81223.36499023438,89569.60681152344,97268.86682128906,98579.46704101562,100361.58679199219,98255.42657470703,Group: D,Group: C,Group: D vs Group: C,4,4,Blank_Blank_Blank
FA(26:0),FA,102854.267578125,99915.66723632812,106489.96606445312,83830.96630859375,110931.52770996094,135338.54956054688,105726.40710449219,114402.96801757812,100115.36682128906,Group: D,Group: C,Group: D vs Group: C,4,4,Blank_Blank_Blank
FA(26:1),FA,117305.22744750977,114830.66857910156,111035.54772949219,92794.46704101562,124980.78942871094,140646.0489501953,132231.34912109375,123855.94873046875,121017.12829589844,Group: D,Group: C,Group: D vs Group: C,4,4,Blank_Blank_Blank
FA(26:2),FA,84722.1254272461,80142.00561523438,77612.4658203125,62487.20477294922,72668.06506347656,85043.32531738281,90879.12609863281,82276.56640625,72105.78479003906,Group: D,Group: C,Group: D vs Group: C,4,4,Blank_Blank_Blank
FA(26:3),FA,69943.60418701172,72593.46496582031,69819.90509033203,51304.02429199219,65081.46487426758,75546.38464355469,72543.86462402344,71479.66571044922,68566.18487548828,Group: D,Group: C,Group: D vs Group: C,4,4,Blank_Blank_Blank
FA(26:4),FA,70572.7446899414,70585.94506835938,73693.54638671875,62404.244384765625,73711.16494750977,90027.64678955078,70636.44525146484,71106.64538574219,77072.84539794922,Group: D,Group: C,Group: D vs Group: C,4,4,Blank_Blank_Blank
FA(26:5),FA,91747.1459350586,97816.56726074219,118713.18676757812,112563.54736328125,71235.66534423828,80652.04528808594,77989.865234375,113120.10809326172,67896.18481445312,Group: D,Group: C,Group: D vs Group: C,4,4,Blank_Blank_Blank
FA(26:6),FA,302523.44580078125,407846.4873046875,638286.3813476562,732829.0180664062,98584.10607910156,126535.94934082031,123508.208984375,524408.2153320312,103666.80700683594,Group: D,Group: C,Group: D vs Group: C,4,4,Blank_Blank_Blank
FA(27:0) | FA(28:7),FA,142047.67016601562,130237.52783203125,103195.0073852539,86446.50592041016,161559.27087402344,139193.79040527344,145425.16857910156,144709.69171142578,165694.5711669922,Group: D,Group: C,Group: D vs Group: C,4,4,Blank_Blank_Blank
FA(27:0) | FA(28:7)_2,FA,128794.44995117188,117015.0283203125,96094.42663574219,79034.54559326172,142314.3497314453,139746.72985839844,123472.62866210938,130045.86962890625,146670.33068847656,Group: D,Group: C,Group: D vs Group: C,4,4,Blank_Blank_Blank
FA(27:1),FA,60323.124572753906,61449.44454956055,64304.444396972656,53771.64318847656,61861.723876953125,68941.34436035156,61235.28433227539,65253.14453125,63923.624938964844,Group: D,Group: C,Group: D vs Group: C,4,4,Blank_Blank_Blank
FA(27:2),FA,69255.24493408203,62700.205017089844,63789.00451660156,60409.603454589844,66414.04455566406,76148.42486572266,62008.924377441406,63249.44451904297,69924.8843383789,Group: D,Group: C,Group: D vs Group: C,4,4,Blank_Blank_Blank
FA(27:3),FA,105496.94647216797,109070.48693847656,109175.86694335938,84125.10632324219,110887.78723144531,129636.56896972656,109999.50708007812,105249.92761230469,104769.26806640625,Group: D,Group: C,Group: D vs Group: C,4,4,Blank_Blank_Blank
FA(27:4),FA,84987.86627197266,77493.84600830078,82254.60565185547,73449.3051147461,74245.544921875,92376.66595458984,80140.32543945312,82466.48510742188,69388.94470214844,Group: D,Group: C,Group: D vs Group: C,4,4,Blank_Blank_Blank
FA(28:0),FA,72299.16491699219,65424.36474609375,65918.2045288086,58839.48406982422,80696.02502441406,86276.84655761719,67629.5650024414,76498.70526123047,66779.32537841797,Group: D,Group: C,Group: D vs Group: C,4,4,Blank_Blank_Blank
FA(28:1),FA,436144.5732421875,392152.87060546875,362168.72314453125,321188.0010986328,112601.18817138672,197126.35522460938,330513.3825683594,337299.5251464844,227471.47662353516,Group: D,Group: C,Group: D vs Group: C,4,4,Blank_Blank_Blank
FA(28:2),FA,62893.28454589844,57038.58410644531,55639.3232421875,44897.78286743164,54205.78451538086,57730.4641418457,57401.88446044922,53836.34393310547,54369.98388671875,Group: D,Group: C,Group: D vs Group: C,4,4,Blank_Blank_Blank
FA(28:3),FA,59770.68444824219,56973.464599609375,54161.30374145508,52453.504150390625,63563.485290527344,68955.14514160156,62252.384521484375,61670.704528808594,71863.14501953125,Group: D,Group: C,Group: D vs Group: C,4,4,Blank_Blank_Blank
FA(28:4),FA,56730.78405761719,56175.30383300781,57026.963470458984,46030.203186035156,60536.6237487793,61987.604431152344,57008.123779296875,54422.20397949219,58194.043884277344,Group: D,Group: C,Group: D vs Group: C,4,4,Blank_Blank_Blank
FA(28:5),FA,66794.18475341797,55677.283935546875,65001.90417480469,54003.483642578125,51490.00402832031,59050.124450683594,57833.124267578125,63628.52478027344,57203.26477050781,Group: D,Group: C,Group: D vs Group: C,4,4,Blank_Blank_Blank
FA(28:6),FA,118337.08850097656,102401.94702148438,111835.98742675781,101152.26654052734,113068.94738769531,120242.70892333984,119193.52899169922,122620.1494140625,118014.06958007812,Group: D,Group: C,Group: D vs Group: C,4,4,Blank_Blank_Blank
FA(29:0),FA,1897876.283203125,1856629.9990234375,1433159.9306640625,975984.130859375,106524.22802734375,126677.08959960938,1427656.8713378906,1369711.6684570312,248397.51513671875,Group: D,Group: C,Group: D vs Group: C,4,4,Blank_Blank_Blank
FA(29:1),FA,64133.62463378906,57860.80383300781,54306.06433105469,44108.46350097656,52075.22375488281,50284.683654785156,58354.683654785156,55077.804443359375,48553.08334350586,Group: D,Group: C,Group: D vs Group: C,4,4,Blank_Blank_Blank
FA(29:2),FA,224572.2744140625,217280.0751953125,204097.27416992188,139638.7303466797,75191.66442871094,88681.90625,205666.55322265625,218842.5350341797,134127.31115722656,Group: D,Group: C,Group: D vs Group: C,4,4,Blank_Blank_Blank
FA(29:3),FA,72700.80554199219,69585.5845336914,70648.56506347656,73885.24499511719,63709.38446044922,105589.52746582031,70042.06530761719,75304.00476074219,79099.48498535156,Group: D,Group: C,Group: D vs Group: C,4,4,Blank_Blank_Blank
FA(2:0),FA,21174.501510620117,18141.301330566406,19376.541458129883,15035.061096191406,18425.561431884766,20865.34146118164,21491.58169555664,21305.64128112793,23426.16180419922,Group: D,Group: C,Group: D vs Group: C,4,4,Blank_Blank_Blank
FA(30:1),FA,44967.5234375,49438.1435546875,41385.122985839844,38057.44241333008,49049.22329711914,53129.04425048828,45418.123291015625,45670.84329223633,41370.62322998047,Group: D,Group: C,Group: D vs Group: C,4,4,Blank_Blank_Blank
FA(30:2),FA,56558.424072265625,53687.324157714844,44764.48272705078,40692.74298095703,55096.72412109375,54556.42352294922,48273.28323364258,51913.18362426758,44601.74298095703,Group: D,Group: C,Group: D vs Group: C,4,4,Blank_Blank_Blank
FA(30:3),FA,52800.14404296875,44150.04278564453,46170.823303222656,39799.92266845703,49201.36309814453,49027.86297607422,44344.90313720703,53170.123474121094,48121.28353881836,Group: D,Group: C,Group: D vs Group: C,4,4,Blank_Blank_Blank
FA(30:4),FA,51532.963928222656,44400.16357421875,45683.163513183594,39943.40252685547,54560.603088378906,56332.26397705078,46521.84310913086,52968.70330810547,48867.683532714844,Group: D,Group: C,Group: D vs Group: C,4,4,Blank_Blank_Blank
FA(30:5),FA,56871.90460205078,53366.723693847656,53088.483947753906,53536.063568115234,55974.143951416016,55510.28387451172,51197.62368774414,62643.96368408203,49877.60363769531,Group: D,Group: C,Group: D vs Group: C,4,4,Blank_Blank_Blank
FA(30:6),FA,128809.80834960938,134416.80993652344,123314.56945800781,96602.94689941406,76187.06420898438,73767.9047241211,110798.5078125,111690.048828125,70876.00537109375,Group: D,Group: C,Group: D vs Group: C,4,4,Blank_Blank_Blank
FA(31:0),FA,88066.62628173828,90829.96569824219,86549.36584472656,65834.24487304688,83427.38592529297,84065.72564697266,99393.10583496094,88166.12622070312,67509.6245727539,Group: D,Group: C,Group: D vs Group: C,4,4,Blank_Blank_Blank
FA(32:0),FA,33448.12225341797,34275.542053222656,36755.56246948242,29682.942321777344,39300.72280883789,53242.10369873047,35758.36260986328,40023.34280395508,28762.36196899414,Group: D,Group: C,Group: D vs Group: C,4,4,Blank_Blank_Blank
FA(32:1),FA,38858.903060913086,28320.40200805664,32082.542419433594,23539.761474609375,33291.14245605469,41080.12316894531,32003.04234313965,35650.04266357422,27305.381896972656,Group: D,Group: C,Group: D vs Group: C,4,4,Blank_Blank_Blank
FA(32:4),FA,51794.52346801758,48181.662857055664,56959.383850097656,41270.342834472656,45936.42352294922,55202.12371826172,49146.324157714844,52565.76428222656,39232.04266357422,Group: D,Group: C,Group: D vs Group: C,4,4,Blank_Blank_Blank
FA(32:5),FA,49292.48318481445,41268.64224243164,55852.323669433594,44866.48318481445,41175.18295288086,48753.40335083008,45554.703186035156,54687.323303222656,37653.302734375,Group: D,Group: C,Group: D vs Group: C,4,4,Blank_Blank_Blank
FA(32:6),FA,63553.90447998047,56431.06384277344,68769.64367675781,58103.864318847656,60542.32434082031,64512.924865722656,59220.384216308594,66276.82427978516,48103.00354003906,Group: D,Group: C,Group: D vs Group: C,4,4,Blank_Blank_Blank
FA(33:0),FA,37481.022705078125,33014.982421875,33311.482482910156,27789.24200439453,32854.30187988281,42495.02294921875,33073.60255432129,31856.402374267578,28422.381866455078,Group: D,Group: C,Group: D vs Group: C,4,4,Blank_Blank_Blank
FA(34:0),FA,42143.18307495117,44318.68347167969,57338.32403564453,47903.20291137695,41664.16247558594,53933.2239074707,39081.003173828125,51423.283630371094,41063.34307861328,Group: D,Group: C,Group: D vs Group: C,4,4,Blank_Blank_Blank
FA(34:1),FA,139624.0307006836,131454.85034179688,138465.21032714844,104097.30822753906,169504.75024414062,205300.57495117188,161947.99291992188,132231.529296875,133055.03051757812,Group: D,Group: C,Group: D vs Group: C,4,4,Blank_Blank_Blank
FA(34:5),FA,58465.36407470703,53053.58367919922,64108.20495605469,49562.10382080078,51693.204162597656,66094.58477783203,51897.62384033203,61312.62451171875,51102.08349609375,Group: D,Group: C,Group: D vs Group: C,4,4,Blank_Blank_Blank
FA(34:6),FA,58810.58416748047,57900.74482727051,65799.72485351562,50089.06286621094,63530.485290527344,71518.02502441406,57195.72381591797,64745.664306640625,63386.423828125,Group: D,Group: C,Group: D vs Group: C,4,4,Blank_Blank_Blank
FA(35:0),FA,29999.742126464844,28305.0419921875,29849.88217163086,26843.32211303711,27929.70198059082,35301.622314453125,27482.30177307129,27037.781982421875,26615.222045898438,Group: D,Group: C,Group: D vs Group: C,4,4,Blank_Blank_Blank
FA(36:0),FA,24267.781646728516,25224.72183227539,25153.821746826172,23419.28157043457,28317.20184326172,35427.582458496094,26378.001571655273,24999.16192626953,28434.642288208008,Group: D,Group: C,Group: D vs Group: C,4,4,Blank_Blank_Blank
FA(36:4),FA,41504.56298828125,37682.78289794922,42199.14306640625,41426.56286621094,46681.403411865234,56229.024322509766,44417.5234375,41617.523040771484,45413.16313171387,Group: D,Group: C,Group: D vs Group: C,4,4,Blank_Blank_Blank
FA(36:5),FA,36720.12228393555,35985.14273071289,39729.54266357422,46058.343505859375,36937.062591552734,51319.80319213867,38035.84259033203,39451.94268798828,38809.782485961914,Group: D,Group: C,Group: D vs Group: C,4,4,Blank_Blank_Blank
FA(37:0),FA,32242.962127685547,31015.462158203125,40308.363220214844,39812.8430480957,41590.46304321289,48883.68338012695,40485.14239501953,33374.98229980469,39566.14270019531,Group: D,Group: C,Group: D vs Group: C,4,4,Blank_Blank_Blank
FA(38:0),FA,25433.642135620117,23184.60171508789,31815.522384643555,25134.341873168945,26830.062103271484,31009.522216796875,26546.221725463867,23980.541793823242,25287.04197692871,Group: D,Group: C,Group: D vs Group: C,4,4,Blank_Blank_Blank
FA(38:4),FA,48462.823303222656,48601.86376953125,62881.104553222656,49609.5830078125,44668.04330444336,52309.40393066406,52645.56408691406,50933.003967285156,64606.623596191406,Group: D,Group: C,Group: D vs Group: C,4,4,Blank_Blank_Blank
FA(38:5),FA,41032.342864990234,37908.022888183594,42071.482849121094,38378.5227355957,35012.402435302734,39387.28286743164,36210.2626953125,39707.363037109375,33544.842056274414,Group: D,Group: C,Group: D vs Group: C,4,4,Blank_Blank_Blank
FA(38:6),FA,35006.382385253906,32315.982360839844,42118.22296142578,32202.922424316406,38348.72244262695,44813.463287353516,36772.86242675781,33082.382232666016,37477.3828125,Group: D,Group: C,Group: D vs Group: C,4,4,Blank_Blank_Blank
FA(3:0),FA,3421.2802238464355,4667.560241699219,4760.940315246582,3789.780258178711,4096.060230255127,4824.8603515625,5476.400344848633,4293.34029006958,4044.520309448242,Group: D,Group: C,Group: D vs Group: C,4,4,Blank_Blank_Blank
FA(3:1),FA,5277.860397338867,5808.060478210449,8587.320545196533,7777.68049621582,7996.12060546875,8924.480590820312,9521.540725708008,5682.280414581299,5537.380432128906,Group: D,Group: C,Group: D vs Group: C,4,4,Blank_Blank_Blank
FA(40:6),FA,29240.442260742188,31484.882293701172,33896.502502441406,37386.702545166016,35251.84243774414,40007.92269897461,36307.082458496094,30419.42218017578,33752.62274169922,Group: D,Group: C,Group: D vs Group: C,4,4,Blank_Blank_Blank
FA(42:6),FA,27184.661834716797,30561.50213623047,41351.102630615234,31734.2618560791,33326.42239379883,36387.482666015625,33338.44250488281,29313.142288208008,29935.981994628906,Group: D,Group: C,Group: D vs Group: C,4,4,Blank_Blank_Blank
FA(46:0),FA,22559.421630859375,24243.38165283203,32944.62258911133,25943.72198486328,24868.181610107422,32113.58221435547,25326.381805419922,22891.92169189453,22750.6016998291,Group: D,Group: C,Group: D vs Group: C,4,4,Blank_Blank_Blank
FA(4:0),FA,52318.863540649414,45014.463439941406,47523.22326660156,37194.92266845703,55869.123779296875,52070.48419189453,53327.98400878906,52725.92419433594,60729.424743652344,Group: D,Group: C,Group: D vs Group: C,4,4,Blank_Blank_Blank
FA(4:1),FA,199419.3159790039,172250.0107421875,187977.75524902344,148596.09155273438,145825.60998535156,158948.9324645996,191158.87475585938,215456.05444335938,163665.7109375,Group: D,Group: C,Group: D vs Group: C,4,4,Blank_Blank_Blank
FA(5:0),FA,472084.5377807617,657157.1953125,1278667.3540039062,1539277.1809082031,49207.46408081055,50050.9033203125,48820.92333984375,1257645.2881774902,39080.6833190918,Group: D,Group: C,Group: D vs Group: C,4,4,Blank_Blank_Blank
FA(5:1),FA,52325.323181152344,53995.96435546875,87255.74645996094,92302.92565917969,55111.784423828125,55780.263732910156,39204.102935791016,92851.98706054688,53284.183532714844,Group: D,Group: C,Group: D vs Group: C,4,4,Blank_Blank_Blank
FA(5:2),FA,98986.7671508789,75034.38568115234,96996.24645996094,69771.98468017578,84021.72619628906,102126.56774902344,87945.7865600586,83582.52551269531,67329.72436523438,Group: D,Group: C,Group: D vs Group: C,4,4,Blank_Blank_Blank
FA(6:0),FA,22050.461547851562,21009.94140625,28690.422286987305,23198.641326904297,23698.46173095703,33109.902099609375,25678.50180053711,23516.16162109375,20530.521453857422,Group: D,Group: C,Group: D vs Group: C,4,4,Blank_Blank_Blank
FA(6:1),FA,839239.2819824219,707338.693359375,787178.7177734375,611689.822265625,743602.2958984375,811190.240234375,869784.654296875,988418.2924804688,698626.3784179688,Group: D,Group: C,Group: D vs Group: C,4,4,Blank_Blank_Blank
FA(6:2),FA,44870.24346923828,39735.0830078125,43965.62353515625,32238.262237548828,50992.503662109375,62211.54461669922,50025.30334472656,48643.2834777832,93736.306640625,Group: D,Group: C,Group: D vs Group: C,4,4,Blank_Blank_Blank
FA(7:0),FA,66712.1848449707,62364.24444580078,81474.72576904297,66910.52444458008,65364.225036621094,75429.30560302734,72343.38494873047,76756.12591552734,51053.563903808594,Group: D,Group: C,Group: D vs Group: C,4,4,Blank_Blank_Blank
FA(7:1),FA,43791.2028503418,27177.462005615234,26381.841735839844,22355.221725463867,44129.04315185547,48601.14343261719,35560.26248168945,33105.362213134766,63569.00427246094,Group: D,Group: C,Group: D vs Group: C,4,4,Blank_Blank_Blank
FA(7:2),FA,21336.401290893555,19194.46141052246,18666.041259765625,14523.340927124023,17611.64119720459,18952.741271972656,21282.601501464844,18356.681396484375,17508.101104736328,Group: D,Group: C,Group: D vs Group: C,4,4,Blank_Blank_Blank
FA(7:3),FA,26666.66148376465,18249.901290893555,18190.32145690918,15517.981063842773,14927.420852661133,16368.061210632324,22681.801696777344,21169.361358642578,16258.70101928711,Group: D,Group: C,Group: D vs Group: C,4,4,Blank_Blank_Blank
FA(8:0),FA,27839.841827392578,38061.802795410156,44682.582916259766,46656.42304992676,24377.40170288086,25264.521759033203,21772.081481933594,39669.662353515625,22117.50177001953,Group: D,Group: C,Group: D vs Group: C,4,4,Blank_Blank_Blank
FA(8:1),FA,11141.940811157227,10131.520767211914,13842.060943603516,11031.7407913208,11547.00080871582,10806.340698242188,10305.180679321289,12927.48095703125,12250.660915374756,Group: D,Group: C,Group: D vs Group: C,4,4,Blank_Blank_Blank
FA(8:2),FA,17385.301193237305,17145.901168823242,20178.861251831055,18341.341262817383,48142.303649902344,55468.50393676758,21562.321517944336,22426.661376953125,25582.90199279785,Group: D,Group: C,Group: D vs Group: C,4,4,Blank_Blank_Blank
FA(8:5),FA,59988.82373046875,54497.9631652832,62130.10430908203,73874.46560668945,740855.9477539062,836991.9331665039,108777.10583496094,68575.78430175781,42015.56253051758,Group: D,Group: C,Group: D vs Group: C,4,4,Blank_Blank_Blank
FA(8:6),FA,81027.04571533203,93112.2470703125,141107.74996948242,133338.84887695312,47733.72381591797,54426.82421875,61377.344482421875,131949.56994628906,33952.94250488281,Group: D,Group: C,Group: D vs Group: C,4,4,Blank_Blank_Blank
FA(9:0) | FA(10:7),FA,354787.7846069336,355738.02575683594,384962.9649963379,304264.6629638672,307996.06188964844,334551.1218261719,352666.8458557129,458393.81036376953,208559.07287597656,Group: D,Group: C,Group: D vs Group: C,4,4,Blank_Blank_Blank
FA(9:0) | FA(10:7)_2,FA,354312.9899902344,386109.0256347656,410750.93060302734,320196.1044921875,321753.5048828125,346052.6251220703,354560.40295410156,476839.6348876953,210879.03479003906,Group: D,Group: C,Group: D vs Group: C,4,4,Blank_Blank_Blank
FA(9:1),FA,19859.621337890625,22751.521575927734,24635.201919555664,20336.061630249023,23225.901824951172,24204.02182006836,21564.841674804688,25408.20181274414,20448.921142578125,Group: D,Group: C,Group: D vs Group: C,4,4,Blank_Blank_Blank
FA(9:2),FA,14109.060943603516,17692.420959472656,14520.12109375,14852.461013793945,18236.841415405273,19683.72132873535,15640.101341247559,14986.480987548828,15583.80094909668,Group: D,Group: C,Group: D vs Group: C,4,4,Blank_Blank_Blank
"LPC(10:0),PC(O-10:0)",PC,1242.8000984191895,1384.3400955200195,1179.4000816345215,1016.4600715637207,1290.7601051330566,1497.860107421875,1012.8600692749023,1069.5400733947754,1381.2601051330566,Group: D,Group: C,Group: D vs Group: C,4,4,Blank_Blank_Blank
LPC(12:0),PC,1086.7800750732422,1058.4400749206543,1252.580093383789,1010.820068359375,1180.5200843811035,1156.9600830078125,1031.360065460205,1015.6000595092773,1145.0000915527344,Group: D,Group: C,Group: D vs Group: C,4,4,Blank_Blank_Blank
"LPC(14:0),PC(O-14:0),LPC(O-15:0)",PC,1339.9200973510742,1583.8201065063477,1309.2000923156738,1123.720069885254,1577.8801002502441,1788.680118560791,1135.220069885254,1139.3800811767578,1347.9600868225098,Group: D,Group: C,Group: D vs Group: C,4,4,Blank_Blank_Blank
"LPC(14:1),LPC(P-15:0)",PC,1206.2600898742676,1170.4600944519043,1234.3200874328613,1106.2000732421875,1134.7200889587402,1149.1800689697266,1136.380069732666,1039.8400688171387,1100.2200736999512,Group: D,Group: C,Group: D vs Group: C,4,4,Blank_Blank_Blank
"LPC(15:1),LPC(O-16:1),LPC(P-16:0)",PC,1065.1400756835938,1107.8400764465332,1153.920066833496,1049.3800735473633,1322.3201065063477,1140.160083770752,1058.7600784301758,1046.4200706481934,1080.9000778198242,Group: D,Group: C,Group: D vs Group: C,4,4,Blank_Blank_Blank
"LPC(16:0),PC(O-16:0),LPC(O-17:0)",PC,45418.20301818848,36232.92256164551,32229.021942138672,18476.561100006104,39705.42254638672,59163.164489746094,10640.180755615234,12667.920997619629,7908.7606201171875,Group: D,Group: C,Group: D vs Group: C,4,4,Blank_Blank_Blank
"LPC(16:1),LPC(P-17:0)",PC,2576.9601860046387,2335.2001724243164,2861.8202171325684,1880.4601554870605,2055.9001274108887,3060.3802185058594,1412.340103149414,1743.7600936889648,1323.8200912475586,Group: D,Group: C,Group: D vs Group: C,4,4,Blank_Blank_Blank
"LPC(17:1),LPC(O-18:1),LPC(P-18:0)",PC,1502.8600883483887,1087.2200736999512,1309.3000984191895,1011.3800773620605,1291.6200904846191,1292.7200736999512,1055.9400749206543,1268.0800743103027,1126.7600784301758,Group: D,Group: C,Group: D vs Group: C,4,4,Blank_Blank_Blank
"LPC(17:2),LPC(P-18:1)",PC,1348.6401023864746,1151.2400856018066,1127.2400817871094,1073.4000816345215,1188.120101928711,1272.6800918579102,1014.3800659179688,1024.9000701904297,1062.680076599121,Group: D,Group: C,Group: D vs Group: C,4,4,Blank_Blank_Blank
"LPC(18:0),PC(O-18:0),LPC(O-19:0)",PC,24793.442359924316,18837.481437683105,19467.661209106445,11166.960655212402,17126.7010345459,24595.721809387207,8182.440525054932,10619.160499572754,4094.6802673339844,Group: D,Group: C,Group: D vs Group: C,4,4,Blank_Blank_Blank
"LPC(18:1),PC(O-18:1),PC(P-18:0)",PC,11438.640853881836,9903.580642700195,8867.5806350708,8014.220500946045,11232.600761413574,18261.561111450195,5071.980323791504,8383.880561828613,4595.920341491699,Group: D,Group: C,Group: D vs Group: C,4,4,Blank_Blank_Blank
"LPC(18:2),LPC(P-19:1)",PC,18071.18148803711,14634.26099395752,14745.64102935791,21624.50115585327,17528.00099182129,36532.58274078369,8813.120643615723,16771.281116485596,2659.480182647705,Group: D,Group: C,Group: D vs Group: C,4,4,Blank_Blank_Blank
LPC(18:3),PC,1319.1601066589355,1172.4800872802734,1793.200122833252,1314.6000938415527,1466.4000816345215,1762.820140838623,1144.3600730895996,1553.8201065063477,1061.9000625610352,Group: D,Group: C,Group: D vs Group: C,4,4,Blank_Blank_Blank
LPC(18:4),PC,1068.5400695800781,1056.8600769042969,1027.760066986084,1017.1600685119629,1216.400089263916,1172.7800903320312,1078.3800659179688,1004.4600563049316,1037.7400741577148,Group: D,Group: C,Group: D vs Group: C,4,4,Blank_Blank_Blank
LPC(19:3),PC,1099.5800819396973,1223.1600952148438,1079.3000793457031,1001.1400756835938,1140.1000785827637,1115.180076599121,1061.3000602722168,1040.220058441162,1004.380069732666,Group: D,Group: C,Group: D vs Group: C,4,4,Blank_Blank_Blank
"LPC(20:2),PC(O-20:2)",PC,1683.8601264953613,2049.3001251220703,1756.740119934082,1323.0200881958008,1667.5201225280762,2743.6002655029297,1602.2001190185547,2173.5001831054688,1082.0000686645508,Group: D,Group: C,Group: D vs Group: C,4,4,Blank_Blank_Blank
LPC(20:3),PC,2731.8202171325684,3036.9201850891113,5193.940296173096,2836.0002212524414,3289.6602058410645,5676.280277252197,4627.060283660889,10159.580806732178,1215.5600852966309,Group: D,Group: C,Group: D vs Group: C,4,4,Blank_Blank_Blank
LPC(20:4),PC,9699.400833129883,9188.400638580322,10173.840602874756,15513.921485900879,10696.48053741455,22569.18148803711,8296.060523986816,11653.160961151123,1251.7000732421875,Group: D,Group: C,Group: D vs Group: C,4,4,Blank_Blank_Blank
LPC(20:5),PC,1987.4601287841797,1350.540096282959,1237.560073852539,1174.3200721740723,1314.8200874328613,1728.0801391601562,1538.1800956726074,1254.6400871276855,1166.4400901794434,Group: D,Group: C,Group: D vs Group: C,4,4,Blank_Blank_Blank
LPC(22:2),PC,1357.200096130371,1156.04008102417,1107.2400817871094,1048.5400695800781,1233.6800842285156,1193.280086517334,1036.2400665283203,1071.1600799560547,1058.6400718688965,Group: D,Group: C,Group: D vs Group: C,4,4,Blank_Blank_Blank
LPC(22:4),PC,1292.7000846862793,1315.3400955200195,1244.080093383789,1178.4200859069824,1780.3401412963867,2338.7401580810547,1186.2400741577148,1159.5800819396973,1134.0200843811035,Group: D,Group: C,Group: D vs Group: C,4,4,Blank_Blank_Blank
LPC(22:5),PC,2010.280143737793,1759.9401245117188,2665.5601654052734,1522.5001182556152,2215.760181427002,2855.4402198791504,1191.6800918579102,1553.7201194763184,1104.7400817871094,Group: D,Group: C,Group: D vs Group: C,4,4,Blank_Blank_Blank
LPC(22:6),PC,6620.800567626953,5796.440338134766,14227.381225585938,8453.000453948975,6976.300521850586,12641.300918579102,10783.980583190918,8955.02067565918,1063.1400718688965,Group: D,Group: C,Group: D vs Group: C,4,4,Blank_Blank_Blank
LPC(24:0),PC,1499.8401145935059,2124.7201766967773,3006.880241394043,1528.6601181030273,1402.700096130371,1542.6801300048828,1100.3600730895996,1383.2201118469238,1225.9800834655762,Group: D,Group: C,Group: D vs Group: C,4,4,Blank_Blank_Blank
LPC(24:1),PC,1343.440086364746,1455.2201080322266,1466.7200965881348,1001.7800712585449,1331.040096282959,1801.2601432800293,1067.6800651550293,1342.7400817871094,1037.6800804138184,Group: D,Group: C,Group: D vs Group: C,4,4,Blank_Blank_Blank
LPC(2:0),PC,1055.8400764465332,1245.700080871582,1217.8400764465332,1002.380069732666,1100.0000762939453,1163.5200881958008,991.4000701904297,1010.5800704956055,1209.5800857543945,Group: D,Group: C,Group: D vs Group: C,4,4,Blank_Blank_Blank
"LPC(3:0),PC(O-3:0)",PC,1297.6600914001465,1178.5800857543945,1100.04008102417,1060.980079650879,1080.4200820922852,1174.0001029968262,1025.0400657653809,1068.420078277588,994.3800659179688,Group: D,Group: C,Group: D vs Group: C,4,4,Blank_Blank_Blank
LPC(3:1),PC,979.4000625610352,1054.7600708007812,1094.3400764465332,989.1400604248047,1088.3800888061523,990.1600723266602,1061.9600791931152,976.4600677490234,986.5400581359863,Group: D,Group: C,Group: D vs Group: C,4,4,Blank_Blank_Blank
"LPC(4:0),PC(O-4:0),PC(O-5:0)",PC,1089.3600769042969,1154.900089263916,1035.7800788879395,1093.8200798034668,1144.8200798034668,1141.0800743103027,981.0600700378418,1078.12007522583,1183.2000732421875,Group: D,Group: C,Group: D vs Group: C,4,4,Blank_Blank_Blank
LPC(6:0),PC,1017.7200736999512,1088.9800834655762,1160.080078125,979.000057220459,1198.840087890625,1044.3800735473633,1032.3200721740723,979.9600677490234,1078.0800743103027,Group: D,Group: C,Group: D vs Group: C,4,4,Blank_Blank_Blank
LPC(8:0),PC,1351.1200981140137,1079.960075378418,1161.6800727844238,1008.6800727844238,1184.8200988769531,1106.4200820922852,979.5400619506836,973.700080871582,1137.4200859069824,Group: D,Group: C,Group: D vs Group: C,4,4,Blank_Blank_Blank
LPC(O-10:1),PC,1028.2000694274902,1063.6400909423828,1021.0800743103027,967.0800666809082,1053.6400718688965,1104.600082397461,982.3000717163086,962.5800666809082,1079.7200622558594,Group: D,Group: C,Group: D vs Group: C,4,4,Blank_Blank_Blank
LPC(O-20:4),PC,1100.340087890625,1159.3200721740723,1026.8000679016113,1061.5400695800781,1067.4800720214844,1055.0800704956055,1085.9600715637207,1004.0600662231445,1177.0800857543945,Group: D,Group: C,Group: D vs Group: C,4,4,Blank_Blank_Blank
LPE(12:0),PE,1241.160083770752,1238.7800827026367,1270.1200866699219,1235.1200828552246,1231.5600814819336,1293.940097808838,1261.640079498291,1241.7800827026367,1314.3400840759277,Group: D,Group: C,Group: D vs Group: C,4,4,Blank_Blank_Blank
LPE(14:0),PE,1271.4600982666016,1262.6200942993164,1278.000087738037,1223.1400909423828,1264.4000816345215,1239.8400917053223,1305.1200942993164,1326.5600852966309,1279.6800842285156,Group: D,Group: C,Group: D vs Group: C,4,4,Blank_Blank_Blank
LPE(14:1),PE,1318.8000831604004,1218.8400840759277,1310.1401023864746,1237.4800758361816,1284.6000900268555,1285.6601066589355,1361.64009475708,1258.160083770752,1294.6200904846191,Group: D,Group: C,Group: D vs Group: C,4,4,Blank_Blank_Blank
"LPE(15:1),LPE(P-16:0)",PE,1225.5800895690918,1219.020076751709,1261.440097808838,1232.3400802612305,1374.0801048278809,1317.0201034545898,1222.4400825500488,1221.800090789795,1282.5200881958008,Group: D,Group: C,Group: D vs Group: C,4,4,Blank_Blank_Blank
LPE(16:1),PE,1384.5401000976562,1219.0800819396973,1360.1400985717773,1335.60009765625,1525.480110168457,1616.5001220703125,1258.3800964355469,1302.3000793457031,1327.180103302002,Group: D,Group: C,Group: D vs Group: C,4,4,Blank_Blank_Blank
"LPE(17:1),LPE(O-18:1),LPE(P-18:0)",PE,1250.920093536377,1234.7400932312012,1226.4600868225098,1234.940086364746,1223.1400909423828,1316.360092163086,1227.360092163086,1234.5400772094727,1210.2400817871094,Group: D,Group: C,Group: D vs Group: C,4,4,Blank_Blank_Blank
LPE(17:2),PE,1296.8200912475586,1257.5600814819336,1335.0600891113281,1271.0000953674316,1286.14009475708,1254.3400993347168,1250.020092010498,1221.9000854492188,1218.4800910949707,Group: D,Group: C,Group: D vs Group: C,4,4,Blank_Blank_Blank
LPE(18:1),PE,2528.840202331543,2354.1801681518555,2750.400177001953,3070.5601806640625,5462.580451965332,4665.040214538574,2755.1801834106445,2687.560188293457,1316.580093383789,Group: D,Group: C,Group: D vs Group: C,4,4,Blank_Blank_Blank
"LPE(18:2),LPE(P-19:1)",PE,1904.2601318359375,2031.600154876709,1624.8601303100586,3119.540214538574,2847.640163421631,4472.980293273926,1833.3001251220703,2022.4001388549805,1348.8200912475586,Group: D,Group: C,Group: D vs Group: C,4,4,Blank_Blank_Blank
LPE(18:3),PE,1290.2601013183594,1235.3200950622559,1308.5000915527344,1304.8000946044922,1318.7800827026367,1221.1400833129883,1380.680103302002,1222.8400840759277,1348.660099029541,Group: D,Group: C,Group: D vs Group: C,4,4,Blank_Blank_Blank
LPE(18:4),PE,1273.8600845336914,1258.0000839233398,1359.1001014709473,1269.0800895690918,1277.920078277588,1250.1800918579102,1238.920093536377,1287.360092163086,1356.7400970458984,Group: D,Group: C,Group: D vs Group: C,4,4,Blank_Blank_Blank
"LPE(19:1),LPE(P-20:0)",PE,1249.5400886535645,1444.520107269287,1308.0400924682617,1223.2600898742676,1232.560073852539,1265.780086517334,1223.1200828552246,1221.8800888061523,1248.9200859069824,Group: D,Group: C,Group: D vs Group: C,4,4,Blank_Blank_Blank
LPE(20:0),PE,1226.2600860595703,1342.1600875854492,1219.5801048278809,1305.7600898742676,1303.1600952148438,1333.5600814819336,1407.2201042175293,1270.7800750732422,1210.1000747680664,Group: D,Group: C,Group: D vs Group: C,4,4,Blank_Blank_Blank
LPE(20:1),PE,1225.720085144043,1585.1001167297363,1504.4800910949707,1327.8400955200195,1443.2801094055176,1392.4601020812988,1330.220100402832,1248.2400856018066,1210.2000923156738,Group: D,Group: C,Group: D vs Group: C,4,4,Blank_Blank_Blank
LPE(20:2),PE,1400.3200912475586,1282.7000885009766,1312.60009765625,1259.220085144043,1304.4000930786133,1309.3600883483887,1252.760082244873,1255.0000915527344,1227.5600852966309,Group: D,Group: C,Group: D vs Group: C,4,4,Blank_Blank_Blank
LPE(20:3),PE,1464.3001022338867,1681.3201293945312,1564.680103302002,1486.9001007080078,2104.2601432800293,1649.3801193237305,1534.1200942993164,1438.8600959777832,1337.3000831604004,Group: D,Group: C,Group: D vs Group: C,4,4,Blank_Blank_Blank
LPE(20:4),PE,2255.7001953125,3250.5202674865723,2565.9001998901367,4392.740322113037,4112.080234527588,6431.380382537842,2962.8002166748047,2687.3402366638184,1282.3800811767578,Group: D,Group: C,Group: D vs Group: C,4,4,Blank_Blank_Blank
LPE(20:5),PE,1266.7400932312012,1340.0001029968262,1313.1000862121582,1247.7800903320312,1261.200080871582,1528.4001159667969,1239.5000953674316,1295.440086364746,1444.3800964355469,Group: D,Group: C,Group: D vs Group: C,4,4,Blank_Blank_Blank
LPE(22:0),PE,1277.440097808838,1272.300090789795,1331.3201026916504,1232.5000953674316,1310.9200973510742,1312.8801002502441,1222.6400871276855,1236.7200889587402,1235.9600944519043,Group: D,Group: C,Group: D vs Group: C,4,4,Blank_Blank_Blank
LPE(22:1),PE,1231.9200744628906,1251.040096282959,1274.2800941467285,1222.680088043213,1316.1400909423828,1272.380084991455,1274.5200881958008,1254.4000854492188,1252.9200744628906,Group: D,Group: C,Group: D vs Group: C,4,4,Blank_Blank_Blank
LPE(22:2),PE,1226.6600952148438,1292.8200950622559,1358.480094909668,1238.200096130371,1248.5000839233398,1271.3600845336914,1222.3800888061523,1221.580093383789,1263.0000801086426,Group: D,Group: C,Group: D vs Group: C,4,4,Blank_Blank_Blank
LPE(22:4),PE,1225.2000846862793,1344.780101776123,1309.3200950622559,1222.5000953674316,1239.4800834655762,1299.7600898742676,1223.4800910949707,1253.5200843811035,1259.1600799560547,Group: D,Group: C,Group: D vs Group: C,4,4,Blank_Blank_Blank
LPE(22:5),PE,1236.9200973510742,1616.6201133728027,1341.8200912475586,1330.3600845336914,1650.7001152038574,1687.3001289367676,1614.5001182556152,1450.2201118469238,1237.600082397461,Group: D,Group: C,Group: D vs Group: C,4,4,Blank_Blank_Blank
LPE(22:6),PE,2013.2001266479492,4882.020416259766,2743.580207824707,3641.820281982422,3113.300266265869,6092.0404624938965,3362.36030960083,3365.760280609131,1298.2600860595703,Group: D,Group: C,Group: D vs Group: C,4,4,Blank_Blank_Blank
LPE(24:1),PE,1246.7400856018066,1245.6400833129883,1280.280101776123,1222.840087890625,1222.1000862121582,1338.800090789795,1257.2800903320312,1221.3600883483887,1255.9000816345215,Group: D,Group: C,Group: D vs Group: C,4,4,Blank_Blank_Blank
LPE(24:6),PE,1226.1200790405273,1378.3001022338867,1230.8200912475586,1222.9800910949707,1383.9201049804688,1327.9600982666016,1284.04008102417,1264.4400901794434,1363.3001022338867,Group: D,Group: C,Group: D vs Group: C,4,4,Blank_Blank_Blank
LPE(O-16:0),PE,1264.1600875854492,1319.3000984191895,1284.6800842285156,1222.980094909668,1313.6201057434082,1359.9001007080078,1312.0400924682617,1271.4000930786133,1210.4600868225098,Group: D,Group: C,Group: D vs Group: C,4,4,Blank_Blank_Blank
LPE(O-20:0),PE,1244.7000770568848,1389.8000984191895,1247.1600875854492,1292.000087738037,1271.540096282959,1425.460105895996,1274.2800827026367,1229.440086364746,1271.5200881958008,Group: D,Group: C,Group: D vs Group: C,4,4,Blank_Blank_Blank
LPE(O-20:4),PE,1291.5600967407227,1267.5400848388672,1362.960090637207,1245.8000869750977,1321.720100402832,1381.3600845336914,1223.2600898742676,1242.4000930786133,1210.2800903320312,Group: D,Group: C,Group: D vs Group: C,4,4,Blank_Blank_Blank
LPG(14:0),PG,1271.9400901794434,1245.0600852966309,1283.8600883483887,1299.6600799560547,1255.6800842285156,1291.4800910949707,1275.320083618164,1250.1000862121582,1319.0601043701172,Group: D,Group: C,Group: D vs Group: C,4,4,Blank_Blank_Blank
LPG(14:1),PG,1283.0201034545898,1250.7800979614258,1340.9600982666016,1275.3200950622559,1364.4800910949707,1254.0200958251953,1260.2400817871094,1264.2800941467285,1245.700080871582,Group: D,Group: C,Group: D vs Group: C,4,4,Blank_Blank_Blank
"LPG(15:0),LPG(O-16:0)",PG,1247.9200897216797,1244.840087890625,1245.960090637207,1263.64009475708,1364.420093536377,1316.5800971984863,1349.2800941467285,1251.3600883483887,1326.9400939941406,Group: D,Group: C,Group: D vs Group: C,4,4,Blank_Blank_Blank
"LPG(15:1),LPG(P-16:0)",PG,1248.7400817871094,1244.5200881958008,1245.9600830078125,1250.700080871582,1278.7400817871094,1271.6200981140137,1256.4000816345215,1251.5600929260254,1260.0800857543945,Group: D,Group: C,Group: D vs Group: C,4,4,Blank_Blank_Blank
LPG(16:0),PG,1248.8000946044922,1317.1001014709473,1293.3600997924805,1265.6200866699219,1320.0200843811035,1325.0600891113281,1287.4600791931152,1251.0000801086426,1346.400089263916,Group: D,Group: C,Group: D vs Group: C,4,4,Blank_Blank_Blank
LPG(16:1),PG,1260.4600868225098,1245.3600845336914,1289.4800872802734,1313.14009475708,1302.1400909423828,1264.680076599121,1259.0800743103027,1251.8600692749023,1317.9400825500488,Group: D,Group: C,Group: D vs Group: C,4,4,Blank_Blank_Blank
"LPG(17:1),LPG(P-18:0)",PG,1248.0800895690918,1245.2600860595703,1245.940097808838,1288.940086364746,1255.8000869750977,1253.5600776672363,1256.8400764465332,1279.460090637207,1327.6400871276855,Group: D,Group: C,Group: D vs Group: C,4,4,Blank_Blank_Blank
LPG(17:2),PG,1273.4600982666016,1245.400104522705,1283.6200904846191,1257.3800773620605,1254.340087890625,1269.7200889587402,1347.5000915527344,1274.1600952148438,1335.3600959777832,Group: D,Group: C,Group: D vs Group: C,4,4,Blank_Blank_Blank
LPG(18:0),PG,1248.2000846862793,1256.0400848388672,1307.3200912475586,1251.4200973510742,1255.7400856018066,1253.6600952148438,1288.1400909423828,1250.5800819396973,1246.2600860595703,Group: D,Group: C,Group: D vs Group: C,4,4,Blank_Blank_Blank
LPG(18:1),PG,1249.1800994873047,1260.4400939941406,1336.0801048278809,1251.260082244873,1334.240089416504,1275.6600914001465,1304.9401016235352,1284.320083618164,1273.4600868225098,Group: D,Group: C,Group: D vs Group: C,4,4,Blank_Blank_Blank
LPG(18:2),PG,1248.5200996398926,1260.7801055908203,1263.900089263916,1250.660083770752,1365.1401023864746,1288.9800910949707,1267.8800888061523,1251.0200996398926,1281.7800903320312,Group: D,Group: C,Group: D vs Group: C,4,4,Blank_Blank_Blank
LPG(18:3),PG,1316.940097808838,1245.2800827026367,1280.3801040649414,1306.9800910949707,1316.1800918579102,1254.220085144043,1402.5800895690918,1267.3400840759277,1279.2400970458984,Group: D,Group: C,Group: D vs Group: C,4,4,Blank_Blank_Blank
LPG(18:4),PG,1247.7000846862793,1255.0200996398926,1246.4800872802734,1272.1000862121582,1300.7200927734375,1286.7400932312012,1274.3400840759277,1312.1800956726074,1257.4800872802734,Group: D,Group: C,Group: D vs Group: C,4,4,Blank_Blank_Blank
"LPG(19:0),LPG(O-20:0)",PG,1292.0000915527344,1246.3600883483887,1311.6601028442383,1328.9800872802734,1381.4600982666016,1426.5200843811035,1413.9801025390625,1370.740104675293,1435.7201042175293,Group: D,Group: C,Group: D vs Group: C,4,4,Blank_Blank_Blank
"LPG(19:1),LPG(P-20:0)",PG,1248.9601020812988,1246.8200912475586,1278.62007522583,1251.220085144043,1377.8800964355469,1311.8600883483887,1267.7200965881348,1278.440086364746,1287.5800819396973,Group: D,Group: C,Group: D vs Group: C,4,4,Blank_Blank_Blank
LPG(20:0),PG,1248.180103302002,1274.9800872802734,1263.5600852966309,1280.6800956726074,1277.020092010498,1254.0800971984863,1297.8200874328613,1250.9200820922852,1287.200107574463,Group: D,Group: C,Group: D vs Group: C,4,4,Blank_Blank_Blank
LPG(20:1),PG,1247.9001007080078,1312.3200874328613,1246.3000946044922,1267.3800811767578,1280.0200881958008,1382.2200927734375,1295.7800903320312,1252.0400886535645,1370.7400970458984,Group: D,Group: C,Group: D vs Group: C,4,4,Blank_Blank_Blank
LPG(20:2),PG,1249.0800857543945,1252.3600883483887,1246.7800903320312,1276.3600845336914,1255.1000747680664,1294.0000801086426,1255.8600769042969,1302.3200874328613,1257.2800827026367,Group: D,Group: C,Group: D vs Group: C,4,4,Blank_Blank_Blank
LPG(20:3),PG,1256.8400802612305,1244.9400901794434,1245.6000900268555,1251.2400856018066,1254.8000831604004,1285.2600936889648,1267.7400856018066,1250.920093536377,1251.0400848388672,Group: D,Group: C,Group: D vs Group: C,4,4,Blank_Blank_Blank
LPG(20:4),PG,1248.3800888061523,1245.2600898742676,1245.980094909668,1286.9400901794434,1308.9800987243652,1287.7200889587402,1255.720085144043,1252.2000885009766,1282.2400932312012,Group: D,Group: C,Group: D vs Group: C,4,4,Blank_Blank_Blank
LPG(20:5),PG,1248.000087738037,1276.0800895690918,1246.720085144043,1322.180076599121,1255.200080871582,1254.4800834655762,1276.04008102417,1251.4600830078125,1287.9600791931152,Group: D,Group: C,Group: D vs Group: C,4,4,Blank_Blank_Blank
LPG(22:0),PG,1280.0401000976562,1244.9000854492188,1256.2600898742676,1250.7400856018066,1272.8200874328613,1254.380084991455,1286.1800918579102,1252.0200881958008,1273.6800956726074,Group: D,Group: C,Group: D vs Group: C,4,4,Blank_Blank_Blank
LPG(22:1),PG,1248.6000747680664,1245.460090637207,1319.240104675293,1250.5800895690918,1294.480079650879,1253.4800758361816,1280.8600769042969,1289.1000862121582,1245.720085144043,Group: D,Group: C,Group: D vs Group: C,4,4,Blank_Blank_Blank
LPG(22:2),PG,1264.000087738037,1244.820083618164,1246.3800773620605,1250.700096130371,1309.1600875854492,1302.1600914001465,1291.3800926208496,1285.7000846862793,1290.7400817871094,Group: D,Group: C,Group: D vs Group: C,4,4,Blank_Blank_Blank
LPG(22:4),PG,1248.1800918579102,1245.1000900268555,1257.6200904846191,1252.000087738037,1312.9600868225098,1304.8600997924805,1279.3000869750977,1251.3000793457031,1271.5000915527344,Group: D,Group: C,Group: D vs Group: C,4,4,Blank_Blank_Blank
LPG(22:6),PG,1248.740089416504,1287.980094909668,1250.860092163086,1251.4800834655762,1256.240089416504,1349.300090789795,1331.900089263916,1296.6800994873047,1269.3600845336914,Group: D,Group: C,Group: D vs Group: C,4,4,Blank_Blank_Blank
LPI(12:0),PI,1360.6800994873047,1221.1400871276855,1220.8200912475586,1224.780086517334,1235.0000801086426,1239.56010055542,1222.4400825500488,1241.980094909668,1277.4600830078125,Group: D,Group: C,Group: D vs Group: C,4,4,Blank_Blank_Blank
LPI(13:0),PI,1256.9000854492188,1220.7600708007812,1253.980094909668,1225.080078125,1248.440097808838,1330.160099029541,1239.0400772094727,1264.1600761413574,1224.6800842285156,Group: D,Group: C,Group: D vs Group: C,4,4,Blank_Blank_Blank
LPI(14:0),PI,1274.2600936889648,1302.9800910949707,1284.8000946044922,1355.1800994873047,1279.500072479248,1240.9400825500488,1249.080093383789,1265.8200798034668,1274.4200897216797,Group: D,Group: C,Group: D vs Group: C,4,4,Blank_Blank_Blank
LPI(14:1),PI,1436.0600891113281,1283.8800888061523,1360.000099182129,1362.9000968933105,1293.980094909668,1549.8601036071777,1356.1400909423828,1257.3801040649414,1291.160083770752,Group: D,Group: C,Group: D vs Group: C,4,4,Blank_Blank_Blank
"LPI(15:0),LPI(O-16:0)",PI,2106.880172729492,1868.4201393127441,1497.460105895996,2030.60013961792,1632.440113067627,2317.6001510620117,1694.260108947754,1642.3801155090332,1605.1601219177246,Group: D,Group: C,Group: D vs Group: C,4,4,Blank_Blank_Blank
"LPI(15:1),LPI(P-16:0)",PI,1286.0200958251953,1220.2800827026367,1218.7200889587402,1232.7601051330566,1305.260097503662,1271.3000946044922,1262.7000999450684,1223.7400932312012,1250.8000793457031,Group: D,Group: C,Group: D vs Group: C,4,4,Blank_Blank_Blank
LPI(16:0),PI,1433.960117340088,1268.3400840759277,1248.2000846862793,1372.9000930786133,1334.5000915527344,1335.6200904846191,1407.0600967407227,1367.760097503662,1270.6000862121582,Group: D,Group: C,Group: D vs Group: C,4,4,Blank_Blank_Blank
LPI(16:1),PI,1244.600082397461,1258.6800956726074,1219.0400848388672,1224.2400817871094,1299.7800941467285,1242.420078277588,1222.5800895690918,1224.0400924682617,1251.6800918579102,Group: D,Group: C,Group: D vs Group: C,4,4,Blank_Blank_Blank
"LPI(17:0),LPI(O-18:0)",PI,1313.1000900268555,1310.2000885009766,1280.3000946044922,1479.500114440918,1311.3600883483887,1392.360092163086,1394.0400924682617,1287.4800910949707,1266.6800842285156,Group: D,Group: C,Group: D vs Group: C,4,4,Blank_Blank_Blank
"LPI(17:1),LPI(P-18:0)",PI,1262.7600898742676,1284.4400901794434,1236.960090637207,1252.8400955200195,1303.3800964355469,1217.8800888061523,1222.520092010498,1223.4600830078125,1286.3200798034668,Group: D,Group: C,Group: D vs Group: C,4,4,Blank_Blank_Blank
LPI(17:2),PI,1222.8600883483887,1246.5400772094727,1219.520092010498,1241.4000816345215,1222.440097808838,1217.9800987243652,1222.5800704956055,1243.8200874328613,1265.720085144043,Group: D,Group: C,Group: D vs Group: C,4,4,Blank_Blank_Blank
LPI(18:0),PI,1306.640079498291,1303.3400917053223,1261.8000946044922,1679.6801223754883,1399.3001022338867,1433.9200973510742,1404.860107421875,1311.5000801086426,1266.6800918579102,Group: D,Group: C,Group: D vs Group: C,4,4,Blank_Blank_Blank
LPI(18:1),PI,1264.7201042175293,1355.1200904846191,1265.1200828552246,1401.7401008605957,1345.9001007080078,1260.000087738037,1352.6000938415527,1284.260097503662,1266.7000846862793,Group: D,Group: C,Group: D vs Group: C,4,4,Blank_Blank_Blank
LPI(18:2),PI,1354.8800888061523,1363.4601020812988,1300.4000968933105,1283.3000984191895,1286.5400886535645,1290.4400939941406,1270.980094909668,1266.2800788879395,1348.2200889587402,Group: D,Group: C,Group: D vs Group: C,4,4,Blank_Blank_Blank
LPI(18:3),PI,1265.5200958251953,1263.0600967407227,1262.2000923156738,1342.8800964355469,1335.6600952148438,1341.9000968933105,1281.2200889587402,1266.2001037597656,1266.8400917053223,Group: D,Group: C,Group: D vs Group: C,4,4,Blank_Blank_Blank
LPI(18:4),PI,1280.2400817871094,1311.5200996398926,1353.6800842285156,1301.2200927734375,1264.1200866699219,1278.700080871582,1265.8000869750977,1273.0400924682617,1266.160083770752,Group: D,Group: C,Group: D vs Group: C,4,4,Blank_Blank_Blank
"LPI(19:0),LPI(O-20:0)",PI,1329.8200912475586,1324.6401100158691,1334.8400917053223,1333.3801002502441,1340.60009765625,1309.7200965881348,1515.6800994873047,1306.1200942993164,1364.5400886535645,Group: D,Group: C,Group: D vs Group: C,4,4,Blank_Blank_Blank
"LPI(19:1),LPI(P-20:0)",PI,1415.8000946044922,1336.7800979614258,1268.4400901794434,1427.60009765625,1391.5401039123535,1526.8801193237305,1291.8400917053223,1281.5400886535645,1404.240104675293,Group: D,Group: C,Group: D vs Group: C,4,4,Blank_Blank_Blank
LPI(20:0),PI,1298.3000869750977,1316.9800987243652,1261.4400939941406,1328.2800941467285,1304.2800903320312,1288.7800903320312,1324.1000938415527,1305.2000999450684,1282.280086517334,Group: D,Group: C,Group: D vs Group: C,4,4,Blank_Blank_Blank
LPI(20:1),PI,1457.4401016235352,1291.9200973510742,1316.200096130371,1342.2800903320312,1413.7200889587402,1318.360092163086,1364.2800979614258,1283.0200958251953,1282.280086517334,Group: D,Group: C,Group: D vs Group: C,4,4,Blank_Blank_Blank
LPI(20:2),PI,1334.8800811767578,1264.7600860595703,1309.4200897216797,1295.640079498291,1298.5200881958008,1258.2600898742676,1273.9000930786133,1266.7600936889648,1283.14009475708,Group: D,Group: C,Group: D vs Group: C,4,4,Blank_Blank_Blank
LPI(20:3),PI,1265.1000862121582,1263.2200927734375,1293.9000816345215,1269.4800872802734,1263.9800910949707,1301.6200866699219,1404.7600936889648,1266.260097503662,1266.6001052856445,Group: D,Group: C,Group: D vs Group: C,4,4,Blank_Blank_Blank
LPI(20:4),PI,1336.000099182129,1265.5400848388672,1334.6200904846191,1423.1200981140137,1557.9201164245605,1317.5800857543945,1522.3801040649414,1271.2400970458984,1266.8200950622559,Group: D,Group: C,Group: D vs Group: C,4,4,Blank_Blank_Blank
LPI(20:5),PI,1265.4000778198242,1272.4000778198242,1261.180088043213,1281.2200889587402,1263.8600845336914,1282.6001014709473,1479.3801002502441,1265.8200988769531,1266.880084991455,Group: D,Group: C,Group: D vs Group: C,4,4,Blank_Blank_Blank
LPI(21:0),PI,1312.9600944519043,1427.7200965881348,1317.1800918579102,1369.3200912475586,1332.0000839233398,1369.9000930786133,1332.4800910949707,1300.4000930786133,1314.5000915527344,Group: D,Group: C,Group: D vs Group: C,4,4,Blank_Blank_Blank
LPI(22:0),PI,1358.240089416504,1365.4801025390625,1309.0801010131836,1343.4800872802734,1583.2001152038574,1359.5001029968262,1314.9201011657715,1382.2400970458984,1343.460090637207,Group: D,Group: C,Group: D vs Group: C,4,4,Blank_Blank_Blank
LPI(22:1),PI,1277.3801002502441,1307.900089263916,1261.1200981140137,1267.0200843811035,1339.400089263916,1258.780086517334,1265.1000900268555,1276.6200790405273,1266.1600952148438,Group: D,Group: C,Group: D vs Group: C,4,4,Blank_Blank_Blank
LPI(22:2),PI,1281.7200965881348,1262.940086364746,1261.340087890625,1311.180088043213,1317.9800987243652,1359.8200912475586,1298.1600875854492,1265.6400871276855,1331.66011428833,Group: D,Group: C,Group: D vs Group: C,4,4,Blank_Blank_Blank
LPI(22:4),PI,1333.5001106262207,1262.760097503662,1261.4600944519043,1311.7400970458984,1264.0400924682617,1289.2601013183594,1264.9200859069824,1314.040096282959,1266.240089416504,Group: D,Group: C,Group: D vs Group: C,4,4,Blank_Blank_Blank
LPI(22:6),PI,1372.940097808838,1262.7600898742676,1261.6000938415527,1266.900089263916,1264.3000831604004,1377.5801048278809,1284.3400955200195,1297.8400840759277,1272.2200889587402,Group: D,Group: C,Group: D vs Group: C,4,4,Blank_Blank_Blank
LPS(12:0),PS,1295.2600936889648,1337.3000869750977,1394.0600891113281,1317.1600914001465,1312.5400924682617,1343.64009475708,1299.5201034545898,1285.8800888061523,1311.7200965881348,Group: D,Group: C,Group: D vs Group: C,4,4,Blank_Blank_Blank
LPS(13:0),PS,1423.5200996398926,1305.7400856018066,1412.0201034545898,1310.5200996398926,1339.0000839233398,1258.1200981140137,1320.7400932312012,1361.3000946044922,1351.6600875854492,Group: D,Group: C,Group: D vs Group: C,4,4,Blank_Blank_Blank
LPS(14:1),PS,1669.8401260375977,1552.1401062011719,2484.760166168213,1758.400131225586,1845.2601356506348,1886.1201286315918,1765.500129699707,2411.380157470703,2102.860153198242,Group: D,Group: C,Group: D vs Group: C,4,4,Blank_Blank_Blank
LPS(16:1),PS,1302.6400871276855,1262.8400917053223,1370.9400939941406,1310.4600830078125,1340.760082244873,1275.2600898742676,1334.3400955200195,1299.6600875854492,1385.2000846862793,Group: D,Group: C,Group: D vs Group: C,4,4,Blank_Blank_Blank
LPS(17:2),PS,1308.0600929260254,1263.9200897216797,1314.7000885009766,1348.7401008605957,1255.8800811767578,1258.1000785827637,1307.8601036071777,1303.2200813293457,1367.6001014709473,Group: D,Group: C,Group: D vs Group: C,4,4,Blank_Blank_Blank
LPS(18:1),PS,1316.6400871276855,1290.3400840759277,1340.0600967407227,1374.2200927734375,1322.1800918579102,1360.7000923156738,1538.6201133728027,1374.160099029541,1419.4400939941406,Group: D,Group: C,Group: D vs Group: C,4,4,Blank_Blank_Blank
LPS(18:2),PS,1293.8200988769531,1314.1800918579102,1291.4400939941406,1334.3800964355469,1312.8800964355469,1300.720085144043,1378.4001007080078,1303.8800888061523,1285.1800842285156,Group: D,Group: C,Group: D vs Group: C,4,4,Blank_Blank_Blank
LPS(18:3),PS,1280.4401016235352,1263.6200981140137,1336.0400924682617,1261.900089263916,1263.0800819396973,1257.5800743103027,1273.580093383789,1430.760108947754,1256.6000862121582,Group: D,Group: C,Group: D vs Group: C,4,4,Blank_Blank_Blank
LPS(20:0),PS,1311.3400993347168,1280.5000839233398,1335.8000984191895,1294.60009765625,1266.820083618164,1270.6200790405273,1322.8400917053223,1409.1800994873047,1319.520076751709,Group: D,Group: C,Group: D vs Group: C,4,4,Blank_Blank_Blank
LPS(20:1),PS,1318.580093383789,1263.6400909423828,1410.8000984191895,1261.8800926208496,1338.220085144043,1257.8000831604004,1261.0400848388672,1356.160099029541,1277.220085144043,Group: D,Group: C,Group: D vs Group: C,4,4,Blank_Blank_Blank
LPS(20:2),PS,1333.60009765625,1288.500087738037,1283.9401016235352,1272.8200874328613,1256.3400917053223,1299.980094909668,1310.8600997924805,1329.660099029541,1307.880084991455,Group: D,Group: C,Group: D vs Group: C,4,4,Blank_Blank_Blank
LPS(20:3),PS,1313.1000938415527,1289.6000938415527,1485.1400909423828,1331.9801025390625,1315.640079498291,1310.3800811767578,1311.4801063537598,1346.0200958251953,1344.1800918579102,Group: D,Group: C,Group: D vs Group: C,4,4,Blank_Blank_Blank
LPS(20:4),PS,1486.5201110839844,1274.6800842285156,1603.6601066589355,1432.3001022338867,1751.900131225586,1631.7001152038574,1918.1201667785645,1557.0201110839844,1333.220085144043,Group: D,Group: C,Group: D vs Group: C,4,4,Blank_Blank_Blank
LPS(20:5),PS,1368.4200973510742,1263.2200927734375,1328.0200805664062,1314.7800979614258,1281.2000846862793,1267.4000854492188,1319.3400993347168,1310.6200981140137,1488.9801063537598,Group: D,Group: C,Group: D vs Group: C,4,4,Blank_Blank_Blank
LPS(21:0),PS,1261.8000869750977,1297.2200889587402,1321.4801025390625,1268.8200874328613,1332.6200904846191,1263.4200859069824,1272.9800834655762,1392.4800987243652,1286.6000862121582,Group: D,Group: C,Group: D vs Group: C,4,4,Blank_Blank_Blank
LPS(22:0),PS,1353.3601036071777,1265.5200843811035,1355.4000930786133,1276.7000885009766,1337.740089416504,1283.3200950622559,1260.800090789795,1336.1600875854492,1355.2200965881348,Group: D,Group: C,Group: D vs Group: C,4,4,Blank_Blank_Blank
LPS(22:1),PS,1349.8000946044922,1263.4600982666016,1288.2400817871094,1280.920093536377,1295.6200904846191,1257.9800872802734,1295.3200912475586,1257.8600807189941,1302.3000869750977,Group: D,Group: C,Group: D vs Group: C,4,4,Blank_Blank_Blank
LPS(22:2),PS,1302.6200790405273,1263.1600952148438,1259.860092163086,1262.1800804138184,1293.6000862121582,1340.160083770752,1399.680103302002,1325.6400871276855,1377.760097503662,Group: D,Group: C,Group: D vs Group: C,4,4,Blank_Blank_Blank
LPS(22:4),PS,1261.5400886535645,1290.1000862121582,1315.7200965881348,1261.5400886535645,1260.460090637207,1311.0800857543945,1424.5801086425781,1299.440086364746,1255.740077972412,Group: D,Group: C,Group: D vs Group: C,4,4,Blank_Blank_Blank
LPS(22:6),PS,1439.1601028442383,1473.920093536377,1797.600112915039,1532.3001136779785,1691.5601196289062,2201.460147857666,2173.960174560547,1886.5801467895508,1255.0200805664062,Group: D,Group: C,Group: D vs Group: C,4,4,Blank_Blank_Blank
LPS(O-16:0),PS,1382.1800956726074,1329.1200904846191,1330.4401092529297,1399.7201080322266,1303.2400932312012,1357.960090637207,1283.5800971984863,1419.5000953674316,1328.940086364746,Group: D,Group: C,Group: D vs Group: C,4,4,Blank_Blank_Blank
LPS(O-18:0),PS,2558.860179901123,2434.3001823425293,2995.760223388672,1718.8601150512695,1996.4201354980469,2492.8001708984375,2305.6201705932617,3397.3402671813965,2508.60018157959,Group: D,Group: C,Group: D vs Group: C,4,4,Blank_Blank_Blank
LPS(O-20:0),PS,1305.5200996398926,1316.020092010498,1273.9600791931152,1317.7200927734375,1351.7600860595703,1323.600082397461,1260.5000915527344,1498.360092163086,1305.3000793457031,Group: D,Group: C,Group: D vs Group: C,4,4,Blank_Blank_Blank
LPS(P-16:0),PS,1514.6401138305664,1379.8001022338867,1531.780101776123,1280.2600936889648,1376.1400909423828,1336.4600868225098,1396.8201026916504,1381.56010055542,1404.520092010498,Group: D,Group: C,Group: D vs Group: C,4,4,Blank_Blank_Blank
LPS(P-18:0),PS,1380.2601051330566,1263.020092010498,1347.1000938415527,1289.5200996398926,1341.4800872802734,1366.8801002502441,1327.0801048278809,1304.940086364746,1339.6600875854492,Group: D,Group: C,Group: D vs Group: C,4,4,Blank_Blank_Blank
LPS(P-20:0),PS,1313.680088043213,1303.720100402832,1259.6200981140137,1363.780101776123,1303.4000854492188,1293.6600952148438,1289.6800994873047,1300.980094909668,1299.660083770752,Group: D,Group: C,Group: D vs Group: C,4,4,Blank_Blank_Blank
"PC(10:0),LPC(11:0)",PC,1131.3800811767578,1069.3000679016113,1262.6800956726074,1001.0600662231445,1116.0400848388672,1071.0600776672363,1007.9800682067871,1091.7600708007812,1133.740077972412,Group: D,Group: C,Group: D vs Group: C,4,4,Blank_Blank_Blank
"PC(12:0),LPC(13:0),LPC(O-14:0)",PC,1272.460090637207,1104.2800903320312,1045.2600746154785,1001.3400802612305,1226.240089416504,1288.4200744628906,1013.2800788879395,1020.5600700378418,1158.0000953674316,Group: D,Group: C,Group: D vs Group: C,4,4,Blank_Blank_Blank
PC(12:4),PC,1176.9600830078125,1217.6200866699219,1048.1200714111328,1073.6400756835938,1298.260097503662,1194.60009765625,1022.3600692749023,1020.500072479248,1293.7600860595703,Group: D,Group: C,Group: D vs Group: C,4,4,Blank_Blank_Blank
"PC(14:0),LPC(15:0),LPC(O-16:0)",PC,1737.0801391601562,1432.4401092529297,1271.4201011657715,1253.580093383789,1382.1601066589355,1201.54008102417,1019.3200721740723,1139.5800704956055,1216.7800788879395,Group: D,Group: C,Group: D vs Group: C,4,4,Blank_Blank_Blank
"PC(16:0),PC(O-17:0),LPC(O-18:0)",PC,1632.040111541748,1249.6800918579102,2776.6401557922363,1272.080093383789,2613.6202087402344,1748.4201354980469,1483.160099029541,1623.7800979614258,1193.6200866699219,Group: D,Group: C,Group: D vs Group: C,4,4,Blank_Blank_Blank
PC(16:4),PC,1101.5800819396973,1170.9000854492188,1001.1400756835938,1052.5000686645508,1210.100082397461,1126.3200798034668,1003.4000625610352,1018.7200813293457,1069.9800720214844,Group: D,Group: C,Group: D vs Group: C,4,4,Blank_Blank_Blank
"PC(18:0),LPC(19:0),PC(O-19:0),LPC(O-20:0)",PC,1458.580093383789,1703.5801124572754,1767.600112915039,1085.8400802612305,2027.5801239013672,1625.3401069641113,1353.280086517334,1467.760097503662,1168.54008102417,Group: D,Group: C,Group: D vs Group: C,4,4,Blank_Blank_Blank
"PC(18:1),LPC(19:1),PC(O-19:1),LPC(P-20:0)",PC,1493.1601028442383,1321.3401107788086,1271.9400901794434,1130.5600852966309,1803.8401260375977,1313.3400955200195,1203.300090789795,1181.4200820922852,1207.3400917053223,Group: D,Group: C,Group: D vs Group: C,4,4,Blank_Blank_Blank
"PC(19:0),LPC(20:0),PC(O-20:0)",PC,1975.3801231384277,1593.8800926208496,2651.7801475524902,1807.9401168823242,2801.3201789855957,2738.8802757263184,1428.0800857543945,1354.5400924682617,1240.3400917053223,Group: D,Group: C,Group: D vs Group: C,4,4,Blank_Blank_Blank
"PC(19:1),LPC(20:1),PC(O-20:1),PC(P-20:0)",PC,1563.4401245117188,1426.1001091003418,2042.3001670837402,1243.1400909423828,1475.3800926208496,1432.7200965881348,1332.7800788879395,1637.6001052856445,1133.980079650879,Group: D,Group: C,Group: D vs Group: C,4,4,Blank_Blank_Blank
"PC(20:0),LPC(21:0),PC(O-21:0)",PC,1678.020118713379,1519.5800895690918,1418.7400932312012,1188.0600814819336,1144.7800788879395,1232.9800872802734,1311.680088043213,1123.7200775146484,1079.0800666809082,Group: D,Group: C,Group: D vs Group: C,4,4,Blank_Blank_Blank
"PC(20:1),PC(O-21:1)",PC,1094.3000717163086,1034.2200775146484,1133.8400802612305,1037.6400680541992,1069.7800750732422,1243.7200736999512,1035.3600807189941,1095.1600646972656,1105.8800811767578,Group: D,Group: C,Group: D vs Group: C,4,4,Blank_Blank_Blank
"PC(20:4),LPC(21:4)",PC,1181.180088043213,1103.9200859069824,1061.1200714111328,1152.3600845336914,1120.080078125,1182.7200889587402,1003.7800636291504,1074.04008102417,1039.0200691223145,Group: D,Group: C,Group: D vs Group: C,4,4,Blank_Blank_Blank
"PC(21:0),LPC(22:0),PC(O-22:0)",PC,4134.8003578186035,2039.500144958496,4238.740291595459,2331.72013092041,3913.2002487182617,5760.020576477051,1746.3601341247559,2578.5801734924316,1461.0200958251953,Group: D,Group: C,Group: D vs Group: C,4,4,Blank_Blank_Blank
"PC(21:1),LPC(22:1)",PC,4342.200344085693,3132.560272216797,3222.560234069824,3675.9202880859375,4005.5602264404297,5482.260368347168,2058.1201210021973,3462.600170135498,1365.7601051330566,Group: D,Group: C,Group: D vs Group: C,4,4,Blank_Blank_Blank
PC(22:0),PC,1523.360107421875,2503.1201667785645,2192.8001823425293,1468.6201171875,1702.1601295471191,2188.2001419067383,1282.0200843811035,1324.260082244873,1193.9600830078125,Group: D,Group: C,Group: D vs Group: C,4,4,Blank_Blank_Blank
PC(22:1),PC,1179.820083618164,1145.0000839233398,1101.560073852539,1022.6200752258301,1110.3000869750977,1077.4600791931152,1045.4400634765625,1124.3000717163086,1046.4600715637207,Group: D,Group: C,Group: D vs Group: C,4,4,Blank_Blank_Blank
PC(24:0),PC,1416.100082397461,2053.14013671875,3077.4402656555176,1171.8600769042969,1418.7601051330566,3422.7802505493164,1054.3800811767578,1022.2400665283203,1521.7801132202148,Group: D,Group: C,Group: D vs Group: C,4,4,Blank_Blank_Blank
PC(25:0),PC,1630.5601196289062,1222.1200790405273,2297.1001777648926,1181.1400871276855,1791.9000968933105,2883.8401641845703,1213.0400772094727,1385.3000946044922,1182.7000732421875,Group: D,Group: C,Group: D vs Group: C,4,4,Blank_Blank_Blank
PC(26:0),PC,3457.7602577209473,4371.580303192139,3320.880241394043,1412.2400970458984,6876.500534057617,4897.600410461426,1356.8600997924805,1435.10009765625,2059.5001487731934,Group: D,Group: C,Group: D vs Group: C,4,4,Blank_Blank_Blank
PC(26:1),PC,1094.1000747680664,1294.580093383789,1201.340072631836,1047.0600700378418,1324.1600875854492,1405.3400840759277,1018.0400695800781,1050.5600700378418,1068.6600799560547,Group: D,Group: C,Group: D vs Group: C,4,4,Blank_Blank_Blank
"PC(27:0),PC(O-28:0)",PC,1799.6601486206055,1563.8001289367676,1862.5601234436035,1129.5600852966309,1449.1201095581055,2361.3001594543457,1096.200065612793,1569.3000984191895,1301.4600982666016,Group: D,Group: C,Group: D vs Group: C,4,4,Blank_Blank_Blank
"PC(27:1),PC(P-28:0)",PC,1246.0800743103027,1273.800090789795,1653.6401405334473,1081.9800605773926,1393.1401138305664,1983.1801300048828,1006.2400741577148,1049.2600708007812,1095.8200759887695,Group: D,Group: C,Group: D vs Group: C,4,4,Blank_Blank_Blank
"PC(28:0),PC(O-29:0)",PC,1728.1001205444336,1789.200138092041,2797.0001945495605,1343.5200881958008,2246.3001556396484,2858.580177307129,1152.2000770568848,1222.5600776672363,1501.2601051330566,Group: D,Group: C,Group: D vs Group: C,4,4,Blank_Blank_Blank
"PC(28:1),PC(P-29:0)",PC,1634.6201171875,1350.2800979614258,1411.0000953674316,1330.780086517334,2081.8201446533203,3231.3202323913574,1446.6800842285156,1082.1400756835938,1331.660099029541,Group: D,Group: C,Group: D vs Group: C,4,4,Blank_Blank_Blank
PC(28:2),PC,1101.62007522583,1612.700122833252,1834.8801307678223,1036.6400756835938,1251.3000793457031,1635.940097808838,1084.9000701904297,1235.2000770568848,1186.1400871276855,Group: D,Group: C,Group: D vs Group: C,4,4,Blank_Blank_Blank
"PC(29:0),PC(O-30:0)",PC,2138.5801162719727,1826.1801300048828,1930.140151977539,1038.2800827026367,1987.6401405334473,2141.5401763916016,1262.3000984191895,1511.7801132202148,1293.8400955200195,Group: D,Group: C,Group: D vs Group: C,4,4,Blank_Blank_Blank
"PC(29:1),PC(O-30:1),PC(P-30:0)",PC,3301.2602577209473,1623.740104675293,3018.5802040100098,1273.6200942993164,1439.9801063537598,4053.9603004455566,1374.280086517334,1259.0000915527344,1142.400074005127,Group: D,Group: C,Group: D vs Group: C,4,4,Blank_Blank_Blank
"PC(29:2),PC(P-30:1)",PC,1273.940086364746,1253.0200843811035,1499.2400932312012,1019.3600616455078,1472.2201080322266,1588.720100402832,1003.3800621032715,1100.04008102417,1066.9600677490234,Group: D,Group: C,Group: D vs Group: C,4,4,Blank_Blank_Blank
"PC(30:0),PC(O-31:0)",PC,24770.9815826416,20278.441551208496,9516.300735473633,11121.160800933838,18637.720863342285,19799.40170288086,5436.960529327393,6434.60046005249,1580.7601356506348,Group: D,Group: C,Group: D vs Group: C,4,4,Blank_Blank_Blank
"PC(30:1),PC(O-31:1),PC(P-31:0)",PC,62557.64326095581,47928.22427749634,25720.460956573486,33666.16234970093,42133.80410385132,49631.24326324463,6816.460464477539,20190.04125213623,1830.6601295471191,Group: D,Group: C,Group: D vs Group: C,4,4,Blank_Blank_Blank
"PC(30:2),PC(P-31:1)",PC,2959.1801376342773,1535.4801025390625,2461.200149536133,1163.1400909423828,2532.7602005004883,2981.400188446045,1346.0800857543945,1236.0000801086426,1027.9400787353516,Group: D,Group: C,Group: D vs Group: C,4,4,Blank_Blank_Blank
PC(30:3),PC,1311.200096130371,1208.6800842285156,1458.680088043213,1104.5800704956055,1583.1201133728027,1487.6001014709473,1012.9000663757324,1228.900074005127,1116.9600677490234,Group: D,Group: C,Group: D vs Group: C,4,4,Blank_Blank_Blank
PC(30:4),PC,1194.9000816345215,1294.6401023864746,1498.9200973510742,1259.6800842285156,1133.980079650879,1753.2001037597656,1066.360065460205,1102.1400756835938,1155.5800819396973,Group: D,Group: C,Group: D vs Group: C,4,4,Blank_Blank_Blank
"PC(31:0),PC(O-32:0)",PC,28604.142169952393,21733.76134109497,11164.50065612793,13727.661430358887,20107.641582489014,24796.26165008545,5038.400371551514,8170.960475921631,1627.8001022338867,Group: D,Group: C,Group: D vs Group: C,4,4,Blank_Blank_Blank
"PC(31:1),PC(O-32:1),PC(P-32:0)",PC,9220.720386505127,6775.100498199463,4517.900234222412,5059.680515289307,7128.820278167725,8127.600704193115,2228.580108642578,2881.280227661133,1036.7200736999512,Group: D,Group: C,Group: D vs Group: C,4,4,Blank_Blank_Blank
"PC(31:2),PC(O-32:2),PC(P-32:1)",PC,1812.5001487731934,1870.2601165771484,1754.5401344299316,1152.7200775146484,1877.3601150512695,1992.2001152038574,1176.3200874328613,1628.4001159667969,1108.6800804138184,Group: D,Group: C,Group: D vs Group: C,4,4,Blank_Blank_Blank
"PC(31:3),PC(O-32:3)",PC,1692.4401321411133,1412.7801094055176,1471.9001007080078,1084.460075378418,1175.680088043213,1622.3400917053223,1028.3400688171387,1199.4200897216797,1059.8600769042969,Group: D,Group: C,Group: D vs Group: C,4,4,Blank_Blank_Blank
PC(31:4),PC,1229.5600891113281,1242.9200820922852,1135.8000793457031,1034.980068206787,1220.580078125,1360.10009765625,1102.6400718688965,1077.9800758361816,1123.8000831604004,Group: D,Group: C,Group: D vs Group: C,4,4,Blank_Blank_Blank
"PC(32:0),PC(O-33:0)",PC,586161.6118927002,503785.96658325195,337133.9331359863,339241.50062561035,412703.3106994629,480372.30110931396,109640.77038574219,147631.39001464844,2047.0401344299316,Group: D,Group: C,Group: D vs Group: C,4,4,Blank_Blank_Blank
"PC(32:1),PC(O-33:1),PC(P-33:0)",PC,364953.919921875,231248.7006187439,95615.74666213989,98402.08801269531,250973.87968444824,237773.66051864624,60684.46403121948,87392.92766571045,1598.6801109313965,Group: D,Group: C,Group: D vs Group: C,4,4,Blank_Blank_Blank
"PC(32:2),PC(O-33:2),PC(P-33:1)",PC,75910.9453125,44521.48331832886,22696.081512451172,32263.522045135498,50956.7444152832,57421.044998168945,13296.820930480957,21176.12124633789,1084.3800773620605,Group: D,Group: C,Group: D vs Group: C,4,4,Blank_Blank_Blank
"PC(32:3),PC(P-33:2)",PC,3299.940273284912,2428.8202056884766,1897.1601486206055,2174.8801460266113,2816.780128479004,2723.820213317871,1141.6600875854492,1409.8800964355469,1024.2200736999512,Group: D,Group: C,Group: D vs Group: C,4,4,Blank_Blank_Blank
PC(32:4),PC,1525.0601348876953,1070.480068206787,1448.800106048584,1266.5600929260254,1632.740119934082,2118.460121154785,1084.6600723266602,1035.000072479248,1165.440086364746,Group: D,Group: C,Group: D vs Group: C,4,4,Blank_Blank_Blank
PC(32:5),PC,2019.100154876709,1354.3801002502441,1815.7401123046875,1393.3201026916504,1592.1601181030273,2405.0401573181152,1181.3200759887695,1182.4200820922852,1551.2601127624512,Group: D,Group: C,Group: D vs Group: C,4,4,Blank_Blank_Blank
"PC(33:0),PC(O-34:0)",PC,17700.821212768555,14326.940475463867,12615.340866088867,9459.500747680664,11149.460414886475,16544.16111755371,3775.1003036499023,5016.140422821045,1284.7400970458984,Group: D,Group: C,Group: D vs Group: C,4,4,Blank_Blank_Blank
"PC(33:1),PC(O-34:1),PC(P-34:0)",PC,76791.26383209229,54961.18202972412,35586.78263473511,28206.46258163452,45839.54316329956,66470.22568130493,11804.720836639404,17767.161109924316,1384.620101928711,Group: D,Group: C,Group: D vs Group: C,4,4,Blank_Blank_Blank
"PC(33:2),PC(O-34:2),PC(P-34:1)",PC,48502.44253540039,31817.90142059326,27322.722217559814,31929.76266860962,31680.58246231079,39114.142162323,7395.360553741455,10466.56061553955,1257.5800895690918,Group: D,Group: C,Group: D vs Group: C,4,4,Blank_Blank_Blank
"PC(33:3),PC(O-34:3),PC(P-34:2)",PC,4664.800247192383,3791.1402473449707,3098.1602210998535,2794.820209503174,4331.860279083252,3464.0602378845215,1518.2400932312012,1691.3401107788086,1131.6000709533691,Group: D,Group: C,Group: D vs Group: C,4,4,Blank_Blank_Blank
"PC(33:4),PC(O-34:4),PC(O-34:4),PC(P-34:3)",PC,1703.0801239013672,1702.9001274108887,1912.8801155090332,1175.0200805664062,2316.1801834106445,2063.880111694336,1283.800090789795,1064.8600692749023,1097.420078277588,Group: D,Group: C,Group: D vs Group: C,4,4,Blank_Blank_Blank
"PC(33:5),PC(P-34:4)",PC,2083.0001220703125,2134.3201599121094,1991.1601333618164,1693.960105895996,1838.58012008667,1501.7800979614258,1136.1600761413574,1359.5400848388672,1248.2200965881348,Group: D,Group: C,Group: D vs Group: C,4,4,Blank_Blank_Blank
"PC(34:0),PC(O-35:0)",PC,390998.14907836914,266490.6770401001,215177.692237854,140857.54666900635,232145.1633758545,271463.69271850586,71983.86511230469,105246.48706054688,3316.6802558898926,Group: D,Group: C,Group: D vs Group: C,4,4,Blank_Blank_Blank
"PC(34:1),PC(O-35:1),PC(P-35:0)",PC,4251753.449707031,2932619.577392578,2242218.895751953,1494454.1447143555,2622671.3188476562,2991517.3584594727,740431.3542785645,1067529.1494140625,24446.60189819336,Group: D,Group: C,Group: D vs Group: C,4,4,Blank_Blank_Blank
"PC(34:2),PC(O-35:2),PC(P-35:1)",PC,9855859.565338135,8199863.713745117,6397220.281494141,5683639.628753662,6765701.729003906,7039593.626342773,1564526.335647583,2208699.486968994,14546.601104736328,Group: D,Group: C,Group: D vs Group: C,4,4,Blank_Blank_Blank
"PC(34:3),PC(P-35:2)",PC,692923.4250869751,503242.3549194336,402855.20443725586,430846.67038726807,540240.2760238647,454240.8507652283,119463.45128631592,163084.3275680542,1841.5201377868652,Group: D,Group: C,Group: D vs Group: C,4,4,Blank_Blank_Blank
"PC(34:4),PC(O-35:4)",PC,40975.682472229004,28115.90172958374,25102.262439727783,24855.92153930664,28645.222652435303,29771.32232284546,8743.460353851318,9268.780853271484,1091.4800758361816,Group: D,Group: C,Group: D vs Group: C,4,4,Blank_Blank_Blank
PC(34:5),PC,2486.760208129883,2304.7801818847656,2402.940128326416,1352.1600875854492,1658.100112915039,2320.880142211914,1297.3000831604004,1085.0600776672363,1155.0000839233398,Group: D,Group: C,Group: D vs Group: C,4,4,Blank_Blank_Blank
PC(34:6),PC,2952.3601455688477,2334.660202026367,2513.64017868042,1308.2000885009766,1468.10009765625,3079.560230255127,1116.3000717163086,1595.7001419067383,1161.0000801086426,Group: D,Group: C,Group: D vs Group: C,4,4,Blank_Blank_Blank
"PC(35:2),PC(O-36:2),PC(P-36:1)",PC,65150.02388763428,92089.24662399292,78049.76399993896,78718.72604751587,77363.10506057739,102109.16695785522,19155.301906585693,33085.441692352295,1357.06010055542,Group: D,Group: C,Group: D vs Group: C,4,4,Blank_Blank_Blank
"PC(35:3),PC(O-36:3),PC(P-36:2)",PC,26123.6418800354,29647.542015075684,31106.26243209839,31201.702800750732,31348.323364257812,40973.601875305176,7848.020725250244,10744.880615234375,1269.540096282959,Group: D,Group: C,Group: D vs Group: C,4,4,Blank_Blank_Blank
"PC(35:4),PC(O-36:4),PC(P-36:3)",PC,27086.34132003784,32409.741886138916,34726.183086395264,32616.242279052734,27254.18271255493,36833.00337219238,9518.020725250244,10901.320629119873,1270.5200881958008,Group: D,Group: C,Group: D vs Group: C,4,4,Blank_Blank_Blank
"PC(35:5),PC(O-36:5),PC(P-36:4)",PC,9054.02080154419,13678.881332397461,10876.800838470459,3782.0402793884277,9872.720546722412,12909.500747680664,3414.7203063964844,4913.12032699585,1102.1400680541992,Group: D,Group: C,Group: D vs Group: C,4,4,Blank_Blank_Blank
"PC(35:6),PC(P-36:5)",PC,10936.560779571533,8603.880615234375,8275.160640716553,5104.280300140381,6806.300559997559,7742.800598144531,1861.6201133728027,4053.300319671631,1140.4200744628906,Group: D,Group: C,Group: D vs Group: C,4,4,Blank_Blank_Blank
"PC(36:3),PC(P-37:2)",PC,1804988.3022460938,2559138.7073669434,1944887.946395874,1994356.9767532349,2342629.3086242676,2370313.443359375,695417.4697341919,875369.8801269531,3154.4602127075195,Group: D,Group: C,Group: D vs Group: C,4,4,Blank_Blank_Blank
"PC(36:4),PC(O-37:4)",PC,3419892.6698303223,5553428.3759765625,4649054.848175049,4845772.019950867,4191011.9025268555,4685282.777832031,1373799.6777801514,1305412.6093139648,3714.420280456543,Group: D,Group: C,Group: D vs Group: C,4,4,Blank_Blank_Blank
PC(36:5),PC,221040.7511062622,276194.2131500244,208223.9214553833,263575.9135246277,295895.6971206665,250014.87100982666,66800.54660797119,85680.1035194397,1204.5800743103027,Group: D,Group: C,Group: D vs Group: C,4,4,Blank_Blank_Blank
PC(36:6),PC,12934.401023864746,15567.321418762207,13608.621181488037,16351.921642303467,15822.02088546753,18644.921043395996,6278.54048538208,6926.080326080322,1051.920078277588,Group: D,Group: C,Group: D vs Group: C,4,4,Blank_Blank_Blank
"PC(36:7),PC(35:0),PC(O-36:0)",PC,6056.380462646484,6482.500602722168,6431.280410766602,5705.720436096191,6096.080352783203,7218.560489654541,2535.4801597595215,3290.400218963623,1483.8200912475586,Group: D,Group: C,Group: D vs Group: C,4,4,Blank_Blank_Blank
"PC(36:8),PC(35:1),PC(O-36:1),PC(P-36:0)",PC,30799.561264038086,40281.92321777344,33004.04181289673,11938.380867004395,36245.123626708984,45407.383335113525,10331.800579071045,14640.921089172363,2014.0201568603516,Group: D,Group: C,Group: D vs Group: C,4,4,Blank_Blank_Blank
"PC(37:3),PC(O-38:3),PC(P-38:2)",PC,22312.921073913574,29895.441612243652,25763.161365509033,26918.761432647705,24930.08184814453,35007.482162475586,7903.620578765869,9188.820735931396,1122.7200813293457,Group: D,Group: C,Group: D vs Group: C,4,4,Blank_Blank_Blank
"PC(37:4),PC(O-38:4),PC(P-38:3)",PC,43978.10243225098,71458.94627761841,68433.32461547852,73041.1039352417,52774.284366607666,75286.80555725098,19033.36159133911,23259.521949768066,1153.8600845336914,Group: D,Group: C,Group: D vs Group: C,4,4,Blank_Blank_Blank
"PC(37:5),PC(O-38:5),PC(P-38:4)",PC,29023.38125228882,40212.3023109436,32116.00165939331,33928.60159301758,33240.56210708618,47006.24277114868,10027.120681762695,14100.920917510986,1121.4000778198242,Group: D,Group: C,Group: D vs Group: C,4,4,Blank_Blank_Blank
"PC(37:6),PC(O-38:6),PC(P-38:5)",PC,17333.72109222412,53975.644622802734,47996.02405166626,41523.3424949646,39102.322425842285,49995.18451690674,10825.440658569336,14480.241031646729,1113.5400848388672,Group: D,Group: C,Group: D vs Group: C,4,4,Blank_Blank_Blank
"PC(37:7),PC(P-38:6),PC(36:0),PC(O-37:0)",PC,54049.46210479736,64337.70491027832,42428.40196609497,34937.70206832886,54932.44467163086,61164.464668273926,15100.801132202148,20457.420978546143,1844.1601181030273,Group: D,Group: C,Group: D vs Group: C,4,4,Blank_Blank_Blank
PC(38:3),PC,819174.6768112183,776107.7314567566,561271.0264282227,467339.8898010254,575678.0688552856,636011.6054077148,221328.63663101196,254519.01460266113,1235.7600898742676,Group: D,Group: C,Group: D vs Group: C,4,4,Blank_Blank_Blank
PC(38:4),PC,2613172.944869995,2745861.7347106934,2192242.0516662598,2163474.709274292,1897121.7536621094,2123667.4590148926,838898.1876983643,818791.9755096436,2700.000198364258,Group: D,Group: C,Group: D vs Group: C,4,4,Blank_Blank_Blank
PC(38:5),PC,1687091.0060272217,1368784.1535949707,1326829.4524230957,1244912.4874038696,1302630.1609191895,1365907.8989868164,406271.06674194336,485283.9002609253,1894.760139465332,Group: D,Group: C,Group: D vs Group: C,4,4,Blank_Blank_Blank
PC(38:6),PC,3402041.961578369,3075806.0578918457,2868075.069213867,2393374.337284088,2345512.594177246,2776171.8789367676,822142.262348175,777356.8736877441,1880.6201286315918,Group: D,Group: C,Group: D vs Group: C,4,4,Blank_Blank_Blank
"PC(38:7),PC(37:0),PC(O-38:0)",PC,159270.75242614746,125090.67205429077,99733.58798217773,117737.84328842163,120934.54796600342,114109.54746246338,35589.80174255371,41563.04361343384,1229.600082397461,Group: D,Group: C,Group: D vs Group: C,4,4,Blank_Blank_Blank
"PC(38:8),PC(37:1),PC(O-38:1),PC(P-38:0)",PC,39780.88221740723,40503.52265167236,34426.36173248291,35203.38284301758,32422.06276702881,41198.48229217529,9486.940544128418,12242.880939483643,1130.520076751709,Group: D,Group: C,Group: D vs Group: C,4,4,Blank_Blank_Blank
"PC(38:9),PC(37:2),PC(O-38:2),PC(P-38:1)",PC,41060.36248397827,49852.78515625,36329.06163406372,39912.283836364746,43245.68223953247,49050.40266036987,9823.120449066162,13753.98120880127,1205.04008102417,Group: D,Group: C,Group: D vs Group: C,4,4,Blank_Blank_Blank
"PC(39:4),PC(O-40:4),PC(P-40:3)",PC,31296.502182006836,26953.14223098755,23655.161693572998,22086.141765594482,24793.54192352295,28573.62118911743,6993.760509490967,7856.100574493408,1188.180088043213,Group: D,Group: C,Group: D vs Group: C,4,4,Blank_Blank_Blank
"PC(39:5),PC(O-40:5),PC(P-40:4)",PC,17569.84115600586,16031.481304168701,15164.921245574951,12135.00094985962,12307.30069732666,18524.341724395752,4373.480400085449,6408.8005027771,1030.2200660705566,Group: D,Group: C,Group: D vs Group: C,4,4,Blank_Blank_Blank
"PC(39:6),PC(O-40:6),PC(P-40:5)",PC,60132.94582366943,49008.70296096802,43471.92279434204,38258.40375137329,35257.00326156616,55000.64392089844,12515.76067352295,14859.381145477295,1175.520076751709,Group: D,Group: C,Group: D vs Group: C,4,4,Blank_Blank_Blank
"PC(39:7),PC(P-40:6),PC(38:0),PC(O-39:0)",PC,389330.69830322266,282312.338973999,201418.35514831543,138754.56550598145,222651.7800140381,245544.89897155762,51726.004123687744,76115.5666809082,3701.88028717041,Group: D,Group: C,Group: D vs Group: C,4,4,Blank_Blank_Blank
"PC(39:8),PC(O-40:8),PC(38:1),PC(O-39:1),PC(P-39:0)",PC,950993.1695404053,801370.8198699951,634925.4484405518,508454.81828689575,633029.9189453125,604424.4948120117,126617.27021026611,176516.47151947021,3061.3202018737793,Group: D,Group: C,Group: D vs Group: C,4,4,Blank_Blank_Blank
"PC(40:1),PC(P-41:0)",PC,321044.91959381104,326701.99435806274,179600.50730133057,163546.7338142395,207771.919090271,187815.99503707886,47993.78422546387,72866.52410125732,1526.820110321045,Group: D,Group: C,Group: D vs Group: C,4,4,Blank_Blank_Blank
"PC(40:10),PC(39:3),PC(O-40:3),PC(P-40:2)",PC,14957.240943908691,11821.761100769043,9311.300582885742,9041.68053817749,10734.940528869629,11938.080657958984,3812.600227355957,3789.1202545166016,1029.2600708007812,Group: D,Group: C,Group: D vs Group: C,4,4,Blank_Blank_Blank
PC(40:2),PC,266907.5196914673,228246.37491607666,169736.63620758057,131148.07273483276,178129.2141418457,159565.37224960327,42372.52349472046,54180.04384613037,1211.7000923156738,Group: D,Group: C,Group: D vs Group: C,4,4,Blank_Blank_Blank
PC(40:3),PC,484206.8254394531,491247.4644165039,371654.8667526245,307579.46703338623,339585.55211639404,333179.026802063,87521.50308227539,86870.46369934082,1292.14009475708,Group: D,Group: C,Group: D vs Group: C,4,4,Blank_Blank_Blank
PC(40:4),PC,114332.4481010437,97128.46843338013,66557.64426422119,59855.22367477417,89741.16484451294,80582.24447250366,20668.161670684814,19595.321537017822,1208.4200820922852,Group: D,Group: C,Group: D vs Group: C,4,4,Blank_Blank_Blank
PC(40:5),PC,183910.74578094482,161546.89456176758,132012.68714904785,114490.10841369629,135788.8458366394,152900.2307319641,42792.74273300171,49236.244132995605,1163.4000778198242,Group: D,Group: C,Group: D vs Group: C,4,4,Blank_Blank_Blank
PC(40:6),PC,679092.2074737549,667912.8427200317,549180.3213272095,449237.7690849304,436218.70206451416,597200.7484436035,183806.15353012085,209357.83248519897,1215.160068511963,Group: D,Group: C,Group: D vs Group: C,4,4,Blank_Blank_Blank
"PC(40:7),PC(39:0),PC(O-40:0)",PC,557802.6631774902,438442.3796386719,441466.742767334,394098.905380249,376660.1496658325,478881.42095184326,152300.0920677185,161351.57173156738,1182.5800819396973,Group: D,Group: C,Group: D vs Group: C,4,4,Blank_Blank_Blank
"PC(40:8),PC(39:1),PC(O-40:1),PC(P-40:0)",PC,175430.89001464844,160601.37579345703,139657.97302246094,137540.0514678955,118381.62808227539,124232.9285697937,34533.02222442627,45850.38266372681,1116.320083618164,Group: D,Group: C,Group: D vs Group: C,4,4,Blank_Blank_Blank
"PC(40:9),PC(39:2),PC(O-40:2),PC(P-40:1)",PC,19826.68113708496,17207.60104751587,13419.360927581787,14308.081043243408,15977.241443634033,15943.401268005371,4261.240268707275,4681.880424499512,1089.1200790405273,Group: D,Group: C,Group: D vs Group: C,4,4,Blank_Blank_Blank
"PC(41:5),PC(P-42:4)",PC,5803.160327911377,4952.940349578857,4724.920337677002,3739.1802520751953,4056.6603355407715,4798.620441436768,1731.1601257324219,1928.280117034912,1133.7400817871094,Group: D,Group: C,Group: D vs Group: C,4,4,Blank_Blank_Blank
"PC(41:6),PC(O-42:6)",PC,12758.500770568848,10793.861011505127,8994.260696411133,6559.720542907715,8646.760585784912,11168.840934753418,3021.3601608276367,4061.8202934265137,1183.720085144043,Group: D,Group: C,Group: D vs Group: C,4,4,Blank_Blank_Blank
"PC(41:7),PC(P-42:6),PC(40:0),PC(O-41:0)",PC,67668.40393829346,57607.88232040405,35210.14288711548,24538.162006378174,39755.1636390686,37586.2629699707,10851.860740661621,16608.581089019775,1661.7401237487793,Group: D,Group: C,Group: D vs Group: C,4,4,Blank_Blank_Blank
PC(42:0),PC,5877.400276184082,5631.680191040039,4351.1403160095215,2962.900218963623,4175.060218811035,4145.120399475098,1481.4400901794434,1951.4001274108887,1092.9200744628906,Group: D,Group: C,Group: D vs Group: C,4,4,Blank_Blank_Blank
PC(42:1),PC,16831.7612991333,16142.421401977539,10801.000827789307,8144.200611114502,12132.020690917969,11023.30062866211,3847.340305328369,4246.360366821289,1093.3600769042969,Group: D,Group: C,Group: D vs Group: C,4,4,Blank_Blank_Blank
"PC(42:10),PC(41:3),PC(O-42:3),PC(P-42:2)",PC,47582.14376068115,46851.88318634033,30883.60234451294,21909.561710357666,28683.362369537354,33880.62279129028,9217.320537567139,8477.940650939941,1173.1200828552246,Group: D,Group: C,Group: D vs Group: C,4,4,Blank_Blank_Blank
"PC(42:11),PC(41:4),PC(O-42:4)",PC,7193.840606689453,6974.420352935791,6343.820388793945,4391.600204467773,6062.340305328369,6667.340602874756,1840.1801528930664,2795.8201637268066,1121.2600746154785,Group: D,Group: C,Group: D vs Group: C,4,4,Blank_Blank_Blank
PC(42:2),PC,68327.50499725342,66108.1047668457,38691.9819984436,31996.5626373291,42907.88395690918,40493.222595214844,15660.181190490723,16227.701110839844,1391.580078125,Group: D,Group: C,Group: D vs Group: C,4,4,Blank_Blank_Blank
PC(42:3),PC,218699.37466049194,234967.6990890503,156649.23039245605,141791.06911849976,146552.61178207397,144076.43310546875,50116.04407119751,56418.10333251953,1166.4800834655762,Group: D,Group: C,Group: D vs Group: C,4,4,Blank_Blank_Blank
PC(42:4),PC,141029.26865768433,117733.36642837524,93718.9080696106,81172.70450210571,96189.50773239136,94271.90766525269,25265.442260742188,31214.94249343872,1228.2200813293457,Group: D,Group: C,Group: D vs Group: C,4,4,Blank_Blank_Blank
PC(42:5),PC,292654.00689315796,270272.7611579895,214649.41157531738,159466.01113128662,187939.67343902588,198383.47956466675,50025.04284286499,55452.82387924194,1033.2800788879395,Group: D,Group: C,Group: D vs Group: C,4,4,Blank_Blank_Blank
PC(42:6),PC,30716.082023620605,21488.701210021973,17954.96124649048,16739.641052246094,21457.14225769043,22939.86198425293,6069.600395202637,5984.780410766602,1210.1800804138184,Group: D,Group: C,Group: D vs Group: C,4,4,Blank_Blank_Blank
"PC(42:7),PC(41:0),PC(O-42:0)",PC,22462.721508026123,18986.361618041992,17502.34160232544,14875.340881347656,18067.141441345215,19618.001121520996,5714.140441894531,6578.040397644043,1031.5400772094727,Group: D,Group: C,Group: D vs Group: C,4,4,Blank_Blank_Blank
"PC(42:8),PC(41:1),PC(O-42:1),PC(P-42:0)",PC,16064.661331176758,15399.98095703125,12823.801052093506,13027.101131439209,13558.000659942627,14323.300708770752,4453.0602951049805,6038.020496368408,1017.8400726318359,Group: D,Group: C,Group: D vs Group: C,4,4,Blank_Blank_Blank
"PC(42:9),PC(41:2),PC(O-42:2),PC(P-42:1)",PC,19188.821891784668,16276.740825653076,11997.100845336914,9116.480670928955,12198.120677947998,13255.340660095215,4104.540332794189,4595.580337524414,1070.3000755310059,Group: D,Group: C,Group: D vs Group: C,4,4,Blank_Blank_Blank
PC(43:2),PC,2338.620162963867,2239.700149536133,2510.400146484375,2026.7801666259766,1744.1801300048828,2675.8402366638184,1240.0400733947754,1662.8001174926758,1075.8000831604004,Group: D,Group: C,Group: D vs Group: C,4,4,Blank_Blank_Blank
"PC(43:4),PC(O-44:4)",PC,3698.280204772949,2859.4402351379395,3773.040313720703,2077.7801475524902,2841.7202339172363,4482.100357055664,1121.9800834655762,1382.800090789795,1107.6800842285156,Group: D,Group: C,Group: D vs Group: C,4,4,Blank_Blank_Blank
PC(43:6),PC,3028.020191192627,2813.580192565918,2666.480152130127,1907.6401329040527,2135.3801307678223,3341.6001930236816,1232.04008102417,1505.8400993347168,1007.4800720214844,Group: D,Group: C,Group: D vs Group: C,4,4,Blank_Blank_Blank
PC(44:0),PC,1532.720127105713,1750.0201263427734,1320.3600883483887,1179.0000915527344,1357.56010055542,1631.880111694336,1120.520076751709,1172.6800842285156,1016.5200653076172,Group: D,Group: C,Group: D vs Group: C,4,4,Blank_Blank_Blank
PC(44:1),PC,1533.2601203918457,1534.1401062011719,1633.7601013183594,1491.9201126098633,1395.2200965881348,2353.520191192627,1005.820068359375,1191.5600929260254,1067.140079498291,Group: D,Group: C,Group: D vs Group: C,4,4,Blank_Blank_Blank
"PC(44:10),PC(O-44:3)",PC,3955.820255279541,4106.70032119751,3871.520179748535,3469.100257873535,3628.8802528381348,5548.540378570557,1638.9601020812988,1684.2801055908203,991.2000617980957,Group: D,Group: C,Group: D vs Group: C,4,4,Blank_Blank_Blank
"PC(44:12),PC(O-44:5)",PC,7094.1804847717285,5984.62024307251,6183.340408325195,3780.6202812194824,3879.020233154297,6811.180641174316,1694.0401153564453,2017.5801391601562,1075.9600791931152,Group: D,Group: C,Group: D vs Group: C,4,4,Blank_Blank_Blank
PC(44:2),PC,3059.8401985168457,2556.6801376342773,2025.8001251220703,2050.6001358032227,2282.200183868408,2265.8601608276367,1232.6000900268555,1249.3000946044922,1036.1000633239746,Group: D,Group: C,Group: D vs Group: C,4,4,Blank_Blank_Blank
PC(44:3),PC,6627.580410003662,5797.680332183838,3809.2402572631836,4153.420295715332,4915.400310516357,4904.440349578857,2392.880157470703,2160.020175933838,1060.2800674438477,Group: D,Group: C,Group: D vs Group: C,4,4,Blank_Blank_Blank
PC(44:4),PC,15250.4408493042,13636.260791778564,10390.300678253174,7996.520511627197,10207.481033325195,10629.840923309326,4189.260387420654,4544.800289154053,1121.7600708007812,Group: D,Group: C,Group: D vs Group: C,4,4,Blank_Blank_Blank
PC(44:5),PC,57187.62357711792,49848.104778289795,35291.76277923584,31906.36152267456,31314.282516479492,36084.02201461792,11915.920677185059,14516.461277008057,1057.3800735473633,Group: D,Group: C,Group: D vs Group: C,4,4,Blank_Blank_Blank
PC(44:6),PC,34413.081550598145,30797.341945648193,26113.9617729187,23199.241554260254,22056.26118850708,25053.661949157715,8826.660633087158,9616.700679779053,1004.1600761413574,Group: D,Group: C,Group: D vs Group: C,4,4,Blank_Blank_Blank
"PC(44:7),PC(43:0)",PC,14590.780963897705,12867.62068939209,10417.680755615234,9432.060947418213,9287.520721435547,8473.580703735352,3432.100212097168,4581.500312805176,1077.320068359375,Group: D,Group: C,Group: D vs Group: C,4,4,Blank_Blank_Blank
"PC(44:8),PC(43:1)",PC,2523.0001640319824,2394.0401458740234,2459.200164794922,2378.5001792907715,2051.26016998291,2458.3001556396484,1394.760082244873,1520.5600814819336,1043.000072479248,Group: D,Group: C,Group: D vs Group: C,4,4,Blank_Blank_Blank
PC(46:0),PC,1187.8600730895996,1110.0000762939453,1193.6200904846191,1076.1000747680664,1129.2400856018066,1326.5200996398926,1003.3400726318359,1004.3600654602051,991.3200645446777,Group: D,Group: C,Group: D vs Group: C,4,4,Blank_Blank_Blank
PC(46:1),PC,1002.6000747680664,1275.520092010498,1516.8801193237305,1013.3600807189941,1497.2200927734375,1746.0201148986816,1027.8200607299805,1124.0000648498535,1028.3800659179688,Group: D,Group: C,Group: D vs Group: C,4,4,Blank_Blank_Blank
PC(46:2),PC,1268.180088043213,1411.020107269287,1303.6400909423828,1196.7200736999512,1552.8801231384277,1850.6801376342773,1021.1600761413574,1026.320068359375,991.5600700378418,Group: D,Group: C,Group: D vs Group: C,4,4,Blank_Blank_Blank
PC(48:0),PC,1027.5000762939453,1231.340087890625,1187.5200805664062,1126.2000770568848,1131.9800758361816,1112.6200866699219,1002.6800689697266,1065.5600852966309,1018.5200691223145,Group: D,Group: C,Group: D vs Group: C,4,4,Blank_Blank_Blank
PC(48:2),PC,1074.9200706481934,1122.8000793457031,1009.0600738525391,1062.1400756835938,1140.940071105957,1457.420108795166,1060.880069732666,1028.980068206787,991.1000633239746,Group: D,Group: C,Group: D vs Group: C,4,4,Blank_Blank_Blank
"PC(4:0),LPC(5:0)",PC,1249.6400871276855,1252.700096130371,1206.6800727844238,1019.6000709533691,1306.8600845336914,1106.0400848388672,1081.6200714111328,1090.4000701904297,1458.240104675293,Group: D,Group: C,Group: D vs Group: C,4,4,Blank_Blank_Blank
PC(50:0),PC,1129.2200813293457,1131.8600769042969,1054.6000709533691,1042.3400764465332,1034.7600708007812,1103.6400909423828,1002.9000625610352,1036.7600784301758,991.0200653076172,Group: D,Group: C,Group: D vs Group: C,4,4,Blank_Blank_Blank
PC(52:0),PC,1098.4400749206543,1053.1400756835938,1020.5000686645508,1021.0600662231445,1012.1800727844238,1059.5800704956055,1002.5600738525391,1084.7600708007812,991.7400665283203,Group: D,Group: C,Group: D vs Group: C,4,4,Blank_Blank_Blank
PC(52:4),PC,1064.480079650879,999.940071105957,1059.3600769042969,1062.3600730895996,1020.9800720214844,1057.2600746154785,1003.4600677490234,1030.6800727844238,991.3000717163086,Group: D,Group: C,Group: D vs Group: C,4,4,Blank_Blank_Blank
PC(54:12),PC,1000.4800682067871,1053.8600730895996,1107.680088043213,1004.9800758361816,1034.9200706481934,1021.6600685119629,1047.4000701904297,1035.6600723266602,991.6800689697266,Group: D,Group: C,Group: D vs Group: C,4,4,Blank_Blank_Blank
PC(56:12),PC,1032.6000633239746,1042.2800750732422,1084.480068206787,1049.5600776672363,1224.3000946044922,1128.820068359375,1003.5600662231445,1004.440071105957,991.3400764465332,Group: D,Group: C,Group: D vs Group: C,4,4,Blank_Blank_Blank
PC(56:8),PC,1325.9600791931152,1020.0200653076172,1158.9200859069824,1158.3200798034668,1280.6600952148438,1191.100082397461,1080.9000816345215,1049.6200714111328,1048.6200714111328,Group: D,Group: C,Group: D vs Group: C,4,4,Blank_Blank_Blank
PC(56:9),PC,1079.4600715637207,1342.8200950622559,1218.380084991455,1001.1000633239746,1197.460090637207,1131.380069732666,1002.9000701904297,1125.3000984191895,1048.9000816345215,Group: D,Group: C,Group: D vs Group: C,4,4,Blank_Blank_Blank
"PC(6:0),LPC(7:0)",PC,1183.6200790405273,957.2800712585449,1086.5800704956055,965.1800765991211,1048.1000747680664,1024.9600791931152,1001.7400703430176,1034.4600639343262,1110.780071258545,Group: D,Group: C,Group: D vs Group: C,4,4,Blank_Blank_Blank
"PC(8:0),LPC(9:0)",PC,1416.4601020812988,1234.500087738037,1192.740089416504,1034.9200744628906,1344.700096130371,1128.5800895690918,1001.8800621032715,1009.8400688171387,1113.560073852539,Group: D,Group: C,Group: D vs Group: C,4,4,Blank_Blank_Blank
PC(O-12:1),PC,1095.0200881958008,1120.820083618164,1018.9800682067871,1000.520076751709,1049.6400718688965,1116.5200843811035,1029.9600677490234,1019.2600708007812,1255.4600791931152,Group: D,Group: C,Group: D vs Group: C,4,4,Blank_Blank_Blank
"PC(O-13:1),LPC(P-14:0)",PC,1225.4800987243652,1150.4000854492188,1035.760066986084,1019.6600685119629,1181.880069732666,1136.8600845336914,1002.6000671386719,1004.7800674438477,1077.680076599121,Group: D,Group: C,Group: D vs Group: C,4,4,Blank_Blank_Blank
"PC(O-38:8),PC(36:1),PC(O-37:1),PC(P-37:0)",PC,495314.7168121338,757498.5257110596,458767.94508361816,479906.33364868164,554169.2330627441,609567.3853912354,185572.61525726318,257848.0689086914,6266.940528869629,Group: D,Group: C,Group: D vs Group: C,4,4,Blank_Blank_Blank
"PC(O-38:9),PC(36:2),PC(O-37:2),PC(P-37:1)",PC,2523777.044708252,4021933.746887207,2410971.135131836,2788119.0792007446,2863088.2294311523,3011283.760498047,868259.5540237427,1232604.0199890137,7848.400497436523,Group: D,Group: C,Group: D vs Group: C,4,4,Blank_Blank_Blank
"PC(O-40:9),PC(38:2),PC(P-39:1)",PC,406700.01330947876,331321.74838638306,254025.37991333008,230111.74084472656,293046.1841888428,285876.9627227783,62924.06530761719,88105.36466598511,1619.3601036071777,Group: D,Group: C,Group: D vs Group: C,4,4,Blank_Blank_Blank
"PE(12:0),LPE(13:0)",PE,1246.7800941467285,1325.880084991455,1335.9600944519043,1222.8600807189941,1222.6000938415527,1222.7600860595703,1262.360092163086,1296.380084991455,1308.9600868225098,Group: D,Group: C,Group: D vs Group: C,4,4,Blank_Blank_Blank
"PE(16:0),LPE(O-18:0)",PE,1226.1800956726074,1337.3600845336914,1320.8401069641113,1314.180076599121,1290.4000930786133,1567.2001113891602,1241.0000953674316,1291.3801002502441,1267.4600868225098,Group: D,Group: C,Group: D vs Group: C,4,4,Blank_Blank_Blank
"PE(20:0),LPE(21:0)",PE,1226.180088043213,1254.360092163086,1283.3400955200195,1298.0201110839844,1253.1200866699219,1307.240089416504,1311.7000923156738,1283.6000862121582,1209.4200820922852,Group: D,Group: C,Group: D vs Group: C,4,4,Blank_Blank_Blank
PE(24:0),PE,1290.9801025390625,1235.6000900268555,1440.7400970458984,1223.1000747680664,1346.7400970458984,1417.8800888061523,1223.3800926208496,1221.940086364746,1230.600082397461,Group: D,Group: C,Group: D vs Group: C,4,4,Blank_Blank_Blank
PE(25:0),PE,1226.1600875854492,1217.720085144043,1327.0001029968262,1242.7600936889648,1222.60009765625,1367.9801025390625,1310.5401077270508,1221.6200866699219,1209.5800857543945,Group: D,Group: C,Group: D vs Group: C,4,4,Blank_Blank_Blank
PE(26:0),PE,1226.0800857543945,1310.8200912475586,1294.5001068115234,1223.0800895690918,1241.6600952148438,1263.8800811767578,1224.2000885009766,1222.3000869750977,1260.5400886535645,Group: D,Group: C,Group: D vs Group: C,4,4,Blank_Blank_Blank
PE(26:1),PE,1262.6800842285156,1291.360092163086,1293.6000938415527,1223.2400932312012,1222.520092010498,1239.0400848388672,1223.0800819396973,1221.1000938415527,1210.640079498291,Group: D,Group: C,Group: D vs Group: C,4,4,Blank_Blank_Blank
"PE(27:0),PE(O-28:0)",PE,1226.220085144043,1256.260097503662,1358.5600891113281,1223.180088043213,1248.5200881958008,1403.1601028442383,1297.5600929260254,1222.1400833129883,1210.0800857543945,Group: D,Group: C,Group: D vs Group: C,4,4,Blank_Blank_Blank
"PE(27:1),PE(P-28:0)",PE,1302.3000831604004,1320.3200874328613,1304.1600952148438,1257.6400909423828,1296.2200965881348,1291.4800910949707,1222.9400787353516,1233.880084991455,1236.9400901794434,Group: D,Group: C,Group: D vs Group: C,4,4,Blank_Blank_Blank
"PE(28:1),PE(P-29:0)",PE,1241.8800964355469,1432.180103302002,1294.1600914001465,1254.7800788879395,1337.8801002502441,1345.1200981140137,1223.4400901794434,1326.0400886535645,1234.9800834655762,Group: D,Group: C,Group: D vs Group: C,4,4,Blank_Blank_Blank
PE(28:2),PE,1225.6000900268555,1325.1200942993164,1271.260082244873,1223.1000862121582,1276.4000854492188,1235.7200813293457,1314.4400901794434,1221.000087738037,1316.360092163086,Group: D,Group: C,Group: D vs Group: C,4,4,Blank_Blank_Blank
"PE(29:0),PE(O-30:0)",PE,1226.0000801086426,1265.1000900268555,1281.7600898742676,1250.7000846862793,1237.3600845336914,1242.2200927734375,1223.0400848388672,1221.760097503662,1248.3000869750977,Group: D,Group: C,Group: D vs Group: C,4,4,Blank_Blank_Blank
"PE(29:1),PE(O-30:1),PE(P-30:0)",PE,1241.4600868225098,1266.7600898742676,1264.9200859069824,1263.980079650879,1288.3201065063477,1236.6800956726074,1288.660099029541,1232.180088043213,1210.340087890625,Group: D,Group: C,Group: D vs Group: C,4,4,Blank_Blank_Blank
"PE(29:2),PE(P-30:1)",PE,1242.7800827026367,1227.7200813293457,1247.8000831604004,1223.2000885009766,1251.0200805664062,1266.56010055542,1222.900074005127,1301.580093383789,1210.180088043213,Group: D,Group: C,Group: D vs Group: C,4,4,Blank_Blank_Blank
"PE(30:0),PE(O-31:0)",PE,1307.5201034545898,1557.4201126098633,1503.5200996398926,1272.5200843811035,1293.5600891113281,1494.060115814209,1288.9000968933105,1254.160083770752,1217.0000839233398,Group: D,Group: C,Group: D vs Group: C,4,4,Blank_Blank_Blank
"PE(30:1),PE(O-31:1),PE(P-31:0)",PE,1315.420093536377,1222.1600875854492,1347.520092010498,1338.9000930786133,1222.9200859069824,1226.9200820922852,1296.5600967407227,1225.1000785827637,1211.0400848388672,Group: D,Group: C,Group: D vs Group: C,4,4,Blank_Blank_Blank
"PE(30:2),PE(P-31:1)",PE,1226.4600944519043,1277.4400901794434,1305.460105895996,1223.7400856018066,1223.5600776672363,1301.1600914001465,1291.2400970458984,1376.14009475708,1209.7000846862793,Group: D,Group: C,Group: D vs Group: C,4,4,Blank_Blank_Blank
PE(30:3),PE,1226.1800842285156,1258.660083770752,1243.5000915527344,1258.0200996398926,1223.740089416504,1223.4200897216797,1223.8600883483887,1221.0000915527344,1286.740089416504,Group: D,Group: C,Group: D vs Group: C,4,4,Blank_Blank_Blank
PE(30:4),PE,1251.64009475708,1269.920093536377,1349.0600891113281,1222.940086364746,1275.7400932312012,1274.440086364746,1223.1400871276855,1221.6800842285156,1209.9000816345215,Group: D,Group: C,Group: D vs Group: C,4,4,Blank_Blank_Blank
"PE(31:0),PE(O-32:0)",PE,1225.6400871276855,1403.4600982666016,1453.0601119995117,1222.7200889587402,1433.64009475708,1250.860092163086,1240.3200798034668,1222.260082244873,1225.3200912475586,Group: D,Group: C,Group: D vs Group: C,4,4,Blank_Blank_Blank
"PE(31:1),PE(O-32:1),PE(P-32:0)",PE,1303.420093536377,1403.9801025390625,1349.5600852966309,1223.4600830078125,1325.040096282959,1294.5400848388672,1300.2600860595703,1222.1400833129883,1209.6400833129883,Group: D,Group: C,Group: D vs Group: C,4,4,Blank_Blank_Blank
"PE(31:2),PE(P-32:1)",PE,1225.6000938415527,1219.1200866699219,1296.860092163086,1269.3400802612305,1222.7000846862793,1293.0800857543945,1271.7800979614258,1222.2000770568848,1209.500087738037,Group: D,Group: C,Group: D vs Group: C,4,4,Blank_Blank_Blank
PE(31:3),PE,1239.1400871276855,1340.740089416504,1420.4800910949707,1222.9600944519043,1223.3800811767578,1254.7600936889648,1222.9800910949707,1222.1800918579102,1298.9200897216797,Group: D,Group: C,Group: D vs Group: C,4,4,Blank_Blank_Blank
PE(31:4),PE,1252.9401016235352,1218.5600776672363,1296.0200881958008,1222.940086364746,1308.7000923156738,1280.3000946044922,1223.1400833129883,1221.800090789795,1267.2600898742676,Group: D,Group: C,Group: D vs Group: C,4,4,Blank_Blank_Blank
"PE(32:0),PE(O-33:0)",PE,1948.3201484680176,3310.540256500244,3123.0202255249023,1792.6201477050781,2231.8001708984375,2691.340156555176,1468.340103149414,1476.9201011657715,1219.7400856018066,Group: D,Group: C,Group: D vs Group: C,4,4,Blank_Blank_Blank
"PE(32:1),PE(O-33:1),PE(P-33:0)",PE,3475.040283203125,5341.9003982543945,4263.900260925293,2210.54012298584,4754.960391998291,6546.2204666137695,2560.3602027893066,2158.2401390075684,1254.8200759887695,Group: D,Group: C,Group: D vs Group: C,4,4,Blank_Blank_Blank
"PE(32:2),PE(O-33:2),PE(P-33:1)",PE,1552.6401023864746,2023.9601516723633,1658.2401275634766,1503.7401084899902,1817.4001388549805,1844.9001350402832,1594.58012008667,1591.1800994873047,1241.4600944519043,Group: D,Group: C,Group: D vs Group: C,4,4,Blank_Blank_Blank
"PE(32:3),PE(P-33:2)",PE,1331.420093536377,1288.7200965881348,1253.7800827026367,1223.1800842285156,1322.420108795166,1305.6000862121582,1278.0200958251953,1222.700080871582,1209.9800758361816,Group: D,Group: C,Group: D vs Group: C,4,4,Blank_Blank_Blank
"PE(32:4),PEd(O-34:4)",PE,1225.220085144043,1282.0200881958008,1256.7600898742676,1223.5600891113281,1345.220100402832,1240.3400917053223,1223.2800788879395,1221.5200881958008,1229.6200714111328,Group: D,Group: C,Group: D vs Group: C,4,4,Blank_Blank_Blank
PE(32:5),PE,1290.1200866699219,1290.5800971984863,1271.4400901794434,1268.120101928711,1359.4600982666016,1319.8000869750977,1222.760082244873,1236.9800910949707,1211.020092010498,Group: D,Group: C,Group: D vs Group: C,4,4,Blank_Blank_Blank
"PE(33:0),PE(O-34:0)",PE,1357.5200958251953,1620.8001022338867,1523.040096282959,1433.7400932312012,1436.8201065063477,1310.14009475708,1271.0800819396973,1293.1000785827637,1272.4600868225098,Group: D,Group: C,Group: D vs Group: C,4,4,Blank_Blank_Blank
"PE(33:1),PE(O-34:1),PE(P-34:0)",PE,1581.500114440918,2122.5401573181152,2394.4601669311523,1578.1001243591309,1971.0401458740234,2745.2601432800293,1592.1401100158691,1290.0400924682617,1210.380084991455,Group: D,Group: C,Group: D vs Group: C,4,4,Blank_Blank_Blank
"PE(33:2),PE(O-34:2),PE(P-34:1)",PE,1659.2601203918457,2265.480152130127,2047.540126800537,1474.7800979614258,1723.5601119995117,2393.24019241333,1399.9800834655762,1382.620101928711,1314.9601020812988,Group: D,Group: C,Group: D vs Group: C,4,4,Blank_Blank_Blank
"PE(33:3),PE(O-34:3),PE(P-34:2)",PE,1264.3800964355469,1446.2001037597656,1390.700107574463,1280.800090789795,1312.9400939941406,1491.4401092529297,1328.5800971984863,1261.2600860595703,1345.1200904846191,Group: D,Group: C,Group: D vs Group: C,4,4,Blank_Blank_Blank
"PE(33:4),PE(O-34:4),PE(O-34:4),PE(P-34:3)",PE,1226.0200958251953,1239.3200874328613,1249.1600914001465,1257.1000900268555,1237.5200958251953,1221.7200889587402,1324.3400955200195,1279.8600883483887,1235.4600868225098,Group: D,Group: C,Group: D vs Group: C,4,4,Blank_Blank_Blank
"PE(33:5),PE(P-34:4)",PE,1233.4800987243652,1341.9400939941406,1220.3000831604004,1222.6400871276855,1222.960090637207,1223.6000862121582,1224.300090789795,1264.0200958251953,1210.200080871582,Group: D,Group: C,Group: D vs Group: C,4,4,Blank_Blank_Blank
"PE(34:0),PE(O-35:0)",PE,3370.9002723693848,5569.540321350098,7342.600498199463,2634.140235900879,4979.460411071777,6670.300495147705,2831.3601684570312,2379.4001846313477,1282.6400871276855,Group: D,Group: C,Group: D vs Group: C,4,4,Blank_Blank_Blank
"PE(34:1),PE(O-35:1),PE(P-35:0)",PE,30615.96245956421,73484.66251754761,75205.84498977661,22089.84188079834,49635.44318771362,75166.60401916504,16783.520904541016,15986.121143341064,1260.9200897216797,Group: D,Group: C,Group: D vs Group: C,4,4,Blank_Blank_Blank
"PE(34:2),PE(O-35:2),PE(P-35:1)",PE,109164.52890396118,298231.44007492065,278752.8394241333,85789.36762619019,202760.01804351807,265293.8585548401,63948.16482543945,49593.5634803772,1372.0801048278809,Group: D,Group: C,Group: D vs Group: C,4,4,Blank_Blank_Blank
"PE(34:3),PE(P-35:2)",PE,10726.241024017334,28104.08193588257,22701.7416305542,9934.900596618652,19791.54167175293,22495.022079467773,6731.740497589111,4741.860305786133,1264.9000778198242,Group: D,Group: C,Group: D vs Group: C,4,4,Blank_Blank_Blank
PE(34:4),PE,1599.200107574463,2056.040142059326,1881.6201438903809,1737.2801208496094,2080.980136871338,2088.5601539611816,1455.5001029968262,1485.2001113891602,1220.500087738037,Group: D,Group: C,Group: D vs Group: C,4,4,Blank_Blank_Blank
PE(34:5),PE,1225.720085144043,1311.9001007080078,1239.0200881958008,1223.7400856018066,1397.2400970458984,1422.7000923156738,1222.9800872802734,1222.2800941467285,1290.3600959777832,Group: D,Group: C,Group: D vs Group: C,4,4,Blank_Blank_Blank
PE(34:6),PE,1226.240089416504,1308.6200866699219,1314.340087890625,1246.5200805664062,1240.9200859069824,1240.7200927734375,1222.9200859069824,1221.2800827026367,1210.0400886535645,Group: D,Group: C,Group: D vs Group: C,4,4,Blank_Blank_Blank
"PE(35:3),PE(O-36:3),PE(P-36:2)",PE,1976.500144958496,3888.2402839660645,3734.420249938965,2236.06014251709,3069.820209503174,4347.560321807861,1673.1201210021973,1985.68013381958,1244.4000930786133,Group: D,Group: C,Group: D vs Group: C,4,4,Blank_Blank_Blank
"PE(35:4),PE(O-36:4),PE(P-36:3)",PE,1819.3401336669922,3019.74019241333,2713.760196685791,1778.320125579834,2444.9201889038086,3045.8002700805664,1667.1601181030273,1537.2801055908203,1238.4600830078125,Group: D,Group: C,Group: D vs Group: C,4,4,Blank_Blank_Blank
"PE(35:5),PE(O-36:5),PE(P-36:4)",PE,1985.7401580810547,3755.920341491699,3318.8402557373047,2015.1401481628418,2368.160125732422,3473.740303039551,1974.6801223754883,1516.720115661621,1210.1200866699219,Group: D,Group: C,Group: D vs Group: C,4,4,Blank_Blank_Blank
"PE(35:6),PE(P-36:5)",PE,1257.9800910949707,1309.4801063537598,1352.9001007080078,1261.440071105957,1342.0000953674316,1398.280101776123,1281.4800834655762,1288.4000930786133,1248.060073852539,Group: D,Group: C,Group: D vs Group: C,4,4,Blank_Blank_Blank
"PE(36:3),PE(P-37:2)",PE,109912.96871566772,321169.01819992065,370683.67947387695,142175.79233551025,203950.0763015747,320109.76150131226,96314.24728012085,78074.78770446777,1344.7601013183594,Group: D,Group: C,Group: D vs Group: C,4,4,Blank_Blank_Blank
"PE(36:4),PE(O-37:4)",PE,190774.01754760742,626767.0064582825,605967.1866226196,176517.91172790527,382254.9441947937,541076.9527397156,199775.86986541748,116547.70872497559,1303.4400939941406,Group: D,Group: C,Group: D vs Group: C,4,4,Blank_Blank_Blank
PE(36:5),PE,15579.720916748047,43780.40370178223,33799.78253173828,14627.281322479248,29675.342109680176,36007.88247680664,14209.560935974121,9428.320705413818,1272.5400924682617,Group: D,Group: C,Group: D vs Group: C,4,4,Blank_Blank_Blank
PE(36:6),PE,2001.1601829528809,3260.600227355957,2654.100170135498,1765.1801147460938,2435.9201889038086,2440.2001571655273,1815.0401344299316,1462.660099029541,1286.0800895690918,Group: D,Group: C,Group: D vs Group: C,4,4,Blank_Blank_Blank
"PE(36:7),PE(35:0),PE(O-36:0)",PE,1354.0800971984863,1674.520107269287,1776.6601066589355,1278.5600967407227,1366.6001052856445,1839.5201377868652,1280.160083770752,1226.7000923156738,1250.3800811767578,Group: D,Group: C,Group: D vs Group: C,4,4,Blank_Blank_Blank
"PE(36:8),PE(dO-38:8),PE(35:1),PE(O-36:1),PE(P-36:0)",PE,2101.6201400756836,3182.3202018737793,3464.7002601623535,2105.7801513671875,2587.640193939209,4683.180316925049,1775.0401191711426,1626.0801048278809,1285.3600807189941,Group: D,Group: C,Group: D vs Group: C,4,4,Blank_Blank_Blank
"PE(37:3),PE(O-38:3),PE(P-38:2)",PE,2234.3401527404785,4895.140441894531,5319.940406799316,2780.980224609375,2913.420249938965,5224.440284729004,1956.0201377868652,2439.320152282715,1222.1800804138184,Group: D,Group: C,Group: D vs Group: C,4,4,Blank_Blank_Blank
"PE(37:4),PE(O-38:4),PE(P-38:3)",PE,6772.520397186279,22586.300830841064,23491.90157699585,8639.380584716797,11517.220603942871,22680.82131576538,8077.200588226318,5757.3203201293945,1390.0200958251953,Group: D,Group: C,Group: D vs Group: C,4,4,Blank_Blank_Blank
"PE(37:5),PE(O-38:5),PE(P-38:4)",PE,3600.480297088623,8231.200580596924,8336.880718231201,3317.9801750183105,5036.580417633057,9736.200492858887,3181.0802154541016,3130.4202156066895,1240.6400833129883,Group: D,Group: C,Group: D vs Group: C,4,4,Blank_Blank_Blank
"PE(37:6),PE(O-38:6),PE(P-38:5)",PE,2522.280174255371,6164.380470275879,6466.400405883789,2537.2801818847656,3570.5202598571777,5937.16047668457,2742.1002311706543,2556.2801933288574,1245.1400833129883,Group: D,Group: C,Group: D vs Group: C,4,4,Blank_Blank_Blank
"PE(37:7),PE(P-38:6),PE(36:0),PE(O-37:0)",PE,2068.9801292419434,5373.04035949707,4709.100299835205,1947.8201065063477,2684.960189819336,5500.340362548828,2646.8201866149902,2077.180164337158,1262.2600860595703,Group: D,Group: C,Group: D vs Group: C,4,4,Blank_Blank_Blank
PE(38:3),PE,51367.94504928589,182048.75372314453,189589.2563972473,56520.923973083496,83867.50539398193,161479.07278442383,67134.52424240112,41319.90357589722,1299.7400970458984,Group: D,Group: C,Group: D vs Group: C,4,4,Blank_Blank_Blank
PE(38:4),PE,396499.0037727356,1398240.722618103,1411823.314201355,431721.6061820984,586665.0437240601,1218425.867614746,577848.5947151184,311112.45375061035,1680.9001083374023,Group: D,Group: C,Group: D vs Group: C,4,4,Blank_Blank_Blank
PE(38:5),PE,195421.09267044067,619842.1451416016,684143.9369659424,234110.6393508911,319733.1123275757,610949.3717651367,278955.4045524597,155780.97021865845,1503.300106048584,Group: D,Group: C,Group: D vs Group: C,4,4,Blank_Blank_Blank
PE(38:6),PE,292438.47814941406,974058.0203094482,1070978.4516105652,384741.58826446533,443978.54206085205,915630.8742828369,405394.64863586426,207414.2329826355,1539.7601127624512,Group: D,Group: C,Group: D vs Group: C,4,4,Blank_Blank_Blank
"PE(38:7),PE(37:0),PE(O-38:0)",PE,12058.000984191895,36870.40240859985,35676.16302108765,16001.32088470459,19608.041172027588,32397.541946411133,16099.941055297852,9064.320652008057,1220.8000869750977,Group: D,Group: C,Group: D vs Group: C,4,4,Blank_Blank_Blank
"PE(38:8),PE(dO-40:8),PE(37:1),PE(O-38:1),PE(P-38:0)",PE,1805.6401405334473,2630.380195617676,3161.620231628418,1729.6001091003418,2344.200126647949,2603.000232696533,1751.5401153564453,1532.3200950622559,1251.800090789795,Group: D,Group: C,Group: D vs Group: C,4,4,Blank_Blank_Blank
"PE(38:9),PE(dO-40:9),PE(37:2),PE(O-38:2),PE(P-38:1)",PE,2756.7801628112793,4690.280227661133,4484.620334625244,2431.8201751708984,3557.2602615356445,5088.2203941345215,2108.9001541137695,1795.220127105713,1278.780086517334,Group: D,Group: C,Group: D vs Group: C,4,4,Blank_Blank_Blank
"PE(39:4),PE(O-40:4),PE(P-40:3)",PE,5922.540336608887,15708.161018371582,19301.621448516846,7215.380554199219,8502.04063796997,18253.861209869385,6131.940498352051,4810.760356903076,1290.9600944519043,Group: D,Group: C,Group: D vs Group: C,4,4,Blank_Blank_Blank
"PE(39:5),PE(O-40:5),PE(P-40:4)",PE,2637.3202018737793,6131.400554656982,5943.260280609131,3253.9402465820312,3205.060199737549,6149.300361633301,3091.360221862793,2370.480140686035,1251.6400909423828,Group: D,Group: C,Group: D vs Group: C,4,4,Blank_Blank_Blank
"PE(39:6),PE(O-40:6),PE(P-40:5)",PE,4080.040351867676,10474.681003570557,10027.240814208984,4635.5003089904785,4600.240272521973,10894.18069076538,5685.620456695557,3327.220203399658,1260.5600814819336,Group: D,Group: C,Group: D vs Group: C,4,4,Blank_Blank_Blank
"PE(39:8),PE(O-40:8),PE(P-40:7),PE(38:1),PE(O-39:1),PE(P-39:0)",PE,2448.2201766967773,6093.240501403809,7450.880630493164,2427.140193939209,3390.920295715332,6561.720352172852,3058.4402389526367,2497.060157775879,1251.340087890625,Group: D,Group: C,Group: D vs Group: C,4,4,Blank_Blank_Blank
"PE(40:1),PE(P-41:0)",PE,1581.860107421875,1865.2401275634766,2064.5201454162598,1644.6001014709473,1892.0601196289062,2170.340156555176,1723.060131072998,1455.0401039123535,1251.3600845336914,Group: D,Group: C,Group: D vs Group: C,4,4,Blank_Blank_Blank
"PE(40:10),PE(39:3),PE(O-40:3),PE(P-40:2)",PE,1825.10013961792,3453.540210723877,3131.6602172851562,2273.0201377868652,2694.3402061462402,4104.240371704102,2063.6601333618164,1908.2801246643066,1266.920078277588,Group: D,Group: C,Group: D vs Group: C,4,4,Blank_Blank_Blank
PE(40:2),PE,1787.7601203918457,2631.7201805114746,3180.32022857666,1937.5601539611816,1904.6801452636719,2616.7801666259766,1587.1601104736328,1610.6000938415527,1335.3400802612305,Group: D,Group: C,Group: D vs Group: C,4,4,Blank_Blank_Blank
PE(40:3),PE,2723.3801498413086,5199.040370941162,6003.260414123535,2632.7001571655273,3661.8202514648438,4595.080375671387,2783.26016998291,1893.8401527404785,1251.64009475708,Group: D,Group: C,Group: D vs Group: C,4,4,Blank_Blank_Blank
PE(40:4),PE,7936.160556793213,22461.82173538208,27229.281562805176,8562.32063293457,14443.521327972412,21841.66103363037,10389.900497436523,6952.520492553711,1251.7800827026367,Group: D,Group: C,Group: D vs Group: C,4,4,Blank_Blank_Blank
PE(40:5),PE,13751.381084442139,49290.44271850586,59013.903633117676,18998.581615447998,29359.902324676514,51420.12446594238,25203.461685180664,16000.861228942871,1340.340087890625,Group: D,Group: C,Group: D vs Group: C,4,4,Blank_Blank_Blank
"PE(40:6),PE(dO-40:0)",PE,68396.38431167603,229840.1386680603,282713.38996887207,96014.44848632812,119853.24886703491,231452.9536857605,123653.42779541016,77630.22682189941,1327.0400848388672,Group: D,Group: C,Group: D vs Group: C,4,4,Blank_Blank_Blank
"PE(40:7),PE(39:0),PE(O-40:0)",PE,69138.6655921936,219440.91302108765,272058.08165359497,109466.72766494751,115077.74726867676,228480.03755950928,130247.78980255127,74403.04623413086,1283.9200859069824,Group: D,Group: C,Group: D vs Group: C,4,4,Blank_Blank_Blank
"PE(40:9),PE(39:2),PE(O-40:2),PE(P-40:1)",PE,3146.7402000427246,8389.76040649414,8687.7407913208,4503.460342407227,4004.720317840576,6836.1804847717285,4846.820343017578,2822.8401527404785,1287.300090789795,Group: D,Group: C,Group: D vs Group: C,4,4,Blank_Blank_Blank
"PE(41:5),PE(P-42:4)",PE,1373.0801010131836,1952.6801223754883,2004.1401557922363,1590.4601211547852,1664.1201210021973,2177.240135192871,1400.0601043701172,1535.0401077270508,1251.5200805664062,Group: D,Group: C,Group: D vs Group: C,4,4,Blank_Blank_Blank
"PE(41:6),PE(O-42:6)",PE,2190.0001678466797,2744.7001762390137,3875.1002502441406,2149.280174255371,2645.5201835632324,3578.0402641296387,2263.080181121826,1753.140121459961,1252.0400886535645,Group: D,Group: C,Group: D vs Group: C,4,4,Blank_Blank_Blank
"PE(41:7),PE(P-42:6),PE(40:0),PE(O-41:0)",PE,1409.7401008605957,2034.4201393127441,2260.000175476074,1536.0801162719727,2031.740135192871,2716.680233001709,1593.2001113891602,1402.0001029968262,1251.9000968933105,Group: D,Group: C,Group: D vs Group: C,4,4,Blank_Blank_Blank
PE(42:0),PE,1288.660099029541,1505.8200912475586,1334.760097503662,1319.3201026916504,1417.9800987243652,1512.8801193237305,1276.4400901794434,1273.3000984191895,1251.660083770752,Group: D,Group: C,Group: D vs Group: C,4,4,Blank_Blank_Blank
PE(42:1),PE,1307.0000801086426,1395.4200897216797,1355.9200897216797,1329.6400909423828,1527.420124053955,1648.8001289367676,1347.8200798034668,1343.2000999450684,1250.6200828552246,Group: D,Group: C,Group: D vs Group: C,4,4,Blank_Blank_Blank
"PE(42:11),PE(41:4),PE(O-42:4)",PE,1548.5801048278809,1944.560157775879,2148.400188446045,1667.5601387023926,1639.6201210021973,1947.2401428222656,1537.3201065063477,1586.1801109313965,1346.3200874328613,Group: D,Group: C,Group: D vs Group: C,4,4,Blank_Blank_Blank
PE(42:2),PE,1322.3800964355469,1449.200107574463,1462.860107421875,1282.2200889587402,1400.5400924682617,1685.5401306152344,1348.5801048278809,1269.14009475708,1252.000087738037,Group: D,Group: C,Group: D vs Group: C,4,4,Blank_Blank_Blank
PE(42:3),PE,1354.5801010131836,1691.720142364502,1479.1001167297363,1537.6801109313965,1546.9401016235352,1600.6201210021973,1315.8000869750977,1271.3400955200195,1337.1800918579102,Group: D,Group: C,Group: D vs Group: C,4,4,Blank_Blank_Blank
PE(42:4),PE,1501.960117340088,1931.2001495361328,1900.0201263427734,1489.0601081848145,1885.0401420593262,2068.260166168213,1340.6400871276855,1589.1400985717773,1252.160083770752,Group: D,Group: C,Group: D vs Group: C,4,4,Blank_Blank_Blank
PE(42:5),PE,1791.4201278686523,3039.3401985168457,3120.480251312256,2054.2601585388184,2025.480125427246,3024.900157928467,1551.440097808838,1854.9401512145996,1251.5400848388672,Group: D,Group: C,Group: D vs Group: C,4,4,Blank_Blank_Blank
PE(42:6),PE,2368.4201889038086,4523.660232543945,5068.460430145264,2406.040180206299,3509.7002601623535,4041.200336456299,3517.6802558898926,2044.160140991211,1251.0401000976562,Group: D,Group: C,Group: D vs Group: C,4,4,Blank_Blank_Blank
"PE(42:7),PE(41:0),PE(O-42:0)",PE,3276.980312347412,6613.700294494629,7698.260471343994,3748.700309753418,5274.260391235352,6005.880451202393,4042.6202964782715,3159.780204772949,1251.740089416504,Group: D,Group: C,Group: D vs Group: C,4,4,Blank_Blank_Blank
"PE(42:8),PE(41:1),PE(O-42:1),PE(P-42:0)",PE,2357.300189971924,4191.280342102051,5174.960346221924,3047.660224914551,3234.8202056884766,4316.6802406311035,2707.6401596069336,2502.8201904296875,1251.2600936889648,Group: D,Group: C,Group: D vs Group: C,4,4,Blank_Blank_Blank
"PE(42:9),PE(41:2),PE(O-42:2),PE(P-42:1)",PE,2328.1401557922363,3892.0802688598633,4231.460372924805,2145.6001777648926,2926.000175476074,2945.000202178955,2380.340171813965,2089.1601486206055,1251.9800910949707,Group: D,Group: C,Group: D vs Group: C,4,4,Blank_Blank_Blank
PE(43:2),PE,1384.660099029541,1337.2000846862793,1332.4200897216797,1265.4800910949707,1339.8800888061523,1410.9600982666016,1438.8800964355469,1319.420093536377,1271.0000915527344,Group: D,Group: C,Group: D vs Group: C,4,4,Blank_Blank_Blank
PE(43:4),PE,1316.5800743103027,1432.9401092529297,1451.6400985717773,1316.5800857543945,1336.420093536377,1380.2200965881348,1305.2200889587402,1287.420093536377,1316.3800926208496,Group: D,Group: C,Group: D vs Group: C,4,4,Blank_Blank_Blank
PE(43:6),PE,1304.920093536377,1260.7800750732422,1273.5200958251953,1290.680088043213,1336.5600891113281,1392.2201042175293,1307.0800819396973,1381.9400901794434,1266.4800834655762,Group: D,Group: C,Group: D vs Group: C,4,4,Blank_Blank_Blank
PE(44:0),PE,1267.8800888061523,1260.960105895996,1377.1401062011719,1264.5800895690918,1318.5000915527344,1378.1201095581055,1265.440086364746,1291.4800910949707,1325.340103149414,Group: D,Group: C,Group: D vs Group: C,4,4,Blank_Blank_Blank
PE(44:1),PE,1267.4400939941406,1281.3600959777832,1271.3000869750977,1264.8400993347168,1265.4600830078125,1265.1200828552246,1312.6600952148438,1295.0000801086426,1251.6400985717773,Group: D,Group: C,Group: D vs Group: C,4,4,Blank_Blank_Blank
PE(44:10),PE,1267.9800910949707,1361.1800956726074,1261.9800834655762,1345.680088043213,1325.8400917053223,1410.6400985717773,1344.2200965881348,1264.8400955200195,1252.0200653076172,Group: D,Group: C,Group: D vs Group: C,4,4,Blank_Blank_Blank
PE(44:12),PE,1514.5601119995117,1321.8801002502441,1486.1800956726074,1356.6600875854492,1508.540111541748,1322.2200775146484,1291.780086517334,1277.5800971984863,1252.0400848388672,Group: D,Group: C,Group: D vs Group: C,4,4,Blank_Blank_Blank
PE(44:2),PE,1275.700096130371,1259.4600868225098,1261.2600936889648,1265.6200866699219,1264.8000946044922,1264.5200958251953,1265.000087738037,1280.5600929260254,1252.740089416504,Group: D,Group: C,Group: D vs Group: C,4,4,Blank_Blank_Blank
PE(44:3),PE,1298.2600898742676,1291.8400802612305,1292.5200881958008,1355.2000885009766,1408.8600845336914,1277.2000923156738,1270.2200889587402,1263.9400825500488,1251.0600891113281,Group: D,Group: C,Group: D vs Group: C,4,4,Blank_Blank_Blank
PE(44:4),PE,1285.8600959777832,1259.880084991455,1339.9800987243652,1303.4401092529297,1322.64009475708,1342.0600967407227,1418.800106048584,1264.1800994873047,1252.380084991455,Group: D,Group: C,Group: D vs Group: C,4,4,Blank_Blank_Blank
PE(44:5),PE,1334.8200950622559,1387.5600967407227,1548.2401008605957,1438.1001014709473,1331.5000915527344,1407.620101928711,1282.080093383789,1338.8200988769531,1272.6400909423828,Group: D,Group: C,Group: D vs Group: C,4,4,Blank_Blank_Blank
PE(44:6),PE,1328.3400955200195,1279.1600914001465,1412.3201065063477,1370.2400970458984,1467.3200950622559,1557.4401168823242,1294.380084991455,1341.3800964355469,1251.4400939941406,Group: D,Group: C,Group: D vs Group: C,4,4,Blank_Blank_Blank
"PE(44:7),PE(43:0)",PE,1366.9600944519043,1292.2400970458984,1325.5000953674316,1266.660083770752,1440.2200927734375,1481.3801002502441,1369.1400909423828,1296.7601013183594,1254.260097503662,Group: D,Group: C,Group: D vs Group: C,4,4,Blank_Blank_Blank
"PE(44:8),PE(43:1)",PE,1267.6000938415527,1308.0801010131836,1375.600082397461,1326.1001014709473,1338.1800956726074,1300.5400733947754,1265.5200881958008,1310.1600914001465,1251.8000793457031,Group: D,Group: C,Group: D vs Group: C,4,4,Blank_Blank_Blank
PE(46:1),PE,1268.9000930786133,1260.5400924682617,1283.9000854492188,1264.020092010498,1265.000087738037,1265.9600868225098,1265.5200996398926,1264.6200828552246,1251.260082244873,Group: D,Group: C,Group: D vs Group: C,4,4,Blank_Blank_Blank
PE(52:4),PE,1266.760082244873,1258.6000900268555,1260.080078125,1263.8800888061523,1263.0800971984863,1263.4200897216797,1263.3000869750977,1261.2000885009766,1250.3200798034668,Group: D,Group: C,Group: D vs Group: C,4,4,Blank_Blank_Blank
"PE(O-38:8),PE(36:1),PE(O-37:1),PE(P-37:0)",PE,13577.941116333008,41155.94389343262,42764.56296539307,13895.00106048584,22317.5620803833,38589.66297149658,13917.10110092163,11269.940868377686,1374.9000930786133,Group: D,Group: C,Group: D vs Group: C,4,4,Blank_Blank_Blank
"PE(O-38:9),PE(36:2),PE(O-37:2),PE(P-37:1)",PE,94514.86893463135,293579.36053466797,323776.9042625427,114350.44785690308,163309.31435012817,266250.0557975769,92574.14619445801,64353.32461166382,1255.8600883483887,Group: D,Group: C,Group: D vs Group: C,4,4,Blank_Blank_Blank
"PE(O-40:9),PE(38:2),PE(P-39:1)",PE,6962.980518341064,18219.420833587646,21528.06142425537,7834.260589599609,9767.700668334961,19294.141357421875,6872.480564117432,4756.160320281982,1268.6400871276855,Group: D,Group: C,Group: D vs Group: C,4,4,Blank_Blank_Blank
"PE(dO-38:9),PE(35:2),PE(O-36:2),PE(P-36:1)",PE,3654.6403274536133,8196.760475158691,8752.920524597168,4769.460411071777,5566.520286560059,7834.140522003174,2700.720188140869,3058.420207977295,1237.9400825500488,Group: D,Group: C,Group: D vs Group: C,4,4,Blank_Blank_Blank
"PE28:0,PE(O-29:0)",PE,1226.1600952148438,1218.7800827026367,1363.280101776123,1224.0200805664062,1258.1400985717773,1347.7800827026367,1281.7401008605957,1220.860092163086,1280.4200897216797,Group: D,Group: C,Group: D vs Group: C,4,4,Blank_Blank_Blank
"PG(12:0),LPG(13:0)",PG,1248.5600967407227,1245.700080871582,1278.040096282959,1305.7401008605957,1283.3800735473633,1287.8000984191895,1291.4000816345215,1269.8400917053223,1370.06010055542,Group: D,Group: C,Group: D vs Group: C,4,4,Blank_Blank_Blank
"PG(16:0),LPG(17:0),LPG(O-18:0)",PG,1318.3801002502441,1257.1000900268555,1380.5001029968262,1340.1200866699219,1487.9401054382324,1489.6801071166992,1423.940086364746,1423.6200981140137,1523.8401069641113,Group: D,Group: C,Group: D vs Group: C,4,4,Blank_Blank_Blank
"PG(20:0),LPG(21:0)",PG,1283.0400886535645,1268.3200874328613,1262.740077972412,1274.960090637207,1282.2200889587402,1324.900089263916,1312.6600799560547,1250.4600944519043,1316.960090637207,Group: D,Group: C,Group: D vs Group: C,4,4,Blank_Blank_Blank
PG(24:0),PG,1248.8600769042969,1275.1800956726074,1246.0800895690918,1251.2400932312012,1311.2200775146484,1365.56010055542,1284.0800819396973,1251.2800788879395,1245.3400955200195,Group: D,Group: C,Group: D vs Group: C,4,4,Blank_Blank_Blank
PG(25:0),PG,1248.480079650879,1245.3200874328613,1245.7400817871094,1251.9600868225098,1255.540096282959,1316.900089263916,1291.2800941467285,1253.7000846862793,1248.4800834655762,Group: D,Group: C,Group: D vs Group: C,4,4,Blank_Blank_Blank
PG(26:0),PG,1258.9401016235352,1246.0200805664062,1245.9600944519043,1258.8600845336914,1347.06010055542,1270.360092163086,1310.3800964355469,1251.0600929260254,1265.3800888061523,Group: D,Group: C,Group: D vs Group: C,4,4,Blank_Blank_Blank
PG(26:1),PG,1331.7200927734375,1247.2600936889648,1245.320083618164,1252.440086364746,1329.0200881958008,1356.7601013183594,1256.480079650879,1249.9600791931152,1245.780086517334,Group: D,Group: C,Group: D vs Group: C,4,4,Blank_Blank_Blank
"PG(27:0),PG(O-28:0)",PG,1248.540096282959,1245.2400856018066,1244.8000869750977,1250.960090637207,1255.4400901794434,1312.7000999450684,1256.4800872802734,1251.140079498291,1284.3200874328613,Group: D,Group: C,Group: D vs Group: C,4,4,Blank_Blank_Blank
"PG(27:1),PG(P-28:0)",PG,1248.8000946044922,1245.5800857543945,1245.860092163086,1252.0000839233398,1255.2400932312012,1253.8000869750977,1256.6200904846191,1250.2400817871094,1245.9600982666016,Group: D,Group: C,Group: D vs Group: C,4,4,Blank_Blank_Blank
"PG(28:0),PG(O-29:0)",PG,1247.8600883483887,1245.5600814819336,1245.280086517334,1251.380084991455,1255.5000915527344,1253.5000801086426,1267.420078277588,1251.3000869750977,1286.3200874328613,Group: D,Group: C,Group: D vs Group: C,4,4,Blank_Blank_Blank
"PG(28:1),PG(P-29:0)",PG,1248.2400856018066,1245.5600891113281,1251.7200927734375,1298.6600875854492,1255.5600776672363,1253.6200828552246,1257.2400817871094,1250.9600868225098,1338.7000846862793,Group: D,Group: C,Group: D vs Group: C,4,4,Blank_Blank_Blank
PG(28:2),PG,1248.680088043213,1263.8200798034668,1245.5400886535645,1251.1000862121582,1273.1800804138184,1298.1800918579102,1256.5400772094727,1251.0200881958008,1262.4800987243652,Group: D,Group: C,Group: D vs Group: C,4,4,Blank_Blank_Blank
"PG(29:0),PG(O-30:0)",PG,1247.7600898742676,1245.2200965881348,1355.1201057434082,1295.500087738037,1255.0600700378418,1304.220085144043,1255.6000709533691,1251.0200805664062,1313.0400848388672,Group: D,Group: C,Group: D vs Group: C,4,4,Blank_Blank_Blank
"PG(29:1),PG(O-30:1),PG(P-30:0)",PG,1248.0000915527344,1244.5400924682617,1245.6000862121582,1251.6200828552246,1254.640079498291,1283.940097808838,1255.9200859069824,1251.760082244873,1295.7801055908203,Group: D,Group: C,Group: D vs Group: C,4,4,Blank_Blank_Blank
"PG(29:2),PG(P-30:1)",PG,1248.240089416504,1245.6200942993164,1245.7000885009766,1251.6600799560547,1295.3200912475586,1253.4600830078125,1255.3600959777832,1251.5000953674316,1245.0201034545898,Group: D,Group: C,Group: D vs Group: C,4,4,Blank_Blank_Blank
"PG(30:0),PG(O-31:0)",PG,1247.8200798034668,1272.3200988769531,1246.1001052856445,1250.7800827026367,1292.5800971984863,1280.4800910949707,1257.0000839233398,1251.1200790405273,1280.340087890625,Group: D,Group: C,Group: D vs Group: C,4,4,Blank_Blank_Blank
"PG(30:1),PG(O-31:1),PG(P-31:0)",PG,1249.7000923156738,1246.5400924682617,1245.240089416504,1251.2800903320312,1254.100082397461,1253.9000778198242,1256.2000885009766,1250.740089416504,1245.5000915527344,Group: D,Group: C,Group: D vs Group: C,4,4,Blank_Blank_Blank
"PG(30:2),PG(P-31:1)",PG,1249.5000915527344,1245.860092163086,1245.1400833129883,1251.5400848388672,1273.1000785827637,1254.1400756835938,1261.900089263916,1250.3400917053223,1245.4400787353516,Group: D,Group: C,Group: D vs Group: C,4,4,Blank_Blank_Blank
PG(30:3),PG,1248.5400886535645,1245.2800788879395,1293.0001068115234,1252.3000869750977,1290.7000923156738,1278.2000770568848,1286.000072479248,1250.2800827026367,1258.8600959777832,Group: D,Group: C,Group: D vs Group: C,4,4,Blank_Blank_Blank
PG(30:4),PG,1248.720085144043,1246.1200866699219,1286.1200942993164,1251.6400833129883,1255.3600769042969,1254.640079498291,1292.8200912475586,1307.3200950622559,1245.3200912475586,Group: D,Group: C,Group: D vs Group: C,4,4,Blank_Blank_Blank
"PG(31:0),PG(O-32:0)",PG,1272.920093536377,1246.1200904846191,1245.2600936889648,1306.3601036071777,1330.5000801086426,1291.0800895690918,1256.4000816345215,1251.0800857543945,1292.9801025390625,Group: D,Group: C,Group: D vs Group: C,4,4,Blank_Blank_Blank
"PG(31:1),PG(O-32:1),PG(P-32:0)",PG,1248.800090789795,1245.6800842285156,1246.080093383789,1252.1600875854492,1317.500087738037,1255.4000854492188,1256.3200912475586,1250.4600982666016,1289.0000953674316,Group: D,Group: C,Group: D vs Group: C,4,4,Blank_Blank_Blank
"PG(31:2),PG(P-32:1)",PG,1248.5201034545898,1249.860092163086,1245.0200881958008,1274.0400848388672,1254.4800910949707,1262.5200729370117,1255.3200798034668,1252.0400924682617,1246.6800918579102,Group: D,Group: C,Group: D vs Group: C,4,4,Blank_Blank_Blank
PG(31:3),PG,1248.3600807189941,1246.0400886535645,1245.6800842285156,1252.2200775146484,1255.7800788879395,1253.2000885009766,1255.4800910949707,1274.3200912475586,1250.5200881958008,Group: D,Group: C,Group: D vs Group: C,4,4,Blank_Blank_Blank
PG(31:4),PG,1248.7000846862793,1247.480079650879,1246.1600952148438,1253.7200927734375,1255.7800750732422,1286.9600944519043,1256.8400802612305,1250.4200859069824,1245.7800903320312,Group: D,Group: C,Group: D vs Group: C,4,4,Blank_Blank_Blank
"PG(32:0),PG(O-33:0)",PG,1248.06010055542,1296.4000930786133,1244.8400955200195,1250.9600944519043,1255.4800910949707,1295.0400848388672,1274.5600814819336,1251.1800842285156,1284.1800956726074,Group: D,Group: C,Group: D vs Group: C,4,4,Blank_Blank_Blank
"PG(32:1),PG(O-33:1),PG(P-33:0)",PG,1287.1800956726074,1287.0600929260254,1244.8800888061523,1250.1001014709473,1262.5200805664062,1261.7600936889648,1288.7600898742676,1250.9000816345215,1271.0400886535645,Group: D,Group: C,Group: D vs Group: C,4,4,Blank_Blank_Blank
"PG(32:2),PG(O-33:2),PG(P-33:1)",PG,1262.56010055542,1283.2000923156738,1246.1400909423828,1250.8400993347168,1255.0400886535645,1254.5400886535645,1255.6200866699219,1250.6600952148438,1254.160083770752,Group: D,Group: C,Group: D vs Group: C,4,4,Blank_Blank_Blank
"PG(32:3),PG(P-33:2)",PG,1248.8200950622559,1246.4600868225098,1245.7000885009766,1250.9400901794434,1255.0800819396973,1266.9200859069824,1260.1200790405273,1250.9600982666016,1335.6400909423828,Group: D,Group: C,Group: D vs Group: C,4,4,Blank_Blank_Blank
PG(32:4),PG,1249.0600929260254,1245.660083770752,1244.5600891113281,1250.9600868225098,1276.3200798034668,1254.4000778198242,1255.800090789795,1250.3400802612305,1245.7000846862793,Group: D,Group: C,Group: D vs Group: C,4,4,Blank_Blank_Blank
PG(32:5),PG,1248.840087890625,1300.760097503662,1244.8800811767578,1277.9200820922852,1254.840087890625,1253.4000816345215,1256.3600959777832,1250.9000816345215,1259.220085144043,Group: D,Group: C,Group: D vs Group: C,4,4,Blank_Blank_Blank
"PG(33:0),PG(O-34:0)",PG,1247.8000831604004,1245.1600914001465,1246.0600852966309,1251.10009765625,1255.2600784301758,1273.5800971984863,1301.3000946044922,1276.6800956726074,1245.1200828552246,Group: D,Group: C,Group: D vs Group: C,4,4,Blank_Blank_Blank
"PG(33:1),PG(O-34:1),PG(P-34:0)",PG,1248.620101928711,1245.8600845336914,1246.0200805664062,1251.400089263916,1255.3000831604004,1253.6600723266602,1255.100082397461,1250.8600959777832,1266.8000869750977,Group: D,Group: C,Group: D vs Group: C,4,4,Blank_Blank_Blank
"PG(33:2),PG(O-34:2),PG(P-34:1)",PG,1248.5400848388672,1245.7400856018066,1245.8600959777832,1251.2800827026367,1255.8400802612305,1274.7800903320312,1255.640079498291,1251.1200790405273,1300.4800910949707,Group: D,Group: C,Group: D vs Group: C,4,4,Blank_Blank_Blank
"PG(33:3),PG(O-34:3),PG(P-34:2)",PG,1248.980094909668,1245.6200866699219,1246.1400909423828,1251.2600860595703,1255.9000816345215,1254.0400924682617,1255.720100402832,1299.3400993347168,1286.480094909668,Group: D,Group: C,Group: D vs Group: C,4,4,Blank_Blank_Blank
"PG(33:4),PG(O-34:4),PG(P-34:3)",PG,1248.4600830078125,1296.4001007080078,1245.8000831604004,1250.780101776123,1255.2600898742676,1253.9000854492188,1279.9400901794434,1286.3600959777832,1246.0800895690918,Group: D,Group: C,Group: D vs Group: C,4,4,Blank_Blank_Blank
"PG(33:5),PG(P-34:4)",PG,1247.220085144043,1245.3400955200195,1245.3200912475586,1249.9200897216797,1255.4600830078125,1254.0600814819336,1273.260097503662,1251.5000801086426,1256.9400939941406,Group: D,Group: C,Group: D vs Group: C,4,4,Blank_Blank_Blank
"PG(34:0),PG(O-35:0)",PG,1293.0000801086426,1245.460090637207,1246.1600875854492,1251.3600807189941,1324.2000923156738,1274.5600776672363,1255.9800872802734,1250.5000915527344,1252.0400924682617,Group: D,Group: C,Group: D vs Group: C,4,4,Blank_Blank_Blank
"PG(34:3),PG(P-35:2)",PG,1248.5600852966309,1245.3600959777832,1246.6600799560547,1251.7000923156738,1327.880084991455,1299.4400749206543,1274.6200828552246,1250.8200950622559,1257.280086517334,Group: D,Group: C,Group: D vs Group: C,4,4,Blank_Blank_Blank
PG(34:4),PG,1248.2000999450684,1244.920093536377,1245.0400848388672,1251.0000953674316,1302.2600898742676,1254.020092010498,1255.04008102417,1250.9600791931152,1310.720100402832,Group: D,Group: C,Group: D vs Group: C,4,4,Blank_Blank_Blank
PG(34:5),PG,1248.9800910949707,1245.4200820922852,1313.620101928711,1251.1800918579102,1255.020092010498,1254.2000770568848,1284.7600898742676,1249.9400901794434,1245.9000778198242,Group: D,Group: C,Group: D vs Group: C,4,4,Blank_Blank_Blank
PG(34:6),PG,1248.4801025390625,1268.000087738037,1245.7800941467285,1251.4400825500488,1254.920093536377,1319.6200828552246,1281.7400856018066,1250.2200965881348,1245.6400833129883,Group: D,Group: C,Group: D vs Group: C,4,4,Blank_Blank_Blank
"PG(35:2),PG(O-36:2),PG(P-36:1)",PG,1248.2800903320312,1245.0800857543945,1245.4000854492188,1251.020092010498,1265.9600830078125,1253.7400817871094,1255.6400833129883,1250.8000869750977,1245.8200874328613,Group: D,Group: C,Group: D vs Group: C,4,4,Blank_Blank_Blank
"PG(35:3),PG(O-36:3),PG(P-36:2)",PG,1248.5600891113281,1245.6200981140137,1245.800106048584,1275.1000900268555,1255.6000862121582,1253.1800842285156,1256.0200881958008,1250.380084991455,1245.340087890625,Group: D,Group: C,Group: D vs Group: C,4,4,Blank_Blank_Blank
"PG(35:4),PG(O-36:4),PG(P-36:3)",PG,1248.280101776123,1245.5600929260254,1245.9800910949707,1251.6400871276855,1327.3200950622559,1275.0600852966309,1256.8800811767578,1284.9000968933105,1287.9600982666016,Group: D,Group: C,Group: D vs Group: C,4,4,Blank_Blank_Blank
"PG(35:5),PG(O-36:5),PG(P-36:4)",PG,1290.0600967407227,1244.840087890625,1284.3800773620605,1251.260082244873,1277.8200912475586,1254.0000801086426,1279.720085144043,1334.020092010498,1306.06010055542,Group: D,Group: C,Group: D vs Group: C,4,4,Blank_Blank_Blank
"PG(35:6),PG(P-36:5)",PG,1248.340087890625,1245.2800827026367,1254.700096130371,1267.140079498291,1271.1600799560547,1322.6400756835938,1255.420078277588,1250.940086364746,1297.9801063537598,Group: D,Group: C,Group: D vs Group: C,4,4,Blank_Blank_Blank
"PG(36:1),PG(O-37:1),PG(P-37:0)",PG,1247.9800872802734,1244.8800811767578,1245.3000869750977,1295.3400993347168,1288.7400856018066,1274.60009765625,1277.7600784301758,1250.5800895690918,1267.6200828552246,Group: D,Group: C,Group: D vs Group: C,4,4,Blank_Blank_Blank
"PG(36:3),PG(P-37:2)",PG,1252.360092163086,1245.4800910949707,1283.5800971984863,1251.2200889587402,1268.2400856018066,1310.2600936889648,1292.5200843811035,1251.2200813293457,1245.720085144043,Group: D,Group: C,Group: D vs Group: C,4,4,Blank_Blank_Blank
PG(36:4),PG,1248.6600875854492,1255.600082397461,1245.200080871582,1258.4000968933105,1255.0200843811035,1264.080078125,1320.020092010498,1250.2400856018066,1299.06010055542,Group: D,Group: C,Group: D vs Group: C,4,4,Blank_Blank_Blank
PG(36:5),PG,1248.6600799560547,1246.0000953674316,1245.9400939941406,1251.54008102417,1255.3200912475586,1253.6600761413574,1256.4000816345215,1250.5800857543945,1265.280086517334,Group: D,Group: C,Group: D vs Group: C,4,4,Blank_Blank_Blank
PG(36:6),PG,1255.0800857543945,1245.500087738037,1245.100082397461,1250.660083770752,1273.1600875854492,1253.8600845336914,1282.1001014709473,1250.2800827026367,1281.6000938415527,Group: D,Group: C,Group: D vs Group: C,4,4,Blank_Blank_Blank
"PG(36:7),PG(35:0),PG(O-36:0)",PG,1257.4200897216797,1245.480094909668,1245.640079498291,1251.4200897216797,1254.5000839233398,1337.9801025390625,1287.9200897216797,1250.6000900268555,1245.3400840759277,Group: D,Group: C,Group: D vs Group: C,4,4,Blank_Blank_Blank
"PG(36:8),PG(35:1),PG(O-36:1),PG(P-36:0)",PG,1249.6800804138184,1315.9401016235352,1276.7600936889648,1288.080093383789,1297.5000839233398,1329.3600997924805,1255.1600875854492,1298.0000762939453,1312.3200950622559,Group: D,Group: C,Group: D vs Group: C,4,4,Blank_Blank_Blank
"PG(37:3),PG(O-38:3),PG(P-38:2)",PG,1249.0400886535645,1246.2800827026367,1245.2800788879395,1252.1400871276855,1255.9000778198242,1254.5000915527344,1295.4800987243652,1251.0200843811035,1322.9400901794434,Group: D,Group: C,Group: D vs Group: C,4,4,Blank_Blank_Blank
"PG(37:4),PG(O-38:4),PG(P-38:3)",PG,1248.200096130371,1246.2000846862793,1289.4400939941406,1251.4600868225098,1355.8000831604004,1266.2800827026367,1255.3600807189941,1250.1400871276855,1245.3400955200195,Group: D,Group: C,Group: D vs Group: C,4,4,Blank_Blank_Blank
"PG(37:5),PG(O-38:5),PG(P-38:4)",PG,1248.500087738037,1245.7200889587402,1245.1000900268555,1252.6400871276855,1255.440086364746,1254.0600967407227,1255.7000732421875,1300.0400848388672,1245.2800827026367,Group: D,Group: C,Group: D vs Group: C,4,4,Blank_Blank_Blank
"PG(37:6),PG(O-38:6),PG(P-38:5)",PG,1248.260097503662,1245.6800842285156,1261.020092010498,1250.8200950622559,1256.1800842285156,1253.6400909423828,1255.020092010498,1249.8000984191895,1260.960090637207,Group: D,Group: C,Group: D vs Group: C,4,4,Blank_Blank_Blank
"PG(37:7),PG(P-38:6),PG(36:0),PG(O-37:0)",PG,1248.2600860595703,1244.900089263916,1263.4600944519043,1251.1600875854492,1306.0200881958008,1286.3200874328613,1281.200080871582,1251.1800994873047,1245.4600944519043,Group: D,Group: C,Group: D vs Group: C,4,4,Blank_Blank_Blank
"PG(38:2),PG(P-39:1)",PG,1247.9000778198242,1246.1000900268555,1245.0400886535645,1251.4200859069824,1254.5000801086426,1276.4000778198242,1255.720085144043,1268.220085144043,1245.500087738037,Group: D,Group: C,Group: D vs Group: C,4,4,Blank_Blank_Blank
PG(38:3),PG,1248.1600914001465,1245.520092010498,1273.7600860595703,1251.100082397461,1255.3000831604004,1254.0000801086426,1256.5400733947754,1251.2000846862793,1267.3400955200195,Group: D,Group: C,Group: D vs Group: C,4,4,Blank_Blank_Blank
PG(38:4),PG,1248.7000770568848,1246.2001037597656,1245.600082397461,1278.3800926208496,1294.7800979614258,1304.9600830078125,1267.2400856018066,1251.520076751709,1244.8800735473633,Group: D,Group: C,Group: D vs Group: C,4,4,Blank_Blank_Blank
PG(38:5),PG,1247.5400924682617,1245.0800971984863,1244.8600845336914,1250.3200912475586,1255.0800819396973,1315.1601028442383,1258.8000793457031,1286.7800827026367,1245.7000999450684,Group: D,Group: C,Group: D vs Group: C,4,4,Blank_Blank_Blank
PG(38:6),PG,1248.3600845336914,1245.020092010498,1244.4400787353516,1301.1800918579102,1254.780086517334,1253.7200927734375,1271.3000831604004,1251.0600967407227,1244.6400909423828,Group: D,Group: C,Group: D vs Group: C,4,4,Blank_Blank_Blank
"PG(38:7),PG(37:0),PG(O-38:0)",PG,1248.8200912475586,1264.3400840759277,1245.7401008605957,1251.2000885009766,1255.1600799560547,1254.700080871582,1256.1000900268555,1250.8600959777832,1244.4200859069824,Group: D,Group: C,Group: D vs Group: C,4,4,Blank_Blank_Blank
"PG(38:8),PG(37:1),PG(O-38:1),PG(P-38:0)",PG,1248.4000778198242,1245.3000869750977,1245.9200897216797,1251.440086364746,1257.4200859069824,1308.5800857543945,1256.3600883483887,1250.6000862121582,1246.1000938415527,Group: D,Group: C,Group: D vs Group: C,4,4,Blank_Blank_Blank
"PG(38:9),PG(37:2),PG(O-38:2),PG(P-38:1)",PG,1249.3000869750977,1245.7400970458984,1245.5800819396973,1251.8000793457031,1255.3400840759277,1277.4800834655762,1255.8800811767578,1251.2200889587402,1254.7200775146484,Group: D,Group: C,Group: D vs Group: C,4,4,Blank_Blank_Blank
"PG(39:1),PG(O-40:1),PG(P-40:0)",PG,1290.400089263916,1287.0801010131836,1287.5200881958008,1292.920093536377,1296.7000885009766,1296.1800918579102,1336.0600891113281,1292.360092163086,1311.3200950622559,Group: D,Group: C,Group: D vs Group: C,4,4,Blank_Blank_Blank
"PG(39:4),PG(O-40:4),PG(P-40:3)",PG,1290.960090637207,1286.8000946044922,1287.2800941467285,1292.8600883483887,1298.420093536377,1295.1000938415527,1318.5600891113281,1291.8600807189941,1286.4201011657715,Group: D,Group: C,Group: D vs Group: C,4,4,Blank_Blank_Blank
"PG(39:5),PG(O-40:5),PG(P-40:4)",PG,1290.06010055542,1286.6600914001465,1287.320083618164,1293.7200813293457,1298.0000839233398,1296.3600769042969,1298.320083618164,1291.7000885009766,1287.8000984191895,Group: D,Group: C,Group: D vs Group: C,4,4,Blank_Blank_Blank
"PG(39:6),PG(O-40:6),PG(P-40:5)",PG,1289.8800964355469,1288.0400886535645,1286.8400955200195,1308.2600936889648,1298.2000923156738,1319.2000923156738,1298.2200927734375,1292.900089263916,1286.8800888061523,Group: D,Group: C,Group: D vs Group: C,4,4,Blank_Blank_Blank
"PG(39:7),PG(P-40:6),PG(38:0),PG(O-39:0)",PG,1251.4600830078125,1269.9400901794434,1245.9000930786133,1251.700080871582,1254.760082244873,1269.760082244873,1255.6800842285156,1251.1200828552246,1244.6000862121582,Group: D,Group: C,Group: D vs Group: C,4,4,Blank_Blank_Blank
"PG(39:8),PG(38:1),PG(O-39:1),PG(P-39:0)",PG,1248.8000869750977,1246.3000869750977,1244.8400764465332,1251.9800872802734,1291.720085144043,1269.2000770568848,1256.3200874328613,1250.240089416504,1245.8200874328613,Group: D,Group: C,Group: D vs Group: C,4,4,Blank_Blank_Blank
"PG(40:1),PG(P-41:0)",PG,1314.580093383789,1287.1000862121582,1287.0800857543945,1293.5400848388672,1336.200096130371,1326.8200874328613,1302.9800910949707,1298.0800895690918,1331.260108947754,Group: D,Group: C,Group: D vs Group: C,4,4,Blank_Blank_Blank
"PG(40:10),PG(39:3),PG(O-40:3),PG(P-40:2)",PG,1290.2400932312012,1287.6400833129883,1287.020092010498,1292.8800926208496,1297.3400917053223,1316.7600746154785,1298.1800994873047,1292.4400939941406,1290.1800804138184,Group: D,Group: C,Group: D vs Group: C,4,4,Blank_Blank_Blank
PG(40:2),PG,1335.5800819396973,1286.0800895690918,1312.960090637207,1296.740089416504,1297.6600799560547,1296.3200950622559,1298.3600845336914,1316.0800819396973,1286.520092010498,Group: D,Group: C,Group: D vs Group: C,4,4,Blank_Blank_Blank
PG(40:3),PG,1290.0401000976562,1286.3200874328613,1319.7600860595703,1293.1000900268555,1331.0201034545898,1305.680088043213,1298.5800971984863,1292.080093383789,1287.540096282959,Group: D,Group: C,Group: D vs Group: C,4,4,Blank_Blank_Blank
PG(40:4),PG,1290.0000953674316,1287.2200927734375,1287.5000953674316,1292.6800842285156,1327.980079650879,1295.320083618164,1298.000087738037,1293.000087738037,1395.6800994873047,Group: D,Group: C,Group: D vs Group: C,4,4,Blank_Blank_Blank
PG(40:5),PG,1289.8600883483887,1287.0000915527344,1287.8600959777832,1312.2000923156738,1296.6400909423828,1295.5600929260254,1296.6400680541992,1293.6600952148438,1297.7600860595703,Group: D,Group: C,Group: D vs Group: C,4,4,Blank_Blank_Blank
PG(40:6),PG,1290.1401023864746,1286.7600936889648,1286.900089263916,1292.660083770752,1296.9800872802734,1345.7200965881348,1320.900089263916,1292.860092163086,1287.5600891113281,Group: D,Group: C,Group: D vs Group: C,4,4,Blank_Blank_Blank
"PG(40:7),PG(39:0),PG(O-40:0)",PG,1290.760097503662,1315.6000938415527,1286.2000923156738,1292.5600852966309,1297.2800827026367,1325.5000839233398,1298.0400886535645,1311.9400939941406,1288.1800994873047,Group: D,Group: C,Group: D vs Group: C,4,4,Blank_Blank_Blank
"PG(40:9),PG(39:2),PG(O-40:2),PG(P-40:1)",PG,1290.7000885009766,1286.4600830078125,1287.6400871276855,1291.860092163086,1303.0600852966309,1299.220085144043,1298.4400901794434,1291.940086364746,1297.7000846862793,Group: D,Group: C,Group: D vs Group: C,4,4,Blank_Blank_Blank
"PG(41:5),PG(P-42:4)",PG,1290.1600952148438,1287.2400970458984,1287.1400909423828,1294.7400856018066,1295.8800926208496,1333.1800918579102,1310.780086517334,1291.940097808838,1286.8200874328613,Group: D,Group: C,Group: D vs Group: C,4,4,Blank_Blank_Blank
"PG(41:6),PG(O-42:6)",PG,1289.960090637207,1287.460090637207,1287.800090789795,1293.1000900268555,1394.3800964355469,1295.6400909423828,1332.420093536377,1291.9800987243652,1304.4000930786133,Group: D,Group: C,Group: D vs Group: C,4,4,Blank_Blank_Blank
"PG(41:7),PG(P-42:6),PG(40:0),PG(O-41:0)",PG,1290.6200942993164,1286.2600898742676,1286.740089416504,1292.3600959777832,1323.0000953674316,1296.0400848388672,1297.8000869750977,1292.5600967407227,1286.540096282959,Group: D,Group: C,Group: D vs Group: C,4,4,Blank_Blank_Blank
PG(42:0),PG,1290.0400886535645,1288.0800819396973,1288.0600891113281,1292.960090637207,1297.1200866699219,1295.260082244873,1297.700080871582,1292.0800895690918,1295.7200927734375,Group: D,Group: C,Group: D vs Group: C,4,4,Blank_Blank_Blank
PG(42:1),PG,1289.5200996398926,1286.8600883483887,1287.3600997924805,1292.9000930786133,1296.240089416504,1295.6600799560547,1328.220085144043,1332.3801002502441,1287.0200996398926,Group: D,Group: C,Group: D vs Group: C,4,4,Blank_Blank_Blank
"PG(42:10),PG(41:3),PG(P-42:2)",PG,1289.4800872802734,1287.3801040649414,1306.0800895690918,1320.0400924682617,1318.240089416504,1295.300090789795,1338.9600868225098,1292.780086517334,1301.0801010131836,Group: D,Group: C,Group: D vs Group: C,4,4,Blank_Blank_Blank
"PG(42:11),PG(41:4),PG(O-42:4)",PG,1333.0201034545898,1287.0801048278809,1286.9200897216797,1292.800090789795,1296.440071105957,1296.3200950622559,1299.1400833129883,1313.7000885009766,1298.9400787353516,Group: D,Group: C,Group: D vs Group: C,4,4,Blank_Blank_Blank
PG(42:2),PG,1290.0400848388672,1327.0200843811035,1313.9600944519043,1292.8200950622559,1317.8200912475586,1295.9200859069824,1298.0200805664062,1292.9600868225098,1286.1000862121582,Group: D,Group: C,Group: D vs Group: C,4,4,Blank_Blank_Blank
PG(42:3),PG,1290.2000846862793,1286.7400970458984,1286.9200897216797,1293.020076751709,1296.8600959777832,1295.3600959777832,1298.300090789795,1346.280101776123,1286.4200820922852,Group: D,Group: C,Group: D vs Group: C,4,4,Blank_Blank_Blank
PG(42:4),PG,1290.5400848388672,1286.9200859069824,1286.3800964355469,1292.840087890625,1296.6600875854492,1304.04008102417,1298.580078125,1293.4600944519043,1310.700096130371,Group: D,Group: C,Group: D vs Group: C,4,4,Blank_Blank_Blank
PG(42:5),PG,1290.5400848388672,1287.0401000976562,1287.280101776123,1293.0000915527344,1297.1400833129883,1294.6200942993164,1298.3800888061523,1292.860092163086,1286.8000984191895,Group: D,Group: C,Group: D vs Group: C,4,4,Blank_Blank_Blank
PG(42:6),PG,1290.8200912475586,1286.6201057434082,1310.040096282959,1292.5400848388672,1299.04008102417,1295.0800857543945,1298.3400840759277,1292.4000930786133,1287.1200942993164,Group: D,Group: C,Group: D vs Group: C,4,4,Blank_Blank_Blank
"PG(42:7),PG(41:0),PG(O-42:0)",PG,1290.1400909423828,1286.840103149414,1287.4400749206543,1292.1800918579102,1297.1400871276855,1295.6800842285156,1332.54008102417,1329.2601013183594,1289.9800910949707,Group: D,Group: C,Group: D vs Group: C,4,4,Blank_Blank_Blank
"PG(42:8),PG(41:1),PG(O-42:1),PG(P-42:0)",PG,1289.9600944519043,1289.200096130371,1297.1200904846191,1319.5200958251953,1297.4800872802734,1295.5600852966309,1324.3400955200195,1292.8801040649414,1323.0801086425781,Group: D,Group: C,Group: D vs Group: C,4,4,Blank_Blank_Blank
"PG(42:9),PG(41:2),PG(O-42:2),PG(P-42:1)",PG,1290.2200889587402,1287.2200889587402,1286.7400817871094,1293.1000862121582,1316.2601013183594,1319.6400871276855,1296.9400901794434,1292.0600891113281,1333.8800888061523,Group: D,Group: C,Group: D vs Group: C,4,4,Blank_Blank_Blank
PG(43:2),PG,1289.5200881958008,1287.1600914001465,1286.840103149414,1311.0800971984863,1297.2800788879395,1295.6200981140137,1297.800106048584,1292.340087890625,1286.9400901794434,Group: D,Group: C,Group: D vs Group: C,4,4,Blank_Blank_Blank
PG(43:4),PG,1289.6600799560547,1320.0600929260254,1287.7200889587402,1293.0800819396973,1297.5800819396973,1294.9400901794434,1297.3400840759277,1292.60009765625,1294.8800888061523,Group: D,Group: C,Group: D vs Group: C,4,4,Blank_Blank_Blank
PG(43:6),PG,1370.5200958251953,1286.7400932312012,1287.420093536377,1293.6200866699219,1313.8600959777832,1344.9400825500488,1309.8200798034668,1291.9800910949707,1359.0201034545898,Group: D,Group: C,Group: D vs Group: C,4,4,Blank_Blank_Blank
PG(44:0),PG,1288.3400955200195,1285.3800926208496,1286.3400917053223,1290.6200866699219,1294.8000869750977,1294.3400917053223,1320.7800788879395,1291.2800903320312,1361.9000930786133,Group: D,Group: C,Group: D vs Group: C,4,4,Blank_Blank_Blank
PG(44:1),PG,1290.3400917053223,1286.9401016235352,1287.2600898742676,1292.8200912475586,1297.9800910949707,1295.500099182129,1297.760097503662,1292.400089263916,1287.5401039123535,Group: D,Group: C,Group: D vs Group: C,4,4,Blank_Blank_Blank
PG(44:10),PG,1290.8000793457031,1288.14009475708,1287.14009475708,1293.5000915527344,1296.680076599121,1309.4400939941406,1299.0600814819336,1291.5000915527344,1286.8200912475586,Group: D,Group: C,Group: D vs Group: C,4,4,Blank_Blank_Blank
PG(44:12),PG,1289.8200950622559,1287.000087738037,1287.7000923156738,1293.5200881958008,1326.4601020812988,1295.4800834655762,1304.9000854492188,1348.720100402832,1287.2601051330566,Group: D,Group: C,Group: D vs Group: C,4,4,Blank_Blank_Blank
PG(44:2),PG,1290.0400848388672,1286.1200790405273,1285.4600944519043,1292.5200881958008,1296.4400787353516,1296.480079650879,1298.5000839233398,1292.3800888061523,1287.6400909423828,Group: D,Group: C,Group: D vs Group: C,4,4,Blank_Blank_Blank
PG(44:3),PG,1290.0000915527344,1286.7400932312012,1357.6400909423828,1346.8000984191895,1329.1800918579102,1295.9600830078125,1298.5000953674316,1293.760082244873,1287.3600883483887,Group: D,Group: C,Group: D vs Group: C,4,4,Blank_Blank_Blank
PG(44:4),PG,1289.9800872802734,1287.3200912475586,1287.1001052856445,1292.5800895690918,1296.0000953674316,1295.740077972412,1309.1200866699219,1293.0200881958008,1287.6200828552246,Group: D,Group: C,Group: D vs Group: C,4,4,Blank_Blank_Blank
PG(44:5),PG,1336.2200889587402,1286.900089263916,1287.300090789795,1293.440097808838,1311.6600914001465,1295.660099029541,1298.2601051330566,1293.6400833129883,1286.8200912475586,Group: D,Group: C,Group: D vs Group: C,4,4,Blank_Blank_Blank
PG(44:6),PG,1289.780086517334,1285.9400939941406,1287.540096282959,1292.2001037597656,1297.2400932312012,1295.2200927734375,1298.6200904846191,1293.160083770752,1286.440086364746,Group: D,Group: C,Group: D vs Group: C,4,4,Blank_Blank_Blank
"PG(44:7),PG(43:0)",PG,1290.6200942993164,1287.880084991455,1287.1600875854492,1292.7200965881348,1332.080093383789,1295.5200881958008,1315.0600891113281,1292.9800872802734,1286.9000930786133,Group: D,Group: C,Group: D vs Group: C,4,4,Blank_Blank_Blank
"PG(44:8),PG(43:1)",PG,1289.400089263916,1287.2200965881348,1287.2001037597656,1293.3000755310059,1316.0600967407227,1295.4200897216797,1297.9000854492188,1293.300090789795,1287.14009475708,Group: D,Group: C,Group: D vs Group: C,4,4,Blank_Blank_Blank
"PG(O-35:1),PG(P-35:0)",PG,1334.6200942993164,1293.2400932312012,1277.3200874328613,1255.5600891113281,1400.9600944519043,1363.2200889587402,1299.2200889587402,1251.1200866699219,1251.8600883483887,Group: D,Group: C,Group: D vs Group: C,4,4,Blank_Blank_Blank
"PG(O-35:2),PG(P-35:1)",PG,1258.1000862121582,1246.6000938415527,1252.6800842285156,1250.5200881958008,1255.860092163086,1321.5400924682617,1362.0200996398926,1251.0000801086426,1316.200080871582,Group: D,Group: C,Group: D vs Group: C,4,4,Blank_Blank_Blank
"PG(O-37:2),PG(P-37:1)",PG,1248.5600967407227,1245.8400917053223,1436.9001083374023,1275.8400917053223,1264.8000831604004,1299.1400909423828,1289.020092010498,1284.340087890625,1286.4000930786133,Group: D,Group: C,Group: D vs Group: C,4,4,Blank_Blank_Blank
PI(24:0),PI,1405.6400871276855,1263.440097808838,1288.9600944519043,1503.020107269287,1559.880111694336,1354.3800926208496,1304.5800857543945,1288.5800895690918,1272.3000869750977,Group: D,Group: C,Group: D vs Group: C,4,4,Blank_Blank_Blank
PI(25:0),PI,1301.000099182129,1315.3400993347168,1306.7200965881348,1364.0800971984863,1406.1400985717773,1270.5200881958008,1345.4200859069824,1267.4200820922852,1328.800106048584,Group: D,Group: C,Group: D vs Group: C,4,4,Blank_Blank_Blank
PI(26:0),PI,1350.0401000976562,1286.5200805664062,1261.180088043213,1382.4601020812988,1428.6800956726074,1411.420108795166,1474.2801246643066,1310.7400856018066,1287.3200912475586,Group: D,Group: C,Group: D vs Group: C,4,4,Blank_Blank_Blank
PI(26:1),PI,1302.1600799560547,1263.2400932312012,1261.8800964355469,1387.5600967407227,1386.720085144043,1259.8400802612305,1281.6200790405273,1331.860092163086,1267.3000869750977,Group: D,Group: C,Group: D vs Group: C,4,4,Blank_Blank_Blank
"PI(27:0),PI(O-28:0)",PI,1360.0000953674316,1262.5600929260254,1260.9200973510742,1287.100082397461,1345.5200881958008,1312.200096130371,1371.1200942993164,1265.5600814819336,1267.9000930786133,Group: D,Group: C,Group: D vs Group: C,4,4,Blank_Blank_Blank
"PI(27:1),PI(P-28:0)",PI,1265.7200889587402,1292.7000999450684,1261.5200996398926,1295.8200912475586,1263.000087738037,1272.6200904846191,1264.8600883483887,1311.9400939941406,1266.5600852966309,Group: D,Group: C,Group: D vs Group: C,4,4,Blank_Blank_Blank
"PI(28:0),PI(O-29:0)",PI,1373.440097808838,1262.9400825500488,1261.6600914001465,1364.8000946044922,1263.460090637207,1456.320110321045,1322.1601066589355,1308.500099182129,1279.7800979614258,Group: D,Group: C,Group: D vs Group: C,4,4,Blank_Blank_Blank
"PI(28:1),PI(P-29:0)",PI,1272.2200889587402,1262.3400840759277,1281.0600929260254,1267.4200859069824,1291.4200859069824,1391.760108947754,1264.0000801086426,1265.2000885009766,1266.4200897216797,Group: D,Group: C,Group: D vs Group: C,4,4,Blank_Blank_Blank
PI(28:2),PI,1265.140079498291,1274.9400749206543,1260.7000923156738,1311.4200859069824,1284.1000938415527,1259.8400840759277,1283.4600830078125,1264.8400917053223,1321.5400924682617,Group: D,Group: C,Group: D vs Group: C,4,4,Blank_Blank_Blank
"PI(29:0),PI(O-30:0)",PI,1303.480094909668,1262.2800827026367,1291.4400901794434,1310.5600929260254,1307.800090789795,1296.9601020812988,1381.160099029541,1266.0600929260254,1266.5800895690918,Group: D,Group: C,Group: D vs Group: C,4,4,Blank_Blank_Blank
"PI(29:1),PI(O-30:1),PI(P-30:0)",PI,1265.1401023864746,1277.4800910949707,1261.5800857543945,1266.680088043213,1294.300090789795,1286.1200828552246,1267.2800903320312,1270.2200965881348,1266.9800872802734,Group: D,Group: C,Group: D vs Group: C,4,4,Blank_Blank_Blank
"PI(29:2),PI(P-30:1)",PI,1302.0800819396973,1363.0801010131836,1404.9000968933105,1315.3200912475586,1296.4000968933105,1259.3000831604004,1327.7800941467285,1305.8200988769531,1265.9800834655762,Group: D,Group: C,Group: D vs Group: C,4,4,Blank_Blank_Blank
"PI(30:0),PI(O-31:0)",PI,1332.900089263916,1285.9201011657715,1261.0800819396973,1266.2800827026367,1263.8400802612305,1288.040096282959,1318.0000953674316,1265.840087890625,1266.760097503662,Group: D,Group: C,Group: D vs Group: C,4,4,Blank_Blank_Blank
"PI(30:1),PI(O-31:1),PI(P-31:0)",PI,1345.6200904846191,1326.5801010131836,1261.1800842285156,1265.9800872802734,1263.9200859069824,1260.1000938415527,1264.600082397461,1265.8600845336914,1332.120101928711,Group: D,Group: C,Group: D vs Group: C,4,4,Blank_Blank_Blank
"PI(30:2),PI(P-31:1)",PI,1266.0800857543945,1263.340087890625,1275.460090637207,1287.8400917053223,1263.400089263916,1260.8200912475586,1265.9000854492188,1303.9200859069824,1268.3000946044922,Group: D,Group: C,Group: D vs Group: C,4,4,Blank_Blank_Blank
PI(30:3),PI,1266.0800895690918,1263.180076599121,1262.240089416504,1293.5600967407227,1264.6200942993164,1325.4400825500488,1265.080078125,1266.2200775146484,1266.8000946044922,Group: D,Group: C,Group: D vs Group: C,4,4,Blank_Blank_Blank
PI(30:4),PI,1265.4800872802734,1262.300090789795,1283.3400955200195,1309.8800926208496,1297.2400817871094,1321.3200950622559,1265.220085144043,1265.9800910949707,1267.1200904846191,Group: D,Group: C,Group: D vs Group: C,4,4,Blank_Blank_Blank
"PI(31:0),PI(O-32:0)",PI,1413.7600898742676,1378.9800987243652,1272.9600944519043,1266.6200904846191,1330.0800971984863,1305.7600936889648,1264.3000755310059,1264.8600769042969,1301.580078125,Group: D,Group: C,Group: D vs Group: C,4,4,Blank_Blank_Blank
"PI(31:1),PI(O-32:1),PI(P-32:0)",PI,1312.8400917053223,1314.500087738037,1295.2600860595703,1355.680088043213,1411.680103302002,1280.0000915527344,1284.4200897216797,1265.0800857543945,1265.9000968933105,Group: D,Group: C,Group: D vs Group: C,4,4,Blank_Blank_Blank
"PI(31:2),PI(P-32:1)",PI,1319.2800979614258,1263.320083618164,1261.220085144043,1266.8200874328613,1278.2800941467285,1258.880084991455,1351.180088043213,1266.1200790405273,1267.1200828552246,Group: D,Group: C,Group: D vs Group: C,4,4,Blank_Blank_Blank
PI(31:3),PI,1264.4800872802734,1262.3200950622559,1261.2400932312012,1266.3600883483887,1263.4800872802734,1258.9400787353516,1264.3400840759277,1265.0800819396973,1296.6000938415527,Group: D,Group: C,Group: D vs Group: C,4,4,Blank_Blank_Blank
PI(31:4),PI,1319.1600952148438,1308.160099029541,1261.6801071166992,1265.9800872802734,1264.340087890625,1258.9600944519043,1265.400104522705,1318.7400856018066,1266.4200859069824,Group: D,Group: C,Group: D vs Group: C,4,4,Blank_Blank_Blank
"PI(32:0),PI(O-33:0)",PI,1303.5000953674316,1338.4401054382324,1277.2400932312012,1338.0600891113281,1297.3800964355469,1264.320083618164,1376.1400871276855,1266.3600845336914,1266.9000968933105,Group: D,Group: C,Group: D vs Group: C,4,4,Blank_Blank_Blank
"PI(32:1),PI(O-33:1),PI(P-33:0)",PI,1362.3200912475586,1262.8000984191895,1322.9600944519043,1267.1400985717773,1396.880084991455,1306.8200912475586,1343.2200927734375,1312.4601020812988,1267.400089263916,Group: D,Group: C,Group: D vs Group: C,4,4,Blank_Blank_Blank
"PI(32:2),PI(O-33:2),PI(P-33:1)",PI,1327.860107421875,1281.840087890625,1261.5600929260254,1266.4800834655762,1347.4800987243652,1329.4000930786133,1265.4800910949707,1359.5800819396973,1267.5401039123535,Group: D,Group: C,Group: D vs Group: C,4,4,Blank_Blank_Blank
"PI(32:3),PI(P-33:2)",PI,1265.8400802612305,1263.7400932312012,1270.4000854492188,1266.520076751709,1264.0800857543945,1290.12007522583,1265.0000839233398,1265.9600868225098,1267.3800888061523,Group: D,Group: C,Group: D vs Group: C,4,4,Blank_Blank_Blank
PI(32:4),PI,1265.260097503662,1262.9000968933105,1262.2200965881348,1266.7400856018066,1264.7200813293457,1259.4800872802734,1264.5800819396973,1264.980094909668,1275.6401062011719,Group: D,Group: C,Group: D vs Group: C,4,4,Blank_Blank_Blank
PI(32:5),PI,1265.6600761413574,1263.9600868225098,1285.4000968933105,1266.6200904846191,1286.4000968933105,1295.920093536377,1265.3400802612305,1264.960090637207,1288.4800872802734,Group: D,Group: C,Group: D vs Group: C,4,4,Blank_Blank_Blank
"PI(33:0),PI(O-34:0)",PI,1276.7600898742676,1263.8800926208496,1261.3000831604004,1267.900074005127,1325.6800956726074,1259.880084991455,1281.0600967407227,1264.400089263916,1298.3600959777832,Group: D,Group: C,Group: D vs Group: C,4,4,Blank_Blank_Blank
"PI(33:1),PI(O-34:1),PI(P-34:0)",PI,1307.8200874328613,1294.4201011657715,1284.8000793457031,1276.9200897216797,1263.7200889587402,1314.8200912475586,1296.6800994873047,1265.8200874328613,1267.0801010131836,Group: D,Group: C,Group: D vs Group: C,4,4,Blank_Blank_Blank
"PI(33:2),PI(O-34:2),PI(P-34:1)",PI,1264.520092010498,1274.9201011657715,1283.680103302002,1286.5400848388672,1333.5001029968262,1261.1800918579102,1324.1800804138184,1319.040096282959,1270.0000839233398,Group: D,Group: C,Group: D vs Group: C,4,4,Blank_Blank_Blank
"PI(33:3),PI(O-34:3),PI(P-34:2)",PI,1264.6200904846191,1261.200096130371,1331.4201049804688,1330.420093536377,1324.5000915527344,1259.8800964355469,1264.6200942993164,1266.3800926208496,1267.14009475708,Group: D,Group: C,Group: D vs Group: C,4,4,Blank_Blank_Blank
"PI(33:4),PI(O-34:4),PI(P-34:3)",PI,1265.3200988769531,1262.5800819396973,1261.440097808838,1265.8200912475586,1263.5000839233398,1258.940086364746,1286.3600959777832,1266.080093383789,1267.2600898742676,Group: D,Group: C,Group: D vs Group: C,4,4,Blank_Blank_Blank
"PI(33:5),PI(P-34:4)",PI,1265.4000930786133,1263.0200805664062,1261.2000923156738,1291.4000968933105,1263.500087738037,1277.9400825500488,1265.3600883483887,1265.8001022338867,1277.4600868225098,Group: D,Group: C,Group: D vs Group: C,4,4,Blank_Blank_Blank
"PI(34:0),PI(O-35:0)",PI,1263.9000930786133,1364.040096282959,1314.2400970458984,1330.8400955200195,1332.280101776123,1375.9600944519043,1263.8600807189941,1266.6600875854492,1267.1200904846191,Group: D,Group: C,Group: D vs Group: C,4,4,Blank_Blank_Blank
"PI(34:1),PI(O-35:1),PI(P-35:0)",PI,1669.1601104736328,1346.480094909668,1396.580093383789,1685.5601196289062,1986.2201461791992,1321.3200912475586,1429.9601020812988,1400.3201026916504,1267.8600845336914,Group: D,Group: C,Group: D vs Group: C,4,4,Blank_Blank_Blank
"PI(34:2),PI(O-35:2),PI(P-35:1)",PI,2658.680187225342,1790.4201354980469,2064.740165710449,5423.540390014648,2714.260181427002,2673.9001655578613,2319.3201446533203,1421.8001022338867,1266.6600952148438,Group: D,Group: C,Group: D vs Group: C,4,4,Blank_Blank_Blank
"PI(34:3),PI(P-35:2)",PI,1330.760097503662,1299.0400924682617,1403.9200820922852,1517.0401000976562,1395.3000946044922,1258.8000831604004,1411.1001091003418,1266.1200904846191,1267.1000862121582,Group: D,Group: C,Group: D vs Group: C,4,4,Blank_Blank_Blank
PI(34:4),PI,1265.000087738037,1308.6600952148438,1261.14009475708,1289.9600868225098,1264.0800857543945,1280.260097503662,1264.8200874328613,1266.0000839233398,1267.4600830078125,Group: D,Group: C,Group: D vs Group: C,4,4,Blank_Blank_Blank
PI(34:5),PI,1265.4600982666016,1262.4800910949707,1262.3600845336914,1266.7000846862793,1264.0000915527344,1298.1000862121582,1264.7200927734375,1264.4400939941406,1267.3800926208496,Group: D,Group: C,Group: D vs Group: C,4,4,Blank_Blank_Blank
PI(34:6),PI,1265.160083770752,1262.4600944519043,1261.980094909668,1286.3000869750977,1307.4800987243652,1259.3200874328613,1265.2401008605957,1264.7000885009766,1266.8200874328613,Group: D,Group: C,Group: D vs Group: C,4,4,Blank_Blank_Blank
"PI(35:2),PI(O-36:2),PI(P-36:1)",PI,1265.6600875854492,1262.3200912475586,1338.9801025390625,1381.1201057434082,1383.8200950622559,1283.9600830078125,1314.10009765625,1265.4000854492188,1318.8001022338867,Group: D,Group: C,Group: D vs Group: C,4,4,Blank_Blank_Blank
"PI(35:3),PI(O-36:3),PI(P-36:2)",PI,1282.7600898742676,1263.080093383789,1281.3400955200195,1269.360092163086,1280.1400756835938,1313.9801063537598,1265.1600875854492,1266.3200950622559,1266.7000885009766,Group: D,Group: C,Group: D vs Group: C,4,4,Blank_Blank_Blank
"PI(35:4),PI(O-36:4),PI(P-36:3)",PI,1285.64009475708,1262.8000869750977,1261.6400909423828,1335.4401054382324,1289.7200889587402,1260.2000846862793,1265.240089416504,1265.180088043213,1267.7600898742676,Group: D,Group: C,Group: D vs Group: C,4,4,Blank_Blank_Blank
"PI(35:5),PI(O-36:5),PI(P-36:4)",PI,1265.8400917053223,1263.4600830078125,1261.8200912475586,1265.8200988769531,1264.6000938415527,1274.900089263916,1322.460090637207,1266.3400802612305,1277.300090789795,Group: D,Group: C,Group: D vs Group: C,4,4,Blank_Blank_Blank
"PI(35:6),PI(P-36:5)",PI,1281.3400955200195,1262.260082244873,1261.2001037597656,1292.7600936889648,1279.4000854492188,1259.520092010498,1264.0000915527344,1266.380084991455,1266.6000862121582,Group: D,Group: C,Group: D vs Group: C,4,4,Blank_Blank_Blank
"PI(36:1),PI(O-37:1),PI(P-37:0)",PI,1358.9600982666016,1348.0000915527344,1312.0800857543945,2204.340129852295,1992.0401306152344,1378.8201026916504,1591.6801109313965,1265.1600952148438,1267.2401008605957,Group: D,Group: C,Group: D vs Group: C,4,4,Blank_Blank_Blank
"PI(36:2),PI(O-37:2),PI(P-37:1)",PI,4631.32035446167,3077.8402214050293,3398.740219116211,14678.640800476074,4186.840358734131,3697.8602905273438,5402.6804122924805,1921.5001373291016,1266.7600860595703,Group: D,Group: C,Group: D vs Group: C,4,4,Blank_Blank_Blank
"PI(36:3),PI(P-37:2)",PI,4185.280342102051,3591.8402519226074,2905.080192565918,11406.180606842041,8153.760684967041,4055.280227661133,5402.300445556641,1979.6201400756836,1266.8400917053223,Group: D,Group: C,Group: D vs Group: C,4,4,Blank_Blank_Blank
PI(36:4),PI,7182.300338745117,5490.840293884277,3804.4201889038086,11150.860946655273,16101.22106552124,4883.780277252197,8441.400478363037,2469.620204925537,1267.8200874328613,Group: D,Group: C,Group: D vs Group: C,4,4,Blank_Blank_Blank
PI(36:5),PI,1436.460105895996,1368.740077972412,1361.8800926208496,1629.9801292419434,1736.8801307678223,1305.7400932312012,1576.1800994873047,1278.5600891113281,1266.7400932312012,Group: D,Group: C,Group: D vs Group: C,4,4,Blank_Blank_Blank
PI(36:6),PI,1278.1400985717773,1262.64009475708,1292.8801002502441,1298.7000923156738,1276.7400817871094,1258.9600944519043,1265.1800918579102,1265.3200798034668,1281.9400901794434,Group: D,Group: C,Group: D vs Group: C,4,4,Blank_Blank_Blank
"PI(36:7),PI(35:0),PI(O-36:0)",PI,1265.760082244873,1262.4200744628906,1260.9400787353516,1275.680088043213,1263.7200927734375,1259.740089416504,1321.6600952148438,1325.2000999450684,1278.440097808838,Group: D,Group: C,Group: D vs Group: C,4,4,Blank_Blank_Blank
"PI(36:8),PI(35:1),PI(O-36:1),PI(P-36:0)",PI,1265.2200889587402,1262.440097808838,1346.2600898742676,1266.880084991455,1272.000087738037,1259.7000999450684,1296.520092010498,1265.1400833129883,1295.0000915527344,Group: D,Group: C,Group: D vs Group: C,4,4,Blank_Blank_Blank
"PI(37:3),PI(O-38:3),PI(P-38:2)",PI,1493.400089263916,1301.3201065063477,1431.0200958251953,1830.5801162719727,1401.000099182129,1441.3400955200195,1586.8601150512695,1338.9601020812988,1267.0800971984863,Group: D,Group: C,Group: D vs Group: C,4,4,Blank_Blank_Blank
"PI(37:4),PI(O-38:4),PI(P-38:3)",PI,1584.8601188659668,1686.5401229858398,1411.8600883483887,2275.480155944824,1486.4401054382324,1505.0401039123535,1643.0201148986816,1493.0001029968262,1267.3800773620605,Group: D,Group: C,Group: D vs Group: C,4,4,Blank_Blank_Blank
"PI(37:5),PI(O-38:5),PI(P-38:4)",PI,1374.4601020812988,1307.4000968933105,1261.5801010131836,1266.2800979614258,1263.3400917053223,1260.620101928711,1264.9400939941406,1284.680088043213,1267.1000785827637,Group: D,Group: C,Group: D vs Group: C,4,4,Blank_Blank_Blank
"PI(37:6),PI(O-38:6),PI(P-38:5)",PI,1277.5600814819336,1263.2400932312012,1308.4200897216797,1266.0000953674316,1307.8000946044922,1260.1000747680664,1264.500087738037,1265.960090637207,1266.980094909668,Group: D,Group: C,Group: D vs Group: C,4,4,Blank_Blank_Blank
"PI(37:7),PI(P-38:6),PI(36:0),PI(O-37:0)",PI,1307.7600860595703,1264.3000869750977,1298.7400970458984,1375.8400955200195,1275.4400939941406,1288.3400993347168,1265.4600868225098,1337.5400924682617,1266.3200874328613,Group: D,Group: C,Group: D vs Group: C,4,4,Blank_Blank_Blank
"PI(38:2),PI(P-39:1)",PI,2003.0601196289062,2134.5601539611816,1847.9201316833496,3817.9202995300293,3207.5402069091797,1955.2001686096191,2474.9001846313477,1614.4801063537598,1267.2200889587402,Group: D,Group: C,Group: D vs Group: C,4,4,Blank_Blank_Blank
PI(38:3),PI,11888.420902252197,9397.42078781128,6994.980560302734,28592.04248046875,21991.42110824585,9274.20048904419,21121.44125366211,6211.340427398682,1296.1800918579102,Group: D,Group: C,Group: D vs Group: C,4,4,Blank_Blank_Blank
PI(38:4),PI,44193.36301803589,46157.68330383301,34364.08278274536,172715.83779525757,111865.50644302368,38528.303150177,116519.91062545776,24881.982318878174,1299.3000946044922,Group: D,Group: C,Group: D vs Group: C,4,4,Blank_Blank_Blank
PI(38:5),PI,5083.300369262695,4406.220359802246,4223.3203125,14301.78108215332,11882.420673370361,4181.340251922607,8925.160636901855,3710.640239715576,1266.3801040649414,Group: D,Group: C,Group: D vs Group: C,4,4,Blank_Blank_Blank
PI(38:6),PI,1865.300148010254,1636.7801246643066,1611.820110321045,2611.5401573181152,2546.5401916503906,1584.040111541748,2145.0601539611816,1318.3600883483887,1266.8600883483887,Group: D,Group: C,Group: D vs Group: C,4,4,Blank_Blank_Blank
"PI(38:7),PI(37:0),PI(O-38:0)",PI,1353.9200859069824,1283.7800979614258,1273.6000900268555,1354.14009475708,1343.2800941467285,1259.5200881958008,1264.7800827026367,1266.1200942993164,1324.4201011657715,Group: D,Group: C,Group: D vs Group: C,4,4,Blank_Blank_Blank
"PI(38:8),PI(37:1),PI(O-38:1),PI(P-38:0)",PI,1317.9600982666016,1263.6800918579102,1334.6600914001465,1266.4400901794434,1279.4200820922852,1258.6200904846191,1272.8400955200195,1266.5200843811035,1266.6400833129883,Group: D,Group: C,Group: D vs Group: C,4,4,Blank_Blank_Blank
"PI(38:9),PI(37:2),PI(O-38:2),PI(P-38:1)",PI,1319.6800918579102,1350.540096282959,1292.3000831604004,1469.940097808838,1262.940071105957,1316.2400932312012,1392.980110168457,1272.5000953674316,1266.6200942993164,Group: D,Group: C,Group: D vs Group: C,4,4,Blank_Blank_Blank
"PI(39:4),PI(O-40:4),PI(P-40:3)",PI,1750.0801277160645,1416.0601119995117,1878.8401260375977,2265.220157623291,2221.3001670837402,1586.6601066589355,1513.7400932312012,1352.2201042175293,1266.1400871276855,Group: D,Group: C,Group: D vs Group: C,4,4,Blank_Blank_Blank
"PI(39:5),PI(O-40:5),PI(P-40:4)",PI,1338.520092010498,1270.5200881958008,1265.7800941467285,1397.2400932312012,1449.520107269287,1260.3000831604004,1343.7800941467285,1265.0600929260254,1266.3800964355469,Group: D,Group: C,Group: D vs Group: C,4,4,Blank_Blank_Blank
"PI(39:6),PI(O-40:6),PI(P-40:5)",PI,1357.440097808838,1263.240089416504,1280.9200897216797,1404.5000915527344,1331.2400817871094,1269.2800827026367,1263.840087890625,1277.160083770752,1267.1400985717773,Group: D,Group: C,Group: D vs Group: C,4,4,Blank_Blank_Blank
"PI(39:7),PI(P-40:6),PI(38:0),PI(O-39:0)",PI,1265.5800895690918,1262.7600898742676,1262.3000831604004,1302.0400886535645,1284.4600944519043,1285.020092010498,1294.920078277588,1265.0000915527344,1267.0800857543945,Group: D,Group: C,Group: D vs Group: C,4,4,Blank_Blank_Blank
"PI(39:8),PI(38:1),PI(O-39:1),PI(P-39:0)",PI,1298.4201011657715,1291.4800910949707,1275.7400970458984,1419.3201065063477,1286.8600883483887,1287.0600852966309,1398.1000938415527,1291.3800888061523,1267.3600883483887,Group: D,Group: C,Group: D vs Group: C,4,4,Blank_Blank_Blank
"PI(40:1),PI(P-41:0)",PI,1264.9800910949707,1262.8800888061523,1261.0200881958008,1335.8600883483887,1263.4800910949707,1305.10009765625,1265.4400901794434,1319.5000915527344,1266.8000984191895,Group: D,Group: C,Group: D vs Group: C,4,4,Blank_Blank_Blank
"PI(40:10),PI(39:3),PI(O-40:3),PI(P-40:2)",PI,1273.7001037597656,1263.6200981140137,1532.2001152038574,1682.460117340088,1509.7601051330566,1325.5600891113281,1475.120101928711,1312.740077972412,1266.980079650879,Group: D,Group: C,Group: D vs Group: C,4,4,Blank_Blank_Blank
PI(40:2),PI,1318.0000915527344,1293.080093383789,1303.4801025390625,1265.4800834655762,1287.340087890625,1259.0400886535645,1280.9800758361816,1266.6600914001465,1266.9201011657715,Group: D,Group: C,Group: D vs Group: C,4,4,Blank_Blank_Blank
PI(40:3),PI,1362.4200973510742,1330.4600982666016,1472.4601020812988,1797.880126953125,1447.3000984191895,1337.220085144043,1759.7801246643066,1279.480094909668,1266.2400817871094,Group: D,Group: C,Group: D vs Group: C,4,4,Blank_Blank_Blank
PI(40:4),PI,2160.680149078369,2170.700164794922,2460.740131378174,3264.4802474975586,2738.4601707458496,1835.66011428833,3252.340187072754,1544.7601165771484,1267.660083770752,Group: D,Group: C,Group: D vs Group: C,4,4,Blank_Blank_Blank
PI(40:5),PI,1695.5000953674316,1843.8801460266113,2574.180187225342,2917.520179748535,3126.2002296447754,1533.0001029968262,2567.700183868408,1514.7401084899902,1266.2000999450684,Group: D,Group: C,Group: D vs Group: C,4,4,Blank_Blank_Blank
PI(40:6),PI,2220.5201568603516,1852.2601318359375,3337.7402687072754,4827.120323181152,3989.9803504943848,1514.7001113891602,3075.7401847839355,1450.6201057434082,1267.3200874328613,Group: D,Group: C,Group: D vs Group: C,4,4,Blank_Blank_Blank
"PI(40:7),PI(39:0),PI(O-40:0),PI(dO-41:0)",PI,1392.4001007080078,1295.10009765625,1502.2401008605957,1717.2201309204102,1596.0401039123535,1384.6001091003418,1665.520118713379,1354.4200859069824,1266.5400772094727,Group: D,Group: C,Group: D vs Group: C,4,4,Blank_Blank_Blank
"PI(40:8),PI(39:1),PI(O-40:1),PI(P-40:0)",PI,1265.3400840759277,1283.5600852966309,1269.760082244873,1390.080093383789,1356.0400924682617,1295.7000846862793,1488.3201179504395,1288.64009475708,1266.860092163086,Group: D,Group: C,Group: D vs Group: C,4,4,Blank_Blank_Blank
"PI(40:9),PI(39:2),PI(O-40:2),PI(P-40:1)",PI,1365.5000801086426,1298.7800979614258,1261.340087890625,1270.400089263916,1271.5200996398926,1291.840103149414,1305.5600891113281,1310.3600959777832,1266.140079498291,Group: D,Group: C,Group: D vs Group: C,4,4,Blank_Blank_Blank
"PI(41:5),PI(P-42:4)",PI,1294.720085144043,1294.2400970458984,1260.5600967407227,1304.4600944519043,1314.840087890625,1258.1400909423828,1296.540096282959,1265.3800888061523,1265.8400840759277,Group: D,Group: C,Group: D vs Group: C,4,4,Blank_Blank_Blank
"PI(41:6),PI(O-42:6)",PI,1264.0400924682617,1263.3200950622559,1327.1400909423828,1304.0800971984863,1289.6000900268555,1259.0600776672363,1264.2800788879395,1266.200096130371,1267.0000915527344,Group: D,Group: C,Group: D vs Group: C,4,4,Blank_Blank_Blank
"PI(41:7),PI(P-42:6),PI(40:0),PI(O-41:0)",PI,1264.7600784301758,1263.5800895690918,1271.940086364746,1266.8200988769531,1263.9200973510742,1257.9000854492188,1310.840087890625,1265.8200912475586,1266.0600891113281,Group: D,Group: C,Group: D vs Group: C,4,4,Blank_Blank_Blank
PI(42:0),PI,1265.8200874328613,1263.4800910949707,1261.3000984191895,1266.0600891113281,1263.9600830078125,1258.9800834655762,1265.2800903320312,1266.4400901794434,1265.5400772094727,Group: D,Group: C,Group: D vs Group: C,4,4,Blank_Blank_Blank
PI(42:1),PI,1264.9600944519043,1263.6600875854492,1261.1200904846191,1266.9000854492188,1263.2400932312012,1258.7000846862793,1265.340087890625,1266.4800910949707,1266.9600830078125,Group: D,Group: C,Group: D vs Group: C,4,4,Blank_Blank_Blank
"PI(42:10),PI(41:3),PI(P-42:2)",PI,1264.6200866699219,1263.1600914001465,1262.0800895690918,1269.360092163086,1278.800090789795,1260.0400924682617,1264.9800987243652,1265.4800834655762,1266.8400840759277,Group: D,Group: C,Group: D vs Group: C,4,4,Blank_Blank_Blank
"PI(42:11),PI(41:4),PI(O-42:4)",PI,1315.6400871276855,1263.2400856018066,1261.800090789795,1267.2400932312012,1263.5400772094727,1259.0600929260254,1265.5200881958008,1264.8601036071777,1267.2800827026367,Group: D,Group: C,Group: D vs Group: C,4,4,Blank_Blank_Blank
PI(42:3),PI,1264.4601020812988,1264.3200798034668,1261.2400817871094,1266.3600845336914,1300.680088043213,1262.900089263916,1264.5600776672363,1266.4400939941406,1266.6000862121582,Group: D,Group: C,Group: D vs Group: C,4,4,Blank_Blank_Blank
PI(42:4),PI,1343.680088043213,1263.3200912475586,1274.800090789795,1266.5800819396973,1269.2000846862793,1259.9200820922852,1267.7000885009766,1265.7200927734375,1267.4600982666016,Group: D,Group: C,Group: D vs Group: C,4,4,Blank_Blank_Blank
PI(42:5),PI,1265.3000946044922,1263.280086517334,1281.3200912475586,1365.6400909423828,1268.940086364746,1259.5800819396973,1312.1600914001465,1264.7000885009766,1266.2000770568848,Group: D,Group: C,Group: D vs Group: C,4,4,Blank_Blank_Blank
PI(42:6),PI,1382.1800994873047,1263.1600875854492,1294.1000900268555,1311.9800834655762,1324.3000946044922,1287.1000862121582,1309.320083618164,1265.1600952148438,1266.6800956726074,Group: D,Group: C,Group: D vs Group: C,4,4,Blank_Blank_Blank
"PI(42:7),PI(41:0),PI(O-42:0)",PI,1283.0400848388672,1263.3801002502441,1262.600082397461,1300.5600891113281,1272.5600929260254,1258.7600784301758,1264.6600875854492,1264.8000793457031,1266.8000869750977,Group: D,Group: C,Group: D vs Group: C,4,4,Blank_Blank_Blank
"PI(42:8),PI(41:1),PI(O-42:1),PI(P-42:0)",PI,1300.960090637207,1263.3400917053223,1277.3400764465332,1283.9000968933105,1298.6200942993164,1259.400089263916,1264.4200897216797,1264.8000869750977,1266.780101776123,Group: D,Group: C,Group: D vs Group: C,4,4,Blank_Blank_Blank
"PI(42:9),PI(41:2),PI(O-42:2),PI(P-42:1)",PI,1265.1200790405273,1263.3800888061523,1262.4400825500488,1294.3400840759277,1283.4200859069824,1259.200096130371,1264.9200859069824,1265.4400825500488,1266.4600830078125,Group: D,Group: C,Group: D vs Group: C,4,4,Blank_Blank_Blank
PI(43:2),PI,1265.0600852966309,1307.9600868225098,1260.5800971984863,1283.4600868225098,1263.5000839233398,1259.9400787353516,1316.900089263916,1264.5600929260254,1266.3000946044922,Group: D,Group: C,Group: D vs Group: C,4,4,Blank_Blank_Blank
PI(43:2)_2,PI,1265.6200866699219,1263.9400939941406,1262.5400848388672,1305.4200973510742,1264.3800888061523,1259.6600875854492,1265.4600830078125,1266.4200859069824,1267.020092010498,Group: D,Group: C,Group: D vs Group: C,4,4,Blank_Blank_Blank
PI(43:4),PI,1330.420093536377,1263.9400939941406,1261.7600746154785,1280.4800834655762,1263.7200927734375,1259.0400848388672,1270.180103302002,1266.7400932312012,1267.2600936889648,Group: D,Group: C,Group: D vs Group: C,4,4,Blank_Blank_Blank
PI(43:6),PI,1265.020092010498,1263.1200942993164,1261.2200889587402,1266.0801010131836,1263.360092163086,1274.6200942993164,1264.8400917053223,1289.5200958251953,1266.8800773620605,Group: D,Group: C,Group: D vs Group: C,4,4,Blank_Blank_Blank
PI(44:0),PI,1263.1800918579102,1261.6200904846191,1260.9200820922852,1265.6400871276855,1262.780086517334,1258.1600875854492,1263.2800903320312,1264.1800918579102,1265.840087890625,Group: D,Group: C,Group: D vs Group: C,4,4,Blank_Blank_Blank
PI(44:1),PI,1264.8600845336914,1262.4200859069824,1262.04008102417,1267.4200820922852,1264.7000923156738,1259.9800910949707,1264.7000885009766,1265.5200881958008,1265.7800827026367,Group: D,Group: C,Group: D vs Group: C,4,4,Blank_Blank_Blank
PI(44:10),PI,1264.7800788879395,1263.2801055908203,1261.7600860595703,1265.6200904846191,1264.3800888061523,1259.6600799560547,1265.160099029541,1266.5000915527344,1266.940086364746,Group: D,Group: C,Group: D vs Group: C,4,4,Blank_Blank_Blank
PI(44:12),PI,1265.4800987243652,1263.0600929260254,1260.6000938415527,1265.200096130371,1263.8400917053223,1259.5000839233398,1264.920093536377,1265.8600845336914,1266.3000984191895,Group: D,Group: C,Group: D vs Group: C,4,4,Blank_Blank_Blank
PI(44:2),PI,1276.1200981140137,1262.9200859069824,1261.3600883483887,1266.840087890625,1264.1000900268555,1259.6600914001465,1265.5800857543945,1265.8200874328613,1267.4200820922852,Group: D,Group: C,Group: D vs Group: C,4,4,Blank_Blank_Blank
PI(44:3),PI,1265.54008102417,1263.0400886535645,1261.5600967407227,1266.2400817871094,1263.900089263916,1259.4400825500488,1264.6400909423828,1265.5200996398926,1266.1000900268555,Group: D,Group: C,Group: D vs Group: C,4,4,Blank_Blank_Blank
PI(44:5),PI,1264.500087738037,1263.4000968933105,1261.300090789795,1266.4800910949707,1263.940086364746,1258.6000900268555,1265.0200881958008,1345.9201049804688,1266.8600883483887,Group: D,Group: C,Group: D vs Group: C,4,4,Blank_Blank_Blank
PI(44:6),PI,1263.9000854492188,1263.4001007080078,1262.0401039123535,1267.380084991455,1263.5800857543945,1258.3800773620605,1265.0600852966309,1264.980094909668,1266.3400840759277,Group: D,Group: C,Group: D vs Group: C,4,4,Blank_Blank_Blank
"PI(44:7),PI(43:0)",PI,1264.3400917053223,1262.3000793457031,1261.3800888061523,1267.180088043213,1263.6600875854492,1258.0400848388672,1264.5600929260254,1293.2600898742676,1306.7400970458984,Group: D,Group: C,Group: D vs Group: C,4,4,Blank_Blank_Blank
"PI(44:8),PI(43:1)",PI,1277.7600936889648,1263.2800941467285,1261.000087738037,1267.3400993347168,1263.5800895690918,1259.0200881958008,1306.5001029968262,1265.380084991455,1266.6800918579102,Group: D,Group: C,Group: D vs Group: C,4,4,Blank_Blank_Blank
PS(24:0),PS,1373.7000999450684,1276.5400886535645,1478.100112915039,1318.7000885009766,1374.380084991455,1497.0801048278809,1336.9400939941406,1487.0000839233398,1372.6001014709473,Group: D,Group: C,Group: D vs Group: C,4,4,Blank_Blank_Blank
PS(25:0),PS,1304.6800918579102,1295.800090789795,1371.900089263916,1300.5800857543945,1510.8000984191895,1334.3400955200195,1594.5801048278809,1512.760097503662,1360.860092163086,Group: D,Group: C,Group: D vs Group: C,4,4,Blank_Blank_Blank
PS(26:0),PS,1278.0800895690918,1263.3200912475586,1349.0400886535645,1323.1000862121582,1336.040096282959,1261.0600891113281,1388.4400939941406,1258.6000862121582,1407.4800910949707,Group: D,Group: C,Group: D vs Group: C,4,4,Blank_Blank_Blank
PS(26:1),PS,1626.16011428833,1549.260108947754,1773.8201332092285,1424.8800964355469,1556.1401100158691,1504.000099182129,1416.760108947754,1765.2801208496094,1658.2801246643066,Group: D,Group: C,Group: D vs Group: C,4,4,Blank_Blank_Blank
PS(28:2),PS,1262.1600952148438,1262.820083618164,1258.5600891113281,1271.9201011657715,1297.4800987243652,1322.3000869750977,1260.7800903320312,1337.4200973510742,1275.1200942993164,Group: D,Group: C,Group: D vs Group: C,4,4,Blank_Blank_Blank
PS(30:3),PS,1390.5801010131836,1344.5001029968262,1461.3001136779785,1401.460105895996,1383.8000869750977,1320.1200904846191,1316.1200904846191,1352.3800926208496,1701.6601181030273,Group: D,Group: C,Group: D vs Group: C,4,4,Blank_Blank_Blank
PS(30:4),PS,1304.240089416504,1305.9401016235352,1300.780101776123,1303.6200904846191,1298.100082397461,1332.2401008605957,1302.9401016235352,1313.5600776672363,1298.1400833129883,Group: D,Group: C,Group: D vs Group: C,4,4,Blank_Blank_Blank
PS(31:4),PS,1321.460090637207,1305.2000923156738,1314.380084991455,1304.5000953674316,1297.940086364746,1384.800090789795,1302.8400840759277,1415.4600982666016,1357.0400886535645,Group: D,Group: C,Group: D vs Group: C,4,4,Blank_Blank_Blank
PS(32:5),PS,1304.3400917053223,1304.5800819396973,1373.8600997924805,1302.440086364746,1298.2400932312012,1299.6600875854492,1303.5800971984863,1298.920093536377,1297.9400787353516,Group: D,Group: C,Group: D vs Group: C,4,4,Blank_Blank_Blank
PS(34:4),PS,1417.6401062011719,1498.9601097106934,1723.6401062011719,1703.9601211547852,1757.7001113891602,1641.760108947754,1445.3400955200195,1564.5201148986816,1671.5201148986816,Group: D,Group: C,Group: D vs Group: C,4,4,Blank_Blank_Blank
PS(34:5),PS,1304.040096282959,1305.3400993347168,1328.1000938415527,1303.3000946044922,1319.880084991455,1379.3000984191895,1303.2200927734375,1310.280086517334,1296.7800903320312,Group: D,Group: C,Group: D vs Group: C,4,4,Blank_Blank_Blank
PS(36:4),PS,9870.040641784668,6090.440402984619,15238.140892028809,5390.040378570557,15006.481426239014,13118.900745391846,12060.420867919922,8317.900588989258,1364.3800964355469,Group: D,Group: C,Group: D vs Group: C,4,4,Blank_Blank_Blank
PS(36:5),PS,1728.720115661621,1414.0200996398926,1696.860107421875,1304.000087738037,1851.8401184082031,1585.7201194763184,1521.5001182556152,1490.7401161193848,1324.8800926208496,Group: D,Group: C,Group: D vs Group: C,4,4,Blank_Blank_Blank
PS(36:6),PS,1322.5400924682617,1304.9200897216797,1370.1200904846191,1316.4200973510742,1365.6600875854492,1300.6600914001465,1302.980094909668,1362.440097808838,1309.260082244873,Group: D,Group: C,Group: D vs Group: C,4,4,Blank_Blank_Blank
PS(38:3),PS,12102.2008934021,6857.780456542969,21928.22183227539,6721.000526428223,15351.96072769165,16363.501159667969,17811.3814163208,14530.56100845337,1522.440113067627,Group: D,Group: C,Group: D vs Group: C,4,4,Blank_Blank_Blank
PS(38:4),PS,68294.70490646362,36806.063148498535,139604.64866638184,41769.84285354614,98450.74909210205,100425.98748016357,118327.62840652466,86489.6269607544,2632.160186767578,Group: D,Group: C,Group: D vs Group: C,4,4,Blank_Blank_Blank
PS(38:5),PS,7092.180488586426,4209.6202964782715,10635.600650787354,4522.020343780518,9973.420677185059,8496.220558166504,10615.380603790283,8157.040580749512,1836.3401260375977,Group: D,Group: C,Group: D vs Group: C,4,4,Blank_Blank_Blank
PS(38:6),PS,12715.920997619629,6958.580562591553,23379.28173828125,7281.860450744629,19367.70142364502,13536.18106842041,14873.961437225342,10386.840644836426,1393.800090789795,Group: D,Group: C,Group: D vs Group: C,4,4,Blank_Blank_Blank
PS(40:2),PS,1522.440113067627,1414.200096130371,1588.9801216125488,1340.0800971984863,1306.6400833129883,1491.0801048278809,1485.1601104736328,1446.8601112365723,1339.3000869750977,Group: D,Group: C,Group: D vs Group: C,4,4,Blank_Blank_Blank
PS(40:3),PS,1941.3601379394531,1467.2000999450684,1898.4401397705078,1673.5001258850098,2101.6601524353027,2068.5801429748535,2047.4401588439941,1880.0201416015625,1335.2600936889648,Group: D,Group: C,Group: D vs Group: C,4,4,Blank_Blank_Blank
PS(40:4),PS,5190.420394897461,3026.5201835632324,6788.640480041504,3183.920223236084,6654.300628662109,5483.020397186279,7034.800579071045,4634.4602699279785,1367.9200973510742,Group: D,Group: C,Group: D vs Group: C,4,4,Blank_Blank_Blank
PS(40:5),PS,8597.720623016357,4390.900321960449,15491.841094970703,5953.540428161621,12795.640682220459,11758.700782775879,12724.221004486084,8311.680477142334,1372.9000854492188,Group: D,Group: C,Group: D vs Group: C,4,4,Blank_Blank_Blank
PS(40:6),PS,38058.662673950195,18609.981552124023,85273.78581619263,22757.261627197266,53463.103061676025,59187.82410812378,70353.78555297852,39060.24225997925,1783.6601371765137,Group: D,Group: C,Group: D vs Group: C,4,4,Blank_Blank_Blank
PS(42:0),PS,1357.580093383789,1304.3600883483887,1338.940086364746,1328.4000968933105,1325.1600875854492,1365.2600936889648,1337.5800971984863,1313.420093536377,1382.080093383789,Group: D,Group: C,Group: D vs Group: C,4,4,Blank_Blank_Blank
PS(42:2),PS,1393.4200897216797,1371.3600959777832,1422.3801002502441,1412.700096130371,1374.0401000976562,1425.2001037597656,1759.4201316833496,1465.4801025390625,1298.260082244873,Group: D,Group: C,Group: D vs Group: C,4,4,Blank_Blank_Blank
PS(42:3),PS,1327.540096282959,1450.3001136779785,1395.4600982666016,1303.9600868225098,1420.7200965881348,1482.5401039123535,1620.360122680664,1412.3000984191895,1309.980094909668,Group: D,Group: C,Group: D vs Group: C,4,4,Blank_Blank_Blank
PS(42:4),PS,1307.9600830078125,1337.1400985717773,1442.480094909668,1326.5600891113281,1381.0200996398926,1340.2200927734375,1374.2600936889648,1363.2800941467285,1318.04008102417,Group: D,Group: C,Group: D vs Group: C,4,4,Blank_Blank_Blank
PS(42:5),PS,1789.080135345459,1525.0001068115234,2073.2201385498047,1540.040111541748,1754.9801292419434,1745.1001205444336,1677.360107421875,1798.340129852295,1768.3001098632812,Group: D,Group: C,Group: D vs Group: C,4,4,Blank_Blank_Blank
PS(42:6),PS,2048.540138244629,1626.1201171875,2822.2001914978027,1621.3801155090332,1978.3401489257812,1734.9801292419434,2190.0601806640625,2142.1201515197754,2073.5801582336426,Group: D,Group: C,Group: D vs Group: C,4,4,Blank_Blank_Blank
PS(43:0),PS,1346.120101928711,1304.1600952148438,1372.4000968933105,1303.3601036071777,1344.8600997924805,1338.2400932312012,1345.5400886535645,1299.4600982666016,1297.1600914001465,Group: D,Group: C,Group: D vs Group: C,4,4,Blank_Blank_Blank
PS(43:1),PS,1303.320083618164,1306.2800903320312,1352.6000900268555,1303.8000946044922,1298.4200897216797,1333.6400833129883,1410.5801048278809,1369.3200988769531,1298.4200859069824,Group: D,Group: C,Group: D vs Group: C,4,4,Blank_Blank_Blank
PS(43:4),PS,1304.3400955200195,1305.4800987243652,1351.860092163086,1303.6400871276855,1365.6800918579102,1299.6600914001465,1303.240089416504,1334.220100402832,1298.6600875854492,Group: D,Group: C,Group: D vs Group: C,4,4,Blank_Blank_Blank
PS(43:6),PS,1304.04008102417,1344.7600936889648,1362.3600997924805,1303.5000953674316,1309.460090637207,1327.7400932312012,1302.800090789795,1338.340087890625,1341.3000946044922,Group: D,Group: C,Group: D vs Group: C,4,4,Blank_Blank_Blank
PS(44:0),PS,1337.9000968933105,1303.8600959777832,1300.2200889587402,1300.9800834655762,1296.760082244873,1321.920093536377,1325.1200866699219,1298.6400871276855,1295.6800918579102,Group: D,Group: C,Group: D vs Group: C,4,4,Blank_Blank_Blank
PS(44:1),PS,1305.06010055542,1305.3600883483887,1328.880084991455,1304.2000999450684,1422.9000930786133,1324.3000831604004,1372.4400939941406,1319.6800842285156,1296.680088043213,Group: D,Group: C,Group: D vs Group: C,4,4,Blank_Blank_Blank
PS(44:10),PS,1303.460090637207,1341.4201049804688,1380.5200958251953,1319.6600914001465,1392.8800926208496,1329.7600898742676,1302.9200897216797,1317.660083770752,1348.9200897216797,Group: D,Group: C,Group: D vs Group: C,4,4,Blank_Blank_Blank
PS(44:12),PS,1303.6000862121582,1305.2600936889648,1301.720100402832,1303.4000930786133,1354.8800888061523,1299.2200889587402,1325.2400932312012,1334.420093536377,1298.3000831604004,Group: D,Group: C,Group: D vs Group: C,4,4,Blank_Blank_Blank
PS(44:2),PS,1304.0800819396973,1307.0801010131836,1483.180103302002,1340.1800994873047,1335.8600883483887,1331.980094909668,1423.0001068115234,1459.2001037597656,1308.500099182129,Group: D,Group: C,Group: D vs Group: C,4,4,Blank_Blank_Blank
PS(44:4),PS,1303.7400932312012,1305.2000999450684,1432.5601119995117,1329.4000930786133,1355.960090637207,1426.1600914001465,1377.180103302002,1365.7000885009766,1378.0400924682617,Group: D,Group: C,Group: D vs Group: C,4,4,Blank_Blank_Blank
PS(44:5),PS,1372.6800994873047,1305.1600914001465,1446.1801071166992,1303.8600959777832,1364.60009765625,1333.2200736999512,1381.3201026916504,1299.6200904846191,1297.6600952148438,Group: D,Group: C,Group: D vs Group: C,4,4,Blank_Blank_Blank
PS(44:6),PS,1348.1600914001465,1305.700096130371,1408.0800971984863,1322.6601066589355,1344.9600830078125,1299.720085144043,1338.1200828552246,1312.3000831604004,1297.5400924682617,Group: D,Group: C,Group: D vs Group: C,4,4,Blank_Blank_Blank
PS(O-28:0),PS,1261.1600875854492,1262.5200881958008,1299.0200958251953,1262.0800857543945,1358.0800895690918,1328.2800903320312,1260.000087738037,1296.920093536377,1359.3600997924805,Group: D,Group: C,Group: D vs Group: C,4,4,Blank_Blank_Blank
PS(O-29:0),PS,2092.0201683044434,2177.7801628112793,3599.8402786254883,1786.760124206543,2502.5601844787598,2223.940170288086,3154.8401794433594,3652.980239868164,3909.1202125549316,Group: D,Group: C,Group: D vs Group: C,4,4,Blank_Blank_Blank
PS(O-30:0),PS,1307.2200965881348,1373.2400932312012,1302.4401054382324,1320.240089416504,1299.160083770752,1299.3600845336914,1369.880111694336,1349.3200798034668,1298.360092163086,Group: D,Group: C,Group: D vs Group: C,4,4,Blank_Blank_Blank
PS(O-31:0),PS,1338.1600914001465,1317.0000915527344,1334.940097808838,1304.0600814819336,1298.9200859069824,1300.440086364746,1377.0401077270508,1312.8400840759277,1333.7600898742676,Group: D,Group: C,Group: D vs Group: C,4,4,Blank_Blank_Blank
PS(O-32:0),PS,1328.5400886535645,1305.1200904846191,1301.3000869750977,1382.280101776123,1365.160083770752,1334.180103302002,1399.7601051330566,1344.520107269287,1311.2200927734375,Group: D,Group: C,Group: D vs Group: C,4,4,Blank_Blank_Blank
PS(O-33:0),PS,1457.7001037597656,1322.4200973510742,1541.1401023864746,1318.6001014709473,1470.5601081848145,1556.8801040649414,1513.9601135253906,1578.7401123046875,1403.240089416504,Group: D,Group: C,Group: D vs Group: C,4,4,Blank_Blank_Blank
PS(O-34:0),PS,1402.780101776123,1352.5400848388672,1406.840087890625,1317.4800987243652,1297.940086364746,1312.4200897216797,1333.9400939941406,1318.000087738037,1297.0200958251953,Group: D,Group: C,Group: D vs Group: C,4,4,Blank_Blank_Blank
PS(O-35:0),PS,1369.840103149414,1305.0000953674316,1611.6601066589355,1459.180103302002,1498.1401138305664,1845.3201293945312,1573.9001159667969,1361.4400939941406,1340.4000854492188,Group: D,Group: C,Group: D vs Group: C,4,4,Blank_Blank_Blank
PS(O-36:0),PS,1325.0800971984863,1305.1000862121582,1358.7600936889648,1303.7400970458984,1381.9000854492188,1307.6000900268555,1365.1401023864746,1340.9800872802734,1297.0400848388672,Group: D,Group: C,Group: D vs Group: C,4,4,Blank_Blank_Blank
PS(O-37:0),PS,1569.2601165771484,1368.3600997924805,1885.0401420593262,1384.9201011657715,1605.8600997924805,1548.1401100158691,1575.360107421875,1890.060115814209,1325.9000930786133,Group: D,Group: C,Group: D vs Group: C,4,4,Blank_Blank_Blank
PS(O-38:0),PS,1357.3200950622559,1409.660099029541,1759.5401420593262,1499.8201141357422,1860.4001350402832,1516.9801025390625,1453.4600982666016,1591.1800956726074,1341.9400825500488,Group: D,Group: C,Group: D vs Group: C,4,4,Blank_Blank_Blank
PS(O-39:0),PS,1326.4400901794434,1311.760097503662,1465.1600952148438,1357.7400932312012,1449.6601066589355,1306.4000816345215,1534.6801147460938,1359.040096282959,1459.9001121520996,Group: D,Group: C,Group: D vs Group: C,4,4,Blank_Blank_Blank
PS(O-40:0),PS,3426.9002532958984,1876.840145111084,5892.10041809082,2429.840187072754,5053.6003074646,4389.4602394104,4336.200366973877,3645.1002655029297,1347.620101928711,Group: D,Group: C,Group: D vs Group: C,4,4,Blank_Blank_Blank
PS(O-41:0),PS,1303.9600944519043,1304.1400909423828,1300.9400939941406,1331.260097503662,1390.2800750732422,1315.760082244873,1302.900089263916,1360.5200996398926,1325.4600830078125,Group: D,Group: C,Group: D vs Group: C,4,4,Blank_Blank_Blank
PS(O-42:0),PS,1604.2401084899902,1426.3801078796387,1880.0201377868652,1470.3201179504395,1853.0201377868652,1914.64013671875,1862.2201499938965,1680.2601203918457,1297.3600883483887,Group: D,Group: C,Group: D vs Group: C,4,4,Blank_Blank_Blank
PS(O-42:4),PS,1346.1400985717773,1341.9200859069824,1363.0600967407227,1311.3200874328613,1366.3800964355469,1371.840103149414,1313.2600898742676,1381.14009475708,1324.180088043213,Group: D,Group: C,Group: D vs Group: C,4,4,Blank_Blank_Blank
PS(O-42:6),PS,1644.9601249694824,1466.0001068115234,2186.420150756836,1671.2801246643066,1871.8601417541504,2142.2001609802246,1626.9801216125488,1719.5601043701172,1298.0000762939453,Group: D,Group: C,Group: D vs Group: C,4,4,Blank_Blank_Blank
PS(P-28:0),PS,1261.8000869750977,1263.8400840759277,1315.6400909423828,1261.5401000976562,1336.2000923156738,1274.7200927734375,1261.2200927734375,1315.5200958251953,1323.720100402832,Group: D,Group: C,Group: D vs Group: C,4,4,Blank_Blank_Blank
PS(P-29:0),PS,1263.3201026916504,1262.7800903320312,1348.740104675293,1260.960105895996,1284.5000953674316,1302.200107574463,1260.3800926208496,1302.940097808838,1273.3400802612305,Group: D,Group: C,Group: D vs Group: C,4,4,Blank_Blank_Blank
PS(P-30:0),PS,1342.0801010131836,1305.3000984191895,1373.3000984191895,1326.2800941467285,1342.5400924682617,1358.2600898742676,1307.8400917053223,1390.2400970458984,1346.7400817871094,Group: D,Group: C,Group: D vs Group: C,4,4,Blank_Blank_Blank
PS(P-30:1),PS,1261.8801002502441,1296.7600936889648,1392.8601036071777,1267.820083618164,1282.0400886535645,1257.1600914001465,1260.9000930786133,1472.3200912475586,1383.1800956726074,Group: D,Group: C,Group: D vs Group: C,4,4,Blank_Blank_Blank
PS(P-31:0),PS,1318.0201034545898,1305.1400909423828,1301.7400932312012,1304.1800918579102,1373.64009475708,1307.900089263916,1344.8600883483887,1351.2400856018066,1495.8401069641113,Group: D,Group: C,Group: D vs Group: C,4,4,Blank_Blank_Blank
PS(P-31:1),PS,1552.560115814209,1592.920108795166,1755.6401176452637,1555.9601135253906,1618.480110168457,1534.980110168457,1519.3001022338867,1722.100112915039,1878.9801177978516,Group: D,Group: C,Group: D vs Group: C,4,4,Blank_Blank_Blank
PS(P-32:0),PS,1328.7800903320312,1348.260097503662,1302.8800964355469,1302.9400901794434,1314.2600936889648,1300.8800888061523,1302.8000869750977,1318.2400932312012,1325.0200691223145,Group: D,Group: C,Group: D vs Group: C,4,4,Blank_Blank_Blank
PS(P-32:1),PS,1303.8000831604004,1306.2200927734375,1334.6001052856445,1323.580093383789,1307.540096282959,1328.4000930786133,1344.3800926208496,1346.5800971984863,1313.380084991455,Group: D,Group: C,Group: D vs Group: C,4,4,Blank_Blank_Blank
PS(P-33:0),PS,1303.9000854492188,1306.5400848388672,1431.260097503662,1304.3000946044922,1450.4800872802734,1361.6001052856445,1326.840103149414,1388.0401039123535,1297.020076751709,Group: D,Group: C,Group: D vs Group: C,4,4,Blank_Blank_Blank
PS(P-33:1),PS,1575.0601081848145,1492.2401084899902,1700.8601188659668,1479.7001152038574,1502.9401016235352,1508.3201026916504,1411.1201095581055,1730.220127105713,1658.0201225280762,Group: D,Group: C,Group: D vs Group: C,4,4,Blank_Blank_Blank
PS(P-33:2),PS,1305.10009765625,1323.7400970458984,1374.3600959777832,1303.6001052856445,1298.500087738037,1323.780101776123,1330.7000923156738,1301.6800956726074,1298.2200889587402,Group: D,Group: C,Group: D vs Group: C,4,4,Blank_Blank_Blank
PS(P-34:0),PS,1332.940097808838,1421.4201011657715,1302.0600814819336,1383.4600944519043,1298.8600845336914,1338.580093383789,1347.300090789795,1300.0000915527344,1297.4600791931152,Group: D,Group: C,Group: D vs Group: C,4,4,Blank_Blank_Blank
PS(P-34:1),PS,1304.10009765625,1304.360092163086,1302.2200889587402,1303.240089416504,1297.240089416504,1299.1600875854492,1303.0000953674316,1378.0401039123535,1341.14009475708,Group: D,Group: C,Group: D vs Group: C,4,4,Blank_Blank_Blank
PS(P-34:2),PS,1330.5000915527344,1305.4000930786133,1316.10009765625,1303.9600830078125,1317.000087738037,1330.6600914001465,1303.6600914001465,1300.10009765625,1337.4600830078125,Group: D,Group: C,Group: D vs Group: C,4,4,Blank_Blank_Blank
PS(P-34:3),PS,1353.5400924682617,1347.3400955200195,1355.5801048278809,1302.8200874328613,1349.4801025390625,1300.0000801086426,1302.8400993347168,1320.4000816345215,1296.3800811767578,Group: D,Group: C,Group: D vs Group: C,4,4,Blank_Blank_Blank
PS(P-34:4),PS,1348.200096130371,1305.2000885009766,1328.2800903320312,1305.1000938415527,1316.3600883483887,1298.8400802612305,1303.520092010498,1301.9200897216797,1298.6200828552246,Group: D,Group: C,Group: D vs Group: C,4,4,Blank_Blank_Blank
PS(P-35:0),PS,1788.0401153564453,1515.0801124572754,2189.700149536133,1577.6601066589355,1759.1401138305664,2304.020149230957,2346.660171508789,1692.3001327514648,1297.360092163086,Group: D,Group: C,Group: D vs Group: C,4,4,Blank_Blank_Blank
PS(P-35:1),PS,1834.9001274108887,1596.9801025390625,2401.380172729492,1486.700122833252,2310.0601921081543,2472.4601440429688,1843.420124053955,1780.800121307373,1486.64009475708,Group: D,Group: C,Group: D vs Group: C,4,4,Blank_Blank_Blank
PS(P-35:2),PS,1475.6800994873047,1519.0601081848145,1904.360122680664,1665.7201080322266,1642.9801063537598,1596.700122833252,1418.2000923156738,1717.7201118469238,2074.1801376342773,Group: D,Group: C,Group: D vs Group: C,4,4,Blank_Blank_Blank
PS(P-36:0),PS,1549.9801177978516,1469.3001136779785,1708.8601303100586,1476.3400993347168,1728.360107421875,1606.3801193237305,1498.9201011657715,1712.440128326416,1627.3401145935059,Group: D,Group: C,Group: D vs Group: C,4,4,Blank_Blank_Blank
PS(P-36:1),PS,1420.7400970458984,1343.6200942993164,1383.220100402832,1350.6001014709473,1408.2401084899902,1448.3001022338867,1333.740089416504,1318.100082397461,1332.0200958251953,Group: D,Group: C,Group: D vs Group: C,4,4,Blank_Blank_Blank
PS(P-36:2),PS,1303.900089263916,1304.980094909668,1301.0600852966309,1303.960105895996,1326.8400955200195,1329.9000854492188,1324.1600875854492,1360.3000946044922,1314.3600883483887,Group: D,Group: C,Group: D vs Group: C,4,4,Blank_Blank_Blank
PS(P-36:3),PS,1304.4400939941406,1350.8800964355469,1368.2200927734375,1303.3800735473633,1424.06010055542,1312.5400886535645,1303.5000915527344,1353.8600845336914,1300.5000915527344,Group: D,Group: C,Group: D vs Group: C,4,4,Blank_Blank_Blank
PS(P-36:4),PS,1318.3600997924805,1305.0200843811035,1329.4600944519043,1322.9600944519043,1377.3600845336914,1347.900089263916,1303.1401100158691,1378.7601051330566,1299.8800811767578,Group: D,Group: C,Group: D vs Group: C,4,4,Blank_Blank_Blank
PS(P-36:5),PS,1303.5400848388672,1303.720085144043,1301.6400909423828,1304.0801010131836,1318.7600898742676,1299.1200866699219,1346.2400932312012,1300.0200958251953,1297.380084991455,Group: D,Group: C,Group: D vs Group: C,4,4,Blank_Blank_Blank
PS(P-37:0),PS,4830.660377502441,3564.460289001465,6396.82052230835,3124.4802284240723,6142.240463256836,8211.56061553955,5327.420314788818,5981.120372772217,1524.9001121520996,Group: D,Group: C,Group: D vs Group: C,4,4,Blank_Blank_Blank
PS(P-37:1),PS,5498.040336608887,4252.660293579102,9258.3607711792,3841.8803482055664,9214.380653381348,8868.120532989502,7612.160610198975,6014.5204429626465,1297.4000930786133,Group: D,Group: C,Group: D vs Group: C,4,4,Blank_Blank_Blank
PS(P-37:2),PS,2928.0601654052734,2182.0601387023926,3408.0802040100098,2188.500156402588,3379.2002334594727,3341.1802825927734,2832.920192718506,2340.120189666748,1307.5600852966309,Group: D,Group: C,Group: D vs Group: C,4,4,Blank_Blank_Blank
PS(P-38:0),PS,1304.1000862121582,1396.160099029541,1339.3200988769531,1303.8600807189941,1420.5400924682617,1306.6000900268555,1306.6401023864746,1345.7000885009766,1353.8800811767578,Group: D,Group: C,Group: D vs Group: C,4,4,Blank_Blank_Blank
PS(P-38:1),PS,1344.5000953674316,1436.8801002502441,1513.1200981140137,1303.6200981140137,1434.8800926208496,1576.6401023864746,1304.5600891113281,1423.5400924682617,1296.9000778198242,Group: D,Group: C,Group: D vs Group: C,4,4,Blank_Blank_Blank
PS(P-38:2),PS,1425.4601020812988,1398.6401023864746,1609.8600959777832,1375.760108947754,1514.720115661621,1523.4600982666016,1520.920108795166,1484.2800979614258,1296.8600807189941,Group: D,Group: C,Group: D vs Group: C,4,4,Blank_Blank_Blank
PS(P-38:3),PS,1707.2201309204102,1802.0001068115234,2836.060203552246,1942.8401374816895,2525.7201766967773,2291.6601486206055,2462.0001831054688,1842.7401275634766,1298.1200904846191,Group: D,Group: C,Group: D vs Group: C,4,4,Blank_Blank_Blank
PS(P-38:4),PS,1303.4601020812988,1365.860092163086,1302.5200958251953,1308.6400909423828,1378.200096130371,1325.6200828552246,1341.440097808838,1375.9000854492188,1338.7800979614258,Group: D,Group: C,Group: D vs Group: C,4,4,Blank_Blank_Blank
PS(P-38:5),PS,1303.2401008605957,1305.9600868225098,1320.5600929260254,1315.9000854492188,1351.500099182129,1299.2200889587402,1366.5000915527344,1318.1000900268555,1335.0400886535645,Group: D,Group: C,Group: D vs Group: C,4,4,Blank_Blank_Blank
PS(P-39:0),PS,1355.1200904846191,1332.56010055542,1858.300136566162,1424.6201133728027,1441.7800903320312,1795.0001182556152,1479.9400939941406,1666.7801055908203,1306.7400817871094,Group: D,Group: C,Group: D vs Group: C,4,4,Blank_Blank_Blank
PS(P-39:1),PS,2254.0601806640625,2049.0401306152344,3048.3801803588867,1569.200107574463,1856.9801177978516,2786.8201904296875,2683.500175476074,1754.380126953125,1384.020118713379,Group: D,Group: C,Group: D vs Group: C,4,4,Blank_Blank_Blank
PS(P-40:0),PS,1599.920108795166,1441.7200927734375,1692.4401168823242,1398.8000946044922,1515.5600967407227,1860.3401222229004,1518.9201126098633,1419.9401016235352,1297.5200843811035,Group: D,Group: C,Group: D vs Group: C,4,4,Blank_Blank_Blank
PS(P-40:1),PS,1535.6601104736328,1324.3200912475586,1643.0601272583008,1329.5200881958008,1455.3801002502441,1500.6001091003418,1489.6400985717773,1562.600112915039,1296.980079650879,Group: D,Group: C,Group: D vs Group: C,4,4,Blank_Blank_Blank
PS(P-40:2),PS,1421.9000930786133,1370.280101776123,1871.1201400756836,1383.3801040649414,1342.2200813293457,1470.9600944519043,1538.2801208496094,1530.7601127624512,1299.9600868225098,Group: D,Group: C,Group: D vs Group: C,4,4,Blank_Blank_Blank
PS(P-40:3),PS,1783.5601234436035,1994.2801246643066,2902.6602058410645,1714.6401252746582,2461.6001625061035,2598.6201934814453,2640.2602043151855,1955.7801322937012,1345.7800979614258,Group: D,Group: C,Group: D vs Group: C,4,4,Blank_Blank_Blank
PS(P-40:4),PS,1527.8401107788086,1453.7200965881348,1501.0001029968262,1473.0800971984863,1436.1800804138184,1447.0201034545898,1623.1201133728027,1535.1201057434082,1321.5000801086426,Group: D,Group: C,Group: D vs Group: C,4,4,Blank_Blank_Blank
PS(P-40:5),PS,1825.280117034912,1367.7200889587402,1724.9001197814941,1720.0401306152344,1709.740104675293,2301.5001678466797,1924.7201499938965,1766.3801155090332,1326.460090637207,Group: D,Group: C,Group: D vs Group: C,4,4,Blank_Blank_Blank
PS(P-41:0),PS,1333.500087738037,1377.040096282959,1371.9000968933105,1513.5001029968262,1431.340103149414,1597.2201118469238,1471.5601043701172,1466.5401000976562,1341.180088043213,Group: D,Group: C,Group: D vs Group: C,4,4,Blank_Blank_Blank
PS(P-42:0),PS,1444.180103302002,1328.4400901794434,1707.9201164245605,1385.840103149414,1532.2000999450684,1630.7401161193848,1639.020107269287,1435.5601119995117,1313.2200775146484,Group: D,Group: C,Group: D vs Group: C,4,4,Blank_Blank_Blank
PS(P-42:1),PS,1755.1201248168945,1490.5201034545898,1875.8801307678223,1689.9001274108887,1580.3801078796387,1668.3001022338867,1591.9401054382324,1575.620101928711,1389.3200988769531,Group: D,Group: C,Group: D vs Group: C,4,4,Blank_Blank_Blank
PS(P-42:2),PS,1511.6200981140137,1370.1800994873047,1429.9401092529297,1387.7800979614258,1383.8400917053223,1407.0600929260254,1358.5000915527344,1378.1601028442383,1297.1600914001465,Group: D,Group: C,Group: D vs Group: C,4,4,Blank_Blank_Blank
PS(P-42:4),PS,1476.7201042175293,1314.4200859069824,1488.60009765625,1314.260082244873,1393.8800926208496,1515.0200958251953,1427.8400955200195,1359.900089263916,1298.8400840759277,Group: D,Group: C,Group: D vs Group: C,4,4,Blank_Blank_Blank
SM(d16:0/14:0),SM,1294.6200866699219,1332.3201141357422,1533.420108795166,1409.9400939941406,1385.9200973510742,2110.9201278686523,1314.7600898742676,1357.3401107788086,1099.2800750732422,Group: D,Group: C,Group: D vs Group: C,4,4,Blank_Blank_Blank
SM(d16:0/16:0),SM,1359.520092010498,1591.4801025390625,1718.2601318359375,1425.180088043213,1384.1600952148438,1952.5001182556152,1481.3401107788086,1264.660083770752,1222.3400955200195,Group: D,Group: C,Group: D vs Group: C,4,4,Blank_Blank_Blank
SM(d16:0/18:0),SM,10922.221004486084,22296.38158416748,12753.440662384033,21920.341621398926,8197.060523986816,22039.082118988037,16583.500999450684,9451.000606536865,1484.8001022338867,Group: D,Group: C,Group: D vs Group: C,4,4,Blank_Blank_Blank
SM(d16:0/20:0),SM,51300.982723236084,88577.20538330078,31253.901752471924,49089.62300109863,32461.462020874023,97029.7649230957,58126.52303695679,30179.98289871216,1283.940086364746,Group: D,Group: C,Group: D vs Group: C,4,4,Blank_Blank_Blank
SM(d16:0/22:0),SM,496163.63578796387,424824.2308883667,389615.18394470215,532681.1079711914,305392.6849517822,1054508.4699401855,651865.2981567383,317521.8850097656,8567.000648498535,Group: D,Group: C,Group: D vs Group: C,4,4,Blank_Blank_Blank
SM(d16:0/23:0),SM,6076.380554199219,5029.260303497314,6419.640537261963,8635.6005859375,4483.280467987061,13505.38090133667,6991.820419311523,2825.800193786621,1167.0000801086426,Group: D,Group: C,Group: D vs Group: C,4,4,Blank_Blank_Blank
SM(d16:0/24:0),SM,78894.36433029175,186291.1160888672,85628.64817047119,134257.2707824707,54285.96474838257,157252.08834838867,144707.23332214355,72528.80512619019,2525.720188140869,Group: D,Group: C,Group: D vs Group: C,4,4,Blank_Blank_Blank
SM(d16:0/25:0),SM,7042.620555877686,12744.560646057129,8663.52087020874,15111.261177062988,5254.240409851074,13790.54080581665,10186.120948791504,5277.520355224609,1265.5200996398926,Group: D,Group: C,Group: D vs Group: C,4,4,Blank_Blank_Blank
SM(d16:1/16:0),SM,1343.7400932312012,1653.7601127624512,1699.700122833252,2144.0601348876953,1296.1600875854492,2724.180149078369,2018.580135345459,1764.4401321411133,1263.420093536377,Group: D,Group: C,Group: D vs Group: C,4,4,Blank_Blank_Blank
SM(d16:1/17:0),SM,3184.8202743530273,5633.880252838135,4746.120307922363,4615.040332794189,2286.900135040283,5880.980457305908,4372.340351104736,2736.800148010254,1177.2200889587402,Group: D,Group: C,Group: D vs Group: C,4,4,Blank_Blank_Blank
SM(d16:1/18:0),SM,73167.46678543091,182884.91222763062,91751.34780883789,164135.0895690918,56934.68423080444,202649.97469711304,129765.19009017944,78344.5852470398,3101.660224914551,Group: D,Group: C,Group: D vs Group: C,4,4,Blank_Blank_Blank
SM(d16:1/18:1),SM,2886.66015625,5967.040378570557,3096.6202278137207,5108.960433959961,2180.76016998291,4369.74036026001,3576.3403396606445,2496.020221710205,1175.3000831604004,Group: D,Group: C,Group: D vs Group: C,4,4,Blank_Blank_Blank
SM(d16:1/20:0),SM,19396.140869140625,43381.96249008179,20447.821701049805,36792.343032836914,15171.260772705078,52913.66332626343,28269.062545776367,18635.621646881104,1501.7801132202148,Group: D,Group: C,Group: D vs Group: C,4,4,Blank_Blank_Blank
SM(d16:1/20:1),SM,1991.1201629638672,2611.8601722717285,2246.3401947021484,2803.2201805114746,2264.66015625,3416.4802627563477,2290.5801277160645,1859.100154876709,1180.2400856018066,Group: D,Group: C,Group: D vs Group: C,4,4,Blank_Blank_Blank
SM(d16:1/22:0),SM,806980.4115371704,1441284.0420074463,1417292.7565460205,2448792.6676712036,880157.4642333984,2914326.913848877,1626442.6066055298,790156.4576721191,5211.440383911133,Group: D,Group: C,Group: D vs Group: C,4,4,Blank_Blank_Blank
SM(d16:1/22:1),SM,91873.36743545532,99874.04643249512,89259.38563156128,192948.41130065918,63702.1256980896,199668.79847335815,126781.10614395142,33857.44202041626,1523.16011428833,Group: D,Group: C,Group: D vs Group: C,4,4,Blank_Blank_Blank
SM(d16:1/23:0),SM,21653.10146713257,18484.62167739868,22076.46128463745,40706.04186630249,13302.82113647461,28147.861373901367,17877.621086120605,13902.840831756592,1335.2801094055176,Group: D,Group: C,Group: D vs Group: C,4,4,Blank_Blank_Blank
SM(d16:1/24:0),SM,678540.8877868652,1737608.8447265625,771783.1389503479,1503312.6808052063,477101.34518814087,1371244.7610549927,1140317.084526062,565500.4872665405,3440.5002059936523,Group: D,Group: C,Group: D vs Group: C,4,4,Blank_Blank_Blank
SM(d16:1/24:1),SM,428810.76191711426,955984.3542747498,523994.7134170532,873049.8187904358,319205.7307167053,903785.9714775085,729140.1676483154,348374.65015792847,1948.9201622009277,Group: D,Group: C,Group: D vs Group: C,4,4,Blank_Blank_Blank
SM(d16:1/25:0),SM,40556.10334777832,85629.92533493042,41223.522705078125,85675.52557754517,24567.98260116577,75506.38444137573,53700.78500366211,26560.522148132324,1255.7000846862793,Group: D,Group: C,Group: D vs Group: C,4,4,Blank_Blank_Blank
SM(d17:0/27:0),SM,28213.24147415161,66960.9460029602,15902.56088256836,76815.24559020996,18022.761016845703,46317.563747406006,37473.68285751343,23600.521884918213,1302.180088043213,Group: D,Group: C,Group: D vs Group: C,4,4,Blank_Blank_Blank
SM(d17:1/24:1),SM,10193.360576629639,22273.82147216797,13362.200908660889,23998.101833343506,7394.980518341064,25759.621673583984,18062.46148300171,8909.100620269775,1120.560073852539,Group: D,Group: C,Group: D vs Group: C,4,4,Blank_Blank_Blank
SM(d17:1/26:1),SM,3158.000289916992,4959.700466156006,3560.900287628174,6111.300468444824,2359.30020904541,6315.5805740356445,3645.6602172851562,2749.5001640319824,1074.4800758361816,Group: D,Group: C,Group: D vs Group: C,4,4,Blank_Blank_Blank
SM(d18:0/13:0),SM,1136.940071105957,1214.7400856018066,1382.60009765625,1358.7400970458984,1129.5800857543945,1440.140079498291,1409.4001007080078,1124.5600776672363,1214.1200828552246,Group: D,Group: C,Group: D vs Group: C,4,4,Blank_Blank_Blank
SM(d18:0/15:0),SM,1309.760097503662,1860.5801429748535,2047.2001304626465,1497.4601135253906,1382.1801147460938,1742.080135345459,1524.0601119995117,1773.0200958251953,1317.940097808838,Group: D,Group: C,Group: D vs Group: C,4,4,Blank_Blank_Blank
SM(d18:0/17:0),SM,3034.4201889038086,4527.860363006592,2326.820156097412,4138.040302276611,2235.9001846313477,5713.940536499023,3450.940284729004,2256.760154724121,1249.5200958251953,Group: D,Group: C,Group: D vs Group: C,4,4,Blank_Blank_Blank
SM(d18:0/24:0),SM,79560.32584381104,159228.47156143188,105107.30648422241,178571.15314483643,54638.50336456299,131172.13041305542,81945.54514312744,48454.02393722534,1990.1801490783691,Group: D,Group: C,Group: D vs Group: C,4,4,Blank_Blank_Blank
SM(d18:0/24:1),SM,116366.62847137451,245791.418926239,123026.72496032715,231772.64193725586,79138.18510818481,194942.35189056396,136137.76929092407,68417.84549713135,1358.0001029968262,Group: D,Group: C,Group: D vs Group: C,4,4,Blank_Blank_Blank
SM(d18:0/26:1(17Z)),SM,22058.241176605225,46627.26223754883,31541.502738952637,53557.46223831177,17181.861213684082,34575.78218460083,29639.621990203857,18024.5813331604,1251.660099029541,Group: D,Group: C,Group: D vs Group: C,4,4,Blank_Blank_Blank
SM(d18:1/12:0),SM,1143.3800773620605,1129.5400733947754,1251.8000679016113,1253.5200843811035,1124.8800773620605,1755.1401405334473,1162.4800834655762,1229.820083618164,1138.8200874328613,Group: D,Group: C,Group: D vs Group: C,4,4,Blank_Blank_Blank
SM(d18:1/17:0),SM,2338.160167694092,3798.8002586364746,1945.160140991211,3138.0602493286133,2283.500175476074,4603.200325012207,2379.000141143799,2423.4801635742188,1130.3200874328613,Group: D,Group: C,Group: D vs Group: C,4,4,Blank_Blank_Blank
SM(d18:1/19:0),SM,8364.920608520508,10325.62088394165,9476.400588989258,18821.081352233887,5161.720363616943,19047.981170654297,8460.580535888672,5258.080352783203,1256.9401016235352,Group: D,Group: C,Group: D vs Group: C,4,4,Blank_Blank_Blank
SM(d18:1/24:1(15Z)),SM,212381.33361053467,497445.17739868164,284032.5225753784,473732.0510597229,152981.61320114136,438217.7210083008,353557.6255493164,168425.23291778564,1357.6400909423828,Group: D,Group: C,Group: D vs Group: C,4,4,Blank_Blank_Blank
SM(d18:1/25:0),SM,6512.4206199646,11311.120929718018,6508.260643005371,12584.420864105225,4088.84029006958,9228.020790100098,6135.980514526367,4425.260269165039,1171.380084991455,Group: D,Group: C,Group: D vs Group: C,4,4,Blank_Blank_Blank
SM(d18:1/26:1(17Z)),SM,41083.62327194214,107543.62648773193,32835.142208099365,124206.70540618896,32102.202297210693,78851.46682739258,66246.76421737671,28222.90232849121,1208.1000862121582,Group: D,Group: C,Group: D vs Group: C,4,4,Blank_Blank_Blank
SM(d18:2/14:0),SM,1151.180088043213,1414.9401092529297,1225.5000839233398,1191.200080871582,1119.2600784301758,1464.56010055542,1138.9800834655762,1100.3200759887695,1092.9200859069824,Group: D,Group: C,Group: D vs Group: C,4,4,Blank_Blank_Blank
SM(d18:2/15:0),SM,1236.4000854492188,1157.0000686645508,1402.9401016235352,1267.9800834655762,1278.3400993347168,1291.1800994873047,1202.9600715637207,1148.0400772094727,1113.880084991455,Group: D,Group: C,Group: D vs Group: C,4,4,Blank_Blank_Blank
SM(d18:2/18:1),SM,1284.7400970458984,1118.500072479248,1245.5600852966309,1354.7800979614258,1370.4401016235352,1564.780117034912,1312.3800811767578,1213.080078125,1246.8200874328613,Group: D,Group: C,Group: D vs Group: C,4,4,Blank_Blank_Blank
SM(d18:2/20:1),SM,6553.640449523926,12191.480499267578,6262.800296783447,11193.981086730957,3226.260242462158,12743.540798187256,8507.160499572754,4875.120399475098,1068.1800918579102,Group: D,Group: C,Group: D vs Group: C,4,4,Blank_Blank_Blank
SM(d18:2/21:0),SM,5107.780353546143,5535.50036239624,7517.860607147217,11434.36067199707,4364.540306091309,15893.30082321167,9111.060794830322,5267.080337524414,1102.4800758361816,Group: D,Group: C,Group: D vs Group: C,4,4,Blank_Blank_Blank
SM(d18:2/22:1),SM,821275.1244697571,2180288.9462661743,1230920.064994812,2038189.78232193,610038.1510848999,1841048.0142364502,1592832.6618804932,562491.0270309448,2004.0201454162598,Group: D,Group: C,Group: D vs Group: C,4,4,Blank_Blank_Blank
SM(d18:2/24:1),SM,381750.74167251587,1087277.3921661377,599992.2380752563,1145094.314716339,289076.48976516724,829290.0760650635,934970.3400802612,360352.87226867676,1777.5001182556152,Group: D,Group: C,Group: D vs Group: C,4,4,Blank_Blank_Blank
[TG(37:0)]_FA14:0,TAG,1170.4000816345215,1032.8200721740723,1099.4600715637207,1012.1600723266602,1243.1000862121582,1081.4200744628906,1114.880084991455,1111.320083618164,1192.960075378418,Group: D,Group: C,Group: D vs Group: C,4,4,Blank_Blank_Blank
[TG(37:0)]_FA16:0,TAG,1283.4600944519043,1359.3600997924805,1241.2200813293457,1272.360092163086,1490.8600997924805,1154.2600784301758,1112.7600784301758,1070.6400718688965,1114.3800773620605,Group: D,Group: C,Group: D vs Group: C,4,4,Blank_Blank_Blank
[TG(37:0)]_FA18:0,TAG,990.7400665283203,1227.6200904846191,1026.5600662231445,981.2000732421875,985.2000732421875,1069.0400733947754,970.3400688171387,1014.2800674438477,1037.700080871582,Group: D,Group: C,Group: D vs Group: C,4,4,Blank_Blank_Blank
[TG(38:0)]_FA14:0,TAG,1306.0400848388672,1316.2400970458984,1234.6000900268555,1557.1601181030273,1557.9801292419434,1456.280101776123,1671.0801162719727,1406.3601036071777,1323.64009475708,Group: D,Group: C,Group: D vs Group: C,4,4,Blank_Blank_Blank
[TG(38:0)]_FA16:0,TAG,2643.3001823425293,2252.440155029297,2242.920150756836,2995.580192565918,2907.4001998901367,1395.0200805664062,1404.5201034545898,1361.5800971984863,1229.0000762939453,Group: D,Group: C,Group: D vs Group: C,4,4,Blank_Blank_Blank
[TG(38:0)]_FA18:0,TAG,1038.9200706481934,1333.0401077270508,1285.9400901794434,1210.5400848388672,977.4800682067871,1296.6401062011719,1192.7800827026367,1092.4000778198242,1253.1400985717773,Group: D,Group: C,Group: D vs Group: C,4,4,Blank_Blank_Blank
[TG(38:1)]_FA14:0,TAG,1029.8200645446777,1051.600082397461,1073.8800773620605,993.4400787353516,1144.9000816345215,1039.8800773620605,1036.380069732666,1000.4000663757324,1070.1600723266602,Group: D,Group: C,Group: D vs Group: C,4,4,Blank_Blank_Blank
"[TG(38:1)]_FA16:0 | DG(40:8),DG(39:1)_C16:0",DAG,2084.340156555176,2611.9201698303223,2106.980140686035,2461.980155944824,3004.2601928710938,3620.0802459716797,2078.000160217285,1912.9201354980469,2288.7801628112793,Group: D,Group: C,Group: D vs Group: C,4,4,Blank_Blank_Blank
"[TG(38:1)]_FA16:0 | DG(40:8),DG(39:1)_C16:0",TAG,1244.6000862121582,1857.3801345825195,1689.680118560791,1912.3801231384277,1964.7601432800293,1116.9400787353516,1190.5600967407227,1154.7200927734375,1081.0200729370117,Group: D,Group: C,Group: D vs Group: C,4,4,Blank_Blank_Blank
"[TG(38:1)]_FA16:1 | DG(40:8),DG(39:1)_C16:1",DAG,1925.6601181030273,2123.980155944824,2009.4201469421387,2115.020133972168,2360.440174102783,1999.9601364135742,2208.440155029297,2041.460147857666,2073.180149078369,Group: D,Group: C,Group: D vs Group: C,4,4,Blank_Blank_Blank
"[TG(38:1)]_FA16:1 | DG(40:8),DG(39:1)_C16:1",TAG,1097.2000770568848,1106.6400680541992,1149.9800834655762,1087.2000846862793,1084.9400787353516,1052.8000717163086,1072.5400772094727,1169.6200866699219,1056.6200637817383,Group: D,Group: C,Group: D vs Group: C,4,4,Blank_Blank_Blank
"[TG(38:1)]_FA18:0 | DG(40:8),DG(39:1)_C18:0",DAG,1879.5201377868652,1892.9001159667969,1754.3401184082031,2016.280128479004,2013.5001373291016,2308.800178527832,1734.0601196289062,1716.5601081848145,1841.3401145935059,Group: D,Group: C,Group: D vs Group: C,4,4,Blank_Blank_Blank
"[TG(38:1)]_FA18:0 | DG(40:8),DG(39:1)_C18:0",TAG,987.7800712585449,971.6800651550293,996.6000785827637,974.1800689697266,967.4200630187988,1036.3600807189941,1019.7400779724121,1028.4800758361816,985.200065612793,Group: D,Group: C,Group: D vs Group: C,4,4,Blank_Blank_Blank
"[TG(38:1)]_FA18:1 | DG(40:8),DG(39:1)_C18:1",DAG,2470.040168762207,2024.8001518249512,3169.1002464294434,2442.0601654052734,4064.1603202819824,2492.760166168213,2449.1401596069336,2302.58016204834,2387.22017288208,Group: D,Group: C,Group: D vs Group: C,4,4,Blank_Blank_Blank
"[TG(38:1)]_FA18:1 | DG(40:8),DG(39:1)_C18:1",TAG,1351.080093383789,1105.7200736999512,1086.0400695800781,1449.520092010498,1135.3000755310059,1105.680088043213,1091.0800704956055,1084.6000671386719,1297.8000984191895,Group: D,Group: C,Group: D vs Group: C,4,4,Blank_Blank_Blank
[TG(39:0)]_FA14:0,TAG,1092.8800773620605,1148.0600852966309,1142.8000755310059,1161.7400856018066,1157.8400688171387,1181.1000862121582,1102.7600784301758,1013.8000717163086,1177.7000846862793,Group: D,Group: C,Group: D vs Group: C,4,4,Blank_Blank_Blank
[TG(39:0)]_FA16:0,TAG,1468.660083770752,1614.0601081848145,1663.3601036071777,1745.060131072998,1514.840103149414,1219.2600860595703,1201.240089416504,1240.5800819396973,1107.3200759887695,Group: D,Group: C,Group: D vs Group: C,4,4,Blank_Blank_Blank
[TG(39:0)]_FA18:0,TAG,970.6600761413574,982.4400672912598,1032.600082397461,1022.5800743103027,1089.3200759887695,1146.320083618164,1063.180076599121,973.3600692749023,1003.4800758361816,Group: D,Group: C,Group: D vs Group: C,4,4,Blank_Blank_Blank
[TG(39:1)]_FA14:0,TAG,973.0800666809082,1048.5400581359863,999.0400772094727,1029.4200706481934,971.0400695800781,1065.9200820922852,971.6200714111328,1006.0600662231445,1040.2200775146484,Group: D,Group: C,Group: D vs Group: C,4,4,Blank_Blank_Blank
[TG(39:1)]_FA16:0,TAG,1320.1600875854492,1173.980079650879,1306.980094909668,1463.8000984191895,1524.0401077270508,1146.780071258545,1041.1200637817383,1084.5800704956055,1022.500072479248,Group: D,Group: C,Group: D vs Group: C,4,4,Blank_Blank_Blank
[TG(39:1)]_FA16:1,TAG,1052.1800689697266,1110.500072479248,1109.660083770752,1058.0200729370117,1051.0000801086426,1234.6600799560547,1124.1000785827637,1049.720069885254,1128.6200942993164,Group: D,Group: C,Group: D vs Group: C,4,4,Blank_Blank_Blank
[TG(39:1)]_FA18:0,TAG,971.1800651550293,988.8600578308105,1000.7200622558594,1047.2600746154785,1000.2800674438477,969.1600646972656,1068.1400756835938,972.500057220459,982.260066986084,Group: D,Group: C,Group: D vs Group: C,4,4,Blank_Blank_Blank
[TG(39:1)]_FA18:1,TAG,1318.260097503662,1075.580062866211,1172.3000793457031,1069.9400634765625,1295.6400871276855,1081.9400672912598,1165.9000816345215,1193.6400833129883,1085.500072479248,Group: D,Group: C,Group: D vs Group: C,4,4,Blank_Blank_Blank
[TG(40:0)]_FA14:0,TAG,1189.0200881958008,1054.9800834655762,1153.0600814819336,1336.440097808838,1650.8801155090332,1557.300106048584,1794.4201316833496,1358.3400955200195,1438.000099182129,Group: D,Group: C,Group: D vs Group: C,4,4,Blank_Blank_Blank
[TG(40:0)]_FA16:0,TAG,2276.8601684570312,2012.400146484375,2433.5601806640625,2701.1801986694336,2195.7001571655273,1046.5000686645508,1343.4801025390625,1330.6400871276855,1205.1200981140137,Group: D,Group: C,Group: D vs Group: C,4,4,Blank_Blank_Blank
[TG(40:0)]_FA18:0,TAG,1138.5800666809082,1053.940071105957,1163.4600715637207,1082.0800743103027,1072.5400733947754,1012.8000717163086,1075.080078125,1032.500072479248,1136.7400817871094,Group: D,Group: C,Group: D vs Group: C,4,4,Blank_Blank_Blank
[TG(40:1)]_FA14:0,TAG,1037.840072631836,973.4400672912598,1221.7200927734375,1113.3600730895996,1075.2800788879395,1053.1800842285156,1028.5600776672363,1017.4000816345215,1094.760066986084,Group: D,Group: C,Group: D vs Group: C,4,4,Blank_Blank_Blank
[TG(40:1)]_FA16:0,TAG,1052.1800689697266,1150.8600883483887,1202.3000793457031,1229.5200805664062,1271.9600868225098,1001.6600685119629,1016.1600799560547,1159.3000679016113,1046.8800659179688,Group: D,Group: C,Group: D vs Group: C,4,4,Blank_Blank_Blank
[TG(40:1)]_FA16:1,TAG,1122.6800842285156,1146.5400695800781,1094.9600715637207,1053.5600776672363,1050.5600700378418,1052.5400772094727,1052.4600715637207,1106.7200813293457,1211.400074005127,Group: D,Group: C,Group: D vs Group: C,4,4,Blank_Blank_Blank
[TG(40:1)]_FA18:0,TAG,970.940071105957,1009.9400596618652,1077.7000885009766,1121.1000900268555,1067.4200859069824,1163.7200736999512,1084.0000801086426,989.5000686645508,1004.4800643920898,Group: D,Group: C,Group: D vs Group: C,4,4,Blank_Blank_Blank
[TG(40:1)]_FA18:1,TAG,1366.8000984191895,1138.6600761413574,1407.9200973510742,1196.440086364746,1287.740077972412,1137.0600662231445,1269.4000930786133,1147.6200828552246,1158.340087890625,Group: D,Group: C,Group: D vs Group: C,4,4,Blank_Blank_Blank
[TG(40:2)]_FA14:0,TAG,1060.5800704956055,990.3200759887695,1002.9400672912598,1045.4800720214844,1092.8800582885742,986.6800689697266,1014.5000648498535,1041.6800842285156,1034.600082397461,Group: D,Group: C,Group: D vs Group: C,4,4,Blank_Blank_Blank
[TG(40:2)]_FA16:0,TAG,1194.240077972412,1181.2200813293457,1293.3800773620605,1144.1400718688965,1765.020118713379,979.980052947998,1015.820068359375,1007.3000717163086,1074.0800743103027,Group: D,Group: C,Group: D vs Group: C,4,4,Blank_Blank_Blank
[TG(40:2)]_FA16:1,TAG,1075.2000732421875,1169.420078277588,1046.4400672912598,1183.2400817871094,1163.8000793457031,1135.7800827026367,1119.4000854492188,1067.8000869750977,1064.180076599121,Group: D,Group: C,Group: D vs Group: C,4,4,Blank_Blank_Blank
[TG(40:2)]_FA18:0,TAG,1031.560073852539,970.6600685119629,1056.5600814819336,1015.4400749206543,1004.2800750732422,990.7200622558594,1020.6800689697266,992.080078125,1025.1200714111328,Group: D,Group: C,Group: D vs Group: C,4,4,Blank_Blank_Blank
[TG(40:2)]_FA18:1,TAG,1736.7001266479492,1439.740104675293,1563.2801055908203,1669.2401161193848,2085.5801391601562,1242.6800804138184,1394.980110168457,1386.3400993347168,1591.1401290893555,Group: D,Group: C,Group: D vs Group: C,4,4,Blank_Blank_Blank
[TG(40:2)]_FA18:2,TAG,1537.7201118469238,1731.260124206543,1740.5201263427734,1299.3600845336914,1634.3401145935059,1533.240104675293,1375.2800979614258,1207.580078125,1300.6000862121582,Group: D,Group: C,Group: D vs Group: C,4,4,Blank_Blank_Blank
[TG(41:0)]_FA14:0,TAG,1394.8000831604004,1264.900089263916,1206.360092163086,1192.4000854492188,1280.7400932312012,1218.3400802612305,1430.820110321045,1214.9400939941406,1251.260097503662,Group: D,Group: C,Group: D vs Group: C,4,4,Blank_Blank_Blank
[TG(41:0)]_FA16:0 | DG(42:0)_C16:0,DAG,2138.160140991211,2523.780170440674,2246.7601585388184,2109.3201484680176,1858.8601150512695,2313.260166168213,2165.460159301758,1996.4401359558105,2791.560203552246,Group: D,Group: C,Group: D vs Group: C,4,4,Blank_Blank_Blank
[TG(41:0)]_FA16:0 | DG(42:0)_C16:0,TAG,1355.8400840759277,1728.0801429748535,1601.4401168823242,1352.60009765625,1265.9001007080078,1131.5200805664062,1094.8200721740723,1122.5000762939453,1184.6800918579102,Group: D,Group: C,Group: D vs Group: C,4,4,Blank_Blank_Blank
[TG(41:0)]_FA18:0 | DG(42:0)_C18:0,DAG,1803.6001205444336,1785.3601264953613,1846.1201210021973,1825.4801330566406,1955.4601402282715,1973.5801391601562,1902.6201438903809,1782.6401329040527,1860.1401443481445,Group: D,Group: C,Group: D vs Group: C,4,4,Blank_Blank_Blank
[TG(41:0)]_FA18:0 | DG(42:0)_C18:0,TAG,970.9000663757324,1051.6800651550293,1024.840072631836,1024.5000762939453,1005.7800674438477,983.8000679016113,1188.1600952148438,1061.020076751709,1007.080078125,Group: D,Group: C,Group: D vs Group: C,4,4,Blank_Blank_Blank
[TG(41:1)]_FA14:0,TAG,973.6200675964355,973.820068359375,1040.8400917053223,980.8000755310059,1007.6200714111328,970.8200607299805,1005.7200813293457,1023.7600784301758,1072.0200729370117,Group: D,Group: C,Group: D vs Group: C,4,4,Blank_Blank_Blank
[TG(41:1)]_FA16:0,TAG,1097.8000793457031,998.3600730895996,964.7800674438477,972.8000640869141,1030.3000793457031,961.0600662231445,1115.4400787353516,961.6800689697266,985.5600700378418,Group: D,Group: C,Group: D vs Group: C,4,4,Blank_Blank_Blank
[TG(41:1)]_FA16:1,TAG,1110.640079498291,1046.500072479248,1114.400074005127,1124.900074005127,1094.2800750732422,1153.1000747680664,1080.8800811767578,1069.7000694274902,1063.3600730895996,Group: D,Group: C,Group: D vs Group: C,4,4,Blank_Blank_Blank
[TG(41:1)]_FA18:0,TAG,1053.920078277588,1041.8800773620605,970.260066986084,1210.0800895690918,992.6000709533691,1073.8200759887695,969.3000717163086,977.5600776672363,969.5800666809082,Group: D,Group: C,Group: D vs Group: C,4,4,Blank_Blank_Blank
[TG(41:1)]_FA18:1,TAG,1138.7200813293457,1241.3200950622559,1104.5800704956055,1096.8600769042969,1132.1200828552246,1105.4200859069824,1049.1400680541992,1066.680076599121,1134.6000785827637,Group: D,Group: C,Group: D vs Group: C,4,4,Blank_Blank_Blank
[TG(41:2)]_FA14:0,TAG,1007.9800758361816,993.0600738525391,1001.6400718688965,973.5600700378418,1011.8200759887695,989.6000747680664,992.7400779724121,996.940071105957,984.7600746154785,Group: D,Group: C,Group: D vs Group: C,4,4,Blank_Blank_Blank
[TG(41:2)]_FA16:0,TAG,1046.760066986084,1201.000099182129,1105.7400741577148,1038.9000701904297,1116.3200950622559,1096.0400848388672,989.7200698852539,992.0800704956055,969.0000762939453,Group: D,Group: C,Group: D vs Group: C,4,4,Blank_Blank_Blank
[TG(41:2)]_FA16:1,TAG,1174.3800888061523,1107.3600769042969,1135.580078125,1096.0600700378418,1049.920066833496,1134.1200904846191,1085.2800788879395,1176.680076599121,1150.5200691223145,Group: D,Group: C,Group: D vs Group: C,4,4,Blank_Blank_Blank
[TG(41:2)]_FA18:0,TAG,970.9800643920898,987.3400726318359,970.7800788879395,993.5800704956055,968.4600677490234,968.6800689697266,1016.720085144043,998.0400733947754,1028.160068511963,Group: D,Group: C,Group: D vs Group: C,4,4,Blank_Blank_Blank
[TG(41:2)]_FA18:1,TAG,1518.9401054382324,1128.1000785827637,1184.3600845336914,1219.7200889587402,1397.5800895690918,1141.900074005127,1147.820083618164,1092.8800735473633,1353.1801109313965,Group: D,Group: C,Group: D vs Group: C,4,4,Blank_Blank_Blank
[TG(41:2)]_FA18:2,TAG,1220.4800758361816,1287.2800903320312,1311.8600883483887,1230.0400772094727,1370.3601036071777,1203.180076599121,1216.8800773620605,1099.7800788879395,1107.520076751709,Group: D,Group: C,Group: D vs Group: C,4,4,Blank_Blank_Blank
[TG(42:0)]_FA14:0,TAG,1598.000114440918,1358.2401008605957,1605.6601066589355,1606.1601371765137,1934.1401252746582,1515.700122833252,1938.400131225586,1479.1001014709473,1628.2801132202148,Group: D,Group: C,Group: D vs Group: C,4,4,Blank_Blank_Blank
"[TG(42:0)]_FA16:0 | DG(44:7),DG(43:0)_C16:0",DAG,2310.8601684570312,3784.4202728271484,2396.06014251709,2998.3802185058594,2601.5401916503906,3233.9802169799805,2695.580181121826,2381.440158843994,3137.120220184326,Group: D,Group: C,Group: D vs Group: C,4,4,Blank_Blank_Blank
"[TG(42:0)]_FA16:0 | DG(44:7),DG(43:0)_C16:0",TAG,2542.5202140808105,2424.500175476074,2371.2001876831055,3077.200206756592,2646.180191040039,1386.8400917053223,1283.2800979614258,1324.7600936889648,1343.9201011657715,Group: D,Group: C,Group: D vs Group: C,4,4,Blank_Blank_Blank
"[TG(42:0)]_FA18:0 | DG(44:7),DG(43:0)_C18:0",DAG,2005.8601341247559,2040.460147857666,2103.500160217285,2007.480136871338,2041.2001342773438,1960.8201217651367,1999.6201362609863,1755.440113067627,2065.360149383545,Group: D,Group: C,Group: D vs Group: C,4,4,Blank_Blank_Blank
"[TG(42:0)]_FA18:0 | DG(44:7),DG(43:0)_C18:0",TAG,1085.820083618164,1150.1200828552246,1170.8000793457031,1046.680076599121,1146.5400848388672,1054.9600677490234,1181.2800827026367,1051.5000762939453,1108.2600746154785,Group: D,Group: C,Group: D vs Group: C,4,4,Blank_Blank_Blank
[TG(42:1)]_FA14:0,TAG,1079.2000846862793,1047.1000671386719,1097.3600769042969,1078.4600830078125,1187.080078125,984.2200622558594,1105.000072479248,1064.380084991455,1059.8400802612305,Group: D,Group: C,Group: D vs Group: C,4,4,Blank_Blank_Blank
"[TG(42:1)]_FA16:0 | DG(44:8),DG(43:1)_C16:0",DAG,1815.2001457214355,1804.5401229858398,1892.1601371765137,1837.5001373291016,1751.9401168823242,1944.9601440429688,1886.800136566162,2015.4401168823242,1831.8801155090332,Group: D,Group: C,Group: D vs Group: C,4,4,Blank_Blank_Blank
"[TG(42:1)]_FA16:0 | DG(44:8),DG(43:1)_C16:0",TAG,1146.0400848388672,1069.2800788879395,1109.400074005127,1090.380069732666,1326.1401023864746,982.2800674438477,1006.6600761413574,1144.3400802612305,969.1200714111328,Group: D,Group: C,Group: D vs Group: C,4,4,Blank_Blank_Blank
"[TG(42:1)]_FA16:1 | DG(44:8),DG(43:1)_C16:1",DAG,2029.9401359558105,2066.4801483154297,2036.900146484375,2110.0201416015625,2283.780143737793,2017.0401306152344,1999.1201400756836,2285.820140838623,2053.180149078369,Group: D,Group: C,Group: D vs Group: C,4,4,Blank_Blank_Blank
"[TG(42:1)]_FA16:1 | DG(44:8),DG(43:1)_C16:1",TAG,1066.7000732421875,1104.0600700378418,1154.5400733947754,1092.480079650879,1076.6400680541992,1279.3000984191895,1052.8800735473633,1134.5400772094727,1185.9200973510742,Group: D,Group: C,Group: D vs Group: C,4,4,Blank_Blank_Blank
"[TG(42:1)]_FA18:0 | DG(44:8),DG(43:1)_C18:0",DAG,1775.7801246643066,1762.2401237487793,1897.9401321411133,1827.1601333618164,1860.8201370239258,1798.9001274108887,1792.4401206970215,1711.2801208496094,1777.6001205444336,Group: D,Group: C,Group: D vs Group: C,4,4,Blank_Blank_Blank
"[TG(42:1)]_FA18:0 | DG(44:8),DG(43:1)_C18:0",TAG,970.9600639343262,1061.6000633239746,1026.900074005127,974.5000762939453,991.1200675964355,1026.6400680541992,969.1800651550293,973.8000717163086,1017.3600654602051,Group: D,Group: C,Group: D vs Group: C,4,4,Blank_Blank_Blank
"[TG(42:1)]_FA18:1 | DG(44:8),DG(43:1)_C18:1",DAG,2029.3801345825195,2040.4801445007324,2925.8401985168457,2078.200138092041,2475.980178833008,2378.7201652526855,2236.340156555176,2247.5201530456543,2253.100143432617,Group: D,Group: C,Group: D vs Group: C,4,4,Blank_Blank_Blank
"[TG(42:1)]_FA18:1 | DG(44:8),DG(43:1)_C18:1",TAG,1290.6401023864746,1157.8400764465332,1273.0000915527344,1236.6000747680664,1162.8800888061523,1183.2600746154785,1084.0800666809082,1092.400074005127,1178.2600746154785,Group: D,Group: C,Group: D vs Group: C,4,4,Blank_Blank_Blank
[TG(42:2)]_FA14:0,TAG,1114.4800834655762,973.9600715637207,994.0600738525391,1115.9400825500488,1099.8000755310059,981.9200859069824,1070.5600814819336,974.6200790405273,970.2000617980957,Group: D,Group: C,Group: D vs Group: C,4,4,Blank_Blank_Blank
[TG(42:2)]_FA16:0,TAG,964.6000671386719,1022.3800735473633,1112.0800895690918,1234.5200805664062,972.240062713623,990.6600723266602,1004.460075378418,974.680061340332,990.440071105957,Group: D,Group: C,Group: D vs Group: C,4,4,Blank_Blank_Blank
[TG(42:2)]_FA16:1,TAG,1147.54008102417,1046.2800788879395,1112.320068359375,1144.8000755310059,1064.9200820922852,1051.7000694274902,1052.760066986084,1061.3000831604004,1081.5400619506836,Group: D,Group: C,Group: D vs Group: C,4,4,Blank_Blank_Blank
[TG(42:2)]_FA18:0,TAG,1039.320068359375,1056.4000701904297,1001.2000617980957,998.3200607299805,967.6200675964355,970.4800682067871,1029.3800735473633,1043.9400825500488,1012.900074005127,Group: D,Group: C,Group: D vs Group: C,4,4,Blank_Blank_Blank
[TG(42:2)]_FA18:1,TAG,1139.7200775146484,1170.640079498291,1103.5800743103027,1235.8800888061523,1204.6800727844238,1173.460090637207,1181.3000831604004,1222.1800842285156,1066.2000694274902,Group: D,Group: C,Group: D vs Group: C,4,4,Blank_Blank_Blank
[TG(42:2)]_FA18:2,TAG,1298.3601036071777,1380.3600997924805,1256.420078277588,1143.660068511963,1252.940097808838,1223.8200874328613,1213.2000846862793,1085.840072631836,1151.0000762939453,Group: D,Group: C,Group: D vs Group: C,4,4,Blank_Blank_Blank
[TG(42:3)]_FA14:0,TAG,976.4200706481934,974.1600646972656,974.7400703430176,1011.6200752258301,970.3400688171387,970.6400756835938,989.9000663757324,973.8200607299805,1069.2000770568848,Group: D,Group: C,Group: D vs Group: C,4,4,Blank_Blank_Blank
[TG(42:3)]_FA16:0,TAG,1074.3600730895996,1075.1200866699219,1006.1600608825684,999.2400703430176,964.6600685119629,961.0400657653809,1042.8600769042969,997.4600677490234,968.5400695800781,Group: D,Group: C,Group: D vs Group: C,4,4,Blank_Blank_Blank
[TG(42:3)]_FA16:1,TAG,1070.9000625610352,1170.3200798034668,1080.5400733947754,1054.1800689697266,1084.6000747680664,1097.3600769042969,1112.2400703430176,1083.5000762939453,1096.840072631836,Group: D,Group: C,Group: D vs Group: C,4,4,Blank_Blank_Blank
[TG(42:3)]_FA18:0,TAG,1059.2000732421875,971.0400772094727,969.7400703430176,974.4400787353516,968.1600608825684,968.8600730895996,987.1000595092773,973.6200637817383,969.4200782775879,Group: D,Group: C,Group: D vs Group: C,4,4,Blank_Blank_Blank
[TG(42:3)]_FA18:1,TAG,1081.0600700378418,1121.7000694274902,1112.9400787353516,1174.0800857543945,1287.000072479248,1114.820083618164,1148.3000717163086,1062.6800727844238,1093.3000755310059,Group: D,Group: C,Group: D vs Group: C,4,4,Blank_Blank_Blank
[TG(42:3)]_FA18:2,TAG,1165.1000709533691,1269.2000885009766,1309.1600952148438,1087.5600662231445,1272.9601020812988,1264.5400848388672,1130.5600776672363,1180.7600860595703,1171.3000793457031,Group: D,Group: C,Group: D vs Group: C,4,4,Blank_Blank_Blank
[TG(42:3)]_FA18:3,TAG,1167.7400817871094,1167.2400817871094,1203.5600700378418,1209.2000770568848,1231.9000778198242,1184.3400764465332,1172.8000755310059,1188.6400833129883,1228.4600830078125,Group: D,Group: C,Group: D vs Group: C,4,4,Blank_Blank_Blank
[TG(42:4)]_FA14:0,TAG,973.0400772094727,974.0000762939453,975.1600723266602,973.4000701904297,971.7800598144531,1019.4000663757324,971.5400733947754,988.1000709533691,971.0400695800781,Group: D,Group: C,Group: D vs Group: C,4,4,Blank_Blank_Blank
[TG(42:4)]_FA16:0,TAG,1033.0800704956055,1026.9600830078125,1081.1800689697266,1088.800064086914,1003.880069732666,976.4600677490234,961.0800590515137,961.6000595092773,989.2000770568848,Group: D,Group: C,Group: D vs Group: C,4,4,Blank_Blank_Blank
[TG(42:4)]_FA16:1,TAG,1052.160068511963,1046.9000663757324,1058.0600700378418,1115.9800834655762,1051.1000785827637,1080.2600898742676,1063.2400856018066,1059.8200645446777,1131.480079650879,Group: D,Group: C,Group: D vs Group: C,4,4,Blank_Blank_Blank
[TG(42:4)]_FA18:0,TAG,1027.9600677490234,971.0000648498535,1050.460075378418,974.2200698852539,1038.4000701904297,968.6800651550293,973.2200660705566,973.3200645446777,1018.0600700378418,Group: D,Group: C,Group: D vs Group: C,4,4,Blank_Blank_Blank
[TG(42:4)]_FA18:1,TAG,1051.3200798034668,1049.1800689697266,1089.5200691223145,1172.3400802612305,1218.6200866699219,1083.8800773620605,1085.9800720214844,1049.8400688171387,1187.12007522583,Group: D,Group: C,Group: D vs Group: C,4,4,Blank_Blank_Blank
[TG(42:4)]_FA18:2,TAG,1251.8200798034668,1324.5800895690918,1326.9600982666016,1102.1200790405273,1215.6200828552246,1226.6200866699219,1090.520076751709,1085.5800743103027,1150.740077972412,Group: D,Group: C,Group: D vs Group: C,4,4,Blank_Blank_Blank
[TG(42:4)]_FA18:3,TAG,1217.240089416504,1180.220085144043,1167.6400871276855,1344.1200981140137,1260.1800956726074,1165.9600868225098,1323.1200790405273,1251.1600761413574,1171.6200790405273,Group: D,Group: C,Group: D vs Group: C,4,4,Blank_Blank_Blank
[TG(42:4)]_FA20:4,TAG,1247.5000953674316,1249.2200813293457,1295.9800910949707,1355.9200820922852,1283.4200897216797,1253.4200820922852,1284.0000915527344,1298.480094909668,1247.880084991455,Group: D,Group: C,Group: D vs Group: C,4,4,Blank_Blank_Blank
[TG(43:0)]_FA14:0,TAG,1424.9201011657715,1278.0800971984863,1217.4600830078125,1375.5800971984863,1771.6801071166992,1641.4801025390625,1614.3800926208496,1317.440086364746,1412.4200973510742,Group: D,Group: C,Group: D vs Group: C,4,4,Blank_Blank_Blank
[TG(43:0)]_FA16:0 | DG(44:0)_C16:0,DAG,2355.100154876709,3048.560218811035,2172.1001472473145,2459.020175933838,2128.2401275634766,2605.400188446045,2276.0001487731934,2328.9201583862305,2864.0402221679688,Group: D,Group: C,Group: D vs Group: C,4,4,Blank_Blank_Blank
[TG(43:0)]_FA16:0 | DG(44:0)_C16:0,TAG,1833.7401275634766,1585.280117034912,1852.240119934082,1761.2401084899902,1569.7201118469238,1133.1200904846191,1164.5400733947754,1311.7600936889648,1323.960090637207,Group: D,Group: C,Group: D vs Group: C,4,4,Blank_Blank_Blank
[TG(43:0)]_FA18:0 | DG(44:0)_C18:0,DAG,1830.800136566162,1915.140121459961,1979.6401405334473,1849.1401252746582,1852.9201202392578,1855.4601211547852,1820.2801475524902,1885.7801361083984,1952.7601356506348,Group: D,Group: C,Group: D vs Group: C,4,4,Blank_Blank_Blank
[TG(43:0)]_FA18:0 | DG(44:0)_C18:0,TAG,971.3800735473633,1001.6800689697266,1094.240077972412,1018.1800842285156,992.3800659179688,1127.700080871582,1202.0600891113281,973.8800659179688,982.6600685119629,Group: D,Group: C,Group: D vs Group: C,4,4,Blank_Blank_Blank
[TG(43:1)]_FA14:0,TAG,1090.7800827026367,1053.8200798034668,1070.340072631836,1059.0800743103027,1192.1200714111328,1065.7400817871094,1188.160083770752,1038.340072631836,1054.62007522583,Group: D,Group: C,Group: D vs Group: C,4,4,Blank_Blank_Blank
[TG(43:1)]_FA16:0 | DG(44:1)_C16:0,DAG,1835.140121459961,2029.120132446289,1906.720127105713,1950.1001434326172,1823.7201042175293,1882.5001411437988,1725.3201141357422,1756.3801193237305,1940.7401390075684,Group: D,Group: C,Group: D vs Group: C,4,4,Blank_Blank_Blank
[TG(43:1)]_FA16:0 | DG(44:1)_C16:0,TAG,1150.940086364746,1160.7000770568848,1145.4400939941406,1278.020092010498,1103.840072631836,972.2800598144531,1025.2000617980957,962.5000610351562,980.4800682067871,Group: D,Group: C,Group: D vs Group: C,4,4,Blank_Blank_Blank
[TG(43:1)]_FA16:1 | DG(44:1)_C16:1,DAG,2076.9201316833496,1995.6601333618164,2020.9201278686523,2284.620162963867,2363.360164642334,2200.800151824951,2012.6801376342773,2125.520133972168,2104.980155944824,Group: D,Group: C,Group: D vs Group: C,4,4,Blank_Blank_Blank
[TG(43:1)]_FA16:1 | DG(44:1)_C16:1,TAG,1162.1200866699219,1090.7600708007812,1215.780071258545,1207.4000816345215,1097.1200790405273,1091.5800743103027,1173.0200729370117,1199.2800941467285,1116.9400672912598,Group: D,Group: C,Group: D vs Group: C,4,4,Blank_Blank_Blank
[TG(43:1)]_FA18:0 | DG(44:1)_C18:0,DAG,1780.140121459961,1868.7401275634766,1739.3401260375977,1816.3401222229004,1775.6601295471191,1765.4201164245605,1707.3001098632812,1712.3401260375977,1766.66011428833,Group: D,Group: C,Group: D vs Group: C,4,4,Blank_Blank_Blank
[TG(43:1)]_FA18:0 | DG(44:1)_C18:0,TAG,1030.1400680541992,1013.2400779724121,970.7200698852539,1029.8600692749023,968.6000747680664,998.1200675964355,1041.5200843811035,1041.1000671386719,1000.2000732421875,Group: D,Group: C,Group: D vs Group: C,4,4,Blank_Blank_Blank
[TG(43:1)]_FA18:1 | DG(44:1)_C18:1,DAG,2240.4801597595215,2094.4001388549805,3367.7402381896973,2564.9801597595215,2253.0801429748535,2348.7201538085938,2435.0601654052734,2409.6201705932617,2432.3001670837402,Group: D,Group: C,Group: D vs Group: C,4,4,Blank_Blank_Blank
[TG(43:1)]_FA18:1 | DG(44:1)_C18:1,TAG,1326.020092010498,1302.9800910949707,1394.4601020812988,1244.4800758361816,1196.260082244873,1167.2200889587402,1206.6200866699219,1095.0600700378418,1300.7000923156738,Group: D,Group: C,Group: D vs Group: C,4,4,Blank_Blank_Blank
[TG(43:2)]_FA14:0,TAG,973.6200714111328,1013.260066986084,975.4800720214844,1041.0800819396973,986.0200653076172,971.0200614929199,983.4200744628906,998.4000701904297,971.1600723266602,Group: D,Group: C,Group: D vs Group: C,4,4,Blank_Blank_Blank
[TG(43:2)]_FA16:0 | DG(44:2)_C16:0,DAG,1718.9201164245605,1761.3401260375977,1821.220127105713,1755.6001243591309,1794.1401329040527,1786.7601356506348,1742.220115661621,1759.58012008667,1824.5201454162598,Group: D,Group: C,Group: D vs Group: C,4,4,Blank_Blank_Blank
[TG(43:2)]_FA16:0 | DG(44:2)_C16:0,TAG,1000.1400680541992,965.4800605773926,1013.9200668334961,1044.8000755310059,985.1200714111328,960.9200668334961,960.9400672912598,1069.5800666809082,1018.4200668334961,Group: D,Group: C,Group: D vs Group: C,4,4,Blank_Blank_Blank
[TG(43:2)]_FA16:1 | DG(44:2)_C16:1,DAG,2008.3001403808594,2036.9201545715332,2023.0801582336426,1966.1201362609863,2041.7601356506348,1960.5801239013672,2044.540138244629,1986.480125427246,2022.3201293945312,Group: D,Group: C,Group: D vs Group: C,4,4,Blank_Blank_Blank
[TG(43:2)]_FA16:1 | DG(44:2)_C16:1,TAG,1054.0600776672363,1087.4400749206543,1073.5000686645508,1120.6600723266602,1051.300064086914,1133.1200790405273,1052.5800704956055,1101.0800857543945,1151.500072479248,Group: D,Group: C,Group: D vs Group: C,4,4,Blank_Blank_Blank
[TG(43:2)]_FA18:0 | DG(44:2)_C18:0,DAG,1747.5401153564453,1756.6401329040527,1819.0601272583008,1803.2801246643066,1798.3401145935059,1746.0801162719727,1814.500129699707,1757.8001098632812,1911.14013671875,Group: D,Group: C,Group: D vs Group: C,4,4,Blank_Blank_Blank
[TG(43:2)]_FA18:0 | DG(44:2)_C18:0,TAG,971.2800598144531,971.9400672912598,969.7800674438477,1005.9200782775879,994.6400604248047,1001.4400672912598,1008.7800598144531,973.3000755310059,993.740062713623,Group: D,Group: C,Group: D vs Group: C,4,4,Blank_Blank_Blank
[TG(43:2)]_FA18:1 | DG(44:2)_C18:1,DAG,2047.6801452636719,1937.6601257324219,2169.5401573181152,1932.260124206543,2028.580135345459,1977.0201377868652,1906.1401252746582,1958.4601440429688,1951.9401473999023,Group: D,Group: C,Group: D vs Group: C,4,4,Blank_Blank_Blank
[TG(43:2)]_FA18:1 | DG(44:2)_C18:1,TAG,1103.4400787353516,1048.980079650879,1146.580078125,1140.6600799560547,1092.640079498291,1047.3800811767578,1065.4200897216797,1049.8200721740723,1054.0000762939453,Group: D,Group: C,Group: D vs Group: C,4,4,Blank_Blank_Blank
[TG(43:2)]_FA18:2 | DG(44:2)_C18:2,DAG,2224.780174255371,2159.8001556396484,2213.7001724243164,2199.120143890381,2236.3601570129395,2402.4601821899414,2190.6601486206055,2236.3401679992676,2232.900157928467,Group: D,Group: C,Group: D vs Group: C,4,4,Blank_Blank_Blank
[TG(43:2)]_FA18:2 | DG(44:2)_C18:2,TAG,1242.2600936889648,1169.4800758361816,1110.6200904846191,1099.9200820922852,1239.960075378418,1114.8000793457031,1128.8000755310059,1127.3200759887695,1087.5400772094727,Group: D,Group: C,Group: D vs Group: C,4,4,Blank_Blank_Blank
[TG(43:3)]_FA14:0,TAG,972.3800735473633,973.5400695800781,998.0200729370117,973.260066986084,970.9200668334961,1095.2600784301758,971.5800628662109,985.0400772094727,970.1200752258301,Group: D,Group: C,Group: D vs Group: C,4,4,Blank_Blank_Blank
[TG(43:3)]_FA16:0,TAG,965.0000648498535,1036.6000747680664,998.4200630187988,963.960075378418,1004.5400772094727,972.4200630187988,985.3600692749023,961.8600654602051,968.740062713623,Group: D,Group: C,Group: D vs Group: C,4,4,Blank_Blank_Blank
[TG(43:3)]_FA16:1,TAG,1139.6800727844238,1064.1200714111328,1059.0400695800781,1053.3600730895996,1050.560073852539,1052.04008102417,1052.7600708007812,1049.3200721740723,1057.420078277588,Group: D,Group: C,Group: D vs Group: C,4,4,Blank_Blank_Blank
[TG(43:3)]_FA18:0,TAG,970.0400619506836,1033.1400718688965,1026.500072479248,996.8400726318359,1039.12007522583,969.760066986084,969.4200668334961,1038.1000747680664,969.9600715637207,Group: D,Group: C,Group: D vs Group: C,4,4,Blank_Blank_Blank
[TG(43:3)]_FA18:1,TAG,1219.1400718688965,1048.9400749206543,1127.8000869750977,1096.3400650024414,1070.8000717163086,1069.140064239502,1139.2800788879395,1049.4800758361816,1227.0400848388672,Group: D,Group: C,Group: D vs Group: C,4,4,Blank_Blank_Blank
[TG(43:3)]_FA18:2,TAG,1180.180061340332,1171.8000793457031,1140.1200790405273,1086.680076599121,1091.3600769042969,1248.140079498291,1085.5600776672363,1170.6200828552246,1155.9000854492188,Group: D,Group: C,Group: D vs Group: C,4,4,Blank_Blank_Blank
[TG(43:3)]_FA18:3,TAG,1167.5200843811035,1167.2400817871094,1190.5600852966309,1199.7800788879395,1170.1600761413574,1244.2000770568848,1173.0400772094727,1182.000087738037,1171.320068359375,Group: D,Group: C,Group: D vs Group: C,4,4,Blank_Blank_Blank
[TG(43:4)]_FA14:0,TAG,973.200065612793,973.8000679016113,976.2200660705566,1042.460075378418,977.1200714111328,970.7400703430176,1001.6400756835938,973.3200721740723,997.0000610351562,Group: D,Group: C,Group: D vs Group: C,4,4,Blank_Blank_Blank
[TG(43:4)]_FA16:0,TAG,965.2200660705566,987.4400672912598,1033.4400634765625,1010.4200630187988,998.3600654602051,962.6000633239746,961.1600646972656,961.7000732421875,968.7400741577148,Group: D,Group: C,Group: D vs Group: C,4,4,Blank_Blank_Blank
[TG(43:4)]_FA16:1,TAG,1084.1400833129883,1046.6600761413574,1125.6000785827637,1103.420078277588,1050.7200813293457,1093.4200744628906,1077.680076599121,1049.5800704956055,1059.6800727844238,Group: D,Group: C,Group: D vs Group: C,4,4,Blank_Blank_Blank
[TG(43:4)]_FA18:0,TAG,970.8800659179688,971.1400566101074,969.8000717163086,974.5600700378418,969.0400619506836,970.2800674438477,969.7800598144531,973.4800682067871,1005.5400657653809,Group: D,Group: C,Group: D vs Group: C,4,4,Blank_Blank_Blank
[TG(43:4)]_FA18:1,TAG,1180.9200897216797,1070.060073852539,1107.3000869750977,1088.4000701904297,1094.780071258545,1064.1400756835938,1066.0200805664062,1049.6400833129883,1089.8800735473633,Group: D,Group: C,Group: D vs Group: C,4,4,Blank_Blank_Blank
[TG(43:4)]_FA18:2,TAG,1139.3400764465332,1191.8400840759277,1293.980094909668,1116.560073852539,1202.1200942993164,1115.2600784301758,1084.7600708007812,1190.9000701904297,1148.1000709533691,Group: D,Group: C,Group: D vs Group: C,4,4,Blank_Blank_Blank
[TG(43:4)]_FA18:3,TAG,1183.900089263916,1166.0600852966309,1168.0000915527344,1219.5600891113281,1177.280086517334,1229.9200859069824,1194.4000854492188,1173.100082397461,1221.3800888061523,Group: D,Group: C,Group: D vs Group: C,4,4,Blank_Blank_Blank
[TG(43:4)]_FA20:4,TAG,1259.3600997924805,1249.8800888061523,1249.880084991455,1261.6200904846191,1252.2000846862793,1253.1800727844238,1305.7600936889648,1302.9600868225098,1247.7400932312012,Group: D,Group: C,Group: D vs Group: C,4,4,Blank_Blank_Blank
"[TG(44:0),TG(O-45:0)]_FA14:0",TAG,2347.340171813965,1949.560131072998,2049.2601318359375,2268.5801429748535,2534.8202018737793,2244.70015335083,2599.340171813965,1764.3601264953613,1834.780128479004,Group: D,Group: C,Group: D vs Group: C,4,4,Blank_Blank_Blank
"[TG(44:0),TG(O-45:0)]_FA16:0",TAG,2992.4602241516113,3235.9602127075195,3212.840202331543,4049.000301361084,3052.4402084350586,1363.8601036071777,1801.5001182556152,1493.6001091003418,1390.2200965881348,Group: D,Group: C,Group: D vs Group: C,4,4,Blank_Blank_Blank
"[TG(44:0),TG(O-45:0)]_FA18:0",TAG,1116.1200790405273,1116.380069732666,1379.0401000976562,1146.8400917053223,1074.680076599121,1095.2000846862793,1336.7600936889648,1049.7800788879395,1110.960075378418,Group: D,Group: C,Group: D vs Group: C,4,4,Blank_Blank_Blank
[TG(44:1)]_FA14:0,TAG,1351.1001091003418,1046.9400787353516,1227.9201011657715,1306.520092010498,1324.7200889587402,1180.7600784301758,1343.9200859069824,1130.7400741577148,1205.1600799560547,Group: D,Group: C,Group: D vs Group: C,4,4,Blank_Blank_Blank
[TG(44:1)]_FA16:0,TAG,1513.2401008605957,1364.8200950622559,1403.4401016235352,1397.8600807189941,1320.9600944519043,1027.5200653076172,1107.420078277588,1252.4800987243652,1035.1000785827637,Group: D,Group: C,Group: D vs Group: C,4,4,Blank_Blank_Blank
[TG(44:1)]_FA16:1,TAG,1307.420093536377,1155.9200744628906,1632.2201232910156,1379.1601028442383,1130.0200881958008,1226.1600914001465,1153.360092163086,1496.4601135253906,1234.0400848388672,Group: D,Group: C,Group: D vs Group: C,4,4,Blank_Blank_Blank
[TG(44:1)]_FA18:0,TAG,970.6800651550293,984.0400695800781,992.4400672912598,1003.1000785827637,983.9800758361816,993.3000717163086,991.140064239502,973.140079498291,1000.8000755310059,Group: D,Group: C,Group: D vs Group: C,4,4,Blank_Blank_Blank
[TG(44:1)]_FA18:1,TAG,1347.54008102417,1217.7600860595703,1322.200096130371,1363.300090789795,1328.4000930786133,1216.8000755310059,1197.4800910949707,1138.4800872802734,1410.2401084899902,Group: D,Group: C,Group: D vs Group: C,4,4,Blank_Blank_Blank
[TG(44:2)]_FA14:0,TAG,1059.3600769042969,1086.0000839233398,976.3200721740723,1018.5600814819336,1071.4600830078125,1077.7600708007812,1120.4000854492188,1059.6600761413574,1097.840072631836,Group: D,Group: C,Group: D vs Group: C,4,4,Blank_Blank_Blank
[TG(44:2)]_FA16:0,TAG,1164.000087738037,1168.7400970458984,1187.9000816345215,1295.500087738037,1001.0600624084473,1022.4800682067871,975.2800674438477,1012.2800712585449,969.3000717163086,Group: D,Group: C,Group: D vs Group: C,4,4,Blank_Blank_Blank
[TG(44:2)]_FA16:1,TAG,1164.5600852966309,1232.1200828552246,1309.8800888061523,1228.3600769042969,1123.1800804138184,1178.6400756835938,1120.6600799560547,1098.5600700378418,1203.7800788879395,Group: D,Group: C,Group: D vs Group: C,4,4,Blank_Blank_Blank
[TG(44:2)]_FA18:0,TAG,1008.3400573730469,1034.5800743103027,1160.0800743103027,1030.1200675964355,968.1600608825684,969.4600639343262,1032.1000747680664,1057.0200805664062,999.2200660705566,Group: D,Group: C,Group: D vs Group: C,4,4,Blank_Blank_Blank
[TG(44:2)]_FA18:1,TAG,1089.2800788879395,1058.8400688171387,1141.420078277588,1093.6400680541992,1166.2200813293457,1145.3400802612305,1087.7200660705566,1079.0800819396973,1120.7200813293457,Group: D,Group: C,Group: D vs Group: C,4,4,Blank_Blank_Blank
[TG(44:2)]_FA18:2,TAG,1246.7600898742676,1185.840072631836,1236.0600852966309,1139.2800750732422,1397.9601020812988,1171.320068359375,1292.1800842285156,1122.5600814819336,1195.2600708007812,Group: D,Group: C,Group: D vs Group: C,4,4,Blank_Blank_Blank
[TG(44:3)]_FA14:0,TAG,1001.6800727844238,1003.5400695800781,974.7400741577148,1023.3000793457031,1040.080078125,978.000072479248,1044.280071258545,974.240062713623,971.4600677490234,Group: D,Group: C,Group: D vs Group: C,4,4,Blank_Blank_Blank
[TG(44:3)]_FA16:0,TAG,1058.5000648498535,1006.7200622558594,964.500057220459,1064.5200653076172,1013.8000755310059,961.2800636291504,960.6800689697266,962.240062713623,1028.9600715637207,Group: D,Group: C,Group: D vs Group: C,4,4,Blank_Blank_Blank
[TG(44:3)]_FA16:1,TAG,1052.8200721740723,1092.1800727844238,1102.9400825500488,1053.2800788879395,1050.2800788879395,1165.6600875854492,1234.3000869750977,1050.080078125,1068.0800743103027,Group: D,Group: C,Group: D vs Group: C,4,4,Blank_Blank_Blank
[TG(44:3)]_FA18:0,TAG,981.2200736999512,989.1200637817383,970.4200668334961,1036.840072631836,975.2000732421875,1020.000072479248,970.7600593566895,973.1200828552246,994.8200721740723,Group: D,Group: C,Group: D vs Group: C,4,4,Blank_Blank_Blank
[TG(44:3)]_FA18:1,TAG,1080.7400856018066,1087.8000717163086,1199.0400733947754,1110.3400764465332,1046.7000579833984,1077.0000762939453,1119.0600700378418,1100.460090637207,1054.520076751709,Group: D,Group: C,Group: D vs Group: C,4,4,Blank_Blank_Blank
[TG(44:3)]_FA18:2,TAG,1189.820083618164,1360.8201026916504,1194.8800735473633,1155.8800773620605,1124.0400695800781,1181.54008102417,1088.2600746154785,1119.9200744628906,1109.0400695800781,Group: D,Group: C,Group: D vs Group: C,4,4,Blank_Blank_Blank
[TG(44:3)]_FA18:3,TAG,1194.8600883483887,1198.9200859069824,1167.400089263916,1169.0000801086426,1250.3000793457031,1241.6800918579102,1171.8600692749023,1223.7000770568848,1241.4600944519043,Group: D,Group: C,Group: D vs Group: C,4,4,Blank_Blank_Blank
[TG(44:4)]_FA14:0,TAG,973.0000534057617,973.3400650024414,974.1200752258301,983.6800689697266,1008.020076751709,1007.640079498291,970.5800666809082,1001.1400680541992,970.6400680541992,Group: D,Group: C,Group: D vs Group: C,4,4,Blank_Blank_Blank
[TG(44:4)]_FA16:0,TAG,1032.5200729370117,1040.4800720214844,988.9400672912598,1079.0200653076172,1007.7800750732422,975.3200569152832,995.8000640869141,962.5800628662109,969.2800636291504,Group: D,Group: C,Group: D vs Group: C,4,4,Blank_Blank_Blank
[TG(44:4)]_FA16:1,TAG,1112.8600807189941,1094.8000679016113,1058.240062713623,1107.0800819396973,1089.6800804138184,1150.660083770752,1112.100082397461,1115.7400856018066,1150.1200828552246,Group: D,Group: C,Group: D vs Group: C,4,4,Blank_Blank_Blank
[TG(44:4)]_FA18:0,TAG,971.5800666809082,971.1200675964355,970.120059967041,1076.8800811767578,1003.6400680541992,969.0600776672363,1040.1800651550293,973.260066986084,970.2600593566895,Group: D,Group: C,Group: D vs Group: C,4,4,Blank_Blank_Blank
[TG(44:4)]_FA18:1,TAG,1059.7600746154785,1050.2000732421875,1050.1000747680664,1091.220069885254,1185.2200775146484,1138.1800918579102,1049.3000717163086,1120.6000747680664,1083.3000755310059,Group: D,Group: C,Group: D vs Group: C,4,4,Blank_Blank_Blank
[TG(44:4)]_FA18:2,TAG,1181.2800827026367,1249.320083618164,1214.1800918579102,1242.6600875854492,1330.3201065063477,1275.8600769042969,1137.980079650879,1085.340072631836,1106.8200721740723,Group: D,Group: C,Group: D vs Group: C,4,4,Blank_Blank_Blank
[TG(44:4)]_FA18:3,TAG,1198.740089416504,1167.200080871582,1167.520076751709,1193.9400901794434,1211.2200889587402,1220.5200843811035,1186.4600791931152,1201.1200714111328,1206.560073852539,Group: D,Group: C,Group: D vs Group: C,4,4,Blank_Blank_Blank
[TG(44:4)]_FA20:4,TAG,1249.0200805664062,1249.0600929260254,1283.580093383789,1295.7200965881348,1284.240089416504,1341.2200927734375,1270.9800910949707,1287.2400932312012,1265.0600967407227,Group: D,Group: C,Group: D vs Group: C,4,4,Blank_Blank_Blank
[TG(44:5)]_FA14:0,TAG,973.440071105957,973.8400726318359,975.3000679016113,1004.8600730895996,1012.1000709533691,1003.1000785827637,985.9000701904297,1002.9000778198242,971.1200714111328,Group: D,Group: C,Group: D vs Group: C,4,4,Blank_Blank_Blank
[TG(44:5)]_FA16:0,TAG,1240.220085144043,1237.4800872802734,1128.4200859069824,1157.6800727844238,1266.7600898742676,960.7200622558594,1062.2400741577148,1074.1000709533691,1050.04008102417,Group: D,Group: C,Group: D vs Group: C,4,4,Blank_Blank_Blank
[TG(44:5)]_FA16:1,TAG,1055.2400665283203,1078.0800819396973,1068.9400672912598,1053.9600715637207,1050.3600730895996,1052.0600776672363,1058.7600784301758,1133.3800659179688,1048.3200645446777,Group: D,Group: C,Group: D vs Group: C,4,4,Blank_Blank_Blank
[TG(44:5)]_FA18:0,TAG,971.9200744628906,994.400074005127,971.3400764465332,985.6400718688965,968.0200653076172,1112.400074005127,980.0800590515137,989.440071105957,1020.3400650024414,Group: D,Group: C,Group: D vs Group: C,4,4,Blank_Blank_Blank
[TG(44:5)]_FA18:1,TAG,1079.0800743103027,1107.320068359375,1049.380069732666,1055.6800727844238,1066.3600730895996,1047.920066833496,1073.500072479248,1048.880069732666,1124.880069732666,Group: D,Group: C,Group: D vs Group: C,4,4,Blank_Blank_Blank
[TG(44:5)]_FA18:2,TAG,1283.1200981140137,1178.4400825500488,1103.1000747680664,1133.0200881958008,1267.0600929260254,1360.6601104736328,1159.0400886535645,1118.1600761413574,1142.2000846862793,Group: D,Group: C,Group: D vs Group: C,4,4,Blank_Blank_Blank
[TG(44:5)]_FA18:3,TAG,1198.140079498291,1179.0000801086426,1234.5400886535645,1200.4800910949707,1225.9600830078125,1206.440086364746,1172.1200714111328,1171.4200820922852,1172.9400749206543,Group: D,Group: C,Group: D vs Group: C,4,4,Blank_Blank_Blank
[TG(44:5)]_FA20:4,TAG,1248.2200889587402,1261.1800918579102,1249.9400749206543,1300.2400970458984,1307.1400871276855,1343.4800987243652,1272.200096130371,1295.5200996398926,1308.2200889587402,Group: D,Group: C,Group: D vs Group: C,4,4,Blank_Blank_Blank
[TG(44:5)]_FA22:5,TAG,1372.9800987243652,1504.8200988769531,1500.0201148986816,1416.9601020812988,1375.5000953674316,1421.9401054382324,1394.1201095581055,1470.3200950622559,1394.6600952148438,Group: D,Group: C,Group: D vs Group: C,4,4,Blank_Blank_Blank
[TG(45:0)]_FA14:0,TAG,1837.240135192871,1215.7000923156738,1887.9201316833496,2001.560157775879,2263.9801635742188,1836.8601264953613,2454.1601638793945,1469.16011428833,2348.1001739501953,Group: D,Group: C,Group: D vs Group: C,4,4,Blank_Blank_Blank
[TG(45:0)]_FA16:0,TAG,3320.5402221679688,2627.5201873779297,2991.1801986694336,3407.040256500244,2622.480197906494,1291.3400840759277,1446.0400924682617,1187.8200912475586,1338.9200859069824,Group: D,Group: C,Group: D vs Group: C,4,4,Blank_Blank_Blank
[TG(45:0)]_FA18:0,TAG,975.3000755310059,982.4000587463379,1099.8000717163086,1050.4200706481934,1062.8800735473633,1071.5000686645508,1032.8200759887695,1028.840087890625,1006.2600708007812,Group: D,Group: C,Group: D vs Group: C,4,4,Blank_Blank_Blank
[TG(45:1)]_FA14:0,TAG,1140.9200820922852,1267.840103149414,1443.0600967407227,1139.7200889587402,1266.6600914001465,1140.9800834655762,1307.6200866699219,1113.1600799560547,1214.5800857543945,Group: D,Group: C,Group: D vs Group: C,4,4,Blank_Blank_Blank
[TG(45:1)]_FA16:0,TAG,1343.8200912475586,1208.180076599121,1324.7200927734375,1621.2001113891602,1304.800090789795,1104.780071258545,1029.140079498291,1076.8000679016113,1114.3600692749023,Group: D,Group: C,Group: D vs Group: C,4,4,Blank_Blank_Blank
[TG(45:1)]_FA16:1,TAG,1290.7600898742676,1539.7401123046875,1750.3001403808594,1524.3401107788086,1085.3000679016113,1333.6000747680664,1347.660099029541,1415.9000930786133,1532.700107574463,Group: D,Group: C,Group: D vs Group: C,4,4,Blank_Blank_Blank
[TG(45:1)]_FA18:0,TAG,970.5200614929199,1068.6000785827637,970.1200637817383,984.660083770752,994.3600769042969,969.7800674438477,1009.9800758361816,1016.5400810241699,1030.3000717163086,Group: D,Group: C,Group: D vs Group: C,4,4,Blank_Blank_Blank
[TG(45:1)]_FA18:1,TAG,1244.560073852539,1061.5000686645508,1186.8800773620605,1255.9400825500488,1245.4400901794434,1047.060073852539,1089.8600807189941,1104.4000778198242,1123.8400917053223,Group: D,Group: C,Group: D vs Group: C,4,4,Blank_Blank_Blank
[TG(45:2)]_FA14:0,TAG,1022.2600708007812,1008.7800750732422,1016.1000671386719,979.3200645446777,1176.0200805664062,973.6600685119629,1024.280071258545,992.4000663757324,1007.7600784301758,Group: D,Group: C,Group: D vs Group: C,4,4,Blank_Blank_Blank
[TG(45:2)]_FA16:0,TAG,1093.7000846862793,1063.0400733947754,994.0400733947754,1103.900074005127,1007.5600738525391,972.9400749206543,978.5400657653809,968.4800682067871,999.6800765991211,Group: D,Group: C,Group: D vs Group: C,4,4,Blank_Blank_Blank
[TG(45:2)]_FA16:1,TAG,1198.8600959777832,1172.520076751709,1443.9801139831543,1249.000072479248,1071.0200691223145,1217.60009765625,1100.3400840759277,1204.4200744628906,1283.6000785827637,Group: D,Group: C,Group: D vs Group: C,4,4,Blank_Blank_Blank
[TG(45:2)]_FA18:0,TAG,970.1600608825684,972.6200714111328,1049.6600723266602,1001.8800735473633,968.0800704956055,969.320068359375,982.2600593566895,973.5200653076172,999.6000671386719,Group: D,Group: C,Group: D vs Group: C,4,4,Blank_Blank_Blank
[TG(45:2)]_FA18:1,TAG,1176.660083770752,1050.5000762939453,1137.2800788879395,1211.8400802612305,1057.9000663757324,1046.8600769042969,1048.980068206787,1049.9200706481934,1132.3600883483887,Group: D,Group: C,Group: D vs Group: C,4,4,Blank_Blank_Blank
[TG(45:2)]_FA18:2,TAG,1202.0400772094727,1287.3400917053223,1229.300090789795,1087.1800651550293,1175.9000816345215,1171.400074005127,1119.900074005127,1085.5800743103027,1135.700080871582,Group: D,Group: C,Group: D vs Group: C,4,4,Blank_Blank_Blank
[TG(45:3)]_FA14:0,TAG,973.1200714111328,998.0800819396973,975.7200736999512,1008.500072479248,996.7200698852539,970.6000671386719,994.1600685119629,987.8000755310059,1023.200065612793,Group: D,Group: C,Group: D vs Group: C,4,4,Blank_Blank_Blank
[TG(45:3)]_FA16:0,TAG,1130.4800834655762,1020.1000709533691,1089.420078277588,1005.8400650024414,1152.6000900268555,1042.5400657653809,982.9800567626953,1041.9000701904297,969.1600723266602,Group: D,Group: C,Group: D vs Group: C,4,4,Blank_Blank_Blank
[TG(45:3)]_FA16:1,TAG,1199.5800857543945,1104.8400764465332,1196.9400749206543,1054.8600769042969,1081.360065460205,1057.0400772094727,1052.4200744628906,1085.0400772094727,1093.3000679016113,Group: D,Group: C,Group: D vs Group: C,4,4,Blank_Blank_Blank
[TG(45:3)]_FA18:0,TAG,970.7600746154785,970.7200584411621,970.6200714111328,998.8600807189941,968.1200675964355,1031.6800651550293,968.9000701904297,972.4800682067871,1012.0400695800781,Group: D,Group: C,Group: D vs Group: C,4,4,Blank_Blank_Blank
[TG(45:3)]_FA18:1,TAG,1350.200096130371,1117.4200744628906,1142.9000930786133,1080.6800651550293,1155.880069732666,1182.6000862121582,1303.5800857543945,1049.8800659179688,1256.4200897216797,Group: D,Group: C,Group: D vs Group: C,4,4,Blank_Blank_Blank
[TG(45:3)]_FA18:2,TAG,1163.1000747680664,1143.8600807189941,1205.6400756835938,1110.160083770752,1178.6200828552246,1304.1200942993164,1153.820083618164,1146.9800872802734,1151.0000839233398,Group: D,Group: C,Group: D vs Group: C,4,4,Blank_Blank_Blank
[TG(45:3)]_FA18:3,TAG,1167.560073852539,1222.420078277588,1188.2000885009766,1249.5000915527344,1217.400089263916,1167.8200798034668,1209.2400817871094,1172.1600799560547,1172.400074005127,Group: D,Group: C,Group: D vs Group: C,4,4,Blank_Blank_Blank
[TG(45:4)]_FA14:0,TAG,972.9200668334961,974.0200729370117,975.440071105957,999.0600738525391,1016.200065612793,976.6200637817383,1006.1200637817383,973.1200675964355,995.5600700378418,Group: D,Group: C,Group: D vs Group: C,4,4,Blank_Blank_Blank
[TG(45:4)]_FA16:0,TAG,1033.8400650024414,965.5600700378418,1013.140079498291,1059.9600715637207,1008.1000709533691,960.7600631713867,962.2000617980957,961.9600677490234,969.5800628662109,Group: D,Group: C,Group: D vs Group: C,4,4,Blank_Blank_Blank
[TG(45:4)]_FA16:1,TAG,1165.780086517334,1070.6400718688965,1059.440071105957,1185.480079650879,1091.080078125,1146.6200828552246,1067.1600761413574,1162.3400764465332,1097.3800773620605,Group: D,Group: C,Group: D vs Group: C,4,4,Blank_Blank_Blank
[TG(45:4)]_FA18:0,TAG,970.9200744628906,998.760066986084,1060.480079650879,974.3400688171387,970.1400680541992,1013.9200782775879,969.5000762939453,972.9600601196289,1008.5200653076172,Group: D,Group: C,Group: D vs Group: C,4,4,Blank_Blank_Blank
[TG(45:4)]_FA18:1,TAG,1054.480068206787,1049.4400672912598,1073.5000762939453,1047.8200721740723,1098.420078277588,1047.4800720214844,1064.260066986084,1049.5800743103027,1081.6200828552246,Group: D,Group: C,Group: D vs Group: C,4,4,Blank_Blank_Blank
[TG(45:4)]_FA18:2,TAG,1132.3200759887695,1225.8000831604004,1122.820083618164,1087.9800720214844,1223.6000938415527,1136.8000755310059,1119.5400772094727,1127.480079650879,1124.8400840759277,Group: D,Group: C,Group: D vs Group: C,4,4,Blank_Blank_Blank
[TG(45:4)]_FA18:3,TAG,1198.680103302002,1192.9000816345215,1167.12007522583,1198.2600860595703,1229.760082244873,1170.900074005127,1201.6000747680664,1172.1400871276855,1173.1000900268555,Group: D,Group: C,Group: D vs Group: C,4,4,Blank_Blank_Blank
[TG(45:4)]_FA20:4,TAG,1248.7000885009766,1316.3000869750977,1275.240077972412,1246.800090789795,1312.0200843811035,1253.3800888061523,1248.3600959777832,1305.3000946044922,1259.5600967407227,Group: D,Group: C,Group: D vs Group: C,4,4,Blank_Blank_Blank
[TG(45:5)]_FA14:0,TAG,973.0400657653809,974.0400695800781,974.8400688171387,1019.7600708007812,1027.6000633239746,974.3800659179688,988.7800712585449,973.3600769042969,969.9200744628906,Group: D,Group: C,Group: D vs Group: C,4,4,Blank_Blank_Blank
[TG(45:5)]_FA16:0,TAG,983.2800598144531,1124.640079498291,1029.9400634765625,1073.980068206787,1173.0800743103027,1020.7600593566895,961.0000534057617,965.7600631713867,1020.7800788879395,Group: D,Group: C,Group: D vs Group: C,4,4,Blank_Blank_Blank
[TG(45:5)]_FA16:1,TAG,1053.1200637817383,1047.280071258545,1046.0600700378418,1054.760066986084,1050.3600730895996,1052.0600700378418,1053.0600776672363,1106.3400802612305,1086.400074005127,Group: D,Group: C,Group: D vs Group: C,4,4,Blank_Blank_Blank
[TG(45:5)]_FA18:0,TAG,970.7200698852539,1002.9200744628906,992.9800720214844,973.6000747680664,1009.7600593566895,969.3600730895996,975.240062713623,972.7600746154785,996.8800735473633,Group: D,Group: C,Group: D vs Group: C,4,4,Blank_Blank_Blank
[TG(45:5)]_FA18:1,TAG,1054.8600769042969,1049.3200759887695,1049.6800804138184,1071.8000831604004,1077.5000610351562,1047.6000709533691,1049.8000717163086,1115.4400787353516,1063.3600845336914,Group: D,Group: C,Group: D vs Group: C,4,4,Blank_Blank_Blank
[TG(45:5)]_FA18:2,TAG,1090.340072631836,1224.920078277588,1219.6600914001465,1141.300090789795,1281.8400917053223,1210.9400787353516,1182.080093383789,1107.12007522583,1150.000072479248,Group: D,Group: C,Group: D vs Group: C,4,4,Blank_Blank_Blank
[TG(45:5)]_FA18:3,TAG,1178.9200859069824,1166.640079498291,1167.380069732666,1255.1200714111328,1210.7000846862793,1192.8200721740723,1208.7000770568848,1185.3800811767578,1186.8000831604004,Group: D,Group: C,Group: D vs Group: C,4,4,Blank_Blank_Blank
[TG(45:5)]_FA20:4,TAG,1320.2400932312012,1250.0000915527344,1269.780086517334,1245.14009475708,1253.4800834655762,1266.840087890625,1248.840087890625,1248.7000846862793,1261.7000846862793,Group: D,Group: C,Group: D vs Group: C,4,4,Blank_Blank_Blank
[TG(45:5)]_FA22:5,TAG,1485.5001182556152,1384.6200981140137,1425.1201095581055,1402.760082244873,1413.5401039123535,1455.0001106262207,1405.8200912475586,1380.480094909668,1447.4801025390625,Group: D,Group: C,Group: D vs Group: C,4,4,Blank_Blank_Blank
[TG(46:0)]_FA14:0,TAG,2883.920223236084,2268.7201347351074,2812.980182647705,3248.600242614746,4271.90030670166,2939.620220184326,4557.68030166626,2294.9601554870605,2585.4801864624023,Group: D,Group: C,Group: D vs Group: C,4,4,Blank_Blank_Blank
[TG(46:0)]_FA16:0,TAG,7563.140426635742,6886.260444641113,6556.420471191406,8187.480499267578,7895.200637817383,2631.3201904296875,3166.120220184326,2735.1001930236816,2032.70015335083,Group: D,Group: C,Group: D vs Group: C,4,4,Blank_Blank_Blank
[TG(46:0)]_FA18:0,TAG,1222.7200736999512,1130.9800834655762,1101.4600715637207,1209.400089263916,1034.7200813293457,1052.320068359375,1172.8600845336914,1119.5800819396973,1183.500087738037,Group: D,Group: C,Group: D vs Group: C,4,4,Blank_Blank_Blank
[TG(46:1)]_FA14:0,TAG,1894.2801322937012,1885.6801414489746,1662.2001113891602,1929.7801513671875,4675.280429840088,1612.8600959777832,3727.400245666504,1840.780143737793,1299.4600791931152,Group: D,Group: C,Group: D vs Group: C,4,4,Blank_Blank_Blank
[TG(46:1)]_FA16:0,TAG,2202.960178375244,1924.720127105713,2165.4401473999023,2812.240234375,4858.500301361084,1448.6800956726074,1656.5401077270508,1430.9201126098633,1263.440086364746,Group: D,Group: C,Group: D vs Group: C,4,4,Blank_Blank_Blank
[TG(46:1)]_FA16:1,TAG,2047.3601264953613,1982.5601539611816,2339.880172729492,1796.5401229858398,1949.340129852295,1976.560131072998,1979.4601364135742,2109.9801483154297,1823.4601402282715,Group: D,Group: C,Group: D vs Group: C,4,4,Blank_Blank_Blank
[TG(46:1)]_FA18:0,TAG,1008.6400756835938,970.1800727844238,1021.640079498291,1030.5600700378418,967.9800643920898,1006.6400718688965,1000.7400703430176,1010.5800743103027,1000.6000556945801,Group: D,Group: C,Group: D vs Group: C,4,4,Blank_Blank_Blank
[TG(46:1)]_FA18:1,TAG,1426.8400955200195,1190.2200813293457,1207.460075378418,1251.2800827026367,1716.7201232910156,1168.6800727844238,1159.8800773620605,1072.2200775146484,1376.7401008605957,Group: D,Group: C,Group: D vs Group: C,4,4,Blank_Blank_Blank
[TG(46:2)]_FA14:0,TAG,1796.7601356506348,1726.980110168457,1497.3201179504395,1746.720142364502,1481.8401069641113,1422.0201034545898,3236.360195159912,1334.680103302002,1209.5800895690918,Group: D,Group: C,Group: D vs Group: C,4,4,Blank_Blank_Blank
[TG(46:2)]_FA16:0,TAG,1135.640079498291,1270.5200881958008,1568.6601066589355,1426.980094909668,1380.0200729370117,1043.6600723266602,1322.260097503662,1026.4200744628906,968.8600654602051,Group: D,Group: C,Group: D vs Group: C,4,4,Blank_Blank_Blank
[TG(46:2)]_FA16:1,TAG,1891.300121307373,1846.9801445007324,2082.980152130127,1795.9001274108887,1568.960117340088,1698.0601425170898,1613.7601127624512,1908.1801452636719,1635.140121459961,Group: D,Group: C,Group: D vs Group: C,4,4,Blank_Blank_Blank
[TG(46:2)]_FA18:0,TAG,970.760066986084,970.7400665283203,1030.9200706481934,1003.5200729370117,968.4400634765625,1010.3800659179688,978.3600692749023,1023.9400634765625,969.9800758361816,Group: D,Group: C,Group: D vs Group: C,4,4,Blank_Blank_Blank
[TG(46:2)]_FA18:1,TAG,1230.0600852966309,1065.3000755310059,1180.0400772094727,1224.6400871276855,1301.2400856018066,1129.2400817871094,1097.840072631836,1175.1200714111328,1199.3000793457031,Group: D,Group: C,Group: D vs Group: C,4,4,Blank_Blank_Blank
[TG(46:2)]_FA18:2,TAG,1234.2800750732422,1437.7401084899902,1624.460105895996,1160.3000717163086,1843.0801124572754,1669.680118560791,1187.0200881958008,1192.0200843811035,1116.9400749206543,Group: D,Group: C,Group: D vs Group: C,4,4,Blank_Blank_Blank
[TG(46:3)]_FA14:0,TAG,1021.5800704956055,1112.7000770568848,975.5000762939453,1013.0800666809082,984.4600715637207,995.0400733947754,1043.560073852539,1041.7600708007812,993.0000610351562,Group: D,Group: C,Group: D vs Group: C,4,4,Blank_Blank_Blank
[TG(46:3)]_FA16:0,TAG,1075.5400772094727,1007.1600761413574,1013.6400680541992,1114.2200736999512,1074.2000846862793,978.7200660705566,1033.0400772094727,1019.9200630187988,968.5000686645508,Group: D,Group: C,Group: D vs Group: C,4,4,Blank_Blank_Blank
[TG(46:3)]_FA16:1,TAG,1270.5200958251953,1288.7800979614258,1122.6200828552246,1207.6200866699219,1079.1600723266602,1215.0400886535645,1316.2000846862793,1154.9000854492188,1312.7600860595703,Group: D,Group: C,Group: D vs Group: C,4,4,Blank_Blank_Blank
[TG(46:3)]_FA18:0,TAG,971.4000625610352,971.2000694274902,969.8000679016113,988.0600776672363,1037.1200828552246,968.8400764465332,969.8000755310059,973.1800689697266,970.0600700378418,Group: D,Group: C,Group: D vs Group: C,4,4,Blank_Blank_Blank
[TG(46:3)]_FA18:1,TAG,1188.920093536377,1057.4600677490234,1066.0400657653809,1198.3800735473633,1104.5800819396973,1106.3000755310059,1198.4800834655762,1136.0400886535645,1071.1600723266602,Group: D,Group: C,Group: D vs Group: C,4,4,Blank_Blank_Blank
[TG(46:3)]_FA18:2,TAG,1355.340087890625,1260.160083770752,1404.0800895690918,1099.0400733947754,1575.4201049804688,1330.8200798034668,1228.400089263916,1114.020076751709,1130.440071105957,Group: D,Group: C,Group: D vs Group: C,4,4,Blank_Blank_Blank
[TG(46:3)]_FA18:3,TAG,1167.8200759887695,1167.7400817871094,1260.4200859069824,1391.9200897216797,1240.4200897216797,1292.3201026916504,1189.6000785827637,1186.0400695800781,1171.700080871582,Group: D,Group: C,Group: D vs Group: C,4,4,Blank_Blank_Blank
[TG(46:4)]_FA14:0,TAG,973.0000686645508,1003.7600708007812,975.1000785827637,986.1800651550293,970.8200798034668,991.7200660705566,971.4400634765625,974.2200622558594,970.400074005127,Group: D,Group: C,Group: D vs Group: C,4,4,Blank_Blank_Blank
[TG(46:4)]_FA16:0,TAG,1074.9200706481934,1121.680076599121,1026.6400756835938,994.2800598144531,1042.5800743103027,960.5800666809082,961.2200622558594,993.5800743103027,969.5800819396973,Group: D,Group: C,Group: D vs Group: C,4,4,Blank_Blank_Blank
[TG(46:4)]_FA16:1,TAG,1087.2600784301758,1077.1400604248047,1128.3000717163086,1090.2800788879395,1050.220069885254,1053.0000610351562,1052.400074005127,1049.3200721740723,1080.2800674438477,Group: D,Group: C,Group: D vs Group: C,4,4,Blank_Blank_Blank
[TG(46:4)]_FA18:0,TAG,969.9600677490234,970.4800682067871,1112.140079498291,974.5400772094727,968.0400657653809,969.3600578308105,1003.3200759887695,992.020076751709,1024.980068206787,Group: D,Group: C,Group: D vs Group: C,4,4,Blank_Blank_Blank
[TG(46:4)]_FA18:1,TAG,1086.460075378418,1075.200080871582,1123.5200805664062,1058.3800621032715,1113.900074005127,1080.9600830078125,1100.4800834655762,1106.140079498291,1086.3200798034668,Group: D,Group: C,Group: D vs Group: C,4,4,Blank_Blank_Blank
[TG(46:4)]_FA18:2,TAG,1273.2800979614258,1271.1000785827637,1366.2800941467285,1186.8600845336914,1431.2000923156738,1365.8000984191895,1171.7000846862793,1252.9400901794434,1174.6200942993164,Group: D,Group: C,Group: D vs Group: C,4,4,Blank_Blank_Blank
[TG(46:4)]_FA18:3,TAG,1217.5600852966309,1167.4400825500488,1203.5400848388672,1322.2800941467285,1238.780086517334,1191.8200798034668,1174.54008102417,1172.6000747680664,1201.7800750732422,Group: D,Group: C,Group: D vs Group: C,4,4,Blank_Blank_Blank
[TG(46:4)]_FA20:4,TAG,1300.6001014709473,1248.9000854492188,1268.180076599121,1251.5200881958008,1371.4600868225098,1285.3200912475586,1354.460090637207,1248.9400939941406,1278.6400871276855,Group: D,Group: C,Group: D vs Group: C,4,4,Blank_Blank_Blank
[TG(46:5)]_FA14:0,TAG,973.4000663757324,972.940071105957,974.5600738525391,973.1400680541992,1019.0000762939453,970.0800666809082,971.3800735473633,973.9200668334961,976.6600761413574,Group: D,Group: C,Group: D vs Group: C,4,4,Blank_Blank_Blank
[TG(46:5)]_FA16:0,TAG,1065.480079650879,1233.6000747680664,1059.62007522583,1106.0200805664062,1062.9000663757324,960.240062713623,965.56005859375,987.4600677490234,969.2600708007812,Group: D,Group: C,Group: D vs Group: C,4,4,Blank_Blank_Blank
[TG(46:5)]_FA16:1,TAG,1052.62007522583,1099.2600708007812,1080.5400772094727,1053.1800651550293,1049.9400787353516,1052.3000679016113,1052.3600730895996,1049.9400749206543,1062.080062866211,Group: D,Group: C,Group: D vs Group: C,4,4,Blank_Blank_Blank
[TG(46:5)]_FA18:0,TAG,1008.2400741577148,971.4400749206543,1001.5600662231445,1025.1800689697266,967.7200736999512,1017.5800743103027,969.6000671386719,995.0600700378418,969.4000625610352,Group: D,Group: C,Group: D vs Group: C,4,4,Blank_Blank_Blank
[TG(46:5)]_FA18:1,TAG,1195.6200981140137,1118.440086364746,1208.6200904846191,1094.420078277588,1093.6600723266602,1055.1000671386719,1048.840072631836,1116.4800872802734,1060.0800704956055,Group: D,Group: C,Group: D vs Group: C,4,4,Blank_Blank_Blank
[TG(46:5)]_FA18:2,TAG,1351.800106048584,1585.2601051330566,1379.860107421875,1325.280086517334,1429.5800971984863,1355.4200973510742,1098.0200805664062,1133.700080871582,1097.140079498291,Group: D,Group: C,Group: D vs Group: C,4,4,Blank_Blank_Blank
[TG(46:5)]_FA18:3,TAG,1209.4600944519043,1166.8600883483887,1167.6200828552246,1192.6400833129883,1272.680088043213,1168.3200798034668,1172.280071258545,1171.9800872802734,1173.6400833129883,Group: D,Group: C,Group: D vs Group: C,4,4,Blank_Blank_Blank
[TG(46:5)]_FA20:4,TAG,1281.4000930786133,1313.2800979614258,1250.7600898742676,1245.2400817871094,1330.540096282959,1252.8600883483887,1265.1000862121582,1248.500099182129,1247.8400840759277,Group: D,Group: C,Group: D vs Group: C,4,4,Blank_Blank_Blank
[TG(46:5)]_FA22:5,TAG,1373.5801010131836,1417.420108795166,1468.8600997924805,1455.020092010498,1377.1200904846191,1457.7001037597656,1377.3201026916504,1441.0200881958008,1434.2601127624512,Group: D,Group: C,Group: D vs Group: C,4,4,Blank_Blank_Blank
[TG(46:6)]_FA14:0,TAG,1123.5200843811035,1128.780086517334,1101.1600799560547,1106.9800834655762,1058.7200736999512,1087.9400787353516,1095.7000846862793,1160.6800804138184,1113.8200645446777,Group: D,Group: C,Group: D vs Group: C,4,4,Blank_Blank_Blank
[TG(46:6)]_FA16:0,TAG,1888.9001197814941,1853.880126953125,1742.1201400756836,2109.5201416015625,1699.66011428833,1169.6200828552246,1405.5001106262207,1169.12007522583,1036.5200805664062,Group: D,Group: C,Group: D vs Group: C,4,4,Blank_Blank_Blank
[TG(46:6)]_FA16:1,TAG,1052.2800750732422,1055.5200691223145,1046.1600646972656,1065.2400741577148,1050.820068359375,1080.780071258545,1053.0400772094727,1120.0000839233398,1075.0400772094727,Group: D,Group: C,Group: D vs Group: C,4,4,Blank_Blank_Blank
[TG(46:6)]_FA18:0,TAG,1108.2600746154785,1351.740104675293,1401.5000953674316,1308.4200973510742,1076.2200736999512,1379.3400955200195,1478.200107574463,1194.2200927734375,1432.7001037597656,Group: D,Group: C,Group: D vs Group: C,4,4,Blank_Blank_Blank
[TG(46:6)]_FA18:1,TAG,1142.760082244873,1073.740077972412,1103.1000747680664,1066.000072479248,1047.3800735473633,1083.1400756835938,1064.8600769042969,1061.9000854492188,1090.8000793457031,Group: D,Group: C,Group: D vs Group: C,4,4,Blank_Blank_Blank
[TG(46:6)]_FA18:2,TAG,1254.7800903320312,1201.180076599121,1213.5000839233398,1252.8400840759277,1435.5600967407227,1220.9400939941406,1154.5200691223145,1217.5000839233398,1326.900089263916,Group: D,Group: C,Group: D vs Group: C,4,4,Blank_Blank_Blank
[TG(46:6)]_FA18:3,TAG,1166.980079650879,1167.0800743103027,1168.3000755310059,1203.62007522583,1169.440071105957,1183.3200874328613,1202.7000885009766,1193.0400772094727,1171.3800773620605,Group: D,Group: C,Group: D vs Group: C,4,4,Blank_Blank_Blank
[TG(46:6)]_FA20:4,TAG,1274.6000862121582,1248.5400772094727,1300.2000885009766,1278.3800926208496,1318.2200927734375,1257.7600860595703,1285.780086517334,1248.9400901794434,1247.7800827026367,Group: D,Group: C,Group: D vs Group: C,4,4,Blank_Blank_Blank
[TG(46:6)]_FA22:5,TAG,1391.8000984191895,1375.1400871276855,1407.8800811767578,1378.8400840759277,1438.3801002502441,1410.4800987243652,1395.0600929260254,1403.6800842285156,1481.7601013183594,Group: D,Group: C,Group: D vs Group: C,4,4,Blank_Blank_Blank
[TG(46:6)]_FA22:6,TAG,1606.9601135253906,1636.3000984191895,1582.0801086425781,1499.960105895996,1545.780101776123,1526.1401100158691,1548.5801124572754,1566.6401062011719,1540.960117340088,Group: D,Group: C,Group: D vs Group: C,4,4,Blank_Blank_Blank
[TG(47:2)]_FA14:0,TAG,1142.240089416504,1065.580078125,1072.980079650879,1148.980079650879,1284.6200904846191,1091.920078277588,1183.740089416504,1210.6400833129883,1094.7600860595703,Group: D,Group: C,Group: D vs Group: C,4,4,Blank_Blank_Blank
[TG(47:2)]_FA16:0,TAG,1162.1600799560547,1385.8200950622559,1184.0600929260254,1212.3600807189941,1177.4600791931152,1124.4600791931152,1026.060073852539,1044.8800811767578,969.0400657653809,Group: D,Group: C,Group: D vs Group: C,4,4,Blank_Blank_Blank
[TG(47:2)]_FA16:1,TAG,1951.8401374816895,1476.2801094055176,1745.6601295471191,1743.560131072998,1163.0600852966309,1672.2801208496094,1436.3200988769531,1733.18013381958,1840.58012008667,Group: D,Group: C,Group: D vs Group: C,4,4,Blank_Blank_Blank
[TG(47:2)]_FA18:0,TAG,998.3400726318359,983.9600639343262,970.5000686645508,973.4800682067871,1035.0000762939453,970.3400650024414,969.5800666809082,972.9600715637207,968.820068359375,Group: D,Group: C,Group: D vs Group: C,4,4,Blank_Blank_Blank
[TG(47:2)]_FA18:1,TAG,1244.460075378418,1087.8600692749023,1236.6800956726074,1259.8600883483887,1147.4600830078125,1160.0400886535645,1119.3400688171387,1061.7800750732422,1307.0200805664062,Group: D,Group: C,Group: D vs Group: C,4,4,Blank_Blank_Blank
[TG(47:2)]_FA18:2,TAG,1406.0401039123535,1265.5200958251953,1235.7400856018066,1121.4600830078125,1197.820083618164,1364.680088043213,1250.5600891113281,1085.6800842285156,1181.700080871582,Group: D,Group: C,Group: D vs Group: C,4,4,Blank_Blank_Blank
[TG(47:3)]_FA14:0,TAG,984.9000778198242,992.9800682067871,992.8400764465332,981.9400749206543,1041.0400733947754,1060.1800689697266,1008.520076751709,973.0400695800781,1013.7400665283203,Group: D,Group: C,Group: D vs Group: C,4,4,Blank_Blank_Blank
[TG(47:3)]_FA16:0,TAG,965.6000747680664,989.0200614929199,1016.200065612793,1000.460075378418,986.2000694274902,961.2400665283203,977.0000686645508,962.4800682067871,1019.880069732666,Group: D,Group: C,Group: D vs Group: C,4,4,Blank_Blank_Blank
[TG(47:3)]_FA16:1,TAG,1262.920093536377,1112.500072479248,1271.8000869750977,1228.5200996398926,1050.2200813293457,1265.54008102417,1312.3400955200195,1239.4400787353516,1225.7600860595703,Group: D,Group: C,Group: D vs Group: C,4,4,Blank_Blank_Blank
[TG(47:3)]_FA18:0,TAG,971.3200645446777,971.6400718688965,971.820068359375,991.3000755310059,968.4800682067871,984.2600708007812,984.1200714111328,973.7800750732422,997.4200630187988,Group: D,Group: C,Group: D vs Group: C,4,4,Blank_Blank_Blank
[TG(47:3)]_FA18:1,TAG,1056.440071105957,1060.980079650879,1049.0600776672363,1124.900074005127,1061.6800804138184,1063.1000709533691,1147.7000846862793,1082.7000770568848,1136.2200736999512,Group: D,Group: C,Group: D vs Group: C,4,4,Blank_Blank_Blank
[TG(47:3)]_FA18:2,TAG,1302.4800872802734,1261.6200866699219,1389.6800956726074,1090.1800727844238,1525.2601127624512,1390.3201026916504,1179.5400886535645,1176.3800811767578,1149.7200813293457,Group: D,Group: C,Group: D vs Group: C,4,4,Blank_Blank_Blank
[TG(47:3)]_FA18:3,TAG,1195.8200950622559,1167.2000732421875,1168.3000869750977,1197.3400802612305,1185.400089263916,1167.3000831604004,1172.54008102417,1172.260082244873,1209.6000785827637,Group: D,Group: C,Group: D vs Group: C,4,4,Blank_Blank_Blank
[TG(47:4)]_FA14:0,TAG,974.4600791931152,974.3400688171387,975.1400756835938,973.5200691223145,971.4400596618652,971.0800666809082,1017.8400726318359,973.6600761413574,975.5800743103027,Group: D,Group: C,Group: D vs Group: C,4,4,Blank_Blank_Blank
[TG(47:4)]_FA16:0,TAG,1025.580062866211,985.1600685119629,1026.200065612793,1026.1000747680664,1073.1600761413574,961.6000595092773,1020.760066986084,1002.4000778198242,968.2800636291504,Group: D,Group: C,Group: D vs Group: C,4,4,Blank_Blank_Blank
[TG(47:4)]_FA16:1,TAG,1059.1000709533691,1047.4000663757324,1120.760082244873,1053.8000602722168,1086.0600814819336,1052.440071105957,1052.1600723266602,1049.4600715637207,1047.62007522583,Group: D,Group: C,Group: D vs Group: C,4,4,Blank_Blank_Blank
[TG(47:4)]_FA18:0,TAG,971.1400718688965,1012.4200553894043,970.5000762939453,974.8000640869141,969.1400680541992,995.0600738525391,970.2400741577148,972.9800682067871,970.0800628662109,Group: D,Group: C,Group: D vs Group: C,4,4,Blank_Blank_Blank
[TG(47:4)]_FA18:1,TAG,1084.5600814819336,1081.5200691223145,1053.520076751709,1047.5000686645508,1162.4400901794434,1064.1000785827637,1049.5400772094727,1074.4200744628906,1064.3400764465332,Group: D,Group: C,Group: D vs Group: C,4,4,Blank_Blank_Blank
[TG(47:4)]_FA18:2,TAG,1273.520092010498,1187.2800788879395,1231.4800872802734,1222.2800903320312,1363.4600944519043,1213.0800857543945,1191.9000701904297,1128.000087738037,1179.5000762939453,Group: D,Group: C,Group: D vs Group: C,4,4,Blank_Blank_Blank
[TG(47:4)]_FA18:3,TAG,1168.1400756835938,1167.1400833129883,1243.4401016235352,1357.2400932312012,1216.080093383789,1255.5000953674316,1172.6000785827637,1260.6000671386719,1220.8800773620605,Group: D,Group: C,Group: D vs Group: C,4,4,Blank_Blank_Blank
[TG(47:4)]_FA20:4,TAG,1247.260082244873,1249.5600814819336,1249.6000900268555,1246.2600898742676,1362.7400932312012,1252.6800918579102,1387.6601028442383,1299.2800903320312,1256.0600929260254,Group: D,Group: C,Group: D vs Group: C,4,4,Blank_Blank_Blank
[TG(47:5)]_FA14:0,TAG,972.6000671386719,977.760082244873,1006.5400733947754,1016.1000747680664,1013.1400756835938,1030.3600730895996,975.8400650024414,1015.5600738525391,993.5600776672363,Group: D,Group: C,Group: D vs Group: C,4,4,Blank_Blank_Blank
[TG(47:5)]_FA16:0,TAG,1037.4200744628906,1077.5000801086426,989.9600715637207,1176.2800788879395,1079.0200691223145,960.2800598144531,960.180061340332,986.7000694274902,996.240062713623,Group: D,Group: C,Group: D vs Group: C,4,4,Blank_Blank_Blank
[TG(47:5)]_FA16:1,TAG,1086.0400772094727,1068.200065612793,1046.7400703430176,1074.6400756835938,1050.5200729370117,1070.7400741577148,1093.1800727844238,1049.440071105957,1047.4800758361816,Group: D,Group: C,Group: D vs Group: C,4,4,Blank_Blank_Blank
[TG(47:5)]_FA18:0,TAG,981.6800727844238,984.8400650024414,992.7000694274902,974.6000671386719,967.3600730895996,969.8600654602051,1009.3800621032715,1014.5600776672363,969.8000679016113,Group: D,Group: C,Group: D vs Group: C,4,4,Blank_Blank_Blank
[TG(47:5)]_FA18:1,TAG,1085.3800735473633,1049.080062866211,1070.0000762939453,1047.7000694274902,1070.080078125,1062.2600708007812,1049.5800704956055,1049.8000793457031,1073.0800743103027,Group: D,Group: C,Group: D vs Group: C,4,4,Blank_Blank_Blank
[TG(47:5)]_FA18:2,TAG,1289.5000915527344,1207.9200820922852,1420.0001068115234,1230.54008102417,1098.3000602722168,1205.4000854492188,1148.6200790405273,1150.0200729370117,1087.9600677490234,Group: D,Group: C,Group: D vs Group: C,4,4,Blank_Blank_Blank
[TG(47:5)]_FA18:3,TAG,1232.5600852966309,1192.2000846862793,1169.0400924682617,1317.8000793457031,1217.8000793457031,1168.9600830078125,1173.640079498291,1191.1000747680664,1171.5000648498535,Group: D,Group: C,Group: D vs Group: C,4,4,Blank_Blank_Blank
[TG(47:5)]_FA20:4,TAG,1248.0400848388672,1250.0800895690918,1249.720085144043,1245.2600936889648,1260.2600860595703,1258.5000801086426,1248.240077972412,1249.3600883483887,1348.7000885009766,Group: D,Group: C,Group: D vs Group: C,4,4,Blank_Blank_Blank
[TG(47:5)]_FA22:5,TAG,1406.4201049804688,1386.2200965881348,1375.8800964355469,1382.6600952148438,1390.1800956726074,1375.14009475708,1376.0801010131836,1451.3800888061523,1390.1200981140137,Group: D,Group: C,Group: D vs Group: C,4,4,Blank_Blank_Blank
[TG(47:6)]_FA14:0,TAG,1031.0600700378418,1100.700080871582,1074.8000717163086,1141.1200828552246,1256.700080871582,1040.8000755310059,1061.6400833129883,999.7600708007812,1162.2000732421875,Group: D,Group: C,Group: D vs Group: C,4,4,Blank_Blank_Blank
[TG(47:6)]_FA16:0,TAG,1380.0801048278809,1518.6401100158691,1278.4000930786133,1411.8801040649414,2003.160140991211,1045.340072631836,1159.0000839233398,1114.7600784301758,1021.1800727844238,Group: D,Group: C,Group: D vs Group: C,4,4,Blank_Blank_Blank
[TG(47:6)]_FA16:1,TAG,1052.8200721740723,1080.180076599121,1082.8800811767578,1073.4600791931152,1050.7000732421875,1052.320068359375,1053.5400772094727,1050.0800704956055,1046.8000679016113,Group: D,Group: C,Group: D vs Group: C,4,4,Blank_Blank_Blank
[TG(47:6)]_FA18:0,TAG,1030.160083770752,1128.860092163086,1111.960075378418,1029.8400688171387,1001.7600708007812,1124.180088043213,1054.2400741577148,1067.4400787353516,1028.6800727844238,Group: D,Group: C,Group: D vs Group: C,4,4,Blank_Blank_Blank
[TG(47:6)]_FA18:1,TAG,1112.9800872802734,1064.780071258545,1092.720069885254,1095.6600799560547,1070.520076751709,1054.1200714111328,1069.220069885254,1119.2400817871094,1053.6000747680664,Group: D,Group: C,Group: D vs Group: C,4,4,Blank_Blank_Blank
[TG(47:6)]_FA18:2,TAG,1333.500099182129,1089.3800659179688,1090.2600784301758,1158.1800804138184,1148.6000862121582,1129.2400703430176,1102.960075378418,1141.9600830078125,1087.3200759887695,Group: D,Group: C,Group: D vs Group: C,4,4,Blank_Blank_Blank
[TG(47:6)]_FA18:3,TAG,1215.5200881958008,1216.7800788879395,1167.660083770752,1189.020076751709,1211.8200912475586,1170.260082244873,1231.6000862121582,1172.7000770568848,1177.1200866699219,Group: D,Group: C,Group: D vs Group: C,4,4,Blank_Blank_Blank
[TG(47:6)]_FA20:4,TAG,1248.1400871276855,1249.200080871582,1332.000087738037,1276.5400886535645,1258.080093383789,1289.0000839233398,1249.1600952148438,1249.2000923156738,1293.6600875854492,Group: D,Group: C,Group: D vs Group: C,4,4,Blank_Blank_Blank
[TG(47:6)]_FA22:5,TAG,1374.5800895690918,1423.9400901794434,1454.300106048584,1401.420093536377,1389.1800956726074,1401.2000923156738,1377.4200859069824,1466.8600959777832,1443.2400932312012,Group: D,Group: C,Group: D vs Group: C,4,4,Blank_Blank_Blank
[TG(47:6)]_FA22:6,TAG,1515.7401084899902,1568.0401153564453,1539.8401069641113,1503.6801147460938,1508.960105895996,1494.2801055908203,1501.060115814209,1498.6601066589355,1588.1001091003418,Group: D,Group: C,Group: D vs Group: C,4,4,Blank_Blank_Blank
[TG(48:2)]_FA14:0,TAG,5459.820495605469,9485.300769805908,6975.460433959961,4377.140243530273,16564.30103302002,4542.800231933594,28946.702110290527,2634.2401428222656,1224.720100402832,Group: D,Group: C,Group: D vs Group: C,4,4,Blank_Blank_Blank
[TG(48:2)]_FA16:0,TAG,3695.68025970459,2944.1602516174316,3046.620162963867,3473.820266723633,21971.90185546875,5554.080337524414,8998.440696716309,3754.080333709717,1111.0400733947754,Group: D,Group: C,Group: D vs Group: C,4,4,Blank_Blank_Blank
[TG(48:2)]_FA16:1,TAG,8885.380828857422,7410.46040725708,7363.500427246094,4389.540374755859,6745.700630187988,8165.56067276001,20720.92176437378,10075.080837249756,2193.240165710449,Group: D,Group: C,Group: D vs Group: C,4,4,Blank_Blank_Blank
[TG(48:2)]_FA18:0,TAG,982.6400756835938,1030.9600639343262,1030.4800643920898,1015.5400657653809,968.3400688171387,992.2400703430176,988.9800643920898,979.9400825500488,999.1200714111328,Group: D,Group: C,Group: D vs Group: C,4,4,Blank_Blank_Blank
[TG(48:2)]_FA18:1,TAG,2251.280158996582,1405.9400939941406,1475.8401145935059,1658.100112915039,2597.2202072143555,2194.820156097412,2089.460147857666,1893.6001319885254,1368.4601097106934,Group: D,Group: C,Group: D vs Group: C,4,4,Blank_Blank_Blank
[TG(48:2)]_FA18:2,TAG,4351.720314025879,5392.080417633057,4703.38041305542,1739.7001113891602,10216.900550842285,6851.480487823486,4568.780372619629,1936.460163116455,1327.540096282959,Group: D,Group: C,Group: D vs Group: C,4,4,Blank_Blank_Blank
[TG(48:3)]_FA14:0,TAG,2180.5601539611816,3545.0202713012695,3048.420177459717,2121.0401649475098,1969.160140991211,1720.6401329040527,8602.480575561523,1515.980110168457,970.9200592041016,Group: D,Group: C,Group: D vs Group: C,4,4,Blank_Blank_Blank
[TG(48:3)]_FA16:0,TAG,1150.080078125,1091.7800750732422,1301.3400917053223,1185.4000816345215,2156.3601417541504,1169.5600776672363,1585.520107269287,1168.700080871582,969.0000610351562,Group: D,Group: C,Group: D vs Group: C,4,4,Blank_Blank_Blank
[TG(48:3)]_FA16:1,TAG,3175.560256958008,3438.840286254883,3698.1002197265625,2430.9401817321777,3367.6002044677734,2591.9801864624023,7695.520732879639,4443.0402183532715,1453.8200912475586,Group: D,Group: C,Group: D vs Group: C,4,4,Blank_Blank_Blank
[TG(48:3)]_FA18:0,TAG,1018.1200714111328,971.4600677490234,970.5600662231445,973.5400657653809,1026.360065460205,994.8200645446777,969.1800765991211,1006.0600700378418,969.6400718688965,Group: D,Group: C,Group: D vs Group: C,4,4,Blank_Blank_Blank
[TG(48:3)]_FA18:1,TAG,1134.4800758361816,1110.9600791931152,1287.8600997924805,1237.6800804138184,1382.3000831604004,1067.180061340332,1426.160099029541,1300.4800910949707,1191.6000900268555,Group: D,Group: C,Group: D vs Group: C,4,4,Blank_Blank_Blank
[TG(48:3)]_FA18:2,TAG,2723.6801834106445,2668.0802040100098,2921.000259399414,1178.3000679016113,4081.2002449035645,3974.4602279663086,3583.5202445983887,1914.700107574463,1147.1600761413574,Group: D,Group: C,Group: D vs Group: C,4,4,Blank_Blank_Blank
[TG(48:3)]_FA18:3,TAG,1251.380084991455,1203.5000801086426,1235.6800804138184,1474.220100402832,1794.560115814209,1340.2600898742676,1434.8600997924805,1211.1200714111328,1192.5400772094727,Group: D,Group: C,Group: D vs Group: C,4,4,Blank_Blank_Blank
[TG(48:4)]_FA14:0,TAG,1114.8600769042969,1166.3600845336914,1098.0600891113281,1127.7000846862793,1355.8000946044922,1061.780086517334,1341.0401077270508,1040.8200798034668,971.3000717163086,Group: D,Group: C,Group: D vs Group: C,4,4,Blank_Blank_Blank
[TG(48:4)]_FA16:0,TAG,1070.2600860595703,1111.2800827026367,1047.5000762939453,978.3400611877441,1102.0400848388672,994.7600708007812,960.7400665283203,1041.9600715637207,969.3000602722168,Group: D,Group: C,Group: D vs Group: C,4,4,Blank_Blank_Blank
[TG(48:4)]_FA16:1,TAG,1122.3400764465332,1230.720100402832,1386.2001113891602,1314.6800956726074,1370.660099029541,1321.2400970458984,1645.260097503662,1354.940086364746,1121.220085144043,Group: D,Group: C,Group: D vs Group: C,4,4,Blank_Blank_Blank
[TG(48:4)]_FA18:0,TAG,988.0400657653809,970.5400695800781,970.2600746154785,1004.0000686645508,968.1000633239746,968.4600715637207,993.7200813293457,989.400074005127,970.1200752258301,Group: D,Group: C,Group: D vs Group: C,4,4,Blank_Blank_Blank
[TG(48:4)]_FA18:1,TAG,1074.6400756835938,1049.5800666809082,1048.840072631836,1069.9800758361816,1120.940071105957,1115.0000648498535,1204.100082397461,1097.8000869750977,1107.8800773620605,Group: D,Group: C,Group: D vs Group: C,4,4,Blank_Blank_Blank
[TG(48:4)]_FA18:2,TAG,1501.4601097106934,1350.7200813293457,1566.460117340088,1144.1400756835938,1580.5401077270508,1676.200107574463,1345.5800819396973,1241.6600761413574,1143.420078277588,Group: D,Group: C,Group: D vs Group: C,4,4,Blank_Blank_Blank
[TG(48:4)]_FA18:3,TAG,1167.3200721740723,1166.7600784301758,1224.0200729370117,1382.9200973510742,1393.7401084899902,1210.0400924682617,1264.6200904846191,1236.2000885009766,1171.4200859069824,Group: D,Group: C,Group: D vs Group: C,4,4,Blank_Blank_Blank
[TG(48:4)]_FA20:4,TAG,1261.1400871276855,1248.9200859069824,1250.4400901794434,1333.8200988769531,1281.7600898742676,1252.7000732421875,1264.9201011657715,1268.8600959777832,1273.3001022338867,Group: D,Group: C,Group: D vs Group: C,4,4,Blank_Blank_Blank
[TG(48:5)]_FA14:0,TAG,992.120059967041,997.6000671386719,1039.5000839233398,1016.6000785827637,979.820068359375,999.0800628662109,1028.920066833496,973.3400650024414,1010.9400787353516,Group: D,Group: C,Group: D vs Group: C,4,4,Blank_Blank_Blank
[TG(48:5)]_FA16:0,TAG,1130.4400787353516,1053.9800720214844,978.0800666809082,992.0400810241699,1004.2800674438477,960.180061340332,961.8000640869141,988.8400688171387,980.2800712585449,Group: D,Group: C,Group: D vs Group: C,4,4,Blank_Blank_Blank
[TG(48:5)]_FA16:1,TAG,1051.9200706481934,1050.680061340332,1171.4400825500488,1107.1600799560547,1051.080078125,1210.7600860595703,1060.2400741577148,1048.9000816345215,1047.0200691223145,Group: D,Group: C,Group: D vs Group: C,4,4,Blank_Blank_Blank
[TG(48:5)]_FA18:0,TAG,970.7200660705566,989.5200691223145,970.8400650024414,974.2200660705566,968.4200744628906,969.5800666809082,1090.0800857543945,972.9600677490234,984.5600624084473,Group: D,Group: C,Group: D vs Group: C,4,4,Blank_Blank_Blank
[TG(48:5)]_FA18:1,TAG,1079.6000709533691,1049.5600776672363,1103.5400848388672,1048.200065612793,1100.3600730895996,1052.3400764465332,1103.9800758361816,1114.2200775146484,1152.0000839233398,Group: D,Group: C,Group: D vs Group: C,4,4,Blank_Blank_Blank
[TG(48:5)]_FA18:2,TAG,1201.200096130371,1215.6000671386719,1155.6800689697266,1234.2000923156738,1312.9200897216797,1143.1600799560547,1234.440086364746,1138.100082397461,1155.2800788879395,Group: D,Group: C,Group: D vs Group: C,4,4,Blank_Blank_Blank
[TG(48:5)]_FA18:3,TAG,1224.1400985717773,1167.1000709533691,1168.0400772094727,1267.440086364746,1457.6001052856445,1295.9000968933105,1173.3800659179688,1223.380084991455,1172.4400825500488,Group: D,Group: C,Group: D vs Group: C,4,4,Blank_Blank_Blank
[TG(48:5)]_FA20:4,TAG,1247.5600929260254,1308.4200973510742,1249.6000862121582,1245.3600959777832,1313.8600959777832,1253.4600791931152,1286.8200988769531,1309.5200996398926,1246.7600784301758,Group: D,Group: C,Group: D vs Group: C,4,4,Blank_Blank_Blank
[TG(48:5)]_FA22:5,TAG,1467.8601112365723,1440.0201034545898,1490.6801071166992,1498.6800918579102,1374.4400901794434,1387.8601036071777,1396.740104675293,1559.360107421875,1456.680103302002,Group: D,Group: C,Group: D vs Group: C,4,4,Blank_Blank_Blank
[TG(48:6)]_FA14:0,TAG,1050.2000732421875,1035.6600761413574,1120.7000770568848,989.8000679016113,1024.080078125,1171.720085144043,1040.440071105957,994.8000640869141,1016.6200637817383,Group: D,Group: C,Group: D vs Group: C,4,4,Blank_Blank_Blank
[TG(48:6)]_FA16:0,TAG,1273.3200912475586,1378.2200889587402,1523.3001098632812,1563.020107269287,1260.6000862121582,1112.8600730895996,1074.4200706481934,981.0800743103027,1207.1200828552246,Group: D,Group: C,Group: D vs Group: C,4,4,Blank_Blank_Blank
[TG(48:6)]_FA16:1,TAG,1050.820083618164,1047.320068359375,1096.5600776672363,1108.4800605773926,1051.0600700378418,1062.0400733947754,1053.360065460205,1049.8600730895996,1047.6600723266602,Group: D,Group: C,Group: D vs Group: C,4,4,Blank_Blank_Blank
[TG(48:6)]_FA18:0,TAG,1045.8800735473633,1194.3400802612305,1107.980079650879,1182.4000816345215,1104.900089263916,1184.5400886535645,1181.800090789795,1088.920078277588,1078.7000732421875,Group: D,Group: C,Group: D vs Group: C,4,4,Blank_Blank_Blank
[TG(48:6)]_FA18:1,TAG,1207.6200981140137,1049.5600700378418,1135.4600868225098,1076.340072631836,1108.680088043213,1062.0200691223145,1147.920078277588,1060.0600700378418,1139.5200805664062,Group: D,Group: C,Group: D vs Group: C,4,4,Blank_Blank_Blank
[TG(48:6)]_FA18:2,TAG,1088.9800720214844,1124.100082397461,1149.8200912475586,1099.900074005127,1129.240077972412,1087.2200736999512,1104.2600784301758,1085.680076599121,1087.0000686645508,Group: D,Group: C,Group: D vs Group: C,4,4,Blank_Blank_Blank
[TG(48:6)]_FA18:3,TAG,1172.380084991455,1166.820083618164,1180.700080871582,1169.7000846862793,1169.840072631836,1204.4800872802734,1206.0400848388672,1237.1200942993164,1172.9400787353516,Group: D,Group: C,Group: D vs Group: C,4,4,Blank_Blank_Blank
[TG(48:6)]_FA20:4,TAG,1287.3000984191895,1280.940097808838,1250.5600814819336,1246.3000869750977,1273.6000747680664,1300.1000900268555,1248.7000923156738,1249.1600761413574,1281.3800926208496,Group: D,Group: C,Group: D vs Group: C,4,4,Blank_Blank_Blank
[TG(48:6)]_FA22:5,TAG,1483.000114440918,1394.0401000976562,1376.500099182129,1378.8600845336914,1374.6000900268555,1375.6600914001465,1376.4601097106934,1386.5400924682617,1399.340103149414,Group: D,Group: C,Group: D vs Group: C,4,4,Blank_Blank_Blank
[TG(48:6)]_FA22:6,TAG,1576.7601165771484,1603.6001167297363,1612.4201126098633,1537.7401008605957,1621.2601203918457,1493.5200996398926,1500.1800994873047,1543.3601036071777,1560.180118560791,Group: D,Group: C,Group: D vs Group: C,4,4,Blank_Blank_Blank
"[TG(48:7),TG(47:0)]_FA14:0",TAG,1522.0801124572754,1290.1800994873047,1598.9801177978516,1448.1601028442383,1924.5601425170898,1394.960090637207,1890.5201225280762,1695.140121459961,1628.8001174926758,Group: D,Group: C,Group: D vs Group: C,4,4,Blank_Blank_Blank
"[TG(48:7),TG(47:0)]_FA16:0",TAG,5371.460418701172,5398.880401611328,5204.100379943848,5922.900421142578,6626.760482788086,1899.9401168823242,2205.0201263427734,1897.7201232910156,1824.7801399230957,Group: D,Group: C,Group: D vs Group: C,4,4,Blank_Blank_Blank
"[TG(48:7),TG(47:0)]_FA16:1",TAG,1170.400089263916,1052.7200736999512,1074.3800659179688,1137.9000816345215,1050.62007522583,1065.0000762939453,1122.8200798034668,1150.7200813293457,1121.2600746154785,Group: D,Group: C,Group: D vs Group: C,4,4,Blank_Blank_Blank
"[TG(48:7),TG(47:0)]_FA18:0",TAG,1077.0400772094727,1092.720069885254,1075.7800750732422,1207.0000915527344,1058.5800819396973,1091.9800643920898,1095.9200706481934,1125.4200859069824,1083.1000900268555,Group: D,Group: C,Group: D vs Group: C,4,4,Blank_Blank_Blank
"[TG(48:7),TG(47:0)]_FA18:1",TAG,1059.3000831604004,1049.4200744628906,1089.8200759887695,1094.060073852539,1174.1600723266602,1201.9600791931152,1104.2600708007812,1161.2200889587402,1220.1800804138184,Group: D,Group: C,Group: D vs Group: C,4,4,Blank_Blank_Blank
"[TG(48:7),TG(47:0)]_FA18:2",TAG,1217.2800788879395,1158.2800788879395,1250.520092010498,1088.7000732421875,1217.7000923156738,1115.340072631836,1085.8200721740723,1085.780071258545,1153.720069885254,Group: D,Group: C,Group: D vs Group: C,4,4,Blank_Blank_Blank
"[TG(48:7),TG(47:0)]_FA18:3",TAG,1177.3400802612305,1167.9800834655762,1167.6200828552246,1213.8600807189941,1170.0400733947754,1171.3400764465332,1199.1400871276855,1172.160083770752,1171.3800735473633,Group: D,Group: C,Group: D vs Group: C,4,4,Blank_Blank_Blank
"[TG(48:7),TG(47:0)]_FA20:4",TAG,1251.0600891113281,1249.1800956726074,1306.2800979614258,1258.5400924682617,1253.1200790405273,1254.0200805664062,1312.1600914001465,1280.3600997924805,1249.160083770752,Group: D,Group: C,Group: D vs Group: C,4,4,Blank_Blank_Blank
"[TG(48:7),TG(47:0)]_FA22:5",TAG,1515.900104522705,1437.1401023864746,1422.0801086425781,1460.7000923156738,1378.4200973510742,1374.8001098632812,1377.580093383789,1458.4601020812988,1374.860092163086,Group: D,Group: C,Group: D vs Group: C,4,4,Blank_Blank_Blank
"[TG(48:7),TG(47:0)]_FA22:6",TAG,1633.7001113891602,1576.8601188659668,1780.520133972168,1548.2801055908203,1500.3201026916504,1583.1801147460938,1546.0201034545898,1509.8001136779785,1652.5801086425781,Group: D,Group: C,Group: D vs Group: C,4,4,Blank_Blank_Blank
"[TG(48:8),TG(47:1)]_FA14:0",TAG,1352.4001007080078,1362.6600875854492,1489.7600936889648,1074.5200843811035,1451.9401054382324,1261.6600914001465,1498.6001052856445,1044.920078277588,1296.860092163086,Group: D,Group: C,Group: D vs Group: C,4,4,Blank_Blank_Blank
"[TG(48:8),TG(47:1)]_FA16:0",TAG,2481.0401573181152,2351.200164794922,2158.260150909424,2141.5801582336426,2034.940113067627,1255.1200790405273,1536.600112915039,1170.740089416504,1255.4800872802734,Group: D,Group: C,Group: D vs Group: C,4,4,Blank_Blank_Blank
"[TG(48:8),TG(47:1)]_FA16:1",TAG,1604.9801139831543,1959.7401504516602,2282.20015335083,2185.540153503418,1431.8801040649414,1997.0201377868652,1303.5200881958008,1926.6401481628418,1779.1401138305664,Group: D,Group: C,Group: D vs Group: C,4,4,Blank_Blank_Blank
"[TG(48:8),TG(47:1)]_FA18:0",TAG,971.2800750732422,972.1400680541992,1022.0400657653809,987.2800674438477,967.4400672912598,1070.4800758361816,999.5600738525391,1012.1600608825684,998.260066986084,Group: D,Group: C,Group: D vs Group: C,4,4,Blank_Blank_Blank
"[TG(48:8),TG(47:1)]_FA18:1",TAG,1546.3601150512695,1246.800090789795,1535.5201110839844,1327.9200859069824,1561.3801040649414,1188.6200904846191,1333.1400909423828,1127.280071258545,1515.7601051330566,Group: D,Group: C,Group: D vs Group: C,4,4,Blank_Blank_Blank
"[TG(48:8),TG(47:1)]_FA18:2",TAG,1125.1400756835938,1089.1000747680664,1204.280086517334,1146.7400741577148,1104.160083770752,1114.5400772094727,1130.3800659179688,1089.4600868225098,1086.880084991455,Group: D,Group: C,Group: D vs Group: C,4,4,Blank_Blank_Blank
"[TG(48:8),TG(47:1)]_FA18:3",TAG,1167.6200790405273,1167.3200759887695,1185.640079498291,1203.440086364746,1169.2400817871094,1217.0200958251953,1173.2200736999512,1232.640079498291,1172.4000778198242,Group: D,Group: C,Group: D vs Group: C,4,4,Blank_Blank_Blank
"[TG(48:8),TG(47:1)]_FA20:4",TAG,1298.6800918579102,1249.580093383789,1250.1200942993164,1270.7800903320312,1252.840087890625,1270.960090637207,1279.2400970458984,1249.0600891113281,1247.2000885009766,Group: D,Group: C,Group: D vs Group: C,4,4,Blank_Blank_Blank
"[TG(48:8),TG(47:1)]_FA22:5",TAG,1373.6200942993164,1407.60009765625,1472.7201080322266,1411.5600891113281,1374.720100402832,1408.8800888061523,1410.2600898742676,1432.6401062011719,1427.3200950622559,Group: D,Group: C,Group: D vs Group: C,4,4,Blank_Blank_Blank
"[TG(48:8),TG(47:1)]_FA22:6",TAG,1597.680118560791,1636.2001152038574,1559.6201057434082,1505.0401077270508,1517.2801094055176,1493.5401039123535,1500.4801025390625,1522.8001098632812,1581.4200973510742,Group: D,Group: C,Group: D vs Group: C,4,4,Blank_Blank_Blank
[TG(49:3)]_FA14:0,TAG,1157.04008102417,1180.3600769042969,1195.0000839233398,1015.7400779724121,1111.7000770568848,1031.04008102417,1238.6200942993164,1049.3400802612305,1067.1000709533691,Group: D,Group: C,Group: D vs Group: C,4,4,Blank_Blank_Blank
[TG(49:3)]_FA16:0,TAG,1036.9200706481934,1070.3000755310059,1407.300106048584,1217.940086364746,1244.5000915527344,982.4200630187988,977.6600761413574,1067.5400772094727,969.0200614929199,Group: D,Group: C,Group: D vs Group: C,4,4,Blank_Blank_Blank
[TG(49:3)]_FA16:1,TAG,1656.5801124572754,1661.4401092529297,1631.9201202392578,1384.0200881958008,1385.880084991455,2220.5801696777344,1880.760124206543,1849.2801208496094,1191.7400817871094,Group: D,Group: C,Group: D vs Group: C,4,4,Blank_Blank_Blank
[TG(49:3)]_FA18:0,TAG,970.9200706481934,993.1000709533691,971.1600685119629,1043.6400718688965,1028.4400787353516,969.3800621032715,969.3400802612305,973.1600646972656,969.7600631713867,Group: D,Group: C,Group: D vs Group: C,4,4,Blank_Blank_Blank
[TG(49:3)]_FA18:1,TAG,1189.3000831604004,1174.5400772094727,1127.2400817871094,1079.8000755310059,1134.0800819396973,1098.5400772094727,1161.980079650879,1101.1800842285156,1164.140079498291,Group: D,Group: C,Group: D vs Group: C,4,4,Blank_Blank_Blank
[TG(49:3)]_FA18:2,TAG,1637.4401054382324,1871.2401428222656,1975.5401420593262,1273.1800994873047,1716.5201148986816,1745.7401275634766,1999.6801490783691,1237.0000801086426,1304.9800987243652,Group: D,Group: C,Group: D vs Group: C,4,4,Blank_Blank_Blank
[TG(49:3)]_FA18:3,TAG,1272.9401016235352,1269.040096282959,1380.8201065063477,1400.8801040649414,1370.7600936889648,1231.220085144043,1306.1600914001465,1230.2000923156738,1269.7200965881348,Group: D,Group: C,Group: D vs Group: C,4,4,Blank_Blank_Blank
[TG(49:4)]_FA14:0,TAG,996.3200759887695,973.7800750732422,995.1600685119629,1043.1800727844238,1012.2000694274902,999.0600662231445,986.8000679016113,1002.6400718688965,971.1000671386719,Group: D,Group: C,Group: D vs Group: C,4,4,Blank_Blank_Blank
[TG(49:4)]_FA16:0,TAG,974.3800659179688,1011.7200736999512,965.4600563049316,1063.440086364746,1018.9000663757324,960.9000587463379,961.3000602722168,961.4400634765625,969.0200691223145,Group: D,Group: C,Group: D vs Group: C,4,4,Blank_Blank_Blank
[TG(49:4)]_FA16:1,TAG,1194.080078125,1047.420066833496,1252.900089263916,1113.3200798034668,1082.1200675964355,1108.7800827026367,1144.8200759887695,1096.4600677490234,1066.0000686645508,Group: D,Group: C,Group: D vs Group: C,4,4,Blank_Blank_Blank
[TG(49:4)]_FA18:0,TAG,970.8000755310059,971.2400665283203,1003.880069732666,974.4600677490234,969.320068359375,1019.1200675964355,969.1600685119629,972.6200752258301,1013.5200729370117,Group: D,Group: C,Group: D vs Group: C,4,4,Blank_Blank_Blank
[TG(49:4)]_FA18:1,TAG,1094.4000701904297,1064.420078277588,1065.3400764465332,1067.8200645446777,1083.4800758361816,1046.860065460205,1096.5600814819336,1058.2200775146484,1054.200080871582,Group: D,Group: C,Group: D vs Group: C,4,4,Blank_Blank_Blank
[TG(49:4)]_FA18:2,TAG,1129.0400772094727,1250.4000968933105,1149.7200775146484,1121.9400787353516,1142.280086517334,1366.1000785827637,1226.12007522583,1167.1800918579102,1164.5200729370117,Group: D,Group: C,Group: D vs Group: C,4,4,Blank_Blank_Blank
[TG(49:4)]_FA18:3,TAG,1211.6800842285156,1306.6800994873047,1217.8800811767578,1241.020092010498,1169.960075378418,1292.9800910949707,1213.3200912475586,1199.4200859069824,1267.2200889587402,Group: D,Group: C,Group: D vs Group: C,4,4,Blank_Blank_Blank
[TG(49:4)]_FA20:4,TAG,1262.4200897216797,1249.1800918579102,1250.1000862121582,1272.7400970458984,1300.5600929260254,1253.0200805664062,1249.820083618164,1294.60009765625,1329.760097503662,Group: D,Group: C,Group: D vs Group: C,4,4,Blank_Blank_Blank
[TG(49:5)]_FA14:0,TAG,973.6200752258301,1021.4800758361816,974.8400840759277,973.4600677490234,970.8400650024414,969.9600677490234,990.3800659179688,1026.500072479248,970.9800796508789,Group: D,Group: C,Group: D vs Group: C,4,4,Blank_Blank_Blank
[TG(49:5)]_FA16:0,TAG,1055.1000709533691,991.5400581359863,965.4000625610352,1059.8000717163086,1017.2800712585449,1036.220069885254,961.0400657653809,1016.9400634765625,969.3800735473633,Group: D,Group: C,Group: D vs Group: C,4,4,Blank_Blank_Blank
[TG(49:5)]_FA16:1,TAG,1069.740077972412,1047.240062713623,1045.5400733947754,1053.580078125,1049.8000717163086,1052.3000755310059,1139.3200759887695,1050.4000701904297,1047.640064239502,Group: D,Group: C,Group: D vs Group: C,4,4,Blank_Blank_Blank
[TG(49:5)]_FA18:0,TAG,986.140064239502,970.6400718688965,970.0800628662109,1060.420078277588,1040.1000747680664,1005.0400733947754,988.5600700378418,972.7200775146484,968.9400787353516,Group: D,Group: C,Group: D vs Group: C,4,4,Blank_Blank_Blank
[TG(49:5)]_FA18:1,TAG,1074.2000770568848,1108.1600761413574,1059.6800689697266,1078.680076599121,1065.7400741577148,1047.1400680541992,1049.000072479248,1049.4000854492188,1069.2000770568848,Group: D,Group: C,Group: D vs Group: C,4,4,Blank_Blank_Blank
[TG(49:5)]_FA18:2,TAG,1116.460075378418,1099.7200660705566,1122.260082244873,1087.5200729370117,1119.4200744628906,1087.820068359375,1101.140079498291,1122.500072479248,1095.4600639343262,Group: D,Group: C,Group: D vs Group: C,4,4,Blank_Blank_Blank
[TG(49:5)]_FA18:3,TAG,1181.5600852966309,1192.1200828552246,1176.3800773620605,1217.960090637207,1169.3000831604004,1200.580078125,1171.8400840759277,1172.3800888061523,1194.3200759887695,Group: D,Group: C,Group: D vs Group: C,4,4,Blank_Blank_Blank
[TG(49:5)]_FA20:4,TAG,1248.280086517334,1260.820083618164,1248.5200805664062,1245.64009475708,1253.000087738037,1301.9600830078125,1306.8600959777832,1318.1800994873047,1247.4800720214844,Group: D,Group: C,Group: D vs Group: C,4,4,Blank_Blank_Blank
[TG(49:5)]_FA22:5,TAG,1445.0801010131836,1372.8800964355469,1375.9601020812988,1403.1801147460938,1374.6400985717773,1373.8401069641113,1447.5401000976562,1401.0200881958008,1376.040096282959,Group: D,Group: C,Group: D vs Group: C,4,4,Blank_Blank_Blank
[TG(49:6)]_FA14:0,TAG,972.8000717163086,1085.6000785827637,1068.4800720214844,1047.1000709533691,1076.3000793457031,1025.420066833496,1170.6600761413574,1044.8000679016113,1200.2200775146484,Group: D,Group: C,Group: D vs Group: C,4,4,Blank_Blank_Blank
[TG(49:6)]_FA16:0,TAG,1887.1401252746582,1727.0201225280762,1806.9001274108887,2081.5401573181152,3995.5202674865723,1264.400089263916,1391.040096282959,1196.7400817871094,1275.9000930786133,Group: D,Group: C,Group: D vs Group: C,4,4,Blank_Blank_Blank
[TG(49:6)]_FA16:1,TAG,1052.340087890625,1046.7800674438477,1048.840072631836,1114.280071258545,1049.7800674438477,1054.4800758361816,1075.720085144043,1085.220085144043,1047.4600639343262,Group: D,Group: C,Group: D vs Group: C,4,4,Blank_Blank_Blank
[TG(49:6)]_FA18:0,TAG,981.7400741577148,1039.8600730895996,1014.8600692749023,974.4200744628906,1048.0200653076172,1044.6200675964355,1031.9800643920898,1019.1600799560547,1032.680076599121,Group: D,Group: C,Group: D vs Group: C,4,4,Blank_Blank_Blank
[TG(49:6)]_FA18:1,TAG,1051.520076751709,1063.140079498291,1049.2400703430176,1067.5800743103027,1047.7200660705566,1047.1800689697266,1049.0200729370117,1103.7800788879395,1076.9800720214844,Group: D,Group: C,Group: D vs Group: C,4,4,Blank_Blank_Blank
[TG(49:6)]_FA18:2,TAG,1105.1200828552246,1088.9600715637207,1148.6800727844238,1112.2200622558594,1120.020076751709,1108.100082397461,1085.4000778198242,1084.7800788879395,1094.5800704956055,Group: D,Group: C,Group: D vs Group: C,4,4,Blank_Blank_Blank
[TG(49:6)]_FA18:3,TAG,1167.740077972412,1167.5400848388672,1168.260082244873,1169.5600929260254,1220.3600883483887,1220.0800819396973,1172.1200828552246,1171.8000869750977,1178.160068511963,Group: D,Group: C,Group: D vs Group: C,4,4,Blank_Blank_Blank
[TG(49:6)]_FA20:4,TAG,1261.460105895996,1249.2000885009766,1249.9000968933105,1244.4800834655762,1323.2400856018066,1253.0600891113281,1248.840103149414,1248.980079650879,1260.6600875854492,Group: D,Group: C,Group: D vs Group: C,4,4,Blank_Blank_Blank
[TG(49:6)]_FA22:5,TAG,1423.7601165771484,1421.3600959777832,1403.5401039123535,1409.9200973510742,1374.2000999450684,1375.180088043213,1375.8801002502441,1500.700107574463,1376.3000984191895,Group: D,Group: C,Group: D vs Group: C,4,4,Blank_Blank_Blank
[TG(49:6)]_FA22:6,TAG,1618.8801193237305,1562.0601119995117,1539.860107421875,1527.5801086425781,1499.2200965881348,1517.1601066589355,1532.2601051330566,1506.3201179504395,1649.260108947754,Group: D,Group: C,Group: D vs Group: C,4,4,Blank_Blank_Blank
"[TG(49:7),TG(48:0)]_FA14:0",TAG,1792.5401306152344,1758.3401107788086,1736.3201217651367,1571.2201042175293,1899.960132598877,1974.8401412963867,3215.0401878356934,1764.9601211547852,1154.3000717163086,Group: D,Group: C,Group: D vs Group: C,4,4,Blank_Blank_Blank
"[TG(49:7),TG(48:0)]_FA16:0",TAG,16067.581359863281,15241.221237182617,14378.601287841797,18278.241485595703,40734.44268798828,4957.080364227295,8785.880653381348,3915.560230255127,2238.120143890381,Group: D,Group: C,Group: D vs Group: C,4,4,Blank_Blank_Blank
"[TG(49:7),TG(48:0)]_FA16:1",TAG,1295.780086517334,1273.6200866699219,1428.6200942993164,1248.2200813293457,1284.9400787353516,1425.5201148986816,1638.14009475708,1234.5000686645508,1202.800090789795,Group: D,Group: C,Group: D vs Group: C,4,4,Blank_Blank_Blank
"[TG(49:7),TG(48:0)]_FA18:0",TAG,1188.8200798034668,1492.5001182556152,1413.9801025390625,1257.0600929260254,1136.8400802612305,1236.1600914001465,1489.8601036071777,1057.6600875854492,1225.6600723266602,Group: D,Group: C,Group: D vs Group: C,4,4,Blank_Blank_Blank
"[TG(49:7),TG(48:0)]_FA18:1",TAG,1258.1600761413574,1049.0400695800781,1292.5400886535645,1133.7400741577148,1295.7000885009766,1164.260082244873,1123.6400871276855,1049.9200820922852,1137.0800819396973,Group: D,Group: C,Group: D vs Group: C,4,4,Blank_Blank_Blank
"[TG(49:7),TG(48:0)]_FA18:2",TAG,1141.1800842285156,1109.4200744628906,1257.0400886535645,1087.9800720214844,1178.6200790405273,1161.7800674438477,1099.7200660705566,1084.4400825500488,1087.2200775146484,Group: D,Group: C,Group: D vs Group: C,4,4,Blank_Blank_Blank
"[TG(49:7),TG(48:0)]_FA18:3",TAG,1167.0800819396973,1167.6400909423828,1167.2400856018066,1226.7200889587402,1184.9600791931152,1222.2400817871094,1247.0400848388672,1198.6400756835938,1173.140079498291,Group: D,Group: C,Group: D vs Group: C,4,4,Blank_Blank_Blank
"[TG(49:7),TG(48:0)]_FA20:4",TAG,1247.7400817871094,1300.1200942993164,1250.3200912475586,1257.9801025390625,1253.340087890625,1253.8400764465332,1276.2000999450684,1265.3600845336914,1260.000087738037,Group: D,Group: C,Group: D vs Group: C,4,4,Blank_Blank_Blank
"[TG(49:7),TG(48:0)]_FA22:5",TAG,1377.480094909668,1374.4800910949707,1459.8001098632812,1435.1001052856445,1375.1800918579102,1375.660099029541,1375.64009475708,1380.0600814819336,1444.6401062011719,Group: D,Group: C,Group: D vs Group: C,4,4,Blank_Blank_Blank
"[TG(49:7),TG(48:0)]_FA22:6",TAG,1591.6801261901855,1512.4401092529297,1497.0401153564453,1538.9601097106934,1573.0601119995117,1500.3801078796387,1500.340103149414,1498.8601036071777,1537.7801094055176,Group: D,Group: C,Group: D vs Group: C,4,4,Blank_Blank_Blank
"[TG(49:8),TG(48:1)]_FA14:0",TAG,4806.42036819458,8046.740653991699,3959.040241241455,2502.1201782226562,5126.240257263184,2856.64022064209,21939.74154663086,2443.7401542663574,1276.6200866699219,Group: D,Group: C,Group: D vs Group: C,4,4,Blank_Blank_Blank
"[TG(49:8),TG(48:1)]_FA16:0",TAG,6546.86047744751,6126.6803550720215,6613.720554351807,4988.28031539917,42337.182205200195,2842.0801963806152,15233.060668945312,2434.940155029297,1164.7600898742676,Group: D,Group: C,Group: D vs Group: C,4,4,Blank_Blank_Blank
"[TG(49:8),TG(48:1)]_FA16:1",TAG,4943.3003578186035,4597.360271453857,4433.900272369385,4093.6203079223633,5507.420467376709,3090.260166168213,10021.380596160889,5513.000297546387,2217.420135498047,Group: D,Group: C,Group: D vs Group: C,4,4,Blank_Blank_Blank
"[TG(49:8),TG(48:1)]_FA18:0",TAG,1029.520076751709,1024.8800811767578,1129.4800758361816,1024.1400718688965,977.9600639343262,1196.6000862121582,1279.8800888061523,1026.4200744628906,1000.3400688171387,Group: D,Group: C,Group: D vs Group: C,4,4,Blank_Blank_Blank
"[TG(49:8),TG(48:1)]_FA18:1",TAG,2563.8201866149902,1321.580093383789,1990.6001434326172,2394.980167388916,5068.420352935791,1579.8401069641113,2412.2401847839355,2589.320110321045,1768.8201179504395,Group: D,Group: C,Group: D vs Group: C,4,4,Blank_Blank_Blank
"[TG(49:8),TG(48:1)]_FA18:2",TAG,1351.4000854492188,1187.5400772094727,1433.5401000976562,1088.0000762939453,1227.080078125,1494.1200904846191,1387.4800910949707,1131.1200714111328,1117.700080871582,Group: D,Group: C,Group: D vs Group: C,4,4,Blank_Blank_Blank
"[TG(49:8),TG(48:1)]_FA18:3",TAG,1174.2600784301758,1179.880084991455,1167.5800857543945,1173.4200744628906,1214.1800918579102,1167.6800727844238,1173.380084991455,1172.4400825500488,1171.8400650024414,Group: D,Group: C,Group: D vs Group: C,4,4,Blank_Blank_Blank
"[TG(49:8),TG(48:1)]_FA20:4",TAG,1247.9601020812988,1248.880084991455,1250.260082244873,1244.900089263916,1322.0000839233398,1286.6200866699219,1274.0800971984863,1248.8400955200195,1247.3000869750977,Group: D,Group: C,Group: D vs Group: C,4,4,Blank_Blank_Blank
"[TG(49:8),TG(48:1)]_FA22:5",TAG,1424.3601036071777,1436.0400924682617,1375.240089416504,1378.0600891113281,1375.2400970458984,1374.2600936889648,1443.0401077270508,1430.1000938415527,1455.8801078796387,Group: D,Group: C,Group: D vs Group: C,4,4,Blank_Blank_Blank
"[TG(49:8),TG(48:1)]_FA22:6",TAG,1515.1201095581055,1552.5801124572754,1615.6001091003418,1497.7001037597656,1499.60009765625,1547.5401153564453,1500.220100402832,1499.3001098632812,1540.4201126098633,Group: D,Group: C,Group: D vs Group: C,4,4,Blank_Blank_Blank
[TG(50:3)]_FA14:0,TAG,5643.080432891846,19333.060871124268,17007.061157226562,11409.700729370117,19674.0011138916,8982.700702667236,68883.82539367676,13870.641368865967,1040.2400741577148,Group: D,Group: C,Group: D vs Group: C,4,4,Blank_Blank_Blank
[TG(50:3)]_FA16:0,TAG,20186.1407661438,19940.181632995605,22514.441844940186,13818.281032562256,89016.58572006226,32532.602436065674,53146.64351654053,7875.780601501465,1012.5800666809082,Group: D,Group: C,Group: D vs Group: C,4,4,Blank_Blank_Blank
[TG(50:3)]_FA16:1,TAG,71272.50546264648,91909.18663024902,59228.18305206299,13624.600662231445,28832.88198852539,113252.848361969,176061.8148841858,123110.3063659668,1732.300106048584,Group: D,Group: C,Group: D vs Group: C,4,4,Blank_Blank_Blank
[TG(50:3)]_FA18:0,TAG,990.1000709533691,988.1200637817383,1043.62007522583,974.7800674438477,1035.5800819396973,1051.9200859069824,1177.9200820922852,1057.2400703430176,969.1200714111328,Group: D,Group: C,Group: D vs Group: C,4,4,Blank_Blank_Blank
[TG(50:3)]_FA18:1,TAG,8715.920349121094,4362.840389251709,11326.420803070068,7157.940322875977,13229.340728759766,7595.640350341797,9038.380527496338,9208.440494537354,1263.920093536377,Group: D,Group: C,Group: D vs Group: C,4,4,Blank_Blank_Blank
[TG(50:3)]_FA18:2,TAG,49020.06317138672,62743.32263183594,61323.34451675415,10513.80089187622,34736.76179122925,17895.18098449707,74845.16339874268,25624.420970916748,1225.0400772094727,Group: D,Group: C,Group: D vs Group: C,4,4,Blank_Blank_Blank
[TG(50:3)]_FA18:3,TAG,1712.5201148986816,2113.280143737793,1824.9401206970215,2523.440196990967,6018.840526580811,3548.300281524658,2709.6201400756836,2080.3401641845703,1177.3400688171387,Group: D,Group: C,Group: D vs Group: C,4,4,Blank_Blank_Blank
[TG(50:4)]_FA14:0,TAG,4515.220401763916,8046.500709533691,7252.180500030518,7530.640525817871,11231.940673828125,3748.28031539917,21301.181896209717,5439.560375213623,982.8600730895996,Group: D,Group: C,Group: D vs Group: C,4,4,Blank_Blank_Blank
[TG(50:4)]_FA16:0,TAG,4263.8802490234375,2100.380126953125,2092.180118560791,1947.040153503418,6544.600505828857,1350.7000999450684,3899.240280151367,1553.720127105713,969.5200653076172,Group: D,Group: C,Group: D vs Group: C,4,4,Blank_Blank_Blank
[TG(50:4)]_FA16:1,TAG,17385.941493988037,19011.221565246582,13868.000411987305,8978.140502929688,7577.060523986816,27975.761638641357,46728.16379928589,32202.6220703125,1140.3400802612305,Group: D,Group: C,Group: D vs Group: C,4,4,Blank_Blank_Blank
[TG(50:4)]_FA18:0,TAG,1000.0000686645508,1002.2400741577148,969.9000701904297,984.000072479248,969.0600624084473,1001.0800666809082,1066.6600723266602,972.3600807189941,990.2200622558594,Group: D,Group: C,Group: D vs Group: C,4,4,Blank_Blank_Blank
[TG(50:4)]_FA18:1,TAG,1456.5401229858398,1267.7400856018066,1859.3401222229004,1139.1400756835938,1766.4201278686523,1624.1201286315918,1529.6600952148438,1213.1200942993164,1114.1400871276855,Group: D,Group: C,Group: D vs Group: C,4,4,Blank_Blank_Blank
[TG(50:4)]_FA18:2,TAG,13937.7212600708,14807.800960540771,19851.781581878662,6547.740367889404,11617.840850830078,12334.42066192627,22146.601802825928,8406.680656433105,1087.200065612793,Group: D,Group: C,Group: D vs Group: C,4,4,Blank_Blank_Blank
[TG(50:4)]_FA18:3,TAG,2088.6001739501953,2339.3402061462402,1484.2001037597656,2809.220203399658,5203.920352935791,4937.020336151123,4597.480323791504,2861.62020111084,1173.300090789795,Group: D,Group: C,Group: D vs Group: C,4,4,Blank_Blank_Blank
[TG(50:4)]_FA20:4,TAG,1332.280101776123,1279.840087890625,1254.8000946044922,1355.8800964355469,1517.780117034912,1654.500099182129,1971.6401443481445,1559.6401100158691,1282.9400901794434,Group: D,Group: C,Group: D vs Group: C,4,4,Blank_Blank_Blank
[TG(50:5)]_FA14:0,TAG,1256.420066833496,1715.5601234436035,1147.340072631836,1475.5201110839844,1847.5601081848145,1567.8201332092285,2413.9801902770996,1393.480110168457,991.0000610351562,Group: D,Group: C,Group: D vs Group: C,4,4,Blank_Blank_Blank
[TG(50:5)]_FA16:0,TAG,1193.9000778198242,1367.920108795166,1499.2001113891602,1081.7200775146484,1106.3600845336914,1143.8200912475586,1181.3000717163086,1127.4200859069824,990.960075378418,Group: D,Group: C,Group: D vs Group: C,4,4,Blank_Blank_Blank
[TG(50:5)]_FA16:1,TAG,2066.1801147460938,2062.340160369873,1677.1001205444336,1582.2200889587402,1563.7001037597656,1948.9201011657715,3472.840187072754,2527.380184173584,1047.7800788879395,Group: D,Group: C,Group: D vs Group: C,4,4,Blank_Blank_Blank
[TG(50:5)]_FA18:0,TAG,970.4600677490234,974.0600738525391,995.5800704956055,974.1400756835938,969.2000579833984,989.4200668334961,1048.5000801086426,973.1400718688965,985.1400718688965,Group: D,Group: C,Group: D vs Group: C,4,4,Blank_Blank_Blank
[TG(50:5)]_FA18:1,TAG,1116.7600746154785,1117.920078277588,1048.920066833496,1079.0800666809082,1174.6000785827637,1069.7000732421875,1279.3000831604004,1049.4600791931152,1073.660083770752,Group: D,Group: C,Group: D vs Group: C,4,4,Blank_Blank_Blank
[TG(50:5)]_FA18:2,TAG,1923.8401145935059,1410.9401016235352,2493.2201957702637,1268.4001007080078,1716.4001083374023,1914.9001235961914,2138.2801780700684,1180.2800903320312,1139.9400825500488,Group: D,Group: C,Group: D vs Group: C,4,4,Blank_Blank_Blank
[TG(50:5)]_FA18:3,TAG,1335.3801078796387,1452.3000984191895,1488.9201049804688,1987.6801376342773,2653.5202102661133,2033.3201332092285,2006.2401237487793,1724.2001266479492,1171.9000816345215,Group: D,Group: C,Group: D vs Group: C,4,4,Blank_Blank_Blank
[TG(50:5)]_FA20:4,TAG,1315.5000953674316,1249.140079498291,1316.9600868225098,1272.7600898742676,1358.5800971984863,1377.5200958251953,1686.8201179504395,1333.040096282959,1247.1400833129883,Group: D,Group: C,Group: D vs Group: C,4,4,Blank_Blank_Blank
[TG(50:5)]_FA22:5,TAG,1417.8400917053223,1421.720100402832,1414.420093536377,1501.1601104736328,1387.5600891113281,1421.7400970458984,1415.040096282959,1406.9800834655762,1394.0200996398926,Group: D,Group: C,Group: D vs Group: C,4,4,Blank_Blank_Blank
[TG(50:6)]_FA14:0,TAG,1105.220085144043,977.240062713623,1027.8000755310059,1055.920078277588,1131.1600799560547,1145.7200736999512,1048.7600746154785,1022.8000755310059,1003.0200729370117,Group: D,Group: C,Group: D vs Group: C,4,4,Blank_Blank_Blank
[TG(50:6)]_FA16:0,TAG,1075.1600723266602,1207.3000869750977,1312.840103149414,1311.020092010498,1277.6001091003418,1042.9200706481934,1062.7000732421875,998.9000549316406,995.8000717163086,Group: D,Group: C,Group: D vs Group: C,4,4,Blank_Blank_Blank
[TG(50:6)]_FA16:1,TAG,1052.2800750732422,1060.400074005127,1112.6800842285156,1069.900074005127,1050.4800720214844,1113.2000694274902,1218.1800842285156,1079.6000785827637,1047.6000747680664,Group: D,Group: C,Group: D vs Group: C,4,4,Blank_Blank_Blank
[TG(50:6)]_FA18:0,TAG,1032.780071258545,1035.9200706481934,1031.0600700378418,1062.9800758361816,968.7200698852539,976.1600685119629,984.3000755310059,997.4800720214844,1016.1800575256348,Group: D,Group: C,Group: D vs Group: C,4,4,Blank_Blank_Blank
[TG(50:6)]_FA18:1,TAG,1119.8000831604004,1104.2400703430176,1084.9000816345215,1135.2200775146484,1145.8200874328613,1089.04008102417,1123.5000762939453,1119.9800720214844,1220.1600952148438,Group: D,Group: C,Group: D vs Group: C,4,4,Blank_Blank_Blank
[TG(50:6)]_FA18:2,TAG,1184.8400764465332,1294.0000953674316,1196.6200790405273,1163.7600784301758,1149.7800788879395,1224.2600784301758,1272.0400924682617,1108.4200820922852,1126.9600830078125,Group: D,Group: C,Group: D vs Group: C,4,4,Blank_Blank_Blank
[TG(50:6)]_FA18:3,TAG,1168.3000869750977,1167.3000755310059,1167.3000755310059,1233.100082397461,1216.960090637207,1189.1800842285156,1280.1400833129883,1251.6200790405273,1187.780086517334,Group: D,Group: C,Group: D vs Group: C,4,4,Blank_Blank_Blank
[TG(50:6)]_FA20:4,TAG,1315.340087890625,1299.280101776123,1250.4800872802734,1248.8600845336914,1252.6800727844238,1290.500072479248,1283.420078277588,1308.7400932312012,1310.4200973510742,Group: D,Group: C,Group: D vs Group: C,4,4,Blank_Blank_Blank
[TG(50:6)]_FA22:5,TAG,1373.8000984191895,1440.9801025390625,1424.860092163086,1378.2000999450684,1467.9201011657715,1375.4000930786133,1376.5200958251953,1392.2800941467285,1467.2200965881348,Group: D,Group: C,Group: D vs Group: C,4,4,Blank_Blank_Blank
[TG(50:6)]_FA22:6,TAG,1612.6801223754883,1510.6800956726074,1571.6001243591309,1535.8601036071777,1531.1600914001465,1532.5801162719727,1582.9201164245605,1539.220100402832,1532.1801147460938,Group: D,Group: C,Group: D vs Group: C,4,4,Blank_Blank_Blank
"[TG(50:7),TG(49:0)]_FA14:0",TAG,1230.760082244873,1003.4600830078125,1102.8600769042969,1198.7200889587402,1333.4600944519043,1222.3400840759277,996.9200706481934,1081.5400772094727,1112.04008102417,Group: D,Group: C,Group: D vs Group: C,4,4,Blank_Blank_Blank
"[TG(50:7),TG(49:0)]_FA16:0",TAG,3732.660259246826,4854.8603515625,4433.320327758789,4150.440315246582,3899.4602699279785,1475.3201026916504,2108.6601486206055,1627.4600982666016,1555.7001037597656,Group: D,Group: C,Group: D vs Group: C,4,4,Blank_Blank_Blank
"[TG(50:7),TG(49:0)]_FA16:1",TAG,1085.0800743103027,1077.480068206787,1121.2800750732422,1087.7000732421875,1051.1200828552246,1230.5600929260254,1101.8800773620605,1105.5600776672363,1046.6800804138184,Group: D,Group: C,Group: D vs Group: C,4,4,Blank_Blank_Blank
"[TG(50:7),TG(49:0)]_FA18:0",TAG,1297.2400932312012,1320.8801040649414,1233.680103302002,1317.8800926208496,1014.0200729370117,1203.600082397461,1407.2601051330566,985.7000694274902,1249.5600891113281,Group: D,Group: C,Group: D vs Group: C,4,4,Blank_Blank_Blank
"[TG(50:7),TG(49:0)]_FA18:1",TAG,1122.2000846862793,1058.5600700378418,1238.4600868225098,1121.500057220459,1151.1200790405273,1164.2600746154785,1093.0800666809082,1072.3400688171387,1098.9600868225098,Group: D,Group: C,Group: D vs Group: C,4,4,Blank_Blank_Blank
"[TG(50:7),TG(49:0)]_FA18:2",TAG,1263.6200866699219,1171.8000831604004,1134.3800811767578,1087.5400733947754,1094.280071258545,1087.440071105957,1120.5400772094727,1086.1000785827637,1131.760082244873,Group: D,Group: C,Group: D vs Group: C,4,4,Blank_Blank_Blank
"[TG(50:7),TG(49:0)]_FA18:3",TAG,1167.5200843811035,1166.960090637207,1167.9200859069824,1169.0800857543945,1191.660083770752,1209.7600898742676,1172.7200813293457,1173.0600852966309,1172.8600769042969,Group: D,Group: C,Group: D vs Group: C,4,4,Blank_Blank_Blank
"[TG(50:7),TG(49:0)]_FA20:4",TAG,1247.8800926208496,1268.5400924682617,1250.240077972412,1304.5000953674316,1257.980094909668,1253.5200881958008,1310.0001029968262,1248.440086364746,1246.9200859069824,Group: D,Group: C,Group: D vs Group: C,4,4,Blank_Blank_Blank
"[TG(50:7),TG(49:0)]_FA22:5",TAG,1373.5401039123535,1374.1600952148438,1375.7001037597656,1382.7400932312012,1375.3600959777832,1373.7000999450684,1389.3600959777832,1381.6600952148438,1408.1200904846191,Group: D,Group: C,Group: D vs Group: C,4,4,Blank_Blank_Blank
"[TG(50:7),TG(49:0)]_FA22:6",TAG,1497.6401100158691,1514.260108947754,1545.5001106262207,1528.0401153564453,1539.1201171875,1533.260097503662,1500.4400939941406,1499.2001113891602,1497.6001167297363,Group: D,Group: C,Group: D vs Group: C,4,4,Blank_Blank_Blank
"[TG(50:8),TG(49:1)]_FA14:0",TAG,1044.9000816345215,1044.5200843811035,999.2800712585449,1011.960075378418,1195.680076599121,1132.4200744628906,1307.3800888061523,1040.240077972412,1043.3000755310059,Group: D,Group: C,Group: D vs Group: C,4,4,Blank_Blank_Blank
"[TG(50:8),TG(49:1)]_FA16:0",TAG,4254.680294036865,2396.860191345215,3554.6202964782715,2934.320198059082,2655.7001724243164,1827.14013671875,2188.240165710449,1568.0201110839844,1235.0000915527344,Group: D,Group: C,Group: D vs Group: C,4,4,Blank_Blank_Blank
"[TG(50:8),TG(49:1)]_FA16:1",TAG,1406.460090637207,1455.8601036071777,1559.7001037597656,1602.9001159667969,1346.8000984191895,1874.8201332092285,1737.7001304626465,1659.4000968933105,1934.220142364502,Group: D,Group: C,Group: D vs Group: C,4,4,Blank_Blank_Blank
"[TG(50:8),TG(49:1)]_FA18:0",TAG,971.6000709533691,1001.5800666809082,1072.0400772094727,1083.2200775146484,968.880069732666,1068.980079650879,1007.6400756835938,1131.2800788879395,1071.62007522583,Group: D,Group: C,Group: D vs Group: C,4,4,Blank_Blank_Blank
"[TG(50:8),TG(49:1)]_FA18:1",TAG,1934.6801300048828,1203.4200897216797,1549.5801048278809,1630.5001068115234,1941.9401206970215,1185.6600799560547,1496.180103302002,1306.160099029541,1415.3600997924805,Group: D,Group: C,Group: D vs Group: C,4,4,Blank_Blank_Blank
"[TG(50:8),TG(49:1)]_FA18:2",TAG,1366.7800941467285,1251.9400825500488,1207.9200820922852,1145.000072479248,1311.700096130371,1193.8000831604004,1135.2200736999512,1100.260082244873,1092.6400680541992,Group: D,Group: C,Group: D vs Group: C,4,4,Blank_Blank_Blank
"[TG(50:8),TG(49:1)]_FA18:3",TAG,1167.3000793457031,1197.1000747680664,1171.2200813293457,1197.920078277588,1170.760066986084,1208.260082244873,1172.7600860595703,1181.240077972412,1173.080078125,Group: D,Group: C,Group: D vs Group: C,4,4,Blank_Blank_Blank
"[TG(50:8),TG(49:1)]_FA20:4",TAG,1249.3200912475586,1249.4600944519043,1277.320083618164,1246.5600852966309,1253.500087738037,1253.2600860595703,1282.240089416504,1292.0200881958008,1246.7000885009766,Group: D,Group: C,Group: D vs Group: C,4,4,Blank_Blank_Blank
"[TG(50:8),TG(49:1)]_FA22:5",TAG,1399.2801055908203,1372.8200988769531,1374.960090637207,1416.8801040649414,1375.7000999450684,1388.8200950622559,1375.6000900268555,1402.440086364746,1375.160099029541,Group: D,Group: C,Group: D vs Group: C,4,4,Blank_Blank_Blank
"[TG(50:8),TG(49:1)]_FA22:6",TAG,1576.7401008605957,1515.3001098632812,1530.1401100158691,1498.040111541748,1556.3400955200195,1494.060115814209,1499.5800971984863,1566.4801025390625,1529.0001029968262,Group: D,Group: C,Group: D vs Group: C,4,4,Blank_Blank_Blank
"[TG(50:9),TG(49:2)]_FA14:0",TAG,1210.2600860595703,1122.8000831604004,1171.9000778198242,1184.080093383789,1321.0600891113281,1004.0800704956055,1761.3201217651367,1039.4600715637207,1014.0200729370117,Group: D,Group: C,Group: D vs Group: C,4,4,Blank_Blank_Blank
"[TG(50:9),TG(49:2)]_FA16:0",TAG,1642.5001220703125,1700.6601219177246,3121.100242614746,1698.3801231384277,3288.7402420043945,1533.980110168457,2121.900188446045,1154.440071105957,1025.400074005127,Group: D,Group: C,Group: D vs Group: C,4,4,Blank_Blank_Blank
"[TG(50:9),TG(49:2)]_FA16:1",TAG,2403.0201683044434,2159.2001609802246,2901.220203399658,1748.2201347351074,1294.0001029968262,2468.7801933288574,2505.140205383301,2128.1201400756836,1660.9801292419434,Group: D,Group: C,Group: D vs Group: C,4,4,Blank_Blank_Blank
"[TG(50:9),TG(49:2)]_FA18:0",TAG,970.440071105957,1004.3000640869141,1061.2400703430176,1013.5400695800781,1065.3800659179688,1016.2200736999512,995.1800765991211,991.8600730895996,998.9000701904297,Group: D,Group: C,Group: D vs Group: C,4,4,Blank_Blank_Blank
"[TG(50:9),TG(49:2)]_FA18:1",TAG,2010.7201461791992,1234.4400825500488,1580.1001281738281,1538.5601119995117,1758.3401222229004,1228.1800956726074,1434.4201011657715,1219.160083770752,1419.4401016235352,Group: D,Group: C,Group: D vs Group: C,4,4,Blank_Blank_Blank
"[TG(50:9),TG(49:2)]_FA18:2",TAG,2020.8801498413086,2667.0001945495605,2451.4801712036133,1274.0400772094727,1572.9201202392578,2260.520164489746,1859.7601318359375,1576.8601188659668,1313.4001007080078,Group: D,Group: C,Group: D vs Group: C,4,4,Blank_Blank_Blank
"[TG(50:9),TG(49:2)]_FA18:3",TAG,1179.8400764465332,1222.2600898742676,1172.2200889587402,1209.4400825500488,1236.5400733947754,1226.7800788879395,1173.400074005127,1205.5000915527344,1171.640079498291,Group: D,Group: C,Group: D vs Group: C,4,4,Blank_Blank_Blank
"[TG(50:9),TG(49:2)]_FA20:4",TAG,1267.5400886535645,1248.660083770752,1250.4200820922852,1245.2200927734375,1271.9400825500488,1267.5400848388672,1249.3200874328613,1269.7600898742676,1259.3400840759277,Group: D,Group: C,Group: D vs Group: C,4,4,Blank_Blank_Blank
"[TG(50:9),TG(49:2)]_FA22:5",TAG,1402.2200965881348,1385.2200813293457,1395.740089416504,1419.3600997924805,1374.6401023864746,1376.1800956726074,1376.4200820922852,1396.180103302002,1400.0401039123535,Group: D,Group: C,Group: D vs Group: C,4,4,Blank_Blank_Blank
"[TG(50:9),TG(49:2)]_FA22:6",TAG,1640.8201179504395,1534.9001007080078,1528.9201126098633,1498.6600952148438,1595.040111541748,1523.4001159667969,1542.2001152038574,1499.3801078796387,1575.9401092529297,Group: D,Group: C,Group: D vs Group: C,4,4,Blank_Blank_Blank
[TG(51:4)]_FA14:0,TAG,1053.4400825500488,983.5600662231445,974.8400726318359,979.2400703430176,990.2200546264648,969.9800643920898,1100.1800842285156,973.5200691223145,971.2800636291504,Group: D,Group: C,Group: D vs Group: C,4,4,Blank_Blank_Blank
[TG(51:4)]_FA16:0,TAG,1576.2000923156738,1702.9601135253906,1584.7400970458984,1406.9200973510742,1950.0801467895508,1172.960075378418,1435.1401023864746,1064.4400596618652,977.1600685119629,Group: D,Group: C,Group: D vs Group: C,4,4,Blank_Blank_Blank
[TG(51:4)]_FA16:1,TAG,1750.7801513671875,1724.3401184082031,1789.260124206543,1279.5600891113281,1255.3000946044922,2655.060173034668,2101.300151824951,2607.7001953125,1083.420078277588,Group: D,Group: C,Group: D vs Group: C,4,4,Blank_Blank_Blank
[TG(51:4)]_FA18:0,TAG,971.2200698852539,995.3200607299805,969.9800720214844,976.0600700378418,968.9600639343262,969.7600708007812,971.6000747680664,973.3200607299805,970.200065612793,Group: D,Group: C,Group: D vs Group: C,4,4,Blank_Blank_Blank
[TG(51:4)]_FA18:1,TAG,1209.4400939941406,1168.6200790405273,1071.060073852539,1092.2600708007812,1086.3600769042969,1059.8800811767578,1487.540126800537,1220.640079498291,1142.2800788879395,Group: D,Group: C,Group: D vs Group: C,4,4,Blank_Blank_Blank
[TG(51:4)]_FA18:2,TAG,3006.3201942443848,3240.200183868408,4993.080348968506,2293.4201889038086,2477.5001792907715,3436.9002113342285,3680.260196685791,1999.9001235961914,1116.320068359375,Group: D,Group: C,Group: D vs Group: C,4,4,Blank_Blank_Blank
[TG(51:4)]_FA18:3,TAG,1241.5400772094727,1296.3400917053223,1262.520076751709,1446.5601043701172,1531.860092163086,2207.180191040039,1509.2001152038574,1237.4000854492188,1196.3800888061523,Group: D,Group: C,Group: D vs Group: C,4,4,Blank_Blank_Blank
[TG(51:4)]_FA20:4,TAG,1269.5200843811035,1279.580093383789,1353.1200942993164,1245.7000923156738,1408.9600868225098,1300.6000938415527,1312.5600852966309,1291.8200912475586,1246.8400993347168,Group: D,Group: C,Group: D vs Group: C,4,4,Blank_Blank_Blank
[TG(51:5)]_FA14:0,TAG,1014.2400779724121,973.9200706481934,1012.8200836181641,973.1200752258301,999.2800674438477,969.9200668334961,1059.3600807189941,1009.9800682067871,1024.3000717163086,Group: D,Group: C,Group: D vs Group: C,4,4,Blank_Blank_Blank
[TG(51:5)]_FA16:0,TAG,1001.0800628662109,999.6200675964355,1057.4600715637207,1053.0600700378418,1108.1000709533691,1033.960075378418,960.6400680541992,977.2000617980957,992.8600654602051,Group: D,Group: C,Group: D vs Group: C,4,4,Blank_Blank_Blank
[TG(51:5)]_FA16:1,TAG,1175.6200942993164,1169.04008102417,1226.6400833129883,1085.3400764465332,1066.7200736999512,1349.520092010498,1052.3000831604004,1064.5800704956055,1048.260066986084,Group: D,Group: C,Group: D vs Group: C,4,4,Blank_Blank_Blank
[TG(51:5)]_FA18:0,TAG,983.3400764465332,989.7800674438477,969.9600677490234,974.2200698852539,969.8600730895996,970.7200775146484,986.640064239502,972.820068359375,970.1600685119629,Group: D,Group: C,Group: D vs Group: C,4,4,Blank_Blank_Blank
[TG(51:5)]_FA18:1,TAG,1060.6400680541992,1049.0600662231445,1064.0600700378418,1092.100082397461,1047.2000694274902,1048.1000785827637,1098.06005859375,1050.1600761413574,1076.3200721740723,Group: D,Group: C,Group: D vs Group: C,4,4,Blank_Blank_Blank
[TG(51:5)]_FA18:2,TAG,1284.3200912475586,1445.120101928711,1593.9001121520996,1373.8200759887695,1248.5400848388672,1592.9600982666016,1427.9401206970215,1246.2000732421875,1087.0000801086426,Group: D,Group: C,Group: D vs Group: C,4,4,Blank_Blank_Blank
[TG(51:5)]_FA18:3,TAG,1320.4000854492188,1387.1000900268555,1242.8000984191895,1536.2800827026367,1409.14009475708,1769.4201354980469,1476.360107421875,1279.760082244873,1172.2200927734375,Group: D,Group: C,Group: D vs Group: C,4,4,Blank_Blank_Blank
[TG(51:5)]_FA20:4,TAG,1264.2200927734375,1248.800090789795,1250.7200813293457,1256.7200889587402,1336.980094909668,1269.1400871276855,1298.500087738037,1296.1600952148438,1355.3001022338867,Group: D,Group: C,Group: D vs Group: C,4,4,Blank_Blank_Blank
[TG(51:5)]_FA22:5,TAG,1439.4601020812988,1405.0200958251953,1394.7800979614258,1402.06010055542,1374.220100402832,1403.1000938415527,1388.8200912475586,1442.6200942993164,1377.9200897216797,Group: D,Group: C,Group: D vs Group: C,4,4,Blank_Blank_Blank
[TG(51:6)]_FA14:0,TAG,1007.5000762939453,973.3400611877441,1005.4600791931152,1047.2400703430176,1018.2200736999512,1079.3000793457031,1055.8600730895996,998.1400680541992,1074.180076599121,Group: D,Group: C,Group: D vs Group: C,4,4,Blank_Blank_Blank
[TG(51:6)]_FA16:0,TAG,1205.200080871582,1338.1200828552246,1352.720085144043,1136.1000671386719,1881.0601348876953,1030.0800743103027,1030.2400703430176,1011.5400772094727,1090.3400840759277,Group: D,Group: C,Group: D vs Group: C,4,4,Blank_Blank_Blank
[TG(51:6)]_FA16:1,TAG,1069.5200691223145,1061.8800773620605,1076.5600700378418,1054.660068511963,1050.6200790405273,1051.7400703430176,1117.0600929260254,1086.0200653076172,1049.0200691223145,Group: D,Group: C,Group: D vs Group: C,4,4,Blank_Blank_Blank
[TG(51:6)]_FA18:0,TAG,1008.4600677490234,1027.960075378418,1054.3400688171387,1036.7800788879395,1012.3600730895996,1057.1000671386719,1119.8600883483887,1074.0400695800781,969.2800674438477,Group: D,Group: C,Group: D vs Group: C,4,4,Blank_Blank_Blank
[TG(51:6)]_FA18:1,TAG,1223.1200790405273,1056.520076751709,1086.5400733947754,1126.2600746154785,1211.8000831604004,1047.7000770568848,1049.400074005127,1149.0600967407227,1112.0000839233398,Group: D,Group: C,Group: D vs Group: C,4,4,Blank_Blank_Blank
[TG(51:6)]_FA18:2,TAG,1101.8200798034668,1141.0400772094727,1162.020092010498,1099.9600677490234,1104.2800788879395,1159.8000869750977,1126.980079650879,1085.5200653076172,1088.2600860595703,Group: D,Group: C,Group: D vs Group: C,4,4,Blank_Blank_Blank
[TG(51:6)]_FA18:3,TAG,1172.3400917053223,1167.3000831604004,1175.5600776672363,1239.0000762939453,1246.3000793457031,1287.4800834655762,1172.8000755310059,1170.8400688171387,1171.9800643920898,Group: D,Group: C,Group: D vs Group: C,4,4,Blank_Blank_Blank
[TG(51:6)]_FA20:4,TAG,1247.1400909423828,1260.3400917053223,1250.3600807189941,1245.7800941467285,1334.440097808838,1317.4200859069824,1268.7800903320312,1249.160083770752,1246.3200950622559,Group: D,Group: C,Group: D vs Group: C,4,4,Blank_Blank_Blank
[TG(51:6)]_FA22:5,TAG,1374.840103149414,1373.920093536377,1426.0401039123535,1444.8001098632812,1495.4801025390625,1475.9601020812988,1382.800090789795,1440.4601020812988,1428.120101928711,Group: D,Group: C,Group: D vs Group: C,4,4,Blank_Blank_Blank
[TG(51:6)]_FA22:6,TAG,1511.2801055908203,1608.4001121520996,1555.5401077270508,1497.8001098632812,1499.860107421875,1511.560115814209,1499.6401062011719,1549.1001052856445,1557.3601150512695,Group: D,Group: C,Group: D vs Group: C,4,4,Blank_Blank_Blank
"[TG(51:7),TG(50:0)]_FA14:0",TAG,1163.5000915527344,1023.4800643920898,1035.1400718688965,1140.4400787353516,1215.4800910949707,1214.740077972412,1409.5001029968262,1072.660083770752,1076.820083618164,Group: D,Group: C,Group: D vs Group: C,4,4,Blank_Blank_Blank
"[TG(51:7),TG(50:0)]_FA16:0",TAG,13440.000953674316,15473.280715942383,10206.600662231445,9542.360580444336,22888.00173187256,5451.700256347656,9026.080490112305,2359.9601821899414,1565.4401054382324,Group: D,Group: C,Group: D vs Group: C,4,4,Blank_Blank_Blank
"[TG(51:7),TG(50:0)]_FA16:1",TAG,1326.5200996398926,1172.1600761413574,1169.3200721740723,1095.4400901794434,1101.900089263916,1134.1000900268555,1235.2400932312012,1417.9401054382324,1048.1000709533691,Group: D,Group: C,Group: D vs Group: C,4,4,Blank_Blank_Blank
"[TG(51:7),TG(50:0)]_FA18:0",TAG,1611.640121459961,2206.820167541504,2787.380153656006,2444.2801933288574,2077.1601524353027,1537.7601013183594,3920.1403274536133,2743.7401962280273,1968.160140991211,Group: D,Group: C,Group: D vs Group: C,4,4,Blank_Blank_Blank
"[TG(51:7),TG(50:0)]_FA18:1",TAG,2708.340244293213,1804.3801460266113,2773.9001998901367,1709.8200950622559,3795.6802368164062,1645.7401428222656,2107.860153198242,1900.4001541137695,1172.3000793457031,Group: D,Group: C,Group: D vs Group: C,4,4,Blank_Blank_Blank
"[TG(51:7),TG(50:0)]_FA18:2",TAG,1166.9800758361816,1235.5000915527344,1182.2600784301758,1160.3400802612305,1201.0800857543945,1132.4000778198242,1178.6600761413574,1148.4400825500488,1087.0200805664062,Group: D,Group: C,Group: D vs Group: C,4,4,Blank_Blank_Blank
"[TG(51:7),TG(50:0)]_FA18:3",TAG,1166.8400840759277,1166.3800888061523,1173.1000747680664,1168.6200828552246,1170.3600730895996,1193.760097503662,1207.7400817871094,1173.4600677490234,1172.8800735473633,Group: D,Group: C,Group: D vs Group: C,4,4,Blank_Blank_Blank
"[TG(51:7),TG(50:0)]_FA20:4",TAG,1247.7600860595703,1248.9600944519043,1249.7400856018066,1245.3200874328613,1319.9800872802734,1274.3200874328613,1248.6800727844238,1263.700096130371,1246.3800888061523,Group: D,Group: C,Group: D vs Group: C,4,4,Blank_Blank_Blank
"[TG(51:7),TG(50:0)]_FA22:5",TAG,1373.2400970458984,1373.56010055542,1387.2001037597656,1378.1200942993164,1396.2601013183594,1375.0401000976562,1376.4401016235352,1386.960105895996,1375.2600936889648,Group: D,Group: C,Group: D vs Group: C,4,4,Blank_Blank_Blank
"[TG(51:7),TG(50:0)]_FA22:6",TAG,1547.220100402832,1499.4801063537598,1513.780117034912,1529.1401176452637,1500.020092010498,1574.300106048584,1500.920108795166,1498.6601181030273,1523.9001083374023,Group: D,Group: C,Group: D vs Group: C,4,4,Blank_Blank_Blank
"[TG(51:8),TG(50:1)]_FA14:0",TAG,1414.660099029541,2343.000202178955,2089.800163269043,1672.9001159667969,3581.7002143859863,1592.7401390075684,8300.740566253662,2635.4402351379395,1093.7200736999512,Group: D,Group: C,Group: D vs Group: C,4,4,Blank_Blank_Blank
"[TG(51:8),TG(50:1)]_FA16:0",TAG,48362.74297332764,51976.10306549072,40621.922203063965,24739.261657714844,212774.80876159668,54072.24395751953,99670.52649307251,44620.40354156494,1665.0401344299316,Group: D,Group: C,Group: D vs Group: C,4,4,Blank_Blank_Blank
"[TG(51:8),TG(50:1)]_FA16:1",TAG,6666.1203689575195,8706.780700683594,3377.2802772521973,3888.160301208496,3024.5202140808105,10703.76086807251,14137.800930023193,12524.560962677002,1320.3000831604004,Group: D,Group: C,Group: D vs Group: C,4,4,Blank_Blank_Blank
"[TG(51:8),TG(50:1)]_FA18:0",TAG,1544.1001243591309,2121.5201568603516,2425.880199432373,1316.2400856018066,2902.740135192871,2192.72017288208,6999.280536651611,3056.80020904541,1135.1400833129883,Group: D,Group: C,Group: D vs Group: C,4,4,Blank_Blank_Blank
"[TG(51:8),TG(50:1)]_FA18:1",TAG,25245.34139251709,9967.760955810547,24139.961952209473,11634.300819396973,35112.422229766846,13704.060562133789,17599.46184539795,13739.940860748291,2022.740135192871,Group: D,Group: C,Group: D vs Group: C,4,4,Blank_Blank_Blank
"[TG(51:8),TG(50:1)]_FA18:2",TAG,4282.100196838379,5058.500358581543,4682.580322265625,1263.4200859069824,5093.560333251953,2083.820125579834,5220.940433502197,2036.120132446289,1178.7800674438477,Group: D,Group: C,Group: D vs Group: C,4,4,Blank_Blank_Blank
"[TG(51:8),TG(50:1)]_FA18:3",TAG,1203.0000839233398,1223.660083770752,1168.0600852966309,1255.3800926208496,1200.320083618164,1166.7600860595703,1216.6400833129883,1178.4600791931152,1173.3800888061523,Group: D,Group: C,Group: D vs Group: C,4,4,Blank_Blank_Blank
"[TG(51:8),TG(50:1)]_FA20:4",TAG,1246.700080871582,1249.7800903320312,1249.520092010498,1244.9600868225098,1251.9400825500488,1287.520076751709,1290.8800888061523,1249.3800888061523,1247.1200828552246,Group: D,Group: C,Group: D vs Group: C,4,4,Blank_Blank_Blank
"[TG(51:8),TG(50:1)]_FA22:5",TAG,1373.9000968933105,1449.3200950622559,1375.4000930786133,1379.0000953674316,1398.3000869750977,1464.9801025390625,1434.6001014709473,1484.1800994873047,1375.0801086425781,Group: D,Group: C,Group: D vs Group: C,4,4,Blank_Blank_Blank
"[TG(51:8),TG(50:1)]_FA22:6",TAG,1498.7801132202148,1528.1801071166992,1523.3401107788086,1499.2601127624512,1527.3201065063477,1507.1801147460938,1500.8400917053223,1499.1801071166992,1603.9600982666016,Group: D,Group: C,Group: D vs Group: C,4,4,Blank_Blank_Blank
"[TG(51:9),TG(50:2)]_FA14:0",TAG,8313.540466308594,14774.061019897461,9490.860530853271,5834.320362091064,14354.52066040039,6407.200538635254,50778.12404632568,10428.220840454102,1143.4000778198242,Group: D,Group: C,Group: D vs Group: C,4,4,Blank_Blank_Blank
"[TG(51:9),TG(50:2)]_FA16:0",TAG,57548.844787597656,58540.822998046875,55375.00344085693,33805.64197540283,296023.455368042,79241.58562469482,141529.10816192627,52226.42373275757,1304.760097503662,Group: D,Group: C,Group: D vs Group: C,4,4,Blank_Blank_Blank
"[TG(51:9),TG(50:2)]_FA16:1",TAG,68045.14434432983,76704.20499420166,21657.961448669434,8184.42068862915,21073.020946502686,92580.58497238159,133291.89475631714,117324.60792541504,1861.8801345825195,Group: D,Group: C,Group: D vs Group: C,4,4,Blank_Blank_Blank
"[TG(51:9),TG(50:2)]_FA18:0",TAG,1326.940086364746,1318.1600799560547,1759.440113067627,1114.0800857543945,1703.2201080322266,1398.480094909668,2070.540153503418,1786.1201438903809,1076.000087738037,Group: D,Group: C,Group: D vs Group: C,4,4,Blank_Blank_Blank
"[TG(51:9),TG(50:2)]_FA18:1",TAG,30723.922286987305,10792.380638122559,30080.00280380249,12363.140895843506,36809.50363922119,17794.001289367676,22673.92180633545,23132.10185623169,1695.4601402282715,Group: D,Group: C,Group: D vs Group: C,4,4,Blank_Blank_Blank
"[TG(51:9),TG(50:2)]_FA18:2",TAG,37264.04325866699,47545.864070892334,49359.1430015564,10451.100914001465,45219.24405288696,26840.041431427002,56713.40409088135,15024.321086883545,1194.54008102417,Group: D,Group: C,Group: D vs Group: C,4,4,Blank_Blank_Blank
"[TG(51:9),TG(50:2)]_FA18:3",TAG,1196.2800827026367,1244.7200965881348,1266.440086364746,1325.0600852966309,1638.8401107788086,1464.2400970458984,1370.3000984191895,1391.2601013183594,1255.4400787353516,Group: D,Group: C,Group: D vs Group: C,4,4,Blank_Blank_Blank
"[TG(51:9),TG(50:2)]_FA20:4",TAG,1247.6400909423828,1250.0000801086426,1250.1200866699219,1254.740089416504,1253.4800834655762,1301.160083770752,1247.8000831604004,1263.000087738037,1248.7200889587402,Group: D,Group: C,Group: D vs Group: C,4,4,Blank_Blank_Blank
"[TG(51:9),TG(50:2)]_FA22:5",TAG,1471.480110168457,1421.6401100158691,1520.3401069641113,1609.8201026916504,1462.2201042175293,1413.4801063537598,1538.9601135253906,1618.9001083374023,1375.900089263916,Group: D,Group: C,Group: D vs Group: C,4,4,Blank_Blank_Blank
"[TG(51:9),TG(50:2)]_FA22:6",TAG,1609.6801300048828,1570.860122680664,1614.2601165771484,1508.1801071166992,1534.8401069641113,1672.4001121520996,1526.2201080322266,1538.2801055908203,1671.7801132202148,Group: D,Group: C,Group: D vs Group: C,4,4,Blank_Blank_Blank
"[TG(52:10),TG(51:3)]_FA14:0",TAG,1057.8000679016113,1019.500072479248,1022.9000587463379,1030.6200828552246,1059.000072479248,1047.0000686645508,1037.360065460205,1010.5800666809082,1008.0600662231445,Group: D,Group: C,Group: D vs Group: C,4,4,Blank_Blank_Blank
"[TG(52:10),TG(51:3)]_FA16:0",TAG,4649.220184326172,4031.5802993774414,4561.740253448486,1956.6801261901855,4178.200275421143,2757.440155029297,2692.6601905822754,2032.60013961792,975.3400802612305,Group: D,Group: C,Group: D vs Group: C,4,4,Blank_Blank_Blank
"[TG(52:10),TG(51:3)]_FA16:1",TAG,2285.280158996582,2576.1602096557617,1900.3201179504395,1592.7801246643066,1512.9401206970215,2982.3001670837402,3003.8201751708984,4020.300277709961,1417.8400802612305,Group: D,Group: C,Group: D vs Group: C,4,4,Blank_Blank_Blank
"[TG(52:10),TG(51:3)]_FA18:0",TAG,970.7800674438477,971.3400726318359,992.5600662231445,1017.4600715637207,992.8400688171387,1000.9200706481934,1009.2600746154785,993.0800666809082,969.6000709533691,Group: D,Group: C,Group: D vs Group: C,4,4,Blank_Blank_Blank
"[TG(52:10),TG(51:3)]_FA18:1",TAG,2901.880210876465,1773.700122833252,3655.4802474975586,2462.480155944824,3116.760208129883,1273.04008102417,2154.440185546875,1779.320167541504,1182.3600807189941,Group: D,Group: C,Group: D vs Group: C,4,4,Blank_Blank_Blank
"[TG(52:10),TG(51:3)]_FA18:2",TAG,5983.980449676514,6357.200344085693,7171.600559234619,2244.4801330566406,3130.8602294921875,5240.7603187561035,6615.9404373168945,3578.4803047180176,1343.5400848388672,Group: D,Group: C,Group: D vs Group: C,4,4,Blank_Blank_Blank
"[TG(52:10),TG(51:3)]_FA18:3",TAG,1209.5000762939453,1168.0800819396973,1217.2000732421875,1215.5000839233398,1460.500114440918,1261.7600898742676,1238.5800895690918,1171.9600830078125,1184.9800834655762,Group: D,Group: C,Group: D vs Group: C,4,4,Blank_Blank_Blank
"[TG(52:10),TG(51:3)]_FA20:4",TAG,1248.0600929260254,1247.500087738037,1265.1000862121582,1317.7600860595703,1289.2200965881348,1253.2800903320312,1248.2200927734375,1248.3200874328613,1247.2400856018066,Group: D,Group: C,Group: D vs Group: C,4,4,Blank_Blank_Blank
"[TG(52:10),TG(51:3)]_FA22:5",TAG,1455.1201133728027,1373.8800964355469,1375.360092163086,1407.920093536377,1391.1400909423828,1376.740089416504,1386.8200874328613,1379.440097808838,1375.720100402832,Group: D,Group: C,Group: D vs Group: C,4,4,Blank_Blank_Blank
"[TG(52:10),TG(51:3)]_FA22:6",TAG,1499.0201034545898,1555.020107269287,1497.820110321045,1498.1001014709473,1500.4401054382324,1494.6001014709473,1500.020107269287,1515.2801094055176,1498.5801010131836,Group: D,Group: C,Group: D vs Group: C,4,4,Blank_Blank_Blank
[TG(52:4)]_FA14:0,TAG,1522.860122680664,1741.2601585388184,1195.680088043213,1554.2001037597656,1834.740135192871,1944.9801216125488,4014.2202682495117,1369.0800857543945,971.6200675964355,Group: D,Group: C,Group: D vs Group: C,4,4,Blank_Blank_Blank
[TG(52:4)]_FA16:0,TAG,154551.32863235474,63968.22373962402,113314.83268737793,94979.76795196533,239802.85011291504,129940.13063049316,116833.9867477417,57441.88541793823,1116.2600860595703,Group: D,Group: C,Group: D vs Group: C,4,4,Blank_Blank_Blank
[TG(52:4)]_FA16:1,TAG,61736.36377334595,80498.84549331665,31935.48134994507,16670.601104736328,22078.24151611328,139009.0445022583,159918.35219192505,173878.75434875488,1214.5000839233398,Group: D,Group: C,Group: D vs Group: C,4,4,Blank_Blank_Blank
[TG(52:4)]_FA18:0,TAG,1130.0600814819336,1132.1200866699219,1118.0400886535645,1202.0600814819336,1029.7400703430176,1137.020076751709,1632.8401260375977,1200.5800895690918,969.9800758361816,Group: D,Group: C,Group: D vs Group: C,4,4,Blank_Blank_Blank
[TG(52:4)]_FA18:1,TAG,31967.44228363037,15455.00104522705,59717.9054107666,34873.4619102478,45435.44427871704,28390.54192352295,45152.30262374878,28904.52276611328,1269.780086517334,Group: D,Group: C,Group: D vs Group: C,4,4,Blank_Blank_Blank
[TG(52:4)]_FA18:2,TAG,274246.7960586548,345616.35091400146,567454.0973129272,128153.99272155762,221425.6849937439,298139.0777130127,447638.05699157715,140459.64965820312,1365.160083770752,Group: D,Group: C,Group: D vs Group: C,4,4,Blank_Blank_Blank
[TG(52:4)]_FA18:3,TAG,7865.300651550293,8461.160404205322,12317.2407913208,19874.600902557373,30354.08229446411,35750.74285888672,26835.48221206665,12364.520900726318,1207.9200744628906,Group: D,Group: C,Group: D vs Group: C,4,4,Blank_Blank_Blank
[TG(52:4)]_FA20:4,TAG,2367.880168914795,2529.8001861572266,2054.7001571655273,2394.9601821899414,2978.380195617676,3098.0002479553223,8256.300567626953,3394.860305786133,1258.7600936889648,Group: D,Group: C,Group: D vs Group: C,4,4,Blank_Blank_Blank
[TG(52:5)]_FA14:0,TAG,1138.0400886535645,1974.8001556396484,1784.2801322937012,1432.0601119995117,1632.880111694336,1824.8001098632812,3458.120258331299,1376.4401092529297,970.6400680541992,Group: D,Group: C,Group: D vs Group: C,4,4,Blank_Blank_Blank
[TG(52:5)]_FA16:0,TAG,6561.600570678711,7087.160491943359,11656.861122131348,9186.580543518066,28602.342571258545,11778.82099533081,12071.621036529541,3110.2602005004883,984.1600723266602,Group: D,Group: C,Group: D vs Group: C,4,4,Blank_Blank_Blank
[TG(52:5)]_FA16:1,TAG,23644.40168762207,32942.62130737305,17681.821132659912,13046.18115234375,10948.421035766602,55798.56325149536,61638.544441223145,49643.16298675537,1087.940071105957,Group: D,Group: C,Group: D vs Group: C,4,4,Blank_Blank_Blank
[TG(52:5)]_FA18:0,TAG,971.2400741577148,984.4800682067871,1007.2000770568848,974.260082244873,1008.2200736999512,969.6400680541992,1047.8600730895996,973.260066986084,1084.7600860595703,Group: D,Group: C,Group: D vs Group: C,4,4,Blank_Blank_Blank
[TG(52:5)]_FA18:1,TAG,2791.940231323242,2034.2801055908203,5369.640285491943,4063.4003715515137,3834.5402870178223,2805.1402282714844,3785.2203254699707,2841.1402320861816,1066.260082244873,Group: D,Group: C,Group: D vs Group: C,4,4,Blank_Blank_Blank
[TG(52:5)]_FA18:2,TAG,46496.02380371094,61569.02507019043,103673.31016540527,23145.90139389038,36969.44355010986,55342.044273376465,80741.52577209473,28139.581310272217,1202.1600914001465,Group: D,Group: C,Group: D vs Group: C,4,4,Blank_Blank_Blank
[TG(52:5)]_FA18:3,TAG,7412.000576019287,9974.800785064697,13330.480854034424,27687.341480255127,28659.42238998413,37485.96291732788,25789.8618850708,8564.740509033203,1271.3600959777832,Group: D,Group: C,Group: D vs Group: C,4,4,Blank_Blank_Blank
[TG(52:5)]_FA20:4,TAG,1911.8401336669922,2957.9201850891113,2216.8801651000977,2519.000213623047,3298.9202842712402,4676.680370330811,11545.621032714844,3867.0203285217285,1247.2000923156738,Group: D,Group: C,Group: D vs Group: C,4,4,Blank_Blank_Blank
[TG(52:5)]_FA22:5,TAG,1673.3601341247559,1935.6001243591309,2010.4001388549805,1834.4601097106934,1410.500099182129,1480.360107421875,1702.9201202392578,2369.7401809692383,1440.6600914001465,Group: D,Group: C,Group: D vs Group: C,4,4,Blank_Blank_Blank
[TG(52:6)]_FA14:0,TAG,1051.6800842285156,1562.380126953125,1235.7200889587402,1177.780086517334,1347.3200912475586,1105.500072479248,2337.5401344299316,1100.760082244873,970.9600639343262,Group: D,Group: C,Group: D vs Group: C,4,4,Blank_Blank_Blank
[TG(52:6)]_FA16:0,TAG,2251.4201698303223,1541.140121459961,2477.7801628112793,1468.2601013183594,3006.7802543640137,1144.5200805664062,1615.2601013183594,1471.5800819396973,1057.740077972412,Group: D,Group: C,Group: D vs Group: C,4,4,Blank_Blank_Blank
[TG(52:6)]_FA16:1,TAG,4169.300277709961,4774.420314788818,2517.560188293457,2426.8201446533203,2271.64017868042,7012.1405029296875,6797.380443572998,6255.840362548828,1047.960075378418,Group: D,Group: C,Group: D vs Group: C,4,4,Blank_Blank_Blank
[TG(52:6)]_FA18:0,TAG,969.9800643920898,1032.4000778198242,970.2200698852539,1019.1800765991211,1021.000072479248,1031.9400825500488,1065.6400833129883,1007.1000671386719,1008.7400703430176,Group: D,Group: C,Group: D vs Group: C,4,4,Blank_Blank_Blank
[TG(52:6)]_FA18:1,TAG,1183.6200828552246,1060.1400756835938,1213.6600952148438,1369.6401023864746,1146.0400695800781,1047.9400749206543,1246.8600730895996,1186.7200889587402,1053.560073852539,Group: D,Group: C,Group: D vs Group: C,4,4,Blank_Blank_Blank
[TG(52:6)]_FA18:2,TAG,5178.860279083252,5517.040302276611,7753.160552978516,3476.5202140808105,4098.900318145752,5096.040332794189,6380.720600128174,3596.780185699463,1086.4800605773926,Group: D,Group: C,Group: D vs Group: C,4,4,Blank_Blank_Blank
[TG(52:6)]_FA18:3,TAG,2748.5601921081543,2853.760238647461,3833.960250854492,6336.60050201416,6436.320503234863,7609.5606117248535,5780.440418243408,3213.1602325439453,1173.0200805664062,Group: D,Group: C,Group: D vs Group: C,4,4,Blank_Blank_Blank
[TG(52:6)]_FA20:4,TAG,1527.3601112365723,1989.0001373291016,1424.7201118469238,1890.6601333618164,1945.1001586914062,2638.3001976013184,5013.540241241455,2787.700225830078,1275.6400833129883,Group: D,Group: C,Group: D vs Group: C,4,4,Blank_Blank_Blank
[TG(52:6)]_FA22:5,TAG,1373.740089416504,1403.6200904846191,1374.7400932312012,1583.0801086425781,1391.5401000976562,1413.7801094055176,1501.3801078796387,1485.6400985717773,1410.4401016235352,Group: D,Group: C,Group: D vs Group: C,4,4,Blank_Blank_Blank
[TG(52:6)]_FA22:6,TAG,1899.720142364502,1820.60013961792,1882.7801322937012,1676.260124206543,1567.600112915039,1837.2201309204102,2392.580181121826,1612.4801177978516,1563.0001182556152,Group: D,Group: C,Group: D vs Group: C,4,4,Blank_Blank_Blank
"[TG(52:7),TG(51:0)]_FA14:0",TAG,1139.3600807189941,1130.680088043213,1268.7800827026367,1067.440071105957,1084.6800689697266,1145.9600868225098,1672.8601112365723,1034.740062713623,1062.6600723266602,Group: D,Group: C,Group: D vs Group: C,4,4,Blank_Blank_Blank
"[TG(52:7),TG(51:0)]_FA16:0",TAG,1963.6801414489746,1797.8001441955566,1690.6401138305664,1461.9600982666016,1915.7001342773438,1160.000087738037,1257.4000778198242,1291.8600845336914,1088.220069885254,Group: D,Group: C,Group: D vs Group: C,4,4,Blank_Blank_Blank
"[TG(52:7),TG(51:0)]_FA16:1",TAG,1476.0601081848145,1391.6000938415527,1313.5800857543945,1219.480079650879,1268.3800964355469,1476.8001098632812,1179.2800827026367,1464.9000930786133,1202.3000793457031,Group: D,Group: C,Group: D vs Group: C,4,4,Blank_Blank_Blank
"[TG(52:7),TG(51:0)]_FA18:0",TAG,1021.8000793457031,1117.5400695800781,1143.8400840759277,1137.660083770752,1159.4400787353516,1179.3600807189941,1053.1200714111328,1067.300090789795,1067.1000862121582,Group: D,Group: C,Group: D vs Group: C,4,4,Blank_Blank_Blank
"[TG(52:7),TG(51:0)]_FA18:1",TAG,1176.6000862121582,1049.4600830078125,1086.220069885254,1152.8600769042969,1070.3600692749023,1060.1800651550293,1048.5600776672363,1119.6800804138184,1078.000072479248,Group: D,Group: C,Group: D vs Group: C,4,4,Blank_Blank_Blank
"[TG(52:7),TG(51:0)]_FA18:2",TAG,1223.6000862121582,1467.16011428833,1565.4601287841797,1548.340129852295,1223.220085144043,1405.720100402832,1756.3201332092285,1180.4800834655762,1087.7200813293457,Group: D,Group: C,Group: D vs Group: C,4,4,Blank_Blank_Blank
"[TG(52:7),TG(51:0)]_FA18:3",TAG,1205.480079650879,1210.4000778198242,1336.4200973510742,1636.9201202392578,1686.4400939941406,1647.8801040649414,1394.7801094055176,1251.2400856018066,1189.1600799560547,Group: D,Group: C,Group: D vs Group: C,4,4,Blank_Blank_Blank
"[TG(52:7),TG(51:0)]_FA20:4",TAG,1248.7800903320312,1263.3800964355469,1320.660099029541,1345.120101928711,1293.3000869750977,1302.7400856018066,1287.9000930786133,1265.800090789795,1247.160083770752,Group: D,Group: C,Group: D vs Group: C,4,4,Blank_Blank_Blank
"[TG(52:7),TG(51:0)]_FA22:5",TAG,1409.9600868225098,1431.980094909668,1519.620101928711,1398.680103302002,1374.3001098632812,1389.8200912475586,1437.360092163086,1379.340087890625,1374.7401084899902,Group: D,Group: C,Group: D vs Group: C,4,4,Blank_Blank_Blank
"[TG(52:7),TG(51:0)]_FA22:6",TAG,1602.64009475708,1567.3401145935059,1803.9601364135742,1506.5601081848145,1631.7601203918457,1563.5001068115234,1702.360122680664,1503.6601104736328,1558.7201232910156,Group: D,Group: C,Group: D vs Group: C,4,4,Blank_Blank_Blank
"[TG(52:8),TG(51:1)]_FA14:0",TAG,993.7800712585449,987.5000686645508,987.3600845336914,1006.2200775146484,1050.0200881958008,1065.920078277588,1013.8000564575195,973.9000625610352,1021.7800674438477,Group: D,Group: C,Group: D vs Group: C,4,4,Blank_Blank_Blank
"[TG(52:8),TG(51:1)]_FA16:0",TAG,1780.720127105713,3318.1802673339844,2831.000156402588,2619.9802055358887,3843.9203033447266,1383.4400901794434,2344.8001403808594,1715.1801300048828,1116.4000778198242,Group: D,Group: C,Group: D vs Group: C,4,4,Blank_Blank_Blank
"[TG(52:8),TG(51:1)]_FA16:1",TAG,1272.9200820922852,1124.740077972412,1255.6000785827637,1121.780071258545,1154.6600646972656,1120.5200843811035,1175.920078277588,1402.880111694336,1076.0400772094727,Group: D,Group: C,Group: D vs Group: C,4,4,Blank_Blank_Blank
"[TG(52:8),TG(51:1)]_FA18:0",TAG,1268.0600967407227,1165.680088043213,1167.9600830078125,1144.2800827026367,1014.8200721740723,1236.3400840759277,1259.54008102417,1028.1400833129883,1046.9800720214844,Group: D,Group: C,Group: D vs Group: C,4,4,Blank_Blank_Blank
"[TG(52:8),TG(51:1)]_FA18:1",TAG,1855.4601516723633,1325.0000801086426,1764.2401161193848,1737.260108947754,2023.8001403808594,1519.3400955200195,1477.3801193237305,1412.8601036071777,1394.6000938415527,Group: D,Group: C,Group: D vs Group: C,4,4,Blank_Blank_Blank
"[TG(52:8),TG(51:1)]_FA18:2",TAG,1279.7000885009766,1278.04008102417,1232.3600845336914,1178.8000793457031,1238.320083618164,1467.3200950622559,1229.7600746154785,1119.0800819396973,1088.0600776672363,Group: D,Group: C,Group: D vs Group: C,4,4,Blank_Blank_Blank
"[TG(52:8),TG(51:1)]_FA18:3",TAG,1210.9000816345215,1217.1800804138184,1166.5000839233398,1274.3800888061523,1215.8400840759277,1236.300090789795,1223.440086364746,1172.4000816345215,1172.6400756835938,Group: D,Group: C,Group: D vs Group: C,4,4,Blank_Blank_Blank
"[TG(52:8),TG(51:1)]_FA20:4",TAG,1256.3201026916504,1248.0600852966309,1249.7800903320312,1251.7600936889648,1276.2800903320312,1252.54008102417,1293.3600997924805,1248.4800834655762,1245.9200897216797,Group: D,Group: C,Group: D vs Group: C,4,4,Blank_Blank_Blank
"[TG(52:8),TG(51:1)]_FA22:5",TAG,1396.3801002502441,1401.8200950622559,1472.0601043701172,1437.6001014709473,1375.2400970458984,1375.7400932312012,1422.8801002502441,1419.7400970458984,1465.2601051330566,Group: D,Group: C,Group: D vs Group: C,4,4,Blank_Blank_Blank
"[TG(52:8),TG(51:1)]_FA22:6",TAG,1499.240104675293,1498.56010055542,1627.6201171875,1594.2201118469238,1499.820110321045,1527.120101928711,1598.8801040649414,1509.9201011657715,1540.2201042175293,Group: D,Group: C,Group: D vs Group: C,4,4,Blank_Blank_Blank
"[TG(52:9),TG(51:2)]_FA14:0",TAG,1105.2600784301758,1017.1000633239746,1067.5400772094727,990.4800643920898,981.5800704956055,1042.1000747680664,1212.920078277588,1001.8400650024414,974.5800628662109,Group: D,Group: C,Group: D vs Group: C,4,4,Blank_Blank_Blank
"[TG(52:9),TG(51:2)]_FA16:0",TAG,6756.200542449951,3186.0401611328125,2846.880256652832,2084.0401458740234,7374.720375061035,4213.680282592773,4554.000381469727,1615.7601203918457,972.8800735473633,Group: D,Group: C,Group: D vs Group: C,4,4,Blank_Blank_Blank
"[TG(52:9),TG(51:2)]_FA16:1",TAG,1762.460147857666,1839.5001258850098,1474.2600936889648,1410.9401092529297,1200.6200790405273,2355.1601638793945,2154.820140838623,2445.860195159912,1446.520092010498,Group: D,Group: C,Group: D vs Group: C,4,4,Blank_Blank_Blank
"[TG(52:9),TG(51:2)]_FA18:0",TAG,1104.740089416504,971.5400695800781,1189.0200881958008,1090.7000846862793,968.7200660705566,1063.960075378418,1440.5601119995117,1018.6000862121582,999.8400764465332,Group: D,Group: C,Group: D vs Group: C,4,4,Blank_Blank_Blank
"[TG(52:9),TG(51:2)]_FA18:1",TAG,4610.900375366211,2369.240161895752,4771.940326690674,3065.660259246826,4465.720317840576,2854.2201385498047,3429.020217895508,3254.1402015686035,1498.3401145935059,Group: D,Group: C,Group: D vs Group: C,4,4,Blank_Blank_Blank
"[TG(52:9),TG(51:2)]_FA18:2",TAG,2660.320224761963,2035.7401084899902,2811.6002044677734,1232.3600807189941,1395.9600944519043,1544.460117340088,2020.4801406860352,1350.2400932312012,1110.3000793457031,Group: D,Group: C,Group: D vs Group: C,4,4,Blank_Blank_Blank
"[TG(52:9),TG(51:2)]_FA18:3",TAG,1167.1800842285156,1167.0800743103027,1167.1200828552246,1168.3400840759277,1206.7000846862793,1229.8800964355469,1173.340072631836,1172.8600769042969,1172.1600761413574,Group: D,Group: C,Group: D vs Group: C,4,4,Blank_Blank_Blank
"[TG(52:9),TG(51:2)]_FA20:4",TAG,1263.7800941467285,1249.7600746154785,1249.9400787353516,1245.0000801086426,1252.8200950622559,1295.680088043213,1295.760097503662,1247.5800857543945,1246.9600830078125,Group: D,Group: C,Group: D vs Group: C,4,4,Blank_Blank_Blank
"[TG(52:9),TG(51:2)]_FA22:5",TAG,1384.940097808838,1374.6800994873047,1378.9400939941406,1409.3800888061523,1374.300090789795,1413.6001014709473,1393.7200927734375,1403.1600914001465,1400.6000938415527,Group: D,Group: C,Group: D vs Group: C,4,4,Blank_Blank_Blank
"[TG(52:9),TG(51:2)]_FA22:6",TAG,1535.8801193237305,1563.8000984191895,1518.060115814209,1498.060115814209,1500.420108795166,1493.0801048278809,1500.080093383789,1505.9001083374023,1498.5001029968262,Group: D,Group: C,Group: D vs Group: C,4,4,Blank_Blank_Blank
"[TG(53:10),TG(52:3)]_FA14:0",TAG,1677.5801391601562,2402.440200805664,2019.0401763916016,1424.020118713379,2355.7601623535156,2270.280132293701,2793.000186920166,1508.280101776123,971.0200691223145,Group: D,Group: C,Group: D vs Group: C,4,4,Blank_Blank_Blank
"[TG(53:10),TG(52:3)]_FA16:0",TAG,484839.98626708984,200052.53443145752,271612.6316680908,174864.8322944641,574816.6695251465,370443.14112472534,399971.89601898193,224578.54149627686,1291.5000915527344,Group: D,Group: C,Group: D vs Group: C,4,4,Blank_Blank_Blank
"[TG(53:10),TG(52:3)]_FA16:1",TAG,57892.50344085693,72742.96467971802,18843.20127105713,9693.880744934082,15658.720863342285,105541.34674453735,147186.6940612793,175815.75129699707,1544.06010055542,Group: D,Group: C,Group: D vs Group: C,4,4,Blank_Blank_Blank
"[TG(53:10),TG(52:3)]_FA18:0",TAG,2198.1601753234863,4675.920211791992,5027.800453186035,4370.6003341674805,3743.400287628174,4005.380340576172,14419.581211090088,2589.160167694092,1024.2000732421875,Group: D,Group: C,Group: D vs Group: C,4,4,Blank_Blank_Blank
"[TG(53:10),TG(52:3)]_FA18:1",TAG,227949.3379020691,95195.16683197021,380301.2249259949,172337.73286437988,287978.894821167,154498.29149627686,241379.03828048706,168528.1111907959,2161.1401443481445,Group: D,Group: C,Group: D vs Group: C,4,4,Blank_Blank_Blank
"[TG(53:10),TG(52:3)]_FA18:2",TAG,384438.92205810547,470048.19692230225,622357.5566329956,94778.42650222778,271467.6235733032,414118.28845977783,594214.2363777161,214702.04078292847,1596.5001182556152,Group: D,Group: C,Group: D vs Group: C,4,4,Blank_Blank_Blank
"[TG(53:10),TG(52:3)]_FA18:3",TAG,1817.0201416015625,2051.680145263672,2350.8202018737793,3194.7802238464355,4696.180419921875,4848.460330963135,3961.2603187561035,1998.420124053955,1199.7400741577148,Group: D,Group: C,Group: D vs Group: C,4,4,Blank_Blank_Blank
"[TG(53:10),TG(52:3)]_FA20:4",TAG,1308.980079650879,1295.1800956726074,1294.2800941467285,1323.6000938415527,1410.2800827026367,1544.1001052856445,1602.020118713379,1405.9801063537598,1247.10009765625,Group: D,Group: C,Group: D vs Group: C,4,4,Blank_Blank_Blank
"[TG(53:10),TG(52:3)]_FA22:5",TAG,2952.760227203369,2727.8602142333984,2591.66015625,2237.420154571533,1763.5401344299316,2039.5801620483398,2570.1801948547363,3687.9403076171875,1376.4600982666016,Group: D,Group: C,Group: D vs Group: C,4,4,Blank_Blank_Blank
"[TG(53:10),TG(52:3)]_FA22:6",TAG,1552.0801124572754,1720.2801094055176,1677.1201133728027,1509.2801055908203,1499.5601043701172,1533.3401184082031,1587.4001007080078,1660.9001197814941,1532.10009765625,Group: D,Group: C,Group: D vs Group: C,4,4,Blank_Blank_Blank
[TG(53:6)]_FA14:0,TAG,973.1600723266602,1013.8200721740723,974.8600807189941,1021.2000885009766,990.6600723266602,1019.3600692749023,1036.7000732421875,973.6200752258301,970.6000709533691,Group: D,Group: C,Group: D vs Group: C,4,4,Blank_Blank_Blank
[TG(53:6)]_FA16:0,TAG,1287.2600860595703,1185.3400917053223,1032.000072479248,1167.4600791931152,1334.7000999450684,1008.2400665283203,1133.820068359375,999.7800636291504,969.5000534057617,Group: D,Group: C,Group: D vs Group: C,4,4,Blank_Blank_Blank
[TG(53:6)]_FA16:1,TAG,1051.0400657653809,1060.5400733947754,1066.700065612793,1079.7200660705566,1051.0600776672363,1181.7400856018066,1122.980079650879,1106.6800804138184,1047.8000755310059,Group: D,Group: C,Group: D vs Group: C,4,4,Blank_Blank_Blank
[TG(53:6)]_FA18:0,TAG,1062.8800735473633,1079.5600852966309,1162.260082244873,1000.0600852966309,1055.2000694274902,1015.5800666809082,1160.5800971984863,1045.6600799560547,970.0600700378418,Group: D,Group: C,Group: D vs Group: C,4,4,Blank_Blank_Blank
[TG(53:6)]_FA18:1,TAG,1051.0400772094727,1069.720069885254,1130.8800735473633,1090.6800842285156,1119.0000762939453,1070.1000671386719,1096.580078125,1088.5000686645508,1054.3600692749023,Group: D,Group: C,Group: D vs Group: C,4,4,Blank_Blank_Blank
[TG(53:6)]_FA18:2,TAG,1465.600112915039,1471.8200874328613,1792.5401420593262,1194.8000793457031,1432.8200874328613,1627.5601272583008,1325.3801002502441,1196.0800857543945,1106.940071105957,Group: D,Group: C,Group: D vs Group: C,4,4,Blank_Blank_Blank
[TG(53:6)]_FA18:3,TAG,1167.3200874328613,1166.8000831604004,1284.240089416504,1659.7601127624512,1316.360092163086,1382.5000915527344,1252.1600875854492,1255.1800842285156,1213.3200874328613,Group: D,Group: C,Group: D vs Group: C,4,4,Blank_Blank_Blank
[TG(53:6)]_FA20:4,TAG,1319.7401008605957,1402.7600898742676,1334.480079650879,1305.260097503662,1494.1801109313965,1710.100112915039,1748.840129852295,1285.080093383789,1293.8200874328613,Group: D,Group: C,Group: D vs Group: C,4,4,Blank_Blank_Blank
[TG(53:6)]_FA22:5,TAG,1503.040111541748,1381.6401023864746,1447.540096282959,1379.5600967407227,1375.1600952148438,1558.3801193237305,1433.0800895690918,1380.6200866699219,1376.1401023864746,Group: D,Group: C,Group: D vs Group: C,4,4,Blank_Blank_Blank
[TG(53:6)]_FA22:6,TAG,1522.0001068115234,1614.520107269287,1646.3601188659668,1523.3200988769531,1525.1601066589355,1509.4801139831543,1571.900104522705,1635.220115661621,1532.1001052856445,Group: D,Group: C,Group: D vs Group: C,4,4,Blank_Blank_Blank
"[TG(53:7),TG(52:0)]_FA14:0",TAG,1019.9000663757324,1072.7800750732422,1033.3800773620605,974.2000694274902,1046.2400741577148,1139.4000854492188,1056.8400764465332,1048.0000839233398,1252.3200950622559,Group: D,Group: C,Group: D vs Group: C,4,4,Blank_Blank_Blank
"[TG(53:7),TG(52:0)]_FA16:0",TAG,3836.940254211426,3674.7402534484863,2498.16019821167,3444.900215148926,3823.580234527588,1985.9801330566406,2254.200149536133,1611.1401138305664,1262.2600936889648,Group: D,Group: C,Group: D vs Group: C,4,4,Blank_Blank_Blank
"[TG(53:7),TG(52:0)]_FA16:1",TAG,1054.1800804138184,1079.4600677490234,1086.7600708007812,1195.6000785827637,1050.9800758361816,1071.9000701904297,1060.7600746154785,1069.04008102417,1068.4000701904297,Group: D,Group: C,Group: D vs Group: C,4,4,Blank_Blank_Blank
"[TG(53:7),TG(52:0)]_FA18:0",TAG,2031.3601188659668,3238.26021194458,2640.1801719665527,1866.6201210021973,1709.6001319885254,2416.960147857666,7166.400337219238,1739.2601356506348,1900.0801277160645,Group: D,Group: C,Group: D vs Group: C,4,4,Blank_Blank_Blank
"[TG(53:7),TG(52:0)]_FA18:1",TAG,1698.2601203918457,1258.600082397461,1657.2601127624512,1148.180076599121,1767.2400817871094,1529.8801155090332,1363.7800941467285,1488.3801155090332,1084.100082397461,Group: D,Group: C,Group: D vs Group: C,4,4,Blank_Blank_Blank
"[TG(53:7),TG(52:0)]_FA18:2",TAG,1116.340072631836,1349.6400833129883,1296.1000862121582,1144.820068359375,1354.4600830078125,1263.740089416504,1139.0600814819336,1116.2200889587402,1087.54008102417,Group: D,Group: C,Group: D vs Group: C,4,4,Blank_Blank_Blank
"[TG(53:7),TG(52:0)]_FA18:3",TAG,1166.7000885009766,1266.460090637207,1179.1200904846191,1293.0600967407227,1215.8000869750977,1261.6400909423828,1227.1400833129883,1186.2800750732422,1172.080078125,Group: D,Group: C,Group: D vs Group: C,4,4,Blank_Blank_Blank
"[TG(53:7),TG(52:0)]_FA20:4",TAG,1248.3800964355469,1289.2200889587402,1316.2400970458984,1299.7600936889648,1284.800090789795,1276.8600845336914,1295.8800888061523,1248.1000938415527,1247.6800842285156,Group: D,Group: C,Group: D vs Group: C,4,4,Blank_Blank_Blank
"[TG(53:7),TG(52:0)]_FA22:5",TAG,1373.180103302002,1451.4001007080078,1381.5200958251953,1379.2600860595703,1374.540096282959,1375.7800979614258,1495.8401069641113,1383.260097503662,1434.500087738037,Group: D,Group: C,Group: D vs Group: C,4,4,Blank_Blank_Blank
"[TG(53:7),TG(52:0)]_FA22:6",TAG,1569.8401069641113,1531.3201065063477,1565.5401039123535,1604.7401161193848,1582.8801155090332,1566.0601043701172,1528.960090637207,1535.4600982666016,1498.3601036071777,Group: D,Group: C,Group: D vs Group: C,4,4,Blank_Blank_Blank
"[TG(53:8),TG(52:1)]_FA14:0",TAG,1143.9800872802734,1145.1600875854492,1070.600082397461,1004.7800712585449,1023.580078125,1339.500087738037,1474.6600914001465,972.6000709533691,983.9000701904297,Group: D,Group: C,Group: D vs Group: C,4,4,Blank_Blank_Blank
"[TG(53:8),TG(52:1)]_FA16:0",TAG,42242.26338195801,43333.862548828125,37089.702167510986,9145.780475616455,44993.06327819824,21751.1212310791,28733.14186477661,18784.321613311768,1064.1000709533691,Group: D,Group: C,Group: D vs Group: C,4,4,Blank_Blank_Blank
"[TG(53:8),TG(52:1)]_FA16:1",TAG,1483.9801025390625,1786.3801383972168,1390.4600982666016,1152.080078125,1301.10009765625,1668.7000999450684,2205.160167694092,1915.1401557922363,1047.4400634765625,Group: D,Group: C,Group: D vs Group: C,4,4,Blank_Blank_Blank
"[TG(53:8),TG(52:1)]_FA18:0",TAG,7732.600490570068,11093.34090423584,14547.001434326172,8026.640460968018,11375.420707702637,9663.520915985107,60373.562633514404,7758.12047958374,1242.9200820922852,Group: D,Group: C,Group: D vs Group: C,4,4,Blank_Blank_Blank
"[TG(53:8),TG(52:1)]_FA18:1",TAG,21890.621742248535,9191.620594024658,25778.221965789795,10219.020862579346,23529.34204864502,13430.920715332031,19572.70153427124,16379.72099685669,1997.0201416015625,Group: D,Group: C,Group: D vs Group: C,4,4,Blank_Blank_Blank
"[TG(53:8),TG(52:1)]_FA18:2",TAG,2264.4801177978516,2294.9601554870605,2595.5401573181152,1303.0000839233398,1826.440128326416,2541.30020904541,2352.460189819336,1503.9201049804688,1095.1400680541992,Group: D,Group: C,Group: D vs Group: C,4,4,Blank_Blank_Blank
"[TG(53:8),TG(52:1)]_FA18:3",TAG,1166.8400917053223,1204.760082244873,1167.160083770752,1216.7200813293457,1182.8000831604004,1192.6000785827637,1172.9000816345215,1172.1200828552246,1171.9400787353516,Group: D,Group: C,Group: D vs Group: C,4,4,Blank_Blank_Blank
"[TG(53:8),TG(52:1)]_FA20:4",TAG,1259.1000862121582,1268.2800827026367,1290.700096130371,1326.9401016235352,1252.7400932312012,1254.0400695800781,1248.64009475708,1248.5200881958008,1300.4200897216797,Group: D,Group: C,Group: D vs Group: C,4,4,Blank_Blank_Blank
"[TG(53:8),TG(52:1)]_FA22:5",TAG,1402.5200958251953,1374.5401039123535,1374.7601013183594,1399.740089416504,1374.860092163086,1427.1200942993164,1377.1201057434082,1439.120101928711,1376.2200965881348,Group: D,Group: C,Group: D vs Group: C,4,4,Blank_Blank_Blank
"[TG(53:8),TG(52:1)]_FA22:6",TAG,1498.6801109313965,1581.4401054382324,1524.1001052856445,1498.740104675293,1499.960090637207,1565.7801094055176,1609.0201263427734,1499.2801094055176,1498.5401077270508,Group: D,Group: C,Group: D vs Group: C,4,4,Blank_Blank_Blank
"[TG(53:9),TG(52:2)]_FA14:0",TAG,1219.2400932312012,1923.3201522827148,1414.4201126098633,1345.4000968933105,1977.4601211547852,1283.740089416504,4101.560241699219,1616.9201431274414,1001.1000671386719,Group: D,Group: C,Group: D vs Group: C,4,4,Blank_Blank_Blank
"[TG(53:9),TG(52:2)]_FA16:0",TAG,354818.51052856445,383698.0420227051,368449.3148574829,67451.32391357422,342285.07830810547,225354.79838562012,277426.1371269226,184671.31159210205,1303.7601013183594,Group: D,Group: C,Group: D vs Group: C,4,4,Blank_Blank_Blank
"[TG(53:9),TG(52:2)]_FA16:1",TAG,7962.180641174316,7802.02038192749,3068.680233001709,4382.200401306152,3002.0802116394043,12792.460453033447,17003.32088470459,19300.461338043213,1304.320083618164,Group: D,Group: C,Group: D vs Group: C,4,4,Blank_Blank_Blank
"[TG(53:9),TG(52:2)]_FA18:0",TAG,8878.00076675415,13752.900951385498,20249.281379699707,10156.860542297363,16101.841217041016,13801.080963134766,58228.044273376465,7607.8605308532715,1092.5400733947754,Group: D,Group: C,Group: D vs Group: C,4,4,Blank_Blank_Blank
"[TG(53:9),TG(52:2)]_FA18:1",TAG,257936.69905853271,91879.24380111694,313936.9966239929,99588.56628036499,244935.3992576599,141282.7876548767,236203.16276550293,207052.55729675293,3228.4402046203613,Group: D,Group: C,Group: D vs Group: C,4,4,Blank_Blank_Blank
"[TG(53:9),TG(52:2)]_FA18:2",TAG,36213.562717437744,44625.763122558594,56899.68486404419,8582.600624084473,29873.0616645813,40460.002784729004,52359.56343841553,18831.701084136963,1093.7200813293457,Group: D,Group: C,Group: D vs Group: C,4,4,Blank_Blank_Blank
"[TG(53:9),TG(52:2)]_FA18:3",TAG,1288.2000923156738,1227.4400901794434,1236.9400901794434,1356.4800987243652,1215.7200775146484,1223.1600875854492,1269.0600852966309,1183.4600791931152,1172.4400825500488,Group: D,Group: C,Group: D vs Group: C,4,4,Blank_Blank_Blank
"[TG(53:9),TG(52:2)]_FA20:4",TAG,1247.4601020812988,1250.1000862121582,1272.4000930786133,1245.3200950622559,1311.800090789795,1311.8800926208496,1248.3000946044922,1249.2400856018066,1247.1600914001465,Group: D,Group: C,Group: D vs Group: C,4,4,Blank_Blank_Blank
"[TG(53:9),TG(52:2)]_FA22:5",TAG,1523.14009475708,1710.9801406860352,1694.3601036071777,1528.540096282959,1541.6201171875,1620.520118713379,1745.8401107788086,2109.9401359558105,1672.4601135253906,Group: D,Group: C,Group: D vs Group: C,4,4,Blank_Blank_Blank
"[TG(53:9),TG(52:2)]_FA22:6",TAG,1502.4801177978516,1506.1801071166992,1521.4001121520996,1547.0201110839844,1499.060115814209,1493.480110168457,1499.7801132202148,1527.220100402832,1525.5801086425781,Group: D,Group: C,Group: D vs Group: C,4,4,Blank_Blank_Blank
"[TG(54:10),TG(53:3)]_FA14:0",TAG,973.1000747680664,974.2200698852539,1113.7400817871094,1011.8400726318359,1011.5200729370117,970.3400688171387,1043.5600662231445,973.4400634765625,986.6000709533691,Group: D,Group: C,Group: D vs Group: C,4,4,Blank_Blank_Blank
"[TG(54:10),TG(53:3)]_FA16:0",TAG,1297.1600914001465,2301.9202041625977,2940.8002128601074,2505.880153656006,2344.2201499938965,2170.260139465332,2034.9401550292969,1545.800106048584,978.7200813293457,Group: D,Group: C,Group: D vs Group: C,4,4,Blank_Blank_Blank
"[TG(54:10),TG(53:3)]_FA16:1",TAG,1390.0200996398926,1555.020118713379,1647.9201126098633,1270.2601013183594,1070.3400688171387,1704.1801376342773,1725.2801322937012,1891.7201118469238,1099.900074005127,Group: D,Group: C,Group: D vs Group: C,4,4,Blank_Blank_Blank
"[TG(54:10),TG(53:3)]_FA18:0",TAG,1021.6000671386719,1092.8600769042969,1251.8400802612305,1179.8200950622559,1222.8200874328613,1259.7601013183594,1593.6601257324219,1043.500072479248,969.6200752258301,Group: D,Group: C,Group: D vs Group: C,4,4,Blank_Blank_Blank
"[TG(54:10),TG(53:3)]_FA18:1",TAG,3741.0802841186523,2234.4601402282715,5273.700523376465,3240.5402488708496,3595.1802406311035,2896.300220489502,3238.0402870178223,3206.3802642822266,1113.7600784301758,Group: D,Group: C,Group: D vs Group: C,4,4,Blank_Blank_Blank
"[TG(54:10),TG(53:3)]_FA18:2",TAG,4511.640392303467,4592.460266113281,6105.020412445068,2034.0801582336426,3924.520275115967,6373.960468292236,4808.840362548828,2885.8401794433594,1130.8400764465332,Group: D,Group: C,Group: D vs Group: C,4,4,Blank_Blank_Blank
"[TG(54:10),TG(53:3)]_FA18:3",TAG,1179.9200820922852,1167.4400787353516,1167.9600791931152,1169.1000900268555,1254.1400871276855,1267.6400909423828,1191.8800735473633,1171.8800735473633,1172.6000709533691,Group: D,Group: C,Group: D vs Group: C,4,4,Blank_Blank_Blank
"[TG(54:10),TG(53:3)]_FA20:4",TAG,1249.2200927734375,1272.760097503662,1251.04008102417,1245.3200950622559,1251.9000930786133,1280.1400909423828,1251.0800971984863,1249.0400886535645,1246.5400886535645,Group: D,Group: C,Group: D vs Group: C,4,4,Blank_Blank_Blank
"[TG(54:10),TG(53:3)]_FA22:5",TAG,1373.920093536377,1407.2200889587402,1374.3200988769531,1379.3200988769531,1388.7400932312012,1392.6601028442383,1377.3000869750977,1458.7801132202148,1454.280101776123,Group: D,Group: C,Group: D vs Group: C,4,4,Blank_Blank_Blank
"[TG(54:10),TG(53:3)]_FA22:6",TAG,1526.14009475708,1498.0601043701172,1497.6401100158691,1498.7801094055176,1498.2601013183594,1494.720100402832,1501.2200965881348,1499.1001091003418,1499.16011428833,Group: D,Group: C,Group: D vs Group: C,4,4,Blank_Blank_Blank
"[TG(54:11),TG(53:4)]_FA14:0",TAG,1021.1600723266602,999.3000755310059,1013.4200782775879,973.6200675964355,972.4800682067871,1043.8000793457031,1002.0200805664062,973.7800712585449,971.7600631713867,Group: D,Group: C,Group: D vs Group: C,4,4,Blank_Blank_Blank
"[TG(54:11),TG(53:4)]_FA16:0",TAG,1757.8401336669922,1278.8001022338867,1328.0200729370117,1191.6200866699219,1885.900146484375,1099.0600700378418,1395.4001121520996,1000.5000610351562,969.5200614929199,Group: D,Group: C,Group: D vs Group: C,4,4,Blank_Blank_Blank
"[TG(54:11),TG(53:4)]_FA16:1",TAG,1170.5800819396973,1450.1601028442383,1489.6800994873047,1101.1200714111328,1079.5000762939453,1520.0201034545898,1377.0600967407227,1696.7801208496094,1175.1200790405273,Group: D,Group: C,Group: D vs Group: C,4,4,Blank_Blank_Blank
"[TG(54:11),TG(53:4)]_FA18:0",TAG,973.0800704956055,1048.6200675964355,1011.2800750732422,1014.720085144043,1024.6200675964355,969.900074005127,1165.900089263916,979.4800682067871,969.6200714111328,Group: D,Group: C,Group: D vs Group: C,4,4,Blank_Blank_Blank
"[TG(54:11),TG(53:4)]_FA18:1",TAG,2555.0401916503906,1661.4600982666016,3588.76029586792,2482.460220336914,2591.420181274414,2053.24015045166,2607.500202178955,1759.9001350402832,1190.3000984191895,Group: D,Group: C,Group: D vs Group: C,4,4,Blank_Blank_Blank
"[TG(54:11),TG(53:4)]_FA18:2",TAG,4806.400428771973,5557.9202880859375,8273.260738372803,2637.70023727417,5398.880397796631,9152.260692596436,6060.540431976318,3074.040210723877,1191.600082397461,Group: D,Group: C,Group: D vs Group: C,4,4,Blank_Blank_Blank
"[TG(54:11),TG(53:4)]_FA18:3",TAG,1241.8200874328613,1251.2400970458984,1168.600082397461,1319.4200859069824,1536.840087890625,1591.5001220703125,1335.8801002502441,1344.1200942993164,1189.2800788879395,Group: D,Group: C,Group: D vs Group: C,4,4,Blank_Blank_Blank
"[TG(54:11),TG(53:4)]_FA20:4",TAG,1257.3400993347168,1392.700096130371,1374.4201011657715,1455.3801155090332,1425.520092010498,1277.1400909423828,1432.340103149414,1485.3400955200195,1247.0800895690918,Group: D,Group: C,Group: D vs Group: C,4,4,Blank_Blank_Blank
"[TG(54:11),TG(53:4)]_FA22:5",TAG,1431.3600997924805,1385.320110321045,1418.940097808838,1393.9000930786133,1507.7000999450684,1569.2201080322266,1384.3200950622559,1826.1201133728027,2135.1001510620117,Group: D,Group: C,Group: D vs Group: C,4,4,Blank_Blank_Blank
"[TG(54:11),TG(53:4)]_FA22:6",TAG,1539.2601165771484,1497.9801063537598,1526.0201225280762,1497.8201065063477,1499.320110321045,1494.2201194763184,1529.2401123046875,1499.1601104736328,1497.6601028442383,Group: D,Group: C,Group: D vs Group: C,4,4,Blank_Blank_Blank
"[TG(54:12),TG(53:5)]_FA14:0",TAG,1031.280071258545,1007.6200828552246,988.3200798034668,1001.3800582885742,999.8200721740723,976.7200660705566,971.9200630187988,998.200065612793,970.7000694274902,Group: D,Group: C,Group: D vs Group: C,4,4,Blank_Blank_Blank
"[TG(54:12),TG(53:5)]_FA16:0",TAG,1134.8600692749023,1318.06010055542,1076.8000679016113,1218.7400970458984,1729.520118713379,1186.6800918579102,1206.4800834655762,982.3000717163086,998.440071105957,Group: D,Group: C,Group: D vs Group: C,4,4,Blank_Blank_Blank
"[TG(54:12),TG(53:5)]_FA16:1",TAG,1134.5000801086426,1136.880069732666,1105.980079650879,1076.4400749206543,1074.0600814819336,1136.3600807189941,1096.04008102417,1115.8800773620605,1048.12007522583,Group: D,Group: C,Group: D vs Group: C,4,4,Blank_Blank_Blank
"[TG(54:12),TG(53:5)]_FA18:0",TAG,997.4800720214844,969.9600715637207,970.2000770568848,980.6600723266602,967.9400787353516,972.2400817871094,1036.140079498291,973.2800750732422,970.0200653076172,Group: D,Group: C,Group: D vs Group: C,4,4,Blank_Blank_Blank
"[TG(54:12),TG(53:5)]_FA18:1",TAG,1279.1600914001465,1129.2000694274902,1384.1200942993164,1417.10009765625,1193.360092163086,1134.1200714111328,1156.7200889587402,1246.4800910949707,1129.7400856018066,Group: D,Group: C,Group: D vs Group: C,4,4,Blank_Blank_Blank
"[TG(54:12),TG(53:5)]_FA18:2",TAG,2806.240207672119,2746.0001373291016,4634.600395202637,1892.4601249694824,3108.800266265869,4535.180374145508,3338.8001861572266,1884.8001403808594,1123.200065612793,Group: D,Group: C,Group: D vs Group: C,4,4,Blank_Blank_Blank
"[TG(54:12),TG(53:5)]_FA18:3",TAG,1345.960105895996,1305.1001052856445,1272.3800773620605,1771.66011428833,1546.4800987243652,1604.9001159667969,1483.5001106262207,1258.1600914001465,1172.6400871276855,Group: D,Group: C,Group: D vs Group: C,4,4,Blank_Blank_Blank
"[TG(54:12),TG(53:5)]_FA20:4",TAG,1553.940113067627,1336.220100402832,1429.4400901794434,1655.0801315307617,1569.8201179504395,2021.920150756836,1937.4801330566406,1625.8401184082031,1253.6600952148438,Group: D,Group: C,Group: D vs Group: C,4,4,Blank_Blank_Blank
"[TG(54:12),TG(53:5)]_FA22:5",TAG,1538.560115814209,1659.7001113891602,1534.260108947754,1426.5801010131836,1398.1401023864746,1406.7601013183594,1422.6601066589355,1491.160099029541,1475.2801094055176,Group: D,Group: C,Group: D vs Group: C,4,4,Blank_Blank_Blank
"[TG(54:12),TG(53:5)]_FA22:6",TAG,1533.480094909668,1501.680103302002,1516.8801155090332,1498.260108947754,1532.1401100158691,1494.3600997924805,1576.760108947754,1499.360092163086,1555.3601150512695,Group: D,Group: C,Group: D vs Group: C,4,4,Blank_Blank_Blank
[TG(54:5)]_FA14:0,TAG,1069.020076751709,1258.5800895690918,1000.9200668334961,1090.7200736999512,1088.2600784301758,1098.320083618164,1831.7001266479492,1022.8800773620605,1075.1200828552246,Group: D,Group: C,Group: D vs Group: C,4,4,Blank_Blank_Blank
[TG(54:5)]_FA16:0,TAG,9322.180591583252,22557.781730651855,11974.540580749512,20568.62110519409,20671.501079559326,11879.180702209473,18465.220722198486,6733.720592498779,1022.2800750732422,Group: D,Group: C,Group: D vs Group: C,4,4,Blank_Blank_Blank
[TG(54:5)]_FA16:1,TAG,4147.980331420898,4548.0402755737305,1973.7001495361328,1838.3801383972168,2498.200183868408,7819.660373687744,8429.340759277344,6763.340557098389,1055.220069885254,Group: D,Group: C,Group: D vs Group: C,4,4,Blank_Blank_Blank
[TG(54:5)]_FA18:0,TAG,1361.100112915039,1641.440128326416,2412.7201499938965,1632.460117340088,1291.7601013183594,1753.3001174926758,5457.180503845215,1398.4600868225098,1069.340072631836,Group: D,Group: C,Group: D vs Group: C,4,4,Blank_Blank_Blank
[TG(54:5)]_FA18:1,TAG,39232.92338180542,15888.680644989014,107346.10664367676,86791.90776824951,70927.0464515686,38847.70389556885,58463.66265106201,31586.141345977783,1809.3001289367676,Group: D,Group: C,Group: D vs Group: C,4,4,Blank_Blank_Blank
[TG(54:5)]_FA18:2,TAG,108168.88977432251,152484.8091697693,319057.1203956604,83693.76396942139,184351.50827026367,300484.3271408081,203832.29067611694,66057.6830291748,1743.0201225280762,Group: D,Group: C,Group: D vs Group: C,4,4,Blank_Blank_Blank
[TG(54:5)]_FA18:3,TAG,4875.680294036865,5844.000343322754,8783.160762786865,17893.181407928467,18200.441413879395,22568.141651153564,16338.341217041016,9169.760513305664,1207.180076599121,Group: D,Group: C,Group: D vs Group: C,4,4,Blank_Blank_Blank
[TG(54:5)]_FA20:4,TAG,12460.600742340088,17546.361293792725,14450.92109298706,13661.260898590088,22929.721794128418,36011.803550720215,100630.66869354248,28017.32183074951,1269.9800910949707,Group: D,Group: C,Group: D vs Group: C,4,4,Blank_Blank_Blank
[TG(54:5)]_FA22:5,TAG,2204.8801803588867,2744.9601707458496,2944.6801986694336,2335.3201599121094,1846.720157623291,1897.140121459961,2887.700241088867,3003.22021484375,1470.9201049804688,Group: D,Group: C,Group: D vs Group: C,4,4,Blank_Blank_Blank
[TG(54:6)]_FA14:0,TAG,1705.9601516723633,1332.8200874328613,1072.580078125,1238.6000900268555,1310.9600868225098,1051.960075378418,1708.2201042175293,1029.9600715637207,990.9800758361816,Group: D,Group: C,Group: D vs Group: C,4,4,Blank_Blank_Blank
[TG(54:6)]_FA16:0,TAG,10473.720718383789,12762.821144104004,5675.380401611328,4640.900283813477,11777.640689849854,7208.6405029296875,10149.260478973389,3842.520404815674,1006.8800773620605,Group: D,Group: C,Group: D vs Group: C,4,4,Blank_Blank_Blank
[TG(54:6)]_FA16:1,TAG,3957.78035736084,4564.260360717773,2072.6201362609863,1801.6201286315918,2312.0001831054688,6112.200519561768,7552.960460662842,4966.180370330811,1112.080078125,Group: D,Group: C,Group: D vs Group: C,4,4,Blank_Blank_Blank
[TG(54:6)]_FA18:0,TAG,1082.4000778198242,1089.1800689697266,1036.5600776672363,987.820068359375,1050.6800804138184,1051.780071258545,1498.260082244873,972.8400650024414,1035.9000663757324,Group: D,Group: C,Group: D vs Group: C,4,4,Blank_Blank_Blank
[TG(54:6)]_FA18:1,TAG,5356.660400390625,2923.680187225342,13307.020645141602,10131.32060623169,9039.06039428711,5145.060386657715,7422.780422210693,4596.900299072266,1238.9401016235352,Group: D,Group: C,Group: D vs Group: C,4,4,Blank_Blank_Blank
[TG(54:6)]_FA18:2,TAG,41730.302532196045,54020.76530456543,129829.40872192383,45386.1234664917,77958.40563964844,111158.14840698242,66855.44418334961,23713.44165802002,1448.200107574463,Group: D,Group: C,Group: D vs Group: C,4,4,Blank_Blank_Blank
[TG(54:6)]_FA18:3,TAG,4759.920215606689,5555.960479736328,10155.960651397705,24992.981506347656,18355.081783294678,23742.00188446045,15364.421043395996,8652.88070678711,1209.5200729370117,Group: D,Group: C,Group: D vs Group: C,4,4,Blank_Blank_Blank
[TG(54:6)]_FA20:4,TAG,11401.560771942139,18191.22158432007,16333.660831451416,18522.761764526367,13555.82103729248,36101.7232170105,92848.24337387085,22929.721565246582,1250.64009475708,Group: D,Group: C,Group: D vs Group: C,4,4,Blank_Blank_Blank
[TG(54:6)]_FA22:5,TAG,2392.480178833008,2917.1402015686035,3065.8202476501465,2243.2201614379883,2366.220226287842,1977.860149383545,3405.860221862793,3118.060199737549,1375.3201026916504,Group: D,Group: C,Group: D vs Group: C,4,4,Blank_Blank_Blank
[TG(54:6)]_FA22:6,TAG,3181.680244445801,4475.300254821777,4036.0002670288086,2306.6401748657227,2223.040142059326,2868.4402389526367,7598.04061126709,2237.800148010254,1529.2801132202148,Group: D,Group: C,Group: D vs Group: C,4,4,Blank_Blank_Blank
"[TG(54:7),TG(53:0)]_FA14:0",TAG,1239.800090789795,1388.2800941467285,1244.0600929260254,1298.5000953674316,1294.2000770568848,1530.0401039123535,2512.880142211914,1197.2600860595703,1042.7400741577148,Group: D,Group: C,Group: D vs Group: C,4,4,Blank_Blank_Blank
"[TG(54:7),TG(53:0)]_FA16:0",TAG,2182.1001319885254,2123.5801544189453,5037.3003578186035,2322.8801307678223,3768.9202842712402,2846.380226135254,3390.760299682617,1211.0400848388672,1003.8800659179688,Group: D,Group: C,Group: D vs Group: C,4,4,Blank_Blank_Blank
"[TG(54:7),TG(53:0)]_FA16:1",TAG,2465.960163116455,3129.3601684570312,1713.380126953125,1604.7001304626465,1673.8001098632812,4239.90034866333,5830.4204025268555,3852.9402389526367,1090.8400688171387,Group: D,Group: C,Group: D vs Group: C,4,4,Blank_Blank_Blank
"[TG(54:7),TG(53:0)]_FA18:0",TAG,1036.9000663757324,1078.5200805664062,1016.9000778198242,1060.2600708007812,1024.3000717163086,1027.6000709533691,1225.5200996398926,1022.2800712585449,1003.6600646972656,Group: D,Group: C,Group: D vs Group: C,4,4,Blank_Blank_Blank
"[TG(54:7),TG(53:0)]_FA18:1",TAG,1481.4600830078125,1238.860092163086,1530.1600952148438,1979.5601387023926,1454.3001136779785,1219.1200828552246,1378.4600982666016,1291.1200790405273,1107.7000770568848,Group: D,Group: C,Group: D vs Group: C,4,4,Blank_Blank_Blank
"[TG(54:7),TG(53:0)]_FA18:2",TAG,9875.520454406738,12568.461017608643,24305.442615509033,8425.76078414917,17308.46141052246,17457.880950927734,12300.900661468506,6055.440410614014,1208.2400817871094,Group: D,Group: C,Group: D vs Group: C,4,4,Blank_Blank_Blank
"[TG(54:7),TG(53:0)]_FA18:3",TAG,3193.960247039795,3698.2601585388184,7539.580493927002,17690.080989837646,10496.260871887207,12093.080997467041,7505.3804931640625,4204.460247039795,1237.4000663757324,Group: D,Group: C,Group: D vs Group: C,4,4,Blank_Blank_Blank
"[TG(54:7),TG(53:0)]_FA20:4",TAG,2857.520195007324,4246.180225372314,4142.040328979492,4628.260334014893,3617.360195159912,7472.3404541015625,22092.08127975464,5885.680522918701,1263.1200942993164,Group: D,Group: C,Group: D vs Group: C,4,4,Blank_Blank_Blank
"[TG(54:7),TG(53:0)]_FA22:5",TAG,1902.680118560791,1826.2201385498047,1887.8601417541504,1875.0801162719727,1408.7200927734375,1743.7801132202148,2095.9601249694824,1999.5001258850098,1411.860092163086,Group: D,Group: C,Group: D vs Group: C,4,4,Blank_Blank_Blank
"[TG(54:7),TG(53:0)]_FA22:6",TAG,5405.140319824219,6120.640556335449,6788.900524139404,2247.000141143799,2829.3002319335938,4714.920413970947,10139.9407081604,3664.3402976989746,1533.7601051330566,Group: D,Group: C,Group: D vs Group: C,4,4,Blank_Blank_Blank
"[TG(54:8),TG(53:1)]_FA14:0",TAG,1028.1400756835938,1134.8000946044922,1349.8801040649414,1174.2800903320312,1107.9800720214844,1121.320083618164,1676.2401275634766,982.9400825500488,1042.920066833496,Group: D,Group: C,Group: D vs Group: C,4,4,Blank_Blank_Blank
"[TG(54:8),TG(53:1)]_FA16:0",TAG,1633.2201118469238,1844.3601303100586,1761.2401390075684,1499.4001121520996,1794.0801162719727,1315.300090789795,1503.0401000976562,1230.080078125,988.8000640869141,Group: D,Group: C,Group: D vs Group: C,4,4,Blank_Blank_Blank
"[TG(54:8),TG(53:1)]_FA16:1",TAG,1683.120132446289,1527.4600944519043,1189.5000762939453,1483.2001037597656,1259.2600708007812,1847.4401168823242,2301.720184326172,1746.240146636963,1055.500072479248,Group: D,Group: C,Group: D vs Group: C,4,4,Blank_Blank_Blank
"[TG(54:8),TG(53:1)]_FA18:0",TAG,983.5800704956055,1179.8600807189941,1109.940071105957,1051.0400772094727,1097.0200729370117,1163.2800750732422,1629.760124206543,1339.6000900268555,1108.8800888061523,Group: D,Group: C,Group: D vs Group: C,4,4,Blank_Blank_Blank
"[TG(54:8),TG(53:1)]_FA18:1",TAG,1611.5001106262207,1157.720069885254,1348.000099182129,1535.840103149414,1859.6200866699219,1218.0600814819336,2008.980152130127,1263.260082244873,1080.0200691223145,Group: D,Group: C,Group: D vs Group: C,4,4,Blank_Blank_Blank
"[TG(54:8),TG(53:1)]_FA18:2",TAG,1880.840145111084,1900.3601264953613,2839.8002586364746,1245.9200744628906,1974.8801383972168,2552.9602088928223,2137.6401443481445,1471.7000770568848,1219.420078277588,Group: D,Group: C,Group: D vs Group: C,4,4,Blank_Blank_Blank
"[TG(54:8),TG(53:1)]_FA18:3",TAG,1650.800106048584,1187.0600852966309,2168.10018157959,3656.9003257751465,2788.7802352905273,2635.0602111816406,2215.6401405334473,1518.020076751709,1172.1400756835938,Group: D,Group: C,Group: D vs Group: C,4,4,Blank_Blank_Blank
"[TG(54:8),TG(53:1)]_FA20:4",TAG,1331.6801071166992,1422.0001029968262,1322.6800994873047,1545.5001106262207,1524.6601028442383,1525.1000900268555,2389.22013092041,1464.7601013183594,1255.3800926208496,Group: D,Group: C,Group: D vs Group: C,4,4,Blank_Blank_Blank
"[TG(54:8),TG(53:1)]_FA22:5",TAG,1409.660099029541,1420.7001037597656,1436.4001007080078,1395.6200942993164,1421.5800971984863,1467.5801010131836,1375.9401016235352,1467.6600952148438,1375.0600967407227,Group: D,Group: C,Group: D vs Group: C,4,4,Blank_Blank_Blank
"[TG(54:8),TG(53:1)]_FA22:6",TAG,2632.4402084350586,2467.9801445007324,3552.140235900879,2098.000144958496,1570.1601104736328,2523.240161895752,4932.140289306641,2430.9601516723633,1540.0401153564453,Group: D,Group: C,Group: D vs Group: C,4,4,Blank_Blank_Blank
"[TG(54:9),TG(53:2)]_FA14:0",TAG,986.0200729370117,973.7400703430176,1027.7600708007812,986.2200736999512,971.1000747680664,970.4600791931152,1150.9400787353516,1041.640079498291,971.3800735473633,Group: D,Group: C,Group: D vs Group: C,4,4,Blank_Blank_Blank
"[TG(54:9),TG(53:2)]_FA16:0",TAG,2998.540168762207,3152.620246887207,2777.5401916503906,1909.3601379394531,3312.7401580810547,1388.9800910949707,2013.5601615905762,1711.6201057434082,969.6000747680664,Group: D,Group: C,Group: D vs Group: C,4,4,Blank_Blank_Blank
"[TG(54:9),TG(53:2)]_FA16:1",TAG,1097.2000770568848,1303.5200881958008,1147.160083770752,1118.4000854492188,1083.5200843811035,1157.0400848388672,1226.0600891113281,1353.6800994873047,1080.4000701904297,Group: D,Group: C,Group: D vs Group: C,4,4,Blank_Blank_Blank
"[TG(54:9),TG(53:2)]_FA18:0",TAG,984.6800727844238,1509.9401168823242,1270.0200958251953,1192.0200805664062,1015.2200736999512,1145.1200790405273,1998.800148010254,1190.800090789795,969.5000610351562,Group: D,Group: C,Group: D vs Group: C,4,4,Blank_Blank_Blank
"[TG(54:9),TG(53:2)]_FA18:1",TAG,3129.600238800049,1594.3400955200195,3865.980270385742,2263.980152130127,2671.160171508789,2533.7201499938965,2637.060161590576,2827.3201904296875,1142.2000885009766,Group: D,Group: C,Group: D vs Group: C,4,4,Blank_Blank_Blank
"[TG(54:9),TG(53:2)]_FA18:2",TAG,1965.5401496887207,1642.8600997924805,2182.7201652526855,1232.0200843811035,2014.2801399230957,2170.6001930236816,1762.8401374816895,1174.5400886535645,1156.9000854492188,Group: D,Group: C,Group: D vs Group: C,4,4,Blank_Blank_Blank
"[TG(54:9),TG(53:2)]_FA18:3",TAG,1166.8800888061523,1219.8800773620605,1242.240077972412,1376.8000946044922,1207.020076751709,1427.6801109313965,1188.6400718688965,1172.4200859069824,1172.5200843811035,Group: D,Group: C,Group: D vs Group: C,4,4,Blank_Blank_Blank
"[TG(54:9),TG(53:2)]_FA20:4",TAG,1285.7800903320312,1267.9600944519043,1265.2800903320312,1334.7600898742676,1280.960090637207,1396.080093383789,1280.240089416504,1249.0600967407227,1259.8400840759277,Group: D,Group: C,Group: D vs Group: C,4,4,Blank_Blank_Blank
"[TG(54:9),TG(53:2)]_FA22:5",TAG,1459.3200950622559,1399.3201026916504,1375.1800994873047,1377.6001014709473,1418.5601081848145,1374.000099182129,1415.1200981140137,1380.280101776123,1463.6201171875,Group: D,Group: C,Group: D vs Group: C,4,4,Blank_Blank_Blank
"[TG(54:9),TG(53:2)]_FA22:6",TAG,1643.0401191711426,1586.200107574463,1697.9801216125488,1583.520118713379,1500.3800964355469,1546.040111541748,1696.480110168457,1499.280101776123,1497.860122680664,Group: D,Group: C,Group: D vs Group: C,4,4,Blank_Blank_Blank
"[TG(55:10),TG(54:3)]_FA14:0",TAG,1033.7800827026367,1049.8600769042969,1042.4800872802734,973.8000755310059,1116.7800827026367,1207.2000923156738,1120.700080871582,975.7400703430176,987.9800682067871,Group: D,Group: C,Group: D vs Group: C,4,4,Blank_Blank_Blank
"[TG(55:10),TG(54:3)]_FA16:0",TAG,24529.682300567627,24938.782291412354,29373.362369537354,6594.080406188965,22730.92100906372,14263.201049804688,19810.10116958618,4246.9003829956055,969.120059967041,Group: D,Group: C,Group: D vs Group: C,4,4,Blank_Blank_Blank
"[TG(55:10),TG(54:3)]_FA16:1",TAG,3611.2601776123047,4564.180213928223,2028.200122833252,1416.7200965881348,1836.1001167297363,6430.500350952148,6486.760410308838,7818.780490875244,1073.3400764465332,Group: D,Group: C,Group: D vs Group: C,4,4,Blank_Blank_Blank
"[TG(55:10),TG(54:3)]_FA18:0",TAG,7987.960578918457,16855.021255493164,17333.440761566162,6688.400421142578,11023.880992889404,13627.580757141113,83380.14562988281,17897.120567321777,1097.9000778198242,Group: D,Group: C,Group: D vs Group: C,4,4,Blank_Blank_Blank
"[TG(55:10),TG(54:3)]_FA18:1",TAG,81852.14685821533,31479.681972503662,138101.44788360596,71069.68279647827,102861.40733718872,67509.14748001099,136538.90594100952,98437.76794433594,3952.0602684020996,Group: D,Group: C,Group: D vs Group: C,4,4,Blank_Blank_Blank
"[TG(55:10),TG(54:3)]_FA18:2",TAG,30894.922004699707,38347.682720184326,51664.543407440186,10067.24055480957,41194.30307388306,58823.36476135254,45554.522579193115,18125.82160949707,1259.840087890625,Group: D,Group: C,Group: D vs Group: C,4,4,Blank_Blank_Blank
"[TG(55:10),TG(54:3)]_FA18:3",TAG,1200.0800971984863,1307.960090637207,1244.680088043213,1453.9800987243652,1754.9601211547852,1454.4201049804688,1523.1600914001465,1223.3400802612305,1172.3600769042969,Group: D,Group: C,Group: D vs Group: C,4,4,Blank_Blank_Blank
"[TG(55:10),TG(54:3)]_FA20:4",TAG,1356.7600936889648,1310.2201042175293,1271.2200965881348,1401.980094909668,1389.3600997924805,1392.3400917053223,1615.100112915039,1475.9601211547852,1281.3200988769531,Group: D,Group: C,Group: D vs Group: C,4,4,Blank_Blank_Blank
"[TG(55:10),TG(54:3)]_FA22:5",TAG,1411.880111694336,1523.9401092529297,1454.4800987243652,1401.7800903320312,1374.5200958251953,1395.5401000976562,1433.180088043213,1409.8801040649414,1490.760108947754,Group: D,Group: C,Group: D vs Group: C,4,4,Blank_Blank_Blank
"[TG(55:10),TG(54:3)]_FA22:6",TAG,1498.500114440918,1546.120101928711,1496.9801139831543,1497.6800918579102,1500.7001037597656,1493.7201080322266,1546.8801040649414,1498.9601097106934,1497.9601020812988,Group: D,Group: C,Group: D vs Group: C,4,4,Blank_Blank_Blank
"[TG(55:11),TG(54:4)]_FA14:0",TAG,1153.8600807189941,1029.0200843811035,977.0200691223145,1029.7200775146484,988.9400672912598,1030.6600761413574,1152.880084991455,998.0800743103027,997.4400749206543,Group: D,Group: C,Group: D vs Group: C,4,4,Blank_Blank_Blank
"[TG(55:11),TG(54:4)]_FA16:0",TAG,21902.081241607666,22112.262172698975,29323.562076568604,7497.68053817749,18596.821559906006,13109.240604400635,17702.42120361328,3554.600196838379,1012.1000595092773,Group: D,Group: C,Group: D vs Group: C,4,4,Blank_Blank_Blank
"[TG(55:11),TG(54:4)]_FA16:1",TAG,4356.50032043457,5457.140331268311,2467.020160675049,3178.500213623047,2300.7401542663574,7558.380458831787,9971.480613708496,8989.620777130127,1048.1200714111328,Group: D,Group: C,Group: D vs Group: C,4,4,Blank_Blank_Blank
"[TG(55:11),TG(54:4)]_FA18:0",TAG,3869.7802696228027,3726.7003288269043,10785.2607421875,9867.940780639648,7717.540500640869,8236.240394592285,33665.6626663208,6073.300518035889,1102.2800674438477,Group: D,Group: C,Group: D vs Group: C,4,4,Blank_Blank_Blank
"[TG(55:11),TG(54:4)]_FA18:1",TAG,94373.72806930542,45435.88362121582,226666.932598114,150991.04914855957,153379.11390304565,95233.40693283081,162525.82945632935,99083.58804321289,2704.2801818847656,Group: D,Group: C,Group: D vs Group: C,4,4,Blank_Blank_Blank
"[TG(55:11),TG(54:4)]_FA18:2",TAG,108530.8888206482,137776.19317245483,241145.67120361328,44459.64371871948,157220.30653381348,257636.07481384277,202052.8759765625,78051.38460922241,1852.960132598877,Group: D,Group: C,Group: D vs Group: C,4,4,Blank_Blank_Blank
"[TG(55:11),TG(54:4)]_FA18:3",TAG,1849.4001159667969,2022.820125579834,2254.8001747131348,4197.540203094482,4320.200382232666,5465.220371246338,3677.560302734375,2214.2201614379883,1195.62007522583,Group: D,Group: C,Group: D vs Group: C,4,4,Blank_Blank_Blank
"[TG(55:11),TG(54:4)]_FA20:4",TAG,2329.5601234436035,2655.3002166748047,2668.920234680176,2750.340202331543,3769.1401901245117,4876.360378265381,10514.420715332031,4310.320381164551,1253.3600883483887,Group: D,Group: C,Group: D vs Group: C,4,4,Blank_Blank_Blank
"[TG(55:11),TG(54:4)]_FA22:5",TAG,1594.8801193237305,1648.5801124572754,1806.4401092529297,1613.3801155090332,1425.5000915527344,1435.7601013183594,1813.0401306152344,1844.1801452636719,1406.740104675293,Group: D,Group: C,Group: D vs Group: C,4,4,Blank_Blank_Blank
"[TG(55:11),TG(54:4)]_FA22:6",TAG,1535.900104522705,1518.14009475708,1563.6001091003418,1497.660099029541,1499.9401054382324,1549.7001037597656,1709.5201110839844,1498.9000968933105,1518.3601150512695,Group: D,Group: C,Group: D vs Group: C,4,4,Blank_Blank_Blank
"[TG(55:7),TG(54:0)]_FA14:0",TAG,1058.820068359375,1008.0800666809082,1030.0000762939453,1063.260082244873,1043.4000701904297,1077.0800704956055,1136.9200820922852,1005.720085144043,1014.4200668334961,Group: D,Group: C,Group: D vs Group: C,4,4,Blank_Blank_Blank
"[TG(55:7),TG(54:0)]_FA16:0",TAG,1226.160083770752,1482.4801063537598,1602.5601119995117,1574.700096130371,1522.0001258850098,1367.8001136779785,1395.7400970458984,1277.6000785827637,1016.7600708007812,Group: D,Group: C,Group: D vs Group: C,4,4,Blank_Blank_Blank
"[TG(55:7),TG(54:0)]_FA16:1",TAG,1117.8800811767578,1103.3400764465332,1096.3800811767578,1054.2400817871094,1050.8800735473633,1118.1000747680664,1235.64009475708,1102.500057220459,1047.4000701904297,Group: D,Group: C,Group: D vs Group: C,4,4,Blank_Blank_Blank
"[TG(55:7),TG(54:0)]_FA18:0",TAG,1316.2801094055176,1594.1601066589355,1605.480125427246,1252.100082397461,1165.3400802612305,1230.320083618164,1571.7801246643066,1055.420066833496,1392.320110321045,Group: D,Group: C,Group: D vs Group: C,4,4,Blank_Blank_Blank
"[TG(55:7),TG(54:0)]_FA18:1",TAG,1221.0800704956055,1071.8800659179688,1375.1000900268555,1142.1600799560547,1180.8600807189941,1147.4800758361816,1127.6600799560547,1197.5200843811035,1054.4800720214844,Group: D,Group: C,Group: D vs Group: C,4,4,Blank_Blank_Blank
"[TG(55:7),TG(54:0)]_FA18:2",TAG,1243.2600860595703,1313.8600807189941,1411.220085144043,1280.7400932312012,1154.5200881958008,1346.2601013183594,1355.4401016235352,1201.2400856018066,1129.4000625610352,Group: D,Group: C,Group: D vs Group: C,4,4,Blank_Blank_Blank
"[TG(55:7),TG(54:0)]_FA18:3",TAG,1167.1800918579102,1167.12007522583,1168.0200843811035,1168.4600868225098,1251.660068511963,1238.4600868225098,1230.900074005127,1172.9000816345215,1172.8600730895996,Group: D,Group: C,Group: D vs Group: C,4,4,Blank_Blank_Blank
"[TG(55:7),TG(54:0)]_FA20:4",TAG,1553.1401100158691,1393.2000999450684,1587.6201133728027,1349.8200988769531,1625.2200813293457,1630.320125579834,1752.7601165771484,1349.9800872802734,1246.580093383789,Group: D,Group: C,Group: D vs Group: C,4,4,Blank_Blank_Blank
"[TG(55:7),TG(54:0)]_FA22:5",TAG,1552.9601249694824,1587.980125427246,1485.6601028442383,1605.5401039123535,1438.0401039123535,1605.420124053955,1418.5600967407227,1510.3600997924805,1441.56010055542,Group: D,Group: C,Group: D vs Group: C,4,4,Blank_Blank_Blank
"[TG(55:7),TG(54:0)]_FA22:6",TAG,1953.9001426696777,1805.200138092041,2068.8201484680176,1875.5801315307617,1576.0001106262207,2160.400161743164,2121.2001457214355,1839.9001388549805,1518.8001136779785,Group: D,Group: C,Group: D vs Group: C,4,4,Blank_Blank_Blank
"[TG(55:8),TG(54:1)]_FA14:0",TAG,994.3400726318359,1002.700065612793,1016.6800804138184,985.3400726318359,1039.920078277588,970.2800712585449,1034.1400756835938,973.6600761413574,1016.8400573730469,Group: D,Group: C,Group: D vs Group: C,4,4,Blank_Blank_Blank
"[TG(55:8),TG(54:1)]_FA16:0",TAG,4923.840450286865,4065.8002395629883,3646.8003005981445,1758.060131072998,4014.820285797119,2516.340133666992,4073.9002227783203,1986.1801223754883,1019.6200523376465,Group: D,Group: C,Group: D vs Group: C,4,4,Blank_Blank_Blank
"[TG(55:8),TG(54:1)]_FA16:1",TAG,1137.4000854492188,1198.4600868225098,1150.7000923156738,1174.8400802612305,1174.1800842285156,1212.8200912475586,1370.6200790405273,1273.4600944519043,1048.1000633239746,Group: D,Group: C,Group: D vs Group: C,4,4,Blank_Blank_Blank
"[TG(55:8),TG(54:1)]_FA18:0",TAG,1736.0401191711426,3190.600257873535,2924.4602088928223,2227.880126953125,2005.4201393127441,2298.280200958252,8586.620555877686,3178.400249481201,1344.540096282959,Group: D,Group: C,Group: D vs Group: C,4,4,Blank_Blank_Blank
"[TG(55:8),TG(54:1)]_FA18:1",TAG,2684.7002182006836,1839.18013381958,2829.140205383301,2608.7401733398438,3172.080207824707,2320.0001792907715,2797.9402084350586,2318.4601554870605,1375.0601043701172,Group: D,Group: C,Group: D vs Group: C,4,4,Blank_Blank_Blank
"[TG(55:8),TG(54:1)]_FA18:2",TAG,1483.1001091003418,1568.620101928711,1481.8200988769531,1277.6400985717773,1284.600082397461,1655.4400939941406,1447.0601081848145,1153.740077972412,1128.6600723266602,Group: D,Group: C,Group: D vs Group: C,4,4,Blank_Blank_Blank
"[TG(55:8),TG(54:1)]_FA18:3",TAG,1197.5600814819336,1214.7200813293457,1205.6000747680664,1168.8000679016113,1176.3400840759277,1205.3800888061523,1224.1600914001465,1172.520076751709,1171.8000831604004,Group: D,Group: C,Group: D vs Group: C,4,4,Blank_Blank_Blank
"[TG(55:8),TG(54:1)]_FA20:4",TAG,1305.4400825500488,1290.6000900268555,1310.0800895690918,1300.8800811767578,1283.5400924682617,1388.6400909423828,1344.5400848388672,1282.7600860595703,1328.8401107788086,Group: D,Group: C,Group: D vs Group: C,4,4,Blank_Blank_Blank
"[TG(55:8),TG(54:1)]_FA22:5",TAG,1430.720115661621,1477.7401084899902,1375.7001037597656,1537.9801063537598,1373.56010055542,1421.080093383789,1444.3401069641113,1379.740089416504,1374.9200859069824,Group: D,Group: C,Group: D vs Group: C,4,4,Blank_Blank_Blank
"[TG(55:8),TG(54:1)]_FA22:6",TAG,1776.9601249694824,1796.1601333618164,2065.4001426696777,1672.3001022338867,1637.8601188659668,1679.5201034545898,1704.3001136779785,1758.9801177978516,1497.3001098632812,Group: D,Group: C,Group: D vs Group: C,4,4,Blank_Blank_Blank
"[TG(55:9),TG(54:2)]_FA14:0",TAG,1038.160068511963,1063.3400650024414,986.9600715637207,992.6600799560547,1132.0000801086426,1078.7600898742676,1101.9400749206543,994.3800811767578,971.3600730895996,Group: D,Group: C,Group: D vs Group: C,4,4,Blank_Blank_Blank
"[TG(55:9),TG(54:2)]_FA16:0",TAG,20947.340866088867,18119.981414794922,16471.58187866211,5802.980419158936,14518.301021575928,9250.840629577637,16694.421222686768,8567.740852355957,982.7800712585449,Group: D,Group: C,Group: D vs Group: C,4,4,Blank_Blank_Blank
"[TG(55:9),TG(54:2)]_FA16:1",TAG,1828.6601333618164,1749.0601196289062,1197.340072631836,1053.4400749206543,1393.220100402832,2516.0201530456543,3053.7201805114746,2466.520122528076,1058.8600692749023,Group: D,Group: C,Group: D vs Group: C,4,4,Blank_Blank_Blank
"[TG(55:9),TG(54:2)]_FA18:0",TAG,5292.500389099121,11966.481037139893,11285.9008102417,7343.260398864746,8152.580612182617,9013.780643463135,64631.44348144531,15970.161575317383,1332.7200813293457,Group: D,Group: C,Group: D vs Group: C,4,4,Blank_Blank_Blank
"[TG(55:9),TG(54:2)]_FA18:1",TAG,21412.52109527588,8776.480625152588,23750.521446228027,14188.701023101807,23039.10104751587,14545.1409034729,23253.102069854736,16828.22106552124,2032.9001502990723,Group: D,Group: C,Group: D vs Group: C,4,4,Blank_Blank_Blank
"[TG(55:9),TG(54:2)]_FA18:2",TAG,4923.040271759033,6465.560356140137,6129.140384674072,1587.3200912475586,6430.200397491455,7678.12064743042,5128.0003089904785,2421.5802001953125,1217.3400802612305,Group: D,Group: C,Group: D vs Group: C,4,4,Blank_Blank_Blank
"[TG(55:9),TG(54:2)]_FA18:3",TAG,1185.6600875854492,1185.1200828552246,1187.4800834655762,1188.9800758361816,1206.780086517334,1189.820083618164,1219.5200843811035,1173.0600814819336,1172.2600746154785,Group: D,Group: C,Group: D vs Group: C,4,4,Blank_Blank_Blank
"[TG(55:9),TG(54:2)]_FA20:4",TAG,1334.2200889587402,1376.440097808838,1334.5600891113281,1619.9601135253906,1479.600112915039,1391.480094909668,1903.3801460266113,1464.0201148986816,1282.740089416504,Group: D,Group: C,Group: D vs Group: C,4,4,Blank_Blank_Blank
"[TG(55:9),TG(54:2)]_FA22:5",TAG,1374.0001068115234,1380.9200973510742,1374.760108947754,1377.900089263916,1418.2000885009766,1373.700096130371,1387.1400985717773,1460.020092010498,1444.2001152038574,Group: D,Group: C,Group: D vs Group: C,4,4,Blank_Blank_Blank
"[TG(55:9),TG(54:2)]_FA22:6",TAG,1561.260097503662,1499.0401229858398,1696.540126800537,1497.4401054382324,1549.7201080322266,1557.1201171875,1580.1601104736328,1525.7401123046875,1544.0201148986816,Group: D,Group: C,Group: D vs Group: C,4,4,Blank_Blank_Blank
"[TG(56:10),TG(55:3)]_FA14:0",TAG,1001.5800743103027,973.3400726318359,999.7800750732422,990.8000755310059,988.3200645446777,970.8400611877441,971.7000770568848,973.500072479248,970.8000717163086,Group: D,Group: C,Group: D vs Group: C,4,4,Blank_Blank_Blank
"[TG(56:10),TG(55:3)]_FA16:0",TAG,1283.5200996398926,1256.2800827026367,1155.7600784301758,1136.9600830078125,1393.3801040649414,1183.020076751709,1008.2200698852539,1039.8200759887695,969.0400619506836,Group: D,Group: C,Group: D vs Group: C,4,4,Blank_Blank_Blank
"[TG(56:10),TG(55:3)]_FA16:1",TAG,1151.020092010498,1127.0800857543945,1175.080078125,1076.7000694274902,1116.780086517334,1266.8600769042969,1209.3800811767578,1145.4200859069824,1069.2600784301758,Group: D,Group: C,Group: D vs Group: C,4,4,Blank_Blank_Blank
"[TG(56:10),TG(55:3)]_FA18:0",TAG,1047.920078277588,1018.9000663757324,1034.380069732666,1138.6800842285156,1037.5000762939453,1223.240089416504,1199.0600929260254,993.2000732421875,970.2000694274902,Group: D,Group: C,Group: D vs Group: C,4,4,Blank_Blank_Blank
"[TG(56:10),TG(55:3)]_FA18:1",TAG,1945.7201614379883,1399.260082244873,2038.8401489257812,1426.1601028442383,1601.5801124572754,1481.160099029541,2786.840229034424,1598.1601181030273,1086.5000801086426,Group: D,Group: C,Group: D vs Group: C,4,4,Blank_Blank_Blank
"[TG(56:10),TG(55:3)]_FA18:2",TAG,1749.3401184082031,1687.1401290893555,1820.6601371765137,1392.06010055542,1909.5001335144043,2136.600143432617,2110.1201133728027,1405.3201026916504,1184.3000831604004,Group: D,Group: C,Group: D vs Group: C,4,4,Blank_Blank_Blank
"[TG(56:10),TG(55:3)]_FA18:3",TAG,1250.7000846862793,1180.1000862121582,1241.2200775146484,1282.4200820922852,1328.2200813293457,1457.9801025390625,1425.3001022338867,1172.4200744628906,1190.340087890625,Group: D,Group: C,Group: D vs Group: C,4,4,Blank_Blank_Blank
"[TG(56:10),TG(55:3)]_FA20:4",TAG,1285.4800872802734,1342.1800956726074,1276.7400970458984,1334.8200988769531,1276.7800979614258,1274.5400924682617,1461.8600959777832,1449.000114440918,1246.2400970458984,Group: D,Group: C,Group: D vs Group: C,4,4,Blank_Blank_Blank
"[TG(56:10),TG(55:3)]_FA22:5",TAG,1428.1001091003418,1373.7601051330566,1409.6800956726074,1437.6800994873047,1373.8200912475586,1375.220085144043,1375.3600997924805,1380.700107574463,1378.3400993347168,Group: D,Group: C,Group: D vs Group: C,4,4,Blank_Blank_Blank
"[TG(56:10),TG(55:3)]_FA22:6",TAG,1628.7801246643066,1625.2001113891602,1804.9801483154297,1551.5201148986816,1585.0600967407227,1814.3601264953613,2033.720127105713,1802.820125579834,1498.7001113891602,Group: D,Group: C,Group: D vs Group: C,4,4,Blank_Blank_Blank
"[TG(56:11),TG(55:4)]_FA14:0",TAG,1015.9000701904297,992.7200775146484,974.8800773620605,972.9600715637207,970.7400665283203,982.640079498291,971.3400650024414,973.3000640869141,986.6000747680664,Group: D,Group: C,Group: D vs Group: C,4,4,Blank_Blank_Blank
"[TG(56:11),TG(55:4)]_FA16:0",TAG,1049.8400764465332,1206.960090637207,1289.1000938415527,962.9600791931152,1088.0400733947754,1241.3000831604004,1041.680076599121,961.1800689697266,969.4800758361816,Group: D,Group: C,Group: D vs Group: C,4,4,Blank_Blank_Blank
"[TG(56:11),TG(55:4)]_FA16:1",TAG,1083.0000686645508,1059.52006149292,1239.3000831604004,1053.3200645446777,1051.3200721740723,1121.5800743103027,1052.5800704956055,1083.7000732421875,1048.3800735473633,Group: D,Group: C,Group: D vs Group: C,4,4,Blank_Blank_Blank
"[TG(56:11),TG(55:4)]_FA18:0",TAG,1074.1400833129883,1045.3400688171387,997.8600692749023,1034.1800804138184,968.0800743103027,1035.0200729370117,1213.7600860595703,997.5000686645508,969.3400688171387,Group: D,Group: C,Group: D vs Group: C,4,4,Blank_Blank_Blank
"[TG(56:11),TG(55:4)]_FA18:1",TAG,1645.8601188659668,1254.2000885009766,1831.5801239013672,1463.100112915039,1594.3401260375977,1398.960105895996,1783.840103149414,1216.0600776672363,1053.4200706481934,Group: D,Group: C,Group: D vs Group: C,4,4,Blank_Blank_Blank
"[TG(56:11),TG(55:4)]_FA18:2",TAG,1747.6001205444336,2255.7801780700684,2978.980251312256,1789.8801307678223,1971.4401168823242,2987.3002738952637,2348.7801361083984,1426.2400970458984,1148.4000701904297,Group: D,Group: C,Group: D vs Group: C,4,4,Blank_Blank_Blank
"[TG(56:11),TG(55:4)]_FA18:3",TAG,1188.720085144043,1167.840087890625,1261.4600830078125,1307.3600959777832,1182.5800895690918,1333.5400848388672,1172.6000785827637,1172.1000785827637,1182.820083618164,Group: D,Group: C,Group: D vs Group: C,4,4,Blank_Blank_Blank
"[TG(56:11),TG(55:4)]_FA20:4",TAG,1273.620101928711,1248.420093536377,1249.6000900268555,1259.6200828552246,1343.5600967407227,1290.2400817871094,1381.3001022338867,1352.1200942993164,1246.9800872802734,Group: D,Group: C,Group: D vs Group: C,4,4,Blank_Blank_Blank
"[TG(56:11),TG(55:4)]_FA22:5",TAG,1382.5800971984863,1373.8401069641113,1430.8001022338867,1379.2800941467285,1373.6401023864746,1415.9400939941406,1377.4800872802734,1380.0000953674316,1382.400089263916,Group: D,Group: C,Group: D vs Group: C,4,4,Blank_Blank_Blank
"[TG(56:11),TG(55:4)]_FA22:6",TAG,1498.2201080322266,1500.4401016235352,1551.6201171875,1537.800106048584,1499.6001052856445,1494.1200981140137,1543.340103149414,1498.5601043701172,1525.7800979614258,Group: D,Group: C,Group: D vs Group: C,4,4,Blank_Blank_Blank
"[TG(56:12),TG(55:5)]_FA14:0",TAG,973.3000679016113,1012.3400726318359,984.0200691223145,973.3800773620605,1005.1400756835938,971.0400772094727,971.900074005127,983.5800743103027,970.8600616455078,Group: D,Group: C,Group: D vs Group: C,4,4,Blank_Blank_Blank
"[TG(56:12),TG(55:5)]_FA16:0",TAG,1294.6400833129883,1086.0200653076172,1191.740077972412,1144.260082244873,1038.900074005127,1249.1200828552246,1208.9000930786133,1021.7200698852539,969.1800575256348,Group: D,Group: C,Group: D vs Group: C,4,4,Blank_Blank_Blank
"[TG(56:12),TG(55:5)]_FA16:1",TAG,1100.0000801086426,1092.1200675964355,1072.1000785827637,1077.1400756835938,1051.000072479248,1123.440086364746,1261.0801010131836,1147.2400856018066,1047.6600761413574,Group: D,Group: C,Group: D vs Group: C,4,4,Blank_Blank_Blank
"[TG(56:12),TG(55:5)]_FA18:0",TAG,970.6000709533691,988.4800720214844,970.6000785827637,1019.6200828552246,968.1600761413574,987.9600639343262,1060.2400703430176,973.6200752258301,999.880069732666,Group: D,Group: C,Group: D vs Group: C,4,4,Blank_Blank_Blank
"[TG(56:12),TG(55:5)]_FA18:1",TAG,1298.3600845336914,1178.3400917053223,1303.1600914001465,1173.8600769042969,1348.960090637207,1197.4200744628906,1398.5600967407227,1212.000087738037,1127.8600807189941,Group: D,Group: C,Group: D vs Group: C,4,4,Blank_Blank_Blank
"[TG(56:12),TG(55:5)]_FA18:2",TAG,1624.56010055542,2136.660140991211,2552.9601669311523,1297.0400924682617,1955.9601440429688,2114.2201385498047,2091.2201347351074,1249.8200874328613,1146.4800834655762,Group: D,Group: C,Group: D vs Group: C,4,4,Blank_Blank_Blank
"[TG(56:12),TG(55:5)]_FA18:3",TAG,1180.4200859069824,1167.6000938415527,1182.4400749206543,1433.3001098632812,1170.0200805664062,1242.7800827026367,1200.6400871276855,1291.1200904846191,1172.0400733947754,Group: D,Group: C,Group: D vs Group: C,4,4,Blank_Blank_Blank
"[TG(56:12),TG(55:5)]_FA20:4",TAG,1506.8201141357422,1531.4601097106934,1249.0000915527344,1650.7801208496094,1475.5001068115234,1664.2401008605957,1952.5401611328125,1444.8601112365723,1292.14009475708,Group: D,Group: C,Group: D vs Group: C,4,4,Blank_Blank_Blank
"[TG(56:12),TG(55:5)]_FA22:5",TAG,1451.2600936889648,1454.5601081848145,1417.3600959777832,1509.1001052856445,1462.280101776123,1378.0200958251953,1376.440097808838,1410.3600997924805,1376.2400932312012,Group: D,Group: C,Group: D vs Group: C,4,4,Blank_Blank_Blank
"[TG(56:12),TG(55:5)]_FA22:6",TAG,1533.5801010131836,1564.8001022338867,1600.58012008667,1498.9201126098633,1522.3601188659668,1494.6600952148438,1538.9601097106934,1499.500099182129,1498.0800971984863,Group: D,Group: C,Group: D vs Group: C,4,4,Blank_Blank_Blank
"[TG(56:13),TG(55:6)]_FA14:0",TAG,1009.5800819396973,973.6800689697266,974.9000701904297,999.5600776672363,984.8600692749023,970.3600540161133,983.5600700378418,974.0600662231445,970.5200614929199,Group: D,Group: C,Group: D vs Group: C,4,4,Blank_Blank_Blank
"[TG(56:13),TG(55:6)]_FA16:0",TAG,1264.8600883483887,1023.3400802612305,993.9600601196289,1044.8400688171387,1217.5600891113281,1011.1800651550293,1119.240077972412,1051.02006149292,1002.8800659179688,Group: D,Group: C,Group: D vs Group: C,4,4,Blank_Blank_Blank
"[TG(56:13),TG(55:6)]_FA16:1",TAG,1079.3800735473633,1090.4800872802734,1080.3200798034668,1054.0200805664062,1052.0400772094727,1212.6000862121582,1114.4400787353516,1069.460075378418,1048.1800689697266,Group: D,Group: C,Group: D vs Group: C,4,4,Blank_Blank_Blank
"[TG(56:13),TG(55:6)]_FA18:0",TAG,1083.840072631836,1030.580078125,1027.5200805664062,1086.700080871582,1012.9800720214844,1038.7600746154785,1020.8400802612305,972.8200645446777,1023.2800712585449,Group: D,Group: C,Group: D vs Group: C,4,4,Blank_Blank_Blank
"[TG(56:13),TG(55:6)]_FA18:1",TAG,1245.7600860595703,1061.2200775146484,1126.5200843811035,1079.440071105957,1061.5800666809082,1177.4000778198242,1048.8200759887695,1112.8800773620605,1054.1400718688965,Group: D,Group: C,Group: D vs Group: C,4,4,Blank_Blank_Blank
"[TG(56:13),TG(55:6)]_FA18:2",TAG,1393.900104522705,1324.5800819396973,1781.3201293945312,1174.1600799560547,1482.880084991455,1838.5601272583008,1532.940113067627,1252.8000869750977,1143.340072631836,Group: D,Group: C,Group: D vs Group: C,4,4,Blank_Blank_Blank
"[TG(56:13),TG(55:6)]_FA18:3",TAG,1166.7600784301758,1167.6400871276855,1252.1200904846191,1188.7600936889648,1286.380084991455,1193.8400764465332,1250.9401016235352,1191.6800842285156,1172.8000755310059,Group: D,Group: C,Group: D vs Group: C,4,4,Blank_Blank_Blank
"[TG(56:13),TG(55:6)]_FA20:4",TAG,1406.1600875854492,1482.9800987243652,1447.980110168457,1495.4600982666016,1908.6601104736328,1939.340129852295,2608.64017868042,1637.6201095581055,1346.1401023864746,Group: D,Group: C,Group: D vs Group: C,4,4,Blank_Blank_Blank
"[TG(56:13),TG(55:6)]_FA22:5",TAG,1714.6001281738281,1558.7801246643066,1725.8801193237305,1579.8401107788086,1397.020107269287,1685.260139465332,1549.480110168457,1778.6801300048828,1376.3600959777832,Group: D,Group: C,Group: D vs Group: C,4,4,Blank_Blank_Blank
"[TG(56:13),TG(55:6)]_FA22:6",TAG,1580.040111541748,1600.7601051330566,1642.9601211547852,1671.6201133728027,1577.9201164245605,1598.5201110839844,1653.0801162719727,1499.1201133728027,1514.2401008605957,Group: D,Group: C,Group: D vs Group: C,4,4,Blank_Blank_Blank
[TG(56:6)]_FA14:0,TAG,1087.340087890625,999.1600723266602,974.4200668334961,973.6000747680664,1136.1400833129883,1081.720069885254,1071.940071105957,973.6000823974609,988.820068359375,Group: D,Group: C,Group: D vs Group: C,4,4,Blank_Blank_Blank
[TG(56:6)]_FA16:0,TAG,9560.860618591309,6357.900413513184,12164.821113586426,5642.120449066162,9817.120574951172,6163.180381774902,14480.26085281372,1992.5801162719727,1005.6400680541992,Group: D,Group: C,Group: D vs Group: C,4,4,Blank_Blank_Blank
[TG(56:6)]_FA16:1,TAG,1510.7601051330566,1821.6201286315918,1241.0400848388672,1346.9000854492188,1078.460075378418,2442.020160675049,2744.460193634033,2194.4201469421387,1059.5200729370117,Group: D,Group: C,Group: D vs Group: C,4,4,Blank_Blank_Blank
[TG(56:6)]_FA18:0,TAG,1344.8401069641113,1547.3601188659668,1245.3000869750977,2370.60018157959,1741.1201210021973,1663.1601448059082,5073.800277709961,1518.4400939941406,970.2400665283203,Group: D,Group: C,Group: D vs Group: C,4,4,Blank_Blank_Blank
[TG(56:6)]_FA18:1,TAG,7822.420650482178,3650.8002395629883,14947.781219482422,9411.620761871338,7832.720470428467,5877.560512542725,27750.18159866333,3882.180305480957,1101.6600761413574,Group: D,Group: C,Group: D vs Group: C,4,4,Blank_Blank_Blank
[TG(56:6)]_FA18:2,TAG,9599.040885925293,13561.340774536133,24524.422218322754,5855.040367126465,10957.140872955322,19300.881130218506,14836.061264038086,5134.500293731689,1128.7600746154785,Group: D,Group: C,Group: D vs Group: C,4,4,Blank_Blank_Blank
[TG(56:6)]_FA18:3,TAG,1541.8201179504395,1537.8401069641113,1945.5601539611816,2820.6002159118652,2101.500129699707,3035.680187225342,2457.8001823425293,1642.8801040649414,1197.1400833129883,Group: D,Group: C,Group: D vs Group: C,4,4,Blank_Blank_Blank
[TG(56:6)]_FA20:4,TAG,5026.100387573242,7651.920547485352,6017.60026550293,10583.120971679688,9798.040908813477,15374.660827636719,36509.28211975098,12335.700721740723,1348.260108947754,Group: D,Group: C,Group: D vs Group: C,4,4,Blank_Blank_Blank
[TG(56:6)]_FA22:5,TAG,9217.70051574707,10703.160957336426,15049.261241912842,6916.340488433838,5266.240440368652,7789.90055847168,17568.30143737793,15586.381034851074,1393.920093536377,Group: D,Group: C,Group: D vs Group: C,4,4,Blank_Blank_Blank
[TG(56:6)]_FA22:6,TAG,3224.4402618408203,2413.3001556396484,3995.180316925049,2079.5001525878906,2280.2001571655273,3058.1202430725098,5927.380485534668,2529.58016204834,1497.7401008605957,Group: D,Group: C,Group: D vs Group: C,4,4,Blank_Blank_Blank
"[TG(56:7),TG(55:0)]_FA14:0",TAG,1069.1000747680664,1008.3000717163086,1030.9000816345215,1038.4600715637207,1175.420078277588,1029.0600776672363,1069.6400756835938,1048.740062713623,1082.0800819396973,Group: D,Group: C,Group: D vs Group: C,4,4,Blank_Blank_Blank
"[TG(56:7),TG(55:0)]_FA16:0",TAG,11263.94080734253,7115.3206787109375,18012.261615753174,7528.420703887939,12432.140846252441,6977.180507659912,14279.641040802002,4647.240348815918,1058.0800743103027,Group: D,Group: C,Group: D vs Group: C,4,4,Blank_Blank_Blank
"[TG(56:7),TG(55:0)]_FA16:1",TAG,2485.960193634033,2367.1801948547363,2513.7001609802246,1356.3600997924805,1576.7601165771484,3296.140251159668,3986.6402893066406,3047.320171356201,1046.620059967041,Group: D,Group: C,Group: D vs Group: C,4,4,Blank_Blank_Blank
"[TG(56:7),TG(55:0)]_FA18:0",TAG,1067.240077972412,1250.5000953674316,1373.2601127624512,1027.1400871276855,968.5000762939453,1040.9400787353516,1434.020092010498,1029.800064086914,1025.5800743103027,Group: D,Group: C,Group: D vs Group: C,4,4,Blank_Blank_Blank
"[TG(56:7),TG(55:0)]_FA18:1",TAG,5180.820266723633,2709.4001808166504,9969.46070098877,6785.560302734375,6172.2204666137695,3907.600273132324,21919.101043701172,3020.4201583862305,1101.8600730895996,Group: D,Group: C,Group: D vs Group: C,4,4,Blank_Blank_Blank
"[TG(56:7),TG(55:0)]_FA18:2",TAG,11737.36107635498,14869.641204833984,28916.00159072876,7284.040451049805,13209.340782165527,21750.781936645508,18171.98119354248,5059.000392913818,1129.1800804138184,Group: D,Group: C,Group: D vs Group: C,4,4,Blank_Blank_Blank
"[TG(56:7),TG(55:0)]_FA18:3",TAG,1633.0601196289062,1614.0601196289062,1885.3401489257812,3557.4603233337402,2813.860179901123,3069.380229949951,2210.76016998291,1303.7600898742676,1172.3400688171387,Group: D,Group: C,Group: D vs Group: C,4,4,Blank_Blank_Blank
"[TG(56:7),TG(55:0)]_FA20:4",TAG,6692.540374755859,9836.18070602417,11373.760780334473,18099.56113052368,13629.901107788086,11878.22074508667,46953.144119262695,17222.041271209717,1266.6200904846191,Group: D,Group: C,Group: D vs Group: C,4,4,Blank_Blank_Blank
"[TG(56:7),TG(55:0)]_FA22:5",TAG,11361.080951690674,12001.320877075195,25207.561855316162,14498.540927886963,5466.800327301025,7676.520435333252,20787.581176757812,16462.02144241333,1375.7000923156738,Group: D,Group: C,Group: D vs Group: C,4,4,Blank_Blank_Blank
"[TG(56:7),TG(55:0)]_FA22:6",TAG,22002.18125152588,24089.261737823486,41179.94357299805,11948.921028137207,12018.400901794434,28107.28199005127,69058.94369888306,16682.780952453613,1588.200122833252,Group: D,Group: C,Group: D vs Group: C,4,4,Blank_Blank_Blank
"[TG(56:8),TG(55:1)]_FA14:0",TAG,1012.5200805664062,1003.9200782775879,997.8600692749023,990.7600784301758,990.7800750732422,1028.1400680541992,1022.320068359375,973.6600761413574,971.5400733947754,Group: D,Group: C,Group: D vs Group: C,4,4,Blank_Blank_Blank
"[TG(56:8),TG(55:1)]_FA16:0",TAG,6570.840347290039,4359.540279388428,13387.280826568604,7028.620452880859,7177.760551452637,3553.3802642822266,7706.220733642578,1588.5401000976562,969.180061340332,Group: D,Group: C,Group: D vs Group: C,4,4,Blank_Blank_Blank
"[TG(56:8),TG(55:1)]_FA16:1",TAG,2322.4801712036133,2178.840171813965,1763.6601104736328,1542.8401069641113,1434.720100402832,3525.960193634033,4274.320259094238,2835.260238647461,1083.8200721740723,Group: D,Group: C,Group: D vs Group: C,4,4,Blank_Blank_Blank
"[TG(56:8),TG(55:1)]_FA18:0",TAG,982.2000732421875,1089.2800750732422,1051.1400833129883,1029.6600875854492,1038.3000831604004,969.4400634765625,1174.4400787353516,997.1000671386719,1023.9400634765625,Group: D,Group: C,Group: D vs Group: C,4,4,Blank_Blank_Blank
"[TG(56:8),TG(55:1)]_FA18:1",TAG,1713.4201126098633,1520.020107269287,2472.6002082824707,2278.4601707458496,2251.180191040039,1438.280101776123,4447.160350799561,1444.8601188659668,1053.4400672912598,Group: D,Group: C,Group: D vs Group: C,4,4,Blank_Blank_Blank
"[TG(56:8),TG(55:1)]_FA18:2",TAG,7011.0003662109375,8358.04061126709,17565.78085708618,5882.120555877686,8178.1205406188965,13083.661235809326,12724.501083374023,3232.000213623047,1169.2600746154785,Group: D,Group: C,Group: D vs Group: C,4,4,Blank_Blank_Blank
"[TG(56:8),TG(55:1)]_FA18:3",TAG,1500.6200942993164,1572.3000946044922,1495.6801109313965,2728.460235595703,2587.5201568603516,2509.3402099609375,2306.6401596069336,1171.740089416504,1172.2600746154785,Group: D,Group: C,Group: D vs Group: C,4,4,Blank_Blank_Blank
"[TG(56:8),TG(55:1)]_FA20:4",TAG,3250.7602348327637,4518.480392456055,5892.280406951904,10836.240509033203,7223.020439147949,8121.460678100586,16142.621063232422,6193.6404457092285,1279.1800842285156,Group: D,Group: C,Group: D vs Group: C,4,4,Blank_Blank_Blank
"[TG(56:8),TG(55:1)]_FA22:5",TAG,2736.580150604248,3186.9602432250977,4749.060230255127,4184.960262298584,2368.1801795959473,2814.000217437744,4664.320339202881,4393.280353546143,1375.5000915527344,Group: D,Group: C,Group: D vs Group: C,4,4,Blank_Blank_Blank
"[TG(56:8),TG(55:1)]_FA22:6",TAG,25454.201557159424,27890.722076416016,54149.28522491455,21660.18176651001,14927.360801696777,31533.781883239746,66410.26453018188,18396.48126602173,1524.2201118469238,Group: D,Group: C,Group: D vs Group: C,4,4,Blank_Blank_Blank
"[TG(56:9),TG(55:2)]_FA14:0",TAG,973.6600761413574,993.8200798034668,992.8000717163086,973.4600715637207,995.0800666809082,983.1000671386719,978.8800773620605,973.6400680541992,970.4600639343262,Group: D,Group: C,Group: D vs Group: C,4,4,Blank_Blank_Blank
"[TG(56:9),TG(55:2)]_FA16:0",TAG,1761.3601112365723,1294.5200805664062,1757.6401252746582,1257.3800811767578,1091.6600799560547,1242.620101928711,1501.4601020812988,1206.5400733947754,969.8000717163086,Group: D,Group: C,Group: D vs Group: C,4,4,Blank_Blank_Blank
"[TG(56:9),TG(55:2)]_FA16:1",TAG,1482.3401069641113,1898.3201293945312,1756.6801300048828,1897.0401496887207,1255.1401023864746,2133.8001289367676,2666.7202224731445,2604.0001907348633,1146.9600791931152,Group: D,Group: C,Group: D vs Group: C,4,4,Blank_Blank_Blank
"[TG(56:9),TG(55:2)]_FA18:0",TAG,1087.3400802612305,1121.3200721740723,1026.7600708007812,1079.3400802612305,1025.6800727844238,998.2200660705566,1458.360122680664,972.9800643920898,1032.3400802612305,Group: D,Group: C,Group: D vs Group: C,4,4,Blank_Blank_Blank
"[TG(56:9),TG(55:2)]_FA18:1",TAG,1431.8400917053223,1159.7600860595703,1397.8200912475586,1471.780101776123,1595.2201309204102,1081.0800819396973,1923.7001152038574,1141.020076751709,1178.4800834655762,Group: D,Group: C,Group: D vs Group: C,4,4,Blank_Blank_Blank
"[TG(56:9),TG(55:2)]_FA18:2",TAG,2126.7801475524902,2890.920223236084,3402.0002822875977,2079.920150756836,2850.880195617676,3131.400230407715,3503.2802543640137,1825.1801223754883,1175.0000801086426,Group: D,Group: C,Group: D vs Group: C,4,4,Blank_Blank_Blank
"[TG(56:9),TG(55:2)]_FA18:3",TAG,1197.3400764465332,1262.580078125,1412.2800903320312,2094.1001319885254,1947.3201293945312,2301.620143890381,2193.7801475524902,1223.6200790405273,1171.7000770568848,Group: D,Group: C,Group: D vs Group: C,4,4,Blank_Blank_Blank
"[TG(56:9),TG(55:2)]_FA20:4",TAG,1603.3201293945312,1400.920108795166,1950.3001441955566,2931.8401985168457,2109.040153503418,1734.520118713379,3357.2002182006836,1381.1600952148438,1246.8000869750977,Group: D,Group: C,Group: D vs Group: C,4,4,Blank_Blank_Blank
"[TG(56:9),TG(55:2)]_FA22:5",TAG,1447.9601097106934,1421.3600997924805,1616.800106048584,1453.0200996398926,1409.1601066589355,1450.6801109313965,1503.60009765625,1438.2801132202148,1381.040111541748,Group: D,Group: C,Group: D vs Group: C,4,4,Blank_Blank_Blank
"[TG(56:9),TG(55:2)]_FA22:6",TAG,5702.120349884033,6322.700286865234,9295.52082824707,5226.660293579102,4045.9603309631348,6298.320598602295,14463.741188049316,4417.660243988037,1536.860107421875,Group: D,Group: C,Group: D vs Group: C,4,4,Blank_Blank_Blank
"[TG(57:10),TG(56:3)]_FA14:0",TAG,1012.8400688171387,982.1800765991211,974.9400672912598,1012.380069732666,970.6200637817383,970.460075378418,1039.1800689697266,973.1600723266602,970.7600746154785,Group: D,Group: C,Group: D vs Group: C,4,4,Blank_Blank_Blank
"[TG(57:10),TG(56:3)]_FA16:0",TAG,2822.860149383545,2148.980125427246,2776.3001708984375,2097.920135498047,2800.6602058410645,1922.0001258850098,2692.220188140869,1518.4201164245605,969.6600761413574,Group: D,Group: C,Group: D vs Group: C,4,4,Blank_Blank_Blank
"[TG(57:10),TG(56:3)]_FA16:1",TAG,1416.8001174926758,1317.300090789795,1153.260066986084,1164.7800827026367,1094.8400764465332,1654.5601234436035,1135.0400733947754,1466.340103149414,1065.6400604248047,Group: D,Group: C,Group: D vs Group: C,4,4,Blank_Blank_Blank
"[TG(57:10),TG(56:3)]_FA18:0",TAG,1255.4800834655762,2230.0401458740234,3041.620258331299,1052.420066833496,1587.4401016235352,1497.1001167297363,5019.16036605835,1880.420108795166,969.9000625610352,Group: D,Group: C,Group: D vs Group: C,4,4,Blank_Blank_Blank
"[TG(57:10),TG(56:3)]_FA18:1",TAG,6809.980373382568,3314.6602630615234,11343.380973815918,6314.7605056762695,7526.000465393066,4996.520286560059,4597.860279083252,7044.280422210693,1126.9000778198242,Group: D,Group: C,Group: D vs Group: C,4,4,Blank_Blank_Blank
"[TG(57:10),TG(56:3)]_FA18:2",TAG,4889.780372619629,5469.9404296875,7009.800441741943,2010.5601272583008,4559.260257720947,8203.78044128418,5158.640384674072,2089.240146636963,1129.4200744628906,Group: D,Group: C,Group: D vs Group: C,4,4,Blank_Blank_Blank
"[TG(57:10),TG(56:3)]_FA18:3",TAG,1203.0400848388672,1241.200080871582,1184.9400825500488,1185.6200828552246,1188.8400917053223,1233.5400848388672,1184.9000778198242,1198.0200843811035,1171.8600730895996,Group: D,Group: C,Group: D vs Group: C,4,4,Blank_Blank_Blank
"[TG(57:10),TG(56:3)]_FA20:4",TAG,1248.0800971984863,1304.4600982666016,1319.4200897216797,1392.6800918579102,1294.2600898742676,1284.440097808838,1397.4001007080078,1267.1200942993164,1247.0400886535645,Group: D,Group: C,Group: D vs Group: C,4,4,Blank_Blank_Blank
"[TG(57:10),TG(56:3)]_FA22:5",TAG,1408.040096282959,1390.9201011657715,1374.8800926208496,1378.5401000976562,1374.2800941467285,1374.5400924682617,1377.0801086425781,1380.6800918579102,1376.360092163086,Group: D,Group: C,Group: D vs Group: C,4,4,Blank_Blank_Blank
"[TG(57:10),TG(56:3)]_FA22:6",TAG,1565.2801094055176,1552.2000999450684,1671.2201080322266,1499.460105895996,1548.7601051330566,1544.8201141357422,1501.2001037597656,1499.6201210021973,1505.7401123046875,Group: D,Group: C,Group: D vs Group: C,4,4,Blank_Blank_Blank
"[TG(57:11),TG(56:4)]_FA14:0",TAG,972.7800674438477,1009.8600692749023,992.6800651550293,973.8800735473633,992.1400680541992,970.1200675964355,1005.3000602722168,984.2800750732422,990.7600746154785,Group: D,Group: C,Group: D vs Group: C,4,4,Blank_Blank_Blank
"[TG(57:11),TG(56:4)]_FA16:0",TAG,2809.2002143859863,2285.8001708984375,2934.400173187256,1718.060131072998,2858.040214538574,1660.900104522705,2817.68021774292,1108.1800804138184,1014.9400749206543,Group: D,Group: C,Group: D vs Group: C,4,4,Blank_Blank_Blank
"[TG(57:11),TG(56:4)]_FA16:1",TAG,1241.160083770752,1456.6400985717773,1173.3800811767578,1145.3400840759277,1216.3800735473633,1674.460117340088,1377.9000968933105,1648.720127105713,1050.3600807189941,Group: D,Group: C,Group: D vs Group: C,4,4,Blank_Blank_Blank
"[TG(57:11),TG(56:4)]_FA18:0",TAG,1561.000114440918,2517.480155944824,2126.8201293945312,1721.2601356506348,1721.0201301574707,2344.200126647949,6479.600494384766,2238.8001441955566,1039.5000801086426,Group: D,Group: C,Group: D vs Group: C,4,4,Blank_Blank_Blank
"[TG(57:11),TG(56:4)]_FA18:1",TAG,8479.840503692627,3737.0802268981934,16198.041305541992,10040.080657958984,8551.120544433594,6520.3404541015625,29880.961277008057,5184.680271148682,1135.2000732421875,Group: D,Group: C,Group: D vs Group: C,4,4,Blank_Blank_Blank
"[TG(57:11),TG(56:4)]_FA18:2",TAG,9197.960666656494,13078.600849151611,18371.721015930176,4290.6403160095215,11482.960918426514,18819.761554718018,14384.98136138916,5968.200378417969,1208.2000770568848,Group: D,Group: C,Group: D vs Group: C,4,4,Blank_Blank_Blank
"[TG(57:11),TG(56:4)]_FA18:3",TAG,1228.8600845336914,1417.16011428833,1414.9800987243652,1645.7201309204102,1601.260108947754,1885.8601264953613,1716.9401321411133,1247.760082244873,1172.1800842285156,Group: D,Group: C,Group: D vs Group: C,4,4,Blank_Blank_Blank
"[TG(57:11),TG(56:4)]_FA20:4",TAG,1479.060115814209,1636.7201232910156,1423.900104522705,1764.0801124572754,1799.200107574463,1844.2601280212402,2284.460163116455,1866.3001174926758,1246.8800888061523,Group: D,Group: C,Group: D vs Group: C,4,4,Blank_Blank_Blank
"[TG(57:11),TG(56:4)]_FA22:5",TAG,1438.680103302002,1421.8400955200195,1513.4801177978516,1508.3601112365723,1377.7400970458984,1413.200096130371,1443.5801048278809,1508.1000900268555,1375.3000984191895,Group: D,Group: C,Group: D vs Group: C,4,4,Blank_Blank_Blank
"[TG(57:11),TG(56:4)]_FA22:6",TAG,1519.700107574463,1498.3601036071777,1529.2201080322266,1498.0801048278809,1518.5401000976562,1496.0001068115234,1508.6401100158691,1499.5200996398926,1572.9201164245605,Group: D,Group: C,Group: D vs Group: C,4,4,Blank_Blank_Blank
"[TG(57:12),TG(56:5)]_FA14:0",TAG,1011.2200775146484,992.520076751709,996.9600715637207,973.760066986084,983.0600738525391,1014.8400764465332,1027.1400756835938,1013.4600715637207,970.4600639343262,Group: D,Group: C,Group: D vs Group: C,4,4,Blank_Blank_Blank
"[TG(57:12),TG(56:5)]_FA16:0",TAG,2856.5002479553223,3594.580307006836,6451.600605010986,2597.3801803588867,4947.980369567871,3215.20023727417,5676.68030166626,1515.3000869750977,969.4400596618652,Group: D,Group: C,Group: D vs Group: C,4,4,Blank_Blank_Blank
"[TG(57:12),TG(56:5)]_FA16:1",TAG,1341.0200843811035,1129.0800743103027,1236.0000839233398,1092.3200759887695,1133.0400886535645,1057.9800758361816,1415.3800926208496,1360.1400909423828,1071.8000831604004,Group: D,Group: C,Group: D vs Group: C,4,4,Blank_Blank_Blank
"[TG(57:12),TG(56:5)]_FA18:0",TAG,1290.7600784301758,2636.8001670837402,3705.420238494873,1678.0401153564453,1571.3001136779785,1934.1801376342773,7490.480373382568,2377.8601722717285,982.9400749206543,Group: D,Group: C,Group: D vs Group: C,4,4,Blank_Blank_Blank
"[TG(57:12),TG(56:5)]_FA18:1",TAG,7386.98059463501,4617.32039642334,15088.360828399658,8356.820766448975,8192.400409698486,6132.240604400635,25764.981761932373,4038.2202529907227,1077.7600746154785,Group: D,Group: C,Group: D vs Group: C,4,4,Blank_Blank_Blank
"[TG(57:12),TG(56:5)]_FA18:2",TAG,8286.64073562622,11812.260990142822,23487.062286376953,6108.020275115967,12698.300598144531,18469.60154724121,12271.461032867432,6285.320568084717,1191.3600845336914,Group: D,Group: C,Group: D vs Group: C,4,4,Blank_Blank_Blank
"[TG(57:12),TG(56:5)]_FA18:3",TAG,1427.8400917053223,1470.7601051330566,1691.900131225586,2716.280158996582,1730.4801177978516,2650.5202026367188,2297.780170440674,1327.5800971984863,1211.0600891113281,Group: D,Group: C,Group: D vs Group: C,4,4,Blank_Blank_Blank
"[TG(57:12),TG(56:5)]_FA20:4",TAG,3173.7002143859863,3185.5801582336426,3903.3803215026855,4863.940288543701,5836.920364379883,6528.600551605225,14313.800994873047,4971.240455627441,1247.14009475708,Group: D,Group: C,Group: D vs Group: C,4,4,Blank_Blank_Blank
"[TG(57:12),TG(56:5)]_FA22:5",TAG,1818.5401229858398,2303.340187072754,2807.2401847839355,1843.4201354980469,1736.9801292419434,1805.08012008667,2794.5202255249023,2766.3401832580566,1423.3801002502441,Group: D,Group: C,Group: D vs Group: C,4,4,Blank_Blank_Blank
"[TG(57:12),TG(56:5)]_FA22:6",TAG,1573.7601203918457,1544.4801177978516,1525.3401107788086,1497.9801063537598,1537.1801109313965,1527.4401168823242,1578.1601181030273,1520.5001068115234,1582.220115661621,Group: D,Group: C,Group: D vs Group: C,4,4,Blank_Blank_Blank
"[TG(57:8),TG(56:1)]_FA14:0",TAG,1015.4200744628906,1052.9600715637207,1017.440071105957,1015.6400680541992,1013.380069732666,1045.9800720214844,1036.3000717163086,1016.7000732421875,1058.3000755310059,Group: D,Group: C,Group: D vs Group: C,4,4,Blank_Blank_Blank
"[TG(57:8),TG(56:1)]_FA16:0",TAG,1630.1601219177246,1326.3000946044922,1131.320083618164,1145.3200798034668,1312.2000999450684,1285.6800994873047,1072.6800804138184,1164.1600875854492,1061.240062713623,Group: D,Group: C,Group: D vs Group: C,4,4,Blank_Blank_Blank
"[TG(57:8),TG(56:1)]_FA16:1",TAG,1142.04008102417,1077.6400718688965,1162.7800903320312,1057.6400756835938,1052.1200675964355,1089.6800804138184,1182.740077972412,1155.200080871582,1080.3000869750977,Group: D,Group: C,Group: D vs Group: C,4,4,Blank_Blank_Blank
"[TG(57:8),TG(56:1)]_FA18:0",TAG,1152.3000793457031,1267.940086364746,1194.4200859069824,1124.4600830078125,1099.600082397461,1078.54008102417,1639.040111541748,1031.480068206787,1011.460075378418,Group: D,Group: C,Group: D vs Group: C,4,4,Blank_Blank_Blank
"[TG(57:8),TG(56:1)]_FA18:1",TAG,1215.5000801086426,1286.9400901794434,1293.60009765625,1217.800090789795,1289.1200714111328,1089.5400733947754,2256.1201248168945,1249.660068511963,1135.2000770568848,Group: D,Group: C,Group: D vs Group: C,4,4,Blank_Blank_Blank
"[TG(57:8),TG(56:1)]_FA18:2",TAG,1390.000087738037,1459.840103149414,1590.980094909668,1229.420093536377,1442.120101928711,1458.1601028442383,1250.9000778198242,1174.4200859069824,1129.1000709533691,Group: D,Group: C,Group: D vs Group: C,4,4,Blank_Blank_Blank
"[TG(57:8),TG(56:1)]_FA18:3",TAG,1167.560073852539,1188.4800872802734,1167.9200820922852,1394.0400924682617,1197.7200775146484,1269.6600875854492,1234.100082397461,1239.5800895690918,1172.8800811767578,Group: D,Group: C,Group: D vs Group: C,4,4,Blank_Blank_Blank
"[TG(57:8),TG(56:1)]_FA20:4",TAG,1290.1200981140137,1249.2600898742676,1293.3800888061523,1270.4200897216797,1252.0600852966309,1253.3200912475586,1290.06010055542,1276.6800804138184,1246.6400985717773,Group: D,Group: C,Group: D vs Group: C,4,4,Blank_Blank_Blank
"[TG(57:8),TG(56:1)]_FA22:5",TAG,1431.4600982666016,1582.1401176452637,1636.1001167297363,1516.5401039123535,1374.500087738037,1484.9801025390625,1518.1001167297363,1508.0201148986816,1398.3200988769531,Group: D,Group: C,Group: D vs Group: C,4,4,Blank_Blank_Blank
"[TG(57:8),TG(56:1)]_FA22:6",TAG,1887.6401176452637,1911.2201309204102,2637.4402084350586,1616.980110168457,1835.8601341247559,2115.7801551818848,2225.5601501464844,1766.780128479004,1514.6201171875,Group: D,Group: C,Group: D vs Group: C,4,4,Blank_Blank_Blank
"[TG(57:9),TG(56:2)]_FA14:0",TAG,972.460075378418,1042.1000747680664,974.2200698852539,1057.9200744628906,1043.4600830078125,970.9400672912598,1040.3600730895996,973.3000679016113,970.6400680541992,Group: D,Group: C,Group: D vs Group: C,4,4,Blank_Blank_Blank
"[TG(57:9),TG(56:2)]_FA16:0",TAG,2154.9201698303223,1887.8201446533203,1883.6601181030273,1198.0600662231445,2575.020149230957,1661.8800964355469,2390.5401496887207,1167.2400932312012,969.8200721740723,Group: D,Group: C,Group: D vs Group: C,4,4,Blank_Blank_Blank
"[TG(57:9),TG(56:2)]_FA16:1",TAG,1113.7800750732422,1205.8800811767578,1068.4200706481934,1165.7600784301758,1111.0000686645508,1264.080093383789,1111.780071258545,1161.940086364746,1101.6800651550293,Group: D,Group: C,Group: D vs Group: C,4,4,Blank_Blank_Blank
"[TG(57:9),TG(56:2)]_FA18:0",TAG,1165.020076751709,1799.0801162719727,1213.0800819396973,1156.8600769042969,1222.8801040649414,1422.360092163086,3397.36030960083,1741.6401329040527,969.0800666809082,Group: D,Group: C,Group: D vs Group: C,4,4,Blank_Blank_Blank
"[TG(57:9),TG(56:2)]_FA18:1",TAG,3126.0202865600586,2073.520107269287,3876.4802856445312,2182.7601203918457,3076.1002044677734,1875.7001304626465,11060.8207321167,1832.3801345825195,1054.0000762939453,Group: D,Group: C,Group: D vs Group: C,4,4,Blank_Blank_Blank
"[TG(57:9),TG(56:2)]_FA18:2",TAG,1595.0401153564453,1683.68013381958,1918.7801094055176,1225.340087890625,1212.9600868225098,1732.8601303100586,1889.3001327514648,1190.760082244873,1157.4000816345215,Group: D,Group: C,Group: D vs Group: C,4,4,Blank_Blank_Blank
"[TG(57:9),TG(56:2)]_FA18:3",TAG,1166.8200950622559,1167.9800834655762,1168.5600814819336,1169.5400886535645,1249.7800827026367,1210.020092010498,1172.4600830078125,1172.4000854492188,1171.6000709533691,Group: D,Group: C,Group: D vs Group: C,4,4,Blank_Blank_Blank
"[TG(57:9),TG(56:2)]_FA20:4",TAG,1248.3600959777832,1289.240089416504,1249.580093383789,1335.0200958251953,1278.500087738037,1291.3400802612305,1373.760097503662,1300.4001121520996,1247.4400901794434,Group: D,Group: C,Group: D vs Group: C,4,4,Blank_Blank_Blank
"[TG(57:9),TG(56:2)]_FA22:5",TAG,1474.2201080322266,1520.000099182129,1375.5001068115234,1444.740089416504,1381.1200828552246,1376.6600914001465,1391.1601066589355,1474.3001136779785,1435.440113067627,Group: D,Group: C,Group: D vs Group: C,4,4,Blank_Blank_Blank
"[TG(57:9),TG(56:2)]_FA22:6",TAG,1926.9601402282715,1842.1001434326172,1954.260139465332,1755.0601234436035,1617.2601013183594,1676.4801216125488,1528.2201042175293,1544.0801162719727,1518.0600967407227,Group: D,Group: C,Group: D vs Group: C,4,4,Blank_Blank_Blank
"[TG(58:10),TG(57:3)]_FA14:0",TAG,1044.0000686645508,1016.1800689697266,1017.7600746154785,1015.7800788879395,1012.4800758361816,1032.1000709533691,1028.5000686645508,1049.9200744628906,1013.3000793457031,Group: D,Group: C,Group: D vs Group: C,4,4,Blank_Blank_Blank
"[TG(58:10),TG(57:3)]_FA16:0",TAG,1087.3000679016113,1076.9200859069824,1081.8000679016113,1067.6400756835938,1198.1800994873047,1023.2800636291504,1137.1400833129883,1039.8400650024414,1011.6000709533691,Group: D,Group: C,Group: D vs Group: C,4,4,Blank_Blank_Blank
"[TG(58:10),TG(57:3)]_FA16:1",TAG,1089.7600708007812,1064.9800720214844,1108.5800819396973,1054.3800659179688,1084.6200828552246,1170.9800720214844,1051.7800674438477,1095.9000816345215,1047.4800643920898,Group: D,Group: C,Group: D vs Group: C,4,4,Blank_Blank_Blank
"[TG(58:10),TG(57:3)]_FA18:0",TAG,1045.3600769042969,1017.8000679016113,1062.5200729370117,1067.2600746154785,1011.2400665283203,1031.4800720214844,1031.940071105957,1015.1400756835938,1012.4800682067871,Group: D,Group: C,Group: D vs Group: C,4,4,Blank_Blank_Blank
"[TG(58:10),TG(57:3)]_FA18:1",TAG,1182.900089263916,1048.440071105957,1344.840103149414,1178.840072631836,1171.2200736999512,1054.7800598144531,1271.8400840759277,1159.0800743103027,1053.460060119629,Group: D,Group: C,Group: D vs Group: C,4,4,Blank_Blank_Blank
"[TG(58:10),TG(57:3)]_FA18:2",TAG,2392.060146331787,2161.2401580810547,4445.080310821533,2648.6201820373535,2521.8202171325684,3668.8802337646484,3163.500156402588,1774.8001327514648,1301.1600799560547,Group: D,Group: C,Group: D vs Group: C,4,4,Blank_Blank_Blank
"[TG(58:10),TG(57:3)]_FA18:3",TAG,1323.2600898742676,1406.480094909668,1336.2800979614258,1687.6001167297363,1216.7400817871094,1675.5401153564453,1533.000114440918,1484.6001014709473,1171.3200759887695,Group: D,Group: C,Group: D vs Group: C,4,4,Blank_Blank_Blank
"[TG(58:10),TG(57:3)]_FA20:4",TAG,1583.4201126098633,1665.0601119995117,1888.62015914917,2276.680187225342,1490.6601181030273,2434.7601623535156,3777.320255279541,2211.2401580810547,1247.9800910949707,Group: D,Group: C,Group: D vs Group: C,4,4,Blank_Blank_Blank
"[TG(58:10),TG(57:3)]_FA22:5",TAG,1686.0401344299316,1674.740135192871,2086.840145111084,1680.6401176452637,1600.4801139831543,1458.7800979614258,1846.8401145935059,2031.4401550292969,1376.7401008605957,Group: D,Group: C,Group: D vs Group: C,4,4,Blank_Blank_Blank
"[TG(58:10),TG(57:3)]_FA22:6",TAG,5826.780437469482,6951.280662536621,16555.980949401855,6376.260536193848,3724.6402702331543,6101.520393371582,8501.460590362549,3566.3402671813965,1546.0001106262207,Group: D,Group: C,Group: D vs Group: C,4,4,Blank_Blank_Blank
"[TG(58:11),TG(57:4)]_FA14:0",TAG,1015.2200775146484,1015.9600791931152,1017.3800735473633,1049.3200798034668,1059.760082244873,1012.4800758361816,1041.460075378418,1016.8200645446777,1012.8800621032715,Group: D,Group: C,Group: D vs Group: C,4,4,Blank_Blank_Blank
"[TG(58:11),TG(57:4)]_FA16:0",TAG,1044.2200775146484,1063.6400718688965,1032.9600677490234,1032.8800621032715,1014.0200653076172,1016.2800636291504,1060.180076599121,1039.9200706481934,1011.4400749206543,Group: D,Group: C,Group: D vs Group: C,4,4,Blank_Blank_Blank
"[TG(58:11),TG(57:4)]_FA16:1",TAG,1052.3600769042969,1085.8800735473633,1046.12007522583,1055.1600723266602,1050.9000701904297,1053.0200653076172,1083.7800788879395,1074.3400688171387,1048.240077972412,Group: D,Group: C,Group: D vs Group: C,4,4,Blank_Blank_Blank
"[TG(58:11),TG(57:4)]_FA18:0",TAG,1012.9600715637207,1058.640079498291,1012.6200675964355,1017.940071105957,1016.8800659179688,1036.0600624084473,1034.380069732666,1043.8600730895996,1011.7800712585449,Group: D,Group: C,Group: D vs Group: C,4,4,Blank_Blank_Blank
"[TG(58:11),TG(57:4)]_FA18:1",TAG,1166.600082397461,1068.4600715637207,1153.4200820922852,1098.7200775146484,1265.6200866699219,1088.5400772094727,1298.7000732421875,1148.520076751709,1116.680076599121,Group: D,Group: C,Group: D vs Group: C,4,4,Blank_Blank_Blank
"[TG(58:11),TG(57:4)]_FA18:2",TAG,1293.5601043701172,1762.3401184082031,1712.9401206970215,1221.900089263916,1317.3000831604004,1662.2201232910156,1737.880111694336,1197.320083618164,1129.0400733947754,Group: D,Group: C,Group: D vs Group: C,4,4,Blank_Blank_Blank
"[TG(58:11),TG(57:4)]_FA18:3",TAG,1182.6800842285156,1236.240089416504,1405.0201148986816,2243.940174102783,1248.4400825500488,1422.0601081848145,1500.4800910949707,1295.7200927734375,1172.3800773620605,Group: D,Group: C,Group: D vs Group: C,4,4,Blank_Blank_Blank
"[TG(58:11),TG(57:4)]_FA20:4",TAG,1351.5401039123535,1375.8600997924805,1359.8400955200195,1402.5600967407227,1332.2800903320312,1392.180103302002,1710.460117340088,1386.400089263916,1270.4800872802734,Group: D,Group: C,Group: D vs Group: C,4,4,Blank_Blank_Blank
"[TG(58:11),TG(57:4)]_FA22:5",TAG,1398.700096130371,1373.420108795166,1444.8200950622559,1422.8400955200195,1374.6200866699219,1373.780117034912,1457.9401016235352,1380.1600914001465,1375.6601028442383,Group: D,Group: C,Group: D vs Group: C,4,4,Blank_Blank_Blank
"[TG(58:11),TG(57:4)]_FA22:6",TAG,2214.2601356506348,2823.1002044677734,3816.9201889038086,2430.3001441955566,1843.0401420593262,2441.8601684570312,2917.700252532959,1857.9401359558105,1511.900104522705,Group: D,Group: C,Group: D vs Group: C,4,4,Blank_Blank_Blank
"[TG(58:12),TG(57:5)]_FA14:0",TAG,1014.6000671386719,1016.1800765991211,1028.7800750732422,1047.7600784301758,1053.840072631836,1011.900074005127,1013.1600646972656,1016.5600738525391,1029.4200820922852,Group: D,Group: C,Group: D vs Group: C,4,4,Blank_Blank_Blank
"[TG(58:12),TG(57:5)]_FA16:0",TAG,1034.8800735473633,1028.800064086914,1041.3600769042969,1090.5400733947754,1064.0200729370117,1066.0800704956055,1036.8400611877441,1036.4800720214844,1011.5400733947754,Group: D,Group: C,Group: D vs Group: C,4,4,Blank_Blank_Blank
"[TG(58:12),TG(57:5)]_FA16:1",TAG,1052.3000831604004,1049.200080871582,1046.4000778198242,1053.8600769042969,1079.9600868225098,1068.8600692749023,1052.2200736999512,1119.0000686645508,1066.0800704956055,Group: D,Group: C,Group: D vs Group: C,4,4,Blank_Blank_Blank
"[TG(58:12),TG(57:5)]_FA18:0",TAG,1013.0400657653809,1064.980079650879,1018.2000694274902,1016.3000755310059,1010.6400680541992,1075.3600959777832,1111.1400833129883,1071.5800743103027,1026.1200714111328,Group: D,Group: C,Group: D vs Group: C,4,4,Blank_Blank_Blank
"[TG(58:12),TG(57:5)]_FA18:1",TAG,1085.460075378418,1056.62007522583,1164.1000862121582,1174.8800811767578,1085.2600708007812,1091.2000770568848,1270.2600860595703,1050.1400718688965,1054.340072631836,Group: D,Group: C,Group: D vs Group: C,4,4,Blank_Blank_Blank
"[TG(58:12),TG(57:5)]_FA18:2",TAG,1394.000087738037,1305.5801010131836,1452.0400886535645,1243.9000816345215,1215.380084991455,1195.7400856018066,1240.740077972412,1127.0000801086426,1129.6400680541992,Group: D,Group: C,Group: D vs Group: C,4,4,Blank_Blank_Blank
"[TG(58:12),TG(57:5)]_FA18:3",TAG,1167.7200813293457,1194.6800727844238,1189.0600814819336,1255.440086364746,1220.0800857543945,1176.320083618164,1308.1000900268555,1172.140079498291,1193.0400848388672,Group: D,Group: C,Group: D vs Group: C,4,4,Blank_Blank_Blank
"[TG(58:12),TG(57:5)]_FA20:4",TAG,1297.220085144043,1308.1000900268555,1284.5000801086426,1333.7400970458984,1256.660083770752,1403.2400970458984,1479.1001052856445,1430.960090637207,1250.14009475708,Group: D,Group: C,Group: D vs Group: C,4,4,Blank_Blank_Blank
"[TG(58:12),TG(57:5)]_FA22:5",TAG,1398.040096282959,1380.8200912475586,1411.760097503662,1378.220100402832,1375.7400856018066,1408.0000953674316,1376.260097503662,1419.9201011657715,1376.4400825500488,Group: D,Group: C,Group: D vs Group: C,4,4,Blank_Blank_Blank
"[TG(58:12),TG(57:5)]_FA22:6",TAG,1621.9401168823242,1552.5801010131836,1630.3401222229004,1517.1401176452637,1513.9601020812988,1493.3401145935059,1600.9601211547852,1577.3001022338867,1537.0001106262207,Group: D,Group: C,Group: D vs Group: C,4,4,Blank_Blank_Blank
"[TG(58:13),TG(57:6)]_FA14:0",TAG,1014.900074005127,1016.3400726318359,1017.080078125,1069.2000846862793,1021.5000801086426,1015.9600791931152,1014.7200698852539,1016.7000732421875,1012.960075378418,Group: D,Group: C,Group: D vs Group: C,4,4,Blank_Blank_Blank
"[TG(58:13),TG(57:6)]_FA16:0",TAG,1103.0000839233398,1071.2400703430176,1073.8200759887695,1065.2200775146484,1092.900074005127,1042.9000778198242,1188.0600929260254,1003.620059967041,1011.3400764465332,Group: D,Group: C,Group: D vs Group: C,4,4,Blank_Blank_Blank
"[TG(58:13),TG(57:6)]_FA16:1",TAG,1051.780071258545,1046.5200729370117,1046.2600746154785,1085.0000762939453,1051.6000747680664,1071.9000701904297,1052.160068511963,1050.5400733947754,1048.0400733947754,Group: D,Group: C,Group: D vs Group: C,4,4,Blank_Blank_Blank
"[TG(58:13),TG(57:6)]_FA18:0",TAG,1013.9000701904297,1045.0400772094727,1078.12007522583,1017.0800819396973,1009.8800811767578,1011.7200775146484,1011.2800712585449,1015.4400749206543,1011.3800621032715,Group: D,Group: C,Group: D vs Group: C,4,4,Blank_Blank_Blank
"[TG(58:13),TG(57:6)]_FA18:1",TAG,1078.9000816345215,1049.2800674438477,1142.8800773620605,1047.900074005127,1047.0600700378418,1047.3800811767578,1248.7600936889648,1137.3800926208496,1054.4400787353516,Group: D,Group: C,Group: D vs Group: C,4,4,Blank_Blank_Blank
"[TG(58:13),TG(57:6)]_FA18:2",TAG,1219.9000854492188,1188.9400825500488,1460.0800895690918,1128.7800827026367,1326.520092010498,1210.740089416504,1288.9200973510742,1127.3800773620605,1156.3800773620605,Group: D,Group: C,Group: D vs Group: C,4,4,Blank_Blank_Blank
"[TG(58:13),TG(57:6)]_FA18:3",TAG,1181.2200813293457,1168.2200813293457,1168.0600929260254,1210.1600914001465,1169.6000709533691,1190.1800804138184,1173.2200660705566,1171.8400802612305,1172.5800743103027,Group: D,Group: C,Group: D vs Group: C,4,4,Blank_Blank_Blank
"[TG(58:13),TG(57:6)]_FA20:4",TAG,1247.8200874328613,1300.6400985717773,1294.8200874328613,1446.9400939941406,1349.840103149414,1415.8000946044922,1271.2000923156738,1424.2201042175293,1303.3801040649414,Group: D,Group: C,Group: D vs Group: C,4,4,Blank_Blank_Blank
"[TG(58:13),TG(57:6)]_FA22:5",TAG,1397.6001052856445,1391.7200965881348,1626.5001106262207,1379.3200912475586,1431.900104522705,1403.4401054382324,1534.0400924682617,1535.380111694336,1375.4801063537598,Group: D,Group: C,Group: D vs Group: C,4,4,Blank_Blank_Blank
"[TG(58:13),TG(57:6)]_FA22:6",TAG,1578.1801223754883,1620.3401069641113,1617.8601150512695,1499.3201026916504,1550.1001052856445,1597.2201232910156,1518.6601066589355,1499.3801040649414,1497.2201118469238,Group: D,Group: C,Group: D vs Group: C,4,4,Blank_Blank_Blank
"[TG(58:14),TG(57:7),TG(56:0)]_FA14:0",TAG,1072.1600799560547,1020.2400779724121,1084.1200790405273,1055.9400749206543,1162.6400871276855,1039.660068511963,1037.9400749206543,1049.8600807189941,1050.1400604248047,Group: D,Group: C,Group: D vs Group: C,4,4,Blank_Blank_Blank
"[TG(58:14),TG(57:7),TG(56:0)]_FA16:0",TAG,1503.3401107788086,1426.2801094055176,1368.2000999450684,1684.3601150512695,1343.740089416504,1081.2600708007812,1385.9801025390625,1079.260082244873,1109.4800720214844,Group: D,Group: C,Group: D vs Group: C,4,4,Blank_Blank_Blank
"[TG(58:14),TG(57:7),TG(56:0)]_FA16:1",TAG,1052.220069885254,1047.0800666809082,1046.3600692749023,1054.3800621032715,1070.9400749206543,1160.2000732421875,1142.8200759887695,1050.3600616455078,1047.1200675964355,Group: D,Group: C,Group: D vs Group: C,4,4,Blank_Blank_Blank
"[TG(58:14),TG(57:7),TG(56:0)]_FA18:0",TAG,1045.2200736999512,1050.6200790405273,1101.6200866699219,1016.6400680541992,1071.54008102417,1048.3000679016113,1175.0200881958008,1015.1400680541992,1073.9800758361816,Group: D,Group: C,Group: D vs Group: C,4,4,Blank_Blank_Blank
"[TG(58:14),TG(57:7),TG(56:0)]_FA18:1",TAG,1273.460075378418,1101.3800735473633,1157.6800842285156,1138.1800727844238,1288.1400985717773,1080.0600662231445,1280.1000900268555,1115.7800750732422,1164.8600730895996,Group: D,Group: C,Group: D vs Group: C,4,4,Blank_Blank_Blank
"[TG(58:14),TG(57:7),TG(56:0)]_FA18:2",TAG,1313.5200843811035,1331.7000999450684,1357.9600944519043,1217.8200912475586,1238.6400871276855,1291.3201026916504,1210.3000831604004,1157.9800834655762,1179.6400756835938,Group: D,Group: C,Group: D vs Group: C,4,4,Blank_Blank_Blank
"[TG(58:14),TG(57:7),TG(56:0)]_FA18:3",TAG,1166.7800903320312,1166.940071105957,1167.6400833129883,1192.7000846862793,1248.7000999450684,1206.6400833129883,1172.9000854492188,1173.54008102417,1172.680088043213,Group: D,Group: C,Group: D vs Group: C,4,4,Blank_Blank_Blank
"[TG(58:14),TG(57:7),TG(56:0)]_FA20:4",TAG,1302.4600868225098,1267.5400886535645,1301.2600936889648,1253.8400802612305,1535.500099182129,1275.2600784301758,1507.3800964355469,1358.740104675293,1247.460090637207,Group: D,Group: C,Group: D vs Group: C,4,4,Blank_Blank_Blank
"[TG(58:14),TG(57:7),TG(56:0)]_FA22:5",TAG,1373.9201011657715,1509.3601036071777,1644.2201232910156,1445.6800918579102,1374.8801040649414,1588.9401016235352,1511.5601119995117,1536.5000915527344,1375.800106048584,Group: D,Group: C,Group: D vs Group: C,4,4,Blank_Blank_Blank
"[TG(58:14),TG(57:7),TG(56:0)]_FA22:6",TAG,1846.1801376342773,1889.62015914917,2103.260124206543,1512.5401000976562,1649.9601211547852,1782.4001235961914,1737.9601364135742,1720.7001113891602,1539.6201171875,Group: D,Group: C,Group: D vs Group: C,4,4,Blank_Blank_Blank
"[TG(58:7),TG(57:0)]_FA14:0",TAG,1053.9000701904297,1061.6200828552246,1041.760082244873,1032.7800750732422,1100.7200775146484,1082.3800811767578,1060.3800811767578,1016.4000778198242,1030.1000785827637,Group: D,Group: C,Group: D vs Group: C,4,4,Blank_Blank_Blank
"[TG(58:7),TG(57:0)]_FA16:0",TAG,1656.0201225280762,1933.2001419067383,2340.160182952881,1945.6001625061035,2080.4601440429688,1434.4800834655762,2362.68017578125,1435.020092010498,1099.8600807189941,Group: D,Group: C,Group: D vs Group: C,4,4,Blank_Blank_Blank
"[TG(58:7),TG(57:0)]_FA16:1",TAG,1169.0800857543945,1131.7200736999512,1081.8000793457031,1143.8000831604004,1054.940071105957,1222.6800651550293,1326.100082397461,1202.1600799560547,1061.8600807189941,Group: D,Group: C,Group: D vs Group: C,4,4,Blank_Blank_Blank
"[TG(58:7),TG(57:0)]_FA18:0",TAG,1229.880084991455,1465.2801208496094,1497.5201148986816,1103.320083618164,1226.0401000976562,1120.2400817871094,2604.9202003479004,1187.5600814819336,1065.1000671386719,Group: D,Group: C,Group: D vs Group: C,4,4,Blank_Blank_Blank
"[TG(58:7),TG(57:0)]_FA18:1",TAG,2303.860176086426,1723.4801177978516,3474.9601669311523,3045.180160522461,2467.08016204834,1952.9001541137695,10803.300842285156,2952.420265197754,1053.9000701904297,Group: D,Group: C,Group: D vs Group: C,4,4,Blank_Blank_Blank
"[TG(58:7),TG(57:0)]_FA18:2",TAG,3316.2801475524902,2917.8002319335938,5335.520427703857,2023.6001434326172,3338.3402137756348,4374.640361785889,3032.760284423828,1977.1401252746582,1150.1600761413574,Group: D,Group: C,Group: D vs Group: C,4,4,Blank_Blank_Blank
"[TG(58:7),TG(57:0)]_FA18:3",TAG,1236.7600784301758,1216.8200874328613,1266.9400787353516,1203.8200759887695,1275.740089416504,1258.1200942993164,1282.6400718688965,1172.8400688171387,1171.8200759887695,Group: D,Group: C,Group: D vs Group: C,4,4,Blank_Blank_Blank
"[TG(58:7),TG(57:0)]_FA20:4",TAG,1665.080093383789,1754.7401313781738,2129.7401847839355,2536.7602005004883,2335.9201583862305,2556.3201789855957,3743.5002975463867,2080.3001441955566,1246.8200912475586,Group: D,Group: C,Group: D vs Group: C,4,4,Blank_Blank_Blank
"[TG(58:7),TG(57:0)]_FA22:5",TAG,3308.8402366638184,3231.7801933288574,6215.020252227783,4935.100326538086,2647.4802169799805,3148.0002059936523,6525.100509643555,7233.720443725586,1375.960090637207,Group: D,Group: C,Group: D vs Group: C,4,4,Blank_Blank_Blank
"[TG(58:7),TG(57:0)]_FA22:6",TAG,3306.3002548217773,3393.980239868164,4757.240306854248,2254.1601638793945,2037.320140838623,2961.820167541504,5441.420337677002,2153.3201637268066,1568.1201133728027,Group: D,Group: C,Group: D vs Group: C,4,4,Blank_Blank_Blank
"[TG(58:8),TG(57:1)]_FA14:0",TAG,1015.7600746154785,1016.1800727844238,1046.9600791931152,1044.480079650879,1012.460075378418,1012.9600715637207,1013.4800720214844,1034.4400825500488,1012.5000762939453,Group: D,Group: C,Group: D vs Group: C,4,4,Blank_Blank_Blank
"[TG(58:8),TG(57:1)]_FA16:0",TAG,1243.9200897216797,1170.7200736999512,1725.5601272583008,1601.0001068115234,1972.9401779174805,1646.9200973510742,2106.1401863098145,1169.640064239502,1082.4000663757324,Group: D,Group: C,Group: D vs Group: C,4,4,Blank_Blank_Blank
"[TG(58:8),TG(57:1)]_FA16:1",TAG,1227.880084991455,1762.4601287841797,1131.8200759887695,1091.62007522583,1126.240077972412,1221.4600982666016,1238.720085144043,1368.0401039123535,1075.840087890625,Group: D,Group: C,Group: D vs Group: C,4,4,Blank_Blank_Blank
"[TG(58:8),TG(57:1)]_FA18:0",TAG,1049.4800758361816,1161.6600761413574,1518.7601051330566,1150.3600807189941,1064.8000793457031,1289.5400924682617,1810.8401145935059,1114.3800773620605,1058.080078125,Group: D,Group: C,Group: D vs Group: C,4,4,Blank_Blank_Blank
"[TG(58:8),TG(57:1)]_FA18:1",TAG,2707.9001846313477,1376.3600997924805,4270.50036239624,3784.640224456787,2829.920211791992,1507.720127105713,11750.280826568604,1365.160083770752,1182.4000854492188,Group: D,Group: C,Group: D vs Group: C,4,4,Blank_Blank_Blank
"[TG(58:8),TG(57:1)]_FA18:2",TAG,1963.800148010254,3269.440269470215,7118.820507049561,2489.2201919555664,3910.1202659606934,5430.740489959717,5346.680397033691,2142.100154876709,1129.280071258545,Group: D,Group: C,Group: D vs Group: C,4,4,Blank_Blank_Blank
"[TG(58:8),TG(57:1)]_FA18:3",TAG,1300.9600944519043,1167.2800788879395,1260.1400909423828,1326.1000900268555,1472.780101776123,1344.500087738037,1256.6600875854492,1322.8000946044922,1172.3000793457031,Group: D,Group: C,Group: D vs Group: C,4,4,Blank_Blank_Blank
"[TG(58:8),TG(57:1)]_FA20:4",TAG,1898.8601455688477,1815.580135345459,2187.280158996582,2999.300189971924,1757.3401145935059,2766.4201850891113,3957.8002891540527,2270.8801651000977,1247.4000816345215,Group: D,Group: C,Group: D vs Group: C,4,4,Blank_Blank_Blank
"[TG(58:8),TG(57:1)]_FA22:5",TAG,4142.840343475342,3795.1802406311035,8740.06069946289,7834.980457305908,2927.2001724243164,3908.460247039795,6860.640586853027,7392.62060546875,1375.2200889587402,Group: D,Group: C,Group: D vs Group: C,4,4,Blank_Blank_Blank
"[TG(58:8),TG(57:1)]_FA22:6",TAG,8607.580520629883,9778.600578308105,20283.80195236206,6252.020458221436,3587.8602714538574,7832.060558319092,19812.841632843018,6817.840461730957,1510.2001037597656,Group: D,Group: C,Group: D vs Group: C,4,4,Blank_Blank_Blank
"[TG(58:9),TG(57:2)]_FA14:0",TAG,1015.5800704956055,1041.3200798034668,1017.0600738525391,1016.140064239502,1012.5800704956055,1011.6600570678711,1013.6200675964355,1016.6600761413574,1012.880069732666,Group: D,Group: C,Group: D vs Group: C,4,4,Blank_Blank_Blank
"[TG(58:9),TG(57:2)]_FA16:0",TAG,1122.0200729370117,1125.500087738037,1068.7200736999512,1151.4800643920898,1324.9201049804688,1280.640079498291,1111.0800743103027,1029.6200790405273,1024.5600624084473,Group: D,Group: C,Group: D vs Group: C,4,4,Blank_Blank_Blank
"[TG(58:9),TG(57:2)]_FA16:1",TAG,1125.3000755310059,1153.8000869750977,1184.0400657653809,1084.0800743103027,1122.4800758361816,1329.6400985717773,1318.5400886535645,1222.6200714111328,1072.7400665283203,Group: D,Group: C,Group: D vs Group: C,4,4,Blank_Blank_Blank
"[TG(58:9),TG(57:2)]_FA18:0",TAG,1013.440071105957,1098.9200744628906,1080.4200744628906,1022.2600708007812,1010.6400833129883,1043.4800758361816,1123.7800788879395,1015.7200775146484,1029.8400840759277,Group: D,Group: C,Group: D vs Group: C,4,4,Blank_Blank_Blank
"[TG(58:9),TG(57:2)]_FA18:1",TAG,1579.8201026916504,1433.6201210021973,3512.320281982422,3145.660255432129,2002.040126800537,1880.6801223754883,7024.540489196777,1295.6200981140137,1059.3000717163086,Group: D,Group: C,Group: D vs Group: C,4,4,Blank_Blank_Blank
"[TG(58:9),TG(57:2)]_FA18:2",TAG,3125.1202087402344,3191.8801918029785,8247.960842132568,2606.3602180480957,3709.600315093994,5477.280258178711,4728.700344085693,2051.0201110839844,1129.8000793457031,Group: D,Group: C,Group: D vs Group: C,4,4,Blank_Blank_Blank
"[TG(58:9),TG(57:2)]_FA18:3",TAG,1278.8200912475586,1220.0800819396973,1237.0200881958008,1569.1001243591309,1439.2200736999512,1849.6601104736328,1416.580078125,1392.1800956726074,1172.1200675964355,Group: D,Group: C,Group: D vs Group: C,4,4,Blank_Blank_Blank
"[TG(58:9),TG(57:2)]_FA20:4",TAG,1991.480152130127,1843.400131225586,1848.9001083374023,2751.480224609375,1841.3401374816895,3207.3802223205566,5116.6003494262695,2657.2601585388184,1264.1000862121582,Group: D,Group: C,Group: D vs Group: C,4,4,Blank_Blank_Blank
"[TG(58:9),TG(57:2)]_FA22:5",TAG,2322.6601486206055,2736.220203399658,4634.660373687744,4761.600196838379,2288.3401641845703,2241.4601516723633,3623.6803131103516,3680.580234527588,1375.7601051330566,Group: D,Group: C,Group: D vs Group: C,4,4,Blank_Blank_Blank
"[TG(58:9),TG(57:2)]_FA22:6",TAG,11293.54048538208,14068.761093139648,34485.94202423096,11153.901012420654,5635.520389556885,13068.180568695068,24479.4215965271,7045.620693206787,1512.900104522705,Group: D,Group: C,Group: D vs Group: C,4,4,Blank_Blank_Blank
"[TG(59:10),TG(58:3)]_FA14:0",TAG,1015.1200752258301,1016.1000747680664,1017.760082244873,1039.2400741577148,1012.8200607299805,1012.5800704956055,1013.8800849914551,1016.3200759887695,1012.2000694274902,Group: D,Group: C,Group: D vs Group: C,4,4,Blank_Blank_Blank
"[TG(59:10),TG(58:3)]_FA16:0",TAG,1134.2000732421875,1115.3000793457031,1135.8200721740723,1109.000072479248,1184.380084991455,1020.5200691223145,1065.220069885254,1016.9800643920898,1083.7200775146484,Group: D,Group: C,Group: D vs Group: C,4,4,Blank_Blank_Blank
"[TG(59:10),TG(58:3)]_FA16:1",TAG,1114.940071105957,1113.3600807189941,1046.8200721740723,1054.8800811767578,1108.8600845336914,1069.680088043213,1064.1200866699219,1142.0600891113281,1059.3000793457031,Group: D,Group: C,Group: D vs Group: C,4,4,Blank_Blank_Blank
"[TG(59:10),TG(58:3)]_FA18:0",TAG,1049.0400733947754,1158.9800834655762,1015.4800643920898,1078.6000785827637,1054.2400703430176,1153.3800964355469,1170.1800727844238,1109.6200866699219,1012.2000732421875,Group: D,Group: C,Group: D vs Group: C,4,4,Blank_Blank_Blank
"[TG(59:10),TG(58:3)]_FA18:1",TAG,1748.8201026916504,1155.980079650879,1866.0400924682617,1546.16011428833,1296.1200714111328,1369.3600997924805,4140.74031829834,1161.7800750732422,1151.5200805664062,Group: D,Group: C,Group: D vs Group: C,4,4,Blank_Blank_Blank
"[TG(59:10),TG(58:3)]_FA18:2",TAG,1534.5801086425781,1586.7601013183594,1676.400131225586,1302.6800918579102,1616.4601211547852,1764.6001205444336,1562.6401023864746,1262.7400817871094,1167.1200675964355,Group: D,Group: C,Group: D vs Group: C,4,4,Blank_Blank_Blank
"[TG(59:10),TG(58:3)]_FA18:3",TAG,1174.3000831604004,1167.360092163086,1172.760082244873,1183.9200744628906,1168.260082244873,1166.840072631836,1171.740077972412,1173.0600776672363,1172.3000793457031,Group: D,Group: C,Group: D vs Group: C,4,4,Blank_Blank_Blank
"[TG(59:10),TG(58:3)]_FA20:4",TAG,1272.240089416504,1257.0600852966309,1250.300090789795,1245.2800827026367,1321.1200942993164,1306.3200874328613,1306.9000968933105,1302.6800994873047,1246.860092163086,Group: D,Group: C,Group: D vs Group: C,4,4,Blank_Blank_Blank
"[TG(59:10),TG(58:3)]_FA22:5",TAG,1373.3400955200195,1374.000099182129,1448.8800926208496,1378.9800910949707,1375.3800964355469,1413.4401016235352,1375.6400909423828,1389.9601020812988,1376.8000984191895,Group: D,Group: C,Group: D vs Group: C,4,4,Blank_Blank_Blank
"[TG(59:10),TG(58:3)]_FA22:6",TAG,1643.2401313781738,1548.0801048278809,1637.8801193237305,1499.6001205444336,1553.560115814209,1494.480110168457,1507.5601119995117,1528.2401084899902,1533.8000984191895,Group: D,Group: C,Group: D vs Group: C,4,4,Blank_Blank_Blank
"[TG(59:11),TG(58:4)]_FA14:0",TAG,1014.880069732666,1015.7800750732422,1022.4800682067871,1016.3400802612305,1012.8800735473633,1015.5800666809082,1013.9800720214844,1016.6400718688965,1044.8800773620605,Group: D,Group: C,Group: D vs Group: C,4,4,Blank_Blank_Blank
"[TG(59:11),TG(58:4)]_FA16:0",TAG,1140.1800804138184,1063.8400688171387,1059.3600730895996,1004.9800682067871,1098.1400756835938,1071.4400672912598,1024.2600708007812,1002.3200759887695,1011.2000732421875,Group: D,Group: C,Group: D vs Group: C,4,4,Blank_Blank_Blank
"[TG(59:11),TG(58:4)]_FA16:1",TAG,1098.8000755310059,1050.820068359375,1046.400074005127,1074.0400657653809,1050.960060119629,1073.9000778198242,1052.5800819396973,1049.8600730895996,1048.4400672912598,Group: D,Group: C,Group: D vs Group: C,4,4,Blank_Blank_Blank
"[TG(59:11),TG(58:4)]_FA18:0",TAG,1069.660083770752,1118.9400787353516,1071.7200813293457,1228.8600959777832,1031.5400695800781,1140.6000785827637,1202.12007522583,1029.8600692749023,1060.5200653076172,Group: D,Group: C,Group: D vs Group: C,4,4,Blank_Blank_Blank
"[TG(59:11),TG(58:4)]_FA18:1",TAG,1662.5401077270508,1482.5801086425781,1335.2800941467285,1595.260097503662,1757.640121459961,1482.2201042175293,3923.200309753418,1636.920108795166,1053.920066833496,Group: D,Group: C,Group: D vs Group: C,4,4,Blank_Blank_Blank
"[TG(59:11),TG(58:4)]_FA18:2",TAG,2115.800132751465,2394.860191345215,2605.100166320801,1421.8801078796387,2059.0201683044434,3065.6802673339844,2144.7201614379883,1439.3000984191895,1129.2600898742676,Group: D,Group: C,Group: D vs Group: C,4,4,Blank_Blank_Blank
"[TG(59:11),TG(58:4)]_FA18:3",TAG,1193.660083770752,1217.1000862121582,1167.4200820922852,1273.0801010131836,1208.0400848388672,1167.320083618164,1172.7000732421875,1255.6000862121582,1173.080078125,Group: D,Group: C,Group: D vs Group: C,4,4,Blank_Blank_Blank
"[TG(59:11),TG(58:4)]_FA20:4",TAG,1319.2601051330566,1248.6000938415527,1269.8600883483887,1306.2601013183594,1343.3400917053223,1308.0000915527344,1248.3000984191895,1411.8601112365723,1247.0400886535645,Group: D,Group: C,Group: D vs Group: C,4,4,Blank_Blank_Blank
"[TG(59:11),TG(58:4)]_FA22:5",TAG,1418.6001014709473,1409.0001068115234,1411.2400970458984,1390.9600868225098,1439.0600967407227,1422.3800964355469,1388.2000923156738,1424.0001029968262,1421.4400901794434,Group: D,Group: C,Group: D vs Group: C,4,4,Blank_Blank_Blank
"[TG(59:11),TG(58:4)]_FA22:6",TAG,1508.7801094055176,1527.5201110839844,1520.940113067627,1498.16011428833,1515.940113067627,1526.500114440918,1550.9601097106934,1499.6801109313965,1498.3201026916504,Group: D,Group: C,Group: D vs Group: C,4,4,Blank_Blank_Blank
"[TG(59:12),TG(58:5)]_FA14:0",TAG,1015.1600799560547,1016.1200790405273,1017.7400779724121,1016.3600769042969,1012.7200660705566,1011.8200721740723,1059.7400703430176,1042.4600715637207,1014.9200706481934,Group: D,Group: C,Group: D vs Group: C,4,4,Blank_Blank_Blank
"[TG(59:12),TG(58:5)]_FA16:0",TAG,1069.1800804138184,1119.2800788879395,1157.2800903320312,1097.660068511963,1154.0600852966309,1212.740077972412,1109.4000778198242,1070.6600723266602,1054.240077972412,Group: D,Group: C,Group: D vs Group: C,4,4,Blank_Blank_Blank
"[TG(59:12),TG(58:5)]_FA16:1",TAG,1052.400074005127,1047.680061340332,1046.5400657653809,1054.12007522583,1051.2800788879395,1052.4400749206543,1052.1400718688965,1050.5000839233398,1046.8600807189941,Group: D,Group: C,Group: D vs Group: C,4,4,Blank_Blank_Blank
"[TG(59:12),TG(58:5)]_FA18:0",TAG,1145.8200798034668,1313.1800727844238,1119.8600807189941,1385.0401077270508,1117.600082397461,1302.5800895690918,1967.860149383545,1221.8200874328613,1012.7400741577148,Group: D,Group: C,Group: D vs Group: C,4,4,Blank_Blank_Blank
"[TG(59:12),TG(58:5)]_FA18:1",TAG,1311.7200927734375,1289.2200927734375,1741.6201171875,1777.2801399230957,1777.2201232910156,1320.2800827026367,3404.680221557617,1269.7200889587402,1055.1800727844238,Group: D,Group: C,Group: D vs Group: C,4,4,Blank_Blank_Blank
"[TG(59:12),TG(58:5)]_FA18:2",TAG,2053.8001594543457,2169.0401458740234,3367.140308380127,1620.3201065063477,2195.5801391601562,2685.8401412963867,1978.760154724121,1195.080078125,1129.1600799560547,Group: D,Group: C,Group: D vs Group: C,4,4,Blank_Blank_Blank
"[TG(59:12),TG(58:5)]_FA18:3",TAG,1166.480068206787,1187.220069885254,1193.5600662231445,1199.8600845336914,1319.0800895690918,1263.2800788879395,1261.8600769042969,1182.740077972412,1172.6200828552246,Group: D,Group: C,Group: D vs Group: C,4,4,Blank_Blank_Blank
"[TG(59:12),TG(58:5)]_FA20:4",TAG,1254.3000946044922,1310.6800956726074,1387.4200973510742,1522.8601150512695,1364.0400848388672,1424.4200973510742,1923.6801528930664,1332.8400993347168,1260.420093536377,Group: D,Group: C,Group: D vs Group: C,4,4,Blank_Blank_Blank
"[TG(59:12),TG(58:5)]_FA22:5",TAG,1448.3801040649414,1474.4401054382324,1500.5401077270508,1637.520118713379,1438.400104522705,1486.2800941467285,1418.60009765625,1469.5600967407227,1399.4201011657715,Group: D,Group: C,Group: D vs Group: C,4,4,Blank_Blank_Blank
"[TG(59:12),TG(58:5)]_FA22:6",TAG,1535.500114440918,1538.9601097106934,1509.020107269287,1545.2601165771484,1508.5800971984863,1512.2401084899902,1500.760097503662,1524.700107574463,1505.5801162719727,Group: D,Group: C,Group: D vs Group: C,4,4,Blank_Blank_Blank
"[TG(59:13),TG(58:6)]_FA14:0",TAG,1077.6000709533691,1038.8000793457031,1017.3200721740723,1015.8000755310059,1026.6400718688965,1013.000072479248,1049.0600814819336,1019.8000717163086,1012.3800621032715,Group: D,Group: C,Group: D vs Group: C,4,4,Blank_Blank_Blank
"[TG(59:13),TG(58:6)]_FA16:0",TAG,1022.1200714111328,1498.800106048584,1623.9400939941406,1265.920078277588,1732.7401428222656,1426.7201080322266,1747.3201141357422,1020.7800636291504,1011.020076751709,Group: D,Group: C,Group: D vs Group: C,4,4,Blank_Blank_Blank
"[TG(59:13),TG(58:6)]_FA16:1",TAG,1103.900074005127,1124.1600761413574,1057.5800704956055,1074.160083770752,1050.3800659179688,1056.920078277588,1174.1800804138184,1095.7600708007812,1047.5400772094727,Group: D,Group: C,Group: D vs Group: C,4,4,Blank_Blank_Blank
"[TG(59:13),TG(58:6)]_FA18:0",TAG,1331.940097808838,1563.2001342773438,2248.18017578125,1670.300136566162,1253.3000793457031,1281.6200904846191,2349.840190887451,1099.960075378418,1012.5000686645508,Group: D,Group: C,Group: D vs Group: C,4,4,Blank_Blank_Blank
"[TG(59:13),TG(58:6)]_FA18:1",TAG,1855.9601020812988,1423.240104675293,2745.980197906494,2260.24015045166,2178.240161895752,1766.3601379394531,6448.620391845703,1354.7201042175293,1053.600082397461,Group: D,Group: C,Group: D vs Group: C,4,4,Blank_Blank_Blank
"[TG(59:13),TG(58:6)]_FA18:2",TAG,2437.180206298828,2428.940155029297,2932.320198059082,1332.900089263916,2066.9201469421387,2519.320182800293,2045.0001525878906,1241.0400848388672,1156.1800842285156,Group: D,Group: C,Group: D vs Group: C,4,4,Blank_Blank_Blank
"[TG(59:13),TG(58:6)]_FA18:3",TAG,1266.5200881958008,1216.740077972412,1257.5200881958008,1387.660099029541,1246.1400871276855,1206.4600868225098,1292.940086364746,1190.2200813293457,1172.8600807189941,Group: D,Group: C,Group: D vs Group: C,4,4,Blank_Blank_Blank
"[TG(59:13),TG(58:6)]_FA20:4",TAG,1522.260108947754,1673.5001029968262,1377.2600936889648,1917.9601364135742,1764.5201301574707,1943.6801300048828,3348.280204772949,1859.6801452636719,1247.4800834655762,Group: D,Group: C,Group: D vs Group: C,4,4,Blank_Blank_Blank
"[TG(59:13),TG(58:6)]_FA22:5",TAG,1910.4401550292969,1640.180118560791,2476.7801628112793,1993.2201614379883,1858.300148010254,1524.2400970458984,2402.320156097412,2264.9401626586914,1428.3200950622559,Group: D,Group: C,Group: D vs Group: C,4,4,Blank_Blank_Blank
"[TG(59:13),TG(58:6)]_FA22:6",TAG,1508.6001014709473,1666.9201202392578,1964.3801307678223,1566.0201148986816,1659.440113067627,1691.6001358032227,1935.0001373291016,1557.9401092529297,1497.6200981140137,Group: D,Group: C,Group: D vs Group: C,4,4,Blank_Blank_Blank
"[TG(59:9),TG(58:2)]_FA14:0",TAG,1015.8000793457031,1015.8600807189941,1017.7000770568848,1016.2200813293457,1013.1200675964355,1012.9400596618652,1014.5400772094727,1015.3800773620605,1012.5400733947754,Group: D,Group: C,Group: D vs Group: C,4,4,Blank_Blank_Blank
"[TG(59:9),TG(58:2)]_FA16:0",TAG,1081.8000793457031,1139.260082244873,1066.4400787353516,1110.8200798034668,1001.0000648498535,1078.140079498291,1069.4600791931152,1074.0200729370117,1011.8400688171387,Group: D,Group: C,Group: D vs Group: C,4,4,Blank_Blank_Blank
"[TG(59:9),TG(58:2)]_FA16:1",TAG,1088.180076599121,1105.720069885254,1085.340072631836,1080.2200813293457,1108.240077972412,1126.240077972412,1142.6800842285156,1109.6600761413574,1048.6800727844238,Group: D,Group: C,Group: D vs Group: C,4,4,Blank_Blank_Blank
"[TG(59:9),TG(58:2)]_FA18:0",TAG,1013.4600715637207,1062.8200721740723,1024.8600769042969,1044.2800674438477,1044.2600708007812,1071.580078125,1336.7600784301758,1060.440086364746,1011.5000610351562,Group: D,Group: C,Group: D vs Group: C,4,4,Blank_Blank_Blank
"[TG(59:9),TG(58:2)]_FA18:1",TAG,1342.780086517334,1273.1400909423828,1122.0600662231445,1118.6800651550293,1196.2600860595703,1224.600082397461,1847.2601280212402,1049.2600784301758,1182.000087738037,Group: D,Group: C,Group: D vs Group: C,4,4,Blank_Blank_Blank
"[TG(59:9),TG(58:2)]_FA18:2",TAG,1248.3000831604004,1271.1200790405273,1297.8600845336914,1142.0200691223145,1228.8600883483887,1293.1600914001465,1163.4600791931152,1178.6000709533691,1166.1600799560547,Group: D,Group: C,Group: D vs Group: C,4,4,Blank_Blank_Blank
"[TG(59:9),TG(58:2)]_FA18:3",TAG,1167.660083770752,1167.4800720214844,1167.7000885009766,1168.8800773620605,1169.1200828552246,1166.740077972412,1172.1600875854492,1171.9000816345215,1172.3200721740723,Group: D,Group: C,Group: D vs Group: C,4,4,Blank_Blank_Blank
"[TG(59:9),TG(58:2)]_FA20:4",TAG,1285.8600883483887,1249.080093383789,1257.480079650879,1244.600082397461,1468.8200988769531,1294.0200881958008,1350.1200866699219,1272.9400787353516,1289.740089416504,Group: D,Group: C,Group: D vs Group: C,4,4,Blank_Blank_Blank
"[TG(59:9),TG(58:2)]_FA22:5",TAG,1373.0200958251953,1373.440097808838,1375.10009765625,1389.500087738037,1394.3800964355469,1379.0401000976562,1451.4401016235352,1400.9600982666016,1375.280086517334,Group: D,Group: C,Group: D vs Group: C,4,4,Blank_Blank_Blank
"[TG(59:9),TG(58:2)]_FA22:6",TAG,1508.7801132202148,1539.3401069641113,1712.5801277160645,1498.7201080322266,1500.1001052856445,1566.1001091003418,1511.4401016235352,1572.7801132202148,1519.9001121520996,Group: D,Group: C,Group: D vs Group: C,4,4,Blank_Blank_Blank
"[TG(60:10),TG(59:3)]_FA14:0",TAG,1035.4600715637207,1015.8000831604004,1017.3200721740723,1036.6200790405273,1012.3000831604004,1012.2800598144531,1014.1400756835938,1016.2000694274902,1012.5800743103027,Group: D,Group: C,Group: D vs Group: C,4,4,Blank_Blank_Blank
"[TG(60:10),TG(59:3)]_FA16:0",TAG,1114.440071105957,1061.4800720214844,1093.0800743103027,1112.0200805664062,1068.580078125,1018.8800659179688,1099.7200775146484,1144.5400848388672,1011.9400672912598,Group: D,Group: C,Group: D vs Group: C,4,4,Blank_Blank_Blank
"[TG(60:10),TG(59:3)]_FA16:1",TAG,1051.9600715637207,1096.4200744628906,1046.200065612793,1053.9800834655762,1094.3400650024414,1051.9600715637207,1071.8200759887695,1105.04008102417,1064.6000709533691,Group: D,Group: C,Group: D vs Group: C,4,4,Blank_Blank_Blank
"[TG(60:10),TG(59:3)]_FA18:0",TAG,1024.2400741577148,1013.2600784301758,1012.8400650024414,1027.4800834655762,1015.9000778198242,1060.8200721740723,1076.8000717163086,1015.9400749206543,1011.8400688171387,Group: D,Group: C,Group: D vs Group: C,4,4,Blank_Blank_Blank
"[TG(60:10),TG(59:3)]_FA18:1",TAG,1184.080078125,1069.3600769042969,1142.180076599121,1106.760066986084,1304.3400917053223,1093.5000839233398,1387.6000938415527,1163.4200820922852,1116.3800735473633,Group: D,Group: C,Group: D vs Group: C,4,4,Blank_Blank_Blank
"[TG(60:10),TG(59:3)]_FA18:2",TAG,1377.760097503662,1172.0200843811035,1784.280117034912,1340.980110168457,1298.4600868225098,1731.2401237487793,1634.9401092529297,1281.500099182129,1172.4200859069824,Group: D,Group: C,Group: D vs Group: C,4,4,Blank_Blank_Blank
"[TG(60:10),TG(59:3)]_FA18:3",TAG,1208.920078277588,1254.8200912475586,1287.1600914001465,1211.0600814819336,1261.560073852539,1246.320083618164,1305.7400932312012,1212.9600868225098,1256.2600860595703,Group: D,Group: C,Group: D vs Group: C,4,4,Blank_Blank_Blank
"[TG(60:10),TG(59:3)]_FA20:4",TAG,1481.5001029968262,1458.2200927734375,1496.7201118469238,1673.5001220703125,1709.9601135253906,2055.9601707458496,2310.4601516723633,1553.720115661621,1289.1400871276855,Group: D,Group: C,Group: D vs Group: C,4,4,Blank_Blank_Blank
"[TG(60:10),TG(59:3)]_FA22:5",TAG,1444.520107269287,1577.6601181030273,1966.2801475524902,2282.70015335083,1625.740119934082,1545.200107574463,2011.6001243591309,1728.9801177978516,1386.160099029541,Group: D,Group: C,Group: D vs Group: C,4,4,Blank_Blank_Blank
"[TG(60:10),TG(59:3)]_FA22:6",TAG,2092.420150756836,2461.2601776123047,3656.8203201293945,2141.5401496887207,1598.0201225280762,2030.700138092041,3037.1001930236816,1632.2801132202148,1498.2401008605957,Group: D,Group: C,Group: D vs Group: C,4,4,Blank_Blank_Blank
"[TG(60:11),TG(59:4)]_FA14:0",TAG,1015.1800727844238,1015.6200752258301,1017.3400726318359,1015.640079498291,1013.4400634765625,1012.8400726318359,1013.4800682067871,1015.4000663757324,1013.3600578308105,Group: D,Group: C,Group: D vs Group: C,4,4,Blank_Blank_Blank
"[TG(60:11),TG(59:4)]_FA16:0",TAG,1024.4000701904297,1125.4800758361816,1140.04008102417,1033.3600730895996,1166.9200859069824,1035.1000671386719,1214.12007522583,1041.9200744628906,1050.1200790405273,Group: D,Group: C,Group: D vs Group: C,4,4,Blank_Blank_Blank
"[TG(60:11),TG(59:4)]_FA16:1",TAG,1051.980079650879,1046.4000778198242,1077.4000701904297,1053.8000679016113,1050.9200859069824,1051.5200843811035,1092.840072631836,1061.8600769042969,1047.5000610351562,Group: D,Group: C,Group: D vs Group: C,4,4,Blank_Blank_Blank
"[TG(60:11),TG(59:4)]_FA18:0",TAG,1012.7400779724121,1013.120059967041,1011.8000679016113,1016.4400749206543,1011.4200592041016,1011.6200637817383,1073.6800727844238,1015.4400749206543,1011.9600791931152,Group: D,Group: C,Group: D vs Group: C,4,4,Blank_Blank_Blank
"[TG(60:11),TG(59:4)]_FA18:1",TAG,1050.920078277588,1080.6800727844238,1063.2600784301758,1184.6600799560547,1112.7400817871094,1047.5400657653809,1162.0600776672363,1153.820083618164,1065.4400787353516,Group: D,Group: C,Group: D vs Group: C,4,4,Blank_Blank_Blank
"[TG(60:11),TG(59:4)]_FA18:2",TAG,1321.920093536377,1357.0601119995117,1355.14009475708,1250.8200798034668,1244.9000816345215,1157.6400909423828,1282.7400932312012,1127.580078125,1128.9200744628906,Group: D,Group: C,Group: D vs Group: C,4,4,Blank_Blank_Blank
"[TG(60:11),TG(59:4)]_FA18:3",TAG,1208.4200859069824,1244.6200828552246,1337.080093383789,1270.8200950622559,1211.6000900268555,1224.4400939941406,1257.9400825500488,1227.3400840759277,1214.4000854492188,Group: D,Group: C,Group: D vs Group: C,4,4,Blank_Blank_Blank
"[TG(60:11),TG(59:4)]_FA20:4",TAG,1403.6801109313965,1445.0401077270508,1469.4200897216797,1593.7801094055176,1552.8801002502441,1670.8401145935059,2225.600170135498,1437.5401000976562,1288.6800918579102,Group: D,Group: C,Group: D vs Group: C,4,4,Blank_Blank_Blank
"[TG(60:11),TG(59:4)]_FA22:5",TAG,1539.5201110839844,1559.7401123046875,1572.9601097106934,1770.0801315307617,1416.5200958251953,1574.5601196289062,2002.8001441955566,1913.5001411437988,1413.8201026916504,Group: D,Group: C,Group: D vs Group: C,4,4,Blank_Blank_Blank
"[TG(60:11),TG(59:4)]_FA22:6",TAG,2643.5801696777344,2620.2601890563965,4241.040325164795,2067.820137023926,1860.1601333618164,2302.1401557922363,3254.840244293213,2029.1201667785645,1497.4401092529297,Group: D,Group: C,Group: D vs Group: C,4,4,Blank_Blank_Blank
"[TG(60:12),TG(59:5)]_FA14:0",TAG,1014.7400703430176,1070.9200744628906,1016.8200759887695,1016.0600814819336,1018.5200729370117,1017.3000679016113,1076.0600814819336,1016.260082244873,1012.7000694274902,Group: D,Group: C,Group: D vs Group: C,4,4,Blank_Blank_Blank
"[TG(60:12),TG(59:5)]_FA16:0",TAG,1027.54008102417,1007.640079498291,1006.7400665283203,1071.6200675964355,1216.4800834655762,1036.8200759887695,1091.3600807189941,1144.2600746154785,1012.0200691223145,Group: D,Group: C,Group: D vs Group: C,4,4,Blank_Blank_Blank
"[TG(60:12),TG(59:5)]_FA16:1",TAG,1081.2400817871094,1046.940071105957,1046.8600692749023,1055.000072479248,1051.0200691223145,1051.320068359375,1085.660068511963,1049.9800758361816,1091.9000663757324,Group: D,Group: C,Group: D vs Group: C,4,4,Blank_Blank_Blank
"[TG(60:12),TG(59:5)]_FA18:0",TAG,1012.0400772094727,1012.6400718688965,1012.4800720214844,1050.8200798034668,1011.1000747680664,1011.5400657653809,1059.1000747680664,1015.6600685119629,1012.7400703430176,Group: D,Group: C,Group: D vs Group: C,4,4,Blank_Blank_Blank
"[TG(60:12),TG(59:5)]_FA18:1",TAG,1050.8200721740723,1079.6800804138184,1077.2400703430176,1048.3600692749023,1046.9200630187988,1047.0800819396973,1049.9800834655762,1085.8400840759277,1065.6800727844238,Group: D,Group: C,Group: D vs Group: C,4,4,Blank_Blank_Blank
"[TG(60:12),TG(59:5)]_FA18:2",TAG,1198.1800727844238,1227.4000816345215,1422.7800903320312,1129.3000717163086,1197.040096282959,1199.4200820922852,1196.6600761413574,1173.980079650879,1129.2200813293457,Group: D,Group: C,Group: D vs Group: C,4,4,Blank_Blank_Blank
"[TG(60:12),TG(59:5)]_FA18:3",TAG,1209.7200813293457,1208.5600852966309,1209.6200866699219,1248.2201042175293,1284.6200866699219,1208.7000923156738,1215.6200828552246,1214.5800819396973,1214.7800788879395,Group: D,Group: C,Group: D vs Group: C,4,4,Blank_Blank_Blank
"[TG(60:12),TG(59:5)]_FA20:4",TAG,1338.3200874328613,1283.520092010498,1419.8601036071777,1771.040126800537,1543.58012008667,1276.4600830078125,1710.0601043701172,1448.220100402832,1247.4600830078125,Group: D,Group: C,Group: D vs Group: C,4,4,Blank_Blank_Blank
"[TG(60:12),TG(59:5)]_FA22:5",TAG,1413.7201080322266,1410.620101928711,1509.4200973510742,1474.9001007080078,1428.3001022338867,1400.3800964355469,1686.260108947754,1435.220100402832,1374.6001014709473,Group: D,Group: C,Group: D vs Group: C,4,4,Blank_Blank_Blank
"[TG(60:12),TG(59:5)]_FA22:6",TAG,2243.6401596069336,2439.0001792907715,3729.4802169799805,2059.4401512145996,1866.7601356506348,2051.340160369873,3829.3002548217773,1935.9001274108887,1498.64009475708,Group: D,Group: C,Group: D vs Group: C,4,4,Blank_Blank_Blank
"[TG(60:13),TG(59:6)]_FA14:0",TAG,1063.0800895690918,1016.1400680541992,1017.4200668334961,1016.0800704956055,1034.9200820922852,1015.8600654602051,1042.7600746154785,1039.500072479248,1012.9000816345215,Group: D,Group: C,Group: D vs Group: C,4,4,Blank_Blank_Blank
"[TG(60:13),TG(59:6)]_FA16:0",TAG,1088.9600791931152,1048.0000801086426,1208.2800903320312,1065.5000610351562,1018.3200759887695,1002.3200645446777,1003.0600776672363,1022.0400657653809,1021.0600700378418,Group: D,Group: C,Group: D vs Group: C,4,4,Blank_Blank_Blank
"[TG(60:13),TG(59:6)]_FA16:1",TAG,1052.8800773620605,1047.3200721740723,1046.980068206787,1054.2600708007812,1051.2000770568848,1095.5200729370117,1052.54008102417,1049.5800704956055,1047.2200736999512,Group: D,Group: C,Group: D vs Group: C,4,4,Blank_Blank_Blank
"[TG(60:13),TG(59:6)]_FA18:0",TAG,1013.9800720214844,1020.8200721740723,1012.3800735473633,1068.3400764465332,1010.7400703430176,1010.7000732421875,1012.6200752258301,1015.7000732421875,1077.5200729370117,Group: D,Group: C,Group: D vs Group: C,4,4,Blank_Blank_Blank
"[TG(60:13),TG(59:6)]_FA18:1",TAG,1079.5000801086426,1052.4200744628906,1048.4800720214844,1058.1600723266602,1068.2800827026367,1047.1000671386719,1107.7000846862793,1049.6000671386719,1054.1600723266602,Group: D,Group: C,Group: D vs Group: C,4,4,Blank_Blank_Blank
"[TG(60:13),TG(59:6)]_FA18:2",TAG,1142.9400825500488,1131.7600746154785,1131.7000732421875,1182.5600776672363,1142.8600807189941,1146.9800758361816,1130.2800750732422,1199.8200798034668,1129.5000801086426,Group: D,Group: C,Group: D vs Group: C,4,4,Blank_Blank_Blank
"[TG(60:13),TG(59:6)]_FA18:3",TAG,1209.4800758361816,1209.8000831604004,1247.06010055542,1237.62007522583,1243.3200721740723,1208.8600883483887,1214.5400733947754,1171.4200744628906,1206.3200759887695,Group: D,Group: C,Group: D vs Group: C,4,4,Blank_Blank_Blank
"[TG(60:13),TG(59:6)]_FA20:4",TAG,1248.0400848388672,1282.1400909423828,1268.1200904846191,1332.9800987243652,1281.4600868225098,1297.820083618164,1393.1201057434082,1249.3200759887695,1262.4401016235352,Group: D,Group: C,Group: D vs Group: C,4,4,Blank_Blank_Blank
"[TG(60:13),TG(59:6)]_FA22:5",TAG,1419.7201118469238,1374.0001029968262,1375.0401000976562,1457.4801025390625,1374.300090789795,1375.8200912475586,1376.7601013183594,1392.160099029541,1376.0400848388672,Group: D,Group: C,Group: D vs Group: C,4,4,Blank_Blank_Blank
"[TG(60:13),TG(59:6)]_FA22:6",TAG,1578.3201179504395,1630.5801124572754,1656.0801048278809,1610.1201171875,1568.9601135253906,1587.400104522705,1662.8201141357422,1581.4601135253906,1497.8401069641113,Group: D,Group: C,Group: D vs Group: C,4,4,Blank_Blank_Blank
"[TG(60:14),TG(59:7),TG(58:0)]_FA14:0",TAG,1044.9200744628906,1074.0000648498535,1017.3400764465332,1017.3200721740723,1013.380069732666,1012.4600715637207,1044.6200790405273,1041.2400703430176,1012.1800651550293,Group: D,Group: C,Group: D vs Group: C,4,4,Blank_Blank_Blank
"[TG(60:14),TG(59:7),TG(58:0)]_FA16:0",TAG,1217.7400817871094,1190.960090637207,1227.560073852539,1314.000087738037,1105.5600814819336,1034.1800651550293,1144.760082244873,1079.3000717163086,1132.840072631836,Group: D,Group: C,Group: D vs Group: C,4,4,Blank_Blank_Blank
"[TG(60:14),TG(59:7),TG(58:0)]_FA16:1",TAG,1053.0200805664062,1047.4600639343262,1045.3600692749023,1053.6600799560547,1050.7400703430176,1052.1400680541992,1052.6600723266602,1050.2800788879395,1068.5200729370117,Group: D,Group: C,Group: D vs Group: C,4,4,Blank_Blank_Blank
"[TG(60:14),TG(59:7),TG(58:0)]_FA18:0",TAG,1074.3600807189941,1068.9800720214844,1040.3600769042969,1030.0400772094727,1010.5200691223145,1015.4600639343262,1099.62007522583,1015.4800796508789,1032.9800758361816,Group: D,Group: C,Group: D vs Group: C,4,4,Blank_Blank_Blank
"[TG(60:14),TG(59:7),TG(58:0)]_FA18:1",TAG,1060.7400741577148,1048.8600807189941,1049.0000762939453,1096.6600723266602,1076.240077972412,1047.0400657653809,1067.3200759887695,1057.6600723266602,1080.8400688171387,Group: D,Group: C,Group: D vs Group: C,4,4,Blank_Blank_Blank
"[TG(60:14),TG(59:7),TG(58:0)]_FA18:2",TAG,1132.5200805664062,1146.4000816345215,1264.0400924682617,1128.640064239502,1143.2000846862793,1211.1200790405273,1190.1000747680664,1127.500072479248,1172.720085144043,Group: D,Group: C,Group: D vs Group: C,4,4,Blank_Blank_Blank
"[TG(60:14),TG(59:7),TG(58:0)]_FA18:3",TAG,1166.8600730895996,1200.200080871582,1167.6400871276855,1178.9400787353516,1169.5800857543945,1167.000072479248,1172.600082397461,1172.0600776672363,1172.180076599121,Group: D,Group: C,Group: D vs Group: C,4,4,Blank_Blank_Blank
"[TG(60:14),TG(59:7),TG(58:0)]_FA20:4",TAG,1283.2000999450684,1263.8800888061523,1250.3400955200195,1245.6200866699219,1356.8600997924805,1346.0600852966309,1248.700080871582,1249.0800895690918,1247.080093383789,Group: D,Group: C,Group: D vs Group: C,4,4,Blank_Blank_Blank
"[TG(60:14),TG(59:7),TG(58:0)]_FA22:5",TAG,1450.940097808838,1442.360107421875,1444.6601066589355,1492.0400886535645,1430.5401039123535,1402.2800941467285,1442.8601112365723,1456.460105895996,1375.8400955200195,Group: D,Group: C,Group: D vs Group: C,4,4,Blank_Blank_Blank
"[TG(60:14),TG(59:7),TG(58:0)]_FA22:6",TAG,1570.3401069641113,1568.2401123046875,1549.2601051330566,1551.600112915039,1529.0401039123535,1576.9401054382324,1560.7401123046875,1506.9201011657715,1513.3801040649414,Group: D,Group: C,Group: D vs Group: C,4,4,Blank_Blank_Blank
"[TG(60:15),TG(59:8),TG(58:1)]_FA14:0",TAG,1015.2400665283203,1015.680061340332,1017.8600807189941,1016.2200736999512,1013.4000701904297,1027.9600677490234,1042.1400756835938,1014.9600715637207,1013.3400764465332,Group: D,Group: C,Group: D vs Group: C,4,4,Blank_Blank_Blank
"[TG(60:15),TG(59:8),TG(58:1)]_FA16:0",TAG,1049.9800720214844,1132.940086364746,1098.4400825500488,1094.5400657653809,1127.3000717163086,1002.000072479248,1043.8200721740723,1151.8800773620605,1011.9400596618652,Group: D,Group: C,Group: D vs Group: C,4,4,Blank_Blank_Blank
"[TG(60:15),TG(59:8),TG(58:1)]_FA16:1",TAG,1095.1400833129883,1062.1000709533691,1243.340072631836,1082.4000816345215,1050.7200813293457,1069.5400733947754,1093.3800621032715,1049.5200729370117,1096.1600799560547,Group: D,Group: C,Group: D vs Group: C,4,4,Blank_Blank_Blank
"[TG(60:15),TG(59:8),TG(58:1)]_FA18:0",TAG,1013.0400695800781,1012.8600616455078,1107.4000701904297,1016.9800796508789,1009.9000778198242,1044.4400787353516,1021.2000694274902,1058.8200798034668,1085.2400665283203,Group: D,Group: C,Group: D vs Group: C,4,4,Blank_Blank_Blank
"[TG(60:15),TG(59:8),TG(58:1)]_FA18:1",TAG,1107.9200744628906,1122.2200775146484,1192.3000831604004,1140.7000770568848,1138.300090789795,1077.9200820922852,1153.6600723266602,1049.660068511963,1156.380084991455,Group: D,Group: C,Group: D vs Group: C,4,4,Blank_Blank_Blank
"[TG(60:15),TG(59:8),TG(58:1)]_FA18:2",TAG,1225.1600723266602,1139.4600677490234,1166.8000831604004,1141.280071258545,1158.0400772094727,1260.7200965881348,1139.9800758361816,1127.3000831604004,1185.5000801086426,Group: D,Group: C,Group: D vs Group: C,4,4,Blank_Blank_Blank
"[TG(60:15),TG(59:8),TG(58:1)]_FA18:3",TAG,1167.2000846862793,1167.0600852966309,1167.7800903320312,1168.780086517334,1190.340087890625,1187.8400840759277,1172.1200714111328,1172.380084991455,1173.5600776672363,Group: D,Group: C,Group: D vs Group: C,4,4,Blank_Blank_Blank
"[TG(60:15),TG(59:8),TG(58:1)]_FA20:4",TAG,1326.7800903320312,1281.1200942993164,1249.660099029541,1275.9600830078125,1252.4400901794434,1254.5400733947754,1308.6000862121582,1249.2400970458984,1246.780086517334,Group: D,Group: C,Group: D vs Group: C,4,4,Blank_Blank_Blank
"[TG(60:15),TG(59:8),TG(58:1)]_FA22:5",TAG,1409.660083770752,1374.5601081848145,1417.0001029968262,1506.8401069641113,1412.1401062011719,1411.3801002502441,1399.720100402832,1450.4401092529297,1376.380084991455,Group: D,Group: C,Group: D vs Group: C,4,4,Blank_Blank_Blank
"[TG(60:15),TG(59:8),TG(58:1)]_FA22:6",TAG,1578.6401100158691,1629.780117034912,1630.0601272583008,1530.0801124572754,1554.5201110839844,1579.9401016235352,1504.2601165771484,1567.7200965881348,1503.7600936889648,Group: D,Group: C,Group: D vs Group: C,4,4,Blank_Blank_Blank
"[TG(60:8),TG(59:1)]_FA14:0",TAG,1085.54008102417,1016.2000770568848,1083.6600761413574,1016.3800735473633,1012.9200706481934,1013.2400703430176,1014.0800704956055,1016.1400680541992,1017.0400695800781,Group: D,Group: C,Group: D vs Group: C,4,4,Blank_Blank_Blank
"[TG(60:8),TG(59:1)]_FA16:0",TAG,1060.12007522583,1116.920066833496,1045.3400764465332,1090.3800773620605,1099.7800750732422,1024.1600761413574,1017.2000694274902,1018.6800727844238,1011.7200660705566,Group: D,Group: C,Group: D vs Group: C,4,4,Blank_Blank_Blank
"[TG(60:8),TG(59:1)]_FA16:1",TAG,1051.780071258545,1046.0400695800781,1046.220069885254,1074.280071258545,1074.4800758361816,1065.0400733947754,1052.0800704956055,1067.960075378418,1091.1000709533691,Group: D,Group: C,Group: D vs Group: C,4,4,Blank_Blank_Blank
"[TG(60:8),TG(59:1)]_FA18:0",TAG,1098.9600830078125,1116.4400825500488,1072.0400848388672,1033.0200729370117,1065.980079650879,1043.6000709533691,1043.3000755310059,1016.2800598144531,1011.5000762939453,Group: D,Group: C,Group: D vs Group: C,4,4,Blank_Blank_Blank
"[TG(60:8),TG(59:1)]_FA18:1",TAG,1382.080093383789,1238.64009475708,1524.220115661621,1342.5601043701172,1051.4000663757324,1110.780071258545,1407.900104522705,1073.6000671386719,1197.2800788879395,Group: D,Group: C,Group: D vs Group: C,4,4,Blank_Blank_Blank
"[TG(60:8),TG(59:1)]_FA18:2",TAG,1578.720115661621,1747.5201225280762,2460.7801971435547,1383.6000862121582,1638.3601150512695,1479.0200958251953,1428.1200981140137,1308.8400802612305,1142.5200805664062,Group: D,Group: C,Group: D vs Group: C,4,4,Blank_Blank_Blank
"[TG(60:8),TG(59:1)]_FA18:3",TAG,1208.6400871276855,1208.600082397461,1209.5200843811035,1238.1000938415527,1276.2800903320312,1241.180088043213,1233.6600761413574,1213.9600830078125,1213.800090789795,Group: D,Group: C,Group: D vs Group: C,4,4,Blank_Blank_Blank
"[TG(60:8),TG(59:1)]_FA20:4",TAG,1387.5401000976562,1371.8000869750977,1429.9201164245605,1456.0801048278809,1474.3600997924805,1499.2601013183594,1536.9801177978516,1447.7801094055176,1288.2601051330566,Group: D,Group: C,Group: D vs Group: C,4,4,Blank_Blank_Blank
"[TG(60:8),TG(59:1)]_FA22:5",TAG,1430.3801002502441,1485.4600982666016,1702.9601097106934,1809.940128326416,1556.6401100158691,1489.3801040649414,1819.7001113891602,1790.2201194763184,1390.4600982666016,Group: D,Group: C,Group: D vs Group: C,4,4,Blank_Blank_Blank
"[TG(60:8),TG(59:1)]_FA22:6",TAG,1984.8201446533203,2048.0801544189453,2953.820213317871,1972.8801345825195,1583.5601081848145,1939.9001388549805,2785.720203399658,1837.680118560791,1573.1201171875,Group: D,Group: C,Group: D vs Group: C,4,4,Blank_Blank_Blank
"[TG(60:9),TG(59:2)]_FA14:0",TAG,1015.1000709533691,1016.3200721740723,1016.7000846862793,1016.1600723266602,1032.3400688171387,1028.1200637817383,1041.5200729370117,1052.2600631713867,1012.4000778198242,Group: D,Group: C,Group: D vs Group: C,4,4,Blank_Blank_Blank
"[TG(60:9),TG(59:2)]_FA16:0",TAG,1089.5600776672363,1136.5800819396973,1116.680076599121,1085.4200744628906,1136.2600860595703,1002.5600738525391,1050.880069732666,1009.1200714111328,1011.5200691223145,Group: D,Group: C,Group: D vs Group: C,4,4,Blank_Blank_Blank
"[TG(60:9),TG(59:2)]_FA16:1",TAG,1052.3600769042969,1104.3800659179688,1089.7800788879395,1053.9800720214844,1060.680061340332,1052.5400848388672,1154.6800842285156,1050.080078125,1091.060073852539,Group: D,Group: C,Group: D vs Group: C,4,4,Blank_Blank_Blank
"[TG(60:9),TG(59:2)]_FA18:0",TAG,1013.4200668334961,1077.8800811767578,1026.0800666809082,1037.62007522583,1011.2000732421875,1026.7400817871094,1232.3400840759277,1026.3000679016113,1029.6200675964355,Group: D,Group: C,Group: D vs Group: C,4,4,Blank_Blank_Blank
"[TG(60:9),TG(59:2)]_FA18:1",TAG,1155.4000854492188,1144.5000686645508,1302.900089263916,1279.10009765625,1076.940071105957,1120.740077972412,1661.400131225586,1049.4800643920898,1085.8000793457031,Group: D,Group: C,Group: D vs Group: C,4,4,Blank_Blank_Blank
"[TG(60:9),TG(59:2)]_FA18:2",TAG,1608.9201164245605,1603.9801063537598,2345.4601516723633,1455.7000885009766,1549.2800941467285,2032.9601516723633,1398.1401023864746,1232.7600898742676,1129.7400703430176,Group: D,Group: C,Group: D vs Group: C,4,4,Blank_Blank_Blank
"[TG(60:9),TG(59:2)]_FA18:3",TAG,1219.8200950622559,1208.3400917053223,1216.6600952148438,1279.3400840759277,1280.700096130371,1230.6600799560547,1224.8600807189941,1213.6600799560547,1214.5400886535645,Group: D,Group: C,Group: D vs Group: C,4,4,Blank_Blank_Blank
"[TG(60:9),TG(59:2)]_FA20:4",TAG,1315.5800895690918,1384.4000968933105,1545.380111694336,1718.0601119995117,1400.60009765625,1571.7201194763184,1980.8201484680176,1398.5000953674316,1288.06010055542,Group: D,Group: C,Group: D vs Group: C,4,4,Blank_Blank_Blank
"[TG(60:9),TG(59:2)]_FA22:5",TAG,1595.0001029968262,1492.980110168457,1886.8201446533203,1720.740119934082,1374.4000968933105,1658.3801040649414,1721.4401168823242,1616.8601112365723,1375.1600952148438,Group: D,Group: C,Group: D vs Group: C,4,4,Blank_Blank_Blank
"[TG(60:9),TG(59:2)]_FA22:6",TAG,2227.6801681518555,2271.0401496887207,3107.9202270507812,1828.58012008667,1703.2201194763184,1961.5801391601562,2871.3802185058594,1756.2801322937012,1520.2800979614258,Group: D,Group: C,Group: D vs Group: C,4,4,Blank_Blank_Blank
"[TG(61:10),TG(60:3)]_FA14:0",TAG,1013.9400634765625,1015.9200782775879,1017.1600799560547,1016.2800750732422,1012.7800636291504,1013.2800598144531,1013.900074005127,1015.7200736999512,1013.4000701904297,Group: D,Group: C,Group: D vs Group: C,4,4,Blank_Blank_Blank
"[TG(61:10),TG(60:3)]_FA16:0",TAG,1035.8000793457031,1010.960075378418,1006.9200630187988,1023.8200759887695,1001.1000595092773,1032.8400688171387,1002.8200721740723,1017.7200736999512,1012.8000640869141,Group: D,Group: C,Group: D vs Group: C,4,4,Blank_Blank_Blank
"[TG(61:10),TG(60:3)]_FA16:1",TAG,1052.140079498291,1046.9200706481934,1046.5200729370117,1074.6000747680664,1050.3800811767578,1102.660068511963,1052.6800651550293,1049.5800819396973,1077.8600769042969,Group: D,Group: C,Group: D vs Group: C,4,4,Blank_Blank_Blank
"[TG(61:10),TG(60:3)]_FA18:0",TAG,1012.2800636291504,1024.3000717163086,1046.000072479248,1078.4600830078125,1010.7200736999512,1013.140064239502,1060.1800804138184,1015.2800712585449,1034.0400733947754,Group: D,Group: C,Group: D vs Group: C,4,4,Blank_Blank_Blank
"[TG(61:10),TG(60:3)]_FA18:1",TAG,1063.2200775146484,1049.480079650879,1181.380084991455,1158.6000785827637,1111.8600769042969,1113.3200759887695,1239.480094909668,1092.7200736999512,1053.9200706481934,Group: D,Group: C,Group: D vs Group: C,4,4,Blank_Blank_Blank
"[TG(61:10),TG(60:3)]_FA18:2",TAG,1235.6400909423828,1157.8200759887695,1431.3801002502441,1214.8600845336914,1194.3000869750977,1371.0200996398926,1139.0000762939453,1160.5400657653809,1148.1800689697266,Group: D,Group: C,Group: D vs Group: C,4,4,Blank_Blank_Blank
"[TG(61:10),TG(60:3)]_FA18:3",TAG,1222.100082397461,1208.4800872802734,1209.9800758361816,1211.2000846862793,1236.180088043213,1279.4000968933105,1227.8200912475586,1213.2800750732422,1245.3800811767578,Group: D,Group: C,Group: D vs Group: C,4,4,Blank_Blank_Blank
"[TG(61:10),TG(60:3)]_FA20:4",TAG,1309.9400901794434,1290.9001007080078,1290.580093383789,1287.6200790405273,1294.5400886535645,1311.960090637207,1414.6200942993164,1341.300090789795,1289.5000953674316,Group: D,Group: C,Group: D vs Group: C,4,4,Blank_Blank_Blank
"[TG(61:10),TG(60:3)]_FA22:5",TAG,1373.5201034545898,1435.6000938415527,1455.0201034545898,1383.6400985717773,1374.8801002502441,1376.5800895690918,1376.3001098632812,1380.3600959777832,1434.7401084899902,Group: D,Group: C,Group: D vs Group: C,4,4,Blank_Blank_Blank
"[TG(61:10),TG(60:3)]_FA22:6",TAG,1557.8001098632812,1504.3201217651367,1536.6001167297363,1498.1801109313965,1499.2001113891602,1600.980110168457,1500.3001098632812,1499.4001007080078,1498.6600952148438,Group: D,Group: C,Group: D vs Group: C,4,4,Blank_Blank_Blank
"[TG(61:11),TG(60:4)]_FA14:0",TAG,1015.6600799560547,1016.4600791931152,1050.2600708007812,1015.6800727844238,1012.7400703430176,1012.1200714111328,1013.4200706481934,1034.0200691223145,1013.0200729370117,Group: D,Group: C,Group: D vs Group: C,4,4,Blank_Blank_Blank
"[TG(61:11),TG(60:4)]_FA16:0",TAG,1024.9400634765625,1072.9400787353516,1040.9200592041016,1005.3600692749023,1001.5800666809082,1002.0200691223145,1023.3800659179688,1003.9000816345215,1011.0200614929199,Group: D,Group: C,Group: D vs Group: C,4,4,Blank_Blank_Blank
"[TG(61:11),TG(60:4)]_FA16:1",TAG,1052.4200744628906,1046.280071258545,1046.3400764465332,1054.0400733947754,1080.560073852539,1098.2000846862793,1052.8600730895996,1050.4600715637207,1048.1200637817383,Group: D,Group: C,Group: D vs Group: C,4,4,Blank_Blank_Blank
"[TG(61:11),TG(60:4)]_FA18:0",TAG,1025.5800743103027,1056.5200729370117,1013.1600723266602,1016.7800827026367,1010.880069732666,1022.4000778198242,1042.9200706481934,1023.500072479248,1011.520076751709,Group: D,Group: C,Group: D vs Group: C,4,4,Blank_Blank_Blank
"[TG(61:11),TG(60:4)]_FA18:1",TAG,1250.6200904846191,1068.8800773620605,1217.3200874328613,1199.6200866699219,1047.0200653076172,1078.2600784301758,1306.540096282959,1049.6200675964355,1053.960060119629,Group: D,Group: C,Group: D vs Group: C,4,4,Blank_Blank_Blank
"[TG(61:11),TG(60:4)]_FA18:2",TAG,1494.8800964355469,1557.5001029968262,1342.6600914001465,1250.0800743103027,1187.2800788879395,1563.260108947754,1293.3200798034668,1157.9600715637207,1159.1400756835938,Group: D,Group: C,Group: D vs Group: C,4,4,Blank_Blank_Blank
"[TG(61:11),TG(60:4)]_FA18:3",TAG,1208.7200927734375,1240.940086364746,1228.6000862121582,1258.60009765625,1211.1200828552246,1292.4800872802734,1214.9400787353516,1214.04008102417,1214.6200828552246,Group: D,Group: C,Group: D vs Group: C,4,4,Blank_Blank_Blank
"[TG(61:11),TG(60:4)]_FA20:4",TAG,1290.1600875854492,1340.680088043213,1292.2000885009766,1294.8200912475586,1294.5000839233398,1295.080078125,1299.1200904846191,1290.3600959777832,1289.1001014709473,Group: D,Group: C,Group: D vs Group: C,4,4,Blank_Blank_Blank
"[TG(61:11),TG(60:4)]_FA22:5",TAG,1386.3000946044922,1375.2200927734375,1375.7000885009766,1465.7200927734375,1374.200107574463,1375.8000984191895,1432.8200912475586,1378.6200866699219,1397.7800941467285,Group: D,Group: C,Group: D vs Group: C,4,4,Blank_Blank_Blank
"[TG(61:11),TG(60:4)]_FA22:6",TAG,1582.8401107788086,1542.1201133728027,1543.480110168457,1498.2000999450684,1529.1201095581055,1493.6401023864746,1500.3400917053223,1518.8201179504395,1498.3001136779785,Group: D,Group: C,Group: D vs Group: C,4,4,Blank_Blank_Blank
"[TG(61:12),TG(60:5)]_FA14:0",TAG,1014.6000709533691,1016.020076751709,1017.0200653076172,1015.760066986084,1033.0400695800781,1012.9200744628906,1013.3200569152832,1015.9800643920898,1013.6400756835938,Group: D,Group: C,Group: D vs Group: C,4,4,Blank_Blank_Blank
"[TG(61:12),TG(60:5)]_FA16:0",TAG,1064.0200691223145,1007.5400772094727,1006.5000648498535,1005.360050201416,1052.4000816345215,1003.0200691223145,1010.8000793457031,1044.460075378418,1011.320068359375,Group: D,Group: C,Group: D vs Group: C,4,4,Blank_Blank_Blank
"[TG(61:12),TG(60:5)]_FA16:1",TAG,1052.2000846862793,1047.5800743103027,1046.500072479248,1054.660083770752,1050.9800834655762,1051.6400756835938,1052.3800773620605,1050.1800804138184,1048.000072479248,Group: D,Group: C,Group: D vs Group: C,4,4,Blank_Blank_Blank
"[TG(61:12),TG(60:5)]_FA18:0",TAG,1048.9800758361816,1013.5600776672363,1020.9800720214844,1017.0400733947754,1011.3000755310059,1012.4600677490234,1011.6200675964355,1015.7800712585449,1011.7200736999512,Group: D,Group: C,Group: D vs Group: C,4,4,Blank_Blank_Blank
"[TG(61:12),TG(60:5)]_FA18:1",TAG,1050.7200736999512,1048.5600662231445,1049.3000717163086,1102.4400787353516,1047.5000648498535,1114.880069732666,1103.6000747680664,1049.820083618164,1053.7000846862793,Group: D,Group: C,Group: D vs Group: C,4,4,Blank_Blank_Blank
"[TG(61:12),TG(60:5)]_FA18:2",TAG,1362.5400886535645,1311.3000793457031,1380.1600799560547,1195.4800758361816,1355.9600982666016,1469.6200942993164,1274.2800903320312,1264.8800811767578,1203.7200775146484,Group: D,Group: C,Group: D vs Group: C,4,4,Blank_Blank_Blank
"[TG(61:12),TG(60:5)]_FA18:3",TAG,1240.8600883483887,1208.9800987243652,1208.3600883483887,1283.5600852966309,1232.9000854492188,1241.8200912475586,1259.6400833129883,1214.4600868225098,1214.180076599121,Group: D,Group: C,Group: D vs Group: C,4,4,Blank_Blank_Blank
"[TG(61:12),TG(60:5)]_FA20:4",TAG,1289.2400932312012,1320.1601066589355,1381.4600982666016,1322.5801010131836,1393.8200950622559,1354.9600944519043,1342.8200950622559,1350.2001037597656,1311.2400970458984,Group: D,Group: C,Group: D vs Group: C,4,4,Blank_Blank_Blank
"[TG(61:12),TG(60:5)]_FA22:5",TAG,1373.780101776123,1451.7601051330566,1426.240089416504,1461.4601020812988,1431.2401008605957,1397.8400840759277,1388.6200828552246,1400.100082397461,1405.740104675293,Group: D,Group: C,Group: D vs Group: C,4,4,Blank_Blank_Blank
"[TG(61:12),TG(60:5)]_FA22:6",TAG,1516.4001083374023,1499.1400985717773,1523.9001159667969,1498.960117340088,1576.6601066589355,1506.8401069641113,1534.6201095581055,1499.460105895996,1540.7401123046875,Group: D,Group: C,Group: D vs Group: C,4,4,Blank_Blank_Blank
"[TG(61:13),TG(60:6)]_FA14:0",TAG,1014.6200752258301,1016.0000648498535,1018.0600776672363,1016.6200752258301,1051.7000732421875,1013.0800704956055,1057.9000701904297,1023.7000694274902,1021.4000701904297,Group: D,Group: C,Group: D vs Group: C,4,4,Blank_Blank_Blank
"[TG(61:13),TG(60:6)]_FA16:0",TAG,1047.3800811767578,1028.7800750732422,1086.9600677490234,1051.0800819396973,1071.340072631836,1048.9400749206543,1003.0400733947754,1003.4400520324707,1011.5600662231445,Group: D,Group: C,Group: D vs Group: C,4,4,Blank_Blank_Blank
"[TG(61:13),TG(60:6)]_FA16:1",TAG,1091.3400764465332,1047.2000617980957,1047.440055847168,1054.2000885009766,1051.3200759887695,1051.6000862121582,1052.960075378418,1050.4600791931152,1048.5200729370117,Group: D,Group: C,Group: D vs Group: C,4,4,Blank_Blank_Blank
"[TG(61:13),TG(60:6)]_FA18:0",TAG,1038.2000770568848,1042.0800743103027,1013.0200614929199,1055.3200874328613,1062.8800811767578,1055.0000610351562,1103.4800720214844,1015.9800758361816,1012.6000785827637,Group: D,Group: C,Group: D vs Group: C,4,4,Blank_Blank_Blank
"[TG(61:13),TG(60:6)]_FA18:1",TAG,1087.4000778198242,1049.480068206787,1090.620059967041,1062.060073852539,1098.620059967041,1092.0400695800781,1285.4600982666016,1107.7800788879395,1059.9600639343262,Group: D,Group: C,Group: D vs Group: C,4,4,Blank_Blank_Blank
"[TG(61:13),TG(60:6)]_FA18:2",TAG,1382.2001037597656,1380.2201042175293,1352.9800872802734,1188.0200843811035,1275.0400848388672,1294.8600883483887,1162.660083770752,1179.8600730895996,1129.940086364746,Group: D,Group: C,Group: D vs Group: C,4,4,Blank_Blank_Blank
"[TG(61:13),TG(60:6)]_FA18:3",TAG,1224.6800918579102,1292.220085144043,1209.1800804138184,1243.8200950622559,1273.8600883483887,1223.2200813293457,1275.280086517334,1284.7200927734375,1221.6800842285156,Group: D,Group: C,Group: D vs Group: C,4,4,Blank_Blank_Blank
"[TG(61:13),TG(60:6)]_FA20:4",TAG,1290.5000839233398,1314.320110321045,1357.740089416504,1357.5801124572754,1447.5800971984863,1414.3800964355469,1524.4601020812988,1369.1601066589355,1321.3800926208496,Group: D,Group: C,Group: D vs Group: C,4,4,Blank_Blank_Blank
"[TG(61:13),TG(60:6)]_FA22:5",TAG,1372.7000999450684,1374.4600944519043,1423.9601020812988,1379.720100402832,1374.920093536377,1455.7200965881348,1513.860107421875,1412.6800918579102,1403.4000968933105,Group: D,Group: C,Group: D vs Group: C,4,4,Blank_Blank_Blank
"[TG(61:13),TG(60:6)]_FA22:6",TAG,1524.3001136779785,1525.1401062011719,1601.140121459961,1499.1401138305664,1529.4801063537598,1493.2600936889648,1521.5401153564453,1531.6400985717773,1501.3800964355469,Group: D,Group: C,Group: D vs Group: C,4,4,Blank_Blank_Blank
"[TG(61:14),TG(60:7),TG(59:0)]_FA14:0",TAG,1016.0000648498535,1016.0000762939453,1017.1200866699219,1042.4200706481934,1012.4800720214844,1012.9200668334961,1014.7200698852539,1015.5400657653809,1012.5400733947754,Group: D,Group: C,Group: D vs Group: C,4,4,Blank_Blank_Blank
"[TG(61:14),TG(60:7),TG(59:0)]_FA16:0",TAG,1114.420066833496,1020.0000762939453,1025.0000686645508,1079.5400657653809,1112.1400756835938,1028.1200714111328,1019.520076751709,1010.4200630187988,1012.1600685119629,Group: D,Group: C,Group: D vs Group: C,4,4,Blank_Blank_Blank
"[TG(61:14),TG(60:7),TG(59:0)]_FA16:1",TAG,1124.6600875854492,1073.9800720214844,1046.640079498291,1064.8400764465332,1051.1600761413574,1083.8600692749023,1052.2200736999512,1050.500072479248,1047.5600776672363,Group: D,Group: C,Group: D vs Group: C,4,4,Blank_Blank_Blank
"[TG(61:14),TG(60:7),TG(59:0)]_FA18:0",TAG,1152.020092010498,1019.5200691223145,1099.7000732421875,1084.5600852966309,1058.6200790405273,1045.2800674438477,1250.0401000976562,1031.3600692749023,1036.6000633239746,Group: D,Group: C,Group: D vs Group: C,4,4,Blank_Blank_Blank
"[TG(61:14),TG(60:7),TG(59:0)]_FA18:1",TAG,1126.580078125,1122.2200736999512,1316.8400840759277,1129.0000686645508,1153.9000854492188,1327.1401023864746,1850.000114440918,1255.5400848388672,1067.1000747680664,Group: D,Group: C,Group: D vs Group: C,4,4,Blank_Blank_Blank
"[TG(61:14),TG(60:7),TG(59:0)]_FA18:2",TAG,1138.2600746154785,1458.000072479248,1470.3800926208496,1149.5000839233398,1398.2600860595703,1285.900089263916,1235.260097503662,1126.480079650879,1129.1200828552246,Group: D,Group: C,Group: D vs Group: C,4,4,Blank_Blank_Blank
"[TG(61:14),TG(60:7),TG(59:0)]_FA18:3",TAG,1218.1200904846191,1209.5000915527344,1260.0600814819336,1258.760097503662,1221.940086364746,1208.2200927734375,1220.840087890625,1214.0200805664062,1247.7800903320312,Group: D,Group: C,Group: D vs Group: C,4,4,Blank_Blank_Blank
"[TG(61:14),TG(60:7),TG(59:0)]_FA20:4",TAG,1312.2400932312012,1400.2001037597656,1316.7600936889648,1493.020107269287,1356.9400939941406,1361.8400993347168,1538.5001106262207,1365.3000984191895,1288.240104675293,Group: D,Group: C,Group: D vs Group: C,4,4,Blank_Blank_Blank
"[TG(61:14),TG(60:7),TG(59:0)]_FA22:5",TAG,1519.0201034545898,1476.4201049804688,1529.8401184082031,1517.0201034545898,1442.7200965881348,1574.1001052856445,1632.9601135253906,1545.780101776123,1376.5200958251953,Group: D,Group: C,Group: D vs Group: C,4,4,Blank_Blank_Blank
"[TG(61:14),TG(60:7),TG(59:0)]_FA22:6",TAG,1708.1801223754883,1667.6601104736328,1727.8801193237305,1592.6201171875,1581.040096282959,1744.1801223754883,1913.640121459961,1512.300106048584,1497.7201118469238,Group: D,Group: C,Group: D vs Group: C,4,4,Blank_Blank_Blank
"[TG(62:10),TG(61:3)]_FA14:0",TAG,1014.4400672912598,1016.7600784301758,1017.3600769042969,1016.3200645446777,1012.6000862121582,1012.3600807189941,1013.6800727844238,1015.6200714111328,1013.0800819396973,Group: D,Group: C,Group: D vs Group: C,4,4,Blank_Blank_Blank
"[TG(62:10),TG(61:3)]_FA16:0",TAG,1016.9600715637207,1040.780071258545,1014.740062713623,1005.5400657653809,1000.9400672912598,1002.7600708007812,1026.680076599121,1003.5400695800781,1011.4800796508789,Group: D,Group: C,Group: D vs Group: C,4,4,Blank_Blank_Blank
"[TG(62:10),TG(61:3)]_FA16:1",TAG,1058.8200759887695,1048.080078125,1046.3000755310059,1053.760066986084,1050.4200744628906,1139.4800758361816,1052.9400749206543,1050.3800659179688,1066.0000762939453,Group: D,Group: C,Group: D vs Group: C,4,4,Blank_Blank_Blank
"[TG(62:10),TG(61:3)]_FA18:0",TAG,1013.1200675964355,1013.6800651550293,1011.5800743103027,1049.0000801086426,1010.6200714111328,1011.460075378418,1037.5400733947754,1035.260066986084,1011.9200706481934,Group: D,Group: C,Group: D vs Group: C,4,4,Blank_Blank_Blank
"[TG(62:10),TG(61:3)]_FA18:1",TAG,1152.3800811767578,1049.240077972412,1049.52006149292,1084.3400802612305,1075.3600692749023,1047.2800750732422,1084.6600799560547,1048.8000755310059,1084.8200721740723,Group: D,Group: C,Group: D vs Group: C,4,4,Blank_Blank_Blank
"[TG(62:10),TG(61:3)]_FA18:2",TAG,1132.220069885254,1157.340072631836,1230.8600845336914,1158.1600799560547,1143.4200897216797,1214.0800704956055,1160.8800773620605,1174.4200820922852,1130.060073852539,Group: D,Group: C,Group: D vs Group: C,4,4,Blank_Blank_Blank
"[TG(62:10),TG(61:3)]_FA18:3",TAG,1208.780086517334,1234.3600845336914,1213.820083618164,1231.9600944519043,1251.3200874328613,1208.340087890625,1214.600082397461,1227.62007522583,1215.2800788879395,Group: D,Group: C,Group: D vs Group: C,4,4,Blank_Blank_Blank
"[TG(62:10),TG(61:3)]_FA20:4",TAG,1290.0800971984863,1321.7000999450684,1354.280101776123,1343.3600883483887,1346.3000869750977,1346.4600868225098,1295.300090789795,1307.54008102417,1315.0200996398926,Group: D,Group: C,Group: D vs Group: C,4,4,Blank_Blank_Blank
"[TG(62:10),TG(61:3)]_FA22:5",TAG,1372.5801086425781,1377.6601066589355,1472.5001182556152,1469.440113067627,1394.800106048584,1387.4400939941406,1376.4600982666016,1456.9001007080078,1429.6601028442383,Group: D,Group: C,Group: D vs Group: C,4,4,Blank_Blank_Blank
"[TG(62:10),TG(61:3)]_FA22:6",TAG,1580.0601081848145,1603.680118560791,1770.10013961792,1609.260108947754,1540.2601013183594,1562.100112915039,1578.0401039123535,1555.5601119995117,1539.5201110839844,Group: D,Group: C,Group: D vs Group: C,4,4,Blank_Blank_Blank
"[TG(62:11),TG(61:4)]_FA14:0",TAG,1015.5800704956055,1017.2400817871094,1018.0800743103027,1015.7000732421875,1012.5400772094727,1012.5000686645508,1019.5000686645508,1015.3600769042969,1013.8600616455078,Group: D,Group: C,Group: D vs Group: C,4,4,Blank_Blank_Blank
"[TG(62:11),TG(61:4)]_FA16:0",TAG,1008.6800727844238,1017.6400756835938,1010.9800643920898,1024.5400772094727,1003.1400680541992,1001.9600715637207,1217.200096130371,1002.9000778198242,1011.2200698852539,Group: D,Group: C,Group: D vs Group: C,4,4,Blank_Blank_Blank
"[TG(62:11),TG(61:4)]_FA16:1",TAG,1051.7800788879395,1047.4400672912598,1066.7400817871094,1053.3800735473633,1073.8600807189941,1052.1400718688965,1052.6000709533691,1051.7600784301758,1106.2000770568848,Group: D,Group: C,Group: D vs Group: C,4,4,Blank_Blank_Blank
"[TG(62:11),TG(61:4)]_FA18:0",TAG,1013.1000785827637,1012.700065612793,1084.6800842285156,1016.3200798034668,1010.440071105957,1011.7800674438477,1013.1000747680664,1014.8000679016113,1011.7400703430176,Group: D,Group: C,Group: D vs Group: C,4,4,Blank_Blank_Blank
"[TG(62:11),TG(61:4)]_FA18:1",TAG,1126.5400772094727,1049.2200660705566,1075.3000869750977,1047.7400741577148,1046.8200721740723,1047.7400665283203,1064.1000747680664,1049.12007522583,1054.4800834655762,Group: D,Group: C,Group: D vs Group: C,4,4,Blank_Blank_Blank
"[TG(62:11),TG(61:4)]_FA18:2",TAG,1131.7000732421875,1146.9600715637207,1205.6800842285156,1297.64009475708,1144.6000709533691,1254.8200874328613,1189.8800888061523,1140.1800689697266,1128.840072631836,Group: D,Group: C,Group: D vs Group: C,4,4,Blank_Blank_Blank
"[TG(62:11),TG(61:4)]_FA18:3",TAG,1208.9600868225098,1308.6600875854492,1209.1400833129883,1238.320083618164,1223.7800903320312,1252.0000953674316,1214.960075378418,1213.2600784301758,1214.0800819396973,Group: D,Group: C,Group: D vs Group: C,4,4,Blank_Blank_Blank
"[TG(62:11),TG(61:4)]_FA20:4",TAG,1344.2200965881348,1291.2800903320312,1412.9801025390625,1336.720100402832,1294.7800788879395,1354.2200927734375,1305.7800979614258,1321.240089416504,1301.800090789795,Group: D,Group: C,Group: D vs Group: C,4,4,Blank_Blank_Blank
"[TG(62:11),TG(61:4)]_FA22:5",TAG,1405.3200988769531,1436.6800918579102,1533.820110321045,1532.360092163086,1410.6000900268555,1426.0201034545898,1487.10009765625,1452.7000923156738,1375.7000923156738,Group: D,Group: C,Group: D vs Group: C,4,4,Blank_Blank_Blank
"[TG(62:11),TG(61:4)]_FA22:6",TAG,1621.6201210021973,1598.1601219177246,1838.6401329040527,1615.7401161193848,1724.1801109313965,1583.4601135253906,1898.580135345459,1589.4001083374023,1540.1401062011719,Group: D,Group: C,Group: D vs Group: C,4,4,Blank_Blank_Blank
"[TG(62:12),TG(61:5)]_FA14:0",TAG,1015.6000862121582,1017.1800765991211,1042.7400817871094,1015.9800834655762,1013.1000747680664,1012.960075378418,1013.8400688171387,1015.7800788879395,1024.6000709533691,Group: D,Group: C,Group: D vs Group: C,4,4,Blank_Blank_Blank
"[TG(62:12),TG(61:5)]_FA16:0",TAG,1110.1800689697266,1007.0200729370117,1006.8600616455078,1060.400074005127,1000.400074005127,1003.1600570678711,1029.2800674438477,1003.5000610351562,1011.7200775146484,Group: D,Group: C,Group: D vs Group: C,4,4,Blank_Blank_Blank
"[TG(62:12),TG(61:5)]_FA16:1",TAG,1052.3200721740723,1096.0400619506836,1046.1000747680664,1053.9400634765625,1051.1800804138184,1052.520076751709,1071.7200775146484,1086.5000762939453,1071.6000785827637,Group: D,Group: C,Group: D vs Group: C,4,4,Blank_Blank_Blank
"[TG(62:12),TG(61:5)]_FA18:0",TAG,1013.640064239502,1037.680076599121,1013.0400733947754,1017.6000747680664,1010.2200775146484,1033.5200691223145,1036.1600761413574,1015.5400772094727,1028.6400833129883,Group: D,Group: C,Group: D vs Group: C,4,4,Blank_Blank_Blank
"[TG(62:12),TG(61:5)]_FA18:1",TAG,1050.9400787353516,1048.9800643920898,1069.1200637817383,1063.5400733947754,1046.520076751709,1047.2600708007812,1111.4800834655762,1049.720069885254,1095.7400932312012,Group: D,Group: C,Group: D vs Group: C,4,4,Blank_Blank_Blank
"[TG(62:12),TG(61:5)]_FA18:2",TAG,1194.9200820922852,1130.2800788879395,1200.7200813293457,1128.6600761413574,1276.0201034545898,1166.6200790405273,1179.5800895690918,1133.2200813293457,1128.4000778198242,Group: D,Group: C,Group: D vs Group: C,4,4,Blank_Blank_Blank
"[TG(62:12),TG(61:5)]_FA18:3",TAG,1208.4400901794434,1209.0800895690918,1208.4200859069824,1213.7600784301758,1247.880084991455,1208.940071105957,1213.9400825500488,1272.500087738037,1214.3400802612305,Group: D,Group: C,Group: D vs Group: C,4,4,Blank_Blank_Blank
"[TG(62:12),TG(61:5)]_FA20:4",TAG,1331.300090789795,1291.0400924682617,1369.5200996398926,1320.520092010498,1370.0801086425781,1312.8800964355469,1353.7800827026367,1345.340103149414,1287.840103149414,Group: D,Group: C,Group: D vs Group: C,4,4,Blank_Blank_Blank
"[TG(62:12),TG(61:5)]_FA22:5",TAG,1463.720115661621,1380.5401000976562,1544.4601135253906,1458.6601028442383,1394.0600967407227,1410.100082397461,1588.3401145935059,1522.0000953674316,1450.0401077270508,Group: D,Group: C,Group: D vs Group: C,4,4,Blank_Blank_Blank
"[TG(62:12),TG(61:5)]_FA22:6",TAG,1681.6601104736328,1703.860122680664,2047.5801582336426,1697.5601081848145,1544.1801071166992,1706.7801361083984,1717.8601379394531,1592.5001068115234,1546.560115814209,Group: D,Group: C,Group: D vs Group: C,4,4,Blank_Blank_Blank
"[TG(62:13),TG(61:6)]_FA14:0",TAG,1039.0000801086426,1016.6000709533691,1017.4800720214844,1016.1600723266602,1041.3000831604004,1012.2200584411621,1013.2200622558594,1016.1200675964355,1013.1000747680664,Group: D,Group: C,Group: D vs Group: C,4,4,Blank_Blank_Blank
"[TG(62:13),TG(61:6)]_FA16:0",TAG,1039.460075378418,1059.5000762939453,1020.6000671386719,1005.4000549316406,1000.5000686645508,1002.3000640869141,1012.0800743103027,1002.9800643920898,1010.9400634765625,Group: D,Group: C,Group: D vs Group: C,4,4,Blank_Blank_Blank
"[TG(62:13),TG(61:6)]_FA16:1",TAG,1052.5200805664062,1093.5600776672363,1060.7000617980957,1054.000072479248,1051.3400688171387,1050.6200675964355,1066.280086517334,1049.1000747680664,1047.3000793457031,Group: D,Group: C,Group: D vs Group: C,4,4,Blank_Blank_Blank
"[TG(62:13),TG(61:6)]_FA18:0",TAG,1012.2600708007812,1013.3400764465332,1012.5400695800781,1016.5600814819336,1010.0400695800781,1012.0800628662109,1012.1600685119629,1015.440071105957,1011.940071105957,Group: D,Group: C,Group: D vs Group: C,4,4,Blank_Blank_Blank
"[TG(62:13),TG(61:6)]_FA18:1",TAG,1078.140079498291,1048.3000755310059,1049.1600723266602,1073.3800735473633,1088.9200820922852,1047.0400772094727,1182.8801002502441,1049.4200706481934,1053.3400650024414,Group: D,Group: C,Group: D vs Group: C,4,4,Blank_Blank_Blank
"[TG(62:13),TG(61:6)]_FA18:2",TAG,1177.3200798034668,1141.3600769042969,1132.8000755310059,1157.8600883483887,1169.020076751709,1129.3000793457031,1127.3800811767578,1195.8000869750977,1128.7600746154785,Group: D,Group: C,Group: D vs Group: C,4,4,Blank_Blank_Blank
"[TG(62:13),TG(61:6)]_FA18:3",TAG,1208.9800872802734,1208.7400932312012,1242.3600883483887,1211.1200714111328,1212.0600852966309,1209.4800872802734,1214.2400856018066,1219.400089263916,1214.500087738037,Group: D,Group: C,Group: D vs Group: C,4,4,Blank_Blank_Blank
"[TG(62:13),TG(61:6)]_FA20:4",TAG,1308.300106048584,1290.9001007080078,1295.500099182129,1298.8600959777832,1294.1000938415527,1325.4800910949707,1375.10009765625,1328.7200889587402,1288.6000862121582,Group: D,Group: C,Group: D vs Group: C,4,4,Blank_Blank_Blank
"[TG(62:13),TG(61:6)]_FA22:5",TAG,1373.1400985717773,1381.1801071166992,1511.9401054382324,1494.4801025390625,1532.8600997924805,1414.8200988769531,1437.300106048584,1430.56010055542,1402.7201080322266,Group: D,Group: C,Group: D vs Group: C,4,4,Blank_Blank_Blank
"[TG(62:13),TG(61:6)]_FA22:6",TAG,1771.1801300048828,1711.5201263427734,2290.320156097412,1930.2601509094238,1612.3801002502441,1637.380111694336,2101.1001472473145,1661.9201316833496,1548.9201164245605,Group: D,Group: C,Group: D vs Group: C,4,4,Blank_Blank_Blank
"[TG(62:14),TG(61:7),TG(60:0)]_FA14:0",TAG,1025.4800720214844,1015.7800788879395,1016.5600738525391,1015.7600784301758,1057.460075378418,1061.3800811767578,1029.2600708007812,1015.6800727844238,1057.960075378418,Group: D,Group: C,Group: D vs Group: C,4,4,Blank_Blank_Blank
"[TG(62:14),TG(61:7),TG(60:0)]_FA16:0",TAG,1043.280071258545,1106.8200798034668,1057.2400665283203,1084.280071258545,1153.880084991455,1002.5400695800781,1002.5800704956055,1003.6800765991211,1011.2800750732422,Group: D,Group: C,Group: D vs Group: C,4,4,Blank_Blank_Blank
"[TG(62:14),TG(61:7),TG(60:0)]_FA16:1",TAG,1052.280071258545,1046.3600730895996,1046.5800704956055,1054.100082397461,1050.560073852539,1051.2000694274902,1052.6400718688965,1050.1000709533691,1048.1600608825684,Group: D,Group: C,Group: D vs Group: C,4,4,Blank_Blank_Blank
"[TG(62:14),TG(61:7),TG(60:0)]_FA18:0",TAG,1013.7600708007812,1038.9400672912598,1083.3000679016113,1056.780086517334,1010.6800689697266,1079.520076751709,1011.940071105957,1015.8000831604004,1011.5000762939453,Group: D,Group: C,Group: D vs Group: C,4,4,Blank_Blank_Blank
"[TG(62:14),TG(61:7),TG(60:0)]_FA18:1",TAG,1062.440071105957,1048.3200759887695,1049.1600799560547,1079.0000762939453,1066.6000709533691,1047.8800735473633,1049.2600708007812,1090.2800788879395,1088.8600692749023,Group: D,Group: C,Group: D vs Group: C,4,4,Blank_Blank_Blank
"[TG(62:14),TG(61:7),TG(60:0)]_FA18:2",TAG,1136.1000709533691,1131.0000762939453,1168.560073852539,1161.3000831604004,1140.0600891113281,1129.2400856018066,1157.2600860595703,1127.1000900268555,1129.520076751709,Group: D,Group: C,Group: D vs Group: C,4,4,Blank_Blank_Blank
"[TG(62:14),TG(61:7),TG(60:0)]_FA18:3",TAG,1208.9800910949707,1257.6600875854492,1210.240077972412,1241.3600845336914,1210.7800750732422,1209.9600830078125,1214.4400901794434,1213.0000839233398,1214.7000770568848,Group: D,Group: C,Group: D vs Group: C,4,4,Blank_Blank_Blank
"[TG(62:14),TG(61:7),TG(60:0)]_FA20:4",TAG,1288.8400917053223,1290.900074005127,1292.520092010498,1316.3400993347168,1294.5000801086426,1295.1600875854492,1365.06010055542,1291.360092163086,1288.8800888061523,Group: D,Group: C,Group: D vs Group: C,4,4,Blank_Blank_Blank
"[TG(62:14),TG(61:7),TG(60:0)]_FA22:5",TAG,1384.1800918579102,1373.960090637207,1375.260097503662,1427.6800994873047,1391.7400856018066,1375.4200897216797,1386.500099182129,1424.3801078796387,1412.0201034545898,Group: D,Group: C,Group: D vs Group: C,4,4,Blank_Blank_Blank
"[TG(62:14),TG(61:7),TG(60:0)]_FA22:6",TAG,1616.0001182556152,1901.6201171875,2357.160167694092,1809.5201377868652,1721.980125427246,1681.9401321411133,1801.880142211914,1580.6601066589355,1497.5001106262207,Group: D,Group: C,Group: D vs Group: C,4,4,Blank_Blank_Blank
"[TG(62:15),TG(61:8),TG(60:1)]_FA14:0",TAG,1015.5600700378418,1016.4400672912598,1042.7000770568848,1015.6000785827637,1013.0200805664062,1012.6000633239746,1013.7200698852539,1015.7400665283203,1013.5800590515137,Group: D,Group: C,Group: D vs Group: C,4,4,Blank_Blank_Blank
"[TG(62:15),TG(61:8),TG(60:1)]_FA16:0",TAG,1042.2400703430176,1007.900074005127,1049.260066986084,1035.6800727844238,1001.0800628662109,1002.8400611877441,1064.9200744628906,1003.3000564575195,1011.7400665283203,Group: D,Group: C,Group: D vs Group: C,4,4,Blank_Blank_Blank
"[TG(62:15),TG(61:8),TG(60:1)]_FA16:1",TAG,1051.580078125,1046.720069885254,1046.940071105957,1054.4800834655762,1079.3800811767578,1052.0400772094727,1052.220085144043,1049.7200660705566,1047.4400749206543,Group: D,Group: C,Group: D vs Group: C,4,4,Blank_Blank_Blank
"[TG(62:15),TG(61:8),TG(60:1)]_FA18:0",TAG,1012.6600723266602,1012.2400779724121,1043.8600769042969,1017.260082244873,1011.2600746154785,1012.8200645446777,1031.9800758361816,1018.7600708007812,1045.7400817871094,Group: D,Group: C,Group: D vs Group: C,4,4,Blank_Blank_Blank
"[TG(62:15),TG(61:8),TG(60:1)]_FA18:1",TAG,1135.8400764465332,1049.7800750732422,1057.6000709533691,1066.6800804138184,1087.600082397461,1078.2200813293457,1077.3400688171387,1061.7600708007812,1137.1000747680664,Group: D,Group: C,Group: D vs Group: C,4,4,Blank_Blank_Blank
"[TG(62:15),TG(61:8),TG(60:1)]_FA18:2",TAG,1131.8000793457031,1169.2200775146484,1161.2200775146484,1170.6600875854492,1145.200080871582,1181.8600769042969,1126.9200744628906,1126.9000816345215,1128.8800773620605,Group: D,Group: C,Group: D vs Group: C,4,4,Blank_Blank_Blank
"[TG(62:15),TG(61:8),TG(60:1)]_FA18:3",TAG,1208.3600883483887,1208.3400840759277,1209.9800834655762,1290.8400955200195,1211.6600761413574,1275.440097808838,1223.4000816345215,1214.2400817871094,1213.9400749206543,Group: D,Group: C,Group: D vs Group: C,4,4,Blank_Blank_Blank
"[TG(62:15),TG(61:8),TG(60:1)]_FA20:4",TAG,1359.0801048278809,1291.7000885009766,1291.2600898742676,1315.900089263916,1325.9400901794434,1295.3400802612305,1326.3001022338867,1290.8200912475586,1288.440097808838,Group: D,Group: C,Group: D vs Group: C,4,4,Blank_Blank_Blank
"[TG(62:15),TG(61:8),TG(60:1)]_FA22:5",TAG,1374.2800903320312,1374.4401054382324,1386.3601036071777,1378.7600898742676,1374.2001037597656,1506.8801078796387,1376.6401023864746,1378.8600997924805,1376.3400955200195,Group: D,Group: C,Group: D vs Group: C,4,4,Blank_Blank_Blank
"[TG(62:15),TG(61:8),TG(60:1)]_FA22:6",TAG,1498.7601013183594,1497.9401206970215,1496.8400993347168,1565.8201065063477,1510.8201141357422,1525.4201049804688,1542.4200973510742,1501.2401008605957,1497.500114440918,Group: D,Group: C,Group: D vs Group: C,4,4,Blank_Blank_Blank
"[TG(62:16),TG(61:9),TG(60:2)]_FA14:0",TAG,1014.960075378418,1016.2200698852539,1036.3600769042969,1016.8600769042969,1042.980068206787,1012.8600654602051,1013.4600715637207,1016.5600700378418,1012.760066986084,Group: D,Group: C,Group: D vs Group: C,4,4,Blank_Blank_Blank
"[TG(62:16),TG(61:9),TG(60:2)]_FA16:0",TAG,1095.8600769042969,1007.4800682067871,1038.4600715637207,1005.2000694274902,1001.6600646972656,1002.520076751709,1044.62007522583,1003.0000762939453,1010.6600799560547,Group: D,Group: C,Group: D vs Group: C,4,4,Blank_Blank_Blank
"[TG(62:16),TG(61:9),TG(60:2)]_FA16:1",TAG,1055.1600723266602,1047.4200706481934,1047.0400657653809,1070.060073852539,1058.1400756835938,1052.6800804138184,1052.0800819396973,1051.1600723266602,1096.2800827026367,Group: D,Group: C,Group: D vs Group: C,4,4,Blank_Blank_Blank
"[TG(62:16),TG(61:9),TG(60:2)]_FA18:0",TAG,1013.7200660705566,1087.580078125,1013.9200668334961,1017.3000793457031,1010.8400726318359,1011.1200752258301,1012.7800750732422,1015.9200706481934,1011.3600730895996,Group: D,Group: C,Group: D vs Group: C,4,4,Blank_Blank_Blank
"[TG(62:16),TG(61:9),TG(60:2)]_FA18:1",TAG,1190.5200805664062,1048.9000778198242,1120.7400817871094,1127.9600715637207,1088.6200637817383,1066.3200759887695,1217.7601013183594,1128.0600814819336,1110.0800743103027,Group: D,Group: C,Group: D vs Group: C,4,4,Blank_Blank_Blank
"[TG(62:16),TG(61:9),TG(60:2)]_FA18:2",TAG,1206.3400917053223,1231.0600776672363,1182.1800842285156,1146.1600875854492,1126.6200828552246,1145.2600746154785,1139.1600761413574,1127.140079498291,1169.3200874328613,Group: D,Group: C,Group: D vs Group: C,4,4,Blank_Blank_Blank
"[TG(62:16),TG(61:9),TG(60:2)]_FA18:3",TAG,1208.5600852966309,1208.0800704956055,1209.2600746154785,1246.9000816345215,1211.7200813293457,1219.4200897216797,1214.1600799560547,1214.1800804138184,1228.1600761413574,Group: D,Group: C,Group: D vs Group: C,4,4,Blank_Blank_Blank
"[TG(62:16),TG(61:9),TG(60:2)]_FA20:4",TAG,1288.9600944519043,1291.2801055908203,1291.9600868225098,1321.8400840759277,1295.1400833129883,1309.1800804138184,1290.7600784301758,1291.2000923156738,1290.9000854492188,Group: D,Group: C,Group: D vs Group: C,4,4,Blank_Blank_Blank
"[TG(62:16),TG(61:9),TG(60:2)]_FA22:5",TAG,1397.5000915527344,1374.56010055542,1411.7400970458984,1432.4400939941406,1374.7400970458984,1411.0201110839844,1377.3600959777832,1379.9600944519043,1376.0000839233398,Group: D,Group: C,Group: D vs Group: C,4,4,Blank_Blank_Blank
"[TG(62:16),TG(61:9),TG(60:2)]_FA22:6",TAG,1498.3401069641113,1568.3601150512695,1512.380111694336,1518.6801147460938,1499.2401008605957,1536.1800994873047,1527.3801040649414,1499.0601119995117,1498.6201210021973,Group: D,Group: C,Group: D vs Group: C,4,4,Blank_Blank_Blank
"[TG(62:7),TG(61:0)]_FA14:0",TAG,1014.6000709533691,1016.2000732421875,1017.520076751709,1015.5800819396973,1060.720069885254,1013.200065612793,1013.0600700378418,1015.8200721740723,1013.0600852966309,Group: D,Group: C,Group: D vs Group: C,4,4,Blank_Blank_Blank
"[TG(62:7),TG(61:0)]_FA16:0",TAG,1024.8400688171387,1007.1000785827637,1043.0600662231445,1043.0200729370117,1090.4400749206543,1002.6800651550293,1028.8400688171387,1003.1800651550293,1011.7400779724121,Group: D,Group: C,Group: D vs Group: C,4,4,Blank_Blank_Blank
"[TG(62:7),TG(61:0)]_FA16:1",TAG,1052.3800621032715,1046.5200653076172,1046.100082397461,1054.3600807189941,1050.5600700378418,1052.5800819396973,1052.1800842285156,1050.1200675964355,1048.240077972412,Group: D,Group: C,Group: D vs Group: C,4,4,Blank_Blank_Blank
"[TG(62:7),TG(61:0)]_FA18:0",TAG,1012.4000701904297,1013.020076751709,1011.1000671386719,1037.460075378418,1010.9800758361816,1011.0200691223145,1035.840072631836,1015.7000770568848,1012.000072479248,Group: D,Group: C,Group: D vs Group: C,4,4,Blank_Blank_Blank
"[TG(62:7),TG(61:0)]_FA18:1",TAG,1063.4600639343262,1048.5600700378418,1048.8200721740723,1048.54008102417,1046.740077972412,1047.5400848388672,1062.6200714111328,1049.8800811767578,1075.2400741577148,Group: D,Group: C,Group: D vs Group: C,4,4,Blank_Blank_Blank
"[TG(62:7),TG(61:0)]_FA18:2",TAG,1149.9200820922852,1144.2600746154785,1163.8400840759277,1150.4800758361816,1133.2200736999512,1162.7600746154785,1126.9800643920898,1164.3200759887695,1128.8000717163086,Group: D,Group: C,Group: D vs Group: C,4,4,Blank_Blank_Blank
"[TG(62:7),TG(61:0)]_FA18:3",TAG,1215.1800804138184,1209.3600807189941,1209.8400840759277,1228.0600776672363,1211.180088043213,1235.260082244873,1213.8400802612305,1213.2000770568848,1215.2600784301758,Group: D,Group: C,Group: D vs Group: C,4,4,Blank_Blank_Blank
"[TG(62:7),TG(61:0)]_FA20:4",TAG,1289.4000968933105,1323.400089263916,1379.840103149414,1287.6200981140137,1325.040096282959,1293.9600944519043,1288.5801010131836,1290.1800994873047,1351.7001037597656,Group: D,Group: C,Group: D vs Group: C,4,4,Blank_Blank_Blank
"[TG(62:7),TG(61:0)]_FA22:5",TAG,1413.0001106262207,1469.2801055908203,1376.040096282959,1409.4401016235352,1375.0400924682617,1375.4000854492188,1475.5200996398926,1379.7200965881348,1373.960105895996,Group: D,Group: C,Group: D vs Group: C,4,4,Blank_Blank_Blank
"[TG(62:7),TG(61:0)]_FA22:6",TAG,1562.8401107788086,1671.4801292419434,1625.180118560791,1540.5001182556152,1541.6801109313965,1535.9201049804688,1583.0601119995117,1558.520107269287,1539.5601119995117,Group: D,Group: C,Group: D vs Group: C,4,4,Blank_Blank_Blank
"[TG(62:8),TG(61:1)]_FA14:0",TAG,1058.680076599121,1046.1600761413574,1016.9800720214844,1015.4800834655762,1013.3400650024414,1016.9600715637207,1014.440071105957,1041.1400756835938,1012.7400741577148,Group: D,Group: C,Group: D vs Group: C,4,4,Blank_Blank_Blank
"[TG(62:8),TG(61:1)]_FA16:0",TAG,1051.0400695800781,1007.1400680541992,1071.2000846862793,1004.8000640869141,1024.4200744628906,1033.4800720214844,1007.1600608825684,1002.8400726318359,1028.7400665283203,Group: D,Group: C,Group: D vs Group: C,4,4,Blank_Blank_Blank
"[TG(62:8),TG(61:1)]_FA16:1",TAG,1052.7800750732422,1047.0400695800781,1046.7200660705566,1054.2600784301758,1050.240077972412,1052.1200790405273,1052.3400688171387,1050.180076599121,1047.3200798034668,Group: D,Group: C,Group: D vs Group: C,4,4,Blank_Blank_Blank
"[TG(62:8),TG(61:1)]_FA18:0",TAG,1019.9200820922852,1013.1800727844238,1036.400074005127,1043.2600708007812,1011.1400756835938,1010.5400733947754,1020.1000595092773,1015.460075378418,1012.4600715637207,Group: D,Group: C,Group: D vs Group: C,4,4,Blank_Blank_Blank
"[TG(62:8),TG(61:1)]_FA18:1",TAG,1051.7000885009766,1047.920066833496,1151.9600791931152,1074.1600646972656,1047.1800804138184,1048.660068511963,1053.1600723266602,1049.6800689697266,1053.5600700378418,Group: D,Group: C,Group: D vs Group: C,4,4,Blank_Blank_Blank
"[TG(62:8),TG(61:1)]_FA18:2",TAG,1152.0000915527344,1131.5600776672363,1213.2600898742676,1142.0200729370117,1128.0600662231445,1263.1200942993164,1127.6200714111328,1127.2200736999512,1168.8600616455078,Group: D,Group: C,Group: D vs Group: C,4,4,Blank_Blank_Blank
"[TG(62:8),TG(61:1)]_FA18:3",TAG,1209.2000846862793,1209.3800773620605,1209.7400970458984,1212.8200759887695,1211.3200950622559,1208.4000778198242,1214.900089263916,1213.4000778198242,1213.7600784301758,Group: D,Group: C,Group: D vs Group: C,4,4,Blank_Blank_Blank
"[TG(62:8),TG(61:1)]_FA20:4",TAG,1300.940097808838,1290.5600929260254,1291.600082397461,1286.480094909668,1326.6600914001465,1312.5600852966309,1346.580093383789,1355.2200927734375,1289.420093536377,Group: D,Group: C,Group: D vs Group: C,4,4,Blank_Blank_Blank
"[TG(62:8),TG(61:1)]_FA22:5",TAG,1373.60009765625,1374.9800987243652,1405.1601066589355,1376.9600830078125,1393.0600929260254,1376.0000953674316,1388.0400924682617,1391.9001007080078,1413.9800872802734,Group: D,Group: C,Group: D vs Group: C,4,4,Blank_Blank_Blank
"[TG(62:8),TG(61:1)]_FA22:6",TAG,1540.1601028442383,1737.8401145935059,1680.2201194763184,1544.6801147460938,1541.6001167297363,1535.7001113891602,1687.8401184082031,1557.5001106262207,1576.0801048278809,Group: D,Group: C,Group: D vs Group: C,4,4,Blank_Blank_Blank
"[TG(62:9),TG(61:2)]_FA14:0",TAG,1015.4600677490234,1017.4200706481934,1017.5600700378418,1027.6400680541992,1012.7000694274902,1012.6200714111328,1014.2000770568848,1016.2200813293457,1012.7000732421875,Group: D,Group: C,Group: D vs Group: C,4,4,Blank_Blank_Blank
"[TG(62:9),TG(61:2)]_FA16:0",TAG,1007.460075378418,1007.3600692749023,1006.8400726318359,1072.0000686645508,1001.1200714111328,1008.1200790405273,1002.8400726318359,1113.900074005127,1010.9600715637207,Group: D,Group: C,Group: D vs Group: C,4,4,Blank_Blank_Blank
"[TG(62:9),TG(61:2)]_FA16:1",TAG,1051.7000694274902,1046.5200805664062,1046.0400657653809,1054.0000686645508,1050.6800727844238,1116.8000793457031,1052.5400695800781,1072.2000770568848,1048.080078125,Group: D,Group: C,Group: D vs Group: C,4,4,Blank_Blank_Blank
"[TG(62:9),TG(61:2)]_FA18:0",TAG,1012.5800819396973,1012.6200866699219,1016.7800827026367,1016.8200721740723,1010.240062713623,1011.1800651550293,1040.980079650879,1038.1400718688965,1056.0800704956055,Group: D,Group: C,Group: D vs Group: C,4,4,Blank_Blank_Blank
"[TG(62:9),TG(61:2)]_FA18:1",TAG,1157.880069732666,1048.480068206787,1167.1200866699219,1082.4600677490234,1047.0200653076172,1046.62007522583,1092.8600807189941,1049.9600791931152,1064.220069885254,Group: D,Group: C,Group: D vs Group: C,4,4,Blank_Blank_Blank
"[TG(62:9),TG(61:2)]_FA18:2",TAG,1227.4400787353516,1171.3400764465332,1217.9800910949707,1201.280086517334,1274.14009475708,1167.8800773620605,1204.9400787353516,1141.5600891113281,1159.160083770752,Group: D,Group: C,Group: D vs Group: C,4,4,Blank_Blank_Blank
"[TG(62:9),TG(61:2)]_FA18:3",TAG,1208.440097808838,1217.7400817871094,1265.9800987243652,1210.9600868225098,1297.360092163086,1208.7600784301758,1214.0200881958008,1214.8200798034668,1214.6400718688965,Group: D,Group: C,Group: D vs Group: C,4,4,Blank_Blank_Blank
"[TG(62:9),TG(61:2)]_FA20:4",TAG,1347.180088043213,1306.0600891113281,1292.3400955200195,1315.0800971984863,1310.3400917053223,1307.4600830078125,1346.1800956726074,1354.0801010131836,1289.440097808838,Group: D,Group: C,Group: D vs Group: C,4,4,Blank_Blank_Blank
"[TG(62:9),TG(61:2)]_FA22:5",TAG,1386.4600944519043,1375.1400909423828,1388.7600898742676,1416.2200927734375,1387.340103149414,1374.2000923156738,1377.6400909423828,1403.4800910949707,1412.080093383789,Group: D,Group: C,Group: D vs Group: C,4,4,Blank_Blank_Blank
"[TG(62:9),TG(61:2)]_FA22:6",TAG,1541.4601097106934,1646.500114440918,1686.900104522705,1540.3201026916504,1556.920108795166,1540.7801094055176,1611.0401039123535,1541.1601066589355,1539.2601127624512,Group: D,Group: C,Group: D vs Group: C,4,4,Blank_Blank_Blank
"[TG(63:11),TG(62:4)]_FA14:0",TAG,1015.1200714111328,1015.8600654602051,1017.0200653076172,1016.3600692749023,1012.9800720214844,1012.1800727844238,1035.1600761413574,1016.1800765991211,1013.7400779724121,Group: D,Group: C,Group: D vs Group: C,4,4,Blank_Blank_Blank
"[TG(63:11),TG(62:4)]_FA16:0",TAG,1007.6400604248047,1047.420078277588,1006.7000732421875,1050.060073852539,1023.0000648498535,1002.0800743103027,1002.5600700378418,1024.3600807189941,1011.6200752258301,Group: D,Group: C,Group: D vs Group: C,4,4,Blank_Blank_Blank
"[TG(63:11),TG(62:4)]_FA16:1",TAG,1135.0600776672363,1105.3600730895996,1045.920066833496,1108.2000694274902,1051.080078125,1052.6000633239746,1052.1400756835938,1049.800064086914,1047.420078277588,Group: D,Group: C,Group: D vs Group: C,4,4,Blank_Blank_Blank
"[TG(63:11),TG(62:4)]_FA18:0",TAG,1013.2400665283203,1012.5600814819336,1012.1200675964355,1024.8000717163086,1010.9400596618652,1010.4600677490234,1011.7200698852539,1015.9200706481934,1012.3600654602051,Group: D,Group: C,Group: D vs Group: C,4,4,Blank_Blank_Blank
"[TG(63:11),TG(62:4)]_FA18:1",TAG,1050.880069732666,1049.3000679016113,1049.020076751709,1047.3600769042969,1046.480068206787,1047.640079498291,1057.6400680541992,1074.7400856018066,1054.900074005127,Group: D,Group: C,Group: D vs Group: C,4,4,Blank_Blank_Blank
"[TG(63:11),TG(62:4)]_FA18:2",TAG,1154.6000747680664,1130.4400749206543,1175.080093383789,1128.200080871582,1245.7400741577148,1143.5800704956055,1160.0200805664062,1126.8000793457031,1129.5600700378418,Group: D,Group: C,Group: D vs Group: C,4,4,Blank_Blank_Blank
"[TG(63:11),TG(62:4)]_FA18:3",TAG,1209.080078125,1216.0200843811035,1210.0000953674316,1211.200096130371,1243.8000869750977,1209.7600898742676,1213.980079650879,1213.3200798034668,1213.880084991455,Group: D,Group: C,Group: D vs Group: C,4,4,Blank_Blank_Blank
"[TG(63:11),TG(62:4)]_FA20:4",TAG,1289.3000946044922,1292.1600914001465,1291.1400909423828,1286.6800918579102,1293.3800888061523,1326.2000885009766,1289.8400955200195,1291.2200965881348,1288.14009475708,Group: D,Group: C,Group: D vs Group: C,4,4,Blank_Blank_Blank
"[TG(63:11),TG(62:4)]_FA22:5",TAG,1398.1201171875,1402.980094909668,1375.540096282959,1425.4800872802734,1374.6800994873047,1375.2400932312012,1376.3200912475586,1428.3001022338867,1376.0400924682617,Group: D,Group: C,Group: D vs Group: C,4,4,Blank_Blank_Blank
"[TG(63:11),TG(62:4)]_FA22:6",TAG,1539.1401062011719,1582.3401107788086,1574.6001167297363,1539.9201126098633,1541.6601181030273,1535.5201148986816,1602.3001022338867,1540.4801063537598,1560.4800987243652,Group: D,Group: C,Group: D vs Group: C,4,4,Blank_Blank_Blank
"[TG(63:12),TG(62:5)]_FA14:0",TAG,1016.1200714111328,1033.6600723266602,1016.700065612793,1016.2200813293457,1013.0400772094727,1013.400074005127,1014.5600662231445,1015.7600784301758,1013.520076751709,Group: D,Group: C,Group: D vs Group: C,4,4,Blank_Blank_Blank
"[TG(63:12),TG(62:5)]_FA16:0",TAG,1007.4600677490234,1022.3600654602051,1006.9800796508789,1080.940071105957,1000.9800682067871,1002.4600563049316,1003.000072479248,1002.7600593566895,1011.3200645446777,Group: D,Group: C,Group: D vs Group: C,4,4,Blank_Blank_Blank
"[TG(63:12),TG(62:5)]_FA16:1",TAG,1052.440071105957,1047.7800636291504,1046.4000663757324,1053.9400749206543,1051.4600791931152,1052.1200675964355,1100.5800857543945,1049.8600769042969,1047.920066833496,Group: D,Group: C,Group: D vs Group: C,4,4,Blank_Blank_Blank
"[TG(63:12),TG(62:5)]_FA18:0",TAG,1012.1600685119629,1011.9400672912598,1010.5400657653809,1017.260082244873,1010.740062713623,1011.2800559997559,1012.7000694274902,1029.420078277588,1012.1400756835938,Group: D,Group: C,Group: D vs Group: C,4,4,Blank_Blank_Blank
"[TG(63:12),TG(62:5)]_FA18:1",TAG,1050.5000839233398,1048.440071105957,1048.7800788879395,1048.04008102417,1152.3000679016113,1047.4000701904297,1048.920078277588,1050.2800674438477,1054.200080871582,Group: D,Group: C,Group: D vs Group: C,4,4,Blank_Blank_Blank
"[TG(63:12),TG(62:5)]_FA18:2",TAG,1178.4000816345215,1130.8800735473633,1154.8000831604004,1127.7600860595703,1137.2400856018066,1199.7000732421875,1127.3800811767578,1127.4200706481934,1128.700080871582,Group: D,Group: C,Group: D vs Group: C,4,4,Blank_Blank_Blank
"[TG(63:12),TG(62:5)]_FA18:3",TAG,1209.54008102417,1209.1000747680664,1210.3000946044922,1225.660083770752,1272.4400901794434,1219.5800857543945,1214.1600723266602,1214.0000801086426,1233.0800895690918,Group: D,Group: C,Group: D vs Group: C,4,4,Blank_Blank_Blank
"[TG(63:12),TG(62:5)]_FA20:4",TAG,1289.1000862121582,1290.9800872802734,1291.4000854492188,1286.2200889587402,1293.8600883483887,1295.200080871582,1289.360092163086,1375.100082397461,1319.8600959777832,Group: D,Group: C,Group: D vs Group: C,4,4,Blank_Blank_Blank
"[TG(63:12),TG(62:5)]_FA22:5",TAG,1373.340103149414,1390.4001083374023,1375.8400955200195,1402.5200996398926,1374.8601036071777,1374.9000930786133,1376.8200912475586,1379.4401016235352,1376.2000999450684,Group: D,Group: C,Group: D vs Group: C,4,4,Blank_Blank_Blank
"[TG(63:12),TG(62:5)]_FA22:6",TAG,1540.8200988769531,1545.8801078796387,1538.9401054382324,1540.1800994873047,1541.2001037597656,1559.8801155090332,1542.240104675293,1540.8201026916504,1540.8401107788086,Group: D,Group: C,Group: D vs Group: C,4,4,Blank_Blank_Blank
"[TG(63:13),TG(62:6)]_FA14:0",TAG,1063.2400703430176,1054.9600868225098,1075.0000762939453,1015.5400733947754,1012.7600746154785,1021.4000816345215,1014.1200790405273,1015.8000717163086,1012.9000854492188,Group: D,Group: C,Group: D vs Group: C,4,4,Blank_Blank_Blank
"[TG(63:13),TG(62:6)]_FA16:0",TAG,1056.6400680541992,1007.9200592041016,1007.1600685119629,1011.7000694274902,1007.580078125,1060.7000694274902,1003.1800651550293,1003.5000648498535,1011.9200630187988,Group: D,Group: C,Group: D vs Group: C,4,4,Blank_Blank_Blank
"[TG(63:13),TG(62:6)]_FA16:1",TAG,1052.180076599121,1048.400074005127,1046.3000717163086,1098.6000747680664,1050.8000679016113,1052.2200889587402,1053.440071105957,1049.9800834655762,1048.1600608825684,Group: D,Group: C,Group: D vs Group: C,4,4,Blank_Blank_Blank
"[TG(63:13),TG(62:6)]_FA18:0",TAG,1013.0600738525391,1012.4200706481934,1020.5600700378418,1017.1800804138184,1010.5800666809082,1040.360065460205,1020.9000816345215,1015.6600646972656,1012.3200721740723,Group: D,Group: C,Group: D vs Group: C,4,4,Blank_Blank_Blank
"[TG(63:13),TG(62:6)]_FA18:1",TAG,1087.5000762939453,1049.1200828552246,1062.0000839233398,1134.7200736999512,1094.3400650024414,1070.0200691223145,1049.3600692749023,1076.0600852966309,1054.7400703430176,Group: D,Group: C,Group: D vs Group: C,4,4,Blank_Blank_Blank
"[TG(63:13),TG(62:6)]_FA18:2",TAG,1152.2800903320312,1131.1000671386719,1166.0400772094727,1129.7800827026367,1210.7800903320312,1227.3000946044922,1127.8400840759277,1126.8200759887695,1128.780086517334,Group: D,Group: C,Group: D vs Group: C,4,4,Blank_Blank_Blank
"[TG(63:13),TG(62:6)]_FA18:3",TAG,1208.7800827026367,1208.9000816345215,1210.0600852966309,1210.8400917053223,1211.2800750732422,1209.1600914001465,1213.6400833129883,1213.6600875854492,1214.320083618164,Group: D,Group: C,Group: D vs Group: C,4,4,Blank_Blank_Blank
"[TG(63:13),TG(62:6)]_FA20:4",TAG,1294.6400985717773,1290.5800857543945,1292.3000946044922,1335.8200912475586,1307.4001007080078,1294.7800903320312,1289.580093383789,1291.8800888061523,1289.280086517334,Group: D,Group: C,Group: D vs Group: C,4,4,Blank_Blank_Blank
"[TG(63:13),TG(62:6)]_FA22:5",TAG,1406.3600997924805,1373.920093536377,1383.3401107788086,1405.4800910949707,1376.3200912475586,1408.5800971984863,1376.6400985717773,1389.7600898742676,1405.580093383789,Group: D,Group: C,Group: D vs Group: C,4,4,Blank_Blank_Blank
"[TG(63:13),TG(62:6)]_FA22:6",TAG,1539.0601043701172,1539.9801177978516,1581.880111694336,1539.5601081848145,1542.4201126098633,1535.9201164245605,1542.2401123046875,1540.920108795166,1539.8001174926758,Group: D,Group: C,Group: D vs Group: C,4,4,Blank_Blank_Blank
"[TG(64:10),TG(63:3)]_FA14:0",TAG,1014.8200836181641,1016.2200813293457,1018.0200805664062,1054.7400741577148,1013.3800849914551,1013.1800651550293,1014.9800758361816,1015.3600730895996,1013.4200706481934,Group: D,Group: C,Group: D vs Group: C,4,4,Blank_Blank_Blank
"[TG(64:10),TG(63:3)]_FA16:0",TAG,1101.420078277588,1007.6400718688965,1037.2200660705566,1043.7400741577148,1004.4800643920898,1035.8400611877441,1002.320068359375,1003.0200691223145,1035.600082397461,Group: D,Group: C,Group: D vs Group: C,4,4,Blank_Blank_Blank
"[TG(64:10),TG(63:3)]_FA16:1",TAG,1052.6200675964355,1046.660068511963,1055.5800666809082,1053.9800720214844,1086.0200881958008,1052.660083770752,1052.480068206787,1049.9800758361816,1047.0000648498535,Group: D,Group: C,Group: D vs Group: C,4,4,Blank_Blank_Blank
"[TG(64:10),TG(63:3)]_FA18:0",TAG,1013.140079498291,1013.5800704956055,1011.400074005127,1016.7000770568848,1011.1400756835938,1012.1400756835938,1034.1800689697266,1014.5800704956055,1012.4600639343262,Group: D,Group: C,Group: D vs Group: C,4,4,Blank_Blank_Blank
"[TG(64:10),TG(63:3)]_FA18:1",TAG,1080.12007522583,1055.4600830078125,1093.8400764465332,1047.8600692749023,1046.460075378418,1046.9400672912598,1048.6800689697266,1050.420066833496,1054.3400764465332,Group: D,Group: C,Group: D vs Group: C,4,4,Blank_Blank_Blank
"[TG(64:10),TG(63:3)]_FA18:2",TAG,1131.5800704956055,1196.9600868225098,1131.4000701904297,1128.740077972412,1126.3000869750977,1184.1200790405273,1126.4800720214844,1127.1000747680664,1129.04008102417,Group: D,Group: C,Group: D vs Group: C,4,4,Blank_Blank_Blank
"[TG(64:10),TG(63:3)]_FA18:3",TAG,1210.5400924682617,1208.8000869750977,1208.6400871276855,1243.400089263916,1211.1000785827637,1209.880084991455,1214.3400917053223,1214.3200798034668,1214.180076599121,Group: D,Group: C,Group: D vs Group: C,4,4,Blank_Blank_Blank
"[TG(64:10),TG(63:3)]_FA20:4",TAG,1290.4800987243652,1290.60009765625,1336.1400985717773,1286.5801010131836,1295.300090789795,1294.0200996398926,1290.3400917053223,1289.9600944519043,1289.2400970458984,Group: D,Group: C,Group: D vs Group: C,4,4,Blank_Blank_Blank
"[TG(64:10),TG(63:3)]_FA22:5",TAG,1415.1200942993164,1428.5201034545898,1483.6001091003418,1540.6401023864746,1438.7400970458984,1416.1200981140137,1418.5401039123535,1451.4000968933105,1416.6000900268555,Group: D,Group: C,Group: D vs Group: C,4,4,Blank_Blank_Blank
"[TG(64:10),TG(63:3)]_FA22:6",TAG,1594.9201126098633,1540.5801086425781,1538.7801246643066,1543.08012008667,1621.6201095581055,1534.5801048278809,1541.6801071166992,1540.4401092529297,1558.8401145935059,Group: D,Group: C,Group: D vs Group: C,4,4,Blank_Blank_Blank
"[TG(64:11),TG(63:4)]_FA14:0",TAG,1014.3800735473633,1016.1800765991211,1029.2800788879395,1016.0000648498535,1013.0000648498535,1012.0200614929199,1013.8600730895996,1015.7800712585449,1013.1200752258301,Group: D,Group: C,Group: D vs Group: C,4,4,Blank_Blank_Blank
"[TG(64:11),TG(63:4)]_FA16:0",TAG,1039.5800666809082,1007.6800651550293,1006.4800796508789,1005.400074005127,1014.4800643920898,1002.4200706481934,1003.2600631713867,1002.5200653076172,1014.400074005127,Group: D,Group: C,Group: D vs Group: C,4,4,Blank_Blank_Blank
"[TG(64:11),TG(63:4)]_FA16:1",TAG,1052.2600784301758,1047.200065612793,1046.400074005127,1054.0000762939453,1052.3200798034668,1052.5000686645508,1052.2800750732422,1049.680076599121,1047.7400703430176,Group: D,Group: C,Group: D vs Group: C,4,4,Blank_Blank_Blank
"[TG(64:11),TG(63:4)]_FA18:0",TAG,1012.9800796508789,1050.6400718688965,1012.6800727844238,1049.0600776672363,1010.3200759887695,1011.2200698852539,1015.7800712585449,1014.8200721740723,1012.1600723266602,Group: D,Group: C,Group: D vs Group: C,4,4,Blank_Blank_Blank
"[TG(64:11),TG(63:4)]_FA18:1",TAG,1051.880069732666,1048.4600791931152,1049.500072479248,1049.440071105957,1047.0400733947754,1063.840072631836,1094.2400817871094,1049.8400764465332,1053.6200714111328,Group: D,Group: C,Group: D vs Group: C,4,4,Blank_Blank_Blank
"[TG(64:11),TG(63:4)]_FA18:2",TAG,1131.3600807189941,1132.940086364746,1177.9400825500488,1129.0400772094727,1189.6200904846191,1159.1600875854492,1159.2400741577148,1126.6800727844238,1129.660083770752,Group: D,Group: C,Group: D vs Group: C,4,4,Blank_Blank_Blank
"[TG(64:11),TG(63:4)]_FA18:3",TAG,1209.4000930786133,1209.4600830078125,1209.980079650879,1295.8600807189941,1210.5800895690918,1209.0200881958008,1214.6200828552246,1214.460075378418,1240.5200843811035,Group: D,Group: C,Group: D vs Group: C,4,4,Blank_Blank_Blank
"[TG(64:11),TG(63:4)]_FA20:4",TAG,1336.5800857543945,1291.0400886535645,1292.0200996398926,1306.5800895690918,1295.2800941467285,1295.6000900268555,1315.1400833129883,1291.0400924682617,1289.0200996398926,Group: D,Group: C,Group: D vs Group: C,4,4,Blank_Blank_Blank
"[TG(64:11),TG(63:4)]_FA22:5",TAG,1433.1401062011719,1453.540096282959,1452.2000999450684,1452.900104522705,1415.2201042175293,1497.3801078796387,1417.4800987243652,1463.1601028442383,1456.7401084899902,Group: D,Group: C,Group: D vs Group: C,4,4,Blank_Blank_Blank
"[TG(64:11),TG(63:4)]_FA22:6",TAG,1588.460105895996,1540.460105895996,1666.7001190185547,1562.2801055908203,1542.1601066589355,1535.7201232910156,1542.1201057434082,1540.4201049804688,1540.6601219177246,Group: D,Group: C,Group: D vs Group: C,4,4,Blank_Blank_Blank
"[TG(64:12),TG(63:5)]_FA14:0",TAG,1015.3400802612305,1015.8400764465332,1017.5000686645508,1015.3800735473633,1026.480068206787,1012.3000717163086,1013.4000778198242,1015.5600776672363,1013.1600723266602,Group: D,Group: C,Group: D vs Group: C,4,4,Blank_Blank_Blank
"[TG(64:12),TG(63:5)]_FA16:0",TAG,1007.4200744628906,1016.8000679016113,1012.4600715637207,1006.1000709533691,1000.4200706481934,1002.5200843811035,1002.2000732421875,1004.3600730895996,1010.8400764465332,Group: D,Group: C,Group: D vs Group: C,4,4,Blank_Blank_Blank
"[TG(64:12),TG(63:5)]_FA16:1",TAG,1052.060073852539,1047.0200691223145,1046.0800704956055,1053.8600692749023,1050.8800773620605,1052.1400718688965,1052.400074005127,1050.2200736999512,1048.400074005127,Group: D,Group: C,Group: D vs Group: C,4,4,Blank_Blank_Blank
"[TG(64:12),TG(63:5)]_FA18:0",TAG,1012.8800773620605,1013.200080871582,1013.1000633239746,1049.3400764465332,1011.3000793457031,1011.4000701904297,1011.7400741577148,1015.280086517334,1011.4800605773926,Group: D,Group: C,Group: D vs Group: C,4,4,Blank_Blank_Blank
"[TG(64:12),TG(63:5)]_FA18:1",TAG,1089.1200866699219,1048.820068359375,1047.9800758361816,1047.9400672912598,1046.3600692749023,1046.8600769042969,1049.340072631836,1050.3000755310059,1053.720069885254,Group: D,Group: C,Group: D vs Group: C,4,4,Blank_Blank_Blank
"[TG(64:12),TG(63:5)]_FA18:2",TAG,1131.180076599121,1131.340072631836,1136.7800750732422,1128.6800804138184,1169.2400741577148,1129.480068206787,1126.4000625610352,1149.2400741577148,1129.220069885254,Group: D,Group: C,Group: D vs Group: C,4,4,Blank_Blank_Blank
"[TG(64:12),TG(63:5)]_FA18:3",TAG,1209.080078125,1208.780071258545,1209.9200820922852,1210.5800819396973,1263.4200820922852,1251.2400970458984,1214.3400764465332,1231.440086364746,1213.8800811767578,Group: D,Group: C,Group: D vs Group: C,4,4,Blank_Blank_Blank
"[TG(64:12),TG(63:5)]_FA20:4",TAG,1289.5800895690918,1290.7200965881348,1292.1800918579102,1287.920093536377,1344.8200912475586,1296.400089263916,1289.9600830078125,1294.3400840759277,1289.1600952148438,Group: D,Group: C,Group: D vs Group: C,4,4,Blank_Blank_Blank
"[TG(64:12),TG(63:5)]_FA22:5",TAG,1415.0801086425781,1503.3201141357422,1472.5000953674316,1473.9401054382324,1415.5200958251953,1417.3000984191895,1417.9601097106934,1421.0800819396973,1417.8400917053223,Group: D,Group: C,Group: D vs Group: C,4,4,Blank_Blank_Blank
"[TG(64:12),TG(63:5)]_FA22:6",TAG,1604.2401084899902,1621.3801078796387,1667.8601150512695,1591.6401138305664,1542.480110168457,1534.7000999450684,1555.8201179504395,1540.0401229858398,1539.1200942993164,Group: D,Group: C,Group: D vs Group: C,4,4,Blank_Blank_Blank
"[TG(64:13),TG(63:6)]_FA14:0",TAG,1014.7000732421875,1015.6600723266602,1017.0800704956055,1015.6000671386719,1050.4200820922852,1072.7400741577148,1014.380069732666,1016.2400741577148,1012.8200721740723,Group: D,Group: C,Group: D vs Group: C,4,4,Blank_Blank_Blank
"[TG(64:13),TG(63:6)]_FA16:0",TAG,1006.200065612793,1007.2800750732422,1044.4200859069824,1006.0000686645508,1000.9800720214844,1002.1800689697266,1002.680061340332,1003.5000686645508,1011.9800758361816,Group: D,Group: C,Group: D vs Group: C,4,4,Blank_Blank_Blank
"[TG(64:13),TG(63:6)]_FA16:1",TAG,1051.6600799560547,1046.880069732666,1045.7800750732422,1053.8400764465332,1063.8200798034668,1064.6400909423828,1052.2400703430176,1050.4000663757324,1112.4600791931152,Group: D,Group: C,Group: D vs Group: C,4,4,Blank_Blank_Blank
"[TG(64:13),TG(63:6)]_FA18:0",TAG,1012.6800765991211,1013.7400779724121,1012.1600685119629,1016.6000747680664,1010.960075378418,1011.380069732666,1054.6200714111328,1015.160083770752,1012.2800712585449,Group: D,Group: C,Group: D vs Group: C,4,4,Blank_Blank_Blank
"[TG(64:13),TG(63:6)]_FA18:1",TAG,1050.8800735473633,1049.060073852539,1048.62007522583,1092.6000709533691,1077.700065612793,1047.4600715637207,1069.5200805664062,1050.2400703430176,1053.6400718688965,Group: D,Group: C,Group: D vs Group: C,4,4,Blank_Blank_Blank
"[TG(64:13),TG(63:6)]_FA18:2",TAG,1155.3800888061523,1131.7600746154785,1132.4600677490234,1129.6400680541992,1126.0400772094727,1129.460075378418,1126.6600723266602,1126.9000854492188,1129.0000762939453,Group: D,Group: C,Group: D vs Group: C,4,4,Blank_Blank_Blank
"[TG(64:13),TG(63:6)]_FA18:3",TAG,1209.2200775146484,1208.8200798034668,1209.280086517334,1211.480079650879,1210.6800804138184,1208.5200881958008,1213.2000923156738,1214.3600807189941,1237.1800689697266,Group: D,Group: C,Group: D vs Group: C,4,4,Blank_Blank_Blank
"[TG(64:13),TG(63:6)]_FA20:4",TAG,1320.5000953674316,1290.9600944519043,1291.5600929260254,1325.5800895690918,1294.6800956726074,1312.720085144043,1322.9000816345215,1290.6800918579102,1289.0600814819336,Group: D,Group: C,Group: D vs Group: C,4,4,Blank_Blank_Blank
"[TG(64:13),TG(63:6)]_FA22:5",TAG,1548.3201065063477,1448.7201042175293,1455.2201042175293,1582.460117340088,1417.2600936889648,1417.180103302002,1462.5200958251953,1482.3200988769531,1418.4401054382324,Group: D,Group: C,Group: D vs Group: C,4,4,Blank_Blank_Blank
"[TG(64:13),TG(63:6)]_FA22:6",TAG,1560.4001121520996,1653.7801208496094,1679.3801193237305,1562.9201202392578,1542.1401062011719,1635.6601219177246,1594.720115661621,1576.520107269287,1613.480110168457,Group: D,Group: C,Group: D vs Group: C,4,4,Blank_Blank_Blank
"[TG(64:14),TG(63:7),TG(62:0)]_FA14:0",TAG,1015.2000770568848,1015.5800666809082,1081.560073852539,1064.080078125,1013.2400817871094,1013.0200691223145,1013.5000686645508,1015.7400703430176,1013.2200736999512,Group: D,Group: C,Group: D vs Group: C,4,4,Blank_Blank_Blank
"[TG(64:14),TG(63:7),TG(62:0)]_FA16:0",TAG,1007.6200637817383,1007.2400665283203,1051.5200691223145,1051.280071258545,1001.0600662231445,1002.7600708007812,1002.8400688171387,1002.9200630187988,1011.2200622558594,Group: D,Group: C,Group: D vs Group: C,4,4,Blank_Blank_Blank
"[TG(64:14),TG(63:7),TG(62:0)]_FA16:1",TAG,1053.060073852539,1047.3800735473633,1062.5400733947754,1053.7600708007812,1051.360065460205,1052.700065612793,1052.1800727844238,1050.6000671386719,1067.020076751709,Group: D,Group: C,Group: D vs Group: C,4,4,Blank_Blank_Blank
"[TG(64:14),TG(63:7),TG(62:0)]_FA18:0",TAG,1012.9400672912598,1012.8600730895996,1011.9200706481934,1016.2400817871094,1010.8600578308105,1011.0400695800781,1012.5400695800781,1015.7000770568848,1064.1400756835938,Group: D,Group: C,Group: D vs Group: C,4,4,Blank_Blank_Blank
"[TG(64:14),TG(63:7),TG(62:0)]_FA18:1",TAG,1051.4800758361816,1048.8400688171387,1069.6000785827637,1047.5000686645508,1046.1200637817383,1098.6400680541992,1048.640079498291,1049.5800743103027,1054.2600746154785,Group: D,Group: C,Group: D vs Group: C,4,4,Blank_Blank_Blank
"[TG(64:14),TG(63:7),TG(62:0)]_FA18:2",TAG,1131.520076751709,1146.1600799560547,1131.8400764465332,1130.1600723266602,1126.2000885009766,1158.9600791931152,1127.4400787353516,1127.4800758361816,1149.3400688171387,Group: D,Group: C,Group: D vs Group: C,4,4,Blank_Blank_Blank
"[TG(64:14),TG(63:7),TG(62:0)]_FA18:3",TAG,1209.2200889587402,1209.0200843811035,1209.2600898742676,1211.5200843811035,1211.7000732421875,1209.6600761413574,1213.6000709533691,1213.9200859069824,1229.720085144043,Group: D,Group: C,Group: D vs Group: C,4,4,Blank_Blank_Blank
"[TG(64:14),TG(63:7),TG(62:0)]_FA20:4",TAG,1289.6200866699219,1289.8400917053223,1292.0000915527344,1286.480094909668,1328.5600814819336,1344.4200897216797,1314.360092163086,1290.7800979614258,1289.400089263916,Group: D,Group: C,Group: D vs Group: C,4,4,Blank_Blank_Blank
"[TG(64:14),TG(63:7),TG(62:0)]_FA22:5",TAG,1413.780101776123,1441.2601013183594,1462.000099182129,1419.940097808838,1415.60009765625,1463.5401039123535,1418.3801078796387,1421.420093536377,1418.0800971984863,Group: D,Group: C,Group: D vs Group: C,4,4,Blank_Blank_Blank
"[TG(64:14),TG(63:7),TG(62:0)]_FA22:6",TAG,1560.7201194763184,1574.8400955200195,1566.0401229858398,1539.0201110839844,1580.0001068115234,1535.0801086425781,1605.500099182129,1541.2001037597656,1539.1801109313965,Group: D,Group: C,Group: D vs Group: C,4,4,Blank_Blank_Blank
"[TG(64:15),TG(63:8),TG(62:1)]_FA14:0",TAG,1014.5200691223145,1015.5200691223145,1027.4400672912598,1016.2000732421875,1012.7600746154785,1040.5400733947754,1014.0200729370117,1014.9200820922852,1013.6200752258301,Group: D,Group: C,Group: D vs Group: C,4,4,Blank_Blank_Blank
"[TG(64:15),TG(63:8),TG(62:1)]_FA16:0",TAG,1009.0200729370117,1006.9400749206543,1043.3800773620605,1075.4600677490234,1000.940071105957,1002.8000640869141,1003.1000633239746,1003.6800765991211,1031.4600791931152,Group: D,Group: C,Group: D vs Group: C,4,4,Blank_Blank_Blank
"[TG(64:15),TG(63:8),TG(62:1)]_FA16:1",TAG,1136.4000854492188,1046.7400741577148,1054.380069732666,1054.1400718688965,1051.0800704956055,1052.060073852539,1073.1600875854492,1049.440071105957,1079.7800674438477,Group: D,Group: C,Group: D vs Group: C,4,4,Blank_Blank_Blank
"[TG(64:15),TG(63:8),TG(62:1)]_FA18:0",TAG,1012.2600784301758,1013.3000640869141,1012.0400772094727,1016.0000686645508,1011.2000694274902,1028.1400756835938,1011.9400787353516,1015.760066986084,1038.7400703430176,Group: D,Group: C,Group: D vs Group: C,4,4,Blank_Blank_Blank
"[TG(64:15),TG(63:8),TG(62:1)]_FA18:1",TAG,1051.8000793457031,1076.400074005127,1050.1200637817383,1047.3800773620605,1046.7000694274902,1047.3800811767578,1048.660068511963,1049.0200805664062,1104.9000663757324,Group: D,Group: C,Group: D vs Group: C,4,4,Blank_Blank_Blank
"[TG(64:15),TG(63:8),TG(62:1)]_FA18:2",TAG,1165.7600784301758,1132.560073852539,1166.2200889587402,1128.7200736999512,1147.920078277588,1129.4400825500488,1127.4600830078125,1126.980079650879,1165.8000755310059,Group: D,Group: C,Group: D vs Group: C,4,4,Blank_Blank_Blank
"[TG(64:15),TG(63:8),TG(62:1)]_FA18:3",TAG,1208.7200736999512,1208.960090637207,1209.9000778198242,1211.0400886535645,1212.100082397461,1209.400074005127,1214.460075378418,1213.780071258545,1214.0000762939453,Group: D,Group: C,Group: D vs Group: C,4,4,Blank_Blank_Blank
"[TG(64:15),TG(63:8),TG(62:1)]_FA20:4",TAG,1289.6001052856445,1290.220100402832,1291.1600952148438,1319.480094909668,1317.5400772094727,1312.1200942993164,1290.1400909423828,1290.8600997924805,1288.8200874328613,Group: D,Group: C,Group: D vs Group: C,4,4,Blank_Blank_Blank
"[TG(64:15),TG(63:8),TG(62:1)]_FA22:5",TAG,1374.3601036071777,1374.5400924682617,1387.6201095581055,1379.260097503662,1374.3400993347168,1376.2200927734375,1375.8800888061523,1380.0000953674316,1375.5200996398926,Group: D,Group: C,Group: D vs Group: C,4,4,Blank_Blank_Blank
"[TG(64:15),TG(63:8),TG(62:1)]_FA22:6",TAG,1540.2601051330566,1540.1001014709473,1538.9001083374023,1584.2601165771484,1542.3201065063477,1557.0001068115234,1542.0601081848145,1540.3200988769531,1540.2401123046875,Group: D,Group: C,Group: D vs Group: C,4,4,Blank_Blank_Blank
"[TG(64:16),TG(63:9),TG(62:2)]_FA14:0",TAG,1015.2800788879395,1016.9200782775879,1018.1400718688965,1015.9600868225098,1013.6400680541992,1012.5600776672363,1014.9200668334961,1015.7800827026367,1013.4400749206543,Group: D,Group: C,Group: D vs Group: C,4,4,Blank_Blank_Blank
"[TG(64:16),TG(63:9),TG(62:2)]_FA16:0",TAG,1007.3800735473633,1007.5200614929199,1006.9000663757324,1040.4000701904297,1000.9600677490234,1001.320068359375,1002.260066986084,1003.3000679016113,1010.6200714111328,Group: D,Group: C,Group: D vs Group: C,4,4,Blank_Blank_Blank
"[TG(64:16),TG(63:9),TG(62:2)]_FA16:1",TAG,1052.0800743103027,1046.4200630187988,1056.5400695800781,1054.0200729370117,1050.4200630187988,1052.0600814819336,1052.8000679016113,1049.1400756835938,1047.7600631713867,Group: D,Group: C,Group: D vs Group: C,4,4,Blank_Blank_Blank
"[TG(64:16),TG(63:9),TG(62:2)]_FA18:0",TAG,1012.6600685119629,1020.7400703430176,1011.8600654602051,1016.5600776672363,1010.2800750732422,1011.5200653076172,1011.5200691223145,1014.6200790405273,1144.2000770568848,Group: D,Group: C,Group: D vs Group: C,4,4,Blank_Blank_Blank
"[TG(64:16),TG(63:9),TG(62:2)]_FA18:1",TAG,1093.6200790405273,1048.9000701904297,1049.12007522583,1047.9000701904297,1061.8600807189941,1047.9400672912598,1049.1400680541992,1049.4400749206543,1097.760082244873,Group: D,Group: C,Group: D vs Group: C,4,4,Blank_Blank_Blank
"[TG(64:16),TG(63:9),TG(62:2)]_FA18:2",TAG,1132.5400772094727,1130.240077972412,1144.2800827026367,1129.3200798034668,1125.7200813293457,1134.8600730895996,1144.4600791931152,1140.4400787353516,1130.1600799560547,Group: D,Group: C,Group: D vs Group: C,4,4,Blank_Blank_Blank
"[TG(64:16),TG(63:9),TG(62:2)]_FA18:3",TAG,1208.5800857543945,1208.3600807189941,1210.5200881958008,1292.0600891113281,1211.1200866699219,1209.3600807189941,1263.0400772094727,1214.640079498291,1214.240089416504,Group: D,Group: C,Group: D vs Group: C,4,4,Blank_Blank_Blank
"[TG(64:16),TG(63:9),TG(62:2)]_FA20:4",TAG,1288.3200988769531,1338.5801048278809,1305.2200889587402,1286.920093536377,1301.7000885009766,1295.1400871276855,1289.3800964355469,1291.340087890625,1288.7400856018066,Group: D,Group: C,Group: D vs Group: C,4,4,Blank_Blank_Blank
"[TG(64:16),TG(63:9),TG(62:2)]_FA22:5",TAG,1373.400104522705,1390.9801025390625,1375.1801071166992,1378.3200988769531,1374.8800926208496,1373.0800895690918,1375.3400917053223,1445.1601028442383,1375.700096130371,Group: D,Group: C,Group: D vs Group: C,4,4,Blank_Blank_Blank
"[TG(64:16),TG(63:9),TG(62:2)]_FA22:6",TAG,1539.740119934082,1556.360107421875,1586.5601272583008,1548.460105895996,1574.4401016235352,1535.6801071166992,1566.8801193237305,1541.9201126098633,1539.7801094055176,Group: D,Group: C,Group: D vs Group: C,4,4,Blank_Blank_Blank
"[TG(64:17),TG(63:10),TG(62:3)]_FA14:0",TAG,1015.3600807189941,1015.760066986084,1017.3000717163086,1026.220069885254,1013.4000778198242,1012.7800712585449,1014.0400695800781,1015.700080871582,1013.7200698852539,Group: D,Group: C,Group: D vs Group: C,4,4,Blank_Blank_Blank
"[TG(64:17),TG(63:10),TG(62:3)]_FA16:0",TAG,1007.460075378418,1045.0000686645508,1007.1000747680664,1041.0200805664062,1000.1400756835938,1002.6000709533691,1009.9200706481934,1003.760066986084,1011.4600715637207,Group: D,Group: C,Group: D vs Group: C,4,4,Blank_Blank_Blank
"[TG(64:17),TG(63:10),TG(62:3)]_FA16:1",TAG,1074.6600761413574,1047.1800689697266,1046.3800659179688,1054.0800704956055,1049.9400787353516,1051.9600715637207,1052.120059967041,1096.7000846862793,1047.4000701904297,Group: D,Group: C,Group: D vs Group: C,4,4,Blank_Blank_Blank
"[TG(64:17),TG(63:10),TG(62:3)]_FA18:0",TAG,1013.6400718688965,1013.3600616455078,1018.6400680541992,1016.7600784301758,1010.4200820922852,1010.7200736999512,1012.0200729370117,1015.6400718688965,1012.380069732666,Group: D,Group: C,Group: D vs Group: C,4,4,Blank_Blank_Blank
"[TG(64:17),TG(63:10),TG(62:3)]_FA18:1",TAG,1065.9400825500488,1048.4400672912598,1068.4000778198242,1059.880069732666,1106.9600715637207,1089.3400573730469,1048.1800651550293,1049.1400756835938,1077.2800674438477,Group: D,Group: C,Group: D vs Group: C,4,4,Blank_Blank_Blank
"[TG(64:17),TG(63:10),TG(62:3)]_FA18:2",TAG,1189.1800804138184,1146.240077972412,1183.6000785827637,1148.1000709533691,1126.000072479248,1175.0200729370117,1126.3200874328613,1127.7800827026367,1149.380084991455,Group: D,Group: C,Group: D vs Group: C,4,4,Blank_Blank_Blank
"[TG(64:17),TG(63:10),TG(62:3)]_FA18:3",TAG,1209.0200881958008,1208.5600776672363,1210.3400802612305,1210.6200828552246,1239.1400871276855,1239.3000793457031,1214.4200820922852,1225.980079650879,1217.7800750732422,Group: D,Group: C,Group: D vs Group: C,4,4,Blank_Blank_Blank
"[TG(64:17),TG(63:10),TG(62:3)]_FA20:4",TAG,1287.9600982666016,1291.3200912475586,1291.0200958251953,1286.6400871276855,1294.720085144043,1297.4000816345215,1289.860107421875,1290.9400939941406,1288.3800888061523,Group: D,Group: C,Group: D vs Group: C,4,4,Blank_Blank_Blank
"[TG(64:17),TG(63:10),TG(62:3)]_FA22:5",TAG,1372.500087738037,1454.60009765625,1374.3600883483887,1378.3200950622559,1374.7601013183594,1374.3000984191895,1377.400089263916,1379.5800971984863,1375.0401039123535,Group: D,Group: C,Group: D vs Group: C,4,4,Blank_Blank_Blank
"[TG(64:17),TG(63:10),TG(62:3)]_FA22:6",TAG,1540.2801094055176,1539.6400985717773,1538.8401222229004,1540.8001136779785,1540.6200981140137,1535.8001136779785,1592.0801086425781,1541.0601043701172,1540.540096282959,Group: D,Group: C,Group: D vs Group: C,4,4,Blank_Blank_Blank
[TG(64:6)]_FA14:0,TAG,1042.1200790405273,1047.940071105957,1016.7800750732422,1015.7200736999512,1012.9800796508789,1040.3200759887695,1013.8000717163086,1015.6800842285156,1012.9800682067871,Group: D,Group: C,Group: D vs Group: C,4,4,Blank_Blank_Blank
[TG(64:6)]_FA16:0,TAG,1031.6200790405273,1007.8400764465332,1051.280071258545,1042.6200714111328,1013.1000823974609,1002.760066986084,1002.3200759887695,1003.0200691223145,1011.5600738525391,Group: D,Group: C,Group: D vs Group: C,4,4,Blank_Blank_Blank
[TG(64:6)]_FA16:1,TAG,1052.0400695800781,1047.3000679016113,1047.0000762939453,1054.080078125,1050.4600830078125,1073.6600761413574,1051.8400764465332,1050.560073852539,1047.680076599121,Group: D,Group: C,Group: D vs Group: C,4,4,Blank_Blank_Blank
[TG(64:6)]_FA18:0,TAG,1012.3000755310059,1013.320068359375,1012.3600730895996,1017.1400718688965,1011.380069732666,1011.4000701904297,1012.2200698852539,1014.4800682067871,1011.4200744628906,Group: D,Group: C,Group: D vs Group: C,4,4,Blank_Blank_Blank
[TG(64:6)]_FA18:1,TAG,1110.0000801086426,1049.8600769042969,1067.060073852539,1085.9000701904297,1149.5600776672363,1047.6000709533691,1087.0000686645508,1049.2400741577148,1054.0200691223145,Group: D,Group: C,Group: D vs Group: C,4,4,Blank_Blank_Blank
[TG(64:6)]_FA18:2,TAG,1198.9600868225098,1139.9000701904297,1132.4000701904297,1129.200065612793,1144.1200942993164,1178.8400802612305,1127.0000762939453,1126.7800903320312,1129.860065460205,Group: D,Group: C,Group: D vs Group: C,4,4,Blank_Blank_Blank
[TG(64:6)]_FA18:3,TAG,1209.2600860595703,1208.8000831604004,1209.180088043213,1257.1400871276855,1211.2200660705566,1207.8600807189941,1214.6400871276855,1214.7000770568848,1214.820068359375,Group: D,Group: C,Group: D vs Group: C,4,4,Blank_Blank_Blank
[TG(64:6)]_FA20:4,TAG,1289.6600875854492,1290.2400856018066,1291.9800910949707,1286.7400932312012,1295.1400833129883,1294.860092163086,1290.9800910949707,1290.7400970458984,1288.6600952148438,Group: D,Group: C,Group: D vs Group: C,4,4,Blank_Blank_Blank
[TG(64:6)]_FA22:5,TAG,1414.7401008605957,1416.8200912475586,1416.4801139831543,1472.6201095581055,1416.320083618164,1415.4201049804688,1418.800090789795,1422.3800964355469,1436.1001052856445,Group: D,Group: C,Group: D vs Group: C,4,4,Blank_Blank_Blank
[TG(64:6)]_FA22:6,TAG,1539.8401145935059,1568.860122680664,1546.0601043701172,1541.6601181030273,1555.8801078796387,1538.0801124572754,1542.8401222229004,1540.8401069641113,1540.0801124572754,Group: D,Group: C,Group: D vs Group: C,4,4,Blank_Blank_Blank
"[TG(64:7),TG(63:0)]_FA14:0",TAG,1025.1000671386719,1016.1600761413574,1074.2200775146484,1016.3800735473633,1016.880069732666,1012.4600677490234,1053.0200691223145,1015.9000778198242,1044.5600662231445,Group: D,Group: C,Group: D vs Group: C,4,4,Blank_Blank_Blank
"[TG(64:7),TG(63:0)]_FA16:0",TAG,1006.6600685119629,1007.7400703430176,1026.960060119629,1042.200065612793,1000.3400688171387,1018.6800727844238,1003.1400680541992,1002.640064239502,1011.9800720214844,Group: D,Group: C,Group: D vs Group: C,4,4,Blank_Blank_Blank
"[TG(64:7),TG(63:0)]_FA16:1",TAG,1094.6200828552246,1046.7800636291504,1045.54008102417,1054.360065460205,1051.0400772094727,1052.0200729370117,1053.1400718688965,1050.0200691223145,1048.2800674438477,Group: D,Group: C,Group: D vs Group: C,4,4,Blank_Blank_Blank
"[TG(64:7),TG(63:0)]_FA18:0",TAG,1011.5600738525391,1013.9400672912598,1011.9200782775879,1016.1600723266602,1010.4200668334961,1010.8000755310059,1011.6600723266602,1015.8600730895996,1011.120059967041,Group: D,Group: C,Group: D vs Group: C,4,4,Blank_Blank_Blank
"[TG(64:7),TG(63:0)]_FA18:1",TAG,1051.5600814819336,1049.4800758361816,1049.1600761413574,1046.8800735473633,1046.6000785827637,1047.280071258545,1049.1000671386719,1049.180076599121,1053.9400634765625,Group: D,Group: C,Group: D vs Group: C,4,4,Blank_Blank_Blank
"[TG(64:7),TG(63:0)]_FA18:2",TAG,1131.960075378418,1130.9200897216797,1132.7200813293457,1148.1400756835938,1125.4400825500488,1129.8400764465332,1126.9800834655762,1127.2200775146484,1129.7800750732422,Group: D,Group: C,Group: D vs Group: C,4,4,Blank_Blank_Blank
"[TG(64:7),TG(63:0)]_FA18:3",TAG,1209.1800842285156,1208.740077972412,1209.3800773620605,1210.6600914001465,1211.5200881958008,1208.8600845336914,1214.2400856018066,1214.4600868225098,1215.0000686645508,Group: D,Group: C,Group: D vs Group: C,4,4,Blank_Blank_Blank
"[TG(64:7),TG(63:0)]_FA20:4",TAG,1289.8200950622559,1289.8600845336914,1291.9200897216797,1287.3600883483887,1303.580093383789,1295.7200927734375,1289.5800819396973,1289.2600898742676,1323.080093383789,Group: D,Group: C,Group: D vs Group: C,4,4,Blank_Blank_Blank
"[TG(64:7),TG(63:0)]_FA22:5",TAG,1414.620101928711,1430.7001037597656,1416.5401000976562,1452.0600929260254,1417.180103302002,1415.5200996398926,1419.180103302002,1428.9000968933105,1416.860092163086,Group: D,Group: C,Group: D vs Group: C,4,4,Blank_Blank_Blank
"[TG(64:7),TG(63:0)]_FA22:6",TAG,1539.66011428833,1571.780117034912,1571.920124053955,1598.0801239013672,1541.4201011657715,1535.2201080322266,1541.5401153564453,1541.260108947754,1539.7201042175293,Group: D,Group: C,Group: D vs Group: C,4,4,Blank_Blank_Blank
"[TG(64:8),TG(63:1)]_FA14:0",TAG,1054.5400695800781,1015.9400787353516,1017.0800704956055,1016.3800773620605,1012.8000717163086,1012.1800689697266,1049.3600730895996,1016.440071105957,1042.5400733947754,Group: D,Group: C,Group: D vs Group: C,4,4,Blank_Blank_Blank
"[TG(64:8),TG(63:1)]_FA16:0",TAG,1047.5400657653809,1008.200065612793,1048.860065460205,1022.4800682067871,1026.8600692749023,1079.2600860595703,1009.9800720214844,1004.2800674438477,1011.320068359375,Group: D,Group: C,Group: D vs Group: C,4,4,Blank_Blank_Blank
"[TG(64:8),TG(63:1)]_FA16:1",TAG,1077.7600784301758,1046.9000701904297,1046.2000694274902,1053.4800758361816,1050.9000778198242,1052.0600852966309,1052.260066986084,1049.9200820922852,1047.9400787353516,Group: D,Group: C,Group: D vs Group: C,4,4,Blank_Blank_Blank
"[TG(64:8),TG(63:1)]_FA18:0",TAG,1012.5400695800781,1013.1000709533691,1011.5200614929199,1016.3000793457031,1010.9600639343262,1011.7600708007812,1011.4600563049316,1015.3000717163086,1011.6000671386719,Group: D,Group: C,Group: D vs Group: C,4,4,Blank_Blank_Blank
"[TG(64:8),TG(63:1)]_FA18:1",TAG,1051.2600708007812,1081.2000732421875,1048.760066986084,1058.1000671386719,1046.6600723266602,1047.6600608825684,1048.3800659179688,1049.1400756835938,1054.9600639343262,Group: D,Group: C,Group: D vs Group: C,4,4,Blank_Blank_Blank
"[TG(64:8),TG(63:1)]_FA18:2",TAG,1132.2000694274902,1131.1200790405273,1131.7200813293457,1129.1800689697266,1142.2600784301758,1129.2400741577148,1126.62007522583,1126.6000747680664,1129.4000701904297,Group: D,Group: C,Group: D vs Group: C,4,4,Blank_Blank_Blank
"[TG(64:8),TG(63:1)]_FA18:3",TAG,1208.8600769042969,1209.4600830078125,1210.8200759887695,1210.820068359375,1211.0800857543945,1208.7000770568848,1214.0200881958008,1212.9000816345215,1214.240077972412,Group: D,Group: C,Group: D vs Group: C,4,4,Blank_Blank_Blank
"[TG(64:8),TG(63:1)]_FA20:4",TAG,1289.820083618164,1290.8801002502441,1321.820083618164,1296.6400871276855,1294.240089416504,1294.600082397461,1303.8400993347168,1290.6200828552246,1288.340087890625,Group: D,Group: C,Group: D vs Group: C,4,4,Blank_Blank_Blank
"[TG(64:8),TG(63:1)]_FA22:5",TAG,1444.3801002502441,1416.1800842285156,1416.0001068115234,1420.7400856018066,1416.360092163086,1418.2600936889648,1418.460090637207,1420.3800888061523,1417.2601013183594,Group: D,Group: C,Group: D vs Group: C,4,4,Blank_Blank_Blank
"[TG(64:8),TG(63:1)]_FA22:6",TAG,1541.020107269287,1542.3401184082031,1538.2001190185547,1539.020118713379,1541.6201133728027,1534.6001091003418,1541.7800979614258,1541.3801155090332,1540.5001106262207,Group: D,Group: C,Group: D vs Group: C,4,4,Blank_Blank_Blank
"[TG(64:9),TG(63:2)]_FA14:0",TAG,1015.520076751709,1044.7600784301758,1017.5000762939453,1015.7600860595703,1098.9400749206543,1013.2200660705566,1042.7400588989258,1016.7800827026367,1013.2400741577148,Group: D,Group: C,Group: D vs Group: C,4,4,Blank_Blank_Blank
"[TG(64:9),TG(63:2)]_FA16:0",TAG,1008.1400604248047,1008.1200714111328,1007.0600662231445,1005.4800720214844,1000.7400703430176,1002.4200668334961,1032.800064086914,1004.0600700378418,1011.8800773620605,Group: D,Group: C,Group: D vs Group: C,4,4,Blank_Blank_Blank
"[TG(64:9),TG(63:2)]_FA16:1",TAG,1051.520076751709,1066.800064086914,1045.6600761413574,1054.3400688171387,1051.240077972412,1130.140079498291,1052.6400833129883,1050.5000839233398,1046.660068511963,Group: D,Group: C,Group: D vs Group: C,4,4,Blank_Blank_Blank
"[TG(64:9),TG(63:2)]_FA18:0",TAG,1012.6200790405273,1013.3600692749023,1012.6400718688965,1016.0600738525391,1010.8600692749023,1010.6800765991211,1044.9800720214844,1015.3400688171387,1012.7600708007812,Group: D,Group: C,Group: D vs Group: C,4,4,Blank_Blank_Blank
"[TG(64:9),TG(63:2)]_FA18:1",TAG,1051.2200775146484,1049.1600761413574,1048.680076599121,1066.2200622558594,1046.7600708007812,1058.3800773620605,1049.1000747680664,1049.920066833496,1054.700080871582,Group: D,Group: C,Group: D vs Group: C,4,4,Blank_Blank_Blank
"[TG(64:9),TG(63:2)]_FA18:2",TAG,1145.4800758361816,1131.0200729370117,1174.160083770752,1151.7800788879395,1125.9200744628906,1128.260082244873,1172.020076751709,1126.2600708007812,1129.5200881958008,Group: D,Group: C,Group: D vs Group: C,4,4,Blank_Blank_Blank
"[TG(64:9),TG(63:2)]_FA18:3",TAG,1209.0200805664062,1208.8000946044922,1209.1600875854492,1210.760082244873,1211.2600898742676,1208.8200759887695,1281.4000778198242,1213.9600830078125,1214.0000801086426,Group: D,Group: C,Group: D vs Group: C,4,4,Blank_Blank_Blank
"[TG(64:9),TG(63:2)]_FA20:4",TAG,1289.4200820922852,1290.5600929260254,1292.660083770752,1353.2601051330566,1295.2000770568848,1294.2600746154785,1290.1001052856445,1290.0601043701172,1288.040096282959,Group: D,Group: C,Group: D vs Group: C,4,4,Blank_Blank_Blank
"[TG(64:9),TG(63:2)]_FA22:5",TAG,1416.0801010131836,1415.8201065063477,1439.1801109313965,1420.2601051330566,1430.1400909423828,1462.2601051330566,1418.2200889587402,1421.9000968933105,1418.4801025390625,Group: D,Group: C,Group: D vs Group: C,4,4,Blank_Blank_Blank
"[TG(64:9),TG(63:2)]_FA22:6",TAG,1585.9001121520996,1541.0800971984863,1576.6601181030273,1540.0201148986816,1576.420108795166,1552.3001174926758,1556.7201080322266,1567.4401092529297,1560.6401176452637,Group: D,Group: C,Group: D vs Group: C,4,4,Blank_Blank_Blank
[TG(65:0)]_FA14:0 | [TG(66:7)]_FA14:0,TAG,1015.5600776672363,1015.8800735473633,1016.3800735473633,1016.2200775146484,1013.6000633239746,1038.8800659179688,1014.3600730895996,1039.240077972412,1013.0200691223145,Group: D,Group: C,Group: D vs Group: C,4,4,Blank_Blank_Blank
[TG(65:0)]_FA14:0 | [TG(66:7)]_FA14:0_2,TAG,1015.7000732421875,1017.5200729370117,1016.3200759887695,1015.4400672912598,1012.4400672912598,1018.3400802612305,1020.1800727844238,1015.6800804138184,1012.5000648498535,Group: D,Group: C,Group: D vs Group: C,4,4,Blank_Blank_Blank
[TG(65:0)]_FA16:0,TAG,1038.3000755310059,1007.4800720214844,1006.9000701904297,1055.12007522583,1000.4200706481934,1002.9400634765625,1002.8200607299805,1003.9000778198242,1011.9400787353516,Group: D,Group: C,Group: D vs Group: C,4,4,Blank_Blank_Blank
[TG(65:0)]_FA18:0,TAG,1012.7600631713867,1012.2600708007812,1011.2600784301758,1017.0400619506836,1010.5800704956055,1011.8800773620605,1012.460075378418,1015.2200736999512,1011.6800727844238,Group: D,Group: C,Group: D vs Group: C,4,4,Blank_Blank_Blank
"[TG(65:12),TG(64:5)]_FA14:0",TAG,1033.4400787353516,1044.940071105957,1016.4400672912598,1065.180076599121,1048.4800834655762,1023.8800735473633,1013.8800659179688,1015.6800651550293,1013.5600700378418,Group: D,Group: C,Group: D vs Group: C,4,4,Blank_Blank_Blank
"[TG(65:12),TG(64:5)]_FA16:0",TAG,1023.8600692749023,1045.3000793457031,1020.8000679016113,1005.760082244873,1000.8000679016113,1002.2400703430176,1002.3800659179688,1004.400074005127,1011.1200752258301,Group: D,Group: C,Group: D vs Group: C,4,4,Blank_Blank_Blank
"[TG(65:12),TG(64:5)]_FA16:1",TAG,1052.700080871582,1046.9000778198242,1046.4200706481934,1053.6800804138184,1050.9200744628906,1052.1000709533691,1052.780071258545,1050.0600662231445,1048.5800743103027,Group: D,Group: C,Group: D vs Group: C,4,4,Blank_Blank_Blank
"[TG(65:12),TG(64:5)]_FA18:0",TAG,1013.7000732421875,1014.3800735473633,1013.0600776672363,1016.8400726318359,1010.9600639343262,1010.9200706481934,1011.5800666809082,1015.6000709533691,1011.7200775146484,Group: D,Group: C,Group: D vs Group: C,4,4,Blank_Blank_Blank
"[TG(65:12),TG(64:5)]_FA18:1",TAG,1078.7200736999512,1054.2600746154785,1048.520076751709,1047.480068206787,1082.3800621032715,1048.1000671386719,1048.2400665283203,1048.9200744628906,1067.000072479248,Group: D,Group: C,Group: D vs Group: C,4,4,Blank_Blank_Blank
"[TG(65:12),TG(64:5)]_FA18:2",TAG,1132.4400825500488,1130.9800643920898,1147.3400802612305,1129.2800788879395,1149.7600784301758,1129.480068206787,1126.9000778198242,1128.1200828552246,1129.3000755310059,Group: D,Group: C,Group: D vs Group: C,4,4,Blank_Blank_Blank
"[TG(65:12),TG(64:5)]_FA18:3",TAG,1209.3800888061523,1210.140079498291,1274.900089263916,1210.3400955200195,1256.9200820922852,1208.2600860595703,1214.04008102417,1214.7600860595703,1214.1200828552246,Group: D,Group: C,Group: D vs Group: C,4,4,Blank_Blank_Blank
"[TG(65:12),TG(64:5)]_FA20:4",TAG,1289.400089263916,1290.2600936889648,1297.0400733947754,1287.4800872802734,1294.6600914001465,1295.2600746154785,1290.5000953674316,1290.740089416504,1288.5600891113281,Group: D,Group: C,Group: D vs Group: C,4,4,Blank_Blank_Blank
"[TG(65:12),TG(64:5)]_FA22:5",TAG,1416.240104675293,1417.300090789795,1416.8201065063477,1420.1600952148438,1416.3801002502441,1417.4000930786133,1417.4600982666016,1439.8200912475586,1417.1200942993164,Group: D,Group: C,Group: D vs Group: C,4,4,Blank_Blank_Blank
"[TG(65:12),TG(64:5)]_FA22:6",TAG,1539.400104522705,1585.16011428833,1538.5801086425781,1539.9401092529297,1540.2201118469238,1534.9800987243652,1571.0601081848145,1540.56010055542,1539.720115661621,Group: D,Group: C,Group: D vs Group: C,4,4,Blank_Blank_Blank
[TG(66:0)]_FA16:0,TAG,1017.9800758361816,1042.680076599121,1005.3800735473633,1040.400074005127,999.7000770568848,1002.400074005127,1001.8200798034668,1003.2600555419922,1010.3200721740723,Group: D,Group: C,Group: D vs Group: C,4,4,Blank_Blank_Blank
[TG(66:0)]_FA18:0,TAG,1011.7000732421875,1012.5400695800781,1010.9400634765625,1015.7200660705566,1009.2400741577148,1010.1600723266602,1010.7200622558594,1038.740077972412,1010.8400688171387,Group: D,Group: C,Group: D vs Group: C,4,4,Blank_Blank_Blank
[TG(66:1)]_FA14:0,TAG,1015.0000648498535,1015.6200752258301,1017.6800727844238,1016.2400817871094,1050.2600708007812,1013.5400695800781,1013.7200775146484,1015.6000823974609,1012.8400726318359,Group: D,Group: C,Group: D vs Group: C,4,4,Blank_Blank_Blank
[TG(66:1)]_FA16:0,TAG,1006.8600730895996,1006.5000610351562,1012.5800666809082,1005.3600692749023,1106.8800811767578,1002.7000732421875,1003.0200691223145,1003.2800712585449,1011.4200630187988,Group: D,Group: C,Group: D vs Group: C,4,4,Blank_Blank_Blank
[TG(66:1)]_FA16:1,TAG,1101.2600860595703,1087.8800811767578,1093.2800903320312,1095.220069885254,1091.9000854492188,1093.1600723266602,1095.1000633239746,1090.0600776672363,1088.780071258545,Group: D,Group: C,Group: D vs Group: C,4,4,Blank_Blank_Blank
[TG(66:1)]_FA18:0,TAG,1012.4200782775879,1013.3400650024414,1011.580078125,1097.12007522583,1010.5400695800781,1010.7200736999512,1011.7200775146484,1015.520076751709,1012.3200721740723,Group: D,Group: C,Group: D vs Group: C,4,4,Blank_Blank_Blank
[TG(66:1)]_FA18:1,TAG,1091.6200790405273,1089.960075378418,1090.4000778198242,1088.0000686645508,1087.4800720214844,1099.320083618164,1090.8200721740723,1090.6000747680664,1096.0200805664062,Group: D,Group: C,Group: D vs Group: C,4,4,Blank_Blank_Blank
"[TG(66:10),TG(65:3)]_FA14:0",TAG,1014.5600776672363,1016.3600730895996,1017.2800750732422,1015.3600616455078,1013.2400703430176,1012.6600723266602,1013.1800765991211,1016.4400825500488,1037.6000595092773,Group: D,Group: C,Group: D vs Group: C,4,4,Blank_Blank_Blank
"[TG(66:10),TG(65:3)]_FA16:0",TAG,1045.4400749206543,1007.1600608825684,1006.260066986084,1038.1800727844238,1000.0000686645508,1002.5400695800781,1002.6200675964355,1003.940055847168,1011.1200714111328,Group: D,Group: C,Group: D vs Group: C,4,4,Blank_Blank_Blank
"[TG(66:10),TG(65:3)]_FA16:1",TAG,1051.960075378418,1047.460075378418,1045.8000679016113,1054.2400856018066,1051.1200714111328,1071.4000778198242,1053.3800773620605,1050.6600799560547,1048.060073852539,Group: D,Group: C,Group: D vs Group: C,4,4,Blank_Blank_Blank
"[TG(66:10),TG(65:3)]_FA18:0",TAG,1012.9600639343262,1013.3600730895996,1012.140079498291,1017.0400810241699,1010.2200736999512,1011.4600677490234,1011.6200637817383,1015.4400672912598,1011.6600799560547,Group: D,Group: C,Group: D vs Group: C,4,4,Blank_Blank_Blank
"[TG(66:10),TG(65:3)]_FA18:1",TAG,1050.8600769042969,1048.940086364746,1049.5800743103027,1084.0800666809082,1048.5200729370117,1068.320068359375,1050.9800643920898,1070.0200729370117,1075.4400787353516,Group: D,Group: C,Group: D vs Group: C,4,4,Blank_Blank_Blank
"[TG(66:10),TG(65:3)]_FA18:2",TAG,1131.6200828552246,1130.5800743103027,1179.820083618164,1129.740077972412,1125.7800750732422,1133.0800857543945,1205.5000801086426,1126.380069732666,1128.9400787353516,Group: D,Group: C,Group: D vs Group: C,4,4,Blank_Blank_Blank
"[TG(66:10),TG(65:3)]_FA18:3",TAG,1211.600082397461,1208.8200798034668,1209.3200912475586,1210.5400772094727,1211.4400901794434,1208.5400886535645,1247.640079498291,1214.2200775146484,1214.940086364746,Group: D,Group: C,Group: D vs Group: C,4,4,Blank_Blank_Blank
"[TG(66:10),TG(65:3)]_FA20:4",TAG,1289.64009475708,1290.480094909668,1292.1800956726074,1287.0800857543945,1309.5400886535645,1294.7800941467285,1290.4000778198242,1289.820083618164,1288.1800842285156,Group: D,Group: C,Group: D vs Group: C,4,4,Blank_Blank_Blank
"[TG(66:10),TG(65:3)]_FA22:5",TAG,1414.3801078796387,1427.8400955200195,1424.440086364746,1426.2401084899902,1416.4801177978516,1415.6001091003418,1419.4400825500488,1438.1600914001465,1416.6001052856445,Group: D,Group: C,Group: D vs Group: C,4,4,Blank_Blank_Blank
"[TG(66:10),TG(65:3)]_FA22:6",TAG,1540.2201118469238,1540.3201179504395,1538.6401176452637,1540.2401084899902,1542.0000953674316,1535.6401138305664,1562.2801055908203,1540.5601043701172,1539.1801109313965,Group: D,Group: C,Group: D vs Group: C,4,4,Blank_Blank_Blank
"[TG(66:11),TG(65:4)]_FA14:0",TAG,1015.1200714111328,1016.0800666809082,1016.6200790405273,1016.2800712585449,1016.4200744628906,1012.2000732421875,1014.2000732421875,1016.080078125,1012.5400695800781,Group: D,Group: C,Group: D vs Group: C,4,4,Blank_Blank_Blank
"[TG(66:11),TG(65:4)]_FA16:0",TAG,1017.4600639343262,1024.6200790405273,1006.6000671386719,1005.8000640869141,1000.5200805664062,1002.4400672912598,1020.4800720214844,1004.4400634765625,1011.9600677490234,Group: D,Group: C,Group: D vs Group: C,4,4,Blank_Blank_Blank
"[TG(66:11),TG(65:4)]_FA16:1",TAG,1059.1200790405273,1075.680076599121,1046.9000701904297,1056.860065460205,1062.760082244873,1052.4800643920898,1052.1000747680664,1050.0800743103027,1047.480068206787,Group: D,Group: C,Group: D vs Group: C,4,4,Blank_Blank_Blank
"[TG(66:11),TG(65:4)]_FA18:0",TAG,1013.8400688171387,1013.8200721740723,1012.4400672912598,1017.9600715637207,1010.400074005127,1011.8200721740723,1012.4600715637207,1015.3400688171387,1011.7400703430176,Group: D,Group: C,Group: D vs Group: C,4,4,Blank_Blank_Blank
"[TG(66:11),TG(65:4)]_FA18:1",TAG,1051.8000717163086,1048.7600746154785,1066.340072631836,1048.1800689697266,1046.8000679016113,1047.0200729370117,1049.380069732666,1050.020076751709,1053.2800750732422,Group: D,Group: C,Group: D vs Group: C,4,4,Blank_Blank_Blank
"[TG(66:11),TG(65:4)]_FA18:2",TAG,1131.6200790405273,1178.3400650024414,1145.5200843811035,1159.04008102417,1148.6600761413574,1142.5600624084473,1127.3200759887695,1127.420078277588,1129.9000816345215,Group: D,Group: C,Group: D vs Group: C,4,4,Blank_Blank_Blank
"[TG(66:11),TG(65:4)]_FA18:3",TAG,1210.0400924682617,1208.6600799560547,1209.0800819396973,1211.1600761413574,1211.4400749206543,1208.6000900268555,1231.3800888061523,1247.8600807189941,1214.54008102417,Group: D,Group: C,Group: D vs Group: C,4,4,Blank_Blank_Blank
"[TG(66:11),TG(65:4)]_FA20:4",TAG,1290.1400871276855,1291.5000915527344,1304.8800926208496,1287.3200912475586,1318.1800842285156,1295.2800941467285,1290.960090637207,1290.0801124572754,1288.8000869750977,Group: D,Group: C,Group: D vs Group: C,4,4,Blank_Blank_Blank
"[TG(66:11),TG(65:4)]_FA22:5",TAG,1414.2600860595703,1416.2801055908203,1416.8401145935059,1420.9800987243652,1415.9401092529297,1418.1000938415527,1418.2200889587402,1420.940097808838,1417.260108947754,Group: D,Group: C,Group: D vs Group: C,4,4,Blank_Blank_Blank
"[TG(66:11),TG(65:4)]_FA22:6",TAG,1539.9001121520996,1540.020107269287,1538.640121459961,1539.5601234436035,1540.1801109313965,1535.020107269287,1542.1801109313965,1540.2400970458984,1540.220100402832,Group: D,Group: C,Group: D vs Group: C,4,4,Blank_Blank_Blank
"[TG(66:12),TG(65:5)]_FA14:0",TAG,1015.6800804138184,1016.4200706481934,1038.0600700378418,1015.9000778198242,1012.3600692749023,1012.1600685119629,1013.2800674438477,1016.5600700378418,1012.9200744628906,Group: D,Group: C,Group: D vs Group: C,4,4,Blank_Blank_Blank
"[TG(66:12),TG(65:5)]_FA16:0",TAG,1007.0400695800781,1008.0400619506836,1029.840072631836,1005.7200660705566,1000.6600723266602,1002.320068359375,1054.7400741577148,1003.6800651550293,1011.5400695800781,Group: D,Group: C,Group: D vs Group: C,4,4,Blank_Blank_Blank
"[TG(66:12),TG(65:5)]_FA16:1",TAG,1051.4600791931152,1046.900074005127,1046.3400802612305,1054.0400733947754,1050.440071105957,1051.1400756835938,1053.1600723266602,1050.7600784301758,1047.4000663757324,Group: D,Group: C,Group: D vs Group: C,4,4,Blank_Blank_Blank
"[TG(66:12),TG(65:5)]_FA18:0",TAG,1014.7200622558594,1012.640064239502,1012.8200798034668,1016.9200744628906,1011.0800666809082,1011.8800773620605,1011.7600708007812,1015.9000816345215,1011.320068359375,Group: D,Group: C,Group: D vs Group: C,4,4,Blank_Blank_Blank
"[TG(66:12),TG(65:5)]_FA18:1",TAG,1051.2200736999512,1092.200080871582,1048.3400650024414,1099.7000732421875,1046.8800621032715,1066.9200744628906,1054.420066833496,1049.8000717163086,1068.020076751709,Group: D,Group: C,Group: D vs Group: C,4,4,Blank_Blank_Blank
"[TG(66:12),TG(65:5)]_FA18:2",TAG,1131.0600852966309,1131.2400741577148,1154.0200843811035,1157.7200927734375,1179.7800941467285,1128.5000801086426,1127.600082397461,1126.7200736999512,1129.2600746154785,Group: D,Group: C,Group: D vs Group: C,4,4,Blank_Blank_Blank
"[TG(66:12),TG(65:5)]_FA18:3",TAG,1207.920093536377,1209.0400924682617,1209.7600708007812,1217.6400871276855,1237.3800773620605,1208.1200866699219,1214.4000778198242,1212.9400749206543,1214.0600814819336,Group: D,Group: C,Group: D vs Group: C,4,4,Blank_Blank_Blank
"[TG(66:12),TG(65:5)]_FA20:4",TAG,1289.1400985717773,1290.4600944519043,1292.0000839233398,1287.2000885009766,1295.1400833129883,1295.7400932312012,1291.1800918579102,1289.8200950622559,1288.8600959777832,Group: D,Group: C,Group: D vs Group: C,4,4,Blank_Blank_Blank
"[TG(66:12),TG(65:5)]_FA22:5",TAG,1440.380111694336,1460.3201026916504,1475.5001029968262,1419.9200973510742,1441.700096130371,1416.9001007080078,1553.7401161193848,1421.0400848388672,1417.4800987243652,Group: D,Group: C,Group: D vs Group: C,4,4,Blank_Blank_Blank
"[TG(66:12),TG(65:5)]_FA22:6",TAG,1539.1201171875,1540.6201133728027,1566.3401069641113,1539.2401237487793,1539.960105895996,1534.7801055908203,1589.700107574463,1565.2801094055176,1540.0001068115234,Group: D,Group: C,Group: D vs Group: C,4,4,Blank_Blank_Blank
"[TG(66:13),TG(65:6)]_FA14:0",TAG,1015.8800735473633,1035.8600692749023,1016.580078125,1015.9800796508789,1012.5800666809082,1012.7800712585449,1014.1200714111328,1016.4800682067871,1013.4400634765625,Group: D,Group: C,Group: D vs Group: C,4,4,Blank_Blank_Blank
"[TG(66:13),TG(65:6)]_FA16:0",TAG,1007.6200714111328,1007.4800682067871,1006.7400703430176,1006.5600738525391,1000.9800605773926,1003.0400657653809,1002.3400650024414,1009.0800552368164,1011.080078125,Group: D,Group: C,Group: D vs Group: C,4,4,Blank_Blank_Blank
"[TG(66:13),TG(65:6)]_FA16:1",TAG,1052.0600776672363,1046.960075378418,1046.2800750732422,1072.6000709533691,1051.3400764465332,1052.0600776672363,1098.0200729370117,1050.1400718688965,1048.0200691223145,Group: D,Group: C,Group: D vs Group: C,4,4,Blank_Blank_Blank
"[TG(66:13),TG(65:6)]_FA18:0",TAG,1013.5400772094727,1036.8000793457031,1032.1000709533691,1017.3400764465332,1010.4000663757324,1011.5800704956055,1011.9400787353516,1084.8400764465332,1011.8000717163086,Group: D,Group: C,Group: D vs Group: C,4,4,Blank_Blank_Blank
"[TG(66:13),TG(65:6)]_FA18:1",TAG,1051.0600776672363,1049.7200775146484,1049.400074005127,1047.0400695800781,1046.5800666809082,1047.060073852539,1049.5200691223145,1049.9400749206543,1053.4600715637207,Group: D,Group: C,Group: D vs Group: C,4,4,Blank_Blank_Blank
"[TG(66:13),TG(65:6)]_FA18:2",TAG,1132.2200775146484,1131.4200706481934,1149.54008102417,1129.560073852539,1126.480079650879,1128.7200736999512,1127.4400787353516,1127.4400825500488,1128.9400825500488,Group: D,Group: C,Group: D vs Group: C,4,4,Blank_Blank_Blank
"[TG(66:13),TG(65:6)]_FA18:3",TAG,1208.5000839233398,1208.2600860595703,1209.780086517334,1211.0400924682617,1211.940086364746,1208.780071258545,1214.140079498291,1214.400074005127,1214.8800773620605,Group: D,Group: C,Group: D vs Group: C,4,4,Blank_Blank_Blank
"[TG(66:13),TG(65:6)]_FA20:4",TAG,1290.1200942993164,1295.7000923156738,1292.520092010498,1287.8600959777832,1295.3400917053223,1295.960090637207,1291.020092010498,1314.4400939941406,1288.3801002502441,Group: D,Group: C,Group: D vs Group: C,4,4,Blank_Blank_Blank
"[TG(66:13),TG(65:6)]_FA22:5",TAG,1428.9801025390625,1417.920093536377,1416.360092163086,1420.7200889587402,1416.9600944519043,1416.3000946044922,1418.3600883483887,1422.1200981140137,1417.8000946044922,Group: D,Group: C,Group: D vs Group: C,4,4,Blank_Blank_Blank
"[TG(66:13),TG(65:6)]_FA22:6",TAG,1539.180103302002,1539.740104675293,1543.66011428833,1539.1401062011719,1563.1401176452637,1535.2001037597656,1542.2601051330566,1565.220115661621,1540.1401023864746,Group: D,Group: C,Group: D vs Group: C,4,4,Blank_Blank_Blank
"[TG(66:14),TG(65:7),TG(64:0)]_FA14:0",TAG,1014.6000709533691,1016.7200698852539,1017.0800628662109,1015.4800834655762,1012.5600776672363,1039.3200798034668,1014.2000732421875,1016.5200729370117,1025.5600662231445,Group: D,Group: C,Group: D vs Group: C,4,4,Blank_Blank_Blank
"[TG(66:14),TG(65:7),TG(64:0)]_FA16:0",TAG,1007.6200637817383,1030.7200736999512,1006.1800689697266,1005.5400657653809,1000.6200714111328,1003.2200660705566,1002.9200592041016,1002.8400611877441,1011.3600730895996,Group: D,Group: C,Group: D vs Group: C,4,4,Blank_Blank_Blank
"[TG(66:14),TG(65:7),TG(64:0)]_FA16:1",TAG,1052.6000633239746,1047.1400756835938,1046.3600769042969,1053.6800689697266,1051.2400741577148,1051.7000770568848,1052.900074005127,1048.8800773620605,1047.940055847168,Group: D,Group: C,Group: D vs Group: C,4,4,Blank_Blank_Blank
"[TG(66:14),TG(65:7),TG(64:0)]_FA18:0",TAG,1013.2400703430176,1013.5200691223145,1012.9000778198242,1016.840087890625,1011.0400810241699,1012.0200729370117,1011.4400749206543,1015.2000770568848,1012.0000762939453,Group: D,Group: C,Group: D vs Group: C,4,4,Blank_Blank_Blank
"[TG(66:14),TG(65:7),TG(64:0)]_FA18:1",TAG,1051.5400695800781,1049.1400680541992,1048.8600730895996,1059.8200721740723,1081.820068359375,1047.320068359375,1048.920066833496,1049.54008102417,1055.04008102417,Group: D,Group: C,Group: D vs Group: C,4,4,Blank_Blank_Blank
"[TG(66:14),TG(65:7),TG(64:0)]_FA18:2",TAG,1131.500072479248,1175.980068206787,1132.2400856018066,1130.4200706481934,1125.5800743103027,1129.0000762939453,1127.1400756835938,1126.840072631836,1129.54008102417,Group: D,Group: C,Group: D vs Group: C,4,4,Blank_Blank_Blank
"[TG(66:14),TG(65:7),TG(64:0)]_FA18:3",TAG,1208.880084991455,1208.2000885009766,1210.080093383789,1209.7600784301758,1210.9600830078125,1209.4200859069824,1214.660083770752,1214.4000968933105,1215.1800727844238,Group: D,Group: C,Group: D vs Group: C,4,4,Blank_Blank_Blank
"[TG(66:14),TG(65:7),TG(64:0)]_FA20:4",TAG,1316.6000862121582,1289.9000930786133,1292.800090789795,1287.4200897216797,1294.8600769042969,1295.1800918579102,1290.2200927734375,1291.1000862121582,1287.2800827026367,Group: D,Group: C,Group: D vs Group: C,4,4,Blank_Blank_Blank
"[TG(66:14),TG(65:7),TG(64:0)]_FA22:5",TAG,1414.2401008605957,1414.6201095581055,1421.540096282959,1418.7600936889648,1426.6200904846191,1414.540096282959,1457.6601066589355,1444.3800926208496,1458.420093536377,Group: D,Group: C,Group: D vs Group: C,4,4,Blank_Blank_Blank
"[TG(66:14),TG(65:7),TG(64:0)]_FA22:6",TAG,1539.7801094055176,1540.1801071166992,1538.6201095581055,1540.3201065063477,1541.5801086425781,1534.8001136779785,1542.1401138305664,1540.66011428833,1540.4801063537598,Group: D,Group: C,Group: D vs Group: C,4,4,Blank_Blank_Blank
"[TG(66:15),TG(65:8),TG(64:1)]_FA14:0",TAG,1016.2000846862793,1015.6400680541992,1029.3400650024414,1015.4800796508789,1013.0400733947754,1013.000072479248,1013.580078125,1025.3800735473633,1049.7000770568848,Group: D,Group: C,Group: D vs Group: C,4,4,Blank_Blank_Blank
"[TG(66:15),TG(65:8),TG(64:1)]_FA16:0",TAG,1006.1600646972656,1041.1400718688965,1084.6400756835938,1033.12007522583,1047.8600769042969,1002.7800750732422,1002.5200691223145,1004.0800666809082,1012.140079498291,Group: D,Group: C,Group: D vs Group: C,4,4,Blank_Blank_Blank
"[TG(66:15),TG(65:8),TG(64:1)]_FA16:1",TAG,1052.0600776672363,1046.9600677490234,1045.940071105957,1054.4400672912598,1051.3800735473633,1051.0800819396973,1052.880069732666,1049.7800750732422,1047.6000633239746,Group: D,Group: C,Group: D vs Group: C,4,4,Blank_Blank_Blank
"[TG(66:15),TG(65:8),TG(64:1)]_FA18:0",TAG,1013.1400756835938,1013.8400764465332,1012.6600685119629,1016.7000732421875,1010.960075378418,1045.3800659179688,1011.760066986084,1015.9800720214844,1011.380069732666,Group: D,Group: C,Group: D vs Group: C,4,4,Blank_Blank_Blank
"[TG(66:15),TG(65:8),TG(64:1)]_FA18:1",TAG,1050.5400733947754,1099.080078125,1049.4600715637207,1047.5400733947754,1055.880069732666,1047.8400764465332,1048.780071258545,1056.3000755310059,1052.9400672912598,Group: D,Group: C,Group: D vs Group: C,4,4,Blank_Blank_Blank
"[TG(66:15),TG(65:8),TG(64:1)]_FA18:2",TAG,1139.9800872802734,1145.480079650879,1131.8400802612305,1129.180076599121,1195.0200881958008,1129.9800758361816,1126.420078277588,1140.0400886535645,1129.6200675964355,Group: D,Group: C,Group: D vs Group: C,4,4,Blank_Blank_Blank
"[TG(66:15),TG(65:8),TG(64:1)]_FA18:3",TAG,1209.220085144043,1209.340087890625,1209.7400817871094,1210.6000862121582,1265.0600852966309,1209.520092010498,1214.5200805664062,1214.4200706481934,1213.720085144043,Group: D,Group: C,Group: D vs Group: C,4,4,Blank_Blank_Blank
"[TG(66:15),TG(65:8),TG(64:1)]_FA20:4",TAG,1289.580093383789,1292.0400848388672,1291.2600936889648,1287.3200874328613,1294.8000831604004,1294.9800758361816,1291.5400924682617,1305.040096282959,1288.820083618164,Group: D,Group: C,Group: D vs Group: C,4,4,Blank_Blank_Blank
"[TG(66:15),TG(65:8),TG(64:1)]_FA22:5",TAG,1414.8200950622559,1429.7400970458984,1448.180103302002,1421.2400932312012,1415.440086364746,1437.8201065063477,1418.240104675293,1456.0200958251953,1417.3201065063477,Group: D,Group: C,Group: D vs Group: C,4,4,Blank_Blank_Blank
"[TG(66:15),TG(65:8),TG(64:1)]_FA22:6",TAG,1540.4401016235352,1539.0401039123535,1579.040111541748,1539.540096282959,1541.0401077270508,1534.7801055908203,1541.1601181030273,1540.6401062011719,1539.560115814209,Group: D,Group: C,Group: D vs Group: C,4,4,Blank_Blank_Blank
"[TG(66:16),TG(65:9),TG(64:2)]_FA14:0",TAG,1014.3400764465332,1016.4000854492188,1016.4600715637207,1015.8400802612305,1012.8200721740723,1033.0000801086426,1014.1400680541992,1016.5200729370117,1012.640064239502,Group: D,Group: C,Group: D vs Group: C,4,4,Blank_Blank_Blank
"[TG(66:16),TG(65:9),TG(64:2)]_FA16:0",TAG,1010.2400665283203,1050.6800804138184,1077.920078277588,1006.2800598144531,1001.4400634765625,1027.9400672912598,1066.7200736999512,1003.2800674438477,1011.7800674438477,Group: D,Group: C,Group: D vs Group: C,4,4,Blank_Blank_Blank
"[TG(66:16),TG(65:9),TG(64:2)]_FA16:1",TAG,1059.8800773620605,1047.0800704956055,1045.940071105957,1054.000072479248,1057.3800735473633,1052.3000793457031,1051.6400756835938,1049.4400749206543,1059.5600662231445,Group: D,Group: C,Group: D vs Group: C,4,4,Blank_Blank_Blank
"[TG(66:16),TG(65:9),TG(64:2)]_FA18:0",TAG,1012.7600708007812,1013.1600685119629,1011.7000732421875,1017.260082244873,1011.0800704956055,1012.2800712585449,1011.4000701904297,1016.2800750732422,1011.520076751709,Group: D,Group: C,Group: D vs Group: C,4,4,Blank_Blank_Blank
"[TG(66:16),TG(65:9),TG(64:2)]_FA18:1",TAG,1050.9400596618652,1049.3800621032715,1078.280071258545,1048.8000717163086,1105.1200790405273,1047.3400688171387,1082.3400840759277,1049.7000694274902,1053.5000801086426,Group: D,Group: C,Group: D vs Group: C,4,4,Blank_Blank_Blank
"[TG(66:16),TG(65:9),TG(64:2)]_FA18:2",TAG,1131.8400802612305,1130.6400756835938,1132.9600791931152,1128.2400703430176,1126.0400848388672,1177.6400871276855,1126.700080871582,1126.2600708007812,1157.7200813293457,Group: D,Group: C,Group: D vs Group: C,4,4,Blank_Blank_Blank
"[TG(66:16),TG(65:9),TG(64:2)]_FA18:3",TAG,1255.3600845336914,1209.2600936889648,1209.9800910949707,1323.2600936889648,1227.9600715637207,1209.5400886535645,1214.0800743103027,1214.6800804138184,1214.200080871582,Group: D,Group: C,Group: D vs Group: C,4,4,Blank_Blank_Blank
"[TG(66:16),TG(65:9),TG(64:2)]_FA20:4",TAG,1289.9000930786133,1291.0800857543945,1291.8400917053223,1287.8000946044922,1294.1200866699219,1294.120101928711,1302.260097503662,1290.720085144043,1288.8800926208496,Group: D,Group: C,Group: D vs Group: C,4,4,Blank_Blank_Blank
"[TG(66:16),TG(65:9),TG(64:2)]_FA22:5",TAG,1415.8601036071777,1415.8200912475586,1417.8201026916504,1441.5000953674316,1482.4001121520996,1433.1400985717773,1418.180088043213,1421.4600944519043,1417.7400970458984,Group: D,Group: C,Group: D vs Group: C,4,4,Blank_Blank_Blank
"[TG(66:16),TG(65:9),TG(64:2)]_FA22:6",TAG,1541.000099182129,1541.5401077270508,1601.7801094055176,1540.0201110839844,1583.6401062011719,1607.5601043701172,1542.2401123046875,1540.6001052856445,1569.2401008605957,Group: D,Group: C,Group: D vs Group: C,4,4,Blank_Blank_Blank
"[TG(66:17),TG(65:10),TG(64:3)]_FA14:0",TAG,1022.1000595092773,1069.8200798034668,1017.4800796508789,1016.940071105957,1013.3000793457031,1012.4800796508789,1053.8400688171387,1016.000072479248,1012.3600730895996,Group: D,Group: C,Group: D vs Group: C,4,4,Blank_Blank_Blank
"[TG(66:17),TG(65:10),TG(64:3)]_FA16:0",TAG,1064.840072631836,1007.5000762939453,1006.4800682067871,1005.9000701904297,1000.0000801086426,1002.820068359375,1017.6200714111328,1003.3000640869141,1012.1000633239746,Group: D,Group: C,Group: D vs Group: C,4,4,Blank_Blank_Blank
"[TG(66:17),TG(65:10),TG(64:3)]_FA16:1",TAG,1073.980079650879,1047.5000801086426,1046.9000663757324,1054.3000717163086,1050.7800636291504,1052.820083618164,1054.6000709533691,1049.2000694274902,1048.280071258545,Group: D,Group: C,Group: D vs Group: C,4,4,Blank_Blank_Blank
"[TG(66:17),TG(65:10),TG(64:3)]_FA18:0",TAG,1012.9000778198242,1014.500072479248,1013.1200752258301,1022.5400733947754,1010.4800682067871,1010.6200675964355,1013.320068359375,1016.1000785827637,1011.4800720214844,Group: D,Group: C,Group: D vs Group: C,4,4,Blank_Blank_Blank
"[TG(66:17),TG(65:10),TG(64:3)]_FA18:1",TAG,1095.640079498291,1049.3600769042969,1048.9800720214844,1046.580078125,1046.4000701904297,1047.000072479248,1048.4800834655762,1049.3200759887695,1054.1600723266602,Group: D,Group: C,Group: D vs Group: C,4,4,Blank_Blank_Blank
"[TG(66:17),TG(65:10),TG(64:3)]_FA18:2",TAG,1130.5400848388672,1130.9800720214844,1154.54008102417,1130.0800704956055,1202.6000900268555,1129.0000839233398,1127.7800827026367,1127.2200813293457,1133.880069732666,Group: D,Group: C,Group: D vs Group: C,4,4,Blank_Blank_Blank
"[TG(66:17),TG(65:10),TG(64:3)]_FA18:3",TAG,1208.8400840759277,1209.7400741577148,1208.900089263916,1240.6400833129883,1212.080078125,1234.480079650879,1213.260082244873,1215.1800842285156,1214.480079650879,Group: D,Group: C,Group: D vs Group: C,4,4,Blank_Blank_Blank
"[TG(66:17),TG(65:10),TG(64:3)]_FA20:4",TAG,1289.9200897216797,1291.1200942993164,1291.100082397461,1288.0600967407227,1294.7800750732422,1295.5400848388672,1291.4600868225098,1291.0000839233398,1289.1400909423828,Group: D,Group: C,Group: D vs Group: C,4,4,Blank_Blank_Blank
"[TG(66:17),TG(65:10),TG(64:3)]_FA22:5",TAG,1415.180103302002,1437.0001029968262,1442.1400985717773,1419.7800903320312,1415.5000915527344,1416.06010055542,1419.1800918579102,1422.1400985717773,1417.3000984191895,Group: D,Group: C,Group: D vs Group: C,4,4,Blank_Blank_Blank
"[TG(66:17),TG(65:10),TG(64:3)]_FA22:6",TAG,1540.720100402832,1557.6601181030273,1539.300121307373,1539.9601020812988,1540.600112915039,1588.4801063537598,1541.9201126098633,1540.000099182129,1539.8401069641113,Group: D,Group: C,Group: D vs Group: C,4,4,Blank_Blank_Blank
"[TG(66:18),TG(65:11),TG(64:4)]_FA14:0",TAG,1040.380069732666,1027.04008102417,1016.5800743103027,1020.7400817871094,1013.3800735473633,1024.2800750732422,1014.3400726318359,1016.1800689697266,1013.3000793457031,Group: D,Group: C,Group: D vs Group: C,4,4,Blank_Blank_Blank
"[TG(66:18),TG(65:11),TG(64:4)]_FA16:0",TAG,1008.080078125,1006.8400688171387,1007.1400718688965,1067.6000709533691,1000.400074005127,1001.7600631713867,1003.1600799560547,1044.420066833496,1011.9800796508789,Group: D,Group: C,Group: D vs Group: C,4,4,Blank_Blank_Blank
"[TG(66:18),TG(65:11),TG(64:4)]_FA16:1",TAG,1086.2600708007812,1047.2400703430176,1046.1200637817383,1053.6200637817383,1050.5600662231445,1052.4200706481934,1052.7400817871094,1049.9000816345215,1068.780071258545,Group: D,Group: C,Group: D vs Group: C,4,4,Blank_Blank_Blank
"[TG(66:18),TG(65:11),TG(64:4)]_FA18:0",TAG,1013.0400695800781,1012.9200668334961,1040.3200721740723,1016.6800727844238,1010.2600708007812,1011.580078125,1011.6600608825684,1015.4200706481934,1010.9800720214844,Group: D,Group: C,Group: D vs Group: C,4,4,Blank_Blank_Blank
"[TG(66:18),TG(65:11),TG(64:4)]_FA18:1",TAG,1072.200080871582,1049.1800804138184,1048.5000648498535,1047.4200706481934,1046.6000671386719,1047.4200744628906,1048.4200706481934,1048.820068359375,1054.5000801086426,Group: D,Group: C,Group: D vs Group: C,4,4,Blank_Blank_Blank
"[TG(66:18),TG(65:11),TG(64:4)]_FA18:2",TAG,1151.7600784301758,1131.060073852539,1140.6200714111328,1129.2600784301758,1163.960075378418,1217.560073852539,1143.2400741577148,1126.8000717163086,1129.4200744628906,Group: D,Group: C,Group: D vs Group: C,4,4,Blank_Blank_Blank
"[TG(66:18),TG(65:11),TG(64:4)]_FA18:3",TAG,1209.1400833129883,1209.5000762939453,1209.7800903320312,1210.4800834655762,1211.200080871582,1208.7000732421875,1214.1600875854492,1213.860092163086,1214.980079650879,Group: D,Group: C,Group: D vs Group: C,4,4,Blank_Blank_Blank
"[TG(66:18),TG(65:11),TG(64:4)]_FA20:4",TAG,1290.3800964355469,1290.5000915527344,1291.3600883483887,1287.1601028442383,1294.420093536377,1294.8800811767578,1290.0000953674316,1296.2600936889648,1309.3200988769531,Group: D,Group: C,Group: D vs Group: C,4,4,Blank_Blank_Blank
"[TG(66:18),TG(65:11),TG(64:4)]_FA22:5",TAG,1432.4600982666016,1416.4001007080078,1416.6401100158691,1419.6400985717773,1416.6601104736328,1417.7600860595703,1418.6800994873047,1421.180088043213,1436.4001007080078,Group: D,Group: C,Group: D vs Group: C,4,4,Blank_Blank_Blank
"[TG(66:18),TG(65:11),TG(64:4)]_FA22:6",TAG,1540.100112915039,1568.7601051330566,1538.8801078796387,1540.0001182556152,1541.020107269287,1534.940097808838,1542.220115661621,1541.0401153564453,1559.7201042175293,Group: D,Group: C,Group: D vs Group: C,4,4,Blank_Blank_Blank
[TG(66:2)]_FA14:0,TAG,1015.000072479248,1016.6000709533691,1017.3200721740723,1015.7400779724121,1013.2400741577148,1013.2000732421875,1014.140079498291,1016.3800659179688,1013.6600685119629,Group: D,Group: C,Group: D vs Group: C,4,4,Blank_Blank_Blank
[TG(66:2)]_FA16:0,TAG,1006.5600662231445,1010.9800720214844,1053.0000762939453,1042.0000686645508,1001.0200653076172,1002.5800743103027,1002.9200782775879,1003.5800666809082,1012.1200675964355,Group: D,Group: C,Group: D vs Group: C,4,4,Blank_Blank_Blank
[TG(66:2)]_FA16:1,TAG,1094.1600723266602,1089.5000762939453,1088.3400802612305,1112.3600616455078,1092.3400764465332,1094.4800834655762,1094.5400695800781,1090.9600715637207,1089.9400787353516,Group: D,Group: C,Group: D vs Group: C,4,4,Blank_Blank_Blank
[TG(66:2)]_FA18:0,TAG,1012.8400650024414,1013.1000633239746,1011.880069732666,1016.7200775146484,1010.3600769042969,1021.1000671386719,1012.6000709533691,1015.8600807189941,1011.1000862121582,Group: D,Group: C,Group: D vs Group: C,4,4,Blank_Blank_Blank
[TG(66:2)]_FA18:1,TAG,1159.7800788879395,1091.8200721740723,1090.7000770568848,1089.7400741577148,1088.6600723266602,1098.0400772094727,1091.200065612793,1091.2800750732422,1096.6000785827637,Group: D,Group: C,Group: D vs Group: C,4,4,Blank_Blank_Blank
[TG(66:2)]_FA18:2,TAG,1173.9000930786133,1144.9000778198242,1132.1400718688965,1152.3400802612305,1154.040096282959,1160.9600791931152,1125.800090789795,1126.5200805664062,1127.920066833496,Group: D,Group: C,Group: D vs Group: C,4,4,Blank_Blank_Blank
[TG(66:3)]_FA14:0,TAG,1015.1400680541992,1015.9200782775879,1016.8400802612305,1016.1600799560547,1013.1200714111328,1012.500072479248,1014.3600730895996,1016.0800704956055,1012.8400650024414,Group: D,Group: C,Group: D vs Group: C,4,4,Blank_Blank_Blank
[TG(66:3)]_FA16:0,TAG,1027.2000694274902,1007.0600662231445,1026.4000625610352,1017.6600646972656,1000.440071105957,1020.9000778198242,1003.0400695800781,1003.5800590515137,1036.6000747680664,Group: D,Group: C,Group: D vs Group: C,4,4,Blank_Blank_Blank
[TG(66:3)]_FA16:1,TAG,1094.2400741577148,1088.5400733947754,1087.9200744628906,1131.1000862121582,1103.860065460205,1097.3200874328613,1095.12007522583,1092.4800720214844,1119.1600761413574,Group: D,Group: C,Group: D vs Group: C,4,4,Blank_Blank_Blank
[TG(66:3)]_FA18:0,TAG,1012.9600677490234,1013.2400665283203,1012.1600761413574,1017.2600746154785,1010.7200736999512,1011.5800704956055,1011.7400779724121,1015.1400756835938,1011.4600791931152,Group: D,Group: C,Group: D vs Group: C,4,4,Blank_Blank_Blank
[TG(66:3)]_FA18:1,TAG,1092.5800857543945,1090.7800674438477,1092.3000869750977,1089.8600769042969,1108.5600624084473,1089.5000686645508,1091.1000785827637,1092.1400756835938,1096.4400749206543,Group: D,Group: C,Group: D vs Group: C,4,4,Blank_Blank_Blank
[TG(66:3)]_FA18:2,TAG,1131.580078125,1211.240089416504,1197.700080871582,1129.2800827026367,1125.9600791931152,1129.3000717163086,1126.8400688171387,1127.2600746154785,1129.2000846862793,Group: D,Group: C,Group: D vs Group: C,4,4,Blank_Blank_Blank
[TG(66:3)]_FA18:3,TAG,1207.500087738037,1207.9400825500488,1207.820083618164,1209.4600868225098,1210.5800819396973,1207.740089416504,1237.600082397461,1213.2400817871094,1213.7000846862793,Group: D,Group: C,Group: D vs Group: C,4,4,Blank_Blank_Blank
[TG(66:4)]_FA14:0,TAG,1015.140064239502,1016.2000732421875,1017.3200836181641,1015.9000778198242,1013.1800765991211,1012.6800727844238,1026.7200775146484,1034.2200736999512,1012.2200698852539,Group: D,Group: C,Group: D vs Group: C,4,4,Blank_Blank_Blank
[TG(66:4)]_FA16:0,TAG,1583.0801086425781,1248.940071105957,1368.6200828552246,1954.760139465332,1159.7600784301758,1088.4600791931152,1002.2400665283203,1003.7200660705566,1010.6200637817383,Group: D,Group: C,Group: D vs Group: C,4,4,Blank_Blank_Blank
[TG(66:4)]_FA16:1,TAG,1124.4800834655762,1088.7000732421875,1088.4200592041016,1096.0200729370117,1108.9200744628906,1094.8600769042969,1094.9200744628906,1092.0000839233398,1089.820083618164,Group: D,Group: C,Group: D vs Group: C,4,4,Blank_Blank_Blank
[TG(66:4)]_FA18:0,TAG,1013.1200752258301,1039.840072631836,1011.8600692749023,1017.460075378418,1010.4000663757324,1010.7200736999512,1011.2600631713867,1015.7200775146484,1081.1800804138184,Group: D,Group: C,Group: D vs Group: C,4,4,Blank_Blank_Blank
[TG(66:4)]_FA18:1,TAG,1092.8800773620605,1116.500072479248,1095.4600791931152,1089.820068359375,1117.2600746154785,1088.8200721740723,1091.5800743103027,1091.6400680541992,1095.6600723266602,Group: D,Group: C,Group: D vs Group: C,4,4,Blank_Blank_Blank
[TG(66:4)]_FA18:2,TAG,1130.8800811767578,1157.920066833496,1132.5600814819336,1160.2000885009766,1187.680088043213,1146.7200889587402,1132.4800834655762,1151.1000862121582,1130.7200775146484,Group: D,Group: C,Group: D vs Group: C,4,4,Blank_Blank_Blank
[TG(66:4)]_FA18:3,TAG,1209.0800743103027,1209.240077972412,1209.020076751709,1210.9200859069824,1253.180103302002,1208.5000915527344,1213.4200744628906,1213.740089416504,1214.4600715637207,Group: D,Group: C,Group: D vs Group: C,4,4,Blank_Blank_Blank
[TG(66:4)]_FA20:4,TAG,1287.9200820922852,1289.960090637207,1290.6600914001465,1285.620101928711,1293.4800834655762,1293.7000885009766,1289.6000862121582,1290.040096282959,1288.180088043213,Group: D,Group: C,Group: D vs Group: C,4,4,Blank_Blank_Blank
[TG(66:5)]_FA14:0,TAG,1015.3600883483887,1016.7200736999512,1016.8400726318359,1015.6600723266602,1038.6200714111328,1013.3600730895996,1014.6200675964355,1016.8400726318359,1012.6800651550293,Group: D,Group: C,Group: D vs Group: C,4,4,Blank_Blank_Blank
[TG(66:5)]_FA16:0,TAG,3803.5603408813477,2976.860191345215,2227.520122528076,5130.800384521484,4327.92024230957,1915.4001350402832,1091.160068511963,1155.9600868225098,1011.6000785827637,Group: D,Group: C,Group: D vs Group: C,4,4,Blank_Blank_Blank
[TG(66:5)]_FA16:1,TAG,1094.7400817871094,1088.0800743103027,1087.3400764465332,1096.0800819396973,1093.3000831604004,1105.460075378418,1094.5800819396973,1092.4800834655762,1089.2200736999512,Group: D,Group: C,Group: D vs Group: C,4,4,Blank_Blank_Blank
[TG(66:5)]_FA18:0,TAG,1012.5600776672363,1013.0000686645508,1012.1600799560547,1025.6000785827637,1011.5600814819336,1029.9600677490234,1012.0400695800781,1014.4400787353516,1011.6600761413574,Group: D,Group: C,Group: D vs Group: C,4,4,Blank_Blank_Blank
[TG(66:5)]_FA18:1,TAG,1093.62007522583,1090.920078277588,1090.960075378418,1089.1200675964355,1088.480068206787,1089.1800804138184,1090.7000694274902,1091.7600746154785,1134.0800895690918,Group: D,Group: C,Group: D vs Group: C,4,4,Blank_Blank_Blank
[TG(66:5)]_FA18:2,TAG,1131.420066833496,1131.7600746154785,1132.6200714111328,1129.3000831604004,1166.8600845336914,1139.6600799560547,1127.8200874328613,1126.7200775146484,1154.3400764465332,Group: D,Group: C,Group: D vs Group: C,4,4,Blank_Blank_Blank
[TG(66:5)]_FA18:3,TAG,1208.9800834655762,1208.820083618164,1209.6200866699219,1211.3800811767578,1263.4600791931152,1251.1200866699219,1214.1600875854492,1213.2600860595703,1213.320068359375,Group: D,Group: C,Group: D vs Group: C,4,4,Blank_Blank_Blank
[TG(66:5)]_FA20:4,TAG,1329.3200950622559,1291.4200897216797,1291.3801002502441,1286.7800979614258,1294.7400856018066,1307.860092163086,1290.5400924682617,1289.6600952148438,1313.3800926208496,Group: D,Group: C,Group: D vs Group: C,4,4,Blank_Blank_Blank
[TG(66:5)]_FA22:5,TAG,1413.740104675293,1415.0401000976562,1415.8200912475586,1419.4001083374023,1415.4200973510742,1415.6200942993164,1416.0600891113281,1420.660083770752,1421.3400993347168,Group: D,Group: C,Group: D vs Group: C,4,4,Blank_Blank_Blank
[TG(66:6)]_FA14:0,TAG,1016.4600715637207,1016.1000747680664,1017.1200714111328,1016.020076751709,1056.2000732421875,1011.3200759887695,1013.900074005127,1016.7400741577148,1012.940071105957,Group: D,Group: C,Group: D vs Group: C,4,4,Blank_Blank_Blank
[TG(66:6)]_FA16:0,TAG,1006.3200721740723,1065.9600791931152,1040.8000717163086,1170.400074005127,1057.0800704956055,1019.260066986084,1002.8800659179688,1003.3600769042969,1011.9400825500488,Group: D,Group: C,Group: D vs Group: C,4,4,Blank_Blank_Blank
[TG(66:6)]_FA16:1,TAG,1108.280086517334,1157.3600769042969,1088.1600799560547,1150.2200813293457,1151.8200759887695,1186.2800788879395,1116.5000686645508,1091.400074005127,1089.900074005127,Group: D,Group: C,Group: D vs Group: C,4,4,Blank_Blank_Blank
[TG(66:6)]_FA18:0,TAG,1013.4600677490234,1013.8200645446777,1012.2800674438477,1017.5600700378418,1010.3800735473633,1010.6600799560547,1011.4000778198242,1014.3000717163086,1033.740062713623,Group: D,Group: C,Group: D vs Group: C,4,4,Blank_Blank_Blank
[TG(66:6)]_FA18:1,TAG,1092.7600746154785,1091.0600891113281,1090.6800689697266,1089.8400650024414,1098.1000671386719,1089.0400695800781,1090.62007522583,1091.4800758361816,1095.640079498291,Group: D,Group: C,Group: D vs Group: C,4,4,Blank_Blank_Blank
[TG(66:6)]_FA18:2,TAG,1131.880084991455,1130.8000755310059,1210.0800857543945,1129.0200843811035,1163.6400680541992,1128.640079498291,1170.280086517334,1127.8600807189941,1128.9600791931152,Group: D,Group: C,Group: D vs Group: C,4,4,Blank_Blank_Blank
[TG(66:6)]_FA18:3,TAG,1208.0200843811035,1209.2800827026367,1208.8800773620605,1211.1000709533691,1210.7000846862793,1208.000072479248,1215.3200912475586,1214.5200729370117,1214.0800819396973,Group: D,Group: C,Group: D vs Group: C,4,4,Blank_Blank_Blank
[TG(66:6)]_FA20:4,TAG,1289.540096282959,1290.8601036071777,1291.1200981140137,1287.1600875854492,1295.8400840759277,1294.1200866699219,1290.3600959777832,1315.0401077270508,1302.1200981140137,Group: D,Group: C,Group: D vs Group: C,4,4,Blank_Blank_Blank
[TG(66:6)]_FA22:5,TAG,1438.7401008605957,1415.5801010131836,1417.5400924682617,1421.1000938415527,1415.9401016235352,1414.60009765625,1419.3400917053223,1423.1600914001465,1417.5600967407227,Group: D,Group: C,Group: D vs Group: C,4,4,Blank_Blank_Blank
[TG(66:6)]_FA22:6,TAG,1539.3001136779785,1538.5401153564453,1537.8001174926758,1539.8001098632812,1540.6801109313965,1534.700107574463,1541.0801162719727,1539.480110168457,1539.6601181030273,Group: D,Group: C,Group: D vs Group: C,4,4,Blank_Blank_Blank
[TG(66:7)]_FA16:0,TAG,1046.7200736999512,1007.6000633239746,1023.740062713623,1034.4600715637207,1008.6200714111328,1002.9800491333008,1002.8200721740723,1004.3400688171387,1012.1400756835938,Group: D,Group: C,Group: D vs Group: C,4,4,Blank_Blank_Blank
[TG(66:7)]_FA16:1,TAG,1094.62007522583,1089.1800727844238,1088.3200759887695,1096.3200721740723,1092.780086517334,1094.840072631836,1093.5600814819336,1132.0800666809082,1089.4600677490234,Group: D,Group: C,Group: D vs Group: C,4,4,Blank_Blank_Blank
[TG(66:7)]_FA18:0,TAG,1013.3200721740723,1013.6200714111328,1012.1200714111328,1017.3400650024414,1009.8400688171387,1010.7600784301758,1012.4800643920898,1028.140079498291,1011.8400650024414,Group: D,Group: C,Group: D vs Group: C,4,4,Blank_Blank_Blank
[TG(66:7)]_FA18:1,TAG,1136.420078277588,1092.0000801086426,1090.6600761413574,1089.3400688171387,1088.6600723266602,1140.3600845336914,1090.520076751709,1104.5800819396973,1096.5600814819336,Group: D,Group: C,Group: D vs Group: C,4,4,Blank_Blank_Blank
[TG(66:7)]_FA18:2,TAG,1133.5000762939453,1148.2600631713867,1132.460090637207,1129.2200775146484,1185.740077972412,1147.6600723266602,1127.5400733947754,1126.820083618164,1129.5800704956055,Group: D,Group: C,Group: D vs Group: C,4,4,Blank_Blank_Blank
[TG(66:7)]_FA18:3,TAG,1208.7800903320312,1208.7000923156738,1211.5600776672363,1210.6600875854492,1211.200080871582,1208.820083618164,1214.2600860595703,1214.0000762939453,1214.6400833129883,Group: D,Group: C,Group: D vs Group: C,4,4,Blank_Blank_Blank
[TG(66:7)]_FA20:4,TAG,1290.3400993347168,1290.4800987243652,1292.8200798034668,1307.9600944519043,1294.5400886535645,1293.6200828552246,1290.340087890625,1291.1600875854492,1288.6600952148438,Group: D,Group: C,Group: D vs Group: C,4,4,Blank_Blank_Blank
[TG(66:7)]_FA22:5,TAG,1415.460090637207,1414.6601066589355,1438.3600959777832,1419.7601051330566,1418.0600929260254,1416.2200965881348,1446.2001037597656,1422.420093536377,1416.6201057434082,Group: D,Group: C,Group: D vs Group: C,4,4,Blank_Blank_Blank
[TG(66:7)]_FA22:6,TAG,1540.340103149414,1540.66011428833,1538.8801193237305,1541.0801086425781,1542.0801124572754,1535.4601135253906,1543.3601112365723,1566.380126953125,1539.740104675293,Group: D,Group: C,Group: D vs Group: C,4,4,Blank_Blank_Blank
"[TG(66:8),TG(65:1)]_FA14:0",TAG,1015.8000717163086,1017.3200759887695,1016.1200752258301,1016.3200759887695,1012.8800773620605,1011.7600746154785,1013.8800735473633,1016.3200721740723,1012.8600730895996,Group: D,Group: C,Group: D vs Group: C,4,4,Blank_Blank_Blank
"[TG(66:8),TG(65:1)]_FA16:0",TAG,1006.9200668334961,1007.3400726318359,1006.6000633239746,1005.0200691223145,999.5600738525391,1002.4200630187988,1002.3200759887695,1017.5200614929199,1011.7000770568848,Group: D,Group: C,Group: D vs Group: C,4,4,Blank_Blank_Blank
"[TG(66:8),TG(65:1)]_FA16:1",TAG,1083.220069885254,1046.5600662231445,1046.0400733947754,1054.480068206787,1049.8400688171387,1075.8600730895996,1052.7000732421875,1049.3400764465332,1047.2400703430176,Group: D,Group: C,Group: D vs Group: C,4,4,Blank_Blank_Blank
"[TG(66:8),TG(65:1)]_FA18:0",TAG,1012.8600845336914,1047.0400772094727,1012.4200668334961,1016.8600730895996,1011.500072479248,1012.0000762939453,1021.7200775146484,1015.1000709533691,1011.380069732666,Group: D,Group: C,Group: D vs Group: C,4,4,Blank_Blank_Blank
"[TG(66:8),TG(65:1)]_FA18:1",TAG,1063.2400741577148,1049.0400695800781,1069.5200691223145,1047.4200630187988,1047.0400619506836,1058.6800804138184,1048.6200675964355,1049.8800659179688,1053.520076751709,Group: D,Group: C,Group: D vs Group: C,4,4,Blank_Blank_Blank
"[TG(66:8),TG(65:1)]_FA18:2",TAG,1130.8800773620605,1130.9400787353516,1151.520076751709,1129.300064086914,1126.0600776672363,1153.4400825500488,1126.9600677490234,1126.5000801086426,1128.960075378418,Group: D,Group: C,Group: D vs Group: C,4,4,Blank_Blank_Blank
"[TG(66:8),TG(65:1)]_FA18:3",TAG,1209.8200721740723,1208.7200889587402,1218.1400871276855,1229.240089416504,1211.4400825500488,1210.2000770568848,1216.400089263916,1214.3800735473633,1214.200080871582,Group: D,Group: C,Group: D vs Group: C,4,4,Blank_Blank_Blank
"[TG(66:8),TG(65:1)]_FA20:4",TAG,1290.1800918579102,1290.960090637207,1292.3600997924805,1287.7800827026367,1295.1600914001465,1309.8400955200195,1290.3400802612305,1290.000087738037,1288.9200973510742,Group: D,Group: C,Group: D vs Group: C,4,4,Blank_Blank_Blank
"[TG(66:8),TG(65:1)]_FA22:5",TAG,1414.8000984191895,1415.1801109313965,1481.66011428833,1420.5200996398926,1415.8401145935059,1417.2000923156738,1418.0401000976562,1421.0800971984863,1416.740104675293,Group: D,Group: C,Group: D vs Group: C,4,4,Blank_Blank_Blank
"[TG(66:8),TG(65:1)]_FA22:6",TAG,1557.180118560791,1539.8201065063477,1539.8001136779785,1540.760108947754,1542.220100402832,1534.820110321045,1542.3601036071777,1540.940097808838,1540.0801162719727,Group: D,Group: C,Group: D vs Group: C,4,4,Blank_Blank_Blank
"[TG(66:9),TG(65:2)]_FA14:0",TAG,1015.080078125,1015.6800765991211,1016.4000701904297,1035.3400802612305,1012.8400726318359,1033.7000732421875,1013.6000709533691,1016.0800743103027,1012.1400718688965,Group: D,Group: C,Group: D vs Group: C,4,4,Blank_Blank_Blank
"[TG(66:9),TG(65:2)]_FA16:0",TAG,1043.2400741577148,1039.2400703430176,1035.780071258545,1004.7000617980957,1000.1600761413574,1021.9800643920898,1003.1600723266602,1003.2200698852539,1011.6600723266602,Group: D,Group: C,Group: D vs Group: C,4,4,Blank_Blank_Blank
"[TG(66:9),TG(65:2)]_FA16:1",TAG,1052.5000801086426,1046.9600791931152,1058.2000770568848,1053.3200569152832,1050.4800834655762,1052.5800857543945,1052.5800819396973,1049.3200721740723,1047.1600723266602,Group: D,Group: C,Group: D vs Group: C,4,4,Blank_Blank_Blank
"[TG(66:9),TG(65:2)]_FA18:0",TAG,1012.8400688171387,1013.5200729370117,1012.5600662231445,1016.9200782775879,1056.5800704956055,1010.9000663757324,1012.1800727844238,1015.7600746154785,1011.0600624084473,Group: D,Group: C,Group: D vs Group: C,4,4,Blank_Blank_Blank
"[TG(66:9),TG(65:2)]_FA18:1",TAG,1072.1400756835938,1049.9200630187988,1049.0200729370117,1048.4600715637207,1047.3200721740723,1114.7400856018066,1048.580078125,1049.3600807189941,1054.020076751709,Group: D,Group: C,Group: D vs Group: C,4,4,Blank_Blank_Blank
"[TG(66:9),TG(65:2)]_FA18:2",TAG,1144.6800689697266,1141.5600852966309,1132.6000747680664,1128.4800720214844,1135.8600730895996,1129.680076599121,1127.8800773620605,1126.7200813293457,1129.2000732421875,Group: D,Group: C,Group: D vs Group: C,4,4,Blank_Blank_Blank
"[TG(66:9),TG(65:2)]_FA18:3",TAG,1208.7800903320312,1209.5600814819336,1210.080078125,1210.8800811767578,1244.700096130371,1209.0800819396973,1214.780086517334,1212.840087890625,1213.7000885009766,Group: D,Group: C,Group: D vs Group: C,4,4,Blank_Blank_Blank
"[TG(66:9),TG(65:2)]_FA20:4",TAG,1291.3000984191895,1290.2600936889648,1291.840087890625,1286.760097503662,1294.5400848388672,1294.54008102417,1290.1400871276855,1317.4000930786133,1288.8600997924805,Group: D,Group: C,Group: D vs Group: C,4,4,Blank_Blank_Blank
"[TG(66:9),TG(65:2)]_FA22:5",TAG,1414.5801048278809,1427.5001068115234,1417.2200965881348,1420.7600898742676,1416.480110168457,1418.0000915527344,1418.1601028442383,1420.7601051330566,1417.8200912475586,Group: D,Group: C,Group: D vs Group: C,4,4,Blank_Blank_Blank
"[TG(66:9),TG(65:2)]_FA22:6",TAG,1539.6200942993164,1554.4001159667969,1594.0001106262207,1541.0201110839844,1541.5800895690918,1535.9201011657715,1542.5601081848145,1539.7401161193848,1571.9801139831543,Group: D,Group: C,Group: D vs Group: C,4,4,Blank_Blank_Blank
omega-linoleoyloxy-Cer(d18:0/26:0),Cer,1122.5200805664062,1126.8000679016113,1165.6600761413574,1162.4400939941406,1150.540096282959,1173.7000885009766,1140.62007522583,1228.2600898742676,1109.9400825500488,Group: D,Group: C,Group: D vs Group: C,4,4,Blank_Blank_Blank
omega-linoleoyloxy-Cer(d18:0/28:0),Cer,1161.340087890625,1113.6200790405273,1114.2600746154785,1110.8200798034668,1106.04008102417,1105.1200828552246,1103.5400695800781,1105.3800735473633,1108.0000801086426,Group: D,Group: C,Group: D vs Group: C,4,4,Blank_Blank_Blank
omega-linoleoyloxy-Cer(d18:0/30:0),Cer,1112.580078125,1114.0200729370117,1114.6200714111328,1109.900074005127,1105.7200736999512,1106.0200729370117,1102.8200912475586,1105.180088043213,1109.9400825500488,Group: D,Group: C,Group: D vs Group: C,4,4,Blank_Blank_Blank
omega-linoleoyloxy-Cer(d18:0/31:0),Cer,1112.6400718688965,1113.0800704956055,1114.6000671386719,1110.4000854492188,1106.4000816345215,1105.7400856018066,1103.5400772094727,1105.760082244873,1109.4800910949707,Group: D,Group: C,Group: D vs Group: C,4,4,Blank_Blank_Blank
omega-linoleoyloxy-Cer(d18:0/32:0),Cer,1112.7200813293457,1113.780071258545,1114.3400802612305,1110.12007522583,1130.980079650879,1104.9600791931152,1103.7800750732422,1105.4400672912598,1142.240077972412,Group: D,Group: C,Group: D vs Group: C,4,4,Blank_Blank_Blank
omega-linoleoyloxy-Cer(d18:0/33:0),Cer,1135.640079498291,1134.4400749206543,1113.9000778198242,1110.280086517334,1105.8000755310059,1109.0600776672363,1140.1600875854492,1105.8000793457031,1108.7600784301758,Group: D,Group: C,Group: D vs Group: C,4,4,Blank_Blank_Blank
omega-linoleoyloxy-Cer(d18:0/34:0),Cer,1158.640079498291,1112.720085144043,1114.2200736999512,1120.6800918579102,1105.8800773620605,1104.8800659179688,1103.4600715637207,1105.9800834655762,1109.740077972412,Group: D,Group: C,Group: D vs Group: C,4,4,Blank_Blank_Blank
omega-linoleoyloxy-Cer(d18:1/26:0),Cer,1150.6200904846191,1113.6400756835938,1113.8000793457031,1110.1000785827637,1136.4400787353516,1115.4800834655762,1103.2800636291504,1162.2600784301758,1108.2800903320312,Group: D,Group: C,Group: D vs Group: C,4,4,Blank_Blank_Blank
omega-linoleoyloxy-Cer(d18:1/27:0),Cer,1112.020092010498,1113.0400772094727,1172.880084991455,1152.6400833129883,1133.0800666809082,1104.6000747680664,1142.480079650879,1105.640079498291,1107.980079650879,Group: D,Group: C,Group: D vs Group: C,4,4,Blank_Blank_Blank
omega-linoleoyloxy-Cer(d18:1/28:0),Cer,1112.7200660705566,1114.0600814819336,1114.1000747680664,1110.320083618164,1105.280086517334,1107.2800788879395,1103.7800827026367,1106.0200729370117,1122.2600746154785,Group: D,Group: C,Group: D vs Group: C,4,4,Blank_Blank_Blank
omega-linoleoyloxy-Cer(d18:1/29:0),Cer,1112.560073852539,1113.2400741577148,1114.62007522583,1110.7000846862793,1106.220085144043,1105.3000793457031,1103.2600746154785,1115.9200744628906,1123.7600898742676,Group: D,Group: C,Group: D vs Group: C,4,4,Blank_Blank_Blank
omega-linoleoyloxy-Cer(d18:1/30:0),Cer,1112.4400787353516,1113.8600730895996,1114.1200675964355,1122.2000770568848,1105.380069732666,1105.400074005127,1103.3200798034668,1106.1600723266602,1141.240077972412,Group: D,Group: C,Group: D vs Group: C,4,4,Blank_Blank_Blank
omega-linoleoyloxy-Cer(d18:1/31:0),Cer,1112.2400665283203,1127.7000770568848,1163.7000770568848,1150.7000885009766,1106.3200721740723,1105.2600746154785,1103.640079498291,1105.7600860595703,1108.9000816345215,Group: D,Group: C,Group: D vs Group: C,4,4,Blank_Blank_Blank
omega-linoleoyloxy-Cer(d18:1/32:0),Cer,1113.1600761413574,1122.180076599121,1113.7400703430176,1128.9800834655762,1106.2400817871094,1104.820083618164,1102.9200859069824,1106.2600593566895,1108.680088043213,Group: D,Group: C,Group: D vs Group: C,4,4,Blank_Blank_Blank
omega-linoleoyloxy-Cer(d18:1/33:0),Cer,1112.8600730895996,1114.2200736999512,1114.7200736999512,1169.8200798034668,1105.7400741577148,1106.020076751709,1103.000072479248,1105.6400756835938,1117.3000755310059,Group: D,Group: C,Group: D vs Group: C,4,4,Blank_Blank_Blank
omega-linoleoyloxy-Cer(d18:1/34:0),Cer,1113.1000671386719,1113.7200927734375,1113.640079498291,1110.1000862121582,1205.2200889587402,1105.1800727844238,1103.920078277588,1105.0400848388672,1109.1000709533691,Group: D,Group: C,Group: D vs Group: C,4,4,Blank_Blank_Blank
omega-linoleoyloxy-Cer(d18:2/30:0),Cer,1144.440071105957,1132.3000869750977,1114.5800704956055,1110.0400886535645,1122.3000793457031,1104.6400718688965,1103.3600807189941,1120.8400840759277,1109.3000793457031,Group: D,Group: C,Group: D vs Group: C,4,4,Blank_Blank_Blank
omega-linoleoyloxy-Cer(d18:2/31:0),Cer,1113.0800743103027,1113.3800659179688,1114.220069885254,1110.5200729370117,1105.1800804138184,1105.9800834655762,1103.9600677490234,1105.5800857543945,1157.480079650879,Group: D,Group: C,Group: D vs Group: C,4,4,Blank_Blank_Blank
omega-linoleoyloxy-Cer(d18:2/32:0),Cer,1112.6800727844238,1113.5200805664062,1114.6600761413574,1151.6000938415527,1106.1800804138184,1105.1000747680664,1104.0400733947754,1134.8600807189941,1108.9000854492188,Group: D,Group: C,Group: D vs Group: C,4,4,Blank_Blank_Blank
omega-linoleoyloxy-Cer(d18:2/34:0),Cer,1113.080078125,1113.2600784301758,1113.680076599121,1111.000087738037,1105.680076599121,1104.5200653076172,1103.62007522583,1105.000072479248,1108.2400741577148,Group: D,Group: C,Group: D vs Group: C,4,4,Blank_Blank_Blank
omega-linoleoyloxy-Cer(d19:0/28:0),Cer,1156.0400848388672,1112.9400749206543,1127.660068511963,1120.3800773620605,1106.2400817871094,1104.8200759887695,1133.0400772094727,1105.4400749206543,1108.6800689697266,Group: D,Group: C,Group: D vs Group: C,4,4,Blank_Blank_Blank
omega-linoleoyloxy-Cer(d19:0/34:0),Cer,1112.4200859069824,1129.3200798034668,1113.8800811767578,1109.1600761413574,1105.7800827026367,1105.220085144043,1103.5400772094727,1105.8400764465332,1145.7400856018066,Group: D,Group: C,Group: D vs Group: C,4,4,Blank_Blank_Blank
omega-linoleoyloxy-Cer(d19:1/34:0),Cer,1127.0200881958008,1121.3000831604004,1114.0600776672363,1109.8800773620605,1105.320083618164,1105.0600700378418,1104.1200675964355,1105.5400733947754,1109.0800895690918,Group: D,Group: C,Group: D vs Group: C,4,4,Blank_Blank_Blank
omega-linoleoyloxy-Cer(d20:1/34:0),Cer,1159.4400825500488,1124.0000762939453,1113.8000793457031,1131.1800804138184,1114.7800788879395,1127.7800788879395,1104.12007522583,1105.8000717163086,1109.0000839233398,Group: D,Group: C,Group: D vs Group: C,4,4,Blank_Blank_Blank
omega-linoleoyloxy-Cer(d21:0/33:0),Cer,1112.4000816345215,1113.7400665283203,1113.6400756835938,1110.2000923156738,1105.920078277588,1163.3200874328613,1103.7200736999512,1105.2400741577148,1108.2600746154785,Group: D,Group: C,Group: D vs Group: C,4,4,Blank_Blank_Blank
omega-linoleoyloxy-GlcCer(d18:1/30:0),Cer,1157.0800857543945,1111.5000839233398,1111.2600860595703,1109.4800834655762,1103.6200714111328,1104.1400909423828,1101.7000732421875,1103.6400680541992,1106.8600807189941,Group: D,Group: C,Group: D vs Group: C,4,4,Blank_Blank_Blank
