Lipid,Class,FAD199_m1_66_D,FAD199_m3_66_D,FAD201_m5_61_D,FAD265_m3_59_D,FAD261_m3_81_A,FAD265_m2_74_A,FAD309_55_A,FAD325_39_A,Blank_Blank_Blank,Title1,Title2,Title,length1,length2,Blank_name
1-O-behenoyl-Cer(d18:1/16:0),Cer,1144.8200798034668,1266.4200859069824,1217.5800819396973,1178.0200881958008,1115.7600860595703,1111.0400772094727,1239.980079650879,1116.3000755310059,1139.1600761413574,Group: D,Group: A,Group: D vs Group: A,4,4,Blank_Blank_Blank
1-O-carboceroyl-Cer(d18:1/18:0),Cer,1112.7000770568848,1212.04008102417,1128.840072631836,1161.2600898742676,1115.2600784301758,1111.0200843811035,1152.6400756835938,1131.0800743103027,1228.360092163086,Group: D,Group: A,Group: D vs Group: A,4,4,Blank_Blank_Blank
1-O-cerotoyl-Cer(d18:1/16:0),Cer,1112.060073852539,1135.6400718688965,1114.6400756835938,1201.6000938415527,1115.4600830078125,1210.4800872802734,1150.5800819396973,1145.460075378418,1109.600082397461,Group: D,Group: A,Group: D vs Group: A,4,4,Blank_Blank_Blank
1-O-cerotoyl-Cer(d18:1/18:0),Cer,1150.2800674438477,1171.0800819396973,1130.1000785827637,1179.3600883483887,1115.4800834655762,1140.1800842285156,1195.2000885009766,1134.9400825500488,1108.6000785827637,Group: D,Group: A,Group: D vs Group: A,4,4,Blank_Blank_Blank
1-O-eicosanoyl-Cer(d18:1/16:0),Cer,1101.4200744628906,1100.3200721740723,1133.2400817871094,1069.320083618164,1074.7000732421875,1070.820068359375,1120.500072479248,1189.6200904846191,1104.2000846862793,Group: D,Group: A,Group: D vs Group: A,4,4,Blank_Blank_Blank
1-O-lignoceroyl-Cer(d18:1/16:0),Cer,1141.940071105957,1134.9600791931152,1201.7600784301758,1165.7000846862793,1115.7000770568848,1139.2200775146484,1207.3600769042969,1309.2200965881348,1208.6400985717773,Group: D,Group: A,Group: D vs Group: A,4,4,Blank_Blank_Blank
1-O-pentacosanoyl-Cer(d18:1/16:0),Cer,1199.3600883483887,1822.7801399230957,2010.2401313781738,2156.8801345825195,1131.1000747680664,1566.880111694336,1576.4001159667969,2372.3801879882812,1130.740077972412,Group: D,Group: A,Group: D vs Group: A,4,4,Blank_Blank_Blank
1-O-tricosanoyl-Cer(d18:1/16:0),Cer,1525.8801307678223,3167.3401794433594,2807.220203399658,2755.9601707458496,1379.4600944519043,1829.2201309204102,3016.9401931762695,2987.7401962280273,1164.400089263916,Group: D,Group: A,Group: D vs Group: A,4,4,Blank_Blank_Blank
1-O-tricosanoyl-Cer(d18:1/18:0),Cer,1113.2600746154785,1114.5000686645508,1114.6000785827637,1109.740089416504,1115.500072479248,1110.8000869750977,1116.7800750732422,1115.8800811767578,1164.000072479248,Group: D,Group: A,Group: D vs Group: A,4,4,Blank_Blank_Blank
CAR,CAR,2822.6001892089844,2178.24015045166,3656.060230255127,3088.500217437744,2004.8201484680176,2958.800205230713,2742.140182495117,3412.6202392578125,1858.7201194763184,Group: D,Group: A,Group: D vs Group: A,4,4,Blank_Blank_Blank
CAR(10:0),CAR,2424.4601821899414,2052.8801460266113,3898.3002700805664,3012.440216064453,1994.2201499938965,3377.3402519226074,3290.200222015381,3180.3402366638184,2661.9001693725586,Group: D,Group: A,Group: D vs Group: A,4,4,Blank_Blank_Blank
CAR(10:0)_QUAL,CAR,3308.2402381896973,2574.680164337158,4765.580360412598,3706.280246734619,2130.540153503418,4588.060325622559,4821.200332641602,5206.3004150390625,2898.900215148926,Group: D,Group: A,Group: D vs Group: A,4,4,Blank_Blank_Blank
CAR(10:1),CAR,3281.2202186584473,2258.8601608276367,3818.0602951049805,3514.520233154297,2141.70015335083,2971.320243835449,3747.080238342285,3518.9002113342285,2162.0001487731934,Group: D,Group: A,Group: D vs Group: A,4,4,Blank_Blank_Blank
CAR(10:1)_QUAL,CAR,3253.720241546631,2809.1201934814453,5163.160358428955,3681.6802673339844,2558.9201889038086,4871.080333709717,4702.100345611572,4794.360282897949,3336.540256500244,Group: D,Group: A,Group: D vs Group: A,4,4,Blank_Blank_Blank
CAR(10:2),CAR,2853.400203704834,2036.140151977539,4015.0802841186523,2852.0602111816406,1970.1601333618164,3249.2401962280273,3199.800235748291,3692.520278930664,2405.200164794922,Group: D,Group: A,Group: D vs Group: A,4,4,Blank_Blank_Blank
CAR(10:2)_QUAL,CAR,22179.781616210938,20332.621459960938,44016.34289550781,28926.301788330078,15282.721103668213,35610.582427978516,36903.942306518555,41608.982818603516,23348.381622314453,Group: D,Group: A,Group: D vs Group: A,4,4,Blank_Blank_Blank
CAR(10:3),CAR,1989.1401290893555,1957.4401359558105,2752.040199279785,1988.8801307678223,1580.3200988769531,2688.6601753234863,2408.0001831054688,2391.980178833008,1812.9601249694824,Group: D,Group: A,Group: D vs Group: A,4,4,Blank_Blank_Blank
CAR(10:3)_QUAL,CAR,2557.880172729492,1961.5601425170898,3620.000286102295,3057.2402267456055,1927.240119934082,3856.7002754211426,3365.160243988037,3818.1202850341797,3044.8602256774902,Group: D,Group: A,Group: D vs Group: A,4,4,Blank_Blank_Blank
CAR(11:0),CAR,2124.5801391601562,1939.0801239013672,2765.180160522461,2832.3802032470703,1861.7201385498047,2388.6601943969727,2682.8601684570312,3123.2602157592773,2144.900146484375,Group: D,Group: A,Group: D vs Group: A,4,4,Blank_Blank_Blank
CAR(11:0)_QUAL,CAR,3342.040237426758,3205.1001930236816,5227.060363769531,3571.9002723693848,2360.020175933838,5043.440380096436,4665.480331420898,5279.680416107178,3157.1801986694336,Group: D,Group: A,Group: D vs Group: A,4,4,Blank_Blank_Blank
CAR(12:0),CAR,1710.3201026916504,1671.8601303100586,1974.1601448059082,1869.1201286315918,1540.7201118469238,1970.420150756836,2089.2801666259766,2275.1001892089844,1750.320125579834,Group: D,Group: A,Group: D vs Group: A,4,4,Blank_Blank_Blank
CAR(12:0)_QUAL,CAR,3343.880226135254,2690.3001708984375,4647.280326843262,3616.0802421569824,2366.8601722717285,4845.880352020264,4238.80029296875,4580.680324554443,2939.100200653076,Group: D,Group: A,Group: D vs Group: A,4,4,Blank_Blank_Blank
CAR(14:0),CAR,2128.9601669311523,2138.320171356201,2935.6002044677734,2706.2602005004883,1995.4201316833496,2439.220169067383,2513.64017868042,2524.480182647705,1947.8601341247559,Group: D,Group: A,Group: D vs Group: A,4,4,Blank_Blank_Blank
CAR(14:0)_QUAL,CAR,5522.320407867432,4207.580333709717,8759.020622253418,6038.120456695557,3393.4602432250977,7529.900581359863,7802.920669555664,8388.960525512695,4949.740325927734,Group: D,Group: A,Group: D vs Group: A,4,4,Blank_Blank_Blank
CAR(14:1),CAR,2185.8601455688477,2163.600154876709,2269.4001541137695,2514.2601737976074,1869.300136566162,2310.060157775879,2349.1601638793945,2575.6001777648926,1837.2401237487793,Group: D,Group: A,Group: D vs Group: A,4,4,Blank_Blank_Blank
CAR(14:1)_QUAL,CAR,4601.700336456299,4431.140281677246,8566.240615844727,5965.080406188965,3414.4002571105957,7693.740501403809,7311.340591430664,7821.260566711426,5046.040378570557,Group: D,Group: A,Group: D vs Group: A,4,4,Blank_Blank_Blank
CAR(14:2),CAR,3130.2002449035645,2801.0202293395996,5129.980354309082,3784.1402702331543,2508.720184326172,4118.480285644531,4432.740314483643,4698.90030670166,3186.260227203369,Group: D,Group: A,Group: D vs Group: A,4,4,Blank_Blank_Blank
CAR(14:2)_QUAL,CAR,52433.423583984375,44321.98294067383,103665.9877319336,62098.084411621094,35312.24249267578,77973.94537353516,84386.845703125,93783.54663085938,51347.30401611328,Group: D,Group: A,Group: D vs Group: A,4,4,Blank_Blank_Blank
CAR(16:0),CAR,2460.660167694092,2631.700206756592,3576.720241546631,2691.920181274414,2025.660140991211,3241.8802223205566,2834.100185394287,3368.520221710205,2108.1201553344727,Group: D,Group: A,Group: D vs Group: A,4,4,Blank_Blank_Blank
CAR(16:0)_QUAL,CAR,4344.620315551758,3650.7402572631836,7294.520469665527,5058.500354766846,3533.4002227783203,6461.580436706543,6075.060436248779,7199.6605224609375,3809.7002716064453,Group: D,Group: A,Group: D vs Group: A,4,4,Blank_Blank_Blank
CAR(16:1),CAR,1958.7801361083984,2011.7601585388184,2366.3801612854004,2093.040153503418,1758.9401168823242,2051.640125274658,2344.460178375244,2376.400161743164,1816.640121459961,Group: D,Group: A,Group: D vs Group: A,4,4,Blank_Blank_Blank
CAR(16:1)_QUAL,CAR,5912.940441131592,4842.860385894775,10138.320751190186,6586.320465087891,3924.6802711486816,12480.160873413086,8538.260593414307,9331.640617370605,7357.380523681641,Group: D,Group: A,Group: D vs Group: A,4,4,Blank_Blank_Blank
CAR(16:2),CAR,2089.5401573181152,2191.2001724243164,3101.1802253723145,2836.2602195739746,1942.9801406860352,2516.740177154541,2580.380184173584,3111.400215148926,1863.6401290893555,Group: D,Group: A,Group: D vs Group: A,4,4,Blank_Blank_Blank
CAR(16:2)_QUAL,CAR,2888.5002212524414,2414.200164794922,4120.200290679932,2915.220226287842,2251.880157470703,4361.220310211182,3785.1202659606934,3741.3202362060547,2864.0202140808105,Group: D,Group: A,Group: D vs Group: A,4,4,Blank_Blank_Blank
CAR(17:0),CAR,3096.440200805664,2518.240188598633,4507.420330047607,3148.700252532959,2054.1601524353027,3510.6202697753906,3703.080238342285,4191.720287322998,2831.5202255249023,Group: D,Group: A,Group: D vs Group: A,4,4,Blank_Blank_Blank
CAR(17:0)_QUAL,CAR,6794.740501403809,5169.180362701416,11420.220840454102,7304.7404861450195,4312.360294342041,9461.260692596436,10135.780708312988,11151.200866699219,5544.080337524414,Group: D,Group: A,Group: D vs Group: A,4,4,Blank_Blank_Blank
CAR(18:0),CAR,2665.7601928710938,1911.820140838623,3432.740261077881,2919.960216522217,2092.06014251709,2822.620204925537,3448.080238342285,3207.3602333068848,2296.820167541504,Group: D,Group: A,Group: D vs Group: A,4,4,Blank_Blank_Blank
CAR(18:0)_QUAL,CAR,4244.460273742676,3896.9802856445312,6956.720470428467,4675.560329437256,3243.7602462768555,6312.540435791016,6302.480411529541,6718.620468139648,4162.380275726318,Group: D,Group: A,Group: D vs Group: A,4,4,Blank_Blank_Blank
CAR(18:1),CAR,2868.020217895508,2130.1201515197754,3592.2802734375,2652.660186767578,1832.5201263427734,2594.3601722717285,3294.260208129883,3853.88028717041,1948.2201347351074,Group: D,Group: A,Group: D vs Group: A,4,4,Blank_Blank_Blank
CAR(18:1)_QUAL,CAR,3788.6002769470215,3456.6802673339844,6222.280448913574,4786.6403884887695,3129.720199584961,5372.22034072876,5542.600368499756,5220.380367279053,3794.940254211426,Group: D,Group: A,Group: D vs Group: A,4,4,Blank_Blank_Blank
CAR(18:2),CAR,3379.780227661133,3379.2602577209473,4826.000358581543,3476.12020111084,2233.7001609802246,3928.340286254883,3654.6202812194824,4550.52029800415,2877.360176086426,Group: D,Group: A,Group: D vs Group: A,4,4,Blank_Blank_Blank
CAR(18:2)_QUAL,CAR,3561.540252685547,2936.640182495117,4953.560348510742,3809.3802795410156,2589.880184173584,4073.180274963379,4693.660339355469,4502.820289611816,3380.560234069824,Group: D,Group: A,Group: D vs Group: A,4,4,Blank_Blank_Blank
CAR(18:3),CAR,2598.8201866149902,2351.260154724121,3749.3202590942383,2605.680160522461,1947.3601341247559,3335.0202445983887,3208.8002014160156,3722.3802757263184,2588.780204772949,Group: D,Group: A,Group: D vs Group: A,4,4,Blank_Blank_Blank
CAR(18:3)_QUAL,CAR,4596.940288543701,3532.7002296447754,7055.160491943359,4998.500354766846,3035.280227661133,6024.380416870117,5681.100414276123,6968.86051940918,4367.680294036865,Group: D,Group: A,Group: D vs Group: A,4,4,Blank_Blank_Blank
CAR(18:4),CAR,3352.960231781006,3042.740219116211,5655.640380859375,4081.560291290283,2626.680191040039,4749.260341644287,5369.120391845703,4952.120330810547,3211.8402519226074,Group: D,Group: A,Group: D vs Group: A,4,4,Blank_Blank_Blank
CAR(18:4)_QUAL,CAR,4398.160350799561,4087.84024810791,7925.360488891602,4890.380336761475,3150.5402297973633,5252.480438232422,6342.1405029296875,6530.64045715332,3885.4603004455566,Group: D,Group: A,Group: D vs Group: A,4,4,Blank_Blank_Blank
CAR(20:0),CAR,2482.900188446045,2081.120147705078,2778.9801864624023,2009.000144958496,1534.5401000976562,2231.3801651000977,2205.5401725769043,2740.240177154541,1862.6201362609863,Group: D,Group: A,Group: D vs Group: A,4,4,Blank_Blank_Blank
CAR(20:0)_QUAL,CAR,5956.480419158936,4985.000343322754,10488.56069946289,7405.740455627441,4146.400295257568,8061.100540161133,9378.640712738037,10130.760688781738,5530.580421447754,Group: D,Group: A,Group: D vs Group: A,4,4,Blank_Blank_Blank
CAR(20:1),CAR,3327.3402366638184,3256.180221557617,4166.900352478027,3472.2002334594727,2478.1601905822754,3467.500244140625,3366.260227203369,4251.600330352783,2492.540184020996,Group: D,Group: A,Group: D vs Group: A,4,4,Blank_Blank_Blank
CAR(20:1)_QUAL,CAR,2960.9002075195312,2481.2601737976074,4220.94030380249,3354.5002517700195,2001.5001373291016,3533.440269470215,3680.740261077881,3639.460250854492,2906.4402351379395,Group: D,Group: A,Group: D vs Group: A,4,4,Blank_Blank_Blank
CAR(20:2),CAR,4833.080337524414,5251.900352478027,8560.0806350708,5423.540374755859,3080.060214996338,6740.860412597656,6784.920478820801,8216.84061050415,4415.460342407227,Group: D,Group: A,Group: D vs Group: A,4,4,Blank_Blank_Blank
CAR(20:2)_QUAL,CAR,3338.100238800049,3132.5802268981934,5219.000392913818,3900.5002975463867,2709.1401863098145,4866.240367889404,4215.140327453613,4970.000339508057,3671.500289916992,Group: D,Group: A,Group: D vs Group: A,4,4,Blank_Blank_Blank
CAR(20:4),CAR,2202.8601570129395,2005.0601348876953,2594.800178527832,2063.7801475524902,1615.6801223754883,2286.22017288208,2420.7601737976074,2714.680187225342,1948.0401306152344,Group: D,Group: A,Group: D vs Group: A,4,4,Blank_Blank_Blank
CAR(20:4)_QUAL,CAR,3186.6602172851562,3013.060199737549,4761.540370941162,3791.340259552002,2436.0601654052734,3698.0002479553223,4033.840305328369,4831.140350341797,3134.6801948547363,Group: D,Group: A,Group: D vs Group: A,4,4,Blank_Blank_Blank
CAR(22:0),CAR,4130.300258636475,3083.040241241455,5922.580463409424,3316.820240020752,2181.7401580810547,3709.900276184082,4610.280277252197,6012.120449066162,2918.240219116211,Group: D,Group: A,Group: D vs Group: A,4,4,Blank_Blank_Blank
CAR(22:0)_QUAL,CAR,3855.620273590088,4052.9402770996094,6631.820449829102,4554.400310516357,2950.480197906494,5330.600364685059,5514.040355682373,6091.820404052734,4026.280288696289,Group: D,Group: A,Group: D vs Group: A,4,4,Blank_Blank_Blank
CAR(22:2),CAR,3841.9602661132812,3419.6002655029297,5991.520408630371,4569.820362091064,2996.5201988220215,4953.640365600586,5397.640365600586,6028.260410308838,3558.900230407715,Group: D,Group: A,Group: D vs Group: A,4,4,Blank_Blank_Blank
CAR(22:2)_QUAL,CAR,7396.840518951416,6150.8403968811035,13037.780860900879,9233.020652770996,5679.040386199951,10666.92068862915,11903.380798339844,11808.520854949951,7421.480499267578,Group: D,Group: A,Group: D vs Group: A,4,4,Blank_Blank_Blank
CAR(22:4),CAR,1954.2401428222656,1808.0601119995117,2495.920181274414,2079.640151977539,1683.1401176452637,2035.8601455688477,2614.1602058410645,2189.5001525878906,2133.460159301758,Group: D,Group: A,Group: D vs Group: A,4,4,Blank_Blank_Blank
CAR(22:4)_QUAL,CAR,4037.480293273926,3686.6202545166016,6919.300498962402,4519.320350646973,2693.220199584961,5639.240406036377,6357.740463256836,7987.440643310547,3600.360237121582,Group: D,Group: A,Group: D vs Group: A,4,4,Blank_Blank_Blank
CAR(22:5),CAR,1681.480110168457,1558.8001174926758,1814.1801261901855,1940.5401420593262,1505.4801177978516,1762.7801322937012,1856.220142364502,1809.4201316833496,1690.4001083374023,Group: D,Group: A,Group: D vs Group: A,4,4,Blank_Blank_Blank
CAR(22:5)_QUAL,CAR,13547.660926818848,12880.180870056152,41218.982192993164,16905.98137664795,8957.640678405762,18387.401306152344,24103.241622924805,57278.40451049805,9577.780662536621,Group: D,Group: A,Group: D vs Group: A,4,4,Blank_Blank_Blank
CAR(22:6),CAR,1934.460147857666,1920.7201347351074,2398.260181427002,2098.340160369873,1664.0801162719727,2181.1401596069336,2574.440196990967,2330.1601791381836,1972.0601425170898,Group: D,Group: A,Group: D vs Group: A,4,4,Blank_Blank_Blank
CAR(22:6)_QUAL,CAR,4962.240352630615,4476.780300140381,8662.220649719238,5663.9204177856445,3646.1802711486816,7522.200508117676,7505.240566253662,9879.760772705078,5134.700370788574,Group: D,Group: A,Group: D vs Group: A,4,4,Blank_Blank_Blank
CAR(26:0),CAR,6495.880439758301,6702.880439758301,11537.8408203125,8289.34056854248,4606.220306396484,9228.180675506592,9529.180763244629,11639.56088256836,6618.92045211792,Group: D,Group: A,Group: D vs Group: A,4,4,Blank_Blank_Blank
CAR(26:0)_QUAL,CAR,5185.320365905762,4383.180320739746,8163.720573425293,5705.500396728516,3846.940269470215,6967.940505981445,7288.48051071167,7775.180526733398,4622.8603515625,Group: D,Group: A,Group: D vs Group: A,4,4,Blank_Blank_Blank
CAR(2:0),CAR,1907.780128479004,1597.900131225586,2430.3001861572266,1594.9401168823242,1606.260108947754,1838.980136871338,1899.2001419067383,1821.9001083374023,1491.7801094055176,Group: D,Group: A,Group: D vs Group: A,4,4,Blank_Blank_Blank
CAR(2:0)_QUAL,CAR,1803.6801223754883,1526.7001190185547,2010.360149383545,1637.280117034912,1475.4000854492188,1825.6401329040527,1874.1401329040527,1907.6001281738281,1694.5601119995117,Group: D,Group: A,Group: D vs Group: A,4,4,Blank_Blank_Blank
CAR(3:0),CAR,1562.1401023864746,1507.1201133728027,1728.7001304626465,1596.5401000976562,1433.3200874328613,1820.4401206970215,1612.5201148986816,1873.0601272583008,1683.2801246643066,Group: D,Group: A,Group: D vs Group: A,4,4,Blank_Blank_Blank
CAR(3:0)_QUAL,CAR,4373.480304718018,3759.900302886963,7266.360450744629,5018.100368499756,3551.7802696228027,5794.980369567871,5872.300426483154,6597.760459899902,4814.180316925049,Group: D,Group: A,Group: D vs Group: A,4,4,Blank_Blank_Blank
CAR(3:1),CAR,2134.9601440429688,1833.180118560791,2433.2401695251465,2078.360134124756,1933.3401527404785,2590.4801712036133,3047.2001914978027,2717.7401962280273,2157.980155944824,Group: D,Group: A,Group: D vs Group: A,4,4,Blank_Blank_Blank
CAR(3:1)_QUAL,CAR,5497.800426483154,4413.740295410156,9103.760654449463,6272.640453338623,4172.320262908936,8208.240566253662,8401.300548553467,8305.460563659668,6171.960414886475,Group: D,Group: A,Group: D vs Group: A,4,4,Blank_Blank_Blank
CAR(4:0),CAR,1601.7401123046875,1570.3001098632812,2007.9001388549805,1880.2801475524902,1515.4601097106934,2165.460159301758,2052.4601554870605,2048.2201499938965,1752.10013961792,Group: D,Group: A,Group: D vs Group: A,4,4,Blank_Blank_Blank
CAR(4:0)_QUAL,CAR,2381.820152282715,2095.480167388916,3700.7602729797363,2643.1401901245117,2106.9601554870605,3195.9802169799805,3418.420207977295,3379.320209503174,2275.4201698303223,Group: D,Group: A,Group: D vs Group: A,4,4,Blank_Blank_Blank
CAR(4:1),CAR,8031.660530090332,6929.040512084961,13581.440971374512,8166.600589752197,5955.720443725586,11585.400825500488,11768.780849456787,12094.321029663086,7143.620491027832,Group: D,Group: A,Group: D vs Group: A,4,4,Blank_Blank_Blank
CAR(4:1)_QUAL,CAR,2810.3401985168457,2262.0001525878906,3910.660316467285,3001.2202377319336,2353.1001510620117,3751.580276489258,3304.4602394104004,3374.3202323913574,2640.4201736450195,Group: D,Group: A,Group: D vs Group: A,4,4,Blank_Blank_Blank
CAR(5:0),CAR,2446.020191192627,2219.4001388549805,3919.6602783203125,3385.6602363586426,1848.6401290893555,3443.8802070617676,3210.560234069824,3327.6802406311035,2390.820171356201,Group: D,Group: A,Group: D vs Group: A,4,4,Blank_Blank_Blank
CAR(5:0)_QUAL,CAR,2777.920196533203,2170.2401580810547,4105.300296783447,2717.0001945495605,2311.2201385498047,3725.380302429199,4101.800308227539,4086.640277862549,2559.0201988220215,Group: D,Group: A,Group: D vs Group: A,4,4,Blank_Blank_Blank
CAR(5:1),CAR,1895.6801223754883,1983.880126953125,2538.64017868042,2100.3801460266113,1723.9801177978516,2101.6001586914062,2068.040142059326,2762.100196838379,2031.5201416015625,Group: D,Group: A,Group: D vs Group: A,4,4,Blank_Blank_Blank
CAR(5:1)_QUAL,CAR,1990.0401496887207,1723.2601127624512,2610.820182800293,2411.3001556396484,1745.4001197814941,2315.0801696777344,2405.1601600646973,2456.560173034668,1809.4401397705078,Group: D,Group: A,Group: D vs Group: A,4,4,Blank_Blank_Blank
CAR(6:0),CAR,1686.7201194763184,1495.720115661621,1741.6001319885254,1870.320140838623,1411.3601112365723,1671.8801231384277,1847.8601417541504,1897.0801315307617,1663.4001007080078,Group: D,Group: A,Group: D vs Group: A,4,4,Blank_Blank_Blank
CAR(6:0)_QUAL,CAR,2442.6001586914062,2279.380157470703,3381.160243988037,2814.660213470459,1781.5801315307617,2669.4802055358887,3004.8401794433594,3051.4202194213867,2244.3801612854004,Group: D,Group: A,Group: D vs Group: A,4,4,Blank_Blank_Blank
CAR(6:1),CAR,7371.380561828613,6077.340480804443,11038.300765991211,7398.940528869629,4452.440338134766,9679.540634155273,9851.520698547363,10186.940673828125,6792.740482330322,Group: D,Group: A,Group: D vs Group: A,4,4,Blank_Blank_Blank
CAR(6:1)_QUAL,CAR,2439.0401763916016,2043.6201438903809,3322.8602294921875,2609.9001808166504,1903.040138244629,2858.6402168273926,2723.180191040039,4132.6002769470215,2190.1601638793945,Group: D,Group: A,Group: D vs Group: A,4,4,Blank_Blank_Blank
CAR(7:0),CAR,1619.2001304626465,1530.260108947754,1986.3601341247559,1798.1201248168945,1502.8601150512695,2002.0001487731934,1822.920124053955,2289.340187072754,1947.2601318359375,Group: D,Group: A,Group: D vs Group: A,4,4,Blank_Blank_Blank
CAR(7:0)_QUAL,CAR,5425.960391998291,3819.4202613830566,8431.280578613281,6103.820449829102,3241.0402450561523,7227.900535583496,8288.12056350708,8324.000549316406,5624.080371856689,Group: D,Group: A,Group: D vs Group: A,4,4,Blank_Blank_Blank
CAR(8:0),CAR,3387.80025100708,2793.3002014160156,4908.160316467285,3727.200263977051,2582.3801765441895,3881.9202919006348,4327.140319824219,4978.460357666016,3285.100212097168,Group: D,Group: A,Group: D vs Group: A,4,4,Blank_Blank_Blank
CAR(8:0)_QUAL,CAR,2965.1402168273926,2520.5201683044434,4368.420291900635,3098.660228729248,2096.4601516723633,3759.720245361328,3572.6002616882324,3901.1802864074707,2690.9001846313477,Group: D,Group: A,Group: D vs Group: A,4,4,Blank_Blank_Blank
CAR(8:1),CAR,3289.340232849121,2820.8201942443848,4718.16028213501,3921.140266418457,2494.2601928710938,4665.340347290039,4615.06037902832,4859.720321655273,3226.6002044677734,Group: D,Group: A,Group: D vs Group: A,4,4,Blank_Blank_Blank
CAR(8:1)_QUAL,CAR,5331.820327758789,4228.5803146362305,8286.520603179932,6466.54048538208,3252.080223083496,7967.080562591553,7398.700511932373,8880.240631103516,5348.480297088623,Group: D,Group: A,Group: D vs Group: A,4,4,Blank_Blank_Blank
CAR(9:0),CAR,1829.08012008667,1484.8401145935059,2107.14013671875,1810.9601211547852,1599.1400985717773,1937.200138092041,1733.5801277160645,2025.3001518249512,1800.6201210021973,Group: D,Group: A,Group: D vs Group: A,4,4,Blank_Blank_Blank
CAR(9:0)_QUAL,CAR,2881.3802032470703,2344.300178527832,4043.6602935791016,3168.3802185058594,2014.0201568603516,3601.9002647399902,3510.800224304199,3773.1002616882324,2704.800205230713,Group: D,Group: A,Group: D vs Group: A,4,4,Blank_Blank_Blank
CAR_QUAL,CAR,2636.3202056884766,1789.4201278686523,3109.340263366699,2335.980155944824,1834.680118560791,2635.040195465088,2598.2601890563965,3054.700206756592,1887.8401412963867,Group: D,Group: A,Group: D vs Group: A,4,4,Blank_Blank_Blank
CE(12:0),CE,5177.480381011963,5105.680305480957,5116.200386047363,5130.30037689209,5224.900360107422,5306.160381317139,5201.0403175354,5336.760364532471,5206.50036239624,Group: D,Group: A,Group: D vs Group: A,4,4,Blank_Blank_Blank
CE(14:0),CE,5480.800365447998,5460.320373535156,5283.880348205566,5106.840320587158,5498.480361938477,5523.000392913818,5257.6403465271,5683.620410919189,5403.240364074707,Group: D,Group: A,Group: D vs Group: A,4,4,Blank_Blank_Blank
CE(14:1),CE,5077.940341949463,5239.600379943848,5218.100395202637,5040.800342559814,5194.560329437256,5389.880405426025,5068.480339050293,5200.740379333496,5151.1803550720215,Group: D,Group: A,Group: D vs Group: A,4,4,Blank_Blank_Blank
CE(15:0),CE,5411.080352783203,5818.320392608643,5113.580375671387,5253.1203689575195,5733.4603843688965,6047.120433807373,5427.30037689209,5989.06042098999,5369.840358734131,Group: D,Group: A,Group: D vs Group: A,4,4,Blank_Blank_Blank
CE(15:1),CE,6407.50044631958,6758.420478820801,5639.400394439697,5271.140369415283,7131.100494384766,6775.080493927002,5791.460376739502,9701.400703430176,5919.480407714844,Group: D,Group: A,Group: D vs Group: A,4,4,Blank_Blank_Blank
CE(16:0),CE,5296.000335693359,5909.320411682129,6037.440406799316,5750.160430908203,6585.600440979004,6786.480499267578,5684.280410766602,6948.780475616455,6312.720439910889,Group: D,Group: A,Group: D vs Group: A,4,4,Blank_Blank_Blank
CE(16:1),CE,5811.500419616699,6157.2004318237305,5858.900417327881,5613.840385437012,5928.10041809082,5895.340442657471,5813.28039932251,6539.640472412109,5307.72034072876,Group: D,Group: A,Group: D vs Group: A,4,4,Blank_Blank_Blank
CE(16:2),CE,5243.060352325439,5198.320358276367,5132.360397338867,5137.580341339111,5433.400379180908,5334.4003829956055,5133.780326843262,5294.200397491455,5499.320373535156,Group: D,Group: A,Group: D vs Group: A,4,4,Blank_Blank_Blank
CE(16:3),CE,5380.100353240967,5474.30037689209,5268.28039932251,5128.7403564453125,5233.860382080078,5507.600421905518,5208.520336151123,5395.600364685059,5222.680358886719,Group: D,Group: A,Group: D vs Group: A,4,4,Blank_Blank_Blank
CE(17:0),CE,5558.340362548828,5908.9404373168945,5175.220367431641,5432.840404510498,5587.160381317139,6037.740440368652,5341.640350341797,5600.440399169922,5416.58039855957,Group: D,Group: A,Group: D vs Group: A,4,4,Blank_Blank_Blank
CE(17:1),CE,5323.600353240967,5310.860366821289,5232.240371704102,5202.780353546143,5521.760406494141,5548.340412139893,5189.480350494385,5238.000370025635,5177.940311431885,Group: D,Group: A,Group: D vs Group: A,4,4,Blank_Blank_Blank
CE(18:1),CE,8486.980575561523,8089.660606384277,8101.480606079102,8454.780601501465,7316.140506744385,9545.040702819824,7026.400497436523,9245.14066696167,5510.560371398926,Group: D,Group: A,Group: D vs Group: A,4,4,Blank_Blank_Blank
CE(18:2),CE,12010.580780029297,10359.660705566406,9949.70079421997,12558.00089263916,9056.620643615723,10913.62084197998,6821.1405029296875,10865.20076751709,5559.420383453369,Group: D,Group: A,Group: D vs Group: A,4,4,Blank_Blank_Blank
CE(18:3),CE,5241.320373535156,5795.760406494141,5625.400428771973,6213.380451202393,5839.160400390625,5891.100399017334,5495.360374450684,5723.100421905518,5186.0403480529785,Group: D,Group: A,Group: D vs Group: A,4,4,Blank_Blank_Blank
CE(19:0),CE,5612.640384674072,5717.040416717529,5377.520393371582,5419.540386199951,6036.100433349609,6417.820465087891,5347.660312652588,6771.140468597412,5870.480422973633,Group: D,Group: A,Group: D vs Group: A,4,4,Blank_Blank_Blank
CE(20:0),CE,5629.360397338867,6243.540420532227,5409.220397949219,5488.040374755859,6128.140430450439,6625.5004806518555,5887.180393218994,6949.900527954102,6720.020469665527,Group: D,Group: A,Group: D vs Group: A,4,4,Blank_Blank_Blank
CE(20:1),CE,5145.720344543457,5303.160385131836,5136.7003746032715,5327.360363006592,5418.860389709473,5446.940395355225,5177.620330810547,5389.840377807617,5242.600337982178,Group: D,Group: A,Group: D vs Group: A,4,4,Blank_Blank_Blank
CE(20:3),CE,5415.300369262695,5641.960346221924,5243.420398712158,5148.840351104736,5357.70036315918,5390.4603843688965,5192.100353240967,5558.180347442627,5210.5203285217285,Group: D,Group: A,Group: D vs Group: A,4,4,Blank_Blank_Blank
CE(20:4),CE,10609.280780792236,9335.30058670044,6675.44051361084,6978.180469512939,6599.100448608398,6946.42053604126,6001.520401000977,7060.560493469238,5087.940326690674,Group: D,Group: A,Group: D vs Group: A,4,4,Blank_Blank_Blank
CE(20:5),CE,5510.220386505127,5469.46036529541,5237.240383148193,5215.740379333496,5605.960391998291,6014.48042678833,5160.700332641602,5888.720439910889,5478.1203689575195,Group: D,Group: A,Group: D vs Group: A,4,4,Blank_Blank_Blank
CE(22:0),CE,5198.880332946777,5178.080348968506,5226.900363922119,5274.380382537842,5444.760391235352,5233.420413970947,5094.1603355407715,5362.080375671387,5398.320335388184,Group: D,Group: A,Group: D vs Group: A,4,4,Blank_Blank_Blank
CE(22:1),CE,5319.360382080078,5486.480365753174,5228.640365600586,5371.460395812988,5641.320381164551,5788.100437164307,5352.060375213623,6073.560432434082,5376.400363922119,Group: D,Group: A,Group: D vs Group: A,4,4,Blank_Blank_Blank
CE(22:2),CE,5153.240352630615,5187.040378570557,5111.600395202637,5188.3803787231445,5311.260349273682,5527.300403594971,5255.88037109375,5397.120380401611,5311.840347290039,Group: D,Group: A,Group: D vs Group: A,4,4,Blank_Blank_Blank
CE(22:3),CE,5125.260364532471,5164.660346984863,5055.720375061035,5147.940361022949,5131.840354919434,5324.220409393311,5166.900318145752,5276.280364990234,5172.860328674316,Group: D,Group: A,Group: D vs Group: A,4,4,Blank_Blank_Blank
CE(22:5),CE,5346.640380859375,5682.460430145264,5224.560386657715,5683.500392913818,5220.320346832275,5779.32039642334,5390.180370330811,5666.320392608643,5348.6803550720215,Group: D,Group: A,Group: D vs Group: A,4,4,Blank_Blank_Blank
CE(22:6),CE,8606.920528411865,9521.160682678223,7416.460548400879,7065.140483856201,6294.800441741943,8840.580657958984,7299.940486907959,8813.78056716919,5207.560356140137,Group: D,Group: A,Group: D vs Group: A,4,4,Blank_Blank_Blank
CE(24:1),CE,5217.360374450684,5290.420387268066,5180.440380096436,5191.780349731445,5386.560363769531,5304.18034362793,5149.200344085693,5470.740390777588,5273.300354003906,Group: D,Group: A,Group: D vs Group: A,4,4,Blank_Blank_Blank
CE(46:3;O2),CE,5118.440349578857,5069.060359954834,5063.960372924805,5081.540344238281,5118.720348358154,5104.08039855957,5092.280326843262,5096.020351409912,5087.640342712402,Group: D,Group: A,Group: D vs Group: A,4,4,Blank_Blank_Blank
CE(48:3;O2),CE,5072.560333251953,5109.440349578857,5056.96036529541,5080.900341033936,5087.6603355407715,5129.000400543213,5140.50032043457,5116.6203536987305,5112.780349731445,Group: D,Group: A,Group: D vs Group: A,4,4,Blank_Blank_Blank
CE(50:3;O2),CE,5102.100353240967,5090.860363006592,5079.520366668701,5081.180347442627,5115.980312347412,5151.520370483398,5211.640327453613,5102.96036529541,5112.680362701416,Group: D,Group: A,Group: D vs Group: A,4,4,Blank_Blank_Blank
CE(52:3;O2),CE,5066.380355834961,5126.920372009277,5075.300346374512,5100.740352630615,5168.22034072876,5211.460346221924,5130.44034576416,5187.700366973877,5079.320339202881,Group: D,Group: A,Group: D vs Group: A,4,4,Blank_Blank_Blank
Cer(d12:0/14:0),Cer,1213.8800811767578,1080.060073852539,1256.54008102417,1229.8800964355469,1083.060073852539,1108.400089263916,1227.7800788879395,1175.8400802612305,1169.4600830078125,Group: D,Group: A,Group: D vs Group: A,4,4,Blank_Blank_Blank
"Cer(d14:2(4E,6E)/16:0)",Cer,1071.1000785827637,1073.4200820922852,1145.660083770752,1139.4800910949707,1074.2400817871094,1120.6000785827637,1148.6000709533691,1150.5800666809082,1114.3600730895996,Group: D,Group: A,Group: D vs Group: A,4,4,Blank_Blank_Blank
"Cer(d14:2(4E,6E)/18:1(9Z))",Cer,1102.0600814819336,1072.680076599121,1223.5800857543945,1176.2600860595703,1074.4400749206543,1070.0400772094727,1075.1800689697266,1115.3600807189941,1081.5400772094727,Group: D,Group: A,Group: D vs Group: A,4,4,Blank_Blank_Blank
"Cer(d14:2(4E,6E)/20:1(11Z))",Cer,1071.020076751709,1072.2800827026367,1205.1200790405273,1121.320083618164,1073.9200706481934,1100.960075378418,1138.380084991455,1153.9800758361816,1096.5000762939453,Group: D,Group: A,Group: D vs Group: A,4,4,Blank_Blank_Blank
Cer(d15:1/16:0),Cer,1147.3200721740723,1122.1800842285156,1235.5400848388672,1121.940086364746,1111.1600723266602,1074.900074005127,1174.0800895690918,1165.6800842285156,1156.460075378418,Group: D,Group: A,Group: D vs Group: A,4,4,Blank_Blank_Blank
"Cer(d15:2(4E,6E)/20:0)",Cer,1260.6200942993164,1202.160083770752,1383.8800926208496,1131.780086517334,1084.0200729370117,1162.4600830078125,1527.1001052856445,1406.6200904846191,1147.9600791931152,Group: D,Group: A,Group: D vs Group: A,4,4,Blank_Blank_Blank
"Cer(d15:2(4E,6E)/22:0)",Cer,1156.640079498291,1132.2400741577148,1260.5200691223145,1178.6200981140137,1105.8800621032715,1069.6800842285156,1104.280071258545,1208.3000755310059,1127.3000793457031,Group: D,Group: A,Group: D vs Group: A,4,4,Blank_Blank_Blank
Cer(d16:1/17:0),Cer,1135.1200790405273,1094.9600791931152,1138.54008102417,1091.580078125,1074.320068359375,1137.7800788879395,1099.9800720214844,1170.3200721740723,1133.320083618164,Group: D,Group: A,Group: D vs Group: A,4,4,Blank_Blank_Blank
Cer(d16:1/23:0),Cer,1071.560073852539,1126.8400802612305,1123.340087890625,1181.6200790405273,1161.920078277588,1079.9200859069824,1080.9400634765625,1145.500072479248,1240.7400856018066,Group: D,Group: A,Group: D vs Group: A,4,4,Blank_Blank_Blank
Cer(d18:0/13:0),Cer,1071.2400817871094,1177.0600852966309,1120.3400764465332,1259.6400871276855,1079.5600662231445,1103.6400756835938,1104.1200675964355,1172.7000846862793,1090.600082397461,Group: D,Group: A,Group: D vs Group: A,4,4,Blank_Blank_Blank
Cer(d18:0/14:0),Cer,1119.0000801086426,1127.140079498291,1266.6400871276855,1218.2200965881348,1085.5000801086426,1123.3000793457031,1111.740077972412,1124.9400825500488,1192.780086517334,Group: D,Group: A,Group: D vs Group: A,4,4,Blank_Blank_Blank
Cer(d18:0/15:0),Cer,1195.8200759887695,1072.12007522583,1106.3400840759277,1127.7400932312012,1108.5000801086426,1069.780071258545,1101.520076751709,1165.3800735473633,1133.160083770752,Group: D,Group: A,Group: D vs Group: A,4,4,Blank_Blank_Blank
Cer(d18:0/16:0),Cer,1219.5000915527344,1136.960075378418,1245.8200912475586,1126.4200820922852,1088.9400825500488,1096.7200775146484,1205.0600891113281,1188.0800819396973,1194.1400833129883,Group: D,Group: A,Group: D vs Group: A,4,4,Blank_Blank_Blank
Cer(d18:0/17:0),Cer,1071.820083618164,1072.4200630187988,1254.0800971984863,1226.6600914001465,1139.8200798034668,1069.880084991455,1143.7800827026367,1153.140079498291,1218.3200798034668,Group: D,Group: A,Group: D vs Group: A,4,4,Blank_Blank_Blank
Cer(d18:0/18:0),Cer,1137.020076751709,1198.3400840759277,1128.6200675964355,1209.2000846862793,1120.4000816345215,1097.2800827026367,1135.7600746154785,1188.7000694274902,1150.4200897216797,Group: D,Group: A,Group: D vs Group: A,4,4,Blank_Blank_Blank
Cer(d18:0/19:0),Cer,1087.1400718688965,1138.5400733947754,1117.1200790405273,1155.460090637207,1074.060073852539,1069.680076599121,1088.940086364746,1104.2200775146484,1183.920078277588,Group: D,Group: A,Group: D vs Group: A,4,4,Blank_Blank_Blank
Cer(d18:0/20:0),Cer,1107.8400688171387,1135.640079498291,1220.2600784301758,1361.0401039123535,1074.400074005127,1135.0200843811035,1173.260082244873,1265.4000968933105,1093.3800773620605,Group: D,Group: A,Group: D vs Group: A,4,4,Blank_Blank_Blank
Cer(d18:0/21:0),Cer,1373.5600929260254,1857.8201293945312,1458.1800918579102,1547.1401329040527,1453.7201042175293,1205.5800895690918,1568.3400993347168,1883.2601318359375,2406.4201736450195,Group: D,Group: A,Group: D vs Group: A,4,4,Blank_Blank_Blank
Cer(d18:0/22:0),Cer,1217.8600845336914,1416.7200965881348,1348.7000923156738,1356.900089263916,1404.3801040649414,1258.6601028442383,1269.420078277588,1147.5200843811035,1226.0600852966309,Group: D,Group: A,Group: D vs Group: A,4,4,Blank_Blank_Blank
Cer(d18:0/23:0),Cer,1130.4800758361816,1401.6200942993164,1127.6600723266602,1360.7200889587402,1143.8600807189941,1173.4800910949707,1264.4200973510742,1190.9400825500488,1203.240089416504,Group: D,Group: A,Group: D vs Group: A,4,4,Blank_Blank_Blank
Cer(d18:0/24:0),Cer,1225.9800872802734,1307.2000923156738,1168.380084991455,1226.4000816345215,1090.6400718688965,1107.680088043213,1158.9800872802734,1248.3000831604004,1243.840087890625,Group: D,Group: A,Group: D vs Group: A,4,4,Blank_Blank_Blank
Cer(d18:0/25:0),Cer,1227.3000831604004,1260.7800903320312,1382.6601104736328,1413.1001091003418,1177.6800651550293,1306.6400833129883,1554.440113067627,1246.8400802612305,1407.840103149414,Group: D,Group: A,Group: D vs Group: A,4,4,Blank_Blank_Blank
Cer(d18:0/26:0),Cer,1150.220085144043,1239.0400886535645,1141.9600830078125,1318.0200843811035,1074.2600746154785,1113.4000816345215,1303.6800918579102,1153.4800834655762,1295.7600898742676,Group: D,Group: A,Group: D vs Group: A,4,4,Blank_Blank_Blank
Cer(d18:0/27:0),Cer,1146.0800857543945,1112.300064086914,1188.3600883483887,1090.8000793457031,1139.720085144043,1068.62007522583,1074.560073852539,1245.8400840759277,1095.5800819396973,Group: D,Group: A,Group: D vs Group: A,4,4,Blank_Blank_Blank
Cer(d18:0/29:0),Cer,1071.7200775146484,1168.1600799560547,1136.1200790405273,1192.300090789795,1110.560073852539,1102.3800773620605,1163.4600830078125,1117.480068206787,1077.7600784301758,Group: D,Group: A,Group: D vs Group: A,4,4,Blank_Blank_Blank
Cer(d18:0/30:0),Cer,1071.1200790405273,1072.520076751709,1072.7000770568848,1103.0400733947754,1198.820083618164,1091.0000801086426,1164.100082397461,1076.0800743103027,1067.5000801086426,Group: D,Group: A,Group: D vs Group: A,4,4,Blank_Blank_Blank
Cer(d18:0/31:0),Cer,1123.8000831604004,1154.0400848388672,1091.680076599121,1191.3200874328613,1073.9200706481934,1069.7800788879395,1198.2200775146484,1241.7400741577148,1104.7400856018066,Group: D,Group: A,Group: D vs Group: A,4,4,Blank_Blank_Blank
Cer(d18:0/32:0),Cer,1092.5600776672363,1095.140079498291,1073.740077972412,1118.500087738037,1104.9000701904297,1069.440071105957,1214.9400825500488,1075.9600677490234,1068.5200805664062,Group: D,Group: A,Group: D vs Group: A,4,4,Blank_Blank_Blank
Cer(d18:0/h17:0),Cer,1071.3000717163086,1185.2000999450684,1115.9800834655762,1089.9600791931152,1074.3800621032715,1173.1000862121582,1075.6000671386719,1075.6000862121582,1167.5000801086426,Group: D,Group: A,Group: D vs Group: A,4,4,Blank_Blank_Blank
Cer(d18:0/h24:0),Cer,1195.7200927734375,1078.3400802612305,1110.8800735473633,1078.9200820922852,1150.4800834655762,1073.3600616455078,1161.4600791931152,1118.280071258545,1140.8800773620605,Group: D,Group: A,Group: D vs Group: A,4,4,Blank_Blank_Blank
Cer(d18:0/h26:0),Cer,1073.2000885009766,1118.2000732421875,1109.280071258545,1097.7800827026367,1093.6000900268555,1070.0000762939453,1130.0400695800781,1081.6000709533691,1164.580078125,Group: D,Group: A,Group: D vs Group: A,4,4,Blank_Blank_Blank
Cer(d18:1/12:0),Cer,1197.820083618164,1119.760082244873,1182.8800773620605,1105.000072479248,1111.7600746154785,1165.9400825500488,1097.3200759887695,1106.1600799560547,1152.7200889587402,Group: D,Group: A,Group: D vs Group: A,4,4,Blank_Blank_Blank
Cer(d18:1/14:0),Cer,1094.400074005127,1154.1200790405273,1159.9800758361816,1318.4200897216797,1089.1200790405273,1176.1800804138184,1216.7200927734375,1247.920078277588,1189.480094909668,Group: D,Group: A,Group: D vs Group: A,4,4,Blank_Blank_Blank
Cer(d18:1/16:0),Cer,3514.3602981567383,3455.6202354431152,4311.080299377441,4436.560222625732,2305.2001457214355,3401.120319366455,1756.9001159667969,3508.460247039795,1420.4000968933105,Group: D,Group: A,Group: D vs Group: A,4,4,Blank_Blank_Blank
Cer(d18:1/17:0),Cer,1171.6200828552246,1150.7400703430176,1320.2800903320312,1272.2000885009766,1175.460075378418,1173.0600776672363,1202.3000679016113,1240.220085144043,1364.840103149414,Group: D,Group: A,Group: D vs Group: A,4,4,Blank_Blank_Blank
Cer(d18:1/18:0),Cer,1454.0801086425781,1514.4001121520996,1757.9401206970215,1405.2800903320312,1228.4200859069824,1278.0800971984863,1575.5401077270508,1397.8800811767578,1318.020092010498,Group: D,Group: A,Group: D vs Group: A,4,4,Blank_Blank_Blank
Cer(d18:1/18:1(9Z)),Cer,1179.6800804138184,1155.080078125,1252.600082397461,1568.300121307373,1121.9400825500488,1097.5600776672363,1181.2200889587402,1217.4000778198242,1313.080078125,Group: D,Group: A,Group: D vs Group: A,4,4,Blank_Blank_Blank
Cer(d18:1/19:0),Cer,1123.04008102417,1095.7200813293457,1089.3400688171387,1182.3000946044922,1113.720085144043,1226.1400909423828,1155.5000762939453,1096.9600830078125,1153.1000938415527,Group: D,Group: A,Group: D vs Group: A,4,4,Blank_Blank_Blank
Cer(d18:1/20:0),Cer,1400.2401084899902,2765.1802253723145,2316.880168914795,1846.060131072998,1315.360092163086,1327.1000900268555,1357.700096130371,2079.6001319885254,1307.2400970458984,Group: D,Group: A,Group: D vs Group: A,4,4,Blank_Blank_Blank
Cer(d18:1/22:0),Cer,7063.000450134277,18695.640758514404,6144.720539093018,10847.000900268555,3779.9402503967285,4694.4003829956055,5865.660507202148,7339.24040222168,1223.9200859069824,Group: D,Group: A,Group: D vs Group: A,4,4,Blank_Blank_Blank
Cer(d18:1/23:0),Cer,2885.2602195739746,4288.920223236084,2029.1001358032227,3358.6202087402344,2503.440158843994,1843.6001205444336,1928.280117034912,2573.8001594543457,1102.9600791931152,Group: D,Group: A,Group: D vs Group: A,4,4,Blank_Blank_Blank
Cer(d18:1/24:0),Cer,5899.620471954346,10714.060653686523,5335.440414428711,9608.140769958496,3960.7802658081055,4206.960235595703,3733.1401901245117,5355.700378417969,1340.4000930786133,Group: D,Group: A,Group: D vs Group: A,4,4,Blank_Blank_Blank
Cer(d18:1/24:1(15Z)),Cer,8760.400646209717,18286.44095993042,7030.960594177246,14916.581203460693,5685.040500640869,5054.220352172852,5264.8602867126465,8995.56037902832,1335.06010055542,Group: D,Group: A,Group: D vs Group: A,4,4,Blank_Blank_Blank
Cer(d18:1/25:0),Cer,1317.1800994873047,1611.9601211547852,1577.3601188659668,1580.4001159667969,1163.5200843811035,1212.5400848388672,1259.2000885009766,1367.6600914001465,1398.7601051330566,Group: D,Group: A,Group: D vs Group: A,4,4,Blank_Blank_Blank
Cer(d18:1/26:0),Cer,1196.4000816345215,1241.1800842285156,1187.5600814819336,1300.0600929260254,1122.62007522583,1212.1000938415527,1347.3000946044922,1242.5800895690918,1330.0600967407227,Group: D,Group: A,Group: D vs Group: A,4,4,Blank_Blank_Blank
Cer(d18:1/26:1(17Z)),Cer,1167.1600914001465,1134.3000717163086,1135.5600814819336,1282.740089416504,1099.1000747680664,1118.7000885009766,1137.600082397461,1221.6800918579102,1205.2400970458984,Group: D,Group: A,Group: D vs Group: A,4,4,Blank_Blank_Blank
Cer(d18:1/27:0),Cer,1085.8400802612305,1095.4400787353516,1091.8800811767578,1146.7600860595703,1074.0800704956055,1102.080093383789,1105.5600814819336,1155.2600746154785,1146.6400833129883,Group: D,Group: A,Group: D vs Group: A,4,4,Blank_Blank_Blank
Cer(d18:1/28:0),Cer,1124.9800758361816,1203.8400917053223,1221.000087738037,1087.1000900268555,1115.04008102417,1192.720085144043,1175.2400856018066,1249.300090789795,1094.1200790405273,Group: D,Group: A,Group: D vs Group: A,4,4,Blank_Blank_Blank
Cer(d18:1/29:0),Cer,1103.3400764465332,1119.8600769042969,1088.7000732421875,1101.340087890625,1074.0000839233398,1069.7200736999512,1107.2800674438477,1106.400074005127,1106.2000846862793,Group: D,Group: A,Group: D vs Group: A,4,4,Blank_Blank_Blank
Cer(d18:1/2:0),Cer,1158.6400871276855,1133.0600776672363,1142.1000671386719,1422.780101776123,1203.1600875854492,1167.4200820922852,1229.8600730895996,1142.400074005127,1208.8400840759277,Group: D,Group: A,Group: D vs Group: A,4,4,Blank_Blank_Blank
Cer(d18:1/30:0),Cer,1104.280086517334,1072.8800811767578,1127.4800758361816,1070.0600776672363,1086.4400787353516,1069.4600830078125,1105.1000785827637,1076.0200653076172,1074.5600814819336,Group: D,Group: A,Group: D vs Group: A,4,4,Blank_Blank_Blank
Cer(d18:1/31:0),Cer,1103.220085144043,1073.280071258545,1112.2600784301758,1144.1800804138184,1073.5200729370117,1069.7600784301758,1074.6400718688965,1155.140079498291,1162.480094909668,Group: D,Group: A,Group: D vs Group: A,4,4,Blank_Blank_Blank
Cer(d18:1/32:0),Cer,1079.580078125,1161.6200866699219,1109.3000755310059,1069.200080871582,1153.5000839233398,1069.3800811767578,1103.7800827026367,1173.880084991455,1067.7200736999512,Group: D,Group: A,Group: D vs Group: A,4,4,Blank_Blank_Blank
Cer(d18:1/33:0),Cer,1080.6200714111328,1141.1600723266602,1150.4200820922852,1071.6200790405273,1180.6400756835938,1070.6200790405273,1108.3600730895996,1133.6400756835938,1107.6800804138184,Group: D,Group: A,Group: D vs Group: A,4,4,Blank_Blank_Blank
Cer(d18:1/34:0),Cer,1212.3800773620605,1207.820083618164,1189.0800666809082,1223.9200820922852,1105.3200798034668,1113.7400817871094,1079.4400672912598,1163.8200798034668,1116.6600799560547,Group: D,Group: A,Group: D vs Group: A,4,4,Blank_Blank_Blank
Cer(d18:1/35:0),Cer,1072.1000709533691,1150.3800888061523,1084.3800773620605,1197.7200965881348,1075.54008102417,1111.2800788879395,1089.7000770568848,1139.460075378418,1165.980079650879,Group: D,Group: A,Group: D vs Group: A,4,4,Blank_Blank_Blank
Cer(d18:2/14:0),Cer,1118.680076599121,1108.4800643920898,1130.760082244873,1173.8200759887695,1074.0400695800781,1095.6200790405273,1246.8400764465332,1173.2800827026367,1157.04008102417,Group: D,Group: A,Group: D vs Group: A,4,4,Blank_Blank_Blank
Cer(d18:2/15:0),Cer,1071.5000801086426,1073.2600784301758,1107.0200729370117,1177.8800926208496,1074.3600730895996,1069.2000846862793,1088.9000701904297,1139.0000839233398,1068.1600761413574,Group: D,Group: A,Group: D vs Group: A,4,4,Blank_Blank_Blank
Cer(d18:2/16:0),Cer,1349.9000930786133,1239.480079650879,1441.2801055908203,1289.14009475708,1147.940071105957,1133.9400787353516,1111.1800651550293,1276.960090637207,1198.8400802612305,Group: D,Group: A,Group: D vs Group: A,4,4,Blank_Blank_Blank
Cer(d18:2/18:1),Cer,1113.5200729370117,1098.8000755310059,1141.12007522583,1287.1000785827637,1135.0600776672363,1069.4600715637207,1096.1200790405273,1114.8600845336914,1230.9200897216797,Group: D,Group: A,Group: D vs Group: A,4,4,Blank_Blank_Blank
Cer(d18:2/20:0),Cer,1148.3000793457031,1181.1800804138184,1263.920093536377,1260.0200843811035,1155.8600845336914,1153.280086517334,1259.8200798034668,1472.2601051330566,1143.780071258545,Group: D,Group: A,Group: D vs Group: A,4,4,Blank_Blank_Blank
Cer(d18:2/20:1),Cer,1150.7800750732422,1130.0000839233398,1116.2200813293457,1185.680088043213,1126.8400802612305,1116.54008102417,1075.0400695800781,1118.680076599121,1068.1200828552246,Group: D,Group: A,Group: D vs Group: A,4,4,Blank_Blank_Blank
Cer(d18:2/21:0),Cer,1077.0200805664062,1072.9200744628906,1096.8600769042969,1069.2000732421875,1074.140079498291,1127.8400840759277,1132.9400787353516,1113.940086364746,1068.0400657653809,Group: D,Group: A,Group: D vs Group: A,4,4,Blank_Blank_Blank
Cer(d18:2/22:0),Cer,1837.2201309204102,3126.7402725219727,2634.020217895508,2062.1001510620117,1443.3401069641113,1268.1401100158691,1691.6000938415527,2350.2001419067383,1094.1600761413574,Group: D,Group: A,Group: D vs Group: A,4,4,Blank_Blank_Blank
Cer(d18:2/23:0),Cer,1412.320110321045,1540.7201118469238,1154.3200798034668,1460.6201133728027,1245.5800971984863,1138.980094909668,1177.9000854492188,1230.0400886535645,1127.5800971984863,Group: D,Group: A,Group: D vs Group: A,4,4,Blank_Blank_Blank
Cer(d18:2/25:0),Cer,1108.280071258545,1072.5800743103027,1073.060073852539,1203.5000915527344,1145.8600692749023,1179.4000816345215,1154.2800750732422,1145.0000762939453,1267.980094909668,Group: D,Group: A,Group: D vs Group: A,4,4,Blank_Blank_Blank
Cer(d18:2/27:0),Cer,1071.1800804138184,1138.6600761413574,1180.440086364746,1069.6000709533691,1074.2400703430176,1069.5400695800781,1075.1600914001465,1170.6800842285156,1088.480079650879,Group: D,Group: A,Group: D vs Group: A,4,4,Blank_Blank_Blank
Cer(d18:2/28:0),Cer,1072.0400695800781,1100.6600761413574,1072.9000778198242,1093.340087890625,1074.4200744628906,1069.500072479248,1217.2400932312012,1075.9000778198242,1123.960090637207,Group: D,Group: A,Group: D vs Group: A,4,4,Blank_Blank_Blank
Cer(d18:2/29:0),Cer,1104.9000778198242,1072.060073852539,1085.340072631836,1098.9800758361816,1074.3600730895996,1147.3600845336914,1097.6000785827637,1076.0800819396973,1067.6000747680664,Group: D,Group: A,Group: D vs Group: A,4,4,Blank_Blank_Blank
Cer(d18:2/30:0),Cer,1071.5400619506836,1072.6400718688965,1101.0600814819336,1069.720069885254,1074.3600692749023,1084.7200813293457,1075.5000762939453,1076.3400688171387,1067.2200736999512,Group: D,Group: A,Group: D vs Group: A,4,4,Blank_Blank_Blank
Cer(d18:2/32:0),Cer,1071.8600769042969,1072.8200798034668,1137.9000854492188,1175.380084991455,1074.9600639343262,1124.1200828552246,1135.0800857543945,1076.080078125,1067.580078125,Group: D,Group: A,Group: D vs Group: A,4,4,Blank_Blank_Blank
Cer(d20:0/26:0),Cer,1201.8600845336914,1110.8800735473633,1210.6600914001465,1126.6600875854492,1074.4200744628906,1140.3400764465332,1100.1600761413574,1076.6400718688965,1189.400089263916,Group: D,Group: A,Group: D vs Group: A,4,4,Blank_Blank_Blank
CerP(d18:0/16:0),Cer,1216.480079650879,1153.8000755310059,1178.9600868225098,1135.4600830078125,1084.8600807189941,1255.1200790405273,1129.8400764465332,1088.700080871582,1089.4400787353516,Group: D,Group: A,Group: D vs Group: A,4,4,Blank_Blank_Blank
CerP(d18:1/12:0),Cer,1225.4600830078125,1138.8000869750977,1238.100082397461,1207.7200965881348,1093.1800727844238,1088.980079650879,1149.0600776672363,1186.100082397461,1176.400089263916,Group: D,Group: A,Group: D vs Group: A,4,4,Blank_Blank_Blank
CerP(d18:1/14:0),Cer,1119.900074005127,1284.700080871582,1440.4600982666016,1306.1800918579102,1111.3400764465332,1150.8600807189941,1170.080062866211,1269.4000854492188,1118.7400741577148,Group: D,Group: A,Group: D vs Group: A,4,4,Blank_Blank_Blank
CerP(d18:1/16:0),Cer,3302.080207824707,3976.9201850891113,2203.5001487731934,3640.940231323242,2120.1601600646973,2225.560157775879,2175.860122680664,2738.7801513671875,1159.2400741577148,Group: D,Group: A,Group: D vs Group: A,4,4,Blank_Blank_Blank
CerP(d18:1/18:0),Cer,1800.1801261901855,2641.460235595703,1697.2001342773438,2376.9601554870605,1460.5801124572754,1757.4000968933105,1321.6800842285156,1662.1801261901855,1379.7400856018066,Group: D,Group: A,Group: D vs Group: A,4,4,Blank_Blank_Blank
CerP(d18:1/20:0),Cer,1139.6200828552246,1072.340072631836,1123.660068511963,1132.9600830078125,1074.1400756835938,1078.5000801086426,1172.2000770568848,1119.380084991455,1253.9800910949707,Group: D,Group: A,Group: D vs Group: A,4,4,Blank_Blank_Blank
CerP(d18:1/22:0),Cer,1113.5800743103027,1192.7800941467285,1101.2400856018066,1226.3800888061523,1074.5800666809082,1069.7400703430176,1102.1000747680664,1198.960075378418,1067.2800827026367,Group: D,Group: A,Group: D vs Group: A,4,4,Blank_Blank_Blank
CerP(d18:1/24:0),Cer,1107.8800735473633,1155.6600799560547,1087.2200775146484,1117.4200820922852,1113.6800689697266,1714.700138092041,1079.0000762939453,1123.6000709533691,1107.4200706481934,Group: D,Group: A,Group: D vs Group: A,4,4,Blank_Blank_Blank
CerP(d18:1/24:1(15Z)),Cer,1145.3600883483887,1106.7600746154785,1100.700080871582,1130.440071105957,1094.2200736999512,1069.3800735473633,1118.0800704956055,1201.4000816345215,1117.7000770568848,Group: D,Group: A,Group: D vs Group: A,4,4,Blank_Blank_Blank
CerP(d18:1/26:0),Cer,1073.2200813293457,1247.1400871276855,1086.3400764465332,1101.1600914001465,1101.1800842285156,1130.7000846862793,1193.800090789795,1120.04008102417,1124.660083770752,Group: D,Group: A,Group: D vs Group: A,4,4,Blank_Blank_Blank
CerP(d18:1/26:1(17Z)),Cer,1251.7800941467285,1312.2800941467285,1291.520092010498,1276.4000854492188,1130.6200828552246,1157.5400695800781,1393.5801010131836,1296.0200843811035,1141.4600791931152,Group: D,Group: A,Group: D vs Group: A,4,4,Blank_Blank_Blank
CerP(d18:1/2:0),Cer,1140.4600677490234,1133.5800743103027,1169.520076751709,1182.5200881958008,1074.0800704956055,1137.100082397461,1193.3800888061523,1075.5600776672363,1094.3400840759277,Group: D,Group: A,Group: D vs Group: A,4,4,Blank_Blank_Blank
CerP(d18:1/8:0),Cer,1233.760082244873,1079.820068359375,1233.2400856018066,1100.440086364746,1080.7600746154785,1085.6600799560547,1181.760066986084,1076.8600769042969,1084.340072631836,Group: D,Group: A,Group: D vs Group: A,4,4,Blank_Blank_Blank
DG(24:0)_C16:0,DAG,1824.5401229858398,1989.7801399230957,1754.0401153564453,1807.3801231384277,1696.180118560791,1849.9401168823242,1994.720157623291,1842.020133972168,1906.5201454162598,Group: D,Group: A,Group: D vs Group: A,4,4,Blank_Blank_Blank
DG(24:0)_C18:0,DAG,1794.2201118469238,1945.7601356506348,2125.24015045166,2041.1801300048828,2089.2001762390137,1837.6201248168945,1785.040126800537,1968.6201438903809,1908.2201347351074,Group: D,Group: A,Group: D vs Group: A,4,4,Blank_Blank_Blank
DG(26:0)_C16:0,DAG,1819.3601150512695,2064.5201301574707,1785.2001304626465,1774.0201263427734,1808.380111694336,2019.7401504516602,2216.1001510620117,1915.720127105713,1813.0001258850098,Group: D,Group: A,Group: D vs Group: A,4,4,Blank_Blank_Blank
DG(26:0)_C18:0,DAG,1755.2801322937012,2277.560173034668,1826.2801361083984,2218.8401679992676,1815.440128326416,1895.080135345459,1771.6001205444336,1823.1001243591309,1833.740135192871,Group: D,Group: A,Group: D vs Group: A,4,4,Blank_Blank_Blank
DG(28:1)_C16:0,DAG,1685.7601051330566,1884.6801300048828,1747.5201225280762,1771.4601249694824,1824.5801315307617,2009.900146484375,1755.7201194763184,1778.6601104736328,2006.1801452636719,Group: D,Group: A,Group: D vs Group: A,4,4,Blank_Blank_Blank
DG(28:1)_C16:1,DAG,1884.2201118469238,1885.9401321411133,1948.6201477050781,2097.900157928467,1993.560131072998,1923.960132598877,2100.2001304626465,1937.1401138305664,1924.4201354980469,Group: D,Group: A,Group: D vs Group: A,4,4,Blank_Blank_Blank
DG(28:1)_C18:0,DAG,2749.6602096557617,3092.2801933288574,3094.8802337646484,3048.5802154541016,3296.0402221679688,3142.7402153015137,2726.7402000427246,2456.820156097412,2560.5001945495605,Group: D,Group: A,Group: D vs Group: A,4,4,Blank_Blank_Blank
DG(28:1)_C18:1,DAG,2966.1602096557617,2678.8801803588867,4571.580322265625,2963.200206756592,3740.0802612304688,4102.140296936035,3195.3002319335938,2973.8802070617676,3277.220226287842,Group: D,Group: A,Group: D vs Group: A,4,4,Blank_Blank_Blank
DG(28:2)_C16:0,DAG,1676.1401176452637,2030.960147857666,1868.5001487731934,1869.4401245117188,1827.5201263427734,2218.380142211914,1884.0601387023926,1831.3401260375977,1823.2801132202148,Group: D,Group: A,Group: D vs Group: A,4,4,Blank_Blank_Blank
DG(28:2)_C16:1,DAG,1904.7801246643066,1983.240146636963,2015.2401504516602,2215.000160217285,2072.320140838623,1969.2001571655273,2201.7201538085938,2019.1001358032227,2196.100166320801,Group: D,Group: A,Group: D vs Group: A,4,4,Blank_Blank_Blank
DG(28:2)_C18:0,DAG,1682.8601264953613,1841.8201293945312,1738.360122680664,1817.3401336669922,1783.240135192871,1877.7001342773438,1813.3401336669922,1735.7601203918457,1757.380126953125,Group: D,Group: A,Group: D vs Group: A,4,4,Blank_Blank_Blank
DG(28:2)_C18:1,DAG,35772.26258850098,35290.04251098633,106114.20721435547,38304.0626373291,79496.46525192261,80487.98482513428,50821.64392089844,32671.4425201416,53568.283615112305,Group: D,Group: A,Group: D vs Group: A,4,4,Blank_Blank_Blank
DG(28:2)_C18:2,DAG,2317.500175476074,2064.9001388549805,2416.5201683044434,2195.820137023926,2119.8201484680176,2316.5801582336426,2274.2401580810547,2430.8201599121094,2439.1401596069336,Group: D,Group: A,Group: D vs Group: A,4,4,Blank_Blank_Blank
DG(29:0)_C16:0,DAG,1908.1201248168945,1818.6001167297363,1824.4201278686523,1880.6201553344727,1778.0601348876953,2110.300163269043,1864.1201210021973,1981.540126800537,1816.0401306152344,Group: D,Group: A,Group: D vs Group: A,4,4,Blank_Blank_Blank
DG(29:0)_C18:0,DAG,1740.2001190185547,1860.5201263427734,1758.500129699707,1728.280117034912,1763.7601280212402,1860.9801330566406,1728.6801300048828,1726.760124206543,1739.8201217651367,Group: D,Group: A,Group: D vs Group: A,4,4,Blank_Blank_Blank
DG(29:1)_C16:0,DAG,1719.6801147460938,1791.940128326416,1716.9401092529297,1683.0001182556152,1752.2801322937012,1957.3201217651367,1803.7201194763184,1848.8401184082031,1697.4601211547852,Group: D,Group: A,Group: D vs Group: A,4,4,Blank_Blank_Blank
DG(29:1)_C16:1,DAG,2013.3201332092285,1983.1001281738281,1903.16011428833,2164.1001510620117,2061.3201446533203,1897.9401206970215,2085.480136871338,1944.2001190185547,2032.8201484680176,Group: D,Group: A,Group: D vs Group: A,4,4,Blank_Blank_Blank
DG(29:1)_C18:0,DAG,1806.340129852295,1837.9801216125488,1965.2201309204102,1685.4201202392578,1864.5401306152344,1687.2201118469238,1758.0201263427734,1700.7401161193848,1906.8601341247559,Group: D,Group: A,Group: D vs Group: A,4,4,Blank_Blank_Blank
DG(29:1)_C18:1,DAG,2317.300148010254,2334.720157623291,3527.820255279541,2414.7401695251465,2772.600185394287,2853.6601943969727,2390.2601585388184,2341.960159301758,2516.760166168213,Group: D,Group: A,Group: D vs Group: A,4,4,Blank_Blank_Blank
DG(29:2)_C16:0,DAG,1797.8801193237305,1837.9001274108887,1800.4001235961914,1858.6201286315918,1940.7001342773438,1921.7801399230957,2057.3601455688477,2117.22013092041,1713.920124053955,Group: D,Group: A,Group: D vs Group: A,4,4,Blank_Blank_Blank
DG(29:2)_C16:1,DAG,1904.540126800537,1975.340129852295,1878.2601280212402,1967.5401344299316,1968.6601371765137,1874.4401397705078,2069.2001457214355,1883.4401245117188,2009.160140991211,Group: D,Group: A,Group: D vs Group: A,4,4,Blank_Blank_Blank
DG(29:2)_C18:0,DAG,2828.5802116394043,3624.0002822875977,2744.5201835632324,2868.5601768493652,2591.0401878356934,2575.080181121826,2646.0402030944824,2544.1801795959473,2423.780158996582,Group: D,Group: A,Group: D vs Group: A,4,4,Blank_Blank_Blank
DG(29:2)_C18:1,DAG,2561.2401809692383,2991.7002143859863,3577.3202590942383,2447.0801582336426,3309.900234222412,3421.2602310180664,2499.360191345215,2546.2001914978027,2716.6001777648926,Group: D,Group: A,Group: D vs Group: A,4,4,Blank_Blank_Blank
DG(29:2)_C18:2,DAG,2359.740165710449,2084.460136413574,2383.220169067383,2203.3201484680176,2172.1601600646973,2478.960163116455,2581.0601692199707,2160.2401542663574,2479.7201766967773,Group: D,Group: A,Group: D vs Group: A,4,4,Blank_Blank_Blank
DG(30:0)_C16:0,DAG,1841.3201217651367,2297.2001457214355,1923.300121307373,1997.280143737793,2294.980155944824,2068.8201446533203,2200.6801681518555,1979.2001342773438,2243.4601669311523,Group: D,Group: A,Group: D vs Group: A,4,4,Blank_Blank_Blank
DG(30:0)_C18:0,DAG,1897.8801231384277,1961.400131225586,1866.720142364502,1696.1601295471191,1839.3201293945312,1777.7801361083984,1946.040126800537,1857.5801277160645,1796.8401336669922,Group: D,Group: A,Group: D vs Group: A,4,4,Blank_Blank_Blank
DG(30:1)_C16:0,DAG,2149.000156402588,3899.520263671875,2423.7401695251465,3017.220226287842,3064.2202339172363,3225.5802154541016,3591.6402435302734,3588.600284576416,3101.0401916503906,Group: D,Group: A,Group: D vs Group: A,4,4,Blank_Blank_Blank
DG(30:1)_C16:1,DAG,2182.760166168213,2087.860134124756,2072.3401374816895,2362.7001724243164,1927.2201309204102,2011.9801483154297,2394.6601753234863,2016.880142211914,2139.860149383545,Group: D,Group: A,Group: D vs Group: A,4,4,Blank_Blank_Blank
DG(30:1)_C18:0,DAG,1972.6401290893555,1897.5201225280762,2391.3201751708984,2264.4801597595215,2245.160140991211,1980.2601432800293,1712.340129852295,1894.3601303100586,2248.2201499938965,Group: D,Group: A,Group: D vs Group: A,4,4,Blank_Blank_Blank
DG(30:1)_C18:1,DAG,3607.000232696533,5537.600387573242,9246.54069519043,3402.5202560424805,6284.540431976318,6078.180431365967,4377.420303344727,4529.520324707031,4801.040344238281,Group: D,Group: A,Group: D vs Group: A,4,4,Blank_Blank_Blank
DG(30:2)_C16:0,DAG,2558.820167541504,3585.1402168273926,2510.5001640319824,3463.100254058838,7298.1804275512695,3508.3802604675293,6860.4405517578125,7968.900531768799,2905.440196990967,Group: D,Group: A,Group: D vs Group: A,4,4,Blank_Blank_Blank
DG(30:2)_C16:1,DAG,2852.6801986694336,3612.1002883911133,2914.700210571289,3732.6802825927734,2760.9202156066895,2536.1001777648926,4641.840293884277,2846.74019241333,3625.18025970459,Group: D,Group: A,Group: D vs Group: A,4,4,Blank_Blank_Blank
DG(30:2)_C18:0,DAG,1725.5201263427734,1752.9001235961914,1848.5001258850098,1766.6001281738281,1857.7401275634766,1773.9401168823242,1823.5401344299316,1818.2601280212402,1738.760124206543,Group: D,Group: A,Group: D vs Group: A,4,4,Blank_Blank_Blank
DG(30:2)_C18:1,DAG,8887.840644836426,10074.420677185059,27282.421936035156,10012.140697479248,19570.961444854736,20254.021324157715,13503.160995483398,8251.860633850098,14683.381088256836,Group: D,Group: A,Group: D vs Group: A,4,4,Blank_Blank_Blank
DG(30:2)_C18:2,DAG,3310.9202194213867,2784.820171356201,3167.940254211426,2905.300205230713,2514.440174102783,3923.460250854492,3207.9202308654785,2770.9402084350586,3498.0802841186523,Group: D,Group: A,Group: D vs Group: A,4,4,Blank_Blank_Blank
DG(30:3)_C16:0,DAG,1734.240104675293,1798.3201217651367,1671.860107421875,1740.2801361083984,1834.9001274108887,1878.1601333618164,1809.6001319885254,1760.360122680664,1734.0201225280762,Group: D,Group: A,Group: D vs Group: A,4,4,Blank_Blank_Blank
DG(30:3)_C16:1,DAG,2711.4201889038086,5400.360427856445,2206.5201568603516,6844.2805099487305,2872.360206604004,2169.4801292419434,5225.640338897705,4056.4202423095703,3564.720241546631,Group: D,Group: A,Group: D vs Group: A,4,4,Blank_Blank_Blank
DG(30:3)_C18:0,DAG,1777.300121307373,1852.9201278686523,1907.740146636963,1754.8001136779785,2019.0401573181152,1708.0401306152344,1762.58012008667,1695.2201194763184,1803.7001304626465,Group: D,Group: A,Group: D vs Group: A,4,4,Blank_Blank_Blank
DG(30:3)_C18:1,DAG,2087.580150604248,2232.840160369873,2327.780158996582,2027.2201652526855,2211.960159301758,2290.880138397217,2300.5601654052734,2142.460159301758,2109.180145263672,Group: D,Group: A,Group: D vs Group: A,4,4,Blank_Blank_Blank
DG(30:3)_C18:2,DAG,2631.7402000427246,2173.000156402588,2518.120189666748,2724.920181274414,2266.4001502990723,2558.6401863098145,2413.900177001953,2187.1401443481445,2410.5801544189453,Group: D,Group: A,Group: D vs Group: A,4,4,Blank_Blank_Blank
DG(31:0)_C16:0,DAG,2102.5201416015625,2470.2401695251465,2051.060146331787,2106.0201301574707,2273.6001586914062,2410.620174407959,2659.3001976013184,1916.6201477050781,2288.060161590576,Group: D,Group: A,Group: D vs Group: A,4,4,Blank_Blank_Blank
DG(31:0)_C18:0,DAG,1825.200122833252,1742.0001220703125,1768.9801063537598,1912.0201454162598,1855.5001335144043,1734.140121459961,1799.540126800537,1814.8001327514648,1819.5601272583008,Group: D,Group: A,Group: D vs Group: A,4,4,Blank_Blank_Blank
DG(31:1)_C16:0,DAG,1729.7401123046875,1860.6001281738281,1773.7601280212402,1701.9601287841797,1694.8401145935059,2109.400135040283,2005.740146636963,1875.7001304626465,2000.340129852295,Group: D,Group: A,Group: D vs Group: A,4,4,Blank_Blank_Blank
DG(31:1)_C16:1,DAG,1926.1601448059082,1956.080135345459,2092.460136413574,2202.7001457214355,2084.5001487731934,2040.8601417541504,2283.5401458740234,2069.0001487731934,2170.380153656006,Group: D,Group: A,Group: D vs Group: A,4,4,Blank_Blank_Blank
DG(31:1)_C18:0,DAG,1827.200138092041,1822.420108795166,1814.140121459961,1740.220127105713,1810.3001327514648,1758.6001243591309,1744.0201225280762,1744.4601135253906,1905.5201377868652,Group: D,Group: A,Group: D vs Group: A,4,4,Blank_Blank_Blank
DG(31:1)_C18:1,DAG,2401.9001808166504,3408.8602561950684,7085.560508728027,2873.5802040100098,4136.320316314697,4213.1002769470215,3467.040252685547,2657.6001892089844,4167.420299530029,Group: D,Group: A,Group: D vs Group: A,4,4,Blank_Blank_Blank
"DG(31:2),DG(P-14:0/18:1)_C16:0",DAG,1937.280128479004,2075.9401512145996,1929.8601455688477,1757.0401306152344,1830.5601348876953,1939.7601203918457,2067.0201454162598,2037.9801406860352,1884.9001426696777,Group: D,Group: A,Group: D vs Group: A,4,4,Blank_Blank_Blank
"DG(31:2),DG(P-14:0/18:1)_C16:1",DAG,1973.0801315307617,1947.4801330566406,1934.8401412963867,2015.9601440429688,1908.6801147460938,1905.4001274108887,2238.0001678466797,2009.3001327514648,2228.2201652526855,Group: D,Group: A,Group: D vs Group: A,4,4,Blank_Blank_Blank
"DG(31:2),DG(P-14:0/18:1)_C18:0",DAG,1743.6401329040527,1884.7601203918457,1969.0201416015625,1821.9401321411133,1887.7401428222656,1920.560131072998,1874.5601348876953,1770.360122680664,1902.040138244629,Group: D,Group: A,Group: D vs Group: A,4,4,Blank_Blank_Blank
"DG(31:2),DG(P-14:0/18:1)_C18:1",DAG,2809.4401931762695,2816.6001777648926,5640.1404457092285,2426.000171661377,3974.440269470215,4016.300304412842,3271.440212249756,2891.3601989746094,3353.580238342285,Group: D,Group: A,Group: D vs Group: A,4,4,Blank_Blank_Blank
"DG(31:2),DG(P-14:0/18:1)_C18:2",DAG,2230.9201622009277,2214.5601654052734,2311.480167388916,2400.3001594543457,2217.8001556396484,2334.880157470703,2261.7201614379883,2239.020164489746,2225.6801528930664,Group: D,Group: A,Group: D vs Group: A,4,4,Blank_Blank_Blank
DG(31:3)_C16:0,DAG,1746.3201217651367,1773.6001358032227,1747.740119934082,1685.6001167297363,1679.9601097106934,1758.220115661621,1802.6801300048828,1767.0801162719727,1758.2601280212402,Group: D,Group: A,Group: D vs Group: A,4,4,Blank_Blank_Blank
DG(31:3)_C16:1,DAG,2058.8201484680176,2059.880138397217,1887.5001258850098,1984.0201377868652,1886.8601341247559,1906.7001342773438,2060.300151824951,1966.2401390075684,2018.3401489257812,Group: D,Group: A,Group: D vs Group: A,4,4,Blank_Blank_Blank
DG(31:3)_C18:0,DAG,1693.9601020812988,1843.5801124572754,1798.6001281738281,1769.5201110839844,1816.6001319885254,1804.6001281738281,1714.180118560791,1764.0801277160645,1713.0401153564453,Group: D,Group: A,Group: D vs Group: A,4,4,Blank_Blank_Blank
DG(31:3)_C18:1,DAG,1921.3001327514648,1946.460147857666,2235.1801567077637,1916.2001304626465,2219.6601524353027,2001.0001335144043,1998.520133972168,2179.800163269043,2296.5801696777344,Group: D,Group: A,Group: D vs Group: A,4,4,Blank_Blank_Blank
DG(31:3)_C18:2,DAG,2464.4001693725586,2141.4601516723633,2223.6801681518555,2192.7201652526855,2134.0001487731934,2517.5801734924316,2209.220169067383,2255.3001594543457,2359.1801834106445,Group: D,Group: A,Group: D vs Group: A,4,4,Blank_Blank_Blank
DG(32:0)_C16:0,DAG,3254.1402282714844,4662.280307769775,2882.16019821167,4349.8203201293945,3674.2202796936035,5356.880390167236,4073.5802841186523,4543.040351867676,2915.420196533203,Group: D,Group: A,Group: D vs Group: A,4,4,Blank_Blank_Blank
DG(32:0)_C18:0,DAG,1978.740146636963,2014.460132598877,1851.5801162719727,1965.360149383545,1917.9401359558105,2034.300136566162,1837.2601470947266,1844.3201217651367,1829.8401260375977,Group: D,Group: A,Group: D vs Group: A,4,4,Blank_Blank_Blank
DG(32:1)_C16:0,DAG,2544.840175628662,3925.060291290283,2792.7602005004883,3204.0202255249023,3530.200267791748,4437.520290374756,3995.900287628174,4389.860290527344,2631.0202102661133,Group: D,Group: A,Group: D vs Group: A,4,4,Blank_Blank_Blank
DG(32:1)_C16:1,DAG,2618.380199432373,4217.320346832275,2936.260227203369,4977.740367889404,2746.2201957702637,3089.7002143859863,4110.000274658203,3135.5402221679688,2480.800163269043,Group: D,Group: A,Group: D vs Group: A,4,4,Blank_Blank_Blank
DG(32:1)_C18:0,DAG,2795.3801879882812,3895.680316925049,3492.4202575683594,2851.16019821167,3119.3801918029785,3360.980236053467,2923.080207824707,2421.040184020996,2724.960193634033,Group: D,Group: A,Group: D vs Group: A,4,4,Blank_Blank_Blank
DG(32:1)_C18:1,DAG,4614.080272674561,7206.220531463623,12413.340927124023,5610.300369262695,8185.0405921936035,7642.780487060547,6512.200492858887,5789.64041519165,5828.080402374268,Group: D,Group: A,Group: D vs Group: A,4,4,Blank_Blank_Blank
DG(32:2)_C16:0,DAG,1932.9001388549805,2359.780174255371,2224.6001472473145,1928.760124206543,2219.5201683044434,2201.1001472473145,2511.500186920166,2207.060173034668,2164.200168609619,Group: D,Group: A,Group: D vs Group: A,4,4,Blank_Blank_Blank
DG(32:2)_C16:1,DAG,2414.7201766967773,3088.740222930908,2574.3001861572266,3917.3602714538574,2706.7601890563965,2389.340156555176,3534.6802406311035,2404.780158996582,2853.8801765441895,Group: D,Group: A,Group: D vs Group: A,4,4,Blank_Blank_Blank
DG(32:2)_C18:0,DAG,1905.9201278686523,1873.9201354980469,1868.0601196289062,1994.3601303100586,2020.8601303100586,1860.7001304626465,1901.2801322937012,1850.140121459961,1921.1401405334473,Group: D,Group: A,Group: D vs Group: A,4,4,Blank_Blank_Blank
DG(32:2)_C18:1,DAG,7158.800552368164,7876.460556030273,17779.801300048828,8678.920574188232,12426.34088897705,13463.181034088135,9542.140678405762,6526.2204513549805,10344.56075668335,Group: D,Group: A,Group: D vs Group: A,4,4,Blank_Blank_Blank
DG(32:2)_C18:2,DAG,3066.5402297973633,3470.7202529907227,2998.68021774292,5156.600318908691,2783.1002044677734,5500.520397186279,2921.560199737549,5352.24040222168,2586.120185852051,Group: D,Group: A,Group: D vs Group: A,4,4,Blank_Blank_Blank
DG(32:3)_C16:0,DAG,1699.440113067627,1960.260124206543,1687.1601181030273,1764.9601135253906,1742.1801147460938,1843.1401176452637,1796.8201217651367,1805.2601203918457,1784.4001159667969,Group: D,Group: A,Group: D vs Group: A,4,4,Blank_Blank_Blank
DG(32:3)_C16:1,DAG,1966.5201301574707,1990.8201446533203,1967.9001274108887,2039.500144958496,2055.8001403808594,1945.1801414489746,2175.420154571533,2085.1801376342773,2135.5401496887207,Group: D,Group: A,Group: D vs Group: A,4,4,Blank_Blank_Blank
DG(32:3)_C18:0,DAG,1799.8801383972168,1749.6001205444336,1881.6401252746582,1815.740135192871,1836.4201316833496,1734.1801223754883,1855.1401329040527,1826.3601264953613,1741.0401191711426,Group: D,Group: A,Group: D vs Group: A,4,4,Blank_Blank_Blank
DG(32:3)_C18:1,DAG,2018.3401489257812,2226.9001693725586,3001.3802070617676,2181.5401573181152,2721.4201889038086,2555.9001960754395,2388.900161743164,2526.7401733398438,2625.380184173584,Group: D,Group: A,Group: D vs Group: A,4,4,Blank_Blank_Blank
DG(32:3)_C18:2,DAG,2850.5802040100098,2350.180160522461,2368.2001609802246,3298.780227661133,2437.020191192627,3013.80020904541,2383.2601623535156,2433.6401748657227,2810.320198059082,Group: D,Group: A,Group: D vs Group: A,4,4,Blank_Blank_Blank
DG(32:5)_C16:0,DAG,7884.780570983887,12772.30093383789,10327.000717163086,8555.380592346191,7463.500534057617,12767.580829620361,14309.92106628418,10378.54077911377,11846.38079071045,Group: D,Group: A,Group: D vs Group: A,4,4,Blank_Blank_Blank
DG(32:5)_C16:1,DAG,2493.720169067383,2276.4801445007324,2331.120174407959,2379.0801734924316,2485.28018951416,2238.680145263672,3052.0802116394043,2236.440143585205,2965.820209503174,Group: D,Group: A,Group: D vs Group: A,4,4,Blank_Blank_Blank
DG(32:5)_C18:0,DAG,7246.860500335693,6864.82048034668,7917.480548858643,7887.720539093018,7760.920543670654,7334.100456237793,7034.040477752686,5182.560352325439,5945.40047454834,Group: D,Group: A,Group: D vs Group: A,4,4,Blank_Blank_Blank
DG(32:5)_C18:1,DAG,98087.80627441406,104044.26754760742,334955.18322753906,106341.04794311523,221501.59550476074,234001.05628967285,149281.65118408203,97239.40661621094,167771.17181396484,Group: D,Group: A,Group: D vs Group: A,4,4,Blank_Blank_Blank
DG(32:5)_C18:2,DAG,12025.680850982666,7387.980537414551,10025.060695648193,9354.2406539917,6435.6804275512695,13793.140949249268,9356.720649719238,6117.920455932617,13221.041004180908,Group: D,Group: A,Group: D vs Group: A,4,4,Blank_Blank_Blank
DG(33:0)_C16:0,DAG,2626.300193786621,3262.8202514648438,2222.3001403808594,2212.2201652526855,2273.8801651000977,2805.4802017211914,3107.9602241516113,2695.320171356201,2647.020179748535,Group: D,Group: A,Group: D vs Group: A,4,4,Blank_Blank_Blank
DG(33:0)_C18:0,DAG,1923.880126953125,2024.3001327514648,1905.220142364502,1990.8001441955566,2164.24015045166,1869.8601455688477,1879.740135192871,1772.7001190185547,1837.5201377868652,Group: D,Group: A,Group: D vs Group: A,4,4,Blank_Blank_Blank
"DG(33:1),DG(O-34:1)_C16:0",DAG,1822.0401306152344,2005.8801345825195,1842.6601295471191,1949.9601402282715,1861.5401191711426,2125.380138397217,1920.4801292419434,2001.1201400756836,1890.1401138305664,Group: D,Group: A,Group: D vs Group: A,4,4,Blank_Blank_Blank
"DG(33:1),DG(O-34:1)_C16:1",DAG,2438.1601638793945,2891.240188598633,2395.6601600646973,2738.2401695251465,2705.7601776123047,2252.040153503418,3557.060245513916,2116.3801345825195,2790.1001892089844,Group: D,Group: A,Group: D vs Group: A,4,4,Blank_Blank_Blank
"DG(33:1),DG(O-34:1)_C18:0",DAG,1812.0801124572754,1955.4201278686523,1849.1001319885254,1901.0201377868652,1915.2801475524902,1731.5001258850098,1780.7401161193848,1866.740135192871,1758.940128326416,Group: D,Group: A,Group: D vs Group: A,4,4,Blank_Blank_Blank
"DG(33:1),DG(O-34:1)_C18:1",DAG,3675.4402618408203,3704.80025100708,7826.340553283691,3811.760265350342,5729.500431060791,6043.420436859131,4231.740295410156,3875.2402687072754,4781.180362701416,Group: D,Group: A,Group: D vs Group: A,4,4,Blank_Blank_Blank
DG(33:2)_C16:0,DAG,1914.7401237487793,2093.960121154785,1859.9601287841797,1892.620132446289,1936.2001457214355,2012.480136871338,1870.4401512145996,1987.8401336669922,1831.6601181030273,Group: D,Group: A,Group: D vs Group: A,4,4,Blank_Blank_Blank
DG(33:2)_C16:1,DAG,1968.10013961792,2019.0401229858398,1912.68013381958,2340.08016204834,1975.5601348876953,1931.020133972168,2294.840171813965,1882.3201332092285,2005.900131225586,Group: D,Group: A,Group: D vs Group: A,4,4,Blank_Blank_Blank
DG(33:2)_C18:0,DAG,1927.6801414489746,1748.4001083374023,1850.060115814209,1811.3401222229004,1935.1001319885254,1776.4801216125488,1763.9001197814941,1739.920124053955,1834.400131225586,Group: D,Group: A,Group: D vs Group: A,4,4,Blank_Blank_Blank
DG(33:2)_C18:1,DAG,2357.6001586914062,2305.1001625061035,3249.460216522217,2438.4001693725586,2934.880195617676,3038.2202339172363,2578.440196990967,2088.8401374816895,2833.180191040039,Group: D,Group: A,Group: D vs Group: A,4,4,Blank_Blank_Blank
DG(33:2)_C18:2,DAG,2413.160167694092,2653.9001960754395,2491.1401710510254,3573.4202766418457,2314.380157470703,3116.2602157592773,2553.3801918029785,2843.2002143859863,2944.5802040100098,Group: D,Group: A,Group: D vs Group: A,4,4,Blank_Blank_Blank
DG(33:3)_C16:0,DAG,1796.2001037597656,1725.3001289367676,1777.3001174926758,1736.9201316833496,1749.7201232910156,1830.2801361083984,1928.5001373291016,1921.980136871338,1812.2201309204102,Group: D,Group: A,Group: D vs Group: A,4,4,Blank_Blank_Blank
DG(33:3)_C16:1,DAG,1905.2401161193848,1919.7801361083984,1979.8601303100586,2043.6201515197754,1987.9801292419434,1929.64013671875,2050.360149383545,1882.3201217651367,1888.8601379394531,Group: D,Group: A,Group: D vs Group: A,4,4,Blank_Blank_Blank
DG(33:3)_C18:0,DAG,1834.1601257324219,1796.0801315307617,1771.8401260375977,1757.1601371765137,1785.1201210021973,1805.9001235961914,1722.5201225280762,1758.6401176452637,1905.3801231384277,Group: D,Group: A,Group: D vs Group: A,4,4,Blank_Blank_Blank
DG(33:3)_C18:1,DAG,2032.8401412963867,1926.8601341247559,2317.500160217285,1978.8801574707031,2244.1201553344727,2209.360134124756,2044.0201416015625,2161.06014251709,2017.5001220703125,Group: D,Group: A,Group: D vs Group: A,4,4,Blank_Blank_Blank
DG(33:3)_C18:2,DAG,2510.460163116455,2338.4801712036133,2171.400157928467,2351.3001594543457,2203.900146484375,2581.300151824951,2414.420166015625,2246.560157775879,2403.2401428222656,Group: D,Group: A,Group: D vs Group: A,4,4,Blank_Blank_Blank
DG(33:4)_C16:0,DAG,1748.3801307678223,1852.2401275634766,1750.440113067627,1846.3801193237305,1761.0001258850098,1848.040126800537,1854.2201309204102,1834.040126800537,1899.8201332092285,Group: D,Group: A,Group: D vs Group: A,4,4,Blank_Blank_Blank
DG(33:4)_C16:1,DAG,1922.220127105713,1969.0601196289062,1893.6801261901855,2044.6001510620117,1991.7201385498047,1915.8801307678223,1934.0201301574707,1892.2801246643066,2015.980125427246,Group: D,Group: A,Group: D vs Group: A,4,4,Blank_Blank_Blank
DG(33:4)_C18:0,DAG,2777.4001808166504,2401.640182495117,2229.7801475524902,2456.4001655578613,2793.500217437744,2426.440158843994,2166.0201454162598,2293.900161743164,2308.600166320801,Group: D,Group: A,Group: D vs Group: A,4,4,Blank_Blank_Blank
DG(33:4)_C18:1,DAG,2413.6801719665527,2853.400218963623,3998.8602981567383,2434.360164642334,3182.1802101135254,2586.860191345215,2592.2401847839355,2540.6601791381836,2447.500160217285,Group: D,Group: A,Group: D vs Group: A,4,4,Blank_Blank_Blank
DG(33:4)_C18:2,DAG,2314.200138092041,2292.7401542663574,2372.8401527404785,2404.7801628112793,2276.4601707458496,2624.180187225342,2488.720184326172,2443.8201751708984,2317.500160217285,Group: D,Group: A,Group: D vs Group: A,4,4,Blank_Blank_Blank
DG(33:5)_C16:0,DAG,2860.9202194213867,4302.280311584473,3319.3802185058594,3569.000274658203,3364.4402351379395,4198.600326538086,4688.120391845703,3873.520252227783,3596.720272064209,Group: D,Group: A,Group: D vs Group: A,4,4,Blank_Blank_Blank
DG(33:5)_C16:1,DAG,2262.880172729492,2076.0201454162598,2025.7801513671875,2149.140151977539,2071.3001403808594,1928.6401481628418,2439.4601516723633,2083.800136566162,2202.680160522461,Group: D,Group: A,Group: D vs Group: A,4,4,Blank_Blank_Blank
DG(33:5)_C18:0,DAG,3200.940212249756,2715.4402046203613,2979.240207672119,3357.520217895508,3017.7802124023438,3141.580238342285,2596.2401847839355,2716.1401863098145,2769.500198364258,Group: D,Group: A,Group: D vs Group: A,4,4,Blank_Blank_Blank
DG(33:5)_C18:1,DAG,20575.741508483887,21557.041511535645,65809.08502197266,20971.921432495117,46256.763122558594,47695.343574523926,31584.362213134766,19463.96124267578,33405.36247253418,Group: D,Group: A,Group: D vs Group: A,4,4,Blank_Blank_Blank
DG(33:5)_C18:2,DAG,2647.5401763916016,2179.2001762390137,2217.680149078369,2285.120162963867,2294.7801551818848,2551.3801918029785,2464.4401817321777,2467.6801681518555,2365.6401748657227,Group: D,Group: A,Group: D vs Group: A,4,4,Blank_Blank_Blank
DG(34:0)_C16:0,DAG,2192.860149383545,2050.620132446289,2064.9401359558105,2247.080181121826,2584.5601806640625,2577.8201942443848,2898.6401977539062,2985.440216064453,2039.7601623535156,Group: D,Group: A,Group: D vs Group: A,4,4,Blank_Blank_Blank
DG(34:0)_C18:0,DAG,2313.4001541137695,2784.620189666748,2325.6201820373535,2640.2801971435547,2342.240177154541,2673.0001907348633,2201.8801498413086,2183.980152130127,2107.3001556396484,Group: D,Group: A,Group: D vs Group: A,4,4,Blank_Blank_Blank
DG(34:1)_C16:0,DAG,3826.880226135254,13556.72082901001,6177.920379638672,14516.081260681152,13262.860870361328,23171.561603546143,22400.381553649902,27347.921867370605,2028.1401329040527,Group: D,Group: A,Group: D vs Group: A,4,4,Blank_Blank_Blank
DG(34:1)_C16:1,DAG,2137.7001457214355,2766.740165710449,2044.2601509094238,3667.2802696228027,1946.0201301574707,2031.2201385498047,2628.620174407959,2362.700164794922,2044.8401374816895,Group: D,Group: A,Group: D vs Group: A,4,4,Blank_Blank_Blank
DG(34:1)_C18:0,DAG,1944.3001251220703,2354.4801712036133,2191.200149536133,2144.2601470947266,2163.70015335083,2215.2801475524902,1910.8601455688477,2029.9801406860352,2188.300151824951,Group: D,Group: A,Group: D vs Group: A,4,4,Blank_Blank_Blank
DG(34:1)_C18:1,DAG,11102.20065689087,11461.40075302124,30299.021514892578,14343.301025390625,12328.96072769165,17924.381454467773,16053.001194000244,33335.08321380615,3610.840259552002,Group: D,Group: A,Group: D vs Group: A,4,4,Blank_Blank_Blank
DG(34:2)_C16:0,DAG,10018.620510101318,30150.64191055298,10905.740787506104,27429.48240661621,27263.501445770264,39768.12259674072,31624.4820022583,36833.28273773193,1821.520118713379,Group: D,Group: A,Group: D vs Group: A,4,4,Blank_Blank_Blank
DG(34:2)_C16:1,DAG,4088.3402786254883,11349.440658569336,3700.840286254883,15969.84098815918,3654.3002128601074,4110.080333709717,7938.020538330078,6038.220462799072,2370.5801429748535,Group: D,Group: A,Group: D vs Group: A,4,4,Blank_Blank_Blank
DG(34:2)_C18:0,DAG,2445.7601776123047,2212.9401473999023,2480.5001678466797,2026.5001411437988,2328.880157470703,2247.160144805908,2465.660167694092,1983.660140991211,2226.7801361083984,Group: D,Group: A,Group: D vs Group: A,4,4,Blank_Blank_Blank
DG(34:2)_C18:1,DAG,7257.440467834473,6628.340518951416,16260.680889129639,8538.000534057617,9614.380653381348,12702.960929870605,9941.820724487305,18746.541416168213,5058.340309143066,Group: D,Group: A,Group: D vs Group: A,4,4,Blank_Blank_Blank
DG(34:2)_C18:2,DAG,25113.921993255615,60039.40510940552,33538.10223007202,101087.68525695801,14565.181045532227,73907.56624221802,21078.50147628784,71340.8451423645,2958.280216217041,Group: D,Group: A,Group: D vs Group: A,4,4,Blank_Blank_Blank
DG(34:3)_C16:0,DAG,2122.5601387023926,2926.3402214050293,2060.860137939453,3017.260185241699,2364.4001693725586,2715.200180053711,2560.460178375244,3260.8402137756348,1770.5201263427734,Group: D,Group: A,Group: D vs Group: A,4,4,Blank_Blank_Blank
DG(34:3)_C16:1,DAG,4266.200336456299,15302.221103668213,4283.160305023193,28759.041996002197,3100.260238647461,3819.4202919006348,7551.060474395752,5853.940288543701,2016.880126953125,Group: D,Group: A,Group: D vs Group: A,4,4,Blank_Blank_Blank
DG(34:3)_C18:0,DAG,1834.2001190185547,1863.2401237487793,2004.000129699707,2092.920150756836,1979.1001358032227,2017.380142211914,1905.2201309204102,1759.7601280212402,1861.7001419067383,Group: D,Group: A,Group: D vs Group: A,4,4,Blank_Blank_Blank
DG(34:3)_C18:1,DAG,13145.0009765625,12037.140914916992,36920.082580566406,13099.980987548828,24773.58177947998,26008.821895599365,17170.641189575195,13848.261001586914,18474.961296081543,Group: D,Group: A,Group: D vs Group: A,4,4,Blank_Blank_Blank
DG(34:3)_C18:2,DAG,6870.400482177734,13108.241172790527,7335.240570068359,26413.322345733643,4635.640354156494,20161.841751098633,7163.580516815186,23602.961517333984,3004.620216369629,Group: D,Group: A,Group: D vs Group: A,4,4,Blank_Blank_Blank
"DG(34:4),DG(dO-36:4)_C16:0",DAG,1718.4001197814941,1814.340129852295,1711.9001274108887,1821.0801391601562,1785.8801002502441,1904.240119934082,1959.2201385498047,1839.4601211547852,1828.7401313781738,Group: D,Group: A,Group: D vs Group: A,4,4,Blank_Blank_Blank
"DG(34:4),DG(dO-36:4)_C16:1",DAG,1904.760124206543,2501.72017288208,2101.0401306152344,2958.3402061462402,1927.3401336669922,2026.6001243591309,2524.380184173584,2064.3801460266113,1992.8401336669922,Group: D,Group: A,Group: D vs Group: A,4,4,Blank_Blank_Blank
"DG(34:4),DG(dO-36:4)_C18:0",DAG,1832.580135345459,1853.7601356506348,1893.7001304626465,1821.3401374816895,1869.3201332092285,1892.4801406860352,1761.2001152038574,1722.0601043701172,1972.1001586914062,Group: D,Group: A,Group: D vs Group: A,4,4,Blank_Blank_Blank
"DG(34:4),DG(dO-36:4)_C18:1",DAG,3548.620246887207,3373.200241088867,6704.560447692871,3078.6601943969727,5238.280364990234,5246.28035736084,3741.680263519287,3403.520252227783,3980.280284881592,Group: D,Group: A,Group: D vs Group: A,4,4,Blank_Blank_Blank
"DG(34:4),DG(dO-36:4)_C18:2",DAG,2640.74019241333,2604.1001930236816,2439.5001678466797,3762.520275115967,2455.0001831054688,3568.820240020752,2713.76021194458,2591.720203399658,2455.120162963867,Group: D,Group: A,Group: D vs Group: A,4,4,Blank_Blank_Blank
DG(34:5)_C16:0,DAG,1937.240146636963,2654.6001892089844,2174.6601486206055,2329.920166015625,1989.0801277160645,2321.9001655578613,2761.9001655578613,2081.020133972168,2536.3801803588867,Group: D,Group: A,Group: D vs Group: A,4,4,Blank_Blank_Blank
DG(34:5)_C16:1,DAG,1906.7601280212402,2048.440143585205,1888.380126953125,2027.6401443481445,1908.7201232910156,1886.2601356506348,1979.5801391601562,1885.1601371765137,2036.0601387023926,Group: D,Group: A,Group: D vs Group: A,4,4,Blank_Blank_Blank
DG(34:5)_C18:0,DAG,2026.4401550292969,1855.14013671875,1981.5801277160645,1973.14013671875,2043.7001495361328,1803.7401390075684,1825.18013381958,1950.0201454162598,1853.720127105713,Group: D,Group: A,Group: D vs Group: A,4,4,Blank_Blank_Blank
DG(34:5)_C18:1,DAG,2489.7801666259766,2880.5402069091797,5144.5003662109375,2725.580207824707,3948.5602836608887,4465.880302429199,3025.2002029418945,2602.280185699463,3308.1002235412598,Group: D,Group: A,Group: D vs Group: A,4,4,Blank_Blank_Blank
DG(34:5)_C18:2,DAG,2249.220169067383,2466.880172729492,2354.940170288086,2624.6401863098145,2378.7001724243164,2630.1801948547363,2285.4801483154297,2299.1001739501953,2623.5601692199707,Group: D,Group: A,Group: D vs Group: A,4,4,Blank_Blank_Blank
DG(34:6)_C16:0,DAG,1780.860122680664,2155.5601387023926,1889.2601203918457,2049.320156097412,1841.800121307373,1947.5001335144043,2142.360153198242,1822.1601181030273,1970.5201377868652,Group: D,Group: A,Group: D vs Group: A,4,4,Blank_Blank_Blank
DG(34:6)_C16:1,DAG,1923.6001243591309,2015.6001434326172,1976.4001350402832,1974.0601234436035,1939.0601272583008,1873.8801231384277,2098.8201446533203,1894.2401275634766,1879.4001350402832,Group: D,Group: A,Group: D vs Group: A,4,4,Blank_Blank_Blank
DG(34:6)_C18:0,DAG,1832.6001281738281,1842.2001152038574,2044.2601470947266,1827.9001388549805,1867.68013381958,1860.6201400756836,1763.3801155090332,1919.7001266479492,1800.220115661621,Group: D,Group: A,Group: D vs Group: A,4,4,Blank_Blank_Blank
DG(34:6)_C18:1,DAG,1933.60013961792,2067.240131378174,2374.5401725769043,2114.9801330566406,2081.640163421631,2245.960163116455,2084.360134124756,2140.880153656006,2249.5601539611816,Group: D,Group: A,Group: D vs Group: A,4,4,Blank_Blank_Blank
DG(34:6)_C18:2,DAG,2177.4201622009277,2174.0001525878906,2204.080146789551,2260.520160675049,2201.3401489257812,2290.200164794922,2252.6401557922363,2161.3201484680176,2319.7401542663574,Group: D,Group: A,Group: D vs Group: A,4,4,Blank_Blank_Blank
DG(35:3)_C16:0,DAG,1762.4201202392578,1956.260139465332,1713.8401260375977,1754.220127105713,1760.8001327514648,1727.2801246643066,1954.5801391601562,1759.6801147460938,1719.7601318359375,Group: D,Group: A,Group: D vs Group: A,4,4,Blank_Blank_Blank
DG(35:3)_C16:1,DAG,2039.3401489257812,1918.8801345825195,1987.7601280212402,2050.140151977539,1969.1001205444336,1951.0201454162598,1998.5601387023926,1908.9001426696777,2018.1001510620117,Group: D,Group: A,Group: D vs Group: A,4,4,Blank_Blank_Blank
DG(35:3)_C18:0,DAG,2672.2601623535156,2566.560157775879,2990.4802055358887,2972.8802452087402,2626.5601959228516,2988.040199279785,2457.5601806640625,2254.160167694092,2522.2201614379883,Group: D,Group: A,Group: D vs Group: A,4,4,Blank_Blank_Blank
DG(35:3)_C18:1,DAG,2755.900192260742,2814.1201972961426,5467.420387268066,2880.6202430725098,3895.6602821350098,4304.9603271484375,2780.5201835632324,2968.9602279663086,3329.980239868164,Group: D,Group: A,Group: D vs Group: A,4,4,Blank_Blank_Blank
DG(35:3)_C18:2,DAG,2794.940200805664,2994.1802139282227,2623.940185546875,3526.360263824463,2317.5001678466797,3358.7602348327637,2437.6201820373535,2903.120231628418,2626.7401733398438,Group: D,Group: A,Group: D vs Group: A,4,4,Blank_Blank_Blank
"DG(35:4),DG(O-36:4),DG(dO-37:4)_C16:0",DAG,2142.16015625,2429.7601776123047,2033.4001579284668,2194.040168762207,2192.1801719665527,2388.100154876709,2613.240203857422,2254.4601669311523,2435.200183868408,Group: D,Group: A,Group: D vs Group: A,4,4,Blank_Blank_Blank
"DG(35:4),DG(O-36:4),DG(dO-37:4)_C16:1",DAG,2141.0401496887207,1982.4001388549805,1989.3601531982422,2013.6201515197754,2055.8401527404785,1931.1801300048828,2351.4601707458496,1984.9601402282715,2145.460159301758,Group: D,Group: A,Group: D vs Group: A,4,4,Blank_Blank_Blank
"DG(35:4),DG(O-36:4),DG(dO-37:4)_C18:0",DAG,3388.28023147583,3664.4602699279785,3533.9402084350586,4156.840297698975,3868.0802726745605,3145.560218811035,3277.460235595703,2616.000186920166,3432.860237121582,Group: D,Group: A,Group: D vs Group: A,4,4,Blank_Blank_Blank
"DG(35:4),DG(O-36:4),DG(dO-37:4)_C18:1",DAG,36639.16288757324,37685.522552490234,112398.48797607422,38336.102767944336,74765.40512084961,80027.02613830566,51246.34353637695,38986.462951660156,57771.203857421875,Group: D,Group: A,Group: D vs Group: A,4,4,Blank_Blank_Blank
"DG(35:4),DG(O-36:4),DG(dO-37:4)_C18:2",DAG,6846.14045715332,4453.44030380249,6393.480472564697,5966.9604568481445,4778.560356140137,8552.580581665039,6055.340438842773,4840.7603187561035,7527.340545654297,Group: D,Group: A,Group: D vs Group: A,4,4,Blank_Blank_Blank
DG(35:5)_C16:0,DAG,1945.9001426696777,2113.8001289367676,1841.6001243591309,1936.7401428222656,1855.8001251220703,1786.760124206543,2204.6601524353027,2038.3201370239258,1908.0001335144043,Group: D,Group: A,Group: D vs Group: A,4,4,Blank_Blank_Blank
DG(35:5)_C16:1,DAG,1929.2201385498047,1933.9201278686523,1970.1601371765137,1924.5601196289062,1913.3801460266113,1899.7801322937012,1925.9601287841797,1942.940128326416,1969.4801406860352,Group: D,Group: A,Group: D vs Group: A,4,4,Blank_Blank_Blank
DG(35:5)_C18:0,DAG,1730.980110168457,1831.9401321411133,1774.9001274108887,1896.7801361083984,1984.7801475524902,1860.1001319885254,1820.2801322937012,1761.0201301574707,1828.8201217651367,Group: D,Group: A,Group: D vs Group: A,4,4,Blank_Blank_Blank
DG(35:5)_C18:1,DAG,1977.4801330566406,1930.3201484680176,2198.9001655578613,2034.0801467895508,2214.2601623535156,2097.4001388549805,2085.280128479004,2025.3201446533203,1990.8401184082031,Group: D,Group: A,Group: D vs Group: A,4,4,Blank_Blank_Blank
DG(35:5)_C18:2,DAG,2972.200225830078,2733.060188293457,2888.900230407715,2741.8401794433594,2398.620174407959,3410.7202529907227,2752.0601921081543,2711.3201942443848,3092.240222930908,Group: D,Group: A,Group: D vs Group: A,4,4,Blank_Blank_Blank
DG(35:6)_C16:0,DAG,2064.0001525878906,2050.6601371765137,1874.1401138305664,2032.2001495361328,2205.700149536133,2371.1001586914062,2491.760185241699,2165.6001319885254,2159.240165710449,Group: D,Group: A,Group: D vs Group: A,4,4,Blank_Blank_Blank
DG(35:6)_C16:1,DAG,1897.640121459961,2044.6001281738281,1913.1801376342773,2069.260139465332,1999.3801345825195,1875.3201332092285,1974.6201400756836,2031.8801383972168,1979.7001419067383,Group: D,Group: A,Group: D vs Group: A,4,4,Blank_Blank_Blank
DG(35:6)_C18:0,DAG,1877.5001106262207,1839.6601219177246,1776.9401245117188,1752.5801277160645,1870.6601371765137,1876.6201286315918,1789.9401245117188,1848.9401359558105,1944.6001205444336,Group: D,Group: A,Group: D vs Group: A,4,4,Blank_Blank_Blank
DG(35:6)_C18:1,DAG,1909.4801330566406,1987.7401542663574,2138.6401405334473,1897.6001358032227,2093.160144805908,1950.8601417541504,1930.960147857666,1937.780143737793,1945.8001403808594,Group: D,Group: A,Group: D vs Group: A,4,4,Blank_Blank_Blank
DG(35:6)_C18:2,DAG,2361.520175933838,2147.9801483154297,2211.5401496887207,2584.0801887512207,2372.620185852051,2842.8801879882812,2446.1001777648926,2320.560173034668,2389.1001510620117,Group: D,Group: A,Group: D vs Group: A,4,4,Blank_Blank_Blank
DG(36:3)_C16:0,DAG,1943.060131072998,2414.620174407959,1849.200122833252,2279.6401710510254,2381.1801719665527,2344.9201736450195,2314.26016998291,2647.760166168213,1820.7201232910156,Group: D,Group: A,Group: D vs Group: A,4,4,Blank_Blank_Blank
DG(36:3)_C16:1,DAG,1938.9401321411133,2060.7001457214355,1992.3401412963867,2386.9601707458496,2053.180145263672,1991.6001472473145,1984.4201202392578,2016.140121459961,1977.2401390075684,Group: D,Group: A,Group: D vs Group: A,4,4,Blank_Blank_Blank
DG(36:3)_C18:0,DAG,2114.960159301758,2208.8001403808594,2482.140151977539,2311.4801597595215,2259.4401626586914,2243.7601470947266,1820.8001289367676,2156.580150604248,1834.5601234436035,Group: D,Group: A,Group: D vs Group: A,4,4,Blank_Blank_Blank
DG(36:3)_C18:1,DAG,16813.900917053223,19379.421306610107,64776.68536758423,50356.90349960327,23411.301498413086,37944.48263549805,19329.921501159668,87075.68574905396,2230.500144958496,Group: D,Group: A,Group: D vs Group: A,4,4,Blank_Blank_Blank
DG(36:3)_C18:2,DAG,22633.961700439453,49582.32341384888,30053.32191848755,142278.15018081665,12873.040832519531,84228.26704406738,21124.161945343018,97610.88731765747,3383.920249938965,Group: D,Group: A,Group: D vs Group: A,4,4,Blank_Blank_Blank
"DG(36:4),DG(O-37:4)_C16:0",DAG,2099.440139770508,3157.3202056884766,2221.5601539611816,3379.2202110290527,2732.200183868408,2916.12020111084,2775.9802017211914,2052.880138397217,1976.6601181030273,Group: D,Group: A,Group: D vs Group: A,4,4,Blank_Blank_Blank
"DG(36:4),DG(O-37:4)_C16:1",DAG,2067.6801567077637,2219.5001640319824,1930.4001388549805,2996.6002159118652,1982.4801445007324,2059.380142211914,2325.7201614379883,2038.1001358032227,2054.9401473999023,Group: D,Group: A,Group: D vs Group: A,4,4,Blank_Blank_Blank
"DG(36:4),DG(O-37:4)_C18:0",DAG,2148.580165863037,2130.1801376342773,2208.7201538085938,2080.7401428222656,2169.3401489257812,2128.8601570129395,2031.660140991211,1911.2001266479492,2180.720146179199,Group: D,Group: A,Group: D vs Group: A,4,4,Blank_Blank_Blank
"DG(36:4),DG(O-37:4)_C18:1",DAG,9461.9006690979,10531.500732421875,25780.8816986084,11477.240726470947,17714.701171875,17834.901329040527,11543.220844268799,12832.760875701904,10700.8607711792,Group: D,Group: A,Group: D vs Group: A,4,4,Blank_Blank_Blank
"DG(36:4),DG(O-37:4)_C18:2",DAG,18314.60106277466,36017.44234466553,27265.86248779297,172539.87519073486,10718.260837554932,57161.82375335693,13264.14087677002,58792.06339263916,3433.0402488708496,Group: D,Group: A,Group: D vs Group: A,4,4,Blank_Blank_Blank
DG(36:5)_C16:0,DAG,2070.7201538085938,2112.5401496887207,1976.380142211914,2260.1601524353027,2127.8801612854004,2609.7801780700684,3163.1002349853516,2414.960159301758,2294.3201789855957,Group: D,Group: A,Group: D vs Group: A,4,4,Blank_Blank_Blank
DG(36:5)_C16:1,DAG,1989.7601356506348,2018.9001502990723,1909.3401260375977,2182.2201538085938,1891.260139465332,1875.6001319885254,1997.6401443481445,1903.6801261901855,1878.7001342773438,Group: D,Group: A,Group: D vs Group: A,4,4,Blank_Blank_Blank
DG(36:5)_C18:0,DAG,1849.9001235961914,1823.5201377868652,1869.940128326416,1849.9001083374023,1815.2401428222656,1785.1601371765137,1841.6201362609863,1851.7801322937012,1841.1801414489746,Group: D,Group: A,Group: D vs Group: A,4,4,Blank_Blank_Blank
DG(36:5)_C18:1,DAG,2093.8401489257812,2022.3401412963867,2473.920177459717,2057.780143737793,2260.180145263672,2160.280143737793,2105.5801544189453,1985.6801643371582,2201.840160369873,Group: D,Group: A,Group: D vs Group: A,4,4,Blank_Blank_Blank
DG(36:5)_C18:2,DAG,3617.760238647461,4305.94030380249,3588.600273132324,10418.82077407837,3405.4802169799805,5795.180435180664,2959.9802055358887,5130.160369873047,3070.340190887451,Group: D,Group: A,Group: D vs Group: A,4,4,Blank_Blank_Blank
DG(36:6)_C16:0,DAG,2121.7201385498047,3409.3002433776855,2717.5401725769043,2780.2602157592773,7165.800350189209,2609.220157623291,3644.380268096924,5591.24040222168,3094.3801612854004,Group: D,Group: A,Group: D vs Group: A,4,4,Blank_Blank_Blank
DG(36:6)_C16:1,DAG,1895.4601287841797,2120.780132293701,2095.380138397217,2126.5601539611816,1965.8201293945312,1901.300121307373,2038.8601341247559,1937.4801292419434,2009.9201469421387,Group: D,Group: A,Group: D vs Group: A,4,4,Blank_Blank_Blank
DG(36:6)_C18:0,DAG,1735.0001220703125,1961.7401428222656,1752.560115814209,1938.7401313781738,1804.760124206543,1761.7601203918457,1775.520118713379,1721.5601387023926,2001.860149383545,Group: D,Group: A,Group: D vs Group: A,4,4,Blank_Blank_Blank
DG(36:6)_C18:1,DAG,2013.10013961792,2037.5401153564453,2141.7801551818848,1985.9201278686523,2115.4001502990723,1986.740135192871,1960.2401390075684,2184.2601585388184,2171.520160675049,Group: D,Group: A,Group: D vs Group: A,4,4,Blank_Blank_Blank
DG(36:6)_C18:2,DAG,2174.7801513671875,2282.060161590576,2124.5201568603516,2484.0601654052734,2347.1401748657227,2425.2001609802246,2215.740165710449,2283.3201866149902,2201.240146636963,Group: D,Group: A,Group: D vs Group: A,4,4,Blank_Blank_Blank
"DG(36:7),DG(35:0)_C16:0",DAG,2896.660186767578,6712.480495452881,4398.320266723633,6161.440372467041,17677.161319732666,4909.2603759765625,44949.24369430542,18404.46103668213,5571.440380096436,Group: D,Group: A,Group: D vs Group: A,4,4,Blank_Blank_Blank
"DG(36:7),DG(35:0)_C16:1",DAG,2197.360153198242,2548.0401611328125,2080.1201553344727,3090.6002044677734,2274.100166320801,1922.6001319885254,3043.7802085876465,2278.5001487731934,2473.6201705932617,Group: D,Group: A,Group: D vs Group: A,4,4,Blank_Blank_Blank
"DG(36:7),DG(35:0)_C18:0",DAG,2658.160186767578,2935.6601753234863,2802.4202041625977,2912.720203399658,3099.7602157592773,2225.6001586914062,2795.280200958252,2098.360153198242,2532.5001792907715,Group: D,Group: A,Group: D vs Group: A,4,4,Blank_Blank_Blank
"DG(36:7),DG(35:0)_C18:1",DAG,2790.5001792907715,4463.720283508301,6626.0404624938965,2798.4401931762695,5080.040370941162,4905.9803466796875,3897.260269165039,3647.6402626037598,4635.300327301025,Group: D,Group: A,Group: D vs Group: A,4,4,Blank_Blank_Blank
"DG(36:7),DG(35:0)_C18:2",DAG,2389.460163116455,2241.3801651000977,2186.560157775879,2366.6001510620117,2126.100128173828,2444.1001625061035,2371.6401557922363,2365.4201850891113,2383.120162963867,Group: D,Group: A,Group: D vs Group: A,4,4,Blank_Blank_Blank
"DG(36:8),DG(35:1)_C16:0",DAG,2180.2401428222656,1970.1401405334473,2044.0801582336426,2073.400157928467,2030.9201393127441,2533.900192260742,2195.660171508789,2127.560146331787,2177.400146484375,Group: D,Group: A,Group: D vs Group: A,4,4,Blank_Blank_Blank
"DG(36:8),DG(35:1)_C16:1",DAG,3172.740222930908,7305.720481872559,3040.8002166748047,8308.900718688965,4358.780254364014,2614.100185394287,6611.300445556641,4839.780353546143,4191.620319366455,Group: D,Group: A,Group: D vs Group: A,4,4,Blank_Blank_Blank
"DG(36:8),DG(35:1)_C18:0",DAG,1797.2401275634766,1791.1601181030273,1774.420124053955,1881.2001304626465,1830.3801383972168,1775.8201293945312,1733.980125427246,1721.8201141357422,1736.4201126098633,Group: D,Group: A,Group: D vs Group: A,4,4,Blank_Blank_Blank
"DG(36:8),DG(35:1)_C18:1",DAG,2294.840156555176,2420.860179901123,3682.260223388672,2418.7801666259766,2343.9401512145996,2680.900177001953,2593.6801795959473,2821.160202026367,2516.3201637268066,Group: D,Group: A,Group: D vs Group: A,4,4,Blank_Blank_Blank
"DG(36:8),DG(35:1)_C18:2",DAG,2235.1401443481445,2331.9601707458496,2202.0801429748535,2198.0401573181152,2270.720169067383,2445.9001693725586,2199.2201614379883,2294.180149078369,2508.8201637268066,Group: D,Group: A,Group: D vs Group: A,4,4,Blank_Blank_Blank
DG(37:3)_C16:0,DAG,1719.08012008667,1843.3201293945312,1792.7801208496094,1839.820125579834,1770.7401161193848,1761.2001113891602,1740.120132446289,1861.520118713379,1832.1601257324219,Group: D,Group: A,Group: D vs Group: A,4,4,Blank_Blank_Blank
DG(37:3)_C16:1,DAG,1977.58012008667,2012.5201301574707,1931.2001304626465,2081.6601600646973,1945.2601203918457,1997.5001373291016,1965.9201316833496,1997.1801376342773,1879.5001258850098,Group: D,Group: A,Group: D vs Group: A,4,4,Blank_Blank_Blank
DG(37:3)_C18:0,DAG,1746.440128326416,1737.680118560791,1712.0601081848145,1858.0401306152344,1760.0401306152344,1849.9001541137695,1788.6601181030273,1819.880126953125,1775.9601287841797,Group: D,Group: A,Group: D vs Group: A,4,4,Blank_Blank_Blank
DG(37:3)_C18:1,DAG,1964.18013381958,2034.2401390075684,2206.9401473999023,2116.0601539611816,2159.9801635742188,2362.460159301758,2145.140148162842,1955.5201377868652,2071.9401512145996,Group: D,Group: A,Group: D vs Group: A,4,4,Blank_Blank_Blank
DG(37:3)_C18:2,DAG,2260.320156097412,2378.2201614379883,2271.940158843994,2678.8001823425293,2220.16015625,3140.900234222412,2532.0601768493652,2295.300151824951,2438.160171508789,Group: D,Group: A,Group: D vs Group: A,4,4,Blank_Blank_Blank
DG(37:4)_C16:0,DAG,1891.3001289367676,1841.8201332092285,1810.66011428833,1734.3601303100586,1787.260124206543,1782.2401161193848,1821.3201293945312,1792.0001335144043,1764.6201171875,Group: D,Group: A,Group: D vs Group: A,4,4,Blank_Blank_Blank
DG(37:4)_C16:1,DAG,1905.8001327514648,1881.7001190185547,1989.0601272583008,1953.780128479004,1935.5801391601562,1948.3201332092285,1964.1601333618164,1919.6401252746582,1960.8601455688477,Group: D,Group: A,Group: D vs Group: A,4,4,Blank_Blank_Blank
DG(37:4)_C18:0,DAG,1818.680118560791,1783.4801177978516,1860.4001235961914,1842.5401306152344,1802.8001289367676,1789.680118560791,1876.240146636963,1785.9601211547852,1889.2201309204102,Group: D,Group: A,Group: D vs Group: A,4,4,Blank_Blank_Blank
DG(37:4)_C18:1,DAG,2151.1401443481445,2150.6001510620117,2652.4801864624023,2162.1401443481445,2616.4601860046387,2505.320167541504,2316.960147857666,2230.1401443481445,2391.5401611328125,Group: D,Group: A,Group: D vs Group: A,4,4,Blank_Blank_Blank
DG(37:4)_C18:2,DAG,2278.560173034668,2285.380157470703,2417.1001930236816,2693.140167236328,2352.5601654052734,3036.200222015381,2600.620189666748,2448.9601669311523,2800.7402000427246,Group: D,Group: A,Group: D vs Group: A,4,4,Blank_Blank_Blank
DG(37:5)_C16:0,DAG,1887.9201278686523,2342.8801612854004,1783.2401123046875,1977.820140838623,1856.8601303100586,2183.0601501464844,2209.9601516723633,1948.8801383972168,2203.0001525878906,Group: D,Group: A,Group: D vs Group: A,4,4,Blank_Blank_Blank
DG(37:5)_C16:1,DAG,1898.8001327514648,1939.9001274108887,1897.840129852295,2003.0401344299316,1914.5801315307617,1951.040126800537,2002.7401390075684,1905.1801147460938,1908.2001419067383,Group: D,Group: A,Group: D vs Group: A,4,4,Blank_Blank_Blank
DG(37:5)_C18:0,DAG,1797.6201362609863,1738.040111541748,1789.1001205444336,1792.2801246643066,1786.2401390075684,1766.9201278686523,1767.0201148986816,1722.08012008667,1777.920124053955,Group: D,Group: A,Group: D vs Group: A,4,4,Blank_Blank_Blank
DG(37:5)_C18:1,DAG,1936.5601387023926,2102.5201568603516,2011.4201393127441,1986.440143585205,2052.540153503418,1913.3601303100586,1919.540126800537,1977.1001434326172,1999.6801452636719,Group: D,Group: A,Group: D vs Group: A,4,4,Blank_Blank_Blank
DG(37:5)_C18:2,DAG,2359.4401626586914,2112.400161743164,2382.72017288208,2334.0601501464844,2353.2801780700684,2377.22017288208,2269.9801597595215,2244.2201538085938,2697.100185394287,Group: D,Group: A,Group: D vs Group: A,4,4,Blank_Blank_Blank
DG(37:6)_C16:0,DAG,2137.7001457214355,2536.860176086426,2560.980178833008,1857.7001342773438,1890.7001152038574,2192.200149536133,2529.200168609619,2284.1401443481445,2247.0001640319824,Group: D,Group: A,Group: D vs Group: A,4,4,Blank_Blank_Blank
DG(37:6)_C16:1,DAG,2038.5201568603516,1979.6601333618164,1944.7401428222656,2141.1801528930664,2027.4601287841797,1900.6201362609863,2137.2201538085938,1915.900131225586,1938.1001358032227,Group: D,Group: A,Group: D vs Group: A,4,4,Blank_Blank_Blank
DG(37:6)_C18:0,DAG,1861.3401145935059,1993.9001274108887,1919.5201416015625,1940.7201309204102,1827.3401145935059,1852.1401405334473,1921.64013671875,1891.5201225280762,1981.0201377868652,Group: D,Group: A,Group: D vs Group: A,4,4,Blank_Blank_Blank
DG(37:6)_C18:1,DAG,1923.0801315307617,1935.7601470947266,2182.5801582336426,1985.820140838623,2160.9201469421387,2045.8601188659668,1966.4601364135742,2077.580150604248,2324.780158996582,Group: D,Group: A,Group: D vs Group: A,4,4,Blank_Blank_Blank
DG(37:6)_C18:2,DAG,2159.920154571533,2146.020160675049,2115.580135345459,2216.7201385498047,2180.9001541137695,2229.7401390075684,2220.9801750183105,2173.6401596069336,2229.8601608276367,Group: D,Group: A,Group: D vs Group: A,4,4,Blank_Blank_Blank
"DG(37:7),DG(36:0)_C16:0",DAG,1898.4001350402832,2421.0601692199707,2056.1601333618164,2025.9201354980469,1861.2201309204102,2558.380157470703,2048.5601348876953,1972.7401428222656,2037.600154876709,Group: D,Group: A,Group: D vs Group: A,4,4,Blank_Blank_Blank
"DG(37:7),DG(36:0)_C16:1",DAG,2286.6401557922363,2609.520160675049,2231.1401596069336,2757.3602027893066,2340.6401710510254,2131.9601440429688,2931.520206451416,2038.1001358032227,2475.70015335083,Group: D,Group: A,Group: D vs Group: A,4,4,Blank_Blank_Blank
"DG(37:7),DG(36:0)_C18:0",DAG,1969.9601249694824,2596.100170135498,2088.0801544189453,2397.66015625,2269.6001625061035,2157.020149230957,2060.220142364502,1937.5401344299316,2360.2001724243164,Group: D,Group: A,Group: D vs Group: A,4,4,Blank_Blank_Blank
"DG(37:7),DG(36:0)_C18:1",DAG,2654.0802001953125,3183.520233154297,4868.660331726074,2771.060188293457,3406.980236053467,4130.060287475586,3143.0202102661133,2515.8401832580566,3193.780216217041,Group: D,Group: A,Group: D vs Group: A,4,4,Blank_Blank_Blank
"DG(37:7),DG(36:0)_C18:2",DAG,2347.3401641845703,2212.1201553344727,2242.200164794922,2336.340145111084,2206.5801696777344,2392.8601608276367,2211.2201614379883,2297.4601821899414,2206.020133972168,Group: D,Group: A,Group: D vs Group: A,4,4,Blank_Blank_Blank
DG(38:3)_C16:0,DAG,1937.5801315307617,2251.720157623291,1919.8601455688477,2035.4401473999023,2127.6801376342773,2071.1201362609863,2220.1601600646973,1915.3801345825195,1813.8001289367676,Group: D,Group: A,Group: D vs Group: A,4,4,Blank_Blank_Blank
DG(38:3)_C16:1,DAG,1990.3401527404785,1947.6201171875,2010.6401443481445,1957.840145111084,1980.3601303100586,2041.4401588439941,2090.8001441955566,1924.900131225586,2054.64013671875,Group: D,Group: A,Group: D vs Group: A,4,4,Blank_Blank_Blank
DG(38:3)_C18:0,DAG,2483.580165863037,2477.56014251709,3199.0002212524414,3005.320240020752,2308.900161743164,2671.180187225342,2062.4001388549805,2294.8401679992676,1950.4401473999023,Group: D,Group: A,Group: D vs Group: A,4,4,Blank_Blank_Blank
DG(38:3)_C18:1,DAG,3715.3402404785156,4057.960308074951,7848.200542449951,3807.5402755737305,5828.5404052734375,6122.480472564697,4968.380348205566,4520.9202880859375,4997.200336456299,Group: D,Group: A,Group: D vs Group: A,4,4,Blank_Blank_Blank
DG(38:3)_C18:2,DAG,4309.160285949707,5215.9603271484375,4230.480327606201,9701.360706329346,3150.780200958252,7916.220706939697,4493.580337524414,6395.080402374268,3955.4202766418457,Group: D,Group: A,Group: D vs Group: A,4,4,Blank_Blank_Blank
DG(38:4)_C16:0,DAG,1763.4601249694824,1786.9201393127441,1737.5601196289062,2062.360137939453,1819.2001266479492,2165.6601486206055,1834.7401275634766,1870.5201263427734,1727.5001106262207,Group: D,Group: A,Group: D vs Group: A,4,4,Blank_Blank_Blank
DG(38:4)_C16:1,DAG,1943.0201416015625,1959.3201217651367,2015.0801239013672,1968.68013381958,1933.2201194763184,1964.000144958496,1974.9201316833496,2033.300136566162,1982.160140991211,Group: D,Group: A,Group: D vs Group: A,4,4,Blank_Blank_Blank
DG(38:4)_C18:0,DAG,2101.3201599121094,3325.840217590332,3746.6402473449707,3491.7602615356445,1865.0801239013672,2691.820182800293,2146.2001571655273,2721.4401817321777,1775.4001121520996,Group: D,Group: A,Group: D vs Group: A,4,4,Blank_Blank_Blank
DG(38:4)_C18:1,DAG,2396.060157775879,2241.5201683044434,3465.260269165039,2703.680187225342,2598.040210723877,3139.4602279663086,2422.7001609802246,3964.800277709961,1950.3001289367676,Group: D,Group: A,Group: D vs Group: A,4,4,Blank_Blank_Blank
DG(38:4)_C18:2,DAG,2735.3802032470703,3369.6202087402344,2701.460189819336,5911.820426940918,2496.0601768493652,3897.8402709960938,2555.700168609619,4057.220317840576,2619.7001762390137,Group: D,Group: A,Group: D vs Group: A,4,4,Blank_Blank_Blank
DG(38:5)_C16:0,DAG,1848.2801246643066,2315.5201568603516,2334.24015045166,2431.480182647705,2381.820152282715,2461.4001693725586,2904.920192718506,2680.280185699463,2099.480140686035,Group: D,Group: A,Group: D vs Group: A,4,4,Blank_Blank_Blank
DG(38:5)_C16:1,DAG,2053.9801292419434,1924.9601287841797,1996.3601379394531,2062.500141143799,2127.780132293701,1943.0001373291016,1987.0001258850098,2022.7201385498047,1944.9201278686523,Group: D,Group: A,Group: D vs Group: A,4,4,Blank_Blank_Blank
DG(38:5)_C18:0,DAG,1796.6801300048828,1937.280128479004,1927.3201179504395,1853.5201377868652,1848.7001342773438,1859.220127105713,1771.7801055908203,1870.640121459961,1778.9201354980469,Group: D,Group: A,Group: D vs Group: A,4,4,Blank_Blank_Blank
DG(38:5)_C18:1,DAG,2218.6401557922363,2243.5001678466797,4108.560298919678,2430.240177154541,2443.100170135498,2428.3201446533203,2591.58016204834,3462.4402503967285,2178.1801414489746,Group: D,Group: A,Group: D vs Group: A,4,4,Blank_Blank_Blank
DG(38:5)_C18:2,DAG,2653.6601791381836,3687.9803047180176,3003.240203857422,7348.840476989746,2598.020191192627,4388.580303192139,2800.6601943969727,4765.740337371826,2304.820152282715,Group: D,Group: A,Group: D vs Group: A,4,4,Blank_Blank_Blank
"DG(38:6),DG(dO-40:6)_C16:0",DAG,2509.360164642334,4687.360321044922,3083.4802055358887,3803.720245361328,2943.7801933288574,3274.720245361328,4179.040325164795,2943.6801986694336,2121.460132598877,Group: D,Group: A,Group: D vs Group: A,4,4,Blank_Blank_Blank
"DG(38:6),DG(dO-40:6)_C16:1",DAG,1926.4401245117188,2051.2801513671875,1936.6801414489746,2252.200180053711,1960.6601371765137,2025.8601455688477,2309.840160369873,2054.160125732422,1943.760124206543,Group: D,Group: A,Group: D vs Group: A,4,4,Blank_Blank_Blank
"DG(38:6),DG(dO-40:6)_C18:0",DAG,1868.4601249694824,1884.6001243591309,1761.4201278686523,1937.900131225586,1754.2801246643066,1864.1801261901855,1837.7401275634766,1854.220127105713,1806.800121307373,Group: D,Group: A,Group: D vs Group: A,4,4,Blank_Blank_Blank
"DG(38:6),DG(dO-40:6)_C18:1",DAG,2362.380168914795,2384.6201820373535,3559.9002532958984,2188.9401664733887,2545.880184173584,2729.6601753234863,2561.3802070617676,2343.120143890381,2465.2401733398438,Group: D,Group: A,Group: D vs Group: A,4,4,Blank_Blank_Blank
"DG(38:6),DG(dO-40:6)_C18:2",DAG,2396.4801864624023,2936.660202026367,2618.7801971435547,6824.760498046875,2194.1401443481445,3501.680202484131,2535.9401931762695,3881.1002235412598,2298.6001586914062,Group: D,Group: A,Group: D vs Group: A,4,4,Blank_Blank_Blank
"DG(38:7),DG(37:0)_C16:0",DAG,2983.320240020752,5046.640350341797,3111.1201972961426,3290.000255584717,2771.220184326172,4769.160343170166,4578.600303649902,3534.3602600097656,3759.4402503967285,Group: D,Group: A,Group: D vs Group: A,4,4,Blank_Blank_Blank
"DG(38:7),DG(37:0)_C16:1",DAG,2010.0001258850098,2053.20015335083,2162.8201484680176,2443.260150909424,1939.8201179504395,2034.4401512145996,2150.0201377868652,2027.5601387023926,2098.380153656006,Group: D,Group: A,Group: D vs Group: A,4,4,Blank_Blank_Blank
"DG(38:7),DG(37:0)_C18:0",DAG,1992.8001403808594,1883.5801277160645,2240.0201683044434,2356.440158843994,2570.3001861572266,1964.8001327514648,2096.980152130127,2203.2401275634766,2072.2001304626465,Group: D,Group: A,Group: D vs Group: A,4,4,Blank_Blank_Blank
"DG(38:7),DG(37:0)_C18:1",DAG,2636.460205078125,2186.660144805908,3059.2802200317383,2471.6401596069336,2848.0402221679688,3377.400234222412,2418.4201736450195,2412.6601638793945,2613.3001976013184,Group: D,Group: A,Group: D vs Group: A,4,4,Blank_Blank_Blank
"DG(38:7),DG(37:0)_C18:2",DAG,2227.8601722717285,2350.1401748657227,2264.300163269043,2475.660171508789,2133.0201530456543,2415.140163421631,2211.6601600646973,2242.8601608276367,2289.5801544189453,Group: D,Group: A,Group: D vs Group: A,4,4,Blank_Blank_Blank
"DG(38:8),DG(dO-40:8),DG(37:1)_C16:0",DAG,1818.9801330566406,2364.9601707458496,2109.640151977539,2090.640151977539,2128.3401527404785,2321.0801696777344,2165.1801376342773,2258.720169067383,2100.600154876709,Group: D,Group: A,Group: D vs Group: A,4,4,Blank_Blank_Blank
"DG(38:8),DG(dO-40:8),DG(37:1)_C16:1",DAG,1990.4601402282715,2081.6801376342773,2019.1401405334473,2242.3801612854004,1941.140121459961,1958.7801361083984,2104.520149230957,2038.2801513671875,2094.200149536133,Group: D,Group: A,Group: D vs Group: A,4,4,Blank_Blank_Blank
"DG(38:8),DG(dO-40:8),DG(37:1)_C18:0",DAG,1813.500129699707,1891.340129852295,1901.8601341247559,1869.3601303100586,1874.2601165771484,1959.0401344299316,1744.360122680664,1776.080135345459,1822.0201263427734,Group: D,Group: A,Group: D vs Group: A,4,4,Blank_Blank_Blank
"DG(38:8),DG(dO-40:8),DG(37:1)_C18:1",DAG,2086.400146484375,2224.620147705078,2643.1001892089844,2246.5601768493652,2464.0601806640625,2500.5601768493652,2412.200168609619,2631.100200653076,2309.6001510620117,Group: D,Group: A,Group: D vs Group: A,4,4,Blank_Blank_Blank
"DG(38:8),DG(dO-40:8),DG(37:1)_C18:2",DAG,2333.7401542663574,2182.700168609619,2401.7401695251465,2208.9801445007324,2248.800163269043,2285.4401817321777,2436.5201683044434,2159.1601333618164,2431.940174102783,Group: D,Group: A,Group: D vs Group: A,4,4,Blank_Blank_Blank
"DG(38:9),DG(dO-40:9),DG(37:2)_C16:0",DAG,1755.8001174926758,1886.6201286315918,1748.300136566162,1980.760139465332,1820.920124053955,1906.5001335144043,1814.0401229858398,1845.6201171875,1869.18013381958,Group: D,Group: A,Group: D vs Group: A,4,4,Blank_Blank_Blank
"DG(38:9),DG(dO-40:9),DG(37:2)_C16:1",DAG,1954.4201278686523,2128.5401496887207,1929.0401306152344,2095.7801475524902,1964.380142211914,1937.740135192871,2033.200138092041,1958.0401306152344,1948.1201286315918,Group: D,Group: A,Group: D vs Group: A,4,4,Blank_Blank_Blank
"DG(38:9),DG(dO-40:9),DG(37:2)_C18:0",DAG,1845.420093536377,1831.340129852295,1742.9201164245605,1921.0001373291016,1943.9401473999023,1867.0001220703125,1877.9001350402832,1821.0401344299316,1790.3201293945312,Group: D,Group: A,Group: D vs Group: A,4,4,Blank_Blank_Blank
"DG(38:9),DG(dO-40:9),DG(37:2)_C18:1",DAG,2126.0401344299316,2629.2401847839355,3537.400234222412,2878.28018951416,3144.9802207946777,3280.0202255249023,2673.160186767578,2742.520191192627,2634.500186920166,Group: D,Group: A,Group: D vs Group: A,4,4,Blank_Blank_Blank
"DG(38:9),DG(dO-40:9),DG(37:2)_C18:2",DAG,2542.480197906494,2505.1401710510254,2318.060173034668,2725.0002059936523,2213.080150604248,2840.4802055358887,2619.9201850891113,2564.14017868042,2418.380168914795,Group: D,Group: A,Group: D vs Group: A,4,4,Blank_Blank_Blank
DG(39:4)_C16:0,DAG,1745.5801048278809,1754.3801193237305,1711.6001167297363,1768.0601234436035,1780.0401306152344,1827.540126800537,1827.0801315307617,1777.0201263427734,1772.1801261901855,Group: D,Group: A,Group: D vs Group: A,4,4,Blank_Blank_Blank
DG(39:4)_C16:1,DAG,1926.4401512145996,1923.3001289367676,1940.6201362609863,1978.64013671875,2059.380138397217,1915.9201316833496,1925.3001289367676,1992.4801292419434,1920.7601127624512,Group: D,Group: A,Group: D vs Group: A,4,4,Blank_Blank_Blank
DG(39:4)_C18:0,DAG,1768.900104522705,1818.2001266479492,1736.4801216125488,1733.2801322937012,1728.3001251220703,1722.6201171875,1801.8001289367676,1722.6601257324219,1744.9201316833496,Group: D,Group: A,Group: D vs Group: A,4,4,Blank_Blank_Blank
DG(39:4)_C18:1,DAG,2018.860149383545,2082.5401458740234,2126.560146331787,1904.9001350402832,2424.7001724243164,2036.5001335144043,2186.300148010254,2190.62015914917,2470.060157775879,Group: D,Group: A,Group: D vs Group: A,4,4,Blank_Blank_Blank
DG(39:4)_C18:2,DAG,2180.3401527404785,2157.8201599121094,2295.940170288086,2368.600166320801,2361.3201637268066,2411.9601669311523,2219.460159301758,2391.26016998291,2407.360164642334,Group: D,Group: A,Group: D vs Group: A,4,4,Blank_Blank_Blank
DG(39:5)_C16:0,DAG,2095.1601333618164,2376.0401763916016,1897.0201377868652,2061.5601501464844,1995.0001411437988,1953.1601295471191,2261.0401573181152,2039.7001457214355,2127.0601654052734,Group: D,Group: A,Group: D vs Group: A,4,4,Blank_Blank_Blank
DG(39:5)_C16:1,DAG,1980.5001258850098,1930.3801383972168,1938.860122680664,1953.1801376342773,1924.820140838623,1948.340129852295,2008.140121459961,1945.3401336669922,1943.0801429748535,Group: D,Group: A,Group: D vs Group: A,4,4,Blank_Blank_Blank
DG(39:5)_C18:0,DAG,1825.580135345459,1939.840129852295,1915.1001358032227,1810.6001243591309,2029.3001403808594,1817.900104522705,1800.0001182556152,1774.6801223754883,1810.0201301574707,Group: D,Group: A,Group: D vs Group: A,4,4,Blank_Blank_Blank
DG(39:5)_C18:1,DAG,1918.440128326416,1958.720142364502,2103.5601348876953,1936.68013381958,2030.5001335144043,2014.4801406860352,1935.1601333618164,2018.4201469421387,2035.5001373291016,Group: D,Group: A,Group: D vs Group: A,4,4,Blank_Blank_Blank
DG(39:5)_C18:2,DAG,2197.320167541504,2183.120143890381,2307.020164489746,2224.0401649475098,2241.360149383545,2291.940158843994,2235.5001640319824,2198.5401763916016,2230.220157623291,Group: D,Group: A,Group: D vs Group: A,4,4,Blank_Blank_Blank
DG(39:6)_C16:0,DAG,2271.020160675049,3559.520217895508,2810.30020904541,2720.1801719665527,2637.500175476074,2881.140205383301,3941.420265197754,2881.180202484131,3142.5202102661133,Group: D,Group: A,Group: D vs Group: A,4,4,Blank_Blank_Blank
DG(39:6)_C16:1,DAG,1926.4001121520996,1966.5601387023926,1931.9801292419434,2015.8201293945312,2014.3401336669922,1915.740135192871,2063.4401359558105,1953.8201293945312,1920.020133972168,Group: D,Group: A,Group: D vs Group: A,4,4,Blank_Blank_Blank
DG(39:6)_C18:0,DAG,2052.080150604248,2440.320167541504,1927.3801345825195,2394.400161743164,2099.3401527404785,2204.2601318359375,2065.420150756836,1969.0601348876953,2028.0801467895508,Group: D,Group: A,Group: D vs Group: A,4,4,Blank_Blank_Blank
DG(39:6)_C18:1,DAG,2073.500144958496,2059.1801414489746,2402.3201751708984,2226.4601516723633,2523.100185394287,2344.960163116455,2147.1401596069336,2009.6001472473145,2076.9801483154297,Group: D,Group: A,Group: D vs Group: A,4,4,Blank_Blank_Blank
DG(39:6)_C18:2,DAG,2333.2201614379883,2100.3601455688477,2265.6601638793945,2220.780143737793,2168.980155944824,2223.9401512145996,2191.2601623535156,2119.2801551818848,2282.8801498413086,Group: D,Group: A,Group: D vs Group: A,4,4,Blank_Blank_Blank
"DG(39:7),DG(38:0),DG(dO-40:0)_C16:0",DAG,2137.900146484375,2319.9001388549805,2053.300136566162,2081.70015335083,2125.820140838623,2115.0801391601562,2697.5201988220215,2088.2201385498047,2282.8401679992676,Group: D,Group: A,Group: D vs Group: A,4,4,Blank_Blank_Blank
"DG(39:7),DG(38:0),DG(dO-40:0)_C16:1",DAG,2011.540138244629,1993.3801345825195,1998.2601318359375,2110.460159301758,1930.5201225280762,1929.460132598877,1985.540138244629,1977.6201400756836,2023.8201522827148,Group: D,Group: A,Group: D vs Group: A,4,4,Blank_Blank_Blank
"DG(39:7),DG(38:0),DG(dO-40:0)_C18:0",DAG,1859.260124206543,1840.9201164245605,1852.460132598877,1897.2401390075684,1882.2601356506348,2043.9401626586914,1804.5401306152344,1896.4001350402832,2013.300148010254,Group: D,Group: A,Group: D vs Group: A,4,4,Blank_Blank_Blank
"DG(39:7),DG(38:0),DG(dO-40:0)_C18:1",DAG,2071.60013961792,2020.860149383545,2402.560173034668,2041.8401412963867,2245.0201568603516,2254.3201637268066,2045.760139465332,2219.8001708984375,2101.180149078369,Group: D,Group: A,Group: D vs Group: A,4,4,Blank_Blank_Blank
"DG(39:7),DG(38:0),DG(dO-40:0)_C18:2",DAG,2174.260150909424,2162.060146331787,2268.680164337158,2153.5401458740234,2204.560157775879,2238.9601402282715,2244.6601524353027,2182.240161895752,2346.940158843994,Group: D,Group: A,Group: D vs Group: A,4,4,Blank_Blank_Blank
"DG(39:8),DG(O-40:8),DG(38:1)_C16:0",DAG,1856.920124053955,2154.420166015625,2004.980125427246,2124.220146179199,1872.9201278686523,2081.840145111084,2142.7601432800293,1998.240146636963,2061.4401473999023,Group: D,Group: A,Group: D vs Group: A,4,4,Blank_Blank_Blank
"DG(39:8),DG(O-40:8),DG(38:1)_C16:1",DAG,1928.60013961792,1952.4401206970215,2015.6801452636719,1969.6601295471191,1971.5601539611816,1979.2401580810547,2236.5001525878906,1957.940143585205,2026.6001358032227,Group: D,Group: A,Group: D vs Group: A,4,4,Blank_Blank_Blank
"DG(39:8),DG(O-40:8),DG(38:1)_C18:0",DAG,1889.7601318359375,2014.9001388549805,1776.480125427246,1961.2201347351074,1858.5401229858398,1912.200122833252,1804.4001274108887,1883.0401306152344,1810.300121307373,Group: D,Group: A,Group: D vs Group: A,4,4,Blank_Blank_Blank
"DG(39:8),DG(O-40:8),DG(38:1)_C18:1",DAG,3080.420234680176,2724.1401977539062,4414.86030960083,3116.7602157592773,3220.76021194458,3234.160243988037,2432.6401596069336,3526.1402473449707,2115.6001472473145,Group: D,Group: A,Group: D vs Group: A,4,4,Blank_Blank_Blank
"DG(39:8),DG(O-40:8),DG(38:1)_C18:2",DAG,2372.260150909424,2300.000156402588,2415.460174560547,2319.140163421631,2341.3201751708984,2464.300151824951,2258.2401542663574,2240.660171508789,2338.9001655578613,Group: D,Group: A,Group: D vs Group: A,4,4,Blank_Blank_Blank
DG(40:1)_C16:0,DAG,1848.8801231384277,2362.7801513671875,1837.920124053955,1863.240119934082,1794.8001251220703,2292.840156555176,2415.400161743164,1920.6001434326172,1925.5401344299316,Group: D,Group: A,Group: D vs Group: A,4,4,Blank_Blank_Blank
DG(40:1)_C16:1,DAG,1998.9201202392578,1967.8201217651367,1938.480136871338,2134.6401443481445,2018.9401397705078,2055.14013671875,2144.140148162842,1974.5201148986816,2006.400131225586,Group: D,Group: A,Group: D vs Group: A,4,4,Blank_Blank_Blank
DG(40:1)_C18:0,DAG,1748.4401359558105,1806.3401260375977,1751.9801177978516,1820.3001289367676,1839.5401420593262,1932.6001319885254,1789.0401306152344,1809.3001174926758,1752.5601387023926,Group: D,Group: A,Group: D vs Group: A,4,4,Blank_Blank_Blank
DG(40:1)_C18:1,DAG,2040.4201393127441,2122.7801551818848,2694.6401901245117,2090.5001373291016,2260.660144805908,2442.0801582336426,2127.440158843994,2119.5601539611816,2300.5601539611816,Group: D,Group: A,Group: D vs Group: A,4,4,Blank_Blank_Blank
"DG(40:10),DG(39:3)_C16:0",DAG,1843.2801246643066,1981.1201362609863,1730.260124206543,1892.340145111084,1792.0401306152344,1876.8201370239258,1935.8601379394531,1772.8601150512695,1904.4401397705078,Group: D,Group: A,Group: D vs Group: A,4,4,Blank_Blank_Blank
"DG(40:10),DG(39:3)_C16:1",DAG,1981.320140838623,1978.780143737793,2020.0801315307617,2065.5201377868652,1923.460132598877,2081.5001525878906,2121.0401344299316,1984.0001335144043,1926.1801223754883,Group: D,Group: A,Group: D vs Group: A,4,4,Blank_Blank_Blank
"DG(40:10),DG(39:3)_C18:0",DAG,1844.9401206970215,1972.0801315307617,1936.5001220703125,1803.6601257324219,1926.5401420593262,1907.5401229858398,1946.4801330566406,1828.0601196289062,1851.0001258850098,Group: D,Group: A,Group: D vs Group: A,4,4,Blank_Blank_Blank
"DG(40:10),DG(39:3)_C18:1",DAG,2349.0401611328125,2375.4001655578613,3312.2202110290527,2490.880168914795,2930.940212249756,2568.7001724243164,2463.120174407959,2334.2201652526855,2756.5002098083496,Group: D,Group: A,Group: D vs Group: A,4,4,Blank_Blank_Blank
"DG(40:10),DG(39:3)_C18:2",DAG,2428.3801765441895,2318.940158843994,2211.3201637268066,2511.9801750183105,2315.8801651000977,2545.000160217285,2318.3601570129395,2560.9201850891113,2365.3001670837402,Group: D,Group: A,Group: D vs Group: A,4,4,Blank_Blank_Blank
DG(40:2)_C16:0,DAG,1742.1601219177246,1935.480125427246,1746.4001159667969,1759.7401084899902,1860.3801383972168,1750.2401275634766,2014.0201301574707,1799.5801124572754,1747.2001152038574,Group: D,Group: A,Group: D vs Group: A,4,4,Blank_Blank_Blank
DG(40:2)_C16:1,DAG,1927.1001281738281,2040.6001472473145,1954.5601387023926,1960.7401275634766,1947.7801399230957,1924.5201416015625,2043.3601570129395,1969.9801406860352,1926.980136871338,Group: D,Group: A,Group: D vs Group: A,4,4,Blank_Blank_Blank
DG(40:2)_C18:0,DAG,1712.1001205444336,1838.3001174926758,1869.6201248168945,1851.3601112365723,1817.3001403808594,1739.1801109313965,1742.4001274108887,1804.200107574463,1808.820125579834,Group: D,Group: A,Group: D vs Group: A,4,4,Blank_Blank_Blank
DG(40:2)_C18:1,DAG,2106.1201400756836,2032.7001495361328,2425.120174407959,2105.3201484680176,2252.9201431274414,2207.820152282715,2254.2601585388184,2218.1001586914062,1978.0401344299316,Group: D,Group: A,Group: D vs Group: A,4,4,Blank_Blank_Blank
DG(40:2)_C18:2,DAG,2408.920166015625,2440.840160369873,2311.4601554870605,2574.9601821899414,2356.120174407959,2889.7602005004883,2255.1401596069336,2265.4601707458496,2349.600170135498,Group: D,Group: A,Group: D vs Group: A,4,4,Blank_Blank_Blank
DG(40:3)_C16:0,DAG,1739.7801246643066,1723.9801139831543,1738.8001289367676,1772.680118560791,1729.1001243591309,1775.9201164245605,1802.6001358032227,1892.8201522827148,1764.6201210021973,Group: D,Group: A,Group: D vs Group: A,4,4,Blank_Blank_Blank
DG(40:3)_C16:1,DAG,2046.6001358032227,1954.5401229858398,1930.1601486206055,2022.6001510620117,2127.340133666992,1916.0401420593262,2074.74015045166,2014.3201332092285,1937.440143585205,Group: D,Group: A,Group: D vs Group: A,4,4,Blank_Blank_Blank
DG(40:3)_C18:0,DAG,1734.9601249694824,1790.9401245117188,1834.060131072998,1787.880126953125,1815.5201263427734,1898.320125579834,1850.2401275634766,1740.7601280212402,1744.4201164245605,Group: D,Group: A,Group: D vs Group: A,4,4,Blank_Blank_Blank
DG(40:3)_C18:1,DAG,2116.340129852295,2016.6001243591309,2230.3201599121094,2312.7801551818848,2028.3201484680176,2180.540138244629,2021.760139465332,2014.7601470947266,2149.160129547119,Group: D,Group: A,Group: D vs Group: A,4,4,Blank_Blank_Blank
DG(40:3)_C18:2,DAG,2453.600170135498,2373.840175628662,2213.280143737793,2909.8002014160156,2217.6001586914062,2582.68017578125,2638.3202056884766,2566.080181121826,2321.460174560547,Group: D,Group: A,Group: D vs Group: A,4,4,Blank_Blank_Blank
DG(40:4)_C16:0,DAG,1766.1601333618164,2049.5601348876953,1775.460117340088,1840.0801315307617,1849.7001304626465,1976.9201354980469,1751.5601196289062,1810.260124206543,1971.5001335144043,Group: D,Group: A,Group: D vs Group: A,4,4,Blank_Blank_Blank
DG(40:4)_C16:1,DAG,1989.8201217651367,1956.6201362609863,1918.6201248168945,1985.200138092041,1941.5001335144043,1920.7601432800293,1972.7401237487793,1982.9801292419434,2024.7601280212402,Group: D,Group: A,Group: D vs Group: A,4,4,Blank_Blank_Blank
DG(40:4)_C18:0,DAG,1765.5201263427734,1865.7401313781738,1848.9801330566406,2000.60013961792,1756.1601295471191,1733.1201210021973,1856.2001342773438,1747.4801216125488,1722.2601203918457,Group: D,Group: A,Group: D vs Group: A,4,4,Blank_Blank_Blank
DG(40:4)_C18:1,DAG,1968.7601318359375,1970.9001426696777,2043.1401405334473,2071.500129699707,2073.10013961792,1976.6401329040527,1916.2201461791992,2011.2201538085938,1941.860122680664,Group: D,Group: A,Group: D vs Group: A,4,4,Blank_Blank_Blank
DG(40:4)_C18:2,DAG,2310.0601654052734,2249.560157775879,2244.580165863037,2357.2801780700684,2182.1201400756836,2448.820156097412,2318.2401542663574,2383.1201667785645,2330.340156555176,Group: D,Group: A,Group: D vs Group: A,4,4,Blank_Blank_Blank
DG(40:5)_C16:0,DAG,2954.5802040100098,3953.2002754211426,3523.34024810791,2809.960193634033,2820.920207977295,3456.3602294921875,3540.300266265869,3767.460220336914,3127.560234069824,Group: D,Group: A,Group: D vs Group: A,4,4,Blank_Blank_Blank
DG(40:5)_C16:1,DAG,2021.7601356506348,2020.1601295471191,1954.9401473999023,1991.2001342773438,2045.3201370239258,1985.3601379394531,2092.2801361083984,2036.740135192871,2047.8201484680176,Group: D,Group: A,Group: D vs Group: A,4,4,Blank_Blank_Blank
DG(40:5)_C18:0,DAG,1832.5401229858398,1875.640121459961,1939.320140838623,2214.9401473999023,1853.4201431274414,1843.8801345825195,1860.8601379394531,1861.7001342773438,1941.1401329040527,Group: D,Group: A,Group: D vs Group: A,4,4,Blank_Blank_Blank
DG(40:5)_C18:1,DAG,1999.9601364135742,2074.260154724121,2549.1801681518555,2073.760139465332,2099.120147705078,2357.3601722717285,2442.3001747131348,2448.0201835632324,2048.8801345825195,Group: D,Group: A,Group: D vs Group: A,4,4,Blank_Blank_Blank
DG(40:5)_C18:2,DAG,2270.340156555176,2321.080150604248,2271.960159301758,2402.6201667785645,2169.62015914917,2485.8401832580566,2193.1001586914062,2403.9001655578613,2164.3201484680176,Group: D,Group: A,Group: D vs Group: A,4,4,Blank_Blank_Blank
"DG(40:6),DG(dO-40:0)_C16:0",DAG,2884.3802070617676,4065.2402954101562,3213.8002395629883,3265.4002418518066,3159.6602210998535,3752.900302886963,3927.700309753418,3375.700241088867,3845.5202827453613,Group: D,Group: A,Group: D vs Group: A,4,4,Blank_Blank_Blank
"DG(40:6),DG(dO-40:0)_C16:1",DAG,2102.540142059326,2192.8401412963867,2141.500160217285,2401.3801765441895,2488.8001708984375,2161.4801483154297,2538.3001594543457,2178.820156097412,2394.580165863037,Group: D,Group: A,Group: D vs Group: A,4,4,Blank_Blank_Blank
"DG(40:6),DG(dO-40:0)_C18:0",DAG,1814.6601257324219,2301.0401496887207,2394.1001586914062,2002.2401237487793,2052.6001472473145,2268.760166168213,2001.5801315307617,2175.760154724121,1815.6601295471191,Group: D,Group: A,Group: D vs Group: A,4,4,Blank_Blank_Blank
"DG(40:6),DG(dO-40:0)_C18:1",DAG,2023.1601486206055,2243.9801483154297,3437.4402389526367,2374.0201721191406,2516.4401931762695,2922.7802238464355,2546.9602012634277,2655.6801719665527,2150.9001388549805,Group: D,Group: A,Group: D vs Group: A,4,4,Blank_Blank_Blank
"DG(40:6),DG(dO-40:0)_C18:2",DAG,2311.0401611328125,2373.1801681518555,2555.680187225342,4632.580333709717,2259.4001541137695,2897.2801971435547,2615.540184020996,2909.580207824707,2121.560146331787,Group: D,Group: A,Group: D vs Group: A,4,4,Blank_Blank_Blank
"DG(40:7),DG(39:0)_C16:0",DAG,2484.460163116455,3709.540256500244,2918.1602210998535,2738.680202484131,2832.3001861572266,3508.1602516174316,4072.3002853393555,3084.1402435302734,3140.900234222412,Group: D,Group: A,Group: D vs Group: A,4,4,Blank_Blank_Blank
"DG(40:7),DG(39:0)_C16:1",DAG,2632.160186767578,3060.5802307128906,2453.400161743164,3385.2402381896973,2441.0201568603516,2059.820140838623,2603.160186767578,2511.320182800293,2236.3401527404785,Group: D,Group: A,Group: D vs Group: A,4,4,Blank_Blank_Blank
"DG(40:7),DG(39:0)_C18:0",DAG,2179.160140991211,2356.4201736450195,2616.4201889038086,2477.1801567077637,2726.840187072754,2425.500160217285,2158.000160217285,2049.560161590576,2359.2401809692383,Group: D,Group: A,Group: D vs Group: A,4,4,Blank_Blank_Blank
"DG(40:7),DG(39:0)_C18:1",DAG,2865.8602142333984,3264.700252532959,5375.220386505127,3827.820240020752,3466.960277557373,4355.260307312012,3420.4402236938477,3897.140293121338,2882.940216064453,Group: D,Group: A,Group: D vs Group: A,4,4,Blank_Blank_Blank
"DG(40:7),DG(39:0)_C18:2",DAG,2335.9601554870605,2883.920192718506,2460.140193939209,4833.980381011963,2299.460163116455,2853.4402046203613,2416.840187072754,3288.3202171325684,2206.6201667785645,Group: D,Group: A,Group: D vs Group: A,4,4,Blank_Blank_Blank
"DG(40:8),DG(39:1)_C18:2",DAG,2570.080177307129,3343.0402297973633,2709.8402099609375,7337.700542449951,2404.4601669311523,3888.720287322998,2815.100185394287,4445.720294952393,2524.7201805114746,Group: D,Group: A,Group: D vs Group: A,4,4,Blank_Blank_Blank
"DG(40:9),DG(39:2)_C16:0",DAG,1894.040138244629,1753.720115661621,1717.8801155090332,2067.2001304626465,1830.6801223754883,2048.9401473999023,1888.700138092041,2051.240135192871,1789.440128326416,Group: D,Group: A,Group: D vs Group: A,4,4,Blank_Blank_Blank
"DG(40:9),DG(39:2)_C16:1",DAG,2034.9201393127441,1995.1801414489746,1985.5801544189453,1998.1201438903809,2004.5201454162598,1915.2801361083984,2095.9601516723633,1968.8201522827148,2015.480125427246,Group: D,Group: A,Group: D vs Group: A,4,4,Blank_Blank_Blank
"DG(40:9),DG(39:2)_C18:0",DAG,1823.760124206543,1786.8401184082031,1879.1601257324219,1825.9401359558105,1868.5401229858398,1810.1401290893555,1760.4601211547852,1818.2201194763184,1727.720127105713,Group: D,Group: A,Group: D vs Group: A,4,4,Blank_Blank_Blank
"DG(40:9),DG(39:2)_C18:1",DAG,2057.9001426696777,2059.6401557922363,2263.4001693725586,2093.780132293701,2279.900177001953,2172.680149078369,2090.340145111084,2035.5601501464844,1998.8001327514648,Group: D,Group: A,Group: D vs Group: A,4,4,Blank_Blank_Blank
"DG(40:9),DG(39:2)_C18:2",DAG,2981.7801933288574,2630.7601776123047,2513.1001892089844,3054.960189819336,2288.20015335083,3143.820209503174,2316.900177001953,2738.0401725769043,2607.5001792907715,Group: D,Group: A,Group: D vs Group: A,4,4,Blank_Blank_Blank
DG(41:5)_C16:0,DAG,2493.6401596069336,4642.820381164551,2997.0401878356934,4224.380348205566,9316.280742645264,3694.520263671875,15416.681396484375,17209.62152481079,2939.4401817321777,Group: D,Group: A,Group: D vs Group: A,4,4,Blank_Blank_Blank
DG(41:5)_C16:1,DAG,2080.200149536133,2296.100154876709,2204.5001640319824,2386.660171508789,2002.440128326416,1991.060146331787,2661.5601921081543,2266.700168609619,2002.7401390075684,Group: D,Group: A,Group: D vs Group: A,4,4,Blank_Blank_Blank
DG(41:5)_C18:0,DAG,1826.1401405334473,1886.340129852295,2120.6001472473145,1860.5401229858398,1990.940143585205,1941.0001335144043,1909.5201377868652,2001.020149230957,1823.2601318359375,Group: D,Group: A,Group: D vs Group: A,4,4,Blank_Blank_Blank
DG(41:5)_C18:1,DAG,2014.6001510620117,2010.64013671875,2194.460163116455,1984.080135345459,2151.1801376342773,2083.680149078369,1935.8001594543457,1988.7201538085938,2053.2401428222656,Group: D,Group: A,Group: D vs Group: A,4,4,Blank_Blank_Blank
DG(41:5)_C18:2,DAG,2189.6401557922363,2144.2601356506348,2193.640151977539,2174.3601417541504,2126.4601440429688,2180.600166320801,2184.62015914917,2228.100170135498,2271.480152130127,Group: D,Group: A,Group: D vs Group: A,4,4,Blank_Blank_Blank
DG(41:6)_C16:0,DAG,3323.3802337646484,4076.600311279297,2975.7802124023438,2878.260208129883,3014.440196990967,3518.180233001709,4529.240303039551,3096.340232849121,3895.0002937316895,Group: D,Group: A,Group: D vs Group: A,4,4,Blank_Blank_Blank
DG(41:6)_C16:1,DAG,2703.6801795959473,3249.2602462768555,2657.680187225342,2845.780216217041,2441.9401626586914,2154.3401374816895,3956.0802841186523,3465.300262451172,2855.3601722717285,Group: D,Group: A,Group: D vs Group: A,4,4,Blank_Blank_Blank
DG(41:6)_C18:0,DAG,2055.660144805908,2055.2601280212402,2037.4801445007324,2171.100154876709,2224.060157775879,2096.940143585205,2140.680149078369,1945.580135345459,1960.740146636963,Group: D,Group: A,Group: D vs Group: A,4,4,Blank_Blank_Blank
DG(41:6)_C18:1,DAG,2064.600143432617,2007.4801712036133,2363.000156402588,2026.3201637268066,2060.820152282715,2033.1801300048828,2024.4201545715332,2168.860179901123,2212.1801528930664,Group: D,Group: A,Group: D vs Group: A,4,4,Blank_Blank_Blank
DG(41:6)_C18:2,DAG,2098.20015335083,2178.220146179199,2192.660167694092,2140.3801498413086,2240.9201622009277,2181.10013961792,2165.820156097412,2119.9601554870605,2158.3401489257812,Group: D,Group: A,Group: D vs Group: A,4,4,Blank_Blank_Blank
"DG(41:7),DG(40:0)_C16:0",DAG,2213.2401542663574,2355.0001945495605,2131.6601486206055,2114.16015625,2185.1801528930664,2448.760150909424,2729.880184173584,2264.9201431274414,2357.680164337158,Group: D,Group: A,Group: D vs Group: A,4,4,Blank_Blank_Blank
"DG(41:7),DG(40:0)_C16:1",DAG,2022.7801322937012,1973.8001289367676,1997.1401405334473,2029.9601516723633,1997.5801277160645,1986.4401550292969,2042.4201469421387,1923.5001335144043,1991.360122680664,Group: D,Group: A,Group: D vs Group: A,4,4,Blank_Blank_Blank
"DG(41:7),DG(40:0)_C18:0",DAG,1753.8401222229004,1827.6201286315918,1842.7601127624512,1875.7801322937012,1867.9001350402832,1850.8601303100586,1767.1401290893555,1745.620132446289,1760.380111694336,Group: D,Group: A,Group: D vs Group: A,4,4,Blank_Blank_Blank
"DG(41:7),DG(40:0)_C18:1",DAG,1977.960132598877,1947.980136871338,2323.5001678466797,2114.0401611328125,2118.460147857666,2002.6401290893555,2078.5801391601562,2136.7801475524902,2193.7801551818848,Group: D,Group: A,Group: D vs Group: A,4,4,Blank_Blank_Blank
"DG(41:7),DG(40:0)_C18:2",DAG,2181.1401557922363,2115.5401649475098,2169.0401458740234,2116.8801307678223,2154.380153656006,2406.6801681518555,2199.440155029297,2184.300148010254,2161.840156555176,Group: D,Group: A,Group: D vs Group: A,4,4,Blank_Blank_Blank
DG(42:1)_C16:0,DAG,1746.3201370239258,1772.6401138305664,1868.2801361083984,1839.820110321045,1757.760124206543,2042.300148010254,1917.7001457214355,1983.760139465332,1737.4601097106934,Group: D,Group: A,Group: D vs Group: A,4,4,Blank_Blank_Blank
DG(42:1)_C16:1,DAG,1985.980136871338,1966.3801193237305,2087.2201614379883,2072.240146636963,2051.68013381958,1980.740146636963,1986.5801277160645,1958.0201416015625,1987.0401344299316,Group: D,Group: A,Group: D vs Group: A,4,4,Blank_Blank_Blank
DG(42:1)_C18:0,DAG,1736.520118713379,1796.8001327514648,1815.6201133728027,1814.9001388549805,1753.6201248168945,1744.240119934082,1792.2401275634766,1796.4201278686523,1845.820140838623,Group: D,Group: A,Group: D vs Group: A,4,4,Blank_Blank_Blank
DG(42:1)_C18:1,DAG,1965.9801445007324,1913.4201393127441,2447.580177307129,1952.520133972168,2077.120147705078,2240.6601371765137,2100.300148010254,2211.740161895752,2053.440139770508,Group: D,Group: A,Group: D vs Group: A,4,4,Blank_Blank_Blank
"DG(42:10),DG(41:3)_C16:0",DAG,1773.8201179504395,1772.9401206970215,1927.4001197814941,1756.1201210021973,1911.6801528930664,1867.340129852295,2266.200164794922,2138.5201377868652,1768.5601119995117,Group: D,Group: A,Group: D vs Group: A,4,4,Blank_Blank_Blank
"DG(42:10),DG(41:3)_C16:1",DAG,1925.5601272583008,2008.5801429748535,1942.1401290893555,2000.9601440429688,1945.18013381958,1966.960147857666,2069.6001205444336,1957.700138092041,2076.620147705078,Group: D,Group: A,Group: D vs Group: A,4,4,Blank_Blank_Blank
"DG(42:10),DG(41:3)_C18:0",DAG,1776.260124206543,1784.8801345825195,1824.7601356506348,1794.7001266479492,1723.6801376342773,1749.7601280212402,1743.0801239013672,1772.640121459961,1813.1401290893555,Group: D,Group: A,Group: D vs Group: A,4,4,Blank_Blank_Blank
"DG(42:10),DG(41:3)_C18:1",DAG,1949.1601333618164,2172.2801628112793,2479.8001823425293,2042.900131225586,1962.8201370239258,2283.180160522461,1941.3401489257812,2129.4801330566406,1979.9801330566406,Group: D,Group: A,Group: D vs Group: A,4,4,Blank_Blank_Blank
"DG(42:10),DG(41:3)_C18:2",DAG,2238.7801628112793,2159.1401596069336,2285.5801582336426,2406.020175933838,2164.9801635742188,2749.5002098083496,2227.0401611328125,2533.420181274414,2297.300148010254,Group: D,Group: A,Group: D vs Group: A,4,4,Blank_Blank_Blank
"DG(42:11),DG(41:4)_C16:0",DAG,1956.800136566162,2132.9801292419434,1931.560131072998,2414.580165863037,3508.820182800293,2413.7601356506348,6118.200565338135,5731.320442199707,2001.260154724121,Group: D,Group: A,Group: D vs Group: A,4,4,Blank_Blank_Blank
"DG(42:11),DG(41:4)_C16:1",DAG,2008.880142211914,2020.3401412963867,1964.3001403808594,1993.2201309204102,2036.0401420593262,1939.7001419067383,1920.18013381958,1953.1601257324219,1972.880142211914,Group: D,Group: A,Group: D vs Group: A,4,4,Blank_Blank_Blank
"DG(42:11),DG(41:4)_C18:0",DAG,1736.540126800537,1736.7401161193848,1753.8601264953613,1788.860122680664,1759.6001281738281,1820.7201042175293,1731.3001289367676,1773.3001136779785,1795.9201354980469,Group: D,Group: A,Group: D vs Group: A,4,4,Blank_Blank_Blank
"DG(42:11),DG(41:4)_C18:1",DAG,2006.1001434326172,1964.3801383972168,2133.640148162842,1910.480125427246,1961.2401428222656,2024.2801361083984,1997.8601379394531,2013.7401428222656,1955.1601333618164,Group: D,Group: A,Group: D vs Group: A,4,4,Blank_Blank_Blank
"DG(42:11),DG(41:4)_C18:2",DAG,2140.1201553344727,2210.5801734924316,2425.4001693725586,2254.1801528930664,2132.2801513671875,2472.100166320801,2268.380168914795,2348.8801651000977,2360.3201599121094,Group: D,Group: A,Group: D vs Group: A,4,4,Blank_Blank_Blank
DG(42:2)_C16:0,DAG,1782.860122680664,1915.020133972168,1846.1201248168945,1780.1401252746582,1800.800121307373,1752.440113067627,1852.8001327514648,1794.0201301574707,1853.960132598877,Group: D,Group: A,Group: D vs Group: A,4,4,Blank_Blank_Blank
DG(42:2)_C16:1,DAG,1925.8001327514648,1992.9401168823242,1919.6201438903809,2030.0801391601562,1934.3001289367676,1916.3201293945312,2130.080150604248,1943.1601295471191,2008.5001373291016,Group: D,Group: A,Group: D vs Group: A,4,4,Blank_Blank_Blank
DG(42:2)_C18:0,DAG,1815.7401123046875,1730.0801124572754,1856.9001197814941,1769.1201210021973,1898.7001304626465,1757.1801223754883,1849.1601295471191,1778.3801155090332,1842.5601272583008,Group: D,Group: A,Group: D vs Group: A,4,4,Blank_Blank_Blank
DG(42:2)_C18:1,DAG,2256.1001472473145,2226.860164642334,2645.74019241333,2305.7201614379883,2591.5401763916016,2470.0801849365234,2385.3801498413086,2143.5601539611816,2403.8801612854004,Group: D,Group: A,Group: D vs Group: A,4,4,Blank_Blank_Blank
DG(42:2)_C18:2,DAG,2541.6001892089844,2510.1801834106445,2532.4801712036133,2395.520160675049,2188.5001640319824,2386.1801567077637,2353.680164337158,2586.860195159912,2492.3801803588867,Group: D,Group: A,Group: D vs Group: A,4,4,Blank_Blank_Blank
DG(42:3)_C16:0,DAG,1767.6001319885254,1739.3801193237305,1748.520133972168,1772.620132446289,1801.640121459961,1770.1401252746582,1831.1401329040527,1803.5401229858398,1792.0201263427734,Group: D,Group: A,Group: D vs Group: A,4,4,Blank_Blank_Blank
DG(42:3)_C16:1,DAG,1946.2001342773438,1966.1601486206055,1918.2801322937012,1931.240135192871,2020.960132598877,1948.0201416015625,1933.7601280212402,1959.9601364135742,1943.9601249694824,Group: D,Group: A,Group: D vs Group: A,4,4,Blank_Blank_Blank
DG(42:3)_C18:0,DAG,1853.9201164245605,1735.8001098632812,1879.8401222229004,1821.5801315307617,1729.3401222229004,1755.0401153564453,1783.5001335144043,1739.2401275634766,1734.780128479004,Group: D,Group: A,Group: D vs Group: A,4,4,Blank_Blank_Blank
DG(42:3)_C18:1,DAG,1962.300136566162,1999.980136871338,2063.4601440429688,1947.6601486206055,2042.220127105713,2065.400135040283,1977.7601356506348,2098.7801551818848,1984.7001457214355,Group: D,Group: A,Group: D vs Group: A,4,4,Blank_Blank_Blank
DG(42:3)_C18:2,DAG,2225.2201614379883,2151.5801544189453,2226.8001747131348,2239.280143737793,2248.8001670837402,2487.7001953125,2295.0601654052734,2284.020164489746,2277.680160522461,Group: D,Group: A,Group: D vs Group: A,4,4,Blank_Blank_Blank
DG(42:4)_C16:0,DAG,1719.2601318359375,1823.4401092529297,1735.760124206543,1729.8401184082031,1739.58012008667,1757.4001274108887,1823.6401329040527,1750.4201126098633,1802.200122833252,Group: D,Group: A,Group: D vs Group: A,4,4,Blank_Blank_Blank
DG(42:4)_C16:1,DAG,1925.68013381958,1934.7801361083984,1946.7401390075684,2021.3201446533203,1975.400131225586,1942.8001174926758,1992.8201370239258,2004.1401329040527,1954.9201431274414,Group: D,Group: A,Group: D vs Group: A,4,4,Blank_Blank_Blank
DG(42:4)_C18:0,DAG,1784.2001190185547,1776.7401123046875,1737.0001220703125,1711.2001113891602,1769.700122833252,1738.880126953125,1744.1801300048828,1753.620132446289,1820.3801231384277,Group: D,Group: A,Group: D vs Group: A,4,4,Blank_Blank_Blank
DG(42:4)_C18:1,DAG,1976.3601188659668,2062.940139770508,2332.940174102783,1971.5801277160645,2011.0201530456543,2007.3601417541504,1968.3801345825195,1955.7801399230957,1943.8801345825195,Group: D,Group: A,Group: D vs Group: A,4,4,Blank_Blank_Blank
DG(42:4)_C18:2,DAG,2155.5401496887207,2131.0001487731934,2204.8001441955566,2261.0201683044434,2263.880157470703,2292.900161743164,2156.6001510620117,2340.800178527832,2254.880153656006,Group: D,Group: A,Group: D vs Group: A,4,4,Blank_Blank_Blank
DG(42:5)_C16:0,DAG,1898.3801307678223,1989.2601432800293,1935.7601280212402,1864.4201278686523,1898.6601257324219,2046.500144958496,2157.2401390075684,1825.0001106262207,1906.120132446289,Group: D,Group: A,Group: D vs Group: A,4,4,Blank_Blank_Blank
DG(42:5)_C16:1,DAG,2004.6401405334473,2011.2201347351074,1980.560146331787,2100.8401489257812,2031.6601371765137,1917.1801452636719,2096.2601470947266,1984.4201431274414,2010.7601432800293,Group: D,Group: A,Group: D vs Group: A,4,4,Blank_Blank_Blank
DG(42:5)_C18:0,DAG,2168.8001403808594,2286.9201622009277,2432.1001586914062,2161.240165710449,2543.0401725769043,2204.66015625,2246.9001502990723,2135.8401489257812,2230.5201568603516,Group: D,Group: A,Group: D vs Group: A,4,4,Blank_Blank_Blank
DG(42:5)_C18:1,DAG,1977.2001419067383,2008.0201454162598,2363.0601844787598,1968.4401397705078,2053.3601455688477,2087.9601440429688,1995.6801414489746,1967.1401405334473,2161.980152130127,Group: D,Group: A,Group: D vs Group: A,4,4,Blank_Blank_Blank
DG(42:5)_C18:2,DAG,2473.340171813965,2126.6201400756836,2287.100170135498,2213.7401695251465,2157.0201530456543,2296.3201599121094,2206.040153503418,2324.000171661377,2260.2001609802246,Group: D,Group: A,Group: D vs Group: A,4,4,Blank_Blank_Blank
DG(42:6)_C16:0,DAG,3344.7202224731445,4663.300319671631,3619.9002418518066,3279.860221862793,3939.6402740478516,4637.740341186523,5510.940353393555,4093.520305633545,4250.14030456543,Group: D,Group: A,Group: D vs Group: A,4,4,Blank_Blank_Blank
DG(42:6)_C16:1,DAG,1926.4001388549805,1923.960132598877,1964.1001358032227,2031.7601470947266,1957.460132598877,1944.220142364502,2012.1201400756836,1923.960132598877,2201.7401695251465,Group: D,Group: A,Group: D vs Group: A,4,4,Blank_Blank_Blank
DG(42:6)_C18:0,DAG,1851.6401176452637,2112.0001373291016,2077.660140991211,2181.2801666259766,1935.1401481628418,1910.9201316833496,1911.7601470947266,1822.8201293945312,2059.9601440429688,Group: D,Group: A,Group: D vs Group: A,4,4,Blank_Blank_Blank
DG(42:6)_C18:1,DAG,2031.2001419067383,2033.740146636963,2639.6601791381836,1908.8801307678223,2287.180160522461,2257.140151977539,2086.120143890381,2120.300148010254,1971.3401527404785,Group: D,Group: A,Group: D vs Group: A,4,4,Blank_Blank_Blank
DG(42:6)_C18:2,DAG,2195.8801612854004,2279.6201553344727,2181.600166320801,2297.080165863037,2116.2801513671875,2510.840171813965,2200.780158996582,2263.1001777648926,2205.860164642334,Group: D,Group: A,Group: D vs Group: A,4,4,Blank_Blank_Blank
"DG(42:7),DG(41:0)_C16:0",DAG,3101.3202323913574,3599.1202812194824,2839.840175628662,2601.7201919555664,3046.9402389526367,3276.580223083496,4013.9602851867676,3085.540214538574,3295.18025970459,Group: D,Group: A,Group: D vs Group: A,4,4,Blank_Blank_Blank
"DG(42:7),DG(41:0)_C16:1",DAG,1954.0801315307617,1939.1201248168945,2033.1401405334473,2268.3401641845703,2043.3401641845703,2093.0201454162598,2249.2801551818848,2006.3201293945312,2069.180145263672,Group: D,Group: A,Group: D vs Group: A,4,4,Blank_Blank_Blank
"DG(42:7),DG(41:0)_C18:0",DAG,2016.740146636963,2011.520133972168,2267.420166015625,2357.840156555176,2150.1601524353027,2390.820167541504,2167.1201782226562,1807.9001235961914,2335.940158843994,Group: D,Group: A,Group: D vs Group: A,4,4,Blank_Blank_Blank
"DG(42:7),DG(41:0)_C18:1",DAG,1986.0201416015625,2089.0201454162598,2382.3601608276367,2027.5601234436035,2139.5801544189453,2276.100166320801,2086.20015335083,2093.3201484680176,2185.240146636963,Group: D,Group: A,Group: D vs Group: A,4,4,Blank_Blank_Blank
"DG(42:7),DG(41:0)_C18:2",DAG,2246.5401573181152,2476.9601669311523,2299.260166168213,2593.1201782226562,2231.840160369873,2297.680145263672,2264.300163269043,2411.8001823425293,2226.20015335083,Group: D,Group: A,Group: D vs Group: A,4,4,Blank_Blank_Blank
"DG(42:8),DG(41:1)_C16:0",DAG,1799.8601264953613,2168.9001502990723,2046.3401260375977,2124.5401458740234,1906.18013381958,2179.1801567077637,1998.2001342773438,2067.8401374816895,1900.8801231384277,Group: D,Group: A,Group: D vs Group: A,4,4,Blank_Blank_Blank
"DG(42:8),DG(41:1)_C16:1",DAG,1976.740135192871,1949.68013381958,2072.8601417541504,2097.760154724121,2055.040138244629,2010.900146484375,2105.9401473999023,1980.0401458740234,2131.5001487731934,Group: D,Group: A,Group: D vs Group: A,4,4,Blank_Blank_Blank
"DG(42:8),DG(41:1)_C18:0",DAG,1848.3801345825195,1978.240146636963,1987.6201362609863,1857.1201095581055,1876.6201248168945,1783.7001342773438,1836.1001358032227,1721.5401191711426,1844.4001274108887,Group: D,Group: A,Group: D vs Group: A,4,4,Blank_Blank_Blank
"DG(42:8),DG(41:1)_C18:1",DAG,2084.5601387023926,2317.3601722717285,2638.9402046203613,2160.2601585388184,2834.76021194458,2451.5001678466797,2208.6001510620117,2129.760154724121,2316.9201622009277,Group: D,Group: A,Group: D vs Group: A,4,4,Blank_Blank_Blank
"DG(42:8),DG(41:1)_C18:2",DAG,2320.7401695251465,2423.3201751708984,2258.920154571533,2529.9201850891113,2154.3001594543457,2318.7801780700684,2302.22017288208,2557.8001823425293,2193.8401641845703,Group: D,Group: A,Group: D vs Group: A,4,4,Blank_Blank_Blank
"DG(42:9),DG(41:2)_C16:0",DAG,1958.9401397705078,2006.5401496887207,2089.780143737793,2001.8601455688477,1835.2801322937012,2153.9801445007324,2237.3001403808594,2179.8001441955566,1981.520149230957,Group: D,Group: A,Group: D vs Group: A,4,4,Blank_Blank_Blank
"DG(42:9),DG(41:2)_C16:1",DAG,2030.0401344299316,1951.0801315307617,2039.740135192871,2026.6001434326172,2059.9001502990723,1969.4401397705078,2077.5001487731934,1986.0801162719727,1985.6201438903809,Group: D,Group: A,Group: D vs Group: A,4,4,Blank_Blank_Blank
"DG(42:9),DG(41:2)_C18:0",DAG,1848.1201210021973,2070.0801544189453,1983.4601554870605,2010.1201362609863,2233.120174407959,2005.3201446533203,1877.6401443481445,1842.5201377868652,1787.6601257324219,Group: D,Group: A,Group: D vs Group: A,4,4,Blank_Blank_Blank
"DG(42:9),DG(41:2)_C18:1",DAG,2801.800205230713,2979.5802307128906,4184.160316467285,3019.600227355957,3731.86026763916,3737.1602745056152,2960.7401962280273,3069.8202323913574,3087.000228881836,Group: D,Group: A,Group: D vs Group: A,4,4,Blank_Blank_Blank
"DG(42:9),DG(41:2)_C18:2",DAG,3253.9602012634277,2721.880184173584,3232.1002159118652,2697.840175628662,2636.700180053711,3649.900260925293,2921.280200958252,2421.540168762207,3195.4202423095703,Group: D,Group: A,Group: D vs Group: A,4,4,Blank_Blank_Blank
DG(43:6)_C16:0,DAG,2487.260181427002,3625.820266723633,2938.320209503174,2604.0601768493652,2886.9402046203613,3262.680206298828,3769.86026763916,2927.100196838379,3222.7802352905273,Group: D,Group: A,Group: D vs Group: A,4,4,Blank_Blank_Blank
DG(43:6)_C16:1,DAG,1926.860122680664,1943.1801300048828,1974.9001235961914,1969.7001419067383,1924.3201484680176,1922.8601303100586,1950.3201446533203,1923.6601333618164,2001.880142211914,Group: D,Group: A,Group: D vs Group: A,4,4,Blank_Blank_Blank
DG(43:6)_C18:0,DAG,2014.4601440429688,1892.2001266479492,2088.3001441955566,1985.0601348876953,1992.9401245117188,2023.920150756836,1894.5001411437988,2079.160144805908,1997.7601623535156,Group: D,Group: A,Group: D vs Group: A,4,4,Blank_Blank_Blank
DG(43:6)_C18:1,DAG,1981.520133972168,1997.0401496887207,2059.7201347351074,1926.0001335144043,1995.6801452636719,2176.200149536133,2006.3601455688477,2005.2001495361328,1989.280128479004,Group: D,Group: A,Group: D vs Group: A,4,4,Blank_Blank_Blank
DG(43:6)_C18:2,DAG,2208.880153656006,2150.4001541137695,2239.180160522461,2139.480152130127,2145.960147857666,2205.1401405334473,2318.140167236328,2253.040168762207,2263.0001525878906,Group: D,Group: A,Group: D vs Group: A,4,4,Blank_Blank_Blank
"DG(44:10),DG(43:3)_C16:0",DAG,1729.180118560791,1804.460117340088,1746.720115661621,1830.7801322937012,1756.8201141357422,1715.6001167297363,1720.5201225280762,1715.680118560791,1719.6001319885254,Group: D,Group: A,Group: D vs Group: A,4,4,Blank_Blank_Blank
"DG(44:10),DG(43:3)_C16:1",DAG,1925.1801261901855,1967.5601348876953,1920.120132446289,1946.320140838623,1974.6601104736328,2061.1601524353027,2072.3601303100586,1979.7001342773438,1978.420124053955,Group: D,Group: A,Group: D vs Group: A,4,4,Blank_Blank_Blank
"DG(44:10),DG(43:3)_C18:0",DAG,1751.5801124572754,1753.360107421875,1741.3401336669922,1808.0201225280762,1838.120132446289,1927.300136566162,1802.1001243591309,1721.8601303100586,1828.7801361083984,Group: D,Group: A,Group: D vs Group: A,4,4,Blank_Blank_Blank
"DG(44:10),DG(43:3)_C18:1",DAG,1989.9801216125488,1974.8401527404785,2203.8801498413086,1929.2601318359375,2169.2601585388184,2192.720142364502,1984.4001235961914,2018.6001510620117,2073.860149383545,Group: D,Group: A,Group: D vs Group: A,4,4,Blank_Blank_Blank
"DG(44:10),DG(43:3)_C18:2",DAG,2258.120162963867,2134.1401405334473,2132.26016998291,2337.0401649475098,2297.800163269043,2646.4601974487305,2361.5401649475098,2537.8401679992676,2313.3001594543457,Group: D,Group: A,Group: D vs Group: A,4,4,Blank_Blank_Blank
"DG(44:11),DG(43:4)_C16:0",DAG,1754.2001190185547,1962.0401344299316,1764.360107421875,1814.64013671875,1790.1001091003418,1888.280117034912,1871.7201347351074,1799.700122833252,1737.3201179504395,Group: D,Group: A,Group: D vs Group: A,4,4,Blank_Blank_Blank
"DG(44:11),DG(43:4)_C16:1",DAG,2016.2001113891602,1978.1201248168945,1969.2001304626465,1932.8201332092285,1924.3801193237305,1986.6801452636719,2010.6201362609863,1925.1601295471191,1972.9001426696777,Group: D,Group: A,Group: D vs Group: A,4,4,Blank_Blank_Blank
"DG(44:11),DG(43:4)_C18:0",DAG,1711.7401161193848,1787.000129699707,1710.8001098632812,1770.0801239013672,1807.8201217651367,1812.8001289367676,1762.5601272583008,1763.8401260375977,1915.6001434326172,Group: D,Group: A,Group: D vs Group: A,4,4,Blank_Blank_Blank
"DG(44:11),DG(43:4)_C18:1",DAG,1957.4801330566406,2085.2801513671875,2367.4801635742188,1931.740119934082,1959.7001419067383,2163.6401405334473,2070.4401626586914,2023.900146484375,2020.9401512145996,Group: D,Group: A,Group: D vs Group: A,4,4,Blank_Blank_Blank
"DG(44:11),DG(43:4)_C18:2",DAG,2369.1001586914062,2135.4801445007324,2430.880172729492,2413.4801635742188,2247.2201499938965,2411.1001739501953,2368.920139312744,2405.920166015625,2407.6401710510254,Group: D,Group: A,Group: D vs Group: A,4,4,Blank_Blank_Blank
"DG(44:12),DG(43:5)_C16:0",DAG,1848.2001190185547,1882.1601219177246,1875.300121307373,1904.0601272583008,2014.620132446289,1990.720142364502,2038.600154876709,1806.5001182556152,1855.480125427246,Group: D,Group: A,Group: D vs Group: A,4,4,Blank_Blank_Blank
"DG(44:12),DG(43:5)_C16:1",DAG,2026.640121459961,2166.6401557922363,1947.9601402282715,2208.3601455688477,2090.240131378174,1997.8801460266113,2619.360164642334,2010.500156402588,2260.800151824951,Group: D,Group: A,Group: D vs Group: A,4,4,Blank_Blank_Blank
"DG(44:12),DG(43:5)_C18:0",DAG,1942.7201385498047,1799.700122833252,1826.3401260375977,1910.8601264953613,1805.2001342773438,1854.7001152038574,1755.280117034912,1934.9001235961914,1997.1001281738281,Group: D,Group: A,Group: D vs Group: A,4,4,Blank_Blank_Blank
"DG(44:12),DG(43:5)_C18:1",DAG,2000.6601295471191,1913.8401374816895,2102.620143890381,1990.9001350402832,2011.7201461791992,2030.6001281738281,1938.8201370239258,2028.6201515197754,1984.6001358032227,Group: D,Group: A,Group: D vs Group: A,4,4,Blank_Blank_Blank
"DG(44:12),DG(43:5)_C18:2",DAG,2323.560157775879,2110.300151824951,2255.9201698303223,2379.900173187256,2275.2201499938965,2493.3801612854004,2320.900161743164,2262.7001724243164,2454.6801681518555,Group: D,Group: A,Group: D vs Group: A,4,4,Blank_Blank_Blank
DG(44:3)_C16:0,DAG,1719.0801239013672,1764.6401176452637,1739.8601036071777,1809.0601272583008,1896.0401153564453,1829.6001205444336,1849.8801383972168,1762.0601272583008,1719.420108795166,Group: D,Group: A,Group: D vs Group: A,4,4,Blank_Blank_Blank
DG(44:3)_C16:1,DAG,1951.4601249694824,2023.6401252746582,1919.5201263427734,1978.14013671875,1989.320140838623,1952.9401245117188,1996.9401359558105,1923.900131225586,2017.6001319885254,Group: D,Group: A,Group: D vs Group: A,4,4,Blank_Blank_Blank
DG(44:3)_C18:0,DAG,1768.200122833252,1743.1001319885254,1787.0001258850098,1709.4601211547852,1799.8601264953613,1792.5601348876953,1745.6201210021973,1721.0801162719727,1801.4801292419434,Group: D,Group: A,Group: D vs Group: A,4,4,Blank_Blank_Blank
DG(44:3)_C18:1,DAG,1964.220142364502,1999.3401412963867,2371.8801803588867,1921.0201416015625,2052.300148010254,2073.440143585205,1987.3401527404785,2073.020149230957,1942.8401336669922,Group: D,Group: A,Group: D vs Group: A,4,4,Blank_Blank_Blank
DG(44:3)_C18:2,DAG,2237.7601737976074,2152.1801414489746,2233.3601684570312,2156.0201721191406,2141.0401458740234,2246.58016204834,2195.840160369873,2177.8201484680176,2202.620147705078,Group: D,Group: A,Group: D vs Group: A,4,4,Blank_Blank_Blank
DG(44:4)_C16:0,DAG,1755.6201095581055,1737.6801147460938,1713.920108795166,1784.6401329040527,1711.380111694336,1802.0001220703125,1808.4601249694824,1822.0001106262207,1745.5001220703125,Group: D,Group: A,Group: D vs Group: A,4,4,Blank_Blank_Blank
DG(44:4)_C16:1,DAG,1927.5201148986816,1930.9401206970215,1919.3601341247559,2022.3401489257812,1924.6401329040527,1916.6401329040527,2032.2201385498047,2058.7201538085938,1930.5601387023926,Group: D,Group: A,Group: D vs Group: A,4,4,Blank_Blank_Blank
DG(44:4)_C18:0,DAG,1845.9401206970215,1718.980125427246,1757.3801193237305,1816.3201293945312,1808.9001235961914,1778.020133972168,1793.8801231384277,1759.5401420593262,1757.2201232910156,Group: D,Group: A,Group: D vs Group: A,4,4,Blank_Blank_Blank
DG(44:4)_C18:1,DAG,1934.6801261901855,1968.8401374816895,2183.06014251709,1906.380126953125,1993.4201316833496,1970.300136566162,1939.480125427246,1926.4801292419434,1970.3401222229004,Group: D,Group: A,Group: D vs Group: A,4,4,Blank_Blank_Blank
DG(44:4)_C18:2,DAG,2246.5801734924316,2229.420166015625,2239.1801567077637,2196.1801528930664,2363.6401748657227,2475.0801734924316,2307.3601608276367,2358.3601570129395,2384.1801567077637,Group: D,Group: A,Group: D vs Group: A,4,4,Blank_Blank_Blank
DG(44:5)_C16:0,DAG,1823.4001274108887,1974.2601470947266,1877.5601196289062,1893.980136871338,1770.420108795166,1933.18013381958,2097.2601432800293,1874.2801322937012,2055.360153198242,Group: D,Group: A,Group: D vs Group: A,4,4,Blank_Blank_Blank
DG(44:5)_C16:1,DAG,2024.0401344299316,1999.6801376342773,1919.64013671875,2051.660140991211,1942.0801277160645,1916.1401405334473,1920.0401344299316,1924.6401329040527,1978.1401329040527,Group: D,Group: A,Group: D vs Group: A,4,4,Blank_Blank_Blank
DG(44:5)_C18:0,DAG,1711.6201171875,1857.7201194763184,1816.4601287841797,1779.8601150512695,1794.6401252746582,1776.3601341247559,1768.2401123046875,1839.7401313781738,1847.4001235961914,Group: D,Group: A,Group: D vs Group: A,4,4,Blank_Blank_Blank
DG(44:5)_C18:1,DAG,1959.1601448059082,1974.4801597595215,2279.640151977539,1923.8401336669922,2104.9601516723633,2044.3201370239258,1923.3601341247559,1974.1401481628418,1964.0601387023926,Group: D,Group: A,Group: D vs Group: A,4,4,Blank_Blank_Blank
DG(44:5)_C18:2,DAG,2128.4001502990723,2201.2001571655273,2341.980155944824,2209.9801635742188,2191.1201515197754,2249.8601570129395,2213.2001571655273,2224.900173187256,2510.6201705932617,Group: D,Group: A,Group: D vs Group: A,4,4,Blank_Blank_Blank
DG(44:6)_C16:0,DAG,3157.5002212524414,4650.500316619873,3021.7402114868164,3132.8602409362793,3110.320213317871,3535.8402252197266,4869.960338592529,3047.2402305603027,3974.80029296875,Group: D,Group: A,Group: D vs Group: A,4,4,Blank_Blank_Blank
DG(44:6)_C16:1,DAG,1954.520133972168,1967.4401321411133,1945.8201332092285,1956.2401390075684,2029.6601333618164,1917.0801277160645,1933.9401321411133,2046.9401321411133,1995.3401489257812,Group: D,Group: A,Group: D vs Group: A,4,4,Blank_Blank_Blank
DG(44:6)_C18:0,DAG,2151.860149383545,2073.460147857666,2271.7801551818848,2368.6401596069336,2484.8801765441895,2188.320171356201,2170.3001594543457,1972.060146331787,2233.20015335083,Group: D,Group: A,Group: D vs Group: A,4,4,Blank_Blank_Blank
DG(44:6)_C18:1,DAG,2027.3001441955566,1990.0801467895508,2075.0801391601562,1905.320125579834,2108.3001403808594,2000.440143585205,2050.220142364502,1944.0001373291016,1989.980136871338,Group: D,Group: A,Group: D vs Group: A,4,4,Blank_Blank_Blank
DG(44:6)_C18:2,DAG,2121.5401611328125,2206.840133666992,2165.3001441955566,2228.8401489257812,2148.860149383545,2413.480167388916,2295.1801567077637,2175.4201583862305,2412.460178375244,Group: D,Group: A,Group: D vs Group: A,4,4,Blank_Blank_Blank
"DG(44:7),DG(43:0)_C16:1",DAG,1978.280128479004,2101.1801261901855,2086.3801345825195,2066.14013671875,2020.340145111084,1985.8001403808594,2036.5601196289062,2056.1401329040527,2196.12015914917,Group: D,Group: A,Group: D vs Group: A,4,4,Blank_Blank_Blank
"DG(44:7),DG(43:0)_C18:1",DAG,2099.4001541137695,2171.9201583862305,2673.2601890563965,2111.1601371765137,2499.7601776123047,2669.440185546875,2290.9201583862305,2197.3601608276367,2096.5001487731934,Group: D,Group: A,Group: D vs Group: A,4,4,Blank_Blank_Blank
"DG(44:7),DG(43:0)_C18:2",DAG,2163.0201568603516,2171.5201416015625,2180.7201538085938,2261.9201583862305,2135.200138092041,2447.8001861572266,2240.960163116455,2228.4201583862305,2177.800151824951,Group: D,Group: A,Group: D vs Group: A,4,4,Blank_Blank_Blank
"DG(44:8),DG(43:1)_C18:2",DAG,2169.4201622009277,2161.7401428222656,2251.960178375244,2171.6801414489746,2250.1001510620117,2187.800151824951,2187.580165863037,2301.0801696777344,2305.3801498413086,Group: D,Group: A,Group: D vs Group: A,4,4,Blank_Blank_Blank
"DG(44:9),DG(43:2)_C16:0",DAG,1800.0401229858398,1779.08012008667,1827.5601196289062,1926.5801315307617,1945.9801292419434,1978.9401473999023,1942.5001525878906,1956.3201332092285,1913.380126953125,Group: D,Group: A,Group: D vs Group: A,4,4,Blank_Blank_Blank
"DG(44:9),DG(43:2)_C16:1",DAG,1947.3601341247559,2018.300136566162,1962.8401412963867,1930.1201438903809,1967.000129699707,1934.480125427246,2176.2201538085938,1930.7801246643066,2038.2001304626465,Group: D,Group: A,Group: D vs Group: A,4,4,Blank_Blank_Blank
"DG(44:9),DG(43:2)_C18:0",DAG,1760.9401206970215,1764.4401168823242,1789.520107269287,1815.5801315307617,1832.9201278686523,1761.1601295471191,1754.7401237487793,1739.9001274108887,1773.2201309204102,Group: D,Group: A,Group: D vs Group: A,4,4,Blank_Blank_Blank
"DG(44:9),DG(43:2)_C18:1",DAG,1979.8601303100586,2069.660144805908,2620.0801849365234,2122.6401557922363,2132.9001541137695,2209.260154724121,2219.3801651000977,2204.1801376342773,2026.9201393127441,Group: D,Group: A,Group: D vs Group: A,4,4,Blank_Blank_Blank
"DG(44:9),DG(43:2)_C18:2",DAG,2285.240165710449,2368.2201805114746,2402.440185546875,2361.0401725769043,2232.7401695251465,2403.760166168213,2211.1001586914062,2370.660167694092,2327.3601570129395,Group: D,Group: A,Group: D vs Group: A,4,4,Blank_Blank_Blank
"DG(O-38:8),DG(36:1)_C16:0",DAG,2033.6001434326172,2602.3001823425293,1958.5001373291016,1978.4201583862305,1979.1801414489746,2178.3801651000977,2592.4802017211914,2337.020164489746,2407.7601737976074,Group: D,Group: A,Group: D vs Group: A,4,4,Blank_Blank_Blank
"DG(O-38:8),DG(36:1)_C16:1",DAG,2217.5801544189453,2242.4201698303223,2060.8601417541504,2469.1401863098145,2183.720169067383,2279.8801612854004,2307.2201538085938,2113.8201293945312,2027.780128479004,Group: D,Group: A,Group: D vs Group: A,4,4,Blank_Blank_Blank
"DG(O-38:8),DG(36:1)_C18:0",DAG,2379.4601821899414,4364.400321960449,3646.360294342041,3818.5403327941895,2523.1401901245117,3398.4202270507812,2633.9801712036133,3201.9202194213867,2031.4201469421387,Group: D,Group: A,Group: D vs Group: A,4,4,Blank_Blank_Blank
"DG(O-38:8),DG(36:1)_C18:1",DAG,3422.2402381896973,4378.960311889648,7300.940547943115,4728.800315856934,4042.38032913208,6767.560527801514,5185.580371856689,8066.460548400879,3831.0002365112305,Group: D,Group: A,Group: D vs Group: A,4,4,Blank_Blank_Blank
"DG(O-38:8),DG(36:1)_C18:2",DAG,2249.9601554870605,2309.020164489746,2206.5801582336426,2564.4201889038086,2437.7801780700684,2573.200168609619,2345.200168609619,2435.480182647705,2302.980178833008,Group: D,Group: A,Group: D vs Group: A,4,4,Blank_Blank_Blank
"DG(O-38:9),DG(36:2)_C16:0",DAG,2576.100200653076,2967.7002296447754,2399.5601692199707,2452.960178375244,2334.2601585388184,3001.7002029418945,3361.620246887207,2332.400161743164,2750.920192718506,Group: D,Group: A,Group: D vs Group: A,4,4,Blank_Blank_Blank
"DG(O-38:9),DG(36:2)_C16:1",DAG,1884.7001266479492,2061.06014251709,1989.2801399230957,2055.0801391601562,1947.6201286315918,1881.7401428222656,2063.780132293701,2040.2201347351074,1938.3601341247559,Group: D,Group: A,Group: D vs Group: A,4,4,Blank_Blank_Blank
"DG(O-38:9),DG(36:2)_C18:0",DAG,3570.30025100708,8257.54069519043,6791.000457763672,9710.04076385498,3067.5001907348633,5520.820499420166,3384.540237426758,3172.1002197265625,1826.8601303100586,Group: D,Group: A,Group: D vs Group: A,4,4,Blank_Blank_Blank
"DG(O-38:9),DG(36:2)_C18:1",DAG,16440.781002044678,16381.600708007812,45696.98342514038,27009.221702575684,19027.781440734863,39525.903060913086,26040.46216583252,102869.86731338501,2566.5601692199707,Group: D,Group: A,Group: D vs Group: A,4,4,Blank_Blank_Blank
"DG(O-38:9),DG(36:2)_C18:2",DAG,5140.0003662109375,8825.380737304688,5744.400367736816,15203.341041564941,4013.340286254883,9773.220497131348,4979.300384521484,9821.460720062256,2931.0802040100098,Group: D,Group: A,Group: D vs Group: A,4,4,Blank_Blank_Blank
"DG(O-40:9),DG(38:2)_C16:0",DAG,1768.2801208496094,1883.9001274108887,1772.280101776123,1758.6601333618164,1803.8401260375977,1851.7001304626465,1924.8401527404785,1748.860122680664,1762.3001136779785,Group: D,Group: A,Group: D vs Group: A,4,4,Blank_Blank_Blank
"DG(O-40:9),DG(38:2)_C16:1",DAG,1962.4601402282715,1992.000144958496,1941.040126800537,2057.860134124756,1925.300136566162,1944.0001220703125,2059.460136413574,1930.6801300048828,1938.220127105713,Group: D,Group: A,Group: D vs Group: A,4,4,Blank_Blank_Blank
"DG(O-40:9),DG(38:2)_C18:0",DAG,2009.820156097412,2046.0401420593262,2096.1601638793945,2028.560146331787,2164.3601455688477,2113.5201568603516,1985.520133972168,2204.5201454162598,2058.720146179199,Group: D,Group: A,Group: D vs Group: A,4,4,Blank_Blank_Blank
"DG(O-40:9),DG(38:2)_C18:1",DAG,2347.200168609619,2588.560199737549,3786.720245361328,2786.8401947021484,2905.9602088928223,3337.380256652832,3044.7202186584473,4165.020278930664,2186.300148010254,Group: D,Group: A,Group: D vs Group: A,4,4,Blank_Blank_Blank
"DG(O-40:9),DG(38:2)_C18:2",DAG,4911.30037689209,5442.260372161865,5013.060344696045,7890.780529022217,3220.580249786377,5247.800327301025,2901.6202125549316,5039.74031829834,2391.3401641845703,Group: D,Group: A,Group: D vs Group: A,4,4,Blank_Blank_Blank
"DG(dO-38:9),DG(35:2)_C16:0",DAG,1832.1401443481445,1931.1601333618164,1853.6001205444336,1923.300136566162,1936.7201347351074,1963.020133972168,2312.7001571655273,1997.8601188659668,1910.2801208496094,Group: D,Group: A,Group: D vs Group: A,4,4,Blank_Blank_Blank
"DG(dO-38:9),DG(35:2)_C16:1",DAG,1912.1001243591309,1941.9801406860352,1923.260124206543,2183.2801628112793,2015.8001441955566,1917.880142211914,2096.9401245117188,1903.9601516723633,1948.5601387023926,Group: D,Group: A,Group: D vs Group: A,4,4,Blank_Blank_Blank
"DG(dO-38:9),DG(35:2)_C18:0",DAG,1860.3601188659668,1818.9401321411133,1855.4001197814941,1834.2401275634766,1840.7401275634766,1842.6401329040527,1890.9401245117188,1727.2401237487793,1816.800121307373,Group: D,Group: A,Group: D vs Group: A,4,4,Blank_Blank_Blank
"DG(dO-38:9),DG(35:2)_C18:1",DAG,2129.200149536133,2076.2201538085938,3323.4402465820312,1993.2601432800293,2359.9201736450195,2501.8801765441895,2427.280170440674,2388.6601791381836,2033.2801322937012,Group: D,Group: A,Group: D vs Group: A,4,4,Blank_Blank_Blank
"DG(dO-38:9),DG(35:2)_C18:2",DAG,3012.7001953125,2857.660213470459,2770.780200958252,3318.80020904541,2622.3801918029785,3451.1402587890625,2634.020195007324,2799.820209503174,2838.340190887451,Group: D,Group: A,Group: D vs Group: A,4,4,Blank_Blank_Blank
FA(10:0) | FA(10:0),FA,88248.20629882812,82420.28540039062,111460.64929199219,85832.92517089844,63391.464935302734,57017.083984375,79715.86535644531,67332.82482910156,67268.24438476562,Group: D,Group: A,Group: D vs Group: A,4,4,Blank_Blank_Blank
FA(10:1),FA,116648.68771362305,99813.56726074219,105953.44757080078,89042.56677246094,105407.80853271484,78402.60546875,122507.90893554688,93064.98596191406,79815.0859375,Group: D,Group: A,Group: D vs Group: A,4,4,Blank_Blank_Blank
FA(10:2),FA,26745.462127685547,24388.561645507812,30802.442428588867,23065.181671142578,41317.74255371094,36955.86294555664,261395.38305664062,174212.23052978516,39247.883361816406,Group: D,Group: A,Group: D vs Group: A,4,4,Blank_Blank_Blank
FA(10:3),FA,93024.26635742188,77798.08410644531,118147.09033203125,73790.24438476562,259393.22338867188,170665.03326416016,2873463.135986328,2384679.0290527344,266581.8589477539,Group: D,Group: A,Group: D vs Group: A,4,4,Blank_Blank_Blank
FA(10:4),FA,298908.40423583984,192507.7332763672,175061.4912109375,175669.69360351562,367390.2868041992,154508.0506591797,424861.84814453125,313641.4406738281,202643.0341796875,Group: D,Group: A,Group: D vs Group: A,4,4,Blank_Blank_Blank
FA(10:5),FA,239458.7368774414,107412.94860839844,107089.66674804688,90361.40551757812,341539.0827636719,93071.92602539062,364208.8229980469,263953.7177734375,124404.22937011719,Group: D,Group: A,Group: D vs Group: A,4,4,Blank_Blank_Blank
FA(10:6),FA,179789.5322265625,160444.6512451172,278914.6790161133,219854.43798828125,143668.38885498047,194088.07360839844,194642.7127685547,177477.85223388672,106712.76696777344,Group: D,Group: A,Group: D vs Group: A,4,4,Blank_Blank_Blank
FA(11:0),FA,57259.38488769531,51723.32385253906,60968.7841796875,51664.26385498047,55846.42443847656,84928.42572021484,68017.26495361328,74572.36596679688,54637.8837890625,Group: D,Group: A,Group: D vs Group: A,4,4,Blank_Blank_Blank
FA(11:1),FA,100059.92810058594,93913.02575683594,106032.0482788086,113659.42877197266,150604.21130371094,342663.5828857422,163584.17028808594,249607.67846679688,101554.00646972656,Group: D,Group: A,Group: D vs Group: A,4,4,Blank_Blank_Blank
FA(11:2),FA,179484.5948486328,118765.08911132812,113119.92749023438,90300.36669921875,413373.8298339844,876033.0407714844,289940.6193847656,620200.2646484375,151429.0498046875,Group: D,Group: A,Group: D vs Group: A,4,4,Blank_Blank_Blank
FA(11:6),FA,902804.5,1193759.1435546875,1035535.2026367188,808200.0185546875,729034.7072753906,527131.5197753906,1154596.8046875,837370.7709960938,610018.3891601562,Group: D,Group: A,Group: D vs Group: A,4,4,Blank_Blank_Blank
FA(12:0),FA,123123.00854492188,121504.64929199219,114235.96789550781,98107.54718017578,87263.58612060547,66407.08508300781,103308.82739257812,78327.68603515625,63428.92449951172,Group: D,Group: A,Group: D vs Group: A,4,4,Blank_Blank_Blank
FA(12:1),FA,257403.7783203125,249684.73901367188,238529.017578125,212987.31665039062,87600.36669921875,58764.283752441406,92458.78704833984,80019.06549072266,63947.4248046875,Group: D,Group: A,Group: D vs Group: A,4,4,Blank_Blank_Blank
FA(12:2),FA,53299.364013671875,52305.64370727539,54341.54364013672,45624.683044433594,40081.64291381836,44546.723388671875,47130.60333251953,39465.98287963867,44023.34338378906,Group: D,Group: A,Group: D vs Group: A,4,4,Blank_Blank_Blank
FA(12:4),FA,149294.08880615234,59700.28405761719,53055.78350830078,45955.263122558594,84950.32647705078,76483.58581542969,75503.76599121094,60228.424377441406,79998.92553710938,Group: D,Group: A,Group: D vs Group: A,4,4,Blank_Blank_Blank
FA(12:5),FA,68048.28564453125,66300.34436035156,84257.9453125,86152.2268371582,61735.64407348633,46433.16290283203,70827.1646118164,62920.58435058594,37399.58248901367,Group: D,Group: A,Group: D vs Group: A,4,4,Blank_Blank_Blank
FA(12:6),FA,103568.98809814453,102696.92761230469,112638.82824707031,90612.70617675781,86540.60498046875,93004.56677246094,118767.28771972656,102083.30743408203,83656.48617553711,Group: D,Group: A,Group: D vs Group: A,4,4,Blank_Blank_Blank
FA(13:0) | FA(14:7),FA,192913.99609375,141226.8504638672,118681.98797607422,129895.98815917969,178316.8516845703,135199.28930664062,216804.83569335938,157439.71264648438,143156.14923095703,Group: D,Group: A,Group: D vs Group: A,4,4,Blank_Blank_Blank
FA(13:0) | FA(14:7)_2,FA,188441.07495117188,136304.47003173828,131056.84997558594,117726.38891601562,173641.99389648438,129189.42956542969,208706.3553466797,155968.77087402344,139653.36975097656,Group: D,Group: A,Group: D vs Group: A,4,4,Blank_Blank_Blank
FA(13:1),FA,220008.1552734375,270903.8377685547,311036.6826171875,214489.87243652344,301436.24462890625,62246.944885253906,520917.099609375,350569.2424316406,69181.90466308594,Group: D,Group: A,Group: D vs Group: A,4,4,Blank_Blank_Blank
FA(13:2),FA,59931.604553222656,60763.00421142578,59091.42468261719,54669.104095458984,49996.883239746094,53540.38391113281,67899.52471923828,50650.523681640625,62114.284240722656,Group: D,Group: A,Group: D vs Group: A,4,4,Blank_Blank_Blank
FA(14:0),FA,121413.42895507812,104223.02709960938,96537.14709472656,79812.72607421875,93357.08740234375,111389.06713867188,109383.00769042969,107941.98721313477,75899.62548828125,Group: D,Group: A,Group: D vs Group: A,4,4,Blank_Blank_Blank
FA(14:1),FA,231245.09887695312,145186.11083984375,151293.05041503906,129519.32775878906,147128.6484375,145173.7713623047,573164.7746582031,294363.0626220703,98207.28784179688,Group: D,Group: A,Group: D vs Group: A,4,4,Blank_Blank_Blank
FA(14:2),FA,432693.5300292969,443251.17333984375,505456.455078125,391766.02783203125,394406.9296875,392010.20263671875,3813875.0881347656,3763927.862060547,708288.3781738281,Group: D,Group: A,Group: D vs Group: A,4,4,Blank_Blank_Blank
FA(14:4),FA,447578.93225097656,400603.52307128906,335635.72216796875,308165.0604248047,213679.09259033203,120537.7290649414,264757.1960449219,154533.3291015625,62819.00408935547,Group: D,Group: A,Group: D vs Group: A,4,4,Blank_Blank_Blank
FA(14:5),FA,242835.9171142578,120251.9091796875,108039.82702636719,94423.4867553711,275945.1403808594,149277.32946777344,262954.65869140625,202235.59399414062,72728.24530029297,Group: D,Group: A,Group: D vs Group: A,4,4,Blank_Blank_Blank
FA(14:6),FA,570735.1752929688,142519.79077148438,126897.32958984375,111437.40893554688,697799.1112060547,90679.20611572266,661838.9653320312,396432.84521484375,94951.10638427734,Group: D,Group: A,Group: D vs Group: A,4,4,Blank_Blank_Blank
FA(15:0) | FA(16:7),FA,483165.17333984375,506830.4162597656,562075.7377929688,454209.1123046875,217898.5958251953,133202.6895751953,679671.3134765625,516211.5715332031,195959.6728515625,Group: D,Group: A,Group: D vs Group: A,4,4,Blank_Blank_Blank
FA(15:0) | FA(16:7)_2,FA,471412.41650390625,465919.81005859375,514460.09033203125,393689.60888671875,194811.17211914062,141519.25061035156,718490.2155761719,539234.6767578125,204789.1513671875,Group: D,Group: A,Group: D vs Group: A,4,4,Blank_Blank_Blank
FA(15:1),FA,122138.7290649414,115935.90808105469,132328.62890625,86893.48645019531,177345.634765625,165433.11096191406,3280506.700317383,2366154.1364746094,356990.0810546875,Group: D,Group: A,Group: D vs Group: A,4,4,Blank_Blank_Blank
FA(15:2),FA,50480.923889160156,47432.56314086914,58837.56442260742,48084.20309448242,34739.84240722656,45724.52313232422,47492.86364746094,42066.80270385742,40670.042907714844,Group: D,Group: A,Group: D vs Group: A,4,4,Blank_Blank_Blank
FA(15:3),FA,39502.822692871094,40449.86291503906,41517.64288330078,35936.34246826172,31177.742218017578,63300.04455566406,35951.662506103516,47383.6037902832,37443.12255859375,Group: D,Group: A,Group: D vs Group: A,4,4,Blank_Blank_Blank
FA(15:5),FA,48507.34387207031,48171.88342285156,53605.983947753906,45976.76287841797,36118.36260986328,58002.34457397461,47562.763122558594,45156.04299926758,48497.843322753906,Group: D,Group: A,Group: D vs Group: A,4,4,Blank_Blank_Blank
FA(15:6),FA,64989.00439453125,63250.56427001953,65334.54425048828,52312.543518066406,53827.84405517578,64147.74450683594,62166.92419433594,60232.74362182617,46515.003173828125,Group: D,Group: A,Group: D vs Group: A,4,4,Blank_Blank_Blank
FA(16:0),FA,601573.5649414062,586109.4819335938,774165.7749023438,562807.0385742188,352079.166015625,429548.9128417969,770469.595703125,654028.2863769531,656644.7001953125,Group: D,Group: A,Group: D vs Group: A,4,4,Blank_Blank_Blank
FA(16:1),FA,120646.16882324219,119876.76721191406,137464.46923828125,115580.1083984375,61379.76446533203,79839.90576171875,180523.45281982422,136675.09024047852,92734.7261352539,Group: D,Group: A,Group: D vs Group: A,4,4,Blank_Blank_Blank
FA(16:2),FA,55823.383728027344,52759.48358154297,58129.484466552734,45310.863220214844,37807.00256347656,51586.723541259766,60159.26434326172,56832.16342163086,60013.34411621094,Group: D,Group: A,Group: D vs Group: A,4,4,Blank_Blank_Blank
FA(16:3),FA,2213030.2919921875,2013021.53515625,2015808.962890625,1765062.68359375,1866669.0166015625,1827966.6557617188,2202209.0078125,1817730.4453125,2087672.783203125,Group: D,Group: A,Group: D vs Group: A,4,4,Blank_Blank_Blank
FA(16:4),FA,58774.66390991211,55736.92431640625,61980.18441772461,48616.90283203125,43101.16271972656,102653.44647216797,50643.563415527344,126979.64962768555,55413.00439453125,Group: D,Group: A,Group: D vs Group: A,4,4,Blank_Blank_Blank
FA(16:5),FA,141769.98931884766,197660.73211669922,260074.8204345703,204026.13424682617,45351.28332519531,97576.4252319336,61644.72448730469,115021.61083984375,56505.084075927734,Group: D,Group: A,Group: D vs Group: A,4,4,Blank_Blank_Blank
FA(16:6),FA,115169.74890136719,117546.98718261719,128377.06854248047,96410.30700683594,80087.70611572266,88644.28582763672,132145.55017089844,106719.28698730469,105269.04895019531,Group: D,Group: A,Group: D vs Group: A,4,4,Blank_Blank_Blank
FA(17:0) | FA(18:7),FA,115275.54858398438,102793.08715820312,119057.4482421875,89695.94659423828,84744.06561279297,102528.00634765625,120427.14862060547,109170.70849609375,139069.00830078125,Group: D,Group: A,Group: D vs Group: A,4,4,Blank_Blank_Blank
FA(17:0) | FA(18:7)_2,FA,111515.18896484375,114878.70861816406,125764.46887207031,92626.38623046875,89567.88659667969,113205.72778320312,126325.48919677734,111660.78601074219,149549.970703125,Group: D,Group: A,Group: D vs Group: A,4,4,Blank_Blank_Blank
FA(17:1),FA,99819.8070678711,86392.98565673828,98133.1669921875,75443.02600097656,59046.48406982422,75545.36584472656,93923.88623046875,81466.76623535156,92384.18621826172,Group: D,Group: A,Group: D vs Group: A,4,4,Blank_Blank_Blank
FA(17:2),FA,615180.0622558594,542439.4174804688,514172.033203125,408332.05029296875,429030.0505371094,575790.8442382812,547086.4614257812,411837.52587890625,649176.7104492188,Group: D,Group: A,Group: D vs Group: A,4,4,Blank_Blank_Blank
FA(17:3),FA,72727.14489746094,68281.0845336914,74941.32446289062,58243.164123535156,71452.16494750977,75115.28540039062,93175.24743652344,74831.76501464844,87797.98565673828,Group: D,Group: A,Group: D vs Group: A,4,4,Blank_Blank_Blank
FA(17:4),FA,55228.82360839844,49882.24362182617,64148.88494873047,44705.562927246094,40368.422622680664,49072.983001708984,54560.523681640625,50998.203552246094,58374.50436401367,Group: D,Group: A,Group: D vs Group: A,4,4,Blank_Blank_Blank
FA(17:6),FA,81342.76550292969,85583.30548095703,95934.54864501953,71802.6449584961,45728.64337158203,62558.844482421875,96813.34594726562,80416.98510742188,102428.16735839844,Group: D,Group: A,Group: D vs Group: A,4,4,Blank_Blank_Blank
FA(18:0),FA,712716.7895507812,664673.470703125,746630.0654296875,571466.0336914062,459354.728515625,545037.818359375,858343.201171875,469767.75390625,659511.890625,Group: D,Group: A,Group: D vs Group: A,4,4,Blank_Blank_Blank
FA(18:1),FA,595784.9985351562,675275.5895996094,810753.3422851562,891549.5407714844,220864.59619140625,316648.65869140625,562298.5451660156,292115.7000732422,268179.5217285156,Group: D,Group: A,Group: D vs Group: A,4,4,Blank_Blank_Blank
FA(18:2),FA,582636.0471191406,695296.3441162109,959359.1951904297,1310184.0480957031,207997.517578125,310455.9208984375,487558.4465332031,233555.11877441406,205544.7752685547,Group: D,Group: A,Group: D vs Group: A,4,4,Blank_Blank_Blank
FA(18:3),FA,116321.68762207031,124458.90795898438,160762.14923095703,171626.55364990234,76753.38580322266,77634.74499511719,169125.49450683594,116537.30813598633,70821.52520751953,Group: D,Group: A,Group: D vs Group: A,4,4,Blank_Blank_Blank
FA(18:4),FA,52226.2236328125,51089.18395996094,59376.48455810547,51171.46337890625,39540.882873535156,50289.003662109375,56536.403900146484,44690.22296142578,53134.68374633789,Group: D,Group: A,Group: D vs Group: A,4,4,Blank_Blank_Blank
FA(18:5),FA,77628.44470214844,78361.36505126953,91452.7661743164,74796.66522216797,44462.463134765625,60686.16387939453,68382.52453613281,53716.483947753906,66884.30514526367,Group: D,Group: A,Group: D vs Group: A,4,4,Blank_Blank_Blank
FA(18:6),FA,100965.08728027344,111337.3876953125,148259.4307861328,103563.16778564453,67669.3646850586,92150.68676757812,117733.92810058594,116623.80578613281,129037.76983642578,Group: D,Group: A,Group: D vs Group: A,4,4,Blank_Blank_Blank
FA(19:0),FA,2246736.130859375,1954945.013671875,1913946.48828125,1534673.46875,1713312.0322265625,1945046.78515625,2608608.74609375,1563228.015625,1992892.88671875,Group: D,Group: A,Group: D vs Group: A,4,4,Blank_Blank_Blank
FA(19:1),FA,136142.39025878906,122611.82739257812,136144.7091064453,102737.50842285156,88544.82623291016,103455.98803710938,126592.25036621094,84291.64611816406,121602.1484375,Group: D,Group: A,Group: D vs Group: A,4,4,Blank_Blank_Blank
FA(19:2),FA,474785.5107421875,401473.04931640625,388560.8232421875,302023.681640625,305045.8010253906,401086.568359375,434724.369140625,269995.1198730469,469164.25,Group: D,Group: A,Group: D vs Group: A,4,4,Blank_Blank_Blank
FA(19:4),FA,220736.85192871094,186024.4341430664,126816.40954589844,116269.4683227539,128573.22772216797,185404.31256103516,223657.11401367188,174585.61212158203,293226.3605957031,Group: D,Group: A,Group: D vs Group: A,4,4,Blank_Blank_Blank
FA(19:5),FA,76971.84564208984,73351.54553222656,81777.32507324219,66399.04461669922,57643.323638916016,67684.56481933594,88564.36682128906,61846.70474243164,94303.02716064453,Group: D,Group: A,Group: D vs Group: A,4,4,Blank_Blank_Blank
FA(19:6),FA,145400.13159179688,137028.07067871094,149786.9512939453,112950.3486328125,91260.82702636719,119932.14868164062,179256.1318359375,100060.60760498047,188139.77209472656,Group: D,Group: A,Group: D vs Group: A,4,4,Blank_Blank_Blank
FA(20:0),FA,6682120.32421875,5754580.55859375,5732825.8203125,4677376.265625,5111629.9111328125,6059944.365234375,6026175.546875,4558900.666015625,6281187.265625,Group: D,Group: A,Group: D vs Group: A,4,4,Blank_Blank_Blank
FA(20:1),FA,195087.71264648438,179487.49267578125,201284.87365722656,164045.05114746094,137811.39135742188,164745.31005859375,176257.53186035156,122249.20947265625,169722.55224609375,Group: D,Group: A,Group: D vs Group: A,4,4,Blank_Blank_Blank
FA(20:2),FA,126733.76879882812,118916.93005371094,144041.2303466797,120845.40856933594,95504.32641601562,107024.80688476562,116541.10778808594,81406.56567382812,138493.5682373047,Group: D,Group: A,Group: D vs Group: A,4,4,Blank_Blank_Blank
FA(20:3),FA,171046.07250976562,161721.60998535156,204775.5108642578,206920.93627929688,97968.30639648438,92243.50592041016,138737.9691772461,86315.20611572266,115523.02819824219,Group: D,Group: A,Group: D vs Group: A,4,4,Blank_Blank_Blank
FA(20:4),FA,528701.2777099609,620686.1780090332,802187.9240722656,986597.8179321289,122007.44622802734,135895.43133544922,257850.5776977539,93717.9065246582,69211.10540771484,Group: D,Group: A,Group: D vs Group: A,4,4,Blank_Blank_Blank
FA(20:5),FA,162787.75329589844,168068.72903442383,234668.99755859375,235242.5750732422,89477.78643798828,129448.208984375,157947.8516845703,87148.82696533203,121208.64904785156,Group: D,Group: A,Group: D vs Group: A,4,4,Blank_Blank_Blank
FA(20:6),FA,267975.77868652344,238480.75720214844,266283.3801269531,189230.15502929688,193022.85546875,213774.615234375,417155.4645996094,219002.01171875,334103.0441894531,Group: D,Group: A,Group: D vs Group: A,4,4,Blank_Blank_Blank
FA(21:0),FA,5045629.5859375,4626943.1953125,4528448.19140625,3922040.0859375,4004098.4228515625,4724985.44140625,4701815.265625,3651668.9873046875,5047541.40234375,Group: D,Group: A,Group: D vs Group: A,4,4,Blank_Blank_Blank
FA(21:1),FA,135210.7099609375,118279.16870117188,128858.18957519531,107371.66735839844,99938.22692871094,121714.86853027344,111564.16735839844,96743.1664428711,128863.06848144531,Group: D,Group: A,Group: D vs Group: A,4,4,Blank_Blank_Blank
FA(21:2),FA,153411.62951660156,135756.78784179688,129982.80944824219,90974.00671386719,112989.62866210938,150852.0107421875,131187.310546875,114104.16857910156,165656.87084960938,Group: D,Group: A,Group: D vs Group: A,4,4,Blank_Blank_Blank
FA(21:3),FA,82083.0062866211,78329.62518310547,76807.14599609375,59875.464416503906,65605.90447998047,66445.68475341797,78603.78540039062,58475.40441894531,74508.86572265625,Group: D,Group: A,Group: D vs Group: A,4,4,Blank_Blank_Blank
FA(21:5),FA,185794.3143310547,160366.91076660156,173960.85290527344,127797.92956542969,171923.49365234375,175175.83374023438,468567.5837402344,157572.1102294922,172318.6131591797,Group: D,Group: A,Group: D vs Group: A,4,4,Blank_Blank_Blank
FA(22:0),FA,1579170.4853515625,1355183.8857421875,1428770.173828125,1281225.373046875,1206867.52734375,1428234.125,1448357.3740234375,1017984.0830078125,1521133.470703125,Group: D,Group: A,Group: D vs Group: A,4,4,Blank_Blank_Blank
FA(22:1),FA,102797.60656738281,96269.46643066406,102372.84631347656,90776.1265258789,78892.34521484375,89871.4467163086,107628.20672607422,75806.08520507812,127298.96960449219,Group: D,Group: A,Group: D vs Group: A,4,4,Blank_Blank_Blank
FA(22:2),FA,59769.00360107422,56810.443603515625,62155.24432373047,56176.583740234375,43441.403259277344,53049.18341064453,64551.964416503906,38627.66275024414,77952.00506591797,Group: D,Group: A,Group: D vs Group: A,4,4,Blank_Blank_Blank
FA(22:3),FA,66306.8051147461,69562.6244506836,74926.32470703125,59340.52355957031,53231.9631652832,61068.08416748047,82179.00604248047,56438.84405517578,88220.76550292969,Group: D,Group: A,Group: D vs Group: A,4,4,Blank_Blank_Blank
FA(22:4),FA,93911.20623779297,88656.4267578125,121664.44952392578,122114.52923583984,59411.664154052734,75345.18505859375,77379.10552978516,58381.503845214844,98633.42724609375,Group: D,Group: A,Group: D vs Group: A,4,4,Blank_Blank_Blank
FA(22:5),FA,218272.53845214844,180112.23266601562,273995.94287109375,282863.83923339844,127960.48815917969,124204.74877929688,148016.73107910156,94104.32717895508,136121.78930664062,Group: D,Group: A,Group: D vs Group: A,4,4,Blank_Blank_Blank
FA(22:6),FA,539043.9399414062,506145.21630859375,604458.0053710938,737559.4428710938,434296.1376953125,462029.21240234375,503235.576171875,336642.06494140625,464722.1701660156,Group: D,Group: A,Group: D vs Group: A,4,4,Blank_Blank_Blank
FA(22:7),FA,5235671.900390625,4521842.734375,4415192.10546875,3743884.60546875,4143757.6875,4648213.8056640625,4620165.1796875,3538397.22265625,4970360.34765625,Group: D,Group: A,Group: D vs Group: A,4,4,Blank_Blank_Blank
FA(23:0),FA,156071.01135253906,162284.85229492188,185642.11206054688,185918.51293945312,109285.02758789062,119602.30749511719,131457.5887451172,99279.20703125,132571.06982421875,Group: D,Group: A,Group: D vs Group: A,4,4,Blank_Blank_Blank
FA(23:1),FA,85361.1460571289,81861.6654663086,84767.54614257812,75443.20565795898,67154.98486328125,74168.36486816406,82978.60552978516,61581.54473876953,81219.5859375,Group: D,Group: A,Group: D vs Group: A,4,4,Blank_Blank_Blank
FA(23:6),FA,213642.7529296875,201415.03393554688,225582.5177001953,217840.2745361328,164390.1925048828,194521.17236328125,210051.49353027344,139479.67211914062,201541.9736328125,Group: D,Group: A,Group: D vs Group: A,4,4,Blank_Blank_Blank
FA(24:0),FA,133437.01025390625,136269.1688232422,129481.1884765625,119178.22839355469,96536.46594238281,130046.94897460938,128052.92907714844,83584.326171875,150362.8927001953,Group: D,Group: A,Group: D vs Group: A,4,4,Blank_Blank_Blank
FA(24:1),FA,64719.24411010742,61341.96435546875,63606.544494628906,57435.384033203125,52484.32342529297,64810.08428955078,56971.383544921875,46993.52307128906,66724.96466064453,Group: D,Group: A,Group: D vs Group: A,4,4,Blank_Blank_Blank
FA(24:10),FA,131719.8504638672,109044.64636230469,104792.02807617188,84938.4458618164,122976.98937988281,233079.51599121094,128345.2685546875,182252.93389892578,121248.46865844727,Group: D,Group: A,Group: D vs Group: A,4,4,Blank_Blank_Blank
FA(24:12),FA,108019.00714111328,95084.36682128906,111847.0068359375,94142.0258178711,75490.54559326172,82893.68536376953,88760.82641601562,67805.544921875,103298.60632324219,Group: D,Group: A,Group: D vs Group: A,4,4,Blank_Blank_Blank
FA(24:2),FA,48218.00338745117,53252.523529052734,48616.583892822266,43799.0231628418,38242.342864990234,47195.84344482422,49355.403564453125,34173.86233520508,54185.103759765625,Group: D,Group: A,Group: D vs Group: A,4,4,Blank_Blank_Blank
FA(24:3),FA,73236.62567138672,68683.1047668457,72884.02551269531,59298.903869628906,56770.283752441406,64841.70407104492,77397.7660522461,52154.48400878906,71773.46533203125,Group: D,Group: A,Group: D vs Group: A,4,4,Blank_Blank_Blank
FA(24:4),FA,66756.24432373047,73803.76480102539,71842.42517089844,58948.40393066406,56839.8641204834,61760.244384765625,91055.96600341797,49626.10330200195,71455.36505126953,Group: D,Group: A,Group: D vs Group: A,4,4,Blank_Blank_Blank
FA(24:5),FA,131176.64916992188,143929.55017089844,154521.55041503906,160769.13317871094,91588.00732421875,93492.76574707031,127195.00762939453,78986.98559570312,106806.52819824219,Group: D,Group: A,Group: D vs Group: A,4,4,Blank_Blank_Blank
FA(24:6),FA,345963.4063720703,412531.50634765625,615689.0427246094,863552.1206054688,93455.94732666016,84810.18579101562,103480.7470703125,74781.04486083984,102543.80627441406,Group: D,Group: A,Group: D vs Group: A,4,4,Blank_Blank_Blank
FA(24:7),FA,166633.55114746094,163711.2509765625,186371.3134765625,189379.93463134766,114272.42797851562,135323.76977539062,133348.6279296875,101694.26641845703,136811.8895263672,Group: D,Group: A,Group: D vs Group: A,4,4,Blank_Blank_Blank
FA(25:0),FA,115216.90814208984,125742.36889648438,190017.3540649414,174368.1134033203,71788.26538085938,85416.66680908203,79980.5648803711,60384.024658203125,101170.36669921875,Group: D,Group: A,Group: D vs Group: A,4,4,Blank_Blank_Blank
FA(25:1),FA,98572.1875,100247.58654785156,111361.44818115234,112555.16809082031,78534.3860168457,106881.16748046875,93989.12646484375,81111.46557617188,107272.10754394531,Group: D,Group: A,Group: D vs Group: A,4,4,Blank_Blank_Blank
FA(25:4),FA,98845.30688476562,105006.22735595703,101921.52697753906,81223.36499023438,85080.52526855469,68276.28466796875,128378.74993896484,76093.26446533203,98255.42657470703,Group: D,Group: A,Group: D vs Group: A,4,4,Blank_Blank_Blank
FA(26:0),FA,102854.267578125,99915.66723632812,106489.96606445312,83830.96630859375,77812.26544189453,92543.08520507812,99174.96728515625,73375.94522094727,100115.36682128906,Group: D,Group: A,Group: D vs Group: A,4,4,Blank_Blank_Blank
FA(26:1),FA,117305.22744750977,114830.66857910156,111035.54772949219,92794.46704101562,88020.24688720703,109468.68780517578,105697.88781738281,89354.9468383789,121017.12829589844,Group: D,Group: A,Group: D vs Group: A,4,4,Blank_Blank_Blank
FA(26:2),FA,84722.1254272461,80142.00561523438,77612.4658203125,62487.20477294922,69458.64477539062,86591.24609375,79055.62579345703,58279.86358642578,72105.78479003906,Group: D,Group: A,Group: D vs Group: A,4,4,Blank_Blank_Blank
FA(26:3),FA,69943.60418701172,72593.46496582031,69819.90509033203,51304.02429199219,53172.743225097656,59561.644104003906,70603.32513427734,46466.54382324219,68566.18487548828,Group: D,Group: A,Group: D vs Group: A,4,4,Blank_Blank_Blank
FA(26:4),FA,70572.7446899414,70585.94506835938,73693.54638671875,62404.244384765625,54529.32305908203,72659.76538085938,73394.84484863281,50296.42330932617,77072.84539794922,Group: D,Group: A,Group: D vs Group: A,4,4,Blank_Blank_Blank
FA(26:5),FA,91747.1459350586,97816.56726074219,118713.18676757812,112563.54736328125,55398.80392456055,61638.184631347656,76892.82568359375,51307.5439453125,67896.18481445312,Group: D,Group: A,Group: D vs Group: A,4,4,Blank_Blank_Blank
FA(26:6),FA,302523.44580078125,407846.4873046875,638286.3813476562,732829.0180664062,86015.52612304688,101115.44702148438,106205.08825683594,82038.46618652344,103666.80700683594,Group: D,Group: A,Group: D vs Group: A,4,4,Blank_Blank_Blank
FA(27:0) | FA(28:7),FA,142047.67016601562,130237.52783203125,103195.0073852539,86446.50592041016,98747.70666503906,147253.4122314453,138121.97106933594,113369.34796142578,165694.5711669922,Group: D,Group: A,Group: D vs Group: A,4,4,Blank_Blank_Blank
FA(27:0) | FA(28:7)_2,FA,128794.44995117188,117015.0283203125,96094.42663574219,79034.54559326172,85858.84637451172,120562.30786132812,114595.208984375,100155.52813720703,146670.33068847656,Group: D,Group: A,Group: D vs Group: A,4,4,Blank_Blank_Blank
FA(27:1),FA,60323.124572753906,61449.44454956055,64304.444396972656,53771.64318847656,44599.462982177734,56044.604064941406,53910.683532714844,40577.222900390625,63923.624938964844,Group: D,Group: A,Group: D vs Group: A,4,4,Blank_Blank_Blank
FA(27:2),FA,69255.24493408203,62700.205017089844,63789.00451660156,60409.603454589844,52889.16372680664,52929.184143066406,60248.384185791016,44468.88311767578,69924.8843383789,Group: D,Group: A,Group: D vs Group: A,4,4,Blank_Blank_Blank
FA(27:3),FA,105496.94647216797,109070.48693847656,109175.86694335938,84125.10632324219,75724.06558227539,100610.18640136719,98885.60705566406,71795.90496826172,104769.26806640625,Group: D,Group: A,Group: D vs Group: A,4,4,Blank_Blank_Blank
FA(27:4),FA,84987.86627197266,77493.84600830078,82254.60565185547,73449.3051147461,59464.98422241211,70103.10583496094,72420.30493164062,58035.32440185547,69388.94470214844,Group: D,Group: A,Group: D vs Group: A,4,4,Blank_Blank_Blank
FA(28:0),FA,72299.16491699219,65424.36474609375,65918.2045288086,58839.48406982422,58805.24462890625,67556.24475097656,61356.08435058594,47133.30325317383,66779.32537841797,Group: D,Group: A,Group: D vs Group: A,4,4,Blank_Blank_Blank
FA(28:1),FA,436144.5732421875,392152.87060546875,362168.72314453125,321188.0010986328,464305.3952636719,812569.5010986328,383689.3288574219,235145.8154296875,227471.47662353516,Group: D,Group: A,Group: D vs Group: A,4,4,Blank_Blank_Blank
FA(28:2),FA,62893.28454589844,57038.58410644531,55639.3232421875,44897.78286743164,43603.0029296875,47535.183837890625,51901.504455566406,35007.002532958984,54369.98388671875,Group: D,Group: A,Group: D vs Group: A,4,4,Blank_Blank_Blank
FA(28:3),FA,59770.68444824219,56973.464599609375,54161.30374145508,52453.504150390625,57586.74392700195,64299.624267578125,74564.04541015625,49695.363189697266,71863.14501953125,Group: D,Group: A,Group: D vs Group: A,4,4,Blank_Blank_Blank
FA(28:4),FA,56730.78405761719,56175.30383300781,57026.963470458984,46030.203186035156,40653.16271972656,48301.283447265625,47211.02307128906,36214.12268066406,58194.043884277344,Group: D,Group: A,Group: D vs Group: A,4,4,Blank_Blank_Blank
FA(28:5),FA,66794.18475341797,55677.283935546875,65001.90417480469,54003.483642578125,46111.28350830078,53014.563415527344,49472.64343261719,37359.723083496094,57203.26477050781,Group: D,Group: A,Group: D vs Group: A,4,4,Blank_Blank_Blank
FA(28:6),FA,118337.08850097656,102401.94702148438,111835.98742675781,101152.26654052734,97377.94812011719,114150.8871459961,100899.16784667969,78653.66510009766,118014.06958007812,Group: D,Group: A,Group: D vs Group: A,4,4,Blank_Blank_Blank
FA(29:0),FA,1897876.283203125,1856629.9990234375,1433159.9306640625,975984.130859375,1504332.29296875,432873.79638671875,1692871.58203125,938963.3247070312,248397.51513671875,Group: D,Group: A,Group: D vs Group: A,4,4,Blank_Blank_Blank
FA(29:1),FA,64133.62463378906,57860.80383300781,54306.06433105469,44108.46350097656,45223.72302246094,40332.462799072266,58174.304107666016,34082.64224243164,48553.08334350586,Group: D,Group: A,Group: D vs Group: A,4,4,Blank_Blank_Blank
FA(29:2),FA,224572.2744140625,217280.0751953125,204097.27416992188,139638.7303466797,134291.68942260742,107668.32788085938,170052.51123046875,91029.0068359375,134127.31115722656,Group: D,Group: A,Group: D vs Group: A,4,4,Blank_Blank_Blank
FA(29:3),FA,72700.80554199219,69585.5845336914,70648.56506347656,73885.24499511719,69013.5453491211,77756.32556152344,83269.50598144531,57979.023834228516,79099.48498535156,Group: D,Group: A,Group: D vs Group: A,4,4,Blank_Blank_Blank
FA(2:0),FA,21174.501510620117,18141.301330566406,19376.541458129883,15035.061096191406,12837.680877685547,11839.580825805664,17618.621170043945,10762.400634765625,23426.16180419922,Group: D,Group: A,Group: D vs Group: A,4,4,Blank_Blank_Blank
FA(30:1),FA,44967.5234375,49438.1435546875,41385.122985839844,38057.44241333008,34103.822509765625,39613.302734375,47010.8434753418,30217.2421875,41370.62322998047,Group: D,Group: A,Group: D vs Group: A,4,4,Blank_Blank_Blank
FA(30:2),FA,56558.424072265625,53687.324157714844,44764.48272705078,40692.74298095703,38863.84259033203,37898.322509765625,45687.66320800781,32142.082153320312,44601.74298095703,Group: D,Group: A,Group: D vs Group: A,4,4,Blank_Blank_Blank
FA(30:3),FA,52800.14404296875,44150.04278564453,46170.823303222656,39799.92266845703,40186.243072509766,39201.522888183594,47599.46319580078,33464.26257324219,48121.28353881836,Group: D,Group: A,Group: D vs Group: A,4,4,Blank_Blank_Blank
FA(30:4),FA,51532.963928222656,44400.16357421875,45683.163513183594,39943.40252685547,37434.682373046875,43159.66326904297,41175.78286743164,30128.722290039062,48867.683532714844,Group: D,Group: A,Group: D vs Group: A,4,4,Blank_Blank_Blank
FA(30:5),FA,56871.90460205078,53366.723693847656,53088.483947753906,53536.063568115234,39677.882888793945,42630.363220214844,44273.743408203125,31176.962127685547,49877.60363769531,Group: D,Group: A,Group: D vs Group: A,4,4,Blank_Blank_Blank
FA(30:6),FA,128809.80834960938,134416.80993652344,123314.56945800781,96602.94689941406,98254.14697265625,76590.185546875,116257.0693359375,72553.64538574219,70876.00537109375,Group: D,Group: A,Group: D vs Group: A,4,4,Blank_Blank_Blank
FA(31:0),FA,88066.62628173828,90829.96569824219,86549.36584472656,65834.24487304688,72640.06555175781,93876.28778076172,88877.4653930664,53313.464294433594,67509.6245727539,Group: D,Group: A,Group: D vs Group: A,4,4,Blank_Blank_Blank
FA(32:0),FA,33448.12225341797,34275.542053222656,36755.56246948242,29682.942321777344,25733.481658935547,32999.72229003906,30137.621795654297,23386.181854248047,28762.36196899414,Group: D,Group: A,Group: D vs Group: A,4,4,Blank_Blank_Blank
FA(32:1),FA,38858.903060913086,28320.40200805664,32082.542419433594,23539.761474609375,22989.661651611328,26789.482009887695,26124.781707763672,21318.421493530273,27305.381896972656,Group: D,Group: A,Group: D vs Group: A,4,4,Blank_Blank_Blank
FA(32:4),FA,51794.52346801758,48181.662857055664,56959.383850097656,41270.342834472656,36271.78233337402,39385.42303466797,39203.16278076172,28660.721893310547,39232.04266357422,Group: D,Group: A,Group: D vs Group: A,4,4,Blank_Blank_Blank
FA(32:5),FA,49292.48318481445,41268.64224243164,55852.323669433594,44866.48318481445,29565.981979370117,34759.062408447266,36069.922912597656,24474.262084960938,37653.302734375,Group: D,Group: A,Group: D vs Group: A,4,4,Blank_Blank_Blank
FA(32:6),FA,63553.90447998047,56431.06384277344,68769.64367675781,58103.864318847656,42836.883239746094,47353.62350463867,48936.30322265625,34293.96206665039,48103.00354003906,Group: D,Group: A,Group: D vs Group: A,4,4,Blank_Blank_Blank
FA(33:0),FA,37481.022705078125,33014.982421875,33311.482482910156,27789.24200439453,26560.521896362305,29169.702239990234,29451.10220336914,21139.641525268555,28422.381866455078,Group: D,Group: A,Group: D vs Group: A,4,4,Blank_Blank_Blank
FA(34:0),FA,42143.18307495117,44318.68347167969,57338.32403564453,47903.20291137695,29095.461975097656,32081.36215209961,31951.282135009766,24464.421661376953,41063.34307861328,Group: D,Group: A,Group: D vs Group: A,4,4,Blank_Blank_Blank
FA(34:1),FA,139624.0307006836,131454.85034179688,138465.21032714844,104097.30822753906,91148.88623046875,136347.4892578125,120419.66748046875,89605.70617675781,133055.03051757812,Group: D,Group: A,Group: D vs Group: A,4,4,Blank_Blank_Blank
FA(34:5),FA,58465.36407470703,53053.58367919922,64108.20495605469,49562.10382080078,38570.80261230469,47640.34387207031,45361.6833190918,35499.90283203125,51102.08349609375,Group: D,Group: A,Group: D vs Group: A,4,4,Blank_Blank_Blank
FA(34:6),FA,58810.58416748047,57900.74482727051,65799.72485351562,50089.06286621094,44189.962982177734,56852.54412841797,50404.24365234375,36971.8825378418,63386.423828125,Group: D,Group: A,Group: D vs Group: A,4,4,Blank_Blank_Blank
FA(35:0),FA,29999.742126464844,28305.0419921875,29849.88217163086,26843.32211303711,19702.501342773438,26718.621795654297,26181.2216796875,19654.04136657715,26615.222045898438,Group: D,Group: A,Group: D vs Group: A,4,4,Blank_Blank_Blank
FA(36:0),FA,24267.781646728516,25224.72183227539,25153.821746826172,23419.28157043457,18755.16128540039,25517.161834716797,22766.501846313477,16104.381187438965,28434.642288208008,Group: D,Group: A,Group: D vs Group: A,4,4,Blank_Blank_Blank
FA(36:4),FA,41504.56298828125,37682.78289794922,42199.14306640625,41426.56286621094,30509.402282714844,42482.04251098633,36203.46237182617,26927.061889648438,45413.16313171387,Group: D,Group: A,Group: D vs Group: A,4,4,Blank_Blank_Blank
FA(36:5),FA,36720.12228393555,35985.14273071289,39729.54266357422,46058.343505859375,24407.321884155273,35911.14242553711,31948.301971435547,22828.88168334961,38809.782485961914,Group: D,Group: A,Group: D vs Group: A,4,4,Blank_Blank_Blank
FA(37:0),FA,32242.962127685547,31015.462158203125,40308.363220214844,39812.8430480957,23764.181579589844,33606.78210449219,31999.602172851562,25223.121826171875,39566.14270019531,Group: D,Group: A,Group: D vs Group: A,4,4,Blank_Blank_Blank
FA(38:0),FA,25433.642135620117,23184.60171508789,31815.522384643555,25134.341873168945,16967.92088317871,20987.041427612305,20878.461456298828,14730.061065673828,25287.04197692871,Group: D,Group: A,Group: D vs Group: A,4,4,Blank_Blank_Blank
FA(38:4),FA,48462.823303222656,48601.86376953125,62881.104553222656,49609.5830078125,37243.002532958984,51850.30337524414,51483.663818359375,36291.08267211914,64606.623596191406,Group: D,Group: A,Group: D vs Group: A,4,4,Blank_Blank_Blank
FA(38:5),FA,41032.342864990234,37908.022888183594,42071.482849121094,38378.5227355957,29366.482177734375,29486.882431030273,30768.522079467773,22618.941596984863,33544.842056274414,Group: D,Group: A,Group: D vs Group: A,4,4,Blank_Blank_Blank
FA(38:6),FA,35006.382385253906,32315.982360839844,42118.22296142578,32202.922424316406,23187.38165283203,26988.08184814453,29587.28207397461,22153.78175354004,37477.3828125,Group: D,Group: A,Group: D vs Group: A,4,4,Blank_Blank_Blank
FA(3:0),FA,3421.2802238464355,4667.560241699219,4760.940315246582,3789.780258178711,3050.000213623047,3620.560245513916,5008.4803466796875,4207.400333404541,4044.520309448242,Group: D,Group: A,Group: D vs Group: A,4,4,Blank_Blank_Blank
FA(3:1),FA,5277.860397338867,5808.060478210449,8587.320545196533,7777.68049621582,4766.760322570801,5751.020355224609,6866.700538635254,5925.840492248535,5537.380432128906,Group: D,Group: A,Group: D vs Group: A,4,4,Blank_Blank_Blank
FA(40:6),FA,29240.442260742188,31484.882293701172,33896.502502441406,37386.702545166016,23163.861907958984,28148.5419921875,28806.242095947266,21037.741577148438,33752.62274169922,Group: D,Group: A,Group: D vs Group: A,4,4,Blank_Blank_Blank
FA(42:6),FA,27184.661834716797,30561.50213623047,41351.102630615234,31734.2618560791,20504.161422729492,21306.721588134766,26655.381561279297,19025.341453552246,29935.981994628906,Group: D,Group: A,Group: D vs Group: A,4,4,Blank_Blank_Blank
FA(46:0),FA,22559.421630859375,24243.38165283203,32944.62258911133,25943.72198486328,15417.240936279297,18921.161331176758,20260.92140197754,14021.341049194336,22750.6016998291,Group: D,Group: A,Group: D vs Group: A,4,4,Blank_Blank_Blank
FA(4:0),FA,52318.863540649414,45014.463439941406,47523.22326660156,37194.92266845703,43112.76348876953,46957.96371459961,48692.423828125,37983.262756347656,60729.424743652344,Group: D,Group: A,Group: D vs Group: A,4,4,Blank_Blank_Blank
FA(4:1),FA,199419.3159790039,172250.0107421875,187977.75524902344,148596.09155273438,178615.33381652832,145323.25091552734,196501.0135498047,144332.41076660156,163665.7109375,Group: D,Group: A,Group: D vs Group: A,4,4,Blank_Blank_Blank
FA(5:0),FA,472084.5377807617,657157.1953125,1278667.3540039062,1539277.1809082031,40894.442779541016,73566.98487854004,46736.52346801758,52613.943450927734,39080.6833190918,Group: D,Group: A,Group: D vs Group: A,4,4,Blank_Blank_Blank
FA(5:1),FA,52325.323181152344,53995.96435546875,87255.74645996094,92302.92565917969,35648.96243286133,98485.54666137695,34313.46240234375,47190.4033203125,53284.183532714844,Group: D,Group: A,Group: D vs Group: A,4,4,Blank_Blank_Blank
FA(5:2),FA,98986.7671508789,75034.38568115234,96996.24645996094,69771.98468017578,112852.06744384766,79711.00567626953,94314.28704833984,72799.68487548828,67329.72436523438,Group: D,Group: A,Group: D vs Group: A,4,4,Blank_Blank_Blank
FA(6:0),FA,22050.461547851562,21009.94140625,28690.422286987305,23198.641326904297,20830.34149169922,24141.86166381836,26027.221725463867,20946.121520996094,20530.521453857422,Group: D,Group: A,Group: D vs Group: A,4,4,Blank_Blank_Blank
FA(6:1),FA,839239.2819824219,707338.693359375,787178.7177734375,611689.822265625,776516.9584960938,694014.2524414062,869114.04296875,677854.3315429688,698626.3784179688,Group: D,Group: A,Group: D vs Group: A,4,4,Blank_Blank_Blank
FA(6:2),FA,44870.24346923828,39735.0830078125,43965.62353515625,32238.262237548828,40017.383056640625,58504.563873291016,44596.36309814453,36455.42269897461,93736.306640625,Group: D,Group: A,Group: D vs Group: A,4,4,Blank_Blank_Blank
FA(7:0),FA,66712.1848449707,62364.24444580078,81474.72576904297,66910.52444458008,55622.523696899414,57796.18444824219,71376.60516357422,53214.26449584961,51053.563903808594,Group: D,Group: A,Group: D vs Group: A,4,4,Blank_Blank_Blank
FA(7:1),FA,43791.2028503418,27177.462005615234,26381.841735839844,22355.221725463867,21323.421356201172,39634.8024597168,30026.602325439453,20818.74136352539,63569.00427246094,Group: D,Group: A,Group: D vs Group: A,4,4,Blank_Blank_Blank
FA(7:2),FA,21336.401290893555,19194.46141052246,18666.041259765625,14523.340927124023,20275.401428222656,16739.941131591797,24418.041732788086,17648.82123565674,17508.101104736328,Group: D,Group: A,Group: D vs Group: A,4,4,Blank_Blank_Blank
FA(7:3),FA,26666.66148376465,18249.901290893555,18190.32145690918,15517.981063842773,25410.561851501465,14160.46110534668,28031.66192626953,18338.421295166016,16258.70101928711,Group: D,Group: A,Group: D vs Group: A,4,4,Blank_Blank_Blank
FA(8:0),FA,27839.841827392578,38061.802795410156,44682.582916259766,46656.42304992676,17503.58123779297,28070.522262573242,18530.401138305664,17437.741302490234,22117.50177001953,Group: D,Group: A,Group: D vs Group: A,4,4,Blank_Blank_Blank
FA(8:1),FA,11141.940811157227,10131.520767211914,13842.060943603516,11031.7407913208,7693.600524902344,10229.98080444336,9582.900527954102,8190.580627441406,12250.660915374756,Group: D,Group: A,Group: D vs Group: A,4,4,Blank_Blank_Blank
FA(8:2),FA,17385.301193237305,17145.901168823242,20178.861251831055,18341.341262817383,20783.841522216797,68264.32415771484,21382.901489257812,33968.7619934082,25582.90199279785,Group: D,Group: A,Group: D vs Group: A,4,4,Blank_Blank_Blank
FA(8:5),FA,59988.82373046875,54497.9631652832,62130.10430908203,73874.46560668945,261961.75537109375,1262479.9059448242,117308.12731933594,611859.5356445312,42015.56253051758,Group: D,Group: A,Group: D vs Group: A,4,4,Blank_Blank_Blank
FA(8:6),FA,81027.04571533203,93112.2470703125,141107.74996948242,133338.84887695312,38724.762603759766,33374.22283935547,46771.50369262695,38598.222717285156,33952.94250488281,Group: D,Group: A,Group: D vs Group: A,4,4,Blank_Blank_Blank
FA(9:0) | FA(10:7),FA,354787.7846069336,355738.02575683594,384962.9649963379,304264.6629638672,220279.67642211914,229213.6365966797,253729.05657958984,236367.85638427734,208559.07287597656,Group: D,Group: A,Group: D vs Group: A,4,4,Blank_Blank_Blank
FA(9:0) | FA(10:7)_2,FA,354312.9899902344,386109.0256347656,410750.93060302734,320196.1044921875,217516.59692382812,235920.998046875,267498.27850341797,247009.2371826172,210879.03479003906,Group: D,Group: A,Group: D vs Group: A,4,4,Blank_Blank_Blank
FA(9:1),FA,19859.621337890625,22751.521575927734,24635.201919555664,20336.061630249023,15090.181015014648,23155.90151977539,18291.861450195312,16210.72119140625,20448.921142578125,Group: D,Group: A,Group: D vs Group: A,4,4,Blank_Blank_Blank
FA(9:2),FA,14109.060943603516,17692.420959472656,14520.12109375,14852.461013793945,11987.32080078125,18864.82110595703,16981.52114868164,15290.781066894531,15583.80094909668,Group: D,Group: A,Group: D vs Group: A,4,4,Blank_Blank_Blank
"LPC(10:0),PC(O-10:0)",PC,1242.8000984191895,1384.3400955200195,1179.4000816345215,1016.4600715637207,1102.2800827026367,1092.4800720214844,1055.5200729370117,997.8600769042969,1381.2601051330566,Group: D,Group: A,Group: D vs Group: A,4,4,Blank_Blank_Blank
LPC(12:0),PC,1086.7800750732422,1058.4400749206543,1252.580093383789,1010.820068359375,1069.3200721740723,1005.6600685119629,995.7200698852539,1092.7000732421875,1145.0000915527344,Group: D,Group: A,Group: D vs Group: A,4,4,Blank_Blank_Blank
"LPC(14:0),PC(O-14:0),LPC(O-15:0)",PC,1339.9200973510742,1583.8201065063477,1309.2000923156738,1123.720069885254,1090.1800804138184,1676.5001068115234,1104.0400733947754,1240.5200729370117,1347.9600868225098,Group: D,Group: A,Group: D vs Group: A,4,4,Blank_Blank_Blank
"LPC(14:1),LPC(P-15:0)",PC,1206.2600898742676,1170.4600944519043,1234.3200874328613,1106.2000732421875,1090.5000648498535,1294.0600929260254,995.6600685119629,1065.7000732421875,1100.2200736999512,Group: D,Group: A,Group: D vs Group: A,4,4,Blank_Blank_Blank
"LPC(15:1),LPC(O-16:1),LPC(P-16:0)",PC,1065.1400756835938,1107.8400764465332,1153.920066833496,1049.3800735473633,1117.2400817871094,1253.2200813293457,1049.700080871582,1008.000072479248,1080.9000778198242,Group: D,Group: A,Group: D vs Group: A,4,4,Blank_Blank_Blank
"LPC(16:0),PC(O-16:0),LPC(O-17:0)",PC,45418.20301818848,36232.92256164551,32229.021942138672,18476.561100006104,18506.321739196777,57082.30383300781,31150.0824508667,27677.8422164917,7908.7606201171875,Group: D,Group: A,Group: D vs Group: A,4,4,Blank_Blank_Blank
"LPC(16:1),LPC(P-17:0)",PC,2576.9601860046387,2335.2001724243164,2861.8202171325684,1880.4601554870605,1356.0800857543945,2928.040184020996,2070.740146636963,2342.3201751708984,1323.8200912475586,Group: D,Group: A,Group: D vs Group: A,4,4,Blank_Blank_Blank
"LPC(17:1),LPC(O-18:1),LPC(P-18:0)",PC,1502.8600883483887,1087.2200736999512,1309.3000984191895,1011.3800773620605,1342.800090789795,1419.3200798034668,1051.3800811767578,1208.8200912475586,1126.7600784301758,Group: D,Group: A,Group: D vs Group: A,4,4,Blank_Blank_Blank
"LPC(17:2),LPC(P-18:1)",PC,1348.6401023864746,1151.2400856018066,1127.2400817871094,1073.4000816345215,1067.260066986084,1142.860092163086,1121.0800895690918,1112.5200881958008,1062.680076599121,Group: D,Group: A,Group: D vs Group: A,4,4,Blank_Blank_Blank
"LPC(18:0),PC(O-18:0),LPC(O-19:0)",PC,24793.442359924316,18837.481437683105,19467.661209106445,11166.960655212402,10644.580768585205,25731.121421813965,21425.20143508911,11187.340579986572,4094.6802673339844,Group: D,Group: A,Group: D vs Group: A,4,4,Blank_Blank_Blank
"LPC(18:1),PC(O-18:1),PC(P-18:0)",PC,11438.640853881836,9903.580642700195,8867.5806350708,8014.220500946045,5858.780460357666,13757.781044006348,7638.20055770874,12746.880878448486,4595.920341491699,Group: D,Group: A,Group: D vs Group: A,4,4,Blank_Blank_Blank
"LPC(18:2),LPC(P-19:1)",PC,18071.18148803711,14634.26099395752,14745.64102935791,21624.50115585327,9846.360733032227,31992.401977539062,14001.980850219727,28339.081886291504,2659.480182647705,Group: D,Group: A,Group: D vs Group: A,4,4,Blank_Blank_Blank
LPC(18:3),PC,1319.1601066589355,1172.4800872802734,1793.200122833252,1314.6000938415527,1420.9201011657715,1958.6401023864746,1360.5801048278809,1266.8000946044922,1061.9000625610352,Group: D,Group: A,Group: D vs Group: A,4,4,Blank_Blank_Blank
LPC(18:4),PC,1068.5400695800781,1056.8600769042969,1027.760066986084,1017.1600685119629,1032.7800674438477,1057.1600761413574,1030.880069732666,1020.200065612793,1037.7400741577148,Group: D,Group: A,Group: D vs Group: A,4,4,Blank_Blank_Blank
LPC(19:3),PC,1099.5800819396973,1223.1600952148438,1079.3000793457031,1001.1400756835938,1009.9600677490234,1136.0000762939453,1062.5800857543945,1013.7400817871094,1004.380069732666,Group: D,Group: A,Group: D vs Group: A,4,4,Blank_Blank_Blank
"LPC(20:2),PC(O-20:2)",PC,1683.8601264953613,2049.3001251220703,1756.740119934082,1323.0200881958008,1467.4801063537598,1448.9600868225098,1252.0000839233398,2011.9001426696777,1082.0000686645508,Group: D,Group: A,Group: D vs Group: A,4,4,Blank_Blank_Blank
LPC(20:3),PC,2731.8202171325684,3036.9201850891113,5193.940296173096,2836.0002212524414,2086.1601181030273,4810.38041305542,4523.280345916748,3230.7803115844727,1215.5600852966309,Group: D,Group: A,Group: D vs Group: A,4,4,Blank_Blank_Blank
LPC(20:4),PC,9699.400833129883,9188.400638580322,10173.840602874756,15513.921485900879,9734.08060836792,16532.981258392334,19331.60078048706,20369.881275177002,1251.7000732421875,Group: D,Group: A,Group: D vs Group: A,4,4,Blank_Blank_Blank
LPC(20:5),PC,1987.4601287841797,1350.540096282959,1237.560073852539,1174.3200721740723,1247.3200759887695,2010.040126800537,1176.9800872802734,1436.8601036071777,1166.4400901794434,Group: D,Group: A,Group: D vs Group: A,4,4,Blank_Blank_Blank
LPC(22:2),PC,1357.200096130371,1156.04008102417,1107.2400817871094,1048.5400695800781,1074.9800834655762,1329.8800888061523,1143.4800834655762,1094.0400657653809,1058.6400718688965,Group: D,Group: A,Group: D vs Group: A,4,4,Blank_Blank_Blank
LPC(22:4),PC,1292.7000846862793,1315.3400955200195,1244.080093383789,1178.4200859069824,1170.62007522583,1438.0001029968262,1241.5000839233398,1376.8200912475586,1134.0200843811035,Group: D,Group: A,Group: D vs Group: A,4,4,Blank_Blank_Blank
LPC(22:5),PC,2010.280143737793,1759.9401245117188,2665.5601654052734,1522.5001182556152,1377.8200912475586,2229.1201820373535,1960.2201499938965,1956.0201606750488,1104.7400817871094,Group: D,Group: A,Group: D vs Group: A,4,4,Blank_Blank_Blank
LPC(22:6),PC,6620.800567626953,5796.440338134766,14227.381225585938,8453.000453948975,5475.9004554748535,9716.480903625488,10659.280963897705,11434.560855865479,1063.1400718688965,Group: D,Group: A,Group: D vs Group: A,4,4,Blank_Blank_Blank
LPC(24:0),PC,1499.8401145935059,2124.7201766967773,3006.880241394043,1528.6601181030273,1363.3400917053223,2404.4801483154297,1194.4400787353516,1535.1200904846191,1225.9800834655762,Group: D,Group: A,Group: D vs Group: A,4,4,Blank_Blank_Blank
LPC(24:1),PC,1343.440086364746,1455.2201080322266,1466.7200965881348,1001.7800712585449,996.2000694274902,1438.4600982666016,1146.7800750732422,1337.2600936889648,1037.6800804138184,Group: D,Group: A,Group: D vs Group: A,4,4,Blank_Blank_Blank
LPC(2:0),PC,1055.8400764465332,1245.700080871582,1217.8400764465332,1002.380069732666,1004.8200721740723,1069.04008102417,1056.9400787353516,1048.2400703430176,1209.5800857543945,Group: D,Group: A,Group: D vs Group: A,4,4,Blank_Blank_Blank
"LPC(3:0),PC(O-3:0)",PC,1297.6600914001465,1178.5800857543945,1100.04008102417,1060.980079650879,997.1000671386719,1192.5200881958008,969.9400749206543,1097.740062713623,994.3800659179688,Group: D,Group: A,Group: D vs Group: A,4,4,Blank_Blank_Blank
LPC(3:1),PC,979.4000625610352,1054.7600708007812,1094.3400764465332,989.1400604248047,953.2400665283203,1009.080078125,1017.3800659179688,1021.080078125,986.5400581359863,Group: D,Group: A,Group: D vs Group: A,4,4,Blank_Blank_Blank
"LPC(4:0),PC(O-4:0),PC(O-5:0)",PC,1089.3600769042969,1154.900089263916,1035.7800788879395,1093.8200798034668,1032.4200706481934,1220.7400817871094,1015.5800666809082,958.8000717163086,1183.2000732421875,Group: D,Group: A,Group: D vs Group: A,4,4,Blank_Blank_Blank
LPC(6:0),PC,1017.7200736999512,1088.9800834655762,1160.080078125,979.000057220459,995.2600746154785,1057.5200843811035,981.5400733947754,973.4000701904297,1078.0800743103027,Group: D,Group: A,Group: D vs Group: A,4,4,Blank_Blank_Blank
LPC(8:0),PC,1351.1200981140137,1079.960075378418,1161.6800727844238,1008.6800727844238,1039.5200653076172,1019.2800674438477,1017.9800720214844,1064.8200798034668,1137.4200859069824,Group: D,Group: A,Group: D vs Group: A,4,4,Blank_Blank_Blank
LPC(O-10:1),PC,1028.2000694274902,1063.6400909423828,1021.0800743103027,967.0800666809082,984.4400634765625,1064.9800720214844,974.9400672912598,1010.3000717163086,1079.7200622558594,Group: D,Group: A,Group: D vs Group: A,4,4,Blank_Blank_Blank
LPC(O-20:4),PC,1100.340087890625,1159.3200721740723,1026.8000679016113,1061.5400695800781,1007.5000801086426,1133.0200805664062,1028.840072631836,1010.0000801086426,1177.0800857543945,Group: D,Group: A,Group: D vs Group: A,4,4,Blank_Blank_Blank
LPE(12:0),PE,1241.160083770752,1238.7800827026367,1270.1200866699219,1235.1200828552246,1224.6600799560547,1338.3200950622559,1301.1800804138184,1233.2600860595703,1314.3400840759277,Group: D,Group: A,Group: D vs Group: A,4,4,Blank_Blank_Blank
LPE(14:0),PE,1271.4600982666016,1262.6200942993164,1278.000087738037,1223.1400909423828,1262.8000984191895,1246.2800827026367,1290.4400787353516,1245.0800895690918,1279.6800842285156,Group: D,Group: A,Group: D vs Group: A,4,4,Blank_Blank_Blank
LPE(14:1),PE,1318.8000831604004,1218.8400840759277,1310.1401023864746,1237.4800758361816,1276.4200820922852,1288.380084991455,1226.7400856018066,1223.5000801086426,1294.6200904846191,Group: D,Group: A,Group: D vs Group: A,4,4,Blank_Blank_Blank
"LPE(15:1),LPE(P-16:0)",PE,1225.5800895690918,1219.020076751709,1261.440097808838,1232.3400802612305,1210.0000839233398,1239.160083770752,1220.7800750732422,1210.5800857543945,1282.5200881958008,Group: D,Group: A,Group: D vs Group: A,4,4,Blank_Blank_Blank
LPE(16:1),PE,1384.5401000976562,1219.0800819396973,1360.1400985717773,1335.60009765625,1483.5401039123535,1707.2401275634766,1496.2201080322266,1231.940086364746,1327.180103302002,Group: D,Group: A,Group: D vs Group: A,4,4,Blank_Blank_Blank
"LPE(17:1),LPE(O-18:1),LPE(P-18:0)",PE,1250.920093536377,1234.7400932312012,1226.4600868225098,1234.940086364746,1262.5001029968262,1218.4800872802734,1255.4600791931152,1240.2600860595703,1210.2400817871094,Group: D,Group: A,Group: D vs Group: A,4,4,Blank_Blank_Blank
LPE(17:2),PE,1296.8200912475586,1257.5600814819336,1335.0600891113281,1271.0000953674316,1260.5800857543945,1245.940097808838,1393.3200912475586,1244.4400749206543,1218.4800910949707,Group: D,Group: A,Group: D vs Group: A,4,4,Blank_Blank_Blank
LPE(18:1),PE,2528.840202331543,2354.1801681518555,2750.400177001953,3070.5601806640625,5557.320426940918,3951.1802864074707,2772.1602058410645,2445.860191345215,1316.580093383789,Group: D,Group: A,Group: D vs Group: A,4,4,Blank_Blank_Blank
"LPE(18:2),LPE(P-19:1)",PE,1904.2601318359375,2031.600154876709,1624.8601303100586,3119.540214538574,3421.1402626037598,2875.220203399658,2166.4001502990723,1735.3201179504395,1348.8200912475586,Group: D,Group: A,Group: D vs Group: A,4,4,Blank_Blank_Blank
LPE(18:3),PE,1290.2601013183594,1235.3200950622559,1308.5000915527344,1304.8000946044922,1435.1600875854492,1288.8600807189941,1298.8400917053223,1210.3400802612305,1348.660099029541,Group: D,Group: A,Group: D vs Group: A,4,4,Blank_Blank_Blank
LPE(18:4),PE,1273.8600845336914,1258.0000839233398,1359.1001014709473,1269.0800895690918,1226.7200889587402,1253.3800811767578,1220.5000762939453,1209.7200775146484,1356.7400970458984,Group: D,Group: A,Group: D vs Group: A,4,4,Blank_Blank_Blank
"LPE(19:1),LPE(P-20:0)",PE,1249.5400886535645,1444.520107269287,1308.0400924682617,1223.2600898742676,1258.1800842285156,1225.4400749206543,1264.600082397461,1210.000087738037,1248.9200859069824,Group: D,Group: A,Group: D vs Group: A,4,4,Blank_Blank_Blank
LPE(20:0),PE,1226.2600860595703,1342.1600875854492,1219.5801048278809,1305.7600898742676,1280.3600997924805,1357.9000930786133,1265.9400939941406,1209.1400909423828,1210.1000747680664,Group: D,Group: A,Group: D vs Group: A,4,4,Blank_Blank_Blank
LPE(20:1),PE,1225.720085144043,1585.1001167297363,1504.4800910949707,1327.8400955200195,1374.7600936889648,1408.6400985717773,1293.0000915527344,1214.8000755310059,1210.2000923156738,Group: D,Group: A,Group: D vs Group: A,4,4,Blank_Blank_Blank
LPE(20:2),PE,1400.3200912475586,1282.7000885009766,1312.60009765625,1259.220085144043,1282.660099029541,1282.8200798034668,1324.6601104736328,1414.0800971984863,1227.5600852966309,Group: D,Group: A,Group: D vs Group: A,4,4,Blank_Blank_Blank
LPE(20:3),PE,1464.3001022338867,1681.3201293945312,1564.680103302002,1486.9001007080078,1912.680160522461,1551.4801025390625,1437.1801071166992,1305.1800918579102,1337.3000831604004,Group: D,Group: A,Group: D vs Group: A,4,4,Blank_Blank_Blank
LPE(20:4),PE,2255.7001953125,3250.5202674865723,2565.9001998901367,4392.740322113037,3905.2402572631836,4860.8602867126465,3765.0203132629395,1989.1401405334473,1282.3800811767578,Group: D,Group: A,Group: D vs Group: A,4,4,Blank_Blank_Blank
LPE(20:5),PE,1266.7400932312012,1340.0001029968262,1313.1000862121582,1247.7800903320312,1399.5401000976562,1347.880084991455,1457.2000999450684,1372.8201026916504,1444.3800964355469,Group: D,Group: A,Group: D vs Group: A,4,4,Blank_Blank_Blank
LPE(22:0),PE,1277.440097808838,1272.300090789795,1331.3201026916504,1232.5000953674316,1251.7800827026367,1414.400089263916,1288.3800811767578,1276.5400924682617,1235.9600944519043,Group: D,Group: A,Group: D vs Group: A,4,4,Blank_Blank_Blank
LPE(22:1),PE,1231.9200744628906,1251.040096282959,1274.2800941467285,1222.680088043213,1286.6600914001465,1210.3600845336914,1434.020092010498,1209.3400917053223,1252.9200744628906,Group: D,Group: A,Group: D vs Group: A,4,4,Blank_Blank_Blank
LPE(22:2),PE,1226.6600952148438,1292.8200950622559,1358.480094909668,1238.200096130371,1360.4800987243652,1278.020076751709,1221.7200965881348,1209.680088043213,1263.0000801086426,Group: D,Group: A,Group: D vs Group: A,4,4,Blank_Blank_Blank
LPE(22:4),PE,1225.2000846862793,1344.780101776123,1309.3200950622559,1222.5000953674316,1743.120101928711,1503.3401145935059,1297.9000816345215,1284.0600814819336,1259.1600799560547,Group: D,Group: A,Group: D vs Group: A,4,4,Blank_Blank_Blank
LPE(22:5),PE,1236.9200973510742,1616.6201133728027,1341.8200912475586,1330.3600845336914,1701.5801048278809,1665.780101776123,1468.4801063537598,1328.6600952148438,1237.600082397461,Group: D,Group: A,Group: D vs Group: A,4,4,Blank_Blank_Blank
LPE(22:6),PE,2013.2001266479492,4882.020416259766,2743.580207824707,3641.820281982422,4077.840244293213,4154.260196685791,3642.4402809143066,2401.680160522461,1298.2600860595703,Group: D,Group: A,Group: D vs Group: A,4,4,Blank_Blank_Blank
LPE(24:1),PE,1246.7400856018066,1245.6400833129883,1280.280101776123,1222.840087890625,1249.2400817871094,1403.4400939941406,1226.000087738037,1236.6600799560547,1255.9000816345215,Group: D,Group: A,Group: D vs Group: A,4,4,Blank_Blank_Blank
LPE(24:6),PE,1226.1200790405273,1378.3001022338867,1230.8200912475586,1222.9800910949707,1311.700096130371,1404.2201080322266,1252.8800888061523,1222.3600807189941,1363.3001022338867,Group: D,Group: A,Group: D vs Group: A,4,4,Blank_Blank_Blank
LPE(O-16:0),PE,1264.1600875854492,1319.3000984191895,1284.6800842285156,1222.980094909668,1354.8800926208496,1256.280086517334,1300.5600852966309,1287.280086517334,1210.4600868225098,Group: D,Group: A,Group: D vs Group: A,4,4,Blank_Blank_Blank
LPE(O-20:0),PE,1244.7000770568848,1389.8000984191895,1247.1600875854492,1292.000087738037,1419.4001083374023,1447.7000923156738,1332.0400924682617,1256.7600898742676,1271.5200881958008,Group: D,Group: A,Group: D vs Group: A,4,4,Blank_Blank_Blank
LPE(O-20:4),PE,1291.5600967407227,1267.5400848388672,1362.960090637207,1245.8000869750977,1230.1800956726074,1283.1600799560547,1294.8800926208496,1226.240089416504,1210.2800903320312,Group: D,Group: A,Group: D vs Group: A,4,4,Blank_Blank_Blank
LPG(14:0),PG,1271.9400901794434,1245.0600852966309,1283.8600883483887,1299.6600799560547,1310.080078125,1319.1400871276855,1307.7000846862793,1264.8400955200195,1319.0601043701172,Group: D,Group: A,Group: D vs Group: A,4,4,Blank_Blank_Blank
LPG(14:1),PG,1283.0201034545898,1250.7800979614258,1340.9600982666016,1275.3200950622559,1410.6401062011719,1333.5200958251953,1385.0401039123535,1253.6400909423828,1245.700080871582,Group: D,Group: A,Group: D vs Group: A,4,4,Blank_Blank_Blank
"LPG(15:0),LPG(O-16:0)",PG,1247.9200897216797,1244.840087890625,1245.960090637207,1263.64009475708,1350.6200942993164,1306.8200874328613,1398.5600967407227,1284.7600860595703,1326.9400939941406,Group: D,Group: A,Group: D vs Group: A,4,4,Blank_Blank_Blank
"LPG(15:1),LPG(P-16:0)",PG,1248.7400817871094,1244.5200881958008,1245.9600830078125,1250.700080871582,1293.180088043213,1347.60009765625,1249.860092163086,1248.8000869750977,1260.0800857543945,Group: D,Group: A,Group: D vs Group: A,4,4,Blank_Blank_Blank
LPG(16:0),PG,1248.8000946044922,1317.1001014709473,1293.3600997924805,1265.6200866699219,1271.6000862121582,1257.8800888061523,1297.5200843811035,1388.1401100158691,1346.400089263916,Group: D,Group: A,Group: D vs Group: A,4,4,Blank_Blank_Blank
LPG(16:1),PG,1260.4600868225098,1245.3600845336914,1289.4800872802734,1313.14009475708,1280.3600845336914,1251.5600967407227,1259.280086517334,1344.6400909423828,1317.9400825500488,Group: D,Group: A,Group: D vs Group: A,4,4,Blank_Blank_Blank
"LPG(17:1),LPG(P-18:0)",PG,1248.0800895690918,1245.2600860595703,1245.940097808838,1288.940086364746,1277.000087738037,1276.6200866699219,1249.2000885009766,1278.1400871276855,1327.6400871276855,Group: D,Group: A,Group: D vs Group: A,4,4,Blank_Blank_Blank
LPG(17:2),PG,1273.4600982666016,1245.400104522705,1283.6200904846191,1257.3800773620605,1337.8000984191895,1406.4200973510742,1301.4000930786133,1295.720085144043,1335.3600959777832,Group: D,Group: A,Group: D vs Group: A,4,4,Blank_Blank_Blank
LPG(18:0),PG,1248.2000846862793,1256.0400848388672,1307.3200912475586,1251.4200973510742,1290.9400901794434,1252.1400871276855,1249.5600814819336,1270.3200912475586,1246.2600860595703,Group: D,Group: A,Group: D vs Group: A,4,4,Blank_Blank_Blank
LPG(18:1),PG,1249.1800994873047,1260.4400939941406,1336.0801048278809,1251.260082244873,1251.880084991455,1251.8800773620605,1317.380084991455,1307.7000923156738,1273.4600868225098,Group: D,Group: A,Group: D vs Group: A,4,4,Blank_Blank_Blank
LPG(18:2),PG,1248.5200996398926,1260.7801055908203,1263.900089263916,1250.660083770752,1338.6200981140137,1315.1200904846191,1278.1000900268555,1331.5400924682617,1281.7800903320312,Group: D,Group: A,Group: D vs Group: A,4,4,Blank_Blank_Blank
LPG(18:3),PG,1316.940097808838,1245.2800827026367,1280.3801040649414,1306.9800910949707,1285.160099029541,1273.4600982666016,1274.8000869750977,1272.7600860595703,1279.2400970458984,Group: D,Group: A,Group: D vs Group: A,4,4,Blank_Blank_Blank
LPG(18:4),PG,1247.7000846862793,1255.0200996398926,1246.4800872802734,1272.1000862121582,1364.4800834655762,1316.4000778198242,1278.720085144043,1326.5600891113281,1257.4800872802734,Group: D,Group: A,Group: D vs Group: A,4,4,Blank_Blank_Blank
"LPG(19:0),LPG(O-20:0)",PG,1292.0000915527344,1246.3600883483887,1311.6601028442383,1328.9800872802734,1454.8401184082031,1527.3801002502441,1428.2200889587402,1432.7400932312012,1435.7201042175293,Group: D,Group: A,Group: D vs Group: A,4,4,Blank_Blank_Blank
"LPG(19:1),LPG(P-20:0)",PG,1248.9601020812988,1246.8200912475586,1278.62007522583,1251.220085144043,1292.6601028442383,1281.760082244873,1415.2200965881348,1318.780086517334,1287.5800819396973,Group: D,Group: A,Group: D vs Group: A,4,4,Blank_Blank_Blank
LPG(20:0),PG,1248.180103302002,1274.9800872802734,1263.5600852966309,1280.6800956726074,1312.6600875854492,1315.7800941467285,1330.3000946044922,1296.2600898742676,1287.200107574463,Group: D,Group: A,Group: D vs Group: A,4,4,Blank_Blank_Blank
LPG(20:1),PG,1247.9001007080078,1312.3200874328613,1246.3000946044922,1267.3800811767578,1297.64009475708,1297.3800926208496,1288.860092163086,1276.6200942993164,1370.7400970458984,Group: D,Group: A,Group: D vs Group: A,4,4,Blank_Blank_Blank
LPG(20:2),PG,1249.0800857543945,1252.3600883483887,1246.7800903320312,1276.3600845336914,1282.3800888061523,1379.0200996398926,1328.8800926208496,1406.3000984191895,1257.2800827026367,Group: D,Group: A,Group: D vs Group: A,4,4,Blank_Blank_Blank
LPG(20:3),PG,1256.8400802612305,1244.9400901794434,1245.6000900268555,1251.2400856018066,1277.3600883483887,1278.6200790405273,1248.740089416504,1249.5600929260254,1251.0400848388672,Group: D,Group: A,Group: D vs Group: A,4,4,Blank_Blank_Blank
LPG(20:4),PG,1248.3800888061523,1245.2600898742676,1245.980094909668,1286.9400901794434,1260.380084991455,1265.8200912475586,1249.5400848388672,1249.0000915527344,1282.2400932312012,Group: D,Group: A,Group: D vs Group: A,4,4,Blank_Blank_Blank
LPG(20:5),PG,1248.000087738037,1276.0800895690918,1246.720085144043,1322.180076599121,1280.7000923156738,1307.040096282959,1249.0400848388672,1313.520092010498,1287.9600791931152,Group: D,Group: A,Group: D vs Group: A,4,4,Blank_Blank_Blank
LPG(22:0),PG,1280.0401000976562,1244.9000854492188,1256.2600898742676,1250.7400856018066,1269.9800834655762,1251.5000839233398,1307.900089263916,1302.5600852966309,1273.6800956726074,Group: D,Group: A,Group: D vs Group: A,4,4,Blank_Blank_Blank
LPG(22:1),PG,1248.6000747680664,1245.460090637207,1319.240104675293,1250.5800895690918,1252.54008102417,1255.4400825500488,1248.8600845336914,1326.0200958251953,1245.720085144043,Group: D,Group: A,Group: D vs Group: A,4,4,Blank_Blank_Blank
LPG(22:2),PG,1264.000087738037,1244.820083618164,1246.3800773620605,1250.700096130371,1337.7200889587402,1292.8200759887695,1265.9600830078125,1248.740089416504,1290.7400817871094,Group: D,Group: A,Group: D vs Group: A,4,4,Blank_Blank_Blank
LPG(22:4),PG,1248.1800918579102,1245.1000900268555,1257.6200904846191,1252.000087738037,1287.0600814819336,1266.7800903320312,1249.480094909668,1248.1601028442383,1271.5000915527344,Group: D,Group: A,Group: D vs Group: A,4,4,Blank_Blank_Blank
LPG(22:6),PG,1248.740089416504,1287.980094909668,1250.860092163086,1251.4800834655762,1263.1200981140137,1295.5800895690918,1249.1400909423828,1249.840087890625,1269.3600845336914,Group: D,Group: A,Group: D vs Group: A,4,4,Blank_Blank_Blank
LPI(12:0),PI,1360.6800994873047,1221.1400871276855,1220.8200912475586,1224.780086517334,1297.680088043213,1235.5600929260254,1230.0600814819336,1214.2400817871094,1277.4600830078125,Group: D,Group: A,Group: D vs Group: A,4,4,Blank_Blank_Blank
LPI(13:0),PI,1256.9000854492188,1220.7600708007812,1253.980094909668,1225.080078125,1274.6400871276855,1223.1400909423828,1216.2800941467285,1248.5400886535645,1224.6800842285156,Group: D,Group: A,Group: D vs Group: A,4,4,Blank_Blank_Blank
LPI(14:0),PI,1274.2600936889648,1302.9800910949707,1284.8000946044922,1355.1800994873047,1341.7201080322266,1307.680088043213,1287.5000953674316,1526.1201057434082,1274.4200897216797,Group: D,Group: A,Group: D vs Group: A,4,4,Blank_Blank_Blank
LPI(14:1),PI,1436.0600891113281,1283.8800888061523,1360.000099182129,1362.9000968933105,1403.5001068115234,1255.3800926208496,1233.0200843811035,1340.7000846862793,1291.160083770752,Group: D,Group: A,Group: D vs Group: A,4,4,Blank_Blank_Blank
"LPI(15:0),LPI(O-16:0)",PI,2106.880172729492,1868.4201393127441,1497.460105895996,2030.60013961792,1724.960117340088,1705.380111694336,1647.2601013183594,1684.3001174926758,1605.1601219177246,Group: D,Group: A,Group: D vs Group: A,4,4,Blank_Blank_Blank
"LPI(15:1),LPI(P-16:0)",PI,1286.0200958251953,1220.2800827026367,1218.7200889587402,1232.7601051330566,1281.2200813293457,1278.4600830078125,1216.0400695800781,1226.6200904846191,1250.8000793457031,Group: D,Group: A,Group: D vs Group: A,4,4,Blank_Blank_Blank
LPI(16:0),PI,1433.960117340088,1268.3400840759277,1248.2000846862793,1372.9000930786133,1468.3801078796387,1223.1200981140137,1253.7600860595703,1427.7400932312012,1270.6000862121582,Group: D,Group: A,Group: D vs Group: A,4,4,Blank_Blank_Blank
LPI(16:1),PI,1244.600082397461,1258.6800956726074,1219.0400848388672,1224.2400817871094,1242.500087738037,1224.04008102417,1222.4200744628906,1214.0000801086426,1251.6800918579102,Group: D,Group: A,Group: D vs Group: A,4,4,Blank_Blank_Blank
"LPI(17:0),LPI(O-18:0)",PI,1313.1000900268555,1310.2000885009766,1280.3000946044922,1479.500114440918,1354.14009475708,1265.280101776123,1279.5600891113281,1263.4600830078125,1266.6800842285156,Group: D,Group: A,Group: D vs Group: A,4,4,Blank_Blank_Blank
"LPI(17:1),LPI(P-18:0)",PI,1262.7600898742676,1284.4400901794434,1236.960090637207,1252.8400955200195,1223.1200904846191,1261.420078277588,1302.1600875854492,1215.320083618164,1286.3200798034668,Group: D,Group: A,Group: D vs Group: A,4,4,Blank_Blank_Blank
LPI(17:2),PI,1222.8600883483887,1246.5400772094727,1219.520092010498,1241.4000816345215,1327.7601051330566,1303.940097808838,1217.720085144043,1290.4400939941406,1265.720085144043,Group: D,Group: A,Group: D vs Group: A,4,4,Blank_Blank_Blank
LPI(18:0),PI,1306.640079498291,1303.3400917053223,1261.8000946044922,1679.6801223754883,1467.6401062011719,1306.6600952148438,1332.1200942993164,1276.2200889587402,1266.6800918579102,Group: D,Group: A,Group: D vs Group: A,4,4,Blank_Blank_Blank
LPI(18:1),PI,1264.7201042175293,1355.1200904846191,1265.1200828552246,1401.7401008605957,1334.8600997924805,1265.1200904846191,1257.9200820922852,1256.9600868225098,1266.7000846862793,Group: D,Group: A,Group: D vs Group: A,4,4,Blank_Blank_Blank
LPI(18:2),PI,1354.8800888061523,1363.4601020812988,1300.4000968933105,1283.3000984191895,1265.3400917053223,1301.6401062011719,1338.900089263916,1348.0000953674316,1348.2200889587402,Group: D,Group: A,Group: D vs Group: A,4,4,Blank_Blank_Blank
LPI(18:3),PI,1265.5200958251953,1263.0600967407227,1262.2000923156738,1342.8800964355469,1322.4200859069824,1283.5400848388672,1323.8000831604004,1283.2400817871094,1266.8400917053223,Group: D,Group: A,Group: D vs Group: A,4,4,Blank_Blank_Blank
LPI(18:4),PI,1280.2400817871094,1311.5200996398926,1353.6800842285156,1301.2200927734375,1425.960105895996,1278.460090637207,1259.8000831604004,1257.8600959777832,1266.160083770752,Group: D,Group: A,Group: D vs Group: A,4,4,Blank_Blank_Blank
"LPI(19:0),LPI(O-20:0)",PI,1329.8200912475586,1324.6401100158691,1334.8400917053223,1333.3801002502441,1281.1400909423828,1287.2800788879395,1336.680088043213,1515.5401000976562,1364.5400886535645,Group: D,Group: A,Group: D vs Group: A,4,4,Blank_Blank_Blank
"LPI(19:1),LPI(P-20:0)",PI,1415.8000946044922,1336.7800979614258,1268.4400901794434,1427.60009765625,1314.500087738037,1265.0800895690918,1371.2200965881348,1406.4600982666016,1404.240104675293,Group: D,Group: A,Group: D vs Group: A,4,4,Blank_Blank_Blank
LPI(20:0),PI,1298.3000869750977,1316.9800987243652,1261.4400939941406,1328.2800941467285,1343.2200889587402,1274.0000915527344,1258.040096282959,1287.8400840759277,1282.280086517334,Group: D,Group: A,Group: D vs Group: A,4,4,Blank_Blank_Blank
LPI(20:1),PI,1457.4401016235352,1291.9200973510742,1316.200096130371,1342.2800903320312,1371.0000915527344,1310.360092163086,1302.8200874328613,1325.9000968933105,1282.280086517334,Group: D,Group: A,Group: D vs Group: A,4,4,Blank_Blank_Blank
LPI(20:2),PI,1334.8800811767578,1264.7600860595703,1309.4200897216797,1295.640079498291,1339.2601013183594,1283.1200942993164,1265.4000816345215,1290.2200889587402,1283.14009475708,Group: D,Group: A,Group: D vs Group: A,4,4,Blank_Blank_Blank
LPI(20:3),PI,1265.1000862121582,1263.2200927734375,1293.9000816345215,1269.4800872802734,1331.520092010498,1265.3400955200195,1258.6600799560547,1320.3800888061523,1266.6001052856445,Group: D,Group: A,Group: D vs Group: A,4,4,Blank_Blank_Blank
LPI(20:4),PI,1336.000099182129,1265.5400848388672,1334.6200904846191,1423.1200981140137,1269.3400917053223,1316.7200965881348,1293.5400886535645,1328.0200881958008,1266.8200950622559,Group: D,Group: A,Group: D vs Group: A,4,4,Blank_Blank_Blank
LPI(20:5),PI,1265.4000778198242,1272.4000778198242,1261.180088043213,1281.2200889587402,1278.3600959777832,1266.1200866699219,1284.9800910949707,1276.6000862121582,1266.880084991455,Group: D,Group: A,Group: D vs Group: A,4,4,Blank_Blank_Blank
LPI(21:0),PI,1312.9600944519043,1427.7200965881348,1317.1800918579102,1369.3200912475586,1317.760097503662,1325.8600997924805,1276.7400932312012,1330.9200820922852,1314.5000915527344,Group: D,Group: A,Group: D vs Group: A,4,4,Blank_Blank_Blank
LPI(22:0),PI,1358.240089416504,1365.4801025390625,1309.0801010131836,1343.4800872802734,1466.1800994873047,1313.9401016235352,1513.1601066589355,1385.7401008605957,1343.460090637207,Group: D,Group: A,Group: D vs Group: A,4,4,Blank_Blank_Blank
LPI(22:1),PI,1277.3801002502441,1307.900089263916,1261.1200981140137,1267.0200843811035,1347.6800918579102,1272.0000953674316,1258.3000869750977,1299.7400817871094,1266.1600952148438,Group: D,Group: A,Group: D vs Group: A,4,4,Blank_Blank_Blank
LPI(22:2),PI,1281.7200965881348,1262.940086364746,1261.340087890625,1311.180088043213,1286.480094909668,1265.6400871276855,1291.660083770752,1305.9600868225098,1331.66011428833,Group: D,Group: A,Group: D vs Group: A,4,4,Blank_Blank_Blank
LPI(22:4),PI,1333.5001106262207,1262.760097503662,1261.4600944519043,1311.7400970458984,1265.6400909423828,1266.0800895690918,1337.5200843811035,1257.3800926208496,1266.240089416504,Group: D,Group: A,Group: D vs Group: A,4,4,Blank_Blank_Blank
LPI(22:6),PI,1372.940097808838,1262.7600898742676,1261.6000938415527,1266.900089263916,1327.8001098632812,1276.720100402832,1280.660099029541,1256.5800895690918,1272.2200889587402,Group: D,Group: A,Group: D vs Group: A,4,4,Blank_Blank_Blank
LPS(12:0),PS,1295.2600936889648,1337.3000869750977,1394.0600891113281,1317.1600914001465,1316.480094909668,1298.1400909423828,1294.8800811767578,1478.8601036071777,1311.7200965881348,Group: D,Group: A,Group: D vs Group: A,4,4,Blank_Blank_Blank
LPS(13:0),PS,1423.5200996398926,1305.7400856018066,1412.0201034545898,1310.5200996398926,1302.4400901794434,1325.1800956726074,1267.800090789795,1325.1200981140137,1351.6600875854492,Group: D,Group: A,Group: D vs Group: A,4,4,Blank_Blank_Blank
LPS(14:1),PS,1669.8401260375977,1552.1401062011719,2484.760166168213,1758.400131225586,1747.6801376342773,2223.3201599121094,1606.1201057434082,2380.2401733398438,2102.860153198242,Group: D,Group: A,Group: D vs Group: A,4,4,Blank_Blank_Blank
LPS(16:1),PS,1302.6400871276855,1262.8400917053223,1370.9400939941406,1310.4600830078125,1289.3600959777832,1381.340087890625,1264.9200859069824,1422.6800918579102,1385.2000846862793,Group: D,Group: A,Group: D vs Group: A,4,4,Blank_Blank_Blank
LPS(17:2),PS,1308.0600929260254,1263.9200897216797,1314.7000885009766,1348.7401008605957,1271.3600997924805,1274.1200942993164,1320.5600891113281,1430.6000938415527,1367.6001014709473,Group: D,Group: A,Group: D vs Group: A,4,4,Blank_Blank_Blank
LPS(18:1),PS,1316.6400871276855,1290.3400840759277,1340.0600967407227,1374.2200927734375,1313.9400939941406,1398.2800941467285,1261.0400924682617,1322.5000953674316,1419.4400939941406,Group: D,Group: A,Group: D vs Group: A,4,4,Blank_Blank_Blank
LPS(18:2),PS,1293.8200988769531,1314.1800918579102,1291.4400939941406,1334.3800964355469,1289.1200904846191,1338.300106048584,1259.8600959777832,1271.740089416504,1285.1800842285156,Group: D,Group: A,Group: D vs Group: A,4,4,Blank_Blank_Blank
LPS(18:3),PS,1280.4401016235352,1263.6200981140137,1336.0400924682617,1261.900089263916,1258.4400939941406,1292.5600891113281,1260.3800926208496,1331.5200996398926,1256.6000862121582,Group: D,Group: A,Group: D vs Group: A,4,4,Blank_Blank_Blank
LPS(20:0),PS,1311.3400993347168,1280.5000839233398,1335.8000984191895,1294.60009765625,1306.9200897216797,1318.0600929260254,1277.8400917053223,1258.5000762939453,1319.520076751709,Group: D,Group: A,Group: D vs Group: A,4,4,Blank_Blank_Blank
LPS(20:1),PS,1318.580093383789,1263.6400909423828,1410.8000984191895,1261.8800926208496,1325.8201065063477,1259.1200866699219,1277.580093383789,1292.1200942993164,1277.220085144043,Group: D,Group: A,Group: D vs Group: A,4,4,Blank_Blank_Blank
LPS(20:2),PS,1333.60009765625,1288.500087738037,1283.9401016235352,1272.8200874328613,1258.7200927734375,1322.7200965881348,1260.1800918579102,1272.6200904846191,1307.880084991455,Group: D,Group: A,Group: D vs Group: A,4,4,Blank_Blank_Blank
LPS(20:3),PS,1313.1000938415527,1289.6000938415527,1485.1400909423828,1331.9801025390625,1287.180088043213,1302.5400886535645,1305.9800834655762,1325.7600936889648,1344.1800918579102,Group: D,Group: A,Group: D vs Group: A,4,4,Blank_Blank_Blank
LPS(20:4),PS,1486.5201110839844,1274.6800842285156,1603.6601066589355,1432.3001022338867,1309.6400833129883,1406.1200904846191,1341.8000869750977,1671.58012008667,1333.220085144043,Group: D,Group: A,Group: D vs Group: A,4,4,Blank_Blank_Blank
LPS(20:5),PS,1368.4200973510742,1263.2200927734375,1328.0200805664062,1314.7800979614258,1449.0600891113281,1520.980125427246,1263.2000770568848,1345.240089416504,1488.9801063537598,Group: D,Group: A,Group: D vs Group: A,4,4,Blank_Blank_Blank
LPS(21:0),PS,1261.8000869750977,1297.2200889587402,1321.4801025390625,1268.8200874328613,1274.2000885009766,1293.520076751709,1308.920093536377,1274.7000846862793,1286.6000862121582,Group: D,Group: A,Group: D vs Group: A,4,4,Blank_Blank_Blank
LPS(22:0),PS,1353.3601036071777,1265.5200843811035,1355.4000930786133,1276.7000885009766,1270.0200881958008,1259.180088043213,1333.5600967407227,1259.9000854492188,1355.2200965881348,Group: D,Group: A,Group: D vs Group: A,4,4,Blank_Blank_Blank
LPS(22:1),PS,1349.8000946044922,1263.4600982666016,1288.2400817871094,1280.920093536377,1257.6200904846191,1286.460090637207,1259.9400901794434,1336.7200889587402,1302.3000869750977,Group: D,Group: A,Group: D vs Group: A,4,4,Blank_Blank_Blank
LPS(22:2),PS,1302.6200790405273,1263.1600952148438,1259.860092163086,1262.1800804138184,1278.9800910949707,1339.7600898742676,1259.7800941467285,1280.7200813293457,1377.760097503662,Group: D,Group: A,Group: D vs Group: A,4,4,Blank_Blank_Blank
LPS(22:4),PS,1261.5400886535645,1290.1000862121582,1315.7200965881348,1261.5400886535645,1257.8600807189941,1311.5200958251953,1260.1400871276855,1258.7800827026367,1255.740077972412,Group: D,Group: A,Group: D vs Group: A,4,4,Blank_Blank_Blank
LPS(22:6),PS,1439.1601028442383,1473.920093536377,1797.600112915039,1532.3001136779785,1365.8000946044922,1622.500114440918,1359.4201011657715,1633.1801414489746,1255.0200805664062,Group: D,Group: A,Group: D vs Group: A,4,4,Blank_Blank_Blank
LPS(O-16:0),PS,1382.1800956726074,1329.1200904846191,1330.4401092529297,1399.7201080322266,1337.580093383789,1331.8000946044922,1277.5400886535645,1286.980079650879,1328.940086364746,Group: D,Group: A,Group: D vs Group: A,4,4,Blank_Blank_Blank
LPS(O-18:0),PS,2558.860179901123,2434.3001823425293,2995.760223388672,1718.8601150512695,2284.120185852051,2930.780216217041,1967.5401229858398,3020.980197906494,2508.60018157959,Group: D,Group: A,Group: D vs Group: A,4,4,Blank_Blank_Blank
LPS(O-20:0),PS,1305.5200996398926,1316.020092010498,1273.9600791931152,1317.7200927734375,1268.2600936889648,1349.900089263916,1288.5800971984863,1285.9800910949707,1305.3000793457031,Group: D,Group: A,Group: D vs Group: A,4,4,Blank_Blank_Blank
LPS(P-16:0),PS,1514.6401138305664,1379.8001022338867,1531.780101776123,1280.2600936889648,1279.7200965881348,1280.3400840759277,1351.920093536377,1338.7200889587402,1404.520092010498,Group: D,Group: A,Group: D vs Group: A,4,4,Blank_Blank_Blank
LPS(P-18:0),PS,1380.2601051330566,1263.020092010498,1347.1000938415527,1289.5200996398926,1286.4400901794434,1297.8400802612305,1291.1000900268555,1329.6800842285156,1339.6600875854492,Group: D,Group: A,Group: D vs Group: A,4,4,Blank_Blank_Blank
LPS(P-20:0),PS,1313.680088043213,1303.720100402832,1259.6200981140137,1363.780101776123,1257.720085144043,1313.6200866699219,1260.7000999450684,1258.2600784301758,1299.660083770752,Group: D,Group: A,Group: D vs Group: A,4,4,Blank_Blank_Blank
"PC(10:0),LPC(11:0)",PC,1131.3800811767578,1069.3000679016113,1262.6800956726074,1001.0600662231445,1012.5200576782227,1048.5800743103027,1096.3600730895996,1061.7000694274902,1133.740077972412,Group: D,Group: A,Group: D vs Group: A,4,4,Blank_Blank_Blank
"PC(12:0),LPC(13:0),LPC(O-14:0)",PC,1272.460090637207,1104.2800903320312,1045.2600746154785,1001.3400802612305,1022.7800827026367,1225.760082244873,1030.5200843811035,1097.9200706481934,1158.0000953674316,Group: D,Group: A,Group: D vs Group: A,4,4,Blank_Blank_Blank
PC(12:4),PC,1176.9600830078125,1217.6200866699219,1048.1200714111328,1073.6400756835938,1052.2400741577148,1165.1200790405273,1080.3200759887695,1145.8000831604004,1293.7600860595703,Group: D,Group: A,Group: D vs Group: A,4,4,Blank_Blank_Blank
"PC(14:0),LPC(15:0),LPC(O-16:0)",PC,1737.0801391601562,1432.4401092529297,1271.4201011657715,1253.580093383789,1181.180088043213,1554.040111541748,1050.840072631836,1124.3400840759277,1216.7800788879395,Group: D,Group: A,Group: D vs Group: A,4,4,Blank_Blank_Blank
"PC(16:0),PC(O-17:0),LPC(O-18:0)",PC,1632.040111541748,1249.6800918579102,2776.6401557922363,1272.080093383789,1645.6401138305664,2037.020149230957,1543.2601127624512,1262.3401069641113,1193.6200866699219,Group: D,Group: A,Group: D vs Group: A,4,4,Blank_Blank_Blank
PC(16:4),PC,1101.5800819396973,1170.9000854492188,1001.1400756835938,1052.5000686645508,1038.9000701904297,1073.7600708007812,1058.9800758361816,1130.4200820922852,1069.9800720214844,Group: D,Group: A,Group: D vs Group: A,4,4,Blank_Blank_Blank
"PC(18:0),LPC(19:0),PC(O-19:0),LPC(O-20:0)",PC,1458.580093383789,1703.5801124572754,1767.600112915039,1085.8400802612305,1385.5600929260254,1537.4401092529297,1258.7600898742676,1175.6200790405273,1168.54008102417,Group: D,Group: A,Group: D vs Group: A,4,4,Blank_Blank_Blank
"PC(18:1),LPC(19:1),PC(O-19:1),LPC(P-20:0)",PC,1493.1601028442383,1321.3401107788086,1271.9400901794434,1130.5600852966309,1224.7400932312012,1504.440097808838,1147.420093536377,1216.2000885009766,1207.3400917053223,Group: D,Group: A,Group: D vs Group: A,4,4,Blank_Blank_Blank
"PC(19:0),LPC(20:0),PC(O-20:0)",PC,1975.3801231384277,1593.8800926208496,2651.7801475524902,1807.9401168823242,1747.6801109313965,2880.980197906494,1427.7201042175293,1160.7200927734375,1240.3400917053223,Group: D,Group: A,Group: D vs Group: A,4,4,Blank_Blank_Blank
"PC(19:1),LPC(20:1),PC(O-20:1),PC(P-20:0)",PC,1563.4401245117188,1426.1001091003418,2042.3001670837402,1243.1400909423828,1157.4601020812988,1915.0801162719727,1382.7600936889648,1399.1401100158691,1133.980079650879,Group: D,Group: A,Group: D vs Group: A,4,4,Blank_Blank_Blank
"PC(20:0),LPC(21:0),PC(O-21:0)",PC,1678.020118713379,1519.5800895690918,1418.7400932312012,1188.0600814819336,1025.9400787353516,1545.8801002502441,1049.2800827026367,1015.1000671386719,1079.0800666809082,Group: D,Group: A,Group: D vs Group: A,4,4,Blank_Blank_Blank
"PC(20:1),PC(O-21:1)",PC,1094.3000717163086,1034.2200775146484,1133.8400802612305,1037.6400680541992,995.6400680541992,1243.100082397461,1015.460075378418,1042.0200691223145,1105.8800811767578,Group: D,Group: A,Group: D vs Group: A,4,4,Blank_Blank_Blank
"PC(20:4),LPC(21:4)",PC,1181.180088043213,1103.9200859069824,1061.1200714111328,1152.3600845336914,1104.6400756835938,1133.600082397461,1010.9600715637207,1165.0600852966309,1039.0200691223145,Group: D,Group: A,Group: D vs Group: A,4,4,Blank_Blank_Blank
"PC(21:0),LPC(22:0),PC(O-22:0)",PC,4134.8003578186035,2039.500144958496,4238.740291595459,2331.72013092041,2599.280174255371,4693.280349731445,1634.4801292419434,2647.900215148926,1461.0200958251953,Group: D,Group: A,Group: D vs Group: A,4,4,Blank_Blank_Blank
"PC(21:1),LPC(22:1)",PC,4342.200344085693,3132.560272216797,3222.560234069824,3675.9202880859375,2137.7201538085938,4610.780376434326,2615.200183868408,3082.0802154541016,1365.7601051330566,Group: D,Group: A,Group: D vs Group: A,4,4,Blank_Blank_Blank
PC(22:0),PC,1523.360107421875,2503.1201667785645,2192.8001823425293,1468.6201171875,1258.1400871276855,2692.440216064453,1168.0800857543945,1964.22017288208,1193.9600830078125,Group: D,Group: A,Group: D vs Group: A,4,4,Blank_Blank_Blank
PC(22:1),PC,1179.820083618164,1145.0000839233398,1101.560073852539,1022.6200752258301,1075.0000801086426,1361.500099182129,1014.7400817871094,1097.0200805664062,1046.4600715637207,Group: D,Group: A,Group: D vs Group: A,4,4,Blank_Blank_Blank
PC(24:0),PC,1416.100082397461,2053.14013671875,3077.4402656555176,1171.8600769042969,1286.7800903320312,1863.7001342773438,1145.0400772094727,2185.6001892089844,1521.7801132202148,Group: D,Group: A,Group: D vs Group: A,4,4,Blank_Blank_Blank
PC(25:0),PC,1630.5601196289062,1222.1200790405273,2297.1001777648926,1181.1400871276855,1676.3601264953613,1609.8201141357422,1109.640079498291,1532.040111541748,1182.7000732421875,Group: D,Group: A,Group: D vs Group: A,4,4,Blank_Blank_Blank
PC(26:0),PC,3457.7602577209473,4371.580303192139,3320.880241394043,1412.2400970458984,3423.820281982422,4130.72025680542,1572.0201110839844,4349.880355834961,2059.5001487731934,Group: D,Group: A,Group: D vs Group: A,4,4,Blank_Blank_Blank
PC(26:1),PC,1094.1000747680664,1294.580093383789,1201.340072631836,1047.0600700378418,1231.0600852966309,1423.4200973510742,1277.0000762939453,1472.0401077270508,1068.6600799560547,Group: D,Group: A,Group: D vs Group: A,4,4,Blank_Blank_Blank
"PC(27:0),PC(O-28:0)",PC,1799.6601486206055,1563.8001289367676,1862.5601234436035,1129.5600852966309,1213.660083770752,2142.360149383545,1092.0600776672363,1329.400089263916,1301.4600982666016,Group: D,Group: A,Group: D vs Group: A,4,4,Blank_Blank_Blank
"PC(27:1),PC(P-28:0)",PC,1246.0800743103027,1273.800090789795,1653.6401405334473,1081.9800605773926,1249.3000869750977,1164.3600883483887,1098.5200843811035,1098.520076751709,1095.8200759887695,Group: D,Group: A,Group: D vs Group: A,4,4,Blank_Blank_Blank
"PC(28:0),PC(O-29:0)",PC,1728.1001205444336,1789.200138092041,2797.0001945495605,1343.5200881958008,2263.1401748657227,2894.100200653076,1501.5401191711426,2438.000171661377,1501.2601051330566,Group: D,Group: A,Group: D vs Group: A,4,4,Blank_Blank_Blank
"PC(28:1),PC(P-29:0)",PC,1634.6201171875,1350.2800979614258,1411.0000953674316,1330.780086517334,1670.8601188659668,1349.8600959777832,1366.9600982666016,1481.8801002502441,1331.660099029541,Group: D,Group: A,Group: D vs Group: A,4,4,Blank_Blank_Blank
PC(28:2),PC,1101.62007522583,1612.700122833252,1834.8801307678223,1036.6400756835938,1329.0200843811035,1201.4801025390625,1077.480079650879,1523.880111694336,1186.1400871276855,Group: D,Group: A,Group: D vs Group: A,4,4,Blank_Blank_Blank
"PC(29:0),PC(O-30:0)",PC,2138.5801162719727,1826.1801300048828,1930.140151977539,1038.2800827026367,1866.6801490783691,1841.10013961792,1314.3201141357422,1394.9800987243652,1293.8400955200195,Group: D,Group: A,Group: D vs Group: A,4,4,Blank_Blank_Blank
"PC(29:1),PC(O-30:1),PC(P-30:0)",PC,3301.2602577209473,1623.740104675293,3018.5802040100098,1273.6200942993164,1483.6200866699219,2866.760185241699,1443.2000923156738,1904.7001266479492,1142.400074005127,Group: D,Group: A,Group: D vs Group: A,4,4,Blank_Blank_Blank
"PC(29:2),PC(P-30:1)",PC,1273.940086364746,1253.0200843811035,1499.2400932312012,1019.3600616455078,1047.3000755310059,1183.3600845336914,1042.6800689697266,1326.7200889587402,1066.9600677490234,Group: D,Group: A,Group: D vs Group: A,4,4,Blank_Blank_Blank
"PC(30:0),PC(O-31:0)",PC,24770.9815826416,20278.441551208496,9516.300735473633,11121.160800933838,7520.160488128662,17662.601039886475,4354.92036819458,6071.560459136963,1580.7601356506348,Group: D,Group: A,Group: D vs Group: A,4,4,Blank_Blank_Blank
"PC(30:1),PC(O-31:1),PC(P-31:0)",PC,62557.64326095581,47928.22427749634,25720.460956573486,33666.16234970093,16639.321712493896,47534.18321609497,11039.040996551514,16178.261707305908,1830.6601295471191,Group: D,Group: A,Group: D vs Group: A,4,4,Blank_Blank_Blank
"PC(30:2),PC(P-31:1)",PC,2959.1801376342773,1535.4801025390625,2461.200149536133,1163.1400909423828,1727.920124053955,2773.4201736450195,1445.8800964355469,1892.380126953125,1027.9400787353516,Group: D,Group: A,Group: D vs Group: A,4,4,Blank_Blank_Blank
PC(30:3),PC,1311.200096130371,1208.6800842285156,1458.680088043213,1104.5800704956055,1097.1400718688965,1281.1200981140137,1012.6200714111328,1160.0600814819336,1116.9600677490234,Group: D,Group: A,Group: D vs Group: A,4,4,Blank_Blank_Blank
PC(30:4),PC,1194.9000816345215,1294.6401023864746,1498.9200973510742,1259.6800842285156,1154.5800743103027,1705.4201011657715,1000.4800682067871,1081.1000671386719,1155.5800819396973,Group: D,Group: A,Group: D vs Group: A,4,4,Blank_Blank_Blank
"PC(31:0),PC(O-32:0)",PC,28604.142169952393,21733.76134109497,11164.50065612793,13727.661430358887,8969.280513763428,21168.2416305542,5591.140308380127,5860.080551147461,1627.8001022338867,Group: D,Group: A,Group: D vs Group: A,4,4,Blank_Blank_Blank
"PC(31:1),PC(O-32:1),PC(P-32:0)",PC,9220.720386505127,6775.100498199463,4517.900234222412,5059.680515289307,2666.700225830078,6069.980449676514,1992.6201248168945,2359.740219116211,1036.7200736999512,Group: D,Group: A,Group: D vs Group: A,4,4,Blank_Blank_Blank
"PC(31:2),PC(O-32:2),PC(P-32:1)",PC,1812.5001487731934,1870.2601165771484,1754.5401344299316,1152.7200775146484,1553.400104522705,1683.1601219177246,1229.4800987243652,1292.0800971984863,1108.6800804138184,Group: D,Group: A,Group: D vs Group: A,4,4,Blank_Blank_Blank
"PC(31:3),PC(O-32:3)",PC,1692.4401321411133,1412.7801094055176,1471.9001007080078,1084.460075378418,1151.12007522583,1345.4801063537598,1095.2200889587402,1025.140079498291,1059.8600769042969,Group: D,Group: A,Group: D vs Group: A,4,4,Blank_Blank_Blank
PC(31:4),PC,1229.5600891113281,1242.9200820922852,1135.8000793457031,1034.980068206787,1214.5200805664062,1291.8801002502441,1017.440071105957,1243.7000770568848,1123.8000831604004,Group: D,Group: A,Group: D vs Group: A,4,4,Blank_Blank_Blank
"PC(32:0),PC(O-33:0)",PC,586161.6118927002,503785.96658325195,337133.9331359863,339241.50062561035,152500.8468284607,388734.44622802734,99705.58694839478,99587.5698928833,2047.0401344299316,Group: D,Group: A,Group: D vs Group: A,4,4,Blank_Blank_Blank
"PC(32:1),PC(O-33:1),PC(P-33:0)",PC,364953.919921875,231248.7006187439,95615.74666213989,98402.08801269531,99562.76857757568,203384.35707092285,55207.32405471802,56831.464179992676,1598.6801109313965,Group: D,Group: A,Group: D vs Group: A,4,4,Blank_Blank_Blank
"PC(32:2),PC(O-33:2),PC(P-33:1)",PC,75910.9453125,44521.48331832886,22696.081512451172,32263.522045135498,20606.120948791504,51451.20411682129,12259.060932159424,12360.960483551025,1084.3800773620605,Group: D,Group: A,Group: D vs Group: A,4,4,Blank_Blank_Blank
"PC(32:3),PC(P-33:2)",PC,3299.940273284912,2428.8202056884766,1897.1601486206055,2174.8801460266113,1695.0000953674316,2246.080177307129,1223.7400856018066,1024.5200691223145,1024.2200736999512,Group: D,Group: A,Group: D vs Group: A,4,4,Blank_Blank_Blank
PC(32:4),PC,1525.0601348876953,1070.480068206787,1448.800106048584,1266.5600929260254,1244.9000968933105,1248.5400772094727,1015.5800743103027,1043.8600807189941,1165.440086364746,Group: D,Group: A,Group: D vs Group: A,4,4,Blank_Blank_Blank
PC(32:5),PC,2019.100154876709,1354.3801002502441,1815.7401123046875,1393.3201026916504,1549.7001113891602,2116.400157928467,1271.9400901794434,1440.4000930786133,1551.2601127624512,Group: D,Group: A,Group: D vs Group: A,4,4,Blank_Blank_Blank
"PC(33:0),PC(O-34:0)",PC,17700.821212768555,14326.940475463867,12615.340866088867,9459.500747680664,5249.360443115234,13828.301170349121,3171.680160522461,4317.1603355407715,1284.7400970458984,Group: D,Group: A,Group: D vs Group: A,4,4,Blank_Blank_Blank
"PC(33:1),PC(O-34:1),PC(P-34:0)",PC,76791.26383209229,54961.18202972412,35586.78263473511,28206.46258163452,16196.541534423828,53587.12236404419,10509.44080734253,13510.180938720703,1384.620101928711,Group: D,Group: A,Group: D vs Group: A,4,4,Blank_Blank_Blank
"PC(33:2),PC(O-34:2),PC(P-34:1)",PC,48502.44253540039,31817.90142059326,27322.722217559814,31929.76266860962,12359.720512390137,37288.80306625366,5645.920391082764,7219.440490722656,1257.5800895690918,Group: D,Group: A,Group: D vs Group: A,4,4,Blank_Blank_Blank
"PC(33:3),PC(O-34:3),PC(P-34:2)",PC,4664.800247192383,3791.1402473449707,3098.1602210998535,2794.820209503174,2198.9001998901367,3641.6002349853516,1573.2401084899902,1631.8601188659668,1131.6000709533691,Group: D,Group: A,Group: D vs Group: A,4,4,Blank_Blank_Blank
"PC(33:4),PC(O-34:4),PC(O-34:4),PC(P-34:3)",PC,1703.0801239013672,1702.9001274108887,1912.8801155090332,1175.0200805664062,1298.240089416504,1597.560131072998,1217.3200798034668,1279.9200859069824,1097.420078277588,Group: D,Group: A,Group: D vs Group: A,4,4,Blank_Blank_Blank
"PC(33:5),PC(P-34:4)",PC,2083.0001220703125,2134.3201599121094,1991.1601333618164,1693.960105895996,1695.4001388549805,2029.740161895752,1225.740089416504,1336.960105895996,1248.2200965881348,Group: D,Group: A,Group: D vs Group: A,4,4,Blank_Blank_Blank
"PC(34:0),PC(O-35:0)",PC,390998.14907836914,266490.6770401001,215177.692237854,140857.54666900635,91828.04804229736,192727.33922576904,51858.00402832031,70239.26648712158,3316.6802558898926,Group: D,Group: A,Group: D vs Group: A,4,4,Blank_Blank_Blank
"PC(34:1),PC(O-35:1),PC(P-35:0)",PC,4251753.449707031,2932619.577392578,2242218.895751953,1494454.1447143555,1103492.5275268555,2476517.0951538086,639457.1419677734,777592.5447387695,24446.60189819336,Group: D,Group: A,Group: D vs Group: A,4,4,Blank_Blank_Blank
"PC(34:2),PC(O-35:2),PC(P-35:1)",PC,9855859.565338135,8199863.713745117,6397220.281494141,5683639.628753662,2568846.803039551,5247780.186584473,1354046.4703063965,1689219.6718139648,14546.601104736328,Group: D,Group: A,Group: D vs Group: A,4,4,Blank_Blank_Blank
"PC(34:3),PC(P-35:2)",PC,692923.4250869751,503242.3549194336,402855.20443725586,430846.67038726807,199941.53099441528,388487.4694213867,105052.98454284668,114696.24927139282,1841.5201377868652,Group: D,Group: A,Group: D vs Group: A,4,4,Blank_Blank_Blank
"PC(34:4),PC(O-35:4)",PC,40975.682472229004,28115.90172958374,25102.262439727783,24855.92153930664,10125.200950622559,24898.882080078125,7966.540729522705,7246.540618896484,1091.4800758361816,Group: D,Group: A,Group: D vs Group: A,4,4,Blank_Blank_Blank
PC(34:5),PC,2486.760208129883,2304.7801818847656,2402.940128326416,1352.1600875854492,1767.440113067627,2121.6801681518555,1303.4800834655762,1688.8401336669922,1155.0000839233398,Group: D,Group: A,Group: D vs Group: A,4,4,Blank_Blank_Blank
PC(34:6),PC,2952.3601455688477,2334.660202026367,2513.64017868042,1308.2000885009766,1753.5201263427734,2623.340171813965,1055.520076751709,1503.6401252746582,1161.0000801086426,Group: D,Group: A,Group: D vs Group: A,4,4,Blank_Blank_Blank
"PC(35:2),PC(O-36:2),PC(P-36:1)",PC,65150.02388763428,92089.24662399292,78049.76399993896,78718.72604751587,25213.021423339844,57821.26357269287,18322.561347961426,26017.26173400879,1357.06010055542,Group: D,Group: A,Group: D vs Group: A,4,4,Blank_Blank_Blank
"PC(35:3),PC(O-36:3),PC(P-36:2)",PC,26123.6418800354,29647.542015075684,31106.26243209839,31201.702800750732,12493.16109085083,22384.261528015137,7962.600673675537,8938.14070892334,1269.540096282959,Group: D,Group: A,Group: D vs Group: A,4,4,Blank_Blank_Blank
"PC(35:4),PC(O-36:4),PC(P-36:3)",PC,27086.34132003784,32409.741886138916,34726.183086395264,32616.242279052734,11542.060569763184,20650.8208694458,9331.080883026123,8425.08041381836,1270.5200881958008,Group: D,Group: A,Group: D vs Group: A,4,4,Blank_Blank_Blank
"PC(35:5),PC(O-36:5),PC(P-36:4)",PC,9054.02080154419,13678.881332397461,10876.800838470459,3782.0402793884277,4570.840274810791,7531.180480957031,3431.180263519287,3973.5403442382812,1102.1400680541992,Group: D,Group: A,Group: D vs Group: A,4,4,Blank_Blank_Blank
"PC(35:6),PC(P-36:5)",PC,10936.560779571533,8603.880615234375,8275.160640716553,5104.280300140381,3095.360164642334,5786.140506744385,2560.1002311706543,2963.620185852051,1140.4200744628906,Group: D,Group: A,Group: D vs Group: A,4,4,Blank_Blank_Blank
"PC(36:3),PC(P-37:2)",PC,1804988.3022460938,2559138.7073669434,1944887.946395874,1994356.9767532349,914103.7924079895,1211484.4309120178,699169.0907974243,798562.1650238037,3154.4602127075195,Group: D,Group: A,Group: D vs Group: A,4,4,Blank_Blank_Blank
"PC(36:4),PC(O-37:4)",PC,3419892.6698303223,5553428.3759765625,4649054.848175049,4845772.019950867,1622125.5453186035,2249440.615760803,1519028.7739105225,1301176.3316345215,3714.420280456543,Group: D,Group: A,Group: D vs Group: A,4,4,Blank_Blank_Blank
PC(36:5),PC,221040.7511062622,276194.2131500244,208223.9214553833,263575.9135246277,121189.2050857544,133114.07177352905,69239.16438674927,80352.08492279053,1204.5800743103027,Group: D,Group: A,Group: D vs Group: A,4,4,Blank_Blank_Blank
PC(36:6),PC,12934.401023864746,15567.321418762207,13608.621181488037,16351.921642303467,7398.580684661865,9418.700756072998,5292.700496673584,5552.560302734375,1051.920078277588,Group: D,Group: A,Group: D vs Group: A,4,4,Blank_Blank_Blank
"PC(36:7),PC(35:0),PC(O-36:0)",PC,6056.380462646484,6482.500602722168,6431.280410766602,5705.720436096191,3541.70023727417,5303.760276794434,2157.760150909424,2736.2601776123047,1483.8200912475586,Group: D,Group: A,Group: D vs Group: A,4,4,Blank_Blank_Blank
"PC(36:8),PC(35:1),PC(O-36:1),PC(P-36:0)",PC,30799.561264038086,40281.92321777344,33004.04181289673,11938.380867004395,14696.98108291626,25987.56177520752,10889.84073638916,12096.120681762695,2014.0201568603516,Group: D,Group: A,Group: D vs Group: A,4,4,Blank_Blank_Blank
"PC(37:3),PC(O-38:3),PC(P-38:2)",PC,22312.921073913574,29895.441612243652,25763.161365509033,26918.761432647705,10628.260646820068,20435.901470184326,8091.160526275635,11000.020725250244,1122.7200813293457,Group: D,Group: A,Group: D vs Group: A,4,4,Blank_Blank_Blank
"PC(37:4),PC(O-38:4),PC(P-38:3)",PC,43978.10243225098,71458.94627761841,68433.32461547852,73041.1039352417,20481.34133529663,44572.743755340576,21096.52154159546,23473.241180419922,1153.8600845336914,Group: D,Group: A,Group: D vs Group: A,4,4,Blank_Blank_Blank
"PC(37:5),PC(O-38:5),PC(P-38:4)",PC,29023.38125228882,40212.3023109436,32116.00165939331,33928.60159301758,14007.240837097168,23395.70126724243,12050.88073348999,12790.601058959961,1121.4000778198242,Group: D,Group: A,Group: D vs Group: A,4,4,Blank_Blank_Blank
"PC(37:6),PC(O-38:6),PC(P-38:5)",PC,17333.72109222412,53975.644622802734,47996.02405166626,41523.3424949646,14595.221313476562,26017.962299346924,13200.581119537354,12380.460887908936,1113.5400848388672,Group: D,Group: A,Group: D vs Group: A,4,4,Blank_Blank_Blank
"PC(37:7),PC(P-38:6),PC(36:0),PC(O-37:0)",PC,54049.46210479736,64337.70491027832,42428.40196609497,34937.70206832886,20156.441116333008,30588.861541748047,18895.00120162964,20265.821739196777,1844.1601181030273,Group: D,Group: A,Group: D vs Group: A,4,4,Blank_Blank_Blank
PC(38:3),PC,819174.6768112183,776107.7314567566,561271.0264282227,467339.8898010254,220936.8608970642,522223.14070892334,222651.35583496094,220755.0919532776,1235.7600898742676,Group: D,Group: A,Group: D vs Group: A,4,4,Blank_Blank_Blank
PC(38:4),PC,2613172.944869995,2745861.7347106934,2192242.0516662598,2163474.709274292,646487.0464630127,1700593.5374145508,854063.3696365356,768763.3201065063,2700.000198364258,Group: D,Group: A,Group: D vs Group: A,4,4,Blank_Blank_Blank
PC(38:5),PC,1687091.0060272217,1368784.1535949707,1326829.4524230957,1244912.4874038696,487135.7213745117,1117072.2137680054,415327.6174278259,440909.2382507324,1894.760139465332,Group: D,Group: A,Group: D vs Group: A,4,4,Blank_Blank_Blank
PC(38:6),PC,3402041.961578369,3075806.0578918457,2868075.069213867,2393374.337284088,873532.163986206,1897835.4276008606,808983.3657951355,785041.1869049072,1880.6201286315918,Group: D,Group: A,Group: D vs Group: A,4,4,Blank_Blank_Blank
"PC(38:7),PC(37:0),PC(O-38:0)",PC,159270.75242614746,125090.67205429077,99733.58798217773,117737.84328842163,45440.423248291016,59507.26406097412,35557.28187561035,37131.102031707764,1229.600082397461,Group: D,Group: A,Group: D vs Group: A,4,4,Blank_Blank_Blank
"PC(38:8),PC(37:1),PC(O-38:1),PC(P-38:0)",PC,39780.88221740723,40503.52265167236,34426.36173248291,35203.38284301758,15452.041107177734,29790.022750854492,8458.060546875,10217.380718231201,1130.520076751709,Group: D,Group: A,Group: D vs Group: A,4,4,Blank_Blank_Blank
"PC(38:9),PC(37:2),PC(O-38:2),PC(P-38:1)",PC,41060.36248397827,49852.78515625,36329.06163406372,39912.283836364746,16410.440883636475,38548.782638549805,9185.90064239502,13434.20087814331,1205.04008102417,Group: D,Group: A,Group: D vs Group: A,4,4,Blank_Blank_Blank
"PC(39:4),PC(O-40:4),PC(P-40:3)",PC,31296.502182006836,26953.14223098755,23655.161693572998,22086.141765594482,8032.980484008789,23624.60161972046,6227.800582885742,7825.50053024292,1188.180088043213,Group: D,Group: A,Group: D vs Group: A,4,4,Blank_Blank_Blank
"PC(39:5),PC(O-40:5),PC(P-40:4)",PC,17569.84115600586,16031.481304168701,15164.921245574951,12135.00094985962,5462.960453033447,15588.080940246582,4542.120288848877,5076.840381622314,1030.2200660705566,Group: D,Group: A,Group: D vs Group: A,4,4,Blank_Blank_Blank
"PC(39:6),PC(O-40:6),PC(P-40:5)",PC,60132.94582366943,49008.70296096802,43471.92279434204,38258.40375137329,13004.320777893066,45891.36340332031,11569.060985565186,12145.881118774414,1175.520076751709,Group: D,Group: A,Group: D vs Group: A,4,4,Blank_Blank_Blank
"PC(39:7),PC(P-40:6),PC(38:0),PC(O-39:0)",PC,389330.69830322266,282312.338973999,201418.35514831543,138754.56550598145,83594.10641479492,208310.75898742676,48451.20475769043,57584.60282897949,3701.88028717041,Group: D,Group: A,Group: D vs Group: A,4,4,Blank_Blank_Blank
"PC(39:8),PC(O-40:8),PC(38:1),PC(O-39:1),PC(P-39:0)",PC,950993.1695404053,801370.8198699951,634925.4484405518,508454.81828689575,215982.49745941162,517590.88832473755,133473.62922668457,140189.3929977417,3061.3202018737793,Group: D,Group: A,Group: D vs Group: A,4,4,Blank_Blank_Blank
"PC(40:1),PC(P-41:0)",PC,321044.91959381104,326701.99435806274,179600.50730133057,163546.7338142395,61798.10371398926,155142.31254577637,50319.402572631836,56702.223651885986,1526.820110321045,Group: D,Group: A,Group: D vs Group: A,4,4,Blank_Blank_Blank
"PC(40:10),PC(39:3),PC(O-40:3),PC(P-40:2)",PC,14957.240943908691,11821.761100769043,9311.300582885742,9041.68053817749,4561.700382232666,9734.000911712646,4014.68025970459,3463.1401901245117,1029.2600708007812,Group: D,Group: A,Group: D vs Group: A,4,4,Blank_Blank_Blank
PC(40:2),PC,266907.5196914673,228246.37491607666,169736.63620758057,131148.07273483276,56546.62464141846,136330.06964111328,42972.883823394775,38620.562576293945,1211.7000923156738,Group: D,Group: A,Group: D vs Group: A,4,4,Blank_Blank_Blank
PC(40:3),PC,484206.8254394531,491247.4644165039,371654.8667526245,307579.46703338623,99358.36650466919,265614.8751182556,95005.30659484863,72763.56451034546,1292.14009475708,Group: D,Group: A,Group: D vs Group: A,4,4,Blank_Blank_Blank
PC(40:4),PC,114332.4481010437,97128.46843338013,66557.64426422119,59855.22367477417,31615.562713623047,68281.10445022583,18498.08135986328,20264.961780548096,1208.4200820922852,Group: D,Group: A,Group: D vs Group: A,4,4,Blank_Blank_Blank
PC(40:5),PC,183910.74578094482,161546.89456176758,132012.68714904785,114490.10841369629,50079.8828125,128832.94818496704,43439.64209365845,47606.20425033569,1163.4000778198242,Group: D,Group: A,Group: D vs Group: A,4,4,Blank_Blank_Blank
PC(40:6),PC,679092.2074737549,667912.8427200317,549180.3213272095,449237.7690849304,162895.8917541504,498904.78342056274,185172.84545516968,200366.97192764282,1215.160068511963,Group: D,Group: A,Group: D vs Group: A,4,4,Blank_Blank_Blank
"PC(40:7),PC(39:0),PC(O-40:0)",PC,557802.6631774902,438442.3796386719,441466.742767334,394098.905380249,128697.87080001831,389372.22200393677,137095.8303451538,154479.93281555176,1182.5800819396973,Group: D,Group: A,Group: D vs Group: A,4,4,Blank_Blank_Blank
"PC(40:8),PC(39:1),PC(O-40:1),PC(P-40:0)",PC,175430.89001464844,160601.37579345703,139657.97302246094,137540.0514678955,40543.80195617676,105401.80504989624,35835.74221420288,39240.222511291504,1116.320083618164,Group: D,Group: A,Group: D vs Group: A,4,4,Blank_Blank_Blank
"PC(40:9),PC(39:2),PC(O-40:2),PC(P-40:1)",PC,19826.68113708496,17207.60104751587,13419.360927581787,14308.081043243408,5578.320423126221,12317.320446014404,3984.820339202881,4789.560413360596,1089.1200790405273,Group: D,Group: A,Group: D vs Group: A,4,4,Blank_Blank_Blank
"PC(41:5),PC(P-42:4)",PC,5803.160327911377,4952.940349578857,4724.920337677002,3739.1802520751953,2046.780158996582,4724.34020614624,2222.960136413574,2023.1001586914062,1133.7400817871094,Group: D,Group: A,Group: D vs Group: A,4,4,Blank_Blank_Blank
"PC(41:6),PC(O-42:6)",PC,12758.500770568848,10793.861011505127,8994.260696411133,6559.720542907715,3735.22021484375,11037.900894165039,3497.3602256774902,3698.1403160095215,1183.720085144043,Group: D,Group: A,Group: D vs Group: A,4,4,Blank_Blank_Blank
"PC(41:7),PC(P-42:6),PC(40:0),PC(O-41:0)",PC,67668.40393829346,57607.88232040405,35210.14288711548,24538.162006378174,12414.381252288818,34872.60294342041,12154.260902404785,12607.04084777832,1661.7401237487793,Group: D,Group: A,Group: D vs Group: A,4,4,Blank_Blank_Blank
PC(42:0),PC,5877.400276184082,5631.680191040039,4351.1403160095215,2962.900218963623,2613.080207824707,3812.320240020752,1615.6401138305664,2126.780143737793,1092.9200744628906,Group: D,Group: A,Group: D vs Group: A,4,4,Blank_Blank_Blank
PC(42:1),PC,16831.7612991333,16142.421401977539,10801.000827789307,8144.200611114502,5320.580451965332,10223.640811920166,3434.240234375,3469.8602180480957,1093.3600769042969,Group: D,Group: A,Group: D vs Group: A,4,4,Blank_Blank_Blank
"PC(42:10),PC(41:3),PC(O-42:3),PC(P-42:2)",PC,47582.14376068115,46851.88318634033,30883.60234451294,21909.561710357666,9494.520664215088,27356.42237472534,9369.38079071045,9883.040718078613,1173.1200828552246,Group: D,Group: A,Group: D vs Group: A,4,4,Blank_Blank_Blank
"PC(42:11),PC(41:4),PC(O-42:4)",PC,7193.840606689453,6974.420352935791,6343.820388793945,4391.600204467773,2460.500186920166,5692.720439910889,1816.3601379394531,2244.4001655578613,1121.2600746154785,Group: D,Group: A,Group: D vs Group: A,4,4,Blank_Blank_Blank
PC(42:2),PC,68327.50499725342,66108.1047668457,38691.9819984436,31996.5626373291,14509.641174316406,36018.063232421875,14007.76111984253,13052.480667114258,1391.580078125,Group: D,Group: A,Group: D vs Group: A,4,4,Blank_Blank_Blank
PC(42:3),PC,218699.37466049194,234967.6990890503,156649.23039245605,141791.06911849976,43195.762062072754,114719.79055786133,52402.02509307861,41053.502490997314,1166.4800834655762,Group: D,Group: A,Group: D vs Group: A,4,4,Blank_Blank_Blank
PC(42:4),PC,141029.26865768433,117733.36642837524,93718.9080696106,81172.70450210571,28578.482040405273,73434.26316833496,24186.92189025879,23179.201599121094,1228.2200813293457,Group: D,Group: A,Group: D vs Group: A,4,4,Blank_Blank_Blank
PC(42:5),PC,292654.00689315796,270272.7611579895,214649.41157531738,159466.01113128662,58002.362297058105,162115.04761886597,49264.602783203125,44743.023597717285,1033.2800788879395,Group: D,Group: A,Group: D vs Group: A,4,4,Blank_Blank_Blank
PC(42:6),PC,30716.082023620605,21488.701210021973,17954.96124649048,16739.641052246094,8433.480754852295,18118.841442108154,5784.800495147705,6653.220569610596,1210.1800804138184,Group: D,Group: A,Group: D vs Group: A,4,4,Blank_Blank_Blank
"PC(42:7),PC(41:0),PC(O-42:0)",PC,22462.721508026123,18986.361618041992,17502.34160232544,14875.340881347656,7549.50061416626,16468.06086730957,5604.700244903564,6294.980434417725,1031.5400772094727,Group: D,Group: A,Group: D vs Group: A,4,4,Blank_Blank_Blank
"PC(42:8),PC(41:1),PC(O-42:1),PC(P-42:0)",PC,16064.661331176758,15399.98095703125,12823.801052093506,13027.101131439209,5998.480567932129,11917.40064239502,3962.260269165039,5042.8203048706055,1017.8400726318359,Group: D,Group: A,Group: D vs Group: A,4,4,Blank_Blank_Blank
"PC(42:9),PC(41:2),PC(O-42:2),PC(P-42:1)",PC,19188.821891784668,16276.740825653076,11997.100845336914,9116.480670928955,5221.140354156494,11546.760738372803,4496.980308532715,4129.280345916748,1070.3000755310059,Group: D,Group: A,Group: D vs Group: A,4,4,Blank_Blank_Blank
PC(43:2),PC,2338.620162963867,2239.700149536133,2510.400146484375,2026.7801666259766,1468.300106048584,2257.0201263427734,1332.980094909668,1393.2000923156738,1075.8000831604004,Group: D,Group: A,Group: D vs Group: A,4,4,Blank_Blank_Blank
"PC(43:4),PC(O-44:4)",PC,3698.280204772949,2859.4402351379395,3773.040313720703,2077.7801475524902,1884.6201057434082,3109.7602310180664,1674.1801109313965,2016.0601348876953,1107.6800842285156,Group: D,Group: A,Group: D vs Group: A,4,4,Blank_Blank_Blank
PC(43:6),PC,3028.020191192627,2813.580192565918,2666.480152130127,1907.6401329040527,1574.56010055542,2700.1801948547363,1263.6800842285156,1490.9601135253906,1007.4800720214844,Group: D,Group: A,Group: D vs Group: A,4,4,Blank_Blank_Blank
PC(44:0),PC,1532.720127105713,1750.0201263427734,1320.3600883483887,1179.0000915527344,1061.9600715637207,1715.5401344299316,1046.9800720214844,1358.6200904846191,1016.5200653076172,Group: D,Group: A,Group: D vs Group: A,4,4,Blank_Blank_Blank
PC(44:1),PC,1533.2601203918457,1534.1401062011719,1633.7601013183594,1491.9201126098633,1347.960105895996,1672.4201393127441,1064.2400665283203,1161.740077972412,1067.140079498291,Group: D,Group: A,Group: D vs Group: A,4,4,Blank_Blank_Blank
"PC(44:10),PC(O-44:3)",PC,3955.820255279541,4106.70032119751,3871.520179748535,3469.100257873535,2166.5201721191406,3574.16015625,1655.360122680664,2490.6601600646973,991.2000617980957,Group: D,Group: A,Group: D vs Group: A,4,4,Blank_Blank_Blank
"PC(44:12),PC(O-44:5)",PC,7094.1804847717285,5984.62024307251,6183.340408325195,3780.6202812194824,2313.600170135498,5405.060405731201,1674.8201026916504,2633.7401847839355,1075.9600791931152,Group: D,Group: A,Group: D vs Group: A,4,4,Blank_Blank_Blank
PC(44:2),PC,3059.8401985168457,2556.6801376342773,2025.8001251220703,2050.6001358032227,1502.0601196289062,2382.860221862793,1096.5400772094727,1374.260108947754,1036.1000633239746,Group: D,Group: A,Group: D vs Group: A,4,4,Blank_Blank_Blank
PC(44:3),PC,6627.580410003662,5797.680332183838,3809.2402572631836,4153.420295715332,2650.2602195739746,3610.2603149414062,2113.7601623535156,2275.3201293945312,1060.2800674438477,Group: D,Group: A,Group: D vs Group: A,4,4,Blank_Blank_Blank
PC(44:4),PC,15250.4408493042,13636.260791778564,10390.300678253174,7996.520511627197,5346.680366516113,9307.160720825195,3834.3802642822266,3672.0402755737305,1121.7600708007812,Group: D,Group: A,Group: D vs Group: A,4,4,Blank_Blank_Blank
PC(44:5),PC,57187.62357711792,49848.104778289795,35291.76277923584,31906.36152267456,11522.541030883789,31485.26229095459,12167.340839385986,11854.26082611084,1057.3800735473633,Group: D,Group: A,Group: D vs Group: A,4,4,Blank_Blank_Blank
PC(44:6),PC,34413.081550598145,30797.341945648193,26113.9617729187,23199.241554260254,9644.020778656006,20272.941455841064,5868.5403480529785,8622.640689849854,1004.1600761413574,Group: D,Group: A,Group: D vs Group: A,4,4,Blank_Blank_Blank
"PC(44:7),PC(43:0)",PC,14590.780963897705,12867.62068939209,10417.680755615234,9432.060947418213,3794.6802253723145,7669.700439453125,3337.2202339172363,3102.740188598633,1077.320068359375,Group: D,Group: A,Group: D vs Group: A,4,4,Blank_Blank_Blank
"PC(44:8),PC(43:1)",PC,2523.0001640319824,2394.0401458740234,2459.200164794922,2378.5001792907715,1729.6601333618164,2386.8001556396484,1262.1000862121582,1459.3800964355469,1043.000072479248,Group: D,Group: A,Group: D vs Group: A,4,4,Blank_Blank_Blank
PC(46:0),PC,1187.8600730895996,1110.0000762939453,1193.6200904846191,1076.1000747680664,1079.4000778198242,1159.4800872802734,1017.3200759887695,1060.6600761413574,991.3200645446777,Group: D,Group: A,Group: D vs Group: A,4,4,Blank_Blank_Blank
PC(46:1),PC,1002.6000747680664,1275.520092010498,1516.8801193237305,1013.3600807189941,1188.460090637207,1429.6200828552246,1083.5800857543945,1182.060073852539,1028.3800659179688,Group: D,Group: A,Group: D vs Group: A,4,4,Blank_Blank_Blank
PC(46:2),PC,1268.180088043213,1411.020107269287,1303.6400909423828,1196.7200736999512,1136.2400703430176,1341.6601066589355,995.5800704956055,1383.2400970458984,991.5600700378418,Group: D,Group: A,Group: D vs Group: A,4,4,Blank_Blank_Blank
PC(48:0),PC,1027.5000762939453,1231.340087890625,1187.5200805664062,1126.2000770568848,996.2400665283203,1018.1600799560547,1047.2200660705566,1050.6800689697266,1018.5200691223145,Group: D,Group: A,Group: D vs Group: A,4,4,Blank_Blank_Blank
PC(48:2),PC,1074.9200706481934,1122.8000793457031,1009.0600738525391,1062.1400756835938,1054.1600799560547,1090.8400650024414,1007.5800743103027,1053.7200775146484,991.1000633239746,Group: D,Group: A,Group: D vs Group: A,4,4,Blank_Blank_Blank
"PC(4:0),LPC(5:0)",PC,1249.6400871276855,1252.700096130371,1206.6800727844238,1019.6000709533691,1029.480079650879,1238.600082397461,1155.4600830078125,1062.5600662231445,1458.240104675293,Group: D,Group: A,Group: D vs Group: A,4,4,Blank_Blank_Blank
PC(50:0),PC,1129.2200813293457,1131.8600769042969,1054.6000709533691,1042.3400764465332,996.6200714111328,994.1200637817383,1045.2200736999512,1096.4400749206543,991.0200653076172,Group: D,Group: A,Group: D vs Group: A,4,4,Blank_Blank_Blank
PC(52:0),PC,1098.4400749206543,1053.1400756835938,1020.5000686645508,1021.0600662231445,1000.4400749206543,1036.0800666809082,996.0600738525391,1054.5000801086426,991.7400665283203,Group: D,Group: A,Group: D vs Group: A,4,4,Blank_Blank_Blank
PC(52:4),PC,1064.480079650879,999.940071105957,1059.3600769042969,1062.3600730895996,995.1200790405273,997.4600639343262,1034.9800758361816,995.820068359375,991.3000717163086,Group: D,Group: A,Group: D vs Group: A,4,4,Blank_Blank_Blank
PC(54:12),PC,1000.4800682067871,1053.8600730895996,1107.680088043213,1004.9800758361816,996.0600700378418,1117.1800804138184,995.7000694274902,995.2800788879395,991.6800689697266,Group: D,Group: A,Group: D vs Group: A,4,4,Blank_Blank_Blank
PC(56:12),PC,1032.6000633239746,1042.2800750732422,1084.480068206787,1049.5600776672363,1046.5200805664062,1096.0000762939453,1033.000072479248,995.8200645446777,991.3400764465332,Group: D,Group: A,Group: D vs Group: A,4,4,Blank_Blank_Blank
PC(56:8),PC,1325.9600791931152,1020.0200653076172,1158.9200859069824,1158.3200798034668,1192.2200813293457,988.5200729370117,1008.680061340332,1034.9200706481934,1048.6200714111328,Group: D,Group: A,Group: D vs Group: A,4,4,Blank_Blank_Blank
PC(56:9),PC,1079.4600715637207,1342.8200950622559,1218.380084991455,1001.1000633239746,1040.460075378418,1270.7801055908203,1004.8600807189941,1146.360092163086,1048.9000816345215,Group: D,Group: A,Group: D vs Group: A,4,4,Blank_Blank_Blank
"PC(6:0),LPC(7:0)",PC,1183.6200790405273,957.2800712585449,1086.5800704956055,965.1800765991211,959.4800682067871,1135.920078277588,1021.4600715637207,1005.3400611877441,1110.780071258545,Group: D,Group: A,Group: D vs Group: A,4,4,Blank_Blank_Blank
"PC(8:0),LPC(9:0)",PC,1416.4601020812988,1234.500087738037,1192.740089416504,1034.9200744628906,1090.62007522583,1525.0201225280762,1091.1800804138184,1013.8800582885742,1113.560073852539,Group: D,Group: A,Group: D vs Group: A,4,4,Blank_Blank_Blank
PC(O-12:1),PC,1095.0200881958008,1120.820083618164,1018.9800682067871,1000.520076751709,1113.5200653076172,1142.000072479248,1035.3200798034668,1021.5600776672363,1255.4600791931152,Group: D,Group: A,Group: D vs Group: A,4,4,Blank_Blank_Blank
"PC(O-13:1),LPC(P-14:0)",PC,1225.4800987243652,1150.4000854492188,1035.760066986084,1019.6600685119629,1042.7400817871094,1082.7000732421875,1072.3400802612305,1075.8400840759277,1077.680076599121,Group: D,Group: A,Group: D vs Group: A,4,4,Blank_Blank_Blank
"PC(O-38:8),PC(36:1),PC(O-37:1),PC(P-37:0)",PC,495314.7168121338,757498.5257110596,458767.94508361816,479906.33364868164,231184.09282684326,326673.2050628662,195178.45514678955,233969.45586395264,6266.940528869629,Group: D,Group: A,Group: D vs Group: A,4,4,Blank_Blank_Blank
"PC(O-38:9),PC(36:2),PC(O-37:2),PC(P-37:1)",PC,2523777.044708252,4021933.746887207,2410971.135131836,2788119.0792007446,1155727.9381103516,1562018.9729156494,857714.7218170166,1211874.863708496,7848.400497436523,Group: D,Group: A,Group: D vs Group: A,4,4,Blank_Blank_Blank
"PC(O-40:9),PC(38:2),PC(P-39:1)",PC,406700.01330947876,331321.74838638306,254025.37991333008,230111.74084472656,110278.48899841309,256554.51931762695,66417.48447036743,79179.84465789795,1619.3601036071777,Group: D,Group: A,Group: D vs Group: A,4,4,Blank_Blank_Blank
"PE(12:0),LPE(13:0)",PE,1246.7800941467285,1325.880084991455,1335.9600944519043,1222.8600807189941,1209.7200813293457,1374.4600982666016,1333.980094909668,1294.5400886535645,1308.9600868225098,Group: D,Group: A,Group: D vs Group: A,4,4,Blank_Blank_Blank
"PE(16:0),LPE(O-18:0)",PE,1226.1800956726074,1337.3600845336914,1320.8401069641113,1314.180076599121,1557.0401153564453,1339.8200874328613,1342.2800941467285,1246.2400932312012,1267.4600868225098,Group: D,Group: A,Group: D vs Group: A,4,4,Blank_Blank_Blank
"PE(20:0),LPE(21:0)",PE,1226.180088043213,1254.360092163086,1283.3400955200195,1298.0201110839844,1271.400089263916,1440.6600875854492,1278.8600845336914,1251.5600891113281,1209.4200820922852,Group: D,Group: A,Group: D vs Group: A,4,4,Blank_Blank_Blank
PE(24:0),PE,1290.9801025390625,1235.6000900268555,1440.7400970458984,1223.1000747680664,1510.5401191711426,1374.5600929260254,1286.3800888061523,1312.9000968933105,1230.600082397461,Group: D,Group: A,Group: D vs Group: A,4,4,Blank_Blank_Blank
PE(25:0),PE,1226.1600875854492,1217.720085144043,1327.0001029968262,1242.7600936889648,1278.6000862121582,1293.1400871276855,1357.9800987243652,1301.3200874328613,1209.5800857543945,Group: D,Group: A,Group: D vs Group: A,4,4,Blank_Blank_Blank
PE(26:0),PE,1226.0800857543945,1310.8200912475586,1294.5001068115234,1223.0800895690918,1298.06010055542,1332.9001007080078,1208.5400848388672,1263.5800895690918,1260.5400886535645,Group: D,Group: A,Group: D vs Group: A,4,4,Blank_Blank_Blank
PE(26:1),PE,1262.6800842285156,1291.360092163086,1293.6000938415527,1223.2400932312012,1246.0600852966309,1343.1801071166992,1262.7600898742676,1260.54008102417,1210.640079498291,Group: D,Group: A,Group: D vs Group: A,4,4,Blank_Blank_Blank
"PE(27:0),PE(O-28:0)",PE,1226.220085144043,1256.260097503662,1358.5600891113281,1223.180088043213,1324.440097808838,1261.3400802612305,1244.4800987243652,1302.2200965881348,1210.0800857543945,Group: D,Group: A,Group: D vs Group: A,4,4,Blank_Blank_Blank
"PE(27:1),PE(P-28:0)",PE,1302.3000831604004,1320.3200874328613,1304.1600952148438,1257.6400909423828,1421.000099182129,1449.7200965881348,1302.3201065063477,1237.5000762939453,1236.9400901794434,Group: D,Group: A,Group: D vs Group: A,4,4,Blank_Blank_Blank
"PE(28:1),PE(P-29:0)",PE,1241.8800964355469,1432.180103302002,1294.1600914001465,1254.7800788879395,1402.5001029968262,1341.0000915527344,1389.4600868225098,1209.7800750732422,1234.9800834655762,Group: D,Group: A,Group: D vs Group: A,4,4,Blank_Blank_Blank
PE(28:2),PE,1225.6000900268555,1325.1200942993164,1271.260082244873,1223.1000862121582,1312.0000953674316,1235.8600769042969,1209.1000862121582,1229.9800758361816,1316.360092163086,Group: D,Group: A,Group: D vs Group: A,4,4,Blank_Blank_Blank
"PE(29:0),PE(O-30:0)",PE,1226.0000801086426,1265.1000900268555,1281.7600898742676,1250.7000846862793,1219.6000862121582,1259.680076599121,1325.5000839233398,1209.6800842285156,1248.3000869750977,Group: D,Group: A,Group: D vs Group: A,4,4,Blank_Blank_Blank
"PE(29:1),PE(O-30:1),PE(P-30:0)",PE,1241.4600868225098,1266.7600898742676,1264.9200859069824,1263.980079650879,1305.2200927734375,1269.3600769042969,1217.14009475708,1281.3600959777832,1210.340087890625,Group: D,Group: A,Group: D vs Group: A,4,4,Blank_Blank_Blank
"PE(29:2),PE(P-30:1)",PE,1242.7800827026367,1227.7200813293457,1247.8000831604004,1223.2000885009766,1342.8600997924805,1280.8200912475586,1285.3200912475586,1210.1600875854492,1210.180088043213,Group: D,Group: A,Group: D vs Group: A,4,4,Blank_Blank_Blank
"PE(30:0),PE(O-31:0)",PE,1307.5201034545898,1557.4201126098633,1503.5200996398926,1272.5200843811035,1446.8401069641113,1560.6200981140137,1368.7800979614258,1222.4000968933105,1217.0000839233398,Group: D,Group: A,Group: D vs Group: A,4,4,Blank_Blank_Blank
"PE(30:1),PE(O-31:1),PE(P-31:0)",PE,1315.420093536377,1222.1600875854492,1347.520092010498,1338.9000930786133,1384.7800979614258,1446.2800903320312,1229.6800994873047,1209.2000923156738,1211.0400848388672,Group: D,Group: A,Group: D vs Group: A,4,4,Blank_Blank_Blank
"PE(30:2),PE(P-31:1)",PE,1226.4600944519043,1277.4400901794434,1305.460105895996,1223.7400856018066,1253.3800811767578,1210.1400871276855,1267.240089416504,1209.7400856018066,1209.7000846862793,Group: D,Group: A,Group: D vs Group: A,4,4,Blank_Blank_Blank
PE(30:3),PE,1226.1800842285156,1258.660083770752,1243.5000915527344,1258.0200996398926,1211.0000953674316,1250.5800819396973,1286.7800788879395,1270.4400825500488,1286.740089416504,Group: D,Group: A,Group: D vs Group: A,4,4,Blank_Blank_Blank
PE(30:4),PE,1251.64009475708,1269.920093536377,1349.0600891113281,1222.940086364746,1231.7800941467285,1210.7800827026367,1240.2600898742676,1209.4200859069824,1209.9000816345215,Group: D,Group: A,Group: D vs Group: A,4,4,Blank_Blank_Blank
"PE(31:0),PE(O-32:0)",PE,1225.6400871276855,1403.4600982666016,1453.0601119995117,1222.7200889587402,1458.2801055908203,1295.1000862121582,1271.7400932312012,1209.7600746154785,1225.3200912475586,Group: D,Group: A,Group: D vs Group: A,4,4,Blank_Blank_Blank
"PE(31:1),PE(O-32:1),PE(P-32:0)",PE,1303.420093536377,1403.9801025390625,1349.5600852966309,1223.4600830078125,1506.4401054382324,1353.940097808838,1344.1801109313965,1279.0600852966309,1209.6400833129883,Group: D,Group: A,Group: D vs Group: A,4,4,Blank_Blank_Blank
"PE(31:2),PE(P-32:1)",PE,1225.6000938415527,1219.1200866699219,1296.860092163086,1269.3400802612305,1325.0801010131836,1310.0600852966309,1209.4600830078125,1294.8000869750977,1209.500087738037,Group: D,Group: A,Group: D vs Group: A,4,4,Blank_Blank_Blank
PE(31:3),PE,1239.1400871276855,1340.740089416504,1420.4800910949707,1222.9600944519043,1285.2400932312012,1260.460075378418,1393.7201118469238,1225.200080871582,1298.9200897216797,Group: D,Group: A,Group: D vs Group: A,4,4,Blank_Blank_Blank
PE(31:4),PE,1252.9401016235352,1218.5600776672363,1296.0200881958008,1222.940086364746,1240.6200866699219,1228.3600807189941,1209.4600868225098,1250.440086364746,1267.2600898742676,Group: D,Group: A,Group: D vs Group: A,4,4,Blank_Blank_Blank
"PE(32:0),PE(O-33:0)",PE,1948.3201484680176,3310.540256500244,3123.0202255249023,1792.6201477050781,2752.500160217285,2779.1401596069336,1951.820110321045,1431.8001098632812,1219.7400856018066,Group: D,Group: A,Group: D vs Group: A,4,4,Blank_Blank_Blank
"PE(32:1),PE(O-33:1),PE(P-33:0)",PE,3475.040283203125,5341.9003982543945,4263.900260925293,2210.54012298584,8608.96036529541,6016.660411834717,2503.4801750183105,2127.9001274108887,1254.8200759887695,Group: D,Group: A,Group: D vs Group: A,4,4,Blank_Blank_Blank
"PE(32:2),PE(O-33:2),PE(P-33:1)",PE,1552.6401023864746,2023.9601516723633,1658.2401275634766,1503.7401084899902,2351.160167694092,2125.500160217285,1777.7801132202148,1385.9401092529297,1241.4600944519043,Group: D,Group: A,Group: D vs Group: A,4,4,Blank_Blank_Blank
"PE(32:3),PE(P-33:2)",PE,1331.420093536377,1288.7200965881348,1253.7800827026367,1223.1800842285156,1293.7400970458984,1274.2600898742676,1243.4400939941406,1258.7800903320312,1209.9800758361816,Group: D,Group: A,Group: D vs Group: A,4,4,Blank_Blank_Blank
"PE(32:4),PEd(O-34:4)",PE,1225.220085144043,1282.0200881958008,1256.7600898742676,1223.5600891113281,1241.8400764465332,1233.5000839233398,1246.8200874328613,1209.3800888061523,1229.6200714111328,Group: D,Group: A,Group: D vs Group: A,4,4,Blank_Blank_Blank
PE(32:5),PE,1290.1200866699219,1290.5800971984863,1271.4400901794434,1268.120101928711,1219.020092010498,1216.5200653076172,1259.240089416504,1209.3800888061523,1211.020092010498,Group: D,Group: A,Group: D vs Group: A,4,4,Blank_Blank_Blank
"PE(33:0),PE(O-34:0)",PE,1357.5200958251953,1620.8001022338867,1523.040096282959,1433.7400932312012,1509.7000923156738,1610.180118560791,1332.8800964355469,1266.9200897216797,1272.4600868225098,Group: D,Group: A,Group: D vs Group: A,4,4,Blank_Blank_Blank
"PE(33:1),PE(O-34:1),PE(P-34:0)",PE,1581.500114440918,2122.5401573181152,2394.4601669311523,1578.1001243591309,2666.020206451416,2978.0602416992188,1575.7401237487793,1353.6000938415527,1210.380084991455,Group: D,Group: A,Group: D vs Group: A,4,4,Blank_Blank_Blank
"PE(33:2),PE(O-34:2),PE(P-34:1)",PE,1659.2601203918457,2265.480152130127,2047.540126800537,1474.7800979614258,1837.5401191711426,2166.6401443481445,1399.2000923156738,1246.4001007080078,1314.9601020812988,Group: D,Group: A,Group: D vs Group: A,4,4,Blank_Blank_Blank
"PE(33:3),PE(O-34:3),PE(P-34:2)",PE,1264.3800964355469,1446.2001037597656,1390.700107574463,1280.800090789795,1486.2001152038574,1505.6801071166992,1313.0800857543945,1229.960090637207,1345.1200904846191,Group: D,Group: A,Group: D vs Group: A,4,4,Blank_Blank_Blank
"PE(33:4),PE(O-34:4),PE(O-34:4),PE(P-34:3)",PE,1226.0200958251953,1239.3200874328613,1249.1600914001465,1257.1000900268555,1211.2600860595703,1286.5200805664062,1243.2400932312012,1249.4000854492188,1235.4600868225098,Group: D,Group: A,Group: D vs Group: A,4,4,Blank_Blank_Blank
"PE(33:5),PE(P-34:4)",PE,1233.4800987243652,1341.9400939941406,1220.3000831604004,1222.6400871276855,1242.2200889587402,1311.0000915527344,1209.54008102417,1250.1200942993164,1210.200080871582,Group: D,Group: A,Group: D vs Group: A,4,4,Blank_Blank_Blank
"PE(34:0),PE(O-35:0)",PE,3370.9002723693848,5569.540321350098,7342.600498199463,2634.140235900879,6005.220417022705,5876.740375518799,3020.1202239990234,2117.3401527404785,1282.6400871276855,Group: D,Group: A,Group: D vs Group: A,4,4,Blank_Blank_Blank
"PE(34:1),PE(O-35:1),PE(P-35:0)",PE,30615.96245956421,73484.66251754761,75205.84498977661,22089.84188079834,82125.92652511597,75433.944606781,20082.981658935547,12727.700927734375,1260.9200897216797,Group: D,Group: A,Group: D vs Group: A,4,4,Blank_Blank_Blank
"PE(34:2),PE(O-35:2),PE(P-35:1)",PE,109164.52890396118,298231.44007492065,278752.8394241333,85789.36762619019,363828.9655380249,251879.61716079712,71144.80545425415,41624.223361968994,1372.0801048278809,Group: D,Group: A,Group: D vs Group: A,4,4,Blank_Blank_Blank
"PE(34:3),PE(P-35:2)",PE,10726.241024017334,28104.08193588257,22701.7416305542,9934.900596618652,30379.382160186768,21372.92134475708,8204.500583648682,5126.000411987305,1264.9000778198242,Group: D,Group: A,Group: D vs Group: A,4,4,Blank_Blank_Blank
PE(34:4),PE,1599.200107574463,2056.040142059326,1881.6201438903809,1737.2801208496094,2362.260139465332,2018.4601364135742,1479.6200942993164,1276.0200996398926,1220.500087738037,Group: D,Group: A,Group: D vs Group: A,4,4,Blank_Blank_Blank
PE(34:5),PE,1225.720085144043,1311.9001007080078,1239.0200881958008,1223.7400856018066,1244.960090637207,1351.8400917053223,1256.0400848388672,1271.7400932312012,1290.3600959777832,Group: D,Group: A,Group: D vs Group: A,4,4,Blank_Blank_Blank
PE(34:6),PE,1226.240089416504,1308.6200866699219,1314.340087890625,1246.5200805664062,1266.0800971984863,1337.3800926208496,1271.4600982666016,1239.2000732421875,1210.0400886535645,Group: D,Group: A,Group: D vs Group: A,4,4,Blank_Blank_Blank
"PE(35:3),PE(O-36:3),PE(P-36:2)",PE,1976.500144958496,3888.2402839660645,3734.420249938965,2236.06014251709,3839.6403045654297,4187.540279388428,2106.460132598877,1573.8000984191895,1244.4000930786133,Group: D,Group: A,Group: D vs Group: A,4,4,Blank_Blank_Blank
"PE(35:4),PE(O-36:4),PE(P-36:3)",PE,1819.3401336669922,3019.74019241333,2713.760196685791,1778.320125579834,2981.2601890563965,5622.420360565186,2112.320152282715,1415.4001007080078,1238.4600830078125,Group: D,Group: A,Group: D vs Group: A,4,4,Blank_Blank_Blank
"PE(35:5),PE(O-36:5),PE(P-36:4)",PE,1985.7401580810547,3755.920341491699,3318.8402557373047,2015.1401481628418,2892.3002166748047,3360.4002838134766,2521.5401649475098,1519.3401184082031,1210.1200866699219,Group: D,Group: A,Group: D vs Group: A,4,4,Blank_Blank_Blank
"PE(35:6),PE(P-36:5)",PE,1257.9800910949707,1309.4801063537598,1352.9001007080078,1261.440071105957,1454.6800994873047,1412.4401054382324,1274.2600860595703,1253.8001022338867,1248.060073852539,Group: D,Group: A,Group: D vs Group: A,4,4,Blank_Blank_Blank
"PE(36:3),PE(P-37:2)",PE,109912.96871566772,321169.01819992065,370683.67947387695,142175.79233551025,358393.34533309937,290217.6212158203,115000.10958862305,57717.364013671875,1344.7601013183594,Group: D,Group: A,Group: D vs Group: A,4,4,Blank_Blank_Blank
"PE(36:4),PE(O-37:4)",PE,190774.01754760742,626767.0064582825,605967.1866226196,176517.91172790527,627081.4021835327,473676.3514022827,241647.88961791992,93391.74560165405,1303.4400939941406,Group: D,Group: A,Group: D vs Group: A,4,4,Blank_Blank_Blank
PE(36:5),PE,15579.720916748047,43780.40370178223,33799.78253173828,14627.281322479248,53572.1231880188,31897.122245788574,16681.46137237549,7959.240428924561,1272.5400924682617,Group: D,Group: A,Group: D vs Group: A,4,4,Blank_Blank_Blank
PE(36:6),PE,2001.1601829528809,3260.600227355957,2654.100170135498,1765.1801147460938,3226.0002403259277,2300.6601638793945,1725.440113067627,1480.3800964355469,1286.0800895690918,Group: D,Group: A,Group: D vs Group: A,4,4,Blank_Blank_Blank
"PE(36:7),PE(35:0),PE(O-36:0)",PE,1354.0800971984863,1674.520107269287,1776.6601066589355,1278.5600967407227,1533.1600914001465,1384.9601097106934,1313.540096282959,1393.5201110839844,1250.3800811767578,Group: D,Group: A,Group: D vs Group: A,4,4,Blank_Blank_Blank
"PE(36:8),PE(dO-38:8),PE(35:1),PE(O-36:1),PE(P-36:0)",PE,2101.6201400756836,3182.3202018737793,3464.7002601623535,2105.7801513671875,3794.6801986694336,3596.4401817321777,1811.1601333618164,1648.6001091003418,1285.3600807189941,Group: D,Group: A,Group: D vs Group: A,4,4,Blank_Blank_Blank
"PE(37:3),PE(O-38:3),PE(P-38:2)",PE,2234.3401527404785,4895.140441894531,5319.940406799316,2780.980224609375,4490.520332336426,5317.800399780273,2421.440158843994,1635.8201217651367,1222.1800804138184,Group: D,Group: A,Group: D vs Group: A,4,4,Blank_Blank_Blank
"PE(37:4),PE(O-38:4),PE(P-38:3)",PE,6772.520397186279,22586.300830841064,23491.90157699585,8639.380584716797,18147.64130783081,24806.621883392334,9597.560760498047,4678.580341339111,1390.0200958251953,Group: D,Group: A,Group: D vs Group: A,4,4,Blank_Blank_Blank
"PE(37:5),PE(O-38:5),PE(P-38:4)",PE,3600.480297088623,8231.200580596924,8336.880718231201,3317.9801750183105,6341.400489807129,7923.20040512085,4116.740329742432,2434.880199432373,1240.6400833129883,Group: D,Group: A,Group: D vs Group: A,4,4,Blank_Blank_Blank
"PE(37:6),PE(O-38:6),PE(P-38:5)",PE,2522.280174255371,6164.380470275879,6466.400405883789,2537.2801818847656,5046.70036315918,5470.200347900391,3330.320255279541,2080.9201583862305,1245.1400833129883,Group: D,Group: A,Group: D vs Group: A,4,4,Blank_Blank_Blank
"PE(37:7),PE(P-38:6),PE(36:0),PE(O-37:0)",PE,2068.9801292419434,5373.04035949707,4709.100299835205,1947.8201065063477,3710.680316925049,5371.960521697998,2637.860195159912,1961.3201522827148,1262.2600860595703,Group: D,Group: A,Group: D vs Group: A,4,4,Blank_Blank_Blank
PE(38:3),PE,51367.94504928589,182048.75372314453,189589.2563972473,56520.923973083496,142524.48964309692,143529.96759796143,88242.88623428345,35185.722999572754,1299.7400970458984,Group: D,Group: A,Group: D vs Group: A,4,4,Blank_Blank_Blank
PE(38:4),PE,396499.0037727356,1398240.722618103,1411823.314201355,431721.6061820984,1035701.9266357422,1009642.1360244751,756921.3419570923,286432.1221847534,1680.9001083374023,Group: D,Group: A,Group: D vs Group: A,4,4,Blank_Blank_Blank
PE(38:5),PE,195421.09267044067,619842.1451416016,684143.9369659424,234110.6393508911,610765.4413566589,557276.383518219,330567.32273101807,136027.34977722168,1503.300106048584,Group: D,Group: A,Group: D vs Group: A,4,4,Blank_Blank_Blank
PE(38:6),PE,292438.47814941406,974058.0203094482,1070978.4516105652,384741.58826446533,840696.7012138367,809242.5590896606,506497.6899032593,200441.4928894043,1539.7601127624512,Group: D,Group: A,Group: D vs Group: A,4,4,Blank_Blank_Blank
"PE(38:7),PE(37:0),PE(O-38:0)",PE,12058.000984191895,36870.40240859985,35676.16302108765,16001.32088470459,37057.36260986328,32227.90263748169,20329.02128982544,7121.100563049316,1220.8000869750977,Group: D,Group: A,Group: D vs Group: A,4,4,Blank_Blank_Blank
"PE(38:8),PE(dO-40:8),PE(37:1),PE(O-38:1),PE(P-38:0)",PE,1805.6401405334473,2630.380195617676,3161.620231628418,1729.6001091003418,2865.3002433776855,3035.380210876465,1653.620132446289,1316.000087738037,1251.800090789795,Group: D,Group: A,Group: D vs Group: A,4,4,Blank_Blank_Blank
"PE(38:9),PE(dO-40:9),PE(37:2),PE(O-38:2),PE(P-38:1)",PE,2756.7801628112793,4690.280227661133,4484.620334625244,2431.8201751708984,5267.660339355469,6263.820503234863,2221.060157775879,1806.340129852295,1278.780086517334,Group: D,Group: A,Group: D vs Group: A,4,4,Blank_Blank_Blank
"PE(39:4),PE(O-40:4),PE(P-40:3)",PE,5922.540336608887,15708.161018371582,19301.621448516846,7215.380554199219,13561.52084350586,15208.600845336914,7492.060604095459,4000.920269012451,1290.9600944519043,Group: D,Group: A,Group: D vs Group: A,4,4,Blank_Blank_Blank
"PE(39:5),PE(O-40:5),PE(P-40:4)",PE,2637.3202018737793,6131.400554656982,5943.260280609131,3253.9402465820312,5534.380359649658,6414.140441894531,3188.6002349853516,2120.4601554870605,1251.6400909423828,Group: D,Group: A,Group: D vs Group: A,4,4,Blank_Blank_Blank
"PE(39:6),PE(O-40:6),PE(P-40:5)",PE,4080.040351867676,10474.681003570557,10027.240814208984,4635.5003089904785,7810.360324859619,10514.400897979736,5624.920413970947,2887.420207977295,1260.5600814819336,Group: D,Group: A,Group: D vs Group: A,4,4,Blank_Blank_Blank
"PE(39:8),PE(O-40:8),PE(P-40:7),PE(38:1),PE(O-39:1),PE(P-39:0)",PE,2448.2201766967773,6093.240501403809,7450.880630493164,2427.140193939209,5439.2603187561035,7004.900466918945,3357.2002868652344,2155.880142211914,1251.340087890625,Group: D,Group: A,Group: D vs Group: A,4,4,Blank_Blank_Blank
"PE(40:1),PE(P-41:0)",PE,1581.860107421875,1865.2401275634766,2064.5201454162598,1644.6001014709473,2223.9601669311523,2336.400157928467,1547.980110168457,1460.4601020812988,1251.3600845336914,Group: D,Group: A,Group: D vs Group: A,4,4,Blank_Blank_Blank
"PE(40:10),PE(39:3),PE(O-40:3),PE(P-40:2)",PE,1825.10013961792,3453.540210723877,3131.6602172851562,2273.0201377868652,3246.8202514648438,4069.640293121338,2381.0202026367188,1750.8001327514648,1266.920078277588,Group: D,Group: A,Group: D vs Group: A,4,4,Blank_Blank_Blank
PE(40:2),PE,1787.7601203918457,2631.7201805114746,3180.32022857666,1937.5601539611816,2431.6801528930664,2378.9801902770996,1986.6601295471191,1389.6401023864746,1335.3400802612305,Group: D,Group: A,Group: D vs Group: A,4,4,Blank_Blank_Blank
PE(40:3),PE,2723.3801498413086,5199.040370941162,6003.260414123535,2632.7001571655273,4596.100315093994,4570.1803855896,3041.4002685546875,1907.2801399230957,1251.64009475708,Group: D,Group: A,Group: D vs Group: A,4,4,Blank_Blank_Blank
PE(40:4),PE,7936.160556793213,22461.82173538208,27229.281562805176,8562.32063293457,22297.622344970703,19348.301471710205,12355.960590362549,5291.160480499268,1251.7800827026367,Group: D,Group: A,Group: D vs Group: A,4,4,Blank_Blank_Blank
PE(40:5),PE,13751.381084442139,49290.44271850586,59013.903633117676,18998.581615447998,50098.94279098511,43240.50342178345,30725.24266052246,11296.280658721924,1340.340087890625,Group: D,Group: A,Group: D vs Group: A,4,4,Blank_Blank_Blank
"PE(40:6),PE(dO-40:0)",PE,68396.38431167603,229840.1386680603,282713.38996887207,96014.44848632812,189521.1979522705,204705.4564552307,153124.60807800293,57765.2642250061,1327.0400848388672,Group: D,Group: A,Group: D vs Group: A,4,4,Blank_Blank_Blank
"PE(40:7),PE(39:0),PE(O-40:0)",PE,69138.6655921936,219440.91302108765,272058.08165359497,109466.72766494751,187820.678565979,196895.05808639526,154605.42866134644,56753.70447921753,1283.9200859069824,Group: D,Group: A,Group: D vs Group: A,4,4,Blank_Blank_Blank
"PE(40:9),PE(39:2),PE(O-40:2),PE(P-40:1)",PE,3146.7402000427246,8389.76040649414,8687.7407913208,4503.460342407227,7757.34069442749,6700.080436706543,3839.2402877807617,2499.240188598633,1287.300090789795,Group: D,Group: A,Group: D vs Group: A,4,4,Blank_Blank_Blank
"PE(41:5),PE(P-42:4)",PE,1373.0801010131836,1952.6801223754883,2004.1401557922363,1590.4601211547852,1977.7401161193848,1878.700122833252,1625.7001037597656,1449.020107269287,1251.5200805664062,Group: D,Group: A,Group: D vs Group: A,4,4,Blank_Blank_Blank
"PE(41:6),PE(O-42:6)",PE,2190.0001678466797,2744.7001762390137,3875.1002502441406,2149.280174255371,3525.9802856445312,4128.640235900879,2034.5001335144043,1828.120132446289,1252.0400886535645,Group: D,Group: A,Group: D vs Group: A,4,4,Blank_Blank_Blank
"PE(41:7),PE(P-42:6),PE(40:0),PE(O-41:0)",PE,1409.7401008605957,2034.4201393127441,2260.000175476074,1536.0801162719727,2103.140148162842,1863.7801208496094,1741.3601188659668,1526.100112915039,1251.9000968933105,Group: D,Group: A,Group: D vs Group: A,4,4,Blank_Blank_Blank
PE(42:0),PE,1288.660099029541,1505.8200912475586,1334.760097503662,1319.3201026916504,1533.360107421875,1377.2800827026367,1278.0400924682617,1634.6200904846191,1251.660083770752,Group: D,Group: A,Group: D vs Group: A,4,4,Blank_Blank_Blank
PE(42:1),PE,1307.0000801086426,1395.4200897216797,1355.9200897216797,1329.6400909423828,2034.2801132202148,1799.7201347351074,1296.5600967407227,1596.240104675293,1250.6200828552246,Group: D,Group: A,Group: D vs Group: A,4,4,Blank_Blank_Blank
"PE(42:11),PE(41:4),PE(O-42:4)",PE,1548.5801048278809,1944.560157775879,2148.400188446045,1667.5601387023926,2155.5001335144043,1970.8801383972168,1626.0001068115234,1376.860092163086,1346.3200874328613,Group: D,Group: A,Group: D vs Group: A,4,4,Blank_Blank_Blank
PE(42:2),PE,1322.3800964355469,1449.200107574463,1462.860107421875,1282.2200889587402,1995.7801399230957,1768.3001174926758,1300.500087738037,1498.660099029541,1252.000087738037,Group: D,Group: A,Group: D vs Group: A,4,4,Blank_Blank_Blank
PE(42:3),PE,1354.5801010131836,1691.720142364502,1479.1001167297363,1537.6801109313965,1863.5001487731934,1523.6000938415527,1287.14009475708,1379.0200996398926,1337.1800918579102,Group: D,Group: A,Group: D vs Group: A,4,4,Blank_Blank_Blank
PE(42:4),PE,1501.960117340088,1931.2001495361328,1900.0201263427734,1489.0601081848145,1963.9801445007324,1872.8401374816895,1484.7201118469238,1408.8800926208496,1252.160083770752,Group: D,Group: A,Group: D vs Group: A,4,4,Blank_Blank_Blank
PE(42:5),PE,1791.4201278686523,3039.3401985168457,3120.480251312256,2054.2601585388184,2949.260181427002,2821.4802207946777,2221.2801361083984,1609.2201080322266,1251.5400848388672,Group: D,Group: A,Group: D vs Group: A,4,4,Blank_Blank_Blank
PE(42:6),PE,2368.4201889038086,4523.660232543945,5068.460430145264,2406.040180206299,5053.900341033936,4483.000240325928,2930.5002403259277,1959.0401458740234,1251.0401000976562,Group: D,Group: A,Group: D vs Group: A,4,4,Blank_Blank_Blank
"PE(42:7),PE(41:0),PE(O-42:0)",PE,3276.980312347412,6613.700294494629,7698.260471343994,3748.700309753418,5899.860542297363,6060.820308685303,5197.940433502197,2719.880199432373,1251.740089416504,Group: D,Group: A,Group: D vs Group: A,4,4,Blank_Blank_Blank
"PE(42:8),PE(41:1),PE(O-42:1),PE(P-42:0)",PE,2357.300189971924,4191.280342102051,5174.960346221924,3047.660224914551,4176.620319366455,3999.5204010009766,2696.880195617676,2319.720157623291,1251.2600936889648,Group: D,Group: A,Group: D vs Group: A,4,4,Blank_Blank_Blank
"PE(42:9),PE(41:2),PE(O-42:2),PE(P-42:1)",PE,2328.1401557922363,3892.0802688598633,4231.460372924805,2145.6001777648926,3468.820224761963,3565.000312805176,2395.760181427002,1750.2601203918457,1251.9800910949707,Group: D,Group: A,Group: D vs Group: A,4,4,Blank_Blank_Blank
PE(43:2),PE,1384.660099029541,1337.2000846862793,1332.4200897216797,1265.4800910949707,1335.1601028442383,1467.740104675293,1250.8000946044922,1251.200080871582,1271.0000915527344,Group: D,Group: A,Group: D vs Group: A,4,4,Blank_Blank_Blank
PE(43:4),PE,1316.5800743103027,1432.9401092529297,1451.6400985717773,1316.5800857543945,1343.1800804138184,1359.7601013183594,1296.4201011657715,1254.960075378418,1316.3800926208496,Group: D,Group: A,Group: D vs Group: A,4,4,Blank_Blank_Blank
PE(43:6),PE,1304.920093536377,1260.7800750732422,1273.5200958251953,1290.680088043213,1387.4800987243652,1379.8000831604004,1250.200096130371,1267.680076599121,1266.4800834655762,Group: D,Group: A,Group: D vs Group: A,4,4,Blank_Blank_Blank
PE(44:0),PE,1267.8800888061523,1260.960105895996,1377.1401062011719,1264.5800895690918,1304.0200881958008,1332.8801002502441,1250.4600982666016,1251.6400833129883,1325.340103149414,Group: D,Group: A,Group: D vs Group: A,4,4,Blank_Blank_Blank
PE(44:1),PE,1267.4400939941406,1281.3600959777832,1271.3000869750977,1264.8400993347168,1309.8000793457031,1268.9000816345215,1250.3000869750977,1434.7800903320312,1251.6400985717773,Group: D,Group: A,Group: D vs Group: A,4,4,Blank_Blank_Blank
PE(44:10),PE,1267.9800910949707,1361.1800956726074,1261.9800834655762,1345.680088043213,1411.9800987243652,1374.960105895996,1249.9200973510742,1305.4400825500488,1252.0200653076172,Group: D,Group: A,Group: D vs Group: A,4,4,Blank_Blank_Blank
PE(44:12),PE,1514.5601119995117,1321.8801002502441,1486.1800956726074,1356.6600875854492,1391.7400741577148,1416.0801086425781,1399.000099182129,1281.5800819396973,1252.0400848388672,Group: D,Group: A,Group: D vs Group: A,4,4,Blank_Blank_Blank
PE(44:2),PE,1275.700096130371,1259.4600868225098,1261.2600936889648,1265.6200866699219,1283.2600898742676,1339.5600967407227,1250.9800758361816,1273.0600967407227,1252.740089416504,Group: D,Group: A,Group: D vs Group: A,4,4,Blank_Blank_Blank
PE(44:3),PE,1298.2600898742676,1291.8400802612305,1292.5200881958008,1355.2000885009766,1262.6200904846191,1368.500099182129,1250.420093536377,1318.4800910949707,1251.0600891113281,Group: D,Group: A,Group: D vs Group: A,4,4,Blank_Blank_Blank
PE(44:4),PE,1285.8600959777832,1259.880084991455,1339.9800987243652,1303.4401092529297,1486.7601013183594,1304.8400764465332,1326.3400764465332,1259.920093536377,1252.380084991455,Group: D,Group: A,Group: D vs Group: A,4,4,Blank_Blank_Blank
PE(44:5),PE,1334.8200950622559,1387.5600967407227,1548.2401008605957,1438.1001014709473,1403.9801063537598,1447.8600997924805,1287.4000854492188,1336.5000953674316,1272.6400909423828,Group: D,Group: A,Group: D vs Group: A,4,4,Blank_Blank_Blank
PE(44:6),PE,1328.3400955200195,1279.1600914001465,1412.3201065063477,1370.2400970458984,1327.9200859069824,1448.4001083374023,1382.1600914001465,1266.920078277588,1251.4400939941406,Group: D,Group: A,Group: D vs Group: A,4,4,Blank_Blank_Blank
"PE(44:7),PE(43:0)",PE,1366.9600944519043,1292.2400970458984,1325.5000953674316,1266.660083770752,1444.320110321045,1307.100082397461,1313.520092010498,1311.1601028442383,1254.260097503662,Group: D,Group: A,Group: D vs Group: A,4,4,Blank_Blank_Blank
"PE(44:8),PE(43:1)",PE,1267.6000938415527,1308.0801010131836,1375.600082397461,1326.1001014709473,1441.220115661621,1373.0200881958008,1284.3400955200195,1276.800090789795,1251.8000793457031,Group: D,Group: A,Group: D vs Group: A,4,4,Blank_Blank_Blank
PE(46:1),PE,1268.9000930786133,1260.5400924682617,1283.9000854492188,1264.020092010498,1277.9400901794434,1253.3400917053223,1250.6600914001465,1265.1000862121582,1251.260082244873,Group: D,Group: A,Group: D vs Group: A,4,4,Blank_Blank_Blank
PE(52:4),PE,1266.760082244873,1258.6000900268555,1260.080078125,1263.8800888061523,1250.2800941467285,1250.100082397461,1248.6000862121582,1249.4800910949707,1250.3200798034668,Group: D,Group: A,Group: D vs Group: A,4,4,Blank_Blank_Blank
"PE(O-38:8),PE(36:1),PE(O-37:1),PE(P-37:0)",PE,13577.941116333008,41155.94389343262,42764.56296539307,13895.00106048584,40266.882930755615,37532.16226577759,15658.400745391846,8324.980728149414,1374.9000930786133,Group: D,Group: A,Group: D vs Group: A,4,4,Blank_Blank_Blank
"PE(O-38:9),PE(36:2),PE(O-37:2),PE(P-37:1)",PE,94514.86893463135,293579.36053466797,323776.9042625427,114350.44785690308,291008.4395675659,260488.119556427,104312.02728652954,53625.12243270874,1255.8600883483887,Group: D,Group: A,Group: D vs Group: A,4,4,Blank_Blank_Blank
"PE(O-40:9),PE(38:2),PE(P-39:1)",PE,6962.980518341064,18219.420833587646,21528.06142425537,7834.260589599609,16921.441020965576,18670.441333770752,8125.040489196777,3432.80025100708,1268.6400871276855,Group: D,Group: A,Group: D vs Group: A,4,4,Blank_Blank_Blank
"PE(dO-38:9),PE(35:2),PE(O-36:2),PE(P-36:1)",PE,3654.6403274536133,8196.760475158691,8752.920524597168,4769.460411071777,8719.740798950195,8507.700691223145,3379.6002082824707,2370.420150756836,1237.9400825500488,Group: D,Group: A,Group: D vs Group: A,4,4,Blank_Blank_Blank
"PE28:0,PE(O-29:0)",PE,1226.1600952148438,1218.7800827026367,1363.280101776123,1224.0200805664062,1396.5000953674316,1351.520107269287,1208.5600891113281,1230.420078277588,1280.4200897216797,Group: D,Group: A,Group: D vs Group: A,4,4,Blank_Blank_Blank
"PG(12:0),LPG(13:0)",PG,1248.5600967407227,1245.700080871582,1278.040096282959,1305.7401008605957,1366.5200843811035,1323.7200889587402,1266.2200775146484,1249.6800804138184,1370.06010055542,Group: D,Group: A,Group: D vs Group: A,4,4,Blank_Blank_Blank
"PG(16:0),LPG(17:0),LPG(O-18:0)",PG,1318.3801002502441,1257.1000900268555,1380.5001029968262,1340.1200866699219,1438.3601036071777,1396.6800956726074,1503.4200897216797,1456.5801048278809,1523.8401069641113,Group: D,Group: A,Group: D vs Group: A,4,4,Blank_Blank_Blank
"PG(20:0),LPG(21:0)",PG,1283.0400886535645,1268.3200874328613,1262.740077972412,1274.960090637207,1293.8000869750977,1470.2401084899902,1249.3200988769531,1299.540096282959,1316.960090637207,Group: D,Group: A,Group: D vs Group: A,4,4,Blank_Blank_Blank
PG(24:0),PG,1248.8600769042969,1275.1800956726074,1246.0800895690918,1251.2400932312012,1297.840087890625,1284.5400886535645,1301.340087890625,1321.2000923156738,1245.3400955200195,Group: D,Group: A,Group: D vs Group: A,4,4,Blank_Blank_Blank
PG(25:0),PG,1248.480079650879,1245.3200874328613,1245.7400817871094,1251.9600868225098,1296.900089263916,1273.5600967407227,1249.7200889587402,1266.1800842285156,1248.4800834655762,Group: D,Group: A,Group: D vs Group: A,4,4,Blank_Blank_Blank
PG(26:0),PG,1258.9401016235352,1246.0200805664062,1245.9600944519043,1258.8600845336914,1333.700096130371,1339.0200805664062,1262.680088043213,1300.3600845336914,1265.3800888061523,Group: D,Group: A,Group: D vs Group: A,4,4,Blank_Blank_Blank
PG(26:1),PG,1331.7200927734375,1247.2600936889648,1245.320083618164,1252.440086364746,1252.7200736999512,1353.5200996398926,1319.1800994873047,1249.7200889587402,1245.780086517334,Group: D,Group: A,Group: D vs Group: A,4,4,Blank_Blank_Blank
"PG(27:0),PG(O-28:0)",PG,1248.540096282959,1245.2400856018066,1244.8000869750977,1250.960090637207,1251.9800910949707,1251.7200889587402,1263.14009475708,1296.5000953674316,1284.3200874328613,Group: D,Group: A,Group: D vs Group: A,4,4,Blank_Blank_Blank
"PG(27:1),PG(P-28:0)",PG,1248.8000946044922,1245.5800857543945,1245.860092163086,1252.0000839233398,1252.320083618164,1251.000087738037,1301.4200973510742,1248.3000984191895,1245.9600982666016,Group: D,Group: A,Group: D vs Group: A,4,4,Blank_Blank_Blank
"PG(28:0),PG(O-29:0)",PG,1247.8600883483887,1245.5600814819336,1245.280086517334,1251.380084991455,1251.6400871276855,1251.1400833129883,1249.9200897216797,1268.480094909668,1286.3200874328613,Group: D,Group: A,Group: D vs Group: A,4,4,Blank_Blank_Blank
"PG(28:1),PG(P-29:0)",PG,1248.2400856018066,1245.5600891113281,1251.7200927734375,1298.6600875854492,1262.9600868225098,1251.000087738037,1249.8600883483887,1391.540096282959,1338.7000846862793,Group: D,Group: A,Group: D vs Group: A,4,4,Blank_Blank_Blank
PG(28:2),PG,1248.680088043213,1263.8200798034668,1245.5400886535645,1251.1000862121582,1284.520076751709,1251.1200828552246,1248.8800926208496,1289.1800956726074,1262.4800987243652,Group: D,Group: A,Group: D vs Group: A,4,4,Blank_Blank_Blank
"PG(29:0),PG(O-30:0)",PG,1247.7600898742676,1245.2200965881348,1355.1201057434082,1295.500087738037,1365.540096282959,1251.5200958251953,1249.6000900268555,1249.2800903320312,1313.0400848388672,Group: D,Group: A,Group: D vs Group: A,4,4,Blank_Blank_Blank
"PG(29:1),PG(O-30:1),PG(P-30:0)",PG,1248.0000915527344,1244.5400924682617,1245.6000862121582,1251.6200828552246,1252.3200874328613,1251.60009765625,1265.5600891113281,1249.8000831604004,1295.7801055908203,Group: D,Group: A,Group: D vs Group: A,4,4,Blank_Blank_Blank
"PG(29:2),PG(P-30:1)",PG,1248.240089416504,1245.6200942993164,1245.7000885009766,1251.6600799560547,1252.0800857543945,1277.1200866699219,1266.500087738037,1248.8400917053223,1245.0201034545898,Group: D,Group: A,Group: D vs Group: A,4,4,Blank_Blank_Blank
"PG(30:0),PG(O-31:0)",PG,1247.8200798034668,1272.3200988769531,1246.1001052856445,1250.7800827026367,1285.7400817871094,1291.040096282959,1287.5400924682617,1296.10009765625,1280.340087890625,Group: D,Group: A,Group: D vs Group: A,4,4,Blank_Blank_Blank
"PG(30:1),PG(O-31:1),PG(P-31:0)",PG,1249.7000923156738,1246.5400924682617,1245.240089416504,1251.2800903320312,1251.600082397461,1251.4800872802734,1307.180088043213,1248.360092163086,1245.5000915527344,Group: D,Group: A,Group: D vs Group: A,4,4,Blank_Blank_Blank
"PG(30:2),PG(P-31:1)",PG,1249.5000915527344,1245.860092163086,1245.1400833129883,1251.5400848388672,1251.8000831604004,1252.0200843811035,1299.540096282959,1248.080093383789,1245.4400787353516,Group: D,Group: A,Group: D vs Group: A,4,4,Blank_Blank_Blank
PG(30:3),PG,1248.5400886535645,1245.2800788879395,1293.0001068115234,1252.3000869750977,1375.1000938415527,1251.4800872802734,1249.2600898742676,1283.4800910949707,1258.8600959777832,Group: D,Group: A,Group: D vs Group: A,4,4,Blank_Blank_Blank
PG(30:4),PG,1248.720085144043,1246.1200866699219,1286.1200942993164,1251.6400833129883,1251.580078125,1262.1800918579102,1260.7200927734375,1295.1000938415527,1245.3200912475586,Group: D,Group: A,Group: D vs Group: A,4,4,Blank_Blank_Blank
"PG(31:0),PG(O-32:0)",PG,1272.920093536377,1246.1200904846191,1245.2600936889648,1306.3601036071777,1329.9001007080078,1251.0600929260254,1249.2600936889648,1248.8600807189941,1292.9801025390625,Group: D,Group: A,Group: D vs Group: A,4,4,Blank_Blank_Blank
"PG(31:1),PG(O-32:1),PG(P-32:0)",PG,1248.800090789795,1245.6800842285156,1246.080093383789,1252.1600875854492,1252.2800903320312,1250.700096130371,1330.7800827026367,1249.0800895690918,1289.0000953674316,Group: D,Group: A,Group: D vs Group: A,4,4,Blank_Blank_Blank
"PG(31:2),PG(P-32:1)",PG,1248.5201034545898,1249.860092163086,1245.0200881958008,1274.0400848388672,1252.6400833129883,1251.1800842285156,1279.1400756835938,1248.7800903320312,1246.6800918579102,Group: D,Group: A,Group: D vs Group: A,4,4,Blank_Blank_Blank
PG(31:3),PG,1248.3600807189941,1246.0400886535645,1245.6800842285156,1252.2200775146484,1271.0400848388672,1282.2200813293457,1249.1800918579102,1248.8600883483887,1250.5200881958008,Group: D,Group: A,Group: D vs Group: A,4,4,Blank_Blank_Blank
PG(31:4),PG,1248.7000846862793,1247.480079650879,1246.1600952148438,1253.7200927734375,1252.220085144043,1285.800090789795,1248.9200859069824,1248.800090789795,1245.7800903320312,Group: D,Group: A,Group: D vs Group: A,4,4,Blank_Blank_Blank
"PG(32:0),PG(O-33:0)",PG,1248.06010055542,1296.4000930786133,1244.8400955200195,1250.9600944519043,1298.14009475708,1356.60009765625,1249.8200988769531,1309.5400886535645,1284.1800956726074,Group: D,Group: A,Group: D vs Group: A,4,4,Blank_Blank_Blank
"PG(32:1),PG(O-33:1),PG(P-33:0)",PG,1287.1800956726074,1287.0600929260254,1244.8800888061523,1250.1001014709473,1252.3000869750977,1251.7400856018066,1248.9000930786133,1343.440097808838,1271.0400886535645,Group: D,Group: A,Group: D vs Group: A,4,4,Blank_Blank_Blank
"PG(32:2),PG(O-33:2),PG(P-33:1)",PG,1262.56010055542,1283.2000923156738,1246.1400909423828,1250.8400993347168,1252.1200790405273,1251.54008102417,1249.580093383789,1274.4600830078125,1254.160083770752,Group: D,Group: A,Group: D vs Group: A,4,4,Blank_Blank_Blank
"PG(32:3),PG(P-33:2)",PG,1248.8200950622559,1246.4600868225098,1245.7000885009766,1250.9400901794434,1271.04008102417,1252.4600868225098,1332.4800872802734,1295.8600959777832,1335.6400909423828,Group: D,Group: A,Group: D vs Group: A,4,4,Blank_Blank_Blank
PG(32:4),PG,1249.0600929260254,1245.660083770752,1244.5600891113281,1250.9600868225098,1262.7400856018066,1250.920093536377,1249.660083770752,1249.0600891113281,1245.7000846862793,Group: D,Group: A,Group: D vs Group: A,4,4,Blank_Blank_Blank
PG(32:5),PG,1248.840087890625,1300.760097503662,1244.8800811767578,1277.9200820922852,1289.920093536377,1280.820083618164,1280.3600959777832,1258.0400924682617,1259.220085144043,Group: D,Group: A,Group: D vs Group: A,4,4,Blank_Blank_Blank
"PG(33:0),PG(O-34:0)",PG,1247.8000831604004,1245.1600914001465,1246.0600852966309,1251.10009765625,1265.780086517334,1250.980094909668,1249.8000869750977,1248.9800834655762,1245.1200828552246,Group: D,Group: A,Group: D vs Group: A,4,4,Blank_Blank_Blank
"PG(33:1),PG(O-34:1),PG(P-34:0)",PG,1248.620101928711,1245.8600845336914,1246.0200805664062,1251.400089263916,1251.9200820922852,1250.9200820922852,1249.200096130371,1248.940086364746,1266.8000869750977,Group: D,Group: A,Group: D vs Group: A,4,4,Blank_Blank_Blank
"PG(33:2),PG(O-34:2),PG(P-34:1)",PG,1248.5400848388672,1245.7400856018066,1245.8600959777832,1251.2800827026367,1318.740077972412,1284.4800872802734,1318.5600929260254,1248.6600799560547,1300.4800910949707,Group: D,Group: A,Group: D vs Group: A,4,4,Blank_Blank_Blank
"PG(33:3),PG(O-34:3),PG(P-34:2)",PG,1248.980094909668,1245.6200866699219,1246.1400909423828,1251.2600860595703,1271.1400833129883,1251.6400756835938,1287.5800819396973,1248.7200927734375,1286.480094909668,Group: D,Group: A,Group: D vs Group: A,4,4,Blank_Blank_Blank
"PG(33:4),PG(O-34:4),PG(P-34:3)",PG,1248.4600830078125,1296.4001007080078,1245.8000831604004,1250.780101776123,1291.740089416504,1260.6200866699219,1308.080093383789,1254.3200912475586,1246.0800895690918,Group: D,Group: A,Group: D vs Group: A,4,4,Blank_Blank_Blank
"PG(33:5),PG(P-34:4)",PG,1247.220085144043,1245.3400955200195,1245.3200912475586,1249.9200897216797,1282.6600875854492,1331.2200889587402,1277.6600875854492,1286.580093383789,1256.9400939941406,Group: D,Group: A,Group: D vs Group: A,4,4,Blank_Blank_Blank
"PG(34:0),PG(O-35:0)",PG,1293.0000801086426,1245.460090637207,1246.1600875854492,1251.3600807189941,1313.0600929260254,1251.3200759887695,1249.4801063537598,1356.6600914001465,1252.0400924682617,Group: D,Group: A,Group: D vs Group: A,4,4,Blank_Blank_Blank
"PG(34:3),PG(P-35:2)",PG,1248.5600852966309,1245.3600959777832,1246.6600799560547,1251.7000923156738,1262.040096282959,1290.3200950622559,1251.0800857543945,1249.3400955200195,1257.280086517334,Group: D,Group: A,Group: D vs Group: A,4,4,Blank_Blank_Blank
PG(34:4),PG,1248.2000999450684,1244.920093536377,1245.0400848388672,1251.0000953674316,1251.9400825500488,1251.6600799560547,1272.7000846862793,1248.3200874328613,1310.720100402832,Group: D,Group: A,Group: D vs Group: A,4,4,Blank_Blank_Blank
PG(34:5),PG,1248.9800910949707,1245.4200820922852,1313.620101928711,1251.1800918579102,1252.10009765625,1251.1401023864746,1249.260082244873,1302.180088043213,1245.9000778198242,Group: D,Group: A,Group: D vs Group: A,4,4,Blank_Blank_Blank
PG(34:6),PG,1248.4801025390625,1268.000087738037,1245.7800941467285,1251.4400825500488,1251.940086364746,1251.0200881958008,1286.440086364746,1247.9800834655762,1245.6400833129883,Group: D,Group: A,Group: D vs Group: A,4,4,Blank_Blank_Blank
"PG(35:2),PG(O-36:2),PG(P-36:1)",PG,1248.2800903320312,1245.0800857543945,1245.4000854492188,1251.020092010498,1253.04008102417,1288.8000831604004,1249.7600936889648,1249.5401000976562,1245.8200874328613,Group: D,Group: A,Group: D vs Group: A,4,4,Blank_Blank_Blank
"PG(35:3),PG(O-36:3),PG(P-36:2)",PG,1248.5600891113281,1245.6200981140137,1245.800106048584,1275.1000900268555,1251.8800964355469,1251.7800827026367,1271.1000900268555,1249.860092163086,1245.340087890625,Group: D,Group: A,Group: D vs Group: A,4,4,Blank_Blank_Blank
"PG(35:4),PG(O-36:4),PG(P-36:3)",PG,1248.280101776123,1245.5600929260254,1245.9800910949707,1251.6400871276855,1252.280086517334,1250.6200828552246,1250.3200874328613,1248.960090637207,1287.9600982666016,Group: D,Group: A,Group: D vs Group: A,4,4,Blank_Blank_Blank
"PG(35:5),PG(O-36:5),PG(P-36:4)",PG,1290.0600967407227,1244.840087890625,1284.3800773620605,1251.260082244873,1308.1000709533691,1251.1800918579102,1250.340087890625,1272.740089416504,1306.06010055542,Group: D,Group: A,Group: D vs Group: A,4,4,Blank_Blank_Blank
"PG(35:6),PG(P-36:5)",PG,1248.340087890625,1245.2800827026367,1254.700096130371,1267.140079498291,1251.8600845336914,1251.880084991455,1332.9800987243652,1270.1600914001465,1297.9801063537598,Group: D,Group: A,Group: D vs Group: A,4,4,Blank_Blank_Blank
"PG(36:1),PG(O-37:1),PG(P-37:0)",PG,1247.9800872802734,1244.8800811767578,1245.3000869750977,1295.3400993347168,1274.880084991455,1252.2600898742676,1296.0000839233398,1276.7000923156738,1267.6200828552246,Group: D,Group: A,Group: D vs Group: A,4,4,Blank_Blank_Blank
"PG(36:3),PG(P-37:2)",PG,1252.360092163086,1245.4800910949707,1283.5800971984863,1251.2200889587402,1255.540096282959,1302.9200973510742,1251.9000854492188,1248.5000915527344,1245.720085144043,Group: D,Group: A,Group: D vs Group: A,4,4,Blank_Blank_Blank
PG(36:4),PG,1248.6600875854492,1255.600082397461,1245.200080871582,1258.4000968933105,1302.6000938415527,1261.6200790405273,1248.7801055908203,1249.1200904846191,1299.06010055542,Group: D,Group: A,Group: D vs Group: A,4,4,Blank_Blank_Blank
PG(36:5),PG,1248.6600799560547,1246.0000953674316,1245.9400939941406,1251.54008102417,1251.3800926208496,1262.000087738037,1254.5400848388672,1271.9801025390625,1265.280086517334,Group: D,Group: A,Group: D vs Group: A,4,4,Blank_Blank_Blank
PG(36:6),PG,1255.0800857543945,1245.500087738037,1245.100082397461,1250.660083770752,1251.9800758361816,1250.7600936889648,1249.980094909668,1270.200096130371,1281.6000938415527,Group: D,Group: A,Group: D vs Group: A,4,4,Blank_Blank_Blank
"PG(36:7),PG(35:0),PG(O-36:0)",PG,1257.4200897216797,1245.480094909668,1245.640079498291,1251.4200897216797,1319.3400993347168,1251.3600883483887,1249.7800827026367,1248.3000984191895,1245.3400840759277,Group: D,Group: A,Group: D vs Group: A,4,4,Blank_Blank_Blank
"PG(36:8),PG(35:1),PG(O-36:1),PG(P-36:0)",PG,1249.6800804138184,1315.9401016235352,1276.7600936889648,1288.080093383789,1295.900089263916,1320.860107421875,1249.4000968933105,1248.9600868225098,1312.3200950622559,Group: D,Group: A,Group: D vs Group: A,4,4,Blank_Blank_Blank
"PG(37:3),PG(O-38:3),PG(P-38:2)",PG,1249.0400886535645,1246.2800827026367,1245.2800788879395,1252.1400871276855,1275.4200973510742,1251.1600799560547,1298.460090637207,1248.9400901794434,1322.9400901794434,Group: D,Group: A,Group: D vs Group: A,4,4,Blank_Blank_Blank
"PG(37:4),PG(O-38:4),PG(P-38:3)",PG,1248.200096130371,1246.2000846862793,1289.4400939941406,1251.4600868225098,1252.0200805664062,1285.3800888061523,1249.8200988769531,1248.6800956726074,1245.3400955200195,Group: D,Group: A,Group: D vs Group: A,4,4,Blank_Blank_Blank
"PG(37:5),PG(O-38:5),PG(P-38:4)",PG,1248.500087738037,1245.7200889587402,1245.1000900268555,1252.6400871276855,1251.0600852966309,1286.2000885009766,1249.0800857543945,1248.9200897216797,1245.2800827026367,Group: D,Group: A,Group: D vs Group: A,4,4,Blank_Blank_Blank
"PG(37:6),PG(O-38:6),PG(P-38:5)",PG,1248.260097503662,1245.6800842285156,1261.020092010498,1250.8200950622559,1268.9400901794434,1262.2800979614258,1249.780071258545,1280.2800903320312,1260.960090637207,Group: D,Group: A,Group: D vs Group: A,4,4,Blank_Blank_Blank
"PG(37:7),PG(P-38:6),PG(36:0),PG(O-37:0)",PG,1248.2600860595703,1244.900089263916,1263.4600944519043,1251.1600875854492,1252.1800918579102,1297.3400840759277,1269.4000816345215,1289.0800971984863,1245.4600944519043,Group: D,Group: A,Group: D vs Group: A,4,4,Blank_Blank_Blank
"PG(38:2),PG(P-39:1)",PG,1247.9000778198242,1246.1000900268555,1245.0400886535645,1251.4200859069824,1252.020092010498,1250.980094909668,1289.5400772094727,1248.0400924682617,1245.500087738037,Group: D,Group: A,Group: D vs Group: A,4,4,Blank_Blank_Blank
PG(38:3),PG,1248.1600914001465,1245.520092010498,1273.7600860595703,1251.100082397461,1252.3400802612305,1277.960090637207,1257.180088043213,1249.3600845336914,1267.3400955200195,Group: D,Group: A,Group: D vs Group: A,4,4,Blank_Blank_Blank
PG(38:4),PG,1248.7000770568848,1246.2001037597656,1245.600082397461,1278.3800926208496,1252.5000839233398,1251.4400901794434,1293.160099029541,1374.9400939941406,1244.8800735473633,Group: D,Group: A,Group: D vs Group: A,4,4,Blank_Blank_Blank
PG(38:5),PG,1247.5400924682617,1245.0800971984863,1244.8600845336914,1250.3200912475586,1252.8200874328613,1251.280086517334,1277.9201011657715,1249.4600868225098,1245.7000999450684,Group: D,Group: A,Group: D vs Group: A,4,4,Blank_Blank_Blank
PG(38:6),PG,1248.3600845336914,1245.020092010498,1244.4400787353516,1301.1800918579102,1252.1200866699219,1252.0600929260254,1249.240089416504,1333.2601013183594,1244.6400909423828,Group: D,Group: A,Group: D vs Group: A,4,4,Blank_Blank_Blank
"PG(38:7),PG(37:0),PG(O-38:0)",PG,1248.8200912475586,1264.3400840759277,1245.7401008605957,1251.2000885009766,1379.5800971984863,1288.0200881958008,1249.9000968933105,1248.740077972412,1244.4200859069824,Group: D,Group: A,Group: D vs Group: A,4,4,Blank_Blank_Blank
"PG(38:8),PG(37:1),PG(O-38:1),PG(P-38:0)",PG,1248.4000778198242,1245.3000869750977,1245.9200897216797,1251.440086364746,1251.9800910949707,1251.1200981140137,1249.3800888061523,1249.0600852966309,1246.1000938415527,Group: D,Group: A,Group: D vs Group: A,4,4,Blank_Blank_Blank
"PG(38:9),PG(37:2),PG(O-38:2),PG(P-38:1)",PG,1249.3000869750977,1245.7400970458984,1245.5800819396973,1251.8000793457031,1287.340087890625,1251.3200874328613,1250.3000946044922,1298.240089416504,1254.7200775146484,Group: D,Group: A,Group: D vs Group: A,4,4,Blank_Blank_Blank
"PG(39:1),PG(O-40:1),PG(P-40:0)",PG,1290.400089263916,1287.0801010131836,1287.5200881958008,1292.920093536377,1308.020092010498,1326.1800994873047,1291.240089416504,1290.3200912475586,1311.3200950622559,Group: D,Group: A,Group: D vs Group: A,4,4,Blank_Blank_Blank
"PG(39:4),PG(O-40:4),PG(P-40:3)",PG,1290.960090637207,1286.8000946044922,1287.2800941467285,1292.8600883483887,1339.740089416504,1298.1600875854492,1290.320083618164,1290.360092163086,1286.4201011657715,Group: D,Group: A,Group: D vs Group: A,4,4,Blank_Blank_Blank
"PG(39:5),PG(O-40:5),PG(P-40:4)",PG,1290.06010055542,1286.6600914001465,1287.320083618164,1293.7200813293457,1330.2801094055176,1293.6400909423828,1291.5201034545898,1334.2800979614258,1287.8000984191895,Group: D,Group: A,Group: D vs Group: A,4,4,Blank_Blank_Blank
"PG(39:6),PG(O-40:6),PG(P-40:5)",PG,1289.8800964355469,1288.0400886535645,1286.8400955200195,1308.2600936889648,1293.1000900268555,1293.1800956726074,1298.1000900268555,1295.2800903320312,1286.8800888061523,Group: D,Group: A,Group: D vs Group: A,4,4,Blank_Blank_Blank
"PG(39:7),PG(P-40:6),PG(38:0),PG(O-39:0)",PG,1251.4600830078125,1269.9400901794434,1245.9000930786133,1251.700080871582,1251.660083770752,1250.400074005127,1249.7400856018066,1248.7800941467285,1244.6000862121582,Group: D,Group: A,Group: D vs Group: A,4,4,Blank_Blank_Blank
"PG(39:8),PG(38:1),PG(O-39:1),PG(P-39:0)",PG,1248.8000869750977,1246.3000869750977,1244.8400764465332,1251.9800872802734,1251.240089416504,1280.8000869750977,1250.6200904846191,1248.7800788879395,1245.8200874328613,Group: D,Group: A,Group: D vs Group: A,4,4,Blank_Blank_Blank
"PG(40:1),PG(P-41:0)",PG,1314.580093383789,1287.1000862121582,1287.0800857543945,1293.5400848388672,1292.7600936889648,1293.1000862121582,1336.2001037597656,1314.580078125,1331.260108947754,Group: D,Group: A,Group: D vs Group: A,4,4,Blank_Blank_Blank
"PG(40:10),PG(39:3),PG(O-40:3),PG(P-40:2)",PG,1290.2400932312012,1287.6400833129883,1287.020092010498,1292.8800926208496,1293.760082244873,1293.240089416504,1291.3400802612305,1304.780086517334,1290.1800804138184,Group: D,Group: A,Group: D vs Group: A,4,4,Blank_Blank_Blank
PG(40:2),PG,1335.5800819396973,1286.0800895690918,1312.960090637207,1296.740089416504,1302.080093383789,1293.5200996398926,1327.8400955200195,1290.6400833129883,1286.520092010498,Group: D,Group: A,Group: D vs Group: A,4,4,Blank_Blank_Blank
PG(40:3),PG,1290.0401000976562,1286.3200874328613,1319.7600860595703,1293.1000900268555,1347.5801048278809,1293.5400848388672,1343.840087890625,1291.1400871276855,1287.540096282959,Group: D,Group: A,Group: D vs Group: A,4,4,Blank_Blank_Blank
PG(40:4),PG,1290.0000953674316,1287.2200927734375,1287.5000953674316,1292.6800842285156,1319.2200927734375,1345.240089416504,1291.4600982666016,1290.8200988769531,1395.6800994873047,Group: D,Group: A,Group: D vs Group: A,4,4,Blank_Blank_Blank
PG(40:5),PG,1289.8600883483887,1287.0000915527344,1287.8600959777832,1312.2000923156738,1294.2200813293457,1293.000087738037,1291.080093383789,1347.4200897216797,1297.7600860595703,Group: D,Group: A,Group: D vs Group: A,4,4,Blank_Blank_Blank
PG(40:6),PG,1290.1401023864746,1286.7600936889648,1286.900089263916,1292.660083770752,1327.040096282959,1292.7000999450684,1309.9800910949707,1291.580093383789,1287.5600891113281,Group: D,Group: A,Group: D vs Group: A,4,4,Blank_Blank_Blank
"PG(40:7),PG(39:0),PG(O-40:0)",PG,1290.760097503662,1315.6000938415527,1286.2000923156738,1292.5600852966309,1293.5001029968262,1293.6000900268555,1291.3400840759277,1290.0600852966309,1288.1800994873047,Group: D,Group: A,Group: D vs Group: A,4,4,Blank_Blank_Blank
"PG(40:9),PG(39:2),PG(O-40:2),PG(P-40:1)",PG,1290.7000885009766,1286.4600830078125,1287.6400871276855,1291.860092163086,1293.0600967407227,1318.1000900268555,1292.120101928711,1289.5800895690918,1297.7000846862793,Group: D,Group: A,Group: D vs Group: A,4,4,Blank_Blank_Blank
"PG(41:5),PG(P-42:4)",PG,1290.1600952148438,1287.2400970458984,1287.1400909423828,1294.7400856018066,1303.700096130371,1333.520092010498,1291.0400886535645,1355.120101928711,1286.8200874328613,Group: D,Group: A,Group: D vs Group: A,4,4,Blank_Blank_Blank
"PG(41:6),PG(O-42:6)",PG,1289.960090637207,1287.460090637207,1287.800090789795,1293.1000900268555,1405.7601013183594,1330.8800926208496,1311.1400833129883,1289.5200881958008,1304.4000930786133,Group: D,Group: A,Group: D vs Group: A,4,4,Blank_Blank_Blank
"PG(41:7),PG(P-42:6),PG(40:0),PG(O-41:0)",PG,1290.6200942993164,1286.2600898742676,1286.740089416504,1292.3600959777832,1341.14009475708,1292.700096130371,1292.1200866699219,1298.0600852966309,1286.540096282959,Group: D,Group: A,Group: D vs Group: A,4,4,Blank_Blank_Blank
PG(42:0),PG,1290.0400886535645,1288.0800819396973,1288.0600891113281,1292.960090637207,1337.7200813293457,1292.8400955200195,1290.0800857543945,1337.520092010498,1295.7200927734375,Group: D,Group: A,Group: D vs Group: A,4,4,Blank_Blank_Blank
PG(42:1),PG,1289.5200996398926,1286.8600883483887,1287.3600997924805,1292.9000930786133,1294.5200881958008,1301.14009475708,1345.8000869750977,1290.4200973510742,1287.0200996398926,Group: D,Group: A,Group: D vs Group: A,4,4,Blank_Blank_Blank
"PG(42:10),PG(41:3),PG(P-42:2)",PG,1289.4800872802734,1287.3801040649414,1306.0800895690918,1320.0400924682617,1292.7800903320312,1292.9600868225098,1290.860092163086,1290.340087890625,1301.0801010131836,Group: D,Group: A,Group: D vs Group: A,4,4,Blank_Blank_Blank
"PG(42:11),PG(41:4),PG(O-42:4)",PG,1333.0201034545898,1287.0801048278809,1286.9200897216797,1292.800090789795,1369.8000946044922,1293.4200820922852,1290.680088043213,1312.500099182129,1298.9400787353516,Group: D,Group: A,Group: D vs Group: A,4,4,Blank_Blank_Blank
PG(42:2),PG,1290.0400848388672,1327.0200843811035,1313.9600944519043,1292.8200950622559,1293.1800994873047,1292.3600883483887,1385.2601051330566,1290.720100402832,1286.1000862121582,Group: D,Group: A,Group: D vs Group: A,4,4,Blank_Blank_Blank
PG(42:3),PG,1290.2000846862793,1286.7400970458984,1286.9200897216797,1293.020076751709,1293.3400840759277,1292.7800903320312,1296.8801002502441,1290.500087738037,1286.4200820922852,Group: D,Group: A,Group: D vs Group: A,4,4,Blank_Blank_Blank
PG(42:4),PG,1290.5400848388672,1286.9200859069824,1286.3800964355469,1292.840087890625,1293.740089416504,1293.240089416504,1334.0801010131836,1290.700080871582,1310.700096130371,Group: D,Group: A,Group: D vs Group: A,4,4,Blank_Blank_Blank
PG(42:5),PG,1290.5400848388672,1287.0401000976562,1287.280101776123,1293.0000915527344,1315.8400802612305,1293.4000854492188,1290.440097808838,1290.3400917053223,1286.8000984191895,Group: D,Group: A,Group: D vs Group: A,4,4,Blank_Blank_Blank
PG(42:6),PG,1290.8200912475586,1286.6201057434082,1310.040096282959,1292.5400848388672,1304.640079498291,1318.7800941467285,1290.9400939941406,1291.3800926208496,1287.1200942993164,Group: D,Group: A,Group: D vs Group: A,4,4,Blank_Blank_Blank
"PG(42:7),PG(41:0),PG(O-42:0)",PG,1290.1400909423828,1286.840103149414,1287.4400749206543,1292.1800918579102,1307.6200866699219,1293.2600860595703,1290.7000923156738,1291.3400955200195,1289.9800910949707,Group: D,Group: A,Group: D vs Group: A,4,4,Blank_Blank_Blank
"PG(42:8),PG(41:1),PG(O-42:1),PG(P-42:0)",PG,1289.9600944519043,1289.200096130371,1297.1200904846191,1319.5200958251953,1302.9600868225098,1293.040096282959,1290.9600868225098,1290.440097808838,1323.0801086425781,Group: D,Group: A,Group: D vs Group: A,4,4,Blank_Blank_Blank
"PG(42:9),PG(41:2),PG(O-42:2),PG(P-42:1)",PG,1290.2200889587402,1287.2200889587402,1286.7400817871094,1293.1000862121582,1293.4600830078125,1293.0000839233398,1290.2200927734375,1291.0000915527344,1333.8800888061523,Group: D,Group: A,Group: D vs Group: A,4,4,Blank_Blank_Blank
PG(43:2),PG,1289.5200881958008,1287.1600914001465,1286.840103149414,1311.0800971984863,1298.9800834655762,1292.5400924682617,1291.0200996398926,1324.4201011657715,1286.9400901794434,Group: D,Group: A,Group: D vs Group: A,4,4,Blank_Blank_Blank
PG(43:4),PG,1289.6600799560547,1320.0600929260254,1287.7200889587402,1293.0800819396973,1293.8800964355469,1292.9000968933105,1308.1800956726074,1289.7800903320312,1294.8800888061523,Group: D,Group: A,Group: D vs Group: A,4,4,Blank_Blank_Blank
PG(43:6),PG,1370.5200958251953,1286.7400932312012,1287.420093536377,1293.6200866699219,1293.1800994873047,1293.1400871276855,1299.6600914001465,1290.8200950622559,1359.0201034545898,Group: D,Group: A,Group: D vs Group: A,4,4,Blank_Blank_Blank
PG(44:0),PG,1288.3400955200195,1285.3800926208496,1286.3400917053223,1290.6200866699219,1292.6000785827637,1372.480094909668,1311.6400909423828,1289.6000938415527,1361.9000930786133,Group: D,Group: A,Group: D vs Group: A,4,4,Blank_Blank_Blank
PG(44:1),PG,1290.3400917053223,1286.9401016235352,1287.2600898742676,1292.8200912475586,1293.3400917053223,1340.5200881958008,1290.340087890625,1289.7800979614258,1287.5401039123535,Group: D,Group: A,Group: D vs Group: A,4,4,Blank_Blank_Blank
PG(44:10),PG,1290.8000793457031,1288.14009475708,1287.14009475708,1293.5000915527344,1331.7401008605957,1292.64009475708,1326.580093383789,1291.0800895690918,1286.8200912475586,Group: D,Group: A,Group: D vs Group: A,4,4,Blank_Blank_Blank
PG(44:12),PG,1289.8200950622559,1287.000087738037,1287.7000923156738,1293.5200881958008,1293.4800910949707,1292.7400856018066,1322.760097503662,1331.7000923156738,1287.2601051330566,Group: D,Group: A,Group: D vs Group: A,4,4,Blank_Blank_Blank
PG(44:2),PG,1290.0400848388672,1286.1200790405273,1285.4600944519043,1292.5200881958008,1306.620101928711,1293.2600936889648,1292.0400886535645,1291.860092163086,1287.6400909423828,Group: D,Group: A,Group: D vs Group: A,4,4,Blank_Blank_Blank
PG(44:3),PG,1290.0000915527344,1286.7400932312012,1357.6400909423828,1346.8000984191895,1293.8000831604004,1293.2400932312012,1290.3800888061523,1290.9200897216797,1287.3600883483887,Group: D,Group: A,Group: D vs Group: A,4,4,Blank_Blank_Blank
PG(44:4),PG,1289.9800872802734,1287.3200912475586,1287.1001052856445,1292.5800895690918,1364.2400856018066,1335.2600936889648,1315.6800994873047,1291.040096282959,1287.6200828552246,Group: D,Group: A,Group: D vs Group: A,4,4,Blank_Blank_Blank
PG(44:5),PG,1336.2200889587402,1286.900089263916,1287.300090789795,1293.440097808838,1292.7800903320312,1374.220085144043,1303.680088043213,1290.3400993347168,1286.8200912475586,Group: D,Group: A,Group: D vs Group: A,4,4,Blank_Blank_Blank
PG(44:6),PG,1289.780086517334,1285.9400939941406,1287.540096282959,1292.2001037597656,1317.5400886535645,1318.6400909423828,1291.0200881958008,1290.8801040649414,1286.440086364746,Group: D,Group: A,Group: D vs Group: A,4,4,Blank_Blank_Blank
"PG(44:7),PG(43:0)",PG,1290.6200942993164,1287.880084991455,1287.1600875854492,1292.7200965881348,1293.3200950622559,1294.1000900268555,1291.0000915527344,1329.460090637207,1286.9000930786133,Group: D,Group: A,Group: D vs Group: A,4,4,Blank_Blank_Blank
"PG(44:8),PG(43:1)",PG,1289.400089263916,1287.2200965881348,1287.2001037597656,1293.3000755310059,1293.4600982666016,1293.6600875854492,1291.0801048278809,1290.5800971984863,1287.14009475708,Group: D,Group: A,Group: D vs Group: A,4,4,Blank_Blank_Blank
"PG(O-35:1),PG(P-35:0)",PG,1334.6200942993164,1293.2400932312012,1277.3200874328613,1255.5600891113281,1298.6200790405273,1322.5600891113281,1467.8601112365723,1359.6000785827637,1251.8600883483887,Group: D,Group: A,Group: D vs Group: A,4,4,Blank_Blank_Blank
"PG(O-35:2),PG(P-35:1)",PG,1258.1000862121582,1246.6000938415527,1252.6800842285156,1250.5200881958008,1287.3400993347168,1526.1401176452637,1282.2000885009766,1248.6600799560547,1316.200080871582,Group: D,Group: A,Group: D vs Group: A,4,4,Blank_Blank_Blank
"PG(O-37:2),PG(P-37:1)",PG,1248.5600967407227,1245.8400917053223,1436.9001083374023,1275.8400917053223,1310.180088043213,1252.2400817871094,1249.6600799560547,1298.3000869750977,1286.4000930786133,Group: D,Group: A,Group: D vs Group: A,4,4,Blank_Blank_Blank
PI(24:0),PI,1405.6400871276855,1263.440097808838,1288.9600944519043,1503.020107269287,1390.7401008605957,1301.280086517334,1310.040096282959,1362.4401016235352,1272.3000869750977,Group: D,Group: A,Group: D vs Group: A,4,4,Blank_Blank_Blank
PI(25:0),PI,1301.000099182129,1315.3400993347168,1306.7200965881348,1364.0800971984863,1387.7400970458984,1316.3600883483887,1314.7200927734375,1428.660099029541,1328.800106048584,Group: D,Group: A,Group: D vs Group: A,4,4,Blank_Blank_Blank
PI(26:0),PI,1350.0401000976562,1286.5200805664062,1261.180088043213,1382.4601020812988,1414.1200981140137,1340.700096130371,1298.860092163086,1335.9800910949707,1287.3200912475586,Group: D,Group: A,Group: D vs Group: A,4,4,Blank_Blank_Blank
PI(26:1),PI,1302.1600799560547,1263.2400932312012,1261.8800964355469,1387.5600967407227,1271.9601020812988,1266.0600929260254,1258.6000747680664,1257.6000900268555,1267.3000869750977,Group: D,Group: A,Group: D vs Group: A,4,4,Blank_Blank_Blank
"PI(27:0),PI(O-28:0)",PI,1360.0000953674316,1262.5600929260254,1260.9200973510742,1287.100082397461,1328.5401039123535,1266.1200866699219,1269.000099182129,1281.1600761413574,1267.9000930786133,Group: D,Group: A,Group: D vs Group: A,4,4,Blank_Blank_Blank
"PI(27:1),PI(P-28:0)",PI,1265.7200889587402,1292.7000999450684,1261.5200996398926,1295.8200912475586,1266.1200904846191,1264.7600898742676,1271.9600982666016,1257.740089416504,1266.5600852966309,Group: D,Group: A,Group: D vs Group: A,4,4,Blank_Blank_Blank
"PI(28:0),PI(O-29:0)",PI,1373.440097808838,1262.9400825500488,1261.6600914001465,1364.8000946044922,1367.620101928711,1265.8600883483887,1258.6600875854492,1292.6800918579102,1279.7800979614258,Group: D,Group: A,Group: D vs Group: A,4,4,Blank_Blank_Blank
"PI(28:1),PI(P-29:0)",PI,1272.2200889587402,1262.3400840759277,1281.0600929260254,1267.4200859069824,1286.0000915527344,1283.3800888061523,1258.460090637207,1258.3000984191895,1266.4200897216797,Group: D,Group: A,Group: D vs Group: A,4,4,Blank_Blank_Blank
PI(28:2),PI,1265.140079498291,1274.9400749206543,1260.7000923156738,1311.4200859069824,1266.6800918579102,1325.7400856018066,1258.5600891113281,1290.0200881958008,1321.5400924682617,Group: D,Group: A,Group: D vs Group: A,4,4,Blank_Blank_Blank
"PI(29:0),PI(O-30:0)",PI,1303.480094909668,1262.2800827026367,1291.4400901794434,1310.5600929260254,1265.180088043213,1266.1000938415527,1258.7200927734375,1296.1400871276855,1266.5800895690918,Group: D,Group: A,Group: D vs Group: A,4,4,Blank_Blank_Blank
"PI(29:1),PI(O-30:1),PI(P-30:0)",PI,1265.1401023864746,1277.4800910949707,1261.5800857543945,1266.680088043213,1295.7600898742676,1278.160083770752,1287.1800842285156,1256.6600875854492,1266.9800872802734,Group: D,Group: A,Group: D vs Group: A,4,4,Blank_Blank_Blank
"PI(29:2),PI(P-30:1)",PI,1302.0800819396973,1363.0801010131836,1404.9000968933105,1315.3200912475586,1299.520092010498,1277.04008102417,1284.2600860595703,1297.7200813293457,1265.9800834655762,Group: D,Group: A,Group: D vs Group: A,4,4,Blank_Blank_Blank
"PI(30:0),PI(O-31:0)",PI,1332.900089263916,1285.9201011657715,1261.0800819396973,1266.2800827026367,1268.0200996398926,1265.9600944519043,1258.3200759887695,1257.9800872802734,1266.760097503662,Group: D,Group: A,Group: D vs Group: A,4,4,Blank_Blank_Blank
"PI(30:1),PI(O-31:1),PI(P-31:0)",PI,1345.6200904846191,1326.5801010131836,1261.1800842285156,1265.9800872802734,1265.7200889587402,1264.8000793457031,1258.4800834655762,1277.700096130371,1332.120101928711,Group: D,Group: A,Group: D vs Group: A,4,4,Blank_Blank_Blank
"PI(30:2),PI(P-31:1)",PI,1266.0800857543945,1263.340087890625,1275.460090637207,1287.8400917053223,1265.340087890625,1265.5200958251953,1258.2200813293457,1276.9200897216797,1268.3000946044922,Group: D,Group: A,Group: D vs Group: A,4,4,Blank_Blank_Blank
PI(30:3),PI,1266.0800895690918,1263.180076599121,1262.240089416504,1293.5600967407227,1265.880069732666,1266.0600891113281,1257.680088043213,1257.5600891113281,1266.8000946044922,Group: D,Group: A,Group: D vs Group: A,4,4,Blank_Blank_Blank
PI(30:4),PI,1265.4800872802734,1262.300090789795,1283.3400955200195,1309.8800926208496,1265.8800926208496,1265.6000785827637,1258.7600860595703,1258.0200843811035,1267.1200904846191,Group: D,Group: A,Group: D vs Group: A,4,4,Blank_Blank_Blank
"PI(31:0),PI(O-32:0)",PI,1413.7600898742676,1378.9800987243652,1272.9600944519043,1266.6200904846191,1313.820083618164,1296.2600936889648,1258.6400909423828,1314.980094909668,1301.580078125,Group: D,Group: A,Group: D vs Group: A,4,4,Blank_Blank_Blank
"PI(31:1),PI(O-32:1),PI(P-32:0)",PI,1312.8400917053223,1314.500087738037,1295.2600860595703,1355.680088043213,1450.960105895996,1332.2800903320312,1274.4800910949707,1367.020092010498,1265.9000968933105,Group: D,Group: A,Group: D vs Group: A,4,4,Blank_Blank_Blank
"PI(31:2),PI(P-32:1)",PI,1319.2800979614258,1263.320083618164,1261.220085144043,1266.8200874328613,1295.6800842285156,1281.8000869750977,1258.2000885009766,1256.8600883483887,1267.1200828552246,Group: D,Group: A,Group: D vs Group: A,4,4,Blank_Blank_Blank
PI(31:3),PI,1264.4800872802734,1262.3200950622559,1261.2400932312012,1266.3600883483887,1266.4800872802734,1266.1800842285156,1258.240089416504,1269.0000801086426,1296.6000938415527,Group: D,Group: A,Group: D vs Group: A,4,4,Blank_Blank_Blank
PI(31:4),PI,1319.1600952148438,1308.160099029541,1261.6801071166992,1265.9800872802734,1265.680088043213,1265.9800872802734,1258.3800888061523,1256.8600959777832,1266.4200859069824,Group: D,Group: A,Group: D vs Group: A,4,4,Blank_Blank_Blank
"PI(32:0),PI(O-33:0)",PI,1303.5000953674316,1338.4401054382324,1277.2400932312012,1338.0600891113281,1332.800090789795,1314.2601051330566,1258.7600784301758,1277.960075378418,1266.9000968933105,Group: D,Group: A,Group: D vs Group: A,4,4,Blank_Blank_Blank
"PI(32:1),PI(O-33:1),PI(P-33:0)",PI,1362.3200912475586,1262.8000984191895,1322.9600944519043,1267.1400985717773,1353.3600997924805,1284.240089416504,1259.5000839233398,1292.0600891113281,1267.400089263916,Group: D,Group: A,Group: D vs Group: A,4,4,Blank_Blank_Blank
"PI(32:2),PI(O-33:2),PI(P-33:1)",PI,1327.860107421875,1281.840087890625,1261.5600929260254,1266.4800834655762,1324.8200988769531,1266.1800994873047,1258.7600860595703,1257.5200843811035,1267.5401039123535,Group: D,Group: A,Group: D vs Group: A,4,4,Blank_Blank_Blank
"PI(32:3),PI(P-33:2)",PI,1265.8400802612305,1263.7400932312012,1270.4000854492188,1266.520076751709,1314.440086364746,1265.6200942993164,1258.5000762939453,1256.9600715637207,1267.3800888061523,Group: D,Group: A,Group: D vs Group: A,4,4,Blank_Blank_Blank
PI(32:4),PI,1265.260097503662,1262.9000968933105,1262.2200965881348,1266.7400856018066,1265.7400932312012,1265.9600868225098,1325.0200958251953,1257.400089263916,1275.6401062011719,Group: D,Group: A,Group: D vs Group: A,4,4,Blank_Blank_Blank
PI(32:5),PI,1265.6600761413574,1263.9600868225098,1285.4000968933105,1266.6200904846191,1281.6200942993164,1273.1200981140137,1295.300090789795,1256.440086364746,1288.4800872802734,Group: D,Group: A,Group: D vs Group: A,4,4,Blank_Blank_Blank
"PI(33:0),PI(O-34:0)",PI,1276.7600898742676,1263.8800926208496,1261.3000831604004,1267.900074005127,1337.5000839233398,1265.1200942993164,1286.6000862121582,1257.800090789795,1298.3600959777832,Group: D,Group: A,Group: D vs Group: A,4,4,Blank_Blank_Blank
"PI(33:1),PI(O-34:1),PI(P-34:0)",PI,1307.8200874328613,1294.4201011657715,1284.8000793457031,1276.9200897216797,1265.5800819396973,1286.8200912475586,1258.2800827026367,1300.380084991455,1267.0801010131836,Group: D,Group: A,Group: D vs Group: A,4,4,Blank_Blank_Blank
"PI(33:2),PI(O-34:2),PI(P-34:1)",PI,1264.520092010498,1274.9201011657715,1283.680103302002,1286.5400848388672,1288.8400993347168,1265.6800842285156,1308.5800857543945,1311.080093383789,1270.0000839233398,Group: D,Group: A,Group: D vs Group: A,4,4,Blank_Blank_Blank
"PI(33:3),PI(O-34:3),PI(P-34:2)",PI,1264.6200904846191,1261.200096130371,1331.4201049804688,1330.420093536377,1291.1000900268555,1265.700080871582,1313.4400825500488,1256.7800979614258,1267.14009475708,Group: D,Group: A,Group: D vs Group: A,4,4,Blank_Blank_Blank
"PI(33:4),PI(O-34:4),PI(P-34:3)",PI,1265.3200988769531,1262.5800819396973,1261.440097808838,1265.8200912475586,1265.9400825500488,1331.260097503662,1260.1800956726074,1296.8600883483887,1267.2600898742676,Group: D,Group: A,Group: D vs Group: A,4,4,Blank_Blank_Blank
"PI(33:5),PI(P-34:4)",PI,1265.4000930786133,1263.0200805664062,1261.2000923156738,1291.4000968933105,1265.0600891113281,1265.6000862121582,1258.4800872802734,1256.7200889587402,1277.4600868225098,Group: D,Group: A,Group: D vs Group: A,4,4,Blank_Blank_Blank
"PI(34:0),PI(O-35:0)",PI,1263.9000930786133,1364.040096282959,1314.2400970458984,1330.8400955200195,1265.8800888061523,1345.0001029968262,1258.3200874328613,1266.1400871276855,1267.1200904846191,Group: D,Group: A,Group: D vs Group: A,4,4,Blank_Blank_Blank
"PI(34:1),PI(O-35:1),PI(P-35:0)",PI,1669.1601104736328,1346.480094909668,1396.580093383789,1685.5601196289062,1555.040111541748,1534.8801040649414,1339.360092163086,1627.5001068115234,1267.8600845336914,Group: D,Group: A,Group: D vs Group: A,4,4,Blank_Blank_Blank
"PI(34:2),PI(O-35:2),PI(P-35:1)",PI,2658.680187225342,1790.4201354980469,2064.740165710449,5423.540390014648,3422.460205078125,2256.2201766967773,1462.3200988769531,2242.3601455688477,1266.6600952148438,Group: D,Group: A,Group: D vs Group: A,4,4,Blank_Blank_Blank
"PI(34:3),PI(P-35:2)",PI,1330.760097503662,1299.0400924682617,1403.9200820922852,1517.0401000976562,1439.7801055908203,1305.3000869750977,1259.240089416504,1280.8200874328613,1267.1000862121582,Group: D,Group: A,Group: D vs Group: A,4,4,Blank_Blank_Blank
PI(34:4),PI,1265.000087738037,1308.6600952148438,1261.14009475708,1289.9600868225098,1266.0400886535645,1289.6600914001465,1261.2200813293457,1302.180088043213,1267.4600830078125,Group: D,Group: A,Group: D vs Group: A,4,4,Blank_Blank_Blank
PI(34:5),PI,1265.4600982666016,1262.4800910949707,1262.3600845336914,1266.7000846862793,1279.4600944519043,1265.5800895690918,1257.9800872802734,1257.220085144043,1267.3800926208496,Group: D,Group: A,Group: D vs Group: A,4,4,Blank_Blank_Blank
PI(34:6),PI,1265.160083770752,1262.4600944519043,1261.980094909668,1286.3000869750977,1265.7400856018066,1265.4000854492188,1258.0200843811035,1257.780086517334,1266.8200874328613,Group: D,Group: A,Group: D vs Group: A,4,4,Blank_Blank_Blank
"PI(35:2),PI(O-36:2),PI(P-36:1)",PI,1265.6600875854492,1262.3200912475586,1338.9801025390625,1381.1201057434082,1312.2200927734375,1302.4401016235352,1258.5401039123535,1299.4000816345215,1318.8001022338867,Group: D,Group: A,Group: D vs Group: A,4,4,Blank_Blank_Blank
"PI(35:3),PI(O-36:3),PI(P-36:2)",PI,1282.7600898742676,1263.080093383789,1281.3400955200195,1269.360092163086,1270.4600982666016,1265.1800956726074,1268.4000854492188,1257.1000862121582,1266.7000885009766,Group: D,Group: A,Group: D vs Group: A,4,4,Blank_Blank_Blank
"PI(35:4),PI(O-36:4),PI(P-36:3)",PI,1285.64009475708,1262.8000869750977,1261.6400909423828,1335.4401054382324,1265.9200859069824,1265.420093536377,1324.5001029968262,1289.5200958251953,1267.7600898742676,Group: D,Group: A,Group: D vs Group: A,4,4,Blank_Blank_Blank
"PI(35:5),PI(O-36:5),PI(P-36:4)",PI,1265.8400917053223,1263.4600830078125,1261.8200912475586,1265.8200988769531,1266.4600830078125,1265.8400840759277,1258.5600776672363,1311.8600883483887,1277.300090789795,Group: D,Group: A,Group: D vs Group: A,4,4,Blank_Blank_Blank
"PI(35:6),PI(P-36:5)",PI,1281.3400955200195,1262.260082244873,1261.2001037597656,1292.7600936889648,1265.6200904846191,1276.340087890625,1259.14009475708,1290.0600852966309,1266.6000862121582,Group: D,Group: A,Group: D vs Group: A,4,4,Blank_Blank_Blank
"PI(36:1),PI(O-37:1),PI(P-37:0)",PI,1358.9600982666016,1348.0000915527344,1312.0800857543945,2204.340129852295,1660.0001220703125,1328.2000923156738,1404.3000984191895,1583.4001121520996,1267.2401008605957,Group: D,Group: A,Group: D vs Group: A,4,4,Blank_Blank_Blank
"PI(36:2),PI(O-37:2),PI(P-37:1)",PI,4631.32035446167,3077.8402214050293,3398.740219116211,14678.640800476074,5529.320262908936,2260.9801635742188,1655.980110168457,4022.9603691101074,1266.7600860595703,Group: D,Group: A,Group: D vs Group: A,4,4,Blank_Blank_Blank
"PI(36:3),PI(P-37:2)",PI,4185.280342102051,3591.8402519226074,2905.080192565918,11406.180606842041,6144.300354003906,2366.6001472473145,1983.1001167297363,4368.840270996094,1266.8400917053223,Group: D,Group: A,Group: D vs Group: A,4,4,Blank_Blank_Blank
PI(36:4),PI,7182.300338745117,5490.840293884277,3804.4201889038086,11150.860946655273,11106.820728302002,3930.720283508301,2157.3401641845703,5808.680335998535,1267.8200874328613,Group: D,Group: A,Group: D vs Group: A,4,4,Blank_Blank_Blank
PI(36:5),PI,1436.460105895996,1368.740077972412,1361.8800926208496,1629.9801292419434,1352.9601020812988,1303.3800888061523,1281.8200874328613,1433.6200981140137,1266.7400932312012,Group: D,Group: A,Group: D vs Group: A,4,4,Blank_Blank_Blank
PI(36:6),PI,1278.1400985717773,1262.64009475708,1292.8801002502441,1298.7000923156738,1265.9400825500488,1310.3600959777832,1258.7600784301758,1256.7200813293457,1281.9400901794434,Group: D,Group: A,Group: D vs Group: A,4,4,Blank_Blank_Blank
"PI(36:7),PI(35:0),PI(O-36:0)",PI,1265.760082244873,1262.4200744628906,1260.9400787353516,1275.680088043213,1266.3000793457031,1266.1800918579102,1296.2000885009766,1257.7800941467285,1278.440097808838,Group: D,Group: A,Group: D vs Group: A,4,4,Blank_Blank_Blank
"PI(36:8),PI(35:1),PI(O-36:1),PI(P-36:0)",PI,1265.2200889587402,1262.440097808838,1346.2600898742676,1266.880084991455,1266.0600967407227,1265.4000854492188,1259.0200843811035,1270.0000801086426,1295.0000915527344,Group: D,Group: A,Group: D vs Group: A,4,4,Blank_Blank_Blank
"PI(37:3),PI(O-38:3),PI(P-38:2)",PI,1493.400089263916,1301.3201065063477,1431.0200958251953,1830.5801162719727,1418.4600982666016,1277.0400924682617,1343.5000915527344,1413.2000885009766,1267.0800971984863,Group: D,Group: A,Group: D vs Group: A,4,4,Blank_Blank_Blank
"PI(37:4),PI(O-38:4),PI(P-38:3)",PI,1584.8601188659668,1686.5401229858398,1411.8600883483887,2275.480155944824,2077.500144958496,1559.800121307373,1331.920093536377,1634.1001091003418,1267.3800773620605,Group: D,Group: A,Group: D vs Group: A,4,4,Blank_Blank_Blank
"PI(37:5),PI(O-38:5),PI(P-38:4)",PI,1374.4601020812988,1307.4000968933105,1261.5801010131836,1266.2800979614258,1308.1400985717773,1265.1000900268555,1290.6400833129883,1283.6800804138184,1267.1000785827637,Group: D,Group: A,Group: D vs Group: A,4,4,Blank_Blank_Blank
"PI(37:6),PI(O-38:6),PI(P-38:5)",PI,1277.5600814819336,1263.2400932312012,1308.4200897216797,1266.0000953674316,1266.0400924682617,1266.0000915527344,1258.64009475708,1282.6600952148438,1266.980094909668,Group: D,Group: A,Group: D vs Group: A,4,4,Blank_Blank_Blank
"PI(37:7),PI(P-38:6),PI(36:0),PI(O-37:0)",PI,1307.7600860595703,1264.3000869750977,1298.7400970458984,1375.8400955200195,1323.3600959777832,1266.0000801086426,1270.8000946044922,1258.2200965881348,1266.3200874328613,Group: D,Group: A,Group: D vs Group: A,4,4,Blank_Blank_Blank
"PI(38:2),PI(P-39:1)",PI,2003.0601196289062,2134.5601539611816,1847.9201316833496,3817.9202995300293,2210.5401611328125,1609.3401145935059,1555.9601135253906,1996.4601287841797,1267.2200889587402,Group: D,Group: A,Group: D vs Group: A,4,4,Blank_Blank_Blank
PI(38:3),PI,11888.420902252197,9397.42078781128,6994.980560302734,28592.04248046875,12405.08069229126,5312.020320892334,4440.400302886963,15369.041007995605,1296.1800918579102,Group: D,Group: A,Group: D vs Group: A,4,4,Blank_Blank_Blank
PI(38:4),PI,44193.36301803589,46157.68330383301,34364.08278274536,172715.83779525757,58569.02480697632,21832.001026153564,18662.841037750244,71790.06442260742,1299.3000946044922,Group: D,Group: A,Group: D vs Group: A,4,4,Blank_Blank_Blank
PI(38:5),PI,5083.300369262695,4406.220359802246,4223.3203125,14301.78108215332,6563.380447387695,3124.5201835632324,2755.6202125549316,6273.580486297607,1266.3801040649414,Group: D,Group: A,Group: D vs Group: A,4,4,Blank_Blank_Blank
PI(38:6),PI,1865.300148010254,1636.7801246643066,1611.820110321045,2611.5401573181152,2053.200138092041,1350.900089263916,1392.640079498291,1517.8201141357422,1266.8600883483887,Group: D,Group: A,Group: D vs Group: A,4,4,Blank_Blank_Blank
"PI(38:7),PI(37:0),PI(O-38:0)",PI,1353.9200859069824,1283.7800979614258,1273.6000900268555,1354.14009475708,1305.8200988769531,1312.8800888061523,1273.5401000976562,1330.14009475708,1324.4201011657715,Group: D,Group: A,Group: D vs Group: A,4,4,Blank_Blank_Blank
"PI(38:8),PI(37:1),PI(O-38:1),PI(P-38:0)",PI,1317.9600982666016,1263.6800918579102,1334.6600914001465,1266.4400901794434,1329.3400917053223,1266.1000900268555,1352.3400955200195,1333.0000915527344,1266.6400833129883,Group: D,Group: A,Group: D vs Group: A,4,4,Blank_Blank_Blank
"PI(38:9),PI(37:2),PI(O-38:2),PI(P-38:1)",PI,1319.6800918579102,1350.540096282959,1292.3000831604004,1469.940097808838,1350.7600936889648,1351.5000953674316,1366.4600982666016,1258.0200881958008,1266.6200942993164,Group: D,Group: A,Group: D vs Group: A,4,4,Blank_Blank_Blank
"PI(39:4),PI(O-40:4),PI(P-40:3)",PI,1750.0801277160645,1416.0601119995117,1878.8401260375977,2265.220157623291,1919.3801307678223,1322.6000938415527,1452.700096130371,1675.4800910949707,1266.1400871276855,Group: D,Group: A,Group: D vs Group: A,4,4,Blank_Blank_Blank
"PI(39:5),PI(O-40:5),PI(P-40:4)",PI,1338.520092010498,1270.5200881958008,1265.7800941467285,1397.2400932312012,1266.9000930786133,1305.5400886535645,1269.6400909423828,1349.5200996398926,1266.3800964355469,Group: D,Group: A,Group: D vs Group: A,4,4,Blank_Blank_Blank
"PI(39:6),PI(O-40:6),PI(P-40:5)",PI,1357.440097808838,1263.240089416504,1280.9200897216797,1404.5000915527344,1266.1600799560547,1305.5800857543945,1258.6000900268555,1256.960090637207,1267.1400985717773,Group: D,Group: A,Group: D vs Group: A,4,4,Blank_Blank_Blank
"PI(39:7),PI(P-40:6),PI(38:0),PI(O-39:0)",PI,1265.5800895690918,1262.7600898742676,1262.3000831604004,1302.0400886535645,1291.0200881958008,1266.0400924682617,1259.5000915527344,1266.3400917053223,1267.0800857543945,Group: D,Group: A,Group: D vs Group: A,4,4,Blank_Blank_Blank
"PI(39:8),PI(38:1),PI(O-39:1),PI(P-39:0)",PI,1298.4201011657715,1291.4800910949707,1275.7400970458984,1419.3201065063477,1288.6401062011719,1285.4601020812988,1283.5000915527344,1315.0600929260254,1267.3600883483887,Group: D,Group: A,Group: D vs Group: A,4,4,Blank_Blank_Blank
"PI(40:1),PI(P-41:0)",PI,1264.9800910949707,1262.8800888061523,1261.0200881958008,1335.8600883483887,1298.9200973510742,1264.660083770752,1258.1000785827637,1257.1800842285156,1266.8000984191895,Group: D,Group: A,Group: D vs Group: A,4,4,Blank_Blank_Blank
"PI(40:10),PI(39:3),PI(O-40:3),PI(P-40:2)",PI,1273.7001037597656,1263.6200981140137,1532.2001152038574,1682.460117340088,1385.6800918579102,1350.2600936889648,1411.4801025390625,1269.1800804138184,1266.980079650879,Group: D,Group: A,Group: D vs Group: A,4,4,Blank_Blank_Blank
PI(40:2),PI,1318.0000915527344,1293.080093383789,1303.4801025390625,1265.4800834655762,1267.8000793457031,1275.64009475708,1259.6600799560547,1287.2600936889648,1266.9201011657715,Group: D,Group: A,Group: D vs Group: A,4,4,Blank_Blank_Blank
PI(40:3),PI,1362.4200973510742,1330.4600982666016,1472.4601020812988,1797.880126953125,1467.4601097106934,1304.4400901794434,1268.9000854492188,1400.0000953674316,1266.2400817871094,Group: D,Group: A,Group: D vs Group: A,4,4,Blank_Blank_Blank
PI(40:4),PI,2160.680149078369,2170.700164794922,2460.740131378174,3264.4802474975586,2404.8801498413086,1550.6401100158691,1467.8201065063477,2607.0601844787598,1267.660083770752,Group: D,Group: A,Group: D vs Group: A,4,4,Blank_Blank_Blank
PI(40:5),PI,1695.5000953674316,1843.8801460266113,2574.180187225342,2917.520179748535,2454.740207672119,1471.1801071166992,1366.4800987243652,2034.3201522827148,1266.2000999450684,Group: D,Group: A,Group: D vs Group: A,4,4,Blank_Blank_Blank
PI(40:6),PI,2220.5201568603516,1852.2601318359375,3337.7402687072754,4827.120323181152,2630.400177001953,1440.2801094055176,1337.5001068115234,2182.0401649475098,1267.3200874328613,Group: D,Group: A,Group: D vs Group: A,4,4,Blank_Blank_Blank
"PI(40:7),PI(39:0),PI(O-40:0),PI(dO-41:0)",PI,1392.4001007080078,1295.10009765625,1502.2401008605957,1717.2201309204102,1395.520107269287,1296.100082397461,1294.8200874328613,1457.9000854492188,1266.5400772094727,Group: D,Group: A,Group: D vs Group: A,4,4,Blank_Blank_Blank
"PI(40:8),PI(39:1),PI(O-40:1),PI(P-40:0)",PI,1265.3400840759277,1283.5600852966309,1269.760082244873,1390.080093383789,1427.9600982666016,1265.3800926208496,1258.480079650879,1263.3200874328613,1266.860092163086,Group: D,Group: A,Group: D vs Group: A,4,4,Blank_Blank_Blank
"PI(40:9),PI(39:2),PI(O-40:2),PI(P-40:1)",PI,1365.5000801086426,1298.7800979614258,1261.340087890625,1270.400089263916,1266.0800857543945,1265.2600784301758,1258.4600830078125,1329.5200843811035,1266.140079498291,Group: D,Group: A,Group: D vs Group: A,4,4,Blank_Blank_Blank
"PI(41:5),PI(P-42:4)",PI,1294.720085144043,1294.2400970458984,1260.5600967407227,1304.4600944519043,1265.8800926208496,1266.2200927734375,1257.760082244873,1283.9800834655762,1265.8400840759277,Group: D,Group: A,Group: D vs Group: A,4,4,Blank_Blank_Blank
"PI(41:6),PI(O-42:6)",PI,1264.0400924682617,1263.3200950622559,1327.1400909423828,1304.0800971984863,1296.840087890625,1265.8400955200195,1258.2000770568848,1256.800090789795,1267.0000915527344,Group: D,Group: A,Group: D vs Group: A,4,4,Blank_Blank_Blank
"PI(41:7),PI(P-42:6),PI(40:0),PI(O-41:0)",PI,1264.7600784301758,1263.5800895690918,1271.940086364746,1266.8200988769531,1265.6000900268555,1265.2000999450684,1258.2600746154785,1258.1200904846191,1266.0600891113281,Group: D,Group: A,Group: D vs Group: A,4,4,Blank_Blank_Blank
PI(42:0),PI,1265.8200874328613,1263.4800910949707,1261.3000984191895,1266.0600891113281,1266.1601066589355,1266.000087738037,1258.660083770752,1256.5400924682617,1265.5400772094727,Group: D,Group: A,Group: D vs Group: A,4,4,Blank_Blank_Blank
PI(42:1),PI,1264.9600944519043,1263.6600875854492,1261.1200904846191,1266.9000854492188,1266.1800918579102,1264.6200904846191,1259.3400802612305,1256.6800804138184,1266.9600830078125,Group: D,Group: A,Group: D vs Group: A,4,4,Blank_Blank_Blank
"PI(42:10),PI(41:3),PI(P-42:2)",PI,1264.6200866699219,1263.1600914001465,1262.0800895690918,1269.360092163086,1295.7600898742676,1265.7401008605957,1258.1200790405273,1256.4600868225098,1266.8400840759277,Group: D,Group: A,Group: D vs Group: A,4,4,Blank_Blank_Blank
"PI(42:11),PI(41:4),PI(O-42:4)",PI,1315.6400871276855,1263.2400856018066,1261.800090789795,1267.2400932312012,1266.440086364746,1295.360092163086,1257.8400840759277,1257.1800918579102,1267.2800827026367,Group: D,Group: A,Group: D vs Group: A,4,4,Blank_Blank_Blank
PI(42:3),PI,1264.4601020812988,1264.3200798034668,1261.2400817871094,1266.3600845336914,1271.8200874328613,1265.3600845336914,1258.8600959777832,1256.8600883483887,1266.6000862121582,Group: D,Group: A,Group: D vs Group: A,4,4,Blank_Blank_Blank
PI(42:4),PI,1343.680088043213,1263.3200912475586,1274.800090789795,1266.5800819396973,1281.6600952148438,1265.3200912475586,1259.3800735473633,1255.6000709533691,1267.4600982666016,Group: D,Group: A,Group: D vs Group: A,4,4,Blank_Blank_Blank
PI(42:5),PI,1265.3000946044922,1263.280086517334,1281.3200912475586,1365.6400909423828,1291.6000938415527,1265.900089263916,1258.5200843811035,1273.6200866699219,1266.2000770568848,Group: D,Group: A,Group: D vs Group: A,4,4,Blank_Blank_Blank
PI(42:6),PI,1382.1800994873047,1263.1600875854492,1294.1000900268555,1311.9800834655762,1287.2200965881348,1370.400104522705,1258.2000885009766,1257.580093383789,1266.6800956726074,Group: D,Group: A,Group: D vs Group: A,4,4,Blank_Blank_Blank
"PI(42:7),PI(41:0),PI(O-42:0)",PI,1283.0400848388672,1263.3801002502441,1262.600082397461,1300.5600891113281,1266.2600936889648,1265.6600875854492,1290.6600799560547,1313.2800941467285,1266.8000869750977,Group: D,Group: A,Group: D vs Group: A,4,4,Blank_Blank_Blank
"PI(42:8),PI(41:1),PI(O-42:1),PI(P-42:0)",PI,1300.960090637207,1263.3400917053223,1277.3400764465332,1283.9000968933105,1304.9600830078125,1265.1400909423828,1258.8600845336914,1256.5200729370117,1266.780101776123,Group: D,Group: A,Group: D vs Group: A,4,4,Blank_Blank_Blank
"PI(42:9),PI(41:2),PI(O-42:2),PI(P-42:1)",PI,1265.1200790405273,1263.3800888061523,1262.4400825500488,1294.3400840759277,1266.6200866699219,1265.2400856018066,1308.1200942993164,1267.4600868225098,1266.4600830078125,Group: D,Group: A,Group: D vs Group: A,4,4,Blank_Blank_Blank
PI(43:2),PI,1265.0600852966309,1307.9600868225098,1260.5800971984863,1283.4600868225098,1266.3200950622559,1267.2000846862793,1258.3800926208496,1257.3800811767578,1266.3000946044922,Group: D,Group: A,Group: D vs Group: A,4,4,Blank_Blank_Blank
PI(43:2)_2,PI,1265.6200866699219,1263.9400939941406,1262.5400848388672,1305.4200973510742,1266.5200958251953,1265.8000869750977,1259.420093536377,1257.4000816345215,1267.020092010498,Group: D,Group: A,Group: D vs Group: A,4,4,Blank_Blank_Blank
PI(43:4),PI,1330.420093536377,1263.9400939941406,1261.7600746154785,1280.4800834655762,1265.9200897216797,1265.8000831604004,1258.3200874328613,1324.160099029541,1267.2600936889648,Group: D,Group: A,Group: D vs Group: A,4,4,Blank_Blank_Blank
PI(43:6),PI,1265.020092010498,1263.1200942993164,1261.2200889587402,1266.0801010131836,1282.4200859069824,1265.660083770752,1272.6600875854492,1315.5600852966309,1266.8800773620605,Group: D,Group: A,Group: D vs Group: A,4,4,Blank_Blank_Blank
PI(44:0),PI,1263.1800918579102,1261.6200904846191,1260.9200820922852,1265.6400871276855,1264.5600891113281,1264.840087890625,1265.7000846862793,1254.5600967407227,1265.840087890625,Group: D,Group: A,Group: D vs Group: A,4,4,Blank_Blank_Blank
PI(44:1),PI,1264.8600845336914,1262.4200859069824,1262.04008102417,1267.4200820922852,1266.3800888061523,1266.0200881958008,1258.900074005127,1256.2600936889648,1265.7800827026367,Group: D,Group: A,Group: D vs Group: A,4,4,Blank_Blank_Blank
PI(44:10),PI,1264.7800788879395,1263.2801055908203,1261.7600860595703,1265.6200904846191,1265.8400955200195,1266.0400886535645,1258.5600929260254,1257.3400840759277,1266.940086364746,Group: D,Group: A,Group: D vs Group: A,4,4,Blank_Blank_Blank
PI(44:12),PI,1265.4800987243652,1263.0600929260254,1260.6000938415527,1265.200096130371,1266.020092010498,1265.4400901794434,1258.700080871582,1256.7400932312012,1266.3000984191895,Group: D,Group: A,Group: D vs Group: A,4,4,Blank_Blank_Blank
PI(44:2),PI,1276.1200981140137,1262.9200859069824,1261.3600883483887,1266.840087890625,1267.1800956726074,1265.3000831604004,1259.4000778198242,1256.680088043213,1267.4200820922852,Group: D,Group: A,Group: D vs Group: A,4,4,Blank_Blank_Blank
PI(44:3),PI,1265.54008102417,1263.0400886535645,1261.5600967407227,1266.2400817871094,1266.7800827026367,1265.14009475708,1258.680088043213,1257.2400817871094,1266.1000900268555,Group: D,Group: A,Group: D vs Group: A,4,4,Blank_Blank_Blank
PI(44:5),PI,1264.500087738037,1263.4000968933105,1261.300090789795,1266.4800910949707,1266.5600891113281,1265.3000793457031,1258.3800888061523,1256.760082244873,1266.8600883483887,Group: D,Group: A,Group: D vs Group: A,4,4,Blank_Blank_Blank
PI(44:6),PI,1263.9000854492188,1263.4001007080078,1262.0401039123535,1267.380084991455,1267.2200927734375,1266.2200927734375,1279.2200927734375,1256.4600830078125,1266.3400840759277,Group: D,Group: A,Group: D vs Group: A,4,4,Blank_Blank_Blank
"PI(44:7),PI(43:0)",PI,1264.3400917053223,1262.3000793457031,1261.3800888061523,1267.180088043213,1272.8200798034668,1265.9600868225098,1258.940086364746,1257.200080871582,1306.7400970458984,Group: D,Group: A,Group: D vs Group: A,4,4,Blank_Blank_Blank
"PI(44:8),PI(43:1)",PI,1277.7600936889648,1263.2800941467285,1261.000087738037,1267.3400993347168,1266.6600875854492,1265.6200904846191,1258.8600959777832,1257.7800827026367,1266.6800918579102,Group: D,Group: A,Group: D vs Group: A,4,4,Blank_Blank_Blank
PS(24:0),PS,1373.7000999450684,1276.5400886535645,1478.100112915039,1318.7000885009766,1258.6200866699219,1333.2800903320312,1260.940086364746,1547.0801124572754,1372.6001014709473,Group: D,Group: A,Group: D vs Group: A,4,4,Blank_Blank_Blank
PS(25:0),PS,1304.6800918579102,1295.800090789795,1371.900089263916,1300.5800857543945,1275.1400833129883,1416.8801040649414,1295.9600944519043,1403.920093536377,1360.860092163086,Group: D,Group: A,Group: D vs Group: A,4,4,Blank_Blank_Blank
PS(26:0),PS,1278.0800895690918,1263.3200912475586,1349.0400886535645,1323.1000862121582,1275.6200828552246,1367.6000938415527,1260.4600830078125,1306.7600936889648,1407.4800910949707,Group: D,Group: A,Group: D vs Group: A,4,4,Blank_Blank_Blank
PS(26:1),PS,1626.16011428833,1549.260108947754,1773.8201332092285,1424.8800964355469,1527.9001197814941,1538.5401077270508,1302.9600830078125,1579.2201080322266,1658.2801246643066,Group: D,Group: A,Group: D vs Group: A,4,4,Blank_Blank_Blank
PS(28:2),PS,1262.1600952148438,1262.820083618164,1258.5600891113281,1271.9201011657715,1271.1800842285156,1259.2800788879395,1277.2200889587402,1258.5000915527344,1275.1200942993164,Group: D,Group: A,Group: D vs Group: A,4,4,Blank_Blank_Blank
PS(30:3),PS,1390.5801010131836,1344.5001029968262,1461.3001136779785,1401.460105895996,1348.600082397461,1373.9001007080078,1341.6600952148438,1366.500087738037,1701.6601181030273,Group: D,Group: A,Group: D vs Group: A,4,4,Blank_Blank_Blank
PS(30:4),PS,1304.240089416504,1305.9401016235352,1300.780101776123,1303.6200904846191,1299.660099029541,1301.1600952148438,1302.8200798034668,1300.7400856018066,1298.1400833129883,Group: D,Group: A,Group: D vs Group: A,4,4,Blank_Blank_Blank
PS(31:4),PS,1321.460090637207,1305.2000923156738,1314.380084991455,1304.5000953674316,1300.7400970458984,1323.3800964355469,1302.4800834655762,1351.160083770752,1357.0400886535645,Group: D,Group: A,Group: D vs Group: A,4,4,Blank_Blank_Blank
PS(32:5),PS,1304.3400917053223,1304.5800819396973,1373.8600997924805,1302.440086364746,1300.4600868225098,1312.5200843811035,1301.8200912475586,1341.920093536377,1297.9400787353516,Group: D,Group: A,Group: D vs Group: A,4,4,Blank_Blank_Blank
PS(34:4),PS,1417.6401062011719,1498.9601097106934,1723.6401062011719,1703.9601211547852,1677.140121459961,1584.8401107788086,1388.8001098632812,1553.5200958251953,1671.5201148986816,Group: D,Group: A,Group: D vs Group: A,4,4,Blank_Blank_Blank
PS(34:5),PS,1304.040096282959,1305.3400993347168,1328.1000938415527,1303.3000946044922,1348.7600936889648,1343.3800926208496,1322.8800964355469,1391.400104522705,1296.7800903320312,Group: D,Group: A,Group: D vs Group: A,4,4,Blank_Blank_Blank
PS(36:4),PS,9870.040641784668,6090.440402984619,15238.140892028809,5390.040378570557,4041.700283050537,9833.920627593994,5013.520366668701,9815.580753326416,1364.3800964355469,Group: D,Group: A,Group: D vs Group: A,4,4,Blank_Blank_Blank
PS(36:5),PS,1728.720115661621,1414.0200996398926,1696.860107421875,1304.000087738037,1592.3601150512695,1322.9000816345215,1412.1601028442383,1539.0001182556152,1324.8800926208496,Group: D,Group: A,Group: D vs Group: A,4,4,Blank_Blank_Blank
PS(36:6),PS,1322.5400924682617,1304.9200897216797,1370.1200904846191,1316.4200973510742,1298.9000968933105,1301.0200996398926,1302.1800918579102,1326.7600936889648,1309.260082244873,Group: D,Group: A,Group: D vs Group: A,4,4,Blank_Blank_Blank
PS(38:3),PS,12102.2008934021,6857.780456542969,21928.22183227539,6721.000526428223,3646.000274658203,13818.440856933594,5998.20040512085,9765.320793151855,1522.440113067627,Group: D,Group: A,Group: D vs Group: A,4,4,Blank_Blank_Blank
PS(38:4),PS,68294.70490646362,36806.063148498535,139604.64866638184,41769.84285354614,21437.921310424805,80064.18613052368,32375.582500457764,86876.20640182495,2632.160186767578,Group: D,Group: A,Group: D vs Group: A,4,4,Blank_Blank_Blank
PS(38:5),PS,7092.180488586426,4209.6202964782715,10635.600650787354,4522.020343780518,3557.8002281188965,6937.10050201416,3551.060245513916,8321.020648956299,1836.3401260375977,Group: D,Group: A,Group: D vs Group: A,4,4,Blank_Blank_Blank
PS(38:6),PS,12715.920997619629,6958.580562591553,23379.28173828125,7281.860450744629,5447.220314025879,13351.941020965576,3713.24027633667,8704.120517730713,1393.800090789795,Group: D,Group: A,Group: D vs Group: A,4,4,Blank_Blank_Blank
PS(40:2),PS,1522.440113067627,1414.200096130371,1588.9801216125488,1340.0800971984863,1417.6001091003418,1573.600112915039,1302.2600898742676,1465.280101776123,1339.3000869750977,Group: D,Group: A,Group: D vs Group: A,4,4,Blank_Blank_Blank
PS(40:3),PS,1941.3601379394531,1467.2000999450684,1898.4401397705078,1673.5001258850098,1548.4001159667969,1772.2601280212402,1451.3401069641113,2272.8401641845703,1335.2600936889648,Group: D,Group: A,Group: D vs Group: A,4,4,Blank_Blank_Blank
PS(40:4),PS,5190.420394897461,3026.5201835632324,6788.640480041504,3183.920223236084,3079.4802017211914,5307.500396728516,2444.460163116455,5071.280361175537,1367.9200973510742,Group: D,Group: A,Group: D vs Group: A,4,4,Blank_Blank_Blank
PS(40:5),PS,8597.720623016357,4390.900321960449,15491.841094970703,5953.540428161621,4044.240337371826,10287.260650634766,3866.880298614502,8604.200611114502,1372.9000854492188,Group: D,Group: A,Group: D vs Group: A,4,4,Blank_Blank_Blank
PS(40:6),PS,38058.662673950195,18609.981552124023,85273.78581619263,22757.261627197266,13656.140926361084,50774.4840965271,13852.00074005127,43243.4824180603,1783.6601371765137,Group: D,Group: A,Group: D vs Group: A,4,4,Blank_Blank_Blank
PS(42:0),PS,1357.580093383789,1304.3600883483887,1338.940086364746,1328.4000968933105,1353.1400909423828,1383.8000946044922,1324.7800827026367,1301.1600952148438,1382.080093383789,Group: D,Group: A,Group: D vs Group: A,4,4,Blank_Blank_Blank
PS(42:2),PS,1393.4200897216797,1371.3600959777832,1422.3801002502441,1412.700096130371,1362.6601028442383,1453.160099029541,1357.4801139831543,1490.4801025390625,1298.260082244873,Group: D,Group: A,Group: D vs Group: A,4,4,Blank_Blank_Blank
PS(42:3),PS,1327.540096282959,1450.3001136779785,1395.4600982666016,1303.9600868225098,1325.5600929260254,1365.9800872802734,1330.9800872802734,1310.7800941467285,1309.980094909668,Group: D,Group: A,Group: D vs Group: A,4,4,Blank_Blank_Blank
PS(42:4),PS,1307.9600830078125,1337.1400985717773,1442.480094909668,1326.5600891113281,1320.7000885009766,1402.660083770752,1341.2400970458984,1382.1000900268555,1318.04008102417,Group: D,Group: A,Group: D vs Group: A,4,4,Blank_Blank_Blank
PS(42:5),PS,1789.080135345459,1525.0001068115234,2073.2201385498047,1540.040111541748,1457.3200912475586,1676.3801307678223,1402.8600959777832,1748.4601097106934,1768.3001098632812,Group: D,Group: A,Group: D vs Group: A,4,4,Blank_Blank_Blank
PS(42:6),PS,2048.540138244629,1626.1201171875,2822.2001914978027,1621.3801155090332,2085.8601303100586,2207.1601524353027,1731.5201110839844,2119.900157928467,2073.5801582336426,Group: D,Group: A,Group: D vs Group: A,4,4,Blank_Blank_Blank
PS(43:0),PS,1346.120101928711,1304.1600952148438,1372.4000968933105,1303.3601036071777,1299.8800888061523,1327.8600997924805,1325.8000869750977,1300.6600875854492,1297.1600914001465,Group: D,Group: A,Group: D vs Group: A,4,4,Blank_Blank_Blank
PS(43:1),PS,1303.320083618164,1306.2800903320312,1352.6000900268555,1303.8000946044922,1299.860092163086,1351.8600845336914,1345.2800941467285,1312.000087738037,1298.4200859069824,Group: D,Group: A,Group: D vs Group: A,4,4,Blank_Blank_Blank
PS(43:4),PS,1304.3400955200195,1305.4800987243652,1351.860092163086,1303.6400871276855,1314.0400733947754,1300.240089416504,1303.2400970458984,1301.0000953674316,1298.6600875854492,Group: D,Group: A,Group: D vs Group: A,4,4,Blank_Blank_Blank
PS(43:6),PS,1304.04008102417,1344.7600936889648,1362.3600997924805,1303.5000953674316,1299.840087890625,1318.8600883483887,1328.2800979614258,1304.3000869750977,1341.3000946044922,Group: D,Group: A,Group: D vs Group: A,4,4,Blank_Blank_Blank
PS(44:0),PS,1337.9000968933105,1303.8600959777832,1300.2200889587402,1300.9800834655762,1297.9000930786133,1299.2800827026367,1301.1000862121582,1362.980094909668,1295.6800918579102,Group: D,Group: A,Group: D vs Group: A,4,4,Blank_Blank_Blank
PS(44:1),PS,1305.06010055542,1305.3600883483887,1328.880084991455,1304.2000999450684,1299.4400825500488,1301.4400901794434,1319.7001037597656,1326.700096130371,1296.680088043213,Group: D,Group: A,Group: D vs Group: A,4,4,Blank_Blank_Blank
PS(44:10),PS,1303.460090637207,1341.4201049804688,1380.5200958251953,1319.6600914001465,1312.340087890625,1303.4000930786133,1341.120101928711,1300.7801094055176,1348.9200897216797,Group: D,Group: A,Group: D vs Group: A,4,4,Blank_Blank_Blank
PS(44:12),PS,1303.6000862121582,1305.2600936889648,1301.720100402832,1303.4000930786133,1300.3801040649414,1322.780086517334,1301.9601020812988,1426.6001091003418,1298.3000831604004,Group: D,Group: A,Group: D vs Group: A,4,4,Blank_Blank_Blank
PS(44:2),PS,1304.0800819396973,1307.0801010131836,1483.180103302002,1340.1800994873047,1298.6800956726074,1397.1600875854492,1361.0800819396973,1366.5600929260254,1308.500099182129,Group: D,Group: A,Group: D vs Group: A,4,4,Blank_Blank_Blank
PS(44:4),PS,1303.7400932312012,1305.2000999450684,1432.5601119995117,1329.4000930786133,1330.460105895996,1361.8000984191895,1302.300090789795,1416.3800926208496,1378.0400924682617,Group: D,Group: A,Group: D vs Group: A,4,4,Blank_Blank_Blank
PS(44:5),PS,1372.6800994873047,1305.1600914001465,1446.1801071166992,1303.8600959777832,1312.180088043213,1405.2400970458984,1302.12007522583,1336.6600952148438,1297.6600952148438,Group: D,Group: A,Group: D vs Group: A,4,4,Blank_Blank_Blank
PS(44:6),PS,1348.1600914001465,1305.700096130371,1408.0800971984863,1322.6601066589355,1331.56010055542,1305.8400917053223,1319.4400939941406,1319.400089263916,1297.5400924682617,Group: D,Group: A,Group: D vs Group: A,4,4,Blank_Blank_Blank
PS(O-28:0),PS,1261.1600875854492,1262.5200881958008,1299.0200958251953,1262.0800857543945,1258.0200958251953,1258.4400939941406,1260.4800872802734,1258.9000930786133,1359.3600997924805,Group: D,Group: A,Group: D vs Group: A,4,4,Blank_Blank_Blank
PS(O-29:0),PS,2092.0201683044434,2177.7801628112793,3599.8402786254883,1786.760124206543,2333.100166320801,3090.300189971924,1879.6601181030273,2905.860206604004,3909.1202125549316,Group: D,Group: A,Group: D vs Group: A,4,4,Blank_Blank_Blank
PS(O-30:0),PS,1307.2200965881348,1373.2400932312012,1302.4401054382324,1320.240089416504,1304.4000854492188,1335.6001052856445,1301.8600845336914,1359.2800903320312,1298.360092163086,Group: D,Group: A,Group: D vs Group: A,4,4,Blank_Blank_Blank
PS(O-31:0),PS,1338.1600914001465,1317.0000915527344,1334.940097808838,1304.0600814819336,1328.860092163086,1300.1200942993164,1320.9000968933105,1300.7000885009766,1333.7600898742676,Group: D,Group: A,Group: D vs Group: A,4,4,Blank_Blank_Blank
PS(O-32:0),PS,1328.5400886535645,1305.1200904846191,1301.3000869750977,1382.280101776123,1332.260097503662,1388.8800926208496,1333.5200881958008,1328.2200965881348,1311.2200927734375,Group: D,Group: A,Group: D vs Group: A,4,4,Blank_Blank_Blank
PS(O-33:0),PS,1457.7001037597656,1322.4200973510742,1541.1401023864746,1318.6001014709473,1427.220100402832,1519.6601028442383,1360.480094909668,1380.0601043701172,1403.240089416504,Group: D,Group: A,Group: D vs Group: A,4,4,Blank_Blank_Blank
PS(O-34:0),PS,1402.780101776123,1352.5400848388672,1406.840087890625,1317.4800987243652,1300.280086517334,1314.440086364746,1302.5801010131836,1316.0800857543945,1297.0200958251953,Group: D,Group: A,Group: D vs Group: A,4,4,Blank_Blank_Blank
PS(O-35:0),PS,1369.840103149414,1305.0000953674316,1611.6601066589355,1459.180103302002,1301.2400932312012,1675.0201148986816,1355.6800956726074,1460.460105895996,1340.4000854492188,Group: D,Group: A,Group: D vs Group: A,4,4,Blank_Blank_Blank
PS(O-36:0),PS,1325.0800971984863,1305.1000862121582,1358.7600936889648,1303.7400970458984,1326.7200965881348,1305.3000984191895,1313.680103302002,1343.8600845336914,1297.0400848388672,Group: D,Group: A,Group: D vs Group: A,4,4,Blank_Blank_Blank
PS(O-37:0),PS,1569.2601165771484,1368.3600997924805,1885.0401420593262,1384.9201011657715,1476.0600967407227,2258.2001457214355,1363.5401039123535,1628.7801055908203,1325.9000930786133,Group: D,Group: A,Group: D vs Group: A,4,4,Blank_Blank_Blank
PS(O-38:0),PS,1357.3200950622559,1409.660099029541,1759.5401420593262,1499.8201141357422,1356.360092163086,2039.3001403808594,1359.680103302002,1484.10009765625,1341.9400825500488,Group: D,Group: A,Group: D vs Group: A,4,4,Blank_Blank_Blank
PS(O-39:0),PS,1326.4400901794434,1311.760097503662,1465.1600952148438,1357.7400932312012,1372.2600898742676,1497.3200988769531,1392.1400909423828,1402.7601051330566,1459.9001121520996,Group: D,Group: A,Group: D vs Group: A,4,4,Blank_Blank_Blank
PS(O-40:0),PS,3426.9002532958984,1876.840145111084,5892.10041809082,2429.840187072754,2258.8201484680176,4318.340408325195,1955.460132598877,4207.480262756348,1347.620101928711,Group: D,Group: A,Group: D vs Group: A,4,4,Blank_Blank_Blank
PS(O-41:0),PS,1303.9600944519043,1304.1400909423828,1300.9400939941406,1331.260097503662,1300.7600860595703,1456.5401000976562,1346.260082244873,1371.9001121520996,1325.4600830078125,Group: D,Group: A,Group: D vs Group: A,4,4,Blank_Blank_Blank
PS(O-42:0),PS,1604.2401084899902,1426.3801078796387,1880.0201377868652,1470.3201179504395,1398.3400764465332,1752.020133972168,1417.940086364746,1636.6601104736328,1297.3600883483887,Group: D,Group: A,Group: D vs Group: A,4,4,Blank_Blank_Blank
PS(O-42:4),PS,1346.1400985717773,1341.9200859069824,1363.0600967407227,1311.3200874328613,1299.4400901794434,1410.4201049804688,1302.4400901794434,1382.9800910949707,1324.180088043213,Group: D,Group: A,Group: D vs Group: A,4,4,Blank_Blank_Blank
PS(O-42:6),PS,1644.9601249694824,1466.0001068115234,2186.420150756836,1671.2801246643066,1344.8800964355469,2048.8201484680176,1405.3000984191895,1654.8401184082031,1298.0000762939453,Group: D,Group: A,Group: D vs Group: A,4,4,Blank_Blank_Blank
PS(P-28:0),PS,1261.8000869750977,1263.8400840759277,1315.6400909423828,1261.5401000976562,1278.4000854492188,1290.3800926208496,1269.300090789795,1284.520092010498,1323.720100402832,Group: D,Group: A,Group: D vs Group: A,4,4,Blank_Blank_Blank
PS(P-29:0),PS,1263.3201026916504,1262.7800903320312,1348.740104675293,1260.960105895996,1257.8400764465332,1356.60009765625,1263.0200805664062,1437.200096130371,1273.3400802612305,Group: D,Group: A,Group: D vs Group: A,4,4,Blank_Blank_Blank
PS(P-30:0),PS,1342.0801010131836,1305.3000984191895,1373.3000984191895,1326.2800941467285,1299.7200927734375,1431.240089416504,1301.6000900268555,1352.6201057434082,1346.7400817871094,Group: D,Group: A,Group: D vs Group: A,4,4,Blank_Blank_Blank
PS(P-30:1),PS,1261.8801002502441,1296.7600936889648,1392.8601036071777,1267.820083618164,1293.0800819396973,1314.040096282959,1273.8400955200195,1352.6200904846191,1383.1800956726074,Group: D,Group: A,Group: D vs Group: A,4,4,Blank_Blank_Blank
PS(P-31:0),PS,1318.0201034545898,1305.1400909423828,1301.7400932312012,1304.1800918579102,1365.2600936889648,1336.420078277588,1311.4601020812988,1323.2600898742676,1495.8401069641113,Group: D,Group: A,Group: D vs Group: A,4,4,Blank_Blank_Blank
PS(P-31:1),PS,1552.560115814209,1592.920108795166,1755.6401176452637,1555.9601135253906,1495.1800994873047,1639.7001190185547,1570.3801155090332,1791.780128479004,1878.9801177978516,Group: D,Group: A,Group: D vs Group: A,4,4,Blank_Blank_Blank
PS(P-32:0),PS,1328.7800903320312,1348.260097503662,1302.8800964355469,1302.9400901794434,1299.680103302002,1301.280086517334,1304.3600959777832,1300.6800804138184,1325.0200691223145,Group: D,Group: A,Group: D vs Group: A,4,4,Blank_Blank_Blank
PS(P-32:1),PS,1303.8000831604004,1306.2200927734375,1334.6001052856445,1323.580093383789,1353.360092163086,1301.8200912475586,1324.080093383789,1355.260097503662,1313.380084991455,Group: D,Group: A,Group: D vs Group: A,4,4,Blank_Blank_Blank
PS(P-33:0),PS,1303.9000854492188,1306.5400848388672,1431.260097503662,1304.3000946044922,1300.0800819396973,1351.920093536377,1302.800090789795,1353.220085144043,1297.020076751709,Group: D,Group: A,Group: D vs Group: A,4,4,Blank_Blank_Blank
PS(P-33:1),PS,1575.0601081848145,1492.2401084899902,1700.8601188659668,1479.7001152038574,1590.280128479004,1527.3600997924805,1595.3601036071777,1526.1601181030273,1658.0201225280762,Group: D,Group: A,Group: D vs Group: A,4,4,Blank_Blank_Blank
PS(P-33:2),PS,1305.10009765625,1323.7400970458984,1374.3600959777832,1303.6001052856445,1320.3800888061523,1389.0000953674316,1346.9401016235352,1309.4000968933105,1298.2200889587402,Group: D,Group: A,Group: D vs Group: A,4,4,Blank_Blank_Blank
PS(P-34:0),PS,1332.940097808838,1421.4201011657715,1302.0600814819336,1383.4600944519043,1302.5800819396973,1339.8200912475586,1301.8000946044922,1364.680103302002,1297.4600791931152,Group: D,Group: A,Group: D vs Group: A,4,4,Blank_Blank_Blank
PS(P-34:1),PS,1304.10009765625,1304.360092163086,1302.2200889587402,1303.240089416504,1301.0400848388672,1366.2000999450684,1301.720100402832,1322.000087738037,1341.14009475708,Group: D,Group: A,Group: D vs Group: A,4,4,Blank_Blank_Blank
PS(P-34:2),PS,1330.5000915527344,1305.4000930786133,1316.10009765625,1303.9600830078125,1300.4200820922852,1300.9401016235352,1303.660099029541,1372.8400955200195,1337.4600830078125,Group: D,Group: A,Group: D vs Group: A,4,4,Blank_Blank_Blank
PS(P-34:3),PS,1353.5400924682617,1347.3400955200195,1355.5801048278809,1302.8200874328613,1299.7600898742676,1301.0800819396973,1302.480094909668,1300.6000862121582,1296.3800811767578,Group: D,Group: A,Group: D vs Group: A,4,4,Blank_Blank_Blank
PS(P-34:4),PS,1348.200096130371,1305.2000885009766,1328.2800903320312,1305.1000938415527,1300.280086517334,1301.1000862121582,1320.0800857543945,1325.6800918579102,1298.6200828552246,Group: D,Group: A,Group: D vs Group: A,4,4,Blank_Blank_Blank
PS(P-35:0),PS,1788.0401153564453,1515.0801124572754,2189.700149536133,1577.6601066589355,1455.3001022338867,2075.300132751465,1399.6200904846191,1995.3801345825195,1297.360092163086,Group: D,Group: A,Group: D vs Group: A,4,4,Blank_Blank_Blank
PS(P-35:1),PS,1834.9001274108887,1596.9801025390625,2401.380172729492,1486.700122833252,1427.9401054382324,1806.560146331787,1620.400104522705,1813.2201232910156,1486.64009475708,Group: D,Group: A,Group: D vs Group: A,4,4,Blank_Blank_Blank
PS(P-35:2),PS,1475.6800994873047,1519.0601081848145,1904.360122680664,1665.7201080322266,1588.460117340088,1747.0401153564453,1479.0801048278809,1614.6600914001465,2074.1801376342773,Group: D,Group: A,Group: D vs Group: A,4,4,Blank_Blank_Blank
PS(P-36:0),PS,1549.9801177978516,1469.3001136779785,1708.8601303100586,1476.3400993347168,1417.9200859069824,1741.9001197814941,1401.4200973510742,1528.460105895996,1627.3401145935059,Group: D,Group: A,Group: D vs Group: A,4,4,Blank_Blank_Blank
PS(P-36:1),PS,1420.7400970458984,1343.6200942993164,1383.220100402832,1350.6001014709473,1368.260097503662,1350.100082397461,1391.60009765625,1373.8400840759277,1332.0200958251953,Group: D,Group: A,Group: D vs Group: A,4,4,Blank_Blank_Blank
PS(P-36:2),PS,1303.900089263916,1304.980094909668,1301.0600852966309,1303.960105895996,1299.8200798034668,1301.1200942993164,1302.5200958251953,1343.6200981140137,1314.3600883483887,Group: D,Group: A,Group: D vs Group: A,4,4,Blank_Blank_Blank
PS(P-36:3),PS,1304.4400939941406,1350.8800964355469,1368.2200927734375,1303.3800735473633,1300.3400993347168,1398.3400993347168,1302.1200828552246,1300.480094909668,1300.5000915527344,Group: D,Group: A,Group: D vs Group: A,4,4,Blank_Blank_Blank
PS(P-36:4),PS,1318.3600997924805,1305.0200843811035,1329.4600944519043,1322.9600944519043,1299.8000831604004,1301.080093383789,1301.4400825500488,1300.8400955200195,1299.8800811767578,Group: D,Group: A,Group: D vs Group: A,4,4,Blank_Blank_Blank
PS(P-36:5),PS,1303.5400848388672,1303.720085144043,1301.6400909423828,1304.0801010131836,1428.980094909668,1300.6000900268555,1302.7200927734375,1320.0000953674316,1297.380084991455,Group: D,Group: A,Group: D vs Group: A,4,4,Blank_Blank_Blank
PS(P-37:0),PS,4830.660377502441,3564.460289001465,6396.82052230835,3124.4802284240723,2255.200164794922,8169.500549316406,2509.5801734924316,5475.580413818359,1524.9001121520996,Group: D,Group: A,Group: D vs Group: A,4,4,Blank_Blank_Blank
PS(P-37:1),PS,5498.040336608887,4252.660293579102,9258.3607711792,3841.8803482055664,2781.660213470459,7525.900421142578,2975.140224456787,6250.700572967529,1297.4000930786133,Group: D,Group: A,Group: D vs Group: A,4,4,Blank_Blank_Blank
PS(P-37:2),PS,2928.0601654052734,2182.0601387023926,3408.0802040100098,2188.500156402588,1617.6601181030273,2684.0402183532715,1827.8601150512695,2763.260223388672,1307.5600852966309,Group: D,Group: A,Group: D vs Group: A,4,4,Blank_Blank_Blank
PS(P-38:0),PS,1304.1000862121582,1396.160099029541,1339.3200988769531,1303.8600807189941,1309.5400924682617,1361.1800956726074,1301.7200889587402,1539.120101928711,1353.8800811767578,Group: D,Group: A,Group: D vs Group: A,4,4,Blank_Blank_Blank
PS(P-38:1),PS,1344.5000953674316,1436.8801002502441,1513.1200981140137,1303.6200981140137,1327.3600845336914,1503.1400985717773,1345.0800895690918,1383.0401000976562,1296.9000778198242,Group: D,Group: A,Group: D vs Group: A,4,4,Blank_Blank_Blank
PS(P-38:2),PS,1425.4601020812988,1398.6401023864746,1609.8600959777832,1375.760108947754,1319.0600891113281,1363.3600997924805,1330.5601043701172,1501.8201065063477,1296.8600807189941,Group: D,Group: A,Group: D vs Group: A,4,4,Blank_Blank_Blank
PS(P-38:3),PS,1707.2201309204102,1802.0001068115234,2836.060203552246,1942.8401374816895,1415.8201065063477,2148.200149536133,1415.2601127624512,1959.720142364502,1298.1200904846191,Group: D,Group: A,Group: D vs Group: A,4,4,Blank_Blank_Blank
PS(P-38:4),PS,1303.4601020812988,1365.860092163086,1302.5200958251953,1308.6400909423828,1340.2600860595703,1382.400104522705,1302.8600959777832,1343.1200904846191,1338.7800979614258,Group: D,Group: A,Group: D vs Group: A,4,4,Blank_Blank_Blank
PS(P-38:5),PS,1303.2401008605957,1305.9600868225098,1320.5600929260254,1315.9000854492188,1299.4400825500488,1328.3800888061523,1316.3000946044922,1353.700080871582,1335.0400886535645,Group: D,Group: A,Group: D vs Group: A,4,4,Blank_Blank_Blank
PS(P-39:0),PS,1355.1200904846191,1332.56010055542,1858.300136566162,1424.6201133728027,1336.960105895996,1689.1401252746582,1378.720100402832,1499.8001098632812,1306.7400817871094,Group: D,Group: A,Group: D vs Group: A,4,4,Blank_Blank_Blank
PS(P-39:1),PS,2254.0601806640625,2049.0401306152344,3048.3801803588867,1569.200107574463,1435.9200973510742,2444.1201820373535,1731.0401306152344,2337.7201499938965,1384.020118713379,Group: D,Group: A,Group: D vs Group: A,4,4,Blank_Blank_Blank
PS(P-40:0),PS,1599.920108795166,1441.7200927734375,1692.4401168823242,1398.8000946044922,1374.8400917053223,1679.6401176452637,1377.9201011657715,1493.2001113891602,1297.5200843811035,Group: D,Group: A,Group: D vs Group: A,4,4,Blank_Blank_Blank
PS(P-40:1),PS,1535.6601104736328,1324.3200912475586,1643.0601272583008,1329.5200881958008,1403.0600967407227,1676.1401252746582,1362.4201049804688,1603.020107269287,1296.980079650879,Group: D,Group: A,Group: D vs Group: A,4,4,Blank_Blank_Blank
PS(P-40:2),PS,1421.9000930786133,1370.280101776123,1871.1201400756836,1383.3801040649414,1318.5800971984863,1351.6800842285156,1358.9400939941406,1431.2800941467285,1299.9600868225098,Group: D,Group: A,Group: D vs Group: A,4,4,Blank_Blank_Blank
PS(P-40:3),PS,1783.5601234436035,1994.2801246643066,2902.6602058410645,1714.6401252746582,1676.8601188659668,2365.7201499938965,1446.1401100158691,2415.6401748657227,1345.7800979614258,Group: D,Group: A,Group: D vs Group: A,4,4,Blank_Blank_Blank
PS(P-40:4),PS,1527.8401107788086,1453.7200965881348,1501.0001029968262,1473.0800971984863,1360.3200950622559,1456.1401023864746,1383.8800964355469,1420.3200988769531,1321.5000801086426,Group: D,Group: A,Group: D vs Group: A,4,4,Blank_Blank_Blank
PS(P-40:5),PS,1825.280117034912,1367.7200889587402,1724.9001197814941,1720.0401306152344,1714.4601097106934,2130.500144958496,1436.06010055542,1825.2201347351074,1326.460090637207,Group: D,Group: A,Group: D vs Group: A,4,4,Blank_Blank_Blank
PS(P-41:0),PS,1333.500087738037,1377.040096282959,1371.9000968933105,1513.5001029968262,1376.660099029541,1745.1801109313965,1301.2200889587402,1486.0001029968262,1341.180088043213,Group: D,Group: A,Group: D vs Group: A,4,4,Blank_Blank_Blank
PS(P-42:0),PS,1444.180103302002,1328.4400901794434,1707.9201164245605,1385.840103149414,1312.6200904846191,1621.1401062011719,1450.6201057434082,1618.9401092529297,1313.2200775146484,Group: D,Group: A,Group: D vs Group: A,4,4,Blank_Blank_Blank
PS(P-42:1),PS,1755.1201248168945,1490.5201034545898,1875.8801307678223,1689.9001274108887,1426.4800987243652,2050.7201499938965,1544.9001197814941,1902.8801345825195,1389.3200988769531,Group: D,Group: A,Group: D vs Group: A,4,4,Blank_Blank_Blank
PS(P-42:2),PS,1511.6200981140137,1370.1800994873047,1429.9401092529297,1387.7800979614258,1335.9000930786133,1406.340087890625,1336.4201049804688,1319.5600967407227,1297.1600914001465,Group: D,Group: A,Group: D vs Group: A,4,4,Blank_Blank_Blank
PS(P-42:4),PS,1476.7201042175293,1314.4200859069824,1488.60009765625,1314.260082244873,1300.6000938415527,1532.9200973510742,1332.3801040649414,1319.300090789795,1298.8400840759277,Group: D,Group: A,Group: D vs Group: A,4,4,Blank_Blank_Blank
SM(d16:0/14:0),SM,1294.6200866699219,1332.3201141357422,1533.420108795166,1409.9400939941406,1661.1601257324219,1156.6800804138184,1311.320083618164,2004.1801414489746,1099.2800750732422,Group: D,Group: A,Group: D vs Group: A,4,4,Blank_Blank_Blank
SM(d16:0/16:0),SM,1359.520092010498,1591.4801025390625,1718.2601318359375,1425.180088043213,1305.320083618164,1303.2000846862793,1317.56010055542,1884.580150604248,1222.3400955200195,Group: D,Group: A,Group: D vs Group: A,4,4,Blank_Blank_Blank
SM(d16:0/18:0),SM,10922.221004486084,22296.38158416748,12753.440662384033,21920.341621398926,8371.00051498413,9208.820545196533,6472.440479278564,13572.600917816162,1484.8001022338867,Group: D,Group: A,Group: D vs Group: A,4,4,Blank_Blank_Blank
SM(d16:0/20:0),SM,51300.982723236084,88577.20538330078,31253.901752471924,49089.62300109863,33107.34191131592,30038.982376098633,21121.922019958496,41289.94313812256,1283.940086364746,Group: D,Group: A,Group: D vs Group: A,4,4,Blank_Blank_Blank
SM(d16:0/22:0),SM,496163.63578796387,424824.2308883667,389615.18394470215,532681.1079711914,346552.0676345825,335351.12940216064,236353.2219657898,532148.5333404541,8567.000648498535,Group: D,Group: A,Group: D vs Group: A,4,4,Blank_Blank_Blank
SM(d16:0/23:0),SM,6076.380554199219,5029.260303497314,6419.640537261963,8635.6005859375,4636.940330505371,5896.400421142578,3810.2002296447754,8002.260662078857,1167.0000801086426,Group: D,Group: A,Group: D vs Group: A,4,4,Blank_Blank_Blank
SM(d16:0/24:0),SM,78894.36433029175,186291.1160888672,85628.64817047119,134257.2707824707,52289.58320236206,54351.50456237793,50432.022480010986,109534.04787826538,2525.720188140869,Group: D,Group: A,Group: D vs Group: A,4,4,Blank_Blank_Blank
SM(d16:0/25:0),SM,7042.620555877686,12744.560646057129,8663.52087020874,15111.261177062988,5164.340354919434,4879.1403465271,4519.560291290283,7701.940593719482,1265.5200996398926,Group: D,Group: A,Group: D vs Group: A,4,4,Blank_Blank_Blank
SM(d16:1/16:0),SM,1343.7400932312012,1653.7601127624512,1699.700122833252,2144.0601348876953,1468.6001014709473,1721.5601234436035,1376.9000968933105,2601.020164489746,1263.420093536377,Group: D,Group: A,Group: D vs Group: A,4,4,Blank_Blank_Blank
SM(d16:1/17:0),SM,3184.8202743530273,5633.880252838135,4746.120307922363,4615.040332794189,2218.900146484375,3435.7402381896973,2815.560234069824,3819.2802810668945,1177.2200889587402,Group: D,Group: A,Group: D vs Group: A,4,4,Blank_Blank_Blank
SM(d16:1/18:0),SM,73167.46678543091,182884.91222763062,91751.34780883789,164135.0895690918,55638.84482574463,60990.74464035034,51535.46212768555,108202.88809967041,3101.660224914551,Group: D,Group: A,Group: D vs Group: A,4,4,Blank_Blank_Blank
SM(d16:1/18:1),SM,2886.66015625,5967.040378570557,3096.6202278137207,5108.960433959961,2364.2601623535156,2336.9401626586914,2331.60018157959,4003.780300140381,1175.3000831604004,Group: D,Group: A,Group: D vs Group: A,4,4,Blank_Blank_Blank
SM(d16:1/20:0),SM,19396.140869140625,43381.96249008179,20447.821701049805,36792.343032836914,14619.821117401123,16599.561359405518,12381.800601959229,24381.641681671143,1501.7801132202148,Group: D,Group: A,Group: D vs Group: A,4,4,Blank_Blank_Blank
SM(d16:1/20:1),SM,1991.1201629638672,2611.8601722717285,2246.3401947021484,2803.2201805114746,2077.2201499938965,2081.5801429748535,1509.4401168823242,1876.2201538085938,1180.2400856018066,Group: D,Group: A,Group: D vs Group: A,4,4,Blank_Blank_Blank
SM(d16:1/22:0),SM,806980.4115371704,1441284.0420074463,1417292.7565460205,2448792.6676712036,927431.2067337036,870935.4705963135,614296.6336898804,1308095.5999145508,5211.440383911133,Group: D,Group: A,Group: D vs Group: A,4,4,Blank_Blank_Blank
SM(d16:1/22:1),SM,91873.36743545532,99874.04643249512,89259.38563156128,192948.41130065918,67904.94543075562,56513.38487625122,44917.98384857178,84974.70634460449,1523.16011428833,Group: D,Group: A,Group: D vs Group: A,4,4,Blank_Blank_Blank
SM(d16:1/23:0),SM,21653.10146713257,18484.62167739868,22076.46128463745,40706.04186630249,14834.441047668457,19016.841472625732,12460.840579986572,24300.64133453369,1335.2801094055176,Group: D,Group: A,Group: D vs Group: A,4,4,Blank_Blank_Blank
SM(d16:1/24:0),SM,678540.8877868652,1737608.8447265625,771783.1389503479,1503312.6808052063,469653.9301223755,459888.3335418701,430611.3936538696,854486.7688446045,3440.5002059936523,Group: D,Group: A,Group: D vs Group: A,4,4,Blank_Blank_Blank
SM(d16:1/24:1),SM,428810.76191711426,955984.3542747498,523994.7134170532,873049.8187904358,295443.6313858032,303760.94160079956,271498.33934020996,523286.3120880127,1948.9201622009277,Group: D,Group: A,Group: D vs Group: A,4,4,Blank_Blank_Blank
SM(d16:1/25:0),SM,40556.10334777832,85629.92533493042,41223.522705078125,85675.52557754517,28722.082397460938,32091.582275390625,18665.301719665527,43722.1230430603,1255.7000846862793,Group: D,Group: A,Group: D vs Group: A,4,4,Blank_Blank_Blank
SM(d17:0/27:0),SM,28213.24147415161,66960.9460029602,15902.56088256836,76815.24559020996,16354.581039428711,17811.48140335083,15387.261016845703,33724.50192642212,1302.180088043213,Group: D,Group: A,Group: D vs Group: A,4,4,Blank_Blank_Blank
SM(d17:1/24:1),SM,10193.360576629639,22273.82147216797,13362.200908660889,23998.101833343506,8712.160697937012,9675.72066116333,7683.660736083984,13861.84115600586,1120.560073852539,Group: D,Group: A,Group: D vs Group: A,4,4,Blank_Blank_Blank
SM(d17:1/26:1),SM,3158.000289916992,4959.700466156006,3560.900287628174,6111.300468444824,2753.4801635742188,2600.6001586914062,2174.2201766967773,3581.2402420043945,1074.4800758361816,Group: D,Group: A,Group: D vs Group: A,4,4,Blank_Blank_Blank
SM(d18:0/13:0),SM,1136.940071105957,1214.7400856018066,1382.60009765625,1358.7400970458984,1227.6400756835938,1311.660099029541,1112.6000747680664,1468.5400886535645,1214.1200828552246,Group: D,Group: A,Group: D vs Group: A,4,4,Blank_Blank_Blank
SM(d18:0/15:0),SM,1309.760097503662,1860.5801429748535,2047.2001304626465,1497.4601135253906,1400.64009475708,1478.5601119995117,1377.4000968933105,1822.6801452636719,1317.940097808838,Group: D,Group: A,Group: D vs Group: A,4,4,Blank_Blank_Blank
SM(d18:0/17:0),SM,3034.4201889038086,4527.860363006592,2326.820156097412,4138.040302276611,2165.4401321411133,2195.7601737976074,2171.1801376342773,3531.5402183532715,1249.5200958251953,Group: D,Group: A,Group: D vs Group: A,4,4,Blank_Blank_Blank
SM(d18:0/24:0),SM,79560.32584381104,159228.47156143188,105107.30648422241,178571.15314483643,43670.28288650513,53725.3427772522,29224.2020111084,71410.08478546143,1990.1801490783691,Group: D,Group: A,Group: D vs Group: A,4,4,Blank_Blank_Blank
SM(d18:0/24:1),SM,116366.62847137451,245791.418926239,123026.72496032715,231772.64193725586,82539.28372955322,84969.84397888184,46911.163860321045,111167.16608810425,1358.0001029968262,Group: D,Group: A,Group: D vs Group: A,4,4,Blank_Blank_Blank
SM(d18:0/26:1(17Z)),SM,22058.241176605225,46627.26223754883,31541.502738952637,53557.46223831177,13440.900856018066,15445.520950317383,11691.74061203003,24412.242179870605,1251.660099029541,Group: D,Group: A,Group: D vs Group: A,4,4,Blank_Blank_Blank
SM(d18:1/12:0),SM,1143.3800773620605,1129.5400733947754,1251.8000679016113,1253.5200843811035,1243.1400718688965,1138.1000785827637,1148.0200805664062,1493.6600914001465,1138.8200874328613,Group: D,Group: A,Group: D vs Group: A,4,4,Blank_Blank_Blank
SM(d18:1/17:0),SM,2338.160167694092,3798.8002586364746,1945.160140991211,3138.0602493286133,2114.320152282715,1955.060146331787,1917.0801391601562,2618.800189971924,1130.3200874328613,Group: D,Group: A,Group: D vs Group: A,4,4,Blank_Blank_Blank
SM(d18:1/19:0),SM,8364.920608520508,10325.62088394165,9476.400588989258,18821.081352233887,5446.480331420898,6855.1804275512695,4280.940273284912,6749.520477294922,1256.9401016235352,Group: D,Group: A,Group: D vs Group: A,4,4,Blank_Blank_Blank
SM(d18:1/24:1(15Z)),SM,212381.33361053467,497445.17739868164,284032.5225753784,473732.0510597229,158114.90872192383,170747.73405075073,136033.64882659912,270723.5762863159,1357.6400909423828,Group: D,Group: A,Group: D vs Group: A,4,4,Blank_Blank_Blank
SM(d18:1/25:0),SM,6512.4206199646,11311.120929718018,6508.260643005371,12584.420864105225,3973.7403297424316,4004.7603645324707,3352.420177459717,6189.480575561523,1171.380084991455,Group: D,Group: A,Group: D vs Group: A,4,4,Blank_Blank_Blank
SM(d18:1/26:1(17Z)),SM,41083.62327194214,107543.62648773193,32835.142208099365,124206.70540618896,25467.301887512207,30384.981407165527,26451.06210708618,40055.38311767578,1208.1000862121582,Group: D,Group: A,Group: D vs Group: A,4,4,Blank_Blank_Blank
SM(d18:2/14:0),SM,1151.180088043213,1414.9401092529297,1225.5000839233398,1191.200080871582,1112.080078125,1086.2000846862793,1201.760082244873,1250.0600929260254,1092.9200859069824,Group: D,Group: A,Group: D vs Group: A,4,4,Blank_Blank_Blank
SM(d18:2/15:0),SM,1236.4000854492188,1157.0000686645508,1402.9401016235352,1267.9800834655762,1202.9400787353516,1156.9600830078125,1159.9400825500488,1369.1600875854492,1113.880084991455,Group: D,Group: A,Group: D vs Group: A,4,4,Blank_Blank_Blank
SM(d18:2/18:1),SM,1284.7400970458984,1118.500072479248,1245.5600852966309,1354.7800979614258,1194.340087890625,1234.6000862121582,1273.3000869750977,1718.380111694336,1246.8200874328613,Group: D,Group: A,Group: D vs Group: A,4,4,Blank_Blank_Blank
SM(d18:2/20:1),SM,6553.640449523926,12191.480499267578,6262.800296783447,11193.981086730957,4931.340328216553,4384.760303497314,3963.820297241211,6915.86043548584,1068.1800918579102,Group: D,Group: A,Group: D vs Group: A,4,4,Blank_Blank_Blank
SM(d18:2/21:0),SM,5107.780353546143,5535.50036239624,7517.860607147217,11434.36067199707,4116.640296936035,5800.880477905273,4458.340297698975,7454.020458221436,1102.4800758361816,Group: D,Group: A,Group: D vs Group: A,4,4,Blank_Blank_Blank
SM(d18:2/22:1),SM,821275.1244697571,2180288.9462661743,1230920.064994812,2038189.78232193,538412.3849105835,585150.0284843445,581645.6602706909,882383.2647857666,2004.0201454162598,Group: D,Group: A,Group: D vs Group: A,4,4,Blank_Blank_Blank
SM(d18:2/24:1),SM,381750.74167251587,1087277.3921661377,599992.2380752563,1145094.314716339,242796.57592010498,285610.9019622803,365152.8600730896,594992.6820526123,1777.5001182556152,Group: D,Group: A,Group: D vs Group: A,4,4,Blank_Blank_Blank
[TG(37:0)]_FA14:0,TAG,1170.4000816345215,1032.8200721740723,1099.4600715637207,1012.1600723266602,1326.1401062011719,1171.1200790405273,1205.840087890625,1246.2400856018066,1192.960075378418,Group: D,Group: A,Group: D vs Group: A,4,4,Blank_Blank_Blank
[TG(37:0)]_FA16:0,TAG,1283.4600944519043,1359.3600997924805,1241.2200813293457,1272.360092163086,1201.8000869750977,1281.1600875854492,1287.0801010131836,1419.4600982666016,1114.3800773620605,Group: D,Group: A,Group: D vs Group: A,4,4,Blank_Blank_Blank
[TG(37:0)]_FA18:0,TAG,990.7400665283203,1227.6200904846191,1026.5600662231445,981.2000732421875,1067.1000785827637,1009.2000694274902,1135.1600799560547,996.0000610351562,1037.700080871582,Group: D,Group: A,Group: D vs Group: A,4,4,Blank_Blank_Blank
[TG(38:0)]_FA14:0,TAG,1306.0400848388672,1316.2400970458984,1234.6000900268555,1557.1601181030273,1900.080165863037,2002.3601417541504,2165.0801696777344,1926.6801414489746,1323.64009475708,Group: D,Group: A,Group: D vs Group: A,4,4,Blank_Blank_Blank
[TG(38:0)]_FA16:0,TAG,2643.3001823425293,2252.440155029297,2242.920150756836,2995.580192565918,2082.400135040283,2282.7201538085938,2279.720146179199,2856.0001945495605,1229.0000762939453,Group: D,Group: A,Group: D vs Group: A,4,4,Blank_Blank_Blank
[TG(38:0)]_FA18:0,TAG,1038.9200706481934,1333.0401077270508,1285.9400901794434,1210.5400848388672,1131.160083770752,1093.320083618164,1103.280086517334,1085.500072479248,1253.1400985717773,Group: D,Group: A,Group: D vs Group: A,4,4,Blank_Blank_Blank
[TG(38:1)]_FA14:0,TAG,1029.8200645446777,1051.600082397461,1073.8800773620605,993.4400787353516,1125.1000862121582,1032.0600662231445,1123.4800910949707,1173.8000869750977,1070.1600723266602,Group: D,Group: A,Group: D vs Group: A,4,4,Blank_Blank_Blank
"[TG(38:1)]_FA16:0 | DG(40:8),DG(39:1)_C16:0",DAG,2084.340156555176,2611.9201698303223,2106.980140686035,2461.980155944824,2057.660140991211,2807.660182952881,2471.420192718506,2411.1201553344727,2288.7801628112793,Group: D,Group: A,Group: D vs Group: A,4,4,Blank_Blank_Blank
"[TG(38:1)]_FA16:0 | DG(40:8),DG(39:1)_C16:0",TAG,1244.6000862121582,1857.3801345825195,1689.680118560791,1912.3801231384277,1275.300090789795,1513.4801139831543,1261.0600929260254,1332.7000885009766,1081.0200729370117,Group: D,Group: A,Group: D vs Group: A,4,4,Blank_Blank_Blank
"[TG(38:1)]_FA16:1 | DG(40:8),DG(39:1)_C16:1",DAG,1925.6601181030273,2123.980155944824,2009.4201469421387,2115.020133972168,1994.4001350402832,2031.9601440429688,2191.5601539611816,1932.64013671875,2073.180149078369,Group: D,Group: A,Group: D vs Group: A,4,4,Blank_Blank_Blank
"[TG(38:1)]_FA16:1 | DG(40:8),DG(39:1)_C16:1",TAG,1097.2000770568848,1106.6400680541992,1149.9800834655762,1087.2000846862793,1050.2000732421875,1201.460075378418,1074.8000755310059,1063.0200691223145,1056.6200637817383,Group: D,Group: A,Group: D vs Group: A,4,4,Blank_Blank_Blank
"[TG(38:1)]_FA18:0 | DG(40:8),DG(39:1)_C18:0",DAG,1879.5201377868652,1892.9001159667969,1754.3401184082031,2016.280128479004,1860.8401260375977,1998.8201446533203,1793.980125427246,1787.4001235961914,1841.3401145935059,Group: D,Group: A,Group: D vs Group: A,4,4,Blank_Blank_Blank
"[TG(38:1)]_FA18:0 | DG(40:8),DG(39:1)_C18:0",TAG,987.7800712585449,971.6800651550293,996.6000785827637,974.1800689697266,989.8400688171387,968.7800598144531,1049.1600761413574,969.200065612793,985.200065612793,Group: D,Group: A,Group: D vs Group: A,4,4,Blank_Blank_Blank
"[TG(38:1)]_FA18:1 | DG(40:8),DG(39:1)_C18:1",DAG,2470.040168762207,2024.8001518249512,3169.1002464294434,2442.0601654052734,2764.8801803588867,2745.0801734924316,2219.7801475524902,2523.4201736450195,2387.22017288208,Group: D,Group: A,Group: D vs Group: A,4,4,Blank_Blank_Blank
"[TG(38:1)]_FA18:1 | DG(40:8),DG(39:1)_C18:1",TAG,1351.080093383789,1105.7200736999512,1086.0400695800781,1449.520092010498,1176.3200798034668,1249.260082244873,1249.220100402832,1342.2400970458984,1297.8000984191895,Group: D,Group: A,Group: D vs Group: A,4,4,Blank_Blank_Blank
[TG(39:0)]_FA14:0,TAG,1092.8800773620605,1148.0600852966309,1142.8000755310059,1161.7400856018066,1171.6000862121582,1352.8600883483887,1338.2600860595703,1209.6800842285156,1177.7000846862793,Group: D,Group: A,Group: D vs Group: A,4,4,Blank_Blank_Blank
[TG(39:0)]_FA16:0,TAG,1468.660083770752,1614.0601081848145,1663.3601036071777,1745.060131072998,1367.9400939941406,1265.0200881958008,1565.4601020812988,1646.7601165771484,1107.3200759887695,Group: D,Group: A,Group: D vs Group: A,4,4,Blank_Blank_Blank
[TG(39:0)]_FA18:0,TAG,970.6600761413574,982.4400672912598,1032.600082397461,1022.5800743103027,971.2200736999512,1004.460075378418,969.5200729370117,1036.2600631713867,1003.4800758361816,Group: D,Group: A,Group: D vs Group: A,4,4,Blank_Blank_Blank
[TG(39:1)]_FA14:0,TAG,973.0800666809082,1048.5400581359863,999.0400772094727,1029.4200706481934,1049.0000762939453,1040.4400749206543,1058.460075378418,1077.3600730895996,1040.2200775146484,Group: D,Group: A,Group: D vs Group: A,4,4,Blank_Blank_Blank
[TG(39:1)]_FA16:0,TAG,1320.1600875854492,1173.980079650879,1306.980094909668,1463.8000984191895,1250.0600929260254,1216.4000854492188,1282.0000839233398,1152.3600845336914,1022.500072479248,Group: D,Group: A,Group: D vs Group: A,4,4,Blank_Blank_Blank
[TG(39:1)]_FA16:1,TAG,1052.1800689697266,1110.500072479248,1109.660083770752,1058.0200729370117,1069.8600807189941,1090.5800819396973,1080.9600677490234,1072.1400718688965,1128.6200942993164,Group: D,Group: A,Group: D vs Group: A,4,4,Blank_Blank_Blank
[TG(39:1)]_FA18:0,TAG,971.1800651550293,988.8600578308105,1000.7200622558594,1047.2600746154785,995.3600616455078,1005.8000679016113,968.1600685119629,968.8400688171387,982.260066986084,Group: D,Group: A,Group: D vs Group: A,4,4,Blank_Blank_Blank
[TG(39:1)]_FA18:1,TAG,1318.260097503662,1075.580062866211,1172.3000793457031,1069.9400634765625,1154.740089416504,1243.9800910949707,1096.2200736999512,1204.420078277588,1085.500072479248,Group: D,Group: A,Group: D vs Group: A,4,4,Blank_Blank_Blank
[TG(40:0)]_FA14:0,TAG,1189.0200881958008,1054.9800834655762,1153.0600814819336,1336.440097808838,1973.200138092041,1890.480136871338,1812.5401420593262,2023.8401489257812,1438.000099182129,Group: D,Group: A,Group: D vs Group: A,4,4,Blank_Blank_Blank
[TG(40:0)]_FA16:0,TAG,2276.8601684570312,2012.400146484375,2433.5601806640625,2701.1801986694336,1839.1001358032227,2098.5601348876953,2295.10013961792,1932.1801490783691,1205.1200981140137,Group: D,Group: A,Group: D vs Group: A,4,4,Blank_Blank_Blank
[TG(40:0)]_FA18:0,TAG,1138.5800666809082,1053.940071105957,1163.4600715637207,1082.0800743103027,1012.8400688171387,1076.7200622558594,1148.0800857543945,969.500072479248,1136.7400817871094,Group: D,Group: A,Group: D vs Group: A,4,4,Blank_Blank_Blank
[TG(40:1)]_FA14:0,TAG,1037.840072631836,973.4400672912598,1221.7200927734375,1113.3600730895996,1080.2200775146484,1216.6800842285156,1175.4200820922852,1350.6001014709473,1094.760066986084,Group: D,Group: A,Group: D vs Group: A,4,4,Blank_Blank_Blank
[TG(40:1)]_FA16:0,TAG,1052.1800689697266,1150.8600883483887,1202.3000793457031,1229.5200805664062,1122.140079498291,1154.960090637207,1200.1200790405273,1291.0600776672363,1046.8800659179688,Group: D,Group: A,Group: D vs Group: A,4,4,Blank_Blank_Blank
[TG(40:1)]_FA16:1,TAG,1122.6800842285156,1146.5400695800781,1094.9600715637207,1053.5600776672363,1048.1200675964355,1197.0200805664062,1100.6000747680664,1108.0600814819336,1211.400074005127,Group: D,Group: A,Group: D vs Group: A,4,4,Blank_Blank_Blank
[TG(40:1)]_FA18:0,TAG,970.940071105957,1009.9400596618652,1077.7000885009766,1121.1000900268555,1016.9200668334961,1055.2400703430176,990.400074005127,1010.2000770568848,1004.4800643920898,Group: D,Group: A,Group: D vs Group: A,4,4,Blank_Blank_Blank
[TG(40:1)]_FA18:1,TAG,1366.8000984191895,1138.6600761413574,1407.9200973510742,1196.440086364746,1192.720085144043,1212.8800964355469,1138.4400825500488,1155.0200805664062,1158.340087890625,Group: D,Group: A,Group: D vs Group: A,4,4,Blank_Blank_Blank
[TG(40:2)]_FA14:0,TAG,1060.5800704956055,990.3200759887695,1002.9400672912598,1045.4800720214844,1358.2801055908203,1139.9400901794434,1248.10009765625,989.2400703430176,1034.600082397461,Group: D,Group: A,Group: D vs Group: A,4,4,Blank_Blank_Blank
[TG(40:2)]_FA16:0,TAG,1194.240077972412,1181.2200813293457,1293.3800773620605,1144.1400718688965,1062.3600730895996,1044.7600784301758,1349.9401016235352,1219.660083770752,1074.0800743103027,Group: D,Group: A,Group: D vs Group: A,4,4,Blank_Blank_Blank
[TG(40:2)]_FA16:1,TAG,1075.2000732421875,1169.420078277588,1046.4400672912598,1183.2400817871094,1056.8000679016113,1208.8200798034668,1073.5400657653809,1063.8200721740723,1064.180076599121,Group: D,Group: A,Group: D vs Group: A,4,4,Blank_Blank_Blank
[TG(40:2)]_FA18:0,TAG,1031.560073852539,970.6600685119629,1056.5600814819336,1015.4400749206543,986.5400733947754,1015.8600616455078,967.9600677490234,992.4600677490234,1025.1200714111328,Group: D,Group: A,Group: D vs Group: A,4,4,Blank_Blank_Blank
[TG(40:2)]_FA18:1,TAG,1736.7001266479492,1439.740104675293,1563.2801055908203,1669.2401161193848,1313.5000953674316,1616.0001220703125,1533.6201133728027,1676.9601135253906,1591.1401290893555,Group: D,Group: A,Group: D vs Group: A,4,4,Blank_Blank_Blank
[TG(40:2)]_FA18:2,TAG,1537.7201118469238,1731.260124206543,1740.5201263427734,1299.3600845336914,1540.0601119995117,1563.6801223754883,1201.1200981140137,1606.8201217651367,1300.6000862121582,Group: D,Group: A,Group: D vs Group: A,4,4,Blank_Blank_Blank
[TG(41:0)]_FA14:0,TAG,1394.8000831604004,1264.900089263916,1206.360092163086,1192.4000854492188,1767.560131072998,1512.7001152038574,1356.1800956726074,1332.9001007080078,1251.260097503662,Group: D,Group: A,Group: D vs Group: A,4,4,Blank_Blank_Blank
[TG(41:0)]_FA16:0 | DG(42:0)_C16:0,DAG,2138.160140991211,2523.780170440674,2246.7601585388184,2109.3201484680176,2144.000160217285,2451.800189971924,2863.2202186584473,2693.6201820373535,2791.560203552246,Group: D,Group: A,Group: D vs Group: A,4,4,Blank_Blank_Blank
[TG(41:0)]_FA16:0 | DG(42:0)_C16:0,TAG,1355.8400840759277,1728.0801429748535,1601.4401168823242,1352.60009765625,1511.0201225280762,1318.0801010131836,1211.8600807189941,1676.5401153564453,1184.6800918579102,Group: D,Group: A,Group: D vs Group: A,4,4,Blank_Blank_Blank
[TG(41:0)]_FA18:0 | DG(42:0)_C18:0,DAG,1803.6001205444336,1785.3601264953613,1846.1201210021973,1825.4801330566406,1795.2801208496094,1908.7001419067383,1881.8601341247559,1823.6201286315918,1860.1401443481445,Group: D,Group: A,Group: D vs Group: A,4,4,Blank_Blank_Blank
[TG(41:0)]_FA18:0 | DG(42:0)_C18:0,TAG,970.9000663757324,1051.6800651550293,1024.840072631836,1024.5000762939453,1036.0800743103027,1004.1200714111328,968.2800636291504,1006.6800727844238,1007.080078125,Group: D,Group: A,Group: D vs Group: A,4,4,Blank_Blank_Blank
[TG(41:1)]_FA14:0,TAG,973.6200675964355,973.820068359375,1040.8400917053223,980.8000755310059,1084.2000770568848,1064.8200798034668,1124.9000816345215,1189.5000762939453,1072.0200729370117,Group: D,Group: A,Group: D vs Group: A,4,4,Blank_Blank_Blank
[TG(41:1)]_FA16:0,TAG,1097.8000793457031,998.3600730895996,964.7800674438477,972.8000640869141,1028.2600555419922,1018.8000755310059,1163.8400764465332,1184.4600791931152,985.5600700378418,Group: D,Group: A,Group: D vs Group: A,4,4,Blank_Blank_Blank
[TG(41:1)]_FA16:1,TAG,1110.640079498291,1046.500072479248,1114.400074005127,1124.900074005127,1046.8400688171387,1081.8000717163086,1048.2000732421875,1059.240077972412,1063.3600730895996,Group: D,Group: A,Group: D vs Group: A,4,4,Blank_Blank_Blank
[TG(41:1)]_FA18:0,TAG,1053.920078277588,1041.8800773620605,970.260066986084,1210.0800895690918,970.0400657653809,969.2000579833984,1019.8200759887695,972.2000694274902,969.5800666809082,Group: D,Group: A,Group: D vs Group: A,4,4,Blank_Blank_Blank
[TG(41:1)]_FA18:1,TAG,1138.7200813293457,1241.3200950622559,1104.5800704956055,1096.8600769042969,1057.6200790405273,1151.980079650879,1136.7200813293457,1121.8000869750977,1134.6000785827637,Group: D,Group: A,Group: D vs Group: A,4,4,Blank_Blank_Blank
[TG(41:2)]_FA14:0,TAG,1007.9800758361816,993.0600738525391,1001.6400718688965,973.5600700378418,1100.8000755310059,988.6600685119629,1025.5200691223145,980.0400772094727,984.7600746154785,Group: D,Group: A,Group: D vs Group: A,4,4,Blank_Blank_Blank
[TG(41:2)]_FA16:0,TAG,1046.760066986084,1201.000099182129,1105.7400741577148,1038.9000701904297,1021.5200691223145,1028.8200759887695,1168.1000900268555,1085.5800743103027,969.0000762939453,Group: D,Group: A,Group: D vs Group: A,4,4,Blank_Blank_Blank
[TG(41:2)]_FA16:1,TAG,1174.3800888061523,1107.3600769042969,1135.580078125,1096.0600700378418,1047.5800704956055,1108.8800773620605,1065.3200798034668,1064.9000816345215,1150.5200691223145,Group: D,Group: A,Group: D vs Group: A,4,4,Blank_Blank_Blank
[TG(41:2)]_FA18:0,TAG,970.9800643920898,987.3400726318359,970.7800788879395,993.5800704956055,970.5400733947754,1026.8200721740723,1063.0400733947754,969.5400733947754,1028.160068511963,Group: D,Group: A,Group: D vs Group: A,4,4,Blank_Blank_Blank
[TG(41:2)]_FA18:1,TAG,1518.9401054382324,1128.1000785827637,1184.3600845336914,1219.7200889587402,1089.3600845336914,1250.540096282959,1157.5800819396973,1241.8800811767578,1353.1801109313965,Group: D,Group: A,Group: D vs Group: A,4,4,Blank_Blank_Blank
[TG(41:2)]_FA18:2,TAG,1220.4800758361816,1287.2800903320312,1311.8600883483887,1230.0400772094727,1193.7800750732422,1196.3800964355469,1108.8000755310059,1235.7000885009766,1107.520076751709,Group: D,Group: A,Group: D vs Group: A,4,4,Blank_Blank_Blank
[TG(42:0)]_FA14:0,TAG,1598.000114440918,1358.2401008605957,1605.6601066589355,1606.1601371765137,2081.8401412963867,2243.800163269043,1930.3401412963867,2344.980152130127,1628.2801132202148,Group: D,Group: A,Group: D vs Group: A,4,4,Blank_Blank_Blank
"[TG(42:0)]_FA16:0 | DG(44:7),DG(43:0)_C16:0",DAG,2310.8601684570312,3784.4202728271484,2396.06014251709,2998.3802185058594,2871.020206451416,3191.960235595703,3750.900276184082,3418.3402099609375,3137.120220184326,Group: D,Group: A,Group: D vs Group: A,4,4,Blank_Blank_Blank
"[TG(42:0)]_FA16:0 | DG(44:7),DG(43:0)_C16:0",TAG,2542.5202140808105,2424.500175476074,2371.2001876831055,3077.200206756592,2192.4401359558105,2186.040168762207,3052.180221557617,2235.340160369873,1343.9201011657715,Group: D,Group: A,Group: D vs Group: A,4,4,Blank_Blank_Blank
"[TG(42:0)]_FA18:0 | DG(44:7),DG(43:0)_C18:0",DAG,2005.8601341247559,2040.460147857666,2103.500160217285,2007.480136871338,2266.5401649475098,1971.3401412963867,2056.2001419067383,1849.6001358032227,2065.360149383545,Group: D,Group: A,Group: D vs Group: A,4,4,Blank_Blank_Blank
"[TG(42:0)]_FA18:0 | DG(44:7),DG(43:0)_C18:0",TAG,1085.820083618164,1150.1200828552246,1170.8000793457031,1046.680076599121,1038.4800758361816,1094.5400733947754,1034.700080871582,1069.3400802612305,1108.2600746154785,Group: D,Group: A,Group: D vs Group: A,4,4,Blank_Blank_Blank
[TG(42:1)]_FA14:0,TAG,1079.2000846862793,1047.1000671386719,1097.3600769042969,1078.4600830078125,1215.7000846862793,1019.0400695800781,1052.3800773620605,1011.4400749206543,1059.8400802612305,Group: D,Group: A,Group: D vs Group: A,4,4,Blank_Blank_Blank
"[TG(42:1)]_FA16:0 | DG(44:8),DG(43:1)_C16:0",DAG,1815.2001457214355,1804.5401229858398,1892.1601371765137,1837.5001373291016,1767.6201133728027,1965.3401412963867,2147.1401596069336,1962.1801414489746,1831.8801155090332,Group: D,Group: A,Group: D vs Group: A,4,4,Blank_Blank_Blank
"[TG(42:1)]_FA16:0 | DG(44:8),DG(43:1)_C16:0",TAG,1146.0400848388672,1069.2800788879395,1109.400074005127,1090.380069732666,1088.7000846862793,1137.5200805664062,1136.8000869750977,1132.5000686645508,969.1200714111328,Group: D,Group: A,Group: D vs Group: A,4,4,Blank_Blank_Blank
"[TG(42:1)]_FA16:1 | DG(44:8),DG(43:1)_C16:1",DAG,2029.9401359558105,2066.4801483154297,2036.900146484375,2110.0201416015625,2041.8201141357422,2016.6201400756836,2441.6601791381836,1979.1201210021973,2053.180149078369,Group: D,Group: A,Group: D vs Group: A,4,4,Blank_Blank_Blank
"[TG(42:1)]_FA16:1 | DG(44:8),DG(43:1)_C16:1",TAG,1066.7000732421875,1104.0600700378418,1154.5400733947754,1092.480079650879,1047.760066986084,1134.5800819396973,1132.2000732421875,1049.8800735473633,1185.9200973510742,Group: D,Group: A,Group: D vs Group: A,4,4,Blank_Blank_Blank
"[TG(42:1)]_FA18:0 | DG(44:8),DG(43:1)_C18:0",DAG,1775.7801246643066,1762.2401237487793,1897.9401321411133,1827.1601333618164,1803.0601272583008,1831.9001235961914,1755.7201232910156,1739.980110168457,1777.6001205444336,Group: D,Group: A,Group: D vs Group: A,4,4,Blank_Blank_Blank
"[TG(42:1)]_FA18:0 | DG(44:8),DG(43:1)_C18:0",TAG,970.9600639343262,1061.6000633239746,1026.900074005127,974.5000762939453,1026.0800666809082,981.0000610351562,968.0600738525391,1032.2200622558594,1017.3600654602051,Group: D,Group: A,Group: D vs Group: A,4,4,Blank_Blank_Blank
"[TG(42:1)]_FA18:1 | DG(44:8),DG(43:1)_C18:1",DAG,2029.3801345825195,2040.4801445007324,2925.8401985168457,2078.200138092041,2466.4201698303223,2530.7201614379883,2296.980167388916,2276.8401527404785,2253.100143432617,Group: D,Group: A,Group: D vs Group: A,4,4,Blank_Blank_Blank
"[TG(42:1)]_FA18:1 | DG(44:8),DG(43:1)_C18:1",TAG,1290.6401023864746,1157.8400764465332,1273.0000915527344,1236.6000747680664,1170.6400756835938,1088.9000701904297,1171.9600868225098,1131.8600845336914,1178.2600746154785,Group: D,Group: A,Group: D vs Group: A,4,4,Blank_Blank_Blank
[TG(42:2)]_FA14:0,TAG,1114.4800834655762,973.9600715637207,994.0600738525391,1115.9400825500488,1080.4800872802734,1018.7400703430176,1080.3800735473633,987.7800674438477,970.2000617980957,Group: D,Group: A,Group: D vs Group: A,4,4,Blank_Blank_Blank
[TG(42:2)]_FA16:0,TAG,964.6000671386719,1022.3800735473633,1112.0800895690918,1234.5200805664062,1008.700065612793,969.5400657653809,1171.8600807189941,1153.140079498291,990.440071105957,Group: D,Group: A,Group: D vs Group: A,4,4,Blank_Blank_Blank
[TG(42:2)]_FA16:1,TAG,1147.54008102417,1046.2800788879395,1112.320068359375,1144.8000755310059,1048.2600631713867,1116.8400840759277,1083.6600799560547,1106.8400650024414,1081.5400619506836,Group: D,Group: A,Group: D vs Group: A,4,4,Blank_Blank_Blank
[TG(42:2)]_FA18:0,TAG,1039.320068359375,1056.4000701904297,1001.2000617980957,998.3200607299805,970.8400688171387,969.4600715637207,968.4800643920898,969.0000610351562,1012.900074005127,Group: D,Group: A,Group: D vs Group: A,4,4,Blank_Blank_Blank
[TG(42:2)]_FA18:1,TAG,1139.7200775146484,1170.640079498291,1103.5800743103027,1235.8800888061523,1089.1400718688965,1223.7800941467285,1120.8200759887695,1141.7600746154785,1066.2000694274902,Group: D,Group: A,Group: D vs Group: A,4,4,Blank_Blank_Blank
[TG(42:2)]_FA18:2,TAG,1298.3601036071777,1380.3600997924805,1256.420078277588,1143.660068511963,1169.6400756835938,1225.660083770752,1202.500087738037,1218.2200813293457,1151.0000762939453,Group: D,Group: A,Group: D vs Group: A,4,4,Blank_Blank_Blank
[TG(42:3)]_FA14:0,TAG,976.4200706481934,974.1600646972656,974.7400703430176,1011.6200752258301,966.2400703430176,1017.580078125,984.9000701904297,969.0800628662109,1069.2000770568848,Group: D,Group: A,Group: D vs Group: A,4,4,Blank_Blank_Blank
[TG(42:3)]_FA16:0,TAG,1074.3600730895996,1075.1200866699219,1006.1600608825684,999.2400703430176,970.1600646972656,1061.3800621032715,1022.0000648498535,978.1200752258301,968.5400695800781,Group: D,Group: A,Group: D vs Group: A,4,4,Blank_Blank_Blank
[TG(42:3)]_FA16:1,TAG,1070.9000625610352,1170.3200798034668,1080.5400733947754,1054.1800689697266,1047.3000793457031,1136.3800773620605,1074.5600662231445,1049.6400756835938,1096.840072631836,Group: D,Group: A,Group: D vs Group: A,4,4,Blank_Blank_Blank
[TG(42:3)]_FA18:0,TAG,1059.2000732421875,971.0400772094727,969.7400703430176,974.4400787353516,971.4000701904297,993.6400680541992,968.6000671386719,1010.2600746154785,969.4200782775879,Group: D,Group: A,Group: D vs Group: A,4,4,Blank_Blank_Blank
[TG(42:3)]_FA18:1,TAG,1081.0600700378418,1121.7000694274902,1112.9400787353516,1174.0800857543945,1089.7600708007812,1140.8600730895996,1070.7200622558594,1124.2800750732422,1093.3000755310059,Group: D,Group: A,Group: D vs Group: A,4,4,Blank_Blank_Blank
[TG(42:3)]_FA18:2,TAG,1165.1000709533691,1269.2000885009766,1309.1600952148438,1087.5600662231445,1118.2000732421875,1232.680088043213,1167.5000762939453,1226.4200897216797,1171.3000793457031,Group: D,Group: A,Group: D vs Group: A,4,4,Blank_Blank_Blank
[TG(42:3)]_FA18:3,TAG,1167.7400817871094,1167.2400817871094,1203.5600700378418,1209.2000770568848,1163.7400817871094,1171.240077972412,1165.7600860595703,1194.0000762939453,1228.4600830078125,Group: D,Group: A,Group: D vs Group: A,4,4,Blank_Blank_Blank
[TG(42:4)]_FA14:0,TAG,973.0400772094727,974.0000762939453,975.1600723266602,973.4000701904297,1033.7800827026367,1012.3600730895996,1033.780071258545,969.6800651550293,971.0400695800781,Group: D,Group: A,Group: D vs Group: A,4,4,Blank_Blank_Blank
[TG(42:4)]_FA16:0,TAG,1033.0800704956055,1026.9600830078125,1081.1800689697266,1088.800064086914,977.4000587463379,970.5000648498535,982.4800682067871,988.3800659179688,989.2000770568848,Group: D,Group: A,Group: D vs Group: A,4,4,Blank_Blank_Blank
[TG(42:4)]_FA16:1,TAG,1052.160068511963,1046.9000663757324,1058.0600700378418,1115.9800834655762,1047.680061340332,1064.460075378418,1072.2000694274902,1050.2400856018066,1131.480079650879,Group: D,Group: A,Group: D vs Group: A,4,4,Blank_Blank_Blank
[TG(42:4)]_FA18:0,TAG,1027.9600677490234,971.0000648498535,1050.460075378418,974.2200698852539,970.3200645446777,1034.2800750732422,968.7400665283203,969.1400718688965,1018.0600700378418,Group: D,Group: A,Group: D vs Group: A,4,4,Blank_Blank_Blank
[TG(42:4)]_FA18:1,TAG,1051.3200798034668,1049.1800689697266,1089.5200691223145,1172.3400802612305,1139.6200828552246,1148.4000778198242,1069.6200790405273,1155.4800872802734,1187.12007522583,Group: D,Group: A,Group: D vs Group: A,4,4,Blank_Blank_Blank
[TG(42:4)]_FA18:2,TAG,1251.8200798034668,1324.5800895690918,1326.9600982666016,1102.1200790405273,1140.3600769042969,1312.5200843811035,1087.5400657653809,1118.1800804138184,1150.740077972412,Group: D,Group: A,Group: D vs Group: A,4,4,Blank_Blank_Blank
[TG(42:4)]_FA18:3,TAG,1217.240089416504,1180.220085144043,1167.6400871276855,1344.1200981140137,1219.840087890625,1416.780101776123,1258.0000953674316,1205.4600830078125,1171.6200790405273,Group: D,Group: A,Group: D vs Group: A,4,4,Blank_Blank_Blank
[TG(42:4)]_FA20:4,TAG,1247.5000953674316,1249.2200813293457,1295.9800910949707,1355.9200820922852,1247.4200897216797,1330.6000900268555,1247.360092163086,1248.14009475708,1247.880084991455,Group: D,Group: A,Group: D vs Group: A,4,4,Blank_Blank_Blank
[TG(43:0)]_FA14:0,TAG,1424.9201011657715,1278.0800971984863,1217.4600830078125,1375.5800971984863,1793.3601341247559,1742.500129699707,2268.6401557922363,1978.320125579834,1412.4200973510742,Group: D,Group: A,Group: D vs Group: A,4,4,Blank_Blank_Blank
[TG(43:0)]_FA16:0 | DG(44:0)_C16:0,DAG,2355.100154876709,3048.560218811035,2172.1001472473145,2459.020175933838,2631.5001831054688,2540.100143432617,3105.080223083496,2578.7401809692383,2864.0402221679688,Group: D,Group: A,Group: D vs Group: A,4,4,Blank_Blank_Blank
[TG(43:0)]_FA16:0 | DG(44:0)_C16:0,TAG,1833.7401275634766,1585.280117034912,1852.240119934082,1761.2401084899902,1492.560115814209,1531.3801002502441,1852.6601448059082,2036.640151977539,1323.960090637207,Group: D,Group: A,Group: D vs Group: A,4,4,Blank_Blank_Blank
[TG(43:0)]_FA18:0 | DG(44:0)_C18:0,DAG,1830.800136566162,1915.140121459961,1979.6401405334473,1849.1401252746582,2108.9801483154297,1955.8001403808594,1773.4001197814941,1813.9201316833496,1952.7601356506348,Group: D,Group: A,Group: D vs Group: A,4,4,Blank_Blank_Blank
[TG(43:0)]_FA18:0 | DG(44:0)_C18:0,TAG,971.3800735473633,1001.6800689697266,1094.240077972412,1018.1800842285156,1040.5600700378418,969.8800773620605,1025.8600807189941,970.2000694274902,982.6600685119629,Group: D,Group: A,Group: D vs Group: A,4,4,Blank_Blank_Blank
[TG(43:1)]_FA14:0,TAG,1090.7800827026367,1053.8200798034668,1070.340072631836,1059.0800743103027,1150.0000953674316,1110.0200729370117,1089.3600769042969,1183.580078125,1054.62007522583,Group: D,Group: A,Group: D vs Group: A,4,4,Blank_Blank_Blank
[TG(43:1)]_FA16:0 | DG(44:1)_C16:0,DAG,1835.140121459961,2029.120132446289,1906.720127105713,1950.1001434326172,1760.4401245117188,1961.1001281738281,1918.4201431274414,1868.940128326416,1940.7401390075684,Group: D,Group: A,Group: D vs Group: A,4,4,Blank_Blank_Blank
[TG(43:1)]_FA16:0 | DG(44:1)_C16:0,TAG,1150.940086364746,1160.7000770568848,1145.4400939941406,1278.020092010498,1141.840087890625,1098.260082244873,1159.4800834655762,1126.9800720214844,980.4800682067871,Group: D,Group: A,Group: D vs Group: A,4,4,Blank_Blank_Blank
[TG(43:1)]_FA16:1 | DG(44:1)_C16:1,DAG,2076.9201316833496,1995.6601333618164,2020.9201278686523,2284.620162963867,1952.2001304626465,1936.580150604248,2398.64017868042,1958.2801322937012,2104.980155944824,Group: D,Group: A,Group: D vs Group: A,4,4,Blank_Blank_Blank
[TG(43:1)]_FA16:1 | DG(44:1)_C16:1,TAG,1162.1200866699219,1090.7600708007812,1215.780071258545,1207.4000816345215,1048.500072479248,1172.8400764465332,1109.580078125,1124.6000785827637,1116.9400672912598,Group: D,Group: A,Group: D vs Group: A,4,4,Blank_Blank_Blank
[TG(43:1)]_FA18:0 | DG(44:1)_C18:0,DAG,1780.140121459961,1868.7401275634766,1739.3401260375977,1816.3401222229004,1911.0001335144043,1780.9601211547852,1763.58012008667,1808.0001258850098,1766.66011428833,Group: D,Group: A,Group: D vs Group: A,4,4,Blank_Blank_Blank
[TG(43:1)]_FA18:0 | DG(44:1)_C18:0,TAG,1030.1400680541992,1013.2400779724121,970.7200698852539,1029.8600692749023,970.8000679016113,969.2000770568848,1002.2000770568848,968.940071105957,1000.2000732421875,Group: D,Group: A,Group: D vs Group: A,4,4,Blank_Blank_Blank
[TG(43:1)]_FA18:1 | DG(44:1)_C18:1,DAG,2240.4801597595215,2094.4001388549805,3367.7402381896973,2564.9801597595215,3083.5802268981934,2784.060188293457,2604.220199584961,2434.2001762390137,2432.3001670837402,Group: D,Group: A,Group: D vs Group: A,4,4,Blank_Blank_Blank
[TG(43:1)]_FA18:1 | DG(44:1)_C18:1,TAG,1326.020092010498,1302.9800910949707,1394.4601020812988,1244.4800758361816,1113.820068359375,1314.1200942993164,1146.7400741577148,1509.500099182129,1300.7000923156738,Group: D,Group: A,Group: D vs Group: A,4,4,Blank_Blank_Blank
[TG(43:2)]_FA14:0,TAG,973.6200714111328,1013.260066986084,975.4800720214844,1041.0800819396973,1005.960075378418,975.2200546264648,1011.4600715637207,1029.8800811767578,971.1600723266602,Group: D,Group: A,Group: D vs Group: A,4,4,Blank_Blank_Blank
[TG(43:2)]_FA16:0 | DG(44:2)_C16:0,DAG,1718.9201164245605,1761.3401260375977,1821.220127105713,1755.6001243591309,1809.6601333618164,1750.180118560791,1794.4201393127441,1756.260124206543,1824.5201454162598,Group: D,Group: A,Group: D vs Group: A,4,4,Blank_Blank_Blank
[TG(43:2)]_FA16:0 | DG(44:2)_C16:0,TAG,1000.1400680541992,965.4800605773926,1013.9200668334961,1044.8000755310059,964.9800567626953,972.5600624084473,1009.4200668334961,1033.8800735473633,1018.4200668334961,Group: D,Group: A,Group: D vs Group: A,4,4,Blank_Blank_Blank
[TG(43:2)]_FA16:1 | DG(44:2)_C16:1,DAG,2008.3001403808594,2036.9201545715332,2023.0801582336426,1966.1201362609863,1962.3201370239258,2012.280143737793,2102.3401489257812,2025.6801567077637,2022.3201293945312,Group: D,Group: A,Group: D vs Group: A,4,4,Blank_Blank_Blank
[TG(43:2)]_FA16:1 | DG(44:2)_C16:1,TAG,1054.0600776672363,1087.4400749206543,1073.5000686645508,1120.6600723266602,1047.9200744628906,1134.9200820922852,1059.2800788879395,1097.9000701904297,1151.500072479248,Group: D,Group: A,Group: D vs Group: A,4,4,Blank_Blank_Blank
[TG(43:2)]_FA18:0 | DG(44:2)_C18:0,DAG,1747.5401153564453,1756.6401329040527,1819.0601272583008,1803.2801246643066,1783.7801361083984,1924.640151977539,1730.0801315307617,1721.3801231384277,1911.14013671875,Group: D,Group: A,Group: D vs Group: A,4,4,Blank_Blank_Blank
[TG(43:2)]_FA18:0 | DG(44:2)_C18:0,TAG,971.2800598144531,971.9400672912598,969.7800674438477,1005.9200782775879,970.5200576782227,984.2800636291504,1031.8400764465332,968.5400810241699,993.740062713623,Group: D,Group: A,Group: D vs Group: A,4,4,Blank_Blank_Blank
[TG(43:2)]_FA18:1 | DG(44:2)_C18:1,DAG,2047.6801452636719,1937.6601257324219,2169.5401573181152,1932.260124206543,2258.120143890381,2062.860164642334,2045.1401443481445,1945.6801490783691,1951.9401473999023,Group: D,Group: A,Group: D vs Group: A,4,4,Blank_Blank_Blank
[TG(43:2)]_FA18:1 | DG(44:2)_C18:1,TAG,1103.4400787353516,1048.980079650879,1146.580078125,1140.6600799560547,1056.960075378418,1140.6400909423828,1056.9000816345215,1055.5400772094727,1054.0000762939453,Group: D,Group: A,Group: D vs Group: A,4,4,Blank_Blank_Blank
[TG(43:2)]_FA18:2 | DG(44:2)_C18:2,DAG,2224.780174255371,2159.8001556396484,2213.7001724243164,2199.120143890381,2115.8801612854004,2351.9601516723633,2208.3401679992676,2175.9401321411133,2232.900157928467,Group: D,Group: A,Group: D vs Group: A,4,4,Blank_Blank_Blank
[TG(43:2)]_FA18:2 | DG(44:2)_C18:2,TAG,1242.2600936889648,1169.4800758361816,1110.6200904846191,1099.9200820922852,1125.0600700378418,1185.4200820922852,1157.5200729370117,1169.8800735473633,1087.5400772094727,Group: D,Group: A,Group: D vs Group: A,4,4,Blank_Blank_Blank
[TG(43:3)]_FA14:0,TAG,972.3800735473633,973.5400695800781,998.0200729370117,973.260066986084,967.0200729370117,982.3400726318359,998.3400726318359,1094.760082244873,970.1200752258301,Group: D,Group: A,Group: D vs Group: A,4,4,Blank_Blank_Blank
[TG(43:3)]_FA16:0,TAG,965.0000648498535,1036.6000747680664,998.4200630187988,963.960075378418,965.8200645446777,981.9800720214844,1037.5600776672363,981.9400634765625,968.740062713623,Group: D,Group: A,Group: D vs Group: A,4,4,Blank_Blank_Blank
[TG(43:3)]_FA16:1,TAG,1139.6800727844238,1064.1200714111328,1059.0400695800781,1053.3600730895996,1047.62007522583,1049.1200790405273,1048.1200828552246,1049.7600708007812,1057.420078277588,Group: D,Group: A,Group: D vs Group: A,4,4,Blank_Blank_Blank
[TG(43:3)]_FA18:0,TAG,970.0400619506836,1033.1400718688965,1026.500072479248,996.8400726318359,970.7400588989258,968.7200736999512,968.4000701904297,1002.5600624084473,969.9600715637207,Group: D,Group: A,Group: D vs Group: A,4,4,Blank_Blank_Blank
[TG(43:3)]_FA18:1,TAG,1219.1400718688965,1048.9400749206543,1127.8000869750977,1096.3400650024414,1090.8200721740723,1082.6600723266602,1057.9400749206543,1114.2600708007812,1227.0400848388672,Group: D,Group: A,Group: D vs Group: A,4,4,Blank_Blank_Blank
[TG(43:3)]_FA18:2,TAG,1180.180061340332,1171.8000793457031,1140.1200790405273,1086.680076599121,1087.5400733947754,1143.9200744628906,1106.6200714111328,1208.4000778198242,1155.9000854492188,Group: D,Group: A,Group: D vs Group: A,4,4,Blank_Blank_Blank
[TG(43:3)]_FA18:3,TAG,1167.5200843811035,1167.2400817871094,1190.5600852966309,1199.7800788879395,1171.4000816345215,1217.500087738037,1217.280101776123,1168.9400749206543,1171.320068359375,Group: D,Group: A,Group: D vs Group: A,4,4,Blank_Blank_Blank
[TG(43:4)]_FA14:0,TAG,973.200065612793,973.8000679016113,976.2200660705566,1042.460075378418,1010.1200637817383,967.4000701904297,970.4600715637207,975.8400688171387,997.0000610351562,Group: D,Group: A,Group: D vs Group: A,4,4,Blank_Blank_Blank
[TG(43:4)]_FA16:0,TAG,965.2200660705566,987.4400672912598,1033.4400634765625,1010.4200630187988,1046.2800750732422,969.9600791931152,1093.720069885254,992.7200622558594,968.7400741577148,Group: D,Group: A,Group: D vs Group: A,4,4,Blank_Blank_Blank
[TG(43:4)]_FA16:1,TAG,1084.1400833129883,1046.6600761413574,1125.6000785827637,1103.420078277588,1074.1600761413574,1060.660068511963,1091.0200729370117,1050.1000709533691,1059.6800727844238,Group: D,Group: A,Group: D vs Group: A,4,4,Blank_Blank_Blank
[TG(43:4)]_FA18:0,TAG,970.8800659179688,971.1400566101074,969.8000717163086,974.5600700378418,971.1800727844238,969.4200668334961,968.5200729370117,969.0200614929199,1005.5400657653809,Group: D,Group: A,Group: D vs Group: A,4,4,Blank_Blank_Blank
[TG(43:4)]_FA18:1,TAG,1180.9200897216797,1070.060073852539,1107.3000869750977,1088.4000701904297,1056.6600723266602,1054.3800735473633,1080.12007522583,1055.6600761413574,1089.8800735473633,Group: D,Group: A,Group: D vs Group: A,4,4,Blank_Blank_Blank
[TG(43:4)]_FA18:2,TAG,1139.3400764465332,1191.8400840759277,1293.980094909668,1116.560073852539,1242.9200820922852,1144.7400741577148,1091.3400688171387,1119.3400764465332,1148.1000709533691,Group: D,Group: A,Group: D vs Group: A,4,4,Blank_Blank_Blank
[TG(43:4)]_FA18:3,TAG,1183.900089263916,1166.0600852966309,1168.0000915527344,1219.5600891113281,1185.1400871276855,1186.520076751709,1164.9600791931152,1215.1000862121582,1221.3800888061523,Group: D,Group: A,Group: D vs Group: A,4,4,Blank_Blank_Blank
[TG(43:4)]_FA20:4,TAG,1259.3600997924805,1249.8800888061523,1249.880084991455,1261.6200904846191,1255.6200866699219,1245.6400871276855,1247.920078277588,1283.9600830078125,1247.7400932312012,Group: D,Group: A,Group: D vs Group: A,4,4,Blank_Blank_Blank
"[TG(44:0),TG(O-45:0)]_FA14:0",TAG,2347.340171813965,1949.560131072998,2049.2601318359375,2268.5801429748535,3287.6602516174316,3533.3602256774902,3631.4602661132812,3921.6603088378906,1834.780128479004,Group: D,Group: A,Group: D vs Group: A,4,4,Blank_Blank_Blank
"[TG(44:0),TG(O-45:0)]_FA16:0",TAG,2992.4602241516113,3235.9602127075195,3212.840202331543,4049.000301361084,2267.560127258301,3352.240203857422,4191.680271148682,3372.400245666504,1390.2200965881348,Group: D,Group: A,Group: D vs Group: A,4,4,Blank_Blank_Blank
"[TG(44:0),TG(O-45:0)]_FA18:0",TAG,1116.1200790405273,1116.380069732666,1379.0401000976562,1146.8400917053223,1031.9600715637207,1111.7200736999512,1008.6000671386719,1114.12007522583,1110.960075378418,Group: D,Group: A,Group: D vs Group: A,4,4,Blank_Blank_Blank
[TG(44:1)]_FA14:0,TAG,1351.1001091003418,1046.9400787353516,1227.9201011657715,1306.520092010498,1243.2400817871094,1440.600112915039,1778.9201393127441,1564.8201141357422,1205.1600799560547,Group: D,Group: A,Group: D vs Group: A,4,4,Blank_Blank_Blank
[TG(44:1)]_FA16:0,TAG,1513.2401008605957,1364.8200950622559,1403.4401016235352,1397.8600807189941,1212.7200889587402,1407.5401077270508,1372.3200988769531,1567.3800964355469,1035.1000785827637,Group: D,Group: A,Group: D vs Group: A,4,4,Blank_Blank_Blank
[TG(44:1)]_FA16:1,TAG,1307.420093536377,1155.9200744628906,1632.2201232910156,1379.1601028442383,1104.2000694274902,1421.9200859069824,1349.480094909668,1144.7600860595703,1234.0400848388672,Group: D,Group: A,Group: D vs Group: A,4,4,Blank_Blank_Blank
[TG(44:1)]_FA18:0,TAG,970.6800651550293,984.0400695800781,992.4400672912598,1003.1000785827637,985.8600654602051,969.3000640869141,1001.0600700378418,969.3000564575195,1000.8000755310059,Group: D,Group: A,Group: D vs Group: A,4,4,Blank_Blank_Blank
[TG(44:1)]_FA18:1,TAG,1347.54008102417,1217.7600860595703,1322.200096130371,1363.300090789795,1112.8000793457031,1302.3400840759277,1191.7400817871094,1248.9800872802734,1410.2401084899902,Group: D,Group: A,Group: D vs Group: A,4,4,Blank_Blank_Blank
[TG(44:2)]_FA14:0,TAG,1059.3600769042969,1086.0000839233398,976.3200721740723,1018.5600814819336,1057.4800720214844,1217.740089416504,1099.3000717163086,1041.62007522583,1097.840072631836,Group: D,Group: A,Group: D vs Group: A,4,4,Blank_Blank_Blank
[TG(44:2)]_FA16:0,TAG,1164.000087738037,1168.7400970458984,1187.9000816345215,1295.500087738037,1065.940086364746,1009.5400657653809,1236.1200942993164,1394.520092010498,969.3000717163086,Group: D,Group: A,Group: D vs Group: A,4,4,Blank_Blank_Blank
[TG(44:2)]_FA16:1,TAG,1164.5600852966309,1232.1200828552246,1309.8800888061523,1228.3600769042969,1054.740077972412,1404.0001106262207,1354.000087738037,1066.0400733947754,1203.7800788879395,Group: D,Group: A,Group: D vs Group: A,4,4,Blank_Blank_Blank
[TG(44:2)]_FA18:0,TAG,1008.3400573730469,1034.5800743103027,1160.0800743103027,1030.1200675964355,970.2200622558594,969.7200698852539,968.4600715637207,968.9600715637207,999.2200660705566,Group: D,Group: A,Group: D vs Group: A,4,4,Blank_Blank_Blank
[TG(44:2)]_FA18:1,TAG,1089.2800788879395,1058.8400688171387,1141.420078277588,1093.6400680541992,1083.0200805664062,1095.6000747680664,1100.1400604248047,1111.2400817871094,1120.7200813293457,Group: D,Group: A,Group: D vs Group: A,4,4,Blank_Blank_Blank
[TG(44:2)]_FA18:2,TAG,1246.7600898742676,1185.840072631836,1236.0600852966309,1139.2800750732422,1229.0600891113281,1241.7400932312012,1233.4400939941406,1440.2200927734375,1195.2600708007812,Group: D,Group: A,Group: D vs Group: A,4,4,Blank_Blank_Blank
[TG(44:3)]_FA14:0,TAG,1001.6800727844238,1003.5400695800781,974.7400741577148,1023.3000793457031,1058.1600723266602,1106.2200736999512,1002.5800743103027,1004.1800727844238,971.4600677490234,Group: D,Group: A,Group: D vs Group: A,4,4,Blank_Blank_Blank
[TG(44:3)]_FA16:0,TAG,1058.5000648498535,1006.7200622558594,964.500057220459,1064.5200653076172,1015.2000694274902,995.9200744628906,1051.8200759887695,1044.420078277588,1028.9600715637207,Group: D,Group: A,Group: D vs Group: A,4,4,Blank_Blank_Blank
[TG(44:3)]_FA16:1,TAG,1052.8200721740723,1092.1800727844238,1102.9400825500488,1053.2800788879395,1047.700065612793,1100.9000778198242,1076.3800773620605,1107.0800743103027,1068.0800743103027,Group: D,Group: A,Group: D vs Group: A,4,4,Blank_Blank_Blank
[TG(44:3)]_FA18:0,TAG,981.2200736999512,989.1200637817383,970.4200668334961,1036.840072631836,971.9800682067871,969.0600662231445,968.9000701904297,1002.0200805664062,994.8200721740723,Group: D,Group: A,Group: D vs Group: A,4,4,Blank_Blank_Blank
[TG(44:3)]_FA18:1,TAG,1080.7400856018066,1087.8000717163086,1199.0400733947754,1110.3400764465332,1092.400089263916,1087.9000778198242,1057.2000732421875,1336.2200965881348,1054.520076751709,Group: D,Group: A,Group: D vs Group: A,4,4,Blank_Blank_Blank
[TG(44:3)]_FA18:2,TAG,1189.820083618164,1360.8201026916504,1194.8800735473633,1155.8800773620605,1127.1000862121582,1119.7600746154785,1105.600082397461,1431.500099182129,1109.0400695800781,Group: D,Group: A,Group: D vs Group: A,4,4,Blank_Blank_Blank
[TG(44:3)]_FA18:3,TAG,1194.8600883483887,1198.9200859069824,1167.400089263916,1169.0000801086426,1167.0200805664062,1219.260082244873,1180.1200866699219,1226.6000785827637,1241.4600944519043,Group: D,Group: A,Group: D vs Group: A,4,4,Blank_Blank_Blank
[TG(44:4)]_FA14:0,TAG,973.0000534057617,973.3400650024414,974.1200752258301,983.6800689697266,993.9000625610352,966.820068359375,1012.9600791931152,1024.6600761413574,970.6400680541992,Group: D,Group: A,Group: D vs Group: A,4,4,Blank_Blank_Blank
[TG(44:4)]_FA16:0,TAG,1032.5200729370117,1040.4800720214844,988.9400672912598,1079.0200653076172,990.7400741577148,969.8400726318359,986.0600700378418,983.080078125,969.2800636291504,Group: D,Group: A,Group: D vs Group: A,4,4,Blank_Blank_Blank
[TG(44:4)]_FA16:1,TAG,1112.8600807189941,1094.8000679016113,1058.240062713623,1107.0800819396973,1065.7400741577148,1132.6200790405273,1147.7000770568848,1049.440071105957,1150.1200828552246,Group: D,Group: A,Group: D vs Group: A,4,4,Blank_Blank_Blank
[TG(44:4)]_FA18:0,TAG,971.5800666809082,971.1200675964355,970.120059967041,1076.8800811767578,1040.8000717163086,969.5800666809082,968.9400634765625,1052.440071105957,970.2600593566895,Group: D,Group: A,Group: D vs Group: A,4,4,Blank_Blank_Blank
[TG(44:4)]_FA18:1,TAG,1059.7600746154785,1050.2000732421875,1050.1000747680664,1091.220069885254,1056.7200736999512,1103.9200859069824,1056.640079498291,1075.8200721740723,1083.3000755310059,Group: D,Group: A,Group: D vs Group: A,4,4,Blank_Blank_Blank
[TG(44:4)]_FA18:2,TAG,1181.2800827026367,1249.320083618164,1214.1800918579102,1242.6600875854492,1163.7200813293457,1223.4800834655762,1235.920078277588,1369.1600914001465,1106.8200721740723,Group: D,Group: A,Group: D vs Group: A,4,4,Blank_Blank_Blank
[TG(44:4)]_FA18:3,TAG,1198.740089416504,1167.200080871582,1167.520076751709,1193.9400901794434,1224.0200881958008,1198.8600769042969,1265.0600891113281,1168.440086364746,1206.560073852539,Group: D,Group: A,Group: D vs Group: A,4,4,Blank_Blank_Blank
[TG(44:4)]_FA20:4,TAG,1249.0200805664062,1249.0600929260254,1283.580093383789,1295.7200965881348,1247.1000900268555,1256.740089416504,1276.220085144043,1249.7000923156738,1265.0600967407227,Group: D,Group: A,Group: D vs Group: A,4,4,Blank_Blank_Blank
[TG(44:5)]_FA14:0,TAG,973.440071105957,973.8400726318359,975.3000679016113,1004.8600730895996,977.8200569152832,997.6800804138184,970.6000709533691,1027.180076599121,971.1200714111328,Group: D,Group: A,Group: D vs Group: A,4,4,Blank_Blank_Blank
[TG(44:5)]_FA16:0,TAG,1240.220085144043,1237.4800872802734,1128.4200859069824,1157.6800727844238,1184.9600830078125,1180.3200874328613,1104.6800727844238,1050.7800674438477,1050.04008102417,Group: D,Group: A,Group: D vs Group: A,4,4,Blank_Blank_Blank
[TG(44:5)]_FA16:1,TAG,1055.2400665283203,1078.0800819396973,1068.9400672912598,1053.9600715637207,1047.840072631836,1049.4000625610352,1048.5200653076172,1049.4000625610352,1048.3200645446777,Group: D,Group: A,Group: D vs Group: A,4,4,Blank_Blank_Blank
[TG(44:5)]_FA18:0,TAG,971.9200744628906,994.400074005127,971.3400764465332,985.6400718688965,1045.3600769042969,994.6200714111328,968.020076751709,968.8400726318359,1020.3400650024414,Group: D,Group: A,Group: D vs Group: A,4,4,Blank_Blank_Blank
[TG(44:5)]_FA18:1,TAG,1079.0800743103027,1107.320068359375,1049.380069732666,1055.6800727844238,1087.1000671386719,1054.340072631836,1099.180076599121,1068.5200805664062,1124.880069732666,Group: D,Group: A,Group: D vs Group: A,4,4,Blank_Blank_Blank
[TG(44:5)]_FA18:2,TAG,1283.1200981140137,1178.4400825500488,1103.1000747680664,1133.0200881958008,1205.720085144043,1204.3200798034668,1100.6000709533691,1332.8400993347168,1142.2000846862793,Group: D,Group: A,Group: D vs Group: A,4,4,Blank_Blank_Blank
[TG(44:5)]_FA18:3,TAG,1198.140079498291,1179.0000801086426,1234.5400886535645,1200.4800910949707,1166.2200965881348,1248.900089263916,1165.600082397461,1169.3600807189941,1172.9400749206543,Group: D,Group: A,Group: D vs Group: A,4,4,Blank_Blank_Blank
[TG(44:5)]_FA20:4,TAG,1248.2200889587402,1261.1800918579102,1249.9400749206543,1300.2400970458984,1247.1400909423828,1328.160099029541,1258.3400993347168,1248.1000862121582,1308.2200889587402,Group: D,Group: A,Group: D vs Group: A,4,4,Blank_Blank_Blank
[TG(44:5)]_FA22:5,TAG,1372.9800987243652,1504.8200988769531,1500.0201148986816,1416.9601020812988,1374.9800987243652,1424.9400901794434,1436.8200988769531,1563.9801025390625,1394.6600952148438,Group: D,Group: A,Group: D vs Group: A,4,4,Blank_Blank_Blank
[TG(45:0)]_FA14:0,TAG,1837.240135192871,1215.7000923156738,1887.9201316833496,2001.560157775879,3094.3401832580566,3035.320240020752,3344.5202026367188,2844.380210876465,2348.1001739501953,Group: D,Group: A,Group: D vs Group: A,4,4,Blank_Blank_Blank
[TG(45:0)]_FA16:0,TAG,3320.5402221679688,2627.5201873779297,2991.1801986694336,3407.040256500244,2559.7401695251465,2477.740203857422,3593.260227203369,3450.9601974487305,1338.9200859069824,Group: D,Group: A,Group: D vs Group: A,4,4,Blank_Blank_Blank
[TG(45:0)]_FA18:0,TAG,975.3000755310059,982.4000587463379,1099.8000717163086,1050.4200706481934,990.1800689697266,994.9200706481934,1018.3000679016113,1019.380069732666,1006.2600708007812,Group: D,Group: A,Group: D vs Group: A,4,4,Blank_Blank_Blank
[TG(45:1)]_FA14:0,TAG,1140.9200820922852,1267.840103149414,1443.0600967407227,1139.7200889587402,1383.2200927734375,1247.5800819396973,1409.160083770752,1461.5201110839844,1214.5800857543945,Group: D,Group: A,Group: D vs Group: A,4,4,Blank_Blank_Blank
[TG(45:1)]_FA16:0,TAG,1343.8200912475586,1208.180076599121,1324.7200927734375,1621.2001113891602,1342.2200965881348,1244.54008102417,1213.1200942993164,1382.4400939941406,1114.3600692749023,Group: D,Group: A,Group: D vs Group: A,4,4,Blank_Blank_Blank
[TG(45:1)]_FA16:1,TAG,1290.7600898742676,1539.7401123046875,1750.3001403808594,1524.3401107788086,1214.4600830078125,1602.800121307373,1461.4001007080078,1134.2400817871094,1532.700107574463,Group: D,Group: A,Group: D vs Group: A,4,4,Blank_Blank_Blank
[TG(45:1)]_FA18:0,TAG,970.5200614929199,1068.6000785827637,970.1200637817383,984.660083770752,1024.2400741577148,1014.7000732421875,1008.5600814819336,969.6600685119629,1030.3000717163086,Group: D,Group: A,Group: D vs Group: A,4,4,Blank_Blank_Blank
[TG(45:1)]_FA18:1,TAG,1244.560073852539,1061.5000686645508,1186.8800773620605,1255.9400825500488,1095.8600883483887,1193.9200859069824,1132.560073852539,1168.980079650879,1123.8400917053223,Group: D,Group: A,Group: D vs Group: A,4,4,Blank_Blank_Blank
[TG(45:2)]_FA14:0,TAG,1022.2600708007812,1008.7800750732422,1016.1000671386719,979.3200645446777,1167.500087738037,1086.0600776672363,1195.2000885009766,1037.440071105957,1007.7600784301758,Group: D,Group: A,Group: D vs Group: A,4,4,Blank_Blank_Blank
[TG(45:2)]_FA16:0,TAG,1093.7000846862793,1063.0400733947754,994.0400733947754,1103.900074005127,1222.0800895690918,1043.9400749206543,966.0600662231445,973.5200691223145,999.6800765991211,Group: D,Group: A,Group: D vs Group: A,4,4,Blank_Blank_Blank
[TG(45:2)]_FA16:1,TAG,1198.8600959777832,1172.520076751709,1443.9801139831543,1249.000072479248,1076.8200607299805,1344.1601028442383,1411.4601020812988,1080.2000770568848,1283.6000785827637,Group: D,Group: A,Group: D vs Group: A,4,4,Blank_Blank_Blank
[TG(45:2)]_FA18:0,TAG,970.1600608825684,972.6200714111328,1049.6600723266602,1001.8800735473633,971.0800743103027,988.6400680541992,968.2000770568848,968.9200592041016,999.6000671386719,Group: D,Group: A,Group: D vs Group: A,4,4,Blank_Blank_Blank
[TG(45:2)]_FA18:1,TAG,1176.660083770752,1050.5000762939453,1137.2800788879395,1211.8400802612305,1136.1000747680664,1075.500072479248,1127.8600845336914,1054.6800842285156,1132.3600883483887,Group: D,Group: A,Group: D vs Group: A,4,4,Blank_Blank_Blank
[TG(45:2)]_FA18:2,TAG,1202.0400772094727,1287.3400917053223,1229.300090789795,1087.1800651550293,1219.4800910949707,1087.580078125,1088.3200721740723,1142.4000778198242,1135.700080871582,Group: D,Group: A,Group: D vs Group: A,4,4,Blank_Blank_Blank
[TG(45:3)]_FA14:0,TAG,973.1200714111328,998.0800819396973,975.7200736999512,1008.500072479248,966.9200744628906,1030.4800605773926,971.2800674438477,980.2200736999512,1023.200065612793,Group: D,Group: A,Group: D vs Group: A,4,4,Blank_Blank_Blank
[TG(45:3)]_FA16:0,TAG,1130.4800834655762,1020.1000709533691,1089.420078277588,1005.8400650024414,1062.9200592041016,996.5200691223145,1236.4800910949707,1093.4200744628906,969.1600723266602,Group: D,Group: A,Group: D vs Group: A,4,4,Blank_Blank_Blank
[TG(45:3)]_FA16:1,TAG,1199.5800857543945,1104.8400764465332,1196.9400749206543,1054.8600769042969,1097.1800804138184,1100.8800735473633,1123.3200798034668,1090.600082397461,1093.3000679016113,Group: D,Group: A,Group: D vs Group: A,4,4,Blank_Blank_Blank
[TG(45:3)]_FA18:0,TAG,970.7600746154785,970.7200584411621,970.6200714111328,998.8600807189941,971.8400688171387,969.0600738525391,968.1600761413574,973.0600738525391,1012.0400695800781,Group: D,Group: A,Group: D vs Group: A,4,4,Blank_Blank_Blank
[TG(45:3)]_FA18:1,TAG,1350.200096130371,1117.4200744628906,1142.9000930786133,1080.6800651550293,1227.8000831604004,1139.4000854492188,1085.7000923156738,1181.8000831604004,1256.4200897216797,Group: D,Group: A,Group: D vs Group: A,4,4,Blank_Blank_Blank
[TG(45:3)]_FA18:2,TAG,1163.1000747680664,1143.8600807189941,1205.6400756835938,1110.160083770752,1328.520092010498,1196.8000793457031,1140.04008102417,1300.9000930786133,1151.0000839233398,Group: D,Group: A,Group: D vs Group: A,4,4,Blank_Blank_Blank
[TG(45:3)]_FA18:3,TAG,1167.560073852539,1222.420078277588,1188.2000885009766,1249.5000915527344,1167.9600791931152,1196.6200828552246,1175.54008102417,1178.5000839233398,1172.400074005127,Group: D,Group: A,Group: D vs Group: A,4,4,Blank_Blank_Blank
[TG(45:4)]_FA14:0,TAG,972.9200668334961,974.0200729370117,975.440071105957,999.0600738525391,1025.2800788879395,1030.7200736999512,1031.6800804138184,1039.0000801086426,995.5600700378418,Group: D,Group: A,Group: D vs Group: A,4,4,Blank_Blank_Blank
[TG(45:4)]_FA16:0,TAG,1033.8400650024414,965.5600700378418,1013.140079498291,1059.9600715637207,965.140064239502,969.4000625610352,962.3000679016113,978.900074005127,969.5800628662109,Group: D,Group: A,Group: D vs Group: A,4,4,Blank_Blank_Blank
[TG(45:4)]_FA16:1,TAG,1165.780086517334,1070.6400718688965,1059.440071105957,1185.480079650879,1116.1000671386719,1255.6400871276855,1354.5400924682617,1112.04008102417,1097.3800773620605,Group: D,Group: A,Group: D vs Group: A,4,4,Blank_Blank_Blank
[TG(45:4)]_FA18:0,TAG,970.9200744628906,998.760066986084,1060.480079650879,974.3400688171387,998.140064239502,968.8200721740723,968.7600631713867,969.3800659179688,1008.5200653076172,Group: D,Group: A,Group: D vs Group: A,4,4,Blank_Blank_Blank
[TG(45:4)]_FA18:1,TAG,1054.480068206787,1049.4400672912598,1073.5000762939453,1047.8200721740723,1082.6200790405273,1058.560073852539,1110.2000770568848,1130.2600898742676,1081.6200828552246,Group: D,Group: A,Group: D vs Group: A,4,4,Blank_Blank_Blank
[TG(45:4)]_FA18:2,TAG,1132.3200759887695,1225.8000831604004,1122.820083618164,1087.9800720214844,1176.5400848388672,1104.6400718688965,1088.3400840759277,1143.980068206787,1124.8400840759277,Group: D,Group: A,Group: D vs Group: A,4,4,Blank_Blank_Blank
[TG(45:4)]_FA18:3,TAG,1198.680103302002,1192.9000816345215,1167.12007522583,1198.2600860595703,1162.840087890625,1236.1800727844238,1198.8600807189941,1267.0200958251953,1173.1000900268555,Group: D,Group: A,Group: D vs Group: A,4,4,Blank_Blank_Blank
[TG(45:4)]_FA20:4,TAG,1248.7000885009766,1316.3000869750977,1275.240077972412,1246.800090789795,1246.8000946044922,1364.9600982666016,1258.1400909423828,1272.2400856018066,1259.5600967407227,Group: D,Group: A,Group: D vs Group: A,4,4,Blank_Blank_Blank
[TG(45:5)]_FA14:0,TAG,973.0400657653809,974.0400695800781,974.8400688171387,1019.7600708007812,978.6800689697266,1107.2400703430176,1034.300064086914,1002.0400810241699,969.9200744628906,Group: D,Group: A,Group: D vs Group: A,4,4,Blank_Blank_Blank
[TG(45:5)]_FA16:0,TAG,983.2800598144531,1124.640079498291,1029.9400634765625,1073.980068206787,1043.220069885254,1111.4000816345215,1128.340072631836,1005.6600685119629,1020.7800788879395,Group: D,Group: A,Group: D vs Group: A,4,4,Blank_Blank_Blank
[TG(45:5)]_FA16:1,TAG,1053.1200637817383,1047.280071258545,1046.0600700378418,1054.760066986084,1048.200080871582,1049.4000701904297,1047.9000663757324,1048.1400718688965,1086.400074005127,Group: D,Group: A,Group: D vs Group: A,4,4,Blank_Blank_Blank
[TG(45:5)]_FA18:0,TAG,970.7200698852539,1002.9200744628906,992.9800720214844,973.6000747680664,971.5200576782227,969.4800720214844,968.3200645446777,1002.8600692749023,996.8800735473633,Group: D,Group: A,Group: D vs Group: A,4,4,Blank_Blank_Blank
[TG(45:5)]_FA18:1,TAG,1054.8600769042969,1049.3200759887695,1049.6800804138184,1071.8000831604004,1057.8600769042969,1190.580078125,1058.000072479248,1103.2000846862793,1063.3600845336914,Group: D,Group: A,Group: D vs Group: A,4,4,Blank_Blank_Blank
[TG(45:5)]_FA18:2,TAG,1090.340072631836,1224.920078277588,1219.6600914001465,1141.300090789795,1553.0601081848145,1243.660083770752,1286.7800827026367,1130.2200889587402,1150.000072479248,Group: D,Group: A,Group: D vs Group: A,4,4,Blank_Blank_Blank
[TG(45:5)]_FA18:3,TAG,1178.9200859069824,1166.640079498291,1167.380069732666,1255.1200714111328,1162.9600944519043,1171.0200729370117,1165.9200897216797,1187.220085144043,1186.8000831604004,Group: D,Group: A,Group: D vs Group: A,4,4,Blank_Blank_Blank
[TG(45:5)]_FA20:4,TAG,1320.2400932312012,1250.0000915527344,1269.780086517334,1245.14009475708,1246.7600936889648,1276.5201034545898,1250.500087738037,1258.1400909423828,1261.7000846862793,Group: D,Group: A,Group: D vs Group: A,4,4,Blank_Blank_Blank
[TG(45:5)]_FA22:5,TAG,1485.5001182556152,1384.6200981140137,1425.1201095581055,1402.760082244873,1462.8601036071777,1389.1200904846191,1485.6401023864746,1385.6600952148438,1447.4801025390625,Group: D,Group: A,Group: D vs Group: A,4,4,Blank_Blank_Blank
[TG(46:0)]_FA14:0,TAG,2883.920223236084,2268.7201347351074,2812.980182647705,3248.600242614746,3995.880302429199,4743.680328369141,5879.640419006348,5418.100402832031,2585.4801864624023,Group: D,Group: A,Group: D vs Group: A,4,4,Blank_Blank_Blank
[TG(46:0)]_FA16:0,TAG,7563.140426635742,6886.260444641113,6556.420471191406,8187.480499267578,4616.840316772461,6540.560459136963,8560.800643920898,6891.120544433594,2032.70015335083,Group: D,Group: A,Group: D vs Group: A,4,4,Blank_Blank_Blank
[TG(46:0)]_FA18:0,TAG,1222.7200736999512,1130.9800834655762,1101.4600715637207,1209.400089263916,1055.2000694274902,1035.9800720214844,1056.5800819396973,1084.2000732421875,1183.500087738037,Group: D,Group: A,Group: D vs Group: A,4,4,Blank_Blank_Blank
[TG(46:1)]_FA14:0,TAG,1894.2801322937012,1885.6801414489746,1662.2001113891602,1929.7801513671875,1915.9001197814941,3194.8202323913574,4253.560306549072,3134.540199279785,1299.4600791931152,Group: D,Group: A,Group: D vs Group: A,4,4,Blank_Blank_Blank
[TG(46:1)]_FA16:0,TAG,2202.960178375244,1924.720127105713,2165.4401473999023,2812.240234375,2017.8801574707031,2213.60018157959,3777.7001991271973,3246.7202377319336,1263.440086364746,Group: D,Group: A,Group: D vs Group: A,4,4,Blank_Blank_Blank
[TG(46:1)]_FA16:1,TAG,2047.3601264953613,1982.5601539611816,2339.880172729492,1796.5401229858398,1422.0000953674316,2063.060131072998,3265.100200653076,1715.1001319885254,1823.4601402282715,Group: D,Group: A,Group: D vs Group: A,4,4,Blank_Blank_Blank
[TG(46:1)]_FA18:0,TAG,1008.6400756835938,970.1800727844238,1021.640079498291,1030.5600700378418,995.2400665283203,970.5600624084473,999.2000732421875,968.460075378418,1000.6000556945801,Group: D,Group: A,Group: D vs Group: A,4,4,Blank_Blank_Blank
[TG(46:1)]_FA18:1,TAG,1426.8400955200195,1190.2200813293457,1207.460075378418,1251.2800827026367,1167.1000862121582,1227.8400802612305,1078.3200759887695,1442.2800827026367,1376.7401008605957,Group: D,Group: A,Group: D vs Group: A,4,4,Blank_Blank_Blank
[TG(46:2)]_FA14:0,TAG,1796.7601356506348,1726.980110168457,1497.3201179504395,1746.720142364502,1603.3801231384277,2162.660171508789,2145.520164489746,1974.4001274108887,1209.5800895690918,Group: D,Group: A,Group: D vs Group: A,4,4,Blank_Blank_Blank
[TG(46:2)]_FA16:0,TAG,1135.640079498291,1270.5200881958008,1568.6601066589355,1426.980094909668,1145.4400787353516,980.6800765991211,1508.680118560791,1706.7801055908203,968.8600654602051,Group: D,Group: A,Group: D vs Group: A,4,4,Blank_Blank_Blank
[TG(46:2)]_FA16:1,TAG,1891.300121307373,1846.9801445007324,2082.980152130127,1795.9001274108887,1181.8400917053223,1651.6001167297363,3077.1002349853516,1873.8201484680176,1635.140121459961,Group: D,Group: A,Group: D vs Group: A,4,4,Blank_Blank_Blank
[TG(46:2)]_FA18:0,TAG,970.760066986084,970.7400665283203,1030.9200706481934,1003.5200729370117,1032.0000686645508,968.880069732666,968.4200706481934,968.8000793457031,969.9800758361816,Group: D,Group: A,Group: D vs Group: A,4,4,Blank_Blank_Blank
[TG(46:2)]_FA18:1,TAG,1230.0600852966309,1065.3000755310059,1180.0400772094727,1224.6400871276855,1089.8800811767578,1347.900089263916,1101.3600730895996,1101.8000831604004,1199.3000793457031,Group: D,Group: A,Group: D vs Group: A,4,4,Blank_Blank_Blank
[TG(46:2)]_FA18:2,TAG,1234.2800750732422,1437.7401084899902,1624.460105895996,1160.3000717163086,1358.2400817871094,1334.1800804138184,1237.4400749206543,1756.2001266479492,1116.9400749206543,Group: D,Group: A,Group: D vs Group: A,4,4,Blank_Blank_Blank
[TG(46:3)]_FA14:0,TAG,1021.5800704956055,1112.7000770568848,975.5000762939453,1013.0800666809082,1017.9800720214844,1050.8800811767578,1157.0800743103027,1005.5400695800781,993.0000610351562,Group: D,Group: A,Group: D vs Group: A,4,4,Blank_Blank_Blank
[TG(46:3)]_FA16:0,TAG,1075.5400772094727,1007.1600761413574,1013.6400680541992,1114.2200736999512,973.1000633239746,970.3000755310059,1034.5000762939453,1136.4600677490234,968.5000686645508,Group: D,Group: A,Group: D vs Group: A,4,4,Blank_Blank_Blank
[TG(46:3)]_FA16:1,TAG,1270.5200958251953,1288.7800979614258,1122.6200828552246,1207.6200866699219,1093.0200805664062,1450.60009765625,1419.5601119995117,1151.5800895690918,1312.7600860595703,Group: D,Group: A,Group: D vs Group: A,4,4,Blank_Blank_Blank
[TG(46:3)]_FA18:0,TAG,971.4000625610352,971.2000694274902,969.8000679016113,988.0600776672363,971.1000633239746,1011.7600708007812,981.960075378418,998.3600730895996,970.0600700378418,Group: D,Group: A,Group: D vs Group: A,4,4,Blank_Blank_Blank
[TG(46:3)]_FA18:1,TAG,1188.920093536377,1057.4600677490234,1066.0400657653809,1198.3800735473633,1081.640079498291,1104.5600814819336,1057.6400833129883,1141.5000839233398,1071.1600723266602,Group: D,Group: A,Group: D vs Group: A,4,4,Blank_Blank_Blank
[TG(46:3)]_FA18:2,TAG,1355.340087890625,1260.160083770752,1404.0800895690918,1099.0400733947754,1243.9400787353516,1252.1600875854492,1217.7000846862793,1445.8001022338867,1130.440071105957,Group: D,Group: A,Group: D vs Group: A,4,4,Blank_Blank_Blank
[TG(46:3)]_FA18:3,TAG,1167.8200759887695,1167.7400817871094,1260.4200859069824,1391.9200897216797,1187.6800804138184,1222.8600845336914,1166.440086364746,1180.240077972412,1171.700080871582,Group: D,Group: A,Group: D vs Group: A,4,4,Blank_Blank_Blank
[TG(46:4)]_FA14:0,TAG,973.0000686645508,1003.7600708007812,975.1000785827637,986.1800651550293,967.3000602722168,1013.7800674438477,970.260066986084,993.400074005127,970.400074005127,Group: D,Group: A,Group: D vs Group: A,4,4,Blank_Blank_Blank
[TG(46:4)]_FA16:0,TAG,1074.9200706481934,1121.680076599121,1026.6400756835938,994.2800598144531,1023.2200698852539,1046.9400749206543,960.8000679016113,999.7400703430176,969.5800819396973,Group: D,Group: A,Group: D vs Group: A,4,4,Blank_Blank_Blank
[TG(46:4)]_FA16:1,TAG,1087.2600784301758,1077.1400604248047,1128.3000717163086,1090.2800788879395,1086.4400825500488,1069.0000762939453,1048.8200645446777,1049.1000747680664,1080.2800674438477,Group: D,Group: A,Group: D vs Group: A,4,4,Blank_Blank_Blank
[TG(46:4)]_FA18:0,TAG,969.9600677490234,970.4800682067871,1112.140079498291,974.5400772094727,970.4800643920898,980.1800651550293,968.2200736999512,969.8800735473633,1024.980068206787,Group: D,Group: A,Group: D vs Group: A,4,4,Blank_Blank_Blank
[TG(46:4)]_FA18:1,TAG,1086.460075378418,1075.200080871582,1123.5200805664062,1058.3800621032715,1068.1400756835938,1073.8600692749023,1111.1000862121582,1127.240077972412,1086.3200798034668,Group: D,Group: A,Group: D vs Group: A,4,4,Blank_Blank_Blank
[TG(46:4)]_FA18:2,TAG,1273.2800979614258,1271.1000785827637,1366.2800941467285,1186.8600845336914,1225.7400856018066,1138.940086364746,1122.0200805664062,1513.8601036071777,1174.6200942993164,Group: D,Group: A,Group: D vs Group: A,4,4,Blank_Blank_Blank
[TG(46:4)]_FA18:3,TAG,1217.5600852966309,1167.4400825500488,1203.5400848388672,1322.2800941467285,1194.3000869750977,1171.7200889587402,1165.240077972412,1217.6400833129883,1201.7800750732422,Group: D,Group: A,Group: D vs Group: A,4,4,Blank_Blank_Blank
[TG(46:4)]_FA20:4,TAG,1300.6001014709473,1248.9000854492188,1268.180076599121,1251.5200881958008,1246.9600944519043,1275.8200798034668,1247.3200912475586,1249.0600776672363,1278.6400871276855,Group: D,Group: A,Group: D vs Group: A,4,4,Blank_Blank_Blank
[TG(46:5)]_FA14:0,TAG,973.4000663757324,972.940071105957,974.5600738525391,973.1400680541992,966.7400665283203,979.5600662231445,983.0800704956055,979.740062713623,976.6600761413574,Group: D,Group: A,Group: D vs Group: A,4,4,Blank_Blank_Blank
[TG(46:5)]_FA16:0,TAG,1065.480079650879,1233.6000747680664,1059.62007522583,1106.0200805664062,999.6200752258301,1052.7800788879395,994.0600662231445,1056.9400749206543,969.2600708007812,Group: D,Group: A,Group: D vs Group: A,4,4,Blank_Blank_Blank
[TG(46:5)]_FA16:1,TAG,1052.62007522583,1099.2600708007812,1080.5400772094727,1053.1800651550293,1053.2200736999512,1048.7000694274902,1048.8000602722168,1049.740077972412,1062.080062866211,Group: D,Group: A,Group: D vs Group: A,4,4,Blank_Blank_Blank
[TG(46:5)]_FA18:0,TAG,1008.2400741577148,971.4400749206543,1001.5600662231445,1025.1800689697266,971.3800621032715,969.5600700378418,989.1800689697266,1015.9200820922852,969.4000625610352,Group: D,Group: A,Group: D vs Group: A,4,4,Blank_Blank_Blank
[TG(46:5)]_FA18:1,TAG,1195.6200981140137,1118.440086364746,1208.6200904846191,1094.420078277588,1055.7400703430176,1068.6200714111328,1136.8600883483887,1135.1600761413574,1060.0800704956055,Group: D,Group: A,Group: D vs Group: A,4,4,Blank_Blank_Blank
[TG(46:5)]_FA18:2,TAG,1351.800106048584,1585.2601051330566,1379.860107421875,1325.280086517334,1216.1600799560547,1221.0000839233398,1150.3000831604004,1446.380111694336,1097.140079498291,Group: D,Group: A,Group: D vs Group: A,4,4,Blank_Blank_Blank
[TG(46:5)]_FA18:3,TAG,1209.4600944519043,1166.8600883483887,1167.6200828552246,1192.6400833129883,1162.9600868225098,1211.160083770752,1223.9600944519043,1168.760082244873,1173.6400833129883,Group: D,Group: A,Group: D vs Group: A,4,4,Blank_Blank_Blank
[TG(46:5)]_FA20:4,TAG,1281.4000930786133,1313.2800979614258,1250.7600898742676,1245.2400817871094,1247.4400939941406,1273.5200843811035,1247.6600914001465,1248.8600883483887,1247.8400840759277,Group: D,Group: A,Group: D vs Group: A,4,4,Blank_Blank_Blank
[TG(46:5)]_FA22:5,TAG,1373.5801010131836,1417.420108795166,1468.8600997924805,1455.020092010498,1457.600112915039,1494.7801055908203,1374.9000968933105,1386.0800971984863,1434.2601127624512,Group: D,Group: A,Group: D vs Group: A,4,4,Blank_Blank_Blank
[TG(46:6)]_FA14:0,TAG,1123.5200843811035,1128.780086517334,1101.1600799560547,1106.9800834655762,1160.0200729370117,1005.080078125,1090.8200759887695,1135.920078277588,1113.8200645446777,Group: D,Group: A,Group: D vs Group: A,4,4,Blank_Blank_Blank
[TG(46:6)]_FA16:0,TAG,1888.9001197814941,1853.880126953125,1742.1201400756836,2109.5201416015625,1383.480094909668,1602.6401100158691,1864.8601379394531,1666.3801155090332,1036.5200805664062,Group: D,Group: A,Group: D vs Group: A,4,4,Blank_Blank_Blank
[TG(46:6)]_FA16:1,TAG,1052.2800750732422,1055.5200691223145,1046.1600646972656,1065.2400741577148,1047.0400695800781,1119.3000831604004,1048.2800750732422,1049.2000694274902,1075.0400772094727,Group: D,Group: A,Group: D vs Group: A,4,4,Blank_Blank_Blank
[TG(46:6)]_FA18:0,TAG,1108.2600746154785,1351.740104675293,1401.5000953674316,1308.4200973510742,1253.9400939941406,1140.3200912475586,1275.0000801086426,1162.3800811767578,1432.7001037597656,Group: D,Group: A,Group: D vs Group: A,4,4,Blank_Blank_Blank
[TG(46:6)]_FA18:1,TAG,1142.760082244873,1073.740077972412,1103.1000747680664,1066.000072479248,1061.8800811767578,1065.6600761413574,1067.480079650879,1094.4800758361816,1090.8000793457031,Group: D,Group: A,Group: D vs Group: A,4,4,Blank_Blank_Blank
[TG(46:6)]_FA18:2,TAG,1254.7800903320312,1201.180076599121,1213.5000839233398,1252.8400840759277,1145.2000694274902,1225.8000717163086,1186.4400749206543,1395.6201057434082,1326.900089263916,Group: D,Group: A,Group: D vs Group: A,4,4,Blank_Blank_Blank
[TG(46:6)]_FA18:3,TAG,1166.980079650879,1167.0800743103027,1168.3000755310059,1203.62007522583,1211.940086364746,1176.500072479248,1185.3200874328613,1190.6000862121582,1171.3800773620605,Group: D,Group: A,Group: D vs Group: A,4,4,Blank_Blank_Blank
[TG(46:6)]_FA20:4,TAG,1274.6000862121582,1248.5400772094727,1300.2000885009766,1278.3800926208496,1247.0400924682617,1314.840087890625,1267.3200874328613,1256.240077972412,1247.7800827026367,Group: D,Group: A,Group: D vs Group: A,4,4,Blank_Blank_Blank
[TG(46:6)]_FA22:5,TAG,1391.8000984191895,1375.1400871276855,1407.8800811767578,1378.8400840759277,1405.2601051330566,1378.180103302002,1374.5801086425781,1414.7001113891602,1481.7601013183594,Group: D,Group: A,Group: D vs Group: A,4,4,Blank_Blank_Blank
[TG(46:6)]_FA22:6,TAG,1606.9601135253906,1636.3000984191895,1582.0801086425781,1499.960105895996,1693.8801193237305,1498.0800971984863,1722.0601387023926,1518.1001167297363,1540.960117340088,Group: D,Group: A,Group: D vs Group: A,4,4,Blank_Blank_Blank
[TG(47:2)]_FA14:0,TAG,1142.240089416504,1065.580078125,1072.980079650879,1148.980079650879,1242.4000968933105,1246.5000953674316,1428.120101928711,1323.900089263916,1094.7600860595703,Group: D,Group: A,Group: D vs Group: A,4,4,Blank_Blank_Blank
[TG(47:2)]_FA16:0,TAG,1162.1600799560547,1385.8200950622559,1184.0600929260254,1212.3600807189941,1176.9400787353516,1187.6400680541992,1255.7400817871094,1276.220085144043,969.0400657653809,Group: D,Group: A,Group: D vs Group: A,4,4,Blank_Blank_Blank
[TG(47:2)]_FA16:1,TAG,1951.8401374816895,1476.2801094055176,1745.6601295471191,1743.560131072998,1134.9600830078125,2185.1401405334473,1528.0600929260254,1269.5200958251953,1840.58012008667,Group: D,Group: A,Group: D vs Group: A,4,4,Blank_Blank_Blank
[TG(47:2)]_FA18:0,TAG,998.3400726318359,983.9600639343262,970.5000686645508,973.4800682067871,970.700065612793,970.1000709533691,977.2000732421875,969.380069732666,968.820068359375,Group: D,Group: A,Group: D vs Group: A,4,4,Blank_Blank_Blank
[TG(47:2)]_FA18:1,TAG,1244.460075378418,1087.8600692749023,1236.6800956726074,1259.8600883483887,1152.4000854492188,1293.9000930786133,1181.9400825500488,1122.7200775146484,1307.0200805664062,Group: D,Group: A,Group: D vs Group: A,4,4,Blank_Blank_Blank
[TG(47:2)]_FA18:2,TAG,1406.0401039123535,1265.5200958251953,1235.7400856018066,1121.4600830078125,1231.8000946044922,1199.3000793457031,1119.3200798034668,1286.6600952148438,1181.700080871582,Group: D,Group: A,Group: D vs Group: A,4,4,Blank_Blank_Blank
[TG(47:3)]_FA14:0,TAG,984.9000778198242,992.9800682067871,992.8400764465332,981.9400749206543,1072.2400741577148,973.9600601196289,1040.9400749206543,969.5800666809082,1013.7400665283203,Group: D,Group: A,Group: D vs Group: A,4,4,Blank_Blank_Blank
[TG(47:3)]_FA16:0,TAG,965.6000747680664,989.0200614929199,1016.200065612793,1000.460075378418,1013.400074005127,1004.460075378418,980.5200729370117,963.3200645446777,1019.880069732666,Group: D,Group: A,Group: D vs Group: A,4,4,Blank_Blank_Blank
[TG(47:3)]_FA16:1,TAG,1262.920093536377,1112.500072479248,1271.8000869750977,1228.5200996398926,1086.5200805664062,1303.5400886535645,1319.3400840759277,1133.4000778198242,1225.7600860595703,Group: D,Group: A,Group: D vs Group: A,4,4,Blank_Blank_Blank
[TG(47:3)]_FA18:0,TAG,971.3200645446777,971.6400718688965,971.820068359375,991.3000755310059,996.6200675964355,975.4800720214844,999.940071105957,1003.3600616455078,997.4200630187988,Group: D,Group: A,Group: D vs Group: A,4,4,Blank_Blank_Blank
[TG(47:3)]_FA18:1,TAG,1056.440071105957,1060.980079650879,1049.0600776672363,1124.900074005127,1112.0400772094727,1080.2600708007812,1067.1800727844238,1103.6400680541992,1136.2200736999512,Group: D,Group: A,Group: D vs Group: A,4,4,Blank_Blank_Blank
[TG(47:3)]_FA18:2,TAG,1302.4800872802734,1261.6200866699219,1389.6800956726074,1090.1800727844238,1325.8800926208496,1119.6400756835938,1133.220085144043,1369.8600959777832,1149.7200813293457,Group: D,Group: A,Group: D vs Group: A,4,4,Blank_Blank_Blank
[TG(47:3)]_FA18:3,TAG,1195.8200950622559,1167.2000732421875,1168.3000869750977,1197.3400802612305,1163.5800743103027,1172.1200637817383,1264.7800979614258,1170.060073852539,1209.6000785827637,Group: D,Group: A,Group: D vs Group: A,4,4,Blank_Blank_Blank
[TG(47:4)]_FA14:0,TAG,974.4600791931152,974.3400688171387,975.1400756835938,973.5200691223145,966.5600662231445,967.8400802612305,982.500072479248,1062.8200759887695,975.5800743103027,Group: D,Group: A,Group: D vs Group: A,4,4,Blank_Blank_Blank
[TG(47:4)]_FA16:0,TAG,1025.580062866211,985.1600685119629,1026.200065612793,1026.1000747680664,979.5000648498535,970.4200706481934,1023.4200706481934,990.140064239502,968.2800636291504,Group: D,Group: A,Group: D vs Group: A,4,4,Blank_Blank_Blank
[TG(47:4)]_FA16:1,TAG,1059.1000709533691,1047.4000663757324,1120.760082244873,1053.8000602722168,1047.9400749206543,1065.900074005127,1047.8200721740723,1049.5200805664062,1047.62007522583,Group: D,Group: A,Group: D vs Group: A,4,4,Blank_Blank_Blank
[TG(47:4)]_FA18:0,TAG,971.1400718688965,1012.4200553894043,970.5000762939453,974.8000640869141,971.0200653076172,969.3400688171387,1003.8200759887695,969.3600769042969,970.0800628662109,Group: D,Group: A,Group: D vs Group: A,4,4,Blank_Blank_Blank
[TG(47:4)]_FA18:1,TAG,1084.5600814819336,1081.5200691223145,1053.520076751709,1047.5000686645508,1056.5000762939453,1181.2800827026367,1056.6800727844238,1066.740077972412,1064.3400764465332,Group: D,Group: A,Group: D vs Group: A,4,4,Blank_Blank_Blank
[TG(47:4)]_FA18:2,TAG,1273.520092010498,1187.2800788879395,1231.4800872802734,1222.2800903320312,1198.420078277588,1257.0600929260254,1101.7600784301758,1243.8800773620605,1179.5000762939453,Group: D,Group: A,Group: D vs Group: A,4,4,Blank_Blank_Blank
[TG(47:4)]_FA18:3,TAG,1168.1400756835938,1167.1400833129883,1243.4401016235352,1357.2400932312012,1204.260082244873,1270.260082244873,1251.8600769042969,1181.5000762939453,1220.8800773620605,Group: D,Group: A,Group: D vs Group: A,4,4,Blank_Blank_Blank
[TG(47:4)]_FA20:4,TAG,1247.260082244873,1249.5600814819336,1249.6000900268555,1246.2600898742676,1269.920093536377,1285.1800842285156,1248.280086517334,1276.6600914001465,1256.0600929260254,Group: D,Group: A,Group: D vs Group: A,4,4,Blank_Blank_Blank
[TG(47:5)]_FA14:0,TAG,972.6000671386719,977.760082244873,1006.5400733947754,1016.1000747680664,967.8800582885742,966.9400749206543,970.4000701904297,1006.1600646972656,993.5600776672363,Group: D,Group: A,Group: D vs Group: A,4,4,Blank_Blank_Blank
[TG(47:5)]_FA16:0,TAG,1037.4200744628906,1077.5000801086426,989.9600715637207,1176.2800788879395,1014.2400817871094,1055.820083618164,1042.2000617980957,1220.9400901794434,996.240062713623,Group: D,Group: A,Group: D vs Group: A,4,4,Blank_Blank_Blank
[TG(47:5)]_FA16:1,TAG,1086.0400772094727,1068.200065612793,1046.7400703430176,1074.6400756835938,1047.3600692749023,1068.460090637207,1048.3000793457031,1050.0800857543945,1047.4800758361816,Group: D,Group: A,Group: D vs Group: A,4,4,Blank_Blank_Blank
[TG(47:5)]_FA18:0,TAG,981.6800727844238,984.8400650024414,992.7000694274902,974.6000671386719,970.880069732666,984.9800758361816,1003.4400749206543,1014.740062713623,969.8000679016113,Group: D,Group: A,Group: D vs Group: A,4,4,Blank_Blank_Blank
[TG(47:5)]_FA18:1,TAG,1085.3800735473633,1049.080062866211,1070.0000762939453,1047.7000694274902,1056.5600700378418,1088.3600769042969,1079.0800666809082,1055.1400680541992,1073.0800743103027,Group: D,Group: A,Group: D vs Group: A,4,4,Blank_Blank_Blank
[TG(47:5)]_FA18:2,TAG,1289.5000915527344,1207.9200820922852,1420.0001068115234,1230.54008102417,1159.5200843811035,1227.260097503662,1093.7000770568848,1167.600082397461,1087.9600677490234,Group: D,Group: A,Group: D vs Group: A,4,4,Blank_Blank_Blank
[TG(47:5)]_FA18:3,TAG,1232.5600852966309,1192.2000846862793,1169.0400924682617,1317.8000793457031,1169.7800788879395,1186.04008102417,1195.5600891113281,1168.9000854492188,1171.5000648498535,Group: D,Group: A,Group: D vs Group: A,4,4,Blank_Blank_Blank
[TG(47:5)]_FA20:4,TAG,1248.0400848388672,1250.0800895690918,1249.720085144043,1245.2600936889648,1247.9600868225098,1246.9800910949707,1270.440097808838,1276.1200942993164,1348.7000885009766,Group: D,Group: A,Group: D vs Group: A,4,4,Blank_Blank_Blank
[TG(47:5)]_FA22:5,TAG,1406.4201049804688,1386.2200965881348,1375.8800964355469,1382.6600952148438,1539.220100402832,1389.4000854492188,1432.1400985717773,1376.5800895690918,1390.1200981140137,Group: D,Group: A,Group: D vs Group: A,4,4,Blank_Blank_Blank
[TG(47:6)]_FA14:0,TAG,1031.0600700378418,1100.700080871582,1074.8000717163086,1141.1200828552246,1193.2200889587402,1096.5800704956055,1220.2000732421875,1227.2400856018066,1162.2000732421875,Group: D,Group: A,Group: D vs Group: A,4,4,Blank_Blank_Blank
[TG(47:6)]_FA16:0,TAG,1380.0801048278809,1518.6401100158691,1278.4000930786133,1411.8801040649414,1108.980079650879,1141.1400756835938,1726.3201293945312,1577.9001159667969,1021.1800727844238,Group: D,Group: A,Group: D vs Group: A,4,4,Blank_Blank_Blank
[TG(47:6)]_FA16:1,TAG,1052.8200721740723,1080.180076599121,1082.8800811767578,1073.4600791931152,1047.9400749206543,1049.8200721740723,1047.820068359375,1049.7800750732422,1046.8000679016113,Group: D,Group: A,Group: D vs Group: A,4,4,Blank_Blank_Blank
[TG(47:6)]_FA18:0,TAG,1030.160083770752,1128.860092163086,1111.960075378418,1029.8400688171387,1034.62007522583,970.2800712585449,1004.9200706481934,1079.4200744628906,1028.6800727844238,Group: D,Group: A,Group: D vs Group: A,4,4,Blank_Blank_Blank
[TG(47:6)]_FA18:1,TAG,1112.9800872802734,1064.780071258545,1092.720069885254,1095.6600799560547,1056.4400787353516,1055.0200805664062,1056.8200759887695,1089.5000839233398,1053.6000747680664,Group: D,Group: A,Group: D vs Group: A,4,4,Blank_Blank_Blank
[TG(47:6)]_FA18:2,TAG,1333.500099182129,1089.3800659179688,1090.2600784301758,1158.1800804138184,1124.1000633239746,1163.9800872802734,1087.8600730895996,1236.440086364746,1087.3200759887695,Group: D,Group: A,Group: D vs Group: A,4,4,Blank_Blank_Blank
[TG(47:6)]_FA18:3,TAG,1215.5200881958008,1216.7800788879395,1167.660083770752,1189.020076751709,1163.7400856018066,1225.4600868225098,1174.260082244873,1168.6200790405273,1177.1200866699219,Group: D,Group: A,Group: D vs Group: A,4,4,Blank_Blank_Blank
[TG(47:6)]_FA20:4,TAG,1248.1400871276855,1249.200080871582,1332.000087738037,1276.5400886535645,1247.0601043701172,1246.6200790405273,1247.600082397461,1287.8000869750977,1293.6600875854492,Group: D,Group: A,Group: D vs Group: A,4,4,Blank_Blank_Blank
[TG(47:6)]_FA22:5,TAG,1374.5800895690918,1423.9400901794434,1454.300106048584,1401.420093536377,1466.8001022338867,1408.8600845336914,1401.5800971984863,1404.4601020812988,1443.2400932312012,Group: D,Group: A,Group: D vs Group: A,4,4,Blank_Blank_Blank
[TG(47:6)]_FA22:6,TAG,1515.7401084899902,1568.0401153564453,1539.8401069641113,1503.6801147460938,1552.8001098632812,1572.7600936889648,1513.6601028442383,1577.9601135253906,1588.1001091003418,Group: D,Group: A,Group: D vs Group: A,4,4,Blank_Blank_Blank
[TG(48:2)]_FA14:0,TAG,5459.820495605469,9485.300769805908,6975.460433959961,4377.140243530273,1836.1001243591309,13892.76107788086,10859.52061843872,5946.840461730957,1224.720100402832,Group: D,Group: A,Group: D vs Group: A,4,4,Blank_Blank_Blank
[TG(48:2)]_FA16:0,TAG,3695.68025970459,2944.1602516174316,3046.620162963867,3473.820266723633,4337.420352935791,3511.3002738952637,33456.46214675903,6399.400413513184,1111.0400733947754,Group: D,Group: A,Group: D vs Group: A,4,4,Blank_Blank_Blank
[TG(48:2)]_FA16:1,TAG,8885.380828857422,7410.46040725708,7363.500427246094,4389.540374755859,3510.1801719665527,8212.54044342041,40625.843002319336,8250.00033569336,2193.240165710449,Group: D,Group: A,Group: D vs Group: A,4,4,Blank_Blank_Blank
[TG(48:2)]_FA18:0,TAG,982.6400756835938,1030.9600639343262,1030.4800643920898,1015.5400657653809,970.9200744628906,969.0400657653809,988.8600692749023,996.5000648498535,999.1200714111328,Group: D,Group: A,Group: D vs Group: A,4,4,Blank_Blank_Blank
[TG(48:2)]_FA18:1,TAG,2251.280158996582,1405.9400939941406,1475.8401145935059,1658.100112915039,1161.6600799560547,1421.9201126098633,2931.460189819336,4409.440273284912,1368.4601097106934,Group: D,Group: A,Group: D vs Group: A,4,4,Blank_Blank_Blank
[TG(48:2)]_FA18:2,TAG,4351.720314025879,5392.080417633057,4703.38041305542,1739.7001113891602,3441.84024810791,3275.080192565918,4360.560340881348,6293.460559844971,1327.540096282959,Group: D,Group: A,Group: D vs Group: A,4,4,Blank_Blank_Blank
[TG(48:3)]_FA14:0,TAG,2180.5601539611816,3545.0202713012695,3048.420177459717,2121.0401649475098,1912.3001098632812,4140.300243377686,3702.9202156066895,2403.2801208496094,970.9200592041016,Group: D,Group: A,Group: D vs Group: A,4,4,Blank_Blank_Blank
[TG(48:3)]_FA16:0,TAG,1150.080078125,1091.7800750732422,1301.3400917053223,1185.4000816345215,1281.5000953674316,1776.500144958496,2592.400177001953,1308.4400825500488,969.0000610351562,Group: D,Group: A,Group: D vs Group: A,4,4,Blank_Blank_Blank
[TG(48:3)]_FA16:1,TAG,3175.560256958008,3438.840286254883,3698.1002197265625,2430.9401817321777,2162.3601608276367,2755.2002296447754,17075.841064453125,3421.560230255127,1453.8200912475586,Group: D,Group: A,Group: D vs Group: A,4,4,Blank_Blank_Blank
[TG(48:3)]_FA18:0,TAG,1018.1200714111328,971.4600677490234,970.5600662231445,973.5400657653809,971.2800674438477,969.6000633239746,968.0800666809082,968.1600723266602,969.6400718688965,Group: D,Group: A,Group: D vs Group: A,4,4,Blank_Blank_Blank
[TG(48:3)]_FA18:1,TAG,1134.4800758361816,1110.9600791931152,1287.8600997924805,1237.6800804138184,1138.9200744628906,1215.9401054382324,1056.5200805664062,1397.7201042175293,1191.6000900268555,Group: D,Group: A,Group: D vs Group: A,4,4,Blank_Blank_Blank
[TG(48:3)]_FA18:2,TAG,2723.6801834106445,2668.0802040100098,2921.000259399414,1178.3000679016113,2145.820167541504,1962.1201095581055,3010.3801918029785,4680.600288391113,1147.1600761413574,Group: D,Group: A,Group: D vs Group: A,4,4,Blank_Blank_Blank
[TG(48:3)]_FA18:3,TAG,1251.380084991455,1203.5000801086426,1235.6800804138184,1474.220100402832,1177.1800842285156,1352.3000869750977,1265.7200927734375,1368.6401062011719,1192.5400772094727,Group: D,Group: A,Group: D vs Group: A,4,4,Blank_Blank_Blank
[TG(48:4)]_FA14:0,TAG,1114.8600769042969,1166.3600845336914,1098.0600891113281,1127.7000846862793,1297.320083618164,1182.180088043213,1089.2000770568848,1049.4800720214844,971.3000717163086,Group: D,Group: A,Group: D vs Group: A,4,4,Blank_Blank_Blank
[TG(48:4)]_FA16:0,TAG,1070.2600860595703,1111.2800827026367,1047.5000762939453,978.3400611877441,983.380069732666,1067.7200736999512,1299.7800788879395,1006.7400703430176,969.3000602722168,Group: D,Group: A,Group: D vs Group: A,4,4,Blank_Blank_Blank
[TG(48:4)]_FA16:1,TAG,1122.3400764465332,1230.720100402832,1386.2001113891602,1314.6800956726074,1097.7200660705566,1156.600082397461,1638.0001029968262,1170.4000930786133,1121.220085144043,Group: D,Group: A,Group: D vs Group: A,4,4,Blank_Blank_Blank
[TG(48:4)]_FA18:0,TAG,988.0400657653809,970.5400695800781,970.2600746154785,1004.0000686645508,1016.6400718688965,969.3400688171387,969.0400619506836,999.2200622558594,970.1200752258301,Group: D,Group: A,Group: D vs Group: A,4,4,Blank_Blank_Blank
[TG(48:4)]_FA18:1,TAG,1074.6400756835938,1049.5800666809082,1048.840072631836,1069.9800758361816,1075.54008102417,1091.5400733947754,1148.4400825500488,1153.7800827026367,1107.8800773620605,Group: D,Group: A,Group: D vs Group: A,4,4,Blank_Blank_Blank
[TG(48:4)]_FA18:2,TAG,1501.4601097106934,1350.7200813293457,1566.460117340088,1144.1400756835938,1330.1000862121582,1265.6400909423828,1337.6400909423828,1938.000129699707,1143.420078277588,Group: D,Group: A,Group: D vs Group: A,4,4,Blank_Blank_Blank
[TG(48:4)]_FA18:3,TAG,1167.3200721740723,1166.7600784301758,1224.0200729370117,1382.9200973510742,1161.2800827026367,1240.700080871582,1369.3600959777832,1221.1000900268555,1171.4200859069824,Group: D,Group: A,Group: D vs Group: A,4,4,Blank_Blank_Blank
[TG(48:4)]_FA20:4,TAG,1261.1400871276855,1248.9200859069824,1250.4400901794434,1333.8200988769531,1246.1600799560547,1269.8600883483887,1253.7200965881348,1269.0000915527344,1273.3001022338867,Group: D,Group: A,Group: D vs Group: A,4,4,Blank_Blank_Blank
[TG(48:5)]_FA14:0,TAG,992.120059967041,997.6000671386719,1039.5000839233398,1016.6000785827637,993.8000793457031,1115.2400817871094,1066.8200759887695,1045.5800704956055,1010.9400787353516,Group: D,Group: A,Group: D vs Group: A,4,4,Blank_Blank_Blank
[TG(48:5)]_FA16:0,TAG,1130.4400787353516,1053.9800720214844,978.0800666809082,992.0400810241699,1071.1600723266602,984.4800682067871,1082.9600830078125,1034.1400718688965,980.2800712585449,Group: D,Group: A,Group: D vs Group: A,4,4,Blank_Blank_Blank
[TG(48:5)]_FA16:1,TAG,1051.9200706481934,1050.680061340332,1171.4400825500488,1107.1600799560547,1046.860065460205,1067.6200714111328,1063.7600631713867,1110.0000686645508,1047.0200691223145,Group: D,Group: A,Group: D vs Group: A,4,4,Blank_Blank_Blank
[TG(48:5)]_FA18:0,TAG,970.7200660705566,989.5200691223145,970.8400650024414,974.2200660705566,971.7400665283203,968.6200675964355,979.0000686645508,969.6400718688965,984.5600624084473,Group: D,Group: A,Group: D vs Group: A,4,4,Blank_Blank_Blank
[TG(48:5)]_FA18:1,TAG,1079.6000709533691,1049.5600776672363,1103.5400848388672,1048.200065612793,1141.7000732421875,1094.6000709533691,1075.0400733947754,1105.3400802612305,1152.0000839233398,Group: D,Group: A,Group: D vs Group: A,4,4,Blank_Blank_Blank
[TG(48:5)]_FA18:2,TAG,1201.200096130371,1215.6000671386719,1155.6800689697266,1234.2000923156738,1152.7800788879395,1167.3000831604004,1102.600082397461,1136.2800903320312,1155.2800788879395,Group: D,Group: A,Group: D vs Group: A,4,4,Blank_Blank_Blank
[TG(48:5)]_FA18:3,TAG,1224.1400985717773,1167.1000709533691,1168.0400772094727,1267.440086364746,1176.4200859069824,1277.8600845336914,1165.2400932312012,1187.8200874328613,1172.4400825500488,Group: D,Group: A,Group: D vs Group: A,4,4,Blank_Blank_Blank
[TG(48:5)]_FA20:4,TAG,1247.5600929260254,1308.4200973510742,1249.6000862121582,1245.3600959777832,1293.300090789795,1278.3200874328613,1247.980079650879,1249.000087738037,1246.7600784301758,Group: D,Group: A,Group: D vs Group: A,4,4,Blank_Blank_Blank
[TG(48:5)]_FA22:5,TAG,1467.8601112365723,1440.0201034545898,1490.6801071166992,1498.6800918579102,1482.0201034545898,1618.0001068115234,1415.4201011657715,1393.800090789795,1456.680103302002,Group: D,Group: A,Group: D vs Group: A,4,4,Blank_Blank_Blank
[TG(48:6)]_FA14:0,TAG,1050.2000732421875,1035.6600761413574,1120.7000770568848,989.8000679016113,1120.8000755310059,1147.920078277588,1071.260066986084,1153.1800804138184,1016.6200637817383,Group: D,Group: A,Group: D vs Group: A,4,4,Blank_Blank_Blank
[TG(48:6)]_FA16:0,TAG,1273.3200912475586,1378.2200889587402,1523.3001098632812,1563.020107269287,1235.7400856018066,1129.9400749206543,1460.8800964355469,1513.1200942993164,1207.1200828552246,Group: D,Group: A,Group: D vs Group: A,4,4,Blank_Blank_Blank
[TG(48:6)]_FA16:1,TAG,1050.820083618164,1047.320068359375,1096.5600776672363,1108.4800605773926,1047.8600769042969,1098.2000694274902,1065.9200630187988,1048.2800827026367,1047.6600723266602,Group: D,Group: A,Group: D vs Group: A,4,4,Blank_Blank_Blank
[TG(48:6)]_FA18:0,TAG,1045.8800735473633,1194.3400802612305,1107.980079650879,1182.4000816345215,1026.2600708007812,988.4800720214844,1036.9000854492188,1167.3600845336914,1078.7000732421875,Group: D,Group: A,Group: D vs Group: A,4,4,Blank_Blank_Blank
[TG(48:6)]_FA18:1,TAG,1207.6200981140137,1049.5600700378418,1135.4600868225098,1076.340072631836,1057.2600746154785,1054.0400772094727,1057.0600891113281,1056.600082397461,1139.5200805664062,Group: D,Group: A,Group: D vs Group: A,4,4,Blank_Blank_Blank
[TG(48:6)]_FA18:2,TAG,1088.9800720214844,1124.100082397461,1149.8200912475586,1099.900074005127,1166.360092163086,1185.0600929260254,1143.220069885254,1295.6001014709473,1087.0000686645508,Group: D,Group: A,Group: D vs Group: A,4,4,Blank_Blank_Blank
[TG(48:6)]_FA18:3,TAG,1172.380084991455,1166.820083618164,1180.700080871582,1169.7000846862793,1207.6000785827637,1171.9600868225098,1165.860092163086,1169.240077972412,1172.9400787353516,Group: D,Group: A,Group: D vs Group: A,4,4,Blank_Blank_Blank
[TG(48:6)]_FA20:4,TAG,1287.3000984191895,1280.940097808838,1250.5600814819336,1246.3000869750977,1246.5800895690918,1247.2000770568848,1248.9200820922852,1248.2600936889648,1281.3800926208496,Group: D,Group: A,Group: D vs Group: A,4,4,Blank_Blank_Blank
[TG(48:6)]_FA22:5,TAG,1483.000114440918,1394.0401000976562,1376.500099182129,1378.8600845336914,1380.5401039123535,1422.4601020812988,1512.1401100158691,1409.580093383789,1399.340103149414,Group: D,Group: A,Group: D vs Group: A,4,4,Blank_Blank_Blank
[TG(48:6)]_FA22:6,TAG,1576.7601165771484,1603.6001167297363,1612.4201126098633,1537.7401008605957,1818.240135192871,1498.760108947754,1624.1201133728027,1765.7401313781738,1560.180118560791,Group: D,Group: A,Group: D vs Group: A,4,4,Blank_Blank_Blank
"[TG(48:7),TG(47:0)]_FA14:0",TAG,1522.0801124572754,1290.1800994873047,1598.9801177978516,1448.1601028442383,2038.220142364502,2325.1801719665527,1936.460163116455,2248.940143585205,1628.8001174926758,Group: D,Group: A,Group: D vs Group: A,4,4,Blank_Blank_Blank
"[TG(48:7),TG(47:0)]_FA16:0",TAG,5371.460418701172,5398.880401611328,5204.100379943848,5922.900421142578,4290.46028137207,4646.640338897705,6315.920486450195,6651.880462646484,1824.7801399230957,Group: D,Group: A,Group: D vs Group: A,4,4,Blank_Blank_Blank
"[TG(48:7),TG(47:0)]_FA16:1",TAG,1170.400089263916,1052.7200736999512,1074.3800659179688,1137.9000816345215,1047.7200813293457,1074.420066833496,1141.04008102417,1079.580078125,1121.2600746154785,Group: D,Group: A,Group: D vs Group: A,4,4,Blank_Blank_Blank
"[TG(48:7),TG(47:0)]_FA18:0",TAG,1077.0400772094727,1092.720069885254,1075.7800750732422,1207.0000915527344,1019.5200729370117,1033.8600730895996,1029.3600730895996,1049.2800636291504,1083.1000900268555,Group: D,Group: A,Group: D vs Group: A,4,4,Blank_Blank_Blank
"[TG(48:7),TG(47:0)]_FA18:1",TAG,1059.3000831604004,1049.4200744628906,1089.8200759887695,1094.060073852539,1134.0200805664062,1246.5800819396973,1056.940086364746,1215.080093383789,1220.1800804138184,Group: D,Group: A,Group: D vs Group: A,4,4,Blank_Blank_Blank
"[TG(48:7),TG(47:0)]_FA18:2",TAG,1217.2800788879395,1158.2800788879395,1250.520092010498,1088.7000732421875,1128.1400718688965,1197.9000854492188,1088.1400718688965,1209.180088043213,1153.720069885254,Group: D,Group: A,Group: D vs Group: A,4,4,Blank_Blank_Blank
"[TG(48:7),TG(47:0)]_FA18:3",TAG,1177.3400802612305,1167.9800834655762,1167.6200828552246,1213.8600807189941,1162.8600845336914,1170.9000701904297,1233.9600944519043,1186.8000793457031,1171.3800735473633,Group: D,Group: A,Group: D vs Group: A,4,4,Blank_Blank_Blank
"[TG(48:7),TG(47:0)]_FA20:4",TAG,1251.0600891113281,1249.1800956726074,1306.2800979614258,1258.5400924682617,1280.8400917053223,1291.0401000976562,1247.880084991455,1248.7400817871094,1249.160083770752,Group: D,Group: A,Group: D vs Group: A,4,4,Blank_Blank_Blank
"[TG(48:7),TG(47:0)]_FA22:5",TAG,1515.900104522705,1437.1401023864746,1422.0801086425781,1460.7000923156738,1396.0200958251953,1593.3601150512695,1375.8000869750977,1407.4200820922852,1374.860092163086,Group: D,Group: A,Group: D vs Group: A,4,4,Blank_Blank_Blank
"[TG(48:7),TG(47:0)]_FA22:6",TAG,1633.7001113891602,1576.8601188659668,1780.520133972168,1548.2801055908203,1771.1601295471191,1699.1201171875,1752.6001358032227,1612.7401161193848,1652.5801086425781,Group: D,Group: A,Group: D vs Group: A,4,4,Blank_Blank_Blank
"[TG(48:8),TG(47:1)]_FA14:0",TAG,1352.4001007080078,1362.6600875854492,1489.7600936889648,1074.5200843811035,1934.920124053955,1747.0401191711426,1890.6601371765137,1571.1001205444336,1296.860092163086,Group: D,Group: A,Group: D vs Group: A,4,4,Blank_Blank_Blank
"[TG(48:8),TG(47:1)]_FA16:0",TAG,2481.0401573181152,2351.200164794922,2158.260150909424,2141.5801582336426,1824.1201477050781,1789.8201332092285,2901.920211791992,2400.7401695251465,1255.4800872802734,Group: D,Group: A,Group: D vs Group: A,4,4,Blank_Blank_Blank
"[TG(48:8),TG(47:1)]_FA16:1",TAG,1604.9801139831543,1959.7401504516602,2282.20015335083,2185.540153503418,1218.720085144043,1926.8801345825195,2573.260181427002,1532.7001152038574,1779.1401138305664,Group: D,Group: A,Group: D vs Group: A,4,4,Blank_Blank_Blank
"[TG(48:8),TG(47:1)]_FA18:0",TAG,971.2800750732422,972.1400680541992,1022.0400657653809,987.2800674438477,985.5600738525391,1015.1600723266602,1056.280071258545,969.1600608825684,998.260066986084,Group: D,Group: A,Group: D vs Group: A,4,4,Blank_Blank_Blank
"[TG(48:8),TG(47:1)]_FA18:1",TAG,1546.3601150512695,1246.800090789795,1535.5201110839844,1327.9200859069824,1147.9600791931152,1318.6200942993164,1183.8600845336914,1331.8000984191895,1515.7601051330566,Group: D,Group: A,Group: D vs Group: A,4,4,Blank_Blank_Blank
"[TG(48:8),TG(47:1)]_FA18:2",TAG,1125.1400756835938,1089.1000747680664,1204.280086517334,1146.7400741577148,1126.6200790405273,1141.5800743103027,1158.7600746154785,1120.9400787353516,1086.880084991455,Group: D,Group: A,Group: D vs Group: A,4,4,Blank_Blank_Blank
"[TG(48:8),TG(47:1)]_FA18:3",TAG,1167.6200790405273,1167.3200759887695,1185.640079498291,1203.440086364746,1168.7800941467285,1212.6000785827637,1166.2200889587402,1187.180076599121,1172.4000778198242,Group: D,Group: A,Group: D vs Group: A,4,4,Blank_Blank_Blank
"[TG(48:8),TG(47:1)]_FA20:4",TAG,1298.6800918579102,1249.580093383789,1250.1200942993164,1270.7800903320312,1269.3800926208496,1320.1800994873047,1247.4200859069824,1249.360092163086,1247.2000885009766,Group: D,Group: A,Group: D vs Group: A,4,4,Blank_Blank_Blank
"[TG(48:8),TG(47:1)]_FA22:5",TAG,1373.6200942993164,1407.60009765625,1472.7201080322266,1411.5600891113281,1472.7201118469238,1398.5600929260254,1374.4201049804688,1393.4800987243652,1427.3200950622559,Group: D,Group: A,Group: D vs Group: A,4,4,Blank_Blank_Blank
"[TG(48:8),TG(47:1)]_FA22:6",TAG,1597.680118560791,1636.2001152038574,1559.6201057434082,1505.0401077270508,1562.240104675293,1524.4001121520996,1805.140121459961,1537.8801193237305,1581.4200973510742,Group: D,Group: A,Group: D vs Group: A,4,4,Blank_Blank_Blank
[TG(49:3)]_FA14:0,TAG,1157.04008102417,1180.3600769042969,1195.0000839233398,1015.7400779724121,996.9000778198242,1203.7400932312012,1384.800090789795,1259.340103149414,1067.1000709533691,Group: D,Group: A,Group: D vs Group: A,4,4,Blank_Blank_Blank
[TG(49:3)]_FA16:0,TAG,1036.9200706481934,1070.3000755310059,1407.300106048584,1217.940086364746,1136.820083618164,999.6800765991211,1337.3400955200195,1296.4600868225098,969.0200614929199,Group: D,Group: A,Group: D vs Group: A,4,4,Blank_Blank_Blank
[TG(49:3)]_FA16:1,TAG,1656.5801124572754,1661.4401092529297,1631.9201202392578,1384.0200881958008,1175.320083618164,1699.5201034545898,3080.300220489502,1415.440097808838,1191.7400817871094,Group: D,Group: A,Group: D vs Group: A,4,4,Blank_Blank_Blank
[TG(49:3)]_FA18:0,TAG,970.9200706481934,993.1000709533691,971.1600685119629,1043.6400718688965,970.9200668334961,993.760066986084,968.1800727844238,968.9600677490234,969.7600631713867,Group: D,Group: A,Group: D vs Group: A,4,4,Blank_Blank_Blank
[TG(49:3)]_FA18:1,TAG,1189.3000831604004,1174.5400772094727,1127.2400817871094,1079.8000755310059,1163.2200889587402,1181.7800827026367,1163.400089263916,1304.2000732421875,1164.140079498291,Group: D,Group: A,Group: D vs Group: A,4,4,Blank_Blank_Blank
[TG(49:3)]_FA18:2,TAG,1637.4401054382324,1871.2401428222656,1975.5401420593262,1273.1800994873047,1565.7001037597656,1568.5601043701172,1449.0200958251953,2355.780128479004,1304.9800987243652,Group: D,Group: A,Group: D vs Group: A,4,4,Blank_Blank_Blank
[TG(49:3)]_FA18:3,TAG,1272.9401016235352,1269.040096282959,1380.8201065063477,1400.8801040649414,1402.3600997924805,1296.960090637207,1225.800090789795,1203.0800895690918,1269.7200965881348,Group: D,Group: A,Group: D vs Group: A,4,4,Blank_Blank_Blank
[TG(49:4)]_FA14:0,TAG,996.3200759887695,973.7800750732422,995.1600685119629,1043.1800727844238,966.4400672912598,1044.9000816345215,1056.2400741577148,1053.680088043213,971.1000671386719,Group: D,Group: A,Group: D vs Group: A,4,4,Blank_Blank_Blank
[TG(49:4)]_FA16:0,TAG,974.3800659179688,1011.7200736999512,965.4600563049316,1063.440086364746,969.180061340332,982.2800674438477,975.520076751709,1045.060073852539,969.0200691223145,Group: D,Group: A,Group: D vs Group: A,4,4,Blank_Blank_Blank
[TG(49:4)]_FA16:1,TAG,1194.080078125,1047.420066833496,1252.900089263916,1113.3200798034668,1091.6000747680664,1088.4000854492188,1325.3400955200195,1085.6800689697266,1066.0000686645508,Group: D,Group: A,Group: D vs Group: A,4,4,Blank_Blank_Blank
[TG(49:4)]_FA18:0,TAG,970.8000755310059,971.2400665283203,1003.880069732666,974.4600677490234,971.1000709533691,968.7800788879395,968.1200637817383,968.7800674438477,1013.5200729370117,Group: D,Group: A,Group: D vs Group: A,4,4,Blank_Blank_Blank
[TG(49:4)]_FA18:1,TAG,1094.4000701904297,1064.420078277588,1065.3400764465332,1067.8200645446777,1090.1000747680664,1081.5200729370117,1057.7600708007812,1069.0000801086426,1054.200080871582,Group: D,Group: A,Group: D vs Group: A,4,4,Blank_Blank_Blank
[TG(49:4)]_FA18:2,TAG,1129.0400772094727,1250.4000968933105,1149.7200775146484,1121.9400787353516,1186.320068359375,1202.9200820922852,1116.840072631836,1416.460105895996,1164.5200729370117,Group: D,Group: A,Group: D vs Group: A,4,4,Blank_Blank_Blank
[TG(49:4)]_FA18:3,TAG,1211.6800842285156,1306.6800994873047,1217.8800811767578,1241.020092010498,1162.5000839233398,1229.1800804138184,1286.0800895690918,1195.3600845336914,1267.2200889587402,Group: D,Group: A,Group: D vs Group: A,4,4,Blank_Blank_Blank
[TG(49:4)]_FA20:4,TAG,1262.4200897216797,1249.1800918579102,1250.1000862121582,1272.7400970458984,1247.0000801086426,1261.5600929260254,1247.8400917053223,1248.6800918579102,1329.760097503662,Group: D,Group: A,Group: D vs Group: A,4,4,Blank_Blank_Blank
[TG(49:5)]_FA14:0,TAG,973.6200752258301,1021.4800758361816,974.8400840759277,973.4600677490234,980.700065612793,1026.6200714111328,1020.2000694274902,1060.7800636291504,970.9800796508789,Group: D,Group: A,Group: D vs Group: A,4,4,Blank_Blank_Blank
[TG(49:5)]_FA16:0,TAG,1055.1000709533691,991.5400581359863,965.4000625610352,1059.8000717163086,965.1800651550293,1008.5600738525391,1050.320068359375,962.4200553894043,969.3800735473633,Group: D,Group: A,Group: D vs Group: A,4,4,Blank_Blank_Blank
[TG(49:5)]_FA16:1,TAG,1069.740077972412,1047.240062713623,1045.5400733947754,1053.580078125,1100.3800659179688,1049.4200706481934,1063.8000793457031,1049.9200706481934,1047.640064239502,Group: D,Group: A,Group: D vs Group: A,4,4,Blank_Blank_Blank
[TG(49:5)]_FA18:0,TAG,986.140064239502,970.6400718688965,970.0800628662109,1060.420078277588,969.7400741577148,1010.3000793457031,997.4000778198242,968.3000640869141,968.9400787353516,Group: D,Group: A,Group: D vs Group: A,4,4,Blank_Blank_Blank
[TG(49:5)]_FA18:1,TAG,1074.2000770568848,1108.1600761413574,1059.6800689697266,1078.680076599121,1068.4400672912598,1084.320068359375,1057.640079498291,1091.520076751709,1069.2000770568848,Group: D,Group: A,Group: D vs Group: A,4,4,Blank_Blank_Blank
[TG(49:5)]_FA18:2,TAG,1116.460075378418,1099.7200660705566,1122.260082244873,1087.5200729370117,1108.6200714111328,1151.0600852966309,1087.380069732666,1266.300090789795,1095.4600639343262,Group: D,Group: A,Group: D vs Group: A,4,4,Blank_Blank_Blank
[TG(49:5)]_FA18:3,TAG,1181.5600852966309,1192.1200828552246,1176.3800773620605,1217.960090637207,1184.5000686645508,1179.5200843811035,1189.600082397461,1169.6800842285156,1194.3200759887695,Group: D,Group: A,Group: D vs Group: A,4,4,Blank_Blank_Blank
[TG(49:5)]_FA20:4,TAG,1248.280086517334,1260.820083618164,1248.5200805664062,1245.64009475708,1247.0000953674316,1246.500087738037,1247.9400901794434,1247.7400817871094,1247.4800720214844,Group: D,Group: A,Group: D vs Group: A,4,4,Blank_Blank_Blank
[TG(49:5)]_FA22:5,TAG,1445.0801010131836,1372.8800964355469,1375.9601020812988,1403.1801147460938,1449.880111694336,1438.9401016235352,1445.800106048584,1377.120101928711,1376.040096282959,Group: D,Group: A,Group: D vs Group: A,4,4,Blank_Blank_Blank
[TG(49:6)]_FA14:0,TAG,972.8000717163086,1085.6000785827637,1068.4800720214844,1047.1000709533691,1080.6000785827637,1149.0600814819336,1103.940071105957,1100.0600852966309,1200.2200775146484,Group: D,Group: A,Group: D vs Group: A,4,4,Blank_Blank_Blank
[TG(49:6)]_FA16:0,TAG,1887.1401252746582,1727.0201225280762,1806.9001274108887,2081.5401573181152,1612.5201148986816,1759.9401359558105,2241.3401527404785,1760.3601341247559,1275.9000930786133,Group: D,Group: A,Group: D vs Group: A,4,4,Blank_Blank_Blank
[TG(49:6)]_FA16:1,TAG,1052.340087890625,1046.7800674438477,1048.840072631836,1114.280071258545,1047.860065460205,1049.060073852539,1102.2600708007812,1048.7000694274902,1047.4600639343262,Group: D,Group: A,Group: D vs Group: A,4,4,Blank_Blank_Blank
[TG(49:6)]_FA18:0,TAG,981.7400741577148,1039.8600730895996,1014.8600692749023,974.4200744628906,1034.5600700378418,992.7600631713867,976.7400703430176,1053.0400733947754,1032.680076599121,Group: D,Group: A,Group: D vs Group: A,4,4,Blank_Blank_Blank
[TG(49:6)]_FA18:1,TAG,1051.520076751709,1063.140079498291,1049.2400703430176,1067.5800743103027,1072.3800773620605,1054.5000762939453,1068.760082244873,1073.700080871582,1076.9800720214844,Group: D,Group: A,Group: D vs Group: A,4,4,Blank_Blank_Blank
[TG(49:6)]_FA18:2,TAG,1105.1200828552246,1088.9600715637207,1148.6800727844238,1112.2200622558594,1110.4200744628906,1271.1200981140137,1087.5800704956055,1138.0000801086426,1094.5800704956055,Group: D,Group: A,Group: D vs Group: A,4,4,Blank_Blank_Blank
[TG(49:6)]_FA18:3,TAG,1167.740077972412,1167.5400848388672,1168.260082244873,1169.5600929260254,1163.0000801086426,1206.5200805664062,1164.7800903320312,1169.780071258545,1178.160068511963,Group: D,Group: A,Group: D vs Group: A,4,4,Blank_Blank_Blank
[TG(49:6)]_FA20:4,TAG,1261.460105895996,1249.2000885009766,1249.9000968933105,1244.4800834655762,1285.0601043701172,1301.0601081848145,1247.7600936889648,1279.800090789795,1260.6600875854492,Group: D,Group: A,Group: D vs Group: A,4,4,Blank_Blank_Blank
[TG(49:6)]_FA22:5,TAG,1423.7601165771484,1421.3600959777832,1403.5401039123535,1409.9200973510742,1438.320110321045,1378.5200843811035,1436.460105895996,1413.7601127624512,1376.3000984191895,Group: D,Group: A,Group: D vs Group: A,4,4,Blank_Blank_Blank
[TG(49:6)]_FA22:6,TAG,1618.8801193237305,1562.0601119995117,1539.860107421875,1527.5801086425781,1596.240119934082,1582.1201133728027,1615.2601203918457,1522.1201133728027,1649.260108947754,Group: D,Group: A,Group: D vs Group: A,4,4,Blank_Blank_Blank
"[TG(49:7),TG(48:0)]_FA14:0",TAG,1792.5401306152344,1758.3401107788086,1736.3201217651367,1571.2201042175293,1756.4401473999023,2339.980136871338,3366.68025970459,2516.7401809692383,1154.3000717163086,Group: D,Group: A,Group: D vs Group: A,4,4,Blank_Blank_Blank
"[TG(49:7),TG(48:0)]_FA16:0",TAG,16067.581359863281,15241.221237182617,14378.601287841797,18278.241485595703,5653.200401306152,14647.30084991455,20502.46142578125,15652.420989990234,2238.120143890381,Group: D,Group: A,Group: D vs Group: A,4,4,Blank_Blank_Blank
"[TG(49:7),TG(48:0)]_FA16:1",TAG,1295.780086517334,1273.6200866699219,1428.6200942993164,1248.2200813293457,1167.1200828552246,1103.3000755310059,2211.520160675049,1149.180076599121,1202.800090789795,Group: D,Group: A,Group: D vs Group: A,4,4,Blank_Blank_Blank
"[TG(49:7),TG(48:0)]_FA18:0",TAG,1188.8200798034668,1492.5001182556152,1413.9801025390625,1257.0600929260254,1142.2200736999512,1364.5000801086426,1161.100082397461,1191.3400802612305,1225.6600723266602,Group: D,Group: A,Group: D vs Group: A,4,4,Blank_Blank_Blank
"[TG(49:7),TG(48:0)]_FA18:1",TAG,1258.1600761413574,1049.0400695800781,1292.5400886535645,1133.7400741577148,1124.0000801086426,1102.020076751709,1165.9200897216797,1473.1601104736328,1137.0800819396973,Group: D,Group: A,Group: D vs Group: A,4,4,Blank_Blank_Blank
"[TG(49:7),TG(48:0)]_FA18:2",TAG,1141.1800842285156,1109.4200744628906,1257.0400886535645,1087.9800720214844,1130.1000633239746,1138.760066986084,1116.6200714111328,1111.240077972412,1087.2200775146484,Group: D,Group: A,Group: D vs Group: A,4,4,Blank_Blank_Blank
"[TG(49:7),TG(48:0)]_FA18:3",TAG,1167.0800819396973,1167.6400909423828,1167.2400856018066,1226.7200889587402,1162.2400856018066,1206.500087738037,1165.7200813293457,1169.0000801086426,1173.140079498291,Group: D,Group: A,Group: D vs Group: A,4,4,Blank_Blank_Blank
"[TG(49:7),TG(48:0)]_FA20:4",TAG,1247.7400817871094,1300.1200942993164,1250.3200912475586,1257.9801025390625,1266.1600952148438,1287.800106048584,1247.3000869750977,1247.8600807189941,1260.000087738037,Group: D,Group: A,Group: D vs Group: A,4,4,Blank_Blank_Blank
"[TG(49:7),TG(48:0)]_FA22:5",TAG,1377.480094909668,1374.4800910949707,1459.8001098632812,1435.1001052856445,1413.7001037597656,1444.6800956726074,1374.6401023864746,1458.4401016235352,1444.6401062011719,Group: D,Group: A,Group: D vs Group: A,4,4,Blank_Blank_Blank
"[TG(49:7),TG(48:0)]_FA22:6",TAG,1591.6801261901855,1512.4401092529297,1497.0401153564453,1538.9601097106934,1505.260108947754,1555.1401062011719,1499.6800994873047,1608.3401069641113,1537.7801094055176,Group: D,Group: A,Group: D vs Group: A,4,4,Blank_Blank_Blank
"[TG(49:8),TG(48:1)]_FA14:0",TAG,4806.42036819458,8046.740653991699,3959.040241241455,2502.1201782226562,2670.4801902770996,9282.860500335693,17773.00165939331,5114.800373077393,1276.6200866699219,Group: D,Group: A,Group: D vs Group: A,4,4,Blank_Blank_Blank
"[TG(49:8),TG(48:1)]_FA16:0",TAG,6546.86047744751,6126.6803550720215,6613.720554351807,4988.28031539917,5667.900485992432,16727.20095062256,41078.28261566162,11218.400924682617,1164.7600898742676,Group: D,Group: A,Group: D vs Group: A,4,4,Blank_Blank_Blank
"[TG(49:8),TG(48:1)]_FA16:1",TAG,4943.3003578186035,4597.360271453857,4433.900272369385,4093.6203079223633,1629.7001037597656,5418.500461578369,18411.100994110107,4232.260269165039,2217.420135498047,Group: D,Group: A,Group: D vs Group: A,4,4,Blank_Blank_Blank
"[TG(49:8),TG(48:1)]_FA18:0",TAG,1029.520076751709,1024.8800811767578,1129.4800758361816,1024.1400718688965,1051.2800750732422,992.3600730895996,1102.8000831604004,1011.000072479248,1000.3400688171387,Group: D,Group: A,Group: D vs Group: A,4,4,Blank_Blank_Blank
"[TG(49:8),TG(48:1)]_FA18:1",TAG,2563.8201866149902,1321.580093383789,1990.6001434326172,2394.980167388916,1814.740104675293,1806.4601211547852,3206.920234680176,5433.38053894043,1768.8201179504395,Group: D,Group: A,Group: D vs Group: A,4,4,Blank_Blank_Blank
"[TG(49:8),TG(48:1)]_FA18:2",TAG,1351.4000854492188,1187.5400772094727,1433.5401000976562,1088.0000762939453,1296.1200942993164,1146.460075378418,1277.4200744628906,1578.0401191711426,1117.700080871582,Group: D,Group: A,Group: D vs Group: A,4,4,Blank_Blank_Blank
"[TG(49:8),TG(48:1)]_FA18:3",TAG,1174.2600784301758,1179.880084991455,1167.5800857543945,1173.4200744628906,1162.6800804138184,1228.600082397461,1165.5600852966309,1195.4200820922852,1171.8400650024414,Group: D,Group: A,Group: D vs Group: A,4,4,Blank_Blank_Blank
"[TG(49:8),TG(48:1)]_FA20:4",TAG,1247.9601020812988,1248.880084991455,1250.260082244873,1244.900089263916,1260.3000831604004,1246.5800857543945,1247.64009475708,1248.040096282959,1247.3000869750977,Group: D,Group: A,Group: D vs Group: A,4,4,Blank_Blank_Blank
"[TG(49:8),TG(48:1)]_FA22:5",TAG,1424.3601036071777,1436.0400924682617,1375.240089416504,1378.0600891113281,1424.60009765625,1523.1001052856445,1410.8201065063477,1441.660099029541,1455.8801078796387,Group: D,Group: A,Group: D vs Group: A,4,4,Blank_Blank_Blank
"[TG(49:8),TG(48:1)]_FA22:6",TAG,1515.1201095581055,1552.5801124572754,1615.6001091003418,1497.7001037597656,1545.8201026916504,1609.020118713379,1592.320110321045,1533.7001037597656,1540.4201126098633,Group: D,Group: A,Group: D vs Group: A,4,4,Blank_Blank_Blank
[TG(50:3)]_FA14:0,TAG,5643.080432891846,19333.060871124268,17007.061157226562,11409.700729370117,4768.88037109375,27532.1421585083,40973.84270858765,34512.041721343994,1040.2400741577148,Group: D,Group: A,Group: D vs Group: A,4,4,Blank_Blank_Blank
[TG(50:3)]_FA16:0,TAG,20186.1407661438,19940.181632995605,22514.441844940186,13818.281032562256,9298.18055343628,51910.58561325073,180649.37340164185,38193.403144836426,1012.5800666809082,Group: D,Group: A,Group: D vs Group: A,4,4,Blank_Blank_Blank
[TG(50:3)]_FA16:1,TAG,71272.50546264648,91909.18663024902,59228.18305206299,13624.600662231445,11725.420917510986,36502.943840026855,381220.8805465698,46195.16255950928,1732.300106048584,Group: D,Group: A,Group: D vs Group: A,4,4,Blank_Blank_Blank
[TG(50:3)]_FA18:0,TAG,990.1000709533691,988.1200637817383,1043.62007522583,974.7800674438477,990.2400703430176,1015.6200714111328,1053.560073852539,1027.3200645446777,969.1200714111328,Group: D,Group: A,Group: D vs Group: A,4,4,Blank_Blank_Blank
[TG(50:3)]_FA18:1,TAG,8715.920349121094,4362.840389251709,11326.420803070068,7157.940322875977,1632.8401222229004,4795.980297088623,15085.440795898438,24723.982078552246,1263.920093536377,Group: D,Group: A,Group: D vs Group: A,4,4,Blank_Blank_Blank
[TG(50:3)]_FA18:2,TAG,49020.06317138672,62743.32263183594,61323.34451675415,10513.80089187622,32915.52221298218,28712.28130340576,53275.982067108154,105050.26668548584,1225.0400772094727,Group: D,Group: A,Group: D vs Group: A,4,4,Blank_Blank_Blank
[TG(50:3)]_FA18:3,TAG,1712.5201148986816,2113.280143737793,1824.9401206970215,2523.440196990967,1537.7401008605957,3411.5801887512207,2554.960178375244,1924.8001098632812,1177.3400688171387,Group: D,Group: A,Group: D vs Group: A,4,4,Blank_Blank_Blank
[TG(50:4)]_FA14:0,TAG,4515.220401763916,8046.500709533691,7252.180500030518,7530.640525817871,2110.6601371765137,11075.320823669434,12360.981056213379,12696.341331481934,982.8600730895996,Group: D,Group: A,Group: D vs Group: A,4,4,Blank_Blank_Blank
[TG(50:4)]_FA16:0,TAG,4263.8802490234375,2100.380126953125,2092.180118560791,1947.040153503418,1466.4001007080078,1948.4801483154297,10222.080741882324,2632.4601516723633,969.5200653076172,Group: D,Group: A,Group: D vs Group: A,4,4,Blank_Blank_Blank
[TG(50:4)]_FA16:1,TAG,17385.941493988037,19011.221565246582,13868.000411987305,8978.140502929688,4057.040271759033,9961.740707397461,98057.64772796631,13986.361080169678,1140.3400802612305,Group: D,Group: A,Group: D vs Group: A,4,4,Blank_Blank_Blank
[TG(50:4)]_FA18:0,TAG,1000.0000686645508,1002.2400741577148,969.9000701904297,984.000072479248,970.6200714111328,1066.3800735473633,967.8000679016113,969.2400703430176,990.2200622558594,Group: D,Group: A,Group: D vs Group: A,4,4,Blank_Blank_Blank
[TG(50:4)]_FA18:1,TAG,1456.5401229858398,1267.7400856018066,1859.3401222229004,1139.1400756835938,1345.940097808838,1113.3000755310059,1744.7600898742676,2860.4601821899414,1114.1400871276855,Group: D,Group: A,Group: D vs Group: A,4,4,Blank_Blank_Blank
[TG(50:4)]_FA18:2,TAG,13937.7212600708,14807.800960540771,19851.781581878662,6547.740367889404,9517.760459899902,8138.800506591797,13946.680904388428,31596.64262008667,1087.200065612793,Group: D,Group: A,Group: D vs Group: A,4,4,Blank_Blank_Blank
[TG(50:4)]_FA18:3,TAG,2088.6001739501953,2339.3402061462402,1484.2001037597656,2809.220203399658,1841.2201194763184,3716.760341644287,4776.920234680176,3485.6602516174316,1173.300090789795,Group: D,Group: A,Group: D vs Group: A,4,4,Blank_Blank_Blank
[TG(50:4)]_FA20:4,TAG,1332.280101776123,1279.840087890625,1254.8000946044922,1355.8800964355469,1247.0800971984863,1423.5601043701172,1430.1401100158691,1298.5600814819336,1282.9400901794434,Group: D,Group: A,Group: D vs Group: A,4,4,Blank_Blank_Blank
[TG(50:5)]_FA14:0,TAG,1256.420066833496,1715.5601234436035,1147.340072631836,1475.5201110839844,1140.2600898742676,2473.7201766967773,2445.900188446045,2181.3201751708984,991.0000610351562,Group: D,Group: A,Group: D vs Group: A,4,4,Blank_Blank_Blank
[TG(50:5)]_FA16:0,TAG,1193.9000778198242,1367.920108795166,1499.2001113891602,1081.7200775146484,1060.3800735473633,1306.1000862121582,1491.460090637207,1498.440097808838,990.960075378418,Group: D,Group: A,Group: D vs Group: A,4,4,Blank_Blank_Blank
[TG(50:5)]_FA16:1,TAG,2066.1801147460938,2062.340160369873,1677.1001205444336,1582.2200889587402,1221.8400840759277,1672.920124053955,5134.800239562988,1813.2201385498047,1047.7800788879395,Group: D,Group: A,Group: D vs Group: A,4,4,Blank_Blank_Blank
[TG(50:5)]_FA18:0,TAG,970.4600677490234,974.0600738525391,995.5800704956055,974.1400756835938,970.3000679016113,969.3000717163086,968.1200714111328,976.3800659179688,985.1400718688965,Group: D,Group: A,Group: D vs Group: A,4,4,Blank_Blank_Blank
[TG(50:5)]_FA18:1,TAG,1116.7600746154785,1117.920078277588,1048.920066833496,1079.0800666809082,1056.520076751709,1054.340072631836,1136.6000862121582,1175.7200927734375,1073.660083770752,Group: D,Group: A,Group: D vs Group: A,4,4,Blank_Blank_Blank
[TG(50:5)]_FA18:2,TAG,1923.8401145935059,1410.9401016235352,2493.2201957702637,1268.4001007080078,1511.6200904846191,1744.7601280212402,1910.2801475524902,3308.30029296875,1139.9400825500488,Group: D,Group: A,Group: D vs Group: A,4,4,Blank_Blank_Blank
[TG(50:5)]_FA18:3,TAG,1335.3801078796387,1452.3000984191895,1488.9201049804688,1987.6801376342773,1240.5200996398926,2140.3801651000977,2396.840160369873,2012.2801132202148,1171.9000816345215,Group: D,Group: A,Group: D vs Group: A,4,4,Blank_Blank_Blank
[TG(50:5)]_FA20:4,TAG,1315.5000953674316,1249.140079498291,1316.9600868225098,1272.7600898742676,1252.8600883483887,1246.9200820922852,1406.9201126098633,1254.1800918579102,1247.1400833129883,Group: D,Group: A,Group: D vs Group: A,4,4,Blank_Blank_Blank
[TG(50:5)]_FA22:5,TAG,1417.8400917053223,1421.720100402832,1414.420093536377,1501.1601104736328,1473.06010055542,1443.4001007080078,1467.1401062011719,1395.4801025390625,1394.0200996398926,Group: D,Group: A,Group: D vs Group: A,4,4,Blank_Blank_Blank
[TG(50:6)]_FA14:0,TAG,1105.220085144043,977.240062713623,1027.8000755310059,1055.920078277588,966.3600730895996,1042.3400802612305,1142.180076599121,1084.5200729370117,1003.0200729370117,Group: D,Group: A,Group: D vs Group: A,4,4,Blank_Blank_Blank
[TG(50:6)]_FA16:0,TAG,1075.1600723266602,1207.3000869750977,1312.840103149414,1311.020092010498,1184.6200866699219,1375.940086364746,1250.0800857543945,1231.0800819396973,995.8000717163086,Group: D,Group: A,Group: D vs Group: A,4,4,Blank_Blank_Blank
[TG(50:6)]_FA16:1,TAG,1052.2800750732422,1060.400074005127,1112.6800842285156,1069.900074005127,1061.500072479248,1049.6000747680664,1334.300090789795,1101.180076599121,1047.6000747680664,Group: D,Group: A,Group: D vs Group: A,4,4,Blank_Blank_Blank
[TG(50:6)]_FA18:0,TAG,1032.780071258545,1035.9200706481934,1031.0600700378418,1062.9800758361816,970.8000679016113,969.2200622558594,994.820068359375,969.1600723266602,1016.1800575256348,Group: D,Group: A,Group: D vs Group: A,4,4,Blank_Blank_Blank
[TG(50:6)]_FA18:1,TAG,1119.8000831604004,1104.2400703430176,1084.9000816345215,1135.2200775146484,1156.7400856018066,1154.900074005127,1128.4000854492188,1354.0600929260254,1220.1600952148438,Group: D,Group: A,Group: D vs Group: A,4,4,Blank_Blank_Blank
[TG(50:6)]_FA18:2,TAG,1184.8400764465332,1294.0000953674316,1196.6200790405273,1163.7600784301758,1182.8600692749023,1131.700080871582,1273.2800827026367,1187.520092010498,1126.9600830078125,Group: D,Group: A,Group: D vs Group: A,4,4,Blank_Blank_Blank
[TG(50:6)]_FA18:3,TAG,1168.3000869750977,1167.3000755310059,1167.3000755310059,1233.100082397461,1179.2400856018066,1193.9800872802734,1176.0800857543945,1198.6000709533691,1187.780086517334,Group: D,Group: A,Group: D vs Group: A,4,4,Blank_Blank_Blank
[TG(50:6)]_FA20:4,TAG,1315.340087890625,1299.280101776123,1250.4800872802734,1248.8600845336914,1247.6200828552246,1286.8800926208496,1311.2000999450684,1248.1400871276855,1310.4200973510742,Group: D,Group: A,Group: D vs Group: A,4,4,Blank_Blank_Blank
[TG(50:6)]_FA22:5,TAG,1373.8000984191895,1440.9801025390625,1424.860092163086,1378.2000999450684,1376.3001136779785,1393.9800987243652,1479.7401084899902,1376.7401008605957,1467.2200965881348,Group: D,Group: A,Group: D vs Group: A,4,4,Blank_Blank_Blank
[TG(50:6)]_FA22:6,TAG,1612.6801223754883,1510.6800956726074,1571.6001243591309,1535.8601036071777,1515.5801048278809,1638.6601104736328,1668.6201210021973,1620.020107269287,1532.1801147460938,Group: D,Group: A,Group: D vs Group: A,4,4,Blank_Blank_Blank
"[TG(50:7),TG(49:0)]_FA14:0",TAG,1230.760082244873,1003.4600830078125,1102.8600769042969,1198.7200889587402,1244.3600845336914,1221.6600875854492,1352.2800903320312,1157.820083618164,1112.04008102417,Group: D,Group: A,Group: D vs Group: A,4,4,Blank_Blank_Blank
"[TG(50:7),TG(49:0)]_FA16:0",TAG,3732.660259246826,4854.8603515625,4433.320327758789,4150.440315246582,2967.8802223205566,4071.7202911376953,4419.520355224609,3808.2002716064453,1555.7001037597656,Group: D,Group: A,Group: D vs Group: A,4,4,Blank_Blank_Blank
"[TG(50:7),TG(49:0)]_FA16:1",TAG,1085.0800743103027,1077.480068206787,1121.2800750732422,1087.7000732421875,1047.9600791931152,1091.5000801086426,1106.280071258545,1049.8200798034668,1046.6800804138184,Group: D,Group: A,Group: D vs Group: A,4,4,Blank_Blank_Blank
"[TG(50:7),TG(49:0)]_FA18:0",TAG,1297.2400932312012,1320.8801040649414,1233.680103302002,1317.8800926208496,1212.2000846862793,1076.000072479248,1076.300064086914,1009.3200721740723,1249.5600891113281,Group: D,Group: A,Group: D vs Group: A,4,4,Blank_Blank_Blank
"[TG(50:7),TG(49:0)]_FA18:1",TAG,1122.2000846862793,1058.5600700378418,1238.4600868225098,1121.500057220459,1067.2200775146484,1163.6200904846191,1056.9600715637207,1128.9600791931152,1098.9600868225098,Group: D,Group: A,Group: D vs Group: A,4,4,Blank_Blank_Blank
"[TG(50:7),TG(49:0)]_FA18:2",TAG,1263.6200866699219,1171.8000831604004,1134.3800811767578,1087.5400733947754,1098.3800888061523,1087.1800804138184,1088.3000755310059,1140.6800804138184,1131.760082244873,Group: D,Group: A,Group: D vs Group: A,4,4,Blank_Blank_Blank
"[TG(50:7),TG(49:0)]_FA18:3",TAG,1167.5200843811035,1166.960090637207,1167.9200859069824,1169.0800857543945,1163.2000923156738,1234.6800842285156,1164.8200798034668,1222.9200859069824,1172.8600769042969,Group: D,Group: A,Group: D vs Group: A,4,4,Blank_Blank_Blank
"[TG(50:7),TG(49:0)]_FA20:4",TAG,1247.8800926208496,1268.5400924682617,1250.240077972412,1304.5000953674316,1247.5800895690918,1261.800090789795,1252.8400840759277,1315.5600929260254,1246.9200859069824,Group: D,Group: A,Group: D vs Group: A,4,4,Blank_Blank_Blank
"[TG(50:7),TG(49:0)]_FA22:5",TAG,1373.5401039123535,1374.1600952148438,1375.7001037597656,1382.7400932312012,1395.2201118469238,1419.4000968933105,1470.680103302002,1445.8000831604004,1408.1200904846191,Group: D,Group: A,Group: D vs Group: A,4,4,Blank_Blank_Blank
"[TG(50:7),TG(49:0)]_FA22:6",TAG,1497.6401100158691,1514.260108947754,1545.5001106262207,1528.0401153564453,1537.7801094055176,1497.8201065063477,1558.1201248168945,1543.820110321045,1497.6001167297363,Group: D,Group: A,Group: D vs Group: A,4,4,Blank_Blank_Blank
"[TG(50:8),TG(49:1)]_FA14:0",TAG,1044.9000816345215,1044.5200843811035,999.2800712585449,1011.960075378418,1151.5800743103027,1263.340087890625,1303.3400955200195,1281.0200958251953,1043.3000755310059,Group: D,Group: A,Group: D vs Group: A,4,4,Blank_Blank_Blank
"[TG(50:8),TG(49:1)]_FA16:0",TAG,4254.680294036865,2396.860191345215,3554.6202964782715,2934.320198059082,2679.880157470703,3330.7202186584473,4590.740417480469,4461.760303497314,1235.0000915527344,Group: D,Group: A,Group: D vs Group: A,4,4,Blank_Blank_Blank
"[TG(50:8),TG(49:1)]_FA16:1",TAG,1406.460090637207,1455.8601036071777,1559.7001037597656,1602.9001159667969,1242.6200866699219,1530.520118713379,1612.380111694336,1314.1200904846191,1934.220142364502,Group: D,Group: A,Group: D vs Group: A,4,4,Blank_Blank_Blank
"[TG(50:8),TG(49:1)]_FA18:0",TAG,971.6000709533691,1001.5800666809082,1072.0400772094727,1083.2200775146484,1011.8400726318359,1095.5200843811035,1002.2400741577148,968.4800720214844,1071.62007522583,Group: D,Group: A,Group: D vs Group: A,4,4,Blank_Blank_Blank
"[TG(50:8),TG(49:1)]_FA18:1",TAG,1934.6801300048828,1203.4200897216797,1549.5801048278809,1630.5001068115234,1196.5800857543945,1470.9201011657715,1270.0200881958008,1638.540111541748,1415.3600997924805,Group: D,Group: A,Group: D vs Group: A,4,4,Blank_Blank_Blank
"[TG(50:8),TG(49:1)]_FA18:2",TAG,1366.7800941467285,1251.9400825500488,1207.9200820922852,1145.000072479248,1171.240077972412,1176.8800735473633,1106.9600715637207,1327.8000984191895,1092.6400680541992,Group: D,Group: A,Group: D vs Group: A,4,4,Blank_Blank_Blank
"[TG(50:8),TG(49:1)]_FA18:3",TAG,1167.3000793457031,1197.1000747680664,1171.2200813293457,1197.920078277588,1163.6600799560547,1171.1800842285156,1174.1400909423828,1168.8600883483887,1173.080078125,Group: D,Group: A,Group: D vs Group: A,4,4,Blank_Blank_Blank
"[TG(50:8),TG(49:1)]_FA20:4",TAG,1249.3200912475586,1249.4600944519043,1277.320083618164,1246.5600852966309,1247.3800964355469,1247.740089416504,1248.0600891113281,1248.180088043213,1246.7000885009766,Group: D,Group: A,Group: D vs Group: A,4,4,Blank_Blank_Blank
"[TG(50:8),TG(49:1)]_FA22:5",TAG,1399.2801055908203,1372.8200988769531,1374.960090637207,1416.8801040649414,1385.2200965881348,1424.3201065063477,1374.040096282959,1392.740104675293,1375.160099029541,Group: D,Group: A,Group: D vs Group: A,4,4,Blank_Blank_Blank
"[TG(50:8),TG(49:1)]_FA22:6",TAG,1576.7401008605957,1515.3001098632812,1530.1401100158691,1498.040111541748,1533.2801132202148,1592.0801086425781,1529.3801078796387,1687.7201309204102,1529.0001029968262,Group: D,Group: A,Group: D vs Group: A,4,4,Blank_Blank_Blank
"[TG(50:9),TG(49:2)]_FA14:0",TAG,1210.2600860595703,1122.8000831604004,1171.9000778198242,1184.080093383789,1215.8200874328613,1145.4800758361816,1709.9801177978516,1510.7000923156738,1014.0200729370117,Group: D,Group: A,Group: D vs Group: A,4,4,Blank_Blank_Blank
"[TG(50:9),TG(49:2)]_FA16:0",TAG,1642.5001220703125,1700.6601219177246,3121.100242614746,1698.3801231384277,1937.280158996582,1489.9001159667969,4933.280296325684,2943.8002281188965,1025.400074005127,Group: D,Group: A,Group: D vs Group: A,4,4,Blank_Blank_Blank
"[TG(50:9),TG(49:2)]_FA16:1",TAG,2403.0201683044434,2159.2001609802246,2901.220203399658,1748.2201347351074,1346.9400939941406,1980.7401542663574,4245.58028793335,1700.5201034545898,1660.9801292419434,Group: D,Group: A,Group: D vs Group: A,4,4,Blank_Blank_Blank
"[TG(50:9),TG(49:2)]_FA18:0",TAG,970.440071105957,1004.3000640869141,1061.2400703430176,1013.5400695800781,970.9000663757324,977.0800704956055,981.9400787353516,990.6200637817383,998.9000701904297,Group: D,Group: A,Group: D vs Group: A,4,4,Blank_Blank_Blank
"[TG(50:9),TG(49:2)]_FA18:1",TAG,2010.7201461791992,1234.4400825500488,1580.1001281738281,1538.5601119995117,1296.7401008605957,1326.6601028442383,1114.8200759887695,1354.5200881958008,1419.4401016235352,Group: D,Group: A,Group: D vs Group: A,4,4,Blank_Blank_Blank
"[TG(50:9),TG(49:2)]_FA18:2",TAG,2020.8801498413086,2667.0001945495605,2451.4801712036133,1274.0400772094727,1789.4201316833496,2282.120162963867,1885.800136566162,2672.60018157959,1313.4001007080078,Group: D,Group: A,Group: D vs Group: A,4,4,Blank_Blank_Blank
"[TG(50:9),TG(49:2)]_FA18:3",TAG,1179.8400764465332,1222.2600898742676,1172.2200889587402,1209.4400825500488,1193.740089416504,1205.5000839233398,1189.1600914001465,1184.9200744628906,1171.640079498291,Group: D,Group: A,Group: D vs Group: A,4,4,Blank_Blank_Blank
"[TG(50:9),TG(49:2)]_FA20:4",TAG,1267.5400886535645,1248.660083770752,1250.4200820922852,1245.2200927734375,1247.7600936889648,1246.9400901794434,1247.8600807189941,1248.920093536377,1259.3400840759277,Group: D,Group: A,Group: D vs Group: A,4,4,Blank_Blank_Blank
"[TG(50:9),TG(49:2)]_FA22:5",TAG,1402.2200965881348,1385.2200813293457,1395.740089416504,1419.3600997924805,1386.9601020812988,1379.6000900268555,1404.7801094055176,1388.0801086425781,1400.0401039123535,Group: D,Group: A,Group: D vs Group: A,4,4,Blank_Blank_Blank
"[TG(50:9),TG(49:2)]_FA22:6",TAG,1640.8201179504395,1534.9001007080078,1528.9201126098633,1498.6600952148438,1570.360107421875,1551.720115661621,1511.260108947754,1693.7201309204102,1575.9401092529297,Group: D,Group: A,Group: D vs Group: A,4,4,Blank_Blank_Blank
[TG(51:4)]_FA14:0,TAG,1053.4400825500488,983.5600662231445,974.8400726318359,979.2400703430176,1038.940071105957,993.4200668334961,1019.6200675964355,1016.5200691223145,971.2800636291504,Group: D,Group: A,Group: D vs Group: A,4,4,Blank_Blank_Blank
[TG(51:4)]_FA16:0,TAG,1576.2000923156738,1702.9601135253906,1584.7400970458984,1406.9200973510742,1274.6800956726074,1172.140079498291,1175.8600807189941,1635.7401123046875,977.1600685119629,Group: D,Group: A,Group: D vs Group: A,4,4,Blank_Blank_Blank
[TG(51:4)]_FA16:1,TAG,1750.7801513671875,1724.3401184082031,1789.260124206543,1279.5600891113281,1194.880084991455,1419.0600967407227,4366.500316619873,1664.8801193237305,1083.420078277588,Group: D,Group: A,Group: D vs Group: A,4,4,Blank_Blank_Blank
[TG(51:4)]_FA18:0,TAG,971.2200698852539,995.3200607299805,969.9800720214844,976.0600700378418,971.1400718688965,969.4000701904297,967.2400665283203,969.9000663757324,970.200065612793,Group: D,Group: A,Group: D vs Group: A,4,4,Blank_Blank_Blank
[TG(51:4)]_FA18:1,TAG,1209.4400939941406,1168.6200790405273,1071.060073852539,1092.2600708007812,1101.7200736999512,1053.3800773620605,1351.6400833129883,1702.6801376342773,1142.2800788879395,Group: D,Group: A,Group: D vs Group: A,4,4,Blank_Blank_Blank
[TG(51:4)]_FA18:2,TAG,3006.3201942443848,3240.200183868408,4993.080348968506,2293.4201889038086,3025.34024810791,3004.480213165283,3100.7201919555664,5052.000331878662,1116.320068359375,Group: D,Group: A,Group: D vs Group: A,4,4,Blank_Blank_Blank
[TG(51:4)]_FA18:3,TAG,1241.5400772094727,1296.3400917053223,1262.520076751709,1446.5601043701172,1209.9200820922852,1591.820110321045,1669.360122680664,1241.7000770568848,1196.3800888061523,Group: D,Group: A,Group: D vs Group: A,4,4,Blank_Blank_Blank
[TG(51:4)]_FA20:4,TAG,1269.5200843811035,1279.580093383789,1353.1200942993164,1245.7000923156738,1323.8400993347168,1335.2400970458984,1247.5000801086426,1377.5000953674316,1246.8400993347168,Group: D,Group: A,Group: D vs Group: A,4,4,Blank_Blank_Blank
[TG(51:5)]_FA14:0,TAG,1014.2400779724121,973.9200706481934,1012.8200836181641,973.1200752258301,1046.0000762939453,1000.6800651550293,970.4600677490234,985.3400726318359,1024.3000717163086,Group: D,Group: A,Group: D vs Group: A,4,4,Blank_Blank_Blank
[TG(51:5)]_FA16:0,TAG,1001.0800628662109,999.6200675964355,1057.4600715637207,1053.0600700378418,1037.900074005127,1023.0200729370117,1074.6600723266602,1157.740077972412,992.8600654602051,Group: D,Group: A,Group: D vs Group: A,4,4,Blank_Blank_Blank
[TG(51:5)]_FA16:1,TAG,1175.6200942993164,1169.04008102417,1226.6400833129883,1085.3400764465332,1047.080078125,1175.4400825500488,1236.8200874328613,1140.3200798034668,1048.260066986084,Group: D,Group: A,Group: D vs Group: A,4,4,Blank_Blank_Blank
[TG(51:5)]_FA18:0,TAG,983.3400764465332,989.7800674438477,969.9600677490234,974.2200698852539,970.700065612793,968.8800621032715,993.4400672912598,969.1200714111328,970.1600685119629,Group: D,Group: A,Group: D vs Group: A,4,4,Blank_Blank_Blank
[TG(51:5)]_FA18:1,TAG,1060.6400680541992,1049.0600662231445,1064.0600700378418,1092.100082397461,1056.7800750732422,1053.940071105957,1057.2600784301758,1129.3600807189941,1076.3200721740723,Group: D,Group: A,Group: D vs Group: A,4,4,Blank_Blank_Blank
[TG(51:5)]_FA18:2,TAG,1284.3200912475586,1445.120101928711,1593.9001121520996,1373.8200759887695,1167.8800735473633,1306.440097808838,1237.7800903320312,1361.9401054382324,1087.0000801086426,Group: D,Group: A,Group: D vs Group: A,4,4,Blank_Blank_Blank
[TG(51:5)]_FA18:3,TAG,1320.4000854492188,1387.1000900268555,1242.8000984191895,1536.2800827026367,1181.1400833129883,1597.9601097106934,1284.6200828552246,1214.8400802612305,1172.2200927734375,Group: D,Group: A,Group: D vs Group: A,4,4,Blank_Blank_Blank
[TG(51:5)]_FA20:4,TAG,1264.2200927734375,1248.800090789795,1250.7200813293457,1256.7200889587402,1247.4600868225098,1311.6200904846191,1247.8001022338867,1325.4401016235352,1355.3001022338867,Group: D,Group: A,Group: D vs Group: A,4,4,Blank_Blank_Blank
[TG(51:5)]_FA22:5,TAG,1439.4601020812988,1405.0200958251953,1394.7800979614258,1402.06010055542,1483.8200950622559,1406.10009765625,1374.1601028442383,1386.3401069641113,1377.9200897216797,Group: D,Group: A,Group: D vs Group: A,4,4,Blank_Blank_Blank
[TG(51:6)]_FA14:0,TAG,1007.5000762939453,973.3400611877441,1005.4600791931152,1047.2400703430176,992.880069732666,1046.300064086914,1073.0200805664062,1093.3400840759277,1074.180076599121,Group: D,Group: A,Group: D vs Group: A,4,4,Blank_Blank_Blank
[TG(51:6)]_FA16:0,TAG,1205.200080871582,1338.1200828552246,1352.720085144043,1136.1000671386719,1180.500072479248,1269.4400787353516,1300.3800888061523,1732.0601425170898,1090.3400840759277,Group: D,Group: A,Group: D vs Group: A,4,4,Blank_Blank_Blank
[TG(51:6)]_FA16:1,TAG,1069.5200691223145,1061.8800773620605,1076.5600700378418,1054.660068511963,1047.5600700378418,1119.8600845336914,1127.680088043213,1049.3200798034668,1049.0200691223145,Group: D,Group: A,Group: D vs Group: A,4,4,Blank_Blank_Blank
[TG(51:6)]_FA18:0,TAG,1008.4600677490234,1027.960075378418,1054.3400688171387,1036.7800788879395,1041.4600715637207,1062.560073852539,1042.180076599121,1068.0400733947754,969.2800674438477,Group: D,Group: A,Group: D vs Group: A,4,4,Blank_Blank_Blank
[TG(51:6)]_FA18:1,TAG,1223.1200790405273,1056.520076751709,1086.5400733947754,1126.2600746154785,1108.0800895690918,1144.5600814819336,1069.680076599121,1129.4800758361816,1112.0000839233398,Group: D,Group: A,Group: D vs Group: A,4,4,Blank_Blank_Blank
[TG(51:6)]_FA18:2,TAG,1101.8200798034668,1141.0400772094727,1162.020092010498,1099.9600677490234,1111.800064086914,1132.6000785827637,1235.4600944519043,1177.5400924682617,1088.2600860595703,Group: D,Group: A,Group: D vs Group: A,4,4,Blank_Blank_Blank
[TG(51:6)]_FA18:3,TAG,1172.3400917053223,1167.3000831604004,1175.5600776672363,1239.0000762939453,1203.2800788879395,1174.7600784301758,1182.3800964355469,1214.3000869750977,1171.9800643920898,Group: D,Group: A,Group: D vs Group: A,4,4,Blank_Blank_Blank
[TG(51:6)]_FA20:4,TAG,1247.1400909423828,1260.3400917053223,1250.3600807189941,1245.7800941467285,1246.3600845336914,1247.4801025390625,1248.440086364746,1248.7400970458984,1246.3200950622559,Group: D,Group: A,Group: D vs Group: A,4,4,Blank_Blank_Blank
[TG(51:6)]_FA22:5,TAG,1374.840103149414,1373.920093536377,1426.0401039123535,1444.8001098632812,1381.480094909668,1379.4400825500488,1379.840103149414,1376.8000946044922,1428.120101928711,Group: D,Group: A,Group: D vs Group: A,4,4,Blank_Blank_Blank
[TG(51:6)]_FA22:6,TAG,1511.2801055908203,1608.4001121520996,1555.5401077270508,1497.8001098632812,1520.0401000976562,1519.480110168457,1499.5601043701172,1578.1401176452637,1557.3601150512695,Group: D,Group: A,Group: D vs Group: A,4,4,Blank_Blank_Blank
"[TG(51:7),TG(50:0)]_FA14:0",TAG,1163.5000915527344,1023.4800643920898,1035.1400718688965,1140.4400787353516,1223.7800941467285,1328.3400802612305,1455.820110321045,1363.9000930786133,1076.820083618164,Group: D,Group: A,Group: D vs Group: A,4,4,Blank_Blank_Blank
"[TG(51:7),TG(50:0)]_FA16:0",TAG,13440.000953674316,15473.280715942383,10206.600662231445,9542.360580444336,5595.780284881592,10956.360652923584,25972.801956176758,20347.1019821167,1565.4401054382324,Group: D,Group: A,Group: D vs Group: A,4,4,Blank_Blank_Blank
"[TG(51:7),TG(50:0)]_FA16:1",TAG,1326.5200996398926,1172.1600761413574,1169.3200721740723,1095.4400901794434,1105.3000793457031,1089.220085144043,1656.4401245117188,1119.6400871276855,1048.1000709533691,Group: D,Group: A,Group: D vs Group: A,4,4,Blank_Blank_Blank
"[TG(51:7),TG(50:0)]_FA18:0",TAG,1611.640121459961,2206.820167541504,2787.380153656006,2444.2801933288574,1321.860092163086,1506.3400993347168,2277.020164489746,1825.60013961792,1968.160140991211,Group: D,Group: A,Group: D vs Group: A,4,4,Blank_Blank_Blank
"[TG(51:7),TG(50:0)]_FA18:1",TAG,2708.340244293213,1804.3801460266113,2773.9001998901367,1709.8200950622559,1098.6000747680664,1448.920108795166,1461.920108795166,3688.5402488708496,1172.3000793457031,Group: D,Group: A,Group: D vs Group: A,4,4,Blank_Blank_Blank
"[TG(51:7),TG(50:0)]_FA18:2",TAG,1166.9800758361816,1235.5000915527344,1182.2600784301758,1160.3400802612305,1222.8400955200195,1126.9200820922852,1167.7800750732422,1151.660068511963,1087.0200805664062,Group: D,Group: A,Group: D vs Group: A,4,4,Blank_Blank_Blank
"[TG(51:7),TG(50:0)]_FA18:3",TAG,1166.8400840759277,1166.3800888061523,1173.1000747680664,1168.6200828552246,1174.9400825500488,1192.1800804138184,1199.4000778198242,1172.4800834655762,1172.8800735473633,Group: D,Group: A,Group: D vs Group: A,4,4,Blank_Blank_Blank
"[TG(51:7),TG(50:0)]_FA20:4",TAG,1247.7600860595703,1248.9600944519043,1249.7400856018066,1245.3200874328613,1246.980094909668,1267.740077972412,1247.4000854492188,1248.5000839233398,1246.3800888061523,Group: D,Group: A,Group: D vs Group: A,4,4,Blank_Blank_Blank
"[TG(51:7),TG(50:0)]_FA22:5",TAG,1373.2400970458984,1373.56010055542,1387.2001037597656,1378.1200942993164,1396.120101928711,1405.440097808838,1374.0200958251953,1425.0601043701172,1375.2600936889648,Group: D,Group: A,Group: D vs Group: A,4,4,Blank_Blank_Blank
"[TG(51:7),TG(50:0)]_FA22:6",TAG,1547.220100402832,1499.4801063537598,1513.780117034912,1529.1401176452637,1611.6601066589355,1497.8801078796387,1500.0601043701172,1545.9401016235352,1523.9001083374023,Group: D,Group: A,Group: D vs Group: A,4,4,Blank_Blank_Blank
"[TG(51:8),TG(50:1)]_FA14:0",TAG,1414.660099029541,2343.000202178955,2089.800163269043,1672.9001159667969,1355.1200981140137,3190.120220184326,5264.100318908691,4107.500270843506,1093.7200736999512,Group: D,Group: A,Group: D vs Group: A,4,4,Blank_Blank_Blank
"[TG(51:8),TG(50:1)]_FA16:0",TAG,48362.74297332764,51976.10306549072,40621.922203063965,24739.261657714844,15003.241310119629,106527.51156616211,307751.91803741455,210690.52966308594,1665.0401344299316,Group: D,Group: A,Group: D vs Group: A,4,4,Blank_Blank_Blank
"[TG(51:8),TG(50:1)]_FA16:1",TAG,6666.1203689575195,8706.780700683594,3377.2802772521973,3888.160301208496,2160.7401542663574,3847.020252227783,32155.102787017822,4889.820392608643,1320.3000831604004,Group: D,Group: A,Group: D vs Group: A,4,4,Blank_Blank_Blank
"[TG(51:8),TG(50:1)]_FA18:0",TAG,1544.1001243591309,2121.5201568603516,2425.880199432373,1316.2400856018066,1123.160083770752,1356.0201034545898,2207.020164489746,1967.9601402282715,1135.1400833129883,Group: D,Group: A,Group: D vs Group: A,4,4,Blank_Blank_Blank
"[TG(51:8),TG(50:1)]_FA18:1",TAG,25245.34139251709,9967.760955810547,24139.961952209473,11634.300819396973,4092.18021774292,6835.0805740356445,25332.421836853027,49829.403102874756,2022.740135192871,Group: D,Group: A,Group: D vs Group: A,4,4,Blank_Blank_Blank
"[TG(51:8),TG(50:1)]_FA18:2",TAG,4282.100196838379,5058.500358581543,4682.580322265625,1263.4200859069824,2476.840171813965,3443.0002822875977,3240.040271759033,5656.8603439331055,1178.7800674438477,Group: D,Group: A,Group: D vs Group: A,4,4,Blank_Blank_Blank
"[TG(51:8),TG(50:1)]_FA18:3",TAG,1203.0000839233398,1223.660083770752,1168.0600852966309,1255.3800926208496,1163.0800743103027,1206.14009475708,1166.04008102417,1168.5800857543945,1173.3800888061523,Group: D,Group: A,Group: D vs Group: A,4,4,Blank_Blank_Blank
"[TG(51:8),TG(50:1)]_FA20:4",TAG,1246.700080871582,1249.7800903320312,1249.520092010498,1244.9600868225098,1247.4200820922852,1297.5800895690918,1248.3000831604004,1247.960090637207,1247.1200828552246,Group: D,Group: A,Group: D vs Group: A,4,4,Blank_Blank_Blank
"[TG(51:8),TG(50:1)]_FA22:5",TAG,1373.9000968933105,1449.3200950622559,1375.4000930786133,1379.0000953674316,1395.340103149414,1377.9201049804688,1417.5200958251953,1632.260124206543,1375.0801086425781,Group: D,Group: A,Group: D vs Group: A,4,4,Blank_Blank_Blank
"[TG(51:8),TG(50:1)]_FA22:6",TAG,1498.7801132202148,1528.1801071166992,1523.3401107788086,1499.2601127624512,1534.5401153564453,1534.460105895996,1558.9401092529297,1562.3601150512695,1603.9600982666016,Group: D,Group: A,Group: D vs Group: A,4,4,Blank_Blank_Blank
"[TG(51:9),TG(50:2)]_FA14:0",TAG,8313.540466308594,14774.061019897461,9490.860530853271,5834.320362091064,3612.0602378845215,15243.360820770264,32737.80299758911,26275.681491851807,1143.4000778198242,Group: D,Group: A,Group: D vs Group: A,4,4,Blank_Blank_Blank
"[TG(51:9),TG(50:2)]_FA16:0",TAG,57548.844787597656,58540.822998046875,55375.00344085693,33805.64197540283,20175.761840820312,152102.25387573242,464302.13271713257,108554.98861694336,1304.760097503662,Group: D,Group: A,Group: D vs Group: A,4,4,Blank_Blank_Blank
"[TG(51:9),TG(50:2)]_FA16:1",TAG,68045.14434432983,76704.20499420166,21657.961448669434,8184.42068862915,9121.200588226318,28471.421794891357,325628.59228897095,40843.08283996582,1861.8801345825195,Group: D,Group: A,Group: D vs Group: A,4,4,Blank_Blank_Blank
"[TG(51:9),TG(50:2)]_FA18:0",TAG,1326.940086364746,1318.1600799560547,1759.440113067627,1114.0800857543945,1115.0600814819336,1479.5801086425781,1273.0600929260254,1420.360107421875,1076.000087738037,Group: D,Group: A,Group: D vs Group: A,4,4,Blank_Blank_Blank
"[TG(51:9),TG(50:2)]_FA18:1",TAG,30723.922286987305,10792.380638122559,30080.00280380249,12363.140895843506,5910.380424499512,8307.800464630127,39748.382751464844,82493.88575363159,1695.4601402282715,Group: D,Group: A,Group: D vs Group: A,4,4,Blank_Blank_Blank
"[TG(51:9),TG(50:2)]_FA18:2",TAG,37264.04325866699,47545.864070892334,49359.1430015564,10451.100914001465,20361.62109375,24725.341999053955,31146.201721191406,59472.82514190674,1194.54008102417,Group: D,Group: A,Group: D vs Group: A,4,4,Blank_Blank_Blank
"[TG(51:9),TG(50:2)]_FA18:3",TAG,1196.2800827026367,1244.7200965881348,1266.440086364746,1325.0600852966309,1257.460090637207,1315.6000785827637,1248.3400840759277,1254.9600830078125,1255.4400787353516,Group: D,Group: A,Group: D vs Group: A,4,4,Blank_Blank_Blank
"[TG(51:9),TG(50:2)]_FA20:4",TAG,1247.6400909423828,1250.0000801086426,1250.1200866699219,1254.740089416504,1246.9800834655762,1272.5400886535645,1247.4000854492188,1247.580093383789,1248.7200889587402,Group: D,Group: A,Group: D vs Group: A,4,4,Blank_Blank_Blank
"[TG(51:9),TG(50:2)]_FA22:5",TAG,1471.480110168457,1421.6401100158691,1520.3401069641113,1609.8201026916504,1435.3600997924805,1563.1201095581055,1582.7201118469238,1480.2401008605957,1375.900089263916,Group: D,Group: A,Group: D vs Group: A,4,4,Blank_Blank_Blank
"[TG(51:9),TG(50:2)]_FA22:6",TAG,1609.6801300048828,1570.860122680664,1614.2601165771484,1508.1801071166992,1508.4400939941406,1599.620101928711,1766.4601211547852,1709.1401176452637,1671.7801132202148,Group: D,Group: A,Group: D vs Group: A,4,4,Blank_Blank_Blank
"[TG(52:10),TG(51:3)]_FA14:0",TAG,1057.8000679016113,1019.500072479248,1022.9000587463379,1030.6200828552246,966.8400688171387,1142.5200881958008,1112.240077972412,1151.2200813293457,1008.0600662231445,Group: D,Group: A,Group: D vs Group: A,4,4,Blank_Blank_Blank
"[TG(52:10),TG(51:3)]_FA16:0",TAG,4649.220184326172,4031.5802993774414,4561.740253448486,1956.6801261901855,1298.1000900268555,3582.740219116211,7440.560573577881,2682.580146789551,975.3400802612305,Group: D,Group: A,Group: D vs Group: A,4,4,Blank_Blank_Blank
"[TG(52:10),TG(51:3)]_FA16:1",TAG,2285.280158996582,2576.1602096557617,1900.3201179504395,1592.7801246643066,1128.4400825500488,1740.2800903320312,5858.040500640869,1738.900104522705,1417.8400802612305,Group: D,Group: A,Group: D vs Group: A,4,4,Blank_Blank_Blank
"[TG(52:10),TG(51:3)]_FA18:0",TAG,970.7800674438477,971.3400726318359,992.5600662231445,1017.4600715637207,970.9200592041016,969.6400680541992,1006.260066986084,969.5600624084473,969.6000709533691,Group: D,Group: A,Group: D vs Group: A,4,4,Blank_Blank_Blank
"[TG(52:10),TG(51:3)]_FA18:1",TAG,2901.880210876465,1773.700122833252,3655.4802474975586,2462.480155944824,1392.64009475708,1679.0801239013672,2427.3601684570312,3941.7602615356445,1182.3600807189941,Group: D,Group: A,Group: D vs Group: A,4,4,Blank_Blank_Blank
"[TG(52:10),TG(51:3)]_FA18:2",TAG,5983.980449676514,6357.200344085693,7171.600559234619,2244.4801330566406,3821.3002548217773,4429.960357666016,4423.960216522217,8750.540493011475,1343.5400848388672,Group: D,Group: A,Group: D vs Group: A,4,4,Blank_Blank_Blank
"[TG(52:10),TG(51:3)]_FA18:3",TAG,1209.5000762939453,1168.0800819396973,1217.2000732421875,1215.5000839233398,1162.8400840759277,1225.6600952148438,1222.9600982666016,1169.480079650879,1184.9800834655762,Group: D,Group: A,Group: D vs Group: A,4,4,Blank_Blank_Blank
"[TG(52:10),TG(51:3)]_FA20:4",TAG,1248.0600929260254,1247.500087738037,1265.1000862121582,1317.7600860595703,1247.0201034545898,1291.6800956726074,1248.6600914001465,1248.5600852966309,1247.2400856018066,Group: D,Group: A,Group: D vs Group: A,4,4,Blank_Blank_Blank
"[TG(52:10),TG(51:3)]_FA22:5",TAG,1455.1201133728027,1373.8800964355469,1375.360092163086,1407.920093536377,1380.6200981140137,1446.040096282959,1455.720100402832,1375.4001083374023,1375.720100402832,Group: D,Group: A,Group: D vs Group: A,4,4,Blank_Blank_Blank
"[TG(52:10),TG(51:3)]_FA22:6",TAG,1499.0201034545898,1555.020107269287,1497.820110321045,1498.1001014709473,1571.3601150512695,1501.0601043701172,1500.440113067627,1520.2801132202148,1498.5801010131836,Group: D,Group: A,Group: D vs Group: A,4,4,Blank_Blank_Blank
[TG(52:4)]_FA14:0,TAG,1522.860122680664,1741.2601585388184,1195.680088043213,1554.2001037597656,1167.700096130371,1759.920093536377,2565.620143890381,2090.180103302002,971.6200675964355,Group: D,Group: A,Group: D vs Group: A,4,4,Blank_Blank_Blank
[TG(52:4)]_FA16:0,TAG,154551.32863235474,63968.22373962402,113314.83268737793,94979.76795196533,25337.302253723145,162567.4335746765,337350.76822662354,270400.64656829834,1116.2600860595703,Group: D,Group: A,Group: D vs Group: A,4,4,Blank_Blank_Blank
[TG(52:4)]_FA16:1,TAG,61736.36377334595,80498.84549331665,31935.48134994507,16670.601104736328,9910.520805358887,40296.32231140137,405152.4065513611,54277.80365371704,1214.5000839233398,Group: D,Group: A,Group: D vs Group: A,4,4,Blank_Blank_Blank
[TG(52:4)]_FA18:0,TAG,1130.0600814819336,1132.1200866699219,1118.0400886535645,1202.0600814819336,1056.760066986084,1091.9600791931152,1273.740104675293,1134.140079498291,969.9800758361816,Group: D,Group: A,Group: D vs Group: A,4,4,Blank_Blank_Blank
[TG(52:4)]_FA18:1,TAG,31967.44228363037,15455.00104522705,59717.9054107666,34873.4619102478,8230.340633392334,12289.500553131104,55658.543422698975,100320.74765014648,1269.780086517334,Group: D,Group: A,Group: D vs Group: A,4,4,Blank_Blank_Blank
[TG(52:4)]_FA18:2,TAG,274246.7960586548,345616.35091400146,567454.0973129272,128153.99272155762,176623.5153427124,201509.4579925537,289290.11640930176,543670.5568161011,1365.160083770752,Group: D,Group: A,Group: D vs Group: A,4,4,Blank_Blank_Blank
[TG(52:4)]_FA18:3,TAG,7865.300651550293,8461.160404205322,12317.2407913208,19874.600902557373,6192.700489044189,26754.181690216064,28009.421504974365,13774.361339569092,1207.9200744628906,Group: D,Group: A,Group: D vs Group: A,4,4,Blank_Blank_Blank
[TG(52:4)]_FA20:4,TAG,2367.880168914795,2529.8001861572266,2054.7001571655273,2394.9601821899414,2076.7401428222656,3197.900260925293,2682.8801918029785,2051.70015335083,1258.7600936889648,Group: D,Group: A,Group: D vs Group: A,4,4,Blank_Blank_Blank
[TG(52:5)]_FA14:0,TAG,1138.0400886535645,1974.8001556396484,1784.2801322937012,1432.0601119995117,1076.220069885254,1724.060131072998,2689.0802574157715,1259.0400848388672,970.6400680541992,Group: D,Group: A,Group: D vs Group: A,4,4,Blank_Blank_Blank
[TG(52:5)]_FA16:0,TAG,6561.600570678711,7087.160491943359,11656.861122131348,9186.580543518066,4148.64030456543,16036.160869598389,34679.142208099365,30254.241748809814,984.1600723266602,Group: D,Group: A,Group: D vs Group: A,4,4,Blank_Blank_Blank
[TG(52:5)]_FA16:1,TAG,23644.40168762207,32942.62130737305,17681.821132659912,13046.18115234375,5550.620300292969,18196.60158920288,131109.3903312683,18813.961212158203,1087.940071105957,Group: D,Group: A,Group: D vs Group: A,4,4,Blank_Blank_Blank
[TG(52:5)]_FA18:0,TAG,971.2400741577148,984.4800682067871,1007.2000770568848,974.260082244873,1051.6200714111328,974.120059967041,1020.5200805664062,968.6600761413574,1084.7600860595703,Group: D,Group: A,Group: D vs Group: A,4,4,Blank_Blank_Blank
[TG(52:5)]_FA18:1,TAG,2791.940231323242,2034.2801055908203,5369.640285491943,4063.4003715515137,1441.8001022338867,1814.3001136779785,3980.140224456787,6969.280414581299,1066.260082244873,Group: D,Group: A,Group: D vs Group: A,4,4,Blank_Blank_Blank
[TG(52:5)]_FA18:2,TAG,46496.02380371094,61569.02507019043,103673.31016540527,23145.90139389038,28597.70189666748,39584.60149002075,52912.283531188965,105875.96691131592,1202.1600914001465,Group: D,Group: A,Group: D vs Group: A,4,4,Blank_Blank_Blank
[TG(52:5)]_FA18:3,TAG,7412.000576019287,9974.800785064697,13330.480854034424,27687.341480255127,6035.42041015625,25927.24130630493,24409.06135559082,11401.040767669678,1271.3600959777832,Group: D,Group: A,Group: D vs Group: A,4,4,Blank_Blank_Blank
[TG(52:5)]_FA20:4,TAG,1911.8401336669922,2957.9201850891113,2216.8801651000977,2519.000213623047,1799.9001274108887,3817.8003273010254,3920.1002311706543,2653.1801834106445,1247.2000923156738,Group: D,Group: A,Group: D vs Group: A,4,4,Blank_Blank_Blank
[TG(52:5)]_FA22:5,TAG,1673.3601341247559,1935.6001243591309,2010.4001388549805,1834.4601097106934,1480.940113067627,1790.940128326416,2049.3401412963867,1818.0201034545898,1440.6600914001465,Group: D,Group: A,Group: D vs Group: A,4,4,Blank_Blank_Blank
[TG(52:6)]_FA14:0,TAG,1051.6800842285156,1562.380126953125,1235.7200889587402,1177.780086517334,1064.0400695800781,1771.8401527404785,2022.8001289367676,1131.2800788879395,970.9600639343262,Group: D,Group: A,Group: D vs Group: A,4,4,Blank_Blank_Blank
[TG(52:6)]_FA16:0,TAG,2251.4201698303223,1541.140121459961,2477.7801628112793,1468.2601013183594,1820.720100402832,1894.8201217651367,4176.640254974365,2548.6001930236816,1057.740077972412,Group: D,Group: A,Group: D vs Group: A,4,4,Blank_Blank_Blank
[TG(52:6)]_FA16:1,TAG,4169.300277709961,4774.420314788818,2517.560188293457,2426.8201446533203,1648.8001022338867,2890.5602416992188,13563.080661773682,3157.1802139282227,1047.960075378418,Group: D,Group: A,Group: D vs Group: A,4,4,Blank_Blank_Blank
[TG(52:6)]_FA18:0,TAG,969.9800643920898,1032.4000778198242,970.2200698852539,1019.1800765991211,987.1000633239746,970.1800689697266,1013.0400733947754,968.5200614929199,1008.7400703430176,Group: D,Group: A,Group: D vs Group: A,4,4,Blank_Blank_Blank
[TG(52:6)]_FA18:1,TAG,1183.6200828552246,1060.1400756835938,1213.6600952148438,1369.6401023864746,1080.9800834655762,1110.3200759887695,1324.0000953674316,1376.700107574463,1053.560073852539,Group: D,Group: A,Group: D vs Group: A,4,4,Blank_Blank_Blank
[TG(52:6)]_FA18:2,TAG,5178.860279083252,5517.040302276611,7753.160552978516,3476.5202140808105,3301.5602416992188,3968.920280456543,4495.800430297852,8373.440433502197,1086.4800605773926,Group: D,Group: A,Group: D vs Group: A,4,4,Blank_Blank_Blank
[TG(52:6)]_FA18:3,TAG,2748.5601921081543,2853.760238647461,3833.960250854492,6336.60050201416,2377.3601303100586,5080.92036819458,5767.900367736816,3603.660202026367,1173.0200805664062,Group: D,Group: A,Group: D vs Group: A,4,4,Blank_Blank_Blank
[TG(52:6)]_FA20:4,TAG,1527.3601112365723,1989.0001373291016,1424.7201118469238,1890.6601333618164,1278.4800872802734,2114.6601371765137,1610.7401084899902,2248.0801734924316,1275.6400833129883,Group: D,Group: A,Group: D vs Group: A,4,4,Blank_Blank_Blank
[TG(52:6)]_FA22:5,TAG,1373.740089416504,1403.6200904846191,1374.7400932312012,1583.0801086425781,1386.200080871582,1658.9001197814941,1543.7201118469238,1616.6001205444336,1410.4401016235352,Group: D,Group: A,Group: D vs Group: A,4,4,Blank_Blank_Blank
[TG(52:6)]_FA22:6,TAG,1899.720142364502,1820.60013961792,1882.7801322937012,1676.260124206543,1635.2201118469238,1682.4801177978516,2817.9601821899414,1980.6801261901855,1563.0001182556152,Group: D,Group: A,Group: D vs Group: A,4,4,Blank_Blank_Blank
"[TG(52:7),TG(51:0)]_FA14:0",TAG,1139.3600807189941,1130.680088043213,1268.7800827026367,1067.440071105957,1022.9600639343262,1153.4000816345215,1224.4800834655762,1231.3200912475586,1062.6600723266602,Group: D,Group: A,Group: D vs Group: A,4,4,Blank_Blank_Blank
"[TG(52:7),TG(51:0)]_FA16:0",TAG,1963.6801414489746,1797.8001441955566,1690.6401138305664,1461.9600982666016,1455.4801025390625,1998.0401344299316,2159.9001388549805,1636.700122833252,1088.220069885254,Group: D,Group: A,Group: D vs Group: A,4,4,Blank_Blank_Blank
"[TG(52:7),TG(51:0)]_FA16:1",TAG,1476.0601081848145,1391.6000938415527,1313.5800857543945,1219.480079650879,1124.9200744628906,1244.300090789795,2109.560173034668,1366.980094909668,1202.3000793457031,Group: D,Group: A,Group: D vs Group: A,4,4,Blank_Blank_Blank
"[TG(52:7),TG(51:0)]_FA18:0",TAG,1021.8000793457031,1117.5400695800781,1143.8400840759277,1137.660083770752,1068.7800788879395,1034.7400703430176,1070.0400733947754,1191.3400840759277,1067.1000862121582,Group: D,Group: A,Group: D vs Group: A,4,4,Blank_Blank_Blank
"[TG(52:7),TG(51:0)]_FA18:1",TAG,1176.6000862121582,1049.4600830078125,1086.220069885254,1152.8600769042969,1056.3800811767578,1085.0400733947754,1166.4800872802734,1161.3600769042969,1078.000072479248,Group: D,Group: A,Group: D vs Group: A,4,4,Blank_Blank_Blank
"[TG(52:7),TG(51:0)]_FA18:2",TAG,1223.6000862121582,1467.16011428833,1565.4601287841797,1548.340129852295,1497.4001007080078,1277.0600891113281,1249.3000946044922,1640.340103149414,1087.7200813293457,Group: D,Group: A,Group: D vs Group: A,4,4,Blank_Blank_Blank
"[TG(52:7),TG(51:0)]_FA18:3",TAG,1205.480079650879,1210.4000778198242,1336.4200973510742,1636.9201202392578,1254.8200912475586,1536.400104522705,1211.9800872802734,1182.600082397461,1189.1600799560547,Group: D,Group: A,Group: D vs Group: A,4,4,Blank_Blank_Blank
"[TG(52:7),TG(51:0)]_FA20:4",TAG,1248.7800903320312,1263.3800964355469,1320.660099029541,1345.120101928711,1248.000099182129,1290.5000915527344,1339.6200904846191,1296.040096282959,1247.160083770752,Group: D,Group: A,Group: D vs Group: A,4,4,Blank_Blank_Blank
"[TG(52:7),TG(51:0)]_FA22:5",TAG,1409.9600868225098,1431.980094909668,1519.620101928711,1398.680103302002,1416.840087890625,1378.8000946044922,1374.3801002502441,1425.1401023864746,1374.7401084899902,Group: D,Group: A,Group: D vs Group: A,4,4,Blank_Blank_Blank
"[TG(52:7),TG(51:0)]_FA22:6",TAG,1602.64009475708,1567.3401145935059,1803.9601364135742,1506.5601081848145,1649.860122680664,1610.1201133728027,2440.6401710510254,1648.6001205444336,1558.7201232910156,Group: D,Group: A,Group: D vs Group: A,4,4,Blank_Blank_Blank
"[TG(52:8),TG(51:1)]_FA14:0",TAG,993.7800712585449,987.5000686645508,987.3600845336914,1006.2200775146484,1028.2400741577148,1008.5800743103027,1045.9600715637207,1051.8600883483887,1021.7800674438477,Group: D,Group: A,Group: D vs Group: A,4,4,Blank_Blank_Blank
"[TG(52:8),TG(51:1)]_FA16:0",TAG,1780.720127105713,3318.1802673339844,2831.000156402588,2619.9802055358887,1296.640079498291,1798.4601440429688,4723.420364379883,4160.040351867676,1116.4000778198242,Group: D,Group: A,Group: D vs Group: A,4,4,Blank_Blank_Blank
"[TG(52:8),TG(51:1)]_FA16:1",TAG,1272.9200820922852,1124.740077972412,1255.6000785827637,1121.780071258545,1071.3800811767578,1136.4400749206543,1445.5601043701172,1113.2200775146484,1076.0400772094727,Group: D,Group: A,Group: D vs Group: A,4,4,Blank_Blank_Blank
"[TG(52:8),TG(51:1)]_FA18:0",TAG,1268.0600967407227,1165.680088043213,1167.9600830078125,1144.2800827026367,1046.760082244873,1005.9800643920898,1001.9800682067871,1160.2800788879395,1046.9800720214844,Group: D,Group: A,Group: D vs Group: A,4,4,Blank_Blank_Blank
"[TG(52:8),TG(51:1)]_FA18:1",TAG,1855.4601516723633,1325.0000801086426,1764.2401161193848,1737.260108947754,1308.920093536377,1529.8600997924805,1468.9800872802734,3009.6202125549316,1394.6000938415527,Group: D,Group: A,Group: D vs Group: A,4,4,Blank_Blank_Blank
"[TG(52:8),TG(51:1)]_FA18:2",TAG,1279.7000885009766,1278.04008102417,1232.3600845336914,1178.8000793457031,1227.9800872802734,1142.220085144043,1275.9400825500488,1184.1200714111328,1088.0600776672363,Group: D,Group: A,Group: D vs Group: A,4,4,Blank_Blank_Blank
"[TG(52:8),TG(51:1)]_FA18:3",TAG,1210.9000816345215,1217.1800804138184,1166.5000839233398,1274.3800888061523,1162.800090789795,1172.4800720214844,1221.840087890625,1169.020076751709,1172.6400756835938,Group: D,Group: A,Group: D vs Group: A,4,4,Blank_Blank_Blank
"[TG(52:8),TG(51:1)]_FA20:4",TAG,1256.3201026916504,1248.0600852966309,1249.7800903320312,1251.7600936889648,1247.9200820922852,1247.1400909423828,1256.6200904846191,1248.8000831604004,1245.9200897216797,Group: D,Group: A,Group: D vs Group: A,4,4,Blank_Blank_Blank
"[TG(52:8),TG(51:1)]_FA22:5",TAG,1396.3801002502441,1401.8200950622559,1472.0601043701172,1437.6001014709473,1446.660099029541,1471.0001106262207,1460.6401023864746,1444.9000968933105,1465.2601051330566,Group: D,Group: A,Group: D vs Group: A,4,4,Blank_Blank_Blank
"[TG(52:8),TG(51:1)]_FA22:6",TAG,1499.240104675293,1498.56010055542,1627.6201171875,1594.2201118469238,1522.4401092529297,1573.0801162719727,1550.6801109313965,1543.720115661621,1540.2201042175293,Group: D,Group: A,Group: D vs Group: A,4,4,Blank_Blank_Blank
"[TG(52:9),TG(51:2)]_FA14:0",TAG,1105.2600784301758,1017.1000633239746,1067.5400772094727,990.4800643920898,1026.6000671386719,1247.020092010498,1128.0600814819336,1050.5400733947754,974.5800628662109,Group: D,Group: A,Group: D vs Group: A,4,4,Blank_Blank_Blank
"[TG(52:9),TG(51:2)]_FA16:0",TAG,6756.200542449951,3186.0401611328125,2846.880256652832,2084.0401458740234,1836.1401290893555,5478.780437469482,11059.940704345703,9612.960723876953,972.8800735473633,Group: D,Group: A,Group: D vs Group: A,4,4,Blank_Blank_Blank
"[TG(52:9),TG(51:2)]_FA16:1",TAG,1762.460147857666,1839.5001258850098,1474.2600936889648,1410.9401092529297,1162.8200798034668,1687.8401145935059,3224.6801719665527,1404.920108795166,1446.520092010498,Group: D,Group: A,Group: D vs Group: A,4,4,Blank_Blank_Blank
"[TG(52:9),TG(51:2)]_FA18:0",TAG,1104.740089416504,971.5400695800781,1189.0200881958008,1090.7000846862793,1024.2800750732422,1007.8400726318359,986.8000717163086,969.080078125,999.8400764465332,Group: D,Group: A,Group: D vs Group: A,4,4,Blank_Blank_Blank
"[TG(52:9),TG(51:2)]_FA18:1",TAG,4610.900375366211,2369.240161895752,4771.940326690674,3065.660259246826,1494.4401054382324,2099.740135192871,4053.4802627563477,7873.360580444336,1498.3401145935059,Group: D,Group: A,Group: D vs Group: A,4,4,Blank_Blank_Blank
"[TG(52:9),TG(51:2)]_FA18:2",TAG,2660.320224761963,2035.7401084899902,2811.6002044677734,1232.3600807189941,1774.1001434326172,2032.3401527404785,2093.6001205444336,3131.2402725219727,1110.3000793457031,Group: D,Group: A,Group: D vs Group: A,4,4,Blank_Blank_Blank
"[TG(52:9),TG(51:2)]_FA18:3",TAG,1167.1800842285156,1167.0800743103027,1167.1200828552246,1168.3400840759277,1162.8200721740723,1233.9400901794434,1186.5800819396973,1170.420078277588,1172.1600761413574,Group: D,Group: A,Group: D vs Group: A,4,4,Blank_Blank_Blank
"[TG(52:9),TG(51:2)]_FA20:4",TAG,1263.7800941467285,1249.7600746154785,1249.9400787353516,1245.0000801086426,1247.6800956726074,1255.9000968933105,1248.000087738037,1247.8801002502441,1246.9600830078125,Group: D,Group: A,Group: D vs Group: A,4,4,Blank_Blank_Blank
"[TG(52:9),TG(51:2)]_FA22:5",TAG,1384.940097808838,1374.6800994873047,1378.9400939941406,1409.3800888061523,1376.8000946044922,1393.5200843811035,1386.7601013183594,1462.4801025390625,1400.6000938415527,Group: D,Group: A,Group: D vs Group: A,4,4,Blank_Blank_Blank
"[TG(52:9),TG(51:2)]_FA22:6",TAG,1535.8801193237305,1563.8000984191895,1518.060115814209,1498.060115814209,1518.7601013183594,1550.2800979614258,1531.58012008667,1518.5801086425781,1498.5001029968262,Group: D,Group: A,Group: D vs Group: A,4,4,Blank_Blank_Blank
"[TG(53:10),TG(52:3)]_FA14:0",TAG,1677.5801391601562,2402.440200805664,2019.0401763916016,1424.020118713379,1325.3200874328613,2325.960189819336,2783.4802017211914,2830.2201652526855,971.0200691223145,Group: D,Group: A,Group: D vs Group: A,4,4,Blank_Blank_Blank
"[TG(53:10),TG(52:3)]_FA16:0",TAG,484839.98626708984,200052.53443145752,271612.6316680908,174864.8322944641,63949.904804229736,405692.78342819214,1322516.6413269043,938057.9794769287,1291.5000915527344,Group: D,Group: A,Group: D vs Group: A,4,4,Blank_Blank_Blank
"[TG(53:10),TG(52:3)]_FA16:1",TAG,57892.50344085693,72742.96467971802,18843.20127105713,9693.880744934082,7636.340393066406,30036.68265914917,394315.8911933899,54032.143352508545,1544.06010055542,Group: D,Group: A,Group: D vs Group: A,4,4,Blank_Blank_Blank
"[TG(53:10),TG(52:3)]_FA18:0",TAG,2198.1601753234863,4675.920211791992,5027.800453186035,4370.6003341674805,1929.12015914917,3349.860237121582,4716.700325012207,1928.900161743164,1024.2000732421875,Group: D,Group: A,Group: D vs Group: A,4,4,Blank_Blank_Blank
"[TG(53:10),TG(52:3)]_FA18:1",TAG,227949.3379020691,95195.16683197021,380301.2249259949,172337.73286437988,45958.184520721436,66226.18293380737,280104.25580215454,591377.2544403076,2161.1401443481445,Group: D,Group: A,Group: D vs Group: A,4,4,Blank_Blank_Blank
"[TG(53:10),TG(52:3)]_FA18:2",TAG,384438.92205810547,470048.19692230225,622357.5566329956,94778.42650222778,219932.35889434814,259352.03661346436,409809.25365448,809607.3261566162,1596.5001182556152,Group: D,Group: A,Group: D vs Group: A,4,4,Blank_Blank_Blank
"[TG(53:10),TG(52:3)]_FA18:3",TAG,1817.0201416015625,2051.680145263672,2350.8202018737793,3194.7802238464355,1645.860149383545,4398.920234680176,3815.780242919922,2718.9602012634277,1199.7400741577148,Group: D,Group: A,Group: D vs Group: A,4,4,Blank_Blank_Blank
"[TG(53:10),TG(52:3)]_FA20:4",TAG,1308.980079650879,1295.1800956726074,1294.2800941467285,1323.6000938415527,1263.2000885009766,1425.6800994873047,1305.6800956726074,1348.4201049804688,1247.10009765625,Group: D,Group: A,Group: D vs Group: A,4,4,Blank_Blank_Blank
"[TG(53:10),TG(52:3)]_FA22:5",TAG,2952.760227203369,2727.8602142333984,2591.66015625,2237.420154571533,1896.6601486206055,2845.220203399658,4558.6403465271,3356.160228729248,1376.4600982666016,Group: D,Group: A,Group: D vs Group: A,4,4,Blank_Blank_Blank
"[TG(53:10),TG(52:3)]_FA22:6",TAG,1552.0801124572754,1720.2801094055176,1677.1201133728027,1509.2801055908203,1515.560115814209,1576.1601181030273,1848.1001319885254,1784.5001373291016,1532.10009765625,Group: D,Group: A,Group: D vs Group: A,4,4,Blank_Blank_Blank
[TG(53:6)]_FA14:0,TAG,973.1600723266602,1013.8200721740723,974.8600807189941,1021.2000885009766,989.0800666809082,1013.0800666809082,1017.5000686645508,1123.420093536377,970.6000709533691,Group: D,Group: A,Group: D vs Group: A,4,4,Blank_Blank_Blank
[TG(53:6)]_FA16:0,TAG,1287.2600860595703,1185.3400917053223,1032.000072479248,1167.4600791931152,1178.4800758361816,1140.7800903320312,1063.0000762939453,1113.0000762939453,969.5000534057617,Group: D,Group: A,Group: D vs Group: A,4,4,Blank_Blank_Blank
[TG(53:6)]_FA16:1,TAG,1051.0400657653809,1060.5400733947754,1066.700065612793,1079.7200660705566,1047.8000717163086,1069.0600776672363,1350.3200759887695,1049.5400733947754,1047.8000755310059,Group: D,Group: A,Group: D vs Group: A,4,4,Blank_Blank_Blank
[TG(53:6)]_FA18:0,TAG,1062.8800735473633,1079.5600852966309,1162.260082244873,1000.0600852966309,970.200065612793,969.2200622558594,1000.1000709533691,968.4800567626953,970.0600700378418,Group: D,Group: A,Group: D vs Group: A,4,4,Blank_Blank_Blank
[TG(53:6)]_FA18:1,TAG,1051.0400772094727,1069.720069885254,1130.8800735473633,1090.6800842285156,1147.700080871582,1090.3600769042969,1094.9000816345215,1166.4200820922852,1054.3600692749023,Group: D,Group: A,Group: D vs Group: A,4,4,Blank_Blank_Blank
[TG(53:6)]_FA18:2,TAG,1465.600112915039,1471.8200874328613,1792.5401420593262,1194.8000793457031,1298.4000854492188,1091.8800773620605,1178.5400886535645,1722.0601387023926,1106.940071105957,Group: D,Group: A,Group: D vs Group: A,4,4,Blank_Blank_Blank
[TG(53:6)]_FA18:3,TAG,1167.3200874328613,1166.8000831604004,1284.240089416504,1659.7601127624512,1244.320083618164,1275.6200866699219,1264.440097808838,1347.8601036071777,1213.3200874328613,Group: D,Group: A,Group: D vs Group: A,4,4,Blank_Blank_Blank
[TG(53:6)]_FA20:4,TAG,1319.7401008605957,1402.7600898742676,1334.480079650879,1305.260097503662,1246.4600868225098,1587.8801040649414,1406.0401039123535,1362.2401008605957,1293.8200874328613,Group: D,Group: A,Group: D vs Group: A,4,4,Blank_Blank_Blank
[TG(53:6)]_FA22:5,TAG,1503.040111541748,1381.6401023864746,1447.540096282959,1379.5600967407227,1393.660099029541,1437.020092010498,1433.5800971984863,1376.0400886535645,1376.1401023864746,Group: D,Group: A,Group: D vs Group: A,4,4,Blank_Blank_Blank
[TG(53:6)]_FA22:6,TAG,1522.0001068115234,1614.520107269287,1646.3601188659668,1523.3200988769531,1584.720100402832,1596.7401161193848,1809.920108795166,1540.9201011657715,1532.1001052856445,Group: D,Group: A,Group: D vs Group: A,4,4,Blank_Blank_Blank
"[TG(53:7),TG(52:0)]_FA14:0",TAG,1019.9000663757324,1072.7800750732422,1033.3800773620605,974.2000694274902,1220.9400939941406,1040.5400772094727,1158.3200759887695,1230.56010055542,1252.3200950622559,Group: D,Group: A,Group: D vs Group: A,4,4,Blank_Blank_Blank
"[TG(53:7),TG(52:0)]_FA16:0",TAG,3836.940254211426,3674.7402534484863,2498.16019821167,3444.900215148926,2516.920196533203,2891.860210418701,6155.680347442627,4592.800277709961,1262.2600936889648,Group: D,Group: A,Group: D vs Group: A,4,4,Blank_Blank_Blank
"[TG(53:7),TG(52:0)]_FA16:1",TAG,1054.1800804138184,1079.4600677490234,1086.7600708007812,1195.6000785827637,1048.400074005127,1049.3000793457031,1176.200096130371,1050.200065612793,1068.4000701904297,Group: D,Group: A,Group: D vs Group: A,4,4,Blank_Blank_Blank
"[TG(53:7),TG(52:0)]_FA18:0",TAG,2031.3601188659668,3238.26021194458,2640.1801719665527,1866.6201210021973,1446.0601119995117,1355.6400909423828,2863.040225982666,1358.6001014709473,1900.0801277160645,Group: D,Group: A,Group: D vs Group: A,4,4,Blank_Blank_Blank
"[TG(53:7),TG(52:0)]_FA18:1",TAG,1698.2601203918457,1258.600082397461,1657.2601127624512,1148.180076599121,1204.6400909423828,1141.220085144043,1816.8801231384277,2649.6401977539062,1084.100082397461,Group: D,Group: A,Group: D vs Group: A,4,4,Blank_Blank_Blank
"[TG(53:7),TG(52:0)]_FA18:2",TAG,1116.340072631836,1349.6400833129883,1296.1000862121582,1144.820068359375,1127.740077972412,1158.0600776672363,1137.0600814819336,1267.200080871582,1087.54008102417,Group: D,Group: A,Group: D vs Group: A,4,4,Blank_Blank_Blank
"[TG(53:7),TG(52:0)]_FA18:3",TAG,1166.7000885009766,1266.460090637207,1179.1200904846191,1293.0600967407227,1162.6000862121582,1215.04008102417,1202.660083770752,1190.4400787353516,1172.080078125,Group: D,Group: A,Group: D vs Group: A,4,4,Blank_Blank_Blank
"[TG(53:7),TG(52:0)]_FA20:4",TAG,1248.3800964355469,1289.2200889587402,1316.2400970458984,1299.7600936889648,1255.3600883483887,1267.3800811767578,1247.6800918579102,1247.840087890625,1247.6800842285156,Group: D,Group: A,Group: D vs Group: A,4,4,Blank_Blank_Blank
"[TG(53:7),TG(52:0)]_FA22:5",TAG,1373.180103302002,1451.4001007080078,1381.5200958251953,1379.2600860595703,1425.4201011657715,1402.720100402832,1374.3801040649414,1405.3400993347168,1434.500087738037,Group: D,Group: A,Group: D vs Group: A,4,4,Blank_Blank_Blank
"[TG(53:7),TG(52:0)]_FA22:6",TAG,1569.8401069641113,1531.3201065063477,1565.5401039123535,1604.7401161193848,1592.600112915039,1514.9601097106934,1693.8401107788086,1598.360107421875,1498.3601036071777,Group: D,Group: A,Group: D vs Group: A,4,4,Blank_Blank_Blank
"[TG(53:8),TG(52:1)]_FA14:0",TAG,1143.9800872802734,1145.1600875854492,1070.600082397461,1004.7800712585449,1012.3600692749023,1274.1600875854492,1263.64009475708,1185.5000801086426,983.9000701904297,Group: D,Group: A,Group: D vs Group: A,4,4,Blank_Blank_Blank
"[TG(53:8),TG(52:1)]_FA16:0",TAG,42242.26338195801,43333.862548828125,37089.702167510986,9145.780475616455,6256.640308380127,25182.822299957275,99730.10943222046,74067.58673858643,1064.1000709533691,Group: D,Group: A,Group: D vs Group: A,4,4,Blank_Blank_Blank
"[TG(53:8),TG(52:1)]_FA16:1",TAG,1483.9801025390625,1786.3801383972168,1390.4600982666016,1152.080078125,1160.1600761413574,1255.2600936889648,3143.0402221679688,1320.0600891113281,1047.4400634765625,Group: D,Group: A,Group: D vs Group: A,4,4,Blank_Blank_Blank
"[TG(53:8),TG(52:1)]_FA18:0",TAG,7732.600490570068,11093.34090423584,14547.001434326172,8026.640460968018,3655.820266723633,7800.540637969971,12340.020999908447,10492.280654907227,1242.9200820922852,Group: D,Group: A,Group: D vs Group: A,4,4,Blank_Blank_Blank
"[TG(53:8),TG(52:1)]_FA18:1",TAG,21890.621742248535,9191.620594024658,25778.221965789795,10219.020862579346,4513.780426025391,5703.120311737061,24312.141174316406,56560.12325286865,1997.0201416015625,Group: D,Group: A,Group: D vs Group: A,4,4,Blank_Blank_Blank
"[TG(53:8),TG(52:1)]_FA18:2",TAG,2264.4801177978516,2294.9601554870605,2595.5401573181152,1303.0000839233398,1541.540111541748,1737.4201202392578,2173.660182952881,3403.720226287842,1095.1400680541992,Group: D,Group: A,Group: D vs Group: A,4,4,Blank_Blank_Blank
"[TG(53:8),TG(52:1)]_FA18:3",TAG,1166.8400917053223,1204.760082244873,1167.160083770752,1216.7200813293457,1188.5200881958008,1174.1600723266602,1165.5400886535645,1169.2800788879395,1171.9400787353516,Group: D,Group: A,Group: D vs Group: A,4,4,Blank_Blank_Blank
"[TG(53:8),TG(52:1)]_FA20:4",TAG,1259.1000862121582,1268.2800827026367,1290.700096130371,1326.9401016235352,1247.1200866699219,1283.2800941467285,1248.2200927734375,1248.740089416504,1300.4200897216797,Group: D,Group: A,Group: D vs Group: A,4,4,Blank_Blank_Blank
"[TG(53:8),TG(52:1)]_FA22:5",TAG,1402.5200958251953,1374.5401039123535,1374.7601013183594,1399.740089416504,1392.1601028442383,1442.6400909423828,1431.7600936889648,1397.8000946044922,1376.2200965881348,Group: D,Group: A,Group: D vs Group: A,4,4,Blank_Blank_Blank
"[TG(53:8),TG(52:1)]_FA22:6",TAG,1498.6801109313965,1581.4401054382324,1524.1001052856445,1498.740104675293,1592.2001152038574,1512.9801063537598,1539.400104522705,1579.6801109313965,1498.5401077270508,Group: D,Group: A,Group: D vs Group: A,4,4,Blank_Blank_Blank
"[TG(53:9),TG(52:2)]_FA14:0",TAG,1219.2400932312012,1923.3201522827148,1414.4201126098633,1345.4000968933105,1147.8800773620605,1702.0801277160645,2670.74019241333,1498.6600952148438,1001.1000671386719,Group: D,Group: A,Group: D vs Group: A,4,4,Blank_Blank_Blank
"[TG(53:9),TG(52:2)]_FA16:0",TAG,354818.51052856445,383698.0420227051,368449.3148574829,67451.32391357422,38217.74286651611,253978.8980140686,1012928.5000457764,729603.6077575684,1303.7601013183594,Group: D,Group: A,Group: D vs Group: A,4,4,Blank_Blank_Blank
"[TG(53:9),TG(52:2)]_FA16:1",TAG,7962.180641174316,7802.02038192749,3068.680233001709,4382.200401306152,1988.6601371765137,4160.040332794189,47343.8228263855,6394.140579223633,1304.320083618164,Group: D,Group: A,Group: D vs Group: A,4,4,Blank_Blank_Blank
"[TG(53:9),TG(52:2)]_FA18:0",TAG,8878.00076675415,13752.900951385498,20249.281379699707,10156.860542297363,5292.740524291992,7914.240432739258,14769.50086593628,9269.600490570068,1092.5400733947754,Group: D,Group: A,Group: D vs Group: A,4,4,Blank_Blank_Blank
"[TG(53:9),TG(52:2)]_FA18:1",TAG,257936.69905853271,91879.24380111694,313936.9966239929,99588.56628036499,37264.302700042725,53684.7633934021,285019.27127075195,702072.668132782,3228.4402046203613,Group: D,Group: A,Group: D vs Group: A,4,4,Blank_Blank_Blank
"[TG(53:9),TG(52:2)]_FA18:2",TAG,36213.562717437744,44625.763122558594,56899.68486404419,8582.600624084473,21835.26118850708,23951.661617279053,33438.38269042969,76033.08289718628,1093.7200813293457,Group: D,Group: A,Group: D vs Group: A,4,4,Blank_Blank_Blank
"[TG(53:9),TG(52:2)]_FA18:3",TAG,1288.2000923156738,1227.4400901794434,1236.9400901794434,1356.4800987243652,1163.580093383789,1265.4401016235352,1239.240077972412,1170.4200859069824,1172.4400825500488,Group: D,Group: A,Group: D vs Group: A,4,4,Blank_Blank_Blank
"[TG(53:9),TG(52:2)]_FA20:4",TAG,1247.4601020812988,1250.1000862121582,1272.4000930786133,1245.3200950622559,1247.1800956726074,1246.500087738037,1247.9000968933105,1248.6200942993164,1247.1600914001465,Group: D,Group: A,Group: D vs Group: A,4,4,Blank_Blank_Blank
"[TG(53:9),TG(52:2)]_FA22:5",TAG,1523.14009475708,1710.9801406860352,1694.3601036071777,1528.540096282959,1475.5001068115234,1802.1001319885254,1944.1601333618164,1835.880111694336,1672.4601135253906,Group: D,Group: A,Group: D vs Group: A,4,4,Blank_Blank_Blank
"[TG(53:9),TG(52:2)]_FA22:6",TAG,1502.4801177978516,1506.1801071166992,1521.4001121520996,1547.0201110839844,1514.2201080322266,1497.760097503662,1534.420108795166,1591.3801155090332,1525.5801086425781,Group: D,Group: A,Group: D vs Group: A,4,4,Blank_Blank_Blank
"[TG(54:10),TG(53:3)]_FA14:0",TAG,973.1000747680664,974.2200698852539,1113.7400817871094,1011.8400726318359,967.4000701904297,1037.3000717163086,1030.6200675964355,1058.1600723266602,986.6000709533691,Group: D,Group: A,Group: D vs Group: A,4,4,Blank_Blank_Blank
"[TG(54:10),TG(53:3)]_FA16:0",TAG,1297.1600914001465,2301.9202041625977,2940.8002128601074,2505.880153656006,2016.66015625,2264.5601119995117,4086.720226287842,3390.1202697753906,978.7200813293457,Group: D,Group: A,Group: D vs Group: A,4,4,Blank_Blank_Blank
"[TG(54:10),TG(53:3)]_FA16:1",TAG,1390.0200996398926,1555.020118713379,1647.9201126098633,1270.2601013183594,1050.160068511963,1378.3000946044922,2232.0801429748535,1218.3800964355469,1099.900074005127,Group: D,Group: A,Group: D vs Group: A,4,4,Blank_Blank_Blank
"[TG(54:10),TG(53:3)]_FA18:0",TAG,1021.6000671386719,1092.8600769042969,1251.8400802612305,1179.8200950622559,1107.680088043213,1122.1400756835938,1010.0600624084473,1048.1600761413574,969.6200752258301,Group: D,Group: A,Group: D vs Group: A,4,4,Blank_Blank_Blank
"[TG(54:10),TG(53:3)]_FA18:1",TAG,3741.0802841186523,2234.4601402282715,5273.700523376465,3240.5402488708496,1758.5201301574707,1871.9601364135742,3284.540210723877,8722.780517578125,1113.7600784301758,Group: D,Group: A,Group: D vs Group: A,4,4,Blank_Blank_Blank
"[TG(54:10),TG(53:3)]_FA18:2",TAG,4511.640392303467,4592.460266113281,6105.020412445068,2034.0801582336426,3483.86026763916,3297.2802734375,3549.38028717041,7274.600574493408,1130.8400764465332,Group: D,Group: A,Group: D vs Group: A,4,4,Blank_Blank_Blank
"[TG(54:10),TG(53:3)]_FA18:3",TAG,1179.9200820922852,1167.4400787353516,1167.9600791931152,1169.1000900268555,1163.000087738037,1278.0000839233398,1227.4400825500488,1169.4000816345215,1172.6000709533691,Group: D,Group: A,Group: D vs Group: A,4,4,Blank_Blank_Blank
"[TG(54:10),TG(53:3)]_FA20:4",TAG,1249.2200927734375,1272.760097503662,1251.04008102417,1245.3200950622559,1246.480079650879,1246.9400939941406,1248.2400970458984,1327.2000923156738,1246.5400886535645,Group: D,Group: A,Group: D vs Group: A,4,4,Blank_Blank_Blank
"[TG(54:10),TG(53:3)]_FA22:5",TAG,1373.920093536377,1407.2200889587402,1374.3200988769531,1379.3200988769531,1374.940097808838,1379.14009475708,1378.9400901794434,1398.360092163086,1454.280101776123,Group: D,Group: A,Group: D vs Group: A,4,4,Blank_Blank_Blank
"[TG(54:10),TG(53:3)]_FA22:6",TAG,1526.14009475708,1498.0601043701172,1497.6401100158691,1498.7801094055176,1552.7201118469238,1497.4800987243652,1531.6800994873047,1531.4201202392578,1499.16011428833,Group: D,Group: A,Group: D vs Group: A,4,4,Blank_Blank_Blank
"[TG(54:11),TG(53:4)]_FA14:0",TAG,1021.1600723266602,999.3000755310059,1013.4200782775879,973.6200675964355,967.2200736999512,1013.9200744628906,999.1600761413574,990.1200637817383,971.7600631713867,Group: D,Group: A,Group: D vs Group: A,4,4,Blank_Blank_Blank
"[TG(54:11),TG(53:4)]_FA16:0",TAG,1757.8401336669922,1278.8001022338867,1328.0200729370117,1191.6200866699219,1319.5200805664062,1483.680118560791,1776.3201293945312,1790.5800819396973,969.5200614929199,Group: D,Group: A,Group: D vs Group: A,4,4,Blank_Blank_Blank
"[TG(54:11),TG(53:4)]_FA16:1",TAG,1170.5800819396973,1450.1601028442383,1489.6800994873047,1101.1200714111328,1078.1600723266602,1074.920078277588,2138.6801719665527,1168.2800941467285,1175.1200790405273,Group: D,Group: A,Group: D vs Group: A,4,4,Blank_Blank_Blank
"[TG(54:11),TG(53:4)]_FA18:0",TAG,973.0800704956055,1048.6200675964355,1011.2800750732422,1014.720085144043,970.9600639343262,969.260066986084,1007.1600723266602,969.200065612793,969.6200714111328,Group: D,Group: A,Group: D vs Group: A,4,4,Blank_Blank_Blank
"[TG(54:11),TG(53:4)]_FA18:1",TAG,2555.0401916503906,1661.4600982666016,3588.76029586792,2482.460220336914,1256.8600807189941,1362.660099029541,2655.140151977539,4729.020290374756,1190.3000984191895,Group: D,Group: A,Group: D vs Group: A,4,4,Blank_Blank_Blank
"[TG(54:11),TG(53:4)]_FA18:2",TAG,4806.400428771973,5557.9202880859375,8273.260738372803,2637.70023727417,3888.4202423095703,4919.300308227539,3926.0002212524414,9592.420715332031,1191.600082397461,Group: D,Group: A,Group: D vs Group: A,4,4,Blank_Blank_Blank
"[TG(54:11),TG(53:4)]_FA18:3",TAG,1241.8200874328613,1251.2400970458984,1168.600082397461,1319.4200859069824,1191.5000762939453,1451.1200904846191,1581.3401145935059,1204.0600852966309,1189.2800788879395,Group: D,Group: A,Group: D vs Group: A,4,4,Blank_Blank_Blank
"[TG(54:11),TG(53:4)]_FA20:4",TAG,1257.3400993347168,1392.700096130371,1374.4201011657715,1455.3801155090332,1298.4000930786133,1367.320083618164,1288.1000862121582,1344.1400871276855,1247.0800895690918,Group: D,Group: A,Group: D vs Group: A,4,4,Blank_Blank_Blank
"[TG(54:11),TG(53:4)]_FA22:5",TAG,1431.3600997924805,1385.320110321045,1418.940097808838,1393.9000930786133,1940.880126953125,1915.5201530456543,2034.7601470947266,1693.8601264953613,2135.1001510620117,Group: D,Group: A,Group: D vs Group: A,4,4,Blank_Blank_Blank
"[TG(54:11),TG(53:4)]_FA22:6",TAG,1539.2601165771484,1497.9801063537598,1526.0201225280762,1497.8201065063477,1501.9601135253906,1571.520107269287,1511.0801086425781,1495.9401092529297,1497.6601028442383,Group: D,Group: A,Group: D vs Group: A,4,4,Blank_Blank_Blank
"[TG(54:12),TG(53:5)]_FA14:0",TAG,1031.280071258545,1007.6200828552246,988.3200798034668,1001.3800582885742,1085.980079650879,1007.7600746154785,970.5200691223145,1007.960075378418,970.7000694274902,Group: D,Group: A,Group: D vs Group: A,4,4,Blank_Blank_Blank
"[TG(54:12),TG(53:5)]_FA16:0",TAG,1134.8600692749023,1318.06010055542,1076.8000679016113,1218.7400970458984,1425.3400802612305,1457.9601287841797,1179.7600784301758,1388.6800804138184,998.440071105957,Group: D,Group: A,Group: D vs Group: A,4,4,Blank_Blank_Blank
"[TG(54:12),TG(53:5)]_FA16:1",TAG,1134.5000801086426,1136.880069732666,1105.980079650879,1076.4400749206543,1163.4000816345215,1158.0800743103027,1245.860092163086,1049.880069732666,1048.12007522583,Group: D,Group: A,Group: D vs Group: A,4,4,Blank_Blank_Blank
"[TG(54:12),TG(53:5)]_FA18:0",TAG,997.4800720214844,969.9600715637207,970.2000770568848,980.6600723266602,970.4600715637207,986.2600631713867,978.2000732421875,967.9600677490234,970.0200653076172,Group: D,Group: A,Group: D vs Group: A,4,4,Blank_Blank_Blank
"[TG(54:12),TG(53:5)]_FA18:1",TAG,1279.1600914001465,1129.2000694274902,1384.1200942993164,1417.10009765625,1190.4800872802734,1133.9200744628906,1239.1200866699219,1773.1201362609863,1129.7400856018066,Group: D,Group: A,Group: D vs Group: A,4,4,Blank_Blank_Blank
"[TG(54:12),TG(53:5)]_FA18:2",TAG,2806.240207672119,2746.0001373291016,4634.600395202637,1892.4601249694824,2274.5001640319824,2218.0801887512207,2392.8801460266113,4097.76029586792,1123.200065612793,Group: D,Group: A,Group: D vs Group: A,4,4,Blank_Blank_Blank
"[TG(54:12),TG(53:5)]_FA18:3",TAG,1345.960105895996,1305.1001052856445,1272.3800773620605,1771.66011428833,1217.0800743103027,1251.9800872802734,1499.2201118469238,1288.1401023864746,1172.6400871276855,Group: D,Group: A,Group: D vs Group: A,4,4,Blank_Blank_Blank
"[TG(54:12),TG(53:5)]_FA20:4",TAG,1553.940113067627,1336.220100402832,1429.4400901794434,1655.0801315307617,1487.5601234436035,1654.2201194763184,1374.760097503662,1405.9600868225098,1253.6600952148438,Group: D,Group: A,Group: D vs Group: A,4,4,Blank_Blank_Blank
"[TG(54:12),TG(53:5)]_FA22:5",TAG,1538.560115814209,1659.7001113891602,1534.260108947754,1426.5801010131836,1435.2800979614258,1588.3401222229004,1419.440097808838,1486.56010055542,1475.2801094055176,Group: D,Group: A,Group: D vs Group: A,4,4,Blank_Blank_Blank
"[TG(54:12),TG(53:5)]_FA22:6",TAG,1533.480094909668,1501.680103302002,1516.8801155090332,1498.260108947754,1570.980110168457,1512.2401084899902,1541.340103149414,1526.040111541748,1555.3601150512695,Group: D,Group: A,Group: D vs Group: A,4,4,Blank_Blank_Blank
[TG(54:5)]_FA14:0,TAG,1069.020076751709,1258.5800895690918,1000.9200668334961,1090.7200736999512,1019.2600746154785,1277.7400741577148,1627.8201332092285,1086.7800827026367,1075.1200828552246,Group: D,Group: A,Group: D vs Group: A,4,4,Blank_Blank_Blank
[TG(54:5)]_FA16:0,TAG,9322.180591583252,22557.781730651855,11974.540580749512,20568.62110519409,12052.460605621338,11040.141063690186,56533.403858184814,28180.662464141846,1022.2800750732422,Group: D,Group: A,Group: D vs Group: A,4,4,Blank_Blank_Blank
[TG(54:5)]_FA16:1,TAG,4147.980331420898,4548.0402755737305,1973.7001495361328,1838.3801383972168,1743.0801124572754,2682.9401817321777,20242.18101501465,2663.300136566162,1055.220069885254,Group: D,Group: A,Group: D vs Group: A,4,4,Blank_Blank_Blank
[TG(54:5)]_FA18:0,TAG,1361.100112915039,1641.440128326416,2412.7201499938965,1632.460117340088,1187.8600883483887,1544.8801231384277,1668.6001243591309,1115.1800804138184,1069.340072631836,Group: D,Group: A,Group: D vs Group: A,4,4,Blank_Blank_Blank
[TG(54:5)]_FA18:1,TAG,39232.92338180542,15888.680644989014,107346.10664367676,86791.90776824951,10234.480838775635,19277.66110610962,42856.282901763916,94111.94826889038,1809.3001289367676,Group: D,Group: A,Group: D vs Group: A,4,4,Blank_Blank_Blank
[TG(54:5)]_FA18:2,TAG,108168.88977432251,152484.8091697693,319057.1203956604,83693.76396942139,92891.70697021484,141702.94681167603,129073.40478134155,257574.93822479248,1743.0201225280762,Group: D,Group: A,Group: D vs Group: A,4,4,Blank_Blank_Blank
[TG(54:5)]_FA18:3,TAG,4875.680294036865,5844.000343322754,8783.160762786865,17893.181407928467,3308.1002502441406,17035.001258850098,18006.80157852173,9151.780517578125,1207.180076599121,Group: D,Group: A,Group: D vs Group: A,4,4,Blank_Blank_Blank
[TG(54:5)]_FA20:4,TAG,12460.600742340088,17546.361293792725,14450.92109298706,13661.260898590088,5992.28048324585,24997.041591644287,29522.68221282959,13250.001014709473,1269.9800910949707,Group: D,Group: A,Group: D vs Group: A,4,4,Blank_Blank_Blank
[TG(54:5)]_FA22:5,TAG,2204.8801803588867,2744.9601707458496,2944.6801986694336,2335.3201599121094,2231.7201652526855,2888.180202484131,5709.440372467041,3164.480270385742,1470.9201049804688,Group: D,Group: A,Group: D vs Group: A,4,4,Blank_Blank_Blank
[TG(54:6)]_FA14:0,TAG,1705.9601516723633,1332.8200874328613,1072.580078125,1238.6000900268555,1070.62007522583,1489.6000938415527,1548.8600997924805,1583.0201263427734,990.9800758361816,Group: D,Group: A,Group: D vs Group: A,4,4,Blank_Blank_Blank
[TG(54:6)]_FA16:0,TAG,10473.720718383789,12762.821144104004,5675.380401611328,4640.900283813477,6742.440559387207,6706.780448913574,28558.382125854492,12898.721019744873,1006.8800773620605,Group: D,Group: A,Group: D vs Group: A,4,4,Blank_Blank_Blank
[TG(54:6)]_FA16:1,TAG,3957.78035736084,4564.260360717773,2072.6201362609863,1801.6201286315918,1597.0401344299316,2526.020195007324,17901.341037750244,2751.2601623535156,1112.080078125,Group: D,Group: A,Group: D vs Group: A,4,4,Blank_Blank_Blank
[TG(54:6)]_FA18:0,TAG,1082.4000778198242,1089.1800689697266,1036.5600776672363,987.820068359375,998.8600692749023,987.1800765991211,1002.8400764465332,1041.12007522583,1035.9000663757324,Group: D,Group: A,Group: D vs Group: A,4,4,Blank_Blank_Blank
[TG(54:6)]_FA18:1,TAG,5356.660400390625,2923.680187225342,13307.020645141602,10131.32060623169,2725.4401817321777,3251.1602058410645,6818.700382232666,15523.461124420166,1238.9401016235352,Group: D,Group: A,Group: D vs Group: A,4,4,Blank_Blank_Blank
[TG(54:6)]_FA18:2,TAG,41730.302532196045,54020.76530456543,129829.40872192383,45386.1234664917,34662.00175857544,47398.46363449097,34316.68311691284,84250.62648773193,1448.200107574463,Group: D,Group: A,Group: D vs Group: A,4,4,Blank_Blank_Blank
[TG(54:6)]_FA18:3,TAG,4759.920215606689,5555.960479736328,10155.960651397705,24992.981506347656,3787.7202682495117,16802.660934448242,15333.380828857422,9481.30082321167,1209.5200729370117,Group: D,Group: A,Group: D vs Group: A,4,4,Blank_Blank_Blank
[TG(54:6)]_FA20:4,TAG,11401.560771942139,18191.22158432007,16333.660831451416,18522.761764526367,4462.060375213623,24916.50203704834,28839.68253326416,10224.020652770996,1250.64009475708,Group: D,Group: A,Group: D vs Group: A,4,4,Blank_Blank_Blank
[TG(54:6)]_FA22:5,TAG,2392.480178833008,2917.1402015686035,3065.8202476501465,2243.2201614379883,2137.9001426696777,2891.2801818847656,7425.980537414551,3133.9602394104004,1375.3201026916504,Group: D,Group: A,Group: D vs Group: A,4,4,Blank_Blank_Blank
[TG(54:6)]_FA22:6,TAG,3181.680244445801,4475.300254821777,4036.0002670288086,2306.6401748657227,2673.520175933838,3202.160213470459,14640.500888824463,3459.040252685547,1529.2801132202148,Group: D,Group: A,Group: D vs Group: A,4,4,Blank_Blank_Blank
"[TG(54:7),TG(53:0)]_FA14:0",TAG,1239.800090789795,1388.2800941467285,1244.0600929260254,1298.5000953674316,1170.980068206787,1843.8401374816895,2288.480194091797,2080.400157928467,1042.7400741577148,Group: D,Group: A,Group: D vs Group: A,4,4,Blank_Blank_Blank
"[TG(54:7),TG(53:0)]_FA16:0",TAG,2182.1001319885254,2123.5801544189453,5037.3003578186035,2322.8801307678223,2662.6001777648926,2625.6601905822754,9669.10079574585,4427.180397033691,1003.8800659179688,Group: D,Group: A,Group: D vs Group: A,4,4,Blank_Blank_Blank
"[TG(54:7),TG(53:0)]_FA16:1",TAG,2465.960163116455,3129.3601684570312,1713.380126953125,1604.7001304626465,1513.7401161193848,2539.520191192627,13082.980632781982,2147.980136871338,1090.8400688171387,Group: D,Group: A,Group: D vs Group: A,4,4,Blank_Blank_Blank
"[TG(54:7),TG(53:0)]_FA18:0",TAG,1036.9000663757324,1078.5200805664062,1016.9000778198242,1060.2600708007812,971.3800735473633,1037.2200775146484,993.1600685119629,968.4600677490234,1003.6600646972656,Group: D,Group: A,Group: D vs Group: A,4,4,Blank_Blank_Blank
"[TG(54:7),TG(53:0)]_FA18:1",TAG,1481.4600830078125,1238.860092163086,1530.1600952148438,1979.5601387023926,1320.7800941467285,1271.9000854492188,1668.1801071166992,2377.520179748535,1107.7000770568848,Group: D,Group: A,Group: D vs Group: A,4,4,Blank_Blank_Blank
"[TG(54:7),TG(53:0)]_FA18:2",TAG,9875.520454406738,12568.461017608643,24305.442615509033,8425.76078414917,8436.320491790771,10223.220497131348,8406.980567932129,21871.581466674805,1208.2400817871094,Group: D,Group: A,Group: D vs Group: A,4,4,Blank_Blank_Blank
"[TG(54:7),TG(53:0)]_FA18:3",TAG,3193.960247039795,3698.2601585388184,7539.580493927002,17690.080989837646,2565.420207977295,9770.960563659668,5380.040451049805,4691.480407714844,1237.4000663757324,Group: D,Group: A,Group: D vs Group: A,4,4,Blank_Blank_Blank
"[TG(54:7),TG(53:0)]_FA20:4",TAG,2857.520195007324,4246.180225372314,4142.040328979492,4628.260334014893,1904.300148010254,5063.100383758545,7532.18053817749,3599.6002883911133,1263.1200942993164,Group: D,Group: A,Group: D vs Group: A,4,4,Blank_Blank_Blank
"[TG(54:7),TG(53:0)]_FA22:5",TAG,1902.680118560791,1826.2201385498047,1887.8601417541504,1875.0801162719727,1488.1200981140137,1799.0401229858398,2855.7801818847656,1987.6401252746582,1411.860092163086,Group: D,Group: A,Group: D vs Group: A,4,4,Blank_Blank_Blank
"[TG(54:7),TG(53:0)]_FA22:6",TAG,5405.140319824219,6120.640556335449,6788.900524139404,2247.000141143799,3976.600315093994,4647.460346221924,24208.70160293579,8034.060386657715,1533.7601051330566,Group: D,Group: A,Group: D vs Group: A,4,4,Blank_Blank_Blank
"[TG(54:8),TG(53:1)]_FA14:0",TAG,1028.1400756835938,1134.8000946044922,1349.8801040649414,1174.2800903320312,1045.4400749206543,1205.6600914001465,1585.8401069641113,1484.0000953674316,1042.920066833496,Group: D,Group: A,Group: D vs Group: A,4,4,Blank_Blank_Blank
"[TG(54:8),TG(53:1)]_FA16:0",TAG,1633.2201118469238,1844.3601303100586,1761.2401390075684,1499.4001121520996,1407.5401000976562,1412.080078125,1960.16015625,1969.6801376342773,988.8000640869141,Group: D,Group: A,Group: D vs Group: A,4,4,Blank_Blank_Blank
"[TG(54:8),TG(53:1)]_FA16:1",TAG,1683.120132446289,1527.4600944519043,1189.5000762939453,1483.2001037597656,1071.4800834655762,1266.2600898742676,3576.180187225342,1156.5800895690918,1055.500072479248,Group: D,Group: A,Group: D vs Group: A,4,4,Blank_Blank_Blank
"[TG(54:8),TG(53:1)]_FA18:0",TAG,983.5800704956055,1179.8600807189941,1109.940071105957,1051.0400772094727,1018.6800727844238,1059.8400764465332,1146.1000785827637,1039.920066833496,1108.8800888061523,Group: D,Group: A,Group: D vs Group: A,4,4,Blank_Blank_Blank
"[TG(54:8),TG(53:1)]_FA18:1",TAG,1611.5001106262207,1157.720069885254,1348.000099182129,1535.840103149414,1056.7000732421875,1120.5200729370117,1397.540111541748,1548.3601112365723,1080.0200691223145,Group: D,Group: A,Group: D vs Group: A,4,4,Blank_Blank_Blank
"[TG(54:8),TG(53:1)]_FA18:2",TAG,1880.840145111084,1900.3601264953613,2839.8002586364746,1245.9200744628906,1994.600154876709,2033.780128479004,1593.320110321045,2488.1001358032227,1219.420078277588,Group: D,Group: A,Group: D vs Group: A,4,4,Blank_Blank_Blank
"[TG(54:8),TG(53:1)]_FA18:3",TAG,1650.800106048584,1187.0600852966309,2168.10018157959,3656.9003257751465,1462.3601036071777,2276.080146789551,1968.1001358032227,1332.2400856018066,1172.1400756835938,Group: D,Group: A,Group: D vs Group: A,4,4,Blank_Blank_Blank
"[TG(54:8),TG(53:1)]_FA20:4",TAG,1331.6801071166992,1422.0001029968262,1322.6800994873047,1545.5001106262207,1360.2601051330566,1367.8600959777832,1661.9001235961914,1343.4600982666016,1255.3800926208496,Group: D,Group: A,Group: D vs Group: A,4,4,Blank_Blank_Blank
"[TG(54:8),TG(53:1)]_FA22:5",TAG,1409.660099029541,1420.7001037597656,1436.4001007080078,1395.6200942993164,1376.3800926208496,1422.720100402832,1522.680103302002,1376.540096282959,1375.0600967407227,Group: D,Group: A,Group: D vs Group: A,4,4,Blank_Blank_Blank
"[TG(54:8),TG(53:1)]_FA22:6",TAG,2632.4402084350586,2467.9801445007324,3552.140235900879,2098.000144958496,2535.3201637268066,2581.800178527832,7035.8205909729,4381.300220489502,1540.0401153564453,Group: D,Group: A,Group: D vs Group: A,4,4,Blank_Blank_Blank
"[TG(54:9),TG(53:2)]_FA14:0",TAG,986.0200729370117,973.7400703430176,1027.7600708007812,986.2200736999512,999.5400657653809,1006.7000694274902,998.4600715637207,982.1200637817383,971.3800735473633,Group: D,Group: A,Group: D vs Group: A,4,4,Blank_Blank_Blank
"[TG(54:9),TG(53:2)]_FA16:0",TAG,2998.540168762207,3152.620246887207,2777.5401916503906,1909.3601379394531,2284.8801803588867,2036.0001411437988,4769.880317687988,3812.3402938842773,969.6000747680664,Group: D,Group: A,Group: D vs Group: A,4,4,Blank_Blank_Blank
"[TG(54:9),TG(53:2)]_FA16:1",TAG,1097.2000770568848,1303.5200881958008,1147.160083770752,1118.4000854492188,1047.1200714111328,1073.900074005127,1502.2001152038574,1142.0600662231445,1080.4000701904297,Group: D,Group: A,Group: D vs Group: A,4,4,Blank_Blank_Blank
"[TG(54:9),TG(53:2)]_FA18:0",TAG,984.6800727844238,1509.9401168823242,1270.0200958251953,1192.0200805664062,1039.7800674438477,998.4800605773926,1343.4000930786133,1153.0000801086426,969.5000610351562,Group: D,Group: A,Group: D vs Group: A,4,4,Blank_Blank_Blank
"[TG(54:9),TG(53:2)]_FA18:1",TAG,3129.600238800049,1594.3400955200195,3865.980270385742,2263.980152130127,1148.4000816345215,1796.860107421875,2837.6401977539062,5490.100482940674,1142.2000885009766,Group: D,Group: A,Group: D vs Group: A,4,4,Blank_Blank_Blank
"[TG(54:9),TG(53:2)]_FA18:2",TAG,1965.5401496887207,1642.8600997924805,2182.7201652526855,1232.0200843811035,1636.720127105713,1687.4000968933105,1367.300090789795,1930.780128479004,1156.9000854492188,Group: D,Group: A,Group: D vs Group: A,4,4,Blank_Blank_Blank
"[TG(54:9),TG(53:2)]_FA18:3",TAG,1166.8800888061523,1219.8800773620605,1242.240077972412,1376.8000946044922,1177.5200843811035,1197.0400772094727,1181.6000862121582,1225.2000846862793,1172.5200843811035,Group: D,Group: A,Group: D vs Group: A,4,4,Blank_Blank_Blank
"[TG(54:9),TG(53:2)]_FA20:4",TAG,1285.7800903320312,1267.9600944519043,1265.2800903320312,1334.7600898742676,1247.0000839233398,1247.8000717163086,1287.860092163086,1248.1200866699219,1259.8400840759277,Group: D,Group: A,Group: D vs Group: A,4,4,Blank_Blank_Blank
"[TG(54:9),TG(53:2)]_FA22:5",TAG,1459.3200950622559,1399.3201026916504,1375.1800994873047,1377.6001014709473,1383.7000885009766,1378.6600914001465,1434.3801078796387,1377.0000915527344,1463.6201171875,Group: D,Group: A,Group: D vs Group: A,4,4,Blank_Blank_Blank
"[TG(54:9),TG(53:2)]_FA22:6",TAG,1643.0401191711426,1586.200107574463,1697.9801216125488,1583.520118713379,1550.560115814209,1516.1401100158691,1879.7201309204102,1654.0601196289062,1497.860122680664,Group: D,Group: A,Group: D vs Group: A,4,4,Blank_Blank_Blank
"[TG(55:10),TG(54:3)]_FA14:0",TAG,1033.7800827026367,1049.8600769042969,1042.4800872802734,973.8000755310059,1077.3000717163086,1142.9400825500488,1224.6000900268555,1231.4000778198242,987.9800682067871,Group: D,Group: A,Group: D vs Group: A,4,4,Blank_Blank_Blank
"[TG(55:10),TG(54:3)]_FA16:0",TAG,24529.682300567627,24938.782291412354,29373.362369537354,6594.080406188965,12506.221271514893,11709.68073272705,60305.26415634155,38181.34250640869,969.120059967041,Group: D,Group: A,Group: D vs Group: A,4,4,Blank_Blank_Blank
"[TG(55:10),TG(54:3)]_FA16:1",TAG,3611.2601776123047,4564.180213928223,2028.200122833252,1416.7200965881348,1612.0801010131836,2380.920177459717,19782.481269836426,2896.620258331299,1073.3400764465332,Group: D,Group: A,Group: D vs Group: A,4,4,Blank_Blank_Blank
"[TG(55:10),TG(54:3)]_FA18:0",TAG,7987.960578918457,16855.021255493164,17333.440761566162,6688.400421142578,5094.7004318237305,9920.08081817627,15793.501075744629,10900.040756225586,1097.9000778198242,Group: D,Group: A,Group: D vs Group: A,4,4,Blank_Blank_Blank
"[TG(55:10),TG(54:3)]_FA18:1",TAG,81852.14685821533,31479.681972503662,138101.44788360596,71069.68279647827,16494.92064666748,29608.422103881836,128258.51037216187,264959.6264228821,3952.0602684020996,Group: D,Group: A,Group: D vs Group: A,4,4,Blank_Blank_Blank
"[TG(55:10),TG(54:3)]_FA18:2",TAG,30894.922004699707,38347.682720184326,51664.543407440186,10067.24055480957,20258.781497955322,23466.221057891846,35294.802211761475,59911.58324813843,1259.840087890625,Group: D,Group: A,Group: D vs Group: A,4,4,Blank_Blank_Blank
"[TG(55:10),TG(54:3)]_FA18:3",TAG,1200.0800971984863,1307.960090637207,1244.680088043213,1453.9800987243652,1176.580078125,1384.1200981140137,1283.4000930786133,1301.0200881958008,1172.3600769042969,Group: D,Group: A,Group: D vs Group: A,4,4,Blank_Blank_Blank
"[TG(55:10),TG(54:3)]_FA20:4",TAG,1356.7600936889648,1310.2201042175293,1271.2200965881348,1401.980094909668,1324.6201095581055,1385.5400886535645,1283.840103149414,1464.9600982666016,1281.3200988769531,Group: D,Group: A,Group: D vs Group: A,4,4,Blank_Blank_Blank
"[TG(55:10),TG(54:3)]_FA22:5",TAG,1411.880111694336,1523.9401092529297,1454.4800987243652,1401.7800903320312,1439.0800971984863,1410.920093536377,1525.940113067627,1774.9001197814941,1490.760108947754,Group: D,Group: A,Group: D vs Group: A,4,4,Blank_Blank_Blank
"[TG(55:10),TG(54:3)]_FA22:6",TAG,1498.500114440918,1546.120101928711,1496.9801139831543,1497.6800918579102,1501.1401176452637,1537.480110168457,1540.840103149414,1495.800106048584,1497.9601020812988,Group: D,Group: A,Group: D vs Group: A,4,4,Blank_Blank_Blank
"[TG(55:11),TG(54:4)]_FA14:0",TAG,1153.8600807189941,1029.0200843811035,977.0200691223145,1029.7200775146484,1034.7600708007812,1084.8200759887695,1190.8400917053223,983.9800796508789,997.4400749206543,Group: D,Group: A,Group: D vs Group: A,4,4,Blank_Blank_Blank
"[TG(55:11),TG(54:4)]_FA16:0",TAG,21902.081241607666,22112.262172698975,29323.562076568604,7497.68053817749,12453.680870056152,11226.320556640625,57362.06369018555,31148.861888885498,1012.1000595092773,Group: D,Group: A,Group: D vs Group: A,4,4,Blank_Blank_Blank
"[TG(55:11),TG(54:4)]_FA16:1",TAG,4356.50032043457,5457.140331268311,2467.020160675049,3178.500213623047,1722.1001281738281,2982.4002075195312,21229.96180343628,3111.100196838379,1048.1200714111328,Group: D,Group: A,Group: D vs Group: A,4,4,Blank_Blank_Blank
"[TG(55:11),TG(54:4)]_FA18:0",TAG,3869.7802696228027,3726.7003288269043,10785.2607421875,9867.940780639648,2007.6801109313965,5698.36043548584,6714.300556182861,4980.120349884033,1102.2800674438477,Group: D,Group: A,Group: D vs Group: A,4,4,Blank_Blank_Blank
"[TG(55:11),TG(54:4)]_FA18:1",TAG,94373.72806930542,45435.88362121582,226666.932598114,150991.04914855957,18750.721225738525,42599.16287231445,150149.58918380737,287446.0825691223,2704.2801818847656,Group: D,Group: A,Group: D vs Group: A,4,4,Blank_Blank_Blank
"[TG(55:11),TG(54:4)]_FA18:2",TAG,108530.8888206482,137776.19317245483,241145.67120361328,44459.64371871948,72397.5044555664,101025.96774291992,138318.409198761,281788.73023986816,1852.960132598877,Group: D,Group: A,Group: D vs Group: A,4,4,Blank_Blank_Blank
"[TG(55:11),TG(54:4)]_FA18:3",TAG,1849.4001159667969,2022.820125579834,2254.8001747131348,4197.540203094482,1689.860122680664,4335.640254974365,4165.740325927734,2217.180145263672,1195.62007522583,Group: D,Group: A,Group: D vs Group: A,4,4,Blank_Blank_Blank
"[TG(55:11),TG(54:4)]_FA20:4",TAG,2329.5601234436035,2655.3002166748047,2668.920234680176,2750.340202331543,1806.5201416015625,3949.980236053467,3954.360221862793,2451.560188293457,1253.3600883483887,Group: D,Group: A,Group: D vs Group: A,4,4,Blank_Blank_Blank
"[TG(55:11),TG(54:4)]_FA22:5",TAG,1594.8801193237305,1648.5801124572754,1806.4401092529297,1613.3801155090332,1601.0801124572754,1493.7401123046875,2273.9201469421387,1991.6601448059082,1406.740104675293,Group: D,Group: A,Group: D vs Group: A,4,4,Blank_Blank_Blank
"[TG(55:11),TG(54:4)]_FA22:6",TAG,1535.900104522705,1518.14009475708,1563.6001091003418,1497.660099029541,1570.9201126098633,1536.400104522705,1610.7001190185547,1573.1001091003418,1518.3601150512695,Group: D,Group: A,Group: D vs Group: A,4,4,Blank_Blank_Blank
"[TG(55:7),TG(54:0)]_FA14:0",TAG,1058.820068359375,1008.0800666809082,1030.0000762939453,1063.260082244873,1224.340087890625,1310.1800994873047,1084.4800834655762,1139.2200775146484,1014.4200668334961,Group: D,Group: A,Group: D vs Group: A,4,4,Blank_Blank_Blank
"[TG(55:7),TG(54:0)]_FA16:0",TAG,1226.160083770752,1482.4801063537598,1602.5601119995117,1574.700096130371,1358.2200965881348,1252.780086517334,2311.200149536133,1636.000099182129,1016.7600708007812,Group: D,Group: A,Group: D vs Group: A,4,4,Blank_Blank_Blank
"[TG(55:7),TG(54:0)]_FA16:1",TAG,1117.8800811767578,1103.3400764465332,1096.3800811767578,1054.2400817871094,1047.5600700378418,1099.2800788879395,1218.6600761413574,1049.4400634765625,1047.4000701904297,Group: D,Group: A,Group: D vs Group: A,4,4,Blank_Blank_Blank
"[TG(55:7),TG(54:0)]_FA18:0",TAG,1316.2801094055176,1594.1601066589355,1605.480125427246,1252.100082397461,1115.0800819396973,1306.8400955200195,1107.8000793457031,1284.1200942993164,1392.320110321045,Group: D,Group: A,Group: D vs Group: A,4,4,Blank_Blank_Blank
"[TG(55:7),TG(54:0)]_FA18:1",TAG,1221.0800704956055,1071.8800659179688,1375.1000900268555,1142.1600799560547,1182.640079498291,1053.6000709533691,1311.1400756835938,1085.0400695800781,1054.4800720214844,Group: D,Group: A,Group: D vs Group: A,4,4,Blank_Blank_Blank
"[TG(55:7),TG(54:0)]_FA18:2",TAG,1243.2600860595703,1313.8600807189941,1411.220085144043,1280.7400932312012,1320.8800964355469,1309.0000839233398,1337.6800918579102,1399.7200965881348,1129.4000625610352,Group: D,Group: A,Group: D vs Group: A,4,4,Blank_Blank_Blank
"[TG(55:7),TG(54:0)]_FA18:3",TAG,1167.1800918579102,1167.12007522583,1168.0200843811035,1168.4600868225098,1189.4200859069824,1246.1200790405273,1170.9800910949707,1203.1800804138184,1172.8600730895996,Group: D,Group: A,Group: D vs Group: A,4,4,Blank_Blank_Blank
"[TG(55:7),TG(54:0)]_FA20:4",TAG,1553.1401100158691,1393.2000999450684,1587.6201133728027,1349.8200988769531,1268.5600814819336,1480.6000900268555,1529.4800987243652,1357.000099182129,1246.580093383789,Group: D,Group: A,Group: D vs Group: A,4,4,Blank_Blank_Blank
"[TG(55:7),TG(54:0)]_FA22:5",TAG,1552.9601249694824,1587.980125427246,1485.6601028442383,1605.5401039123535,1523.7800903320312,1578.9601097106934,1731.9201126098633,1614.2001037597656,1441.56010055542,Group: D,Group: A,Group: D vs Group: A,4,4,Blank_Blank_Blank
"[TG(55:7),TG(54:0)]_FA22:6",TAG,1953.9001426696777,1805.200138092041,2068.8201484680176,1875.5801315307617,2028.7601318359375,2147.2401542663574,1996.4201354980469,2124.5401344299316,1518.8001136779785,Group: D,Group: A,Group: D vs Group: A,4,4,Blank_Blank_Blank
"[TG(55:8),TG(54:1)]_FA14:0",TAG,994.3400726318359,1002.700065612793,1016.6800804138184,985.3400726318359,976.3400726318359,996.8400726318359,1012.8400726318359,992.5400695800781,1016.8400573730469,Group: D,Group: A,Group: D vs Group: A,4,4,Blank_Blank_Blank
"[TG(55:8),TG(54:1)]_FA16:0",TAG,4923.840450286865,4065.8002395629883,3646.8003005981445,1758.060131072998,2978.0002059936523,2601.220142364502,10571.1409034729,6670.080543518066,1019.6200523376465,Group: D,Group: A,Group: D vs Group: A,4,4,Blank_Blank_Blank
"[TG(55:8),TG(54:1)]_FA16:1",TAG,1137.4000854492188,1198.4600868225098,1150.7000923156738,1174.8400802612305,1065.5200729370117,1166.0400848388672,1328.8200874328613,1049.4200744628906,1048.1000633239746,Group: D,Group: A,Group: D vs Group: A,4,4,Blank_Blank_Blank
"[TG(55:8),TG(54:1)]_FA18:0",TAG,1736.0401191711426,3190.600257873535,2924.4602088928223,2227.880126953125,1362.5401039123535,1719.280143737793,2449.4801330566406,2398.1201972961426,1344.540096282959,Group: D,Group: A,Group: D vs Group: A,4,4,Blank_Blank_Blank
"[TG(55:8),TG(54:1)]_FA18:1",TAG,2684.7002182006836,1839.18013381958,2829.140205383301,2608.7401733398438,1390.840103149414,1694.100112915039,3050.840190887451,5089.420383453369,1375.0601043701172,Group: D,Group: A,Group: D vs Group: A,4,4,Blank_Blank_Blank
"[TG(55:8),TG(54:1)]_FA18:2",TAG,1483.1001091003418,1568.620101928711,1481.8200988769531,1277.6400985717773,1207.560073852539,1367.800090789795,1493.960105895996,1567.1001205444336,1128.6600723266602,Group: D,Group: A,Group: D vs Group: A,4,4,Blank_Blank_Blank
"[TG(55:8),TG(54:1)]_FA18:3",TAG,1197.5600814819336,1214.7200813293457,1205.6000747680664,1168.8000679016113,1173.2800750732422,1202.980079650879,1183.6400833129883,1169.8400764465332,1171.8000831604004,Group: D,Group: A,Group: D vs Group: A,4,4,Blank_Blank_Blank
"[TG(55:8),TG(54:1)]_FA20:4",TAG,1305.4400825500488,1290.6000900268555,1310.0800895690918,1300.8800811767578,1313.5600929260254,1342.6400985717773,1289.2600860595703,1295.1200828552246,1328.8401107788086,Group: D,Group: A,Group: D vs Group: A,4,4,Blank_Blank_Blank
"[TG(55:8),TG(54:1)]_FA22:5",TAG,1430.720115661621,1477.7401084899902,1375.7001037597656,1537.9801063537598,1391.1800994873047,1476.9801025390625,1460.9401092529297,1419.760097503662,1374.9200859069824,Group: D,Group: A,Group: D vs Group: A,4,4,Blank_Blank_Blank
"[TG(55:8),TG(54:1)]_FA22:6",TAG,1776.9601249694824,1796.1601333618164,2065.4001426696777,1672.3001022338867,1538.6401023864746,1867.3601264953613,2012.12015914917,1667.960117340088,1497.3001098632812,Group: D,Group: A,Group: D vs Group: A,4,4,Blank_Blank_Blank
"[TG(55:9),TG(54:2)]_FA14:0",TAG,1038.160068511963,1063.3400650024414,986.9600715637207,992.6600799560547,1024.5600776672363,1004.3800735473633,1070.0400772094727,1041.700065612793,971.3600730895996,Group: D,Group: A,Group: D vs Group: A,4,4,Blank_Blank_Blank
"[TG(55:9),TG(54:2)]_FA16:0",TAG,20947.340866088867,18119.981414794922,16471.58187866211,5802.980419158936,7839.640407562256,9615.980754852295,55756.18486404419,33665.862297058105,982.7800712585449,Group: D,Group: A,Group: D vs Group: A,4,4,Blank_Blank_Blank
"[TG(55:9),TG(54:2)]_FA16:1",TAG,1828.6601333618164,1749.0601196289062,1197.340072631836,1053.4400749206543,1133.7600631713867,1371.1600952148438,5578.660438537598,1417.9600944519043,1058.8600692749023,Group: D,Group: A,Group: D vs Group: A,4,4,Blank_Blank_Blank
"[TG(55:9),TG(54:2)]_FA18:0",TAG,5292.500389099121,11966.481037139893,11285.9008102417,7343.260398864746,4209.08024597168,6943.440330505371,13218.541072845459,8661.760387420654,1332.7200813293457,Group: D,Group: A,Group: D vs Group: A,4,4,Blank_Blank_Blank
"[TG(55:9),TG(54:2)]_FA18:1",TAG,21412.52109527588,8776.480625152588,23750.521446228027,14188.701023101807,3846.680233001709,6312.540500640869,23960.641933441162,49896.36192321777,2032.9001502990723,Group: D,Group: A,Group: D vs Group: A,4,4,Blank_Blank_Blank
"[TG(55:9),TG(54:2)]_FA18:2",TAG,4923.040271759033,6465.560356140137,6129.140384674072,1587.3200912475586,2940.2601737976074,3861.2403450012207,3209.76016998291,6788.440509796143,1217.3400802612305,Group: D,Group: A,Group: D vs Group: A,4,4,Blank_Blank_Blank
"[TG(55:9),TG(54:2)]_FA18:3",TAG,1185.6600875854492,1185.1200828552246,1187.4800834655762,1188.9800758361816,1162.3000869750977,1233.2600860595703,1165.4400825500488,1225.6200828552246,1172.2600746154785,Group: D,Group: A,Group: D vs Group: A,4,4,Blank_Blank_Blank
"[TG(55:9),TG(54:2)]_FA20:4",TAG,1334.2200889587402,1376.440097808838,1334.5600891113281,1619.9601135253906,1302.2800979614258,1719.8001174926758,1307.0400924682617,1436.6601066589355,1282.740089416504,Group: D,Group: A,Group: D vs Group: A,4,4,Blank_Blank_Blank
"[TG(55:9),TG(54:2)]_FA22:5",TAG,1374.0001068115234,1380.9200973510742,1374.760108947754,1377.900089263916,1377.1400985717773,1413.3400955200195,1549.6201057434082,1454.3200950622559,1444.2001152038574,Group: D,Group: A,Group: D vs Group: A,4,4,Blank_Blank_Blank
"[TG(55:9),TG(54:2)]_FA22:6",TAG,1561.260097503662,1499.0401229858398,1696.540126800537,1497.4401054382324,1581.3801193237305,1511.1200942993164,1611.760108947754,1542.8601150512695,1544.0201148986816,Group: D,Group: A,Group: D vs Group: A,4,4,Blank_Blank_Blank
"[TG(56:10),TG(55:3)]_FA14:0",TAG,1001.5800743103027,973.3400726318359,999.7800750732422,990.8000755310059,982.3800773620605,967.000057220459,970.4800643920898,1088.760082244873,970.8000717163086,Group: D,Group: A,Group: D vs Group: A,4,4,Blank_Blank_Blank
"[TG(56:10),TG(55:3)]_FA16:0",TAG,1283.5200996398926,1256.2800827026367,1155.7600784301758,1136.9600830078125,1062.6800727844238,1114.8800735473633,1271.6200981140137,1179.8600845336914,969.0400619506836,Group: D,Group: A,Group: D vs Group: A,4,4,Blank_Blank_Blank
"[TG(56:10),TG(55:3)]_FA16:1",TAG,1151.020092010498,1127.0800857543945,1175.080078125,1076.7000694274902,1053.1000709533691,1172.5200881958008,1487.0401077270508,1104.5200729370117,1069.2600784301758,Group: D,Group: A,Group: D vs Group: A,4,4,Blank_Blank_Blank
"[TG(56:10),TG(55:3)]_FA18:0",TAG,1047.920078277588,1018.9000663757324,1034.380069732666,1138.6800842285156,989.6200752258301,999.0200729370117,968.6800689697266,978.4600791931152,970.2000694274902,Group: D,Group: A,Group: D vs Group: A,4,4,Blank_Blank_Blank
"[TG(56:10),TG(55:3)]_FA18:1",TAG,1945.7201614379883,1399.260082244873,2038.8401489257812,1426.1601028442383,1089.920078277588,1384.8801040649414,1701.860107421875,2104.260124206543,1086.5000801086426,Group: D,Group: A,Group: D vs Group: A,4,4,Blank_Blank_Blank
"[TG(56:10),TG(55:3)]_FA18:2",TAG,1749.3401184082031,1687.1401290893555,1820.6601371765137,1392.06010055542,1569.4001121520996,1976.1001243591309,1667.2001190185547,1975.240146636963,1184.3000831604004,Group: D,Group: A,Group: D vs Group: A,4,4,Blank_Blank_Blank
"[TG(56:10),TG(55:3)]_FA18:3",TAG,1250.7000846862793,1180.1000862121582,1241.2200775146484,1282.4200820922852,1216.180088043213,1274.7600860595703,1243.4800910949707,1169.0400695800781,1190.340087890625,Group: D,Group: A,Group: D vs Group: A,4,4,Blank_Blank_Blank
"[TG(56:10),TG(55:3)]_FA20:4",TAG,1285.4800872802734,1342.1800956726074,1276.7400970458984,1334.8200988769531,1289.7600898742676,1270.5800857543945,1247.9600944519043,1277.1800956726074,1246.2400970458984,Group: D,Group: A,Group: D vs Group: A,4,4,Blank_Blank_Blank
"[TG(56:10),TG(55:3)]_FA22:5",TAG,1428.1001091003418,1373.7601051330566,1409.6800956726074,1437.6800994873047,1385.6800994873047,1419.500087738037,1374.6601028442383,1409.9001121520996,1378.3400993347168,Group: D,Group: A,Group: D vs Group: A,4,4,Blank_Blank_Blank
"[TG(56:10),TG(55:3)]_FA22:6",TAG,1628.7801246643066,1625.2001113891602,1804.9801483154297,1551.5201148986816,1723.9001235961914,1750.7201118469238,2324.5401573181152,1661.8601150512695,1498.7001113891602,Group: D,Group: A,Group: D vs Group: A,4,4,Blank_Blank_Blank
"[TG(56:11),TG(55:4)]_FA14:0",TAG,1015.9000701904297,992.7200775146484,974.8800773620605,972.9600715637207,1003.640064239502,974.0800628662109,970.1000671386719,969.0400733947754,986.6000747680664,Group: D,Group: A,Group: D vs Group: A,4,4,Blank_Blank_Blank
"[TG(56:11),TG(55:4)]_FA16:0",TAG,1049.8400764465332,1206.960090637207,1289.1000938415527,962.9600791931152,1049.3600769042969,991.1200675964355,1427.4600982666016,1099.0200805664062,969.4800758361816,Group: D,Group: A,Group: D vs Group: A,4,4,Blank_Blank_Blank
"[TG(56:11),TG(55:4)]_FA16:1",TAG,1083.0000686645508,1059.52006149292,1239.3000831604004,1053.3200645446777,1048.1000595092773,1048.5600776672363,1128.5200805664062,1095.6400756835938,1048.3800735473633,Group: D,Group: A,Group: D vs Group: A,4,4,Blank_Blank_Blank
"[TG(56:11),TG(55:4)]_FA18:0",TAG,1074.1400833129883,1045.3400688171387,997.8600692749023,1034.1800804138184,971.9200630187988,975.460075378418,975.4600791931152,969.2000694274902,969.3400688171387,Group: D,Group: A,Group: D vs Group: A,4,4,Blank_Blank_Blank
"[TG(56:11),TG(55:4)]_FA18:1",TAG,1645.8601188659668,1254.2000885009766,1831.5801239013672,1463.100112915039,1250.1000938415527,1180.8000717163086,1273.9000968933105,1830.5201377868652,1053.4200706481934,Group: D,Group: A,Group: D vs Group: A,4,4,Blank_Blank_Blank
"[TG(56:11),TG(55:4)]_FA18:2",TAG,1747.6001205444336,2255.7801780700684,2978.980251312256,1789.8801307678223,1894.5601348876953,1863.0001258850098,1700.560115814209,2651.8801765441895,1148.4000701904297,Group: D,Group: A,Group: D vs Group: A,4,4,Blank_Blank_Blank
"[TG(56:11),TG(55:4)]_FA18:3",TAG,1188.720085144043,1167.840087890625,1261.4600830078125,1307.3600959777832,1163.4400787353516,1214.6200828552246,1269.0000839233398,1190.000087738037,1182.820083618164,Group: D,Group: A,Group: D vs Group: A,4,4,Blank_Blank_Blank
"[TG(56:11),TG(55:4)]_FA20:4",TAG,1273.620101928711,1248.420093536377,1249.6000900268555,1259.6200828552246,1247.1200981140137,1246.5600776672363,1247.8200912475586,1263.7800903320312,1246.9800872802734,Group: D,Group: A,Group: D vs Group: A,4,4,Blank_Blank_Blank
"[TG(56:11),TG(55:4)]_FA22:5",TAG,1382.5800971984863,1373.8401069641113,1430.8001022338867,1379.2800941467285,1374.740089416504,1378.800090789795,1407.7200889587402,1374.260097503662,1382.400089263916,Group: D,Group: A,Group: D vs Group: A,4,4,Blank_Blank_Blank
"[TG(56:11),TG(55:4)]_FA22:6",TAG,1498.2201080322266,1500.4401016235352,1551.6201171875,1537.800106048584,1522.0401039123535,1514.2201118469238,1688.3801231384277,1549.7201118469238,1525.7800979614258,Group: D,Group: A,Group: D vs Group: A,4,4,Blank_Blank_Blank
"[TG(56:12),TG(55:5)]_FA14:0",TAG,973.3000679016113,1012.3400726318359,984.0200691223145,973.3800773620605,993.0400733947754,1022.1200752258301,970.7200698852539,968.8600692749023,970.8600616455078,Group: D,Group: A,Group: D vs Group: A,4,4,Blank_Blank_Blank
"[TG(56:12),TG(55:5)]_FA16:0",TAG,1294.6400833129883,1086.0200653076172,1191.740077972412,1144.260082244873,1042.5800743103027,1115.4600715637207,1419.9401054382324,1013.320068359375,969.1800575256348,Group: D,Group: A,Group: D vs Group: A,4,4,Blank_Blank_Blank
"[TG(56:12),TG(55:5)]_FA16:1",TAG,1100.0000801086426,1092.1200675964355,1072.1000785827637,1077.1400756835938,1046.6000747680664,1069.7800750732422,1275.3400955200195,1063.140079498291,1047.6600761413574,Group: D,Group: A,Group: D vs Group: A,4,4,Blank_Blank_Blank
"[TG(56:12),TG(55:5)]_FA18:0",TAG,970.6000709533691,988.4800720214844,970.6000785827637,1019.6200828552246,970.8800659179688,969.2600708007812,968.9200744628906,969.1600646972656,999.880069732666,Group: D,Group: A,Group: D vs Group: A,4,4,Blank_Blank_Blank
"[TG(56:12),TG(55:5)]_FA18:1",TAG,1298.3600845336914,1178.3400917053223,1303.1600914001465,1173.8600769042969,1119.5600700378418,1171.5600852966309,1294.6400871276855,1427.0000953674316,1127.8600807189941,Group: D,Group: A,Group: D vs Group: A,4,4,Blank_Blank_Blank
"[TG(56:12),TG(55:5)]_FA18:2",TAG,1624.56010055542,2136.660140991211,2552.9601669311523,1297.0400924682617,1629.9401206970215,1434.9201126098633,1318.800090789795,2033.4201354980469,1146.4800834655762,Group: D,Group: A,Group: D vs Group: A,4,4,Blank_Blank_Blank
"[TG(56:12),TG(55:5)]_FA18:3",TAG,1180.4200859069824,1167.6000938415527,1182.4400749206543,1433.3001098632812,1169.940086364746,1190.3600845336914,1223.2000846862793,1169.9000778198242,1172.0400733947754,Group: D,Group: A,Group: D vs Group: A,4,4,Blank_Blank_Blank
"[TG(56:12),TG(55:5)]_FA20:4",TAG,1506.8201141357422,1531.4601097106934,1249.0000915527344,1650.7801208496094,1258.4600982666016,1648.8401260375977,1396.9800910949707,1375.3201026916504,1292.14009475708,Group: D,Group: A,Group: D vs Group: A,4,4,Blank_Blank_Blank
"[TG(56:12),TG(55:5)]_FA22:5",TAG,1451.2600936889648,1454.5601081848145,1417.3600959777832,1509.1001052856445,1453.1401023864746,1631.5001182556152,1571.5801010131836,1404.7200965881348,1376.2400932312012,Group: D,Group: A,Group: D vs Group: A,4,4,Blank_Blank_Blank
"[TG(56:12),TG(55:5)]_FA22:6",TAG,1533.5801010131836,1564.8001022338867,1600.58012008667,1498.9201126098633,1539.440113067627,1497.9001083374023,1590.6401100158691,1494.840103149414,1498.0800971984863,Group: D,Group: A,Group: D vs Group: A,4,4,Blank_Blank_Blank
"[TG(56:13),TG(55:6)]_FA14:0",TAG,1009.5800819396973,973.6800689697266,974.9000701904297,999.5600776672363,1050.7200813293457,1011.7200660705566,1023.0200805664062,969.2800598144531,970.5200614929199,Group: D,Group: A,Group: D vs Group: A,4,4,Blank_Blank_Blank
"[TG(56:13),TG(55:6)]_FA16:0",TAG,1264.8600883483887,1023.3400802612305,993.9600601196289,1044.8400688171387,1052.8200721740723,1043.3000793457031,1386.6800842285156,1319.06010055542,1002.8800659179688,Group: D,Group: A,Group: D vs Group: A,4,4,Blank_Blank_Blank
"[TG(56:13),TG(55:6)]_FA16:1",TAG,1079.3800735473633,1090.4800872802734,1080.3200798034668,1054.0200805664062,1047.440071105957,1118.8600807189941,1154.260082244873,1068.2400665283203,1048.1800689697266,Group: D,Group: A,Group: D vs Group: A,4,4,Blank_Blank_Blank
"[TG(56:13),TG(55:6)]_FA18:0",TAG,1083.840072631836,1030.580078125,1027.5200805664062,1086.700080871582,994.9600715637207,969.3000679016113,967.9200706481934,1055.980079650879,1023.2800712585449,Group: D,Group: A,Group: D vs Group: A,4,4,Blank_Blank_Blank
"[TG(56:13),TG(55:6)]_FA18:1",TAG,1245.7600860595703,1061.2200775146484,1126.5200843811035,1079.440071105957,1057.0200729370117,1080.8600769042969,1110.04008102417,1089.3600807189941,1054.1400718688965,Group: D,Group: A,Group: D vs Group: A,4,4,Blank_Blank_Blank
"[TG(56:13),TG(55:6)]_FA18:2",TAG,1393.900104522705,1324.5800819396973,1781.3201293945312,1174.1600799560547,1276.3200759887695,1392.700096130371,1380.0800971984863,1729.6201171875,1143.340072631836,Group: D,Group: A,Group: D vs Group: A,4,4,Blank_Blank_Blank
"[TG(56:13),TG(55:6)]_FA18:3",TAG,1166.7600784301758,1167.6400871276855,1252.1200904846191,1188.7600936889648,1187.0800857543945,1246.0400924682617,1208.940097808838,1169.3400764465332,1172.8000755310059,Group: D,Group: A,Group: D vs Group: A,4,4,Blank_Blank_Blank
"[TG(56:13),TG(55:6)]_FA20:4",TAG,1406.1600875854492,1482.9800987243652,1447.980110168457,1495.4600982666016,1365.6600914001465,1877.3201370239258,1657.1801071166992,1586.0201263427734,1346.1401023864746,Group: D,Group: A,Group: D vs Group: A,4,4,Blank_Blank_Blank
"[TG(56:13),TG(55:6)]_FA22:5",TAG,1714.6001281738281,1558.7801246643066,1725.8801193237305,1579.8401107788086,1480.7001037597656,1517.7800941467285,1753.58012008667,1587.8001174926758,1376.3600959777832,Group: D,Group: A,Group: D vs Group: A,4,4,Blank_Blank_Blank
"[TG(56:13),TG(55:6)]_FA22:6",TAG,1580.040111541748,1600.7601051330566,1642.9601211547852,1671.6201133728027,1534.8401069641113,1584.6601104736328,1711.6801261901855,1495.9401016235352,1514.2401008605957,Group: D,Group: A,Group: D vs Group: A,4,4,Blank_Blank_Blank
[TG(56:6)]_FA14:0,TAG,1087.340087890625,999.1600723266602,974.4200668334961,973.6000747680664,1051.280071258545,966.8400573730469,1129.9400749206543,1068.500072479248,988.820068359375,Group: D,Group: A,Group: D vs Group: A,4,4,Blank_Blank_Blank
[TG(56:6)]_FA16:0,TAG,9560.860618591309,6357.900413513184,12164.821113586426,5642.120449066162,6513.120639801025,2845.000171661377,35193.942779541016,15043.360717773438,1005.6400680541992,Group: D,Group: A,Group: D vs Group: A,4,4,Blank_Blank_Blank
[TG(56:6)]_FA16:1,TAG,1510.7601051330566,1821.6201286315918,1241.0400848388672,1346.9000854492188,1061.5400619506836,1496.020107269287,4335.6603355407715,1330.920093536377,1059.5200729370117,Group: D,Group: A,Group: D vs Group: A,4,4,Blank_Blank_Blank
[TG(56:6)]_FA18:0,TAG,1344.8401069641113,1547.3601188659668,1245.3000869750977,2370.60018157959,1145.5000762939453,1428.780101776123,2301.500156402588,1448.6201133728027,970.2400665283203,Group: D,Group: A,Group: D vs Group: A,4,4,Blank_Blank_Blank
[TG(56:6)]_FA18:1,TAG,7822.420650482178,3650.8002395629883,14947.781219482422,9411.620761871338,2432.7001762390137,2745.0602264404297,11252.340816497803,12697.200721740723,1101.6600761413574,Group: D,Group: A,Group: D vs Group: A,4,4,Blank_Blank_Blank
[TG(56:6)]_FA18:2,TAG,9599.040885925293,13561.340774536133,24524.422218322754,5855.040367126465,8161.08073425293,8334.340595245361,10174.440799713135,18420.201419830322,1128.7600746154785,Group: D,Group: A,Group: D vs Group: A,4,4,Blank_Blank_Blank
[TG(56:6)]_FA18:3,TAG,1541.8201179504395,1537.8401069641113,1945.5601539611816,2820.6002159118652,1644.0001258850098,2012.540138244629,2290.880138397217,1906.5601348876953,1197.1400833129883,Group: D,Group: A,Group: D vs Group: A,4,4,Blank_Blank_Blank
[TG(56:6)]_FA20:4,TAG,5026.100387573242,7651.920547485352,6017.60026550293,10583.120971679688,3738.1402282714844,11000.320781707764,10896.900703430176,5818.800579071045,1348.260108947754,Group: D,Group: A,Group: D vs Group: A,4,4,Blank_Blank_Blank
[TG(56:6)]_FA22:5,TAG,9217.70051574707,10703.160957336426,15049.261241912842,6916.340488433838,7481.020496368408,10733.580703735352,37051.30257797241,16868.88133239746,1393.920093536377,Group: D,Group: A,Group: D vs Group: A,4,4,Blank_Blank_Blank
[TG(56:6)]_FA22:6,TAG,3224.4402618408203,2413.3001556396484,3995.180316925049,2079.5001525878906,2688.8601570129395,3261.8602294921875,10313.180431365967,4288.720264434814,1497.7401008605957,Group: D,Group: A,Group: D vs Group: A,4,4,Blank_Blank_Blank
"[TG(56:7),TG(55:0)]_FA14:0",TAG,1069.1000747680664,1008.3000717163086,1030.9000816345215,1038.4600715637207,1195.7200927734375,1138.660083770752,1327.3400955200195,1190.5800857543945,1082.0800819396973,Group: D,Group: A,Group: D vs Group: A,4,4,Blank_Blank_Blank
"[TG(56:7),TG(55:0)]_FA16:0",TAG,11263.94080734253,7115.3206787109375,18012.261615753174,7528.420703887939,7402.900585174561,5613.260482788086,48433.743213653564,18415.361572265625,1058.0800743103027,Group: D,Group: A,Group: D vs Group: A,4,4,Blank_Blank_Blank
"[TG(56:7),TG(55:0)]_FA16:1",TAG,2485.960193634033,2367.1801948547363,2513.7001609802246,1356.3600997924805,1121.2600860595703,1745.6001319885254,8476.860301971436,1958.6201286315918,1046.620059967041,Group: D,Group: A,Group: D vs Group: A,4,4,Blank_Blank_Blank
"[TG(56:7),TG(55:0)]_FA18:0",TAG,1067.240077972412,1250.5000953674316,1373.2601127624512,1027.1400871276855,1005.0800743103027,1206.020092010498,1095.8200874328613,1099.5400695800781,1025.5800743103027,Group: D,Group: A,Group: D vs Group: A,4,4,Blank_Blank_Blank
"[TG(56:7),TG(55:0)]_FA18:1",TAG,5180.820266723633,2709.4001808166504,9969.46070098877,6785.560302734375,1989.980167388916,2630.6802291870117,7994.2205238342285,9586.260906219482,1101.8600730895996,Group: D,Group: A,Group: D vs Group: A,4,4,Blank_Blank_Blank
"[TG(56:7),TG(55:0)]_FA18:2",TAG,11737.36107635498,14869.641204833984,28916.00159072876,7284.040451049805,9880.340812683105,9378.640689849854,10916.800884246826,21461.101291656494,1129.1800804138184,Group: D,Group: A,Group: D vs Group: A,4,4,Blank_Blank_Blank
"[TG(56:7),TG(55:0)]_FA18:3",TAG,1633.0601196289062,1614.0601196289062,1885.3401489257812,3557.4603233337402,1399.0800895690918,2161.68017578125,2300.880157470703,1732.8801193237305,1172.3400688171387,Group: D,Group: A,Group: D vs Group: A,4,4,Blank_Blank_Blank
"[TG(56:7),TG(55:0)]_FA20:4",TAG,6692.540374755859,9836.18070602417,11373.760780334473,18099.56113052368,3881.500301361084,14483.920742034912,13478.5212059021,7417.04044342041,1266.6200904846191,Group: D,Group: A,Group: D vs Group: A,4,4,Blank_Blank_Blank
"[TG(56:7),TG(55:0)]_FA22:5",TAG,11361.080951690674,12001.320877075195,25207.561855316162,14498.540927886963,7687.080516815186,14587.141040802002,37063.06298446655,17721.801219940186,1375.7000923156738,Group: D,Group: A,Group: D vs Group: A,4,4,Blank_Blank_Blank
"[TG(56:7),TG(55:0)]_FA22:6",TAG,22002.18125152588,24089.261737823486,41179.94357299805,11948.921028137207,16583.661140441895,28333.122039794922,132701.7904548645,39062.82239151001,1588.200122833252,Group: D,Group: A,Group: D vs Group: A,4,4,Blank_Blank_Blank
"[TG(56:8),TG(55:1)]_FA14:0",TAG,1012.5200805664062,1003.9200782775879,997.8600692749023,990.7600784301758,996.3800735473633,1008.9400672912598,1164.8000869750977,1064.4800834655762,971.5400733947754,Group: D,Group: A,Group: D vs Group: A,4,4,Blank_Blank_Blank
"[TG(56:8),TG(55:1)]_FA16:0",TAG,6570.840347290039,4359.540279388428,13387.280826568604,7028.620452880859,4294.440246582031,3651.8002586364746,24339.301692962646,9951.560668945312,969.180061340332,Group: D,Group: A,Group: D vs Group: A,4,4,Blank_Blank_Blank
"[TG(56:8),TG(55:1)]_FA16:1",TAG,2322.4801712036133,2178.840171813965,1763.6601104736328,1542.8401069641113,1353.6200981140137,2075.500141143799,9134.30048751831,1822.3401145935059,1083.8200721740723,Group: D,Group: A,Group: D vs Group: A,4,4,Blank_Blank_Blank
"[TG(56:8),TG(55:1)]_FA18:0",TAG,982.2000732421875,1089.2800750732422,1051.1400833129883,1029.6600875854492,1000.2400741577148,1042.4600715637207,1023.6800689697266,1019.1400871276855,1023.9400634765625,Group: D,Group: A,Group: D vs Group: A,4,4,Blank_Blank_Blank
"[TG(56:8),TG(55:1)]_FA18:1",TAG,1713.4201126098633,1520.020107269287,2472.6002082824707,2278.4601707458496,1273.660083770752,1345.7400932312012,2659.6801414489746,2557.4201469421387,1053.4400672912598,Group: D,Group: A,Group: D vs Group: A,4,4,Blank_Blank_Blank
"[TG(56:8),TG(55:1)]_FA18:2",TAG,7011.0003662109375,8358.04061126709,17565.78085708618,5882.120555877686,6591.200653076172,6355.520496368408,10592.540775299072,13290.680969238281,1169.2600746154785,Group: D,Group: A,Group: D vs Group: A,4,4,Blank_Blank_Blank
"[TG(56:8),TG(55:1)]_FA18:3",TAG,1500.6200942993164,1572.3000946044922,1495.6801109313965,2728.460235595703,1487.2401123046875,1810.6401252746582,2546.16019821167,1449.9401054382324,1172.2600746154785,Group: D,Group: A,Group: D vs Group: A,4,4,Blank_Blank_Blank
"[TG(56:8),TG(55:1)]_FA20:4",TAG,3250.7602348327637,4518.480392456055,5892.280406951904,10836.240509033203,2213.900157928467,6915.980464935303,5076.560306549072,4130.520221710205,1279.1800842285156,Group: D,Group: A,Group: D vs Group: A,4,4,Blank_Blank_Blank
"[TG(56:8),TG(55:1)]_FA22:5",TAG,2736.580150604248,3186.9602432250977,4749.060230255127,4184.960262298584,2560.0801696777344,2916.320167541504,7980.960609436035,4395.200275421143,1375.5000915527344,Group: D,Group: A,Group: D vs Group: A,4,4,Blank_Blank_Blank
"[TG(56:8),TG(55:1)]_FA22:6",TAG,25454.201557159424,27890.722076416016,54149.28522491455,21660.18176651001,19759.801559448242,33522.84234237671,125133.43088150024,40342.04273223877,1524.2201118469238,Group: D,Group: A,Group: D vs Group: A,4,4,Blank_Blank_Blank
"[TG(56:9),TG(55:2)]_FA14:0",TAG,973.6600761413574,993.8200798034668,992.8000717163086,973.4600715637207,967.0600662231445,966.880069732666,970.4200668334961,1042.9400672912598,970.4600639343262,Group: D,Group: A,Group: D vs Group: A,4,4,Blank_Blank_Blank
"[TG(56:9),TG(55:2)]_FA16:0",TAG,1761.3601112365723,1294.5200805664062,1757.6401252746582,1257.3800811767578,1475.4601020812988,1287.5600814819336,2197.9601669311523,1735.4401321411133,969.8000717163086,Group: D,Group: A,Group: D vs Group: A,4,4,Blank_Blank_Blank
"[TG(56:9),TG(55:2)]_FA16:1",TAG,1482.3401069641113,1898.3201293945312,1756.6801300048828,1897.0401496887207,1099.0600776672363,1743.420108795166,6026.020503997803,2080.820156097412,1146.9600791931152,Group: D,Group: A,Group: D vs Group: A,4,4,Blank_Blank_Blank
"[TG(56:9),TG(55:2)]_FA18:0",TAG,1087.3400802612305,1121.3200721740723,1026.7600708007812,1079.3400802612305,995.1400833129883,1037.0800704956055,969.2600708007812,1045.8800773620605,1032.3400802612305,Group: D,Group: A,Group: D vs Group: A,4,4,Blank_Blank_Blank
"[TG(56:9),TG(55:2)]_FA18:1",TAG,1431.8400917053223,1159.7600860595703,1397.8200912475586,1471.780101776123,1098.5000839233398,1153.4000778198242,1261.9400939941406,1544.4401054382324,1178.4800834655762,Group: D,Group: A,Group: D vs Group: A,4,4,Blank_Blank_Blank
"[TG(56:9),TG(55:2)]_FA18:2",TAG,2126.7801475524902,2890.920223236084,3402.0002822875977,2079.920150756836,2483.0001792907715,2177.3001556396484,2209.0201263427734,3857.860321044922,1175.0000801086426,Group: D,Group: A,Group: D vs Group: A,4,4,Blank_Blank_Blank
"[TG(56:9),TG(55:2)]_FA18:3",TAG,1197.3400764465332,1262.580078125,1412.2800903320312,2094.1001319885254,1459.3001098632812,1651.4001121520996,2066.580146789551,1469.4401054382324,1171.7000770568848,Group: D,Group: A,Group: D vs Group: A,4,4,Blank_Blank_Blank
"[TG(56:9),TG(55:2)]_FA20:4",TAG,1603.3201293945312,1400.920108795166,1950.3001441955566,2931.8401985168457,1532.8601150512695,2429.7601623535156,1771.4801216125488,1609.320110321045,1246.8000869750977,Group: D,Group: A,Group: D vs Group: A,4,4,Blank_Blank_Blank
"[TG(56:9),TG(55:2)]_FA22:5",TAG,1447.9601097106934,1421.3600997924805,1616.800106048584,1453.0200996398926,1406.4200859069824,1457.0200996398926,1665.8401107788086,1603.3600997924805,1381.040111541748,Group: D,Group: A,Group: D vs Group: A,4,4,Blank_Blank_Blank
"[TG(56:9),TG(55:2)]_FA22:6",TAG,5702.120349884033,6322.700286865234,9295.52082824707,5226.660293579102,3900.1003036499023,6947.340572357178,22274.642265319824,8448.4404296875,1536.860107421875,Group: D,Group: A,Group: D vs Group: A,4,4,Blank_Blank_Blank
"[TG(57:10),TG(56:3)]_FA14:0",TAG,1012.8400688171387,982.1800765991211,974.9400672912598,1012.380069732666,966.9800682067871,966.5800704956055,969.700080871582,973.8800773620605,970.7600746154785,Group: D,Group: A,Group: D vs Group: A,4,4,Blank_Blank_Blank
"[TG(57:10),TG(56:3)]_FA16:0",TAG,2822.860149383545,2148.980125427246,2776.3001708984375,2097.920135498047,2619.0201454162598,1745.360149383545,6883.120250701904,1398.1001014709473,969.6600761413574,Group: D,Group: A,Group: D vs Group: A,4,4,Blank_Blank_Blank
"[TG(57:10),TG(56:3)]_FA16:1",TAG,1416.8001174926758,1317.300090789795,1153.260066986084,1164.7800827026367,1106.0800819396973,1099.660083770752,2309.600143432617,1184.0600891113281,1065.6400604248047,Group: D,Group: A,Group: D vs Group: A,4,4,Blank_Blank_Blank
"[TG(57:10),TG(56:3)]_FA18:0",TAG,1255.4800834655762,2230.0401458740234,3041.620258331299,1052.420066833496,1029.1600761413574,1583.0001068115234,2466.4001998901367,1778.5001068115234,969.9000625610352,Group: D,Group: A,Group: D vs Group: A,4,4,Blank_Blank_Blank
"[TG(57:10),TG(56:3)]_FA18:1",TAG,6809.980373382568,3314.6602630615234,11343.380973815918,6314.7605056762695,2146.380172729492,2636.000186920166,6563.300365447998,16795.121124267578,1126.9000778198242,Group: D,Group: A,Group: D vs Group: A,4,4,Blank_Blank_Blank
"[TG(57:10),TG(56:3)]_FA18:2",TAG,4889.780372619629,5469.9404296875,7009.800441741943,2010.5601272583008,3642.7002906799316,2879.760166168213,3928.72025680542,5845.280406951904,1129.4200744628906,Group: D,Group: A,Group: D vs Group: A,4,4,Blank_Blank_Blank
"[TG(57:10),TG(56:3)]_FA18:3",TAG,1203.0400848388672,1241.200080871582,1184.9400825500488,1185.6200828552246,1211.8200798034668,1255.6600761413574,1212.2000770568848,1168.6000862121582,1171.8600730895996,Group: D,Group: A,Group: D vs Group: A,4,4,Blank_Blank_Blank
"[TG(57:10),TG(56:3)]_FA20:4",TAG,1248.0800971984863,1304.4600982666016,1319.4200897216797,1392.6800918579102,1248.260082244873,1324.680103302002,1278.240089416504,1248.4600791931152,1247.0400886535645,Group: D,Group: A,Group: D vs Group: A,4,4,Blank_Blank_Blank
"[TG(57:10),TG(56:3)]_FA22:5",TAG,1408.040096282959,1390.9201011657715,1374.8800926208496,1378.5401000976562,1395.4400939941406,1433.0201034545898,1374.6800994873047,1377.420093536377,1376.360092163086,Group: D,Group: A,Group: D vs Group: A,4,4,Blank_Blank_Blank
"[TG(57:10),TG(56:3)]_FA22:6",TAG,1565.2801094055176,1552.2000999450684,1671.2201080322266,1499.460105895996,1533.500099182129,1628.2601165771484,1529.9001007080078,1519.260108947754,1505.7401123046875,Group: D,Group: A,Group: D vs Group: A,4,4,Blank_Blank_Blank
"[TG(57:11),TG(56:4)]_FA14:0",TAG,972.7800674438477,1009.8600692749023,992.6800651550293,973.8800735473633,996.9200630187988,999.2400703430176,1000.5800743103027,1079.9800834655762,990.7600746154785,Group: D,Group: A,Group: D vs Group: A,4,4,Blank_Blank_Blank
"[TG(57:11),TG(56:4)]_FA16:0",TAG,2809.2002143859863,2285.8001708984375,2934.400173187256,1718.060131072998,2438.4601707458496,1651.6801490783691,5504.780326843262,2459.480182647705,1014.9400749206543,Group: D,Group: A,Group: D vs Group: A,4,4,Blank_Blank_Blank
"[TG(57:11),TG(56:4)]_FA16:1",TAG,1241.160083770752,1456.6400985717773,1173.3800811767578,1145.3400840759277,1057.500072479248,1175.3000793457031,2800.560234069824,1148.920093536377,1050.3600807189941,Group: D,Group: A,Group: D vs Group: A,4,4,Blank_Blank_Blank
"[TG(57:11),TG(56:4)]_FA18:0",TAG,1561.000114440918,2517.480155944824,2126.8201293945312,1721.2601356506348,1549.9400901794434,1692.600112915039,1918.8201370239258,2202.800178527832,1039.5000801086426,Group: D,Group: A,Group: D vs Group: A,4,4,Blank_Blank_Blank
"[TG(57:11),TG(56:4)]_FA18:1",TAG,8479.840503692627,3737.0802268981934,16198.041305541992,10040.080657958984,2264.4001502990723,3050.020175933838,13241.180767059326,17854.701362609863,1135.2000732421875,Group: D,Group: A,Group: D vs Group: A,4,4,Blank_Blank_Blank
"[TG(57:11),TG(56:4)]_FA18:2",TAG,9197.960666656494,13078.600849151611,18371.721015930176,4290.6403160095215,7513.380386352539,7024.5805015563965,9570.920509338379,18794.701568603516,1208.2000770568848,Group: D,Group: A,Group: D vs Group: A,4,4,Blank_Blank_Blank
"[TG(57:11),TG(56:4)]_FA18:3",TAG,1228.8600845336914,1417.16011428833,1414.9800987243652,1645.7201309204102,1234.3400955200195,1439.200096130371,1439.5001068115234,1354.3600959777832,1172.1800842285156,Group: D,Group: A,Group: D vs Group: A,4,4,Blank_Blank_Blank
"[TG(57:11),TG(56:4)]_FA20:4",TAG,1479.060115814209,1636.7201232910156,1423.900104522705,1764.0801124572754,1384.2000885009766,1886.9001274108887,1639.8401184082031,1389.4000930786133,1246.8800888061523,Group: D,Group: A,Group: D vs Group: A,4,4,Blank_Blank_Blank
"[TG(57:11),TG(56:4)]_FA22:5",TAG,1438.680103302002,1421.8400955200195,1513.4801177978516,1508.3601112365723,1375.5200958251953,1418.4001007080078,1582.700107574463,1428.7600936889648,1375.3000984191895,Group: D,Group: A,Group: D vs Group: A,4,4,Blank_Blank_Blank
"[TG(57:11),TG(56:4)]_FA22:6",TAG,1519.700107574463,1498.3601036071777,1529.2201080322266,1498.0801048278809,1545.7801094055176,1496.380111694336,1509.5801162719727,1517.1801109313965,1572.9201164245605,Group: D,Group: A,Group: D vs Group: A,4,4,Blank_Blank_Blank
"[TG(57:12),TG(56:5)]_FA14:0",TAG,1011.2200775146484,992.520076751709,996.9600715637207,973.760066986084,1031.920078277588,966.6600723266602,1004.1400833129883,968.8200798034668,970.4600639343262,Group: D,Group: A,Group: D vs Group: A,4,4,Blank_Blank_Blank
"[TG(57:12),TG(56:5)]_FA16:0",TAG,2856.5002479553223,3594.580307006836,6451.600605010986,2597.3801803588867,3482.5202560424805,1703.960105895996,16595.08124923706,6964.920364379883,969.4400596618652,Group: D,Group: A,Group: D vs Group: A,4,4,Blank_Blank_Blank
"[TG(57:12),TG(56:5)]_FA16:1",TAG,1341.0200843811035,1129.0800743103027,1236.0000839233398,1092.3200759887695,1145.380069732666,1100.7200622558594,2238.0601806640625,1094.1200714111328,1071.8000831604004,Group: D,Group: A,Group: D vs Group: A,4,4,Blank_Blank_Blank
"[TG(57:12),TG(56:5)]_FA18:0",TAG,1290.7600784301758,2636.8001670837402,3705.420238494873,1678.0401153564453,1148.940086364746,1782.2001647949219,3166.4603157043457,1660.640121459961,982.9400749206543,Group: D,Group: A,Group: D vs Group: A,4,4,Blank_Blank_Blank
"[TG(57:12),TG(56:5)]_FA18:1",TAG,7386.98059463501,4617.32039642334,15088.360828399658,8356.820766448975,2401.480155944824,2751.0202026367188,11760.420684814453,15433.920780181885,1077.7600746154785,Group: D,Group: A,Group: D vs Group: A,4,4,Blank_Blank_Blank
"[TG(57:12),TG(56:5)]_FA18:2",TAG,8286.64073562622,11812.260990142822,23487.062286376953,6108.020275115967,7185.360622406006,8767.920532226562,8454.480541229248,17233.480838775635,1191.3600845336914,Group: D,Group: A,Group: D vs Group: A,4,4,Blank_Blank_Blank
"[TG(57:12),TG(56:5)]_FA18:3",TAG,1427.8400917053223,1470.7601051330566,1691.900131225586,2716.280158996582,1298.7600784301758,1882.6201438903809,2095.560161590576,1877.0401306152344,1211.0600891113281,Group: D,Group: A,Group: D vs Group: A,4,4,Blank_Blank_Blank
"[TG(57:12),TG(56:5)]_FA20:4",TAG,3173.7002143859863,3185.5801582336426,3903.3803215026855,4863.940288543701,2287.14017868042,5045.90030670166,4677.460372924805,2915.040256500244,1247.14009475708,Group: D,Group: A,Group: D vs Group: A,4,4,Blank_Blank_Blank
"[TG(57:12),TG(56:5)]_FA22:5",TAG,1818.5401229858398,2303.340187072754,2807.2401847839355,1843.4201354980469,2168.7201538085938,1885.1001205444336,4034.1402549743652,2450.200138092041,1423.3801002502441,Group: D,Group: A,Group: D vs Group: A,4,4,Blank_Blank_Blank
"[TG(57:12),TG(56:5)]_FA22:6",TAG,1573.7601203918457,1544.4801177978516,1525.3401107788086,1497.9801063537598,1573.700107574463,1583.66011428833,1578.9201164245605,1612.7201080322266,1582.220115661621,Group: D,Group: A,Group: D vs Group: A,4,4,Blank_Blank_Blank
"[TG(57:8),TG(56:1)]_FA14:0",TAG,1015.4200744628906,1052.9600715637207,1017.440071105957,1015.6400680541992,1029.6400718688965,1065.4600677490234,1047.4200744628906,1042.8400688171387,1058.3000755310059,Group: D,Group: A,Group: D vs Group: A,4,4,Blank_Blank_Blank
"[TG(57:8),TG(56:1)]_FA16:0",TAG,1630.1601219177246,1326.3000946044922,1131.320083618164,1145.3200798034668,1278.6200981140137,1181.3200798034668,1881.880126953125,1398.580093383789,1061.240062713623,Group: D,Group: A,Group: D vs Group: A,4,4,Blank_Blank_Blank
"[TG(57:8),TG(56:1)]_FA16:1",TAG,1142.04008102417,1077.6400718688965,1162.7800903320312,1057.6400756835938,1129.920078277588,1123.6200790405273,1102.1400756835938,1049.280071258545,1080.3000869750977,Group: D,Group: A,Group: D vs Group: A,4,4,Blank_Blank_Blank
"[TG(57:8),TG(56:1)]_FA18:0",TAG,1152.3000793457031,1267.940086364746,1194.4200859069824,1124.4600830078125,1075.1800804138184,1118.3000755310059,1346.680088043213,1137.0200653076172,1011.460075378418,Group: D,Group: A,Group: D vs Group: A,4,4,Blank_Blank_Blank
"[TG(57:8),TG(56:1)]_FA18:1",TAG,1215.5000801086426,1286.9400901794434,1293.60009765625,1217.800090789795,1114.3200798034668,1137.1400871276855,1225.4200973510742,1182.2400817871094,1135.2000770568848,Group: D,Group: A,Group: D vs Group: A,4,4,Blank_Blank_Blank
"[TG(57:8),TG(56:1)]_FA18:2",TAG,1390.000087738037,1459.840103149414,1590.980094909668,1229.420093536377,1259.1200904846191,1208.4800758361816,1188.480079650879,1424.5801048278809,1129.1000709533691,Group: D,Group: A,Group: D vs Group: A,4,4,Blank_Blank_Blank
"[TG(57:8),TG(56:1)]_FA18:3",TAG,1167.560073852539,1188.4800872802734,1167.9200820922852,1394.0400924682617,1163.9600830078125,1206.8200798034668,1182.3600769042969,1219.3000793457031,1172.8800811767578,Group: D,Group: A,Group: D vs Group: A,4,4,Blank_Blank_Blank
"[TG(57:8),TG(56:1)]_FA20:4",TAG,1290.1200981140137,1249.2600898742676,1293.3800888061523,1270.4200897216797,1247.300090789795,1290.180088043213,1297.2600936889648,1273.4200859069824,1246.6400985717773,Group: D,Group: A,Group: D vs Group: A,4,4,Blank_Blank_Blank
"[TG(57:8),TG(56:1)]_FA22:5",TAG,1431.4600982666016,1582.1401176452637,1636.1001167297363,1516.5401039123535,1526.6601104736328,1500.5801048278809,1481.020092010498,1500.4401054382324,1398.3200988769531,Group: D,Group: A,Group: D vs Group: A,4,4,Blank_Blank_Blank
"[TG(57:8),TG(56:1)]_FA22:6",TAG,1887.6401176452637,1911.2201309204102,2637.4402084350586,1616.980110168457,1812.520133972168,1890.960163116455,2518.8401679992676,2071.720146179199,1514.6201171875,Group: D,Group: A,Group: D vs Group: A,4,4,Blank_Blank_Blank
"[TG(57:9),TG(56:2)]_FA14:0",TAG,972.460075378418,1042.1000747680664,974.2200698852539,1057.9200744628906,1015.6400680541992,999.3600616455078,1049.3200759887695,968.760066986084,970.6400680541992,Group: D,Group: A,Group: D vs Group: A,4,4,Blank_Blank_Blank
"[TG(57:9),TG(56:2)]_FA16:0",TAG,2154.9201698303223,1887.8201446533203,1883.6601181030273,1198.0600662231445,1858.560146331787,1819.3801383972168,5141.960548400879,2136.14017868042,969.8200721740723,Group: D,Group: A,Group: D vs Group: A,4,4,Blank_Blank_Blank
"[TG(57:9),TG(56:2)]_FA16:1",TAG,1113.7800750732422,1205.8800811767578,1068.4200706481934,1165.7600784301758,1048.0800704956055,1202.7200813293457,1520.0000953674316,1111.6200828552246,1101.6800651550293,Group: D,Group: A,Group: D vs Group: A,4,4,Blank_Blank_Blank
"[TG(57:9),TG(56:2)]_FA18:0",TAG,1165.020076751709,1799.0801162719727,1213.0800819396973,1156.8600769042969,1077.760066986084,1296.500087738037,1711.5001106262207,1291.7200965881348,969.0800666809082,Group: D,Group: A,Group: D vs Group: A,4,4,Blank_Blank_Blank
"[TG(57:9),TG(56:2)]_FA18:1",TAG,3126.0202865600586,2073.520107269287,3876.4802856445312,2182.7601203918457,1372.1601104736328,1503.600112915039,2174.800163269043,4915.920349121094,1054.0000762939453,Group: D,Group: A,Group: D vs Group: A,4,4,Blank_Blank_Blank
"[TG(57:9),TG(56:2)]_FA18:2",TAG,1595.0401153564453,1683.68013381958,1918.7801094055176,1225.340087890625,1416.6601066589355,1514.720115661621,1696.5201263427734,1558.4401092529297,1157.4000816345215,Group: D,Group: A,Group: D vs Group: A,4,4,Blank_Blank_Blank
"[TG(57:9),TG(56:2)]_FA18:3",TAG,1166.8200950622559,1167.9800834655762,1168.5600814819336,1169.5400886535645,1162.9200859069824,1170.54008102417,1166.1600761413574,1196.1800842285156,1171.6000709533691,Group: D,Group: A,Group: D vs Group: A,4,4,Blank_Blank_Blank
"[TG(57:9),TG(56:2)]_FA20:4",TAG,1248.3600959777832,1289.240089416504,1249.580093383789,1335.0200958251953,1247.4600868225098,1363.1400985717773,1283.5800895690918,1250.1200904846191,1247.4400901794434,Group: D,Group: A,Group: D vs Group: A,4,4,Blank_Blank_Blank
"[TG(57:9),TG(56:2)]_FA22:5",TAG,1474.2201080322266,1520.000099182129,1375.5001068115234,1444.740089416504,1382.4801063537598,1404.2601051330566,1454.1801071166992,1396.2400970458984,1435.440113067627,Group: D,Group: A,Group: D vs Group: A,4,4,Blank_Blank_Blank
"[TG(57:9),TG(56:2)]_FA22:6",TAG,1926.9601402282715,1842.1001434326172,1954.260139465332,1755.0601234436035,1507.6201057434082,1825.760124206543,2375.8401641845703,1659.4801292419434,1518.0600967407227,Group: D,Group: A,Group: D vs Group: A,4,4,Blank_Blank_Blank
"[TG(58:10),TG(57:3)]_FA14:0",TAG,1044.0000686645508,1016.1800689697266,1017.7600746154785,1015.7800788879395,1008.080078125,1052.0200691223145,1068.3000679016113,1011.1800727844238,1013.3000793457031,Group: D,Group: A,Group: D vs Group: A,4,4,Blank_Blank_Blank
"[TG(58:10),TG(57:3)]_FA16:0",TAG,1087.3000679016113,1076.9200859069824,1081.8000679016113,1067.6400756835938,1039.8400688171387,1012.8400650024414,1531.0801048278809,1011.3400650024414,1011.6000709533691,Group: D,Group: A,Group: D vs Group: A,4,4,Blank_Blank_Blank
"[TG(58:10),TG(57:3)]_FA16:1",TAG,1089.7600708007812,1064.9800720214844,1108.5800819396973,1054.3800659179688,1047.2200660705566,1086.2200813293457,1158.6800727844238,1055.260082244873,1047.4800643920898,Group: D,Group: A,Group: D vs Group: A,4,4,Blank_Blank_Blank
"[TG(58:10),TG(57:3)]_FA18:0",TAG,1045.3600769042969,1017.8000679016113,1062.5200729370117,1067.2600746154785,1012.1800727844238,1028.6600723266602,1010.9000587463379,1010.7400703430176,1012.4800682067871,Group: D,Group: A,Group: D vs Group: A,4,4,Blank_Blank_Blank
"[TG(58:10),TG(57:3)]_FA18:1",TAG,1182.900089263916,1048.440071105957,1344.840103149414,1178.840072631836,1101.9000816345215,1185.9600791931152,1383.0401077270508,1341.4200973510742,1053.460060119629,Group: D,Group: A,Group: D vs Group: A,4,4,Blank_Blank_Blank
"[TG(58:10),TG(57:3)]_FA18:2",TAG,2392.060146331787,2161.2401580810547,4445.080310821533,2648.6201820373535,2136.420154571533,1959.7001266479492,2177.5801391601562,2875.160171508789,1301.1600799560547,Group: D,Group: A,Group: D vs Group: A,4,4,Blank_Blank_Blank
"[TG(58:10),TG(57:3)]_FA18:3",TAG,1323.2600898742676,1406.480094909668,1336.2800979614258,1687.6001167297363,1182.7000846862793,1533.1401062011719,1546.3001251220703,1472.940086364746,1171.3200759887695,Group: D,Group: A,Group: D vs Group: A,4,4,Blank_Blank_Blank
"[TG(58:10),TG(57:3)]_FA20:4",TAG,1583.4201126098633,1665.0601119995117,1888.62015914917,2276.680187225342,1405.3800926208496,1843.4801216125488,2233.8001556396484,1550.4201011657715,1247.9800910949707,Group: D,Group: A,Group: D vs Group: A,4,4,Blank_Blank_Blank
"[TG(58:10),TG(57:3)]_FA22:5",TAG,1686.0401344299316,1674.740135192871,2086.840145111084,1680.6401176452637,1449.4801139831543,1821.08012008667,1899.500129699707,1741.8600997924805,1376.7401008605957,Group: D,Group: A,Group: D vs Group: A,4,4,Blank_Blank_Blank
"[TG(58:10),TG(57:3)]_FA22:6",TAG,5826.780437469482,6951.280662536621,16555.980949401855,6376.260536193848,4495.84033203125,7265.560615539551,18743.02140045166,9774.920680999756,1546.0001106262207,Group: D,Group: A,Group: D vs Group: A,4,4,Blank_Blank_Blank
"[TG(58:11),TG(57:4)]_FA14:0",TAG,1015.2200775146484,1015.9600791931152,1017.3800735473633,1049.3200798034668,1008.0400657653809,1048.5000762939453,1012.3400688171387,1083.7400703430176,1012.8800621032715,Group: D,Group: A,Group: D vs Group: A,4,4,Blank_Blank_Blank
"[TG(58:11),TG(57:4)]_FA16:0",TAG,1044.2200775146484,1063.6400718688965,1032.9600677490234,1032.8800621032715,1007.5000648498535,1012.700065612793,1325.8600997924805,1005.2800674438477,1011.4400749206543,Group: D,Group: A,Group: D vs Group: A,4,4,Blank_Blank_Blank
"[TG(58:11),TG(57:4)]_FA16:1",TAG,1052.3600769042969,1085.8800735473633,1046.12007522583,1055.1600723266602,1047.8400650024414,1048.8600807189941,1118.980079650879,1048.8400688171387,1048.240077972412,Group: D,Group: A,Group: D vs Group: A,4,4,Blank_Blank_Blank
"[TG(58:11),TG(57:4)]_FA18:0",TAG,1012.9600715637207,1058.640079498291,1012.6200675964355,1017.940071105957,1012.9000816345215,1011.3400726318359,1020.4200744628906,1010.1000747680664,1011.7800712585449,Group: D,Group: A,Group: D vs Group: A,4,4,Blank_Blank_Blank
"[TG(58:11),TG(57:4)]_FA18:1",TAG,1166.600082397461,1068.4600715637207,1153.4200820922852,1098.7200775146484,1141.5200691223145,1053.3800811767578,1163.640079498291,1167.0400886535645,1116.680076599121,Group: D,Group: A,Group: D vs Group: A,4,4,Blank_Blank_Blank
"[TG(58:11),TG(57:4)]_FA18:2",TAG,1293.5601043701172,1762.3401184082031,1712.9401206970215,1221.900089263916,1358.0200843811035,1271.1400871276855,1228.3400840759277,1487.2800941467285,1129.0400733947754,Group: D,Group: A,Group: D vs Group: A,4,4,Blank_Blank_Blank
"[TG(58:11),TG(57:4)]_FA18:3",TAG,1182.6800842285156,1236.240089416504,1405.0201148986816,2243.940174102783,1162.54008102417,1284.8600845336914,1356.8200988769531,1391.0801010131836,1172.3800773620605,Group: D,Group: A,Group: D vs Group: A,4,4,Blank_Blank_Blank
"[TG(58:11),TG(57:4)]_FA20:4",TAG,1351.5401039123535,1375.8600997924805,1359.8400955200195,1402.5600967407227,1258.0600891113281,1430.520092010498,1495.2801208496094,1292.2200889587402,1270.4800872802734,Group: D,Group: A,Group: D vs Group: A,4,4,Blank_Blank_Blank
"[TG(58:11),TG(57:4)]_FA22:5",TAG,1398.700096130371,1373.420108795166,1444.8200950622559,1422.8400955200195,1375.5600814819336,1404.940097808838,1468.5600929260254,1482.2600936889648,1375.6601028442383,Group: D,Group: A,Group: D vs Group: A,4,4,Blank_Blank_Blank
"[TG(58:11),TG(57:4)]_FA22:6",TAG,2214.2601356506348,2823.1002044677734,3816.9201889038086,2430.3001441955566,2093.420135498047,2878.0801963806152,3804.000289916992,2929.440216064453,1511.900104522705,Group: D,Group: A,Group: D vs Group: A,4,4,Blank_Blank_Blank
"[TG(58:12),TG(57:5)]_FA14:0",TAG,1014.6000671386719,1016.1800765991211,1028.7800750732422,1047.7600784301758,1040.9000778198242,1009.2000770568848,1039.5000686645508,1101.460075378418,1029.4200820922852,Group: D,Group: A,Group: D vs Group: A,4,4,Blank_Blank_Blank
"[TG(58:12),TG(57:5)]_FA16:0",TAG,1034.8800735473633,1028.800064086914,1041.3600769042969,1090.5400733947754,1007.7200698852539,1011.3800735473633,1146.4000663757324,1009.0400733947754,1011.5400733947754,Group: D,Group: A,Group: D vs Group: A,4,4,Blank_Blank_Blank
"[TG(58:12),TG(57:5)]_FA16:1",TAG,1052.3000831604004,1049.200080871582,1046.4000778198242,1053.8600769042969,1047.2000694274902,1049.460075378418,1101.520076751709,1049.1000709533691,1066.0800704956055,Group: D,Group: A,Group: D vs Group: A,4,4,Blank_Blank_Blank
"[TG(58:12),TG(57:5)]_FA18:0",TAG,1013.0400657653809,1064.980079650879,1018.2000694274902,1016.3000755310059,1046.4400825500488,1023.4800682067871,1030.4400634765625,1028.060073852539,1026.1200714111328,Group: D,Group: A,Group: D vs Group: A,4,4,Blank_Blank_Blank
"[TG(58:12),TG(57:5)]_FA18:1",TAG,1085.460075378418,1056.62007522583,1164.1000862121582,1174.8800811767578,1115.4600830078125,1090.740077972412,1115.580078125,1207.400089263916,1054.340072631836,Group: D,Group: A,Group: D vs Group: A,4,4,Blank_Blank_Blank
"[TG(58:12),TG(57:5)]_FA18:2",TAG,1394.000087738037,1305.5801010131836,1452.0400886535645,1243.9000816345215,1216.8200798034668,1319.860107421875,1219.3200798034668,1261.200080871582,1129.6400680541992,Group: D,Group: A,Group: D vs Group: A,4,4,Blank_Blank_Blank
"[TG(58:12),TG(57:5)]_FA18:3",TAG,1167.7200813293457,1194.6800727844238,1189.0600814819336,1255.440086364746,1163.3000793457031,1194.1400909423828,1166.0000839233398,1168.6400756835938,1193.0400848388672,Group: D,Group: A,Group: D vs Group: A,4,4,Blank_Blank_Blank
"[TG(58:12),TG(57:5)]_FA20:4",TAG,1297.220085144043,1308.1000900268555,1284.5000801086426,1333.7400970458984,1277.2200965881348,1284.2600860595703,1274.3600959777832,1268.9600868225098,1250.14009475708,Group: D,Group: A,Group: D vs Group: A,4,4,Blank_Blank_Blank
"[TG(58:12),TG(57:5)]_FA22:5",TAG,1398.040096282959,1380.8200912475586,1411.760097503662,1378.220100402832,1399.5400924682617,1391.860092163086,1503.8001022338867,1460.7000923156738,1376.4400825500488,Group: D,Group: A,Group: D vs Group: A,4,4,Blank_Blank_Blank
"[TG(58:12),TG(57:5)]_FA22:6",TAG,1621.9401168823242,1552.5801010131836,1630.3401222229004,1517.1401176452637,1500.8001098632812,1552.9001121520996,1672.5201110839844,1651.8001174926758,1537.0001106262207,Group: D,Group: A,Group: D vs Group: A,4,4,Blank_Blank_Blank
"[TG(58:13),TG(57:6)]_FA14:0",TAG,1014.900074005127,1016.3400726318359,1017.080078125,1069.2000846862793,1008.6400756835938,1042.140064239502,1022.7000694274902,1010.4200744628906,1012.960075378418,Group: D,Group: A,Group: D vs Group: A,4,4,Blank_Blank_Blank
"[TG(58:13),TG(57:6)]_FA16:0",TAG,1103.0000839233398,1071.2400703430176,1073.8200759887695,1065.2200775146484,1125.4200744628906,1053.4400787353516,1073.000072479248,1088.7600708007812,1011.3400764465332,Group: D,Group: A,Group: D vs Group: A,4,4,Blank_Blank_Blank
"[TG(58:13),TG(57:6)]_FA16:1",TAG,1051.780071258545,1046.5200729370117,1046.2600746154785,1085.0000762939453,1047.3000717163086,1060.1400756835938,1079.0800743103027,1048.840072631836,1048.0400733947754,Group: D,Group: A,Group: D vs Group: A,4,4,Blank_Blank_Blank
"[TG(58:13),TG(57:6)]_FA18:0",TAG,1013.9000701904297,1045.0400772094727,1078.12007522583,1017.0800819396973,1012.700065612793,1012.1800689697266,1081.9200744628906,1044.4600830078125,1011.3800621032715,Group: D,Group: A,Group: D vs Group: A,4,4,Blank_Blank_Blank
"[TG(58:13),TG(57:6)]_FA18:1",TAG,1078.9000816345215,1049.2800674438477,1142.8800773620605,1047.900074005127,1056.1800651550293,1053.640079498291,1132.8600883483887,1082.7200813293457,1054.4400787353516,Group: D,Group: A,Group: D vs Group: A,4,4,Blank_Blank_Blank
"[TG(58:13),TG(57:6)]_FA18:2",TAG,1219.9000854492188,1188.9400825500488,1460.0800895690918,1128.7800827026367,1151.2200889587402,1129.5400772094727,1159.2400741577148,1247.600082397461,1156.3800773620605,Group: D,Group: A,Group: D vs Group: A,4,4,Blank_Blank_Blank
"[TG(58:13),TG(57:6)]_FA18:3",TAG,1181.2200813293457,1168.2200813293457,1168.0600929260254,1210.1600914001465,1173.600082397461,1194.9000816345215,1188.080078125,1171.7000846862793,1172.5800743103027,Group: D,Group: A,Group: D vs Group: A,4,4,Blank_Blank_Blank
"[TG(58:13),TG(57:6)]_FA20:4",TAG,1247.8200874328613,1300.6400985717773,1294.8200874328613,1446.9400939941406,1247.7000885009766,1293.680088043213,1278.3000984191895,1353.6200942993164,1303.3801040649414,Group: D,Group: A,Group: D vs Group: A,4,4,Blank_Blank_Blank
"[TG(58:13),TG(57:6)]_FA22:5",TAG,1397.6001052856445,1391.7200965881348,1626.5001106262207,1379.3200912475586,1406.64009475708,1561.300121307373,1652.4801139831543,1626.7401161193848,1375.4801063537598,Group: D,Group: A,Group: D vs Group: A,4,4,Blank_Blank_Blank
"[TG(58:13),TG(57:6)]_FA22:6",TAG,1578.1801223754883,1620.3401069641113,1617.8601150512695,1499.3201026916504,1505.2800941467285,1545.3801040649414,1731.6401290893555,1495.9401016235352,1497.2201118469238,Group: D,Group: A,Group: D vs Group: A,4,4,Blank_Blank_Blank
"[TG(58:14),TG(57:7),TG(56:0)]_FA14:0",TAG,1072.1600799560547,1020.2400779724121,1084.1200790405273,1055.9400749206543,1131.3000717163086,1256.800090789795,1152.2800827026367,1120.3200798034668,1050.1400604248047,Group: D,Group: A,Group: D vs Group: A,4,4,Blank_Blank_Blank
"[TG(58:14),TG(57:7),TG(56:0)]_FA16:0",TAG,1503.3401107788086,1426.2801094055176,1368.2000999450684,1684.3601150512695,1216.8200912475586,1344.320110321045,1704.4201126098633,1466.9801025390625,1109.4800720214844,Group: D,Group: A,Group: D vs Group: A,4,4,Blank_Blank_Blank
"[TG(58:14),TG(57:7),TG(56:0)]_FA16:1",TAG,1052.220069885254,1047.0800666809082,1046.3600692749023,1054.3800621032715,1048.4800758361816,1093.580078125,1074.880069732666,1049.4800605773926,1047.1200675964355,Group: D,Group: A,Group: D vs Group: A,4,4,Blank_Blank_Blank
"[TG(58:14),TG(57:7),TG(56:0)]_FA18:0",TAG,1045.2200736999512,1050.6200790405273,1101.6200866699219,1016.6400680541992,1013.2200775146484,1076.820083618164,1068.5800704956055,1011.720085144043,1073.9800758361816,Group: D,Group: A,Group: D vs Group: A,4,4,Blank_Blank_Blank
"[TG(58:14),TG(57:7),TG(56:0)]_FA18:1",TAG,1273.460075378418,1101.3800735473633,1157.6800842285156,1138.1800727844238,1056.6600761413574,1092.0000762939453,1364.4201011657715,1187.6400871276855,1164.8600730895996,Group: D,Group: A,Group: D vs Group: A,4,4,Blank_Blank_Blank
"[TG(58:14),TG(57:7),TG(56:0)]_FA18:2",TAG,1313.5200843811035,1331.7000999450684,1357.9600944519043,1217.8200912475586,1175.5600814819336,1154.240077972412,1222.6400756835938,1354.9201011657715,1179.6400756835938,Group: D,Group: A,Group: D vs Group: A,4,4,Blank_Blank_Blank
"[TG(58:14),TG(57:7),TG(56:0)]_FA18:3",TAG,1166.7800903320312,1166.940071105957,1167.6400833129883,1192.7000846862793,1173.3600769042969,1189.2800788879395,1177.8200798034668,1186.4600791931152,1172.680088043213,Group: D,Group: A,Group: D vs Group: A,4,4,Blank_Blank_Blank
"[TG(58:14),TG(57:7),TG(56:0)]_FA20:4",TAG,1302.4600868225098,1267.5400886535645,1301.2600936889648,1253.8400802612305,1247.5200805664062,1337.9800834655762,1273.980094909668,1268.0801010131836,1247.460090637207,Group: D,Group: A,Group: D vs Group: A,4,4,Blank_Blank_Blank
"[TG(58:14),TG(57:7),TG(56:0)]_FA22:5",TAG,1373.9201011657715,1509.3601036071777,1644.2201232910156,1445.6800918579102,1454.6001052856445,1689.240119934082,1788.1001243591309,1645.2201194763184,1375.800106048584,Group: D,Group: A,Group: D vs Group: A,4,4,Blank_Blank_Blank
"[TG(58:14),TG(57:7),TG(56:0)]_FA22:6",TAG,1846.1801376342773,1889.62015914917,2103.260124206543,1512.5401000976562,1734.0601272583008,1972.7601432800293,2459.7601776123047,2232.9601669311523,1539.6201171875,Group: D,Group: A,Group: D vs Group: A,4,4,Blank_Blank_Blank
"[TG(58:7),TG(57:0)]_FA14:0",TAG,1053.9000701904297,1061.6200828552246,1041.760082244873,1032.7800750732422,1018.9200706481934,1008.5400772094727,1049.3600730895996,1048.1600723266602,1030.1000785827637,Group: D,Group: A,Group: D vs Group: A,4,4,Blank_Blank_Blank
"[TG(58:7),TG(57:0)]_FA16:0",TAG,1656.0201225280762,1933.2001419067383,2340.160182952881,1945.6001625061035,1828.1001319885254,1709.16011428833,4953.00036239624,2063.440139770508,1099.8600807189941,Group: D,Group: A,Group: D vs Group: A,4,4,Blank_Blank_Blank
"[TG(58:7),TG(57:0)]_FA16:1",TAG,1169.0800857543945,1131.7200736999512,1081.8000793457031,1143.8000831604004,1118.1600761413574,1103.720085144043,1541.0200958251953,1118.8800735473633,1061.8600807189941,Group: D,Group: A,Group: D vs Group: A,4,4,Blank_Blank_Blank
"[TG(58:7),TG(57:0)]_FA18:0",TAG,1229.880084991455,1465.2801208496094,1497.5201148986816,1103.320083618164,1048.7800788879395,1189.7800941467285,1802.5001258850098,1060.3200759887695,1065.1000671386719,Group: D,Group: A,Group: D vs Group: A,4,4,Blank_Blank_Blank
"[TG(58:7),TG(57:0)]_FA18:1",TAG,2303.860176086426,1723.4801177978516,3474.9601669311523,3045.180160522461,1417.7000885009766,1569.9001159667969,2845.9201850891113,3192.3002166748047,1053.9000701904297,Group: D,Group: A,Group: D vs Group: A,4,4,Blank_Blank_Blank
"[TG(58:7),TG(57:0)]_FA18:2",TAG,3316.2801475524902,2917.8002319335938,5335.520427703857,2023.6001434326172,1792.0801277160645,2672.0401649475098,3065.4202270507812,2803.700252532959,1150.1600761413574,Group: D,Group: A,Group: D vs Group: A,4,4,Blank_Blank_Blank
"[TG(58:7),TG(57:0)]_FA18:3",TAG,1236.7600784301758,1216.8200874328613,1266.9400787353516,1203.8200759887695,1292.1200866699219,1218.8000831604004,1212.2600860595703,1225.8000717163086,1171.8200759887695,Group: D,Group: A,Group: D vs Group: A,4,4,Blank_Blank_Blank
"[TG(58:7),TG(57:0)]_FA20:4",TAG,1665.080093383789,1754.7401313781738,2129.7401847839355,2536.7602005004883,1598.8801155090332,1901.6201362609863,2490.7401428222656,1596.6201057434082,1246.8200912475586,Group: D,Group: A,Group: D vs Group: A,4,4,Blank_Blank_Blank
"[TG(58:7),TG(57:0)]_FA22:5",TAG,3308.8402366638184,3231.7801933288574,6215.020252227783,4935.100326538086,2647.100196838379,4438.720352172852,11429.120750427246,4431.700305938721,1375.960090637207,Group: D,Group: A,Group: D vs Group: A,4,4,Blank_Blank_Blank
"[TG(58:7),TG(57:0)]_FA22:6",TAG,3306.3002548217773,3393.980239868164,4757.240306854248,2254.1601638793945,2277.1601371765137,2994.7201766967773,10156.020797729492,4705.88032913208,1568.1201133728027,Group: D,Group: A,Group: D vs Group: A,4,4,Blank_Blank_Blank
"[TG(58:8),TG(57:1)]_FA14:0",TAG,1015.7600746154785,1016.1800727844238,1046.9600791931152,1044.480079650879,1061.8000793457031,1045.6800804138184,1037.5000762939453,1011.1200714111328,1012.5000762939453,Group: D,Group: A,Group: D vs Group: A,4,4,Blank_Blank_Blank
"[TG(58:8),TG(57:1)]_FA16:0",TAG,1243.9200897216797,1170.7200736999512,1725.5601272583008,1601.0001068115234,1588.1201095581055,1152.12007522583,3799.4602584838867,1735.4601364135742,1082.4000663757324,Group: D,Group: A,Group: D vs Group: A,4,4,Blank_Blank_Blank
"[TG(58:8),TG(57:1)]_FA16:1",TAG,1227.880084991455,1762.4601287841797,1131.8200759887695,1091.62007522583,1096.3600730895996,1166.6600799560547,1925.6601371765137,1171.3200759887695,1075.840087890625,Group: D,Group: A,Group: D vs Group: A,4,4,Blank_Blank_Blank
"[TG(58:8),TG(57:1)]_FA18:0",TAG,1049.4800758361816,1161.6600761413574,1518.7601051330566,1150.3600807189941,1015.8600692749023,1140.3400764465332,1397.5000839233398,1012.6200675964355,1058.080078125,Group: D,Group: A,Group: D vs Group: A,4,4,Blank_Blank_Blank
"[TG(58:8),TG(57:1)]_FA18:1",TAG,2707.9001846313477,1376.3600997924805,4270.50036239624,3784.640224456787,1636.8401145935059,1595.2801055908203,2382.860179901123,4193.620311737061,1182.4000854492188,Group: D,Group: A,Group: D vs Group: A,4,4,Blank_Blank_Blank
"[TG(58:8),TG(57:1)]_FA18:2",TAG,1963.800148010254,3269.440269470215,7118.820507049561,2489.2201919555664,2613.2601203918457,2797.3801918029785,3585.760269165039,5906.020351409912,1129.280071258545,Group: D,Group: A,Group: D vs Group: A,4,4,Blank_Blank_Blank
"[TG(58:8),TG(57:1)]_FA18:3",TAG,1300.9600944519043,1167.2800788879395,1260.1400909423828,1326.1000900268555,1195.280086517334,1237.1200828552246,1369.300090789795,1234.1400756835938,1172.3000793457031,Group: D,Group: A,Group: D vs Group: A,4,4,Blank_Blank_Blank
"[TG(58:8),TG(57:1)]_FA20:4",TAG,1898.8601455688477,1815.580135345459,2187.280158996582,2999.300189971924,1464.2401008605957,2358.8801651000977,2067.2001342773438,1841.4001235961914,1247.4000816345215,Group: D,Group: A,Group: D vs Group: A,4,4,Blank_Blank_Blank
"[TG(58:8),TG(57:1)]_FA22:5",TAG,4142.840343475342,3795.1802406311035,8740.06069946289,7834.980457305908,3236.2202491760254,4927.900329589844,11018.141006469727,6215.52046585083,1375.2200889587402,Group: D,Group: A,Group: D vs Group: A,4,4,Blank_Blank_Blank
"[TG(58:8),TG(57:1)]_FA22:6",TAG,8607.580520629883,9778.600578308105,20283.80195236206,6252.020458221436,6178.040500640869,10407.880599975586,49126.884353637695,18116.22100830078,1510.2001037597656,Group: D,Group: A,Group: D vs Group: A,4,4,Blank_Blank_Blank
"[TG(58:9),TG(57:2)]_FA14:0",TAG,1015.5800704956055,1041.3200798034668,1017.0600738525391,1016.140064239502,1053.380069732666,1008.9400749206543,1026.2800788879395,1011.1200752258301,1012.880069732666,Group: D,Group: A,Group: D vs Group: A,4,4,Blank_Blank_Blank
"[TG(58:9),TG(57:2)]_FA16:0",TAG,1122.0200729370117,1125.500087738037,1068.7200736999512,1151.4800643920898,1028.6200714111328,1056.1200637817383,2475.980197906494,1036.9000701904297,1024.5600624084473,Group: D,Group: A,Group: D vs Group: A,4,4,Blank_Blank_Blank
"[TG(58:9),TG(57:2)]_FA16:1",TAG,1125.3000755310059,1153.8000869750977,1184.0400657653809,1084.0800743103027,1048.9000701904297,1130.080078125,1437.8400917053223,1049.3600692749023,1072.7400665283203,Group: D,Group: A,Group: D vs Group: A,4,4,Blank_Blank_Blank
"[TG(58:9),TG(57:2)]_FA18:0",TAG,1013.440071105957,1098.9200744628906,1080.4200744628906,1022.2600708007812,1044.8600730895996,1011.1600646972656,1071.2800788879395,1038.5200881958008,1029.8400840759277,Group: D,Group: A,Group: D vs Group: A,4,4,Blank_Blank_Blank
"[TG(58:9),TG(57:2)]_FA18:1",TAG,1579.8201026916504,1433.6201210021973,3512.320281982422,3145.660255432129,1278.3000755310059,1392.6400833129883,2038.720100402832,2689.160186767578,1059.3000717163086,Group: D,Group: A,Group: D vs Group: A,4,4,Blank_Blank_Blank
"[TG(58:9),TG(57:2)]_FA18:2",TAG,3125.1202087402344,3191.8801918029785,8247.960842132568,2606.3602180480957,2581.9401779174805,2983.4802017211914,3609.0603256225586,3254.5202255249023,1129.8000793457031,Group: D,Group: A,Group: D vs Group: A,4,4,Blank_Blank_Blank
"[TG(58:9),TG(57:2)]_FA18:3",TAG,1278.8200912475586,1220.0800819396973,1237.0200881958008,1569.1001243591309,1224.9400901794434,1421.520107269287,1355.4401016235352,1443.2601051330566,1172.1200675964355,Group: D,Group: A,Group: D vs Group: A,4,4,Blank_Blank_Blank
"[TG(58:9),TG(57:2)]_FA20:4",TAG,1991.480152130127,1843.400131225586,1848.9001083374023,2751.480224609375,1416.6200981140137,2281.6401443481445,1903.880126953125,1507.3801078796387,1264.1000862121582,Group: D,Group: A,Group: D vs Group: A,4,4,Blank_Blank_Blank
"[TG(58:9),TG(57:2)]_FA22:5",TAG,2322.6601486206055,2736.220203399658,4634.660373687744,4761.600196838379,2206.5801734924316,2921.16015625,4234.820327758789,3369.000244140625,1375.7601051330566,Group: D,Group: A,Group: D vs Group: A,4,4,Blank_Blank_Blank
"[TG(58:9),TG(57:2)]_FA22:6",TAG,11293.54048538208,14068.761093139648,34485.94202423096,11153.901012420654,8598.2004737854,15223.781303405762,57871.08549118042,24774.72183227539,1512.900104522705,Group: D,Group: A,Group: D vs Group: A,4,4,Blank_Blank_Blank
"[TG(59:10),TG(58:3)]_FA14:0",TAG,1015.1200752258301,1016.1000747680664,1017.760082244873,1039.2400741577148,1008.900074005127,1008.9800682067871,1013.000072479248,1054.3600730895996,1012.2000694274902,Group: D,Group: A,Group: D vs Group: A,4,4,Blank_Blank_Blank
"[TG(59:10),TG(58:3)]_FA16:0",TAG,1134.2000732421875,1115.3000793457031,1135.8200721740723,1109.000072479248,1006.6000709533691,1027.1600723266602,1288.64009475708,1080.8800659179688,1083.7200775146484,Group: D,Group: A,Group: D vs Group: A,4,4,Blank_Blank_Blank
"[TG(59:10),TG(58:3)]_FA16:1",TAG,1114.940071105957,1113.3600807189941,1046.8200721740723,1054.8800811767578,1047.3400764465332,1112.6600799560547,1178.3600845336914,1048.8400688171387,1059.3000793457031,Group: D,Group: A,Group: D vs Group: A,4,4,Blank_Blank_Blank
"[TG(59:10),TG(58:3)]_FA18:0",TAG,1049.0400733947754,1158.9800834655762,1015.4800643920898,1078.6000785827637,1038.0400772094727,1015.3600578308105,1120.9200744628906,1022.9200668334961,1012.2000732421875,Group: D,Group: A,Group: D vs Group: A,4,4,Blank_Blank_Blank
"[TG(59:10),TG(58:3)]_FA18:1",TAG,1748.8201026916504,1155.980079650879,1866.0400924682617,1546.16011428833,1142.1200828552246,1474.8200874328613,1632.1401176452637,1668.380126953125,1151.5200805664062,Group: D,Group: A,Group: D vs Group: A,4,4,Blank_Blank_Blank
"[TG(59:10),TG(58:3)]_FA18:2",TAG,1534.5801086425781,1586.7601013183594,1676.400131225586,1302.6800918579102,1690.1201210021973,1525.2601013183594,1648.6800956726074,1647.760124206543,1167.1200675964355,Group: D,Group: A,Group: D vs Group: A,4,4,Blank_Blank_Blank
"[TG(59:10),TG(58:3)]_FA18:3",TAG,1174.3000831604004,1167.360092163086,1172.760082244873,1183.9200744628906,1162.0600814819336,1214.3000793457031,1188.1200828552246,1169.3400764465332,1172.3000793457031,Group: D,Group: A,Group: D vs Group: A,4,4,Blank_Blank_Blank
"[TG(59:10),TG(58:3)]_FA20:4",TAG,1272.240089416504,1257.0600852966309,1250.300090789795,1245.2800827026367,1246.0200843811035,1296.8000831604004,1247.7400856018066,1251.0000839233398,1246.860092163086,Group: D,Group: A,Group: D vs Group: A,4,4,Blank_Blank_Blank
"[TG(59:10),TG(58:3)]_FA22:5",TAG,1373.3400955200195,1374.000099182129,1448.8800926208496,1378.9800910949707,1375.6400985717773,1378.60009765625,1385.9801063537598,1375.5600967407227,1376.8000984191895,Group: D,Group: A,Group: D vs Group: A,4,4,Blank_Blank_Blank
"[TG(59:10),TG(58:3)]_FA22:6",TAG,1643.2401313781738,1548.0801048278809,1637.8801193237305,1499.6001205444336,1547.1401023864746,1538.460105895996,1628.7201118469238,1593.8401145935059,1533.8000984191895,Group: D,Group: A,Group: D vs Group: A,4,4,Blank_Blank_Blank
"[TG(59:11),TG(58:4)]_FA14:0",TAG,1014.880069732666,1015.7800750732422,1022.4800682067871,1016.3400802612305,1008.7400779724121,1008.6000747680664,1013.2200736999512,1055.5800666809082,1044.8800773620605,Group: D,Group: A,Group: D vs Group: A,4,4,Blank_Blank_Blank
"[TG(59:11),TG(58:4)]_FA16:0",TAG,1140.1800804138184,1063.8400688171387,1059.3600730895996,1004.9800682067871,1022.1400718688965,1066.4600639343262,1054.7600631713867,1027.2400703430176,1011.2000732421875,Group: D,Group: A,Group: D vs Group: A,4,4,Blank_Blank_Blank
"[TG(59:11),TG(58:4)]_FA16:1",TAG,1098.8000755310059,1050.820068359375,1046.400074005127,1074.0400657653809,1048.1400756835938,1066.6600723266602,1090.0200691223145,1074.600082397461,1048.4400672912598,Group: D,Group: A,Group: D vs Group: A,4,4,Blank_Blank_Blank
"[TG(59:11),TG(58:4)]_FA18:0",TAG,1069.660083770752,1118.9400787353516,1071.7200813293457,1228.8600959777832,1087.1400756835938,1072.5200691223145,1086.1000785827637,1045.3400650024414,1060.5200653076172,Group: D,Group: A,Group: D vs Group: A,4,4,Blank_Blank_Blank
"[TG(59:11),TG(58:4)]_FA18:1",TAG,1662.5401077270508,1482.5801086425781,1335.2800941467285,1595.260097503662,1154.100082397461,1220.520092010498,1592.5401229858398,1808.7001190185547,1053.920066833496,Group: D,Group: A,Group: D vs Group: A,4,4,Blank_Blank_Blank
"[TG(59:11),TG(58:4)]_FA18:2",TAG,2115.800132751465,2394.860191345215,2605.100166320801,1421.8801078796387,1955.9001235961914,1755.1201095581055,2041.840145111084,2228.100170135498,1129.2600898742676,Group: D,Group: A,Group: D vs Group: A,4,4,Blank_Blank_Blank
"[TG(59:11),TG(58:4)]_FA18:3",TAG,1193.660083770752,1217.1000862121582,1167.4200820922852,1273.0801010131836,1162.1200790405273,1194.1600723266602,1197.9200820922852,1219.1400909423828,1173.080078125,Group: D,Group: A,Group: D vs Group: A,4,4,Blank_Blank_Blank
"[TG(59:11),TG(58:4)]_FA20:4",TAG,1319.2601051330566,1248.6000938415527,1269.8600883483887,1306.2601013183594,1254.480094909668,1337.1800804138184,1247.5800819396973,1278.8200874328613,1247.0400886535645,Group: D,Group: A,Group: D vs Group: A,4,4,Blank_Blank_Blank
"[TG(59:11),TG(58:4)]_FA22:5",TAG,1418.6001014709473,1409.0001068115234,1411.2400970458984,1390.9600868225098,1376.8201026916504,1380.0200881958008,1476.0200996398926,1377.360092163086,1421.4400901794434,Group: D,Group: A,Group: D vs Group: A,4,4,Blank_Blank_Blank
"[TG(59:11),TG(58:4)]_FA22:6",TAG,1508.7801094055176,1527.5201110839844,1520.940113067627,1498.16011428833,1531.58012008667,1509.6801071166992,1567.5801010131836,1567.6601028442383,1498.3201026916504,Group: D,Group: A,Group: D vs Group: A,4,4,Blank_Blank_Blank
"[TG(59:12),TG(58:5)]_FA14:0",TAG,1015.1600799560547,1016.1200790405273,1017.7400779724121,1016.3600769042969,1033.5200691223145,1008.9800834655762,1029.1400756835938,1012.0800743103027,1014.9200706481934,Group: D,Group: A,Group: D vs Group: A,4,4,Blank_Blank_Blank
"[TG(59:12),TG(58:5)]_FA16:0",TAG,1069.1800804138184,1119.2800788879395,1157.2800903320312,1097.660068511963,1230.960090637207,1081.2200813293457,1616.6601181030273,1172.640079498291,1054.240077972412,Group: D,Group: A,Group: D vs Group: A,4,4,Blank_Blank_Blank
"[TG(59:12),TG(58:5)]_FA16:1",TAG,1052.400074005127,1047.680061340332,1046.5400657653809,1054.12007522583,1048.240062713623,1098.5400733947754,1048.920066833496,1049.8000717163086,1046.8600807189941,Group: D,Group: A,Group: D vs Group: A,4,4,Blank_Blank_Blank
"[TG(59:12),TG(58:5)]_FA18:0",TAG,1145.8200798034668,1313.1800727844238,1119.8600807189941,1385.0401077270508,1102.4400825500488,1368.860107421875,1283.5000801086426,1010.9800682067871,1012.7400741577148,Group: D,Group: A,Group: D vs Group: A,4,4,Blank_Blank_Blank
"[TG(59:12),TG(58:5)]_FA18:1",TAG,1311.7200927734375,1289.2200927734375,1741.6201171875,1777.2801399230957,1136.0800895690918,1290.7201042175293,1360.3600959777832,1680.0401153564453,1055.1800727844238,Group: D,Group: A,Group: D vs Group: A,4,4,Blank_Blank_Blank
"[TG(59:12),TG(58:5)]_FA18:2",TAG,2053.8001594543457,2169.0401458740234,3367.140308380127,1620.3201065063477,1863.7601356506348,1569.9201202392578,1755.0201225280762,2294.6401290893555,1129.1600799560547,Group: D,Group: A,Group: D vs Group: A,4,4,Blank_Blank_Blank
"[TG(59:12),TG(58:5)]_FA18:3",TAG,1166.480068206787,1187.220069885254,1193.5600662231445,1199.8600845336914,1163.460075378418,1270.2800827026367,1165.6400909423828,1212.980094909668,1172.6200828552246,Group: D,Group: A,Group: D vs Group: A,4,4,Blank_Blank_Blank
"[TG(59:12),TG(58:5)]_FA20:4",TAG,1254.3000946044922,1310.6800956726074,1387.4200973510742,1522.8601150512695,1252.400089263916,1584.3000946044922,1529.0801162719727,1307.4600982666016,1260.420093536377,Group: D,Group: A,Group: D vs Group: A,4,4,Blank_Blank_Blank
"[TG(59:12),TG(58:5)]_FA22:5",TAG,1448.3801040649414,1474.4401054382324,1500.5401077270508,1637.520118713379,1374.6000900268555,1468.3800964355469,1485.0601043701172,1442.5000953674316,1399.4201011657715,Group: D,Group: A,Group: D vs Group: A,4,4,Blank_Blank_Blank
"[TG(59:12),TG(58:5)]_FA22:6",TAG,1535.500114440918,1538.9601097106934,1509.020107269287,1545.2601165771484,1527.7601203918457,1497.5201110839844,1671.5401229858398,1542.1601066589355,1505.5801162719727,Group: D,Group: A,Group: D vs Group: A,4,4,Blank_Blank_Blank
"[TG(59:13),TG(58:6)]_FA14:0",TAG,1077.6000709533691,1038.8000793457031,1017.3200721740723,1015.8000755310059,1009.2000694274902,1009.0000801086426,1080.1600646972656,1011.4200706481934,1012.3800621032715,Group: D,Group: A,Group: D vs Group: A,4,4,Blank_Blank_Blank
"[TG(59:13),TG(58:6)]_FA16:0",TAG,1022.1200714111328,1498.800106048584,1623.9400939941406,1265.920078277588,1634.0401191711426,1106.7000770568848,2701.520160675049,1787.1001281738281,1011.020076751709,Group: D,Group: A,Group: D vs Group: A,4,4,Blank_Blank_Blank
"[TG(59:13),TG(58:6)]_FA16:1",TAG,1103.900074005127,1124.1600761413574,1057.5800704956055,1074.160083770752,1057.3400764465332,1062.9400749206543,1218.4200859069824,1049.560073852539,1047.5400772094727,Group: D,Group: A,Group: D vs Group: A,4,4,Blank_Blank_Blank
"[TG(59:13),TG(58:6)]_FA18:0",TAG,1331.940097808838,1563.2001342773438,2248.18017578125,1670.300136566162,1230.0600852966309,1284.3000984191895,1506.3000984191895,1163.480079650879,1012.5000686645508,Group: D,Group: A,Group: D vs Group: A,4,4,Blank_Blank_Blank
"[TG(59:13),TG(58:6)]_FA18:1",TAG,1855.9601020812988,1423.240104675293,2745.980197906494,2260.24015045166,1252.3600959777832,1489.9800987243652,1693.1001205444336,2465.0601806640625,1053.600082397461,Group: D,Group: A,Group: D vs Group: A,4,4,Blank_Blank_Blank
"[TG(59:13),TG(58:6)]_FA18:2",TAG,2437.180206298828,2428.940155029297,2932.320198059082,1332.900089263916,1777.7201042175293,1292.5400886535645,2122.3001594543457,2687.2002296447754,1156.1800842285156,Group: D,Group: A,Group: D vs Group: A,4,4,Blank_Blank_Blank
"[TG(59:13),TG(58:6)]_FA18:3",TAG,1266.5200881958008,1216.740077972412,1257.5200881958008,1387.660099029541,1218.6400909423828,1292.4800872802734,1225.5800971984863,1169.8400840759277,1172.8600807189941,Group: D,Group: A,Group: D vs Group: A,4,4,Blank_Blank_Blank
"[TG(59:13),TG(58:6)]_FA20:4",TAG,1522.260108947754,1673.5001029968262,1377.2600936889648,1917.9601364135742,1386.020092010498,1835.1801528930664,1753.7801322937012,1560.6600952148438,1247.4800834655762,Group: D,Group: A,Group: D vs Group: A,4,4,Blank_Blank_Blank
"[TG(59:13),TG(58:6)]_FA22:5",TAG,1910.4401550292969,1640.180118560791,2476.7801628112793,1993.2201614379883,1731.8001251220703,1832.9401321411133,3408.840232849121,1886.4801216125488,1428.3200950622559,Group: D,Group: A,Group: D vs Group: A,4,4,Blank_Blank_Blank
"[TG(59:13),TG(58:6)]_FA22:6",TAG,1508.6001014709473,1666.9201202392578,1964.3801307678223,1566.0201148986816,1713.9601020812988,1548.220100402832,2712.240177154541,1776.0801315307617,1497.6200981140137,Group: D,Group: A,Group: D vs Group: A,4,4,Blank_Blank_Blank
"[TG(59:9),TG(58:2)]_FA14:0",TAG,1015.8000793457031,1015.8600807189941,1017.7000770568848,1016.2200813293457,1029.1200675964355,1009.2400779724121,1012.1800765991211,1011.4400787353516,1012.5400733947754,Group: D,Group: A,Group: D vs Group: A,4,4,Blank_Blank_Blank
"[TG(59:9),TG(58:2)]_FA16:0",TAG,1081.8000793457031,1139.260082244873,1066.4400787353516,1110.8200798034668,1248.6000938415527,1084.3400764465332,1370.2600860595703,1108.8600769042969,1011.8400688171387,Group: D,Group: A,Group: D vs Group: A,4,4,Blank_Blank_Blank
"[TG(59:9),TG(58:2)]_FA16:1",TAG,1088.180076599121,1105.720069885254,1085.340072631836,1080.2200813293457,1048.6400718688965,1098.3000831604004,1095.5200729370117,1050.1000671386719,1048.6800727844238,Group: D,Group: A,Group: D vs Group: A,4,4,Blank_Blank_Blank
"[TG(59:9),TG(58:2)]_FA18:0",TAG,1013.4600715637207,1062.8200721740723,1024.8600769042969,1044.2800674438477,1012.9000625610352,1017.0400695800781,1142.6000862121582,1045.54008102417,1011.5000610351562,Group: D,Group: A,Group: D vs Group: A,4,4,Blank_Blank_Blank
"[TG(59:9),TG(58:2)]_FA18:1",TAG,1342.780086517334,1273.1400909423828,1122.0600662231445,1118.6800651550293,1154.4000816345215,1082.4600791931152,1209.5400924682617,1240.5600776672363,1182.000087738037,Group: D,Group: A,Group: D vs Group: A,4,4,Blank_Blank_Blank
"[TG(59:9),TG(58:2)]_FA18:2",TAG,1248.3000831604004,1271.1200790405273,1297.8600845336914,1142.0200691223145,1195.460075378418,1139.3200721740723,1150.7600746154785,1331.720100402832,1166.1600799560547,Group: D,Group: A,Group: D vs Group: A,4,4,Blank_Blank_Blank
"[TG(59:9),TG(58:2)]_FA18:3",TAG,1167.660083770752,1167.4800720214844,1167.7000885009766,1168.8800773620605,1178.6600723266602,1190.280071258545,1165.3400840759277,1218.0400886535645,1172.3200721740723,Group: D,Group: A,Group: D vs Group: A,4,4,Blank_Blank_Blank
"[TG(59:9),TG(58:2)]_FA20:4",TAG,1285.8600883483887,1249.080093383789,1257.480079650879,1244.600082397461,1247.4800910949707,1258.5200881958008,1248.4600868225098,1247.5800895690918,1289.740089416504,Group: D,Group: A,Group: D vs Group: A,4,4,Blank_Blank_Blank
"[TG(59:9),TG(58:2)]_FA22:5",TAG,1373.0200958251953,1373.440097808838,1375.10009765625,1389.500087738037,1409.5201110839844,1394.3801002502441,1418.8600959777832,1397.7400856018066,1375.280086517334,Group: D,Group: A,Group: D vs Group: A,4,4,Blank_Blank_Blank
"[TG(59:9),TG(58:2)]_FA22:6",TAG,1508.7801132202148,1539.3401069641113,1712.5801277160645,1498.7201080322266,1526.1401062011719,1507.600112915039,1698.420124053955,1599.8401260375977,1519.9001121520996,Group: D,Group: A,Group: D vs Group: A,4,4,Blank_Blank_Blank
"[TG(60:10),TG(59:3)]_FA14:0",TAG,1035.4600715637207,1015.8000831604004,1017.3200721740723,1036.6200790405273,1009.3800773620605,1008.5400733947754,1012.6400756835938,1010.8600807189941,1012.5800743103027,Group: D,Group: A,Group: D vs Group: A,4,4,Blank_Blank_Blank
"[TG(60:10),TG(59:3)]_FA16:0",TAG,1114.440071105957,1061.4800720214844,1093.0800743103027,1112.0200805664062,1132.3200798034668,1017.4800796508789,1374.660083770752,1077.2400741577148,1011.9400672912598,Group: D,Group: A,Group: D vs Group: A,4,4,Blank_Blank_Blank
"[TG(60:10),TG(59:3)]_FA16:1",TAG,1051.9600715637207,1096.4200744628906,1046.200065612793,1053.9800834655762,1047.5200729370117,1049.1200714111328,1135.3000679016113,1065.0800704956055,1064.6000709533691,Group: D,Group: A,Group: D vs Group: A,4,4,Blank_Blank_Blank
"[TG(60:10),TG(59:3)]_FA18:0",TAG,1024.2400741577148,1013.2600784301758,1012.8400650024414,1027.4800834655762,1050.4000701904297,1035.6000747680664,1087.980079650879,1024.380069732666,1011.8400688171387,Group: D,Group: A,Group: D vs Group: A,4,4,Blank_Blank_Blank
"[TG(60:10),TG(59:3)]_FA18:1",TAG,1184.080078125,1069.3600769042969,1142.180076599121,1106.760066986084,1056.8600692749023,1131.0200653076172,1057.0200729370117,1167.4600791931152,1116.3800735473633,Group: D,Group: A,Group: D vs Group: A,4,4,Blank_Blank_Blank
"[TG(60:10),TG(59:3)]_FA18:2",TAG,1377.760097503662,1172.0200843811035,1784.280117034912,1340.980110168457,1129.500072479248,1260.7000885009766,1340.760097503662,1240.7600746154785,1172.4200859069824,Group: D,Group: A,Group: D vs Group: A,4,4,Blank_Blank_Blank
"[TG(60:10),TG(59:3)]_FA18:3",TAG,1208.920078277588,1254.8200912475586,1287.1600914001465,1211.0600814819336,1204.3800811767578,1213.1200828552246,1273.580093383789,1247.9400787353516,1256.2600860595703,Group: D,Group: A,Group: D vs Group: A,4,4,Blank_Blank_Blank
"[TG(60:10),TG(59:3)]_FA20:4",TAG,1481.5001029968262,1458.2200927734375,1496.7201118469238,1673.5001220703125,1304.2000923156738,1546.0001106262207,1549.9201126098633,1396.4800987243652,1289.1400871276855,Group: D,Group: A,Group: D vs Group: A,4,4,Blank_Blank_Blank
"[TG(60:10),TG(59:3)]_FA22:5",TAG,1444.520107269287,1577.6601181030273,1966.2801475524902,2282.70015335083,1597.7801055908203,1580.6001205444336,2798.18017578125,1644.6401138305664,1386.160099029541,Group: D,Group: A,Group: D vs Group: A,4,4,Blank_Blank_Blank
"[TG(60:10),TG(59:3)]_FA22:6",TAG,2092.420150756836,2461.2601776123047,3656.8203201293945,2141.5401496887207,2051.140148162842,2341.400161743164,6462.160488128662,2721.260185241699,1498.2401008605957,Group: D,Group: A,Group: D vs Group: A,4,4,Blank_Blank_Blank
"[TG(60:11),TG(59:4)]_FA14:0",TAG,1015.1800727844238,1015.6200752258301,1017.3400726318359,1015.640079498291,1009.2400741577148,1009.0600662231445,1012.900074005127,1011.3400726318359,1013.3600578308105,Group: D,Group: A,Group: D vs Group: A,4,4,Blank_Blank_Blank
"[TG(60:11),TG(59:4)]_FA16:0",TAG,1024.4000701904297,1125.4800758361816,1140.04008102417,1033.3600730895996,1019.880069732666,1075.5200843811035,1717.5000915527344,1030.3600692749023,1050.1200790405273,Group: D,Group: A,Group: D vs Group: A,4,4,Blank_Blank_Blank
"[TG(60:11),TG(59:4)]_FA16:1",TAG,1051.980079650879,1046.4000778198242,1077.4000701904297,1053.8000679016113,1048.360065460205,1049.400074005127,1059.3000755310059,1049.780071258545,1047.5000610351562,Group: D,Group: A,Group: D vs Group: A,4,4,Blank_Blank_Blank
"[TG(60:11),TG(59:4)]_FA18:0",TAG,1012.7400779724121,1013.120059967041,1011.8000679016113,1016.4400749206543,1012.8600730895996,1097.4200859069824,1009.8600692749023,1010.7200813293457,1011.9600791931152,Group: D,Group: A,Group: D vs Group: A,4,4,Blank_Blank_Blank
"[TG(60:11),TG(59:4)]_FA18:1",TAG,1050.920078277588,1080.6800727844238,1063.2600784301758,1184.6600799560547,1058.5600776672363,1124.4800758361816,1141.5400848388672,1113.5000762939453,1065.4400787353516,Group: D,Group: A,Group: D vs Group: A,4,4,Blank_Blank_Blank
"[TG(60:11),TG(59:4)]_FA18:2",TAG,1321.920093536377,1357.0601119995117,1355.14009475708,1250.8200798034668,1319.7200965881348,1296.7800941467285,1228.6200866699219,1246.9000854492188,1128.9200744628906,Group: D,Group: A,Group: D vs Group: A,4,4,Blank_Blank_Blank
"[TG(60:11),TG(59:4)]_FA18:3",TAG,1208.4200859069824,1244.6200828552246,1337.080093383789,1270.8200950622559,1203.9000778198242,1213.6400833129883,1268.960090637207,1239.6600952148438,1214.4000854492188,Group: D,Group: A,Group: D vs Group: A,4,4,Blank_Blank_Blank
"[TG(60:11),TG(59:4)]_FA20:4",TAG,1403.6801109313965,1445.0401077270508,1469.4200897216797,1593.7801094055176,1288.3400955200195,1503.9001083374023,1790.8201332092285,1529.9800987243652,1288.6800918579102,Group: D,Group: A,Group: D vs Group: A,4,4,Blank_Blank_Blank
"[TG(60:11),TG(59:4)]_FA22:5",TAG,1539.5201110839844,1559.7401123046875,1572.9601097106934,1770.0801315307617,1388.420093536377,1710.1201057434082,2222.5001640319824,1576.7201118469238,1413.8201026916504,Group: D,Group: A,Group: D vs Group: A,4,4,Blank_Blank_Blank
"[TG(60:11),TG(59:4)]_FA22:6",TAG,2643.5801696777344,2620.2601890563965,4241.040325164795,2067.820137023926,2245.000141143799,2755.660202026367,6354.360256195068,3550.4002380371094,1497.4401092529297,Group: D,Group: A,Group: D vs Group: A,4,4,Blank_Blank_Blank
"[TG(60:12),TG(59:5)]_FA14:0",TAG,1014.7400703430176,1070.9200744628906,1016.8200759887695,1016.0600814819336,1009.0000686645508,1009.1800689697266,1018.2600784301758,1011.4400634765625,1012.7000694274902,Group: D,Group: A,Group: D vs Group: A,4,4,Blank_Blank_Blank
"[TG(60:12),TG(59:5)]_FA16:0",TAG,1027.54008102417,1007.640079498291,1006.7400665283203,1071.6200675964355,1104.0400772094727,1049.1000747680664,1503.7201118469238,1211.8600845336914,1012.0200691223145,Group: D,Group: A,Group: D vs Group: A,4,4,Blank_Blank_Blank
"[TG(60:12),TG(59:5)]_FA16:1",TAG,1081.2400817871094,1046.940071105957,1046.8600692749023,1055.000072479248,1048.2200736999512,1049.4400634765625,1098.1600799560547,1049.1600723266602,1091.9000663757324,Group: D,Group: A,Group: D vs Group: A,4,4,Blank_Blank_Blank
"[TG(60:12),TG(59:5)]_FA18:0",TAG,1012.0400772094727,1012.6400718688965,1012.4800720214844,1050.8200798034668,1012.5600700378418,1013.880069732666,1011.0600738525391,1029.0800743103027,1012.7400703430176,Group: D,Group: A,Group: D vs Group: A,4,4,Blank_Blank_Blank
"[TG(60:12),TG(59:5)]_FA18:1",TAG,1050.8200721740723,1079.6800804138184,1077.2400703430176,1048.3600692749023,1056.4000778198242,1055.3600807189941,1057.1600761413574,1055.240089416504,1065.6800727844238,Group: D,Group: A,Group: D vs Group: A,4,4,Blank_Blank_Blank
"[TG(60:12),TG(59:5)]_FA18:2",TAG,1198.1800727844238,1227.4000816345215,1422.7800903320312,1129.3000717163086,1128.8800735473633,1156.04008102417,1201.8600845336914,1385.2201080322266,1129.2200813293457,Group: D,Group: A,Group: D vs Group: A,4,4,Blank_Blank_Blank
"[TG(60:12),TG(59:5)]_FA18:3",TAG,1209.7200813293457,1208.5600852966309,1209.6200866699219,1248.2201042175293,1205.0800857543945,1232.680088043213,1207.8000869750977,1211.0600776672363,1214.7800788879395,Group: D,Group: A,Group: D vs Group: A,4,4,Blank_Blank_Blank
"[TG(60:12),TG(59:5)]_FA20:4",TAG,1338.3200874328613,1283.520092010498,1419.8601036071777,1771.040126800537,1246.9400825500488,1518.1201171875,1486.100082397461,1402.520092010498,1247.4600830078125,Group: D,Group: A,Group: D vs Group: A,4,4,Blank_Blank_Blank
"[TG(60:12),TG(59:5)]_FA22:5",TAG,1413.7201080322266,1410.620101928711,1509.4200973510742,1474.9001007080078,1396.6800994873047,1425.5401000976562,1506.9201126098633,1418.6601028442383,1374.6001014709473,Group: D,Group: A,Group: D vs Group: A,4,4,Blank_Blank_Blank
"[TG(60:12),TG(59:5)]_FA22:6",TAG,2243.6401596069336,2439.0001792907715,3729.4802169799805,2059.4401512145996,1959.480136871338,2169.7401237487793,7179.340400695801,2950.2402114868164,1498.64009475708,Group: D,Group: A,Group: D vs Group: A,4,4,Blank_Blank_Blank
"[TG(60:13),TG(59:6)]_FA14:0",TAG,1063.0800895690918,1016.1400680541992,1017.4200668334961,1016.0800704956055,1064.8600730895996,1023.1400718688965,1045.0400733947754,1010.5000648498535,1012.9000816345215,Group: D,Group: A,Group: D vs Group: A,4,4,Blank_Blank_Blank
"[TG(60:13),TG(59:6)]_FA16:0",TAG,1088.9600791931152,1048.0000801086426,1208.2800903320312,1065.5000610351562,1029.3000793457031,1011.5600738525391,1065.2600746154785,1004.7800712585449,1021.0600700378418,Group: D,Group: A,Group: D vs Group: A,4,4,Blank_Blank_Blank
"[TG(60:13),TG(59:6)]_FA16:1",TAG,1052.8800773620605,1047.3200721740723,1046.980068206787,1054.2600708007812,1069.6800651550293,1048.5400695800781,1079.8800659179688,1049.5800743103027,1047.2200736999512,Group: D,Group: A,Group: D vs Group: A,4,4,Blank_Blank_Blank
"[TG(60:13),TG(59:6)]_FA18:0",TAG,1013.9800720214844,1020.8200721740723,1012.3800735473633,1068.3400764465332,1012.380069732666,1010.9600639343262,1039.8600730895996,1010.5800743103027,1077.5200729370117,Group: D,Group: A,Group: D vs Group: A,4,4,Blank_Blank_Blank
"[TG(60:13),TG(59:6)]_FA18:1",TAG,1079.5000801086426,1052.4200744628906,1048.4800720214844,1058.1600723266602,1057.8000755310059,1099.760082244873,1057.000072479248,1089.3200721740723,1054.1600723266602,Group: D,Group: A,Group: D vs Group: A,4,4,Blank_Blank_Blank
"[TG(60:13),TG(59:6)]_FA18:2",TAG,1142.9400825500488,1131.7600746154785,1131.7000732421875,1182.5600776672363,1129.4000778198242,1240.3800735473633,1129.3200721740723,1125.9200744628906,1129.5000801086426,Group: D,Group: A,Group: D vs Group: A,4,4,Blank_Blank_Blank
"[TG(60:13),TG(59:6)]_FA18:3",TAG,1209.4800758361816,1209.8000831604004,1247.06010055542,1237.62007522583,1205.6200866699219,1212.6600914001465,1207.4600868225098,1210.9200820922852,1206.3200759887695,Group: D,Group: A,Group: D vs Group: A,4,4,Blank_Blank_Blank
"[TG(60:13),TG(59:6)]_FA20:4",TAG,1248.0400848388672,1282.1400909423828,1268.1200904846191,1332.9800987243652,1272.800090789795,1247.000099182129,1247.8400802612305,1248.9400901794434,1262.4401016235352,Group: D,Group: A,Group: D vs Group: A,4,4,Blank_Blank_Blank
"[TG(60:13),TG(59:6)]_FA22:5",TAG,1419.7201118469238,1374.0001029968262,1375.0401000976562,1457.4801025390625,1375.8200950622559,1379.1600914001465,1375.1200942993164,1374.7800941467285,1376.0400848388672,Group: D,Group: A,Group: D vs Group: A,4,4,Blank_Blank_Blank
"[TG(60:13),TG(59:6)]_FA22:6",TAG,1578.3201179504395,1630.5801124572754,1656.0801048278809,1610.1201171875,1507.60009765625,1585.2801055908203,2483.3401985168457,1706.5201225280762,1497.8401069641113,Group: D,Group: A,Group: D vs Group: A,4,4,Blank_Blank_Blank
"[TG(60:14),TG(59:7),TG(58:0)]_FA14:0",TAG,1044.9200744628906,1074.0000648498535,1017.3400764465332,1017.3200721740723,1055.480079650879,1034.0400657653809,1012.7600746154785,1010.9600715637207,1012.1800651550293,Group: D,Group: A,Group: D vs Group: A,4,4,Blank_Blank_Blank
"[TG(60:14),TG(59:7),TG(58:0)]_FA16:0",TAG,1217.7400817871094,1190.960090637207,1227.560073852539,1314.000087738037,1083.840087890625,1257.3800888061523,1162.4200859069824,1307.3800888061523,1132.840072631836,Group: D,Group: A,Group: D vs Group: A,4,4,Blank_Blank_Blank
"[TG(60:14),TG(59:7),TG(58:0)]_FA16:1",TAG,1053.0200805664062,1047.4600639343262,1045.3600692749023,1053.6600799560547,1048.6600761413574,1079.420066833496,1048.4400596618652,1049.9600715637207,1068.5200729370117,Group: D,Group: A,Group: D vs Group: A,4,4,Blank_Blank_Blank
"[TG(60:14),TG(59:7),TG(58:0)]_FA18:0",TAG,1074.3600807189941,1068.9800720214844,1040.3600769042969,1030.0400772094727,1098.820083618164,1043.0800743103027,1019.1800689697266,1011.0800819396973,1032.9800758361816,Group: D,Group: A,Group: D vs Group: A,4,4,Blank_Blank_Blank
"[TG(60:14),TG(59:7),TG(58:0)]_FA18:1",TAG,1060.7400741577148,1048.8600807189941,1049.0000762939453,1096.6600723266602,1056.5000648498535,1055.3800659179688,1056.6400871276855,1054.8200759887695,1080.8400688171387,Group: D,Group: A,Group: D vs Group: A,4,4,Blank_Blank_Blank
"[TG(60:14),TG(59:7),TG(58:0)]_FA18:2",TAG,1132.5200805664062,1146.4000816345215,1264.0400924682617,1128.640064239502,1169.4800872802734,1129.2800750732422,1179.8000793457031,1134.5000762939453,1172.720085144043,Group: D,Group: A,Group: D vs Group: A,4,4,Blank_Blank_Blank
"[TG(60:14),TG(59:7),TG(58:0)]_FA18:3",TAG,1166.8600730895996,1200.200080871582,1167.6400871276855,1178.9400787353516,1162.480068206787,1185.4200744628906,1217.4800872802734,1169.2800827026367,1172.180076599121,Group: D,Group: A,Group: D vs Group: A,4,4,Blank_Blank_Blank
"[TG(60:14),TG(59:7),TG(58:0)]_FA20:4",TAG,1283.2000999450684,1263.8800888061523,1250.3400955200195,1245.6200866699219,1245.940097808838,1281.1200790405273,1261.3000869750977,1279.160083770752,1247.080093383789,Group: D,Group: A,Group: D vs Group: A,4,4,Blank_Blank_Blank
"[TG(60:14),TG(59:7),TG(58:0)]_FA22:5",TAG,1450.940097808838,1442.360107421875,1444.6601066589355,1492.0400886535645,1395.7600936889648,1417.7400970458984,1434.260097503662,1489.5801086425781,1375.8400955200195,Group: D,Group: A,Group: D vs Group: A,4,4,Blank_Blank_Blank
"[TG(60:14),TG(59:7),TG(58:0)]_FA22:6",TAG,1570.3401069641113,1568.2401123046875,1549.2601051330566,1551.600112915039,1558.4801177978516,1503.5801124572754,1566.0001106262207,1579.7401161193848,1513.3801040649414,Group: D,Group: A,Group: D vs Group: A,4,4,Blank_Blank_Blank
"[TG(60:15),TG(59:8),TG(58:1)]_FA14:0",TAG,1015.2400665283203,1015.680061340332,1017.8600807189941,1016.2200736999512,1021.9000663757324,1037.3400688171387,1012.8800659179688,1034.6600761413574,1013.3400764465332,Group: D,Group: A,Group: D vs Group: A,4,4,Blank_Blank_Blank
"[TG(60:15),TG(59:8),TG(58:1)]_FA16:0",TAG,1049.9800720214844,1132.940086364746,1098.4400825500488,1094.5400657653809,1015.0800628662109,1066.5000686645508,1095.4800758361816,1167.1000785827637,1011.9400596618652,Group: D,Group: A,Group: D vs Group: A,4,4,Blank_Blank_Blank
"[TG(60:15),TG(59:8),TG(58:1)]_FA16:1",TAG,1095.1400833129883,1062.1000709533691,1243.340072631836,1082.4000816345215,1053.4800643920898,1067.2000770568848,1048.4400672912598,1048.8000717163086,1096.1600799560547,Group: D,Group: A,Group: D vs Group: A,4,4,Blank_Blank_Blank
"[TG(60:15),TG(59:8),TG(58:1)]_FA18:0",TAG,1013.0400695800781,1012.8600616455078,1107.4000701904297,1016.9800796508789,1012.1600608825684,1022.7200775146484,1036.840072631836,1010.380069732666,1085.2400665283203,Group: D,Group: A,Group: D vs Group: A,4,4,Blank_Blank_Blank
"[TG(60:15),TG(59:8),TG(58:1)]_FA18:1",TAG,1107.9200744628906,1122.2200775146484,1192.3000831604004,1140.7000770568848,1059.8800659179688,1070.6000785827637,1208.280086517334,1066.7000770568848,1156.380084991455,Group: D,Group: A,Group: D vs Group: A,4,4,Blank_Blank_Blank
"[TG(60:15),TG(59:8),TG(58:1)]_FA18:2",TAG,1225.1600723266602,1139.4600677490234,1166.8000831604004,1141.280071258545,1277.8000946044922,1134.8800811767578,1170.2600860595703,1139.880084991455,1185.5000801086426,Group: D,Group: A,Group: D vs Group: A,4,4,Blank_Blank_Blank
"[TG(60:15),TG(59:8),TG(58:1)]_FA18:3",TAG,1167.2000846862793,1167.0600852966309,1167.7800903320312,1168.780086517334,1162.8000869750977,1172.020076751709,1165.3600769042969,1174.3200798034668,1173.5600776672363,Group: D,Group: A,Group: D vs Group: A,4,4,Blank_Blank_Blank
"[TG(60:15),TG(59:8),TG(58:1)]_FA20:4",TAG,1326.7800903320312,1281.1200942993164,1249.660099029541,1275.9600830078125,1247.3200912475586,1321.2600898742676,1247.5400886535645,1275.8600845336914,1246.780086517334,Group: D,Group: A,Group: D vs Group: A,4,4,Blank_Blank_Blank
"[TG(60:15),TG(59:8),TG(58:1)]_FA22:5",TAG,1409.660083770752,1374.5601081848145,1417.0001029968262,1506.8401069641113,1408.9200973510742,1378.7800941467285,1380.6400985717773,1465.8801040649414,1376.380084991455,Group: D,Group: A,Group: D vs Group: A,4,4,Blank_Blank_Blank
"[TG(60:15),TG(59:8),TG(58:1)]_FA22:6",TAG,1578.6401100158691,1629.780117034912,1630.0601272583008,1530.0801124572754,1557.860107421875,1549.2401084899902,1827.5601272583008,1525.8601112365723,1503.7600936889648,Group: D,Group: A,Group: D vs Group: A,4,4,Blank_Blank_Blank
"[TG(60:8),TG(59:1)]_FA14:0",TAG,1085.54008102417,1016.2000770568848,1083.6600761413574,1016.3800735473633,1069.9200820922852,1061.3400650024414,1012.6600723266602,1051.380069732666,1017.0400695800781,Group: D,Group: A,Group: D vs Group: A,4,4,Blank_Blank_Blank
"[TG(60:8),TG(59:1)]_FA16:0",TAG,1060.12007522583,1116.920066833496,1045.3400764465332,1090.3800773620605,1060.4200706481934,1029.0600700378418,1204.8600807189941,1029.9600677490234,1011.7200660705566,Group: D,Group: A,Group: D vs Group: A,4,4,Blank_Blank_Blank
"[TG(60:8),TG(59:1)]_FA16:1",TAG,1051.780071258545,1046.0400695800781,1046.220069885254,1074.280071258545,1047.980079650879,1049.500072479248,1048.000072479248,1092.9200820922852,1091.1000709533691,Group: D,Group: A,Group: D vs Group: A,4,4,Blank_Blank_Blank
"[TG(60:8),TG(59:1)]_FA18:0",TAG,1098.9600830078125,1116.4400825500488,1072.0400848388672,1033.0200729370117,1014.1200752258301,1011.8600616455078,1011.3800659179688,1010.2800674438477,1011.5000762939453,Group: D,Group: A,Group: D vs Group: A,4,4,Blank_Blank_Blank
"[TG(60:8),TG(59:1)]_FA18:1",TAG,1382.080093383789,1238.64009475708,1524.220115661621,1342.5601043701172,1102.720085144043,1120.680088043213,1264.6800804138184,1626.7201080322266,1197.2800788879395,Group: D,Group: A,Group: D vs Group: A,4,4,Blank_Blank_Blank
"[TG(60:8),TG(59:1)]_FA18:2",TAG,1578.720115661621,1747.5201225280762,2460.7801971435547,1383.6000862121582,1389.4200897216797,1137.3600769042969,1212.3800811767578,1876.8801383972168,1142.5200805664062,Group: D,Group: A,Group: D vs Group: A,4,4,Blank_Blank_Blank
"[TG(60:8),TG(59:1)]_FA18:3",TAG,1208.6400871276855,1208.600082397461,1209.5200843811035,1238.1000938415527,1204.4000854492188,1242.680088043213,1240.8800811767578,1277.800090789795,1213.800090789795,Group: D,Group: A,Group: D vs Group: A,4,4,Blank_Blank_Blank
"[TG(60:8),TG(59:1)]_FA20:4",TAG,1387.5401000976562,1371.8000869750977,1429.9201164245605,1456.0801048278809,1325.000087738037,1423.0401077270508,1428.8001022338867,1352.6601028442383,1288.2601051330566,Group: D,Group: A,Group: D vs Group: A,4,4,Blank_Blank_Blank
"[TG(60:8),TG(59:1)]_FA22:5",TAG,1430.3801002502441,1485.4600982666016,1702.9601097106934,1809.940128326416,1563.620101928711,1806.6001243591309,1878.9201354980469,1711.560115814209,1390.4600982666016,Group: D,Group: A,Group: D vs Group: A,4,4,Blank_Blank_Blank
"[TG(60:8),TG(59:1)]_FA22:6",TAG,1984.8201446533203,2048.0801544189453,2953.820213317871,1972.8801345825195,1929.1801567077637,2230.8401527404785,4883.740398406982,2418.0001640319824,1573.1201171875,Group: D,Group: A,Group: D vs Group: A,4,4,Blank_Blank_Blank
"[TG(60:9),TG(59:2)]_FA14:0",TAG,1015.1000709533691,1016.3200721740723,1016.7000846862793,1016.1600723266602,1009.5600700378418,1009.7200660705566,1012.6000709533691,1011.3400688171387,1012.4000778198242,Group: D,Group: A,Group: D vs Group: A,4,4,Blank_Blank_Blank
"[TG(60:9),TG(59:2)]_FA16:0",TAG,1089.5600776672363,1136.5800819396973,1116.680076599121,1085.4200744628906,1054.140079498291,1013.6200675964355,1241.720100402832,1098.7400588989258,1011.5200691223145,Group: D,Group: A,Group: D vs Group: A,4,4,Blank_Blank_Blank
"[TG(60:9),TG(59:2)]_FA16:1",TAG,1052.3600769042969,1104.3800659179688,1089.7800788879395,1053.9800720214844,1048.8000679016113,1112.2600593566895,1050.7400703430176,1049.4600715637207,1091.060073852539,Group: D,Group: A,Group: D vs Group: A,4,4,Blank_Blank_Blank
"[TG(60:9),TG(59:2)]_FA18:0",TAG,1013.4200668334961,1077.8800811767578,1026.0800666809082,1037.62007522583,1012.900074005127,1011.7800674438477,1043.480068206787,1056.8800773620605,1029.6200675964355,Group: D,Group: A,Group: D vs Group: A,4,4,Blank_Blank_Blank
"[TG(60:9),TG(59:2)]_FA18:1",TAG,1155.4000854492188,1144.5000686645508,1302.900089263916,1279.10009765625,1081.8600692749023,1211.880084991455,1210.700096130371,1144.8400764465332,1085.8000793457031,Group: D,Group: A,Group: D vs Group: A,4,4,Blank_Blank_Blank
"[TG(60:9),TG(59:2)]_FA18:2",TAG,1608.9201164245605,1603.9801063537598,2345.4601516723633,1455.7000885009766,1333.9200820922852,1227.700080871582,1419.7000999450684,1752.6601295471191,1129.7400703430176,Group: D,Group: A,Group: D vs Group: A,4,4,Blank_Blank_Blank
"[TG(60:9),TG(59:2)]_FA18:3",TAG,1219.8200950622559,1208.3400917053223,1216.6600952148438,1279.3400840759277,1308.640079498291,1252.1600799560547,1264.080093383789,1210.8400802612305,1214.5400886535645,Group: D,Group: A,Group: D vs Group: A,4,4,Blank_Blank_Blank
"[TG(60:9),TG(59:2)]_FA20:4",TAG,1315.5800895690918,1384.4000968933105,1545.380111694336,1718.0601119995117,1293.9600830078125,1299.1200942993164,1408.0201034545898,1342.7400932312012,1288.06010055542,Group: D,Group: A,Group: D vs Group: A,4,4,Blank_Blank_Blank
"[TG(60:9),TG(59:2)]_FA22:5",TAG,1595.0001029968262,1492.980110168457,1886.8201446533203,1720.740119934082,1600.6601028442383,1578.1201095581055,1853.7401237487793,1902.4801216125488,1375.1600952148438,Group: D,Group: A,Group: D vs Group: A,4,4,Blank_Blank_Blank
"[TG(60:9),TG(59:2)]_FA22:6",TAG,2227.6801681518555,2271.0401496887207,3107.9202270507812,1828.58012008667,1944.7801361083984,2199.300148010254,4592.340305328369,3220.3802223205566,1520.2800979614258,Group: D,Group: A,Group: D vs Group: A,4,4,Blank_Blank_Blank
"[TG(61:10),TG(60:3)]_FA14:0",TAG,1013.9400634765625,1015.9200782775879,1017.1600799560547,1016.2800750732422,1093.0600814819336,1009.4400634765625,1033.6000709533691,1025.9800720214844,1013.4000701904297,Group: D,Group: A,Group: D vs Group: A,4,4,Blank_Blank_Blank
"[TG(61:10),TG(60:3)]_FA16:0",TAG,1035.8000793457031,1010.960075378418,1006.9200630187988,1023.8200759887695,1028.4200744628906,1055.3600845336914,1003.4800682067871,1003.9400596618652,1012.8000640869141,Group: D,Group: A,Group: D vs Group: A,4,4,Blank_Blank_Blank
"[TG(61:10),TG(60:3)]_FA16:1",TAG,1052.140079498291,1046.9200706481934,1046.5200729370117,1074.6000747680664,1047.0400657653809,1049.000072479248,1048.5600700378418,1049.5800704956055,1077.8600769042969,Group: D,Group: A,Group: D vs Group: A,4,4,Blank_Blank_Blank
"[TG(61:10),TG(60:3)]_FA18:0",TAG,1012.2800636291504,1024.3000717163086,1046.000072479248,1078.4600830078125,1012.7800712585449,1011.580078125,1029.660068511963,1011.3200798034668,1034.0400733947754,Group: D,Group: A,Group: D vs Group: A,4,4,Blank_Blank_Blank
"[TG(61:10),TG(60:3)]_FA18:1",TAG,1063.2200775146484,1049.480079650879,1181.380084991455,1158.6000785827637,1064.9200706481934,1136.260082244873,1265.100082397461,1055.0400733947754,1053.9200706481934,Group: D,Group: A,Group: D vs Group: A,4,4,Blank_Blank_Blank
"[TG(61:10),TG(60:3)]_FA18:2",TAG,1235.6400909423828,1157.8200759887695,1431.3801002502441,1214.8600845336914,1181.240077972412,1348.0000953674316,1130.2600784301758,1167.580078125,1148.1800689697266,Group: D,Group: A,Group: D vs Group: A,4,4,Blank_Blank_Blank
"[TG(61:10),TG(60:3)]_FA18:3",TAG,1222.100082397461,1208.4800872802734,1209.9800758361816,1211.2000846862793,1203.400089263916,1224.7000885009766,1206.8200950622559,1210.6800842285156,1245.3800811767578,Group: D,Group: A,Group: D vs Group: A,4,4,Blank_Blank_Blank
"[TG(61:10),TG(60:3)]_FA20:4",TAG,1309.9400901794434,1290.9001007080078,1290.580093383789,1287.6200790405273,1288.460090637207,1312.6800918579102,1288.8800888061523,1289.6800918579102,1289.5000953674316,Group: D,Group: A,Group: D vs Group: A,4,4,Blank_Blank_Blank
"[TG(61:10),TG(60:3)]_FA22:5",TAG,1373.5201034545898,1435.6000938415527,1455.0201034545898,1383.6400985717773,1375.280101776123,1406.000087738037,1418.5201034545898,1375.220085144043,1434.7401084899902,Group: D,Group: A,Group: D vs Group: A,4,4,Blank_Blank_Blank
"[TG(61:10),TG(60:3)]_FA22:6",TAG,1557.8001098632812,1504.3201217651367,1536.6001167297363,1498.1801109313965,1516.0801010131836,1526.1001091003418,1543.7000999450684,1525.4001159667969,1498.6600952148438,Group: D,Group: A,Group: D vs Group: A,4,4,Blank_Blank_Blank
"[TG(61:11),TG(60:4)]_FA14:0",TAG,1015.6600799560547,1016.4600791931152,1050.2600708007812,1015.6800727844238,1009.2800712585449,1008.3800659179688,1031.7600784301758,1010.9800796508789,1013.0200729370117,Group: D,Group: A,Group: D vs Group: A,4,4,Blank_Blank_Blank
"[TG(61:11),TG(60:4)]_FA16:0",TAG,1024.9400634765625,1072.9400787353516,1040.9200592041016,1005.3600692749023,1077.4000663757324,1011.8400802612305,1003.640079498291,1005.0200653076172,1011.0200614929199,Group: D,Group: A,Group: D vs Group: A,4,4,Blank_Blank_Blank
"[TG(61:11),TG(60:4)]_FA16:1",TAG,1052.4200744628906,1046.280071258545,1046.3400764465332,1054.0400733947754,1047.9200706481934,1063.6400680541992,1048.8800735473633,1049.5400695800781,1048.1200637817383,Group: D,Group: A,Group: D vs Group: A,4,4,Blank_Blank_Blank
"[TG(61:11),TG(60:4)]_FA18:0",TAG,1025.5800743103027,1056.5200729370117,1013.1600723266602,1016.7800827026367,1012.7400665283203,1011.0000762939453,1046.8800773620605,1011.2600746154785,1011.520076751709,Group: D,Group: A,Group: D vs Group: A,4,4,Blank_Blank_Blank
"[TG(61:11),TG(60:4)]_FA18:1",TAG,1250.6200904846191,1068.8800773620605,1217.3200874328613,1199.6200866699219,1076.700080871582,1097.940086364746,1232.7401008605957,1304.240104675293,1053.960060119629,Group: D,Group: A,Group: D vs Group: A,4,4,Blank_Blank_Blank
"[TG(61:11),TG(60:4)]_FA18:2",TAG,1494.8800964355469,1557.5001029968262,1342.6600914001465,1250.0800743103027,1181.3600845336914,1143.0600776672363,1209.240089416504,1267.9800872802734,1159.1400756835938,Group: D,Group: A,Group: D vs Group: A,4,4,Blank_Blank_Blank
"[TG(61:11),TG(60:4)]_FA18:3",TAG,1208.7200927734375,1240.940086364746,1228.6000862121582,1258.60009765625,1204.0000839233398,1213.7200775146484,1217.9800834655762,1211.3200950622559,1214.6200828552246,Group: D,Group: A,Group: D vs Group: A,4,4,Blank_Blank_Blank
"[TG(61:11),TG(60:4)]_FA20:4",TAG,1290.1600875854492,1340.680088043213,1292.2000885009766,1294.8200912475586,1288.8400764465332,1383.5000915527344,1322.1401023864746,1349.160099029541,1289.1001014709473,Group: D,Group: A,Group: D vs Group: A,4,4,Blank_Blank_Blank
"[TG(61:11),TG(60:4)]_FA22:5",TAG,1386.3000946044922,1375.2200927734375,1375.7000885009766,1465.7200927734375,1376.4601020812988,1449.760097503662,1374.5200996398926,1418.1401023864746,1397.7800941467285,Group: D,Group: A,Group: D vs Group: A,4,4,Blank_Blank_Blank
"[TG(61:11),TG(60:4)]_FA22:6",TAG,1582.8401107788086,1542.1201133728027,1543.480110168457,1498.2000999450684,1500.800106048584,1497.2601127624512,1557.4001121520996,1592.5801124572754,1498.3001136779785,Group: D,Group: A,Group: D vs Group: A,4,4,Blank_Blank_Blank
"[TG(61:12),TG(60:5)]_FA14:0",TAG,1014.6000709533691,1016.020076751709,1017.0200653076172,1015.760066986084,1052.62007522583,1008.5800704956055,1012.0200653076172,1011.2000770568848,1013.6400756835938,Group: D,Group: A,Group: D vs Group: A,4,4,Blank_Blank_Blank
"[TG(61:12),TG(60:5)]_FA16:0",TAG,1064.0200691223145,1007.5400772094727,1006.5000648498535,1005.360050201416,1018.7200736999512,1013.0000801086426,1084.1200675964355,1037.200065612793,1011.320068359375,Group: D,Group: A,Group: D vs Group: A,4,4,Blank_Blank_Blank
"[TG(61:12),TG(60:5)]_FA16:1",TAG,1052.2000846862793,1047.5800743103027,1046.500072479248,1054.660083770752,1047.4000701904297,1049.7400703430176,1060.1000671386719,1049.480079650879,1048.000072479248,Group: D,Group: A,Group: D vs Group: A,4,4,Blank_Blank_Blank
"[TG(61:12),TG(60:5)]_FA18:0",TAG,1048.9800758361816,1013.5600776672363,1020.9800720214844,1017.0400733947754,1013.5600776672363,1011.7600746154785,1021.080078125,1041.6800842285156,1011.7200736999512,Group: D,Group: A,Group: D vs Group: A,4,4,Blank_Blank_Blank
"[TG(61:12),TG(60:5)]_FA18:1",TAG,1050.7200736999512,1048.5600662231445,1049.3000717163086,1102.4400787353516,1128.660083770752,1057.060073852539,1197.7000770568848,1055.640064239502,1053.7000846862793,Group: D,Group: A,Group: D vs Group: A,4,4,Blank_Blank_Blank
"[TG(61:12),TG(60:5)]_FA18:2",TAG,1362.5400886535645,1311.3000793457031,1380.1600799560547,1195.4800758361816,1387.6200942993164,1246.1000900268555,1162.3000717163086,1378.2400970458984,1203.7200775146484,Group: D,Group: A,Group: D vs Group: A,4,4,Blank_Blank_Blank
"[TG(61:12),TG(60:5)]_FA18:3",TAG,1240.8600883483887,1208.9800987243652,1208.3600883483887,1283.5600852966309,1204.6200942993164,1213.6200790405273,1208.180088043213,1210.8800964355469,1214.180076599121,Group: D,Group: A,Group: D vs Group: A,4,4,Blank_Blank_Blank
"[TG(61:12),TG(60:5)]_FA20:4",TAG,1289.2400932312012,1320.1601066589355,1381.4600982666016,1322.5801010131836,1309.7200889587402,1354.1600952148438,1334.8800926208496,1290.3000984191895,1311.2400970458984,Group: D,Group: A,Group: D vs Group: A,4,4,Blank_Blank_Blank
"[TG(61:12),TG(60:5)]_FA22:5",TAG,1373.780101776123,1451.7601051330566,1426.240089416504,1461.4601020812988,1418.0200996398926,1378.660099029541,1374.3800888061523,1421.5600814819336,1405.740104675293,Group: D,Group: A,Group: D vs Group: A,4,4,Blank_Blank_Blank
"[TG(61:12),TG(60:5)]_FA22:6",TAG,1516.4001083374023,1499.1400985717773,1523.9001159667969,1498.960117340088,1500.3201179504395,1562.960117340088,1571.3401145935059,1495.560115814209,1540.7401123046875,Group: D,Group: A,Group: D vs Group: A,4,4,Blank_Blank_Blank
"[TG(61:13),TG(60:6)]_FA14:0",TAG,1014.6200752258301,1016.0000648498535,1018.0600776672363,1016.6200752258301,1008.3200759887695,1008.5800628662109,1049.0000801086426,1053.2000732421875,1021.4000701904297,Group: D,Group: A,Group: D vs Group: A,4,4,Blank_Blank_Blank
"[TG(61:13),TG(60:6)]_FA16:0",TAG,1047.3800811767578,1028.7800750732422,1086.9600677490234,1051.0800819396973,1097.240077972412,1042.1200828552246,1213.4200973510742,1063.4000663757324,1011.5600662231445,Group: D,Group: A,Group: D vs Group: A,4,4,Blank_Blank_Blank
"[TG(61:13),TG(60:6)]_FA16:1",TAG,1091.3400764465332,1047.2000617980957,1047.440055847168,1054.2000885009766,1047.8000717163086,1049.2600784301758,1048.12007522583,1048.580062866211,1048.5200729370117,Group: D,Group: A,Group: D vs Group: A,4,4,Blank_Blank_Blank
"[TG(61:13),TG(60:6)]_FA18:0",TAG,1038.2000770568848,1042.0800743103027,1013.0200614929199,1055.3200874328613,1049.840072631836,1015.1800727844238,1103.460075378418,1010.8200721740723,1012.6000785827637,Group: D,Group: A,Group: D vs Group: A,4,4,Blank_Blank_Blank
"[TG(61:13),TG(60:6)]_FA18:1",TAG,1087.4000778198242,1049.480068206787,1090.620059967041,1062.060073852539,1103.5000648498535,1099.0400886535645,1163.160083770752,1137.640079498291,1059.9600639343262,Group: D,Group: A,Group: D vs Group: A,4,4,Blank_Blank_Blank
"[TG(61:13),TG(60:6)]_FA18:2",TAG,1382.2001037597656,1380.2201042175293,1352.9800872802734,1188.0200843811035,1137.280086517334,1164.9800720214844,1165.7200775146484,1233.0400924682617,1129.940086364746,Group: D,Group: A,Group: D vs Group: A,4,4,Blank_Blank_Blank
"[TG(61:13),TG(60:6)]_FA18:3",TAG,1224.6800918579102,1292.220085144043,1209.1800804138184,1243.8200950622559,1231.300090789795,1240.0400772094727,1275.4400901794434,1380.8200988769531,1221.6800842285156,Group: D,Group: A,Group: D vs Group: A,4,4,Blank_Blank_Blank
"[TG(61:13),TG(60:6)]_FA20:4",TAG,1290.5000839233398,1314.320110321045,1357.740089416504,1357.5801124572754,1338.0600967407227,1396.4600982666016,1346.8001022338867,1290.9201011657715,1321.3800926208496,Group: D,Group: A,Group: D vs Group: A,4,4,Blank_Blank_Blank
"[TG(61:13),TG(60:6)]_FA22:5",TAG,1372.7000999450684,1374.4600944519043,1423.9601020812988,1379.720100402832,1406.4000930786133,1428.0800971984863,1525.8601112365723,1416.9801025390625,1403.4000968933105,Group: D,Group: A,Group: D vs Group: A,4,4,Blank_Blank_Blank
"[TG(61:13),TG(60:6)]_FA22:6",TAG,1524.3001136779785,1525.1401062011719,1601.140121459961,1499.1401138305664,1586.560115814209,1505.8401145935059,1658.06010055542,1510.8400993347168,1501.3800964355469,Group: D,Group: A,Group: D vs Group: A,4,4,Blank_Blank_Blank
"[TG(61:14),TG(60:7),TG(59:0)]_FA14:0",TAG,1016.0000648498535,1016.0000762939453,1017.1200866699219,1042.4200706481934,1009.020076751709,1008.7400703430176,1058.9400825500488,1075.4800720214844,1012.5400733947754,Group: D,Group: A,Group: D vs Group: A,4,4,Blank_Blank_Blank
"[TG(61:14),TG(60:7),TG(59:0)]_FA16:0",TAG,1114.420066833496,1020.0000762939453,1025.0000686645508,1079.5400657653809,1130.1400871276855,1049.9400787353516,1148.0400733947754,1073.1600761413574,1012.1600685119629,Group: D,Group: A,Group: D vs Group: A,4,4,Blank_Blank_Blank
"[TG(61:14),TG(60:7),TG(59:0)]_FA16:1",TAG,1124.6600875854492,1073.9800720214844,1046.640079498291,1064.8400764465332,1047.3800735473633,1052.0800666809082,1048.5000762939453,1049.9200744628906,1047.5600776672363,Group: D,Group: A,Group: D vs Group: A,4,4,Blank_Blank_Blank
"[TG(61:14),TG(60:7),TG(59:0)]_FA18:0",TAG,1152.020092010498,1019.5200691223145,1099.7000732421875,1084.5600852966309,1093.1800804138184,1017.7000770568848,1074.0400772094727,1039.060073852539,1036.6000633239746,Group: D,Group: A,Group: D vs Group: A,4,4,Blank_Blank_Blank
"[TG(61:14),TG(60:7),TG(59:0)]_FA18:1",TAG,1126.580078125,1122.2200736999512,1316.8400840759277,1129.0000686645508,1081.7800827026367,1146.9800758361816,1171.7400817871094,1098.5200843811035,1067.1000747680664,Group: D,Group: A,Group: D vs Group: A,4,4,Blank_Blank_Blank
"[TG(61:14),TG(60:7),TG(59:0)]_FA18:2",TAG,1138.2600746154785,1458.000072479248,1470.3800926208496,1149.5000839233398,1324.880084991455,1194.5000801086426,1225.2800827026367,1471.6800956726074,1129.1200828552246,Group: D,Group: A,Group: D vs Group: A,4,4,Blank_Blank_Blank
"[TG(61:14),TG(60:7),TG(59:0)]_FA18:3",TAG,1218.1200904846191,1209.5000915527344,1260.0600814819336,1258.760097503662,1204.0000915527344,1213.1000862121582,1276.2600936889648,1210.940086364746,1247.7800903320312,Group: D,Group: A,Group: D vs Group: A,4,4,Blank_Blank_Blank
"[TG(61:14),TG(60:7),TG(59:0)]_FA20:4",TAG,1312.2400932312012,1400.2001037597656,1316.7600936889648,1493.020107269287,1309.9400939941406,1356.4400901794434,1388.0600929260254,1290.0200958251953,1288.240104675293,Group: D,Group: A,Group: D vs Group: A,4,4,Blank_Blank_Blank
"[TG(61:14),TG(60:7),TG(59:0)]_FA22:5",TAG,1519.0201034545898,1476.4201049804688,1529.8401184082031,1517.0201034545898,1425.960105895996,1508.9600944519043,1748.540126800537,1534.2600936889648,1376.5200958251953,Group: D,Group: A,Group: D vs Group: A,4,4,Blank_Blank_Blank
"[TG(61:14),TG(60:7),TG(59:0)]_FA22:6",TAG,1708.1801223754883,1667.6601104736328,1727.8801193237305,1592.6201171875,1516.9601020812988,1696.8001174926758,2466.800189971924,1672.8601341247559,1497.7201118469238,Group: D,Group: A,Group: D vs Group: A,4,4,Blank_Blank_Blank
"[TG(62:10),TG(61:3)]_FA14:0",TAG,1014.4400672912598,1016.7600784301758,1017.3600769042969,1016.3200645446777,1066.9200820922852,1021.9000778198242,1031.0400695800781,1010.9200706481934,1013.0800819396973,Group: D,Group: A,Group: D vs Group: A,4,4,Blank_Blank_Blank
"[TG(62:10),TG(61:3)]_FA16:0",TAG,1016.9600715637207,1040.780071258545,1014.740062713623,1005.5400657653809,1023.0600700378418,1011.4800720214844,1086.1000785827637,1102.0400733947754,1011.4800796508789,Group: D,Group: A,Group: D vs Group: A,4,4,Blank_Blank_Blank
"[TG(62:10),TG(61:3)]_FA16:1",TAG,1058.8200759887695,1048.080078125,1046.3000755310059,1053.760066986084,1067.0800666809082,1049.4600715637207,1048.0400733947754,1049.3000679016113,1066.0000762939453,Group: D,Group: A,Group: D vs Group: A,4,4,Blank_Blank_Blank
"[TG(62:10),TG(61:3)]_FA18:0",TAG,1013.1200675964355,1013.6800651550293,1011.5800743103027,1049.0000801086426,1012.5200691223145,1010.7600746154785,1010.6600685119629,1011.0800628662109,1011.9200706481934,Group: D,Group: A,Group: D vs Group: A,4,4,Blank_Blank_Blank
"[TG(62:10),TG(61:3)]_FA18:1",TAG,1152.3800811767578,1049.240077972412,1049.52006149292,1084.3400802612305,1056.9400825500488,1053.6200790405273,1055.9200706481934,1054.500072479248,1084.8200721740723,Group: D,Group: A,Group: D vs Group: A,4,4,Blank_Blank_Blank
"[TG(62:10),TG(61:3)]_FA18:2",TAG,1132.220069885254,1157.340072631836,1230.8600845336914,1158.1600799560547,1202.2800827026367,1165.6200714111328,1129.8600769042969,1126.4600868225098,1130.060073852539,Group: D,Group: A,Group: D vs Group: A,4,4,Blank_Blank_Blank
"[TG(62:10),TG(61:3)]_FA18:3",TAG,1208.780086517334,1234.3600845336914,1213.820083618164,1231.9600944519043,1239.440097808838,1225.600082397461,1225.3600845336914,1242.940086364746,1215.2800788879395,Group: D,Group: A,Group: D vs Group: A,4,4,Blank_Blank_Blank
"[TG(62:10),TG(61:3)]_FA20:4",TAG,1290.0800971984863,1321.7000999450684,1354.280101776123,1343.3600883483887,1299.64009475708,1288.5200958251953,1289.300090789795,1290.580093383789,1315.0200996398926,Group: D,Group: A,Group: D vs Group: A,4,4,Blank_Blank_Blank
"[TG(62:10),TG(61:3)]_FA22:5",TAG,1372.5801086425781,1377.6601066589355,1472.5001182556152,1469.440113067627,1392.980094909668,1470.300090789795,1450.4600982666016,1442.8801078796387,1429.6601028442383,Group: D,Group: A,Group: D vs Group: A,4,4,Blank_Blank_Blank
"[TG(62:10),TG(61:3)]_FA22:6",TAG,1580.0601081848145,1603.680118560791,1770.10013961792,1609.260108947754,1671.5601081848145,1618.4001121520996,1815.260124206543,1601.7401123046875,1539.5201110839844,Group: D,Group: A,Group: D vs Group: A,4,4,Blank_Blank_Blank
"[TG(62:11),TG(61:4)]_FA14:0",TAG,1015.5800704956055,1017.2400817871094,1018.0800743103027,1015.7000732421875,1010.0400657653809,1008.5200653076172,1012.4400749206543,1011.6800804138184,1013.8600616455078,Group: D,Group: A,Group: D vs Group: A,4,4,Blank_Blank_Blank
"[TG(62:11),TG(61:4)]_FA16:0",TAG,1008.6800727844238,1017.6400756835938,1010.9800643920898,1024.5400772094727,1027.020076751709,1012.5600700378418,1029.6800651550293,1004.6800651550293,1011.2200698852539,Group: D,Group: A,Group: D vs Group: A,4,4,Blank_Blank_Blank
"[TG(62:11),TG(61:4)]_FA16:1",TAG,1051.7800788879395,1047.4400672912598,1066.7400817871094,1053.3800735473633,1048.1200828552246,1061.3200798034668,1047.6000709533691,1049.340087890625,1106.2000770568848,Group: D,Group: A,Group: D vs Group: A,4,4,Blank_Blank_Blank
"[TG(62:11),TG(61:4)]_FA18:0",TAG,1013.1000785827637,1012.700065612793,1084.6800842285156,1016.3200798034668,1013.840087890625,1010.9000663757324,1010.8800621032715,1010.6200637817383,1011.7400703430176,Group: D,Group: A,Group: D vs Group: A,4,4,Blank_Blank_Blank
"[TG(62:11),TG(61:4)]_FA18:1",TAG,1126.5400772094727,1049.2200660705566,1075.3000869750977,1047.7400741577148,1060.5200691223145,1052.2200813293457,1057.0400657653809,1074.8200759887695,1054.4800834655762,Group: D,Group: A,Group: D vs Group: A,4,4,Blank_Blank_Blank
"[TG(62:11),TG(61:4)]_FA18:2",TAG,1131.7000732421875,1146.9600715637207,1205.6800842285156,1297.64009475708,1221.6200904846191,1129.3200759887695,1195.9600868225098,1207.1601028442383,1128.840072631836,Group: D,Group: A,Group: D vs Group: A,4,4,Blank_Blank_Blank
"[TG(62:11),TG(61:4)]_FA18:3",TAG,1208.9600868225098,1308.6600875854492,1209.1400833129883,1238.320083618164,1204.5600814819336,1212.980079650879,1249.6800956726074,1210.2000885009766,1214.0800819396973,Group: D,Group: A,Group: D vs Group: A,4,4,Blank_Blank_Blank
"[TG(62:11),TG(61:4)]_FA20:4",TAG,1344.2200965881348,1291.2800903320312,1412.9801025390625,1336.720100402832,1288.6400871276855,1309.120101928711,1317.6800918579102,1290.6800918579102,1301.800090789795,Group: D,Group: A,Group: D vs Group: A,4,4,Blank_Blank_Blank
"[TG(62:11),TG(61:4)]_FA22:5",TAG,1405.3200988769531,1436.6800918579102,1533.820110321045,1532.360092163086,1418.880111694336,1534.10009765625,1492.9600982666016,1434.0401077270508,1375.7000923156738,Group: D,Group: A,Group: D vs Group: A,4,4,Blank_Blank_Blank
"[TG(62:11),TG(61:4)]_FA22:6",TAG,1621.6201210021973,1598.1601219177246,1838.6401329040527,1615.7401161193848,1755.9801292419434,1631.7601280212402,2139.3601684570312,1808.6201210021973,1540.1401062011719,Group: D,Group: A,Group: D vs Group: A,4,4,Blank_Blank_Blank
"[TG(62:12),TG(61:5)]_FA14:0",TAG,1015.6000862121582,1017.1800765991211,1042.7400817871094,1015.9800834655762,1008.9800682067871,1008.5200653076172,1012.0000648498535,1016.6800727844238,1024.6000709533691,Group: D,Group: A,Group: D vs Group: A,4,4,Blank_Blank_Blank
"[TG(62:12),TG(61:5)]_FA16:0",TAG,1110.1800689697266,1007.0200729370117,1006.8600616455078,1060.400074005127,1006.8400688171387,1012.8200721740723,1096.0400772094727,1004.4000663757324,1011.7200775146484,Group: D,Group: A,Group: D vs Group: A,4,4,Blank_Blank_Blank
"[TG(62:12),TG(61:5)]_FA16:1",TAG,1052.3200721740723,1096.0400619506836,1046.1000747680664,1053.9400634765625,1048.340072631836,1049.8400650024414,1098.4000778198242,1067.2600784301758,1071.6000785827637,Group: D,Group: A,Group: D vs Group: A,4,4,Blank_Blank_Blank
"[TG(62:12),TG(61:5)]_FA18:0",TAG,1013.640064239502,1037.680076599121,1013.0400733947754,1017.6000747680664,1013.4000701904297,1033.62007522583,1010.3400764465332,1011.3400611877441,1028.6400833129883,Group: D,Group: A,Group: D vs Group: A,4,4,Blank_Blank_Blank
"[TG(62:12),TG(61:5)]_FA18:1",TAG,1050.9400787353516,1048.9800643920898,1069.1200637817383,1063.5400733947754,1123.2600784301758,1054.3600730895996,1110.6000862121582,1072.7800750732422,1095.7400932312012,Group: D,Group: A,Group: D vs Group: A,4,4,Blank_Blank_Blank
"[TG(62:12),TG(61:5)]_FA18:2",TAG,1194.9200820922852,1130.2800788879395,1200.7200813293457,1128.6600761413574,1146.4600791931152,1152.3800773620605,1175.2600746154785,1166.9800910949707,1128.4000778198242,Group: D,Group: A,Group: D vs Group: A,4,4,Blank_Blank_Blank
"[TG(62:12),TG(61:5)]_FA18:3",TAG,1208.4400901794434,1209.0800895690918,1208.4200859069824,1213.7600784301758,1243.860092163086,1214.0400772094727,1206.8200874328613,1259.6400871276855,1214.3400802612305,Group: D,Group: A,Group: D vs Group: A,4,4,Blank_Blank_Blank
"[TG(62:12),TG(61:5)]_FA20:4",TAG,1331.300090789795,1291.0400924682617,1369.5200996398926,1320.520092010498,1289.1600914001465,1288.4600982666016,1313.6400909423828,1323.2800941467285,1287.840103149414,Group: D,Group: A,Group: D vs Group: A,4,4,Blank_Blank_Blank
"[TG(62:12),TG(61:5)]_FA22:5",TAG,1463.720115661621,1380.5401000976562,1544.4601135253906,1458.6601028442383,1443.7000999450684,1379.5201034545898,1381.400089263916,1489.8801040649414,1450.0401077270508,Group: D,Group: A,Group: D vs Group: A,4,4,Blank_Blank_Blank
"[TG(62:12),TG(61:5)]_FA22:6",TAG,1681.6601104736328,1703.860122680664,2047.5801582336426,1697.5601081848145,1607.5601081848145,1730.5601272583008,2526.9801750183105,2163.9601554870605,1546.560115814209,Group: D,Group: A,Group: D vs Group: A,4,4,Blank_Blank_Blank
"[TG(62:13),TG(61:6)]_FA14:0",TAG,1039.0000801086426,1016.6000709533691,1017.4800720214844,1016.1600723266602,1026.380084991455,1008.9400787353516,1012.7600631713867,1010.3600692749023,1013.1000747680664,Group: D,Group: A,Group: D vs Group: A,4,4,Blank_Blank_Blank
"[TG(62:13),TG(61:6)]_FA16:0",TAG,1039.460075378418,1059.5000762939453,1020.6000671386719,1005.4000549316406,1006.8400688171387,1028.2200736999512,1001.7400741577148,1004.4200630187988,1010.9400634765625,Group: D,Group: A,Group: D vs Group: A,4,4,Blank_Blank_Blank
"[TG(62:13),TG(61:6)]_FA16:1",TAG,1052.5200805664062,1093.5600776672363,1060.7000617980957,1054.000072479248,1047.760066986084,1049.3000717163086,1050.440071105957,1049.380069732666,1047.3000793457031,Group: D,Group: A,Group: D vs Group: A,4,4,Blank_Blank_Blank
"[TG(62:13),TG(61:6)]_FA18:0",TAG,1012.2600708007812,1013.3400764465332,1012.5400695800781,1016.5600814819336,1013.2600708007812,1011.1200752258301,1010.7400665283203,1032.4600715637207,1011.940071105957,Group: D,Group: A,Group: D vs Group: A,4,4,Blank_Blank_Blank
"[TG(62:13),TG(61:6)]_FA18:1",TAG,1078.140079498291,1048.3000755310059,1049.1600723266602,1073.3800735473633,1056.6600761413574,1054.5000801086426,1057.8400802612305,1055.5800704956055,1053.3400650024414,Group: D,Group: A,Group: D vs Group: A,4,4,Blank_Blank_Blank
"[TG(62:13),TG(61:6)]_FA18:2",TAG,1177.3200798034668,1141.3600769042969,1132.8000755310059,1157.8600883483887,1128.660068511963,1128.460075378418,1129.3400840759277,1169.7600746154785,1128.7600746154785,Group: D,Group: A,Group: D vs Group: A,4,4,Blank_Blank_Blank
"[TG(62:13),TG(61:6)]_FA18:3",TAG,1208.9800872802734,1208.7400932312012,1242.3600883483887,1211.1200714111328,1204.9200859069824,1239.1800727844238,1207.440086364746,1248.2600860595703,1214.500087738037,Group: D,Group: A,Group: D vs Group: A,4,4,Blank_Blank_Blank
"[TG(62:13),TG(61:6)]_FA20:4",TAG,1308.300106048584,1290.9001007080078,1295.500099182129,1298.8600959777832,1289.7600898742676,1288.1200942993164,1290.1600875854492,1357.1800994873047,1288.6000862121582,Group: D,Group: A,Group: D vs Group: A,4,4,Blank_Blank_Blank
"[TG(62:13),TG(61:6)]_FA22:5",TAG,1373.1400985717773,1381.1801071166992,1511.9401054382324,1494.4801025390625,1407.8201026916504,1480.2400932312012,1493.120101928711,1376.5600891113281,1402.7201080322266,Group: D,Group: A,Group: D vs Group: A,4,4,Blank_Blank_Blank
"[TG(62:13),TG(61:6)]_FA22:6",TAG,1771.1801300048828,1711.5201263427734,2290.320156097412,1930.2601509094238,1638.1001167297363,1618.1001243591309,3106.120185852051,2047.62015914917,1548.9201164245605,Group: D,Group: A,Group: D vs Group: A,4,4,Blank_Blank_Blank
"[TG(62:14),TG(61:7),TG(60:0)]_FA14:0",TAG,1025.4800720214844,1015.7800788879395,1016.5600738525391,1015.7600784301758,1024.5600814819336,1012.020076751709,1028.7000846862793,1036.060073852539,1057.960075378418,Group: D,Group: A,Group: D vs Group: A,4,4,Blank_Blank_Blank
"[TG(62:14),TG(61:7),TG(60:0)]_FA16:0",TAG,1043.280071258545,1106.8200798034668,1057.2400665283203,1084.280071258545,1024.52006149292,1051.0400657653809,1009.960075378418,1085.8000717163086,1011.2800750732422,Group: D,Group: A,Group: D vs Group: A,4,4,Blank_Blank_Blank
"[TG(62:14),TG(61:7),TG(60:0)]_FA16:1",TAG,1052.280071258545,1046.3600730895996,1046.5800704956055,1054.100082397461,1047.980068206787,1049.7400741577148,1047.6400680541992,1049.3400764465332,1048.1600608825684,Group: D,Group: A,Group: D vs Group: A,4,4,Blank_Blank_Blank
"[TG(62:14),TG(61:7),TG(60:0)]_FA18:0",TAG,1013.7600708007812,1038.9400672912598,1083.3000679016113,1056.780086517334,1034.140079498291,1010.9200782775879,1010.820068359375,1010.4200744628906,1011.5000762939453,Group: D,Group: A,Group: D vs Group: A,4,4,Blank_Blank_Blank
"[TG(62:14),TG(61:7),TG(60:0)]_FA18:1",TAG,1062.440071105957,1048.3200759887695,1049.1600799560547,1079.0000762939453,1110.3400764465332,1053.820068359375,1060.8200721740723,1056.1000709533691,1088.8600692749023,Group: D,Group: A,Group: D vs Group: A,4,4,Blank_Blank_Blank
"[TG(62:14),TG(61:7),TG(60:0)]_FA18:2",TAG,1136.1000709533691,1131.0000762939453,1168.560073852539,1161.3000831604004,1129.9200706481934,1128.2600860595703,1154.6400756835938,1195.6600875854492,1129.520076751709,Group: D,Group: A,Group: D vs Group: A,4,4,Blank_Blank_Blank
"[TG(62:14),TG(61:7),TG(60:0)]_FA18:3",TAG,1208.9800910949707,1257.6600875854492,1210.240077972412,1241.3600845336914,1204.3800926208496,1249.1600723266602,1206.9400825500488,1210.0800819396973,1214.7000770568848,Group: D,Group: A,Group: D vs Group: A,4,4,Blank_Blank_Blank
"[TG(62:14),TG(61:7),TG(60:0)]_FA20:4",TAG,1288.8400917053223,1290.900074005127,1292.520092010498,1316.3400993347168,1288.920093536377,1288.2800979614258,1327.000099182129,1290.5801010131836,1288.8800888061523,Group: D,Group: A,Group: D vs Group: A,4,4,Blank_Blank_Blank
"[TG(62:14),TG(61:7),TG(60:0)]_FA22:5",TAG,1384.1800918579102,1373.960090637207,1375.260097503662,1427.6800994873047,1375.1800918579102,1385.5600929260254,1403.9401016235352,1376.2600860595703,1412.0201034545898,Group: D,Group: A,Group: D vs Group: A,4,4,Blank_Blank_Blank
"[TG(62:14),TG(61:7),TG(60:0)]_FA22:6",TAG,1616.0001182556152,1901.6201171875,2357.160167694092,1809.5201377868652,1726.0601196289062,1982.1401329040527,2129.980136871338,2118.320137023926,1497.5001106262207,Group: D,Group: A,Group: D vs Group: A,4,4,Blank_Blank_Blank
"[TG(62:15),TG(61:8),TG(60:1)]_FA14:0",TAG,1015.5600700378418,1016.4400672912598,1042.7000770568848,1015.6000785827637,1029.3800811767578,1008.8600769042969,1012.7400741577148,1023.5600738525391,1013.5800590515137,Group: D,Group: A,Group: D vs Group: A,4,4,Blank_Blank_Blank
"[TG(62:15),TG(61:8),TG(60:1)]_FA16:0",TAG,1042.2400703430176,1007.900074005127,1049.260066986084,1035.6800727844238,1055.720069885254,1047.7600746154785,1021.5400695800781,1004.3600692749023,1011.7400665283203,Group: D,Group: A,Group: D vs Group: A,4,4,Blank_Blank_Blank
"[TG(62:15),TG(61:8),TG(60:1)]_FA16:1",TAG,1051.580078125,1046.720069885254,1046.940071105957,1054.4800834655762,1048.4200706481934,1113.1000785827637,1092.5800743103027,1062.3600845336914,1047.4400749206543,Group: D,Group: A,Group: D vs Group: A,4,4,Blank_Blank_Blank
"[TG(62:15),TG(61:8),TG(60:1)]_FA18:0",TAG,1012.6600723266602,1012.2400779724121,1043.8600769042969,1017.260082244873,1014.5200691223145,1031.1800727844238,1009.9800682067871,1010.5400657653809,1045.7400817871094,Group: D,Group: A,Group: D vs Group: A,4,4,Blank_Blank_Blank
"[TG(62:15),TG(61:8),TG(60:1)]_FA18:1",TAG,1135.8400764465332,1049.7800750732422,1057.6000709533691,1066.6800804138184,1057.5600814819336,1136.3600807189941,1080.0400772094727,1055.2200775146484,1137.1000747680664,Group: D,Group: A,Group: D vs Group: A,4,4,Blank_Blank_Blank
"[TG(62:15),TG(61:8),TG(60:1)]_FA18:2",TAG,1131.8000793457031,1169.2200775146484,1161.2200775146484,1170.6600875854492,1178.5200729370117,1130.1400756835938,1129.8400764465332,1158.4600830078125,1128.8800773620605,Group: D,Group: A,Group: D vs Group: A,4,4,Blank_Blank_Blank
"[TG(62:15),TG(61:8),TG(60:1)]_FA18:3",TAG,1208.3600883483887,1208.3400840759277,1209.9800834655762,1290.8400955200195,1203.2000885009766,1230.160083770752,1207.2800788879395,1210.500087738037,1213.9400749206543,Group: D,Group: A,Group: D vs Group: A,4,4,Blank_Blank_Blank
"[TG(62:15),TG(61:8),TG(60:1)]_FA20:4",TAG,1359.0801048278809,1291.7000885009766,1291.2600898742676,1315.900089263916,1289.960090637207,1340.9200897216797,1289.0600929260254,1290.0401000976562,1288.440097808838,Group: D,Group: A,Group: D vs Group: A,4,4,Blank_Blank_Blank
"[TG(62:15),TG(61:8),TG(60:1)]_FA22:5",TAG,1374.2800903320312,1374.4401054382324,1386.3601036071777,1378.7600898742676,1376.580093383789,1421.980094909668,1375.2800979614258,1440.260097503662,1376.3400955200195,Group: D,Group: A,Group: D vs Group: A,4,4,Blank_Blank_Blank
"[TG(62:15),TG(61:8),TG(60:1)]_FA22:6",TAG,1498.7601013183594,1497.9401206970215,1496.8400993347168,1565.8201065063477,1519.5201034545898,1594.8401145935059,1598.000114440918,1498.260108947754,1497.500114440918,Group: D,Group: A,Group: D vs Group: A,4,4,Blank_Blank_Blank
"[TG(62:16),TG(61:9),TG(60:2)]_FA14:0",TAG,1014.960075378418,1016.2200698852539,1036.3600769042969,1016.8600769042969,1009.0600700378418,1008.4200668334961,1031.7800674438477,1011.0400695800781,1012.760066986084,Group: D,Group: A,Group: D vs Group: A,4,4,Blank_Blank_Blank
"[TG(62:16),TG(61:9),TG(60:2)]_FA16:0",TAG,1095.8600769042969,1007.4800682067871,1038.4600715637207,1005.2000694274902,1007.2000694274902,1012.3000679016113,1016.1400604248047,1035.4200630187988,1010.6600799560547,Group: D,Group: A,Group: D vs Group: A,4,4,Blank_Blank_Blank
"[TG(62:16),TG(61:9),TG(60:2)]_FA16:1",TAG,1055.1600723266602,1047.4200706481934,1047.0400657653809,1070.060073852539,1047.940071105957,1049.3200721740723,1144.54008102417,1049.6400680541992,1096.2800827026367,Group: D,Group: A,Group: D vs Group: A,4,4,Blank_Blank_Blank
"[TG(62:16),TG(61:9),TG(60:2)]_FA18:0",TAG,1013.7200660705566,1087.580078125,1013.9200668334961,1017.3000793457031,1029.9400596618652,1011.5400695800781,1057.8800659179688,1010.5400733947754,1011.3600730895996,Group: D,Group: A,Group: D vs Group: A,4,4,Blank_Blank_Blank
"[TG(62:16),TG(61:9),TG(60:2)]_FA18:1",TAG,1190.5200805664062,1048.9000778198242,1120.7400817871094,1127.9600715637207,1056.8800811767578,1071.7800674438477,1115.8400802612305,1104.9600791931152,1110.0800743103027,Group: D,Group: A,Group: D vs Group: A,4,4,Blank_Blank_Blank
"[TG(62:16),TG(61:9),TG(60:2)]_FA18:2",TAG,1206.3400917053223,1231.0600776672363,1182.1800842285156,1146.1600875854492,1166.4000816345215,1184.9000778198242,1129.9400634765625,1163.8400802612305,1169.3200874328613,Group: D,Group: A,Group: D vs Group: A,4,4,Blank_Blank_Blank
"[TG(62:16),TG(61:9),TG(60:2)]_FA18:3",TAG,1208.5600852966309,1208.0800704956055,1209.2600746154785,1246.9000816345215,1204.500087738037,1223.8600730895996,1207.6400871276855,1210.9400901794434,1228.1600761413574,Group: D,Group: A,Group: D vs Group: A,4,4,Blank_Blank_Blank
"[TG(62:16),TG(61:9),TG(60:2)]_FA20:4",TAG,1288.9600944519043,1291.2801055908203,1291.9600868225098,1321.8400840759277,1289.4600868225098,1302.6200942993164,1289.0400886535645,1288.6600952148438,1290.9000854492188,Group: D,Group: A,Group: D vs Group: A,4,4,Blank_Blank_Blank
"[TG(62:16),TG(61:9),TG(60:2)]_FA22:5",TAG,1397.5000915527344,1374.56010055542,1411.7400970458984,1432.4400939941406,1377.1800956726074,1388.4600982666016,1388.2600898742676,1415.5400848388672,1376.0000839233398,Group: D,Group: A,Group: D vs Group: A,4,4,Blank_Blank_Blank
"[TG(62:16),TG(61:9),TG(60:2)]_FA22:6",TAG,1498.3401069641113,1568.3601150512695,1512.380111694336,1518.6801147460938,1500.980094909668,1600.3401222229004,1518.360107421875,1496.6201171875,1498.6201210021973,Group: D,Group: A,Group: D vs Group: A,4,4,Blank_Blank_Blank
"[TG(62:7),TG(61:0)]_FA14:0",TAG,1014.6000709533691,1016.2000732421875,1017.520076751709,1015.5800819396973,1009.3200721740723,1067.3400802612305,1019.1800651550293,1068.220069885254,1013.0600852966309,Group: D,Group: A,Group: D vs Group: A,4,4,Blank_Blank_Blank
"[TG(62:7),TG(61:0)]_FA16:0",TAG,1024.8400688171387,1007.1000785827637,1043.0600662231445,1043.0200729370117,1007.2600708007812,1011.8400611877441,1002.6600723266602,1033.7200736999512,1011.7400779724121,Group: D,Group: A,Group: D vs Group: A,4,4,Blank_Blank_Blank
"[TG(62:7),TG(61:0)]_FA16:1",TAG,1052.3800621032715,1046.5200653076172,1046.100082397461,1054.3600807189941,1048.1800689697266,1048.8000717163086,1073.1400833129883,1049.480068206787,1048.240077972412,Group: D,Group: A,Group: D vs Group: A,4,4,Blank_Blank_Blank
"[TG(62:7),TG(61:0)]_FA18:0",TAG,1012.4000701904297,1013.020076751709,1011.1000671386719,1037.460075378418,1013.000072479248,1010.9200744628906,1010.5000686645508,1010.8800735473633,1012.000072479248,Group: D,Group: A,Group: D vs Group: A,4,4,Blank_Blank_Blank
"[TG(62:7),TG(61:0)]_FA18:1",TAG,1063.4600639343262,1048.5600700378418,1048.8200721740723,1048.54008102417,1056.6400718688965,1061.6200714111328,1112.7400817871094,1054.9600791931152,1075.2400741577148,Group: D,Group: A,Group: D vs Group: A,4,4,Blank_Blank_Blank
"[TG(62:7),TG(61:0)]_FA18:2",TAG,1149.9200820922852,1144.2600746154785,1163.8400840759277,1150.4800758361816,1179.9200820922852,1128.3000793457031,1130.3400688171387,1126.2200775146484,1128.8000717163086,Group: D,Group: A,Group: D vs Group: A,4,4,Blank_Blank_Blank
"[TG(62:7),TG(61:0)]_FA18:3",TAG,1215.1800804138184,1209.3600807189941,1209.8400840759277,1228.0600776672363,1204.2600860595703,1269.7000885009766,1209.5800895690918,1210.6000785827637,1215.2600784301758,Group: D,Group: A,Group: D vs Group: A,4,4,Blank_Blank_Blank
"[TG(62:7),TG(61:0)]_FA20:4",TAG,1289.4000968933105,1323.400089263916,1379.840103149414,1287.6200981140137,1290.9600982666016,1311.5800895690918,1295.9600944519043,1294.5200996398926,1351.7001037597656,Group: D,Group: A,Group: D vs Group: A,4,4,Blank_Blank_Blank
"[TG(62:7),TG(61:0)]_FA22:5",TAG,1413.0001106262207,1469.2801055908203,1376.040096282959,1409.4401016235352,1375.2000923156738,1378.960090637207,1433.7001037597656,1416.8200950622559,1373.960105895996,Group: D,Group: A,Group: D vs Group: A,4,4,Blank_Blank_Blank
"[TG(62:7),TG(61:0)]_FA22:6",TAG,1562.8401107788086,1671.4801292419434,1625.180118560791,1540.5001182556152,1554.1801071166992,1643.1401062011719,1674.4201164245605,1688.16011428833,1539.5601119995117,Group: D,Group: A,Group: D vs Group: A,4,4,Blank_Blank_Blank
"[TG(62:8),TG(61:1)]_FA14:0",TAG,1058.680076599121,1046.1600761413574,1016.9800720214844,1015.4800834655762,1009.5600738525391,1030.4200592041016,1012.700080871582,1086.1800804138184,1012.7400741577148,Group: D,Group: A,Group: D vs Group: A,4,4,Blank_Blank_Blank
"[TG(62:8),TG(61:1)]_FA16:0",TAG,1051.0400695800781,1007.1400680541992,1071.2000846862793,1004.8000640869141,1063.060073852539,1046.4600715637207,1073.260066986084,1154.2200775146484,1028.7400665283203,Group: D,Group: A,Group: D vs Group: A,4,4,Blank_Blank_Blank
"[TG(62:8),TG(61:1)]_FA16:1",TAG,1052.7800750732422,1047.0400695800781,1046.7200660705566,1054.2600784301758,1047.8200759887695,1086.2200736999512,1047.7600784301758,1048.920078277588,1047.3200798034668,Group: D,Group: A,Group: D vs Group: A,4,4,Blank_Blank_Blank
"[TG(62:8),TG(61:1)]_FA18:0",TAG,1019.9200820922852,1013.1800727844238,1036.400074005127,1043.2600708007812,1012.9000625610352,1011.1600685119629,1010.7400703430176,1011.260066986084,1012.4600715637207,Group: D,Group: A,Group: D vs Group: A,4,4,Blank_Blank_Blank
"[TG(62:8),TG(61:1)]_FA18:1",TAG,1051.7000885009766,1047.920066833496,1151.9600791931152,1074.1600646972656,1056.5000762939453,1054.0400772094727,1066.8200798034668,1218.0400886535645,1053.5600700378418,Group: D,Group: A,Group: D vs Group: A,4,4,Blank_Blank_Blank
"[TG(62:8),TG(61:1)]_FA18:2",TAG,1152.0000915527344,1131.5600776672363,1213.2600898742676,1142.0200729370117,1181.2200736999512,1152.5000839233398,1132.5800857543945,1125.9800758361816,1168.8600616455078,Group: D,Group: A,Group: D vs Group: A,4,4,Blank_Blank_Blank
"[TG(62:8),TG(61:1)]_FA18:3",TAG,1209.2000846862793,1209.3800773620605,1209.7400970458984,1212.8200759887695,1203.3200798034668,1224.680088043213,1207.5800895690918,1211.9800834655762,1213.7600784301758,Group: D,Group: A,Group: D vs Group: A,4,4,Blank_Blank_Blank
"[TG(62:8),TG(61:1)]_FA20:4",TAG,1300.940097808838,1290.5600929260254,1291.600082397461,1286.480094909668,1306.720085144043,1287.7400970458984,1293.2200889587402,1332.960090637207,1289.420093536377,Group: D,Group: A,Group: D vs Group: A,4,4,Blank_Blank_Blank
"[TG(62:8),TG(61:1)]_FA22:5",TAG,1373.60009765625,1374.9800987243652,1405.1601066589355,1376.9600830078125,1409.3001022338867,1378.8800888061523,1374.0401039123535,1412.5200996398926,1413.9800872802734,Group: D,Group: A,Group: D vs Group: A,4,4,Blank_Blank_Blank
"[TG(62:8),TG(61:1)]_FA22:6",TAG,1540.1601028442383,1737.8401145935059,1680.2201194763184,1544.6801147460938,1647.4201202392578,1570.3801155090332,1892.260139465332,1627.3601264953613,1576.0801048278809,Group: D,Group: A,Group: D vs Group: A,4,4,Blank_Blank_Blank
"[TG(62:9),TG(61:2)]_FA14:0",TAG,1015.4600677490234,1017.4200706481934,1017.5600700378418,1027.6400680541992,1010.1200714111328,1008.9000663757324,1012.9200706481934,1011.2200736999512,1012.7000732421875,Group: D,Group: A,Group: D vs Group: A,4,4,Blank_Blank_Blank
"[TG(62:9),TG(61:2)]_FA16:0",TAG,1007.460075378418,1007.3600692749023,1006.8400726318359,1072.0000686645508,1008.1800765991211,1013.2400703430176,1002.6800651550293,1003.9600715637207,1010.9600715637207,Group: D,Group: A,Group: D vs Group: A,4,4,Blank_Blank_Blank
"[TG(62:9),TG(61:2)]_FA16:1",TAG,1051.7000694274902,1046.5200805664062,1046.0400657653809,1054.0000686645508,1047.300064086914,1050.380084991455,1062.1000671386719,1049.3600807189941,1048.080078125,Group: D,Group: A,Group: D vs Group: A,4,4,Blank_Blank_Blank
"[TG(62:9),TG(61:2)]_FA18:0",TAG,1012.5800819396973,1012.6200866699219,1016.7800827026367,1016.8200721740723,1032.6200675964355,1011.1800727844238,1010.3800735473633,1009.9800720214844,1056.0800704956055,Group: D,Group: A,Group: D vs Group: A,4,4,Blank_Blank_Blank
"[TG(62:9),TG(61:2)]_FA18:1",TAG,1157.880069732666,1048.480068206787,1167.1200866699219,1082.4600677490234,1057.0000762939453,1053.2800674438477,1065.700080871582,1067.4000701904297,1064.220069885254,Group: D,Group: A,Group: D vs Group: A,4,4,Blank_Blank_Blank
"[TG(62:9),TG(61:2)]_FA18:2",TAG,1227.4400787353516,1171.3400764465332,1217.9800910949707,1201.280086517334,1132.200080871582,1145.7600708007812,1157.400074005127,1177.9800834655762,1159.160083770752,Group: D,Group: A,Group: D vs Group: A,4,4,Blank_Blank_Blank
"[TG(62:9),TG(61:2)]_FA18:3",TAG,1208.440097808838,1217.7400817871094,1265.9800987243652,1210.9600868225098,1213.1800956726074,1286.1400871276855,1207.900074005127,1228.6200790405273,1214.6400718688965,Group: D,Group: A,Group: D vs Group: A,4,4,Blank_Blank_Blank
"[TG(62:9),TG(61:2)]_FA20:4",TAG,1347.180088043213,1306.0600891113281,1292.3400955200195,1315.0800971984863,1288.960090637207,1288.720100402832,1289.4800872802734,1295.7000923156738,1289.440097808838,Group: D,Group: A,Group: D vs Group: A,4,4,Blank_Blank_Blank
"[TG(62:9),TG(61:2)]_FA22:5",TAG,1386.4600944519043,1375.1400909423828,1388.7600898742676,1416.2200927734375,1381.1200904846191,1436.540096282959,1375.280101776123,1375.980094909668,1412.080093383789,Group: D,Group: A,Group: D vs Group: A,4,4,Blank_Blank_Blank
"[TG(62:9),TG(61:2)]_FA22:6",TAG,1541.4601097106934,1646.500114440918,1686.900104522705,1540.3201026916504,1542.7801055908203,1667.760124206543,1737.4001235961914,1648.1201171875,1539.2601127624512,Group: D,Group: A,Group: D vs Group: A,4,4,Blank_Blank_Blank
"[TG(63:11),TG(62:4)]_FA14:0",TAG,1015.1200714111328,1015.8600654602051,1017.0200653076172,1016.3600692749023,1051.3000717163086,1042.8000717163086,1012.6400680541992,1011.5000610351562,1013.7400779724121,Group: D,Group: A,Group: D vs Group: A,4,4,Blank_Blank_Blank
"[TG(63:11),TG(62:4)]_FA16:0",TAG,1007.6400604248047,1047.420078277588,1006.7000732421875,1050.060073852539,1066.2000732421875,1012.0200653076172,1046.500072479248,1018.4200630187988,1011.6200752258301,Group: D,Group: A,Group: D vs Group: A,4,4,Blank_Blank_Blank
"[TG(63:11),TG(62:4)]_FA16:1",TAG,1135.0600776672363,1105.3600730895996,1045.920066833496,1108.2000694274902,1047.7200622558594,1069.160083770752,1087.1800804138184,1049.0000839233398,1047.420078277588,Group: D,Group: A,Group: D vs Group: A,4,4,Blank_Blank_Blank
"[TG(63:11),TG(62:4)]_FA18:0",TAG,1013.2400665283203,1012.5600814819336,1012.1200675964355,1024.8000717163086,1013.1400718688965,1011.5200729370117,1049.8400650024414,1011.6600646972656,1012.3600654602051,Group: D,Group: A,Group: D vs Group: A,4,4,Blank_Blank_Blank
"[TG(63:11),TG(62:4)]_FA18:1",TAG,1050.880069732666,1049.3000679016113,1049.020076751709,1047.3600769042969,1056.8200759887695,1054.980068206787,1090.700080871582,1094.1000785827637,1054.900074005127,Group: D,Group: A,Group: D vs Group: A,4,4,Blank_Blank_Blank
"[TG(63:11),TG(62:4)]_FA18:2",TAG,1154.6000747680664,1130.4400749206543,1175.080093383789,1128.200080871582,1211.7600784301758,1129.160068511963,1129.5800819396973,1126.340072631836,1129.5600700378418,Group: D,Group: A,Group: D vs Group: A,4,4,Blank_Blank_Blank
"[TG(63:11),TG(62:4)]_FA18:3",TAG,1209.080078125,1216.0200843811035,1210.0000953674316,1211.200096130371,1204.9000854492188,1212.7000885009766,1207.9200820922852,1209.5200805664062,1213.880084991455,Group: D,Group: A,Group: D vs Group: A,4,4,Blank_Blank_Blank
"[TG(63:11),TG(62:4)]_FA20:4",TAG,1289.3000946044922,1292.1600914001465,1291.1400909423828,1286.6800918579102,1289.4000968933105,1315.8400955200195,1289.3600883483887,1290.5200805664062,1288.14009475708,Group: D,Group: A,Group: D vs Group: A,4,4,Blank_Blank_Blank
"[TG(63:11),TG(62:4)]_FA22:5",TAG,1398.1201171875,1402.980094909668,1375.540096282959,1425.4800872802734,1407.4200859069824,1378.9200973510742,1373.340103149414,1374.9200897216797,1376.0400924682617,Group: D,Group: A,Group: D vs Group: A,4,4,Blank_Blank_Blank
"[TG(63:11),TG(62:4)]_FA22:6",TAG,1539.1401062011719,1582.3401107788086,1574.6001167297363,1539.9201126098633,1571.8401069641113,1539.1201133728027,1558.6001052856445,1537.4601097106934,1560.4800987243652,Group: D,Group: A,Group: D vs Group: A,4,4,Blank_Blank_Blank
"[TG(63:12),TG(62:5)]_FA14:0",TAG,1016.1200714111328,1033.6600723266602,1016.700065612793,1016.2200813293457,1008.7600746154785,1008.5600776672363,1013.1200752258301,1011.7400741577148,1013.520076751709,Group: D,Group: A,Group: D vs Group: A,4,4,Blank_Blank_Blank
"[TG(63:12),TG(62:5)]_FA16:0",TAG,1007.4600677490234,1022.3600654602051,1006.9800796508789,1080.940071105957,1007.2400665283203,1013.3600692749023,1032.5600700378418,1074.0000801086426,1011.3200645446777,Group: D,Group: A,Group: D vs Group: A,4,4,Blank_Blank_Blank
"[TG(63:12),TG(62:5)]_FA16:1",TAG,1052.440071105957,1047.7800636291504,1046.4000663757324,1053.9400749206543,1074.660068511963,1048.9800834655762,1047.7200813293457,1049.9200744628906,1047.920066833496,Group: D,Group: A,Group: D vs Group: A,4,4,Blank_Blank_Blank
"[TG(63:12),TG(62:5)]_FA18:0",TAG,1012.1600685119629,1011.9400672912598,1010.5400657653809,1017.260082244873,1013.1400680541992,1011.5400733947754,1010.4600715637207,1011.1800727844238,1012.1400756835938,Group: D,Group: A,Group: D vs Group: A,4,4,Blank_Blank_Blank
"[TG(63:12),TG(62:5)]_FA18:1",TAG,1050.5000839233398,1048.440071105957,1048.7800788879395,1048.04008102417,1056.640079498291,1054.5200691223145,1057.3000793457031,1054.720069885254,1054.200080871582,Group: D,Group: A,Group: D vs Group: A,4,4,Blank_Blank_Blank
"[TG(63:12),TG(62:5)]_FA18:2",TAG,1178.4000816345215,1130.8800735473633,1154.8000831604004,1127.7600860595703,1129.4800872802734,1161.7800827026367,1128.860065460205,1125.4800834655762,1128.700080871582,Group: D,Group: A,Group: D vs Group: A,4,4,Blank_Blank_Blank
"[TG(63:12),TG(62:5)]_FA18:3",TAG,1209.54008102417,1209.1000747680664,1210.3000946044922,1225.660083770752,1203.7200889587402,1218.4800910949707,1207.140079498291,1242.0200805664062,1233.0800895690918,Group: D,Group: A,Group: D vs Group: A,4,4,Blank_Blank_Blank
"[TG(63:12),TG(62:5)]_FA20:4",TAG,1289.1000862121582,1290.9800872802734,1291.4000854492188,1286.2200889587402,1289.2400856018066,1287.740104675293,1289.1000938415527,1289.9001007080078,1319.8600959777832,Group: D,Group: A,Group: D vs Group: A,4,4,Blank_Blank_Blank
"[TG(63:12),TG(62:5)]_FA22:5",TAG,1373.340103149414,1390.4001083374023,1375.8400955200195,1402.5200996398926,1395.180103302002,1388.8200912475586,1379.0401039123535,1376.9201011657715,1376.2000999450684,Group: D,Group: A,Group: D vs Group: A,4,4,Blank_Blank_Blank
"[TG(63:12),TG(62:5)]_FA22:6",TAG,1540.8200988769531,1545.8801078796387,1538.9401054382324,1540.1800994873047,1544.2401123046875,1539.6401062011719,1541.5001106262207,1537.3601150512695,1540.8401107788086,Group: D,Group: A,Group: D vs Group: A,4,4,Blank_Blank_Blank
"[TG(63:13),TG(62:6)]_FA14:0",TAG,1063.2400703430176,1054.9600868225098,1075.0000762939453,1015.5400733947754,1046.8600730895996,1034.3000717163086,1012.6200637817383,1011.9600677490234,1012.9000854492188,Group: D,Group: A,Group: D vs Group: A,4,4,Blank_Blank_Blank
"[TG(63:13),TG(62:6)]_FA16:0",TAG,1056.6400680541992,1007.9200592041016,1007.1600685119629,1011.7000694274902,1007.4400672912598,1012.0400657653809,1002.5000648498535,1041.640064239502,1011.9200630187988,Group: D,Group: A,Group: D vs Group: A,4,4,Blank_Blank_Blank
"[TG(63:13),TG(62:6)]_FA16:1",TAG,1052.180076599121,1048.400074005127,1046.3000717163086,1098.6000747680664,1077.5800743103027,1048.3600730895996,1048.400074005127,1049.9000854492188,1048.1600608825684,Group: D,Group: A,Group: D vs Group: A,4,4,Blank_Blank_Blank
"[TG(63:13),TG(62:6)]_FA18:0",TAG,1013.0600738525391,1012.4200706481934,1020.5600700378418,1017.1800804138184,1013.5800743103027,1011.2000694274902,1010.8200721740723,1011.0000801086426,1012.3200721740723,Group: D,Group: A,Group: D vs Group: A,4,4,Blank_Blank_Blank
"[TG(63:13),TG(62:6)]_FA18:1",TAG,1087.5000762939453,1049.1200828552246,1062.0000839233398,1134.7200736999512,1056.1400871276855,1054.320068359375,1063.3000755310059,1054.9000816345215,1054.7400703430176,Group: D,Group: A,Group: D vs Group: A,4,4,Blank_Blank_Blank
"[TG(63:13),TG(62:6)]_FA18:2",TAG,1152.2800903320312,1131.1000671386719,1166.0400772094727,1129.7800827026367,1153.0600814819336,1129.340072631836,1129.5000801086426,1126.1800689697266,1128.780086517334,Group: D,Group: A,Group: D vs Group: A,4,4,Blank_Blank_Blank
"[TG(63:13),TG(62:6)]_FA18:3",TAG,1208.7800827026367,1208.9000816345215,1210.0600852966309,1210.8400917053223,1204.0600814819336,1214.720085144043,1207.8400802612305,1210.3600845336914,1214.320083618164,Group: D,Group: A,Group: D vs Group: A,4,4,Blank_Blank_Blank
"[TG(63:13),TG(62:6)]_FA20:4",TAG,1294.6400985717773,1290.5800857543945,1292.3000946044922,1335.8200912475586,1288.1400909423828,1301.8200912475586,1288.8800964355469,1351.3801002502441,1289.280086517334,Group: D,Group: A,Group: D vs Group: A,4,4,Blank_Blank_Blank
"[TG(63:13),TG(62:6)]_FA22:5",TAG,1406.3600997924805,1373.920093536377,1383.3401107788086,1405.4800910949707,1422.1001014709473,1389.8600959777832,1386.5401039123535,1385.6600952148438,1405.580093383789,Group: D,Group: A,Group: D vs Group: A,4,4,Blank_Blank_Blank
"[TG(63:13),TG(62:6)]_FA22:6",TAG,1539.0601043701172,1539.9801177978516,1581.880111694336,1539.5601081848145,1585.6201171875,1539.1201057434082,1541.200107574463,1537.5201034545898,1539.8001174926758,Group: D,Group: A,Group: D vs Group: A,4,4,Blank_Blank_Blank
"[TG(64:10),TG(63:3)]_FA14:0",TAG,1014.8200836181641,1016.2200813293457,1018.0200805664062,1054.7400741577148,1009.2000732421875,1038.0400733947754,1031.4400672912598,1011.440071105957,1013.4200706481934,Group: D,Group: A,Group: D vs Group: A,4,4,Blank_Blank_Blank
"[TG(64:10),TG(63:3)]_FA16:0",TAG,1101.420078277588,1007.6400718688965,1037.2200660705566,1043.7400741577148,1062.8400611877441,1013.020076751709,1002.6200675964355,1005.2800674438477,1035.600082397461,Group: D,Group: A,Group: D vs Group: A,4,4,Blank_Blank_Blank
"[TG(64:10),TG(63:3)]_FA16:1",TAG,1052.6200675964355,1046.660068511963,1055.5800666809082,1053.9800720214844,1049.280071258545,1049.1000747680664,1047.3800811767578,1049.4600715637207,1047.0000648498535,Group: D,Group: A,Group: D vs Group: A,4,4,Blank_Blank_Blank
"[TG(64:10),TG(63:3)]_FA18:0",TAG,1013.140079498291,1013.5800704956055,1011.400074005127,1016.7000770568848,1038.6600646972656,1011.2000617980957,1010.8400802612305,1030.4800643920898,1012.4600639343262,Group: D,Group: A,Group: D vs Group: A,4,4,Blank_Blank_Blank
"[TG(64:10),TG(63:3)]_FA18:1",TAG,1080.12007522583,1055.4600830078125,1093.8400764465332,1047.8600692749023,1057.600082397461,1055.0400733947754,1056.980079650879,1055.320083618164,1054.3400764465332,Group: D,Group: A,Group: D vs Group: A,4,4,Blank_Blank_Blank
"[TG(64:10),TG(63:3)]_FA18:2",TAG,1131.5800704956055,1196.9600868225098,1131.4000701904297,1128.740077972412,1133.2800788879395,1128.700080871582,1129.0800857543945,1126.7400817871094,1129.04008102417,Group: D,Group: A,Group: D vs Group: A,4,4,Blank_Blank_Blank
"[TG(64:10),TG(63:3)]_FA18:3",TAG,1210.5400924682617,1208.8000869750977,1208.6400871276855,1243.400089263916,1204.940086364746,1213.7400856018066,1206.5800857543945,1211.360092163086,1214.180076599121,Group: D,Group: A,Group: D vs Group: A,4,4,Blank_Blank_Blank
"[TG(64:10),TG(63:3)]_FA20:4",TAG,1290.4800987243652,1290.60009765625,1336.1400985717773,1286.5801010131836,1289.080093383789,1295.360092163086,1289.3400993347168,1290.6800956726074,1289.2400970458984,Group: D,Group: A,Group: D vs Group: A,4,4,Blank_Blank_Blank
"[TG(64:10),TG(63:3)]_FA22:5",TAG,1415.1200942993164,1428.5201034545898,1483.6001091003418,1540.6401023864746,1416.680103302002,1419.6801071166992,1471.1201057434082,1418.4201011657715,1416.6000900268555,Group: D,Group: A,Group: D vs Group: A,4,4,Blank_Blank_Blank
"[TG(64:10),TG(63:3)]_FA22:6",TAG,1594.9201126098633,1540.5801086425781,1538.7801246643066,1543.08012008667,1543.660099029541,1539.7601013183594,1567.8201179504395,1536.9401092529297,1558.8401145935059,Group: D,Group: A,Group: D vs Group: A,4,4,Blank_Blank_Blank
"[TG(64:11),TG(63:4)]_FA14:0",TAG,1014.3800735473633,1016.1800765991211,1029.2800788879395,1016.0000648498535,1009.4600677490234,1008.4600791931152,1036.800064086914,1010.7200775146484,1013.1200752258301,Group: D,Group: A,Group: D vs Group: A,4,4,Blank_Blank_Blank
"[TG(64:11),TG(63:4)]_FA16:0",TAG,1039.5800666809082,1007.6800651550293,1006.4800796508789,1005.400074005127,1030.9000701904297,1023.1600799560547,1031.7800674438477,1004.9000663757324,1014.400074005127,Group: D,Group: A,Group: D vs Group: A,4,4,Blank_Blank_Blank
"[TG(64:11),TG(63:4)]_FA16:1",TAG,1052.2600784301758,1047.200065612793,1046.400074005127,1054.0000762939453,1047.4600715637207,1049.2000694274902,1058.5000648498535,1049.4000663757324,1047.7400703430176,Group: D,Group: A,Group: D vs Group: A,4,4,Blank_Blank_Blank
"[TG(64:11),TG(63:4)]_FA18:0",TAG,1012.9800796508789,1050.6400718688965,1012.6800727844238,1049.0600776672363,1012.6800765991211,1011.5000686645508,1010.8800621032715,1011.1800651550293,1012.1600723266602,Group: D,Group: A,Group: D vs Group: A,4,4,Blank_Blank_Blank
"[TG(64:11),TG(63:4)]_FA18:1",TAG,1051.880069732666,1048.4600791931152,1049.500072479248,1049.440071105957,1056.8400764465332,1055.520092010498,1120.140079498291,1055.5000762939453,1053.6200714111328,Group: D,Group: A,Group: D vs Group: A,4,4,Blank_Blank_Blank
"[TG(64:11),TG(63:4)]_FA18:2",TAG,1131.3600807189941,1132.940086364746,1177.9400825500488,1129.0400772094727,1174.12007522583,1128.04008102417,1129.380084991455,1128.9400787353516,1129.660083770752,Group: D,Group: A,Group: D vs Group: A,4,4,Blank_Blank_Blank
"[TG(64:11),TG(63:4)]_FA18:3",TAG,1209.4000930786133,1209.4600830078125,1209.980079650879,1295.8600807189941,1205.0200843811035,1229.1800918579102,1207.2800827026367,1211.0600814819336,1240.5200843811035,Group: D,Group: A,Group: D vs Group: A,4,4,Blank_Blank_Blank
"[TG(64:11),TG(63:4)]_FA20:4",TAG,1336.5800857543945,1291.0400886535645,1292.0200996398926,1306.5800895690918,1288.1800994873047,1341.3001098632812,1289.1000900268555,1290.3800926208496,1289.0200996398926,Group: D,Group: A,Group: D vs Group: A,4,4,Blank_Blank_Blank
"[TG(64:11),TG(63:4)]_FA22:5",TAG,1433.1401062011719,1453.540096282959,1452.2000999450684,1452.900104522705,1439.240089416504,1420.400089263916,1491.0801086425781,1417.660099029541,1456.7401084899902,Group: D,Group: A,Group: D vs Group: A,4,4,Blank_Blank_Blank
"[TG(64:11),TG(63:4)]_FA22:6",TAG,1588.460105895996,1540.460105895996,1666.7001190185547,1562.2801055908203,1542.760108947754,1556.6201057434082,1542.4001274108887,1569.8001098632812,1540.6601219177246,Group: D,Group: A,Group: D vs Group: A,4,4,Blank_Blank_Blank
"[TG(64:12),TG(63:5)]_FA14:0",TAG,1015.3400802612305,1015.8400764465332,1017.5000686645508,1015.3800735473633,1009.9600715637207,1008.9600677490234,1011.8800773620605,1011.3400726318359,1013.1600723266602,Group: D,Group: A,Group: D vs Group: A,4,4,Blank_Blank_Blank
"[TG(64:12),TG(63:5)]_FA16:0",TAG,1007.4200744628906,1016.8000679016113,1012.4600715637207,1006.1000709533691,1020.180061340332,1029.5000762939453,1033.5200653076172,1004.4800796508789,1010.8400764465332,Group: D,Group: A,Group: D vs Group: A,4,4,Blank_Blank_Blank
"[TG(64:12),TG(63:5)]_FA16:1",TAG,1052.060073852539,1047.0200691223145,1046.0800704956055,1053.8600692749023,1048.3600730895996,1049.3800773620605,1056.2600708007812,1049.7400817871094,1048.400074005127,Group: D,Group: A,Group: D vs Group: A,4,4,Blank_Blank_Blank
"[TG(64:12),TG(63:5)]_FA18:0",TAG,1012.8800773620605,1013.200080871582,1013.1000633239746,1049.3400764465332,1013.4200744628906,1011.8000717163086,1010.4200744628906,1010.7400779724121,1011.4800605773926,Group: D,Group: A,Group: D vs Group: A,4,4,Blank_Blank_Blank
"[TG(64:12),TG(63:5)]_FA18:1",TAG,1089.1200866699219,1048.820068359375,1047.9800758361816,1047.9400672912598,1057.6400680541992,1054.720069885254,1056.1800727844238,1055.700080871582,1053.720069885254,Group: D,Group: A,Group: D vs Group: A,4,4,Blank_Blank_Blank
"[TG(64:12),TG(63:5)]_FA18:2",TAG,1131.180076599121,1131.340072631836,1136.7800750732422,1128.6800804138184,1128.9600677490234,1128.8400764465332,1129.3000717163086,1125.7800750732422,1129.220069885254,Group: D,Group: A,Group: D vs Group: A,4,4,Blank_Blank_Blank
"[TG(64:12),TG(63:5)]_FA18:3",TAG,1209.080078125,1208.780071258545,1209.9200820922852,1210.5800819396973,1203.1200981140137,1267.3200874328613,1206.6800842285156,1210.5000801086426,1213.8800811767578,Group: D,Group: A,Group: D vs Group: A,4,4,Blank_Blank_Blank
"[TG(64:12),TG(63:5)]_FA20:4",TAG,1289.5800895690918,1290.7200965881348,1292.1800918579102,1287.920093536377,1289.2400932312012,1288.3200874328613,1289.3400955200195,1290.3400955200195,1289.1600952148438,Group: D,Group: A,Group: D vs Group: A,4,4,Blank_Blank_Blank
"[TG(64:12),TG(63:5)]_FA22:5",TAG,1415.0801086425781,1503.3201141357422,1472.5000953674316,1473.9401054382324,1438.4000968933105,1458.3600997924805,1431.4401016235352,1418.8601112365723,1417.8400917053223,Group: D,Group: A,Group: D vs Group: A,4,4,Blank_Blank_Blank
"[TG(64:12),TG(63:5)]_FA22:6",TAG,1604.2401084899902,1621.3801078796387,1667.8601150512695,1591.6401138305664,1554.3001022338867,1564.1001014709473,1646.4401092529297,1536.2401161193848,1539.1200942993164,Group: D,Group: A,Group: D vs Group: A,4,4,Blank_Blank_Blank
"[TG(64:13),TG(63:6)]_FA14:0",TAG,1014.7000732421875,1015.6600723266602,1017.0800704956055,1015.6000671386719,1009.1800727844238,1008.7800712585449,1025.0400772094727,1011.0200691223145,1012.8200721740723,Group: D,Group: A,Group: D vs Group: A,4,4,Blank_Blank_Blank
"[TG(64:13),TG(63:6)]_FA16:0",TAG,1006.200065612793,1007.2800750732422,1044.4200859069824,1006.0000686645508,1011.9400634765625,1013.1000747680664,1070.2200775146484,1004.0000686645508,1011.9800758361816,Group: D,Group: A,Group: D vs Group: A,4,4,Blank_Blank_Blank
"[TG(64:13),TG(63:6)]_FA16:1",TAG,1051.6600799560547,1046.880069732666,1045.7800750732422,1053.8400764465332,1047.840072631836,1049.6800651550293,1048.8000679016113,1048.9400672912598,1112.4600791931152,Group: D,Group: A,Group: D vs Group: A,4,4,Blank_Blank_Blank
"[TG(64:13),TG(63:6)]_FA18:0",TAG,1012.6800765991211,1013.7400779724121,1012.1600685119629,1016.6000747680664,1012.7800712585449,1011.4800643920898,1011.1800727844238,1023.6600799560547,1012.2800712585449,Group: D,Group: A,Group: D vs Group: A,4,4,Blank_Blank_Blank
"[TG(64:13),TG(63:6)]_FA18:1",TAG,1050.8800735473633,1049.060073852539,1048.62007522583,1092.6000709533691,1056.4800720214844,1126.2800788879395,1056.5000648498535,1055.740077972412,1053.6400718688965,Group: D,Group: A,Group: D vs Group: A,4,4,Blank_Blank_Blank
"[TG(64:13),TG(63:6)]_FA18:2",TAG,1155.3800888061523,1131.7600746154785,1132.4600677490234,1129.6400680541992,1138.3400840759277,1128.900074005127,1129.4800720214844,1154.9000816345215,1129.0000762939453,Group: D,Group: A,Group: D vs Group: A,4,4,Blank_Blank_Blank
"[TG(64:13),TG(63:6)]_FA18:3",TAG,1209.2200775146484,1208.8200798034668,1209.280086517334,1211.480079650879,1204.8800773620605,1214.1200790405273,1206.5200881958008,1211.1800651550293,1237.1800689697266,Group: D,Group: A,Group: D vs Group: A,4,4,Blank_Blank_Blank
"[TG(64:13),TG(63:6)]_FA20:4",TAG,1320.5000953674316,1290.9600944519043,1291.5600929260254,1325.5800895690918,1287.8400955200195,1322.4600944519043,1289.7000885009766,1290.3600997924805,1289.0600814819336,Group: D,Group: A,Group: D vs Group: A,4,4,Blank_Blank_Blank
"[TG(64:13),TG(63:6)]_FA22:5",TAG,1548.3201065063477,1448.7201042175293,1455.2201042175293,1582.460117340088,1475.9201049804688,1419.7401008605957,1440.680103302002,1421.8600807189941,1418.4401054382324,Group: D,Group: A,Group: D vs Group: A,4,4,Blank_Blank_Blank
"[TG(64:13),TG(63:6)]_FA22:6",TAG,1560.4001121520996,1653.7801208496094,1679.3801193237305,1562.9201202392578,1583.860107421875,1635.9801177978516,1654.1801071166992,1627.2601203918457,1613.480110168457,Group: D,Group: A,Group: D vs Group: A,4,4,Blank_Blank_Blank
"[TG(64:14),TG(63:7),TG(62:0)]_FA14:0",TAG,1015.2000770568848,1015.5800666809082,1081.560073852539,1064.080078125,1070.2400817871094,1009.400074005127,1012.7600708007812,1022.5400695800781,1013.2200736999512,Group: D,Group: A,Group: D vs Group: A,4,4,Blank_Blank_Blank
"[TG(64:14),TG(63:7),TG(62:0)]_FA16:0",TAG,1007.6200637817383,1007.2400665283203,1051.5200691223145,1051.280071258545,1030.0600624084473,1011.9000778198242,1003.2000694274902,1004.240062713623,1011.2200622558594,Group: D,Group: A,Group: D vs Group: A,4,4,Blank_Blank_Blank
"[TG(64:14),TG(63:7),TG(62:0)]_FA16:1",TAG,1053.060073852539,1047.3800735473633,1062.5400733947754,1053.7600708007812,1048.4000816345215,1049.9600715637207,1078.4600677490234,1049.060073852539,1067.020076751709,Group: D,Group: A,Group: D vs Group: A,4,4,Blank_Blank_Blank
"[TG(64:14),TG(63:7),TG(62:0)]_FA18:0",TAG,1012.9400672912598,1012.8600730895996,1011.9200706481934,1016.2400817871094,1047.7000694274902,1011.7800750732422,1011.2400741577148,1030.280071258545,1064.1400756835938,Group: D,Group: A,Group: D vs Group: A,4,4,Blank_Blank_Blank
"[TG(64:14),TG(63:7),TG(62:0)]_FA18:1",TAG,1051.4800758361816,1048.8400688171387,1069.6000785827637,1047.5000686645508,1057.3000717163086,1055.7400703430176,1057.020076751709,1065.3400764465332,1054.2600746154785,Group: D,Group: A,Group: D vs Group: A,4,4,Blank_Blank_Blank
"[TG(64:14),TG(63:7),TG(62:0)]_FA18:2",TAG,1131.520076751709,1146.1600799560547,1131.8400764465332,1130.1600723266602,1164.9600791931152,1128.6600799560547,1129.2600746154785,1125.8400840759277,1149.3400688171387,Group: D,Group: A,Group: D vs Group: A,4,4,Blank_Blank_Blank
"[TG(64:14),TG(63:7),TG(62:0)]_FA18:3",TAG,1209.2200889587402,1209.0200843811035,1209.2600898742676,1211.5200843811035,1205.0800971984863,1213.8000793457031,1207.2600936889648,1211.1800842285156,1229.720085144043,Group: D,Group: A,Group: D vs Group: A,4,4,Blank_Blank_Blank
"[TG(64:14),TG(63:7),TG(62:0)]_FA20:4",TAG,1289.6200866699219,1289.8400917053223,1292.0000915527344,1286.480094909668,1288.3800926208496,1287.6401062011719,1290.0401000976562,1289.280086517334,1289.400089263916,Group: D,Group: A,Group: D vs Group: A,4,4,Blank_Blank_Blank
"[TG(64:14),TG(63:7),TG(62:0)]_FA22:5",TAG,1413.780101776123,1441.2601013183594,1462.000099182129,1419.940097808838,1444.60009765625,1420.6600875854492,1425.5601119995117,1426.100112915039,1418.0800971984863,Group: D,Group: A,Group: D vs Group: A,4,4,Blank_Blank_Blank
"[TG(64:14),TG(63:7),TG(62:0)]_FA22:6",TAG,1560.7201194763184,1574.8400955200195,1566.0401229858398,1539.0201110839844,1552.7601127624512,1555.1401138305664,1679.960132598877,1536.3601036071777,1539.1801109313965,Group: D,Group: A,Group: D vs Group: A,4,4,Blank_Blank_Blank
"[TG(64:15),TG(63:8),TG(62:1)]_FA14:0",TAG,1014.5200691223145,1015.5200691223145,1027.4400672912598,1016.2000732421875,1009.4000701904297,1008.3400688171387,1032.840072631836,1010.8200759887695,1013.6200752258301,Group: D,Group: A,Group: D vs Group: A,4,4,Blank_Blank_Blank
"[TG(64:15),TG(63:8),TG(62:1)]_FA16:0",TAG,1009.0200729370117,1006.9400749206543,1043.3800773620605,1075.4600677490234,1007.6200790405273,1011.880069732666,1037.3200645446777,1020.4200782775879,1031.4600791931152,Group: D,Group: A,Group: D vs Group: A,4,4,Blank_Blank_Blank
"[TG(64:15),TG(63:8),TG(62:1)]_FA16:1",TAG,1136.4000854492188,1046.7400741577148,1054.380069732666,1054.1400718688965,1048.4000701904297,1125.9400749206543,1108.0000762939453,1049.1200714111328,1079.7800674438477,Group: D,Group: A,Group: D vs Group: A,4,4,Blank_Blank_Blank
"[TG(64:15),TG(63:8),TG(62:1)]_FA18:0",TAG,1012.2600784301758,1013.3000640869141,1012.0400772094727,1016.0000686645508,1015.760082244873,1012.0000686645508,1010.0600662231445,1011.0800666809082,1038.7400703430176,Group: D,Group: A,Group: D vs Group: A,4,4,Blank_Blank_Blank
"[TG(64:15),TG(63:8),TG(62:1)]_FA18:1",TAG,1051.8000793457031,1076.400074005127,1050.1200637817383,1047.3800773620605,1055.9200820922852,1054.3200645446777,1056.3800735473633,1055.6000747680664,1104.9000663757324,Group: D,Group: A,Group: D vs Group: A,4,4,Blank_Blank_Blank
"[TG(64:15),TG(63:8),TG(62:1)]_FA18:2",TAG,1165.7600784301758,1132.560073852539,1166.2200889587402,1128.7200736999512,1142.8600730895996,1129.3000679016113,1129.2400817871094,1126.1800727844238,1165.8000755310059,Group: D,Group: A,Group: D vs Group: A,4,4,Blank_Blank_Blank
"[TG(64:15),TG(63:8),TG(62:1)]_FA18:3",TAG,1208.7200736999512,1208.960090637207,1209.9000778198242,1211.0400886535645,1203.8200874328613,1213.2800750732422,1206.7600746154785,1211.460075378418,1214.0000762939453,Group: D,Group: A,Group: D vs Group: A,4,4,Blank_Blank_Blank
"[TG(64:15),TG(63:8),TG(62:1)]_FA20:4",TAG,1289.6001052856445,1290.220100402832,1291.1600952148438,1319.480094909668,1289.1400833129883,1288.200080871582,1289.900089263916,1331.5600891113281,1288.8200874328613,Group: D,Group: A,Group: D vs Group: A,4,4,Blank_Blank_Blank
"[TG(64:15),TG(63:8),TG(62:1)]_FA22:5",TAG,1374.3601036071777,1374.5400924682617,1387.6201095581055,1379.260097503662,1401.8600845336914,1378.9400901794434,1373.5201034545898,1375.840103149414,1375.5200996398926,Group: D,Group: A,Group: D vs Group: A,4,4,Blank_Blank_Blank
"[TG(64:15),TG(63:8),TG(62:1)]_FA22:6",TAG,1540.2601051330566,1540.1001014709473,1538.9001083374023,1584.2601165771484,1631.520118713379,1539.5401153564453,1541.240119934082,1537.08012008667,1540.2401123046875,Group: D,Group: A,Group: D vs Group: A,4,4,Blank_Blank_Blank
"[TG(64:16),TG(63:9),TG(62:2)]_FA14:0",TAG,1015.2800788879395,1016.9200782775879,1018.1400718688965,1015.9600868225098,1022.8800735473633,1043.4800720214844,1012.2800712585449,1011.9600715637207,1013.4400749206543,Group: D,Group: A,Group: D vs Group: A,4,4,Blank_Blank_Blank
"[TG(64:16),TG(63:9),TG(62:2)]_FA16:0",TAG,1007.3800735473633,1007.5200614929199,1006.9000663757324,1040.4000701904297,1007.9600639343262,1012.7000732421875,1002.8000717163086,1054.6800689697266,1010.6200714111328,Group: D,Group: A,Group: D vs Group: A,4,4,Blank_Blank_Blank
"[TG(64:16),TG(63:9),TG(62:2)]_FA16:1",TAG,1052.0800743103027,1046.4200630187988,1056.5400695800781,1054.0200729370117,1055.1600723266602,1049.7000694274902,1048.4600677490234,1049.1000747680664,1047.7600631713867,Group: D,Group: A,Group: D vs Group: A,4,4,Blank_Blank_Blank
"[TG(64:16),TG(63:9),TG(62:2)]_FA18:0",TAG,1012.6600685119629,1020.7400703430176,1011.8600654602051,1016.5600776672363,1013.1200752258301,1012.1000709533691,1010.4000816345215,1010.620059967041,1144.2000770568848,Group: D,Group: A,Group: D vs Group: A,4,4,Blank_Blank_Blank
"[TG(64:16),TG(63:9),TG(62:2)]_FA18:1",TAG,1093.6200790405273,1048.9000701904297,1049.12007522583,1047.9000701904297,1077.7200813293457,1054.7000694274902,1076.2800788879395,1113.6000785827637,1097.760082244873,Group: D,Group: A,Group: D vs Group: A,4,4,Blank_Blank_Blank
"[TG(64:16),TG(63:9),TG(62:2)]_FA18:2",TAG,1132.5400772094727,1130.240077972412,1144.2800827026367,1129.3200798034668,1134.1200714111328,1129.060073852539,1129.6400718688965,1147.180088043213,1130.1600799560547,Group: D,Group: A,Group: D vs Group: A,4,4,Blank_Blank_Blank
"[TG(64:16),TG(63:9),TG(62:2)]_FA18:3",TAG,1208.5800857543945,1208.3600807189941,1210.5200881958008,1292.0600891113281,1204.8400802612305,1214.160083770752,1207.400089263916,1210.1200866699219,1214.240089416504,Group: D,Group: A,Group: D vs Group: A,4,4,Blank_Blank_Blank
"[TG(64:16),TG(63:9),TG(62:2)]_FA20:4",TAG,1288.3200988769531,1338.5801048278809,1305.2200889587402,1286.920093536377,1321.8800926208496,1289.1200942993164,1290.300090789795,1289.3000831604004,1288.7400856018066,Group: D,Group: A,Group: D vs Group: A,4,4,Blank_Blank_Blank
"[TG(64:16),TG(63:9),TG(62:2)]_FA22:5",TAG,1373.400104522705,1390.9801025390625,1375.1801071166992,1378.3200988769531,1414.700107574463,1378.5400848388672,1374.2201118469238,1401.9600982666016,1375.700096130371,Group: D,Group: A,Group: D vs Group: A,4,4,Blank_Blank_Blank
"[TG(64:16),TG(63:9),TG(62:2)]_FA22:6",TAG,1539.740119934082,1556.360107421875,1586.5601272583008,1548.460105895996,1543.2801132202148,1583.6601181030273,1541.8000984191895,1537.6801109313965,1539.7801094055176,Group: D,Group: A,Group: D vs Group: A,4,4,Blank_Blank_Blank
"[TG(64:17),TG(63:10),TG(62:3)]_FA14:0",TAG,1015.3600807189941,1015.760066986084,1017.3000717163086,1026.220069885254,1009.6000785827637,1042.9000701904297,1012.6800765991211,1010.4200706481934,1013.7200698852539,Group: D,Group: A,Group: D vs Group: A,4,4,Blank_Blank_Blank
"[TG(64:17),TG(63:10),TG(62:3)]_FA16:0",TAG,1007.460075378418,1045.0000686645508,1007.1000747680664,1041.0200805664062,1006.9000625610352,1012.5600700378418,1002.6000633239746,1004.6000671386719,1011.4600715637207,Group: D,Group: A,Group: D vs Group: A,4,4,Blank_Blank_Blank
"[TG(64:17),TG(63:10),TG(62:3)]_FA16:1",TAG,1074.6600761413574,1047.1800689697266,1046.3800659179688,1054.0800704956055,1047.9800758361816,1048.9200744628906,1048.7600708007812,1049.480068206787,1047.4000701904297,Group: D,Group: A,Group: D vs Group: A,4,4,Blank_Blank_Blank
"[TG(64:17),TG(63:10),TG(62:3)]_FA18:0",TAG,1013.6400718688965,1013.3600616455078,1018.6400680541992,1016.7600784301758,1013.4200668334961,1011.6800804138184,1010.8600730895996,1010.7800636291504,1012.380069732666,Group: D,Group: A,Group: D vs Group: A,4,4,Blank_Blank_Blank
"[TG(64:17),TG(63:10),TG(62:3)]_FA18:1",TAG,1065.9400825500488,1048.4400672912598,1068.4000778198242,1059.880069732666,1056.860065460205,1095.8600769042969,1057.1600723266602,1055.7600746154785,1077.2800674438477,Group: D,Group: A,Group: D vs Group: A,4,4,Blank_Blank_Blank
"[TG(64:17),TG(63:10),TG(62:3)]_FA18:2",TAG,1189.1800804138184,1146.240077972412,1183.6000785827637,1148.1000709533691,1133.6200866699219,1143.5600814819336,1181.1600799560547,1145.1200828552246,1149.380084991455,Group: D,Group: A,Group: D vs Group: A,4,4,Blank_Blank_Blank
"[TG(64:17),TG(63:10),TG(62:3)]_FA18:3",TAG,1209.0200881958008,1208.5600776672363,1210.3400802612305,1210.6200828552246,1235.200096130371,1250.0400733947754,1219.4000816345215,1211.4200859069824,1217.7800750732422,Group: D,Group: A,Group: D vs Group: A,4,4,Blank_Blank_Blank
"[TG(64:17),TG(63:10),TG(62:3)]_FA20:4",TAG,1287.9600982666016,1291.3200912475586,1291.0200958251953,1286.6400871276855,1298.6200981140137,1287.6600952148438,1289.3600807189941,1289.1800956726074,1288.3800888061523,Group: D,Group: A,Group: D vs Group: A,4,4,Blank_Blank_Blank
"[TG(64:17),TG(63:10),TG(62:3)]_FA22:5",TAG,1372.500087738037,1454.60009765625,1374.3600883483887,1378.3200950622559,1413.0001106262207,1421.5600929260254,1374.300090789795,1376.8000946044922,1375.0401039123535,Group: D,Group: A,Group: D vs Group: A,4,4,Blank_Blank_Blank
"[TG(64:17),TG(63:10),TG(62:3)]_FA22:6",TAG,1540.2801094055176,1539.6400985717773,1538.8401222229004,1540.8001136779785,1544.3000946044922,1540.180103302002,1540.920108795166,1537.6601219177246,1540.540096282959,Group: D,Group: A,Group: D vs Group: A,4,4,Blank_Blank_Blank
[TG(64:6)]_FA14:0,TAG,1042.1200790405273,1047.940071105957,1016.7800750732422,1015.7200736999512,1008.9000663757324,1066.5800743103027,1012.7600784301758,1010.4200706481934,1012.9800682067871,Group: D,Group: A,Group: D vs Group: A,4,4,Blank_Blank_Blank
[TG(64:6)]_FA16:0,TAG,1031.6200790405273,1007.8400764465332,1051.280071258545,1042.6200714111328,1016.8400688171387,1028.960075378418,1003.0200576782227,1023.6600685119629,1011.5600738525391,Group: D,Group: A,Group: D vs Group: A,4,4,Blank_Blank_Blank
[TG(64:6)]_FA16:1,TAG,1052.0400695800781,1047.3000679016113,1047.0000762939453,1054.080078125,1048.2200775146484,1049.6200675964355,1048.2400703430176,1049.5800743103027,1047.680076599121,Group: D,Group: A,Group: D vs Group: A,4,4,Blank_Blank_Blank
[TG(64:6)]_FA18:0,TAG,1012.3000755310059,1013.320068359375,1012.3600730895996,1017.1400718688965,1013.7000732421875,1011.3600769042969,1020.440071105957,1010.5600624084473,1011.4200744628906,Group: D,Group: A,Group: D vs Group: A,4,4,Blank_Blank_Blank
[TG(64:6)]_FA18:1,TAG,1110.0000801086426,1049.8600769042969,1067.060073852539,1085.9000701904297,1056.8200721740723,1054.880069732666,1056.0400733947754,1087.3200759887695,1054.0200691223145,Group: D,Group: A,Group: D vs Group: A,4,4,Blank_Blank_Blank
[TG(64:6)]_FA18:2,TAG,1198.9600868225098,1139.9000701904297,1132.4000701904297,1129.200065612793,1128.7400703430176,1130.3600769042969,1129.3400764465332,1125.4000778198242,1129.860065460205,Group: D,Group: A,Group: D vs Group: A,4,4,Blank_Blank_Blank
[TG(64:6)]_FA18:3,TAG,1209.2600860595703,1208.8000831604004,1209.180088043213,1257.1400871276855,1204.3200950622559,1213.2600746154785,1207.4400825500488,1210.780086517334,1214.820068359375,Group: D,Group: A,Group: D vs Group: A,4,4,Blank_Blank_Blank
[TG(64:6)]_FA20:4,TAG,1289.6600875854492,1290.2400856018066,1291.9800910949707,1286.7400932312012,1288.9000968933105,1287.6200866699219,1290.180088043213,1310.680103302002,1288.6600952148438,Group: D,Group: A,Group: D vs Group: A,4,4,Blank_Blank_Blank
[TG(64:6)]_FA22:5,TAG,1414.7401008605957,1416.8200912475586,1416.4801139831543,1472.6201095581055,1450.160099029541,1420.1400833129883,1415.4200973510742,1418.9800910949707,1436.1001052856445,Group: D,Group: A,Group: D vs Group: A,4,4,Blank_Blank_Blank
[TG(64:6)]_FA22:6,TAG,1539.8401145935059,1568.860122680664,1546.0601043701172,1541.6601181030273,1543.6601066589355,1540.020107269287,1541.3801078796387,1581.460117340088,1540.0801124572754,Group: D,Group: A,Group: D vs Group: A,4,4,Blank_Blank_Blank
"[TG(64:7),TG(63:0)]_FA14:0",TAG,1025.1000671386719,1016.1600761413574,1074.2200775146484,1016.3800735473633,1008.7800636291504,1008.9600791931152,1027.020076751709,1061.020076751709,1044.5600662231445,Group: D,Group: A,Group: D vs Group: A,4,4,Blank_Blank_Blank
"[TG(64:7),TG(63:0)]_FA16:0",TAG,1006.6600685119629,1007.7400703430176,1026.960060119629,1042.200065612793,1025.500072479248,1011.6800842285156,1003.7200660705566,1005.1200637817383,1011.9800720214844,Group: D,Group: A,Group: D vs Group: A,4,4,Blank_Blank_Blank
"[TG(64:7),TG(63:0)]_FA16:1",TAG,1094.6200828552246,1046.7800636291504,1045.54008102417,1054.360065460205,1047.4600791931152,1048.760082244873,1047.5800666809082,1048.8200721740723,1048.2800674438477,Group: D,Group: A,Group: D vs Group: A,4,4,Blank_Blank_Blank
"[TG(64:7),TG(63:0)]_FA18:0",TAG,1011.5600738525391,1013.9400672912598,1011.9200782775879,1016.1600723266602,1012.880069732666,1030.7400741577148,1010.6600723266602,1011.0200729370117,1011.120059967041,Group: D,Group: A,Group: D vs Group: A,4,4,Blank_Blank_Blank
"[TG(64:7),TG(63:0)]_FA18:1",TAG,1051.5600814819336,1049.4800758361816,1049.1600761413574,1046.8800735473633,1056.9600715637207,1054.680076599121,1057.2800674438477,1056.3200759887695,1053.9400634765625,Group: D,Group: A,Group: D vs Group: A,4,4,Blank_Blank_Blank
"[TG(64:7),TG(63:0)]_FA18:2",TAG,1131.960075378418,1130.9200897216797,1132.7200813293457,1148.1400756835938,1129.1600723266602,1133.020076751709,1129.4600791931152,1133.9800872802734,1129.7800750732422,Group: D,Group: A,Group: D vs Group: A,4,4,Blank_Blank_Blank
"[TG(64:7),TG(63:0)]_FA18:3",TAG,1209.1800842285156,1208.740077972412,1209.3800773620605,1210.6600914001465,1204.0200843811035,1213.5400886535645,1207.0800819396973,1210.240089416504,1215.0000686645508,Group: D,Group: A,Group: D vs Group: A,4,4,Blank_Blank_Blank
"[TG(64:7),TG(63:0)]_FA20:4",TAG,1289.8200950622559,1289.8600845336914,1291.9200897216797,1287.3600883483887,1289.06010055542,1289.2200927734375,1289.3200874328613,1290.3000869750977,1323.080093383789,Group: D,Group: A,Group: D vs Group: A,4,4,Blank_Blank_Blank
"[TG(64:7),TG(63:0)]_FA22:5",TAG,1414.620101928711,1430.7001037597656,1416.5401000976562,1452.0600929260254,1416.700096130371,1440.8400993347168,1415.200096130371,1475.2800979614258,1416.860092163086,Group: D,Group: A,Group: D vs Group: A,4,4,Blank_Blank_Blank
"[TG(64:7),TG(63:0)]_FA22:6",TAG,1539.66011428833,1571.780117034912,1571.920124053955,1598.0801239013672,1543.1601181030273,1584.7401237487793,1542.5401153564453,1537.460105895996,1539.7201042175293,Group: D,Group: A,Group: D vs Group: A,4,4,Blank_Blank_Blank
"[TG(64:8),TG(63:1)]_FA14:0",TAG,1054.5400695800781,1015.9400787353516,1017.0800704956055,1016.3800773620605,1009.0400619506836,1016.8600845336914,1055.5000610351562,1062.3600769042969,1042.5400733947754,Group: D,Group: A,Group: D vs Group: A,4,4,Blank_Blank_Blank
"[TG(64:8),TG(63:1)]_FA16:0",TAG,1047.5400657653809,1008.200065612793,1048.860065460205,1022.4800682067871,1007.4800643920898,1012.0000762939453,1002.9400596618652,1004.5200691223145,1011.320068359375,Group: D,Group: A,Group: D vs Group: A,4,4,Blank_Blank_Blank
"[TG(64:8),TG(63:1)]_FA16:1",TAG,1077.7600784301758,1046.9000701904297,1046.2000694274902,1053.4800758361816,1053.560073852539,1049.1200790405273,1048.5800704956055,1050.1200714111328,1047.9400787353516,Group: D,Group: A,Group: D vs Group: A,4,4,Blank_Blank_Blank
"[TG(64:8),TG(63:1)]_FA18:0",TAG,1012.5400695800781,1013.1000709533691,1011.5200614929199,1016.3000793457031,1012.6200714111328,1011.9200744628906,1010.5000686645508,1011.0200691223145,1011.6000671386719,Group: D,Group: A,Group: D vs Group: A,4,4,Blank_Blank_Blank
"[TG(64:8),TG(63:1)]_FA18:1",TAG,1051.2600708007812,1081.2000732421875,1048.760066986084,1058.1000671386719,1057.2200775146484,1054.020076751709,1056.7800674438477,1055.9600830078125,1054.9600639343262,Group: D,Group: A,Group: D vs Group: A,4,4,Blank_Blank_Blank
"[TG(64:8),TG(63:1)]_FA18:2",TAG,1132.2000694274902,1131.1200790405273,1131.7200813293457,1129.1800689697266,1129.7600784301758,1128.62007522583,1153.900074005127,1139.480079650879,1129.4000701904297,Group: D,Group: A,Group: D vs Group: A,4,4,Blank_Blank_Blank
"[TG(64:8),TG(63:1)]_FA18:3",TAG,1208.8600769042969,1209.4600830078125,1210.8200759887695,1210.820068359375,1204.3000831604004,1218.7800750732422,1207.5600776672363,1211.5200881958008,1214.240077972412,Group: D,Group: A,Group: D vs Group: A,4,4,Blank_Blank_Blank
"[TG(64:8),TG(63:1)]_FA20:4",TAG,1289.820083618164,1290.8801002502441,1321.820083618164,1296.6400871276855,1288.3800964355469,1288.2400932312012,1290.0800971984863,1308.940086364746,1288.340087890625,Group: D,Group: A,Group: D vs Group: A,4,4,Blank_Blank_Blank
"[TG(64:8),TG(63:1)]_FA22:5",TAG,1444.3801002502441,1416.1800842285156,1416.0001068115234,1420.7400856018066,1419.9600982666016,1420.960090637207,1436.000099182129,1417.6000862121582,1417.2601013183594,Group: D,Group: A,Group: D vs Group: A,4,4,Blank_Blank_Blank
"[TG(64:8),TG(63:1)]_FA22:6",TAG,1541.020107269287,1542.3401184082031,1538.2001190185547,1539.020118713379,1543.520107269287,1568.1601181030273,1540.1201210021973,1585.6001167297363,1540.5001106262207,Group: D,Group: A,Group: D vs Group: A,4,4,Blank_Blank_Blank
"[TG(64:9),TG(63:2)]_FA14:0",TAG,1015.520076751709,1044.7600784301758,1017.5000762939453,1015.7600860595703,1027.2600784301758,1021.440071105957,1035.7200775146484,1015.5200691223145,1013.2400741577148,Group: D,Group: A,Group: D vs Group: A,4,4,Blank_Blank_Blank
"[TG(64:9),TG(63:2)]_FA16:0",TAG,1008.1400604248047,1008.1200714111328,1007.0600662231445,1005.4800720214844,1007.1400756835938,1013.5000801086426,1003.9400672912598,1007.5200576782227,1011.8800773620605,Group: D,Group: A,Group: D vs Group: A,4,4,Blank_Blank_Blank
"[TG(64:9),TG(63:2)]_FA16:1",TAG,1051.520076751709,1066.800064086914,1045.6600761413574,1054.3400688171387,1047.480068206787,1048.6800689697266,1048.480068206787,1049.2200775146484,1046.660068511963,Group: D,Group: A,Group: D vs Group: A,4,4,Blank_Blank_Blank
"[TG(64:9),TG(63:2)]_FA18:0",TAG,1012.6200790405273,1013.3600692749023,1012.6400718688965,1016.0600738525391,1012.5400772094727,1011.9600677490234,1011.4400634765625,1010.4600677490234,1012.7600708007812,Group: D,Group: A,Group: D vs Group: A,4,4,Blank_Blank_Blank
"[TG(64:9),TG(63:2)]_FA18:1",TAG,1051.2200775146484,1049.1600761413574,1048.680076599121,1066.2200622558594,1055.9600715637207,1054.480068206787,1057.5000686645508,1055.7000770568848,1054.700080871582,Group: D,Group: A,Group: D vs Group: A,4,4,Blank_Blank_Blank
"[TG(64:9),TG(63:2)]_FA18:2",TAG,1145.4800758361816,1131.0200729370117,1174.160083770752,1151.7800788879395,1129.7600708007812,1140.2200736999512,1196.2400856018066,1125.5200691223145,1129.5200881958008,Group: D,Group: A,Group: D vs Group: A,4,4,Blank_Blank_Blank
"[TG(64:9),TG(63:2)]_FA18:3",TAG,1209.0200805664062,1208.8000946044922,1209.1600875854492,1210.760082244873,1204.3200798034668,1244.2200889587402,1208.4000778198242,1210.3800888061523,1214.0000801086426,Group: D,Group: A,Group: D vs Group: A,4,4,Blank_Blank_Blank
"[TG(64:9),TG(63:2)]_FA20:4",TAG,1289.4200820922852,1290.5600929260254,1292.660083770752,1353.2601051330566,1288.900089263916,1288.800090789795,1289.8000869750977,1290.0200843811035,1288.040096282959,Group: D,Group: A,Group: D vs Group: A,4,4,Blank_Blank_Blank
"[TG(64:9),TG(63:2)]_FA22:5",TAG,1416.0801010131836,1415.8201065063477,1439.1801109313965,1420.2601051330566,1417.9801063537598,1448.8200874328613,1416.200096130371,1438.800106048584,1418.4801025390625,Group: D,Group: A,Group: D vs Group: A,4,4,Blank_Blank_Blank
"[TG(64:9),TG(63:2)]_FA22:6",TAG,1585.9001121520996,1541.0800971984863,1576.6601181030273,1540.0201148986816,1554.9401054382324,1546.880111694336,1599.8201217651367,1553.4201202392578,1560.6401176452637,Group: D,Group: A,Group: D vs Group: A,4,4,Blank_Blank_Blank
[TG(65:0)]_FA14:0 | [TG(66:7)]_FA14:0,TAG,1015.5600776672363,1015.8800735473633,1016.3800735473633,1016.2200775146484,1032.0400772094727,1078.9000701904297,1013.1200637817383,1026.2200736999512,1013.0200691223145,Group: D,Group: A,Group: D vs Group: A,4,4,Blank_Blank_Blank
[TG(65:0)]_FA14:0 | [TG(66:7)]_FA14:0_2,TAG,1015.7000732421875,1017.5200729370117,1016.3200759887695,1015.4400672912598,1010.1800727844238,1009.320068359375,1012.5000762939453,1051.080078125,1012.5000648498535,Group: D,Group: A,Group: D vs Group: A,4,4,Blank_Blank_Blank
[TG(65:0)]_FA16:0,TAG,1038.3000755310059,1007.4800720214844,1006.9000701904297,1055.12007522583,1007.5400772094727,1012.7000579833984,1002.3200645446777,1004.0400657653809,1011.9400787353516,Group: D,Group: A,Group: D vs Group: A,4,4,Blank_Blank_Blank
[TG(65:0)]_FA18:0,TAG,1012.7600631713867,1012.2600708007812,1011.2600784301758,1017.0400619506836,1013.4000778198242,1011.1600723266602,1010.8000755310059,1010.8200645446777,1011.6800727844238,Group: D,Group: A,Group: D vs Group: A,4,4,Blank_Blank_Blank
"[TG(65:12),TG(64:5)]_FA14:0",TAG,1033.4400787353516,1044.940071105957,1016.4400672912598,1065.180076599121,1057.8600845336914,1008.3400802612305,1106.8200759887695,1010.820068359375,1013.5600700378418,Group: D,Group: A,Group: D vs Group: A,4,4,Blank_Blank_Blank
"[TG(65:12),TG(64:5)]_FA16:0",TAG,1023.8600692749023,1045.3000793457031,1020.8000679016113,1005.760082244873,1007.8400726318359,1107.7400817871094,1004.0200691223145,1004.6200714111328,1011.1200752258301,Group: D,Group: A,Group: D vs Group: A,4,4,Blank_Blank_Blank
"[TG(65:12),TG(64:5)]_FA16:1",TAG,1052.700080871582,1046.9000778198242,1046.4200706481934,1053.6800804138184,1047.880069732666,1048.9800720214844,1048.6000709533691,1049.5000686645508,1048.5800743103027,Group: D,Group: A,Group: D vs Group: A,4,4,Blank_Blank_Blank
"[TG(65:12),TG(64:5)]_FA18:0",TAG,1013.7000732421875,1014.3800735473633,1013.0600776672363,1016.8400726318359,1012.8800659179688,1010.6600685119629,1010.820068359375,1010.5800743103027,1011.7200775146484,Group: D,Group: A,Group: D vs Group: A,4,4,Blank_Blank_Blank
"[TG(65:12),TG(64:5)]_FA18:1",TAG,1078.7200736999512,1054.2600746154785,1048.520076751709,1047.480068206787,1057.0400733947754,1054.2400741577148,1105.060073852539,1066.5000801086426,1067.000072479248,Group: D,Group: A,Group: D vs Group: A,4,4,Blank_Blank_Blank
"[TG(65:12),TG(64:5)]_FA18:2",TAG,1132.4400825500488,1130.9800643920898,1147.3400802612305,1129.2800788879395,1129.4600791931152,1129.880069732666,1129.7400703430176,1125.600082397461,1129.3000755310059,Group: D,Group: A,Group: D vs Group: A,4,4,Blank_Blank_Blank
"[TG(65:12),TG(64:5)]_FA18:3",TAG,1209.3800888061523,1210.140079498291,1274.900089263916,1210.3400955200195,1203.9600868225098,1250.7200775146484,1207.8200798034668,1211.7000694274902,1214.1200828552246,Group: D,Group: A,Group: D vs Group: A,4,4,Blank_Blank_Blank
"[TG(65:12),TG(64:5)]_FA20:4",TAG,1289.400089263916,1290.2600936889648,1297.0400733947754,1287.4800872802734,1288.7600898742676,1289.200096130371,1289.3800888061523,1289.460090637207,1288.5600891113281,Group: D,Group: A,Group: D vs Group: A,4,4,Blank_Blank_Blank
"[TG(65:12),TG(64:5)]_FA22:5",TAG,1416.240104675293,1417.300090789795,1416.8201065063477,1420.1600952148438,1417.860107421875,1419.960090637207,1415.6601104736328,1418.5400924682617,1417.1200942993164,Group: D,Group: A,Group: D vs Group: A,4,4,Blank_Blank_Blank
"[TG(65:12),TG(64:5)]_FA22:6",TAG,1539.400104522705,1585.16011428833,1538.5801086425781,1539.9401092529297,1543.680103302002,1539.6601181030273,1550.6201057434082,1536.720115661621,1539.720115661621,Group: D,Group: A,Group: D vs Group: A,4,4,Blank_Blank_Blank
[TG(66:0)]_FA16:0,TAG,1017.9800758361816,1042.680076599121,1005.3800735473633,1040.400074005127,1007.1600685119629,1011.4800682067871,1002.0800743103027,1003.2200775146484,1010.3200721740723,Group: D,Group: A,Group: D vs Group: A,4,4,Blank_Blank_Blank
[TG(66:0)]_FA18:0,TAG,1011.7000732421875,1012.5400695800781,1010.9400634765625,1015.7200660705566,1012.4400634765625,1009.5600738525391,1010.0200729370117,1010.5200691223145,1010.8400688171387,Group: D,Group: A,Group: D vs Group: A,4,4,Blank_Blank_Blank
[TG(66:1)]_FA14:0,TAG,1015.0000648498535,1015.6200752258301,1017.6800727844238,1016.2400817871094,1009.7800788879395,1026.5600700378418,1011.0600738525391,1010.9200668334961,1012.8400726318359,Group: D,Group: A,Group: D vs Group: A,4,4,Blank_Blank_Blank
[TG(66:1)]_FA16:0,TAG,1006.8600730895996,1006.5000610351562,1012.5800666809082,1005.3600692749023,1045.8200607299805,1048.9800720214844,1002.8600692749023,1004.5000686645508,1011.4200630187988,Group: D,Group: A,Group: D vs Group: A,4,4,Blank_Blank_Blank
[TG(66:1)]_FA16:1,TAG,1101.2600860595703,1087.8800811767578,1093.2800903320312,1095.220069885254,1088.6400756835938,1114.8000717163086,1088.6800804138184,1090.1000747680664,1088.780071258545,Group: D,Group: A,Group: D vs Group: A,4,4,Blank_Blank_Blank
[TG(66:1)]_FA18:0,TAG,1012.4200782775879,1013.3400650024414,1011.580078125,1097.12007522583,1041.7800750732422,1011.3000717163086,1010.3000717163086,1011.2400665283203,1012.3200721740723,Group: D,Group: A,Group: D vs Group: A,4,4,Blank_Blank_Blank
[TG(66:1)]_FA18:1,TAG,1091.6200790405273,1089.960075378418,1090.4000778198242,1088.0000686645508,1098.3000793457031,1117.2400741577148,1097.6000709533691,1096.7600631713867,1096.0200805664062,Group: D,Group: A,Group: D vs Group: A,4,4,Blank_Blank_Blank
"[TG(66:10),TG(65:3)]_FA14:0",TAG,1014.5600776672363,1016.3600730895996,1017.2800750732422,1015.3600616455078,1063.000072479248,1008.6600761413574,1011.6400604248047,1034.680076599121,1037.6000595092773,Group: D,Group: A,Group: D vs Group: A,4,4,Blank_Blank_Blank
"[TG(66:10),TG(65:3)]_FA16:0",TAG,1045.4400749206543,1007.1600608825684,1006.260066986084,1038.1800727844238,1023.7000617980957,1013.1000709533691,1003.0600662231445,1004.7000617980957,1011.1200714111328,Group: D,Group: A,Group: D vs Group: A,4,4,Blank_Blank_Blank
"[TG(66:10),TG(65:3)]_FA16:1",TAG,1051.960075378418,1047.460075378418,1045.8000679016113,1054.2400856018066,1066.6000785827637,1049.3600769042969,1047.7600631713867,1052.2400703430176,1048.060073852539,Group: D,Group: A,Group: D vs Group: A,4,4,Blank_Blank_Blank
"[TG(66:10),TG(65:3)]_FA18:0",TAG,1012.9600639343262,1013.3600730895996,1012.140079498291,1017.0400810241699,1031.1400756835938,1011.0800704956055,1010.1600723266602,1010.7200736999512,1011.6600799560547,Group: D,Group: A,Group: D vs Group: A,4,4,Blank_Blank_Blank
"[TG(66:10),TG(65:3)]_FA18:1",TAG,1050.8600769042969,1048.940086364746,1049.5800743103027,1084.0800666809082,1057.260082244873,1053.9000663757324,1057.240077972412,1059.4000701904297,1075.4400787353516,Group: D,Group: A,Group: D vs Group: A,4,4,Blank_Blank_Blank
"[TG(66:10),TG(65:3)]_FA18:2",TAG,1131.6200828552246,1130.5800743103027,1179.820083618164,1129.740077972412,1176.3600769042969,1129.220069885254,1129.8200759887695,1127.1400871276855,1128.9400787353516,Group: D,Group: A,Group: D vs Group: A,4,4,Blank_Blank_Blank
"[TG(66:10),TG(65:3)]_FA18:3",TAG,1211.600082397461,1208.8200798034668,1209.3200912475586,1210.5400772094727,1211.5000801086426,1214.7200889587402,1206.8600845336914,1210.8200950622559,1214.940086364746,Group: D,Group: A,Group: D vs Group: A,4,4,Blank_Blank_Blank
"[TG(66:10),TG(65:3)]_FA20:4",TAG,1289.64009475708,1290.480094909668,1292.1800956726074,1287.0800857543945,1288.960090637207,1287.6600875854492,1289.520092010498,1289.9400939941406,1288.1800842285156,Group: D,Group: A,Group: D vs Group: A,4,4,Blank_Blank_Blank
"[TG(66:10),TG(65:3)]_FA22:5",TAG,1414.3801078796387,1427.8400955200195,1424.440086364746,1426.2401084899902,1417.6200866699219,1419.8800811767578,1415.5200958251953,1418.7201080322266,1416.6001052856445,Group: D,Group: A,Group: D vs Group: A,4,4,Blank_Blank_Blank
"[TG(66:10),TG(65:3)]_FA22:6",TAG,1540.2201118469238,1540.3201179504395,1538.6401176452637,1540.2401084899902,1588.760108947754,1539.0601196289062,1541.4401206970215,1536.9601135253906,1539.1801109313965,Group: D,Group: A,Group: D vs Group: A,4,4,Blank_Blank_Blank
"[TG(66:11),TG(65:4)]_FA14:0",TAG,1015.1200714111328,1016.0800666809082,1016.6200790405273,1016.2800712585449,1008.8600769042969,1008.6400756835938,1011.4200744628906,1011.3200798034668,1012.5400695800781,Group: D,Group: A,Group: D vs Group: A,4,4,Blank_Blank_Blank
"[TG(66:11),TG(65:4)]_FA16:0",TAG,1017.4600639343262,1024.6200790405273,1006.6000671386719,1005.8000640869141,1006.8400726318359,1012.6000709533691,1003.5400543212891,1041.8800621032715,1011.9600677490234,Group: D,Group: A,Group: D vs Group: A,4,4,Blank_Blank_Blank
"[TG(66:11),TG(65:4)]_FA16:1",TAG,1059.1200790405273,1075.680076599121,1046.9000701904297,1056.860065460205,1048.200065612793,1049.400074005127,1048.6000709533691,1049.7600746154785,1047.480068206787,Group: D,Group: A,Group: D vs Group: A,4,4,Blank_Blank_Blank
"[TG(66:11),TG(65:4)]_FA18:0",TAG,1013.8400688171387,1013.8200721740723,1012.4400672912598,1017.9600715637207,1012.7200660705566,1011.0600662231445,1009.880069732666,1010.9600715637207,1011.7400703430176,Group: D,Group: A,Group: D vs Group: A,4,4,Blank_Blank_Blank
"[TG(66:11),TG(65:4)]_FA18:1",TAG,1051.8000717163086,1048.7600746154785,1066.340072631836,1048.1800689697266,1057.3000831604004,1053.9200630187988,1057.2400703430176,1068.5000648498535,1053.2800750732422,Group: D,Group: A,Group: D vs Group: A,4,4,Blank_Blank_Blank
"[TG(66:11),TG(65:4)]_FA18:2",TAG,1131.6200790405273,1178.3400650024414,1145.5200843811035,1159.04008102417,1133.6800689697266,1129.0200691223145,1129.5200881958008,1146.7800750732422,1129.9000816345215,Group: D,Group: A,Group: D vs Group: A,4,4,Blank_Blank_Blank
"[TG(66:11),TG(65:4)]_FA18:3",TAG,1210.0400924682617,1208.6600799560547,1209.0800819396973,1211.1600761413574,1204.9200706481934,1222.8800811767578,1206.9400672912598,1210.780086517334,1214.54008102417,Group: D,Group: A,Group: D vs Group: A,4,4,Blank_Blank_Blank
"[TG(66:11),TG(65:4)]_FA20:4",TAG,1290.1400871276855,1291.5000915527344,1304.8800926208496,1287.3200912475586,1289.1000900268555,1346.2601013183594,1289.2800903320312,1290.000087738037,1288.8000869750977,Group: D,Group: A,Group: D vs Group: A,4,4,Blank_Blank_Blank
"[TG(66:11),TG(65:4)]_FA22:5",TAG,1414.2600860595703,1416.2801055908203,1416.8401145935059,1420.9800987243652,1416.8800888061523,1420.0200996398926,1415.3000946044922,1417.440097808838,1417.260108947754,Group: D,Group: A,Group: D vs Group: A,4,4,Blank_Blank_Blank
"[TG(66:11),TG(65:4)]_FA22:6",TAG,1539.9001121520996,1540.020107269287,1538.640121459961,1539.5601234436035,1543.040111541748,1567.260108947754,1541.6801109313965,1538.240119934082,1540.220100402832,Group: D,Group: A,Group: D vs Group: A,4,4,Blank_Blank_Blank
"[TG(66:12),TG(65:5)]_FA14:0",TAG,1015.6800804138184,1016.4200706481934,1038.0600700378418,1015.9000778198242,1009.1600685119629,1008.5200729370117,1011.460075378418,1019.8600692749023,1012.9200744628906,Group: D,Group: A,Group: D vs Group: A,4,4,Blank_Blank_Blank
"[TG(66:12),TG(65:5)]_FA16:0",TAG,1007.0400695800781,1008.0400619506836,1029.840072631836,1005.7200660705566,1007.6200675964355,1011.4200744628906,1036.9000663757324,1003.9600677490234,1011.5400695800781,Group: D,Group: A,Group: D vs Group: A,4,4,Blank_Blank_Blank
"[TG(66:12),TG(65:5)]_FA16:1",TAG,1051.4600791931152,1046.900074005127,1046.3400802612305,1054.0400733947754,1048.1800727844238,1095.8400688171387,1047.5200805664062,1049.0600700378418,1047.4000663757324,Group: D,Group: A,Group: D vs Group: A,4,4,Blank_Blank_Blank
"[TG(66:12),TG(65:5)]_FA18:0",TAG,1014.7200622558594,1012.640064239502,1012.8200798034668,1016.9200744628906,1013.6000671386719,1010.760066986084,1010.260066986084,1030.8800735473633,1011.320068359375,Group: D,Group: A,Group: D vs Group: A,4,4,Blank_Blank_Blank
"[TG(66:12),TG(65:5)]_FA18:1",TAG,1051.2200736999512,1092.200080871582,1048.3400650024414,1099.7000732421875,1056.9400749206543,1077.4600715637207,1057.6400718688965,1055.3800773620605,1068.020076751709,Group: D,Group: A,Group: D vs Group: A,4,4,Blank_Blank_Blank
"[TG(66:12),TG(65:5)]_FA18:2",TAG,1131.0600852966309,1131.2400741577148,1154.0200843811035,1157.7200927734375,1129.200080871582,1129.6800689697266,1130.6000747680664,1125.640079498291,1129.2600746154785,Group: D,Group: A,Group: D vs Group: A,4,4,Blank_Blank_Blank
"[TG(66:12),TG(65:5)]_FA18:3",TAG,1207.920093536377,1209.0400924682617,1209.7600708007812,1217.6400871276855,1204.8600959777832,1212.720085144043,1238.9600791931152,1211.2800827026367,1214.0600814819336,Group: D,Group: A,Group: D vs Group: A,4,4,Blank_Blank_Blank
"[TG(66:12),TG(65:5)]_FA20:4",TAG,1289.1400985717773,1290.4600944519043,1292.0000839233398,1287.2000885009766,1288.7200813293457,1288.260082244873,1290.420093536377,1290.660083770752,1288.8600959777832,Group: D,Group: A,Group: D vs Group: A,4,4,Blank_Blank_Blank
"[TG(66:12),TG(65:5)]_FA22:5",TAG,1440.380111694336,1460.3201026916504,1475.5001029968262,1419.9200973510742,1417.1601181030273,1421.9800872802734,1498.160099029541,1416.4801063537598,1417.4800987243652,Group: D,Group: A,Group: D vs Group: A,4,4,Blank_Blank_Blank
"[TG(66:12),TG(65:5)]_FA22:6",TAG,1539.1201171875,1540.6201133728027,1566.3401069641113,1539.2401237487793,1541.9001007080078,1539.9201202392578,1573.8401145935059,1536.5601119995117,1540.0001068115234,Group: D,Group: A,Group: D vs Group: A,4,4,Blank_Blank_Blank
"[TG(66:13),TG(65:6)]_FA14:0",TAG,1015.8800735473633,1035.8600692749023,1016.580078125,1015.9800796508789,1008.8200645446777,1038.780071258545,1012.0600700378418,1011.320068359375,1013.4400634765625,Group: D,Group: A,Group: D vs Group: A,4,4,Blank_Blank_Blank
"[TG(66:13),TG(65:6)]_FA16:0",TAG,1007.6200714111328,1007.4800682067871,1006.7400703430176,1006.5600738525391,1070.460075378418,1012.2200736999512,1002.2200622558594,1005.4000663757324,1011.080078125,Group: D,Group: A,Group: D vs Group: A,4,4,Blank_Blank_Blank
"[TG(66:13),TG(65:6)]_FA16:1",TAG,1052.0600776672363,1046.960075378418,1046.2800750732422,1072.6000709533691,1095.3000717163086,1049.5800666809082,1071.7200889587402,1050.0800704956055,1048.0200691223145,Group: D,Group: A,Group: D vs Group: A,4,4,Blank_Blank_Blank
"[TG(66:13),TG(65:6)]_FA18:0",TAG,1013.5400772094727,1036.8000793457031,1032.1000709533691,1017.3400764465332,1013.4600677490234,1011.0200729370117,1009.8600730895996,1011.0400657653809,1011.8000717163086,Group: D,Group: A,Group: D vs Group: A,4,4,Blank_Blank_Blank
"[TG(66:13),TG(65:6)]_FA18:1",TAG,1051.0600776672363,1049.7200775146484,1049.400074005127,1047.0400695800781,1056.400074005127,1053.7400665283203,1057.1400756835938,1088.6400680541992,1053.4600715637207,Group: D,Group: A,Group: D vs Group: A,4,4,Blank_Blank_Blank
"[TG(66:13),TG(65:6)]_FA18:2",TAG,1132.2200775146484,1131.4200706481934,1149.54008102417,1129.560073852539,1129.5600776672363,1129.3800773620605,1129.0800590515137,1125.900074005127,1128.9400825500488,Group: D,Group: A,Group: D vs Group: A,4,4,Blank_Blank_Blank
"[TG(66:13),TG(65:6)]_FA18:3",TAG,1208.5000839233398,1208.2600860595703,1209.780086517334,1211.0400924682617,1204.2000923156738,1214.5800857543945,1206.2600936889648,1210.3000869750977,1214.8800773620605,Group: D,Group: A,Group: D vs Group: A,4,4,Blank_Blank_Blank
"[TG(66:13),TG(65:6)]_FA20:4",TAG,1290.1200942993164,1295.7000923156738,1292.520092010498,1287.8600959777832,1289.7600898742676,1312.720100402832,1288.9400901794434,1291.0400848388672,1288.3801002502441,Group: D,Group: A,Group: D vs Group: A,4,4,Blank_Blank_Blank
"[TG(66:13),TG(65:6)]_FA22:5",TAG,1428.9801025390625,1417.920093536377,1416.360092163086,1420.7200889587402,1416.840103149414,1420.1800956726074,1416.540096282959,1418.0401000976562,1417.8000946044922,Group: D,Group: A,Group: D vs Group: A,4,4,Blank_Blank_Blank
"[TG(66:13),TG(65:6)]_FA22:6",TAG,1539.180103302002,1539.740104675293,1543.66011428833,1539.1401062011719,1541.520107269287,1539.0001106262207,1573.880111694336,1537.4401016235352,1540.1401023864746,Group: D,Group: A,Group: D vs Group: A,4,4,Blank_Blank_Blank
"[TG(66:14),TG(65:7),TG(64:0)]_FA14:0",TAG,1014.6000709533691,1016.7200698852539,1017.0800628662109,1015.4800834655762,1008.8600692749023,1009.820068359375,1046.2000694274902,1045.2200736999512,1025.5600662231445,Group: D,Group: A,Group: D vs Group: A,4,4,Blank_Blank_Blank
"[TG(66:14),TG(65:7),TG(64:0)]_FA16:0",TAG,1007.6200637817383,1030.7200736999512,1006.1800689697266,1005.5400657653809,1007.0600738525391,1011.6000747680664,1044.0400695800781,1004.7000732421875,1011.3600730895996,Group: D,Group: A,Group: D vs Group: A,4,4,Blank_Blank_Blank
"[TG(66:14),TG(65:7),TG(64:0)]_FA16:1",TAG,1052.6000633239746,1047.1400756835938,1046.3600769042969,1053.6800689697266,1048.160068511963,1049.500072479248,1047.820068359375,1048.9800643920898,1047.940055847168,Group: D,Group: A,Group: D vs Group: A,4,4,Blank_Blank_Blank
"[TG(66:14),TG(65:7),TG(64:0)]_FA18:0",TAG,1013.2400703430176,1013.5200691223145,1012.9000778198242,1016.840087890625,1013.3800621032715,1011.6600685119629,1010.900074005127,1011.2000770568848,1012.0000762939453,Group: D,Group: A,Group: D vs Group: A,4,4,Blank_Blank_Blank
"[TG(66:14),TG(65:7),TG(64:0)]_FA18:1",TAG,1051.5400695800781,1049.1400680541992,1048.8600730895996,1059.8200721740723,1056.820068359375,1054.7800788879395,1057.6000709533691,1055.4600677490234,1055.04008102417,Group: D,Group: A,Group: D vs Group: A,4,4,Blank_Blank_Blank
"[TG(66:14),TG(65:7),TG(64:0)]_FA18:2",TAG,1131.500072479248,1175.980068206787,1132.2400856018066,1130.4200706481934,1163.8200950622559,1127.9000854492188,1130.2800827026367,1168.6200714111328,1129.54008102417,Group: D,Group: A,Group: D vs Group: A,4,4,Blank_Blank_Blank
"[TG(66:14),TG(65:7),TG(64:0)]_FA18:3",TAG,1208.880084991455,1208.2000885009766,1210.080093383789,1209.7600784301758,1205.1600952148438,1213.8200798034668,1220.4800872802734,1210.4600868225098,1215.1800727844238,Group: D,Group: A,Group: D vs Group: A,4,4,Blank_Blank_Blank
"[TG(66:14),TG(65:7),TG(64:0)]_FA20:4",TAG,1316.6000862121582,1289.9000930786133,1292.800090789795,1287.4200897216797,1289.2200965881348,1288.3800926208496,1289.7000923156738,1306.200096130371,1287.2800827026367,Group: D,Group: A,Group: D vs Group: A,4,4,Blank_Blank_Blank
"[TG(66:14),TG(65:7),TG(64:0)]_FA22:5",TAG,1414.2401008605957,1414.6201095581055,1421.540096282959,1418.7600936889648,1416.8800964355469,1420.9400825500488,1414.8800964355469,1418.6601028442383,1458.420093536377,Group: D,Group: A,Group: D vs Group: A,4,4,Blank_Blank_Blank
"[TG(66:14),TG(65:7),TG(64:0)]_FA22:6",TAG,1539.7801094055176,1540.1801071166992,1538.6201095581055,1540.3201065063477,1573.1801223754883,1538.9801139831543,1549.4201126098633,1571.0001220703125,1540.4801063537598,Group: D,Group: A,Group: D vs Group: A,4,4,Blank_Blank_Blank
"[TG(66:15),TG(65:8),TG(64:1)]_FA14:0",TAG,1016.2000846862793,1015.6400680541992,1029.3400650024414,1015.4800796508789,1008.380069732666,1019.8200607299805,1012.8000602722168,1010.9800643920898,1049.7000770568848,Group: D,Group: A,Group: D vs Group: A,4,4,Blank_Blank_Blank
"[TG(66:15),TG(65:8),TG(64:1)]_FA16:0",TAG,1006.1600646972656,1041.1400718688965,1084.6400756835938,1033.12007522583,1007.9800796508789,1011.8800659179688,1014.5000610351562,1017.7200660705566,1012.140079498291,Group: D,Group: A,Group: D vs Group: A,4,4,Blank_Blank_Blank
"[TG(66:15),TG(65:8),TG(64:1)]_FA16:1",TAG,1052.0600776672363,1046.9600677490234,1045.940071105957,1054.4400672912598,1048.280071258545,1085.420078277588,1047.460075378418,1076.480079650879,1047.6000633239746,Group: D,Group: A,Group: D vs Group: A,4,4,Blank_Blank_Blank
"[TG(66:15),TG(65:8),TG(64:1)]_FA18:0",TAG,1013.1400756835938,1013.8400764465332,1012.6600685119629,1016.7000732421875,1013.3000717163086,1011.4200706481934,1010.3000717163086,1010.6400718688965,1011.380069732666,Group: D,Group: A,Group: D vs Group: A,4,4,Blank_Blank_Blank
"[TG(66:15),TG(65:8),TG(64:1)]_FA18:1",TAG,1050.5400733947754,1099.080078125,1049.4600715637207,1047.5400733947754,1057.1000785827637,1054.740077972412,1056.7400703430176,1056.0600776672363,1052.9400672912598,Group: D,Group: A,Group: D vs Group: A,4,4,Blank_Blank_Blank
"[TG(66:15),TG(65:8),TG(64:1)]_FA18:2",TAG,1139.9800872802734,1145.480079650879,1131.8400802612305,1129.180076599121,1129.2600746154785,1175.4200859069824,1129.1400871276855,1126.5200843811035,1129.6200675964355,Group: D,Group: A,Group: D vs Group: A,4,4,Blank_Blank_Blank
"[TG(66:15),TG(65:8),TG(64:1)]_FA18:3",TAG,1209.220085144043,1209.340087890625,1209.7400817871094,1210.6000862121582,1253.3000869750977,1213.160068511963,1207.3400802612305,1210.7200927734375,1213.720085144043,Group: D,Group: A,Group: D vs Group: A,4,4,Blank_Blank_Blank
"[TG(66:15),TG(65:8),TG(64:1)]_FA20:4",TAG,1289.580093383789,1292.0400848388672,1291.2600936889648,1287.3200874328613,1288.6200942993164,1287.5800819396973,1289.240089416504,1290.400089263916,1288.820083618164,Group: D,Group: A,Group: D vs Group: A,4,4,Blank_Blank_Blank
"[TG(66:15),TG(65:8),TG(64:1)]_FA22:5",TAG,1414.8200950622559,1429.7400970458984,1448.180103302002,1421.2400932312012,1417.000087738037,1452.4401168823242,1415.1800994873047,1416.8800964355469,1417.3201065063477,Group: D,Group: A,Group: D vs Group: A,4,4,Blank_Blank_Blank
"[TG(66:15),TG(65:8),TG(64:1)]_FA22:6",TAG,1540.4401016235352,1539.0401039123535,1579.040111541748,1539.540096282959,1568.2001152038574,1629.3201141357422,1541.5801086425781,1578.5401191711426,1539.560115814209,Group: D,Group: A,Group: D vs Group: A,4,4,Blank_Blank_Blank
"[TG(66:16),TG(65:9),TG(64:2)]_FA14:0",TAG,1014.3400764465332,1016.4000854492188,1016.4600715637207,1015.8400802612305,1009.2200775146484,1009.4800682067871,1030.6800689697266,1011.2600708007812,1012.640064239502,Group: D,Group: A,Group: D vs Group: A,4,4,Blank_Blank_Blank
"[TG(66:16),TG(65:9),TG(64:2)]_FA16:0",TAG,1010.2400665283203,1050.6800804138184,1077.920078277588,1006.2800598144531,1007.1000709533691,1013.4000701904297,1052.4400596618652,1004.8400611877441,1011.7800674438477,Group: D,Group: A,Group: D vs Group: A,4,4,Blank_Blank_Blank
"[TG(66:16),TG(65:9),TG(64:2)]_FA16:1",TAG,1059.8800773620605,1047.0800704956055,1045.940071105957,1054.000072479248,1048.020076751709,1049.6400680541992,1105.420078277588,1049.4400825500488,1059.5600662231445,Group: D,Group: A,Group: D vs Group: A,4,4,Blank_Blank_Blank
"[TG(66:16),TG(65:9),TG(64:2)]_FA18:0",TAG,1012.7600708007812,1013.1600685119629,1011.7000732421875,1017.260082244873,1013.2000732421875,1011.9000701904297,1011.3000755310059,1011.400074005127,1011.520076751709,Group: D,Group: A,Group: D vs Group: A,4,4,Blank_Blank_Blank
"[TG(66:16),TG(65:9),TG(64:2)]_FA18:1",TAG,1050.9400596618652,1049.3800621032715,1078.280071258545,1048.8000717163086,1057.3000755310059,1054.6200675964355,1094.0800704956055,1088.6200828552246,1053.5000801086426,Group: D,Group: A,Group: D vs Group: A,4,4,Blank_Blank_Blank
"[TG(66:16),TG(65:9),TG(64:2)]_FA18:2",TAG,1131.8400802612305,1130.6400756835938,1132.9600791931152,1128.2400703430176,1144.0200805664062,1129.0200805664062,1129.9200820922852,1179.4800720214844,1157.7200813293457,Group: D,Group: A,Group: D vs Group: A,4,4,Blank_Blank_Blank
"[TG(66:16),TG(65:9),TG(64:2)]_FA18:3",TAG,1255.3600845336914,1209.2600936889648,1209.9800910949707,1323.2600936889648,1204.14009475708,1212.7400817871094,1207.3000831604004,1210.3600845336914,1214.200080871582,Group: D,Group: A,Group: D vs Group: A,4,4,Blank_Blank_Blank
"[TG(66:16),TG(65:9),TG(64:2)]_FA20:4",TAG,1289.9000930786133,1291.0800857543945,1291.8400917053223,1287.8000946044922,1289.7000923156738,1288.3600883483887,1316.380084991455,1290.160099029541,1288.8800926208496,Group: D,Group: A,Group: D vs Group: A,4,4,Blank_Blank_Blank
"[TG(66:16),TG(65:9),TG(64:2)]_FA22:5",TAG,1415.8601036071777,1415.8200912475586,1417.8201026916504,1441.5000953674316,1430.3400955200195,1420.780101776123,1415.660099029541,1433.5401077270508,1417.7400970458984,Group: D,Group: A,Group: D vs Group: A,4,4,Blank_Blank_Blank
"[TG(66:16),TG(65:9),TG(64:2)]_FA22:6",TAG,1541.000099182129,1541.5401077270508,1601.7801094055176,1540.0201110839844,1543.7401084899902,1539.0001106262207,1560.7001113891602,1537.5401153564453,1569.2401008605957,Group: D,Group: A,Group: D vs Group: A,4,4,Blank_Blank_Blank
"[TG(66:17),TG(65:10),TG(64:3)]_FA14:0",TAG,1022.1000595092773,1069.8200798034668,1017.4800796508789,1016.940071105957,1008.9400749206543,1038.020076751709,1012.8800811767578,1071.7000694274902,1012.3600730895996,Group: D,Group: A,Group: D vs Group: A,4,4,Blank_Blank_Blank
"[TG(66:17),TG(65:10),TG(64:3)]_FA16:0",TAG,1064.840072631836,1007.5000762939453,1006.4800682067871,1005.9000701904297,1006.5000762939453,1023.3800582885742,1004.3400650024414,1049.1000785827637,1012.1000633239746,Group: D,Group: A,Group: D vs Group: A,4,4,Blank_Blank_Blank
"[TG(66:17),TG(65:10),TG(64:3)]_FA16:1",TAG,1073.980079650879,1047.5000801086426,1046.9000663757324,1054.3000717163086,1047.680076599121,1050.0400772094727,1078.500072479248,1078.8400764465332,1048.280071258545,Group: D,Group: A,Group: D vs Group: A,4,4,Blank_Blank_Blank
"[TG(66:17),TG(65:10),TG(64:3)]_FA18:0",TAG,1012.9000778198242,1014.500072479248,1013.1200752258301,1022.5400733947754,1013.3000679016113,1025.460075378418,1010.9400634765625,1010.6000709533691,1011.4800720214844,Group: D,Group: A,Group: D vs Group: A,4,4,Blank_Blank_Blank
"[TG(66:17),TG(65:10),TG(64:3)]_FA18:1",TAG,1095.640079498291,1049.3600769042969,1048.9800720214844,1046.580078125,1056.480068206787,1054.5400695800781,1056.4200744628906,1056.240077972412,1054.1600723266602,Group: D,Group: A,Group: D vs Group: A,4,4,Blank_Blank_Blank
"[TG(66:17),TG(65:10),TG(64:3)]_FA18:2",TAG,1130.5400848388672,1130.9800720214844,1154.54008102417,1130.0800704956055,1172.780071258545,1129.3600730895996,1129.1200866699219,1125.9800834655762,1133.880069732666,Group: D,Group: A,Group: D vs Group: A,4,4,Blank_Blank_Blank
"[TG(66:17),TG(65:10),TG(64:3)]_FA18:3",TAG,1208.8400840759277,1209.7400741577148,1208.900089263916,1240.6400833129883,1205.1600914001465,1215.0200843811035,1207.0000801086426,1210.5600814819336,1214.480079650879,Group: D,Group: A,Group: D vs Group: A,4,4,Blank_Blank_Blank
"[TG(66:17),TG(65:10),TG(64:3)]_FA20:4",TAG,1289.9200897216797,1291.1200942993164,1291.100082397461,1288.0600967407227,1289.0801048278809,1288.0200843811035,1288.3400840759277,1290.3200912475586,1289.1400909423828,Group: D,Group: A,Group: D vs Group: A,4,4,Blank_Blank_Blank
"[TG(66:17),TG(65:10),TG(64:3)]_FA22:5",TAG,1415.180103302002,1437.0001029968262,1442.1400985717773,1419.7800903320312,1430.3200950622559,1420.4800910949707,1418.7000923156738,1419.200096130371,1417.3000984191895,Group: D,Group: A,Group: D vs Group: A,4,4,Blank_Blank_Blank
"[TG(66:17),TG(65:10),TG(64:3)]_FA22:6",TAG,1540.720100402832,1557.6601181030273,1539.300121307373,1539.9601020812988,1543.0801010131836,1558.200107574463,1574.5401077270508,1595.6001014709473,1539.8401069641113,Group: D,Group: A,Group: D vs Group: A,4,4,Blank_Blank_Blank
"[TG(66:18),TG(65:11),TG(64:4)]_FA14:0",TAG,1040.380069732666,1027.04008102417,1016.5800743103027,1020.7400817871094,1008.9200744628906,1088.3600807189941,1012.6200714111328,1064.000072479248,1013.3000793457031,Group: D,Group: A,Group: D vs Group: A,4,4,Blank_Blank_Blank
"[TG(66:18),TG(65:11),TG(64:4)]_FA16:0",TAG,1008.080078125,1006.8400688171387,1007.1400718688965,1067.6000709533691,1066.0000686645508,1016.3600730895996,1003.320068359375,1059.1000671386719,1011.9800796508789,Group: D,Group: A,Group: D vs Group: A,4,4,Blank_Blank_Blank
"[TG(66:18),TG(65:11),TG(64:4)]_FA16:1",TAG,1086.2600708007812,1047.2400703430176,1046.1200637817383,1053.6200637817383,1047.2800750732422,1048.980068206787,1048.8000831604004,1050.2000732421875,1068.780071258545,Group: D,Group: A,Group: D vs Group: A,4,4,Blank_Blank_Blank
"[TG(66:18),TG(65:11),TG(64:4)]_FA18:0",TAG,1013.0400695800781,1012.9200668334961,1040.3200721740723,1016.6800727844238,1013.9200668334961,1061.960075378418,1010.880069732666,1011.3800773620605,1010.9800720214844,Group: D,Group: A,Group: D vs Group: A,4,4,Blank_Blank_Blank
"[TG(66:18),TG(65:11),TG(64:4)]_FA18:1",TAG,1072.200080871582,1049.1800804138184,1048.5000648498535,1047.4200706481934,1057.100082397461,1067.5200729370117,1057.200080871582,1055.8600845336914,1054.5000801086426,Group: D,Group: A,Group: D vs Group: A,4,4,Blank_Blank_Blank
"[TG(66:18),TG(65:11),TG(64:4)]_FA18:2",TAG,1151.7600784301758,1131.060073852539,1140.6200714111328,1129.2600784301758,1196.7000885009766,1128.840072631836,1130.0400695800781,1150.760082244873,1129.4200744628906,Group: D,Group: A,Group: D vs Group: A,4,4,Blank_Blank_Blank
"[TG(66:18),TG(65:11),TG(64:4)]_FA18:3",TAG,1209.1400833129883,1209.5000762939453,1209.7800903320312,1210.4800834655762,1204.3400802612305,1212.7800750732422,1207.5800819396973,1210.5000953674316,1214.980079650879,Group: D,Group: A,Group: D vs Group: A,4,4,Blank_Blank_Blank
"[TG(66:18),TG(65:11),TG(64:4)]_FA20:4",TAG,1290.3800964355469,1290.5000915527344,1291.3600883483887,1287.1601028442383,1288.700096130371,1287.5200881958008,1289.2800903320312,1289.7000885009766,1309.3200988769531,Group: D,Group: A,Group: D vs Group: A,4,4,Blank_Blank_Blank
"[TG(66:18),TG(65:11),TG(64:4)]_FA22:5",TAG,1432.4600982666016,1416.4001007080078,1416.6401100158691,1419.6400985717773,1416.7200965881348,1422.4201011657715,1455.700096130371,1417.0600967407227,1436.4001007080078,Group: D,Group: A,Group: D vs Group: A,4,4,Blank_Blank_Blank
"[TG(66:18),TG(65:11),TG(64:4)]_FA22:6",TAG,1540.100112915039,1568.7601051330566,1538.8801078796387,1540.0001182556152,1543.0601081848145,1539.3401184082031,1551.9801139831543,1560.760108947754,1559.7201042175293,Group: D,Group: A,Group: D vs Group: A,4,4,Blank_Blank_Blank
[TG(66:2)]_FA14:0,TAG,1015.000072479248,1016.6000709533691,1017.3200721740723,1015.7400779724121,1009.7200698852539,1008.4200744628906,1042.3000679016113,1011.5600738525391,1013.6600685119629,Group: D,Group: A,Group: D vs Group: A,4,4,Blank_Blank_Blank
[TG(66:2)]_FA16:0,TAG,1006.5600662231445,1010.9800720214844,1053.0000762939453,1042.0000686645508,1024.6600761413574,1040.860065460205,1019.9800682067871,1004.3000717163086,1012.1200675964355,Group: D,Group: A,Group: D vs Group: A,4,4,Blank_Blank_Blank
[TG(66:2)]_FA16:1,TAG,1094.1600723266602,1089.5000762939453,1088.3400802612305,1112.3600616455078,1129.0800704956055,1104.8600807189941,1121.6400718688965,1092.0400772094727,1089.9400787353516,Group: D,Group: A,Group: D vs Group: A,4,4,Blank_Blank_Blank
[TG(66:2)]_FA18:0,TAG,1012.8400650024414,1013.1000633239746,1011.880069732666,1016.7200775146484,1012.0400619506836,1011.5200691223145,1011.1200828552246,1010.9000663757324,1011.1000862121582,Group: D,Group: A,Group: D vs Group: A,4,4,Blank_Blank_Blank
[TG(66:2)]_FA18:1,TAG,1159.7800788879395,1091.8200721740723,1090.7000770568848,1089.7400741577148,1100.600082397461,1096.6200714111328,1120.1000862121582,1097.4600791931152,1096.6000785827637,Group: D,Group: A,Group: D vs Group: A,4,4,Blank_Blank_Blank
[TG(66:2)]_FA18:2,TAG,1173.9000930786133,1144.9000778198242,1132.1400718688965,1152.3400802612305,1141.1200675964355,1128.8600845336914,1127.760066986084,1139.0800819396973,1127.920066833496,Group: D,Group: A,Group: D vs Group: A,4,4,Blank_Blank_Blank
[TG(66:3)]_FA14:0,TAG,1015.1400680541992,1015.9200782775879,1016.8400802612305,1016.1600799560547,1009.9800720214844,1007.4400672912598,1012.1000671386719,1011.3000717163086,1012.8400650024414,Group: D,Group: A,Group: D vs Group: A,4,4,Blank_Blank_Blank
[TG(66:3)]_FA16:0,TAG,1027.2000694274902,1007.0600662231445,1026.4000625610352,1017.6600646972656,1035.3400688171387,1013.2200660705566,1038.9400634765625,1030.9200592041016,1036.6000747680664,Group: D,Group: A,Group: D vs Group: A,4,4,Blank_Blank_Blank
[TG(66:3)]_FA16:1,TAG,1094.2400741577148,1088.5400733947754,1087.9200744628906,1131.1000862121582,1089.9200706481934,1091.9600791931152,1090.1000747680664,1091.1000747680664,1119.1600761413574,Group: D,Group: A,Group: D vs Group: A,4,4,Blank_Blank_Blank
[TG(66:3)]_FA18:0,TAG,1012.9600677490234,1013.2400665283203,1012.1600761413574,1017.2600746154785,1012.9400672912598,1011.0800666809082,1010.3000640869141,1011.580078125,1011.4600791931152,Group: D,Group: A,Group: D vs Group: A,4,4,Blank_Blank_Blank
[TG(66:3)]_FA18:1,TAG,1092.5800857543945,1090.7800674438477,1092.3000869750977,1089.8600769042969,1098.5600776672363,1096.2400741577148,1098.8000755310059,1107.020076751709,1096.4400749206543,Group: D,Group: A,Group: D vs Group: A,4,4,Blank_Blank_Blank
[TG(66:3)]_FA18:2,TAG,1131.580078125,1211.240089416504,1197.700080871582,1129.2800827026367,1176.7800750732422,1130.2400817871094,1129.480079650879,1143.6000785827637,1129.2000846862793,Group: D,Group: A,Group: D vs Group: A,4,4,Blank_Blank_Blank
[TG(66:3)]_FA18:3,TAG,1207.500087738037,1207.9400825500488,1207.820083618164,1209.4600868225098,1204.2400817871094,1268.9600791931152,1215.3000869750977,1210.100082397461,1213.7000846862793,Group: D,Group: A,Group: D vs Group: A,4,4,Blank_Blank_Blank
[TG(66:4)]_FA14:0,TAG,1015.140064239502,1016.2000732421875,1017.3200836181641,1015.9000778198242,1008.7200775146484,1067.0000610351562,1013.4400787353516,1084.100082397461,1012.2200698852539,Group: D,Group: A,Group: D vs Group: A,4,4,Blank_Blank_Blank
[TG(66:4)]_FA16:0,TAG,1583.0801086425781,1248.940071105957,1368.6200828552246,1954.760139465332,1132.9800605773926,1166.0600852966309,1137.7000732421875,1066.6800689697266,1010.6200637817383,Group: D,Group: A,Group: D vs Group: A,4,4,Blank_Blank_Blank
[TG(66:4)]_FA16:1,TAG,1124.4800834655762,1088.7000732421875,1088.4200592041016,1096.0200729370117,1090.2000732421875,1100.7400817871094,1089.5000762939453,1091.0200805664062,1089.820083618164,Group: D,Group: A,Group: D vs Group: A,4,4,Blank_Blank_Blank
[TG(66:4)]_FA18:0,TAG,1013.1200752258301,1039.840072631836,1011.8600692749023,1017.460075378418,1012.9800682067871,1011.0000839233398,1009.9400787353516,1010.6600761413574,1081.1800804138184,Group: D,Group: A,Group: D vs Group: A,4,4,Blank_Blank_Blank
[TG(66:4)]_FA18:1,TAG,1092.8800773620605,1116.500072479248,1095.4600791931152,1089.820068359375,1099.8200798034668,1096.320083618164,1098.8800773620605,1097.54008102417,1095.6600723266602,Group: D,Group: A,Group: D vs Group: A,4,4,Blank_Blank_Blank
[TG(66:4)]_FA18:2,TAG,1130.8800811767578,1157.920066833496,1132.5600814819336,1160.2000885009766,1148.1200714111328,1128.4600791931152,1129.1000747680664,1125.7200813293457,1130.7200775146484,Group: D,Group: A,Group: D vs Group: A,4,4,Blank_Blank_Blank
[TG(66:4)]_FA18:3,TAG,1209.0800743103027,1209.240077972412,1209.020076751709,1210.9200859069824,1204.2600784301758,1219.1600799560547,1206.8400840759277,1210.9600830078125,1214.4600715637207,Group: D,Group: A,Group: D vs Group: A,4,4,Blank_Blank_Blank
[TG(66:4)]_FA20:4,TAG,1287.9200820922852,1289.960090637207,1290.6600914001465,1285.620101928711,1287.960090637207,1304.9801063537598,1288.1600914001465,1288.5600929260254,1288.180088043213,Group: D,Group: A,Group: D vs Group: A,4,4,Blank_Blank_Blank
[TG(66:5)]_FA14:0,TAG,1015.3600883483887,1016.7200736999512,1016.8400726318359,1015.6600723266602,1009.940071105957,1025.480079650879,1012.8000755310059,1010.460075378418,1012.6800651550293,Group: D,Group: A,Group: D vs Group: A,4,4,Blank_Blank_Blank
[TG(66:5)]_FA16:0,TAG,3803.5603408813477,2976.860191345215,2227.520122528076,5130.800384521484,2800.500244140625,1285.5200881958008,1971.840145111084,1310.1800918579102,1011.6000785827637,Group: D,Group: A,Group: D vs Group: A,4,4,Blank_Blank_Blank
[TG(66:5)]_FA16:1,TAG,1094.7400817871094,1088.0800743103027,1087.3400764465332,1096.0800819396973,1089.3800773620605,1198.3600845336914,1090.12007522583,1090.6600723266602,1089.2200736999512,Group: D,Group: A,Group: D vs Group: A,4,4,Blank_Blank_Blank
[TG(66:5)]_FA18:0,TAG,1012.5600776672363,1013.0000686645508,1012.1600799560547,1025.6000785827637,1013.0600738525391,1011.6600761413574,1010.5000839233398,1011.4800643920898,1011.6600761413574,Group: D,Group: A,Group: D vs Group: A,4,4,Blank_Blank_Blank
[TG(66:5)]_FA18:1,TAG,1093.62007522583,1090.920078277588,1090.960075378418,1089.1200675964355,1098.660083770752,1095.4000854492188,1099.1400680541992,1097.160083770752,1134.0800895690918,Group: D,Group: A,Group: D vs Group: A,4,4,Blank_Blank_Blank
[TG(66:5)]_FA18:2,TAG,1131.420066833496,1131.7600746154785,1132.6200714111328,1129.3000831604004,1149.5600852966309,1129.140079498291,1130.5800704956055,1169.000087738037,1154.3400764465332,Group: D,Group: A,Group: D vs Group: A,4,4,Blank_Blank_Blank
[TG(66:5)]_FA18:3,TAG,1208.9800834655762,1208.820083618164,1209.6200866699219,1211.3800811767578,1204.6400871276855,1212.7400856018066,1207.4800834655762,1210.2200775146484,1213.320068359375,Group: D,Group: A,Group: D vs Group: A,4,4,Blank_Blank_Blank
[TG(66:5)]_FA20:4,TAG,1329.3200950622559,1291.4200897216797,1291.3801002502441,1286.7800979614258,1288.4800987243652,1338.7801055908203,1289.8800888061523,1289.6600952148438,1313.3800926208496,Group: D,Group: A,Group: D vs Group: A,4,4,Blank_Blank_Blank
[TG(66:5)]_FA22:5,TAG,1413.740104675293,1415.0401000976562,1415.8200912475586,1419.4001083374023,1438.4000930786133,1469.6401023864746,1426.6601066589355,1416.3600883483887,1421.3400993347168,Group: D,Group: A,Group: D vs Group: A,4,4,Blank_Blank_Blank
[TG(66:6)]_FA14:0,TAG,1016.4600715637207,1016.1000747680664,1017.1200714111328,1016.020076751709,1008.7800750732422,1027.5600662231445,1012.8800773620605,1010.9800682067871,1012.940071105957,Group: D,Group: A,Group: D vs Group: A,4,4,Blank_Blank_Blank
[TG(66:6)]_FA16:0,TAG,1006.3200721740723,1065.9600791931152,1040.8000717163086,1170.400074005127,1057.480079650879,1069.5400733947754,1110.1800804138184,1004.5800628662109,1011.9400825500488,Group: D,Group: A,Group: D vs Group: A,4,4,Blank_Blank_Blank
[TG(66:6)]_FA16:1,TAG,1108.280086517334,1157.3600769042969,1088.1600799560547,1150.2200813293457,1089.020076751709,1120.3400840759277,1089.3200798034668,1092.0800704956055,1089.900074005127,Group: D,Group: A,Group: D vs Group: A,4,4,Blank_Blank_Blank
[TG(66:6)]_FA18:0,TAG,1013.4600677490234,1013.8200645446777,1012.2800674438477,1017.5600700378418,1012.7800674438477,1011.7800674438477,1010.9200706481934,1011.1200714111328,1033.740062713623,Group: D,Group: A,Group: D vs Group: A,4,4,Blank_Blank_Blank
[TG(66:6)]_FA18:1,TAG,1092.7600746154785,1091.0600891113281,1090.6800689697266,1089.8400650024414,1099.140079498291,1096.2800750732422,1098.8400802612305,1098.5400733947754,1095.640079498291,Group: D,Group: A,Group: D vs Group: A,4,4,Blank_Blank_Blank
[TG(66:6)]_FA18:2,TAG,1131.880084991455,1130.8000755310059,1210.0800857543945,1129.0200843811035,1196.62007522583,1129.4800720214844,1129.4800758361816,1126.8000793457031,1128.9600791931152,Group: D,Group: A,Group: D vs Group: A,4,4,Blank_Blank_Blank
[TG(66:6)]_FA18:3,TAG,1208.0200843811035,1209.2800827026367,1208.8800773620605,1211.1000709533691,1204.2000885009766,1213.9400749206543,1206.5600852966309,1210.9200744628906,1214.0800819396973,Group: D,Group: A,Group: D vs Group: A,4,4,Blank_Blank_Blank
[TG(66:6)]_FA20:4,TAG,1289.540096282959,1290.8601036071777,1291.1200981140137,1287.1600875854492,1288.400089263916,1301.0800857543945,1289.1400756835938,1289.9800910949707,1302.1200981140137,Group: D,Group: A,Group: D vs Group: A,4,4,Blank_Blank_Blank
[TG(66:6)]_FA22:5,TAG,1438.7401008605957,1415.5801010131836,1417.5400924682617,1421.1000938415527,1418.1200981140137,1442.840103149414,1415.8800926208496,1417.9201049804688,1417.5600967407227,Group: D,Group: A,Group: D vs Group: A,4,4,Blank_Blank_Blank
[TG(66:6)]_FA22:6,TAG,1539.3001136779785,1538.5401153564453,1537.8001174926758,1539.8001098632812,1562.1201095581055,1538.4401092529297,1541.0001068115234,1536.240104675293,1539.6601181030273,Group: D,Group: A,Group: D vs Group: A,4,4,Blank_Blank_Blank
[TG(66:7)]_FA16:0,TAG,1046.7200736999512,1007.6000633239746,1023.740062713623,1034.4600715637207,1007.4200668334961,1012.4600677490234,1002.0400695800781,1003.7800598144531,1012.1400756835938,Group: D,Group: A,Group: D vs Group: A,4,4,Blank_Blank_Blank
[TG(66:7)]_FA16:1,TAG,1094.62007522583,1089.1800727844238,1088.3200759887695,1096.3200721740723,1089.6200790405273,1150.2800788879395,1090.0200653076172,1139.7200889587402,1089.4600677490234,Group: D,Group: A,Group: D vs Group: A,4,4,Blank_Blank_Blank
[TG(66:7)]_FA18:0,TAG,1013.3200721740723,1013.6200714111328,1012.1200714111328,1017.3400650024414,1014.1600799560547,1010.960075378418,1010.7400741577148,1011.380069732666,1011.8400650024414,Group: D,Group: A,Group: D vs Group: A,4,4,Blank_Blank_Blank
[TG(66:7)]_FA18:1,TAG,1136.420078277588,1092.0000801086426,1090.6600761413574,1089.3400688171387,1099.380084991455,1095.7200813293457,1099.1000785827637,1097.7800750732422,1096.5600814819336,Group: D,Group: A,Group: D vs Group: A,4,4,Blank_Blank_Blank
[TG(66:7)]_FA18:2,TAG,1133.5000762939453,1148.2600631713867,1132.460090637207,1129.2200775146484,1129.2400741577148,1128.600082397461,1129.6600799560547,1139.2200736999512,1129.5800704956055,Group: D,Group: A,Group: D vs Group: A,4,4,Blank_Blank_Blank
[TG(66:7)]_FA18:3,TAG,1208.7800903320312,1208.7000923156738,1211.5600776672363,1210.6600875854492,1204.180076599121,1213.700080871582,1207.0600967407227,1210.660083770752,1214.6400833129883,Group: D,Group: A,Group: D vs Group: A,4,4,Blank_Blank_Blank
[TG(66:7)]_FA20:4,TAG,1290.3400993347168,1290.4800987243652,1292.8200798034668,1307.9600944519043,1288.6601028442383,1288.160099029541,1289.460090637207,1316.1001052856445,1288.6600952148438,Group: D,Group: A,Group: D vs Group: A,4,4,Blank_Blank_Blank
[TG(66:7)]_FA22:5,TAG,1415.460090637207,1414.6601066589355,1438.3600959777832,1419.7601051330566,1423.1401062011719,1467.0801124572754,1415.300090789795,1464.7801094055176,1416.6201057434082,Group: D,Group: A,Group: D vs Group: A,4,4,Blank_Blank_Blank
[TG(66:7)]_FA22:6,TAG,1540.340103149414,1540.66011428833,1538.8801193237305,1541.0801086425781,1544.3801155090332,1539.360122680664,1542.0401077270508,1538.1201057434082,1539.740104675293,Group: D,Group: A,Group: D vs Group: A,4,4,Blank_Blank_Blank
"[TG(66:8),TG(65:1)]_FA14:0",TAG,1015.8000717163086,1017.3200759887695,1016.1200752258301,1016.3200759887695,1009.3600769042969,1008.4800643920898,1015.6800727844238,1011.3000679016113,1012.8600730895996,Group: D,Group: A,Group: D vs Group: A,4,4,Blank_Blank_Blank
"[TG(66:8),TG(65:1)]_FA16:0",TAG,1006.9200668334961,1007.3400726318359,1006.6000633239746,1005.0200691223145,1048.860065460205,1011.7200660705566,1003.1000595092773,1024.620059967041,1011.7000770568848,Group: D,Group: A,Group: D vs Group: A,4,4,Blank_Blank_Blank
"[TG(66:8),TG(65:1)]_FA16:1",TAG,1083.220069885254,1046.5600662231445,1046.0400733947754,1054.480068206787,1047.9600715637207,1049.1800727844238,1069.9200706481934,1077.5400772094727,1047.2400703430176,Group: D,Group: A,Group: D vs Group: A,4,4,Blank_Blank_Blank
"[TG(66:8),TG(65:1)]_FA18:0",TAG,1012.8600845336914,1047.0400772094727,1012.4200668334961,1016.8600730895996,1013.0800743103027,1011.2800788879395,1010.7000694274902,1011.4800643920898,1011.380069732666,Group: D,Group: A,Group: D vs Group: A,4,4,Blank_Blank_Blank
"[TG(66:8),TG(65:1)]_FA18:1",TAG,1063.2400741577148,1049.0400695800781,1069.5200691223145,1047.4200630187988,1055.8400764465332,1121.300090789795,1056.6800689697266,1055.740077972412,1053.520076751709,Group: D,Group: A,Group: D vs Group: A,4,4,Blank_Blank_Blank
"[TG(66:8),TG(65:1)]_FA18:2",TAG,1130.8800773620605,1130.9400787353516,1151.520076751709,1129.300064086914,1129.5800704956055,1129.1000747680664,1129.3000717163086,1133.6600799560547,1128.960075378418,Group: D,Group: A,Group: D vs Group: A,4,4,Blank_Blank_Blank
"[TG(66:8),TG(65:1)]_FA18:3",TAG,1209.8200721740723,1208.7200889587402,1218.1400871276855,1229.240089416504,1203.760097503662,1213.1200790405273,1207.7800788879395,1210.4200820922852,1214.200080871582,Group: D,Group: A,Group: D vs Group: A,4,4,Blank_Blank_Blank
"[TG(66:8),TG(65:1)]_FA20:4",TAG,1290.1800918579102,1290.960090637207,1292.3600997924805,1287.7800827026367,1289.180103302002,1289.2200927734375,1289.080093383789,1290.240089416504,1288.9200973510742,Group: D,Group: A,Group: D vs Group: A,4,4,Blank_Blank_Blank
"[TG(66:8),TG(65:1)]_FA22:5",TAG,1414.8000984191895,1415.1801109313965,1481.66011428833,1420.5200996398926,1416.800090789795,1421.3201065063477,1432.3201026916504,1476.500114440918,1416.740104675293,Group: D,Group: A,Group: D vs Group: A,4,4,Blank_Blank_Blank
"[TG(66:8),TG(65:1)]_FA22:6",TAG,1557.180118560791,1539.8201065063477,1539.8001136779785,1540.760108947754,1618.7401084899902,1539.700107574463,1541.260108947754,1536.7001304626465,1540.0801162719727,Group: D,Group: A,Group: D vs Group: A,4,4,Blank_Blank_Blank
"[TG(66:9),TG(65:2)]_FA14:0",TAG,1015.080078125,1015.6800765991211,1016.4000701904297,1035.3400802612305,1009.4800720214844,1009.1000671386719,1013.0600738525391,1022.7600746154785,1012.1400718688965,Group: D,Group: A,Group: D vs Group: A,4,4,Blank_Blank_Blank
"[TG(66:9),TG(65:2)]_FA16:0",TAG,1043.2400741577148,1039.2400703430176,1035.780071258545,1004.7000617980957,1006.8800659179688,1012.8800811767578,1056.8200645446777,1025.940071105957,1011.6600723266602,Group: D,Group: A,Group: D vs Group: A,4,4,Blank_Blank_Blank
"[TG(66:9),TG(65:2)]_FA16:1",TAG,1052.5000801086426,1046.9600791931152,1058.2000770568848,1053.3200569152832,1048.6600646972656,1048.2600631713867,1086.440071105957,1049.8000679016113,1047.1600723266602,Group: D,Group: A,Group: D vs Group: A,4,4,Blank_Blank_Blank
"[TG(66:9),TG(65:2)]_FA18:0",TAG,1012.8400688171387,1013.5200729370117,1012.5600662231445,1016.9200782775879,1020.6800765991211,1010.9200744628906,1010.9800758361816,1010.6600723266602,1011.0600624084473,Group: D,Group: A,Group: D vs Group: A,4,4,Blank_Blank_Blank
"[TG(66:9),TG(65:2)]_FA18:1",TAG,1072.1400756835938,1049.9200630187988,1049.0200729370117,1048.4600715637207,1056.5200805664062,1054.4000663757324,1056.840072631836,1113.5000801086426,1054.020076751709,Group: D,Group: A,Group: D vs Group: A,4,4,Blank_Blank_Blank
"[TG(66:9),TG(65:2)]_FA18:2",TAG,1144.6800689697266,1141.5600852966309,1132.6000747680664,1128.4800720214844,1130.3600807189941,1135.1000785827637,1129.440071105957,1156.6800918579102,1129.2000732421875,Group: D,Group: A,Group: D vs Group: A,4,4,Blank_Blank_Blank
"[TG(66:9),TG(65:2)]_FA18:3",TAG,1208.7800903320312,1209.5600814819336,1210.080078125,1210.8800811767578,1203.8600883483887,1213.1800842285156,1206.7200927734375,1210.9200820922852,1213.7000885009766,Group: D,Group: A,Group: D vs Group: A,4,4,Blank_Blank_Blank
"[TG(66:9),TG(65:2)]_FA20:4",TAG,1291.3000984191895,1290.2600936889648,1291.840087890625,1286.760097503662,1289.2800979614258,1287.8400917053223,1328.9201049804688,1290.1600875854492,1288.8600997924805,Group: D,Group: A,Group: D vs Group: A,4,4,Blank_Blank_Blank
"[TG(66:9),TG(65:2)]_FA22:5",TAG,1414.5801048278809,1427.5001068115234,1417.2200965881348,1420.7600898742676,1418.260108947754,1420.5600814819336,1415.0401039123535,1417.720100402832,1417.8200912475586,Group: D,Group: A,Group: D vs Group: A,4,4,Blank_Blank_Blank
"[TG(66:9),TG(65:2)]_FA22:6",TAG,1539.6200942993164,1554.4001159667969,1594.0001106262207,1541.0201110839844,1543.9401092529297,1577.4801177978516,1580.3201065063477,1537.7601013183594,1571.9801139831543,Group: D,Group: A,Group: D vs Group: A,4,4,Blank_Blank_Blank
omega-linoleoyloxy-Cer(d18:0/26:0),Cer,1122.5200805664062,1126.8000679016113,1165.6600761413574,1162.4400939941406,1116.140079498291,1110.6600761413574,1130.6000785827637,1133.680076599121,1109.9400825500488,Group: D,Group: A,Group: D vs Group: A,4,4,Blank_Blank_Blank
omega-linoleoyloxy-Cer(d18:0/28:0),Cer,1161.340087890625,1113.6200790405273,1114.2600746154785,1110.8200798034668,1116.0800819396973,1110.760082244873,1115.4000778198242,1116.1400718688965,1108.0000801086426,Group: D,Group: A,Group: D vs Group: A,4,4,Blank_Blank_Blank
omega-linoleoyloxy-Cer(d18:0/30:0),Cer,1112.580078125,1114.0200729370117,1114.6200714111328,1109.900074005127,1115.660083770752,1110.260082244873,1154.9000854492188,1172.2400817871094,1109.9400825500488,Group: D,Group: A,Group: D vs Group: A,4,4,Blank_Blank_Blank
omega-linoleoyloxy-Cer(d18:0/31:0),Cer,1112.6400718688965,1113.0800704956055,1114.6000671386719,1110.4000854492188,1116.3200759887695,1110.2600746154785,1116.600082397461,1120.9000663757324,1109.4800910949707,Group: D,Group: A,Group: D vs Group: A,4,4,Blank_Blank_Blank
omega-linoleoyloxy-Cer(d18:0/32:0),Cer,1112.7200813293457,1113.780071258545,1114.3400802612305,1110.12007522583,1115.5600776672363,1110.7000846862793,1115.4600791931152,1117.1800842285156,1142.240077972412,Group: D,Group: A,Group: D vs Group: A,4,4,Blank_Blank_Blank
omega-linoleoyloxy-Cer(d18:0/33:0),Cer,1135.640079498291,1134.4400749206543,1113.9000778198242,1110.280086517334,1115.780086517334,1110.4200859069824,1141.2400932312012,1117.180076599121,1108.7600784301758,Group: D,Group: A,Group: D vs Group: A,4,4,Blank_Blank_Blank
omega-linoleoyloxy-Cer(d18:0/34:0),Cer,1158.640079498291,1112.720085144043,1114.2200736999512,1120.6800918579102,1115.6600799560547,1171.900074005127,1116.2400703430176,1117.0800895690918,1109.740077972412,Group: D,Group: A,Group: D vs Group: A,4,4,Blank_Blank_Blank
omega-linoleoyloxy-Cer(d18:1/26:0),Cer,1150.6200904846191,1113.6400756835938,1113.8000793457031,1110.1000785827637,1114.9400672912598,1110.2800750732422,1156.7200813293457,1131.5000839233398,1108.2800903320312,Group: D,Group: A,Group: D vs Group: A,4,4,Blank_Blank_Blank
omega-linoleoyloxy-Cer(d18:1/27:0),Cer,1112.020092010498,1113.0400772094727,1172.880084991455,1152.6400833129883,1115.9800758361816,1111.3000831604004,1116.0400772094727,1116.0400772094727,1107.980079650879,Group: D,Group: A,Group: D vs Group: A,4,4,Blank_Blank_Blank
omega-linoleoyloxy-Cer(d18:1/28:0),Cer,1112.7200660705566,1114.0600814819336,1114.1000747680664,1110.320083618164,1115.3600769042969,1111.5000839233398,1115.62007522583,1117.340072631836,1122.2600746154785,Group: D,Group: A,Group: D vs Group: A,4,4,Blank_Blank_Blank
omega-linoleoyloxy-Cer(d18:1/29:0),Cer,1112.560073852539,1113.2400741577148,1114.62007522583,1110.7000846862793,1116.100082397461,1121.5800819396973,1116.2600784301758,1123.7800750732422,1123.7600898742676,Group: D,Group: A,Group: D vs Group: A,4,4,Blank_Blank_Blank
omega-linoleoyloxy-Cer(d18:1/30:0),Cer,1112.4400787353516,1113.8600730895996,1114.1200675964355,1122.2000770568848,1115.7200889587402,1111.6800804138184,1116.4600715637207,1116.9200744628906,1141.240077972412,Group: D,Group: A,Group: D vs Group: A,4,4,Blank_Blank_Blank
omega-linoleoyloxy-Cer(d18:1/31:0),Cer,1112.2400665283203,1127.7000770568848,1163.7000770568848,1150.7000885009766,1115.1800842285156,1110.7600784301758,1116.580078125,1116.740077972412,1108.9000816345215,Group: D,Group: A,Group: D vs Group: A,4,4,Blank_Blank_Blank
omega-linoleoyloxy-Cer(d18:1/32:0),Cer,1113.1600761413574,1122.180076599121,1113.7400703430176,1128.9800834655762,1115.7800827026367,1111.1600761413574,1116.3200759887695,1116.480079650879,1108.680088043213,Group: D,Group: A,Group: D vs Group: A,4,4,Blank_Blank_Blank
omega-linoleoyloxy-Cer(d18:1/33:0),Cer,1112.8600730895996,1114.2200736999512,1114.7200736999512,1169.8200798034668,1115.1200714111328,1110.0600852966309,1170.4400901794434,1116.7400703430176,1117.3000755310059,Group: D,Group: A,Group: D vs Group: A,4,4,Blank_Blank_Blank
omega-linoleoyloxy-Cer(d18:1/34:0),Cer,1113.1000671386719,1113.7200927734375,1113.640079498291,1110.1000862121582,1115.440086364746,1110.460075378418,1141.8200874328613,1116.5600700378418,1109.1000709533691,Group: D,Group: A,Group: D vs Group: A,4,4,Blank_Blank_Blank
omega-linoleoyloxy-Cer(d18:2/30:0),Cer,1144.440071105957,1132.3000869750977,1114.5800704956055,1110.0400886535645,1115.7600746154785,1111.480079650879,1116.3200798034668,1116.9000854492188,1109.3000793457031,Group: D,Group: A,Group: D vs Group: A,4,4,Blank_Blank_Blank
omega-linoleoyloxy-Cer(d18:2/31:0),Cer,1113.0800743103027,1113.3800659179688,1114.220069885254,1110.5200729370117,1116.5000839233398,1111.140079498291,1116.1000785827637,1116.6600723266602,1157.480079650879,Group: D,Group: A,Group: D vs Group: A,4,4,Blank_Blank_Blank
omega-linoleoyloxy-Cer(d18:2/32:0),Cer,1112.6800727844238,1113.5200805664062,1114.6600761413574,1151.6000938415527,1115.9000778198242,1110.3800773620605,1116.000072479248,1116.6600723266602,1108.9000854492188,Group: D,Group: A,Group: D vs Group: A,4,4,Blank_Blank_Blank
omega-linoleoyloxy-Cer(d18:2/34:0),Cer,1113.080078125,1113.2600784301758,1113.680076599121,1111.000087738037,1116.0000648498535,1110.680088043213,1117.1200866699219,1116.8800773620605,1108.2400741577148,Group: D,Group: A,Group: D vs Group: A,4,4,Blank_Blank_Blank
omega-linoleoyloxy-Cer(d19:0/28:0),Cer,1156.0400848388672,1112.9400749206543,1127.660068511963,1120.3800773620605,1115.3800582885742,1110.8400840759277,1168.320083618164,1116.5600776672363,1108.6800689697266,Group: D,Group: A,Group: D vs Group: A,4,4,Blank_Blank_Blank
omega-linoleoyloxy-Cer(d19:0/34:0),Cer,1112.4200859069824,1129.3200798034668,1113.8800811767578,1109.1600761413574,1115.5800743103027,1135.5600776672363,1115.7000770568848,1116.1400756835938,1145.7400856018066,Group: D,Group: A,Group: D vs Group: A,4,4,Blank_Blank_Blank
omega-linoleoyloxy-Cer(d19:1/34:0),Cer,1127.0200881958008,1121.3000831604004,1114.0600776672363,1109.8800773620605,1116.2200813293457,1135.9400825500488,1116.4400749206543,1116.3800773620605,1109.0800895690918,Group: D,Group: A,Group: D vs Group: A,4,4,Blank_Blank_Blank
omega-linoleoyloxy-Cer(d20:1/34:0),Cer,1159.4400825500488,1124.0000762939453,1113.8000793457031,1131.1800804138184,1115.860065460205,1110.6000862121582,1115.460075378418,1117.5000839233398,1109.0000839233398,Group: D,Group: A,Group: D vs Group: A,4,4,Blank_Blank_Blank
omega-linoleoyloxy-Cer(d21:0/33:0),Cer,1112.4000816345215,1113.7400665283203,1113.6400756835938,1110.2000923156738,1132.8600769042969,1110.3000831604004,1116.2400703430176,1117.2000770568848,1108.2600746154785,Group: D,Group: A,Group: D vs Group: A,4,4,Blank_Blank_Blank
omega-linoleoyloxy-GlcCer(d18:1/30:0),Cer,1157.0800857543945,1111.5000839233398,1111.2600860595703,1109.4800834655762,1113.3000831604004,1109.0800819396973,1114.5400695800781,1114.1600761413574,1106.8600807189941,Group: D,Group: A,Group: D vs Group: A,4,4,Blank_Blank_Blank
