Lipid,Q1,Q3,Intensity,Filename
DG(24:0)_C18:0,474.42,173.12,7200,20241023_Blank31.wiff.scan
DG(26:0)_C18:0,502.45,201.15,1720,20241023_Blank31.wiff.scan
DG(28:2)_C18:0,526.45,225.15,1440,20241023_Blank31.wiff.scan
DG(28:1)_C18:0,528.46,227.16,2680,20241023_Blank31.wiff.scan
"""DG(28:0),DG(dO-30:0)_C18:0""",530.55,229.25,2560,20241023_Blank31.wiff.scan
DG(29:2)_C18:0,540.46,239.16,6560,20241023_Blank31.wiff.scan
DG(29:1)_C18:0,542.48,241.18,5960,20241023_Blank31.wiff.scan
DG(29:0)_C18:0,544.49,243.19,2360,20241023_Blank31.wiff.scan
DG(30:3)_C18:0,552.46,251.16,1880,20241023_Blank31.wiff.scan
DG(30:2)_C18:0,554.48,253.18,3200,20241023_Blank31.wiff.scan
DG(30:1)_C18:0,556.49,255.19,3120,20241023_Blank31.wiff.scan
DG(30:0)_C18:0,558.51,257.21,4360,20241023_Blank31.wiff.scan
DG(31:3)_C18:0,566.48,265.18,2200,20241023_Blank31.wiff.scan
"""DG(31:2),DG(P-14:0/18:1)_C18:0""",568.53,267.23,3560,20241023_Blank31.wiff.scan
DG(31:1)_C18:0,570.51,269.21,2880,20241023_Blank31.wiff.scan
DG(31:0)_C18:0,572.53,271.23,2320,20241023_Blank31.wiff.scan
DG(32:5)_C18:0,576.46,275.16,1800,20241023_Blank31.wiff.scan
"""DG(32:4),DG(dO-34:4)_C18:0""",578.55,277.25,2320,20241023_Blank31.wiff.scan
DG(32:3)_C18:0,580.49,279.19,1480,20241023_Blank31.wiff.scan
DG(32:2)_C18:0,582.51,281.21,24440,20241023_Blank31.wiff.scan
DG(32:1)_C18:0,584.53,283.23,8040,20241023_Blank31.wiff.scan
DG(32:0)_C18:0,586.54,285.24,12120,20241023_Blank31.wiff.scan
DG(33:5)_C18:0,590.48,289.18,720,20241023_Blank31.wiff.scan
DG(33:4)_C18:0,592.49,291.19,720,20241023_Blank31.wiff.scan
DG(33:3)_C18:0,594.51,293.21,1000,20241023_Blank31.wiff.scan
DG(33:2)_C18:0,596.53,295.23,2680,20241023_Blank31.wiff.scan
"""DG(33:1),DG(O-34:1)_C18:0""",598.58,297.28,1480,20241023_Blank31.wiff.scan
DG(33:0)_C18:0,600.56,299.26,4520,20241023_Blank31.wiff.scan
DG(34:6)_C18:0,602.48,301.18,1880,20241023_Blank31.wiff.scan
DG(34:5)_C18:0,604.49,303.19,760,20241023_Blank31.wiff.scan
"""DG(34:4),DG(dO-36:4)_C18:0""",606.58,305.28,800,20241023_Blank31.wiff.scan
DG(34:3)_C18:0,608.53,307.23,1720,20241023_Blank31.wiff.scan
DG(34:2)_C18:0,610.54,309.24,6280,20241023_Blank31.wiff.scan
DG(34:1)_C18:0,612.56,311.26,5320,20241023_Blank31.wiff.scan
DG(34:0)_C18:0,614.57,313.27,430880,20241023_Blank31.wiff.scan
DG(35:6)_C18:0,616.49,315.19,29840,20241023_Blank31.wiff.scan
DG(35:5)_C18:0,618.51,317.21,1000,20241023_Blank31.wiff.scan
"""DG(35:4),DG(O-36:4),DG(dO-37:4)_C18:0""",620.6,319.3,1520,20241023_Blank31.wiff.scan
DG(35:3)_C18:0,622.54,321.24,1480,20241023_Blank31.wiff.scan
"""DG(dO-38:9),DG(35:2)_C18:0""",624.56,323.26,760,20241023_Blank31.wiff.scan
"""DG(36:8),DG(35:1)_C18:0""",626.57,325.27,3520,20241023_Blank31.wiff.scan
"""DG(36:7),DG(35:0)_C18:0""",628.59,327.29,7720,20241023_Blank31.wiff.scan
DG(36:6)_C18:0,630.51,329.21,2760,20241023_Blank31.wiff.scan
DG(36:5)_C18:0,632.53,331.23,2280,20241023_Blank31.wiff.scan
"""DG(36:4),DG(O-37:4)_C18:0""",634.58,333.28,1080,20241023_Blank31.wiff.scan
DG(36:3)_C18:0,636.56,335.26,1160,20241023_Blank31.wiff.scan
"""DG(O-38:9),DG(36:2)_C18:0""",638.57,337.27,5840,20241023_Blank31.wiff.scan
"""DG(O-38:8),DG(36:1)_C18:0""",640.59,339.29,2640,20241023_Blank31.wiff.scan
"""DG(37:7),DG(36:0)_C18:0""",642.6,341.3,146680,20241023_Blank31.wiff.scan
DG(37:6)_C18:0,644.53,343.23,8840,20241023_Blank31.wiff.scan
DG(37:5)_C18:0,646.54,345.24,5720,20241023_Blank31.wiff.scan
DG(37:4)_C18:0,648.56,347.26,920,20241023_Blank31.wiff.scan
DG(37:3)_C18:0,650.57,349.27,720,20241023_Blank31.wiff.scan
"""DG(38:9),DG(dO-40:9),DG(37:2)_C18:0""",652.59,351.29,920,20241023_Blank31.wiff.scan
"""DG(38:8),DG(dO-40:8),DG(37:1)_C18:0""",654.6,353.3,16280,20241023_Blank31.wiff.scan
"""DG(38:7),DG(37:0)_C18:0""",656.62,355.32,3600,20241023_Blank31.wiff.scan
"""DG(38:6),DG(dO-40:6)_C18:0""",658.61,357.31,2240,20241023_Blank31.wiff.scan
DG(38:5)_C18:0,660.56,359.26,2080,20241023_Blank31.wiff.scan
DG(38:4)_C18:0,662.57,361.27,1680,20241023_Blank31.wiff.scan
DG(38:3)_C18:0,664.59,363.29,640,20241023_Blank31.wiff.scan
"""DG(O-40:9),DG(38:2)_C18:0""",666.6,365.3,1720,20241023_Blank31.wiff.scan
"""DG(39:8),DG(O-40:8),DG(38:1)_C18:0""",668.62,367.32,1640,20241023_Blank31.wiff.scan
"""DG(39:7),DG(38:0),DG(dO-40:0)_C18:0""",670.71,369.41,4600,20241023_Blank31.wiff.scan
DG(39:6)_C18:0,672.56,371.26,2440,20241023_Blank31.wiff.scan
DG(39:5)_C18:0,674.57,373.27,1800,20241023_Blank31.wiff.scan
DG(39:4)_C18:0,676.59,375.29,1000,20241023_Blank31.wiff.scan
"""DG(40:10),DG(39:3)_C18:0""",678.6,377.3,1600,20241023_Blank31.wiff.scan
"""DG(40:9),DG(39:2)_C18:0""",680.62,379.32,1200,20241023_Blank31.wiff.scan
"""DG(40:8),DG(39:1)_C18:0""",682.63,381.33,10840,20241023_Blank31.wiff.scan
"""DG(40:7),DG(39:0)_C18:0""",684.65,383.35,3480,20241023_Blank31.wiff.scan
"""DG(40:6),DG(dO-40:0)_C18:0""",686.7,385.4,2160,20241023_Blank31.wiff.scan
DG(40:5)_C18:0,688.59,387.29,8680,20241023_Blank31.wiff.scan
DG(40:4)_C18:0,690.6,389.3,3840,20241023_Blank31.wiff.scan
DG(40:3)_C18:0,692.62,391.32,880,20241023_Blank31.wiff.scan
DG(40:2)_C18:0,694.63,393.33,1440,20241023_Blank31.wiff.scan
DG(40:1)_C18:0,696.65,395.35,1280,20241023_Blank31.wiff.scan
"""DG(41:7),DG(40:0)_C18:0""",698.67,397.37,3360,20241023_Blank31.wiff.scan
DG(41:6)_C18:0,700.59,399.29,2120,20241023_Blank31.wiff.scan
DG(41:5)_C18:0,702.6,401.3,2240,20241023_Blank31.wiff.scan
"""DG(42:11),DG(41:4)_C18:0""",704.62,403.32,1200,20241023_Blank31.wiff.scan
"""DG(42:10),DG(41:3)_C18:0""",706.63,405.33,1680,20241023_Blank31.wiff.scan
"""DG(42:9),DG(41:2)_C18:0""",708.65,407.35,1080,20241023_Blank31.wiff.scan
"""DG(42:8),DG(41:1)_C18:0""",710.67,409.37,1640,20241023_Blank31.wiff.scan
"""DG(42:7),DG(41:0)_C18:0""",712.68,411.38,1880,20241023_Blank31.wiff.scan
DG(42:6)_C18:0,714.6,413.3,6000,20241023_Blank31.wiff.scan
DG(42:5)_C18:0,716.62,415.32,10280,20241023_Blank31.wiff.scan
DG(42:4)_C18:0,718.63,417.33,1600,20241023_Blank31.wiff.scan
DG(42:3)_C18:0,720.65,419.35,1960,20241023_Blank31.wiff.scan
DG(42:2)_C18:0,722.67,421.37,2160,20241023_Blank31.wiff.scan
DG(42:1)_C18:0,724.68,423.38,1400,20241023_Blank31.wiff.scan
DG(42:0)_C18:0,726.7,425.4,1560,20241023_Blank31.wiff.scan
DG(43:6)_C18:0,728.62,427.32,1880,20241023_Blank31.wiff.scan
"""DG(44:12),DG(43:5)_C18:0""",730.63,429.33,1240,20241023_Blank31.wiff.scan
"""DG(44:11),DG(43:4)_C18:0""",732.65,431.35,1280,20241023_Blank31.wiff.scan
"""DG(44:10),DG(43:3)_C18:0""",734.67,433.37,2000,20241023_Blank31.wiff.scan
"""DG(44:9),DG(43:2)_C18:0""",736.68,435.38,1440,20241023_Blank31.wiff.scan
"""DG(44:8),DG(43:1)_C18:0""",738.7,437.4,14160,20241023_Blank31.wiff.scan
"""DG(44:7),DG(43:0)_C18:0""",740.71,439.41,3360,20241023_Blank31.wiff.scan
DG(44:6)_C18:0,742.63,441.33,3160,20241023_Blank31.wiff.scan
DG(44:5)_C18:0,744.65,443.35,1360,20241023_Blank31.wiff.scan
DG(44:4)_C18:0,746.67,445.37,1400,20241023_Blank31.wiff.scan
DG(44:3)_C18:0,748.68,447.38,520,20241023_Blank31.wiff.scan
DG(44:2)_C18:0,750.7,449.4,440,20241023_Blank31.wiff.scan
DG(44:1)_C18:0,752.71,451.41,920,20241023_Blank31.wiff.scan
DG(44:0)_C18:0,754.73,453.43,13800,20241023_Blank31.wiff.scan
"""[TG(52:10),TG(51:3)]_FA20:4""",860.77,539.47,440,20241023_PlasmaExtract23.wiff.scan
"""[TG(56:10),TG(55:3)]_FA20:4""",916.83,595.53,520,20241023_PlasmaExtract23.wiff.scan
"""[TG(57:10),TG(56:3)]_FA20:4""",930.85,609.55,400,20241023_PlasmaExtract23.wiff.scan
"""[TG(58:10),TG(57:3)]_FA20:4""",944.86,623.56,760,20241023_PlasmaExtract23.wiff.scan
"""[TG(59:10),TG(58:3)]_FA20:4""",958.88,637.58,920,20241023_PlasmaExtract23.wiff.scan
"""[TG(60:10),TG(59:3)]_FA20:4""",972.9,651.6,320,20241023_PlasmaExtract23.wiff.scan
"""[TG(61:10),TG(60:3)]_FA20:4""",986.91,665.61,200,20241023_PlasmaExtract23.wiff.scan
"""[TG(62:10),TG(61:3)]_FA20:4""",1000.93,679.63,360,20241023_PlasmaExtract23.wiff.scan
"""[TG(64:10),TG(63:3)]_FA20:4""",1028.96,707.66,280,20241023_PlasmaExtract23.wiff.scan
"""[TG(64:17),TG(63:10),TG(62:3)]_FA20:4""",1014.94,693.64,440,20241023_PlasmaExtract23.wiff.scan
"""[TG(66:10),TG(65:3)]_FA20:4""",1056.99,735.69,40,20241023_PlasmaExtract23.wiff.scan
"""[TG(66:17),TG(65:10),TG(64:3)]_FA20:4""",1042.97,721.67,1280,20241023_PlasmaExtract23.wiff.scan
"""[TG(50:9),TG(49:2)]_FA20:4""",834.76,513.46,520,20241023_PlasmaExtract23.wiff.scan
"""[TG(51:9),TG(50:2)]_FA20:4""",848.77,527.47,240,20241023_PlasmaExtract23.wiff.scan
"""[TG(52:9),TG(51:2)]_FA20:4""",862.79,541.49,840,20241023_PlasmaExtract23.wiff.scan
"""[TG(53:9),TG(52:2)]_FA20:4""",876.8,555.5,120,20241023_PlasmaExtract23.wiff.scan
"""[TG(57:9),TG(56:2)]_FA20:4""",932.86,611.56,240,20241023_PlasmaExtract23.wiff.scan
"""[TG(58:9),TG(57:2)]_FA20:4""",946.88,625.58,480,20241023_PlasmaExtract23.wiff.scan
"""[TG(59:9),TG(58:2)]_FA20:4""",960.9,639.6,360,20241023_PlasmaExtract23.wiff.scan
"""[TG(60:9),TG(59:2)]_FA20:4""",974.91,653.61,280,20241023_PlasmaExtract23.wiff.scan
"""[TG(62:16),TG(61:9),TG(60:2)]_FA20:4""",988.93,667.63,440,20241023_PlasmaExtract23.wiff.scan
"""[TG(62:9),TG(61:2)]_FA20:4""",1002.94,681.64,120,20241023_PlasmaExtract23.wiff.scan
"""[TG(64:16),TG(63:9),TG(62:2)]_FA20:4""",1016.96,695.66,400,20241023_PlasmaExtract23.wiff.scan
"""[TG(64:9),TG(63:2)]_FA20:4""",1030.97,709.67,480,20241023_PlasmaExtract23.wiff.scan
"""[TG(66:16),TG(65:9),TG(64:2)]_FA20:4""",1044.99,723.69,880,20241023_PlasmaExtract23.wiff.scan
"""[TG(66:9),TG(65:2)]_FA20:4""",1059.01,737.71,520,20241023_PlasmaExtract23.wiff.scan
"""[TG(48:8),TG(47:1)]_FA20:4""",808.74,487.44,840,20241023_PlasmaExtract23.wiff.scan
"""[TG(49:8),TG(48:1)]_FA20:4""",822.76,501.46,320,20241023_PlasmaExtract23.wiff.scan
"""[TG(50:8),TG(49:1)]_FA20:4""",836.77,515.47,280,20241023_PlasmaExtract23.wiff.scan
"""[TG(51:8),TG(50:1)]_FA20:4""",850.79,529.49,440,20241023_PlasmaExtract23.wiff.scan
"""[TG(52:8),TG(51:1)]_FA20:4""",864.8,543.5,960,20241023_PlasmaExtract23.wiff.scan
"""[TG(53:8),TG(52:1)]_FA20:4""",878.82,557.52,440,20241023_PlasmaExtract23.wiff.scan
"""[TG(56:8),TG(55:1)]_FA20:4""",920.86,599.56,3680,20241023_PlasmaExtract23.wiff.scan
"""[TG(57:8),TG(56:1)]_FA20:4""",934.88,613.58,880,20241023_PlasmaExtract23.wiff.scan
"""[TG(58:8),TG(57:1)]_FA20:4""",948.9,627.6,40,20241023_PlasmaExtract23.wiff.scan
"""[TG(60:15),TG(59:8),TG(58:1)]_FA20:4""",962.91,641.61,280,20241023_PlasmaExtract23.wiff.scan
"""[TG(60:8),TG(59:1)]_FA20:4""",976.93,655.63,200,20241023_PlasmaExtract23.wiff.scan
"""[TG(62:15),TG(61:8),TG(60:1)]_FA20:4""",990.94,669.64,320,20241023_PlasmaExtract23.wiff.scan
"""[TG(62:8),TG(61:1)]_FA20:4""",1004.96,683.66,120,20241023_PlasmaExtract23.wiff.scan
"""[TG(64:15),TG(63:8),TG(62:1)]_FA20:4""",1018.97,697.67,280,20241023_PlasmaExtract23.wiff.scan
"""[TG(64:8),TG(63:1)]_FA20:4""",1032.99,711.69,200,20241023_PlasmaExtract23.wiff.scan
"""[TG(66:15),TG(65:8),TG(64:1)]_FA20:4""",1047.01,725.71,1720,20241023_PlasmaExtract23.wiff.scan
"""[TG(66:8),TG(65:1)]_FA20:4""",1061.02,739.72,160,20241023_PlasmaExtract23.wiff.scan
"""[TG(48:7),TG(47:0)]_FA20:4""",810.76,489.46,160,20241023_PlasmaExtract23.wiff.scan
"""[TG(49:7),TG(48:0)]_FA20:4""",824.77,503.47,640,20241023_PlasmaExtract23.wiff.scan
"""[TG(50:7),TG(49:0)]_FA20:4""",838.79,517.49,720,20241023_PlasmaExtract23.wiff.scan
"""[TG(51:7),TG(50:0)]_FA20:4""",852.8,531.5,280,20241023_PlasmaExtract23.wiff.scan
"""[TG(52:7),TG(51:0)]_FA20:4""",866.82,545.52,1240,20241023_PlasmaExtract23.wiff.scan
"""[TG(53:7),TG(52:0)]_FA20:4""",880.83,559.53,400,20241023_PlasmaExtract23.wiff.scan
"""[TG(54:7),TG(53:0)]_FA20:4""",894.85,573.55,480,20241023_PlasmaExtract23.wiff.scan
"""[TG(55:7),TG(54:0)]_FA20:4""",908.86,587.56,280,20241023_PlasmaExtract23.wiff.scan
"""[TG(56:7),TG(55:0)]_FA20:4""",922.88,601.58,5640,20241023_PlasmaExtract23.wiff.scan
"""[TG(58:14),TG(57:7),TG(56:0)]_FA20:4""",936.9,615.6,1400,20241023_PlasmaExtract23.wiff.scan
"""[TG(60:14),TG(59:7),TG(58:0)]_FA20:4""",964.93,643.63,440,20241023_PlasmaExtract23.wiff.scan
"""[TG(61:14),TG(60:7),TG(59:0)]_FA20:4""",978.94,657.64,320,20241023_PlasmaExtract23.wiff.scan
"""[TG(62:14),TG(61:7),TG(60:0)]_FA20:4""",992.96,671.66,680,20241023_PlasmaExtract23.wiff.scan
"""[TG(62:7),TG(61:0)]_FA20:4""",1006.97,685.67,920,20241023_PlasmaExtract23.wiff.scan
"""[TG(64:14),TG(63:7),TG(62:0)]_FA20:4""",1020.99,699.69,160,20241023_PlasmaExtract23.wiff.scan
"""[TG(64:7),TG(63:0)]_FA20:4""",1035.01,713.71,440,20241023_PlasmaExtract23.wiff.scan
"""[TG(66:14),TG(65:7),TG(64:0)]_FA20:4""",1049.02,727.72,760,20241023_PlasmaExtract23.wiff.scan
[TG(42:4)]_FA20:4,732.61,411.31,360,20241023_PlasmaExtract23.wiff.scan
[TG(43:4)]_FA20:4,746.63,425.33,520,20241023_PlasmaExtract23.wiff.scan
[TG(44:4)]_FA20:4,760.65,439.35,400,20241023_PlasmaExtract23.wiff.scan
[TG(44:5)]_FA20:4,758.63,437.33,1320,20241023_PlasmaExtract23.wiff.scan
[TG(45:4)]_FA20:4,774.66,453.36,440,20241023_PlasmaExtract23.wiff.scan
[TG(45:5)]_FA20:4,772.65,451.35,320,20241023_PlasmaExtract23.wiff.scan
[TG(46:4)]_FA20:4,788.68,467.38,480,20241023_PlasmaExtract23.wiff.scan
[TG(46:5)]_FA20:4,786.66,465.36,320,20241023_PlasmaExtract23.wiff.scan
[TG(46:6)]_FA20:4,784.65,463.35,600,20241023_PlasmaExtract23.wiff.scan
[TG(47:4)]_FA20:4,802.69,481.39,200,20241023_PlasmaExtract23.wiff.scan
[TG(47:5)]_FA20:4,800.68,479.38,280,20241023_PlasmaExtract23.wiff.scan
[TG(47:6)]_FA20:4,798.66,477.36,440,20241023_PlasmaExtract23.wiff.scan
[TG(48:4)]_FA20:4,816.71,495.41,440,20241023_PlasmaExtract23.wiff.scan
[TG(48:5)]_FA20:4,814.69,493.39,600,20241023_PlasmaExtract23.wiff.scan
[TG(48:6)]_FA20:4,812.68,491.38,240,20241023_PlasmaExtract23.wiff.scan
[TG(49:4)]_FA20:4,830.72,509.42,440,20241023_PlasmaExtract23.wiff.scan
[TG(49:5)]_FA20:4,828.71,507.41,320,20241023_PlasmaExtract23.wiff.scan
[TG(49:6)]_FA20:4,826.69,505.39,400,20241023_PlasmaExtract23.wiff.scan
[TG(50:4)]_FA20:4,844.74,523.44,520,20241023_PlasmaExtract23.wiff.scan
[TG(50:6)]_FA20:4,840.71,519.41,1240,20241023_PlasmaExtract23.wiff.scan
[TG(51:4)]_FA20:4,858.76,537.46,600,20241023_PlasmaExtract23.wiff.scan
[TG(51:5)]_FA20:4,856.74,535.44,560,20241023_PlasmaExtract23.wiff.scan
[TG(51:6)]_FA20:4,854.72,533.42,440,20241023_PlasmaExtract23.wiff.scan
[TG(52:4)]_FA20:4,872.77,551.47,1040,20241023_PlasmaExtract23.wiff.scan
[TG(52:6)]_FA20:4,868.74,547.44,1000,20241023_PlasmaExtract23.wiff.scan
[TG(53:6)]_FA20:4,882.76,561.46,280,20241023_PlasmaExtract23.wiff.scan
"""[TG(54:12),TG(53:5)]_FA20:4""",884.77,563.47,280,20241023_PlasmaExtract23.wiff.scan
"""[TG(56:11),TG(55:4)]_FA20:4""",914.82,593.52,440,20241023_PlasmaExtract23.wiff.scan
"""[TG(56:12),TG(55:5)]_FA20:4""",912.8,591.5,600,20241023_PlasmaExtract23.wiff.scan
"""[TG(56:13),TG(55:6)]_FA20:4""",910.79,589.49,600,20241023_PlasmaExtract23.wiff.scan
[TG(56:6)]_FA20:4,924.8,603.5,3280,20241023_PlasmaExtract23.wiff.scan
"""[TG(57:11),TG(56:4)]_FA20:4""",928.83,607.53,1360,20241023_PlasmaExtract23.wiff.scan
"""[TG(57:12),TG(56:5)]_FA20:4""",926.82,605.52,3000,20241023_PlasmaExtract23.wiff.scan
"""[TG(58:11),TG(57:4)]_FA20:4""",942.85,621.55,920,20241023_PlasmaExtract23.wiff.scan
"""[TG(58:12),TG(57:5)]_FA20:4""",940.83,619.53,1240,20241023_PlasmaExtract23.wiff.scan
"""[TG(58:13),TG(57:6)]_FA20:4""",938.82,617.52,1200,20241023_PlasmaExtract23.wiff.scan
"""[TG(59:11),TG(58:4)]_FA20:4""",956.86,635.56,560,20241023_PlasmaExtract23.wiff.scan
"""[TG(59:12),TG(58:5)]_FA20:4""",954.85,633.55,720,20241023_PlasmaExtract23.wiff.scan
"""[TG(59:13),TG(58:6)]_FA20:4""",952.83,631.53,400,20241023_PlasmaExtract23.wiff.scan
"""[TG(60:11),TG(59:4)]_FA20:4""",970.88,649.58,400,20241023_PlasmaExtract23.wiff.scan
"""[TG(60:12),TG(59:5)]_FA20:4""",968.86,647.56,360,20241023_PlasmaExtract23.wiff.scan
"""[TG(60:13),TG(59:6)]_FA20:4""",966.85,645.55,400,20241023_PlasmaExtract23.wiff.scan
"""[TG(61:11),TG(60:4)]_FA20:4""",984.9,663.6,640,20241023_PlasmaExtract23.wiff.scan
"""[TG(61:12),TG(60:5)]_FA20:4""",982.88,661.58,320,20241023_PlasmaExtract23.wiff.scan
"""[TG(61:13),TG(60:6)]_FA20:4""",980.86,659.56,480,20241023_PlasmaExtract23.wiff.scan
"""[TG(62:11),TG(61:4)]_FA20:4""",998.91,677.61,400,20241023_PlasmaExtract23.wiff.scan
"""[TG(62:12),TG(61:5)]_FA20:4""",996.9,675.6,400,20241023_PlasmaExtract23.wiff.scan
"""[TG(62:13),TG(61:6)]_FA20:4""",994.88,673.58,120,20241023_PlasmaExtract23.wiff.scan
"""[TG(63:11),TG(62:4)]_FA20:4""",1012.93,691.63,400,20241023_PlasmaExtract23.wiff.scan
"""[TG(63:12),TG(62:5)]_FA20:4""",1010.91,689.61,240,20241023_PlasmaExtract23.wiff.scan
"""[TG(63:13),TG(62:6)]_FA20:4""",1008.9,687.6,280,20241023_PlasmaExtract23.wiff.scan
"""[TG(64:11),TG(63:4)]_FA20:4""",1026.94,705.64,160,20241023_PlasmaExtract23.wiff.scan
"""[TG(64:12),TG(63:5)]_FA20:4""",1024.93,703.63,320,20241023_PlasmaExtract23.wiff.scan
"""[TG(64:13),TG(63:6)]_FA20:4""",1022.91,701.61,400,20241023_PlasmaExtract23.wiff.scan
[TG(64:6)]_FA20:4,1036.93,715.63,280,20241023_PlasmaExtract23.wiff.scan
"""[TG(65:12),TG(64:5)]_FA20:4""",1038.94,717.64,280,20241023_PlasmaExtract23.wiff.scan
"""[TG(66:11),TG(65:4)]_FA20:4""",1054.97,733.67,360,20241023_PlasmaExtract23.wiff.scan
"""[TG(66:12),TG(65:5)]_FA20:4""",1052.96,731.66,160,20241023_PlasmaExtract23.wiff.scan
"""[TG(66:13),TG(65:6)]_FA20:4""",1050.94,729.64,640,20241023_PlasmaExtract23.wiff.scan
"""[TG(66:18),TG(65:11),TG(64:4)]_FA20:4""",1040.96,719.66,640,20241023_PlasmaExtract23.wiff.scan
[TG(66:4)]_FA20:4,1068.99,747.69,120,20241023_PlasmaExtract23.wiff.scan
[TG(66:5)]_FA20:4,1066.97,745.67,800,20241023_PlasmaExtract23.wiff.scan
[TG(66:6)]_FA20:4,1064.96,743.66,200,20241023_PlasmaExtract23.wiff.scan
[TG(66:7)]_FA20:4,1062.94,741.64,480,20241023_PlasmaExtract23.wiff.scan
[TG(50:5)]_FA20:4,842.72,521.42,480,20241023_PlasmaExtract23.wiff.scan
[TG(52:5)]_FA20:4,870.76,549.46,160,20241023_PlasmaExtract23.wiff.scan
"""[TG(53:10),TG(52:3)]_FA20:4""",874.79,553.49,360,20241023_PlasmaExtract23.wiff.scan
"""[TG(54:10),TG(53:3)]_FA20:4""",888.8,567.5,400,20241023_PlasmaExtract23.wiff.scan
"""[TG(54:11),TG(53:4)]_FA20:4""",886.79,565.49,360,20241023_PlasmaExtract23.wiff.scan
[TG(54:5)]_FA20:4,898.79,577.49,2040,20241023_PlasmaExtract23.wiff.scan
[TG(54:6)]_FA20:4,896.77,575.47,1280,20241023_PlasmaExtract23.wiff.scan
"""[TG(54:8),TG(53:1)]_FA20:4""",892.83,571.53,80,20241023_PlasmaExtract23.wiff.scan
"""[TG(54:9),TG(53:2)]_FA20:4""",890.82,569.52,400,20241023_PlasmaExtract23.wiff.scan
"""[TG(55:10),TG(54:3)]_FA20:4""",902.82,581.52,600,20241023_PlasmaExtract23.wiff.scan
"""[TG(55:11),TG(54:4)]_FA20:4""",900.8,579.5,600,20241023_PlasmaExtract23.wiff.scan
"""[TG(55:8),TG(54:1)]_FA20:4""",906.85,585.55,160,20241023_PlasmaExtract23.wiff.scan
"""[TG(55:9),TG(54:2)]_FA20:4""",904.83,583.53,520,20241023_PlasmaExtract23.wiff.scan
"""[TG(56:9),TG(55:2)]_FA20:4""",918.85,597.55,1880,20241023_PlasmaExtract23.wiff.scan
"""[TG(58:7),TG(57:0)]_FA20:4""",950.91,629.61,680,20241023_PlasmaExtract23.wiff.scan
DG(24:0)_C16:0,474.42,201.12,1280,20241023_PlasmaExtract4.wiff.scan
DG(26:0)_C16:0,502.45,229.15,520,20241023_PlasmaExtract4.wiff.scan
DG(28:2)_C16:0,526.45,253.15,1080,20241023_PlasmaExtract4.wiff.scan
DG(28:1)_C16:0,528.46,255.16,2080,20241023_PlasmaExtract4.wiff.scan
"""DG(28:0),DG(dO-30:0)_C16:0""",530.55,257.25,1640,20241023_PlasmaExtract4.wiff.scan
DG(29:2)_C16:0,540.46,267.16,1480,20241023_PlasmaExtract4.wiff.scan
DG(29:1)_C16:0,542.48,269.18,920,20241023_PlasmaExtract4.wiff.scan
DG(29:0)_C16:0,544.49,271.19,1440,20241023_PlasmaExtract4.wiff.scan
DG(30:3)_C16:0,552.46,279.16,800,20241023_PlasmaExtract4.wiff.scan
DG(30:2)_C16:0,554.48,281.18,9240,20241023_PlasmaExtract4.wiff.scan
DG(30:1)_C16:0,556.49,283.19,6160,20241023_PlasmaExtract4.wiff.scan
DG(30:0)_C16:0,558.51,285.21,4400,20241023_PlasmaExtract4.wiff.scan
DG(31:3)_C16:0,566.48,293.18,440,20241023_PlasmaExtract4.wiff.scan
"""DG(31:2),DG(P-14:0/18:1)_C16:0""",568.53,295.23,1120,20241023_PlasmaExtract4.wiff.scan
DG(31:1)_C16:0,570.51,297.21,960,20241023_PlasmaExtract4.wiff.scan
DG(31:0)_C16:0,572.53,299.23,3280,20241023_PlasmaExtract4.wiff.scan
DG(32:5)_C16:0,576.46,303.16,640,20241023_PlasmaExtract4.wiff.scan
"""DG(32:4),DG(dO-34:4)_C16:0""",578.55,305.25,520,20241023_PlasmaExtract4.wiff.scan
DG(32:3)_C16:0,580.49,307.19,720,20241023_PlasmaExtract4.wiff.scan
DG(32:2)_C16:0,582.51,309.21,4080,20241023_PlasmaExtract4.wiff.scan
DG(32:1)_C16:0,584.53,311.23,5520,20241023_PlasmaExtract4.wiff.scan
DG(32:0)_C16:0,586.54,313.24,13480,20241023_PlasmaExtract4.wiff.scan
DG(33:5)_C16:0,590.48,317.18,600,20241023_PlasmaExtract4.wiff.scan
DG(33:4)_C16:0,592.49,319.19,280,20241023_PlasmaExtract4.wiff.scan
DG(33:3)_C16:0,594.51,321.21,400,20241023_PlasmaExtract4.wiff.scan
DG(33:2)_C16:0,596.53,323.23,360,20241023_PlasmaExtract4.wiff.scan
"""DG(33:1),DG(O-34:1)_C16:0""",598.58,325.28,1040,20241023_PlasmaExtract4.wiff.scan
DG(33:0)_C16:0,600.56,327.26,1800,20241023_PlasmaExtract4.wiff.scan
DG(34:6)_C16:0,602.48,329.18,720,20241023_PlasmaExtract4.wiff.scan
DG(34:5)_C16:0,604.49,331.19,440,20241023_PlasmaExtract4.wiff.scan
"""DG(34:4),DG(dO-36:4)_C16:0""",606.58,333.28,360,20241023_PlasmaExtract4.wiff.scan
DG(34:3)_C16:0,608.53,335.23,640,20241023_PlasmaExtract4.wiff.scan
DG(34:2)_C16:0,610.54,337.24,9000,20241023_PlasmaExtract4.wiff.scan
DG(34:1)_C16:0,612.56,339.26,12120,20241023_PlasmaExtract4.wiff.scan
DG(34:0)_C16:0,614.57,341.27,2760,20241023_PlasmaExtract4.wiff.scan
DG(35:6)_C16:0,616.49,343.19,400,20241023_PlasmaExtract4.wiff.scan
DG(35:5)_C16:0,618.51,345.21,560,20241023_PlasmaExtract4.wiff.scan
"""DG(35:4),DG(O-36:4),DG(dO-37:4)_C16:0""",620.6,347.3,280,20241023_PlasmaExtract4.wiff.scan
DG(35:3)_C16:0,622.54,349.24,120,20241023_PlasmaExtract4.wiff.scan
"""DG(dO-38:9),DG(35:2)_C16:0""",624.56,351.26,520,20241023_PlasmaExtract4.wiff.scan
"""DG(36:8),DG(35:1)_C16:0""",626.57,353.27,2160,20241023_PlasmaExtract4.wiff.scan
"""DG(36:7),DG(35:0)_C16:0""",628.59,355.29,920,20241023_PlasmaExtract4.wiff.scan
DG(36:6)_C16:0,630.51,357.21,640,20241023_PlasmaExtract4.wiff.scan
DG(36:5)_C16:0,632.53,359.23,160,20241023_PlasmaExtract4.wiff.scan
"""DG(36:4),DG(O-37:4)_C16:0""",634.58,361.28,40,20241023_PlasmaExtract4.wiff.scan
DG(36:3)_C16:0,636.56,363.26,400,20241023_PlasmaExtract4.wiff.scan
"""DG(O-38:9),DG(36:2)_C16:0""",638.57,365.27,760,20241023_PlasmaExtract4.wiff.scan
"""DG(O-38:8),DG(36:1)_C16:0""",640.59,367.29,1080,20241023_PlasmaExtract4.wiff.scan
"""DG(37:7),DG(36:0)_C16:0""",642.6,369.3,220280,20241023_PlasmaExtract4.wiff.scan
DG(37:6)_C16:0,644.53,371.23,13600,20241023_PlasmaExtract4.wiff.scan
DG(37:5)_C16:0,646.54,373.24,560,20241023_PlasmaExtract4.wiff.scan
DG(37:4)_C16:0,648.56,375.26,280,20241023_PlasmaExtract4.wiff.scan
DG(37:3)_C16:0,650.57,377.27,400,20241023_PlasmaExtract4.wiff.scan
"""DG(38:9),DG(dO-40:9),DG(37:2)_C16:0""",652.59,379.29,440,20241023_PlasmaExtract4.wiff.scan
"""DG(38:8),DG(dO-40:8),DG(37:1)_C16:0""",654.6,381.3,2080,20241023_PlasmaExtract4.wiff.scan
"""DG(38:7),DG(37:0)_C16:0""",656.62,383.32,1400,20241023_PlasmaExtract4.wiff.scan
"""DG(38:6),DG(dO-40:6)_C16:0""",658.61,385.31,240,20241023_PlasmaExtract4.wiff.scan
DG(38:5)_C16:0,660.56,387.26,240,20241023_PlasmaExtract4.wiff.scan
DG(38:4)_C16:0,662.57,389.27,400,20241023_PlasmaExtract4.wiff.scan
DG(38:3)_C16:0,664.59,391.29,400,20241023_PlasmaExtract4.wiff.scan
"""DG(O-40:9),DG(38:2)_C16:0""",666.6,393.3,360,20241023_PlasmaExtract4.wiff.scan
"""DG(39:8),DG(O-40:8),DG(38:1)_C16:0""",668.62,395.32,1440,20241023_PlasmaExtract4.wiff.scan
"""DG(39:7),DG(38:0),DG(dO-40:0)_C16:0""",670.71,397.41,520,20241023_PlasmaExtract4.wiff.scan
DG(39:6)_C16:0,672.56,399.26,280,20241023_PlasmaExtract4.wiff.scan
DG(39:5)_C16:0,674.57,401.27,400,20241023_PlasmaExtract4.wiff.scan
DG(39:4)_C16:0,676.59,403.29,400,20241023_PlasmaExtract4.wiff.scan
"""DG(40:10),DG(39:3)_C16:0""",678.6,405.3,320,20241023_PlasmaExtract4.wiff.scan
"""DG(40:9),DG(39:2)_C16:0""",680.62,407.32,800,20241023_PlasmaExtract4.wiff.scan
"""DG(40:8),DG(39:1)_C16:0""",682.63,409.33,1280,20241023_PlasmaExtract4.wiff.scan
"""DG(40:7),DG(39:0)_C16:0""",684.65,411.35,1040,20241023_PlasmaExtract4.wiff.scan
"""DG(40:6),DG(dO-40:0)_C16:0""",686.7,413.4,360,20241023_PlasmaExtract4.wiff.scan
DG(40:5)_C16:0,688.59,415.29,600,20241023_PlasmaExtract4.wiff.scan
DG(40:4)_C16:0,690.6,417.3,520,20241023_PlasmaExtract4.wiff.scan
DG(40:3)_C16:0,692.62,419.32,320,20241023_PlasmaExtract4.wiff.scan
DG(40:2)_C16:0,694.63,421.33,640,20241023_PlasmaExtract4.wiff.scan
DG(40:1)_C16:0,696.65,423.35,1480,20241023_PlasmaExtract4.wiff.scan
"""DG(41:7),DG(40:0)_C16:0""",698.67,425.37,640,20241023_PlasmaExtract4.wiff.scan
DG(41:6)_C16:0,700.59,427.29,480,20241023_PlasmaExtract4.wiff.scan
DG(41:5)_C16:0,702.6,429.3,280,20241023_PlasmaExtract4.wiff.scan
"""DG(42:11),DG(41:4)_C16:0""",704.62,431.32,360,20241023_PlasmaExtract4.wiff.scan
"""DG(42:10),DG(41:3)_C16:0""",706.63,433.33,200,20241023_PlasmaExtract4.wiff.scan
"""DG(42:9),DG(41:2)_C16:0""",708.65,435.35,120,20241023_PlasmaExtract4.wiff.scan
"""DG(42:8),DG(41:1)_C16:0""",710.67,437.37,1360,20241023_PlasmaExtract4.wiff.scan
"""DG(42:7),DG(41:0)_C16:0""",712.68,439.38,1440,20241023_PlasmaExtract4.wiff.scan
DG(42:6)_C16:0,714.6,441.3,760,20241023_PlasmaExtract4.wiff.scan
DG(42:5)_C16:0,716.62,443.32,280,20241023_PlasmaExtract4.wiff.scan
DG(42:4)_C16:0,718.63,445.33,240,20241023_PlasmaExtract4.wiff.scan
DG(42:3)_C16:0,720.65,447.35,240,20241023_PlasmaExtract4.wiff.scan
DG(42:2)_C16:0,722.67,449.37,240,20241023_PlasmaExtract4.wiff.scan
DG(42:1)_C16:0,724.68,451.38,440,20241023_PlasmaExtract4.wiff.scan
DG(42:0)_C16:0,726.7,453.4,800,20241023_PlasmaExtract4.wiff.scan
DG(43:6)_C16:0,728.62,455.32,560,20241023_PlasmaExtract4.wiff.scan
"""DG(44:12),DG(43:5)_C16:0""",730.63,457.33,240,20241023_PlasmaExtract4.wiff.scan
"""DG(44:11),DG(43:4)_C16:0""",732.65,459.35,640,20241023_PlasmaExtract4.wiff.scan
"""DG(44:10),DG(43:3)_C16:0""",734.67,461.37,280,20241023_PlasmaExtract4.wiff.scan
"""DG(44:9),DG(43:2)_C16:0""",736.68,463.38,520,20241023_PlasmaExtract4.wiff.scan
"""DG(44:8),DG(43:1)_C16:0""",738.7,465.4,1240,20241023_PlasmaExtract4.wiff.scan
"""DG(44:7),DG(43:0)_C16:0""",740.71,467.41,2400,20241023_PlasmaExtract4.wiff.scan
DG(44:6)_C16:0,742.63,469.33,680,20241023_PlasmaExtract4.wiff.scan
DG(44:5)_C16:0,744.65,471.35,200,20241023_PlasmaExtract4.wiff.scan
DG(44:4)_C16:0,746.67,473.37,240,20241023_PlasmaExtract4.wiff.scan
DG(44:3)_C16:0,748.68,475.38,280,20241023_PlasmaExtract4.wiff.scan
DG(44:2)_C16:0,750.7,477.4,600,20241023_PlasmaExtract4.wiff.scan
DG(44:1)_C16:0,752.71,479.41,600,20241023_PlasmaExtract4.wiff.scan
DG(44:0)_C16:0,754.73,481.43,1520,20241023_PlasmaExtract4.wiff.scan
"""[TG(56:11),TG(55:4)]_FA22:5""",914.82,567.52,200,20241023_PlasmaExtract24.wiff.scan
"""[TG(57:11),TG(56:4)]_FA22:5""",928.83,581.53,480,20241023_PlasmaExtract24.wiff.scan
"""[TG(58:11),TG(57:4)]_FA22:5""",942.85,595.55,640,20241023_PlasmaExtract24.wiff.scan
"""[TG(59:11),TG(58:4)]_FA22:5""",956.86,609.56,520,20241023_PlasmaExtract24.wiff.scan
"""[TG(60:11),TG(59:4)]_FA22:5""",970.88,623.58,240,20241023_PlasmaExtract24.wiff.scan
"""[TG(61:11),TG(60:4)]_FA22:5""",984.9,637.6,720,20241023_PlasmaExtract24.wiff.scan
"""[TG(62:11),TG(61:4)]_FA22:5""",998.91,651.61,400,20241023_PlasmaExtract24.wiff.scan
"""[TG(63:11),TG(62:4)]_FA22:5""",1012.93,665.63,40,20241023_PlasmaExtract24.wiff.scan
"""[TG(64:11),TG(63:4)]_FA22:5""",1026.94,679.64,40,20241023_PlasmaExtract24.wiff.scan
"""[TG(66:11),TG(65:4)]_FA22:5""",1054.97,707.67,160,20241023_PlasmaExtract24.wiff.scan
"""[TG(66:18),TG(65:11),TG(64:4)]_FA22:5""",1040.96,693.66,200,20241023_PlasmaExtract24.wiff.scan
"""[TG(52:10),TG(51:3)]_FA22:5""",860.77,513.47,280,20241023_PlasmaExtract24.wiff.scan
"""[TG(56:10),TG(55:3)]_FA22:5""",916.83,569.53,240,20241023_PlasmaExtract24.wiff.scan
"""[TG(57:10),TG(56:3)]_FA22:5""",930.85,583.55,200,20241023_PlasmaExtract24.wiff.scan
"""[TG(58:10),TG(57:3)]_FA22:5""",944.86,597.56,920,20241023_PlasmaExtract24.wiff.scan
"""[TG(59:10),TG(58:3)]_FA22:5""",958.88,611.58,320,20241023_PlasmaExtract24.wiff.scan
"""[TG(60:10),TG(59:3)]_FA22:5""",972.9,625.6,360,20241023_PlasmaExtract24.wiff.scan
"""[TG(61:10),TG(60:3)]_FA22:5""",986.91,639.61,120,20241023_PlasmaExtract24.wiff.scan
"""[TG(62:10),TG(61:3)]_FA22:5""",1000.93,653.63,280,20241023_PlasmaExtract24.wiff.scan
"""[TG(64:10),TG(63:3)]_FA22:5""",1028.96,681.66,200,20241023_PlasmaExtract24.wiff.scan
"""[TG(64:17),TG(63:10),TG(62:3)]_FA22:5""",1014.94,667.64,320,20241023_PlasmaExtract24.wiff.scan
"""[TG(66:10),TG(65:3)]_FA22:5""",1056.99,709.69,240,20241023_PlasmaExtract24.wiff.scan
"""[TG(66:17),TG(65:10),TG(64:3)]_FA22:5""",1042.97,695.67,240,20241023_PlasmaExtract24.wiff.scan
"""[TG(50:9),TG(49:2)]_FA22:5""",834.76,487.46,1000,20241023_PlasmaExtract24.wiff.scan
"""[TG(51:9),TG(50:2)]_FA22:5""",848.77,501.47,440,20241023_PlasmaExtract24.wiff.scan
"""[TG(52:9),TG(51:2)]_FA22:5""",862.79,515.49,120,20241023_PlasmaExtract24.wiff.scan
"""[TG(53:9),TG(52:2)]_FA22:5""",876.8,529.5,400,20241023_PlasmaExtract24.wiff.scan
"""[TG(57:9),TG(56:2)]_FA22:5""",932.86,585.56,440,20241023_PlasmaExtract24.wiff.scan
"""[TG(58:9),TG(57:2)]_FA22:5""",946.88,599.58,1040,20241023_PlasmaExtract24.wiff.scan
"""[TG(59:9),TG(58:2)]_FA22:5""",960.9,613.6,320,20241023_PlasmaExtract24.wiff.scan
"""[TG(60:9),TG(59:2)]_FA22:5""",974.91,627.61,400,20241023_PlasmaExtract24.wiff.scan
"""[TG(62:16),TG(61:9),TG(60:2)]_FA22:5""",988.93,641.63,200,20241023_PlasmaExtract24.wiff.scan
"""[TG(62:9),TG(61:2)]_FA22:5""",1002.94,655.64,0,20241023_PlasmaExtract24.wiff.scan
"""[TG(64:16),TG(63:9),TG(62:2)]_FA22:5""",1016.96,669.66,240,20241023_PlasmaExtract24.wiff.scan
"""[TG(64:9),TG(63:2)]_FA22:5""",1030.97,683.67,360,20241023_PlasmaExtract24.wiff.scan
"""[TG(66:16),TG(65:9),TG(64:2)]_FA22:5""",1044.99,697.69,200,20241023_PlasmaExtract24.wiff.scan
"""[TG(66:9),TG(65:2)]_FA22:5""",1059.01,711.71,440,20241023_PlasmaExtract24.wiff.scan
"""[TG(48:8),TG(47:1)]_FA22:5""",808.74,461.44,280,20241023_PlasmaExtract24.wiff.scan
"""[TG(49:8),TG(48:1)]_FA22:5""",822.76,475.46,480,20241023_PlasmaExtract24.wiff.scan
"""[TG(50:8),TG(49:1)]_FA22:5""",836.77,489.47,600,20241023_PlasmaExtract24.wiff.scan
"""[TG(51:8),TG(50:1)]_FA22:5""",850.79,503.49,880,20241023_PlasmaExtract24.wiff.scan
"""[TG(52:8),TG(51:1)]_FA22:5""",864.8,517.5,440,20241023_PlasmaExtract24.wiff.scan
"""[TG(53:8),TG(52:1)]_FA22:5""",878.82,531.52,1000,20241023_PlasmaExtract24.wiff.scan
"""[TG(56:8),TG(55:1)]_FA22:5""",920.86,573.56,1200,20241023_PlasmaExtract24.wiff.scan
"""[TG(57:8),TG(56:1)]_FA22:5""",934.88,587.58,200,20241023_PlasmaExtract24.wiff.scan
"""[TG(58:8),TG(57:1)]_FA22:5""",948.9,601.6,480,20241023_PlasmaExtract24.wiff.scan
"""[TG(60:15),TG(59:8),TG(58:1)]_FA22:5""",962.91,615.61,440,20241023_PlasmaExtract24.wiff.scan
"""[TG(60:8),TG(59:1)]_FA22:5""",976.93,629.63,120,20241023_PlasmaExtract24.wiff.scan
"""[TG(62:15),TG(61:8),TG(60:1)]_FA22:5""",990.94,643.64,360,20241023_PlasmaExtract24.wiff.scan
"""[TG(62:8),TG(61:1)]_FA22:5""",1004.96,657.66,400,20241023_PlasmaExtract24.wiff.scan
"""[TG(64:15),TG(63:8),TG(62:1)]_FA22:5""",1018.97,671.67,240,20241023_PlasmaExtract24.wiff.scan
"""[TG(64:8),TG(63:1)]_FA22:5""",1032.99,685.69,360,20241023_PlasmaExtract24.wiff.scan
"""[TG(66:15),TG(65:8),TG(64:1)]_FA22:5""",1047.01,699.71,160,20241023_PlasmaExtract24.wiff.scan
"""[TG(66:8),TG(65:1)]_FA22:5""",1061.02,713.72,200,20241023_PlasmaExtract24.wiff.scan
"""[TG(48:7),TG(47:0)]_FA22:5""",810.76,463.46,320,20241023_PlasmaExtract24.wiff.scan
"""[TG(49:7),TG(48:0)]_FA22:5""",824.77,477.47,400,20241023_PlasmaExtract24.wiff.scan
"""[TG(50:7),TG(49:0)]_FA22:5""",838.79,491.49,280,20241023_PlasmaExtract24.wiff.scan
"""[TG(51:7),TG(50:0)]_FA22:5""",852.8,505.5,520,20241023_PlasmaExtract24.wiff.scan
"""[TG(52:7),TG(51:0)]_FA22:5""",866.82,519.52,1760,20241023_PlasmaExtract24.wiff.scan
"""[TG(53:7),TG(52:0)]_FA22:5""",880.83,533.53,320,20241023_PlasmaExtract24.wiff.scan
"""[TG(54:7),TG(53:0)]_FA22:5""",894.85,547.55,680,20241023_PlasmaExtract24.wiff.scan
"""[TG(55:7),TG(54:0)]_FA22:5""",908.86,561.56,480,20241023_PlasmaExtract24.wiff.scan
"""[TG(56:7),TG(55:0)]_FA22:5""",922.88,575.58,880,20241023_PlasmaExtract24.wiff.scan
"""[TG(58:14),TG(57:7),TG(56:0)]_FA22:5""",936.9,589.6,640,20241023_PlasmaExtract24.wiff.scan
"""[TG(60:14),TG(59:7),TG(58:0)]_FA22:5""",964.93,617.63,560,20241023_PlasmaExtract24.wiff.scan
"""[TG(61:14),TG(60:7),TG(59:0)]_FA22:5""",978.94,631.64,200,20241023_PlasmaExtract24.wiff.scan
"""[TG(62:14),TG(61:7),TG(60:0)]_FA22:5""",992.96,645.66,120,20241023_PlasmaExtract24.wiff.scan
"""[TG(62:7),TG(61:0)]_FA22:5""",1006.97,659.67,400,20241023_PlasmaExtract24.wiff.scan
"""[TG(64:14),TG(63:7),TG(62:0)]_FA22:5""",1020.99,673.69,80,20241023_PlasmaExtract24.wiff.scan
"""[TG(64:7),TG(63:0)]_FA22:5""",1035.01,687.71,400,20241023_PlasmaExtract24.wiff.scan
"""[TG(66:14),TG(65:7),TG(64:0)]_FA22:5""",1049.02,701.72,160,20241023_PlasmaExtract24.wiff.scan
[TG(44:5)]_FA22:5,758.63,411.33,760,20241023_PlasmaExtract24.wiff.scan
[TG(45:5)]_FA22:5,772.65,425.35,520,20241023_PlasmaExtract24.wiff.scan
[TG(46:5)]_FA22:5,786.66,439.36,520,20241023_PlasmaExtract24.wiff.scan
[TG(46:6)]_FA22:5,784.65,437.35,1200,20241023_PlasmaExtract24.wiff.scan
[TG(47:5)]_FA22:5,800.68,453.38,480,20241023_PlasmaExtract24.wiff.scan
[TG(47:6)]_FA22:5,798.66,451.36,760,20241023_PlasmaExtract24.wiff.scan
[TG(48:5)]_FA22:5,814.69,467.39,800,20241023_PlasmaExtract24.wiff.scan
[TG(48:6)]_FA22:5,812.68,465.38,600,20241023_PlasmaExtract24.wiff.scan
[TG(49:5)]_FA22:5,828.71,481.41,160,20241023_PlasmaExtract24.wiff.scan
[TG(49:6)]_FA22:5,826.69,479.39,360,20241023_PlasmaExtract24.wiff.scan
[TG(50:6)]_FA22:5,840.71,493.41,440,20241023_PlasmaExtract24.wiff.scan
[TG(51:5)]_FA22:5,856.74,509.44,680,20241023_PlasmaExtract24.wiff.scan
[TG(51:6)]_FA22:5,854.72,507.42,880,20241023_PlasmaExtract24.wiff.scan
[TG(52:6)]_FA22:5,868.74,521.44,280,20241023_PlasmaExtract24.wiff.scan
[TG(53:6)]_FA22:5,882.76,535.46,520,20241023_PlasmaExtract24.wiff.scan
"""[TG(54:12),TG(53:5)]_FA22:5""",884.77,537.47,440,20241023_PlasmaExtract24.wiff.scan
"""[TG(56:12),TG(55:5)]_FA22:5""",912.8,565.5,480,20241023_PlasmaExtract24.wiff.scan
"""[TG(56:13),TG(55:6)]_FA22:5""",910.79,563.49,440,20241023_PlasmaExtract24.wiff.scan
[TG(56:6)]_FA22:5,924.8,577.5,1800,20241023_PlasmaExtract24.wiff.scan
"""[TG(57:12),TG(56:5)]_FA22:5""",926.82,579.52,680,20241023_PlasmaExtract24.wiff.scan
"""[TG(58:12),TG(57:5)]_FA22:5""",940.83,593.53,200,20241023_PlasmaExtract24.wiff.scan
"""[TG(58:13),TG(57:6)]_FA22:5""",938.82,591.52,480,20241023_PlasmaExtract24.wiff.scan
"""[TG(59:12),TG(58:5)]_FA22:5""",954.85,607.55,80,20241023_PlasmaExtract24.wiff.scan
"""[TG(59:13),TG(58:6)]_FA22:5""",952.83,605.53,120,20241023_PlasmaExtract24.wiff.scan
"""[TG(60:12),TG(59:5)]_FA22:5""",968.86,621.56,240,20241023_PlasmaExtract24.wiff.scan
"""[TG(60:13),TG(59:6)]_FA22:5""",966.85,619.55,200,20241023_PlasmaExtract24.wiff.scan
"""[TG(61:12),TG(60:5)]_FA22:5""",982.88,635.58,240,20241023_PlasmaExtract24.wiff.scan
"""[TG(61:13),TG(60:6)]_FA22:5""",980.86,633.56,160,20241023_PlasmaExtract24.wiff.scan
"""[TG(62:12),TG(61:5)]_FA22:5""",996.9,649.6,120,20241023_PlasmaExtract24.wiff.scan
"""[TG(62:13),TG(61:6)]_FA22:5""",994.88,647.58,80,20241023_PlasmaExtract24.wiff.scan
"""[TG(63:12),TG(62:5)]_FA22:5""",1010.91,663.61,400,20241023_PlasmaExtract24.wiff.scan
"""[TG(63:13),TG(62:6)]_FA22:5""",1008.9,661.6,560,20241023_PlasmaExtract24.wiff.scan
"""[TG(64:12),TG(63:5)]_FA22:5""",1024.93,677.63,240,20241023_PlasmaExtract24.wiff.scan
"""[TG(64:13),TG(63:6)]_FA22:5""",1022.91,675.61,240,20241023_PlasmaExtract24.wiff.scan
[TG(64:6)]_FA22:5,1036.93,689.63,160,20241023_PlasmaExtract24.wiff.scan
"""[TG(65:12),TG(64:5)]_FA22:5""",1038.94,691.64,160,20241023_PlasmaExtract24.wiff.scan
"""[TG(66:12),TG(65:5)]_FA22:5""",1052.96,705.66,160,20241023_PlasmaExtract24.wiff.scan
"""[TG(66:13),TG(65:6)]_FA22:5""",1050.94,703.64,1360,20241023_PlasmaExtract24.wiff.scan
[TG(66:5)]_FA22:5,1066.97,719.67,440,20241023_PlasmaExtract24.wiff.scan
[TG(66:6)]_FA22:5,1064.96,717.66,440,20241023_PlasmaExtract24.wiff.scan
[TG(66:7)]_FA22:5,1062.94,715.64,80,20241023_PlasmaExtract24.wiff.scan
[TG(50:5)]_FA22:5,842.72,495.42,680,20241023_PlasmaExtract24.wiff.scan
[TG(52:5)]_FA22:5,870.76,523.46,680,20241023_PlasmaExtract24.wiff.scan
"""[TG(53:10),TG(52:3)]_FA22:5""",874.79,527.49,840,20241023_PlasmaExtract24.wiff.scan
"""[TG(54:10),TG(53:3)]_FA22:5""",888.8,541.5,480,20241023_PlasmaExtract24.wiff.scan
"""[TG(54:11),TG(53:4)]_FA22:5""",886.79,539.49,160,20241023_PlasmaExtract24.wiff.scan
[TG(54:5)]_FA22:5,898.79,551.49,1480,20241023_PlasmaExtract24.wiff.scan
[TG(54:6)]_FA22:5,896.77,549.47,800,20241023_PlasmaExtract24.wiff.scan
"""[TG(54:8),TG(53:1)]_FA22:5""",892.83,545.53,840,20241023_PlasmaExtract24.wiff.scan
"""[TG(54:9),TG(53:2)]_FA22:5""",890.82,543.52,680,20241023_PlasmaExtract24.wiff.scan
"""[TG(55:10),TG(54:3)]_FA22:5""",902.82,555.52,160,20241023_PlasmaExtract24.wiff.scan
"""[TG(55:11),TG(54:4)]_FA22:5""",900.8,553.5,440,20241023_PlasmaExtract24.wiff.scan
"""[TG(55:8),TG(54:1)]_FA22:5""",906.85,559.55,400,20241023_PlasmaExtract24.wiff.scan
"""[TG(55:9),TG(54:2)]_FA22:5""",904.83,557.53,640,20241023_PlasmaExtract24.wiff.scan
"""[TG(56:9),TG(55:2)]_FA22:5""",918.85,571.55,480,20241023_PlasmaExtract24.wiff.scan
"""[TG(58:7),TG(57:0)]_FA22:5""",950.91,603.61,680,20241023_PlasmaExtract24.wiff.scan
CE(12:0),586.56,369.2,1840,20241023_PlasmaExtract3.wiff.scan
CE(14:0),614.59,369.2,30320,20241023_PlasmaExtract3.wiff.scan
CE(14:1),612.57,369.2,6320,20241023_PlasmaExtract3.wiff.scan
CE(15:0),628.6,369.2,12640,20241023_PlasmaExtract3.wiff.scan
CE(15:1),626.59,369.2,3720,20241023_PlasmaExtract3.wiff.scan
CE(16:0),642.62,369.2,326040,20241023_PlasmaExtract3.wiff.scan
CE(16:1),640.6,369.2,149080,20241023_PlasmaExtract3.wiff.scan
CE(16:2),638.59,369.2,10920,20241023_PlasmaExtract3.wiff.scan
CE(16:3),636.57,369.2,1560,20241023_PlasmaExtract3.wiff.scan
CE(17:0),656.63,369.2,9400,20241023_PlasmaExtract3.wiff.scan
CE(17:1),654.62,369.2,17880,20241023_PlasmaExtract3.wiff.scan
CE(18:0),670.65,369.2,68320,20241023_PlasmaExtract3.wiff.scan
CE(18:1),668.63,369.2,965240,20241023_PlasmaExtract3.wiff.scan
CE(18:2),666.62,369.2,4904800,20241023_PlasmaExtract3.wiff.scan
CE(18:3),664.6,369.2,360320,20241023_PlasmaExtract3.wiff.scan
CE(19:0),684.67,369.2,16560,20241023_PlasmaExtract3.wiff.scan
CE(20:0),698.68,369.2,104720,20241023_PlasmaExtract3.wiff.scan
CE(20:1),696.67,369.2,25960,20241023_PlasmaExtract3.wiff.scan
CE(20:2),694.65,369.2,5800,20241023_PlasmaExtract3.wiff.scan
CE(20:3),692.63,369.2,67880,20241023_PlasmaExtract3.wiff.scan
CE(20:4),690.62,369.2,251480,20241023_PlasmaExtract3.wiff.scan
CE(20:5),688.6,369.2,59960,20241023_PlasmaExtract3.wiff.scan
CE(22:0),726.71,369.2,5400,20241023_PlasmaExtract3.wiff.scan
CE(22:1),724.7,369.2,5680,20241023_PlasmaExtract3.wiff.scan
CE(22:2),722.68,369.2,23880,20241023_PlasmaExtract3.wiff.scan
CE(22:3),720.67,369.2,9440,20241023_PlasmaExtract3.wiff.scan
CE(22:4),718.65,369.2,3880,20241023_PlasmaExtract3.wiff.scan
CE(22:5),716.63,369.2,17560,20241023_PlasmaExtract3.wiff.scan
CE(22:6),714.62,369.2,62000,20241023_PlasmaExtract3.wiff.scan
CE(24:1),752.73,369.2,6760,20241023_PlasmaExtract3.wiff.scan
CE(46:3;O2),1089.03,369.2,6040,20241023_PlasmaExtract3.wiff.scan
CE(48:3;O2),1117.06,369.2,9280,20241023_PlasmaExtract3.wiff.scan
CE(50:3;O2),1145.09,369.2,12720,20241023_PlasmaExtract3.wiff.scan
CE(52:3;O2),1173.13,369.2,18120,20241023_PlasmaExtract3.wiff.scan
"""[TG(48:7),TG(47:0)]_FA16:1""",810.76,539.46,0,20241023_PlasmaExtract18.wiff.scan
"""[TG(49:7),TG(48:0)]_FA16:1""",824.77,553.47,80,20241023_PlasmaExtract18.wiff.scan
"""[TG(50:7),TG(49:0)]_FA16:1""",838.79,567.49,0,20241023_PlasmaExtract18.wiff.scan
"""[TG(51:7),TG(50:0)]_FA16:1""",852.8,581.5,0,20241023_PlasmaExtract18.wiff.scan
"""[TG(52:7),TG(51:0)]_FA16:1""",866.82,595.52,0,20241023_PlasmaExtract18.wiff.scan
"""[TG(53:7),TG(52:0)]_FA16:1""",880.83,609.53,0,20241023_PlasmaExtract18.wiff.scan
"""[TG(54:7),TG(53:0)]_FA16:1""",894.85,623.55,0,20241023_PlasmaExtract18.wiff.scan
"""[TG(55:7),TG(54:0)]_FA16:1""",908.86,637.56,0,20241023_PlasmaExtract18.wiff.scan
"""[TG(56:7),TG(55:0)]_FA16:1""",922.88,651.58,0,20241023_PlasmaExtract18.wiff.scan
"""[TG(58:14),TG(57:7),TG(56:0)]_FA16:1""",936.9,665.6,0,20241023_PlasmaExtract18.wiff.scan
"""[TG(60:14),TG(59:7),TG(58:0)]_FA16:1""",964.93,693.63,0,20241023_PlasmaExtract18.wiff.scan
"""[TG(61:14),TG(60:7),TG(59:0)]_FA16:1""",978.94,707.64,0,20241023_PlasmaExtract18.wiff.scan
"""[TG(62:14),TG(61:7),TG(60:0)]_FA16:1""",992.96,721.66,0,20241023_PlasmaExtract18.wiff.scan
"""[TG(62:7),TG(61:0)]_FA16:1""",1006.97,735.67,0,20241023_PlasmaExtract18.wiff.scan
"""[TG(64:14),TG(63:7),TG(62:0)]_FA16:1""",1020.99,749.69,0,20241023_PlasmaExtract18.wiff.scan
"""[TG(64:7),TG(63:0)]_FA16:1""",1035.01,763.71,0,20241023_PlasmaExtract18.wiff.scan
"""[TG(66:14),TG(65:7),TG(64:0)]_FA16:1""",1049.02,777.72,0,20241023_PlasmaExtract18.wiff.scan
[TG(38:1)]_FA16:1,682.6,411.3,0,20241023_PlasmaExtract18.wiff.scan
[TG(39:1)]_FA16:1,696.61,425.31,0,20241023_PlasmaExtract18.wiff.scan
[TG(40:1)]_FA16:1,710.63,439.33,0,20241023_PlasmaExtract18.wiff.scan
[TG(40:2)]_FA16:1,708.61,437.31,0,20241023_PlasmaExtract18.wiff.scan
[TG(41:1)]_FA16:1,724.65,453.35,0,20241023_PlasmaExtract18.wiff.scan
[TG(41:2)]_FA16:1,722.63,451.33,0,20241023_PlasmaExtract18.wiff.scan
[TG(42:1)]_FA16:1,738.66,467.36,0,20241023_PlasmaExtract18.wiff.scan
[TG(42:2)]_FA16:1,736.65,465.35,0,20241023_PlasmaExtract18.wiff.scan
[TG(42:3)]_FA16:1,734.63,463.33,40,20241023_PlasmaExtract18.wiff.scan
[TG(42:4)]_FA16:1,732.61,461.31,0,20241023_PlasmaExtract18.wiff.scan
[TG(43:1)]_FA16:1,752.68,481.38,0,20241023_PlasmaExtract18.wiff.scan
[TG(43:2)]_FA16:1,750.66,479.36,0,20241023_PlasmaExtract18.wiff.scan
[TG(43:3)]_FA16:1,748.65,477.35,0,20241023_PlasmaExtract18.wiff.scan
[TG(43:4)]_FA16:1,746.63,475.33,0,20241023_PlasmaExtract18.wiff.scan
[TG(44:1)]_FA16:1,766.69,495.39,0,20241023_PlasmaExtract18.wiff.scan
[TG(44:2)]_FA16:1,764.68,493.38,0,20241023_PlasmaExtract18.wiff.scan
[TG(44:3)]_FA16:1,762.66,491.36,0,20241023_PlasmaExtract18.wiff.scan
[TG(44:4)]_FA16:1,760.65,489.35,0,20241023_PlasmaExtract18.wiff.scan
[TG(44:5)]_FA16:1,758.63,487.33,0,20241023_PlasmaExtract18.wiff.scan
[TG(45:1)]_FA16:1,780.71,509.41,0,20241023_PlasmaExtract18.wiff.scan
[TG(45:2)]_FA16:1,778.69,507.39,0,20241023_PlasmaExtract18.wiff.scan
[TG(45:3)]_FA16:1,776.68,505.38,0,20241023_PlasmaExtract18.wiff.scan
[TG(45:4)]_FA16:1,774.66,503.36,0,20241023_PlasmaExtract18.wiff.scan
[TG(45:5)]_FA16:1,772.65,501.35,0,20241023_PlasmaExtract18.wiff.scan
[TG(46:1)]_FA16:1,794.72,523.42,0,20241023_PlasmaExtract18.wiff.scan
[TG(46:2)]_FA16:1,792.71,521.41,0,20241023_PlasmaExtract18.wiff.scan
[TG(46:3)]_FA16:1,790.69,519.39,0,20241023_PlasmaExtract18.wiff.scan
[TG(46:4)]_FA16:1,788.68,517.38,0,20241023_PlasmaExtract18.wiff.scan
[TG(46:5)]_FA16:1,786.66,515.36,0,20241023_PlasmaExtract18.wiff.scan
[TG(46:6)]_FA16:1,784.65,513.35,0,20241023_PlasmaExtract18.wiff.scan
[TG(47:2)]_FA16:1,806.72,535.42,40,20241023_PlasmaExtract18.wiff.scan
[TG(47:3)]_FA16:1,804.71,533.41,0,20241023_PlasmaExtract18.wiff.scan
[TG(47:4)]_FA16:1,802.69,531.39,0,20241023_PlasmaExtract18.wiff.scan
[TG(47:5)]_FA16:1,800.68,529.38,0,20241023_PlasmaExtract18.wiff.scan
[TG(47:6)]_FA16:1,798.66,527.36,0,20241023_PlasmaExtract18.wiff.scan
[TG(48:2)]_FA16:1,820.74,549.44,0,20241023_PlasmaExtract18.wiff.scan
[TG(48:3)]_FA16:1,818.72,547.42,0,20241023_PlasmaExtract18.wiff.scan
[TG(48:4)]_FA16:1,816.71,545.41,0,20241023_PlasmaExtract18.wiff.scan
[TG(48:5)]_FA16:1,814.69,543.39,0,20241023_PlasmaExtract18.wiff.scan
[TG(48:6)]_FA16:1,812.68,541.38,0,20241023_PlasmaExtract18.wiff.scan
"""[TG(48:8),TG(47:1)]_FA16:1""",808.74,537.44,40,20241023_PlasmaExtract18.wiff.scan
[TG(49:3)]_FA16:1,832.74,561.44,0,20241023_PlasmaExtract18.wiff.scan
[TG(49:4)]_FA16:1,830.72,559.42,40,20241023_PlasmaExtract18.wiff.scan
[TG(49:5)]_FA16:1,828.71,557.41,0,20241023_PlasmaExtract18.wiff.scan
[TG(49:6)]_FA16:1,826.69,555.39,0,20241023_PlasmaExtract18.wiff.scan
"""[TG(49:8),TG(48:1)]_FA16:1""",822.76,551.46,440,20241023_PlasmaExtract18.wiff.scan
[TG(50:3)]_FA16:1,846.76,575.46,600,20241023_PlasmaExtract18.wiff.scan
[TG(50:4)]_FA16:1,844.74,573.44,80,20241023_PlasmaExtract18.wiff.scan
[TG(50:6)]_FA16:1,840.71,569.41,40,20241023_PlasmaExtract18.wiff.scan
"""[TG(50:8),TG(49:1)]_FA16:1""",836.77,565.47,40,20241023_PlasmaExtract18.wiff.scan
"""[TG(50:9),TG(49:2)]_FA16:1""",834.76,563.46,80,20241023_PlasmaExtract18.wiff.scan
[TG(51:4)]_FA16:1,858.76,587.46,0,20241023_PlasmaExtract18.wiff.scan
[TG(51:5)]_FA16:1,856.74,585.44,0,20241023_PlasmaExtract18.wiff.scan
[TG(51:6)]_FA16:1,854.72,583.42,0,20241023_PlasmaExtract18.wiff.scan
"""[TG(51:8),TG(50:1)]_FA16:1""",850.79,579.49,280,20241023_PlasmaExtract18.wiff.scan
"""[TG(51:9),TG(50:2)]_FA16:1""",848.77,577.47,800,20241023_PlasmaExtract18.wiff.scan
"""[TG(52:10),TG(51:3)]_FA16:1""",860.77,589.47,40,20241023_PlasmaExtract18.wiff.scan
[TG(52:4)]_FA16:1,872.77,601.47,0,20241023_PlasmaExtract18.wiff.scan
[TG(52:6)]_FA16:1,868.74,597.44,0,20241023_PlasmaExtract18.wiff.scan
"""[TG(52:8),TG(51:1)]_FA16:1""",864.8,593.5,0,20241023_PlasmaExtract18.wiff.scan
"""[TG(52:9),TG(51:2)]_FA16:1""",862.79,591.49,0,20241023_PlasmaExtract18.wiff.scan
[TG(53:6)]_FA16:1,882.76,611.46,0,20241023_PlasmaExtract18.wiff.scan
"""[TG(53:8),TG(52:1)]_FA16:1""",878.82,607.52,0,20241023_PlasmaExtract18.wiff.scan
"""[TG(53:9),TG(52:2)]_FA16:1""",876.8,605.5,0,20241023_PlasmaExtract18.wiff.scan
"""[TG(54:12),TG(53:5)]_FA16:1""",884.77,613.47,0,20241023_PlasmaExtract18.wiff.scan
"""[TG(56:10),TG(55:3)]_FA16:1""",916.83,645.53,0,20241023_PlasmaExtract18.wiff.scan
"""[TG(56:11),TG(55:4)]_FA16:1""",914.82,643.52,0,20241023_PlasmaExtract18.wiff.scan
"""[TG(56:12),TG(55:5)]_FA16:1""",912.8,641.5,0,20241023_PlasmaExtract18.wiff.scan
"""[TG(56:13),TG(55:6)]_FA16:1""",910.79,639.49,0,20241023_PlasmaExtract18.wiff.scan
[TG(56:6)]_FA16:1,924.8,653.5,0,20241023_PlasmaExtract18.wiff.scan
"""[TG(56:8),TG(55:1)]_FA16:1""",920.86,649.56,40,20241023_PlasmaExtract18.wiff.scan
"""[TG(57:10),TG(56:3)]_FA16:1""",930.85,659.55,120,20241023_PlasmaExtract18.wiff.scan
"""[TG(57:11),TG(56:4)]_FA16:1""",928.83,657.53,0,20241023_PlasmaExtract18.wiff.scan
"""[TG(57:12),TG(56:5)]_FA16:1""",926.82,655.52,0,20241023_PlasmaExtract18.wiff.scan
"""[TG(57:8),TG(56:1)]_FA16:1""",934.88,663.58,40,20241023_PlasmaExtract18.wiff.scan
"""[TG(57:9),TG(56:2)]_FA16:1""",932.86,661.56,0,20241023_PlasmaExtract18.wiff.scan
"""[TG(58:10),TG(57:3)]_FA16:1""",944.86,673.56,0,20241023_PlasmaExtract18.wiff.scan
"""[TG(58:11),TG(57:4)]_FA16:1""",942.85,671.55,40,20241023_PlasmaExtract18.wiff.scan
"""[TG(58:12),TG(57:5)]_FA16:1""",940.83,669.53,0,20241023_PlasmaExtract18.wiff.scan
"""[TG(58:13),TG(57:6)]_FA16:1""",938.82,667.52,0,20241023_PlasmaExtract18.wiff.scan
"""[TG(58:8),TG(57:1)]_FA16:1""",948.9,677.6,0,20241023_PlasmaExtract18.wiff.scan
"""[TG(58:9),TG(57:2)]_FA16:1""",946.88,675.58,0,20241023_PlasmaExtract18.wiff.scan
"""[TG(59:10),TG(58:3)]_FA16:1""",958.88,687.58,0,20241023_PlasmaExtract18.wiff.scan
"""[TG(59:11),TG(58:4)]_FA16:1""",956.86,685.56,0,20241023_PlasmaExtract18.wiff.scan
"""[TG(59:12),TG(58:5)]_FA16:1""",954.85,683.55,0,20241023_PlasmaExtract18.wiff.scan
"""[TG(59:13),TG(58:6)]_FA16:1""",952.83,681.53,0,20241023_PlasmaExtract18.wiff.scan
"""[TG(59:9),TG(58:2)]_FA16:1""",960.9,689.6,0,20241023_PlasmaExtract18.wiff.scan
"""[TG(60:10),TG(59:3)]_FA16:1""",972.9,701.6,0,20241023_PlasmaExtract18.wiff.scan
"""[TG(60:11),TG(59:4)]_FA16:1""",970.88,699.58,0,20241023_PlasmaExtract18.wiff.scan
"""[TG(60:12),TG(59:5)]_FA16:1""",968.86,697.56,80,20241023_PlasmaExtract18.wiff.scan
"""[TG(60:13),TG(59:6)]_FA16:1""",966.85,695.55,0,20241023_PlasmaExtract18.wiff.scan
"""[TG(60:15),TG(59:8),TG(58:1)]_FA16:1""",962.91,691.61,0,20241023_PlasmaExtract18.wiff.scan
"""[TG(60:8),TG(59:1)]_FA16:1""",976.93,705.63,40,20241023_PlasmaExtract18.wiff.scan
"""[TG(60:9),TG(59:2)]_FA16:1""",974.91,703.61,0,20241023_PlasmaExtract18.wiff.scan
"""[TG(61:10),TG(60:3)]_FA16:1""",986.91,715.61,0,20241023_PlasmaExtract18.wiff.scan
"""[TG(61:11),TG(60:4)]_FA16:1""",984.9,713.6,0,20241023_PlasmaExtract18.wiff.scan
"""[TG(61:12),TG(60:5)]_FA16:1""",982.88,711.58,0,20241023_PlasmaExtract18.wiff.scan
"""[TG(61:13),TG(60:6)]_FA16:1""",980.86,709.56,0,20241023_PlasmaExtract18.wiff.scan
"""[TG(62:10),TG(61:3)]_FA16:1""",1000.93,729.63,0,20241023_PlasmaExtract18.wiff.scan
"""[TG(62:11),TG(61:4)]_FA16:1""",998.91,727.61,0,20241023_PlasmaExtract18.wiff.scan
"""[TG(62:12),TG(61:5)]_FA16:1""",996.9,725.6,0,20241023_PlasmaExtract18.wiff.scan
"""[TG(62:13),TG(61:6)]_FA16:1""",994.88,723.58,0,20241023_PlasmaExtract18.wiff.scan
"""[TG(62:15),TG(61:8),TG(60:1)]_FA16:1""",990.94,719.64,0,20241023_PlasmaExtract18.wiff.scan
"""[TG(62:16),TG(61:9),TG(60:2)]_FA16:1""",988.93,717.63,0,20241023_PlasmaExtract18.wiff.scan
"""[TG(62:8),TG(61:1)]_FA16:1""",1004.96,733.66,0,20241023_PlasmaExtract18.wiff.scan
"""[TG(62:9),TG(61:2)]_FA16:1""",1002.94,731.64,0,20241023_PlasmaExtract18.wiff.scan
"""[TG(63:11),TG(62:4)]_FA16:1""",1012.93,741.63,0,20241023_PlasmaExtract18.wiff.scan
"""[TG(63:12),TG(62:5)]_FA16:1""",1010.91,739.61,0,20241023_PlasmaExtract18.wiff.scan
"""[TG(63:13),TG(62:6)]_FA16:1""",1008.9,737.6,0,20241023_PlasmaExtract18.wiff.scan
"""[TG(64:10),TG(63:3)]_FA16:1""",1028.96,757.66,0,20241023_PlasmaExtract18.wiff.scan
"""[TG(64:11),TG(63:4)]_FA16:1""",1026.94,755.64,0,20241023_PlasmaExtract18.wiff.scan
"""[TG(64:12),TG(63:5)]_FA16:1""",1024.93,753.63,0,20241023_PlasmaExtract18.wiff.scan
"""[TG(64:13),TG(63:6)]_FA16:1""",1022.91,751.61,0,20241023_PlasmaExtract18.wiff.scan
"""[TG(64:15),TG(63:8),TG(62:1)]_FA16:1""",1018.97,747.67,0,20241023_PlasmaExtract18.wiff.scan
"""[TG(64:16),TG(63:9),TG(62:2)]_FA16:1""",1016.96,745.66,0,20241023_PlasmaExtract18.wiff.scan
"""[TG(64:17),TG(63:10),TG(62:3)]_FA16:1""",1014.94,743.64,0,20241023_PlasmaExtract18.wiff.scan
[TG(64:6)]_FA16:1,1036.93,765.63,0,20241023_PlasmaExtract18.wiff.scan
"""[TG(64:8),TG(63:1)]_FA16:1""",1032.99,761.69,0,20241023_PlasmaExtract18.wiff.scan
"""[TG(64:9),TG(63:2)]_FA16:1""",1030.97,759.67,0,20241023_PlasmaExtract18.wiff.scan
"""[TG(65:12),TG(64:5)]_FA16:1""",1038.94,767.64,0,20241023_PlasmaExtract18.wiff.scan
[TG(66:1)]_FA16:1,1075.04,803.74,0,20241023_PlasmaExtract18.wiff.scan
"""[TG(66:10),TG(65:3)]_FA16:1""",1056.99,785.69,0,20241023_PlasmaExtract18.wiff.scan
"""[TG(66:11),TG(65:4)]_FA16:1""",1054.97,783.67,0,20241023_PlasmaExtract18.wiff.scan
"""[TG(66:12),TG(65:5)]_FA16:1""",1052.96,781.66,0,20241023_PlasmaExtract18.wiff.scan
"""[TG(66:13),TG(65:6)]_FA16:1""",1050.94,779.64,0,20241023_PlasmaExtract18.wiff.scan
"""[TG(66:15),TG(65:8),TG(64:1)]_FA16:1""",1047.01,775.71,0,20241023_PlasmaExtract18.wiff.scan
"""[TG(66:16),TG(65:9),TG(64:2)]_FA16:1""",1044.99,773.69,0,20241023_PlasmaExtract18.wiff.scan
"""[TG(66:17),TG(65:10),TG(64:3)]_FA16:1""",1042.97,771.67,0,20241023_PlasmaExtract18.wiff.scan
"""[TG(66:18),TG(65:11),TG(64:4)]_FA16:1""",1040.96,769.66,0,20241023_PlasmaExtract18.wiff.scan
[TG(66:2)]_FA16:1,1073.02,801.72,0,20241023_PlasmaExtract18.wiff.scan
[TG(66:3)]_FA16:1,1071.01,799.71,0,20241023_PlasmaExtract18.wiff.scan
[TG(66:4)]_FA16:1,1068.99,797.69,0,20241023_PlasmaExtract18.wiff.scan
[TG(66:5)]_FA16:1,1066.97,795.67,0,20241023_PlasmaExtract18.wiff.scan
[TG(66:6)]_FA16:1,1064.96,793.66,0,20241023_PlasmaExtract18.wiff.scan
[TG(66:7)]_FA16:1,1062.94,791.64,0,20241023_PlasmaExtract18.wiff.scan
"""[TG(66:8),TG(65:1)]_FA16:1""",1061.02,789.72,0,20241023_PlasmaExtract18.wiff.scan
"""[TG(66:9),TG(65:2)]_FA16:1""",1059.01,787.71,0,20241023_PlasmaExtract18.wiff.scan
[TG(50:5)]_FA16:1,842.72,571.42,0,20241023_PlasmaExtract18.wiff.scan
[TG(52:5)]_FA16:1,870.76,599.46,0,20241023_PlasmaExtract18.wiff.scan
"""[TG(53:10),TG(52:3)]_FA16:1""",874.79,603.49,0,20241023_PlasmaExtract18.wiff.scan
"""[TG(54:10),TG(53:3)]_FA16:1""",888.8,617.5,0,20241023_PlasmaExtract18.wiff.scan
"""[TG(54:11),TG(53:4)]_FA16:1""",886.79,615.49,0,20241023_PlasmaExtract18.wiff.scan
[TG(54:5)]_FA16:1,898.79,627.49,0,20241023_PlasmaExtract18.wiff.scan
[TG(54:6)]_FA16:1,896.77,625.47,0,20241023_PlasmaExtract18.wiff.scan
"""[TG(54:8),TG(53:1)]_FA16:1""",892.83,621.53,0,20241023_PlasmaExtract18.wiff.scan
"""[TG(54:9),TG(53:2)]_FA16:1""",890.82,619.52,0,20241023_PlasmaExtract18.wiff.scan
"""[TG(55:10),TG(54:3)]_FA16:1""",902.82,631.52,0,20241023_PlasmaExtract18.wiff.scan
"""[TG(55:11),TG(54:4)]_FA16:1""",900.8,629.5,0,20241023_PlasmaExtract18.wiff.scan
"""[TG(55:8),TG(54:1)]_FA16:1""",906.85,635.55,0,20241023_PlasmaExtract18.wiff.scan
"""[TG(55:9),TG(54:2)]_FA16:1""",904.83,633.53,0,20241023_PlasmaExtract18.wiff.scan
"""[TG(56:9),TG(55:2)]_FA16:1""",918.85,647.55,0,20241023_PlasmaExtract18.wiff.scan
"""[TG(58:7),TG(57:0)]_FA16:1""",950.91,679.61,0,20241023_PlasmaExtract18.wiff.scan
LPE(12:0),398.23,257.23,0,20241023_PlasmaExtract11.wiff.scan
LPE(14:0),426.26,285.26,40,20241023_PlasmaExtract11.wiff.scan
LPE(14:1),424.25,283.25,40,20241023_PlasmaExtract11.wiff.scan
"""LPE(15:1),LPE(P-16:0)""",438.3,297.3,0,20241023_PlasmaExtract11.wiff.scan
LPE(16:1),452.28,311.28,0,20241023_PlasmaExtract11.wiff.scan
"""LPE(17:1),LPE(O-18:1),LPE(P-18:0)""",466.33,325.33,0,20241023_PlasmaExtract11.wiff.scan
LPE(17:2),464.28,323.28,0,20241023_PlasmaExtract11.wiff.scan
LPE(18:1),480.31,339.31,40,20241023_PlasmaExtract11.wiff.scan
"""LPE(18:2),LPE(P-19:1)""",478.33,337.33,40,20241023_PlasmaExtract11.wiff.scan
LPE(18:3),476.28,335.28,0,20241023_PlasmaExtract11.wiff.scan
LPE(18:4),474.26,333.26,0,20241023_PlasmaExtract11.wiff.scan
"""LPE(19:1),LPE(P-20:0)""",494.36,353.36,0,20241023_PlasmaExtract11.wiff.scan
LPE(20:0),510.36,369.36,0,20241023_PlasmaExtract11.wiff.scan
LPE(20:1),508.34,367.34,120,20241023_PlasmaExtract11.wiff.scan
LPE(20:2),506.32,365.32,0,20241023_PlasmaExtract11.wiff.scan
LPE(20:3),504.31,363.31,0,20241023_PlasmaExtract11.wiff.scan
LPE(20:4),502.29,361.29,160,20241023_PlasmaExtract11.wiff.scan
LPE(20:5),500.28,359.28,0,20241023_PlasmaExtract11.wiff.scan
LPE(22:0),538.39,397.39,0,20241023_PlasmaExtract11.wiff.scan
LPE(22:1),536.37,395.37,0,20241023_PlasmaExtract11.wiff.scan
LPE(22:2),534.36,393.36,0,20241023_PlasmaExtract11.wiff.scan
LPE(22:4),530.32,389.32,40,20241023_PlasmaExtract11.wiff.scan
LPE(22:5),528.31,387.31,0,20241023_PlasmaExtract11.wiff.scan
LPE(22:6),526.29,385.29,80,20241023_PlasmaExtract11.wiff.scan
LPE(24:1),564.4,423.4,0,20241023_PlasmaExtract11.wiff.scan
LPE(24:6),554.32,413.32,40,20241023_PlasmaExtract11.wiff.scan
LPE(O-16:0),440.31,299.31,120,20241023_PlasmaExtract11.wiff.scan
LPE(O-20:0),496.38,355.38,0,20241023_PlasmaExtract11.wiff.scan
LPE(O-20:4),488.31,347.31,0,20241023_PlasmaExtract11.wiff.scan
"""PE(12:0),LPE(13:0)""",412.25,271.25,40,20241023_PlasmaExtract11.wiff.scan
"""PE(16:0),LPE(O-18:0)""",468.35,327.35,0,20241023_PlasmaExtract11.wiff.scan
"""PE(20:0),LPE(21:0)""",524.37,383.37,0,20241023_PlasmaExtract11.wiff.scan
PE(24:0),580.4,439.4,0,20241023_PlasmaExtract11.wiff.scan
PE(25:0),594.41,453.41,0,20241023_PlasmaExtract11.wiff.scan
PE(26:0),608.43,467.43,0,20241023_PlasmaExtract11.wiff.scan
PE(26:1),606.41,465.41,0,20241023_PlasmaExtract11.wiff.scan
"""PE(27:0),PE(O-28:0)""",622.48,481.48,0,20241023_PlasmaExtract11.wiff.scan
"""PE(27:1),PE(P-28:0)""",620.47,479.47,0,20241023_PlasmaExtract11.wiff.scan
"""PE(28:1),PE(P-29:0)""",634.48,493.48,0,20241023_PlasmaExtract11.wiff.scan
PE(28:2),632.43,491.43,0,20241023_PlasmaExtract11.wiff.scan
"""PE(29:0),PE(O-30:0)""",650.51,509.51,0,20241023_PlasmaExtract11.wiff.scan
"""PE(29:1),PE(O-30:1),PE(P-30:0)""",648.5,507.5,0,20241023_PlasmaExtract11.wiff.scan
"""PE(29:2),PE(P-30:1)""",646.48,505.48,0,20241023_PlasmaExtract11.wiff.scan
"""PE(30:0),PE(O-31:0)""",664.53,523.53,0,20241023_PlasmaExtract11.wiff.scan
"""PE(30:1),PE(O-31:1),PE(P-31:0)""",662.51,521.51,0,20241023_PlasmaExtract11.wiff.scan
"""PE(30:2),PE(P-31:1)""",660.5,519.5,0,20241023_PlasmaExtract11.wiff.scan
PE(30:3),658.44,517.44,0,20241023_PlasmaExtract11.wiff.scan
PE(30:4),656.43,515.43,0,20241023_PlasmaExtract11.wiff.scan
"""PE(31:0),PE(O-32:0)""",678.54,537.54,0,20241023_PlasmaExtract11.wiff.scan
"""PE(31:1),PE(O-32:1),PE(P-32:0)""",676.53,535.53,0,20241023_PlasmaExtract11.wiff.scan
"""PE(31:2),PE(P-32:1)""",674.51,533.51,0,20241023_PlasmaExtract11.wiff.scan
PE(31:3),672.46,531.46,0,20241023_PlasmaExtract11.wiff.scan
PE(31:4),670.44,529.44,0,20241023_PlasmaExtract11.wiff.scan
"""PE(32:0),PE(O-33:0)""",692.56,551.56,0,20241023_PlasmaExtract11.wiff.scan
"""PE(32:1),PE(O-33:1),PE(P-33:0)""",690.54,549.54,40,20241023_PlasmaExtract11.wiff.scan
"""PE(32:2),PE(O-33:2),PE(P-33:1)""",688.53,547.53,0,20241023_PlasmaExtract11.wiff.scan
"""PE(32:3),PE(P-33:2)""",686.51,545.51,0,20241023_PlasmaExtract11.wiff.scan
"""PE(32:4),PEd(O-34:4)""",684.53,543.53,0,20241023_PlasmaExtract11.wiff.scan
PE(32:5),682.44,541.44,0,20241023_PlasmaExtract11.wiff.scan
"""PE(33:0),PE(O-34:0)""",706.58,565.58,0,20241023_PlasmaExtract11.wiff.scan
"""PE(33:1),PE(O-34:1),PE(P-34:0)""",704.56,563.56,0,20241023_PlasmaExtract11.wiff.scan
"""PE(33:2),PE(O-34:2),PE(P-34:1)""",702.54,561.54,0,20241023_PlasmaExtract11.wiff.scan
"""PE(33:3),PE(O-34:3),PE(P-34:2)""",700.53,559.53,0,20241023_PlasmaExtract11.wiff.scan
"""PE(33:4),PE(O-34:4),PE(O-34:4),PE(P-34:3)""",698.51,557.51,0,20241023_PlasmaExtract11.wiff.scan
"""PE(33:5),PE(P-34:4)""",696.5,555.5,0,20241023_PlasmaExtract11.wiff.scan
"""PE(34:0),PE(O-35:0)""",720.59,579.59,0,20241023_PlasmaExtract11.wiff.scan
"""PE(34:1),PE(O-35:1),PE(P-35:0)""",718.58,577.58,40,20241023_PlasmaExtract11.wiff.scan
"""PE(34:2),PE(O-35:2),PE(P-35:1)""",716.56,575.56,0,20241023_PlasmaExtract11.wiff.scan
"""PE(34:3),PE(P-35:2)""",714.54,573.54,0,20241023_PlasmaExtract11.wiff.scan
PE(34:4),712.49,571.49,0,20241023_PlasmaExtract11.wiff.scan
PE(34:5),710.48,569.48,0,20241023_PlasmaExtract11.wiff.scan
PE(34:6),708.46,567.46,0,20241023_PlasmaExtract11.wiff.scan
"""PE(35:3),PE(O-36:3),PE(P-36:2)""",728.56,587.56,0,20241023_PlasmaExtract11.wiff.scan
"""PE(35:4),PE(O-36:4),PE(P-36:3)""",726.54,585.54,0,20241023_PlasmaExtract11.wiff.scan
"""PE(35:5),PE(O-36:5),PE(P-36:4)""",724.53,583.53,0,20241023_PlasmaExtract11.wiff.scan
"""PE(35:6),PE(P-36:5)""",722.51,581.51,0,20241023_PlasmaExtract11.wiff.scan
"""PE(36:3),PE(P-37:2)""",742.58,601.58,0,20241023_PlasmaExtract11.wiff.scan
"""PE(36:4),PE(O-37:4)""",740.56,599.56,0,20241023_PlasmaExtract11.wiff.scan
PE(36:5),738.51,597.51,0,20241023_PlasmaExtract11.wiff.scan
PE(36:6),736.49,595.49,0,20241023_PlasmaExtract11.wiff.scan
"""PE(36:7),PE(35:0),PE(O-36:0)""",734.61,593.61,0,20241023_PlasmaExtract11.wiff.scan
"""PE(36:8),PE(dO-38:8),PE(35:1),PE(O-36:1),PE(P-36:0)""",732.59,591.59,0,20241023_PlasmaExtract11.wiff.scan
"""PE(37:3),PE(O-38:3),PE(P-38:2)""",756.59,615.59,0,20241023_PlasmaExtract11.wiff.scan
"""PE(37:4),PE(O-38:4),PE(P-38:3)""",754.58,613.58,0,20241023_PlasmaExtract11.wiff.scan
"""PE(37:5),PE(O-38:5),PE(P-38:4)""",752.56,611.56,0,20241023_PlasmaExtract11.wiff.scan
"""PE(37:6),PE(O-38:6),PE(P-38:5)""",750.54,609.54,0,20241023_PlasmaExtract11.wiff.scan
"""PE(37:7),PE(P-38:6),PE(36:0),PE(O-37:0)""",748.62,607.62,0,20241023_PlasmaExtract11.wiff.scan
PE(38:3),770.57,629.57,0,20241023_PlasmaExtract11.wiff.scan
PE(38:4),768.55,627.55,0,20241023_PlasmaExtract11.wiff.scan
PE(38:5),766.54,625.54,0,20241023_PlasmaExtract11.wiff.scan
PE(38:6),764.52,623.52,0,20241023_PlasmaExtract11.wiff.scan
"""PE(38:7),PE(37:0),PE(O-38:0)""",762.64,621.64,0,20241023_PlasmaExtract11.wiff.scan
"""PE(38:8),PE(dO-40:8),PE(37:1),PE(O-38:1),PE(P-38:0)""",760.62,619.62,0,20241023_PlasmaExtract11.wiff.scan
"""PE(38:9),PE(dO-40:9),PE(37:2),PE(O-38:2),PE(P-38:1)""",758.61,617.61,0,20241023_PlasmaExtract11.wiff.scan
"""PE(39:4),PE(O-40:4),PE(P-40:3)""",782.61,641.61,0,20241023_PlasmaExtract11.wiff.scan
"""PE(39:5),PE(O-40:5),PE(P-40:4)""",780.59,639.59,0,20241023_PlasmaExtract11.wiff.scan
"""PE(39:6),PE(O-40:6),PE(P-40:5)""",778.58,637.58,0,20241023_PlasmaExtract11.wiff.scan
"""PE(39:7),PE(P-40:6),PE(38:0),PE(O-39:0)""",776.65,635.65,0,20241023_PlasmaExtract11.wiff.scan
"""PE(39:8),PE(O-40:8),PE(P-40:7),PE(38:1),PE(O-39:1),PE(P-39:0)""",774.64,633.64,0,20241023_PlasmaExtract11.wiff.scan
"""PE(40:1),PE(P-41:0)""",802.67,661.67,0,20241023_PlasmaExtract11.wiff.scan
"""PE(40:10),PE(39:3),PE(O-40:3),PE(P-40:2)""",784.62,643.62,40,20241023_PlasmaExtract11.wiff.scan
PE(40:2),800.62,659.62,0,20241023_PlasmaExtract11.wiff.scan
PE(40:3),798.6,657.6,0,20241023_PlasmaExtract11.wiff.scan
PE(40:4),796.59,655.59,0,20241023_PlasmaExtract11.wiff.scan
PE(40:5),794.57,653.57,0,20241023_PlasmaExtract11.wiff.scan
"""PE(40:6),PE(dO-40:0)""",792.68,651.68,0,20241023_PlasmaExtract11.wiff.scan
"""PE(40:7),PE(39:0),PE(O-40:0)""",790.67,649.67,40,20241023_PlasmaExtract11.wiff.scan
"""PE(40:8),PE(39:1),PE(O-40:1),PE(P-40:0)""",788.65,647.65,0,20241023_PlasmaExtract11.wiff.scan
"""PE(40:9),PE(39:2),PE(O-40:2),PE(P-40:1)""",786.64,645.64,0,20241023_PlasmaExtract11.wiff.scan
"""PE(41:5),PE(P-42:4)""",808.62,667.62,0,20241023_PlasmaExtract11.wiff.scan
"""PE(41:6),PE(O-42:6)""",806.61,665.61,0,20241023_PlasmaExtract11.wiff.scan
"""PE(41:7),PE(P-42:6),PE(40:0),PE(O-41:0)""",804.68,663.68,0,20241023_PlasmaExtract11.wiff.scan
PE(42:0),832.68,691.68,0,20241023_PlasmaExtract11.wiff.scan
PE(42:1),830.66,689.66,0,20241023_PlasmaExtract11.wiff.scan
"""PE(42:10),PE(41:3),PE(P-42:2)""",812.65,671.65,0,20241023_PlasmaExtract11.wiff.scan
"""PE(42:11),PE(41:4),PE(O-42:4)""",810.64,669.64,0,20241023_PlasmaExtract11.wiff.scan
PE(42:2),828.65,687.65,0,20241023_PlasmaExtract11.wiff.scan
PE(42:3),826.63,685.63,0,20241023_PlasmaExtract11.wiff.scan
PE(42:4),824.62,683.62,0,20241023_PlasmaExtract11.wiff.scan
PE(42:5),822.6,681.6,0,20241023_PlasmaExtract11.wiff.scan
PE(42:6),820.59,679.59,0,20241023_PlasmaExtract11.wiff.scan
"""PE(42:7),PE(41:0),PE(O-42:0)""",818.7,677.7,0,20241023_PlasmaExtract11.wiff.scan
"""PE(42:8),PE(41:1),PE(O-42:1),PE(P-42:0)""",816.68,675.68,0,20241023_PlasmaExtract11.wiff.scan
"""PE(42:9),PE(41:2),PE(O-42:2),PE(P-42:1)""",814.67,673.67,0,20241023_PlasmaExtract11.wiff.scan
PE(43:2),842.66,701.66,0,20241023_PlasmaExtract11.wiff.scan
PE(43:4),838.63,697.63,0,20241023_PlasmaExtract11.wiff.scan
PE(43:6),834.6,693.6,0,20241023_PlasmaExtract11.wiff.scan
PE(44:0),860.71,719.71,0,20241023_PlasmaExtract11.wiff.scan
PE(44:1),858.7,717.7,0,20241023_PlasmaExtract11.wiff.scan
PE(44:10),840.55,699.55,0,20241023_PlasmaExtract11.wiff.scan
PE(44:12),836.52,695.52,0,20241023_PlasmaExtract11.wiff.scan
PE(44:2),856.68,715.68,0,20241023_PlasmaExtract11.wiff.scan
PE(44:3),854.66,713.66,0,20241023_PlasmaExtract11.wiff.scan
PE(44:4),852.65,711.65,0,20241023_PlasmaExtract11.wiff.scan
PE(44:5),850.63,709.63,0,20241023_PlasmaExtract11.wiff.scan
PE(44:6),848.62,707.62,0,20241023_PlasmaExtract11.wiff.scan
"""PE(44:7),PE(43:0)""",846.7,705.7,0,20241023_PlasmaExtract11.wiff.scan
"""PE(44:8),PE(43:1)""",844.68,703.68,0,20241023_PlasmaExtract11.wiff.scan
PE(46:1),886.73,745.73,0,20241023_PlasmaExtract11.wiff.scan
PE(52:4),964.77,823.77,0,20241023_PlasmaExtract11.wiff.scan
"""PE(dO-38:9),PE(35:2),PE(O-36:2),PE(P-36:1)""",730.58,589.58,0,20241023_PlasmaExtract11.wiff.scan
"""PE(O-38:8),PE(36:1),PE(O-37:1),PE(P-37:0)""",746.61,605.61,40,20241023_PlasmaExtract11.wiff.scan
"""PE(O-38:9),PE(36:2),PE(O-37:2),PE(P-37:1)""",744.59,603.59,160,20241023_PlasmaExtract11.wiff.scan
"""PE(O-40:9),PE(38:2),PE(P-39:1)""",772.62,631.62,0,20241023_PlasmaExtract11.wiff.scan
"""PE28:0,PE(O-29:0)""",636.5,495.5,0,20241023_PlasmaExtract11.wiff.scan
[TG(37:0)]_FA14:0,670.6,425.4,0,20241023_PlasmaExtract16.wiff.scan
[TG(38:0)]_FA14:0,684.61,439.41,0,20241023_PlasmaExtract16.wiff.scan
[TG(38:1)]_FA14:0,682.6,437.4,0,20241023_PlasmaExtract16.wiff.scan
[TG(39:0)]_FA14:0,698.63,453.43,0,20241023_PlasmaExtract16.wiff.scan
[TG(39:1)]_FA14:0,696.61,451.41,0,20241023_PlasmaExtract16.wiff.scan
[TG(40:0)]_FA14:0,712.65,467.45,0,20241023_PlasmaExtract16.wiff.scan
[TG(40:1)]_FA14:0,710.63,465.43,0,20241023_PlasmaExtract16.wiff.scan
[TG(40:2)]_FA14:0,708.61,463.41,0,20241023_PlasmaExtract16.wiff.scan
[TG(41:0)]_FA14:0,726.66,481.46,0,20241023_PlasmaExtract16.wiff.scan
[TG(41:1)]_FA14:0,724.65,479.45,0,20241023_PlasmaExtract16.wiff.scan
[TG(41:2)]_FA14:0,722.63,477.43,0,20241023_PlasmaExtract16.wiff.scan
[TG(42:0)]_FA14:0,740.68,495.48,0,20241023_PlasmaExtract16.wiff.scan
[TG(42:1)]_FA14:0,738.66,493.46,0,20241023_PlasmaExtract16.wiff.scan
[TG(42:2)]_FA14:0,736.65,491.45,0,20241023_PlasmaExtract16.wiff.scan
[TG(42:3)]_FA14:0,734.63,489.43,0,20241023_PlasmaExtract16.wiff.scan
[TG(42:4)]_FA14:0,732.61,487.41,0,20241023_PlasmaExtract16.wiff.scan
[TG(43:0)]_FA14:0,754.69,509.49,0,20241023_PlasmaExtract16.wiff.scan
[TG(43:1)]_FA14:0,752.68,507.48,0,20241023_PlasmaExtract16.wiff.scan
[TG(43:2)]_FA14:0,750.66,505.46,0,20241023_PlasmaExtract16.wiff.scan
[TG(43:3)]_FA14:0,748.65,503.45,0,20241023_PlasmaExtract16.wiff.scan
[TG(43:4)]_FA14:0,746.63,501.43,0,20241023_PlasmaExtract16.wiff.scan
"""[TG(44:0),TG(O-45:0)]_FA14:0""",768.74,523.54,0,20241023_PlasmaExtract16.wiff.scan
[TG(44:1)]_FA14:0,766.69,521.49,0,20241023_PlasmaExtract16.wiff.scan
[TG(44:2)]_FA14:0,764.68,519.48,0,20241023_PlasmaExtract16.wiff.scan
[TG(44:3)]_FA14:0,762.66,517.46,0,20241023_PlasmaExtract16.wiff.scan
[TG(44:4)]_FA14:0,760.65,515.45,0,20241023_PlasmaExtract16.wiff.scan
[TG(44:5)]_FA14:0,758.63,513.43,0,20241023_PlasmaExtract16.wiff.scan
[TG(45:0)]_FA14:0,782.72,537.52,0,20241023_PlasmaExtract16.wiff.scan
[TG(45:1)]_FA14:0,780.71,535.51,0,20241023_PlasmaExtract16.wiff.scan
[TG(45:2)]_FA14:0,778.69,533.49,0,20241023_PlasmaExtract16.wiff.scan
[TG(45:3)]_FA14:0,776.68,531.48,0,20241023_PlasmaExtract16.wiff.scan
[TG(45:4)]_FA14:0,774.66,529.46,0,20241023_PlasmaExtract16.wiff.scan
[TG(45:5)]_FA14:0,772.65,527.45,0,20241023_PlasmaExtract16.wiff.scan
[TG(46:0)]_FA14:0,796.74,551.54,0,20241023_PlasmaExtract16.wiff.scan
[TG(46:1)]_FA14:0,794.72,549.52,0,20241023_PlasmaExtract16.wiff.scan
[TG(46:2)]_FA14:0,792.71,547.51,0,20241023_PlasmaExtract16.wiff.scan
[TG(46:3)]_FA14:0,790.69,545.49,0,20241023_PlasmaExtract16.wiff.scan
[TG(46:4)]_FA14:0,788.68,543.48,0,20241023_PlasmaExtract16.wiff.scan
[TG(46:5)]_FA14:0,786.66,541.46,0,20241023_PlasmaExtract16.wiff.scan
[TG(46:6)]_FA14:0,784.65,539.45,0,20241023_PlasmaExtract16.wiff.scan
[TG(47:2)]_FA14:0,806.72,561.52,0,20241023_PlasmaExtract16.wiff.scan
[TG(47:3)]_FA14:0,804.71,559.51,0,20241023_PlasmaExtract16.wiff.scan
[TG(47:4)]_FA14:0,802.69,557.49,40,20241023_PlasmaExtract16.wiff.scan
[TG(47:5)]_FA14:0,800.68,555.48,0,20241023_PlasmaExtract16.wiff.scan
[TG(47:6)]_FA14:0,798.66,553.46,0,20241023_PlasmaExtract16.wiff.scan
[TG(48:2)]_FA14:0,820.74,575.54,0,20241023_PlasmaExtract16.wiff.scan
[TG(48:3)]_FA14:0,818.72,573.52,0,20241023_PlasmaExtract16.wiff.scan
[TG(48:4)]_FA14:0,816.71,571.51,0,20241023_PlasmaExtract16.wiff.scan
[TG(48:5)]_FA14:0,814.69,569.49,0,20241023_PlasmaExtract16.wiff.scan
[TG(48:6)]_FA14:0,812.68,567.48,40,20241023_PlasmaExtract16.wiff.scan
"""[TG(48:7),TG(47:0)]_FA14:0""",810.76,565.56,0,20241023_PlasmaExtract16.wiff.scan
"""[TG(48:8),TG(47:1)]_FA14:0""",808.74,563.54,0,20241023_PlasmaExtract16.wiff.scan
[TG(49:3)]_FA14:0,832.74,587.54,0,20241023_PlasmaExtract16.wiff.scan
[TG(49:4)]_FA14:0,830.72,585.52,0,20241023_PlasmaExtract16.wiff.scan
[TG(49:5)]_FA14:0,828.71,583.51,0,20241023_PlasmaExtract16.wiff.scan
[TG(49:6)]_FA14:0,826.69,581.49,0,20241023_PlasmaExtract16.wiff.scan
"""[TG(49:7),TG(48:0)]_FA14:0""",824.77,579.57,0,20241023_PlasmaExtract16.wiff.scan
"""[TG(49:8),TG(48:1)]_FA14:0""",822.76,577.56,0,20241023_PlasmaExtract16.wiff.scan
[TG(50:3)]_FA14:0,846.76,601.56,0,20241023_PlasmaExtract16.wiff.scan
[TG(50:4)]_FA14:0,844.74,599.54,0,20241023_PlasmaExtract16.wiff.scan
[TG(50:6)]_FA14:0,840.71,595.51,0,20241023_PlasmaExtract16.wiff.scan
"""[TG(50:7),TG(49:0)]_FA14:0""",838.79,593.59,0,20241023_PlasmaExtract16.wiff.scan
"""[TG(50:8),TG(49:1)]_FA14:0""",836.77,591.57,0,20241023_PlasmaExtract16.wiff.scan
"""[TG(50:9),TG(49:2)]_FA14:0""",834.76,589.56,0,20241023_PlasmaExtract16.wiff.scan
[TG(51:4)]_FA14:0,858.76,613.56,0,20241023_PlasmaExtract16.wiff.scan
[TG(51:5)]_FA14:0,856.74,611.54,0,20241023_PlasmaExtract16.wiff.scan
[TG(51:6)]_FA14:0,854.72,609.52,0,20241023_PlasmaExtract16.wiff.scan
"""[TG(51:7),TG(50:0)]_FA14:0""",852.8,607.6,0,20241023_PlasmaExtract16.wiff.scan
"""[TG(51:8),TG(50:1)]_FA14:0""",850.79,605.59,0,20241023_PlasmaExtract16.wiff.scan
"""[TG(51:9),TG(50:2)]_FA14:0""",848.77,603.57,0,20241023_PlasmaExtract16.wiff.scan
"""[TG(52:10),TG(51:3)]_FA14:0""",860.77,615.57,0,20241023_PlasmaExtract16.wiff.scan
[TG(52:4)]_FA14:0,872.77,627.57,0,20241023_PlasmaExtract16.wiff.scan
[TG(52:6)]_FA14:0,868.74,623.54,0,20241023_PlasmaExtract16.wiff.scan
"""[TG(52:7),TG(51:0)]_FA14:0""",866.82,621.62,0,20241023_PlasmaExtract16.wiff.scan
"""[TG(52:8),TG(51:1)]_FA14:0""",864.8,619.6,0,20241023_PlasmaExtract16.wiff.scan
"""[TG(52:9),TG(51:2)]_FA14:0""",862.79,617.59,0,20241023_PlasmaExtract16.wiff.scan
[TG(53:6)]_FA14:0,882.76,637.56,0,20241023_PlasmaExtract16.wiff.scan
"""[TG(53:7),TG(52:0)]_FA14:0""",880.83,635.63,0,20241023_PlasmaExtract16.wiff.scan
"""[TG(53:8),TG(52:1)]_FA14:0""",878.82,633.62,0,20241023_PlasmaExtract16.wiff.scan
"""[TG(53:9),TG(52:2)]_FA14:0""",876.8,631.6,0,20241023_PlasmaExtract16.wiff.scan
"""[TG(54:12),TG(53:5)]_FA14:0""",884.77,639.57,0,20241023_PlasmaExtract16.wiff.scan
"""[TG(54:7),TG(53:0)]_FA14:0""",894.85,649.65,0,20241023_PlasmaExtract16.wiff.scan
"""[TG(55:7),TG(54:0)]_FA14:0""",908.86,663.66,0,20241023_PlasmaExtract16.wiff.scan
"""[TG(56:10),TG(55:3)]_FA14:0""",916.83,671.63,0,20241023_PlasmaExtract16.wiff.scan
"""[TG(56:11),TG(55:4)]_FA14:0""",914.82,669.62,0,20241023_PlasmaExtract16.wiff.scan
"""[TG(56:12),TG(55:5)]_FA14:0""",912.8,667.6,0,20241023_PlasmaExtract16.wiff.scan
"""[TG(56:13),TG(55:6)]_FA14:0""",910.79,665.59,0,20241023_PlasmaExtract16.wiff.scan
[TG(56:6)]_FA14:0,924.8,679.6,0,20241023_PlasmaExtract16.wiff.scan
"""[TG(56:7),TG(55:0)]_FA14:0""",922.88,677.68,0,20241023_PlasmaExtract16.wiff.scan
"""[TG(56:8),TG(55:1)]_FA14:0""",920.86,675.66,0,20241023_PlasmaExtract16.wiff.scan
"""[TG(57:10),TG(56:3)]_FA14:0""",930.85,685.65,0,20241023_PlasmaExtract16.wiff.scan
"""[TG(57:11),TG(56:4)]_FA14:0""",928.83,683.63,0,20241023_PlasmaExtract16.wiff.scan
"""[TG(57:12),TG(56:5)]_FA14:0""",926.82,681.62,0,20241023_PlasmaExtract16.wiff.scan
"""[TG(57:8),TG(56:1)]_FA14:0""",934.88,689.68,0,20241023_PlasmaExtract16.wiff.scan
"""[TG(57:9),TG(56:2)]_FA14:0""",932.86,687.66,0,20241023_PlasmaExtract16.wiff.scan
"""[TG(58:10),TG(57:3)]_FA14:0""",944.86,699.66,0,20241023_PlasmaExtract16.wiff.scan
"""[TG(58:11),TG(57:4)]_FA14:0""",942.85,697.65,0,20241023_PlasmaExtract16.wiff.scan
"""[TG(58:12),TG(57:5)]_FA14:0""",940.83,695.63,0,20241023_PlasmaExtract16.wiff.scan
"""[TG(58:13),TG(57:6)]_FA14:0""",938.82,693.62,0,20241023_PlasmaExtract16.wiff.scan
"""[TG(58:14),TG(57:7),TG(56:0)]_FA14:0""",936.9,691.7,0,20241023_PlasmaExtract16.wiff.scan
"""[TG(58:8),TG(57:1)]_FA14:0""",948.9,703.7,0,20241023_PlasmaExtract16.wiff.scan
"""[TG(58:9),TG(57:2)]_FA14:0""",946.88,701.68,0,20241023_PlasmaExtract16.wiff.scan
"""[TG(59:10),TG(58:3)]_FA14:0""",958.88,713.68,0,20241023_PlasmaExtract16.wiff.scan
"""[TG(59:11),TG(58:4)]_FA14:0""",956.86,711.66,0,20241023_PlasmaExtract16.wiff.scan
"""[TG(59:12),TG(58:5)]_FA14:0""",954.85,709.65,0,20241023_PlasmaExtract16.wiff.scan
"""[TG(59:13),TG(58:6)]_FA14:0""",952.83,707.63,0,20241023_PlasmaExtract16.wiff.scan
"""[TG(59:9),TG(58:2)]_FA14:0""",960.9,715.7,0,20241023_PlasmaExtract16.wiff.scan
"""[TG(60:10),TG(59:3)]_FA14:0""",972.9,727.7,0,20241023_PlasmaExtract16.wiff.scan
"""[TG(60:11),TG(59:4)]_FA14:0""",970.88,725.68,0,20241023_PlasmaExtract16.wiff.scan
"""[TG(60:12),TG(59:5)]_FA14:0""",968.86,723.66,0,20241023_PlasmaExtract16.wiff.scan
"""[TG(60:13),TG(59:6)]_FA14:0""",966.85,721.65,0,20241023_PlasmaExtract16.wiff.scan
"""[TG(60:14),TG(59:7),TG(58:0)]_FA14:0""",964.93,719.73,0,20241023_PlasmaExtract16.wiff.scan
"""[TG(60:15),TG(59:8),TG(58:1)]_FA14:0""",962.91,717.71,0,20241023_PlasmaExtract16.wiff.scan
"""[TG(60:8),TG(59:1)]_FA14:0""",976.93,731.73,0,20241023_PlasmaExtract16.wiff.scan
"""[TG(60:9),TG(59:2)]_FA14:0""",974.91,729.71,0,20241023_PlasmaExtract16.wiff.scan
"""[TG(61:10),TG(60:3)]_FA14:0""",986.91,741.71,0,20241023_PlasmaExtract16.wiff.scan
"""[TG(61:11),TG(60:4)]_FA14:0""",984.9,739.7,0,20241023_PlasmaExtract16.wiff.scan
"""[TG(61:12),TG(60:5)]_FA14:0""",982.88,737.68,0,20241023_PlasmaExtract16.wiff.scan
"""[TG(61:13),TG(60:6)]_FA14:0""",980.86,735.66,0,20241023_PlasmaExtract16.wiff.scan
"""[TG(61:14),TG(60:7),TG(59:0)]_FA14:0""",978.94,733.74,0,20241023_PlasmaExtract16.wiff.scan
"""[TG(62:10),TG(61:3)]_FA14:0""",1000.93,755.73,0,20241023_PlasmaExtract16.wiff.scan
"""[TG(62:11),TG(61:4)]_FA14:0""",998.91,753.71,0,20241023_PlasmaExtract16.wiff.scan
"""[TG(62:12),TG(61:5)]_FA14:0""",996.9,751.7,0,20241023_PlasmaExtract16.wiff.scan
"""[TG(62:13),TG(61:6)]_FA14:0""",994.88,749.68,0,20241023_PlasmaExtract16.wiff.scan
"""[TG(62:14),TG(61:7),TG(60:0)]_FA14:0""",992.96,747.76,0,20241023_PlasmaExtract16.wiff.scan
"""[TG(62:15),TG(61:8),TG(60:1)]_FA14:0""",990.94,745.74,0,20241023_PlasmaExtract16.wiff.scan
"""[TG(62:16),TG(61:9),TG(60:2)]_FA14:0""",988.93,743.73,40,20241023_PlasmaExtract16.wiff.scan
"""[TG(62:7),TG(61:0)]_FA14:0""",1006.97,761.77,0,20241023_PlasmaExtract16.wiff.scan
"""[TG(62:8),TG(61:1)]_FA14:0""",1004.96,759.76,0,20241023_PlasmaExtract16.wiff.scan
"""[TG(62:9),TG(61:2)]_FA14:0""",1002.94,757.74,0,20241023_PlasmaExtract16.wiff.scan
"""[TG(63:11),TG(62:4)]_FA14:0""",1012.93,767.73,0,20241023_PlasmaExtract16.wiff.scan
"""[TG(63:12),TG(62:5)]_FA14:0""",1010.91,765.71,0,20241023_PlasmaExtract16.wiff.scan
"""[TG(63:13),TG(62:6)]_FA14:0""",1008.9,763.7,0,20241023_PlasmaExtract16.wiff.scan
"""[TG(64:10),TG(63:3)]_FA14:0""",1028.96,783.76,0,20241023_PlasmaExtract16.wiff.scan
"""[TG(64:11),TG(63:4)]_FA14:0""",1026.94,781.74,0,20241023_PlasmaExtract16.wiff.scan
"""[TG(64:12),TG(63:5)]_FA14:0""",1024.93,779.73,0,20241023_PlasmaExtract16.wiff.scan
"""[TG(64:13),TG(63:6)]_FA14:0""",1022.91,777.71,0,20241023_PlasmaExtract16.wiff.scan
"""[TG(64:14),TG(63:7),TG(62:0)]_FA14:0""",1020.99,775.79,0,20241023_PlasmaExtract16.wiff.scan
"""[TG(64:15),TG(63:8),TG(62:1)]_FA14:0""",1018.97,773.77,0,20241023_PlasmaExtract16.wiff.scan
"""[TG(64:16),TG(63:9),TG(62:2)]_FA14:0""",1016.96,771.76,0,20241023_PlasmaExtract16.wiff.scan
"""[TG(64:17),TG(63:10),TG(62:3)]_FA14:0""",1014.94,769.74,0,20241023_PlasmaExtract16.wiff.scan
[TG(64:6)]_FA14:0,1036.93,791.73,0,20241023_PlasmaExtract16.wiff.scan
"""[TG(64:7),TG(63:0)]_FA14:0""",1035.01,789.81,0,20241023_PlasmaExtract16.wiff.scan
"""[TG(64:8),TG(63:1)]_FA14:0""",1032.99,787.79,0,20241023_PlasmaExtract16.wiff.scan
"""[TG(64:9),TG(63:2)]_FA14:0""",1030.97,785.77,0,20241023_PlasmaExtract16.wiff.scan
[TG(65:0)]_FA14:0,1063.04,817.84,0,20241023_PlasmaExtract16.wiff.scan
"""[TG(65:12),TG(64:5)]_FA14:0""",1038.94,793.74,0,20241023_PlasmaExtract16.wiff.scan
[TG(66:0)]_FA14:0,1077.05,831.85,0,20241023_PlasmaExtract16.wiff.scan
[TG(66:1)]_FA14:0,1075.04,829.84,0,20241023_PlasmaExtract16.wiff.scan
"""[TG(66:10),TG(65:3)]_FA14:0""",1056.99,811.79,0,20241023_PlasmaExtract16.wiff.scan
"""[TG(66:11),TG(65:4)]_FA14:0""",1054.97,809.77,0,20241023_PlasmaExtract16.wiff.scan
"""[TG(66:12),TG(65:5)]_FA14:0""",1052.96,807.76,0,20241023_PlasmaExtract16.wiff.scan
"""[TG(66:13),TG(65:6)]_FA14:0""",1050.94,805.74,0,20241023_PlasmaExtract16.wiff.scan
"""[TG(66:14),TG(65:7),TG(64:0)]_FA14:0""",1049.02,803.82,0,20241023_PlasmaExtract16.wiff.scan
"""[TG(66:15),TG(65:8),TG(64:1)]_FA14:0""",1047.01,801.81,0,20241023_PlasmaExtract16.wiff.scan
"""[TG(66:16),TG(65:9),TG(64:2)]_FA14:0""",1044.99,799.79,0,20241023_PlasmaExtract16.wiff.scan
"""[TG(66:17),TG(65:10),TG(64:3)]_FA14:0""",1042.97,797.77,0,20241023_PlasmaExtract16.wiff.scan
"""[TG(66:18),TG(65:11),TG(64:4)]_FA14:0""",1040.96,795.76,0,20241023_PlasmaExtract16.wiff.scan
[TG(66:2)]_FA14:0,1073.02,827.82,0,20241023_PlasmaExtract16.wiff.scan
[TG(66:3)]_FA14:0,1071.01,825.81,0,20241023_PlasmaExtract16.wiff.scan
[TG(66:4)]_FA14:0,1068.99,823.79,0,20241023_PlasmaExtract16.wiff.scan
[TG(66:5)]_FA14:0,1066.97,821.77,0,20241023_PlasmaExtract16.wiff.scan
[TG(66:6)]_FA14:0,1064.96,819.76,0,20241023_PlasmaExtract16.wiff.scan
[TG(66:7)]_FA14:0,1062.94,817.74,0,20241023_PlasmaExtract16.wiff.scan
"""[TG(66:8),TG(65:1)]_FA14:0""",1061.02,815.82,0,20241023_PlasmaExtract16.wiff.scan
"""[TG(66:9),TG(65:2)]_FA14:0""",1059.01,813.81,0,20241023_PlasmaExtract16.wiff.scan
[TG(50:5)]_FA14:0,842.72,597.52,0,20241023_PlasmaExtract16.wiff.scan
[TG(52:5)]_FA14:0,870.76,625.56,0,20241023_PlasmaExtract16.wiff.scan
"""[TG(53:10),TG(52:3)]_FA14:0""",874.79,629.59,0,20241023_PlasmaExtract16.wiff.scan
"""[TG(54:10),TG(53:3)]_FA14:0""",888.8,643.6,0,20241023_PlasmaExtract16.wiff.scan
"""[TG(54:11),TG(53:4)]_FA14:0""",886.79,641.59,0,20241023_PlasmaExtract16.wiff.scan
[TG(54:5)]_FA14:0,898.79,653.59,0,20241023_PlasmaExtract16.wiff.scan
[TG(54:6)]_FA14:0,896.77,651.57,0,20241023_PlasmaExtract16.wiff.scan
"""[TG(54:8),TG(53:1)]_FA14:0""",892.83,647.63,40,20241023_PlasmaExtract16.wiff.scan
"""[TG(54:9),TG(53:2)]_FA14:0""",890.82,645.62,0,20241023_PlasmaExtract16.wiff.scan
"""[TG(55:10),TG(54:3)]_FA14:0""",902.82,657.62,0,20241023_PlasmaExtract16.wiff.scan
"""[TG(55:11),TG(54:4)]_FA14:0""",900.8,655.6,0,20241023_PlasmaExtract16.wiff.scan
"""[TG(55:8),TG(54:1)]_FA14:0""",906.85,661.65,0,20241023_PlasmaExtract16.wiff.scan
"""[TG(55:9),TG(54:2)]_FA14:0""",904.83,659.63,0,20241023_PlasmaExtract16.wiff.scan
"""[TG(56:9),TG(55:2)]_FA14:0""",918.85,673.65,0,20241023_PlasmaExtract16.wiff.scan
"""[TG(58:7),TG(57:0)]_FA14:0""",950.91,705.71,0,20241023_PlasmaExtract16.wiff.scan
[TG(37:0)]_FA16:0,670.6,397.3,40,20241023_PlasmaExtract17.wiff.scan
[TG(38:0)]_FA16:0,684.61,411.31,480,20241023_PlasmaExtract17.wiff.scan
[TG(38:1)]_FA16:0,682.6,409.3,80,20241023_PlasmaExtract17.wiff.scan
[TG(39:0)]_FA16:0,698.63,425.33,240,20241023_PlasmaExtract17.wiff.scan
[TG(39:1)]_FA16:0,696.61,423.31,320,20241023_PlasmaExtract17.wiff.scan
[TG(40:0)]_FA16:0,712.65,439.35,680,20241023_PlasmaExtract17.wiff.scan
[TG(40:1)]_FA16:0,710.63,437.33,280,20241023_PlasmaExtract17.wiff.scan
[TG(40:2)]_FA16:0,708.61,435.31,160,20241023_PlasmaExtract17.wiff.scan
[TG(41:0)]_FA16:0,726.66,453.36,400,20241023_PlasmaExtract17.wiff.scan
[TG(41:1)]_FA16:0,724.65,451.35,0,20241023_PlasmaExtract17.wiff.scan
[TG(41:2)]_FA16:0,722.63,449.33,240,20241023_PlasmaExtract17.wiff.scan
[TG(42:0)]_FA16:0,740.68,467.38,400,20241023_PlasmaExtract17.wiff.scan
[TG(42:1)]_FA16:0,738.66,465.36,0,20241023_PlasmaExtract17.wiff.scan
[TG(42:2)]_FA16:0,736.65,463.35,0,20241023_PlasmaExtract17.wiff.scan
[TG(42:3)]_FA16:0,734.63,461.33,80,20241023_PlasmaExtract17.wiff.scan
[TG(42:4)]_FA16:0,732.61,459.31,240,20241023_PlasmaExtract17.wiff.scan
[TG(43:0)]_FA16:0,754.69,481.39,640,20241023_PlasmaExtract17.wiff.scan
[TG(43:1)]_FA16:0,752.68,479.38,120,20241023_PlasmaExtract17.wiff.scan
[TG(43:2)]_FA16:0,750.66,477.36,40,20241023_PlasmaExtract17.wiff.scan
[TG(43:3)]_FA16:0,748.65,475.35,120,20241023_PlasmaExtract17.wiff.scan
[TG(43:4)]_FA16:0,746.63,473.33,80,20241023_PlasmaExtract17.wiff.scan
"""[TG(44:0),TG(O-45:0)]_FA16:0""",768.74,495.44,960,20241023_PlasmaExtract17.wiff.scan
[TG(44:1)]_FA16:0,766.69,493.39,720,20241023_PlasmaExtract17.wiff.scan
[TG(44:2)]_FA16:0,764.68,491.38,360,20241023_PlasmaExtract17.wiff.scan
[TG(44:3)]_FA16:0,762.66,489.36,120,20241023_PlasmaExtract17.wiff.scan
[TG(44:4)]_FA16:0,760.65,487.35,240,20241023_PlasmaExtract17.wiff.scan
[TG(44:5)]_FA16:0,758.63,485.33,80,20241023_PlasmaExtract17.wiff.scan
[TG(45:0)]_FA16:0,782.72,509.42,1520,20241023_PlasmaExtract17.wiff.scan
[TG(45:1)]_FA16:0,780.71,507.41,360,20241023_PlasmaExtract17.wiff.scan
[TG(45:2)]_FA16:0,778.69,505.39,80,20241023_PlasmaExtract17.wiff.scan
[TG(45:3)]_FA16:0,776.68,503.38,80,20241023_PlasmaExtract17.wiff.scan
[TG(45:4)]_FA16:0,774.66,501.36,120,20241023_PlasmaExtract17.wiff.scan
[TG(45:5)]_FA16:0,772.65,499.35,0,20241023_PlasmaExtract17.wiff.scan
[TG(46:0)]_FA16:0,796.74,523.44,4360,20241023_PlasmaExtract17.wiff.scan
[TG(46:1)]_FA16:0,794.72,521.42,1920,20241023_PlasmaExtract17.wiff.scan
[TG(46:2)]_FA16:0,792.71,519.41,600,20241023_PlasmaExtract17.wiff.scan
[TG(46:3)]_FA16:0,790.69,517.39,240,20241023_PlasmaExtract17.wiff.scan
[TG(46:4)]_FA16:0,788.68,515.38,40,20241023_PlasmaExtract17.wiff.scan
[TG(46:5)]_FA16:0,786.66,513.36,200,20241023_PlasmaExtract17.wiff.scan
[TG(46:6)]_FA16:0,784.65,511.35,560,20241023_PlasmaExtract17.wiff.scan
[TG(47:2)]_FA16:0,806.72,533.42,240,20241023_PlasmaExtract17.wiff.scan
[TG(47:3)]_FA16:0,804.71,531.41,80,20241023_PlasmaExtract17.wiff.scan
[TG(47:4)]_FA16:0,802.69,529.39,0,20241023_PlasmaExtract17.wiff.scan
[TG(47:5)]_FA16:0,800.68,527.38,200,20241023_PlasmaExtract17.wiff.scan
[TG(47:6)]_FA16:0,798.66,525.36,560,20241023_PlasmaExtract17.wiff.scan
[TG(48:2)]_FA16:0,820.74,547.44,1640,20241023_PlasmaExtract17.wiff.scan
[TG(48:3)]_FA16:0,818.72,545.42,640,20241023_PlasmaExtract17.wiff.scan
[TG(48:4)]_FA16:0,816.71,543.41,120,20241023_PlasmaExtract17.wiff.scan
[TG(48:5)]_FA16:0,814.69,541.39,40,20241023_PlasmaExtract17.wiff.scan
[TG(48:6)]_FA16:0,812.68,539.38,320,20241023_PlasmaExtract17.wiff.scan
"""[TG(48:7),TG(47:0)]_FA16:0""",810.76,537.46,1320,20241023_PlasmaExtract17.wiff.scan
"""[TG(48:8),TG(47:1)]_FA16:0""",808.74,535.44,680,20241023_PlasmaExtract17.wiff.scan
[TG(49:3)]_FA16:0,832.74,559.44,80,20241023_PlasmaExtract17.wiff.scan
[TG(49:4)]_FA16:0,830.72,557.42,80,20241023_PlasmaExtract17.wiff.scan
[TG(49:5)]_FA16:0,828.71,555.41,40,20241023_PlasmaExtract17.wiff.scan
[TG(49:6)]_FA16:0,826.69,553.39,1000,20241023_PlasmaExtract17.wiff.scan
"""[TG(49:7),TG(48:0)]_FA16:0""",824.77,551.47,6960,20241023_PlasmaExtract17.wiff.scan
"""[TG(49:8),TG(48:1)]_FA16:0""",822.76,549.46,6560,20241023_PlasmaExtract17.wiff.scan
[TG(50:3)]_FA16:0,846.76,573.46,4280,20241023_PlasmaExtract17.wiff.scan
[TG(50:4)]_FA16:0,844.74,571.44,440,20241023_PlasmaExtract17.wiff.scan
[TG(50:6)]_FA16:0,840.71,567.41,240,20241023_PlasmaExtract17.wiff.scan
"""[TG(50:7),TG(49:0)]_FA16:0""",838.79,565.49,840,20241023_PlasmaExtract17.wiff.scan
"""[TG(50:8),TG(49:1)]_FA16:0""",836.77,563.47,1960,20241023_PlasmaExtract17.wiff.scan
"""[TG(50:9),TG(49:2)]_FA16:0""",834.76,561.46,680,20241023_PlasmaExtract17.wiff.scan
[TG(51:4)]_FA16:0,858.76,585.46,120,20241023_PlasmaExtract17.wiff.scan
[TG(51:5)]_FA16:0,856.74,583.44,80,20241023_PlasmaExtract17.wiff.scan
[TG(51:6)]_FA16:0,854.72,581.42,440,20241023_PlasmaExtract17.wiff.scan
"""[TG(51:7),TG(50:0)]_FA16:0""",852.8,579.5,4840,20241023_PlasmaExtract17.wiff.scan
"""[TG(51:8),TG(50:1)]_FA16:0""",850.79,577.49,23480,20241023_PlasmaExtract17.wiff.scan
"""[TG(51:9),TG(50:2)]_FA16:0""",848.77,575.47,13160,20241023_PlasmaExtract17.wiff.scan
"""[TG(52:10),TG(51:3)]_FA16:0""",860.77,587.47,880,20241023_PlasmaExtract17.wiff.scan
[TG(52:4)]_FA16:0,872.77,599.47,8480,20241023_PlasmaExtract17.wiff.scan
[TG(52:6)]_FA16:0,868.74,595.44,200,20241023_PlasmaExtract17.wiff.scan
"""[TG(52:7),TG(51:0)]_FA16:0""",866.82,593.52,280,20241023_PlasmaExtract17.wiff.scan
"""[TG(52:8),TG(51:1)]_FA16:0""",864.8,591.5,600,20241023_PlasmaExtract17.wiff.scan
"""[TG(52:9),TG(51:2)]_FA16:0""",862.79,589.49,600,20241023_PlasmaExtract17.wiff.scan
[TG(53:6)]_FA16:0,882.76,609.46,80,20241023_PlasmaExtract17.wiff.scan
"""[TG(53:7),TG(52:0)]_FA16:0""",880.83,607.53,1120,20241023_PlasmaExtract17.wiff.scan
"""[TG(53:8),TG(52:1)]_FA16:0""",878.82,605.52,7680,20241023_PlasmaExtract17.wiff.scan
"""[TG(53:9),TG(52:2)]_FA16:0""",876.8,603.5,25000,20241023_PlasmaExtract17.wiff.scan
"""[TG(54:12),TG(53:5)]_FA16:0""",884.77,611.47,200,20241023_PlasmaExtract17.wiff.scan
"""[TG(54:7),TG(53:0)]_FA16:0""",894.85,621.55,240,20241023_PlasmaExtract17.wiff.scan
"""[TG(55:7),TG(54:0)]_FA16:0""",908.86,635.56,120,20241023_PlasmaExtract17.wiff.scan
"""[TG(56:10),TG(55:3)]_FA16:0""",916.83,643.53,40,20241023_PlasmaExtract17.wiff.scan
"""[TG(56:11),TG(55:4)]_FA16:0""",914.82,641.52,0,20241023_PlasmaExtract17.wiff.scan
"""[TG(56:12),TG(55:5)]_FA16:0""",912.8,639.5,120,20241023_PlasmaExtract17.wiff.scan
"""[TG(56:13),TG(55:6)]_FA16:0""",910.79,637.49,640,20241023_PlasmaExtract17.wiff.scan
[TG(56:6)]_FA16:0,924.8,651.5,280,20241023_PlasmaExtract17.wiff.scan
"""[TG(56:7),TG(55:0)]_FA16:0""",922.88,649.58,40,20241023_PlasmaExtract17.wiff.scan
"""[TG(56:8),TG(55:1)]_FA16:0""",920.86,647.56,240,20241023_PlasmaExtract17.wiff.scan
"""[TG(57:10),TG(56:3)]_FA16:0""",930.85,657.55,80,20241023_PlasmaExtract17.wiff.scan
"""[TG(57:11),TG(56:4)]_FA16:0""",928.83,655.53,40,20241023_PlasmaExtract17.wiff.scan
"""[TG(57:12),TG(56:5)]_FA16:0""",926.82,653.52,0,20241023_PlasmaExtract17.wiff.scan
"""[TG(57:8),TG(56:1)]_FA16:0""",934.88,661.58,120,20241023_PlasmaExtract17.wiff.scan
"""[TG(57:9),TG(56:2)]_FA16:0""",932.86,659.56,160,20241023_PlasmaExtract17.wiff.scan
"""[TG(58:10),TG(57:3)]_FA16:0""",944.86,671.56,120,20241023_PlasmaExtract17.wiff.scan
"""[TG(58:11),TG(57:4)]_FA16:0""",942.85,669.55,0,20241023_PlasmaExtract17.wiff.scan
"""[TG(58:12),TG(57:5)]_FA16:0""",940.83,667.53,80,20241023_PlasmaExtract17.wiff.scan
"""[TG(58:13),TG(57:6)]_FA16:0""",938.82,665.52,0,20241023_PlasmaExtract17.wiff.scan
"""[TG(58:14),TG(57:7),TG(56:0)]_FA16:0""",936.9,663.6,0,20241023_PlasmaExtract17.wiff.scan
"""[TG(58:8),TG(57:1)]_FA16:0""",948.9,675.6,0,20241023_PlasmaExtract17.wiff.scan
"""[TG(58:9),TG(57:2)]_FA16:0""",946.88,673.58,0,20241023_PlasmaExtract17.wiff.scan
"""[TG(59:10),TG(58:3)]_FA16:0""",958.88,685.58,80,20241023_PlasmaExtract17.wiff.scan
"""[TG(59:11),TG(58:4)]_FA16:0""",956.86,683.56,80,20241023_PlasmaExtract17.wiff.scan
"""[TG(59:12),TG(58:5)]_FA16:0""",954.85,681.55,0,20241023_PlasmaExtract17.wiff.scan
"""[TG(59:13),TG(58:6)]_FA16:0""",952.83,679.53,0,20241023_PlasmaExtract17.wiff.scan
"""[TG(59:9),TG(58:2)]_FA16:0""",960.9,687.6,40,20241023_PlasmaExtract17.wiff.scan
"""[TG(60:10),TG(59:3)]_FA16:0""",972.9,699.6,40,20241023_PlasmaExtract17.wiff.scan
"""[TG(60:11),TG(59:4)]_FA16:0""",970.88,697.58,120,20241023_PlasmaExtract17.wiff.scan
"""[TG(60:12),TG(59:5)]_FA16:0""",968.86,695.56,120,20241023_PlasmaExtract17.wiff.scan
"""[TG(60:13),TG(59:6)]_FA16:0""",966.85,693.55,80,20241023_PlasmaExtract17.wiff.scan
"""[TG(60:14),TG(59:7),TG(58:0)]_FA16:0""",964.93,691.63,0,20241023_PlasmaExtract17.wiff.scan
"""[TG(60:15),TG(59:8),TG(58:1)]_FA16:0""",962.91,689.61,40,20241023_PlasmaExtract17.wiff.scan
"""[TG(60:8),TG(59:1)]_FA16:0""",976.93,703.63,80,20241023_PlasmaExtract17.wiff.scan
"""[TG(60:9),TG(59:2)]_FA16:0""",974.91,701.61,0,20241023_PlasmaExtract17.wiff.scan
"""[TG(61:10),TG(60:3)]_FA16:0""",986.91,713.61,0,20241023_PlasmaExtract17.wiff.scan
"""[TG(61:11),TG(60:4)]_FA16:0""",984.9,711.6,0,20241023_PlasmaExtract17.wiff.scan
"""[TG(61:12),TG(60:5)]_FA16:0""",982.88,709.58,0,20241023_PlasmaExtract17.wiff.scan
"""[TG(61:13),TG(60:6)]_FA16:0""",980.86,707.56,0,20241023_PlasmaExtract17.wiff.scan
"""[TG(61:14),TG(60:7),TG(59:0)]_FA16:0""",978.94,705.64,40,20241023_PlasmaExtract17.wiff.scan
"""[TG(62:10),TG(61:3)]_FA16:0""",1000.93,727.63,0,20241023_PlasmaExtract17.wiff.scan
"""[TG(62:11),TG(61:4)]_FA16:0""",998.91,725.61,880,20241023_PlasmaExtract17.wiff.scan
"""[TG(62:12),TG(61:5)]_FA16:0""",996.9,723.6,160,20241023_PlasmaExtract17.wiff.scan
"""[TG(62:13),TG(61:6)]_FA16:0""",994.88,721.58,440,20241023_PlasmaExtract17.wiff.scan
"""[TG(62:14),TG(61:7),TG(60:0)]_FA16:0""",992.96,719.66,0,20241023_PlasmaExtract17.wiff.scan
"""[TG(62:15),TG(61:8),TG(60:1)]_FA16:0""",990.94,717.64,40,20241023_PlasmaExtract17.wiff.scan
"""[TG(62:16),TG(61:9),TG(60:2)]_FA16:0""",988.93,715.63,0,20241023_PlasmaExtract17.wiff.scan
"""[TG(62:7),TG(61:0)]_FA16:0""",1006.97,733.67,0,20241023_PlasmaExtract17.wiff.scan
"""[TG(62:8),TG(61:1)]_FA16:0""",1004.96,731.66,80,20241023_PlasmaExtract17.wiff.scan
"""[TG(62:9),TG(61:2)]_FA16:0""",1002.94,729.64,40,20241023_PlasmaExtract17.wiff.scan
"""[TG(63:11),TG(62:4)]_FA16:0""",1012.93,739.63,0,20241023_PlasmaExtract17.wiff.scan
"""[TG(63:12),TG(62:5)]_FA16:0""",1010.91,737.61,80,20241023_PlasmaExtract17.wiff.scan
"""[TG(63:13),TG(62:6)]_FA16:0""",1008.9,735.6,40,20241023_PlasmaExtract17.wiff.scan
"""[TG(64:10),TG(63:3)]_FA16:0""",1028.96,755.66,0,20241023_PlasmaExtract17.wiff.scan
"""[TG(64:11),TG(63:4)]_FA16:0""",1026.94,753.64,80,20241023_PlasmaExtract17.wiff.scan
"""[TG(64:12),TG(63:5)]_FA16:0""",1024.93,751.63,120,20241023_PlasmaExtract17.wiff.scan
"""[TG(64:13),TG(63:6)]_FA16:0""",1022.91,749.61,120,20241023_PlasmaExtract17.wiff.scan
"""[TG(64:14),TG(63:7),TG(62:0)]_FA16:0""",1020.99,747.69,0,20241023_PlasmaExtract17.wiff.scan
"""[TG(64:15),TG(63:8),TG(62:1)]_FA16:0""",1018.97,745.67,80,20241023_PlasmaExtract17.wiff.scan
"""[TG(64:16),TG(63:9),TG(62:2)]_FA16:0""",1016.96,743.66,0,20241023_PlasmaExtract17.wiff.scan
"""[TG(64:17),TG(63:10),TG(62:3)]_FA16:0""",1014.94,741.64,80,20241023_PlasmaExtract17.wiff.scan
[TG(64:6)]_FA16:0,1036.93,763.63,0,20241023_PlasmaExtract17.wiff.scan
"""[TG(64:7),TG(63:0)]_FA16:0""",1035.01,761.71,200,20241023_PlasmaExtract17.wiff.scan
"""[TG(64:8),TG(63:1)]_FA16:0""",1032.99,759.69,200,20241023_PlasmaExtract17.wiff.scan
"""[TG(64:9),TG(63:2)]_FA16:0""",1030.97,757.67,0,20241023_PlasmaExtract17.wiff.scan
[TG(65:0)]_FA16:0,1063.04,789.74,160,20241023_PlasmaExtract17.wiff.scan
"""[TG(65:12),TG(64:5)]_FA16:0""",1038.94,765.64,200,20241023_PlasmaExtract17.wiff.scan
[TG(66:0)]_FA16:0,1077.05,803.75,40,20241023_PlasmaExtract17.wiff.scan
[TG(66:1)]_FA16:0,1075.04,801.74,40,20241023_PlasmaExtract17.wiff.scan
"""[TG(66:10),TG(65:3)]_FA16:0""",1056.99,783.69,600,20241023_PlasmaExtract17.wiff.scan
"""[TG(66:11),TG(65:4)]_FA16:0""",1054.97,781.67,440,20241023_PlasmaExtract17.wiff.scan
"""[TG(66:12),TG(65:5)]_FA16:0""",1052.96,779.66,120,20241023_PlasmaExtract17.wiff.scan
"""[TG(66:13),TG(65:6)]_FA16:0""",1050.94,777.64,40,20241023_PlasmaExtract17.wiff.scan
"""[TG(66:14),TG(65:7),TG(64:0)]_FA16:0""",1049.02,775.72,80,20241023_PlasmaExtract17.wiff.scan
"""[TG(66:15),TG(65:8),TG(64:1)]_FA16:0""",1047.01,773.71,80,20241023_PlasmaExtract17.wiff.scan
"""[TG(66:16),TG(65:9),TG(64:2)]_FA16:0""",1044.99,771.69,120,20241023_PlasmaExtract17.wiff.scan
"""[TG(66:17),TG(65:10),TG(64:3)]_FA16:0""",1042.97,769.67,40,20241023_PlasmaExtract17.wiff.scan
"""[TG(66:18),TG(65:11),TG(64:4)]_FA16:0""",1040.96,767.66,40,20241023_PlasmaExtract17.wiff.scan
[TG(66:2)]_FA16:0,1073.02,799.72,80,20241023_PlasmaExtract17.wiff.scan
[TG(66:3)]_FA16:0,1071.01,797.71,160,20241023_PlasmaExtract17.wiff.scan
[TG(66:4)]_FA16:0,1068.99,795.69,80,20241023_PlasmaExtract17.wiff.scan
[TG(66:5)]_FA16:0,1066.97,793.67,80,20241023_PlasmaExtract17.wiff.scan
[TG(66:6)]_FA16:0,1064.96,791.66,40,20241023_PlasmaExtract17.wiff.scan
[TG(66:7)]_FA16:0,1062.94,789.64,0,20241023_PlasmaExtract17.wiff.scan
"""[TG(66:8),TG(65:1)]_FA16:0""",1061.02,787.72,400,20241023_PlasmaExtract17.wiff.scan
"""[TG(66:9),TG(65:2)]_FA16:0""",1059.01,785.71,80,20241023_PlasmaExtract17.wiff.scan
[TG(50:5)]_FA16:0,842.72,569.42,0,20241023_PlasmaExtract17.wiff.scan
[TG(52:5)]_FA16:0,870.76,597.46,1160,20241023_PlasmaExtract17.wiff.scan
"""[TG(53:10),TG(52:3)]_FA16:0""",874.79,601.49,40640,20241023_PlasmaExtract17.wiff.scan
"""[TG(54:10),TG(53:3)]_FA16:0""",888.8,615.5,680,20241023_PlasmaExtract17.wiff.scan
"""[TG(54:11),TG(53:4)]_FA16:0""",886.79,613.49,320,20241023_PlasmaExtract17.wiff.scan
[TG(54:5)]_FA16:0,898.79,625.49,320,20241023_PlasmaExtract17.wiff.scan
[TG(54:6)]_FA16:0,896.77,623.47,120,20241023_PlasmaExtract17.wiff.scan
"""[TG(54:8),TG(53:1)]_FA16:0""",892.83,619.53,120,20241023_PlasmaExtract17.wiff.scan
"""[TG(54:9),TG(53:2)]_FA16:0""",890.82,617.52,320,20241023_PlasmaExtract17.wiff.scan
"""[TG(55:10),TG(54:3)]_FA16:0""",902.82,629.52,1120,20241023_PlasmaExtract17.wiff.scan
"""[TG(55:11),TG(54:4)]_FA16:0""",900.8,627.5,400,20241023_PlasmaExtract17.wiff.scan
"""[TG(55:8),TG(54:1)]_FA16:0""",906.85,633.55,120,20241023_PlasmaExtract17.wiff.scan
"""[TG(55:9),TG(54:2)]_FA16:0""",904.83,631.53,920,20241023_PlasmaExtract17.wiff.scan
"""[TG(56:9),TG(55:2)]_FA16:0""",918.85,645.55,40,20241023_PlasmaExtract17.wiff.scan
"""[TG(58:7),TG(57:0)]_FA16:0""",950.91,677.61,80,20241023_PlasmaExtract17.wiff.scan
LPC(2:0),300.12,184.1,160,20241023_PlasmaExtract10.wiff.scan
LPC(3:1),312.12,184.1,200,20241023_PlasmaExtract10.wiff.scan
"""LPC(3:0),PC(O-3:0)""",314.14,184.1,360,20241023_PlasmaExtract10.wiff.scan
"""LPC(4:0),PC(O-4:0),PC(O-5:0)""",328.19,184.1,120,20241023_PlasmaExtract10.wiff.scan
"""PC(4:0),LPC(5:0)""",342.17,184.1,320,20241023_PlasmaExtract10.wiff.scan
LPC(6:0),356.18,184.1,1600,20241023_PlasmaExtract10.wiff.scan
"""PC(6:0),LPC(7:0)""",370.2,184.1,920,20241023_PlasmaExtract10.wiff.scan
LPC(8:0),384.22,184.1,1200,20241023_PlasmaExtract10.wiff.scan
LPC(O-10:1),396.25,184.1,1400,20241023_PlasmaExtract10.wiff.scan
"""PC(8:0),LPC(9:0)""",398.23,184.1,6160,20241023_PlasmaExtract10.wiff.scan
"""LPC(10:0),PC(O-10:0)""",412.25,184.1,10240,20241023_PlasmaExtract10.wiff.scan
"""PC(10:0),LPC(11:0)""",426.26,184.1,8160,20241023_PlasmaExtract10.wiff.scan
PC(O-12:1),438.26,184.1,5680,20241023_PlasmaExtract10.wiff.scan
LPC(12:0),440.28,184.1,5560,20241023_PlasmaExtract10.wiff.scan
PC(12:4),446.19,184.1,3400,20241023_PlasmaExtract10.wiff.scan
"""PC(O-13:1),LPC(P-14:0)""",452.31,184.1,3160,20241023_PlasmaExtract10.wiff.scan
"""PC(12:0),LPC(13:0),LPC(O-14:0)""",454.33,184.1,2480,20241023_PlasmaExtract10.wiff.scan
"""LPC(14:1),LPC(P-15:0)""",466.33,184.1,1080,20241023_PlasmaExtract10.wiff.scan
"""LPC(14:0),PC(O-14:0),LPC(O-15:0)""",468.35,184.1,8720,20241023_PlasmaExtract10.wiff.scan
"""LPC(15:1),LPC(O-16:1),LPC(P-16:0)""",480.35,184.1,3400,20241023_PlasmaExtract10.wiff.scan
"""PC(14:0),LPC(15:0),LPC(O-16:0)""",482.36,184.1,9560,20241023_PlasmaExtract10.wiff.scan
"""LPC(16:1),LPC(P-17:0)""",494.36,184.1,9160,20241023_PlasmaExtract10.wiff.scan
"""LPC(16:0),PC(O-16:0),LPC(O-17:0)""",496.38,184.1,889960,20241023_PlasmaExtract10.wiff.scan
PC(16:4),502.26,184.1,2120,20241023_PlasmaExtract10.wiff.scan
"""LPC(17:2),LPC(P-18:1)""",506.36,184.1,1480,20241023_PlasmaExtract10.wiff.scan
"""LPC(17:1),LPC(O-18:1),LPC(P-18:0)""",508.38,184.1,3880,20241023_PlasmaExtract10.wiff.scan
"""PC(16:0),PC(O-17:0),LPC(O-18:0)""",510.39,184.1,16560,20241023_PlasmaExtract10.wiff.scan
LPC(18:4),516.31,184.1,1840,20241023_PlasmaExtract10.wiff.scan
LPC(18:3),518.32,184.1,6560,20241023_PlasmaExtract10.wiff.scan
"""LPC(18:2),LPC(P-19:1)""",520.38,184.1,194720,20241023_PlasmaExtract10.wiff.scan
"""LPC(18:1),PC(O-18:1),PC(P-18:0)""",522.36,184.1,217040,20241023_PlasmaExtract10.wiff.scan
"""LPC(18:0),PC(O-18:0),LPC(O-19:0)""",524.41,184.1,347480,20241023_PlasmaExtract10.wiff.scan
LPC(O-20:4),530.36,184.1,1960,20241023_PlasmaExtract10.wiff.scan
LPC(19:3),532.34,184.1,2040,20241023_PlasmaExtract10.wiff.scan
"""PC(18:1),LPC(19:1),PC(O-19:1),LPC(P-20:0)""",536.41,184.1,2520,20241023_PlasmaExtract10.wiff.scan
"""PC(18:0),LPC(19:0),PC(O-19:0),LPC(O-20:0)""",538.42,184.1,2480,20241023_PlasmaExtract10.wiff.scan
LPC(20:5),542.32,184.1,6000,20241023_PlasmaExtract10.wiff.scan
LPC(20:4),544.34,184.1,46920,20241023_PlasmaExtract10.wiff.scan
LPC(20:3),546.36,184.1,23920,20241023_PlasmaExtract10.wiff.scan
"""LPC(20:2),PC(O-20:2)""",548.37,184.1,16800,20241023_PlasmaExtract10.wiff.scan
"""PC(19:1),LPC(20:1),PC(O-20:1),PC(P-20:0)""",550.39,184.1,11800,20241023_PlasmaExtract10.wiff.scan
"""PC(19:0),LPC(20:0),PC(O-20:0)""",552.4,184.1,4360,20241023_PlasmaExtract10.wiff.scan
"""PC(20:4),LPC(21:4)""",558.36,184.1,1840,20241023_PlasmaExtract10.wiff.scan
"""PC(20:1),PC(O-21:1)""",564.4,184.1,2560,20241023_PlasmaExtract10.wiff.scan
"""PC(20:0),LPC(21:0),PC(O-21:0)""",566.42,184.1,1320,20241023_PlasmaExtract10.wiff.scan
LPC(22:6),568.34,184.1,14000,20241023_PlasmaExtract10.wiff.scan
LPC(22:5),570.36,184.1,4360,20241023_PlasmaExtract10.wiff.scan
LPC(22:4),572.37,184.1,16080,20241023_PlasmaExtract10.wiff.scan
LPC(22:2),576.4,184.1,1680,20241023_PlasmaExtract10.wiff.scan
"""PC(21:1),LPC(22:1)""",578.42,184.1,1560,20241023_PlasmaExtract10.wiff.scan
"""PC(21:0),LPC(22:0),PC(O-22:0)""",580.43,184.1,2080,20241023_PlasmaExtract10.wiff.scan
PC(22:1),592.4,184.1,920,20241023_PlasmaExtract10.wiff.scan
PC(22:0),594.41,184.1,6120,20241023_PlasmaExtract10.wiff.scan
LPC(24:1),606.45,184.1,1560,20241023_PlasmaExtract10.wiff.scan
LPC(24:0),608.47,184.1,1400,20241023_PlasmaExtract10.wiff.scan
PC(24:0),622.44,184.1,3440,20241023_PlasmaExtract10.wiff.scan
PC(25:0),636.46,184.1,6440,20241023_PlasmaExtract10.wiff.scan
PC(26:1),648.46,184.1,5760,20241023_PlasmaExtract10.wiff.scan
PC(26:0),650.48,184.1,23640,20241023_PlasmaExtract10.wiff.scan
"""PC(27:1),PC(P-28:0)""",662.51,184.1,6640,20241023_PlasmaExtract10.wiff.scan
"""PC(27:0),PC(O-28:0)""",664.53,184.1,5000,20241023_PlasmaExtract10.wiff.scan
PC(28:2),674.48,184.1,8040,20241023_PlasmaExtract10.wiff.scan
"""PC(28:1),PC(P-29:0)""",676.53,184.1,22440,20241023_PlasmaExtract10.wiff.scan
"""PC(28:0),PC(O-29:0)""",678.54,184.1,10720,20241023_PlasmaExtract10.wiff.scan
"""PC(29:2),PC(P-30:1)""",688.53,184.1,5600,20241023_PlasmaExtract10.wiff.scan
"""PC(29:1),PC(O-30:1),PC(P-30:0)""",690.54,184.1,20360,20241023_PlasmaExtract10.wiff.scan
"""PC(29:0),PC(O-30:0)""",692.56,184.1,4120,20241023_PlasmaExtract10.wiff.scan
PC(30:4),698.48,184.1,14720,20241023_PlasmaExtract10.wiff.scan
PC(30:3),700.49,184.1,3320,20241023_PlasmaExtract10.wiff.scan
"""PC(30:2),PC(P-31:1)""",702.54,184.1,37560,20241023_PlasmaExtract10.wiff.scan
"""PC(30:1),PC(O-31:1),PC(P-31:0)""",704.56,184.1,231360,20241023_PlasmaExtract10.wiff.scan
"""PC(30:0),PC(O-31:0)""",706.58,184.1,27840,20241023_PlasmaExtract10.wiff.scan
PC(31:4),712.49,184.1,4520,20241023_PlasmaExtract10.wiff.scan
"""PC(31:3),PC(O-32:3)""",714.54,184.1,4960,20241023_PlasmaExtract10.wiff.scan
"""PC(31:2),PC(O-32:2),PC(P-32:1)""",716.56,184.1,5600,20241023_PlasmaExtract10.wiff.scan
"""PC(31:1),PC(O-32:1),PC(P-32:0)""",718.58,184.1,28680,20241023_PlasmaExtract10.wiff.scan
"""PC(31:0),PC(O-32:0)""",720.59,184.1,23160,20241023_PlasmaExtract10.wiff.scan
PC(32:5),724.49,184.1,7480,20241023_PlasmaExtract10.wiff.scan
PC(32:4),726.51,184.1,6600,20241023_PlasmaExtract10.wiff.scan
"""PC(32:3),PC(P-33:2)""",728.56,184.1,7640,20241023_PlasmaExtract10.wiff.scan
"""PC(32:2),PC(O-33:2),PC(P-33:1)""",730.58,184.1,37040,20241023_PlasmaExtract10.wiff.scan
"""PC(32:1),PC(O-33:1),PC(P-33:0)""",732.59,184.1,109440,20241023_PlasmaExtract10.wiff.scan
"""PC(32:0),PC(O-33:0)""",734.61,184.1,50480,20241023_PlasmaExtract10.wiff.scan
"""PC(33:5),PC(P-34:4)""",738.54,184.1,5040,20241023_PlasmaExtract10.wiff.scan
"""PC(33:4),PC(O-34:4),PC(O-34:4),PC(P-34:3)""",740.56,184.1,7480,20241023_PlasmaExtract10.wiff.scan
"""PC(33:3),PC(O-34:3),PC(P-34:2)""",742.58,184.1,29000,20241023_PlasmaExtract10.wiff.scan
"""PC(33:2),PC(O-34:2),PC(P-34:1)""",744.59,184.1,56880,20241023_PlasmaExtract10.wiff.scan
"""PC(33:1),PC(O-34:1),PC(P-34:0)""",746.61,184.1,66360,20241023_PlasmaExtract10.wiff.scan
"""PC(33:0),PC(O-34:0)""",748.62,184.1,14400,20241023_PlasmaExtract10.wiff.scan
PC(34:6),750.51,184.1,7840,20241023_PlasmaExtract10.wiff.scan
PC(34:5),752.52,184.1,6560,20241023_PlasmaExtract10.wiff.scan
"""PC(34:4),PC(O-35:4)""",754.58,184.1,9960,20241023_PlasmaExtract10.wiff.scan
"""PC(34:3),PC(P-35:2)""",756.59,184.1,48880,20241023_PlasmaExtract10.wiff.scan
"""PC(34:2),PC(O-35:2),PC(P-35:1)""",758.61,184.1,1862800,20241023_PlasmaExtract10.wiff.scan
"""PC(34:1),PC(O-35:1),PC(P-35:0)""",760.62,184.1,875640,20241023_PlasmaExtract10.wiff.scan
"""PC(34:0),PC(O-35:0)""",762.64,184.1,59920,20241023_PlasmaExtract10.wiff.scan
"""PC(35:6),PC(P-36:5)""",764.56,184.1,11160,20241023_PlasmaExtract10.wiff.scan
"""PC(35:5),PC(O-36:5),PC(P-36:4)""",766.58,184.1,48520,20241023_PlasmaExtract10.wiff.scan
"""PC(35:4),PC(O-36:4),PC(P-36:3)""",768.59,184.1,65120,20241023_PlasmaExtract10.wiff.scan
"""PC(35:3),PC(O-36:3),PC(P-36:2)""",770.61,184.1,31440,20241023_PlasmaExtract10.wiff.scan
"""PC(35:2),PC(O-36:2),PC(P-36:1)""",772.62,184.1,59400,20241023_PlasmaExtract10.wiff.scan
"""PC(36:8),PC(35:1),PC(O-36:1),PC(P-36:0)""",774.64,184.1,132960,20241023_PlasmaExtract10.wiff.scan
"""PC(36:7),PC(35:0),PC(O-36:0)""",776.65,184.1,14600,20241023_PlasmaExtract10.wiff.scan
PC(36:6),778.54,184.1,14840,20241023_PlasmaExtract10.wiff.scan
PC(36:5),780.55,184.1,78240,20241023_PlasmaExtract10.wiff.scan
"""PC(36:4),PC(O-37:4)""",782.61,184.1,531240,20241023_PlasmaExtract10.wiff.scan
"""PC(36:3),PC(P-37:2)""",784.62,184.1,424000,20241023_PlasmaExtract10.wiff.scan
"""PC(O-38:9),PC(36:2),PC(O-37:2),PC(P-37:1)""",786.64,184.1,683360,20241023_PlasmaExtract10.wiff.scan
"""PC(O-38:8),PC(36:1),PC(O-37:1),PC(P-37:0)""",788.65,184.1,258440,20241023_PlasmaExtract10.wiff.scan
"""PC(37:7),PC(P-38:6),PC(36:0),PC(O-37:0)""",790.67,184.1,46680,20241023_PlasmaExtract10.wiff.scan
"""PC(37:6),PC(O-38:6),PC(P-38:5)""",792.59,184.1,44560,20241023_PlasmaExtract10.wiff.scan
"""PC(37:5),PC(O-38:5),PC(P-38:4)""",794.61,184.1,57160,20241023_PlasmaExtract10.wiff.scan
"""PC(37:4),PC(O-38:4),PC(P-38:3)""",796.62,184.1,65000,20241023_PlasmaExtract10.wiff.scan
"""PC(37:3),PC(O-38:3),PC(P-38:2)""",798.64,184.1,79560,20241023_PlasmaExtract10.wiff.scan
"""PC(38:9),PC(37:2),PC(O-38:2),PC(P-38:1)""",800.65,184.1,70800,20241023_PlasmaExtract10.wiff.scan
"""PC(38:8),PC(37:1),PC(O-38:1),PC(P-38:0)""",802.67,184.1,56400,20241023_PlasmaExtract10.wiff.scan
"""PC(38:7),PC(37:0),PC(O-38:0)""",804.68,184.1,14640,20241023_PlasmaExtract10.wiff.scan
PC(38:6),806.57,184.1,126320,20241023_PlasmaExtract10.wiff.scan
PC(38:5),808.59,184.1,190840,20241023_PlasmaExtract10.wiff.scan
PC(38:4),810.6,184.1,506840,20241023_PlasmaExtract10.wiff.scan
PC(38:3),812.62,184.1,204280,20241023_PlasmaExtract10.wiff.scan
"""PC(O-40:9),PC(38:2),PC(P-39:1)""",814.67,184.1,120480,20241023_PlasmaExtract10.wiff.scan
"""PC(39:8),PC(O-40:8),PC(38:1),PC(O-39:1),PC(P-39:0)""",816.68,184.1,64080,20241023_PlasmaExtract10.wiff.scan
"""PC(39:7),PC(P-40:6),PC(38:0),PC(O-39:0)""",818.7,184.1,27240,20241023_PlasmaExtract10.wiff.scan
"""PC(39:6),PC(O-40:6),PC(P-40:5)""",820.62,184.1,17880,20241023_PlasmaExtract10.wiff.scan
"""PC(39:5),PC(O-40:5),PC(P-40:4)""",822.64,184.1,30600,20241023_PlasmaExtract10.wiff.scan
"""PC(39:4),PC(O-40:4),PC(P-40:3)""",824.65,184.1,42800,20241023_PlasmaExtract10.wiff.scan
"""PC(40:10),PC(39:3),PC(O-40:3),PC(P-40:2)""",826.67,184.1,55520,20241023_PlasmaExtract10.wiff.scan
"""PC(40:9),PC(39:2),PC(O-40:2),PC(P-40:1)""",828.68,184.1,22480,20241023_PlasmaExtract10.wiff.scan
"""PC(40:8),PC(39:1),PC(O-40:1),PC(P-40:0)""",830.7,184.1,18320,20241023_PlasmaExtract10.wiff.scan
"""PC(40:7),PC(39:0),PC(O-40:0)""",832.72,184.1,18000,20241023_PlasmaExtract10.wiff.scan
PC(40:6),834.6,184.1,61520,20241023_PlasmaExtract10.wiff.scan
PC(40:5),836.62,184.1,39360,20241023_PlasmaExtract10.wiff.scan
PC(40:4),838.63,184.1,21360,20241023_PlasmaExtract10.wiff.scan
PC(40:3),840.65,184.1,15280,20241023_PlasmaExtract10.wiff.scan
PC(40:2),842.66,184.1,24080,20241023_PlasmaExtract10.wiff.scan
"""PC(40:1),PC(P-41:0)""",844.72,184.1,12600,20241023_PlasmaExtract10.wiff.scan
"""PC(41:7),PC(P-42:6),PC(40:0),PC(O-41:0)""",846.73,184.1,5920,20241023_PlasmaExtract10.wiff.scan
"""PC(41:6),PC(O-42:6)""",848.65,184.1,7720,20241023_PlasmaExtract10.wiff.scan
"""PC(41:5),PC(P-42:4)""",850.67,184.1,13360,20241023_PlasmaExtract10.wiff.scan
"""PC(42:11),PC(41:4),PC(O-42:4)""",852.68,184.1,15040,20241023_PlasmaExtract10.wiff.scan
"""PC(42:10),PC(41:3),PC(O-42:3),PC(P-42:2)""",854.7,184.1,8680,20241023_PlasmaExtract10.wiff.scan
"""PC(42:9),PC(41:2),PC(O-42:2),PC(P-42:1)""",856.72,184.1,9000,20241023_PlasmaExtract10.wiff.scan
"""PC(42:8),PC(41:1),PC(O-42:1),PC(P-42:0)""",858.73,184.1,10040,20241023_PlasmaExtract10.wiff.scan
"""PC(42:7),PC(41:0),PC(O-42:0)""",860.75,184.1,8840,20241023_PlasmaExtract10.wiff.scan
PC(42:6),862.63,184.1,5960,20241023_PlasmaExtract10.wiff.scan
PC(42:5),864.65,184.1,4520,20241023_PlasmaExtract10.wiff.scan
PC(42:4),866.66,184.1,6240,20241023_PlasmaExtract10.wiff.scan
PC(42:3),868.68,184.1,4400,20241023_PlasmaExtract10.wiff.scan
PC(42:2),870.7,184.1,4000,20241023_PlasmaExtract10.wiff.scan
PC(42:1),872.71,184.1,5720,20241023_PlasmaExtract10.wiff.scan
PC(42:0),874.73,184.1,7000,20241023_PlasmaExtract10.wiff.scan
PC(43:6),876.65,184.1,8880,20241023_PlasmaExtract10.wiff.scan
"""PC(44:12),PC(O-44:5)""",878.7,184.1,12600,20241023_PlasmaExtract10.wiff.scan
"""PC(43:4),PC(O-44:4)""",880.72,184.1,4720,20241023_PlasmaExtract10.wiff.scan
"""PC(44:10),PC(O-44:3)""",882.73,184.1,4560,20241023_PlasmaExtract10.wiff.scan
PC(43:2),884.71,184.1,2920,20241023_PlasmaExtract10.wiff.scan
"""PC(44:8),PC(43:1)""",886.73,184.1,4000,20241023_PlasmaExtract10.wiff.scan
"""PC(44:7),PC(43:0)""",888.74,184.1,3680,20241023_PlasmaExtract10.wiff.scan
PC(44:6),890.66,184.1,3360,20241023_PlasmaExtract10.wiff.scan
PC(44:5),892.68,184.1,3520,20241023_PlasmaExtract10.wiff.scan
PC(44:4),894.7,184.1,3840,20241023_PlasmaExtract10.wiff.scan
PC(44:3),896.71,184.1,1960,20241023_PlasmaExtract10.wiff.scan
PC(44:2),898.73,184.1,3000,20241023_PlasmaExtract10.wiff.scan
PC(44:1),900.74,184.1,3800,20241023_PlasmaExtract10.wiff.scan
PC(44:0),902.76,184.1,3880,20241023_PlasmaExtract10.wiff.scan
PC(46:2),926.76,184.1,2200,20241023_PlasmaExtract10.wiff.scan
PC(46:1),928.77,184.1,2240,20241023_PlasmaExtract10.wiff.scan
PC(46:0),930.79,184.1,2280,20241023_PlasmaExtract10.wiff.scan
PC(48:2),954.79,184.1,2520,20241023_PlasmaExtract10.wiff.scan
PC(48:0),958.82,184.1,1480,20241023_PlasmaExtract10.wiff.scan
PC(50:0),986.85,184.1,2640,20241023_PlasmaExtract10.wiff.scan
PC(52:4),1006.82,184.1,2280,20241023_PlasmaExtract10.wiff.scan
PC(52:0),1014.88,184.1,2400,20241023_PlasmaExtract10.wiff.scan
PC(54:12),1018.73,184.1,1200,20241023_PlasmaExtract10.wiff.scan
PC(56:12),1046.76,184.1,2040,20241023_PlasmaExtract10.wiff.scan
PC(56:9),1052.8,184.1,2960,20241023_PlasmaExtract10.wiff.scan
PC(56:8),1054.82,184.1,1800,20241023_PlasmaExtract10.wiff.scan
[TG(37:0)]_FA18:0,670.6,369.3,4280,20241023_PlasmaExtract19.wiff.scan
[TG(38:0)]_FA18:0,684.61,383.31,3640,20241023_PlasmaExtract19.wiff.scan
[TG(38:1)]_FA18:0,682.6,381.3,80,20241023_PlasmaExtract19.wiff.scan
[TG(39:0)]_FA18:0,698.63,397.33,400,20241023_PlasmaExtract19.wiff.scan
[TG(39:1)]_FA18:0,696.61,395.31,40,20241023_PlasmaExtract19.wiff.scan
[TG(40:0)]_FA18:0,712.65,411.35,1800,20241023_PlasmaExtract19.wiff.scan
[TG(40:1)]_FA18:0,710.63,409.33,80,20241023_PlasmaExtract19.wiff.scan
[TG(40:2)]_FA18:0,708.61,407.31,80,20241023_PlasmaExtract19.wiff.scan
[TG(41:0)]_FA18:0,726.66,425.36,120,20241023_PlasmaExtract19.wiff.scan
[TG(41:1)]_FA18:0,724.65,423.35,200,20241023_PlasmaExtract19.wiff.scan
[TG(41:2)]_FA18:0,722.63,421.33,120,20241023_PlasmaExtract19.wiff.scan
[TG(42:0)]_FA18:0,740.68,439.38,1360,20241023_PlasmaExtract19.wiff.scan
[TG(42:1)]_FA18:0,738.66,437.36,120,20241023_PlasmaExtract19.wiff.scan
[TG(42:2)]_FA18:0,736.65,435.35,200,20241023_PlasmaExtract19.wiff.scan
[TG(42:3)]_FA18:0,734.63,433.33,0,20241023_PlasmaExtract19.wiff.scan
[TG(42:4)]_FA18:0,732.61,431.31,40,20241023_PlasmaExtract19.wiff.scan
[TG(43:0)]_FA18:0,754.69,453.39,360,20241023_PlasmaExtract19.wiff.scan
[TG(43:1)]_FA18:0,752.68,451.38,0,20241023_PlasmaExtract19.wiff.scan
[TG(43:2)]_FA18:0,750.66,449.36,0,20241023_PlasmaExtract19.wiff.scan
[TG(43:3)]_FA18:0,748.65,447.35,0,20241023_PlasmaExtract19.wiff.scan
[TG(43:4)]_FA18:0,746.63,445.33,40,20241023_PlasmaExtract19.wiff.scan
"""[TG(44:0),TG(O-45:0)]_FA18:0""",768.74,467.44,360,20241023_PlasmaExtract19.wiff.scan
[TG(44:1)]_FA18:0,766.69,465.39,280,20241023_PlasmaExtract19.wiff.scan
[TG(44:2)]_FA18:0,764.68,463.38,0,20241023_PlasmaExtract19.wiff.scan
[TG(44:3)]_FA18:0,762.66,461.36,0,20241023_PlasmaExtract19.wiff.scan
[TG(44:4)]_FA18:0,760.65,459.35,120,20241023_PlasmaExtract19.wiff.scan
[TG(44:5)]_FA18:0,758.63,457.33,80,20241023_PlasmaExtract19.wiff.scan
[TG(45:0)]_FA18:0,782.72,481.42,400,20241023_PlasmaExtract19.wiff.scan
[TG(45:1)]_FA18:0,780.71,479.41,80,20241023_PlasmaExtract19.wiff.scan
[TG(45:2)]_FA18:0,778.69,477.39,0,20241023_PlasmaExtract19.wiff.scan
[TG(45:3)]_FA18:0,776.68,475.38,0,20241023_PlasmaExtract19.wiff.scan
[TG(45:4)]_FA18:0,774.66,473.36,40,20241023_PlasmaExtract19.wiff.scan
[TG(45:5)]_FA18:0,772.65,471.35,40,20241023_PlasmaExtract19.wiff.scan
[TG(46:0)]_FA18:0,796.74,495.44,360,20241023_PlasmaExtract19.wiff.scan
[TG(46:1)]_FA18:0,794.72,493.42,320,20241023_PlasmaExtract19.wiff.scan
[TG(46:2)]_FA18:0,792.71,491.41,240,20241023_PlasmaExtract19.wiff.scan
[TG(46:3)]_FA18:0,790.69,489.39,80,20241023_PlasmaExtract19.wiff.scan
[TG(46:4)]_FA18:0,788.68,487.38,40,20241023_PlasmaExtract19.wiff.scan
[TG(46:5)]_FA18:0,786.66,485.36,160,20241023_PlasmaExtract19.wiff.scan
[TG(46:6)]_FA18:0,784.65,483.35,800,20241023_PlasmaExtract19.wiff.scan
[TG(47:2)]_FA18:0,806.72,505.42,80,20241023_PlasmaExtract19.wiff.scan
[TG(47:3)]_FA18:0,804.71,503.41,120,20241023_PlasmaExtract19.wiff.scan
[TG(47:4)]_FA18:0,802.69,501.39,40,20241023_PlasmaExtract19.wiff.scan
[TG(47:5)]_FA18:0,800.68,499.38,240,20241023_PlasmaExtract19.wiff.scan
[TG(47:6)]_FA18:0,798.66,497.36,280,20241023_PlasmaExtract19.wiff.scan
[TG(48:2)]_FA18:0,820.74,519.44,280,20241023_PlasmaExtract19.wiff.scan
[TG(48:3)]_FA18:0,818.72,517.42,40,20241023_PlasmaExtract19.wiff.scan
[TG(48:4)]_FA18:0,816.71,515.41,0,20241023_PlasmaExtract19.wiff.scan
[TG(48:5)]_FA18:0,814.69,513.39,120,20241023_PlasmaExtract19.wiff.scan
[TG(48:6)]_FA18:0,812.68,511.38,80,20241023_PlasmaExtract19.wiff.scan
"""[TG(48:7),TG(47:0)]_FA18:0""",810.76,509.46,120,20241023_PlasmaExtract19.wiff.scan
"""[TG(48:8),TG(47:1)]_FA18:0""",808.74,507.44,280,20241023_PlasmaExtract19.wiff.scan
[TG(49:3)]_FA18:0,832.74,531.44,80,20241023_PlasmaExtract19.wiff.scan
[TG(49:4)]_FA18:0,830.72,529.42,40,20241023_PlasmaExtract19.wiff.scan
[TG(49:5)]_FA18:0,828.71,527.41,40,20241023_PlasmaExtract19.wiff.scan
[TG(49:6)]_FA18:0,826.69,525.39,120,20241023_PlasmaExtract19.wiff.scan
"""[TG(49:7),TG(48:0)]_FA18:0""",824.77,523.47,600,20241023_PlasmaExtract19.wiff.scan
"""[TG(49:8),TG(48:1)]_FA18:0""",822.76,521.46,520,20241023_PlasmaExtract19.wiff.scan
[TG(50:3)]_FA18:0,846.76,545.46,40,20241023_PlasmaExtract19.wiff.scan
[TG(50:4)]_FA18:0,844.74,543.44,80,20241023_PlasmaExtract19.wiff.scan
[TG(50:6)]_FA18:0,840.71,539.41,0,20241023_PlasmaExtract19.wiff.scan
"""[TG(50:7),TG(49:0)]_FA18:0""",838.79,537.49,160,20241023_PlasmaExtract19.wiff.scan
"""[TG(50:8),TG(49:1)]_FA18:0""",836.77,535.47,120,20241023_PlasmaExtract19.wiff.scan
"""[TG(50:9),TG(49:2)]_FA18:0""",834.76,533.46,40,20241023_PlasmaExtract19.wiff.scan
[TG(51:4)]_FA18:0,858.76,557.46,0,20241023_PlasmaExtract19.wiff.scan
[TG(51:5)]_FA18:0,856.74,555.44,0,20241023_PlasmaExtract19.wiff.scan
[TG(51:6)]_FA18:0,854.72,553.42,360,20241023_PlasmaExtract19.wiff.scan
"""[TG(51:7),TG(50:0)]_FA18:0""",852.8,551.5,1920,20241023_PlasmaExtract19.wiff.scan
"""[TG(51:8),TG(50:1)]_FA18:0""",850.79,549.49,1680,20241023_PlasmaExtract19.wiff.scan
"""[TG(51:9),TG(50:2)]_FA18:0""",848.77,547.47,240,20241023_PlasmaExtract19.wiff.scan
"""[TG(52:10),TG(51:3)]_FA18:0""",860.77,559.47,40,20241023_PlasmaExtract19.wiff.scan
[TG(52:4)]_FA18:0,872.77,571.47,80,20241023_PlasmaExtract19.wiff.scan
[TG(52:6)]_FA18:0,868.74,567.44,120,20241023_PlasmaExtract19.wiff.scan
"""[TG(52:7),TG(51:0)]_FA18:0""",866.82,565.52,80,20241023_PlasmaExtract19.wiff.scan
"""[TG(52:8),TG(51:1)]_FA18:0""",864.8,563.5,360,20241023_PlasmaExtract19.wiff.scan
"""[TG(52:9),TG(51:2)]_FA18:0""",862.79,561.49,80,20241023_PlasmaExtract19.wiff.scan
[TG(53:6)]_FA18:0,882.76,581.46,160,20241023_PlasmaExtract19.wiff.scan
"""[TG(53:7),TG(52:0)]_FA18:0""",880.83,579.53,840,20241023_PlasmaExtract19.wiff.scan
"""[TG(53:8),TG(52:1)]_FA18:0""",878.82,577.52,5200,20241023_PlasmaExtract19.wiff.scan
"""[TG(53:9),TG(52:2)]_FA18:0""",876.8,575.5,3080,20241023_PlasmaExtract19.wiff.scan
"""[TG(54:12),TG(53:5)]_FA18:0""",884.77,583.47,0,20241023_PlasmaExtract19.wiff.scan
"""[TG(54:7),TG(53:0)]_FA18:0""",894.85,593.55,120,20241023_PlasmaExtract19.wiff.scan
"""[TG(55:7),TG(54:0)]_FA18:0""",908.86,607.56,320,20241023_PlasmaExtract19.wiff.scan
"""[TG(56:10),TG(55:3)]_FA18:0""",916.83,615.53,120,20241023_PlasmaExtract19.wiff.scan
"""[TG(56:11),TG(55:4)]_FA18:0""",914.82,613.52,160,20241023_PlasmaExtract19.wiff.scan
"""[TG(56:12),TG(55:5)]_FA18:0""",912.8,611.5,40,20241023_PlasmaExtract19.wiff.scan
"""[TG(56:13),TG(55:6)]_FA18:0""",910.79,609.49,40,20241023_PlasmaExtract19.wiff.scan
[TG(56:6)]_FA18:0,924.8,623.5,40,20241023_PlasmaExtract19.wiff.scan
"""[TG(56:7),TG(55:0)]_FA18:0""",922.88,621.58,160,20241023_PlasmaExtract19.wiff.scan
"""[TG(56:8),TG(55:1)]_FA18:0""",920.86,619.56,80,20241023_PlasmaExtract19.wiff.scan
"""[TG(57:10),TG(56:3)]_FA18:0""",930.85,629.55,160,20241023_PlasmaExtract19.wiff.scan
"""[TG(57:11),TG(56:4)]_FA18:0""",928.83,627.53,0,20241023_PlasmaExtract19.wiff.scan
"""[TG(57:12),TG(56:5)]_FA18:0""",926.82,625.52,40,20241023_PlasmaExtract19.wiff.scan
"""[TG(57:8),TG(56:1)]_FA18:0""",934.88,633.58,0,20241023_PlasmaExtract19.wiff.scan
"""[TG(57:9),TG(56:2)]_FA18:0""",932.86,631.56,200,20241023_PlasmaExtract19.wiff.scan
"""[TG(58:10),TG(57:3)]_FA18:0""",944.86,643.56,120,20241023_PlasmaExtract19.wiff.scan
"""[TG(58:11),TG(57:4)]_FA18:0""",942.85,641.55,0,20241023_PlasmaExtract19.wiff.scan
"""[TG(58:12),TG(57:5)]_FA18:0""",940.83,639.53,40,20241023_PlasmaExtract19.wiff.scan
"""[TG(58:13),TG(57:6)]_FA18:0""",938.82,637.52,280,20241023_PlasmaExtract19.wiff.scan
"""[TG(58:14),TG(57:7),TG(56:0)]_FA18:0""",936.9,635.6,80,20241023_PlasmaExtract19.wiff.scan
"""[TG(58:8),TG(57:1)]_FA18:0""",948.9,647.6,80,20241023_PlasmaExtract19.wiff.scan
"""[TG(58:9),TG(57:2)]_FA18:0""",946.88,645.58,0,20241023_PlasmaExtract19.wiff.scan
"""[TG(59:10),TG(58:3)]_FA18:0""",958.88,657.58,40,20241023_PlasmaExtract19.wiff.scan
"""[TG(59:11),TG(58:4)]_FA18:0""",956.86,655.56,40,20241023_PlasmaExtract19.wiff.scan
"""[TG(59:12),TG(58:5)]_FA18:0""",954.85,653.55,40,20241023_PlasmaExtract19.wiff.scan
"""[TG(59:13),TG(58:6)]_FA18:0""",952.83,651.53,40,20241023_PlasmaExtract19.wiff.scan
"""[TG(59:9),TG(58:2)]_FA18:0""",960.9,659.6,40,20241023_PlasmaExtract19.wiff.scan
"""[TG(60:10),TG(59:3)]_FA18:0""",972.9,671.6,40,20241023_PlasmaExtract19.wiff.scan
"""[TG(60:11),TG(59:4)]_FA18:0""",970.88,669.58,0,20241023_PlasmaExtract19.wiff.scan
"""[TG(60:12),TG(59:5)]_FA18:0""",968.86,667.56,40,20241023_PlasmaExtract19.wiff.scan
"""[TG(60:13),TG(59:6)]_FA18:0""",966.85,665.55,40,20241023_PlasmaExtract19.wiff.scan
"""[TG(60:14),TG(59:7),TG(58:0)]_FA18:0""",964.93,663.63,40,20241023_PlasmaExtract19.wiff.scan
"""[TG(60:15),TG(59:8),TG(58:1)]_FA18:0""",962.91,661.61,40,20241023_PlasmaExtract19.wiff.scan
"""[TG(60:8),TG(59:1)]_FA18:0""",976.93,675.63,40,20241023_PlasmaExtract19.wiff.scan
"""[TG(60:9),TG(59:2)]_FA18:0""",974.91,673.61,80,20241023_PlasmaExtract19.wiff.scan
"""[TG(61:10),TG(60:3)]_FA18:0""",986.91,685.61,40,20241023_PlasmaExtract19.wiff.scan
"""[TG(61:11),TG(60:4)]_FA18:0""",984.9,683.6,40,20241023_PlasmaExtract19.wiff.scan
"""[TG(61:12),TG(60:5)]_FA18:0""",982.88,681.58,0,20241023_PlasmaExtract19.wiff.scan
"""[TG(61:13),TG(60:6)]_FA18:0""",980.86,679.56,40,20241023_PlasmaExtract19.wiff.scan
"""[TG(61:14),TG(60:7),TG(59:0)]_FA18:0""",978.94,677.64,0,20241023_PlasmaExtract19.wiff.scan
"""[TG(62:10),TG(61:3)]_FA18:0""",1000.93,699.63,0,20241023_PlasmaExtract19.wiff.scan
"""[TG(62:11),TG(61:4)]_FA18:0""",998.91,697.61,0,20241023_PlasmaExtract19.wiff.scan
"""[TG(62:12),TG(61:5)]_FA18:0""",996.9,695.6,0,20241023_PlasmaExtract19.wiff.scan
"""[TG(62:13),TG(61:6)]_FA18:0""",994.88,693.58,0,20241023_PlasmaExtract19.wiff.scan
"""[TG(62:14),TG(61:7),TG(60:0)]_FA18:0""",992.96,691.66,0,20241023_PlasmaExtract19.wiff.scan
"""[TG(62:15),TG(61:8),TG(60:1)]_FA18:0""",990.94,689.64,0,20241023_PlasmaExtract19.wiff.scan
"""[TG(62:16),TG(61:9),TG(60:2)]_FA18:0""",988.93,687.63,40,20241023_PlasmaExtract19.wiff.scan
"""[TG(62:7),TG(61:0)]_FA18:0""",1006.97,705.67,0,20241023_PlasmaExtract19.wiff.scan
"""[TG(62:8),TG(61:1)]_FA18:0""",1004.96,703.66,120,20241023_PlasmaExtract19.wiff.scan
"""[TG(62:9),TG(61:2)]_FA18:0""",1002.94,701.64,40,20241023_PlasmaExtract19.wiff.scan
"""[TG(63:11),TG(62:4)]_FA18:0""",1012.93,711.63,0,20241023_PlasmaExtract19.wiff.scan
"""[TG(63:12),TG(62:5)]_FA18:0""",1010.91,709.61,0,20241023_PlasmaExtract19.wiff.scan
"""[TG(63:13),TG(62:6)]_FA18:0""",1008.9,707.6,0,20241023_PlasmaExtract19.wiff.scan
"""[TG(64:10),TG(63:3)]_FA18:0""",1028.96,727.66,40,20241023_PlasmaExtract19.wiff.scan
"""[TG(64:11),TG(63:4)]_FA18:0""",1026.94,725.64,320,20241023_PlasmaExtract19.wiff.scan
"""[TG(64:12),TG(63:5)]_FA18:0""",1024.93,723.63,120,20241023_PlasmaExtract19.wiff.scan
"""[TG(64:13),TG(63:6)]_FA18:0""",1022.91,721.61,160,20241023_PlasmaExtract19.wiff.scan
"""[TG(64:14),TG(63:7),TG(62:0)]_FA18:0""",1020.99,719.69,40,20241023_PlasmaExtract19.wiff.scan
"""[TG(64:15),TG(63:8),TG(62:1)]_FA18:0""",1018.97,717.67,0,20241023_PlasmaExtract19.wiff.scan
"""[TG(64:16),TG(63:9),TG(62:2)]_FA18:0""",1016.96,715.66,0,20241023_PlasmaExtract19.wiff.scan
"""[TG(64:17),TG(63:10),TG(62:3)]_FA18:0""",1014.94,713.64,0,20241023_PlasmaExtract19.wiff.scan
[TG(64:6)]_FA18:0,1036.93,735.63,80,20241023_PlasmaExtract19.wiff.scan
"""[TG(64:7),TG(63:0)]_FA18:0""",1035.01,733.71,80,20241023_PlasmaExtract19.wiff.scan
"""[TG(64:8),TG(63:1)]_FA18:0""",1032.99,731.69,40,20241023_PlasmaExtract19.wiff.scan
"""[TG(64:9),TG(63:2)]_FA18:0""",1030.97,729.67,120,20241023_PlasmaExtract19.wiff.scan
[TG(65:0)]_FA18:0,1063.04,761.74,280,20241023_PlasmaExtract19.wiff.scan
"""[TG(65:12),TG(64:5)]_FA18:0""",1038.94,737.64,160,20241023_PlasmaExtract19.wiff.scan
[TG(66:0)]_FA18:0,1077.05,775.75,0,20241023_PlasmaExtract19.wiff.scan
[TG(66:1)]_FA18:0,1075.04,773.74,0,20241023_PlasmaExtract19.wiff.scan
"""[TG(66:10),TG(65:3)]_FA18:0""",1056.99,755.69,120,20241023_PlasmaExtract19.wiff.scan
"""[TG(66:11),TG(65:4)]_FA18:0""",1054.97,753.67,80,20241023_PlasmaExtract19.wiff.scan
"""[TG(66:12),TG(65:5)]_FA18:0""",1052.96,751.66,0,20241023_PlasmaExtract19.wiff.scan
"""[TG(66:13),TG(65:6)]_FA18:0""",1050.94,749.64,80,20241023_PlasmaExtract19.wiff.scan
"""[TG(66:14),TG(65:7),TG(64:0)]_FA18:0""",1049.02,747.72,0,20241023_PlasmaExtract19.wiff.scan
"""[TG(66:15),TG(65:8),TG(64:1)]_FA18:0""",1047.01,745.71,40,20241023_PlasmaExtract19.wiff.scan
"""[TG(66:16),TG(65:9),TG(64:2)]_FA18:0""",1044.99,743.69,0,20241023_PlasmaExtract19.wiff.scan
"""[TG(66:17),TG(65:10),TG(64:3)]_FA18:0""",1042.97,741.67,0,20241023_PlasmaExtract19.wiff.scan
"""[TG(66:18),TG(65:11),TG(64:4)]_FA18:0""",1040.96,739.66,40,20241023_PlasmaExtract19.wiff.scan
[TG(66:2)]_FA18:0,1073.02,771.72,80,20241023_PlasmaExtract19.wiff.scan
[TG(66:3)]_FA18:0,1071.01,769.71,0,20241023_PlasmaExtract19.wiff.scan
[TG(66:4)]_FA18:0,1068.99,767.69,80,20241023_PlasmaExtract19.wiff.scan
[TG(66:5)]_FA18:0,1066.97,765.67,160,20241023_PlasmaExtract19.wiff.scan
[TG(66:6)]_FA18:0,1064.96,763.66,80,20241023_PlasmaExtract19.wiff.scan
[TG(66:7)]_FA18:0,1062.94,761.64,160,20241023_PlasmaExtract19.wiff.scan
"""[TG(66:8),TG(65:1)]_FA18:0""",1061.02,759.72,440,20241023_PlasmaExtract19.wiff.scan
"""[TG(66:9),TG(65:2)]_FA18:0""",1059.01,757.71,160,20241023_PlasmaExtract19.wiff.scan
[TG(50:5)]_FA18:0,842.72,541.42,240,20241023_PlasmaExtract19.wiff.scan
[TG(52:5)]_FA18:0,870.76,569.46,40,20241023_PlasmaExtract19.wiff.scan
"""[TG(53:10),TG(52:3)]_FA18:0""",874.79,573.49,1640,20241023_PlasmaExtract19.wiff.scan
"""[TG(54:10),TG(53:3)]_FA18:0""",888.8,587.5,80,20241023_PlasmaExtract19.wiff.scan
"""[TG(54:11),TG(53:4)]_FA18:0""",886.79,585.49,40,20241023_PlasmaExtract19.wiff.scan
[TG(54:5)]_FA18:0,898.79,597.49,240,20241023_PlasmaExtract19.wiff.scan
[TG(54:6)]_FA18:0,896.77,595.47,80,20241023_PlasmaExtract19.wiff.scan
"""[TG(54:8),TG(53:1)]_FA18:0""",892.83,591.53,120,20241023_PlasmaExtract19.wiff.scan
"""[TG(54:9),TG(53:2)]_FA18:0""",890.82,589.52,120,20241023_PlasmaExtract19.wiff.scan
"""[TG(55:10),TG(54:3)]_FA18:0""",902.82,601.52,4120,20241023_PlasmaExtract19.wiff.scan
"""[TG(55:11),TG(54:4)]_FA18:0""",900.8,599.5,1440,20241023_PlasmaExtract19.wiff.scan
"""[TG(55:8),TG(54:1)]_FA18:0""",906.85,605.55,1080,20241023_PlasmaExtract19.wiff.scan
"""[TG(55:9),TG(54:2)]_FA18:0""",904.83,603.53,4160,20241023_PlasmaExtract19.wiff.scan
"""[TG(56:9),TG(55:2)]_FA18:0""",918.85,617.55,200,20241023_PlasmaExtract19.wiff.scan
"""[TG(58:7),TG(57:0)]_FA18:0""",950.91,649.61,200,20241023_PlasmaExtract19.wiff.scan
"""[TG(48:7),TG(47:0)]_FA22:6""",810.76,465.46,440,20241023_PlasmaExtract25.wiff.scan
"""[TG(49:7),TG(48:0)]_FA22:6""",824.77,479.47,640,20241023_PlasmaExtract25.wiff.scan
"""[TG(50:7),TG(49:0)]_FA22:6""",838.79,493.49,480,20241023_PlasmaExtract25.wiff.scan
"""[TG(51:7),TG(50:0)]_FA22:6""",852.8,507.5,720,20241023_PlasmaExtract25.wiff.scan
"""[TG(52:7),TG(51:0)]_FA22:6""",866.82,521.52,840,20241023_PlasmaExtract25.wiff.scan
"""[TG(53:7),TG(52:0)]_FA22:6""",880.83,535.53,800,20241023_PlasmaExtract25.wiff.scan
"""[TG(54:7),TG(53:0)]_FA22:6""",894.85,549.55,440,20241023_PlasmaExtract25.wiff.scan
"""[TG(55:7),TG(54:0)]_FA22:6""",908.86,563.56,960,20241023_PlasmaExtract25.wiff.scan
"""[TG(56:7),TG(55:0)]_FA22:6""",922.88,577.58,1280,20241023_PlasmaExtract25.wiff.scan
"""[TG(58:14),TG(57:7),TG(56:0)]_FA22:6""",936.9,591.6,640,20241023_PlasmaExtract25.wiff.scan
"""[TG(60:14),TG(59:7),TG(58:0)]_FA22:6""",964.93,619.63,320,20241023_PlasmaExtract25.wiff.scan
"""[TG(61:14),TG(60:7),TG(59:0)]_FA22:6""",978.94,633.64,720,20241023_PlasmaExtract25.wiff.scan
"""[TG(62:14),TG(61:7),TG(60:0)]_FA22:6""",992.96,647.66,200,20241023_PlasmaExtract25.wiff.scan
"""[TG(62:7),TG(61:0)]_FA22:6""",1006.97,661.67,280,20241023_PlasmaExtract25.wiff.scan
"""[TG(64:14),TG(63:7),TG(62:0)]_FA22:6""",1020.99,675.69,120,20241023_PlasmaExtract25.wiff.scan
"""[TG(64:7),TG(63:0)]_FA22:6""",1035.01,689.71,320,20241023_PlasmaExtract25.wiff.scan
"""[TG(66:14),TG(65:7),TG(64:0)]_FA22:6""",1049.02,703.72,560,20241023_PlasmaExtract25.wiff.scan
"""[TG(54:12),TG(53:5)]_FA22:6""",884.77,539.47,560,20241023_PlasmaExtract25.wiff.scan
"""[TG(56:12),TG(55:5)]_FA22:6""",912.8,567.5,680,20241023_PlasmaExtract25.wiff.scan
"""[TG(57:12),TG(56:5)]_FA22:6""",926.82,581.52,400,20241023_PlasmaExtract25.wiff.scan
"""[TG(58:12),TG(57:5)]_FA22:6""",940.83,595.53,320,20241023_PlasmaExtract25.wiff.scan
"""[TG(59:12),TG(58:5)]_FA22:6""",954.85,609.55,280,20241023_PlasmaExtract25.wiff.scan
"""[TG(60:12),TG(59:5)]_FA22:6""",968.86,623.56,440,20241023_PlasmaExtract25.wiff.scan
"""[TG(61:12),TG(60:5)]_FA22:6""",982.88,637.58,600,20241023_PlasmaExtract25.wiff.scan
"""[TG(62:12),TG(61:5)]_FA22:6""",996.9,651.6,280,20241023_PlasmaExtract25.wiff.scan
"""[TG(63:12),TG(62:5)]_FA22:6""",1010.91,665.61,200,20241023_PlasmaExtract25.wiff.scan
"""[TG(64:12),TG(63:5)]_FA22:6""",1024.93,679.63,480,20241023_PlasmaExtract25.wiff.scan
"""[TG(65:12),TG(64:5)]_FA22:6""",1038.94,693.64,240,20241023_PlasmaExtract25.wiff.scan
"""[TG(66:12),TG(65:5)]_FA22:6""",1052.96,707.66,440,20241023_PlasmaExtract25.wiff.scan
"""[TG(56:11),TG(55:4)]_FA22:6""",914.82,569.52,800,20241023_PlasmaExtract25.wiff.scan
"""[TG(57:11),TG(56:4)]_FA22:6""",928.83,583.53,480,20241023_PlasmaExtract25.wiff.scan
"""[TG(58:11),TG(57:4)]_FA22:6""",942.85,597.55,1440,20241023_PlasmaExtract25.wiff.scan
"""[TG(59:11),TG(58:4)]_FA22:6""",956.86,611.56,320,20241023_PlasmaExtract25.wiff.scan
"""[TG(60:11),TG(59:4)]_FA22:6""",970.88,625.58,520,20241023_PlasmaExtract25.wiff.scan
"""[TG(61:11),TG(60:4)]_FA22:6""",984.9,639.6,240,20241023_PlasmaExtract25.wiff.scan
"""[TG(62:11),TG(61:4)]_FA22:6""",998.91,653.61,400,20241023_PlasmaExtract25.wiff.scan
"""[TG(63:11),TG(62:4)]_FA22:6""",1012.93,667.63,400,20241023_PlasmaExtract25.wiff.scan
"""[TG(64:11),TG(63:4)]_FA22:6""",1026.94,681.64,160,20241023_PlasmaExtract25.wiff.scan
"""[TG(66:11),TG(65:4)]_FA22:6""",1054.97,709.67,320,20241023_PlasmaExtract25.wiff.scan
"""[TG(66:18),TG(65:11),TG(64:4)]_FA22:6""",1040.96,695.66,320,20241023_PlasmaExtract25.wiff.scan
"""[TG(52:10),TG(51:3)]_FA22:6""",860.77,515.47,640,20241023_PlasmaExtract25.wiff.scan
"""[TG(56:10),TG(55:3)]_FA22:6""",916.83,571.53,360,20241023_PlasmaExtract25.wiff.scan
"""[TG(57:10),TG(56:3)]_FA22:6""",930.85,585.55,400,20241023_PlasmaExtract25.wiff.scan
"""[TG(58:10),TG(57:3)]_FA22:6""",944.86,599.56,440,20241023_PlasmaExtract25.wiff.scan
"""[TG(59:10),TG(58:3)]_FA22:6""",958.88,613.58,1120,20241023_PlasmaExtract25.wiff.scan
"""[TG(60:10),TG(59:3)]_FA22:6""",972.9,627.6,880,20241023_PlasmaExtract25.wiff.scan
"""[TG(61:10),TG(60:3)]_FA22:6""",986.91,641.61,360,20241023_PlasmaExtract25.wiff.scan
"""[TG(62:10),TG(61:3)]_FA22:6""",1000.93,655.63,280,20241023_PlasmaExtract25.wiff.scan
"""[TG(64:10),TG(63:3)]_FA22:6""",1028.96,683.66,320,20241023_PlasmaExtract25.wiff.scan
"""[TG(64:17),TG(63:10),TG(62:3)]_FA22:6""",1014.94,669.64,280,20241023_PlasmaExtract25.wiff.scan
"""[TG(66:10),TG(65:3)]_FA22:6""",1056.99,711.69,560,20241023_PlasmaExtract25.wiff.scan
"""[TG(66:17),TG(65:10),TG(64:3)]_FA22:6""",1042.97,697.67,1080,20241023_PlasmaExtract25.wiff.scan
"""[TG(50:9),TG(49:2)]_FA22:6""",834.76,489.46,840,20241023_PlasmaExtract25.wiff.scan
"""[TG(51:9),TG(50:2)]_FA22:6""",848.77,503.47,840,20241023_PlasmaExtract25.wiff.scan
"""[TG(52:9),TG(51:2)]_FA22:6""",862.79,517.49,520,20241023_PlasmaExtract25.wiff.scan
"""[TG(53:9),TG(52:2)]_FA22:6""",876.8,531.5,560,20241023_PlasmaExtract25.wiff.scan
"""[TG(57:9),TG(56:2)]_FA22:6""",932.86,587.56,200,20241023_PlasmaExtract25.wiff.scan
"""[TG(58:9),TG(57:2)]_FA22:6""",946.88,601.58,320,20241023_PlasmaExtract25.wiff.scan
"""[TG(59:9),TG(58:2)]_FA22:6""",960.9,615.6,480,20241023_PlasmaExtract25.wiff.scan
"""[TG(60:9),TG(59:2)]_FA22:6""",974.91,629.61,360,20241023_PlasmaExtract25.wiff.scan
"""[TG(62:16),TG(61:9),TG(60:2)]_FA22:6""",988.93,643.63,360,20241023_PlasmaExtract25.wiff.scan
"""[TG(62:9),TG(61:2)]_FA22:6""",1002.94,657.64,520,20241023_PlasmaExtract25.wiff.scan
"""[TG(64:16),TG(63:9),TG(62:2)]_FA22:6""",1016.96,671.66,480,20241023_PlasmaExtract25.wiff.scan
"""[TG(64:9),TG(63:2)]_FA22:6""",1030.97,685.67,440,20241023_PlasmaExtract25.wiff.scan
"""[TG(66:16),TG(65:9),TG(64:2)]_FA22:6""",1044.99,699.69,440,20241023_PlasmaExtract25.wiff.scan
"""[TG(66:9),TG(65:2)]_FA22:6""",1059.01,713.71,320,20241023_PlasmaExtract25.wiff.scan
"""[TG(48:8),TG(47:1)]_FA22:6""",808.74,463.44,720,20241023_PlasmaExtract25.wiff.scan
"""[TG(49:8),TG(48:1)]_FA22:6""",822.76,477.46,520,20241023_PlasmaExtract25.wiff.scan
"""[TG(50:8),TG(49:1)]_FA22:6""",836.77,491.47,320,20241023_PlasmaExtract25.wiff.scan
"""[TG(51:8),TG(50:1)]_FA22:6""",850.79,505.49,720,20241023_PlasmaExtract25.wiff.scan
"""[TG(52:8),TG(51:1)]_FA22:6""",864.8,519.5,3640,20241023_PlasmaExtract25.wiff.scan
"""[TG(53:8),TG(52:1)]_FA22:6""",878.82,533.52,1440,20241023_PlasmaExtract25.wiff.scan
"""[TG(56:8),TG(55:1)]_FA22:6""",920.86,575.56,920,20241023_PlasmaExtract25.wiff.scan
"""[TG(57:8),TG(56:1)]_FA22:6""",934.88,589.58,280,20241023_PlasmaExtract25.wiff.scan
"""[TG(58:8),TG(57:1)]_FA22:6""",948.9,603.6,600,20241023_PlasmaExtract25.wiff.scan
"""[TG(60:15),TG(59:8),TG(58:1)]_FA22:6""",962.91,617.61,600,20241023_PlasmaExtract25.wiff.scan
"""[TG(60:8),TG(59:1)]_FA22:6""",976.93,631.63,600,20241023_PlasmaExtract25.wiff.scan
"""[TG(62:15),TG(61:8),TG(60:1)]_FA22:6""",990.94,645.64,520,20241023_PlasmaExtract25.wiff.scan
"""[TG(62:8),TG(61:1)]_FA22:6""",1004.96,659.66,280,20241023_PlasmaExtract25.wiff.scan
"""[TG(64:15),TG(63:8),TG(62:1)]_FA22:6""",1018.97,673.67,440,20241023_PlasmaExtract25.wiff.scan
"""[TG(64:8),TG(63:1)]_FA22:6""",1032.99,687.69,440,20241023_PlasmaExtract25.wiff.scan
"""[TG(66:15),TG(65:8),TG(64:1)]_FA22:6""",1047.01,701.71,280,20241023_PlasmaExtract25.wiff.scan
"""[TG(66:8),TG(65:1)]_FA22:6""",1061.02,715.72,280,20241023_PlasmaExtract25.wiff.scan
[TG(46:6)]_FA22:6,784.65,439.35,680,20241023_PlasmaExtract25.wiff.scan
[TG(47:6)]_FA22:6,798.66,453.36,920,20241023_PlasmaExtract25.wiff.scan
[TG(48:6)]_FA22:6,812.68,467.38,680,20241023_PlasmaExtract25.wiff.scan
[TG(49:6)]_FA22:6,826.69,481.39,720,20241023_PlasmaExtract25.wiff.scan
[TG(50:6)]_FA22:6,840.71,495.41,520,20241023_PlasmaExtract25.wiff.scan
[TG(51:6)]_FA22:6,854.72,509.42,360,20241023_PlasmaExtract25.wiff.scan
[TG(52:6)]_FA22:6,868.74,523.44,520,20241023_PlasmaExtract25.wiff.scan
[TG(53:6)]_FA22:6,882.76,537.46,520,20241023_PlasmaExtract25.wiff.scan
"""[TG(56:13),TG(55:6)]_FA22:6""",910.79,565.49,320,20241023_PlasmaExtract25.wiff.scan
[TG(56:6)]_FA22:6,924.8,579.5,800,20241023_PlasmaExtract25.wiff.scan
"""[TG(58:13),TG(57:6)]_FA22:6""",938.82,593.52,600,20241023_PlasmaExtract25.wiff.scan
"""[TG(59:13),TG(58:6)]_FA22:6""",952.83,607.53,400,20241023_PlasmaExtract25.wiff.scan
"""[TG(60:13),TG(59:6)]_FA22:6""",966.85,621.55,640,20241023_PlasmaExtract25.wiff.scan
"""[TG(61:13),TG(60:6)]_FA22:6""",980.86,635.56,440,20241023_PlasmaExtract25.wiff.scan
"""[TG(62:13),TG(61:6)]_FA22:6""",994.88,649.58,120,20241023_PlasmaExtract25.wiff.scan
"""[TG(63:13),TG(62:6)]_FA22:6""",1008.9,663.6,360,20241023_PlasmaExtract25.wiff.scan
"""[TG(64:13),TG(63:6)]_FA22:6""",1022.91,677.61,400,20241023_PlasmaExtract25.wiff.scan
[TG(64:6)]_FA22:6,1036.93,691.63,640,20241023_PlasmaExtract25.wiff.scan
"""[TG(66:13),TG(65:6)]_FA22:6""",1050.94,705.64,520,20241023_PlasmaExtract25.wiff.scan
[TG(66:6)]_FA22:6,1064.96,719.66,440,20241023_PlasmaExtract25.wiff.scan
[TG(66:7)]_FA22:6,1062.94,717.64,400,20241023_PlasmaExtract25.wiff.scan
"""[TG(53:10),TG(52:3)]_FA22:6""",874.79,529.49,880,20241023_PlasmaExtract25.wiff.scan
"""[TG(54:9),TG(53:2)]_FA22:6""",890.82,545.52,1240,20241023_PlasmaExtract25.wiff.scan
[TG(54:6)]_FA22:6,896.77,551.47,720,20241023_PlasmaExtract25.wiff.scan
"""[TG(54:8),TG(53:1)]_FA22:6""",892.83,547.53,4040,20241023_PlasmaExtract25.wiff.scan
"""[TG(55:8),TG(54:1)]_FA22:6""",906.85,561.55,360,20241023_PlasmaExtract25.wiff.scan
"""[TG(54:10),TG(53:3)]_FA22:6""",888.8,543.5,840,20241023_PlasmaExtract25.wiff.scan
"""[TG(55:9),TG(54:2)]_FA22:6""",904.83,559.53,680,20241023_PlasmaExtract25.wiff.scan
"""[TG(54:11),TG(53:4)]_FA22:6""",886.79,541.49,840,20241023_PlasmaExtract25.wiff.scan
"""[TG(55:10),TG(54:3)]_FA22:6""",902.82,557.52,1000,20241023_PlasmaExtract25.wiff.scan
"""[TG(55:11),TG(54:4)]_FA22:6""",900.8,555.5,480,20241023_PlasmaExtract25.wiff.scan
"""[TG(56:9),TG(55:2)]_FA22:6""",918.85,573.55,840,20241023_PlasmaExtract25.wiff.scan
"""[TG(58:7),TG(57:0)]_FA22:6""",950.91,605.61,800,20241023_PlasmaExtract25.wiff.scan
Cer(d18:1/2:0),342.3,264.4,0,20241023_PlasmaExtract2.wiff.scan
CerP(d18:1/2:0),422.27,264.4,0,20241023_PlasmaExtract2.wiff.scan
Cer(d12:0/14:0),428.41,182.4,0,20241023_PlasmaExtract2.wiff.scan
"""Cer(d14:2(4E,6E)/16:0)""",480.44,206.4,0,20241023_PlasmaExtract2.wiff.scan
Cer(d18:1/12:0),482.46,264.4,0,20241023_PlasmaExtract2.wiff.scan
Cer(d15:1/16:0),496.47,222.4,120,20241023_PlasmaExtract2.wiff.scan
Cer(d18:0/13:0),498.49,266.4,120,20241023_PlasmaExtract2.wiff.scan
CerP(d18:1/8:0),506.36,264.4,0,20241023_PlasmaExtract2.wiff.scan
"""Cer(d14:2(4E,6E)/18:1(9Z))""",506.46,206.4,160,20241023_PlasmaExtract2.wiff.scan
Cer(d18:2/14:0),508.47,262.4,40,20241023_PlasmaExtract2.wiff.scan
Cer(d18:1/14:0),510.49,264.4,0,20241023_PlasmaExtract2.wiff.scan
Cer(d18:0/14:0),512.5,266.4,120,20241023_PlasmaExtract2.wiff.scan
Cer(d18:2/15:0),522.49,262.4,160,20241023_PlasmaExtract2.wiff.scan
Cer(d16:1/17:0),524.5,236.4,0,20241023_PlasmaExtract2.wiff.scan
Cer(d18:0/15:0),526.52,266.4,80,20241023_PlasmaExtract2.wiff.scan
"""Cer(d14:2(4E,6E)/20:1(11Z))""",534.49,206.4,80,20241023_PlasmaExtract2.wiff.scan
Cer(d18:2/16:0),536.5,262.4,0,20241023_PlasmaExtract2.wiff.scan
Cer(d18:1/16:0),538.52,264.4,1240,20241023_PlasmaExtract2.wiff.scan
Cer(d18:0/16:0),540.54,266.4,120,20241023_PlasmaExtract2.wiff.scan
"""Cer(d15:2(4E,6E)/20:0)""",550.52,220.4,200,20241023_PlasmaExtract2.wiff.scan
Cer(d18:1/17:0),552.54,264.4,160,20241023_PlasmaExtract2.wiff.scan
Cer(d18:0/17:0),554.55,266.4,160,20241023_PlasmaExtract2.wiff.scan
CerP(d18:1/12:0),562.42,264.4,80,20241023_PlasmaExtract2.wiff.scan
Cer(d18:2/18:1),562.52,262.4,40,20241023_PlasmaExtract2.wiff.scan
Cer(d18:1/18:1(9Z)),564.54,264.4,120,20241023_PlasmaExtract2.wiff.scan
Cer(d18:1/18:0),566.55,264.4,600,20241023_PlasmaExtract2.wiff.scan
Cer(d18:0/18:0),568.57,266.4,40,20241023_PlasmaExtract2.wiff.scan
Cer(d18:0/h17:0),570.55,266.4,0,20241023_PlasmaExtract2.wiff.scan
"""Cer(d15:2(4E,6E)/22:0)""",578.55,220.4,40,20241023_PlasmaExtract2.wiff.scan
Cer(d18:1/19:0),580.57,264.4,120,20241023_PlasmaExtract2.wiff.scan
Cer(d18:0/19:0),582.58,266.4,200,20241023_PlasmaExtract2.wiff.scan
CerP(d18:1/14:0),590.45,264.4,80,20241023_PlasmaExtract2.wiff.scan
Cer(d18:2/20:1),590.55,262.4,0,20241023_PlasmaExtract2.wiff.scan
Cer(d18:2/20:0),592.57,262.4,40,20241023_PlasmaExtract2.wiff.scan
Cer(d18:1/20:0),594.58,264.4,400,20241023_PlasmaExtract2.wiff.scan
Cer(d18:0/20:0),596.6,266.4,160,20241023_PlasmaExtract2.wiff.scan
Cer(d18:2/21:0),606.58,262.4,0,20241023_PlasmaExtract2.wiff.scan
Cer(d16:1/23:0),608.6,236.4,320,20241023_PlasmaExtract2.wiff.scan
Cer(d18:0/21:0),610.61,266.4,120,20241023_PlasmaExtract2.wiff.scan
CerP(d18:1/16:0),618.49,264.4,120,20241023_PlasmaExtract2.wiff.scan
CerP(d18:0/16:0),620.5,266.4,240,20241023_PlasmaExtract2.wiff.scan
Cer(d18:2/22:0),620.6,262.4,240,20241023_PlasmaExtract2.wiff.scan
Cer(d18:1/22:0),622.61,264.4,1360,20241023_PlasmaExtract2.wiff.scan
Cer(d18:0/22:0),624.63,266.4,0,20241023_PlasmaExtract2.wiff.scan
Cer(d18:2/23:0),634.61,262.4,120,20241023_PlasmaExtract2.wiff.scan
Cer(d18:1/23:0),636.63,264.4,1880,20241023_PlasmaExtract2.wiff.scan
Cer(d18:0/23:0),638.65,266.4,240,20241023_PlasmaExtract2.wiff.scan
CerP(d18:1/18:0),646.52,264.4,240,20241023_PlasmaExtract2.wiff.scan
Cer(d18:1/24:1(15Z)),648.63,264.4,1320,20241023_PlasmaExtract2.wiff.scan
Cer(d18:1/24:0),650.65,264.4,6720,20241023_PlasmaExtract2.wiff.scan
Cer(d18:0/24:0),652.66,266.4,200,20241023_PlasmaExtract2.wiff.scan
Cer(d18:2/25:0),662.65,262.4,40,20241023_PlasmaExtract2.wiff.scan
Cer(d18:1/25:0),664.66,264.4,600,20241023_PlasmaExtract2.wiff.scan
Cer(d18:0/25:0),666.68,266.4,80,20241023_PlasmaExtract2.wiff.scan
Cer(d18:0/h24:0),668.66,266.4,40,20241023_PlasmaExtract2.wiff.scan
CerP(d18:1/20:0),674.55,264.4,40,20241023_PlasmaExtract2.wiff.scan
Cer(d18:1/26:1(17Z)),676.66,264.4,80,20241023_PlasmaExtract2.wiff.scan
Cer(d18:1/26:0),678.68,264.4,440,20241023_PlasmaExtract2.wiff.scan
Cer(d18:0/26:0),680.69,266.4,200,20241023_PlasmaExtract2.wiff.scan
Cer(d18:2/27:0),690.68,262.4,40,20241023_PlasmaExtract2.wiff.scan
Cer(d18:1/27:0),692.69,264.4,120,20241023_PlasmaExtract2.wiff.scan
Cer(d18:0/27:0),694.71,266.4,200,20241023_PlasmaExtract2.wiff.scan
Cer(d18:0/h26:0),696.69,266.4,240,20241023_PlasmaExtract2.wiff.scan
CerP(d18:1/22:0),702.58,264.4,200,20241023_PlasmaExtract2.wiff.scan
Cer(d18:2/28:0),704.69,262.4,520,20241023_PlasmaExtract2.wiff.scan
Cer(d18:1/28:0),706.71,264.4,200,20241023_PlasmaExtract2.wiff.scan
Cer(d20:0/26:0),708.72,294.4,0,20241023_PlasmaExtract2.wiff.scan
Cer(d18:2/29:0),718.71,262.4,80,20241023_PlasmaExtract2.wiff.scan
Cer(d18:1/29:0),720.72,264.4,40,20241023_PlasmaExtract2.wiff.scan
Cer(d18:0/29:0),722.74,266.4,240,20241023_PlasmaExtract2.wiff.scan
CerP(d18:1/24:1(15Z)),728.6,264.4,240,20241023_PlasmaExtract2.wiff.scan
CerP(d18:1/24:0),730.61,264.4,120,20241023_PlasmaExtract2.wiff.scan
Cer(d18:2/30:0),732.72,262.4,0,20241023_PlasmaExtract2.wiff.scan
Cer(d18:1/30:0),734.74,264.4,120,20241023_PlasmaExtract2.wiff.scan
Cer(d18:0/30:0),736.75,266.4,0,20241023_PlasmaExtract2.wiff.scan
Cer(d18:1/31:0),748.75,264.4,40,20241023_PlasmaExtract2.wiff.scan
Cer(d18:0/31:0),750.77,266.4,80,20241023_PlasmaExtract2.wiff.scan
CerP(d18:1/26:1(17Z)),756.63,264.4,320,20241023_PlasmaExtract2.wiff.scan
CerP(d18:1/26:0),758.64,264.4,0,20241023_PlasmaExtract2.wiff.scan
Cer(d18:2/32:0),760.75,262.4,40,20241023_PlasmaExtract2.wiff.scan
Cer(d18:1/32:0),762.77,264.4,80,20241023_PlasmaExtract2.wiff.scan
Cer(d18:0/32:0),764.79,266.4,0,20241023_PlasmaExtract2.wiff.scan
Cer(d18:1/33:0),776.79,264.4,0,20241023_PlasmaExtract2.wiff.scan
Cer(d18:1/34:0),790.8,264.4,0,20241023_PlasmaExtract2.wiff.scan
Cer(d18:1/35:0),804.82,264.4,40,20241023_PlasmaExtract2.wiff.scan
1-O-eicosanoyl-Cer(d18:1/16:0),832.81,264.4,120,20241023_PlasmaExtract2.wiff.scan
1-O-behenoyl-Cer(d18:1/16:0),860.84,264.4,160,20241023_PlasmaExtract2.wiff.scan
1-O-tricosanoyl-Cer(d18:1/16:0),874.86,264.4,1320,20241023_PlasmaExtract2.wiff.scan
1-O-lignoceroyl-Cer(d18:1/16:0),888.87,264.4,280,20241023_PlasmaExtract2.wiff.scan
1-O-pentacosanoyl-Cer(d18:1/16:0),902.89,264.4,360,20241023_PlasmaExtract2.wiff.scan
1-O-cerotoyl-Cer(d18:1/16:0),916.91,264.4,80,20241023_PlasmaExtract2.wiff.scan
1-O-cerotoyl-Cer(d18:1/18:0),944.94,264.4,40,20241023_PlasmaExtract2.wiff.scan
omega-linoleoyloxy-Cer(d18:1/26:0),956.9,264.4,40,20241023_PlasmaExtract2.wiff.scan
omega-linoleoyloxy-Cer(d18:0/26:0),958.92,266.4,160,20241023_PlasmaExtract2.wiff.scan
omega-linoleoyloxy-Cer(d18:1/27:0),970.92,264.4,240,20241023_PlasmaExtract2.wiff.scan
1-O-carboceroyl-Cer(d18:1/18:0),972.97,264.4,40,20241023_PlasmaExtract2.wiff.scan
omega-linoleoyloxy-Cer(d18:1/28:0),984.93,264.4,0,20241023_PlasmaExtract2.wiff.scan
omega-linoleoyloxy-Cer(d18:0/28:0),986.95,266.4,0,20241023_PlasmaExtract2.wiff.scan
omega-linoleoyloxy-Cer(d18:1/29:0),998.95,264.4,0,20241023_PlasmaExtract2.wiff.scan
omega-linoleoyloxy-Cer(d19:0/28:0),1000.96,280.4,0,20241023_PlasmaExtract2.wiff.scan
omega-linoleoyloxy-Cer(d19:0/28:0),1000.96,280.4,40,20241023_PlasmaExtract2.wiff.scan
omega-linoleoyloxy-Cer(d18:2/30:0),1010.95,262.4,120,20241023_PlasmaExtract2.wiff.scan
omega-linoleoyloxy-Cer(d18:1/30:0),1012.96,264.4,40,20241023_PlasmaExtract2.wiff.scan
omega-linoleoyloxy-Cer(d18:0/30:0),1014.98,266.4,80,20241023_PlasmaExtract2.wiff.scan
omega-linoleoyloxy-Cer(d18:2/31:0),1024.96,262.4,40,20241023_PlasmaExtract2.wiff.scan
omega-linoleoyloxy-Cer(d18:1/31:0),1026.98,264.4,40,20241023_PlasmaExtract2.wiff.scan
omega-linoleoyloxy-Cer(d18:0/31:0),1028.99,266.4,40,20241023_PlasmaExtract2.wiff.scan
omega-linoleoyloxy-Cer(d18:2/32:0),1038.98,262.4,40,20241023_PlasmaExtract2.wiff.scan
omega-linoleoyloxy-Cer(d18:1/32:0),1040.99,264.4,0,20241023_PlasmaExtract2.wiff.scan
omega-linoleoyloxy-Cer(d18:0/32:0),1043.01,266.4,80,20241023_PlasmaExtract2.wiff.scan
omega-linoleoyloxy-Cer(d18:1/33:0),1055.01,264.4,0,20241023_PlasmaExtract2.wiff.scan
omega-linoleoyloxy-Cer(d18:0/33:0),1057.03,266.4,560,20241023_PlasmaExtract2.wiff.scan
omega-linoleoyloxy-Cer(d18:2/34:0),1067.01,262.4,0,20241023_PlasmaExtract2.wiff.scan
omega-linoleoyloxy-Cer(d18:1/34:0),1069.03,264.4,40,20241023_PlasmaExtract2.wiff.scan
omega-linoleoyloxy-Cer(d18:0/34:0),1071.04,266.4,80,20241023_PlasmaExtract2.wiff.scan
omega-linoleoyloxy-Cer(d19:1/34:0),1083.04,264.4,0,20241023_PlasmaExtract2.wiff.scan
omega-linoleoyloxy-Cer(d19:0/34:0),1085.06,280.4,80,20241023_PlasmaExtract2.wiff.scan
omega-linoleoyloxy-Cer(d20:1/34:0),1097.06,292.4,40,20241023_PlasmaExtract2.wiff.scan
omega-linoleoyloxy-Cer(d21:0/33:0),1099.07,294.4,0,20241023_PlasmaExtract2.wiff.scan
omega-linoleoyloxy-GlcCer(d18:1/30:0),1175.02,264.4,40,20241023_PlasmaExtract2.wiff.scan
"""[TG(50:9),TG(49:2)]_FA18:3""",834.76,539.46,400,20241023_PlasmaExtract22.wiff.scan
"""[TG(51:9),TG(50:2)]_FA18:3""",848.77,553.47,560,20241023_PlasmaExtract22.wiff.scan
"""[TG(52:9),TG(51:2)]_FA18:3""",862.79,567.49,120,20241023_PlasmaExtract22.wiff.scan
"""[TG(53:9),TG(52:2)]_FA18:3""",876.8,581.5,680,20241023_PlasmaExtract22.wiff.scan
"""[TG(57:9),TG(56:2)]_FA18:3""",932.86,637.56,1160,20241023_PlasmaExtract22.wiff.scan
"""[TG(58:9),TG(57:2)]_FA18:3""",946.88,651.58,400,20241023_PlasmaExtract22.wiff.scan
"""[TG(59:9),TG(58:2)]_FA18:3""",960.9,665.6,160,20241023_PlasmaExtract22.wiff.scan
"""[TG(60:9),TG(59:2)]_FA18:3""",974.91,679.61,240,20241023_PlasmaExtract22.wiff.scan
"""[TG(62:16),TG(61:9),TG(60:2)]_FA18:3""",988.93,693.63,280,20241023_PlasmaExtract22.wiff.scan
"""[TG(62:9),TG(61:2)]_FA18:3""",1002.94,707.64,400,20241023_PlasmaExtract22.wiff.scan
"""[TG(64:16),TG(63:9),TG(62:2)]_FA18:3""",1016.96,721.66,1160,20241023_PlasmaExtract22.wiff.scan
"""[TG(64:9),TG(63:2)]_FA18:3""",1030.97,735.67,440,20241023_PlasmaExtract22.wiff.scan
"""[TG(66:16),TG(65:9),TG(64:2)]_FA18:3""",1044.99,749.69,480,20241023_PlasmaExtract22.wiff.scan
"""[TG(66:9),TG(65:2)]_FA18:3""",1059.01,763.71,320,20241023_PlasmaExtract22.wiff.scan
"""[TG(48:8),TG(47:1)]_FA18:3""",808.74,513.44,400,20241023_PlasmaExtract22.wiff.scan
"""[TG(49:8),TG(48:1)]_FA18:3""",822.76,527.46,320,20241023_PlasmaExtract22.wiff.scan
"""[TG(50:8),TG(49:1)]_FA18:3""",836.77,541.47,360,20241023_PlasmaExtract22.wiff.scan
"""[TG(51:8),TG(50:1)]_FA18:3""",850.79,555.49,560,20241023_PlasmaExtract22.wiff.scan
"""[TG(52:8),TG(51:1)]_FA18:3""",864.8,569.5,360,20241023_PlasmaExtract22.wiff.scan
"""[TG(53:8),TG(52:1)]_FA18:3""",878.82,583.52,280,20241023_PlasmaExtract22.wiff.scan
"""[TG(56:8),TG(55:1)]_FA18:3""",920.86,625.56,1400,20241023_PlasmaExtract22.wiff.scan
"""[TG(57:8),TG(56:1)]_FA18:3""",934.88,639.58,320,20241023_PlasmaExtract22.wiff.scan
"""[TG(58:8),TG(57:1)]_FA18:3""",948.9,653.6,240,20241023_PlasmaExtract22.wiff.scan
"""[TG(60:15),TG(59:8),TG(58:1)]_FA18:3""",962.91,667.61,400,20241023_PlasmaExtract22.wiff.scan
"""[TG(60:8),TG(59:1)]_FA18:3""",976.93,681.63,280,20241023_PlasmaExtract22.wiff.scan
"""[TG(62:15),TG(61:8),TG(60:1)]_FA18:3""",990.94,695.64,640,20241023_PlasmaExtract22.wiff.scan
"""[TG(62:8),TG(61:1)]_FA18:3""",1004.96,709.66,240,20241023_PlasmaExtract22.wiff.scan
"""[TG(64:15),TG(63:8),TG(62:1)]_FA18:3""",1018.97,723.67,1400,20241023_PlasmaExtract22.wiff.scan
"""[TG(64:8),TG(63:1)]_FA18:3""",1032.99,737.69,520,20241023_PlasmaExtract22.wiff.scan
"""[TG(66:15),TG(65:8),TG(64:1)]_FA18:3""",1047.01,751.71,480,20241023_PlasmaExtract22.wiff.scan
"""[TG(66:8),TG(65:1)]_FA18:3""",1061.02,765.72,440,20241023_PlasmaExtract22.wiff.scan
"""[TG(48:7),TG(47:0)]_FA18:3""",810.76,515.46,160,20241023_PlasmaExtract22.wiff.scan
"""[TG(49:7),TG(48:0)]_FA18:3""",824.77,529.47,560,20241023_PlasmaExtract22.wiff.scan
"""[TG(50:7),TG(49:0)]_FA18:3""",838.79,543.49,1080,20241023_PlasmaExtract22.wiff.scan
"""[TG(51:7),TG(50:0)]_FA18:3""",852.8,557.5,680,20241023_PlasmaExtract22.wiff.scan
"""[TG(52:7),TG(51:0)]_FA18:3""",866.82,571.52,560,20241023_PlasmaExtract22.wiff.scan
"""[TG(53:7),TG(52:0)]_FA18:3""",880.83,585.53,360,20241023_PlasmaExtract22.wiff.scan
"""[TG(54:7),TG(53:0)]_FA18:3""",894.85,599.55,2360,20241023_PlasmaExtract22.wiff.scan
"""[TG(55:7),TG(54:0)]_FA18:3""",908.86,613.56,240,20241023_PlasmaExtract22.wiff.scan
"""[TG(56:7),TG(55:0)]_FA18:3""",922.88,627.58,640,20241023_PlasmaExtract22.wiff.scan
"""[TG(58:14),TG(57:7),TG(56:0)]_FA18:3""",936.9,641.6,440,20241023_PlasmaExtract22.wiff.scan
"""[TG(60:14),TG(59:7),TG(58:0)]_FA18:3""",964.93,669.63,560,20241023_PlasmaExtract22.wiff.scan
"""[TG(61:14),TG(60:7),TG(59:0)]_FA18:3""",978.94,683.64,400,20241023_PlasmaExtract22.wiff.scan
"""[TG(62:14),TG(61:7),TG(60:0)]_FA18:3""",992.96,697.66,400,20241023_PlasmaExtract22.wiff.scan
"""[TG(62:7),TG(61:0)]_FA18:3""",1006.97,711.67,480,20241023_PlasmaExtract22.wiff.scan
"""[TG(64:14),TG(63:7),TG(62:0)]_FA18:3""",1020.99,725.69,3120,20241023_PlasmaExtract22.wiff.scan
"""[TG(64:7),TG(63:0)]_FA18:3""",1035.01,739.71,520,20241023_PlasmaExtract22.wiff.scan
"""[TG(66:14),TG(65:7),TG(64:0)]_FA18:3""",1049.02,753.72,960,20241023_PlasmaExtract22.wiff.scan
[TG(42:3)]_FA18:3,734.63,439.33,400,20241023_PlasmaExtract22.wiff.scan
[TG(42:4)]_FA18:3,732.61,437.31,1280,20241023_PlasmaExtract22.wiff.scan
[TG(43:3)]_FA18:3,748.65,453.35,600,20241023_PlasmaExtract22.wiff.scan
[TG(43:4)]_FA18:3,746.63,451.33,680,20241023_PlasmaExtract22.wiff.scan
[TG(44:3)]_FA18:3,762.66,467.36,360,20241023_PlasmaExtract22.wiff.scan
[TG(44:4)]_FA18:3,760.65,465.35,1120,20241023_PlasmaExtract22.wiff.scan
[TG(44:5)]_FA18:3,758.63,463.33,320,20241023_PlasmaExtract22.wiff.scan
[TG(45:3)]_FA18:3,776.68,481.38,280,20241023_PlasmaExtract22.wiff.scan
[TG(45:4)]_FA18:3,774.66,479.36,800,20241023_PlasmaExtract22.wiff.scan
[TG(45:5)]_FA18:3,772.65,477.35,360,20241023_PlasmaExtract22.wiff.scan
[TG(46:3)]_FA18:3,790.69,495.39,680,20241023_PlasmaExtract22.wiff.scan
[TG(46:4)]_FA18:3,788.68,493.38,200,20241023_PlasmaExtract22.wiff.scan
[TG(46:5)]_FA18:3,786.66,491.36,560,20241023_PlasmaExtract22.wiff.scan
[TG(46:6)]_FA18:3,784.65,489.35,480,20241023_PlasmaExtract22.wiff.scan
[TG(47:3)]_FA18:3,804.71,509.41,240,20241023_PlasmaExtract22.wiff.scan
[TG(47:4)]_FA18:3,802.69,507.39,320,20241023_PlasmaExtract22.wiff.scan
[TG(47:5)]_FA18:3,800.68,505.38,520,20241023_PlasmaExtract22.wiff.scan
[TG(47:6)]_FA18:3,798.66,503.36,560,20241023_PlasmaExtract22.wiff.scan
[TG(48:3)]_FA18:3,818.72,523.42,1200,20241023_PlasmaExtract22.wiff.scan
[TG(48:4)]_FA18:3,816.71,521.41,920,20241023_PlasmaExtract22.wiff.scan
[TG(48:5)]_FA18:3,814.69,519.39,3440,20241023_PlasmaExtract22.wiff.scan
[TG(48:6)]_FA18:3,812.68,517.38,480,20241023_PlasmaExtract22.wiff.scan
[TG(49:3)]_FA18:3,832.74,537.44,400,20241023_PlasmaExtract22.wiff.scan
[TG(49:4)]_FA18:3,830.72,535.42,480,20241023_PlasmaExtract22.wiff.scan
[TG(49:5)]_FA18:3,828.71,533.41,400,20241023_PlasmaExtract22.wiff.scan
[TG(49:6)]_FA18:3,826.69,531.39,640,20241023_PlasmaExtract22.wiff.scan
[TG(50:3)]_FA18:3,846.76,551.46,1680,20241023_PlasmaExtract22.wiff.scan
[TG(50:4)]_FA18:3,844.74,549.44,4200,20241023_PlasmaExtract22.wiff.scan
[TG(50:6)]_FA18:3,840.71,545.41,760,20241023_PlasmaExtract22.wiff.scan
[TG(51:4)]_FA18:3,858.76,563.46,880,20241023_PlasmaExtract22.wiff.scan
[TG(51:5)]_FA18:3,856.74,561.44,920,20241023_PlasmaExtract22.wiff.scan
[TG(51:6)]_FA18:3,854.72,559.42,240,20241023_PlasmaExtract22.wiff.scan
"""[TG(52:10),TG(51:3)]_FA18:3""",860.77,565.47,720,20241023_PlasmaExtract22.wiff.scan
[TG(52:4)]_FA18:3,872.77,577.47,5760,20241023_PlasmaExtract22.wiff.scan
[TG(52:6)]_FA18:3,868.74,573.44,1600,20241023_PlasmaExtract22.wiff.scan
[TG(53:6)]_FA18:3,882.76,587.46,440,20241023_PlasmaExtract22.wiff.scan
"""[TG(54:12),TG(53:5)]_FA18:3""",884.77,589.47,480,20241023_PlasmaExtract22.wiff.scan
"""[TG(56:10),TG(55:3)]_FA18:3""",916.83,621.53,640,20241023_PlasmaExtract22.wiff.scan
"""[TG(56:11),TG(55:4)]_FA18:3""",914.82,619.52,1040,20241023_PlasmaExtract22.wiff.scan
"""[TG(56:12),TG(55:5)]_FA18:3""",912.8,617.5,760,20241023_PlasmaExtract22.wiff.scan
"""[TG(56:13),TG(55:6)]_FA18:3""",910.79,615.49,400,20241023_PlasmaExtract22.wiff.scan
[TG(56:6)]_FA18:3,924.8,629.5,280,20241023_PlasmaExtract22.wiff.scan
"""[TG(57:10),TG(56:3)]_FA18:3""",930.85,635.55,360,20241023_PlasmaExtract22.wiff.scan
"""[TG(57:11),TG(56:4)]_FA18:3""",928.83,633.53,920,20241023_PlasmaExtract22.wiff.scan
"""[TG(57:12),TG(56:5)]_FA18:3""",926.82,631.52,320,20241023_PlasmaExtract22.wiff.scan
"""[TG(58:10),TG(57:3)]_FA18:3""",944.86,649.56,520,20241023_PlasmaExtract22.wiff.scan
"""[TG(58:11),TG(57:4)]_FA18:3""",942.85,647.55,400,20241023_PlasmaExtract22.wiff.scan
"""[TG(58:12),TG(57:5)]_FA18:3""",940.83,645.53,200,20241023_PlasmaExtract22.wiff.scan
"""[TG(58:13),TG(57:6)]_FA18:3""",938.82,643.52,520,20241023_PlasmaExtract22.wiff.scan
"""[TG(59:10),TG(58:3)]_FA18:3""",958.88,663.58,440,20241023_PlasmaExtract22.wiff.scan
"""[TG(59:11),TG(58:4)]_FA18:3""",956.86,661.56,400,20241023_PlasmaExtract22.wiff.scan
"""[TG(59:12),TG(58:5)]_FA18:3""",954.85,659.55,520,20241023_PlasmaExtract22.wiff.scan
"""[TG(59:13),TG(58:6)]_FA18:3""",952.83,657.53,320,20241023_PlasmaExtract22.wiff.scan
"""[TG(60:10),TG(59:3)]_FA18:3""",972.9,677.6,520,20241023_PlasmaExtract22.wiff.scan
"""[TG(60:11),TG(59:4)]_FA18:3""",970.88,675.58,160,20241023_PlasmaExtract22.wiff.scan
"""[TG(60:12),TG(59:5)]_FA18:3""",968.86,673.56,360,20241023_PlasmaExtract22.wiff.scan
"""[TG(60:13),TG(59:6)]_FA18:3""",966.85,671.55,240,20241023_PlasmaExtract22.wiff.scan
"""[TG(61:10),TG(60:3)]_FA18:3""",986.91,691.61,360,20241023_PlasmaExtract22.wiff.scan
"""[TG(61:11),TG(60:4)]_FA18:3""",984.9,689.6,240,20241023_PlasmaExtract22.wiff.scan
"""[TG(61:12),TG(60:5)]_FA18:3""",982.88,687.58,320,20241023_PlasmaExtract22.wiff.scan
"""[TG(61:13),TG(60:6)]_FA18:3""",980.86,685.56,280,20241023_PlasmaExtract22.wiff.scan
"""[TG(62:10),TG(61:3)]_FA18:3""",1000.93,705.63,400,20241023_PlasmaExtract22.wiff.scan
"""[TG(62:11),TG(61:4)]_FA18:3""",998.91,703.61,520,20241023_PlasmaExtract22.wiff.scan
"""[TG(62:12),TG(61:5)]_FA18:3""",996.9,701.6,440,20241023_PlasmaExtract22.wiff.scan
"""[TG(62:13),TG(61:6)]_FA18:3""",994.88,699.58,200,20241023_PlasmaExtract22.wiff.scan
"""[TG(63:11),TG(62:4)]_FA18:3""",1012.93,717.63,400,20241023_PlasmaExtract22.wiff.scan
"""[TG(63:12),TG(62:5)]_FA18:3""",1010.91,715.61,40,20241023_PlasmaExtract22.wiff.scan
"""[TG(63:13),TG(62:6)]_FA18:3""",1008.9,713.6,400,20241023_PlasmaExtract22.wiff.scan
"""[TG(64:10),TG(63:3)]_FA18:3""",1028.96,733.66,120,20241023_PlasmaExtract22.wiff.scan
"""[TG(64:11),TG(63:4)]_FA18:3""",1026.94,731.64,240,20241023_PlasmaExtract22.wiff.scan
"""[TG(64:12),TG(63:5)]_FA18:3""",1024.93,729.63,120,20241023_PlasmaExtract22.wiff.scan
"""[TG(64:13),TG(63:6)]_FA18:3""",1022.91,727.61,680,20241023_PlasmaExtract22.wiff.scan
"""[TG(64:17),TG(63:10),TG(62:3)]_FA18:3""",1014.94,719.64,800,20241023_PlasmaExtract22.wiff.scan
[TG(64:6)]_FA18:3,1036.93,741.63,680,20241023_PlasmaExtract22.wiff.scan
"""[TG(65:12),TG(64:5)]_FA18:3""",1038.94,743.64,360,20241023_PlasmaExtract22.wiff.scan
"""[TG(66:10),TG(65:3)]_FA18:3""",1056.99,761.69,920,20241023_PlasmaExtract22.wiff.scan
"""[TG(66:11),TG(65:4)]_FA18:3""",1054.97,759.67,1800,20241023_PlasmaExtract22.wiff.scan
"""[TG(66:12),TG(65:5)]_FA18:3""",1052.96,757.66,640,20241023_PlasmaExtract22.wiff.scan
"""[TG(66:13),TG(65:6)]_FA18:3""",1050.94,755.64,280,20241023_PlasmaExtract22.wiff.scan
"""[TG(66:17),TG(65:10),TG(64:3)]_FA18:3""",1042.97,747.67,240,20241023_PlasmaExtract22.wiff.scan
"""[TG(66:18),TG(65:11),TG(64:4)]_FA18:3""",1040.96,745.66,400,20241023_PlasmaExtract22.wiff.scan
[TG(66:3)]_FA18:3,1071.01,775.71,840,20241023_PlasmaExtract22.wiff.scan
[TG(66:4)]_FA18:3,1068.99,773.69,480,20241023_PlasmaExtract22.wiff.scan
[TG(66:5)]_FA18:3,1066.97,771.67,400,20241023_PlasmaExtract22.wiff.scan
[TG(66:6)]_FA18:3,1064.96,769.66,640,20241023_PlasmaExtract22.wiff.scan
[TG(66:7)]_FA18:3,1062.94,767.64,560,20241023_PlasmaExtract22.wiff.scan
[TG(50:5)]_FA18:3,842.72,547.42,2400,20241023_PlasmaExtract22.wiff.scan
[TG(52:5)]_FA18:3,870.76,575.46,2480,20241023_PlasmaExtract22.wiff.scan
"""[TG(53:10),TG(52:3)]_FA18:3""",874.79,579.49,1240,20241023_PlasmaExtract22.wiff.scan
"""[TG(54:10),TG(53:3)]_FA18:3""",888.8,593.5,360,20241023_PlasmaExtract22.wiff.scan
"""[TG(54:11),TG(53:4)]_FA18:3""",886.79,591.49,1120,20241023_PlasmaExtract22.wiff.scan
[TG(54:5)]_FA18:3,898.79,603.49,1800,20241023_PlasmaExtract22.wiff.scan
[TG(54:6)]_FA18:3,896.77,601.47,3360,20241023_PlasmaExtract22.wiff.scan
"""[TG(54:8),TG(53:1)]_FA18:3""",892.83,597.53,1880,20241023_PlasmaExtract22.wiff.scan
"""[TG(54:9),TG(53:2)]_FA18:3""",890.82,595.52,800,20241023_PlasmaExtract22.wiff.scan
"""[TG(55:10),TG(54:3)]_FA18:3""",902.82,607.52,440,20241023_PlasmaExtract22.wiff.scan
"""[TG(55:11),TG(54:4)]_FA18:3""",900.8,605.5,2560,20241023_PlasmaExtract22.wiff.scan
"""[TG(55:8),TG(54:1)]_FA18:3""",906.85,611.55,360,20241023_PlasmaExtract22.wiff.scan
"""[TG(55:9),TG(54:2)]_FA18:3""",904.83,609.53,200,20241023_PlasmaExtract22.wiff.scan
"""[TG(56:9),TG(55:2)]_FA18:3""",918.85,623.55,520,20241023_PlasmaExtract22.wiff.scan
"""[TG(58:7),TG(57:0)]_FA18:3""",950.91,655.61,200,20241023_PlasmaExtract22.wiff.scan
DG(28:2)_C16:1,526.45,255.15,4160,20241023_PlasmaExtract5.wiff.scan
DG(28:1)_C16:1,528.46,257.16,3960,20241023_PlasmaExtract5.wiff.scan
DG(29:2)_C16:1,540.46,269.16,1320,20241023_PlasmaExtract5.wiff.scan
DG(29:1)_C16:1,542.48,271.18,2600,20241023_PlasmaExtract5.wiff.scan
DG(30:3)_C16:1,552.46,281.16,1440,20241023_PlasmaExtract5.wiff.scan
DG(30:2)_C16:1,554.48,283.18,3920,20241023_PlasmaExtract5.wiff.scan
DG(30:1)_C16:1,556.49,285.19,4440,20241023_PlasmaExtract5.wiff.scan
DG(31:3)_C16:1,566.48,295.18,1800,20241023_PlasmaExtract5.wiff.scan
"""DG(31:2),DG(P-14:0/18:1)_C16:1""",568.53,297.23,1200,20241023_PlasmaExtract5.wiff.scan
DG(31:1)_C16:1,570.51,299.21,4800,20241023_PlasmaExtract5.wiff.scan
DG(32:5)_C16:1,576.46,305.16,680,20241023_PlasmaExtract5.wiff.scan
"""DG(32:4),DG(dO-34:4)_C16:1""",578.55,307.25,400,20241023_PlasmaExtract5.wiff.scan
DG(32:3)_C16:1,580.49,309.19,720,20241023_PlasmaExtract5.wiff.scan
DG(32:2)_C16:1,582.51,311.21,4680,20241023_PlasmaExtract5.wiff.scan
DG(32:1)_C16:1,584.53,313.23,6280,20241023_PlasmaExtract5.wiff.scan
DG(33:5)_C16:1,590.48,319.18,1080,20241023_PlasmaExtract5.wiff.scan
DG(33:4)_C16:1,592.49,321.19,800,20241023_PlasmaExtract5.wiff.scan
DG(33:3)_C16:1,594.51,323.21,1040,20241023_PlasmaExtract5.wiff.scan
DG(33:2)_C16:1,596.53,325.23,1880,20241023_PlasmaExtract5.wiff.scan
"""DG(33:1),DG(O-34:1)_C16:1""",598.58,327.28,2640,20241023_PlasmaExtract5.wiff.scan
DG(34:6)_C16:1,602.48,331.18,520,20241023_PlasmaExtract5.wiff.scan
DG(34:5)_C16:1,604.49,333.19,1920,20241023_PlasmaExtract5.wiff.scan
"""DG(34:4),DG(dO-36:4)_C16:1""",606.58,335.28,800,20241023_PlasmaExtract5.wiff.scan
DG(34:3)_C16:1,608.53,337.23,2200,20241023_PlasmaExtract5.wiff.scan
DG(34:2)_C16:1,610.54,339.24,4960,20241023_PlasmaExtract5.wiff.scan
DG(34:1)_C16:1,612.56,341.26,1800,20241023_PlasmaExtract5.wiff.scan
DG(35:6)_C16:1,616.49,345.19,1720,20241023_PlasmaExtract5.wiff.scan
DG(35:5)_C16:1,618.51,347.21,480,20241023_PlasmaExtract5.wiff.scan
"""DG(35:4),DG(O-36:4),DG(dO-37:4)_C16:1""",620.6,349.3,440,20241023_PlasmaExtract5.wiff.scan
DG(35:3)_C16:1,622.54,351.24,680,20241023_PlasmaExtract5.wiff.scan
"""DG(dO-38:9),DG(35:2)_C16:1""",624.56,353.26,2680,20241023_PlasmaExtract5.wiff.scan
"""DG(36:8),DG(35:1)_C16:1""",626.57,355.27,1360,20241023_PlasmaExtract5.wiff.scan
"""DG(36:7),DG(35:0)_C16:1""",628.59,357.29,600,20241023_PlasmaExtract5.wiff.scan
DG(36:6)_C16:1,630.51,359.21,640,20241023_PlasmaExtract5.wiff.scan
DG(36:5)_C16:1,632.53,361.23,520,20241023_PlasmaExtract5.wiff.scan
"""DG(36:4),DG(O-37:4)_C16:1""",634.58,363.28,1080,20241023_PlasmaExtract5.wiff.scan
DG(36:3)_C16:1,636.56,365.26,1560,20241023_PlasmaExtract5.wiff.scan
"""DG(O-38:9),DG(36:2)_C16:1""",638.57,367.27,760,20241023_PlasmaExtract5.wiff.scan
"""DG(O-38:8),DG(36:1)_C16:1""",640.59,369.29,102600,20241023_PlasmaExtract5.wiff.scan
"""DG(37:7),DG(36:0)_C16:1""",642.6,371.3,5640,20241023_PlasmaExtract5.wiff.scan
DG(37:6)_C16:1,644.53,373.23,360,20241023_PlasmaExtract5.wiff.scan
DG(37:5)_C16:1,646.54,375.24,520,20241023_PlasmaExtract5.wiff.scan
DG(37:4)_C16:1,648.56,377.26,280,20241023_PlasmaExtract5.wiff.scan
DG(37:3)_C16:1,650.57,379.27,480,20241023_PlasmaExtract5.wiff.scan
"""DG(38:9),DG(dO-40:9),DG(37:2)_C16:1""",652.59,381.29,600,20241023_PlasmaExtract5.wiff.scan
"""DG(38:8),DG(dO-40:8),DG(37:1)_C16:1""",654.6,383.3,960,20241023_PlasmaExtract5.wiff.scan
"""DG(38:7),DG(37:0)_C16:1""",656.62,385.32,240,20241023_PlasmaExtract5.wiff.scan
"""DG(38:6),DG(dO-40:6)_C16:1""",658.61,387.31,280,20241023_PlasmaExtract5.wiff.scan
DG(38:5)_C16:1,660.56,389.26,320,20241023_PlasmaExtract5.wiff.scan
DG(38:4)_C16:1,662.57,391.27,600,20241023_PlasmaExtract5.wiff.scan
DG(38:3)_C16:1,664.59,393.29,680,20241023_PlasmaExtract5.wiff.scan
"""DG(O-40:9),DG(38:2)_C16:1""",666.6,395.3,560,20241023_PlasmaExtract5.wiff.scan
"""DG(39:8),DG(O-40:8),DG(38:1)_C16:1""",668.62,397.32,640,20241023_PlasmaExtract5.wiff.scan
"""DG(39:7),DG(38:0),DG(dO-40:0)_C16:1""",670.71,399.41,640,20241023_PlasmaExtract5.wiff.scan
DG(39:6)_C16:1,672.56,401.26,1080,20241023_PlasmaExtract5.wiff.scan
DG(39:5)_C16:1,674.57,403.27,520,20241023_PlasmaExtract5.wiff.scan
DG(39:4)_C16:1,676.59,405.29,680,20241023_PlasmaExtract5.wiff.scan
"""DG(40:10),DG(39:3)_C16:1""",678.6,407.3,240,20241023_PlasmaExtract5.wiff.scan
"""DG(40:9),DG(39:2)_C16:1""",680.62,409.32,600,20241023_PlasmaExtract5.wiff.scan
"""DG(40:8),DG(39:1)_C16:1""",682.63,411.33,1120,20241023_PlasmaExtract5.wiff.scan
"""DG(40:7),DG(39:0)_C16:1""",684.65,413.35,880,20241023_PlasmaExtract5.wiff.scan
"""DG(40:6),DG(dO-40:0)_C16:1""",686.7,415.4,800,20241023_PlasmaExtract5.wiff.scan
DG(40:5)_C16:1,688.59,417.29,600,20241023_PlasmaExtract5.wiff.scan
DG(40:4)_C16:1,690.6,419.3,320,20241023_PlasmaExtract5.wiff.scan
DG(40:3)_C16:1,692.62,421.32,880,20241023_PlasmaExtract5.wiff.scan
DG(40:2)_C16:1,694.63,423.33,440,20241023_PlasmaExtract5.wiff.scan
DG(40:1)_C16:1,696.65,425.35,640,20241023_PlasmaExtract5.wiff.scan
"""DG(41:7),DG(40:0)_C16:1""",698.67,427.37,920,20241023_PlasmaExtract5.wiff.scan
DG(41:6)_C16:1,700.59,429.29,800,20241023_PlasmaExtract5.wiff.scan
DG(41:5)_C16:1,702.6,431.3,720,20241023_PlasmaExtract5.wiff.scan
"""DG(42:11),DG(41:4)_C16:1""",704.62,433.32,280,20241023_PlasmaExtract5.wiff.scan
"""DG(42:10),DG(41:3)_C16:1""",706.63,435.33,200,20241023_PlasmaExtract5.wiff.scan
"""DG(42:9),DG(41:2)_C16:1""",708.65,437.35,2080,20241023_PlasmaExtract5.wiff.scan
"""DG(42:8),DG(41:1)_C16:1""",710.67,439.37,520,20241023_PlasmaExtract5.wiff.scan
"""DG(42:7),DG(41:0)_C16:1""",712.68,441.38,480,20241023_PlasmaExtract5.wiff.scan
DG(42:6)_C16:1,714.6,443.3,600,20241023_PlasmaExtract5.wiff.scan
DG(42:5)_C16:1,716.62,445.32,400,20241023_PlasmaExtract5.wiff.scan
DG(42:4)_C16:1,718.63,447.33,280,20241023_PlasmaExtract5.wiff.scan
DG(42:3)_C16:1,720.65,449.35,120,20241023_PlasmaExtract5.wiff.scan
DG(42:2)_C16:1,722.67,451.37,280,20241023_PlasmaExtract5.wiff.scan
DG(42:1)_C16:1,724.68,453.38,960,20241023_PlasmaExtract5.wiff.scan
DG(43:6)_C16:1,728.62,457.32,800,20241023_PlasmaExtract5.wiff.scan
"""DG(44:12),DG(43:5)_C16:1""",730.63,459.33,720,20241023_PlasmaExtract5.wiff.scan
"""DG(44:11),DG(43:4)_C16:1""",732.65,461.35,400,20241023_PlasmaExtract5.wiff.scan
"""DG(44:10),DG(43:3)_C16:1""",734.67,463.37,800,20241023_PlasmaExtract5.wiff.scan
"""DG(44:9),DG(43:2)_C16:1""",736.68,465.38,760,20241023_PlasmaExtract5.wiff.scan
"""DG(44:8),DG(43:1)_C16:1""",738.7,467.4,800,20241023_PlasmaExtract5.wiff.scan
"""DG(44:7),DG(43:0)_C16:1""",740.71,469.41,600,20241023_PlasmaExtract5.wiff.scan
DG(44:6)_C16:1,742.63,471.33,560,20241023_PlasmaExtract5.wiff.scan
DG(44:5)_C16:1,744.65,473.35,360,20241023_PlasmaExtract5.wiff.scan
DG(44:4)_C16:1,746.67,475.37,240,20241023_PlasmaExtract5.wiff.scan
DG(44:3)_C16:1,748.68,477.38,280,20241023_PlasmaExtract5.wiff.scan
DG(44:2)_C16:1,750.7,479.4,840,20241023_PlasmaExtract5.wiff.scan
DG(44:1)_C16:1,752.71,481.41,760,20241023_PlasmaExtract5.wiff.scan
LPI(12:0),534.23,257.23,40,20241023_PlasmaExtract13.wiff.scan
LPI(13:0),548.25,271.25,40,20241023_PlasmaExtract13.wiff.scan
LPI(14:0),562.26,285.26,0,20241023_PlasmaExtract13.wiff.scan
LPI(14:1),560.25,283.25,80,20241023_PlasmaExtract13.wiff.scan
"""LPI(15:0),LPI(O-16:0)""",576.32,299.32,0,20241023_PlasmaExtract13.wiff.scan
"""LPI(15:1),LPI(P-16:0)""",574.3,297.3,0,20241023_PlasmaExtract13.wiff.scan
LPI(16:0),590.3,313.3,40,20241023_PlasmaExtract13.wiff.scan
LPI(16:1),588.28,311.28,40,20241023_PlasmaExtract13.wiff.scan
"""LPI(17:0),LPI(O-18:0)""",604.35,327.35,0,20241023_PlasmaExtract13.wiff.scan
"""LPI(17:1),LPI(P-18:0)""",602.33,325.33,0,20241023_PlasmaExtract13.wiff.scan
LPI(17:2),600.28,323.28,0,20241023_PlasmaExtract13.wiff.scan
LPI(18:0),618.33,341.33,0,20241023_PlasmaExtract13.wiff.scan
LPI(18:1),616.31,339.31,0,20241023_PlasmaExtract13.wiff.scan
LPI(18:2),614.3,337.3,0,20241023_PlasmaExtract13.wiff.scan
LPI(18:3),612.28,335.28,0,20241023_PlasmaExtract13.wiff.scan
LPI(18:4),610.26,333.26,0,20241023_PlasmaExtract13.wiff.scan
"""LPI(19:0),LPI(O-20:0)""",632.38,355.38,0,20241023_PlasmaExtract13.wiff.scan
"""LPI(19:1),LPI(P-20:0)""",630.36,353.36,0,20241023_PlasmaExtract13.wiff.scan
LPI(20:0),646.36,369.36,0,20241023_PlasmaExtract13.wiff.scan
LPI(20:1),644.34,367.34,0,20241023_PlasmaExtract13.wiff.scan
LPI(20:2),642.33,365.33,0,20241023_PlasmaExtract13.wiff.scan
LPI(20:3),640.31,363.31,0,20241023_PlasmaExtract13.wiff.scan
LPI(20:4),638.3,361.3,0,20241023_PlasmaExtract13.wiff.scan
LPI(20:5),636.28,359.28,0,20241023_PlasmaExtract13.wiff.scan
LPI(21:0),660.37,383.37,0,20241023_PlasmaExtract13.wiff.scan
LPI(22:0),674.39,397.39,0,20241023_PlasmaExtract13.wiff.scan
LPI(22:1),672.37,395.37,0,20241023_PlasmaExtract13.wiff.scan
LPI(22:2),670.36,393.36,0,20241023_PlasmaExtract13.wiff.scan
LPI(22:4),666.33,389.33,0,20241023_PlasmaExtract13.wiff.scan
LPI(22:6),662.3,385.3,0,20241023_PlasmaExtract13.wiff.scan
PI(24:0),716.4,439.4,0,20241023_PlasmaExtract13.wiff.scan
PI(25:0),730.42,453.42,0,20241023_PlasmaExtract13.wiff.scan
PI(26:0),744.43,467.43,0,20241023_PlasmaExtract13.wiff.scan
PI(26:1),742.42,465.42,0,20241023_PlasmaExtract13.wiff.scan
"""PI(27:0),PI(O-28:0)""",758.48,481.48,0,20241023_PlasmaExtract13.wiff.scan
"""PI(27:1),PI(P-28:0)""",756.47,479.47,0,20241023_PlasmaExtract13.wiff.scan
"""PI(28:0),PI(O-29:0)""",772.5,495.5,0,20241023_PlasmaExtract13.wiff.scan
"""PI(28:1),PI(P-29:0)""",770.48,493.48,40,20241023_PlasmaExtract13.wiff.scan
PI(28:2),768.43,491.43,0,20241023_PlasmaExtract13.wiff.scan
"""PI(29:0),PI(O-30:0)""",786.52,509.52,0,20241023_PlasmaExtract13.wiff.scan
"""PI(29:1),PI(O-30:1),PI(P-30:0)""",784.5,507.5,0,20241023_PlasmaExtract13.wiff.scan
"""PI(29:2),PI(P-30:1)""",782.48,505.48,0,20241023_PlasmaExtract13.wiff.scan
"""PI(30:0),PI(O-31:0)""",800.53,523.53,0,20241023_PlasmaExtract13.wiff.scan
"""PI(30:1),PI(O-31:1),PI(P-31:0)""",798.52,521.52,0,20241023_PlasmaExtract13.wiff.scan
"""PI(30:2),PI(P-31:1)""",796.5,519.5,0,20241023_PlasmaExtract13.wiff.scan
PI(30:3),794.45,517.45,0,20241023_PlasmaExtract13.wiff.scan
PI(30:4),792.43,515.43,0,20241023_PlasmaExtract13.wiff.scan
"""PI(31:0),PI(O-32:0)""",814.55,537.55,0,20241023_PlasmaExtract13.wiff.scan
"""PI(31:1),PI(O-32:1),PI(P-32:0)""",812.53,535.53,0,20241023_PlasmaExtract13.wiff.scan
"""PI(31:2),PI(P-32:1)""",810.52,533.52,0,20241023_PlasmaExtract13.wiff.scan
PI(31:3),808.46,531.46,0,20241023_PlasmaExtract13.wiff.scan
PI(31:4),806.45,529.45,40,20241023_PlasmaExtract13.wiff.scan
"""PI(32:0),PI(O-33:0)""",828.56,551.56,0,20241023_PlasmaExtract13.wiff.scan
"""PI(32:1),PI(O-33:1),PI(P-33:0)""",826.55,549.55,0,20241023_PlasmaExtract13.wiff.scan
"""PI(32:2),PI(O-33:2),PI(P-33:1)""",824.53,547.53,0,20241023_PlasmaExtract13.wiff.scan
"""PI(32:3),PI(P-33:2)""",822.52,545.52,0,20241023_PlasmaExtract13.wiff.scan
PI(32:4),820.46,543.46,0,20241023_PlasmaExtract13.wiff.scan
PI(32:5),818.45,541.45,0,20241023_PlasmaExtract13.wiff.scan
"""PI(33:0),PI(O-34:0)""",842.58,565.58,0,20241023_PlasmaExtract13.wiff.scan
"""PI(33:1),PI(O-34:1),PI(P-34:0)""",840.56,563.56,0,20241023_PlasmaExtract13.wiff.scan
"""PI(33:2),PI(O-34:2),PI(P-34:1)""",838.55,561.55,0,20241023_PlasmaExtract13.wiff.scan
"""PI(33:3),PI(O-34:3),PI(P-34:2)""",836.53,559.53,0,20241023_PlasmaExtract13.wiff.scan
"""PI(33:4),PI(O-34:4),PI(P-34:3)""",834.52,557.52,40,20241023_PlasmaExtract13.wiff.scan
"""PI(33:5),PI(P-34:4)""",832.5,555.5,0,20241023_PlasmaExtract13.wiff.scan
"""PI(34:0),PI(O-35:0)""",856.59,579.59,0,20241023_PlasmaExtract13.wiff.scan
"""PI(34:1),PI(O-35:1),PI(P-35:0)""",854.58,577.58,0,20241023_PlasmaExtract13.wiff.scan
"""PI(34:2),PI(O-35:2),PI(P-35:1)""",852.56,575.56,0,20241023_PlasmaExtract13.wiff.scan
"""PI(34:3),PI(P-35:2)""",850.55,573.55,0,20241023_PlasmaExtract13.wiff.scan
PI(34:4),848.49,571.49,0,20241023_PlasmaExtract13.wiff.scan
PI(34:5),846.48,569.48,0,20241023_PlasmaExtract13.wiff.scan
PI(34:6),844.46,567.46,0,20241023_PlasmaExtract13.wiff.scan
"""PI(35:2),PI(O-36:2),PI(P-36:1)""",866.58,589.58,80,20241023_PlasmaExtract13.wiff.scan
"""PI(35:3),PI(O-36:3),PI(P-36:2)""",864.56,587.56,0,20241023_PlasmaExtract13.wiff.scan
"""PI(35:4),PI(O-36:4),PI(P-36:3)""",862.55,585.55,40,20241023_PlasmaExtract13.wiff.scan
"""PI(35:5),PI(O-36:5),PI(P-36:4)""",860.53,583.53,0,20241023_PlasmaExtract13.wiff.scan
"""PI(35:6),PI(P-36:5)""",858.52,581.52,0,20241023_PlasmaExtract13.wiff.scan
"""PI(36:1),PI(O-37:1),PI(P-37:0)""",882.61,605.61,0,20241023_PlasmaExtract13.wiff.scan
"""PI(36:2),PI(O-37:2),PI(P-37:1)""",880.59,603.59,0,20241023_PlasmaExtract13.wiff.scan
"""PI(36:3),PI(P-37:2)""",878.58,601.58,0,20241023_PlasmaExtract13.wiff.scan
PI(36:4),876.53,599.53,0,20241023_PlasmaExtract13.wiff.scan
PI(36:5),874.51,597.51,0,20241023_PlasmaExtract13.wiff.scan
PI(36:6),872.49,595.49,0,20241023_PlasmaExtract13.wiff.scan
"""PI(36:7),PI(35:0),PI(O-36:0)""",870.61,593.61,40,20241023_PlasmaExtract13.wiff.scan
"""PI(36:8),PI(35:1),PI(O-36:1),PI(P-36:0)""",868.59,591.59,40,20241023_PlasmaExtract13.wiff.scan
"""PI(37:3),PI(O-38:3),PI(P-38:2)""",892.59,615.59,0,20241023_PlasmaExtract13.wiff.scan
"""PI(37:4),PI(O-38:4),PI(P-38:3)""",890.58,613.58,40,20241023_PlasmaExtract13.wiff.scan
"""PI(37:5),PI(O-38:5),PI(P-38:4)""",888.56,611.56,0,20241023_PlasmaExtract13.wiff.scan
"""PI(37:6),PI(O-38:6),PI(P-38:5)""",886.55,609.55,0,20241023_PlasmaExtract13.wiff.scan
"""PI(37:7),PI(P-38:6),PI(36:0),PI(O-37:0)""",884.62,607.62,40,20241023_PlasmaExtract13.wiff.scan
"""PI(38:2),PI(P-39:1)""",908.62,631.62,0,20241023_PlasmaExtract13.wiff.scan
PI(38:3),906.57,629.57,80,20241023_PlasmaExtract13.wiff.scan
PI(38:4),904.56,627.56,120,20241023_PlasmaExtract13.wiff.scan
PI(38:5),902.54,625.54,0,20241023_PlasmaExtract13.wiff.scan
PI(38:6),900.53,623.53,0,20241023_PlasmaExtract13.wiff.scan
"""PI(38:7),PI(37:0),PI(O-38:0)""",898.64,621.64,0,20241023_PlasmaExtract13.wiff.scan
"""PI(38:8),PI(37:1),PI(O-38:1),PI(P-38:0)""",896.62,619.62,0,20241023_PlasmaExtract13.wiff.scan
"""PI(38:9),PI(37:2),PI(O-38:2),PI(P-38:1)""",894.61,617.61,0,20241023_PlasmaExtract13.wiff.scan
"""PI(39:4),PI(O-40:4),PI(P-40:3)""",918.61,641.61,0,20241023_PlasmaExtract13.wiff.scan
"""PI(39:5),PI(O-40:5),PI(P-40:4)""",916.59,639.59,0,20241023_PlasmaExtract13.wiff.scan
"""PI(39:6),PI(O-40:6),PI(P-40:5)""",914.58,637.58,0,20241023_PlasmaExtract13.wiff.scan
"""PI(39:7),PI(P-40:6),PI(38:0),PI(O-39:0)""",912.66,635.66,0,20241023_PlasmaExtract13.wiff.scan
"""PI(39:8),PI(38:1),PI(O-39:1),PI(P-39:0)""",910.64,633.64,0,20241023_PlasmaExtract13.wiff.scan
"""PI(40:1),PI(P-41:0)""",938.67,661.67,0,20241023_PlasmaExtract13.wiff.scan
"""PI(40:10),PI(39:3),PI(O-40:3),PI(P-40:2)""",920.62,643.62,40,20241023_PlasmaExtract13.wiff.scan
PI(40:2),936.62,659.62,0,20241023_PlasmaExtract13.wiff.scan
PI(40:3),934.6,657.6,0,20241023_PlasmaExtract13.wiff.scan
PI(40:4),932.59,655.59,40,20241023_PlasmaExtract13.wiff.scan
PI(40:5),930.57,653.57,40,20241023_PlasmaExtract13.wiff.scan
PI(40:6),928.56,651.56,0,20241023_PlasmaExtract13.wiff.scan
"""PI(40:7),PI(39:0),PI(O-40:0),PI(dO-41:0)""",926.71,649.71,0,20241023_PlasmaExtract13.wiff.scan
"""PI(40:8),PI(39:1),PI(O-40:1),PI(P-40:0)""",924.66,647.66,0,20241023_PlasmaExtract13.wiff.scan
"""PI(40:9),PI(39:2),PI(O-40:2),PI(P-40:1)""",922.64,645.64,0,20241023_PlasmaExtract13.wiff.scan
"""PI(41:5),PI(P-42:4)""",944.62,667.62,0,20241023_PlasmaExtract13.wiff.scan
"""PI(41:6),PI(O-42:6)""",942.61,665.61,0,20241023_PlasmaExtract13.wiff.scan
"""PI(41:7),PI(P-42:6),PI(40:0),PI(O-41:0)""",940.69,663.69,0,20241023_PlasmaExtract13.wiff.scan
PI(42:0),968.68,691.68,0,20241023_PlasmaExtract13.wiff.scan
PI(42:1),966.67,689.67,0,20241023_PlasmaExtract13.wiff.scan
"""PI(42:10),PI(41:3),PI(P-42:2)""",948.66,671.66,0,20241023_PlasmaExtract13.wiff.scan
"""PI(42:11),PI(41:4),PI(O-42:4)""",946.64,669.64,0,20241023_PlasmaExtract13.wiff.scan
PI(42:2),964.65,687.65,0,20241023_PlasmaExtract13.wiff.scan
PI(42:3),962.64,685.64,0,20241023_PlasmaExtract13.wiff.scan
PI(42:4),960.62,683.62,0,20241023_PlasmaExtract13.wiff.scan
PI(42:5),958.6,681.6,0,20241023_PlasmaExtract13.wiff.scan
PI(42:6),956.59,679.59,0,20241023_PlasmaExtract13.wiff.scan
"""PI(42:7),PI(41:0),PI(O-42:0)""",954.7,677.7,0,20241023_PlasmaExtract13.wiff.scan
"""PI(42:8),PI(41:1),PI(O-42:1),PI(P-42:0)""",952.69,675.69,0,20241023_PlasmaExtract13.wiff.scan
"""PI(42:9),PI(41:2),PI(O-42:2),PI(P-42:1)""",950.67,673.67,0,20241023_PlasmaExtract13.wiff.scan
PI(43:2),978.67,701.67,0,20241023_PlasmaExtract13.wiff.scan
PI(43:4),974.64,697.64,0,20241023_PlasmaExtract13.wiff.scan
PI(43:6),970.6,693.6,0,20241023_PlasmaExtract13.wiff.scan
PI(44:0),996.71,719.71,0,20241023_PlasmaExtract13.wiff.scan
PI(44:1),994.7,717.7,0,20241023_PlasmaExtract13.wiff.scan
PI(44:10),976.56,699.56,0,20241023_PlasmaExtract13.wiff.scan
PI(44:12),972.53,695.53,0,20241023_PlasmaExtract13.wiff.scan
PI(44:2),992.68,715.68,0,20241023_PlasmaExtract13.wiff.scan
PI(44:3),990.67,713.67,0,20241023_PlasmaExtract13.wiff.scan
PI(44:4),988.65,711.65,0,20241023_PlasmaExtract13.wiff.scan
PI(44:5),986.64,709.64,0,20241023_PlasmaExtract13.wiff.scan
PI(44:6),984.62,707.62,0,20241023_PlasmaExtract13.wiff.scan
"""PI(44:7),PI(43:0)""",982.7,705.7,0,20241023_PlasmaExtract13.wiff.scan
"""PI(44:8),PI(43:1)""",980.68,703.68,0,20241023_PlasmaExtract13.wiff.scan
LPS(12:0),442.22,257.22,0,20241023_PlasmaExtract14.wiff.scan
LPS(14:0),470.25,285.25,0,20241023_PlasmaExtract14.wiff.scan
LPS(14:1),468.24,283.24,0,20241023_PlasmaExtract14.wiff.scan
LPS(P-16:0),482.29,297.29,0,20241023_PlasmaExtract14.wiff.scan
LPS(16:1),496.27,311.27,0,20241023_PlasmaExtract14.wiff.scan
LPS(P-18:0),510.32,325.32,0,20241023_PlasmaExtract14.wiff.scan
LPS(17:2),508.27,323.27,0,20241023_PlasmaExtract14.wiff.scan
LPS(18:1),524.3,339.3,0,20241023_PlasmaExtract14.wiff.scan
LPS(18:2),522.28,337.28,0,20241023_PlasmaExtract14.wiff.scan
LPS(18:3),520.27,335.27,0,20241023_PlasmaExtract14.wiff.scan
LPS(18:4),518.25,333.25,0,20241023_PlasmaExtract14.wiff.scan
LPS(P-20:0),538.35,353.35,0,20241023_PlasmaExtract14.wiff.scan
LPS(20:0),554.35,369.35,0,20241023_PlasmaExtract14.wiff.scan
LPS(20:1),552.33,367.33,0,20241023_PlasmaExtract14.wiff.scan
LPS(20:2),550.31,365.31,0,20241023_PlasmaExtract14.wiff.scan
LPS(20:3),548.3,363.3,0,20241023_PlasmaExtract14.wiff.scan
LPS(20:4),546.28,361.28,0,20241023_PlasmaExtract14.wiff.scan
LPS(20:5),544.27,359.27,0,20241023_PlasmaExtract14.wiff.scan
LPS(22:0),582.38,397.38,0,20241023_PlasmaExtract14.wiff.scan
LPS(22:1),580.36,395.36,0,20241023_PlasmaExtract14.wiff.scan
LPS(22:2),578.35,393.35,0,20241023_PlasmaExtract14.wiff.scan
LPS(22:4),574.31,389.31,0,20241023_PlasmaExtract14.wiff.scan
LPS(22:6),570.28,385.28,40,20241023_PlasmaExtract14.wiff.scan
LPS(O-16:0),484.3,299.3,0,20241023_PlasmaExtract14.wiff.scan
LPS(O-20:0),540.37,355.37,0,20241023_PlasmaExtract14.wiff.scan
LPS(13:0),456.24,271.24,0,20241023_PlasmaExtract14.wiff.scan
LPS(O-18:0),512.34,327.34,0,20241023_PlasmaExtract14.wiff.scan
LPS(21:0),568.36,383.36,0,20241023_PlasmaExtract14.wiff.scan
PS(24:0),624.39,439.39,0,20241023_PlasmaExtract14.wiff.scan
PS(25:0),638.4,453.4,0,20241023_PlasmaExtract14.wiff.scan
PS(26:0),652.42,467.42,0,20241023_PlasmaExtract14.wiff.scan
PS(26:1),650.4,465.4,0,20241023_PlasmaExtract14.wiff.scan
PS(O-28:0),666.47,481.47,0,20241023_PlasmaExtract14.wiff.scan
PS(P-28:0),664.46,479.46,0,20241023_PlasmaExtract14.wiff.scan
PS(O-29:0),680.49,495.49,0,20241023_PlasmaExtract14.wiff.scan
PS(P-29:0),678.47,493.47,0,20241023_PlasmaExtract14.wiff.scan
PS(28:2),676.42,491.42,0,20241023_PlasmaExtract14.wiff.scan
PS(O-30:0),694.5,509.5,0,20241023_PlasmaExtract14.wiff.scan
PS(P-30:0),692.49,507.49,0,20241023_PlasmaExtract14.wiff.scan
PS(P-30:1),690.47,505.47,0,20241023_PlasmaExtract14.wiff.scan
PS(O-31:0),708.52,523.52,0,20241023_PlasmaExtract14.wiff.scan
PS(P-31:0),706.5,521.5,0,20241023_PlasmaExtract14.wiff.scan
PS(P-31:1),704.49,519.49,0,20241023_PlasmaExtract14.wiff.scan
PS(30:3),702.43,517.43,0,20241023_PlasmaExtract14.wiff.scan
PS(30:4),700.42,515.42,0,20241023_PlasmaExtract14.wiff.scan
PS(O-32:0),722.53,537.53,0,20241023_PlasmaExtract14.wiff.scan
PS(P-32:0),720.52,535.52,0,20241023_PlasmaExtract14.wiff.scan
PS(P-32:1),718.5,533.5,0,20241023_PlasmaExtract14.wiff.scan
PS(31:3),716.45,531.45,0,20241023_PlasmaExtract14.wiff.scan
PS(31:4),714.43,529.43,0,20241023_PlasmaExtract14.wiff.scan
PS(O-33:0),736.55,551.55,0,20241023_PlasmaExtract14.wiff.scan
PS(P-33:0),734.53,549.53,0,20241023_PlasmaExtract14.wiff.scan
PS(P-33:1),732.52,547.52,0,20241023_PlasmaExtract14.wiff.scan
PS(P-33:2),730.5,545.5,0,20241023_PlasmaExtract14.wiff.scan
PS(32:4),728.45,543.45,0,20241023_PlasmaExtract14.wiff.scan
PS(32:5),726.43,541.43,0,20241023_PlasmaExtract14.wiff.scan
PS(O-34:0),750.56,565.56,0,20241023_PlasmaExtract14.wiff.scan
PS(P-34:0),748.55,563.55,0,20241023_PlasmaExtract14.wiff.scan
PS(P-34:1),746.53,561.53,0,20241023_PlasmaExtract14.wiff.scan
PS(P-34:2),744.52,559.52,0,20241023_PlasmaExtract14.wiff.scan
PS(P-34:3),742.5,557.5,0,20241023_PlasmaExtract14.wiff.scan
PS(P-34:4),740.49,555.49,0,20241023_PlasmaExtract14.wiff.scan
PS(O-35:0),764.58,579.58,0,20241023_PlasmaExtract14.wiff.scan
PS(P-35:0),762.56,577.56,0,20241023_PlasmaExtract14.wiff.scan
PS(P-35:1),760.55,575.55,0,20241023_PlasmaExtract14.wiff.scan
PS(P-35:2),758.53,573.53,0,20241023_PlasmaExtract14.wiff.scan
PS(34:4),756.48,571.48,0,20241023_PlasmaExtract14.wiff.scan
PS(34:5),754.47,569.47,0,20241023_PlasmaExtract14.wiff.scan
PS(34:6),752.45,567.45,0,20241023_PlasmaExtract14.wiff.scan
PS(P-36:1),774.56,589.56,0,20241023_PlasmaExtract14.wiff.scan
PS(P-36:2),772.55,587.55,0,20241023_PlasmaExtract14.wiff.scan
PS(P-36:3),770.53,585.53,0,20241023_PlasmaExtract14.wiff.scan
PS(P-36:4),768.52,583.52,0,20241023_PlasmaExtract14.wiff.scan
PS(P-36:5),766.5,581.5,0,20241023_PlasmaExtract14.wiff.scan
PS(P-37:0),790.6,605.6,0,20241023_PlasmaExtract14.wiff.scan
PS(P-37:1),788.58,603.58,0,20241023_PlasmaExtract14.wiff.scan
PS(P-37:2),786.56,601.56,0,20241023_PlasmaExtract14.wiff.scan
PS(36:4),784.51,599.51,0,20241023_PlasmaExtract14.wiff.scan
PS(36:5),782.5,597.5,0,20241023_PlasmaExtract14.wiff.scan
PS(36:6),780.48,595.48,0,20241023_PlasmaExtract14.wiff.scan
PS(O-36:0),778.6,593.6,0,20241023_PlasmaExtract14.wiff.scan
PS(P-36:0),776.58,591.58,0,20241023_PlasmaExtract14.wiff.scan
PS(P-38:2),800.58,615.58,0,20241023_PlasmaExtract14.wiff.scan
PS(P-38:3),798.56,613.56,0,20241023_PlasmaExtract14.wiff.scan
PS(P-38:4),796.55,611.55,0,20241023_PlasmaExtract14.wiff.scan
PS(P-38:5),794.53,609.53,0,20241023_PlasmaExtract14.wiff.scan
PS(O-37:0),792.61,607.61,0,20241023_PlasmaExtract14.wiff.scan
PS(P-39:1),816.61,631.61,0,20241023_PlasmaExtract14.wiff.scan
PS(38:3),814.56,629.56,0,20241023_PlasmaExtract14.wiff.scan
PS(38:4),812.54,627.54,0,20241023_PlasmaExtract14.wiff.scan
PS(38:5),810.53,625.53,0,20241023_PlasmaExtract14.wiff.scan
PS(38:6),808.51,623.51,0,20241023_PlasmaExtract14.wiff.scan
PS(O-38:0),806.63,621.63,0,20241023_PlasmaExtract14.wiff.scan
PS(P-38:0),804.61,619.61,0,20241023_PlasmaExtract14.wiff.scan
PS(P-38:1),802.6,617.6,0,20241023_PlasmaExtract14.wiff.scan
PS(P-40:3),826.6,641.6,0,20241023_PlasmaExtract14.wiff.scan
PS(P-40:4),824.58,639.58,0,20241023_PlasmaExtract14.wiff.scan
PS(P-40:5),822.56,637.56,0,20241023_PlasmaExtract14.wiff.scan
PS(O-39:0),820.64,635.64,0,20241023_PlasmaExtract14.wiff.scan
PS(P-39:0),818.63,633.63,0,20241023_PlasmaExtract14.wiff.scan
PS(P-41:0),846.66,661.66,0,20241023_PlasmaExtract14.wiff.scan
PS(P-40:2),828.61,643.61,0,20241023_PlasmaExtract14.wiff.scan
PS(40:2),844.61,659.61,0,20241023_PlasmaExtract14.wiff.scan
PS(40:3),842.59,657.59,0,20241023_PlasmaExtract14.wiff.scan
PS(40:4),840.58,655.58,0,20241023_PlasmaExtract14.wiff.scan
PS(40:5),838.56,653.56,0,20241023_PlasmaExtract14.wiff.scan
PS(40:6),836.54,651.54,0,20241023_PlasmaExtract14.wiff.scan
PS(O-40:0),834.66,649.66,0,20241023_PlasmaExtract14.wiff.scan
PS(P-40:0),832.64,647.64,0,20241023_PlasmaExtract14.wiff.scan
PS(P-40:1),830.63,645.63,0,20241023_PlasmaExtract14.wiff.scan
PS(P-42:4),852.61,667.61,0,20241023_PlasmaExtract14.wiff.scan
PS(O-42:6),850.6,665.6,0,20241023_PlasmaExtract14.wiff.scan
PS(O-41:0),848.67,663.67,0,20241023_PlasmaExtract14.wiff.scan
PS(42:0),876.67,691.67,0,20241023_PlasmaExtract14.wiff.scan
PS(42:1),874.65,689.65,0,20241023_PlasmaExtract14.wiff.scan
PS(P-42:2),856.64,671.64,0,20241023_PlasmaExtract14.wiff.scan
PS(O-42:4),854.63,669.63,0,20241023_PlasmaExtract14.wiff.scan
PS(42:2),872.64,687.64,0,20241023_PlasmaExtract14.wiff.scan
PS(42:3),870.62,685.62,0,20241023_PlasmaExtract14.wiff.scan
PS(42:4),868.61,683.61,0,20241023_PlasmaExtract14.wiff.scan
PS(42:5),866.59,681.59,0,20241023_PlasmaExtract14.wiff.scan
PS(42:6),864.58,679.58,0,20241023_PlasmaExtract14.wiff.scan
PS(O-42:0),862.69,677.69,0,20241023_PlasmaExtract14.wiff.scan
PS(P-42:0),860.67,675.67,0,20241023_PlasmaExtract14.wiff.scan
PS(P-42:1),858.66,673.66,0,20241023_PlasmaExtract14.wiff.scan
PS(43:2),886.65,701.65,0,20241023_PlasmaExtract14.wiff.scan
PS(43:4),882.62,697.62,0,20241023_PlasmaExtract14.wiff.scan
PS(43:6),878.59,693.59,0,20241023_PlasmaExtract14.wiff.scan
PS(44:0),904.7,719.7,0,20241023_PlasmaExtract14.wiff.scan
PS(44:1),902.69,717.69,0,20241023_PlasmaExtract14.wiff.scan
PS(44:10),884.54,699.54,0,20241023_PlasmaExtract14.wiff.scan
PS(44:12),880.51,695.51,0,20241023_PlasmaExtract14.wiff.scan
PS(44:2),900.67,715.67,0,20241023_PlasmaExtract14.wiff.scan
PS(44:3),898.65,713.65,0,20241023_PlasmaExtract14.wiff.scan
PS(44:4),896.64,711.64,0,20241023_PlasmaExtract14.wiff.scan
PS(44:5),894.62,709.62,0,20241023_PlasmaExtract14.wiff.scan
PS(44:6),892.61,707.61,0,20241023_PlasmaExtract14.wiff.scan
PS(43:0),890.69,705.69,0,20241023_PlasmaExtract14.wiff.scan
PS(43:1),888.67,703.67,0,20241023_PlasmaExtract14.wiff.scan
DG(28:2)_C18:2,526.45,229.15,7960,20241023_PlasmaExtract8.wiff.scan
DG(29:2)_C18:2,540.46,243.16,10280,20241023_PlasmaExtract8.wiff.scan
DG(30:3)_C18:2,552.46,255.16,15360,20241023_PlasmaExtract8.wiff.scan
DG(30:2)_C18:2,554.48,257.18,21120,20241023_PlasmaExtract8.wiff.scan
DG(31:3)_C18:2,566.48,269.18,2640,20241023_PlasmaExtract8.wiff.scan
"""DG(31:2),DG(P-14:0/18:1)_C18:2""",568.53,271.23,3160,20241023_PlasmaExtract8.wiff.scan
DG(32:5)_C18:2,576.46,279.16,1880,20241023_PlasmaExtract8.wiff.scan
"""DG(32:4),DG(dO-34:4)_C18:2""",578.55,281.25,1200,20241023_PlasmaExtract8.wiff.scan
DG(32:3)_C18:2,580.49,283.19,3040,20241023_PlasmaExtract8.wiff.scan
DG(32:2)_C18:2,582.51,285.21,4240,20241023_PlasmaExtract8.wiff.scan
DG(33:5)_C18:2,590.48,293.18,560,20241023_PlasmaExtract8.wiff.scan
DG(33:4)_C18:2,592.49,295.19,800,20241023_PlasmaExtract8.wiff.scan
DG(33:3)_C18:2,594.51,297.21,1560,20241023_PlasmaExtract8.wiff.scan
DG(33:2)_C18:2,596.53,299.23,1760,20241023_PlasmaExtract8.wiff.scan
DG(34:6)_C18:2,602.48,305.18,760,20241023_PlasmaExtract8.wiff.scan
DG(34:5)_C18:2,604.49,307.19,520,20241023_PlasmaExtract8.wiff.scan
"""DG(34:4),DG(dO-36:4)_C18:2""",606.58,309.28,880,20241023_PlasmaExtract8.wiff.scan
DG(34:3)_C18:2,608.53,311.23,2560,20241023_PlasmaExtract8.wiff.scan
DG(34:2)_C18:2,610.54,313.24,18800,20241023_PlasmaExtract8.wiff.scan
DG(35:6)_C18:2,616.49,319.19,560,20241023_PlasmaExtract8.wiff.scan
DG(35:5)_C18:2,618.51,321.21,680,20241023_PlasmaExtract8.wiff.scan
"""DG(35:4),DG(O-36:4),DG(dO-37:4)_C18:2""",620.6,323.3,680,20241023_PlasmaExtract8.wiff.scan
DG(35:3)_C18:2,622.54,325.24,920,20241023_PlasmaExtract8.wiff.scan
"""DG(dO-38:9),DG(35:2)_C18:2""",624.56,327.26,1920,20241023_PlasmaExtract8.wiff.scan
"""DG(36:8),DG(35:1)_C18:2""",626.57,329.27,480,20241023_PlasmaExtract8.wiff.scan
"""DG(36:7),DG(35:0)_C18:2""",628.59,331.29,280,20241023_PlasmaExtract8.wiff.scan
DG(36:6)_C18:2,630.51,333.21,480,20241023_PlasmaExtract8.wiff.scan
DG(36:5)_C18:2,632.53,335.23,1600,20241023_PlasmaExtract8.wiff.scan
"""DG(36:4),DG(O-37:4)_C18:2""",634.58,337.28,7560,20241023_PlasmaExtract8.wiff.scan
DG(36:3)_C18:2,636.56,339.26,13440,20241023_PlasmaExtract8.wiff.scan
"""DG(O-38:9),DG(36:2)_C18:2""",638.57,341.27,3280,20241023_PlasmaExtract8.wiff.scan
"""DG(O-38:8),DG(36:1)_C18:2""",640.59,343.29,400,20241023_PlasmaExtract8.wiff.scan
"""DG(37:7),DG(36:0)_C18:2""",642.6,345.3,280,20241023_PlasmaExtract8.wiff.scan
DG(37:6)_C18:2,644.53,347.23,520,20241023_PlasmaExtract8.wiff.scan
DG(37:5)_C18:2,646.54,349.24,480,20241023_PlasmaExtract8.wiff.scan
DG(37:4)_C18:2,648.56,351.26,480,20241023_PlasmaExtract8.wiff.scan
DG(37:3)_C18:2,650.57,353.27,640,20241023_PlasmaExtract8.wiff.scan
"""DG(38:9),DG(dO-40:9),DG(37:2)_C18:2""",652.59,355.29,760,20241023_PlasmaExtract8.wiff.scan
"""DG(38:8),DG(dO-40:8),DG(37:1)_C18:2""",654.6,357.3,480,20241023_PlasmaExtract8.wiff.scan
"""DG(38:7),DG(37:0)_C18:2""",656.62,359.32,120,20241023_PlasmaExtract8.wiff.scan
"""DG(38:6),DG(dO-40:6)_C18:2""",658.61,361.31,520,20241023_PlasmaExtract8.wiff.scan
DG(38:5)_C18:2,660.56,363.26,400,20241023_PlasmaExtract8.wiff.scan
DG(38:4)_C18:2,662.57,365.27,1240,20241023_PlasmaExtract8.wiff.scan
DG(38:3)_C18:2,664.59,367.29,5600,20241023_PlasmaExtract8.wiff.scan
"""DG(O-40:9),DG(38:2)_C18:2""",666.6,369.3,3760640,20241023_PlasmaExtract8.wiff.scan
"""DG(39:8),DG(O-40:8),DG(38:1)_C18:2""",668.62,371.32,93520,20241023_PlasmaExtract8.wiff.scan
"""DG(39:7),DG(38:0),DG(dO-40:0)_C18:2""",670.71,373.41,680,20241023_PlasmaExtract8.wiff.scan
DG(39:6)_C18:2,672.56,375.26,1040,20241023_PlasmaExtract8.wiff.scan
DG(39:5)_C18:2,674.57,377.27,280,20241023_PlasmaExtract8.wiff.scan
DG(39:4)_C18:2,676.59,379.29,360,20241023_PlasmaExtract8.wiff.scan
"""DG(40:10),DG(39:3)_C18:2""",678.6,381.3,2120,20241023_PlasmaExtract8.wiff.scan
"""DG(40:9),DG(39:2)_C18:2""",680.62,383.32,10520,20241023_PlasmaExtract8.wiff.scan
"""DG(40:8),DG(39:1)_C18:2""",682.63,385.33,1080,20241023_PlasmaExtract8.wiff.scan
"""DG(40:7),DG(39:0)_C18:2""",684.65,387.35,840,20241023_PlasmaExtract8.wiff.scan
"""DG(40:6),DG(dO-40:0)_C18:2""",686.7,389.4,160,20241023_PlasmaExtract8.wiff.scan
DG(40:5)_C18:2,688.59,391.29,440,20241023_PlasmaExtract8.wiff.scan
DG(40:4)_C18:2,690.6,393.3,680,20241023_PlasmaExtract8.wiff.scan
DG(40:3)_C18:2,692.62,395.32,1000,20241023_PlasmaExtract8.wiff.scan
DG(40:2)_C18:2,694.63,397.33,4360,20241023_PlasmaExtract8.wiff.scan
"""DG(41:7),DG(40:0)_C18:2""",698.67,401.37,240,20241023_PlasmaExtract8.wiff.scan
DG(41:6)_C18:2,700.59,403.29,720,20241023_PlasmaExtract8.wiff.scan
DG(41:5)_C18:2,702.6,405.3,600,20241023_PlasmaExtract8.wiff.scan
"""DG(42:11),DG(41:4)_C18:2""",704.62,407.32,600,20241023_PlasmaExtract8.wiff.scan
"""DG(42:10),DG(41:3)_C18:2""",706.63,409.33,800,20241023_PlasmaExtract8.wiff.scan
"""DG(42:9),DG(41:2)_C18:2""",708.65,411.35,680,20241023_PlasmaExtract8.wiff.scan
"""DG(42:8),DG(41:1)_C18:2""",710.67,413.37,720,20241023_PlasmaExtract8.wiff.scan
"""DG(42:7),DG(41:0)_C18:2""",712.68,415.38,760,20241023_PlasmaExtract8.wiff.scan
DG(42:6)_C18:2,714.6,417.3,1080,20241023_PlasmaExtract8.wiff.scan
DG(42:5)_C18:2,716.62,419.32,400,20241023_PlasmaExtract8.wiff.scan
DG(42:4)_C18:2,718.63,421.33,240,20241023_PlasmaExtract8.wiff.scan
DG(42:3)_C18:2,720.65,423.35,440,20241023_PlasmaExtract8.wiff.scan
DG(42:2)_C18:2,722.67,425.37,360,20241023_PlasmaExtract8.wiff.scan
DG(43:6)_C18:2,728.62,431.32,280,20241023_PlasmaExtract8.wiff.scan
"""DG(44:12),DG(43:5)_C18:2""",730.63,433.33,680,20241023_PlasmaExtract8.wiff.scan
"""DG(44:11),DG(43:4)_C18:2""",732.65,435.35,760,20241023_PlasmaExtract8.wiff.scan
"""DG(44:10),DG(43:3)_C18:2""",734.67,437.37,1160,20241023_PlasmaExtract8.wiff.scan
"""DG(44:9),DG(43:2)_C18:2""",736.68,439.38,1040,20241023_PlasmaExtract8.wiff.scan
"""DG(44:8),DG(43:1)_C18:2""",738.7,441.4,840,20241023_PlasmaExtract8.wiff.scan
"""DG(44:7),DG(43:0)_C18:2""",740.71,443.41,400,20241023_PlasmaExtract8.wiff.scan
DG(44:6)_C18:2,742.63,445.33,680,20241023_PlasmaExtract8.wiff.scan
DG(44:5)_C18:2,744.65,447.35,560,20241023_PlasmaExtract8.wiff.scan
DG(44:4)_C18:2,746.67,449.37,280,20241023_PlasmaExtract8.wiff.scan
DG(44:3)_C18:2,748.68,451.38,360,20241023_PlasmaExtract8.wiff.scan
DG(44:2)_C18:2,750.7,453.4,640,20241023_PlasmaExtract8.wiff.scan
"""[TG(48:8),TG(47:1)]_FA18:2""",808.74,511.44,320,20241023_PlasmaExtract21.wiff.scan
"""[TG(49:8),TG(48:1)]_FA18:2""",822.76,525.46,720,20241023_PlasmaExtract21.wiff.scan
"""[TG(50:8),TG(49:1)]_FA18:2""",836.77,539.47,80,20241023_PlasmaExtract21.wiff.scan
"""[TG(51:8),TG(50:1)]_FA18:2""",850.79,553.49,2000,20241023_PlasmaExtract21.wiff.scan
"""[TG(52:8),TG(51:1)]_FA18:2""",864.8,567.5,120,20241023_PlasmaExtract21.wiff.scan
"""[TG(53:8),TG(52:1)]_FA18:2""",878.82,581.52,720,20241023_PlasmaExtract21.wiff.scan
"""[TG(56:8),TG(55:1)]_FA18:2""",920.86,623.56,160,20241023_PlasmaExtract21.wiff.scan
"""[TG(57:8),TG(56:1)]_FA18:2""",934.88,637.58,600,20241023_PlasmaExtract21.wiff.scan
"""[TG(58:8),TG(57:1)]_FA18:2""",948.9,651.6,200,20241023_PlasmaExtract21.wiff.scan
"""[TG(60:15),TG(59:8),TG(58:1)]_FA18:2""",962.91,665.61,240,20241023_PlasmaExtract21.wiff.scan
"""[TG(60:8),TG(59:1)]_FA18:2""",976.93,679.63,280,20241023_PlasmaExtract21.wiff.scan
"""[TG(62:15),TG(61:8),TG(60:1)]_FA18:2""",990.94,693.64,160,20241023_PlasmaExtract21.wiff.scan
"""[TG(62:8),TG(61:1)]_FA18:2""",1004.96,707.66,240,20241023_PlasmaExtract21.wiff.scan
"""[TG(64:15),TG(63:8),TG(62:1)]_FA18:2""",1018.97,721.67,280,20241023_PlasmaExtract21.wiff.scan
"""[TG(64:8),TG(63:1)]_FA18:2""",1032.99,735.69,360,20241023_PlasmaExtract21.wiff.scan
"""[TG(66:15),TG(65:8),TG(64:1)]_FA18:2""",1047.01,749.71,600,20241023_PlasmaExtract21.wiff.scan
"""[TG(66:8),TG(65:1)]_FA18:2""",1061.02,763.72,200,20241023_PlasmaExtract21.wiff.scan
"""[TG(48:7),TG(47:0)]_FA18:2""",810.76,513.46,360,20241023_PlasmaExtract21.wiff.scan
"""[TG(49:7),TG(48:0)]_FA18:2""",824.77,527.47,360,20241023_PlasmaExtract21.wiff.scan
"""[TG(50:7),TG(49:0)]_FA18:2""",838.79,541.49,240,20241023_PlasmaExtract21.wiff.scan
"""[TG(51:7),TG(50:0)]_FA18:2""",852.8,555.5,160,20241023_PlasmaExtract21.wiff.scan
"""[TG(52:7),TG(51:0)]_FA18:2""",866.82,569.52,200,20241023_PlasmaExtract21.wiff.scan
"""[TG(53:7),TG(52:0)]_FA18:2""",880.83,583.53,280,20241023_PlasmaExtract21.wiff.scan
"""[TG(54:7),TG(53:0)]_FA18:2""",894.85,597.55,3080,20241023_PlasmaExtract21.wiff.scan
"""[TG(55:7),TG(54:0)]_FA18:2""",908.86,611.56,40,20241023_PlasmaExtract21.wiff.scan
"""[TG(56:7),TG(55:0)]_FA18:2""",922.88,625.58,600,20241023_PlasmaExtract21.wiff.scan
"""[TG(58:14),TG(57:7),TG(56:0)]_FA18:2""",936.9,639.6,240,20241023_PlasmaExtract21.wiff.scan
"""[TG(60:14),TG(59:7),TG(58:0)]_FA18:2""",964.93,667.63,200,20241023_PlasmaExtract21.wiff.scan
"""[TG(61:14),TG(60:7),TG(59:0)]_FA18:2""",978.94,681.64,120,20241023_PlasmaExtract21.wiff.scan
"""[TG(62:14),TG(61:7),TG(60:0)]_FA18:2""",992.96,695.66,360,20241023_PlasmaExtract21.wiff.scan
"""[TG(62:7),TG(61:0)]_FA18:2""",1006.97,709.67,280,20241023_PlasmaExtract21.wiff.scan
"""[TG(64:14),TG(63:7),TG(62:0)]_FA18:2""",1020.99,723.69,720,20241023_PlasmaExtract21.wiff.scan
"""[TG(64:7),TG(63:0)]_FA18:2""",1035.01,737.71,400,20241023_PlasmaExtract21.wiff.scan
"""[TG(66:14),TG(65:7),TG(64:0)]_FA18:2""",1049.02,751.72,200,20241023_PlasmaExtract21.wiff.scan
[TG(40:2)]_FA18:2,708.61,411.31,440,20241023_PlasmaExtract21.wiff.scan
[TG(41:2)]_FA18:2,722.63,425.33,160,20241023_PlasmaExtract21.wiff.scan
[TG(42:2)]_FA18:2,736.65,439.35,360,20241023_PlasmaExtract21.wiff.scan
[TG(42:3)]_FA18:2,734.63,437.33,680,20241023_PlasmaExtract21.wiff.scan
[TG(42:4)]_FA18:2,732.61,435.31,160,20241023_PlasmaExtract21.wiff.scan
[TG(43:2)]_FA18:2,750.66,453.36,120,20241023_PlasmaExtract21.wiff.scan
[TG(43:3)]_FA18:2,748.65,451.35,280,20241023_PlasmaExtract21.wiff.scan
[TG(43:4)]_FA18:2,746.63,449.33,80,20241023_PlasmaExtract21.wiff.scan
[TG(44:2)]_FA18:2,764.68,467.38,600,20241023_PlasmaExtract21.wiff.scan
[TG(44:3)]_FA18:2,762.66,465.36,320,20241023_PlasmaExtract21.wiff.scan
[TG(44:4)]_FA18:2,760.65,463.35,480,20241023_PlasmaExtract21.wiff.scan
[TG(44:5)]_FA18:2,758.63,461.33,120,20241023_PlasmaExtract21.wiff.scan
[TG(45:2)]_FA18:2,778.69,481.39,200,20241023_PlasmaExtract21.wiff.scan
[TG(45:3)]_FA18:2,776.68,479.38,160,20241023_PlasmaExtract21.wiff.scan
[TG(45:4)]_FA18:2,774.66,477.36,400,20241023_PlasmaExtract21.wiff.scan
[TG(45:5)]_FA18:2,772.65,475.35,120,20241023_PlasmaExtract21.wiff.scan
[TG(46:2)]_FA18:2,792.71,495.41,1520,20241023_PlasmaExtract21.wiff.scan
[TG(46:3)]_FA18:2,790.69,493.39,1480,20241023_PlasmaExtract21.wiff.scan
[TG(46:4)]_FA18:2,788.68,491.38,640,20241023_PlasmaExtract21.wiff.scan
[TG(46:5)]_FA18:2,786.66,489.36,280,20241023_PlasmaExtract21.wiff.scan
[TG(46:6)]_FA18:2,784.65,487.35,560,20241023_PlasmaExtract21.wiff.scan
[TG(47:2)]_FA18:2,806.72,509.42,320,20241023_PlasmaExtract21.wiff.scan
[TG(47:3)]_FA18:2,804.71,507.41,360,20241023_PlasmaExtract21.wiff.scan
[TG(47:4)]_FA18:2,802.69,505.39,320,20241023_PlasmaExtract21.wiff.scan
[TG(47:5)]_FA18:2,800.68,503.38,560,20241023_PlasmaExtract21.wiff.scan
[TG(47:6)]_FA18:2,798.66,501.36,400,20241023_PlasmaExtract21.wiff.scan
[TG(48:2)]_FA18:2,820.74,523.44,4080,20241023_PlasmaExtract21.wiff.scan
[TG(48:3)]_FA18:2,818.72,521.42,4120,20241023_PlasmaExtract21.wiff.scan
[TG(48:4)]_FA18:2,816.71,519.41,1920,20241023_PlasmaExtract21.wiff.scan
[TG(48:5)]_FA18:2,814.69,517.39,240,20241023_PlasmaExtract21.wiff.scan
[TG(48:6)]_FA18:2,812.68,515.38,80,20241023_PlasmaExtract21.wiff.scan
[TG(49:3)]_FA18:2,832.74,535.44,920,20241023_PlasmaExtract21.wiff.scan
[TG(49:4)]_FA18:2,830.72,533.42,320,20241023_PlasmaExtract21.wiff.scan
[TG(49:5)]_FA18:2,828.71,531.41,280,20241023_PlasmaExtract21.wiff.scan
[TG(49:6)]_FA18:2,826.69,529.39,360,20241023_PlasmaExtract21.wiff.scan
[TG(50:3)]_FA18:2,846.76,549.46,16040,20241023_PlasmaExtract21.wiff.scan
[TG(50:4)]_FA18:2,844.74,547.44,5800,20241023_PlasmaExtract21.wiff.scan
[TG(50:6)]_FA18:2,840.71,543.41,560,20241023_PlasmaExtract21.wiff.scan
"""[TG(50:9),TG(49:2)]_FA18:2""",834.76,537.46,2160,20241023_PlasmaExtract21.wiff.scan
[TG(51:4)]_FA18:2,858.76,561.46,1000,20241023_PlasmaExtract21.wiff.scan
[TG(51:5)]_FA18:2,856.74,559.44,400,20241023_PlasmaExtract21.wiff.scan
[TG(51:6)]_FA18:2,854.72,557.42,240,20241023_PlasmaExtract21.wiff.scan
"""[TG(51:9),TG(50:2)]_FA18:2""",848.77,551.47,11680,20241023_PlasmaExtract21.wiff.scan
"""[TG(52:10),TG(51:3)]_FA18:2""",860.77,563.47,3200,20241023_PlasmaExtract21.wiff.scan
[TG(52:4)]_FA18:2,872.77,575.47,34480,20241023_PlasmaExtract21.wiff.scan
[TG(52:6)]_FA18:2,868.74,571.44,1000,20241023_PlasmaExtract21.wiff.scan
"""[TG(52:9),TG(51:2)]_FA18:2""",862.79,565.49,960,20241023_PlasmaExtract21.wiff.scan
[TG(53:6)]_FA18:2,882.76,585.46,120,20241023_PlasmaExtract21.wiff.scan
"""[TG(53:9),TG(52:2)]_FA18:2""",876.8,579.5,6720,20241023_PlasmaExtract21.wiff.scan
"""[TG(54:12),TG(53:5)]_FA18:2""",884.77,587.47,600,20241023_PlasmaExtract21.wiff.scan
"""[TG(56:10),TG(55:3)]_FA18:2""",916.83,619.53,400,20241023_PlasmaExtract21.wiff.scan
"""[TG(56:11),TG(55:4)]_FA18:2""",914.82,617.52,400,20241023_PlasmaExtract21.wiff.scan
"""[TG(56:12),TG(55:5)]_FA18:2""",912.8,615.5,1240,20241023_PlasmaExtract21.wiff.scan
"""[TG(56:13),TG(55:6)]_FA18:2""",910.79,613.49,880,20241023_PlasmaExtract21.wiff.scan
[TG(56:6)]_FA18:2,924.8,627.5,240,20241023_PlasmaExtract21.wiff.scan
"""[TG(57:10),TG(56:3)]_FA18:2""",930.85,633.55,520,20241023_PlasmaExtract21.wiff.scan
"""[TG(57:11),TG(56:4)]_FA18:2""",928.83,631.53,640,20241023_PlasmaExtract21.wiff.scan
"""[TG(57:12),TG(56:5)]_FA18:2""",926.82,629.52,320,20241023_PlasmaExtract21.wiff.scan
"""[TG(57:9),TG(56:2)]_FA18:2""",932.86,635.56,160,20241023_PlasmaExtract21.wiff.scan
"""[TG(58:10),TG(57:3)]_FA18:2""",944.86,647.56,200,20241023_PlasmaExtract21.wiff.scan
"""[TG(58:11),TG(57:4)]_FA18:2""",942.85,645.55,280,20241023_PlasmaExtract21.wiff.scan
"""[TG(58:12),TG(57:5)]_FA18:2""",940.83,643.53,400,20241023_PlasmaExtract21.wiff.scan
"""[TG(58:13),TG(57:6)]_FA18:2""",938.82,641.52,160,20241023_PlasmaExtract21.wiff.scan
"""[TG(58:9),TG(57:2)]_FA18:2""",946.88,649.58,400,20241023_PlasmaExtract21.wiff.scan
"""[TG(59:10),TG(58:3)]_FA18:2""",958.88,661.58,200,20241023_PlasmaExtract21.wiff.scan
"""[TG(59:11),TG(58:4)]_FA18:2""",956.86,659.56,440,20241023_PlasmaExtract21.wiff.scan
"""[TG(59:12),TG(58:5)]_FA18:2""",954.85,657.55,80,20241023_PlasmaExtract21.wiff.scan
"""[TG(59:13),TG(58:6)]_FA18:2""",952.83,655.53,200,20241023_PlasmaExtract21.wiff.scan
"""[TG(59:9),TG(58:2)]_FA18:2""",960.9,663.6,200,20241023_PlasmaExtract21.wiff.scan
"""[TG(60:10),TG(59:3)]_FA18:2""",972.9,675.6,320,20241023_PlasmaExtract21.wiff.scan
"""[TG(60:11),TG(59:4)]_FA18:2""",970.88,673.58,160,20241023_PlasmaExtract21.wiff.scan
"""[TG(60:12),TG(59:5)]_FA18:2""",968.86,671.56,360,20241023_PlasmaExtract21.wiff.scan
"""[TG(60:13),TG(59:6)]_FA18:2""",966.85,669.55,160,20241023_PlasmaExtract21.wiff.scan
"""[TG(60:9),TG(59:2)]_FA18:2""",974.91,677.61,40,20241023_PlasmaExtract21.wiff.scan
"""[TG(61:10),TG(60:3)]_FA18:2""",986.91,689.61,280,20241023_PlasmaExtract21.wiff.scan
"""[TG(61:11),TG(60:4)]_FA18:2""",984.9,687.6,80,20241023_PlasmaExtract21.wiff.scan
"""[TG(61:12),TG(60:5)]_FA18:2""",982.88,685.58,200,20241023_PlasmaExtract21.wiff.scan
"""[TG(61:13),TG(60:6)]_FA18:2""",980.86,683.56,120,20241023_PlasmaExtract21.wiff.scan
"""[TG(62:10),TG(61:3)]_FA18:2""",1000.93,703.63,280,20241023_PlasmaExtract21.wiff.scan
"""[TG(62:11),TG(61:4)]_FA18:2""",998.91,701.61,200,20241023_PlasmaExtract21.wiff.scan
"""[TG(62:12),TG(61:5)]_FA18:2""",996.9,699.6,200,20241023_PlasmaExtract21.wiff.scan
"""[TG(62:13),TG(61:6)]_FA18:2""",994.88,697.58,160,20241023_PlasmaExtract21.wiff.scan
"""[TG(62:16),TG(61:9),TG(60:2)]_FA18:2""",988.93,691.63,40,20241023_PlasmaExtract21.wiff.scan
"""[TG(62:9),TG(61:2)]_FA18:2""",1002.94,705.64,200,20241023_PlasmaExtract21.wiff.scan
"""[TG(63:11),TG(62:4)]_FA18:2""",1012.93,715.63,280,20241023_PlasmaExtract21.wiff.scan
"""[TG(63:12),TG(62:5)]_FA18:2""",1010.91,713.61,200,20241023_PlasmaExtract21.wiff.scan
"""[TG(63:13),TG(62:6)]_FA18:2""",1008.9,711.6,240,20241023_PlasmaExtract21.wiff.scan
"""[TG(64:10),TG(63:3)]_FA18:2""",1028.96,731.66,40,20241023_PlasmaExtract21.wiff.scan
"""[TG(64:11),TG(63:4)]_FA18:2""",1026.94,729.64,0,20241023_PlasmaExtract21.wiff.scan
"""[TG(64:12),TG(63:5)]_FA18:2""",1024.93,727.63,280,20241023_PlasmaExtract21.wiff.scan
"""[TG(64:13),TG(63:6)]_FA18:2""",1022.91,725.61,1640,20241023_PlasmaExtract21.wiff.scan
"""[TG(64:16),TG(63:9),TG(62:2)]_FA18:2""",1016.96,719.66,240,20241023_PlasmaExtract21.wiff.scan
"""[TG(64:17),TG(63:10),TG(62:3)]_FA18:2""",1014.94,717.64,480,20241023_PlasmaExtract21.wiff.scan
[TG(64:6)]_FA18:2,1036.93,739.63,0,20241023_PlasmaExtract21.wiff.scan
"""[TG(64:9),TG(63:2)]_FA18:2""",1030.97,733.67,280,20241023_PlasmaExtract21.wiff.scan
"""[TG(65:12),TG(64:5)]_FA18:2""",1038.94,741.64,80,20241023_PlasmaExtract21.wiff.scan
"""[TG(66:10),TG(65:3)]_FA18:2""",1056.99,759.69,1000,20241023_PlasmaExtract21.wiff.scan
"""[TG(66:11),TG(65:4)]_FA18:2""",1054.97,757.67,200,20241023_PlasmaExtract21.wiff.scan
"""[TG(66:12),TG(65:5)]_FA18:2""",1052.96,755.66,80,20241023_PlasmaExtract21.wiff.scan
"""[TG(66:13),TG(65:6)]_FA18:2""",1050.94,753.64,680,20241023_PlasmaExtract21.wiff.scan
"""[TG(66:16),TG(65:9),TG(64:2)]_FA18:2""",1044.99,747.69,440,20241023_PlasmaExtract21.wiff.scan
"""[TG(66:17),TG(65:10),TG(64:3)]_FA18:2""",1042.97,745.67,280,20241023_PlasmaExtract21.wiff.scan
"""[TG(66:18),TG(65:11),TG(64:4)]_FA18:2""",1040.96,743.66,280,20241023_PlasmaExtract21.wiff.scan
[TG(66:2)]_FA18:2,1073.02,775.72,320,20241023_PlasmaExtract21.wiff.scan
[TG(66:3)]_FA18:2,1071.01,773.71,280,20241023_PlasmaExtract21.wiff.scan
[TG(66:4)]_FA18:2,1068.99,771.69,280,20241023_PlasmaExtract21.wiff.scan
[TG(66:5)]_FA18:2,1066.97,769.67,400,20241023_PlasmaExtract21.wiff.scan
[TG(66:6)]_FA18:2,1064.96,767.66,400,20241023_PlasmaExtract21.wiff.scan
[TG(66:7)]_FA18:2,1062.94,765.64,120,20241023_PlasmaExtract21.wiff.scan
"""[TG(66:9),TG(65:2)]_FA18:2""",1059.01,761.71,1000,20241023_PlasmaExtract21.wiff.scan
[TG(50:5)]_FA18:2,842.72,545.42,840,20241023_PlasmaExtract21.wiff.scan
[TG(52:5)]_FA18:2,870.76,573.46,3600,20241023_PlasmaExtract21.wiff.scan
"""[TG(53:10),TG(52:3)]_FA18:2""",874.79,577.49,84360,20241023_PlasmaExtract21.wiff.scan
"""[TG(54:10),TG(53:3)]_FA18:2""",888.8,591.5,1440,20241023_PlasmaExtract21.wiff.scan
"""[TG(54:11),TG(53:4)]_FA18:2""",886.79,589.49,2880,20241023_PlasmaExtract21.wiff.scan
[TG(54:5)]_FA18:2,898.79,601.49,13560,20241023_PlasmaExtract21.wiff.scan
[TG(54:6)]_FA18:2,896.77,599.47,11560,20241023_PlasmaExtract21.wiff.scan
"""[TG(54:8),TG(53:1)]_FA18:2""",892.83,595.53,280,20241023_PlasmaExtract21.wiff.scan
"""[TG(54:9),TG(53:2)]_FA18:2""",890.82,593.52,440,20241023_PlasmaExtract21.wiff.scan
"""[TG(55:10),TG(54:3)]_FA18:2""",902.82,605.52,8240,20241023_PlasmaExtract21.wiff.scan
"""[TG(55:11),TG(54:4)]_FA18:2""",900.8,603.5,24960,20241023_PlasmaExtract21.wiff.scan
"""[TG(55:8),TG(54:1)]_FA18:2""",906.85,609.55,240,20241023_PlasmaExtract21.wiff.scan
"""[TG(55:9),TG(54:2)]_FA18:2""",904.83,607.53,1160,20241023_PlasmaExtract21.wiff.scan
"""[TG(56:9),TG(55:2)]_FA18:2""",918.85,621.55,560,20241023_PlasmaExtract21.wiff.scan
"""[TG(58:7),TG(57:0)]_FA18:2""",950.91,653.61,200,20241023_PlasmaExtract21.wiff.scan
DG(24:0)_C18:0,474.42,173.12,2280,20241023_PlasmaExtract6.wiff.scan
DG(26:0)_C18:0,502.45,201.15,5160,20241023_PlasmaExtract6.wiff.scan
DG(28:2)_C18:0,526.45,225.15,2560,20241023_PlasmaExtract6.wiff.scan
DG(28:1)_C18:0,528.46,227.16,6560,20241023_PlasmaExtract6.wiff.scan
"""DG(28:0),DG(dO-30:0)_C18:0""",530.55,229.25,240,20241023_PlasmaExtract6.wiff.scan
DG(29:2)_C18:0,540.46,239.16,3120,20241023_PlasmaExtract6.wiff.scan
DG(29:1)_C18:0,542.48,241.18,7080,20241023_PlasmaExtract6.wiff.scan
DG(29:0)_C18:0,544.49,243.19,1120,20241023_PlasmaExtract6.wiff.scan
DG(30:3)_C18:0,552.46,251.16,2360,20241023_PlasmaExtract6.wiff.scan
DG(30:2)_C18:0,554.48,253.18,1920,20241023_PlasmaExtract6.wiff.scan
DG(30:1)_C18:0,556.49,255.19,11320,20241023_PlasmaExtract6.wiff.scan
DG(30:0)_C18:0,558.51,257.21,6320,20241023_PlasmaExtract6.wiff.scan
DG(31:3)_C18:0,566.48,265.18,4120,20241023_PlasmaExtract6.wiff.scan
"""DG(31:2),DG(P-14:0/18:1)_C18:0""",568.53,267.23,2760,20241023_PlasmaExtract6.wiff.scan
DG(31:1)_C18:0,570.51,269.21,1920,20241023_PlasmaExtract6.wiff.scan
DG(31:0)_C18:0,572.53,271.23,1400,20241023_PlasmaExtract6.wiff.scan
DG(32:5)_C18:0,576.46,275.16,1640,20241023_PlasmaExtract6.wiff.scan
"""DG(32:4),DG(dO-34:4)_C18:0""",578.55,277.25,1040,20241023_PlasmaExtract6.wiff.scan
DG(32:3)_C18:0,580.49,279.19,1160,20241023_PlasmaExtract6.wiff.scan
DG(32:2)_C18:0,582.51,281.21,3280,20241023_PlasmaExtract6.wiff.scan
DG(32:1)_C18:0,584.53,283.23,2600,20241023_PlasmaExtract6.wiff.scan
DG(32:0)_C18:0,586.54,285.24,2240,20241023_PlasmaExtract6.wiff.scan
DG(33:5)_C18:0,590.48,289.18,1400,20241023_PlasmaExtract6.wiff.scan
DG(33:4)_C18:0,592.49,291.19,1520,20241023_PlasmaExtract6.wiff.scan
DG(33:3)_C18:0,594.51,293.21,800,20241023_PlasmaExtract6.wiff.scan
DG(33:2)_C18:0,596.53,295.23,800,20241023_PlasmaExtract6.wiff.scan
"""DG(33:1),DG(O-34:1)_C18:0""",598.58,297.28,520,20241023_PlasmaExtract6.wiff.scan
DG(33:0)_C18:0,600.56,299.26,1800,20241023_PlasmaExtract6.wiff.scan
DG(34:6)_C18:0,602.48,301.18,1480,20241023_PlasmaExtract6.wiff.scan
DG(34:5)_C18:0,604.49,303.19,360,20241023_PlasmaExtract6.wiff.scan
"""DG(34:4),DG(dO-36:4)_C18:0""",606.58,305.28,440,20241023_PlasmaExtract6.wiff.scan
DG(34:3)_C18:0,608.53,307.23,600,20241023_PlasmaExtract6.wiff.scan
DG(34:2)_C18:0,610.54,309.24,2320,20241023_PlasmaExtract6.wiff.scan
DG(34:1)_C18:0,612.56,311.26,3880,20241023_PlasmaExtract6.wiff.scan
DG(34:0)_C18:0,614.57,313.27,3920,20241023_PlasmaExtract6.wiff.scan
DG(35:6)_C18:0,616.49,315.19,1240,20241023_PlasmaExtract6.wiff.scan
DG(35:5)_C18:0,618.51,317.21,1080,20241023_PlasmaExtract6.wiff.scan
"""DG(35:4),DG(O-36:4),DG(dO-37:4)_C18:0""",620.6,319.3,440,20241023_PlasmaExtract6.wiff.scan
DG(35:3)_C18:0,622.54,321.24,400,20241023_PlasmaExtract6.wiff.scan
"""DG(dO-38:9),DG(35:2)_C18:0""",624.56,323.26,320,20241023_PlasmaExtract6.wiff.scan
"""DG(36:8),DG(35:1)_C18:0""",626.57,325.27,2120,20241023_PlasmaExtract6.wiff.scan
"""DG(36:7),DG(35:0)_C18:0""",628.59,327.29,1800,20241023_PlasmaExtract6.wiff.scan
DG(36:6)_C18:0,630.51,329.21,760,20241023_PlasmaExtract6.wiff.scan
DG(36:5)_C18:0,632.53,331.23,400,20241023_PlasmaExtract6.wiff.scan
"""DG(36:4),DG(O-37:4)_C18:0""",634.58,333.28,360,20241023_PlasmaExtract6.wiff.scan
DG(36:3)_C18:0,636.56,335.26,640,20241023_PlasmaExtract6.wiff.scan
"""DG(O-38:9),DG(36:2)_C18:0""",638.57,337.27,2880,20241023_PlasmaExtract6.wiff.scan
"""DG(O-38:8),DG(36:1)_C18:0""",640.59,339.29,1840,20241023_PlasmaExtract6.wiff.scan
"""DG(37:7),DG(36:0)_C18:0""",642.6,341.3,1880,20241023_PlasmaExtract6.wiff.scan
DG(37:6)_C18:0,644.53,343.23,760,20241023_PlasmaExtract6.wiff.scan
DG(37:5)_C18:0,646.54,345.24,560,20241023_PlasmaExtract6.wiff.scan
DG(37:4)_C18:0,648.56,347.26,880,20241023_PlasmaExtract6.wiff.scan
DG(37:3)_C18:0,650.57,349.27,640,20241023_PlasmaExtract6.wiff.scan
"""DG(38:9),DG(dO-40:9),DG(37:2)_C18:0""",652.59,351.29,360,20241023_PlasmaExtract6.wiff.scan
"""DG(38:8),DG(dO-40:8),DG(37:1)_C18:0""",654.6,353.3,1200,20241023_PlasmaExtract6.wiff.scan
"""DG(38:7),DG(37:0)_C18:0""",656.62,355.32,680,20241023_PlasmaExtract6.wiff.scan
"""DG(38:6),DG(dO-40:6)_C18:0""",658.61,357.31,640,20241023_PlasmaExtract6.wiff.scan
DG(38:5)_C18:0,660.56,359.26,680,20241023_PlasmaExtract6.wiff.scan
DG(38:4)_C18:0,662.57,361.27,360,20241023_PlasmaExtract6.wiff.scan
DG(38:3)_C18:0,664.59,363.29,400,20241023_PlasmaExtract6.wiff.scan
"""DG(O-40:9),DG(38:2)_C18:0""",666.6,365.3,1200,20241023_PlasmaExtract6.wiff.scan
"""DG(39:8),DG(O-40:8),DG(38:1)_C18:0""",668.62,367.32,960,20241023_PlasmaExtract6.wiff.scan
"""DG(39:7),DG(38:0),DG(dO-40:0)_C18:0""",670.71,369.41,26280,20241023_PlasmaExtract6.wiff.scan
DG(39:6)_C18:0,672.56,371.26,2920,20241023_PlasmaExtract6.wiff.scan
DG(39:5)_C18:0,674.57,373.27,520,20241023_PlasmaExtract6.wiff.scan
DG(39:4)_C18:0,676.59,375.29,480,20241023_PlasmaExtract6.wiff.scan
"""DG(40:10),DG(39:3)_C18:0""",678.6,377.3,800,20241023_PlasmaExtract6.wiff.scan
"""DG(40:9),DG(39:2)_C18:0""",680.62,379.32,360,20241023_PlasmaExtract6.wiff.scan
"""DG(40:8),DG(39:1)_C18:0""",682.63,381.33,240,20241023_PlasmaExtract6.wiff.scan
"""DG(40:7),DG(39:0)_C18:0""",684.65,383.35,1200,20241023_PlasmaExtract6.wiff.scan
"""DG(40:6),DG(dO-40:0)_C18:0""",686.7,385.4,680,20241023_PlasmaExtract6.wiff.scan
DG(40:5)_C18:0,688.59,387.29,320,20241023_PlasmaExtract6.wiff.scan
DG(40:4)_C18:0,690.6,389.3,400,20241023_PlasmaExtract6.wiff.scan
DG(40:3)_C18:0,692.62,391.32,320,20241023_PlasmaExtract6.wiff.scan
DG(40:2)_C18:0,694.63,393.33,560,20241023_PlasmaExtract6.wiff.scan
DG(40:1)_C18:0,696.65,395.35,600,20241023_PlasmaExtract6.wiff.scan
"""DG(41:7),DG(40:0)_C18:0""",698.67,397.37,760,20241023_PlasmaExtract6.wiff.scan
DG(41:6)_C18:0,700.59,399.29,600,20241023_PlasmaExtract6.wiff.scan
DG(41:5)_C18:0,702.6,401.3,760,20241023_PlasmaExtract6.wiff.scan
"""DG(42:11),DG(41:4)_C18:0""",704.62,403.32,280,20241023_PlasmaExtract6.wiff.scan
"""DG(42:10),DG(41:3)_C18:0""",706.63,405.33,560,20241023_PlasmaExtract6.wiff.scan
"""DG(42:9),DG(41:2)_C18:0""",708.65,407.35,480,20241023_PlasmaExtract6.wiff.scan
"""DG(42:8),DG(41:1)_C18:0""",710.67,409.37,480,20241023_PlasmaExtract6.wiff.scan
"""DG(42:7),DG(41:0)_C18:0""",712.68,411.38,1080,20241023_PlasmaExtract6.wiff.scan
DG(42:6)_C18:0,714.6,413.3,320,20241023_PlasmaExtract6.wiff.scan
DG(42:5)_C18:0,716.62,415.32,960,20241023_PlasmaExtract6.wiff.scan
DG(42:4)_C18:0,718.63,417.33,560,20241023_PlasmaExtract6.wiff.scan
DG(42:3)_C18:0,720.65,419.35,280,20241023_PlasmaExtract6.wiff.scan
DG(42:2)_C18:0,722.67,421.37,1040,20241023_PlasmaExtract6.wiff.scan
DG(42:1)_C18:0,724.68,423.38,240,20241023_PlasmaExtract6.wiff.scan
DG(42:0)_C18:0,726.7,425.4,520,20241023_PlasmaExtract6.wiff.scan
DG(43:6)_C18:0,728.62,427.32,1000,20241023_PlasmaExtract6.wiff.scan
"""DG(44:12),DG(43:5)_C18:0""",730.63,429.33,840,20241023_PlasmaExtract6.wiff.scan
"""DG(44:11),DG(43:4)_C18:0""",732.65,431.35,240,20241023_PlasmaExtract6.wiff.scan
"""DG(44:10),DG(43:3)_C18:0""",734.67,433.37,320,20241023_PlasmaExtract6.wiff.scan
"""DG(44:9),DG(43:2)_C18:0""",736.68,435.38,720,20241023_PlasmaExtract6.wiff.scan
"""DG(44:8),DG(43:1)_C18:0""",738.7,437.4,1720,20241023_PlasmaExtract6.wiff.scan
"""DG(44:7),DG(43:0)_C18:0""",740.71,439.41,1120,20241023_PlasmaExtract6.wiff.scan
DG(44:6)_C18:0,742.63,441.33,520,20241023_PlasmaExtract6.wiff.scan
DG(44:5)_C18:0,744.65,443.35,680,20241023_PlasmaExtract6.wiff.scan
DG(44:4)_C18:0,746.67,445.37,800,20241023_PlasmaExtract6.wiff.scan
DG(44:3)_C18:0,748.68,447.38,520,20241023_PlasmaExtract6.wiff.scan
DG(44:2)_C18:0,750.7,449.4,160,20241023_PlasmaExtract6.wiff.scan
DG(44:1)_C18:0,752.71,451.41,720,20241023_PlasmaExtract6.wiff.scan
DG(44:0)_C18:0,754.73,453.43,320,20241023_PlasmaExtract6.wiff.scan
CAR,162.2,85.1,10025,20241023_PlasmaExtract1.wiff.scan
CAR(2:0),204.12,85.1,29750,20241023_PlasmaExtract1.wiff.scan
CAR(3:1),216.12,85.1,950,20241023_PlasmaExtract1.wiff.scan
CAR(3:0),218.14,85.1,4050,20241023_PlasmaExtract1.wiff.scan
CAR(4:1),230.14,85.1,1275,20241023_PlasmaExtract1.wiff.scan
CAR(4:0),232.15,85.1,3450,20241023_PlasmaExtract1.wiff.scan
CAR(5:1),244.15,85.1,1450,20241023_PlasmaExtract1.wiff.scan
CAR(5:0),246.17,85.1,4550,20241023_PlasmaExtract1.wiff.scan
CAR(6:1),258.17,85.1,2500,20241023_PlasmaExtract1.wiff.scan
CAR(6:0),260.19,85.1,14450,20241023_PlasmaExtract1.wiff.scan
CAR(7:0),274.2,85.1,2925,20241023_PlasmaExtract1.wiff.scan
CAR(8:1),286.2,85.1,16100,20241023_PlasmaExtract1.wiff.scan
CAR(8:0),288.22,85.1,10775,20241023_PlasmaExtract1.wiff.scan
CAR(9:0),302.23,85.1,6325,20241023_PlasmaExtract1.wiff.scan
CAR(10:3),310.2,85.1,3550,20241023_PlasmaExtract1.wiff.scan
CAR(10:2),312.22,85.1,6575,20241023_PlasmaExtract1.wiff.scan
CAR(10:1),314.23,85.1,14050,20241023_PlasmaExtract1.wiff.scan
CAR(10:0),316.25,85.1,12450,20241023_PlasmaExtract1.wiff.scan
CAR(11:0),330.26,85.1,5375,20241023_PlasmaExtract1.wiff.scan
CAR(12:0),344.28,85.1,4425,20241023_PlasmaExtract1.wiff.scan
CAR(14:2),368.28,85.1,6350,20241023_PlasmaExtract1.wiff.scan
CAR(14:1),370.3,85.1,13225,20241023_PlasmaExtract1.wiff.scan
CAR(14:0),372.31,85.1,5450,20241023_PlasmaExtract1.wiff.scan
CAR(16:2),396.31,85.1,2675,20241023_PlasmaExtract1.wiff.scan
CAR(16:1),398.33,85.1,11400,20241023_PlasmaExtract1.wiff.scan
CAR(16:0),400.34,85.1,8950,20241023_PlasmaExtract1.wiff.scan
CAR(17:0),414.36,85.1,3400,20241023_PlasmaExtract1.wiff.scan
CAR(18:4),420.31,85.1,2600,20241023_PlasmaExtract1.wiff.scan
CAR(18:3),422.33,85.1,8050,20241023_PlasmaExtract1.wiff.scan
CAR(18:2),424.34,85.1,6925,20241023_PlasmaExtract1.wiff.scan
CAR(18:1),426.36,85.1,10875,20241023_PlasmaExtract1.wiff.scan
CAR(18:0),428.37,85.1,5700,20241023_PlasmaExtract1.wiff.scan
CAR(20:4),448.34,85.1,22975,20241023_PlasmaExtract1.wiff.scan
CAR(20:2),452.37,85.1,4075,20241023_PlasmaExtract1.wiff.scan
CAR(20:1),454.39,85.1,4575,20241023_PlasmaExtract1.wiff.scan
CAR(20:0),456.41,85.1,3175,20241023_PlasmaExtract1.wiff.scan
CAR(22:6),472.4,85.1,1750,20241023_PlasmaExtract1.wiff.scan
CAR(22:5),474.36,85.1,825,20241023_PlasmaExtract1.wiff.scan
CAR(22:4),476.37,85.1,1350,20241023_PlasmaExtract1.wiff.scan
CAR(22:2),480.41,85.1,2875,20241023_PlasmaExtract1.wiff.scan
CAR(22:0),484.44,85.1,3575,20241023_PlasmaExtract1.wiff.scan
CAR(26:0),540.5,85.1,6550,20241023_PlasmaExtract1.wiff.scan
CAR_QUAL,162.2,60.1,27825,20241023_PlasmaExtract1.wiff.scan
CAR(2:0)_QUAL,204.12,60.1,1850,20241023_PlasmaExtract1.wiff.scan
CAR(3:1)_QUAL,216.12,60.1,275,20241023_PlasmaExtract1.wiff.scan
CAR(3:0)_QUAL,218.14,60.1,175,20241023_PlasmaExtract1.wiff.scan
CAR(4:1)_QUAL,230.14,60.1,1000,20241023_PlasmaExtract1.wiff.scan
CAR(4:0)_QUAL,232.15,60.1,300,20241023_PlasmaExtract1.wiff.scan
CAR(5:1)_QUAL,244.15,60.1,2100,20241023_PlasmaExtract1.wiff.scan
CAR(5:0)_QUAL,246.17,60.1,475,20241023_PlasmaExtract1.wiff.scan
CAR(6:1)_QUAL,258.17,60.1,2900,20241023_PlasmaExtract1.wiff.scan
CAR(6:0)_QUAL,260.19,60.1,3750,20241023_PlasmaExtract1.wiff.scan
CAR(7:0)_QUAL,274.2,60.1,150,20241023_PlasmaExtract1.wiff.scan
CAR(8:1)_QUAL,286.2,60.1,9475,20241023_PlasmaExtract1.wiff.scan
CAR(8:0)_QUAL,288.22,60.1,950,20241023_PlasmaExtract1.wiff.scan
CAR(9:0)_QUAL,302.23,60.1,1400,20241023_PlasmaExtract1.wiff.scan
CAR(10:3)_QUAL,310.2,60.1,650,20241023_PlasmaExtract1.wiff.scan
CAR(10:2)_QUAL,312.22,60.1,34100,20241023_PlasmaExtract1.wiff.scan
CAR(10:1)_QUAL,314.23,60.1,975,20241023_PlasmaExtract1.wiff.scan
CAR(10:0)_QUAL,316.25,60.1,1450,20241023_PlasmaExtract1.wiff.scan
CAR(11:0)_QUAL,330.26,60.1,875,20241023_PlasmaExtract1.wiff.scan
CAR(12:0)_QUAL,344.28,60.1,400,20241023_PlasmaExtract1.wiff.scan
CAR(14:2)_QUAL,368.28,60.1,21950,20241023_PlasmaExtract1.wiff.scan
CAR(14:1)_QUAL,370.3,60.1,1150,20241023_PlasmaExtract1.wiff.scan
CAR(14:0)_QUAL,372.31,60.1,650,20241023_PlasmaExtract1.wiff.scan
CAR(16:2)_QUAL,396.31,60.1,400,20241023_PlasmaExtract1.wiff.scan
CAR(16:1)_QUAL,398.33,60.1,1650,20241023_PlasmaExtract1.wiff.scan
CAR(16:0)_QUAL,400.34,60.1,1050,20241023_PlasmaExtract1.wiff.scan
CAR(17:0)_QUAL,414.36,60.1,2000,20241023_PlasmaExtract1.wiff.scan
CAR(18:4)_QUAL,420.31,60.1,200,20241023_PlasmaExtract1.wiff.scan
CAR(18:3)_QUAL,422.33,60.1,675,20241023_PlasmaExtract1.wiff.scan
CAR(18:2)_QUAL,424.34,60.1,400,20241023_PlasmaExtract1.wiff.scan
CAR(18:1)_QUAL,426.36,60.1,900,20241023_PlasmaExtract1.wiff.scan
CAR(18:0)_QUAL,428.37,60.1,675,20241023_PlasmaExtract1.wiff.scan
CAR(20:4)_QUAL,448.34,60.1,3100,20241023_PlasmaExtract1.wiff.scan
CAR(20:2)_QUAL,452.37,60.1,125,20241023_PlasmaExtract1.wiff.scan
CAR(20:1)_QUAL,454.39,60.1,225,20241023_PlasmaExtract1.wiff.scan
CAR(20:0)_QUAL,456.41,60.1,125,20241023_PlasmaExtract1.wiff.scan
CAR(22:6)_QUAL,472.4,60.1,125,20241023_PlasmaExtract1.wiff.scan
CAR(22:5)_QUAL,474.36,60.1,200,20241023_PlasmaExtract1.wiff.scan
CAR(22:4)_QUAL,476.37,60.1,75,20241023_PlasmaExtract1.wiff.scan
CAR(22:2)_QUAL,480.41,60.1,325,20241023_PlasmaExtract1.wiff.scan
CAR(22:0)_QUAL,484.44,60.1,275,20241023_PlasmaExtract1.wiff.scan
CAR(26:0)_QUAL,540.5,60.1,525,20241023_PlasmaExtract1.wiff.scan
FA(2:0),59.01,59.01,9547200,20241023_Blank34.wiff.scan
FA(3:0),73.03,73.03,636760,20241023_Blank34.wiff.scan
FA(4:0),87.04,87.04,305960,20241023_Blank34.wiff.scan
FA(5:0),101.06,101.06,710360,20241023_Blank34.wiff.scan
FA(6:0),115.08,115.08,801560,20241023_Blank34.wiff.scan
FA(7:0),129.09,129.09,641480,20241023_Blank34.wiff.scan
FA(8:0),143.11,143.11,560240,20241023_Blank34.wiff.scan
FA(9:0),157.12,157.12,728840,20241023_Blank34.wiff.scan
FA(10:0),171.14,171.14,2822960,20241023_Blank34.wiff.scan
FA(11:0),185.15,185.15,665160,20241023_Blank34.wiff.scan
FA(12:0),199.17,199.17,1163640,20241023_Blank34.wiff.scan
FA(13:0),213.19,213.19,820520,20241023_Blank34.wiff.scan
FA(14:0),227.2,227.2,753280,20241023_Blank34.wiff.scan
FA(15:0),241.22,241.22,588120,20241023_Blank34.wiff.scan
FA(16:0),255.23,255.23,496280,20241023_Blank34.wiff.scan
FA(17:0),269.25,269.25,394160,20241023_Blank34.wiff.scan
FA(18:0),283.26,283.26,887720,20241023_Blank34.wiff.scan
FA(19:0),297.28,297.28,566360,20241023_Blank34.wiff.scan
FA(20:0),311.29,311.29,204080,20241023_Blank34.wiff.scan
FA(21:0),325.31,325.31,134440,20241023_Blank34.wiff.scan
FA(22:0),339.33,339.33,686960,20241023_Blank34.wiff.scan
FA(23:0),353.34,353.34,2405440,20241023_Blank34.wiff.scan
FA(24:0),367.36,367.36,117520,20241023_Blank34.wiff.scan
FA(25:0),381.37,381.37,1391800,20241023_Blank34.wiff.scan
FA(26:0),395.39,395.39,98160,20241023_Blank34.wiff.scan
FA(27:0),409.4,409.4,107160,20241023_Blank34.wiff.scan
FA(28:0),423.42,423.42,88640,20241023_Blank34.wiff.scan
FA(29:0),437.44,437.44,99360,20241023_Blank34.wiff.scan
FA(30:0),451.45,451.45,47800,20241023_Blank34.wiff.scan
FA(31:0),465.47,465.47,37400,20241023_Blank34.wiff.scan
FA(32:0),479.48,479.48,41800,20241023_Blank34.wiff.scan
FA(33:0),493.5,493.5,31720,20241023_Blank34.wiff.scan
FA(34:0),507.51,507.51,27160,20241023_Blank34.wiff.scan
FA(35:0),521.53,521.53,34600,20241023_Blank34.wiff.scan
FA(36:0),535.55,535.55,27040,20241023_Blank34.wiff.scan
FA(37:0),549.56,549.56,44840,20241023_Blank34.wiff.scan
FA(38:0),563.58,563.58,25800,20241023_Blank34.wiff.scan
FA(46:0),675.7,675.7,20280,20241023_Blank34.wiff.scan
FA(3:1),71.01,71.01,63920,20241023_Blank34.wiff.scan
FA(4:1),85.03,85.03,762160,20241023_Blank34.wiff.scan
FA(5:2),97.03,97.03,310600,20241023_Blank34.wiff.scan
FA(5:1),99.04,99.04,417200,20241023_Blank34.wiff.scan
FA(6:2),111.04,111.04,231400,20241023_Blank34.wiff.scan
FA(6:1),113.06,113.06,458320,20241023_Blank34.wiff.scan
FA(7:3),123.04,123.04,309720,20241023_Blank34.wiff.scan
FA(7:2),125.06,125.06,309120,20241023_Blank34.wiff.scan
FA(7:1),127.08,127.08,766480,20241023_Blank34.wiff.scan
FA(8:6),131.01,131.01,929440,20241023_Blank34.wiff.scan
FA(8:5),133.03,133.03,1950920,20241023_Blank34.wiff.scan
FA(8:2),139.08,139.08,2880720,20241023_Blank34.wiff.scan
FA(8:1),141.09,141.09,774720,20241023_Blank34.wiff.scan
FA(9:2),153.09,153.09,417640,20241023_Blank34.wiff.scan
FA(9:1),155.11,155.11,629240,20241023_Blank34.wiff.scan
FA(10:7),157.03,157.03,717920,20241023_Blank34.wiff.scan
FA(10:6),159.04,159.04,1495480,20241023_Blank34.wiff.scan
FA(10:5),161.06,161.06,2731760,20241023_Blank34.wiff.scan
FA(10:4),163.08,163.08,8664680,20241023_Blank34.wiff.scan
FA(10:3),165.09,165.09,1157920,20241023_Blank34.wiff.scan
FA(10:2),167.11,167.11,733160,20241023_Blank34.wiff.scan
FA(10:1),169.12,169.12,702080,20241023_Blank34.wiff.scan
FA(11:6),173.06,173.06,1492480,20241023_Blank34.wiff.scan
FA(11:2),181.12,181.12,676240,20241023_Blank34.wiff.scan
FA(11:1),183.14,183.14,1142400,20241023_Blank34.wiff.scan
FA(12:6),187.08,187.08,1684480,20241023_Blank34.wiff.scan
FA(12:5),189.09,189.09,845840,20241023_Blank34.wiff.scan
FA(12:4),191.11,191.11,1158200,20241023_Blank34.wiff.scan
FA(12:2),195.14,195.14,20017720,20241023_Blank34.wiff.scan
FA(12:1),197.15,197.15,811440,20241023_Blank34.wiff.scan
FA(13:2),209.15,209.15,1729200,20241023_Blank34.wiff.scan
FA(13:1),211.17,211.17,779320,20241023_Blank34.wiff.scan
FA(14:7),213.09,213.09,969400,20241023_Blank34.wiff.scan
FA(14:6),215.11,215.11,1834280,20241023_Blank34.wiff.scan
FA(14:5),217.12,217.12,1749240,20241023_Blank34.wiff.scan
FA(14:4),219.14,219.14,1054080,20241023_Blank34.wiff.scan
FA(14:2),223.17,223.17,370680,20241023_Blank34.wiff.scan
FA(14:1),225.19,225.19,362240,20241023_Blank34.wiff.scan
FA(15:6),229.12,229.12,734680,20241023_Blank34.wiff.scan
FA(15:5),231.14,231.14,5382960,20241023_Blank34.wiff.scan
FA(15:3),235.17,235.17,1021400,20241023_Blank34.wiff.scan
FA(15:2),237.19,237.19,398640,20241023_Blank34.wiff.scan
FA(15:1),239.2,239.2,9854160,20241023_Blank34.wiff.scan
FA(16:7),241.12,241.12,879360,20241023_Blank34.wiff.scan
FA(16:6),243.14,243.14,621040,20241023_Blank34.wiff.scan
FA(16:5),245.15,245.15,751560,20241023_Blank34.wiff.scan
FA(16:4),247.17,247.17,405480,20241023_Blank34.wiff.scan
FA(16:3),249.19,249.19,402200,20241023_Blank34.wiff.scan
FA(16:2),251.2,251.2,761520,20241023_Blank34.wiff.scan
FA(16:1),253.22,253.22,419520,20241023_Blank34.wiff.scan
FA(17:6),257.15,257.15,2630120,20241023_Blank34.wiff.scan
FA(17:4),261.19,261.19,743040,20241023_Blank34.wiff.scan
FA(17:3),263.2,263.2,388280,20241023_Blank34.wiff.scan
FA(17:2),265.22,265.22,202560,20241023_Blank34.wiff.scan
FA(17:1),267.23,267.23,490400,20241023_Blank34.wiff.scan
FA(18:7),269.15,269.15,777320,20241023_Blank34.wiff.scan
FA(18:6),271.17,271.17,938760,20241023_Blank34.wiff.scan
FA(18:5),273.19,273.19,1492200,20241023_Blank34.wiff.scan
FA(18:4),275.2,275.2,422080,20241023_Blank34.wiff.scan
FA(18:3),277.22,277.22,864240,20241023_Blank34.wiff.scan
FA(18:2),279.23,279.23,2840120,20241023_Blank34.wiff.scan
FA(18:1),281.25,281.25,287600,20241023_Blank34.wiff.scan
FA(19:6),285.19,285.19,852200,20241023_Blank34.wiff.scan
FA(19:5),287.2,287.2,692440,20241023_Blank34.wiff.scan
FA(19:4),289.22,289.22,649640,20241023_Blank34.wiff.scan
FA(19:2),293.25,293.25,307480,20241023_Blank34.wiff.scan
FA(19:1),295.26,295.26,250440,20241023_Blank34.wiff.scan
FA(20:6),299.2,299.2,1063680,20241023_Blank34.wiff.scan
FA(20:5),301.22,301.22,1671120,20241023_Blank34.wiff.scan
FA(20:4),303.23,303.23,379000,20241023_Blank34.wiff.scan
FA(20:3),305.25,305.25,561600,20241023_Blank34.wiff.scan
FA(20:2),307.26,307.26,190880,20241023_Blank34.wiff.scan
FA(20:1),309.28,309.28,117720,20241023_Blank34.wiff.scan
FA(21:5),315.23,315.23,1341680,20241023_Blank34.wiff.scan
FA(21:3),319.26,319.26,193960,20241023_Blank34.wiff.scan
FA(21:2),321.28,321.28,282720,20241023_Blank34.wiff.scan
FA(21:1),323.29,323.29,76800,20241023_Blank34.wiff.scan
FA(22:7),325.22,325.22,334840,20241023_Blank34.wiff.scan
FA(22:6),327.23,327.23,528160,20241023_Blank34.wiff.scan
FA(22:5),329.25,329.25,368240,20241023_Blank34.wiff.scan
FA(22:4),331.26,331.26,4839280,20241023_Blank34.wiff.scan
FA(22:3),333.28,333.28,381640,20241023_Blank34.wiff.scan
FA(22:2),335.29,335.29,179200,20241023_Blank34.wiff.scan
FA(22:1),337.31,337.31,103520,20241023_Blank34.wiff.scan
FA(23:6),341.25,341.25,494720,20241023_Blank34.wiff.scan
FA(24:12),343.17,343.17,1312880,20241023_Blank34.wiff.scan
FA(24:10),347.2,347.2,303320,20241023_Blank34.wiff.scan
FA(23:1),351.33,351.33,115480,20241023_Blank34.wiff.scan
FA(24:7),353.25,353.25,6354360,20241023_Blank34.wiff.scan
FA(24:6),355.26,355.26,2865360,20241023_Blank34.wiff.scan
FA(24:5),357.28,357.28,494080,20241023_Blank34.wiff.scan
FA(24:4),359.29,359.29,2338080,20241023_Blank34.wiff.scan
FA(24:3),361.31,361.31,260400,20241023_Blank34.wiff.scan
FA(24:2),363.33,363.33,134240,20241023_Blank34.wiff.scan
FA(24:1),365.34,365.34,79680,20241023_Blank34.wiff.scan
FA(25:4),373.31,373.31,145760,20241023_Blank34.wiff.scan
FA(25:1),379.36,379.36,124400,20241023_Blank34.wiff.scan
FA(26:6),383.29,383.29,279880,20241023_Blank34.wiff.scan
FA(26:5),385.31,385.31,168440,20241023_Blank34.wiff.scan
FA(26:4),387.33,387.33,150760,20241023_Blank34.wiff.scan
FA(26:3),389.34,389.34,138080,20241023_Blank34.wiff.scan
FA(26:2),391.36,391.36,564400,20241023_Blank34.wiff.scan
FA(26:1),393.37,393.37,561040,20241023_Blank34.wiff.scan
FA(27:4),401.34,401.34,164200,20241023_Blank34.wiff.scan
FA(27:3),403.36,403.36,588880,20241023_Blank34.wiff.scan
FA(27:2),405.37,405.37,137200,20241023_Blank34.wiff.scan
FA(27:1),407.39,407.39,54680,20241023_Blank34.wiff.scan
FA(28:7),409.31,409.31,311680,20241023_Blank34.wiff.scan
FA(28:6),411.33,411.33,94880,20241023_Blank34.wiff.scan
FA(28:5),413.34,413.34,268280,20241023_Blank34.wiff.scan
FA(28:4),415.36,415.36,533760,20241023_Blank34.wiff.scan
FA(28:3),417.37,417.37,121400,20241023_Blank34.wiff.scan
FA(28:2),419.39,419.39,230800,20241023_Blank34.wiff.scan
FA(28:1),421.4,421.4,69520,20241023_Blank34.wiff.scan
FA(29:3),431.39,431.39,150240,20241023_Blank34.wiff.scan
FA(29:2),433.4,433.4,579320,20241023_Blank34.wiff.scan
FA(29:1),435.42,435.42,79120,20241023_Blank34.wiff.scan
FA(30:6),439.36,439.36,101760,20241023_Blank34.wiff.scan
FA(30:5),441.37,441.37,141440,20241023_Blank34.wiff.scan
FA(30:4),443.39,443.39,72920,20241023_Blank34.wiff.scan
FA(30:3),445.4,445.4,128040,20241023_Blank34.wiff.scan
FA(30:2),447.42,447.42,104600,20241023_Blank34.wiff.scan
FA(30:1),449.44,449.44,50960,20241023_Blank34.wiff.scan
FA(31:1),463.45,463.45,35440,20241023_Blank34.wiff.scan
FA(32:6),467.39,467.39,63680,20241023_Blank34.wiff.scan
FA(32:5),469.4,469.4,103080,20241023_Blank34.wiff.scan
FA(32:4),471.42,471.42,53640,20241023_Blank34.wiff.scan
FA(32:1),477.47,477.47,38640,20241023_Blank34.wiff.scan
FA(34:6),495.42,495.42,63600,20241023_Blank34.wiff.scan
FA(34:5),497.44,497.44,92440,20241023_Blank34.wiff.scan
FA(34:4),499.45,499.45,39840,20241023_Blank34.wiff.scan
FA(34:1),505.5,505.5,39720,20241023_Blank34.wiff.scan
FA(36:6),523.45,523.45,61160,20241023_Blank34.wiff.scan
FA(36:5),525.47,525.47,46480,20241023_Blank34.wiff.scan
FA(36:4),527.48,527.48,35000,20241023_Blank34.wiff.scan
FA(38:6),551.48,551.48,41480,20241023_Blank34.wiff.scan
FA(38:5),553.5,553.5,38280,20241023_Blank34.wiff.scan
FA(38:4),555.51,555.51,41720,20241023_Blank34.wiff.scan
FA(40:6),579.51,579.51,27840,20241023_Blank34.wiff.scan
FA(42:6),607.55,607.55,17960,20241023_Blank34.wiff.scan
DG(28:2)_C18:2,526.45,229.15,1560,20241023_Blank33.wiff.scan
DG(29:2)_C18:2,540.46,243.16,1720,20241023_Blank33.wiff.scan
DG(30:3)_C18:2,552.46,255.16,1040,20241023_Blank33.wiff.scan
DG(30:2)_C18:2,554.48,257.18,1240,20241023_Blank33.wiff.scan
DG(31:3)_C18:2,566.48,269.18,1520,20241023_Blank33.wiff.scan
"""DG(31:2),DG(P-14:0/18:1)_C18:2""",568.53,271.23,1120,20241023_Blank33.wiff.scan
DG(32:5)_C18:2,576.46,279.16,1080,20241023_Blank33.wiff.scan
"""DG(32:4),DG(dO-34:4)_C18:2""",578.55,281.25,2880,20241023_Blank33.wiff.scan
DG(32:3)_C18:2,580.49,283.19,2440,20241023_Blank33.wiff.scan
DG(32:2)_C18:2,582.51,285.21,2480,20241023_Blank33.wiff.scan
DG(33:5)_C18:2,590.48,293.18,560,20241023_Blank33.wiff.scan
DG(33:4)_C18:2,592.49,295.19,800,20241023_Blank33.wiff.scan
DG(33:3)_C18:2,594.51,297.21,1120,20241023_Blank33.wiff.scan
DG(33:2)_C18:2,596.53,299.23,1960,20241023_Blank33.wiff.scan
DG(34:6)_C18:2,602.48,305.18,520,20241023_Blank33.wiff.scan
DG(34:5)_C18:2,604.49,307.19,680,20241023_Blank33.wiff.scan
"""DG(34:4),DG(dO-36:4)_C18:2""",606.58,309.28,1600,20241023_Blank33.wiff.scan
DG(34:3)_C18:2,608.53,311.23,2160,20241023_Blank33.wiff.scan
DG(34:2)_C18:2,610.54,313.24,9120,20241023_Blank33.wiff.scan
DG(35:6)_C18:2,616.49,319.19,640,20241023_Blank33.wiff.scan
DG(35:5)_C18:2,618.51,321.21,640,20241023_Blank33.wiff.scan
"""DG(35:4),DG(O-36:4),DG(dO-37:4)_C18:2""",620.6,323.3,760,20241023_Blank33.wiff.scan
DG(35:3)_C18:2,622.54,325.24,720,20241023_Blank33.wiff.scan
"""DG(dO-38:9),DG(35:2)_C18:2""",624.56,327.26,1440,20241023_Blank33.wiff.scan
"""DG(36:8),DG(35:1)_C18:2""",626.57,329.27,640,20241023_Blank33.wiff.scan
"""DG(36:7),DG(35:0)_C18:2""",628.59,331.29,1640,20241023_Blank33.wiff.scan
DG(36:6)_C18:2,630.51,333.21,560,20241023_Blank33.wiff.scan
DG(36:5)_C18:2,632.53,335.23,2840,20241023_Blank33.wiff.scan
"""DG(36:4),DG(O-37:4)_C18:2""",634.58,337.28,14880,20241023_Blank33.wiff.scan
DG(36:3)_C18:2,636.56,339.26,10280,20241023_Blank33.wiff.scan
"""DG(O-38:9),DG(36:2)_C18:2""",638.57,341.27,3240,20241023_Blank33.wiff.scan
"""DG(O-38:8),DG(36:1)_C18:2""",640.59,343.29,640,20241023_Blank33.wiff.scan
"""DG(37:7),DG(36:0)_C18:2""",642.6,345.3,2800,20241023_Blank33.wiff.scan
DG(37:6)_C18:2,644.53,347.23,760,20241023_Blank33.wiff.scan
DG(37:5)_C18:2,646.54,349.24,560,20241023_Blank33.wiff.scan
DG(37:4)_C18:2,648.56,351.26,520,20241023_Blank33.wiff.scan
DG(37:3)_C18:2,650.57,353.27,4760,20241023_Blank33.wiff.scan
"""DG(38:9),DG(dO-40:9),DG(37:2)_C18:2""",652.59,355.29,1040,20241023_Blank33.wiff.scan
"""DG(38:8),DG(dO-40:8),DG(37:1)_C18:2""",654.6,357.3,720,20241023_Blank33.wiff.scan
"""DG(38:7),DG(37:0)_C18:2""",656.62,359.32,840,20241023_Blank33.wiff.scan
"""DG(38:6),DG(dO-40:6)_C18:2""",658.61,361.31,480,20241023_Blank33.wiff.scan
DG(38:5)_C18:2,660.56,363.26,880,20241023_Blank33.wiff.scan
DG(38:4)_C18:2,662.57,365.27,1200,20241023_Blank33.wiff.scan
DG(38:3)_C18:2,664.59,367.29,1200,20241023_Blank33.wiff.scan
"""DG(O-40:9),DG(38:2)_C18:2""",666.6,369.3,1160,20241023_Blank33.wiff.scan
"""DG(39:8),DG(O-40:8),DG(38:1)_C18:2""",668.62,371.32,880,20241023_Blank33.wiff.scan
"""DG(39:7),DG(38:0),DG(dO-40:0)_C18:2""",670.71,373.41,1040,20241023_Blank33.wiff.scan
DG(39:6)_C18:2,672.56,375.26,560,20241023_Blank33.wiff.scan
DG(39:5)_C18:2,674.57,377.27,600,20241023_Blank33.wiff.scan
DG(39:4)_C18:2,676.59,379.29,440,20241023_Blank33.wiff.scan
"""DG(40:10),DG(39:3)_C18:2""",678.6,381.3,3520,20241023_Blank33.wiff.scan
"""DG(40:9),DG(39:2)_C18:2""",680.62,383.32,1760,20241023_Blank33.wiff.scan
"""DG(40:8),DG(39:1)_C18:2""",682.63,385.33,640,20241023_Blank33.wiff.scan
"""DG(40:7),DG(39:0)_C18:2""",684.65,387.35,960,20241023_Blank33.wiff.scan
"""DG(40:6),DG(dO-40:0)_C18:2""",686.7,389.4,1400,20241023_Blank33.wiff.scan
DG(40:5)_C18:2,688.59,391.29,520,20241023_Blank33.wiff.scan
DG(40:4)_C18:2,690.6,393.3,800,20241023_Blank33.wiff.scan
DG(40:3)_C18:2,692.62,395.32,680,20241023_Blank33.wiff.scan
DG(40:2)_C18:2,694.63,397.33,1080,20241023_Blank33.wiff.scan
"""DG(41:7),DG(40:0)_C18:2""",698.67,401.37,680,20241023_Blank33.wiff.scan
DG(41:6)_C18:2,700.59,403.29,640,20241023_Blank33.wiff.scan
DG(41:5)_C18:2,702.6,405.3,680,20241023_Blank33.wiff.scan
"""DG(42:11),DG(41:4)_C18:2""",704.62,407.32,640,20241023_Blank33.wiff.scan
"""DG(42:10),DG(41:3)_C18:2""",706.63,409.33,960,20241023_Blank33.wiff.scan
"""DG(42:9),DG(41:2)_C18:2""",708.65,411.35,480,20241023_Blank33.wiff.scan
"""DG(42:8),DG(41:1)_C18:2""",710.67,413.37,840,20241023_Blank33.wiff.scan
"""DG(42:7),DG(41:0)_C18:2""",712.68,415.38,8560,20241023_Blank33.wiff.scan
DG(42:6)_C18:2,714.6,417.3,760,20241023_Blank33.wiff.scan
DG(42:5)_C18:2,716.62,419.32,480,20241023_Blank33.wiff.scan
DG(42:4)_C18:2,718.63,421.33,480,20241023_Blank33.wiff.scan
DG(42:3)_C18:2,720.65,423.35,640,20241023_Blank33.wiff.scan
DG(42:2)_C18:2,722.67,425.37,720,20241023_Blank33.wiff.scan
DG(43:6)_C18:2,728.62,431.32,320,20241023_Blank33.wiff.scan
"""DG(44:12),DG(43:5)_C18:2""",730.63,433.33,1160,20241023_Blank33.wiff.scan
"""DG(44:11),DG(43:4)_C18:2""",732.65,435.35,560,20241023_Blank33.wiff.scan
"""DG(44:10),DG(43:3)_C18:2""",734.67,437.37,3280,20241023_Blank33.wiff.scan
"""DG(44:9),DG(43:2)_C18:2""",736.68,439.38,1040,20241023_Blank33.wiff.scan
"""DG(44:8),DG(43:1)_C18:2""",738.7,441.4,800,20241023_Blank33.wiff.scan
"""DG(44:7),DG(43:0)_C18:2""",740.71,443.41,480,20241023_Blank33.wiff.scan
DG(44:6)_C18:2,742.63,445.33,560,20241023_Blank33.wiff.scan
DG(44:5)_C18:2,744.65,447.35,560,20241023_Blank33.wiff.scan
DG(44:4)_C18:2,746.67,449.37,400,20241023_Blank33.wiff.scan
DG(44:3)_C18:2,748.68,451.38,720,20241023_Blank33.wiff.scan
DG(44:2)_C18:2,750.7,453.4,2560,20241023_Blank33.wiff.scan
"""[TG(48:7),TG(47:0)]_FA18:1""",810.76,511.46,0,20241023_PlasmaExtract20.wiff.scan
"""[TG(49:7),TG(48:0)]_FA18:1""",824.77,525.47,120,20241023_PlasmaExtract20.wiff.scan
"""[TG(50:7),TG(49:0)]_FA18:1""",838.79,539.49,0,20241023_PlasmaExtract20.wiff.scan
"""[TG(51:7),TG(50:0)]_FA18:1""",852.8,553.5,120,20241023_PlasmaExtract20.wiff.scan
"""[TG(52:7),TG(51:0)]_FA18:1""",866.82,567.52,40,20241023_PlasmaExtract20.wiff.scan
"""[TG(53:7),TG(52:0)]_FA18:1""",880.83,581.53,120,20241023_PlasmaExtract20.wiff.scan
"""[TG(54:7),TG(53:0)]_FA18:1""",894.85,595.55,80,20241023_PlasmaExtract20.wiff.scan
"""[TG(55:7),TG(54:0)]_FA18:1""",908.86,609.56,0,20241023_PlasmaExtract20.wiff.scan
"""[TG(56:7),TG(55:0)]_FA18:1""",922.88,623.58,40,20241023_PlasmaExtract20.wiff.scan
"""[TG(58:14),TG(57:7),TG(56:0)]_FA18:1""",936.9,637.6,0,20241023_PlasmaExtract20.wiff.scan
"""[TG(60:14),TG(59:7),TG(58:0)]_FA18:1""",964.93,665.63,80,20241023_PlasmaExtract20.wiff.scan
"""[TG(61:14),TG(60:7),TG(59:0)]_FA18:1""",978.94,679.64,0,20241023_PlasmaExtract20.wiff.scan
"""[TG(62:14),TG(61:7),TG(60:0)]_FA18:1""",992.96,693.66,0,20241023_PlasmaExtract20.wiff.scan
"""[TG(62:7),TG(61:0)]_FA18:1""",1006.97,707.67,0,20241023_PlasmaExtract20.wiff.scan
"""[TG(64:14),TG(63:7),TG(62:0)]_FA18:1""",1020.99,721.69,120,20241023_PlasmaExtract20.wiff.scan
"""[TG(64:7),TG(63:0)]_FA18:1""",1035.01,735.71,0,20241023_PlasmaExtract20.wiff.scan
"""[TG(66:14),TG(65:7),TG(64:0)]_FA18:1""",1049.02,749.72,0,20241023_PlasmaExtract20.wiff.scan
[TG(38:1)]_FA18:1,682.6,383.3,0,20241023_PlasmaExtract20.wiff.scan
[TG(39:1)]_FA18:1,696.61,397.31,0,20241023_PlasmaExtract20.wiff.scan
[TG(40:1)]_FA18:1,710.63,411.33,40,20241023_PlasmaExtract20.wiff.scan
[TG(40:2)]_FA18:1,708.61,409.31,0,20241023_PlasmaExtract20.wiff.scan
[TG(41:1)]_FA18:1,724.65,425.35,0,20241023_PlasmaExtract20.wiff.scan
[TG(41:2)]_FA18:1,722.63,423.33,0,20241023_PlasmaExtract20.wiff.scan
[TG(42:1)]_FA18:1,738.66,439.36,40,20241023_PlasmaExtract20.wiff.scan
[TG(42:2)]_FA18:1,736.65,437.35,80,20241023_PlasmaExtract20.wiff.scan
[TG(42:3)]_FA18:1,734.63,435.33,0,20241023_PlasmaExtract20.wiff.scan
[TG(42:4)]_FA18:1,732.61,433.31,0,20241023_PlasmaExtract20.wiff.scan
[TG(43:1)]_FA18:1,752.68,453.38,0,20241023_PlasmaExtract20.wiff.scan
[TG(43:2)]_FA18:1,750.66,451.36,0,20241023_PlasmaExtract20.wiff.scan
[TG(43:3)]_FA18:1,748.65,449.35,0,20241023_PlasmaExtract20.wiff.scan
[TG(43:4)]_FA18:1,746.63,447.33,40,20241023_PlasmaExtract20.wiff.scan
[TG(44:1)]_FA18:1,766.69,467.39,0,20241023_PlasmaExtract20.wiff.scan
[TG(44:2)]_FA18:1,764.68,465.38,40,20241023_PlasmaExtract20.wiff.scan
[TG(44:3)]_FA18:1,762.66,463.36,0,20241023_PlasmaExtract20.wiff.scan
[TG(44:4)]_FA18:1,760.65,461.35,0,20241023_PlasmaExtract20.wiff.scan
[TG(44:5)]_FA18:1,758.63,459.33,200,20241023_PlasmaExtract20.wiff.scan
[TG(45:1)]_FA18:1,780.71,481.41,0,20241023_PlasmaExtract20.wiff.scan
[TG(45:2)]_FA18:1,778.69,479.39,40,20241023_PlasmaExtract20.wiff.scan
[TG(45:3)]_FA18:1,776.68,477.38,0,20241023_PlasmaExtract20.wiff.scan
[TG(45:4)]_FA18:1,774.66,475.36,40,20241023_PlasmaExtract20.wiff.scan
[TG(45:5)]_FA18:1,772.65,473.35,40,20241023_PlasmaExtract20.wiff.scan
[TG(46:1)]_FA18:1,794.72,495.42,80,20241023_PlasmaExtract20.wiff.scan
[TG(46:2)]_FA18:1,792.71,493.41,40,20241023_PlasmaExtract20.wiff.scan
[TG(46:3)]_FA18:1,790.69,491.39,0,20241023_PlasmaExtract20.wiff.scan
[TG(46:4)]_FA18:1,788.68,489.38,80,20241023_PlasmaExtract20.wiff.scan
[TG(46:5)]_FA18:1,786.66,487.36,160,20241023_PlasmaExtract20.wiff.scan
[TG(46:6)]_FA18:1,784.65,485.35,80,20241023_PlasmaExtract20.wiff.scan
[TG(47:2)]_FA18:1,806.72,507.42,40,20241023_PlasmaExtract20.wiff.scan
[TG(47:3)]_FA18:1,804.71,505.41,0,20241023_PlasmaExtract20.wiff.scan
[TG(47:4)]_FA18:1,802.69,503.39,0,20241023_PlasmaExtract20.wiff.scan
[TG(47:5)]_FA18:1,800.68,501.38,0,20241023_PlasmaExtract20.wiff.scan
[TG(47:6)]_FA18:1,798.66,499.36,0,20241023_PlasmaExtract20.wiff.scan
[TG(48:2)]_FA18:1,820.74,521.44,40,20241023_PlasmaExtract20.wiff.scan
[TG(48:3)]_FA18:1,818.72,519.42,360,20241023_PlasmaExtract20.wiff.scan
[TG(48:4)]_FA18:1,816.71,517.41,120,20241023_PlasmaExtract20.wiff.scan
[TG(48:5)]_FA18:1,814.69,515.39,0,20241023_PlasmaExtract20.wiff.scan
[TG(48:6)]_FA18:1,812.68,513.38,0,20241023_PlasmaExtract20.wiff.scan
"""[TG(48:8),TG(47:1)]_FA18:1""",808.74,509.44,80,20241023_PlasmaExtract20.wiff.scan
[TG(49:3)]_FA18:1,832.74,533.44,0,20241023_PlasmaExtract20.wiff.scan
[TG(49:4)]_FA18:1,830.72,531.42,0,20241023_PlasmaExtract20.wiff.scan
[TG(49:5)]_FA18:1,828.71,529.41,0,20241023_PlasmaExtract20.wiff.scan
[TG(49:6)]_FA18:1,826.69,527.39,0,20241023_PlasmaExtract20.wiff.scan
"""[TG(49:8),TG(48:1)]_FA18:1""",822.76,523.46,200,20241023_PlasmaExtract20.wiff.scan
[TG(50:3)]_FA18:1,846.76,547.46,200,20241023_PlasmaExtract20.wiff.scan
[TG(50:4)]_FA18:1,844.74,545.44,40,20241023_PlasmaExtract20.wiff.scan
[TG(50:6)]_FA18:1,840.71,541.41,0,20241023_PlasmaExtract20.wiff.scan
"""[TG(50:8),TG(49:1)]_FA18:1""",836.77,537.47,0,20241023_PlasmaExtract20.wiff.scan
"""[TG(50:9),TG(49:2)]_FA18:1""",834.76,535.46,40,20241023_PlasmaExtract20.wiff.scan
[TG(51:4)]_FA18:1,858.76,559.46,0,20241023_PlasmaExtract20.wiff.scan
[TG(51:5)]_FA18:1,856.74,557.44,0,20241023_PlasmaExtract20.wiff.scan
[TG(51:6)]_FA18:1,854.72,555.42,0,20241023_PlasmaExtract20.wiff.scan
"""[TG(51:8),TG(50:1)]_FA18:1""",850.79,551.49,360,20241023_PlasmaExtract20.wiff.scan
"""[TG(51:9),TG(50:2)]_FA18:1""",848.77,549.47,360,20241023_PlasmaExtract20.wiff.scan
"""[TG(52:10),TG(51:3)]_FA18:1""",860.77,561.47,0,20241023_PlasmaExtract20.wiff.scan
[TG(52:4)]_FA18:1,872.77,573.47,200,20241023_PlasmaExtract20.wiff.scan
[TG(52:6)]_FA18:1,868.74,569.44,0,20241023_PlasmaExtract20.wiff.scan
"""[TG(52:8),TG(51:1)]_FA18:1""",864.8,565.5,0,20241023_PlasmaExtract20.wiff.scan
"""[TG(52:9),TG(51:2)]_FA18:1""",862.79,563.49,80,20241023_PlasmaExtract20.wiff.scan
[TG(53:6)]_FA18:1,882.76,583.46,0,20241023_PlasmaExtract20.wiff.scan
"""[TG(53:8),TG(52:1)]_FA18:1""",878.82,579.52,240,20241023_PlasmaExtract20.wiff.scan
"""[TG(53:9),TG(52:2)]_FA18:1""",876.8,577.5,2240,20241023_PlasmaExtract20.wiff.scan
"""[TG(54:12),TG(53:5)]_FA18:1""",884.77,585.47,0,20241023_PlasmaExtract20.wiff.scan
"""[TG(56:10),TG(55:3)]_FA18:1""",916.83,617.53,0,20241023_PlasmaExtract20.wiff.scan
"""[TG(56:11),TG(55:4)]_FA18:1""",914.82,615.52,0,20241023_PlasmaExtract20.wiff.scan
"""[TG(56:12),TG(55:5)]_FA18:1""",912.8,613.5,0,20241023_PlasmaExtract20.wiff.scan
"""[TG(56:13),TG(55:6)]_FA18:1""",910.79,611.49,0,20241023_PlasmaExtract20.wiff.scan
[TG(56:6)]_FA18:1,924.8,625.5,40,20241023_PlasmaExtract20.wiff.scan
"""[TG(56:8),TG(55:1)]_FA18:1""",920.86,621.56,0,20241023_PlasmaExtract20.wiff.scan
"""[TG(57:10),TG(56:3)]_FA18:1""",930.85,631.55,0,20241023_PlasmaExtract20.wiff.scan
"""[TG(57:11),TG(56:4)]_FA18:1""",928.83,629.53,40,20241023_PlasmaExtract20.wiff.scan
"""[TG(57:12),TG(56:5)]_FA18:1""",926.82,627.52,80,20241023_PlasmaExtract20.wiff.scan
"""[TG(57:8),TG(56:1)]_FA18:1""",934.88,635.58,0,20241023_PlasmaExtract20.wiff.scan
"""[TG(57:9),TG(56:2)]_FA18:1""",932.86,633.56,0,20241023_PlasmaExtract20.wiff.scan
"""[TG(58:10),TG(57:3)]_FA18:1""",944.86,645.56,0,20241023_PlasmaExtract20.wiff.scan
"""[TG(58:11),TG(57:4)]_FA18:1""",942.85,643.55,0,20241023_PlasmaExtract20.wiff.scan
"""[TG(58:12),TG(57:5)]_FA18:1""",940.83,641.53,40,20241023_PlasmaExtract20.wiff.scan
"""[TG(58:13),TG(57:6)]_FA18:1""",938.82,639.52,0,20241023_PlasmaExtract20.wiff.scan
"""[TG(58:8),TG(57:1)]_FA18:1""",948.9,649.6,40,20241023_PlasmaExtract20.wiff.scan
"""[TG(58:9),TG(57:2)]_FA18:1""",946.88,647.58,0,20241023_PlasmaExtract20.wiff.scan
"""[TG(59:10),TG(58:3)]_FA18:1""",958.88,659.58,0,20241023_PlasmaExtract20.wiff.scan
"""[TG(59:11),TG(58:4)]_FA18:1""",956.86,657.56,0,20241023_PlasmaExtract20.wiff.scan
"""[TG(59:12),TG(58:5)]_FA18:1""",954.85,655.55,0,20241023_PlasmaExtract20.wiff.scan
"""[TG(59:13),TG(58:6)]_FA18:1""",952.83,653.53,0,20241023_PlasmaExtract20.wiff.scan
"""[TG(59:9),TG(58:2)]_FA18:1""",960.9,661.6,0,20241023_PlasmaExtract20.wiff.scan
"""[TG(60:10),TG(59:3)]_FA18:1""",972.9,673.6,0,20241023_PlasmaExtract20.wiff.scan
"""[TG(60:11),TG(59:4)]_FA18:1""",970.88,671.58,0,20241023_PlasmaExtract20.wiff.scan
"""[TG(60:12),TG(59:5)]_FA18:1""",968.86,669.56,0,20241023_PlasmaExtract20.wiff.scan
"""[TG(60:13),TG(59:6)]_FA18:1""",966.85,667.55,80,20241023_PlasmaExtract20.wiff.scan
"""[TG(60:15),TG(59:8),TG(58:1)]_FA18:1""",962.91,663.61,0,20241023_PlasmaExtract20.wiff.scan
"""[TG(60:8),TG(59:1)]_FA18:1""",976.93,677.63,0,20241023_PlasmaExtract20.wiff.scan
"""[TG(60:9),TG(59:2)]_FA18:1""",974.91,675.61,0,20241023_PlasmaExtract20.wiff.scan
"""[TG(61:10),TG(60:3)]_FA18:1""",986.91,687.61,0,20241023_PlasmaExtract20.wiff.scan
"""[TG(61:11),TG(60:4)]_FA18:1""",984.9,685.6,0,20241023_PlasmaExtract20.wiff.scan
"""[TG(61:12),TG(60:5)]_FA18:1""",982.88,683.58,0,20241023_PlasmaExtract20.wiff.scan
"""[TG(61:13),TG(60:6)]_FA18:1""",980.86,681.56,0,20241023_PlasmaExtract20.wiff.scan
"""[TG(62:10),TG(61:3)]_FA18:1""",1000.93,701.63,0,20241023_PlasmaExtract20.wiff.scan
"""[TG(62:11),TG(61:4)]_FA18:1""",998.91,699.61,0,20241023_PlasmaExtract20.wiff.scan
"""[TG(62:12),TG(61:5)]_FA18:1""",996.9,697.6,0,20241023_PlasmaExtract20.wiff.scan
"""[TG(62:13),TG(61:6)]_FA18:1""",994.88,695.58,0,20241023_PlasmaExtract20.wiff.scan
"""[TG(62:15),TG(61:8),TG(60:1)]_FA18:1""",990.94,691.64,0,20241023_PlasmaExtract20.wiff.scan
"""[TG(62:16),TG(61:9),TG(60:2)]_FA18:1""",988.93,689.63,0,20241023_PlasmaExtract20.wiff.scan
"""[TG(62:8),TG(61:1)]_FA18:1""",1004.96,705.66,0,20241023_PlasmaExtract20.wiff.scan
"""[TG(62:9),TG(61:2)]_FA18:1""",1002.94,703.64,0,20241023_PlasmaExtract20.wiff.scan
"""[TG(63:11),TG(62:4)]_FA18:1""",1012.93,713.63,0,20241023_PlasmaExtract20.wiff.scan
"""[TG(63:12),TG(62:5)]_FA18:1""",1010.91,711.61,0,20241023_PlasmaExtract20.wiff.scan
"""[TG(63:13),TG(62:6)]_FA18:1""",1008.9,709.6,0,20241023_PlasmaExtract20.wiff.scan
"""[TG(64:10),TG(63:3)]_FA18:1""",1028.96,729.66,0,20241023_PlasmaExtract20.wiff.scan
"""[TG(64:11),TG(63:4)]_FA18:1""",1026.94,727.64,0,20241023_PlasmaExtract20.wiff.scan
"""[TG(64:12),TG(63:5)]_FA18:1""",1024.93,725.63,560,20241023_PlasmaExtract20.wiff.scan
"""[TG(64:13),TG(63:6)]_FA18:1""",1022.91,723.61,80,20241023_PlasmaExtract20.wiff.scan
"""[TG(64:15),TG(63:8),TG(62:1)]_FA18:1""",1018.97,719.67,0,20241023_PlasmaExtract20.wiff.scan
"""[TG(64:16),TG(63:9),TG(62:2)]_FA18:1""",1016.96,717.66,0,20241023_PlasmaExtract20.wiff.scan
"""[TG(64:17),TG(63:10),TG(62:3)]_FA18:1""",1014.94,715.64,0,20241023_PlasmaExtract20.wiff.scan
[TG(64:6)]_FA18:1,1036.93,737.63,40,20241023_PlasmaExtract20.wiff.scan
"""[TG(64:8),TG(63:1)]_FA18:1""",1032.99,733.69,0,20241023_PlasmaExtract20.wiff.scan
"""[TG(64:9),TG(63:2)]_FA18:1""",1030.97,731.67,0,20241023_PlasmaExtract20.wiff.scan
"""[TG(65:12),TG(64:5)]_FA18:1""",1038.94,739.64,0,20241023_PlasmaExtract20.wiff.scan
[TG(66:1)]_FA18:1,1075.04,775.74,0,20241023_PlasmaExtract20.wiff.scan
"""[TG(66:10),TG(65:3)]_FA18:1""",1056.99,757.69,0,20241023_PlasmaExtract20.wiff.scan
"""[TG(66:11),TG(65:4)]_FA18:1""",1054.97,755.67,0,20241023_PlasmaExtract20.wiff.scan
"""[TG(66:12),TG(65:5)]_FA18:1""",1052.96,753.66,80,20241023_PlasmaExtract20.wiff.scan
"""[TG(66:13),TG(65:6)]_FA18:1""",1050.94,751.64,0,20241023_PlasmaExtract20.wiff.scan
"""[TG(66:15),TG(65:8),TG(64:1)]_FA18:1""",1047.01,747.71,0,20241023_PlasmaExtract20.wiff.scan
"""[TG(66:16),TG(65:9),TG(64:2)]_FA18:1""",1044.99,745.69,0,20241023_PlasmaExtract20.wiff.scan
"""[TG(66:17),TG(65:10),TG(64:3)]_FA18:1""",1042.97,743.67,40,20241023_PlasmaExtract20.wiff.scan
"""[TG(66:18),TG(65:11),TG(64:4)]_FA18:1""",1040.96,741.66,80,20241023_PlasmaExtract20.wiff.scan
[TG(66:2)]_FA18:1,1073.02,773.72,40,20241023_PlasmaExtract20.wiff.scan
[TG(66:3)]_FA18:1,1071.01,771.71,0,20241023_PlasmaExtract20.wiff.scan
[TG(66:4)]_FA18:1,1068.99,769.69,0,20241023_PlasmaExtract20.wiff.scan
[TG(66:5)]_FA18:1,1066.97,767.67,240,20241023_PlasmaExtract20.wiff.scan
[TG(66:6)]_FA18:1,1064.96,765.66,120,20241023_PlasmaExtract20.wiff.scan
[TG(66:7)]_FA18:1,1062.94,763.64,0,20241023_PlasmaExtract20.wiff.scan
"""[TG(66:8),TG(65:1)]_FA18:1""",1061.02,761.72,120,20241023_PlasmaExtract20.wiff.scan
"""[TG(66:9),TG(65:2)]_FA18:1""",1059.01,759.71,520,20241023_PlasmaExtract20.wiff.scan
[TG(50:5)]_FA18:1,842.72,543.42,360,20241023_PlasmaExtract20.wiff.scan
[TG(52:5)]_FA18:1,870.76,571.46,80,20241023_PlasmaExtract20.wiff.scan
"""[TG(53:10),TG(52:3)]_FA18:1""",874.79,575.49,3120,20241023_PlasmaExtract20.wiff.scan
"""[TG(54:10),TG(53:3)]_FA18:1""",888.8,589.5,120,20241023_PlasmaExtract20.wiff.scan
"""[TG(54:11),TG(53:4)]_FA18:1""",886.79,587.49,40,20241023_PlasmaExtract20.wiff.scan
[TG(54:5)]_FA18:1,898.79,599.49,320,20241023_PlasmaExtract20.wiff.scan
[TG(54:6)]_FA18:1,896.77,597.47,200,20241023_PlasmaExtract20.wiff.scan
"""[TG(54:8),TG(53:1)]_FA18:1""",892.83,593.53,0,20241023_PlasmaExtract20.wiff.scan
"""[TG(54:9),TG(53:2)]_FA18:1""",890.82,591.52,160,20241023_PlasmaExtract20.wiff.scan
"""[TG(55:10),TG(54:3)]_FA18:1""",902.82,603.52,1400,20241023_PlasmaExtract20.wiff.scan
"""[TG(55:11),TG(54:4)]_FA18:1""",900.8,601.5,840,20241023_PlasmaExtract20.wiff.scan
"""[TG(55:8),TG(54:1)]_FA18:1""",906.85,607.55,80,20241023_PlasmaExtract20.wiff.scan
"""[TG(55:9),TG(54:2)]_FA18:1""",904.83,605.53,400,20241023_PlasmaExtract20.wiff.scan
"""[TG(56:9),TG(55:2)]_FA18:1""",918.85,619.55,0,20241023_PlasmaExtract20.wiff.scan
"""[TG(58:7),TG(57:0)]_FA18:1""",950.91,651.61,0,20241023_PlasmaExtract20.wiff.scan
DG(28:2)_C18:1,526.45,227.15,5520,20241023_PlasmaExtract7.wiff.scan
DG(28:1)_C18:1,528.46,229.16,1120,20241023_PlasmaExtract7.wiff.scan
DG(29:2)_C18:1,540.46,241.16,2320,20241023_PlasmaExtract7.wiff.scan
DG(29:1)_C18:1,542.48,243.18,1800,20241023_PlasmaExtract7.wiff.scan
DG(30:3)_C18:1,552.46,253.16,1520,20241023_PlasmaExtract7.wiff.scan
DG(30:2)_C18:1,554.48,255.18,9200,20241023_PlasmaExtract7.wiff.scan
DG(30:1)_C18:1,556.49,257.19,6600,20241023_PlasmaExtract7.wiff.scan
DG(31:3)_C18:1,566.48,267.18,3080,20241023_PlasmaExtract7.wiff.scan
"""DG(31:2),DG(P-14:0/18:1)_C18:1""",568.53,269.23,2000,20241023_PlasmaExtract7.wiff.scan
DG(31:1)_C18:1,570.51,271.21,1360,20241023_PlasmaExtract7.wiff.scan
DG(32:5)_C18:1,576.46,277.16,2000,20241023_PlasmaExtract7.wiff.scan
"""DG(32:4),DG(dO-34:4)_C18:1""",578.55,279.25,520,20241023_PlasmaExtract7.wiff.scan
DG(32:3)_C18:1,580.49,281.19,1520,20241023_PlasmaExtract7.wiff.scan
DG(32:2)_C18:1,582.51,283.21,13040,20241023_PlasmaExtract7.wiff.scan
DG(32:1)_C18:1,584.53,285.23,2920,20241023_PlasmaExtract7.wiff.scan
DG(33:5)_C18:1,590.48,291.18,1280,20241023_PlasmaExtract7.wiff.scan
DG(33:4)_C18:1,592.49,293.19,560,20241023_PlasmaExtract7.wiff.scan
DG(33:3)_C18:1,594.51,295.21,1600,20241023_PlasmaExtract7.wiff.scan
DG(33:2)_C18:1,596.53,297.23,3240,20241023_PlasmaExtract7.wiff.scan
"""DG(33:1),DG(O-34:1)_C18:1""",598.58,299.28,1480,20241023_PlasmaExtract7.wiff.scan
DG(34:6)_C18:1,602.48,303.18,1160,20241023_PlasmaExtract7.wiff.scan
DG(34:5)_C18:1,604.49,305.19,600,20241023_PlasmaExtract7.wiff.scan
"""DG(34:4),DG(dO-36:4)_C18:1""",606.58,307.28,400,20241023_PlasmaExtract7.wiff.scan
DG(34:3)_C18:1,608.53,309.23,1040,20241023_PlasmaExtract7.wiff.scan
DG(34:2)_C18:1,610.54,311.24,9080,20241023_PlasmaExtract7.wiff.scan
DG(34:1)_C18:1,612.56,313.26,12600,20241023_PlasmaExtract7.wiff.scan
DG(35:6)_C18:1,616.49,317.19,1000,20241023_PlasmaExtract7.wiff.scan
DG(35:5)_C18:1,618.51,319.21,1040,20241023_PlasmaExtract7.wiff.scan
"""DG(35:4),DG(O-36:4),DG(dO-37:4)_C18:1""",620.6,321.3,720,20241023_PlasmaExtract7.wiff.scan
DG(35:3)_C18:1,622.54,323.24,1760,20241023_PlasmaExtract7.wiff.scan
"""DG(dO-38:9),DG(35:2)_C18:1""",624.56,325.26,1720,20241023_PlasmaExtract7.wiff.scan
"""DG(36:8),DG(35:1)_C18:1""",626.57,327.27,1400,20241023_PlasmaExtract7.wiff.scan
"""DG(36:7),DG(35:0)_C18:1""",628.59,329.29,680,20241023_PlasmaExtract7.wiff.scan
DG(36:6)_C18:1,630.51,331.21,720,20241023_PlasmaExtract7.wiff.scan
DG(36:5)_C18:1,632.53,333.23,400,20241023_PlasmaExtract7.wiff.scan
"""DG(36:4),DG(O-37:4)_C18:1""",634.58,335.28,1040,20241023_PlasmaExtract7.wiff.scan
DG(36:3)_C18:1,636.56,337.26,8080,20241023_PlasmaExtract7.wiff.scan
"""DG(O-38:9),DG(36:2)_C18:1""",638.57,339.27,20160,20241023_PlasmaExtract7.wiff.scan
"""DG(O-38:8),DG(36:1)_C18:1""",640.59,341.29,1480,20241023_PlasmaExtract7.wiff.scan
"""DG(37:7),DG(36:0)_C18:1""",642.6,343.3,680,20241023_PlasmaExtract7.wiff.scan
DG(37:6)_C18:1,644.53,345.23,840,20241023_PlasmaExtract7.wiff.scan
DG(37:5)_C18:1,646.54,347.24,400,20241023_PlasmaExtract7.wiff.scan
DG(37:4)_C18:1,648.56,349.26,600,20241023_PlasmaExtract7.wiff.scan
DG(37:3)_C18:1,650.57,351.27,560,20241023_PlasmaExtract7.wiff.scan
"""DG(38:9),DG(dO-40:9),DG(37:2)_C18:1""",652.59,353.29,1000,20241023_PlasmaExtract7.wiff.scan
"""DG(38:8),DG(dO-40:8),DG(37:1)_C18:1""",654.6,355.3,1320,20241023_PlasmaExtract7.wiff.scan
"""DG(38:7),DG(37:0)_C18:1""",656.62,357.32,280,20241023_PlasmaExtract7.wiff.scan
"""DG(38:6),DG(dO-40:6)_C18:1""",658.61,359.31,360,20241023_PlasmaExtract7.wiff.scan
DG(38:5)_C18:1,660.56,361.26,400,20241023_PlasmaExtract7.wiff.scan
DG(38:4)_C18:1,662.57,363.27,440,20241023_PlasmaExtract7.wiff.scan
DG(38:3)_C18:1,664.59,365.29,1320,20241023_PlasmaExtract7.wiff.scan
"""DG(O-40:9),DG(38:2)_C18:1""",666.6,367.3,2200,20241023_PlasmaExtract7.wiff.scan
"""DG(39:8),DG(O-40:8),DG(38:1)_C18:1""",668.62,369.32,293640,20241023_PlasmaExtract7.wiff.scan
"""DG(39:7),DG(38:0),DG(dO-40:0)_C18:1""",670.71,371.41,9240,20241023_PlasmaExtract7.wiff.scan
DG(39:6)_C18:1,672.56,373.26,1200,20241023_PlasmaExtract7.wiff.scan
DG(39:5)_C18:1,674.57,375.27,600,20241023_PlasmaExtract7.wiff.scan
DG(39:4)_C18:1,676.59,377.29,520,20241023_PlasmaExtract7.wiff.scan
"""DG(40:10),DG(39:3)_C18:1""",678.6,379.3,440,20241023_PlasmaExtract7.wiff.scan
"""DG(40:9),DG(39:2)_C18:1""",680.62,381.32,1360,20241023_PlasmaExtract7.wiff.scan
"""DG(40:8),DG(39:1)_C18:1""",682.63,383.33,1160,20241023_PlasmaExtract7.wiff.scan
"""DG(40:7),DG(39:0)_C18:1""",684.65,385.35,720,20241023_PlasmaExtract7.wiff.scan
"""DG(40:6),DG(dO-40:0)_C18:1""",686.7,387.4,360,20241023_PlasmaExtract7.wiff.scan
DG(40:5)_C18:1,688.59,389.29,280,20241023_PlasmaExtract7.wiff.scan
DG(40:4)_C18:1,690.6,391.3,800,20241023_PlasmaExtract7.wiff.scan
DG(40:3)_C18:1,692.62,393.32,760,20241023_PlasmaExtract7.wiff.scan
DG(40:2)_C18:1,694.63,395.33,120,20241023_PlasmaExtract7.wiff.scan
DG(40:1)_C18:1,696.65,397.35,760,20241023_PlasmaExtract7.wiff.scan
"""DG(41:7),DG(40:0)_C18:1""",698.67,399.37,600,20241023_PlasmaExtract7.wiff.scan
DG(41:6)_C18:1,700.59,401.29,360,20241023_PlasmaExtract7.wiff.scan
DG(41:5)_C18:1,702.6,403.3,360,20241023_PlasmaExtract7.wiff.scan
"""DG(42:11),DG(41:4)_C18:1""",704.62,405.32,280,20241023_PlasmaExtract7.wiff.scan
"""DG(42:10),DG(41:3)_C18:1""",706.63,407.33,320,20241023_PlasmaExtract7.wiff.scan
"""DG(42:9),DG(41:2)_C18:1""",708.65,409.35,600,20241023_PlasmaExtract7.wiff.scan
"""DG(42:8),DG(41:1)_C18:1""",710.67,411.37,680,20241023_PlasmaExtract7.wiff.scan
"""DG(42:7),DG(41:0)_C18:1""",712.68,413.38,320,20241023_PlasmaExtract7.wiff.scan
DG(42:6)_C18:1,714.6,415.3,760,20241023_PlasmaExtract7.wiff.scan
DG(42:5)_C18:1,716.62,417.32,480,20241023_PlasmaExtract7.wiff.scan
DG(42:4)_C18:1,718.63,419.33,320,20241023_PlasmaExtract7.wiff.scan
DG(42:3)_C18:1,720.65,421.35,320,20241023_PlasmaExtract7.wiff.scan
DG(42:2)_C18:1,722.67,423.37,600,20241023_PlasmaExtract7.wiff.scan
DG(42:1)_C18:1,724.68,425.38,600,20241023_PlasmaExtract7.wiff.scan
DG(43:6)_C18:1,728.62,429.32,760,20241023_PlasmaExtract7.wiff.scan
"""DG(44:12),DG(43:5)_C18:1""",730.63,431.33,280,20241023_PlasmaExtract7.wiff.scan
"""DG(44:11),DG(43:4)_C18:1""",732.65,433.35,280,20241023_PlasmaExtract7.wiff.scan
"""DG(44:10),DG(43:3)_C18:1""",734.67,435.37,280,20241023_PlasmaExtract7.wiff.scan
"""DG(44:9),DG(43:2)_C18:1""",736.68,437.38,1000,20241023_PlasmaExtract7.wiff.scan
"""DG(44:8),DG(43:1)_C18:1""",738.7,439.4,800,20241023_PlasmaExtract7.wiff.scan
"""DG(44:7),DG(43:0)_C18:1""",740.71,441.41,320,20241023_PlasmaExtract7.wiff.scan
DG(44:6)_C18:1,742.63,443.33,560,20241023_PlasmaExtract7.wiff.scan
DG(44:5)_C18:1,744.65,445.35,360,20241023_PlasmaExtract7.wiff.scan
DG(44:4)_C18:1,746.67,447.37,400,20241023_PlasmaExtract7.wiff.scan
DG(44:3)_C18:1,748.68,449.38,400,20241023_PlasmaExtract7.wiff.scan
DG(44:2)_C18:1,750.7,451.4,440,20241023_PlasmaExtract7.wiff.scan
DG(44:1)_C18:1,752.71,453.41,200,20241023_PlasmaExtract7.wiff.scan
FA(2:0),59.01,59.01,5152280,20241023_PlasmaExtract9.wiff.scan
FA(3:0),73.03,73.03,514240,20241023_PlasmaExtract9.wiff.scan
FA(4:0),87.04,87.04,655960,20241023_PlasmaExtract9.wiff.scan
FA(5:0),101.06,101.06,419800,20241023_PlasmaExtract9.wiff.scan
FA(6:0),115.08,115.08,1118200,20241023_PlasmaExtract9.wiff.scan
FA(7:0),129.09,129.09,482360,20241023_PlasmaExtract9.wiff.scan
FA(8:0),143.11,143.11,724520,20241023_PlasmaExtract9.wiff.scan
FA(9:0),157.12,157.12,489560,20241023_PlasmaExtract9.wiff.scan
FA(10:0),171.14,171.14,2035200,20241023_PlasmaExtract9.wiff.scan
FA(11:0),185.15,185.15,1606480,20241023_PlasmaExtract9.wiff.scan
FA(12:0),199.17,199.17,1042240,20241023_PlasmaExtract9.wiff.scan
FA(13:0),213.19,213.19,336400,20241023_PlasmaExtract9.wiff.scan
FA(14:0),227.2,227.2,512800,20241023_PlasmaExtract9.wiff.scan
FA(15:0),241.22,241.22,349560,20241023_PlasmaExtract9.wiff.scan
FA(16:0),255.23,255.23,433720,20241023_PlasmaExtract9.wiff.scan
FA(17:0),269.25,269.25,241800,20241023_PlasmaExtract9.wiff.scan
FA(18:0),283.26,283.26,499840,20241023_PlasmaExtract9.wiff.scan
FA(19:0),297.28,297.28,505840,20241023_PlasmaExtract9.wiff.scan
FA(20:0),311.29,311.29,156040,20241023_PlasmaExtract9.wiff.scan
FA(21:0),325.31,325.31,89840,20241023_PlasmaExtract9.wiff.scan
FA(22:0),339.33,339.33,647080,20241023_PlasmaExtract9.wiff.scan
FA(23:0),353.34,353.34,136080,20241023_PlasmaExtract9.wiff.scan
FA(24:0),367.36,367.36,141120,20241023_PlasmaExtract9.wiff.scan
FA(25:0),381.37,381.37,66400,20241023_PlasmaExtract9.wiff.scan
FA(26:0),395.39,395.39,56640,20241023_PlasmaExtract9.wiff.scan
FA(27:0),409.4,409.4,129560,20241023_PlasmaExtract9.wiff.scan
FA(28:0),423.42,423.42,67160,20241023_PlasmaExtract9.wiff.scan
FA(29:0),437.44,437.44,63080,20241023_PlasmaExtract9.wiff.scan
FA(30:0),451.45,451.45,47720,20241023_PlasmaExtract9.wiff.scan
FA(31:0),465.47,465.47,28320,20241023_PlasmaExtract9.wiff.scan
FA(32:0),479.48,479.48,40800,20241023_PlasmaExtract9.wiff.scan
FA(33:0),493.5,493.5,37920,20241023_PlasmaExtract9.wiff.scan
FA(34:0),507.51,507.51,33360,20241023_PlasmaExtract9.wiff.scan
FA(35:0),521.53,521.53,72040,20241023_PlasmaExtract9.wiff.scan
FA(36:0),535.55,535.55,46480,20241023_PlasmaExtract9.wiff.scan
FA(37:0),549.56,549.56,63880,20241023_PlasmaExtract9.wiff.scan
FA(38:0),563.58,563.58,47720,20241023_PlasmaExtract9.wiff.scan
FA(46:0),675.7,675.7,28920,20241023_PlasmaExtract9.wiff.scan
FA(3:1),71.01,71.01,56360,20241023_PlasmaExtract9.wiff.scan
FA(4:1),85.03,85.03,2976080,20241023_PlasmaExtract9.wiff.scan
FA(5:2),97.03,97.03,574000,20241023_PlasmaExtract9.wiff.scan
FA(5:1),99.04,99.04,744320,20241023_PlasmaExtract9.wiff.scan
FA(6:2),111.04,111.04,181920,20241023_PlasmaExtract9.wiff.scan
FA(6:1),113.06,113.06,840360,20241023_PlasmaExtract9.wiff.scan
FA(7:3),123.04,123.04,246000,20241023_PlasmaExtract9.wiff.scan
FA(7:2),125.06,125.06,291120,20241023_PlasmaExtract9.wiff.scan
FA(7:1),127.08,127.08,540640,20241023_PlasmaExtract9.wiff.scan
FA(8:6),131.01,131.01,356240,20241023_PlasmaExtract9.wiff.scan
FA(8:5),133.03,133.03,1327800,20241023_PlasmaExtract9.wiff.scan
FA(8:2),139.08,139.08,3007760,20241023_PlasmaExtract9.wiff.scan
FA(8:1),141.09,141.09,1670280,20241023_PlasmaExtract9.wiff.scan
FA(9:2),153.09,153.09,423920,20241023_PlasmaExtract9.wiff.scan
FA(9:1),155.11,155.11,492680,20241023_PlasmaExtract9.wiff.scan
FA(10:7),157.03,157.03,561080,20241023_PlasmaExtract9.wiff.scan
FA(10:6),159.04,159.04,2846000,20241023_PlasmaExtract9.wiff.scan
FA(10:5),161.06,161.06,1648720,20241023_PlasmaExtract9.wiff.scan
FA(10:4),163.08,163.08,6468960,20241023_PlasmaExtract9.wiff.scan
FA(10:3),165.09,165.09,596120,20241023_PlasmaExtract9.wiff.scan
FA(10:2),167.11,167.11,677400,20241023_PlasmaExtract9.wiff.scan
FA(10:1),169.12,169.12,436000,20241023_PlasmaExtract9.wiff.scan
FA(11:6),173.06,173.06,2118200,20241023_PlasmaExtract9.wiff.scan
FA(11:2),181.12,181.12,617560,20241023_PlasmaExtract9.wiff.scan
FA(11:1),183.14,183.14,782000,20241023_PlasmaExtract9.wiff.scan
FA(12:6),187.08,187.08,1105600,20241023_PlasmaExtract9.wiff.scan
FA(12:5),189.09,189.09,510920,20241023_PlasmaExtract9.wiff.scan
FA(12:4),191.11,191.11,541320,20241023_PlasmaExtract9.wiff.scan
FA(12:2),195.14,195.14,5562720,20241023_PlasmaExtract9.wiff.scan
FA(12:1),197.15,197.15,557240,20241023_PlasmaExtract9.wiff.scan
FA(13:2),209.15,209.15,740520,20241023_PlasmaExtract9.wiff.scan
FA(13:1),211.17,211.17,518360,20241023_PlasmaExtract9.wiff.scan
FA(14:7),213.09,213.09,467160,20241023_PlasmaExtract9.wiff.scan
FA(14:6),215.11,215.11,1455280,20241023_PlasmaExtract9.wiff.scan
FA(14:5),217.12,217.12,6223280,20241023_PlasmaExtract9.wiff.scan
FA(14:4),219.14,219.14,1594160,20241023_PlasmaExtract9.wiff.scan
FA(14:2),223.17,223.17,297000,20241023_PlasmaExtract9.wiff.scan
FA(14:1),225.19,225.19,256280,20241023_PlasmaExtract9.wiff.scan
FA(15:6),229.12,229.12,445600,20241023_PlasmaExtract9.wiff.scan
FA(15:5),231.14,231.14,4617040,20241023_PlasmaExtract9.wiff.scan
FA(15:3),235.17,235.17,641040,20241023_PlasmaExtract9.wiff.scan
FA(15:2),237.19,237.19,314920,20241023_PlasmaExtract9.wiff.scan
FA(15:1),239.2,239.2,2831720,20241023_PlasmaExtract9.wiff.scan
FA(16:7),241.12,241.12,605640,20241023_PlasmaExtract9.wiff.scan
FA(16:6),243.14,243.14,410920,20241023_PlasmaExtract9.wiff.scan
FA(16:5),245.15,245.15,514880,20241023_PlasmaExtract9.wiff.scan
FA(16:4),247.17,247.17,321400,20241023_PlasmaExtract9.wiff.scan
FA(16:3),249.19,249.19,303880,20241023_PlasmaExtract9.wiff.scan
FA(16:2),251.2,251.2,861120,20241023_PlasmaExtract9.wiff.scan
FA(16:1),253.22,253.22,292120,20241023_PlasmaExtract9.wiff.scan
FA(17:6),257.15,257.15,1114920,20241023_PlasmaExtract9.wiff.scan
FA(17:4),261.19,261.19,3823120,20241023_PlasmaExtract9.wiff.scan
FA(17:3),263.2,263.2,490880,20241023_PlasmaExtract9.wiff.scan
FA(17:2),265.22,265.22,179040,20241023_PlasmaExtract9.wiff.scan
FA(17:1),267.23,267.23,228600,20241023_PlasmaExtract9.wiff.scan
FA(18:7),269.15,269.15,498560,20241023_PlasmaExtract9.wiff.scan
FA(18:6),271.17,271.17,698760,20241023_PlasmaExtract9.wiff.scan
FA(18:5),273.19,273.19,1313080,20241023_PlasmaExtract9.wiff.scan
FA(18:4),275.2,275.2,525520,20241023_PlasmaExtract9.wiff.scan
FA(18:3),277.22,277.22,615040,20241023_PlasmaExtract9.wiff.scan
FA(18:2),279.23,279.23,2555200,20241023_PlasmaExtract9.wiff.scan
FA(18:1),281.25,281.25,210240,20241023_PlasmaExtract9.wiff.scan
FA(19:6),285.19,285.19,563360,20241023_PlasmaExtract9.wiff.scan
FA(19:5),287.2,287.2,498680,20241023_PlasmaExtract9.wiff.scan
FA(19:4),289.22,289.22,532760,20241023_PlasmaExtract9.wiff.scan
FA(19:2),293.25,293.25,352320,20241023_PlasmaExtract9.wiff.scan
FA(19:1),295.26,295.26,198600,20241023_PlasmaExtract9.wiff.scan
FA(20:6),299.2,299.2,674000,20241023_PlasmaExtract9.wiff.scan
FA(20:5),301.22,301.22,1193400,20241023_PlasmaExtract9.wiff.scan
FA(20:4),303.23,303.23,395800,20241023_PlasmaExtract9.wiff.scan
FA(20:3),305.25,305.25,945040,20241023_PlasmaExtract9.wiff.scan
FA(20:2),307.26,307.26,211840,20241023_PlasmaExtract9.wiff.scan
FA(20:1),309.28,309.28,97040,20241023_PlasmaExtract9.wiff.scan
FA(21:5),315.23,315.23,998280,20241023_PlasmaExtract9.wiff.scan
FA(21:3),319.26,319.26,563400,20241023_PlasmaExtract9.wiff.scan
FA(21:2),321.28,321.28,312960,20241023_PlasmaExtract9.wiff.scan
FA(21:1),323.29,323.29,78800,20241023_PlasmaExtract9.wiff.scan
FA(22:7),325.22,325.22,209200,20241023_PlasmaExtract9.wiff.scan
FA(22:6),327.23,327.23,357120,20241023_PlasmaExtract9.wiff.scan
FA(22:5),329.25,329.25,309480,20241023_PlasmaExtract9.wiff.scan
FA(22:4),331.26,331.26,195120,20241023_PlasmaExtract9.wiff.scan
FA(22:3),333.28,333.28,141920,20241023_PlasmaExtract9.wiff.scan
FA(22:2),335.29,335.29,136000,20241023_PlasmaExtract9.wiff.scan
FA(22:1),337.31,337.31,91440,20241023_PlasmaExtract9.wiff.scan
FA(23:6),341.25,341.25,172720,20241023_PlasmaExtract9.wiff.scan
FA(24:12),343.17,343.17,727080,20241023_PlasmaExtract9.wiff.scan
FA(24:10),347.2,347.2,250960,20241023_PlasmaExtract9.wiff.scan
FA(23:1),351.33,351.33,64320,20241023_PlasmaExtract9.wiff.scan
FA(24:7),353.25,353.25,274400,20241023_PlasmaExtract9.wiff.scan
FA(24:6),355.26,355.26,2370400,20241023_PlasmaExtract9.wiff.scan
FA(24:5),357.28,357.28,343720,20241023_PlasmaExtract9.wiff.scan
FA(24:4),359.29,359.29,132680,20241023_PlasmaExtract9.wiff.scan
FA(24:3),361.31,361.31,384440,20241023_PlasmaExtract9.wiff.scan
FA(24:2),363.33,363.33,107640,20241023_PlasmaExtract9.wiff.scan
FA(24:1),365.34,365.34,118280,20241023_PlasmaExtract9.wiff.scan
FA(25:4),373.31,373.31,88040,20241023_PlasmaExtract9.wiff.scan
FA(25:1),379.36,379.36,56400,20241023_PlasmaExtract9.wiff.scan
FA(26:6),383.29,383.29,218960,20241023_PlasmaExtract9.wiff.scan
FA(26:5),385.31,385.31,116560,20241023_PlasmaExtract9.wiff.scan
FA(26:4),387.33,387.33,120840,20241023_PlasmaExtract9.wiff.scan
FA(26:3),389.34,389.34,105280,20241023_PlasmaExtract9.wiff.scan
FA(26:2),391.36,391.36,154280,20241023_PlasmaExtract9.wiff.scan
FA(26:1),393.37,393.37,259960,20241023_PlasmaExtract9.wiff.scan
FA(27:4),401.34,401.34,116160,20241023_PlasmaExtract9.wiff.scan
FA(27:3),403.36,403.36,314920,20241023_PlasmaExtract9.wiff.scan
FA(27:2),405.37,405.37,580280,20241023_PlasmaExtract9.wiff.scan
FA(27:1),407.39,407.39,56680,20241023_PlasmaExtract9.wiff.scan
FA(28:7),409.31,409.31,299480,20241023_PlasmaExtract9.wiff.scan
FA(28:6),411.33,411.33,121320,20241023_PlasmaExtract9.wiff.scan
FA(28:5),413.34,413.34,104040,20241023_PlasmaExtract9.wiff.scan
FA(28:4),415.36,415.36,107840,20241023_PlasmaExtract9.wiff.scan
FA(28:3),417.37,417.37,61360,20241023_PlasmaExtract9.wiff.scan
FA(28:2),419.39,419.39,56320,20241023_PlasmaExtract9.wiff.scan
FA(28:1),421.4,421.4,56000,20241023_PlasmaExtract9.wiff.scan
FA(29:3),431.39,431.39,107360,20241023_PlasmaExtract9.wiff.scan
FA(29:2),433.4,433.4,187560,20241023_PlasmaExtract9.wiff.scan
FA(29:1),435.42,435.42,50040,20241023_PlasmaExtract9.wiff.scan
FA(30:6),439.36,439.36,69960,20241023_PlasmaExtract9.wiff.scan
FA(30:5),441.37,441.37,62320,20241023_PlasmaExtract9.wiff.scan
FA(30:4),443.39,443.39,46680,20241023_PlasmaExtract9.wiff.scan
FA(30:3),445.4,445.4,102240,20241023_PlasmaExtract9.wiff.scan
FA(30:2),447.42,447.42,171880,20241023_PlasmaExtract9.wiff.scan
FA(30:1),449.44,449.44,70360,20241023_PlasmaExtract9.wiff.scan
FA(31:1),463.45,463.45,32280,20241023_PlasmaExtract9.wiff.scan
FA(32:6),467.39,467.39,43000,20241023_PlasmaExtract9.wiff.scan
FA(32:5),469.4,469.4,176160,20241023_PlasmaExtract9.wiff.scan
FA(32:4),471.42,471.42,52960,20241023_PlasmaExtract9.wiff.scan
FA(32:1),477.47,477.47,44240,20241023_PlasmaExtract9.wiff.scan
FA(34:6),495.42,495.42,65760,20241023_PlasmaExtract9.wiff.scan
FA(34:5),497.44,497.44,329560,20241023_PlasmaExtract9.wiff.scan
FA(34:4),499.45,499.45,47480,20241023_PlasmaExtract9.wiff.scan
FA(34:1),505.5,505.5,37640,20241023_PlasmaExtract9.wiff.scan
FA(36:6),523.45,523.45,126920,20241023_PlasmaExtract9.wiff.scan
FA(36:5),525.47,525.47,164080,20241023_PlasmaExtract9.wiff.scan
FA(36:4),527.48,527.48,41680,20241023_PlasmaExtract9.wiff.scan
FA(38:6),551.48,551.48,160800,20241023_PlasmaExtract9.wiff.scan
FA(38:5),553.5,553.5,71640,20241023_PlasmaExtract9.wiff.scan
FA(38:4),555.51,555.51,47920,20241023_PlasmaExtract9.wiff.scan
FA(40:6),579.51,579.51,55400,20241023_PlasmaExtract9.wiff.scan
FA(42:6),607.55,607.55,29680,20241023_PlasmaExtract9.wiff.scan
SM(d16:0/14:0),649.53,184.1,60240,20241023_PlasmaExtract15.wiff.scan
SM(d18:1/12:0),647.51,184.1,30160,20241023_PlasmaExtract15.wiff.scan
SM(d18:0/13:0),663.54,184.1,30080,20241023_PlasmaExtract15.wiff.scan
SM(d16:0/16:0),677.56,184.1,49800,20241023_PlasmaExtract15.wiff.scan
SM(d16:1/16:0),675.54,184.1,199920,20241023_PlasmaExtract15.wiff.scan
SM(d18:2/14:0),673.53,184.1,26720,20241023_PlasmaExtract15.wiff.scan
SM(d18:0/15:0),691.58,184.1,22080,20241023_PlasmaExtract15.wiff.scan
SM(d16:1/17:0),689.56,184.1,119840,20241023_PlasmaExtract15.wiff.scan
SM(d18:2/15:0),687.54,184.1,16360,20241023_PlasmaExtract15.wiff.scan
SM(d16:0/18:0),705.59,184.1,214480,20241023_PlasmaExtract15.wiff.scan
SM(d16:1/18:0),703.58,184.1,1292800,20241023_PlasmaExtract15.wiff.scan
SM(d18:0/17:0),719.61,184.1,45360,20241023_PlasmaExtract15.wiff.scan
SM(d16:1/18:1),701.56,184.1,239680,20241023_PlasmaExtract15.wiff.scan
SM(d18:1/17:0),717.59,184.1,59160,20241023_PlasmaExtract15.wiff.scan
SM(d16:0/20:0),733.62,184.1,112400,20241023_PlasmaExtract15.wiff.scan
SM(d16:1/20:0),731.61,184.1,390600,20241023_PlasmaExtract15.wiff.scan
SM(d16:1/20:1),729.59,184.1,189080,20241023_PlasmaExtract15.wiff.scan
SM(d18:2/18:1),727.58,184.1,26240,20241023_PlasmaExtract15.wiff.scan
SM(d18:1/19:0),745.62,184.1,112240,20241023_PlasmaExtract15.wiff.scan
SM(d16:0/22:0),761.65,184.1,745000,20241023_PlasmaExtract15.wiff.scan
SM(d16:1/22:0),759.64,184.1,2085520,20241023_PlasmaExtract15.wiff.scan
SM(d16:1/22:1),757.62,184.1,2832560,20241023_PlasmaExtract15.wiff.scan
SM(d18:2/20:1),755.61,184.1,130920,20241023_PlasmaExtract15.wiff.scan
SM(d16:0/23:0),775.67,184.1,179880,20241023_PlasmaExtract15.wiff.scan
SM(d16:1/23:0),773.65,184.1,489480,20241023_PlasmaExtract15.wiff.scan
SM(d18:2/21:0),771.64,184.1,142560,20241023_PlasmaExtract15.wiff.scan
SM(d16:0/24:0),789.68,184.1,352200,20241023_PlasmaExtract15.wiff.scan
SM(d16:1/24:0),787.67,184.1,1239240,20241023_PlasmaExtract15.wiff.scan
SM(d16:1/24:1),785.65,184.1,1258800,20241023_PlasmaExtract15.wiff.scan
SM(d18:2/22:1),783.64,184.1,1643000,20241023_PlasmaExtract15.wiff.scan
SM(d16:0/25:0),803.7,184.1,109960,20241023_PlasmaExtract15.wiff.scan
SM(d16:1/25:0),801.68,184.1,442240,20241023_PlasmaExtract15.wiff.scan
SM(d17:1/24:1),799.67,184.1,384040,20241023_PlasmaExtract15.wiff.scan
SM(d18:0/24:0),817.72,184.1,174400,20241023_PlasmaExtract15.wiff.scan
SM(d18:0/24:1),815.7,184.1,396440,20241023_PlasmaExtract15.wiff.scan
SM(d18:1/24:1(15Z)),813.68,184.1,891760,20241023_PlasmaExtract15.wiff.scan
SM(d18:2/24:1),811.67,184.1,593480,20241023_PlasmaExtract15.wiff.scan
SM(d18:1/25:0),829.72,184.1,111080,20241023_PlasmaExtract15.wiff.scan
SM(d17:1/26:1),827.7,184.1,171880,20241023_PlasmaExtract15.wiff.scan
SM(d17:0/27:0),845.75,184.1,47000,20241023_PlasmaExtract15.wiff.scan
SM(d18:0/26:1(17Z)),843.73,184.1,88160,20241023_PlasmaExtract15.wiff.scan
SM(d18:1/26:1(17Z)),841.72,184.1,94880,20241023_PlasmaExtract15.wiff.scan
LPG(14:0),474.03,285.03,840,20241023_PlasmaExtract12.wiff.scan
LPG(14:1),472.03,283.03,2440,20241023_PlasmaExtract12.wiff.scan
"""LPG(15:0),LPG(O-16:0)""",488.03,299.03,680,20241023_PlasmaExtract12.wiff.scan
"""LPG(15:1),LPG(P-16:0)""",486.03,297.03,960,20241023_PlasmaExtract12.wiff.scan
LPG(16:0),502.03,313.03,2600,20241023_PlasmaExtract12.wiff.scan
LPG(16:1),500.03,311.03,1200,20241023_PlasmaExtract12.wiff.scan
"""LPG(17:1),LPG(P-18:0)""",514.03,325.03,880,20241023_PlasmaExtract12.wiff.scan
LPG(17:2),512.03,323.03,320,20241023_PlasmaExtract12.wiff.scan
LPG(18:0),530.03,341.03,1080,20241023_PlasmaExtract12.wiff.scan
LPG(18:1),528.03,339.03,600,20241023_PlasmaExtract12.wiff.scan
LPG(18:2),526.03,337.03,440,20241023_PlasmaExtract12.wiff.scan
LPG(18:3),524.03,335.03,240,20241023_PlasmaExtract12.wiff.scan
LPG(18:4),522.03,333.03,320,20241023_PlasmaExtract12.wiff.scan
"""LPG(19:0),LPG(O-20:0)""",544.03,355.03,5240,20241023_PlasmaExtract12.wiff.scan
"""LPG(19:1),LPG(P-20:0)""",542.03,353.03,360,20241023_PlasmaExtract12.wiff.scan
LPG(20:0),558.03,369.03,15000,20241023_PlasmaExtract12.wiff.scan
LPG(20:1),556.03,367.03,480,20241023_PlasmaExtract12.wiff.scan
LPG(20:2),554.03,365.03,240,20241023_PlasmaExtract12.wiff.scan
LPG(20:3),552.03,363.03,80,20241023_PlasmaExtract12.wiff.scan
LPG(20:4),550.03,361.03,400,20241023_PlasmaExtract12.wiff.scan
LPG(20:5),548.03,359.03,200,20241023_PlasmaExtract12.wiff.scan
LPG(22:0),586.03,397.03,400,20241023_PlasmaExtract12.wiff.scan
LPG(22:1),584.03,395.03,520,20241023_PlasmaExtract12.wiff.scan
LPG(22:2),582.03,393.03,1080,20241023_PlasmaExtract12.wiff.scan
LPG(22:4),578.03,389.03,280,20241023_PlasmaExtract12.wiff.scan
LPG(22:6),574.03,385.03,560,20241023_PlasmaExtract12.wiff.scan
"""PG(12:0),LPG(13:0)""",460.03,271.03,960,20241023_PlasmaExtract12.wiff.scan
"""PG(16:0),LPG(17:0),LPG(O-18:0)""",516.03,327.03,6520,20241023_PlasmaExtract12.wiff.scan
"""PG(20:0),LPG(21:0)""",572.03,383.03,3360,20241023_PlasmaExtract12.wiff.scan
PG(24:0),628.03,439.03,1320,20241023_PlasmaExtract12.wiff.scan
PG(25:0),642.03,453.03,520,20241023_PlasmaExtract12.wiff.scan
PG(26:0),656.03,467.03,880,20241023_PlasmaExtract12.wiff.scan
PG(26:1),654.03,465.03,280,20241023_PlasmaExtract12.wiff.scan
"""PG(27:0),PG(O-28:0)""",670.03,481.03,280,20241023_PlasmaExtract12.wiff.scan
"""PG(27:1),PG(P-28:0)""",668.03,479.03,400,20241023_PlasmaExtract12.wiff.scan
"""PG(28:0),PG(O-29:0)""",684.03,495.03,960,20241023_PlasmaExtract12.wiff.scan
"""PG(28:1),PG(P-29:0)""",682.03,493.03,280,20241023_PlasmaExtract12.wiff.scan
PG(28:2),680.03,491.03,560,20241023_PlasmaExtract12.wiff.scan
"""PG(29:0),PG(O-30:0)""",698.03,509.03,640,20241023_PlasmaExtract12.wiff.scan
"""PG(29:1),PG(O-30:1),PG(P-30:0)""",696.03,507.03,640,20241023_PlasmaExtract12.wiff.scan
"""PG(29:2),PG(P-30:1)""",694.03,505.03,280,20241023_PlasmaExtract12.wiff.scan
"""PG(30:0),PG(O-31:0)""",712.03,523.03,560,20241023_PlasmaExtract12.wiff.scan
"""PG(30:1),PG(O-31:1),PG(P-31:0)""",710.03,521.03,440,20241023_PlasmaExtract12.wiff.scan
"""PG(30:2),PG(P-31:1)""",708.03,519.03,1080,20241023_PlasmaExtract12.wiff.scan
PG(30:3),706.03,517.03,360,20241023_PlasmaExtract12.wiff.scan
PG(30:4),704.03,515.03,280,20241023_PlasmaExtract12.wiff.scan
"""PG(31:0),PG(O-32:0)""",726.03,537.03,160,20241023_PlasmaExtract12.wiff.scan
"""PG(31:1),PG(O-32:1),PG(P-32:0)""",724.03,535.03,560,20241023_PlasmaExtract12.wiff.scan
"""PG(31:2),PG(P-32:1)""",722.03,533.03,400,20241023_PlasmaExtract12.wiff.scan
PG(31:3),720.03,531.03,200,20241023_PlasmaExtract12.wiff.scan
PG(31:4),718.03,529.03,160,20241023_PlasmaExtract12.wiff.scan
"""PG(32:0),PG(O-33:0)""",740.03,551.03,440,20241023_PlasmaExtract12.wiff.scan
"""PG(32:1),PG(O-33:1),PG(P-33:0)""",738.03,549.03,1040,20241023_PlasmaExtract12.wiff.scan
"""PG(32:2),PG(O-33:2),PG(P-33:1)""",736.03,547.03,960,20241023_PlasmaExtract12.wiff.scan
"""PG(32:3),PG(P-33:2)""",734.03,545.03,320,20241023_PlasmaExtract12.wiff.scan
PG(32:4),732.03,543.03,600,20241023_PlasmaExtract12.wiff.scan
PG(32:5),730.03,541.03,200,20241023_PlasmaExtract12.wiff.scan
"""PG(33:0),PG(O-34:0)""",754.03,565.03,360,20241023_PlasmaExtract12.wiff.scan
"""PG(33:1),PG(O-34:1),PG(P-34:0)""",752.03,563.03,240,20241023_PlasmaExtract12.wiff.scan
"""PG(33:2),PG(O-34:2),PG(P-34:1)""",750.03,561.03,280,20241023_PlasmaExtract12.wiff.scan
"""PG(33:3),PG(O-34:3),PG(P-34:2)""",748.03,559.03,160,20241023_PlasmaExtract12.wiff.scan
"""PG(33:4),PG(O-34:4),PG(P-34:3)""",746.03,557.03,160,20241023_PlasmaExtract12.wiff.scan
"""PG(33:5),PG(P-34:4)""",744.03,555.03,80,20241023_PlasmaExtract12.wiff.scan
"""PG(34:0),PG(O-35:0)""",768.03,579.03,240,20241023_PlasmaExtract12.wiff.scan
"""PG(34:3),PG(P-35:2)""",762.03,573.03,160,20241023_PlasmaExtract12.wiff.scan
PG(34:4),760.03,571.03,320,20241023_PlasmaExtract12.wiff.scan
PG(34:5),758.03,569.03,400,20241023_PlasmaExtract12.wiff.scan
PG(34:6),756.03,567.03,120,20241023_PlasmaExtract12.wiff.scan
"""PG(35:2),PG(O-36:2),PG(P-36:1)""",778.03,589.03,280,20241023_PlasmaExtract12.wiff.scan
"""PG(35:3),PG(O-36:3),PG(P-36:2)""",776.03,587.03,40,20241023_PlasmaExtract12.wiff.scan
"""PG(35:4),PG(O-36:4),PG(P-36:3)""",774.03,585.03,40,20241023_PlasmaExtract12.wiff.scan
"""PG(35:5),PG(O-36:5),PG(P-36:4)""",772.03,583.03,120,20241023_PlasmaExtract12.wiff.scan
"""PG(35:6),PG(P-36:5)""",770.03,581.03,600,20241023_PlasmaExtract12.wiff.scan
"""PG(36:1),PG(O-37:1),PG(P-37:0)""",794.03,605.03,360,20241023_PlasmaExtract12.wiff.scan
"""PG(36:3),PG(P-37:2)""",790.03,601.03,320,20241023_PlasmaExtract12.wiff.scan
PG(36:4),788.03,599.03,240,20241023_PlasmaExtract12.wiff.scan
PG(36:5),786.03,597.03,280,20241023_PlasmaExtract12.wiff.scan
PG(36:6),784.03,595.03,120,20241023_PlasmaExtract12.wiff.scan
"""PG(36:7),PG(35:0),PG(O-36:0)""",782.03,593.03,200,20241023_PlasmaExtract12.wiff.scan
"""PG(36:8),PG(35:1),PG(O-36:1),PG(P-36:0)""",780.03,591.03,240,20241023_PlasmaExtract12.wiff.scan
"""PG(37:3),PG(O-38:3),PG(P-38:2)""",804.03,615.03,40,20241023_PlasmaExtract12.wiff.scan
"""PG(37:4),PG(O-38:4),PG(P-38:3)""",802.03,613.03,40,20241023_PlasmaExtract12.wiff.scan
"""PG(37:5),PG(O-38:5),PG(P-38:4)""",800.03,611.03,160,20241023_PlasmaExtract12.wiff.scan
"""PG(37:6),PG(O-38:6),PG(P-38:5)""",798.03,609.03,160,20241023_PlasmaExtract12.wiff.scan
"""PG(37:7),PG(P-38:6),PG(36:0),PG(O-37:0)""",796.03,607.03,120,20241023_PlasmaExtract12.wiff.scan
"""PG(38:2),PG(P-39:1)""",820.03,631.03,40,20241023_PlasmaExtract12.wiff.scan
PG(38:3),818.03,629.03,200,20241023_PlasmaExtract12.wiff.scan
PG(38:4),816.03,627.03,200,20241023_PlasmaExtract12.wiff.scan
PG(38:5),814.03,625.03,120,20241023_PlasmaExtract12.wiff.scan
PG(38:6),812.03,623.03,80,20241023_PlasmaExtract12.wiff.scan
"""PG(38:7),PG(37:0),PG(O-38:0)""",810.03,621.03,400,20241023_PlasmaExtract12.wiff.scan
"""PG(38:8),PG(37:1),PG(O-38:1),PG(P-38:0)""",808.03,619.03,40,20241023_PlasmaExtract12.wiff.scan
"""PG(38:9),PG(37:2),PG(O-38:2),PG(P-38:1)""",806.03,617.03,120,20241023_PlasmaExtract12.wiff.scan
"""PG(39:1),PG(O-40:1),PG(P-40:0)""",836.03,647.03,360,20241023_PlasmaExtract12.wiff.scan
"""PG(39:4),PG(O-40:4),PG(P-40:3)""",830.03,641.03,160,20241023_PlasmaExtract12.wiff.scan
"""PG(39:5),PG(O-40:5),PG(P-40:4)""",828.03,639.03,120,20241023_PlasmaExtract12.wiff.scan
"""PG(39:6),PG(O-40:6),PG(P-40:5)""",826.03,637.03,1120,20241023_PlasmaExtract12.wiff.scan
"""PG(39:7),PG(P-40:6),PG(38:0),PG(O-39:0)""",824.03,635.03,0,20241023_PlasmaExtract12.wiff.scan
"""PG(39:8),PG(38:1),PG(O-39:1),PG(P-39:0)""",822.03,633.03,160,20241023_PlasmaExtract12.wiff.scan
"""PG(40:1),PG(P-41:0)""",850.03,661.03,280,20241023_PlasmaExtract12.wiff.scan
"""PG(40:10),PG(39:3),PG(O-40:3),PG(P-40:2)""",832.03,643.03,160,20241023_PlasmaExtract12.wiff.scan
PG(40:2),848.03,659.03,360,20241023_PlasmaExtract12.wiff.scan
PG(40:3),846.03,657.03,0,20241023_PlasmaExtract12.wiff.scan
PG(40:4),844.03,655.03,120,20241023_PlasmaExtract12.wiff.scan
PG(40:5),842.03,653.03,240,20241023_PlasmaExtract12.wiff.scan
PG(40:6),840.03,651.03,80,20241023_PlasmaExtract12.wiff.scan
"""PG(40:7),PG(39:0),PG(O-40:0)""",838.03,649.03,40,20241023_PlasmaExtract12.wiff.scan
"""PG(40:9),PG(39:2),PG(O-40:2),PG(P-40:1)""",834.03,645.03,120,20241023_PlasmaExtract12.wiff.scan
"""PG(41:5),PG(P-42:4)""",856.03,667.03,120,20241023_PlasmaExtract12.wiff.scan
"""PG(41:6),PG(O-42:6)""",854.03,665.03,40,20241023_PlasmaExtract12.wiff.scan
"""PG(41:7),PG(P-42:6),PG(40:0),PG(O-41:0)""",852.03,663.03,40,20241023_PlasmaExtract12.wiff.scan
PG(42:0),880.03,691.03,80,20241023_PlasmaExtract12.wiff.scan
PG(42:1),878.03,689.03,240,20241023_PlasmaExtract12.wiff.scan
"""PG(42:10),PG(41:3),PG(P-42:2)""",860.03,671.03,80,20241023_PlasmaExtract12.wiff.scan
"""PG(42:11),PG(41:4),PG(O-42:4)""",858.03,669.03,120,20241023_PlasmaExtract12.wiff.scan
PG(42:2),876.03,687.03,200,20241023_PlasmaExtract12.wiff.scan
PG(42:3),874.03,685.03,360,20241023_PlasmaExtract12.wiff.scan
PG(42:4),872.03,683.03,0,20241023_PlasmaExtract12.wiff.scan
PG(42:5),870.03,681.03,40,20241023_PlasmaExtract12.wiff.scan
PG(42:6),868.03,679.03,160,20241023_PlasmaExtract12.wiff.scan
"""PG(42:7),PG(41:0),PG(O-42:0)""",866.03,677.03,160,20241023_PlasmaExtract12.wiff.scan
"""PG(42:8),PG(41:1),PG(O-42:1),PG(P-42:0)""",864.03,675.03,40,20241023_PlasmaExtract12.wiff.scan
"""PG(42:9),PG(41:2),PG(O-42:2),PG(P-42:1)""",862.03,673.03,40,20241023_PlasmaExtract12.wiff.scan
PG(43:2),890.03,701.03,40,20241023_PlasmaExtract12.wiff.scan
PG(43:4),886.03,697.03,40,20241023_PlasmaExtract12.wiff.scan
PG(43:6),882.03,693.03,0,20241023_PlasmaExtract12.wiff.scan
PG(44:0),908.03,719.03,200,20241023_PlasmaExtract12.wiff.scan
PG(44:1),906.03,717.03,200,20241023_PlasmaExtract12.wiff.scan
PG(44:10),888.03,699.03,40,20241023_PlasmaExtract12.wiff.scan
PG(44:12),884.03,695.03,160,20241023_PlasmaExtract12.wiff.scan
PG(44:2),904.03,715.03,120,20241023_PlasmaExtract12.wiff.scan
PG(44:3),902.03,713.03,80,20241023_PlasmaExtract12.wiff.scan
PG(44:4),900.03,711.03,80,20241023_PlasmaExtract12.wiff.scan
PG(44:5),898.03,709.03,80,20241023_PlasmaExtract12.wiff.scan
PG(44:6),896.03,707.03,200,20241023_PlasmaExtract12.wiff.scan
"""PG(44:7),PG(43:0)""",894.03,705.03,0,20241023_PlasmaExtract12.wiff.scan
"""PG(44:8),PG(43:1)""",892.03,703.03,200,20241023_PlasmaExtract12.wiff.scan
"""PG(O-35:1),PG(P-35:0)""",766.03,577.03,1040,20241023_PlasmaExtract12.wiff.scan
"""PG(O-35:2),PG(P-35:1)""",764.03,575.03,520,20241023_PlasmaExtract12.wiff.scan
"""PG(O-37:2),PG(P-37:1)""",792.03,603.03,440,20241023_PlasmaExtract12.wiff.scan
DG(28:2)_C18:1,526.45,227.15,9120,20241023_Blank32.wiff.scan
DG(28:1)_C18:1,528.46,229.16,3840,20241023_Blank32.wiff.scan
DG(29:2)_C18:1,540.46,241.16,3120,20241023_Blank32.wiff.scan
DG(29:1)_C18:1,542.48,243.18,4680,20241023_Blank32.wiff.scan
DG(30:3)_C18:1,552.46,253.16,1640,20241023_Blank32.wiff.scan
DG(30:2)_C18:1,554.48,255.18,9600,20241023_Blank32.wiff.scan
DG(30:1)_C18:1,556.49,257.19,7120,20241023_Blank32.wiff.scan
DG(31:3)_C18:1,566.48,267.18,3600,20241023_Blank32.wiff.scan
"""DG(31:2),DG(P-14:0/18:1)_C18:1""",568.53,269.23,5160,20241023_Blank32.wiff.scan
DG(31:1)_C18:1,570.51,271.21,3400,20241023_Blank32.wiff.scan
DG(32:5)_C18:1,576.46,277.16,5440,20241023_Blank32.wiff.scan
"""DG(32:4),DG(dO-34:4)_C18:1""",578.55,279.25,1160,20241023_Blank32.wiff.scan
DG(32:3)_C18:1,580.49,281.19,1760,20241023_Blank32.wiff.scan
DG(32:2)_C18:1,582.51,283.21,33200,20241023_Blank32.wiff.scan
DG(32:1)_C18:1,584.53,285.23,6800,20241023_Blank32.wiff.scan
DG(33:5)_C18:1,590.48,291.18,1360,20241023_Blank32.wiff.scan
DG(33:4)_C18:1,592.49,293.19,1360,20241023_Blank32.wiff.scan
DG(33:3)_C18:1,594.51,295.21,2480,20241023_Blank32.wiff.scan
DG(33:2)_C18:1,596.53,297.23,5400,20241023_Blank32.wiff.scan
"""DG(33:1),DG(O-34:1)_C18:1""",598.58,299.28,5320,20241023_Blank32.wiff.scan
DG(34:6)_C18:1,602.48,303.18,2400,20241023_Blank32.wiff.scan
DG(34:5)_C18:1,604.49,305.19,680,20241023_Blank32.wiff.scan
"""DG(34:4),DG(dO-36:4)_C18:1""",606.58,307.28,1440,20241023_Blank32.wiff.scan
DG(34:3)_C18:1,608.53,309.23,2680,20241023_Blank32.wiff.scan
DG(34:2)_C18:1,610.54,311.24,25840,20241023_Blank32.wiff.scan
DG(34:1)_C18:1,612.56,313.26,13640,20241023_Blank32.wiff.scan
DG(35:6)_C18:1,616.49,317.19,720,20241023_Blank32.wiff.scan
DG(35:5)_C18:1,618.51,319.21,720,20241023_Blank32.wiff.scan
"""DG(35:4),DG(O-36:4),DG(dO-37:4)_C18:1""",620.6,321.3,3120,20241023_Blank32.wiff.scan
DG(35:3)_C18:1,622.54,323.24,920,20241023_Blank32.wiff.scan
"""DG(dO-38:9),DG(35:2)_C18:1""",624.56,325.26,2760,20241023_Blank32.wiff.scan
"""DG(36:8),DG(35:1)_C18:1""",626.57,327.27,5480,20241023_Blank32.wiff.scan
"""DG(36:7),DG(35:0)_C18:1""",628.59,329.29,2160,20241023_Blank32.wiff.scan
DG(36:6)_C18:1,630.51,331.21,2920,20241023_Blank32.wiff.scan
DG(36:5)_C18:1,632.53,333.23,800,20241023_Blank32.wiff.scan
"""DG(36:4),DG(O-37:4)_C18:1""",634.58,335.28,3520,20241023_Blank32.wiff.scan
DG(36:3)_C18:1,636.56,337.26,25640,20241023_Blank32.wiff.scan
"""DG(O-38:9),DG(36:2)_C18:1""",638.57,339.27,25720,20241023_Blank32.wiff.scan
"""DG(O-38:8),DG(36:1)_C18:1""",640.59,341.29,4040,20241023_Blank32.wiff.scan
"""DG(37:7),DG(36:0)_C18:1""",642.6,343.3,2480,20241023_Blank32.wiff.scan
DG(37:6)_C18:1,644.53,345.23,3960,20241023_Blank32.wiff.scan
DG(37:5)_C18:1,646.54,347.24,1280,20241023_Blank32.wiff.scan
DG(37:4)_C18:1,648.56,349.26,800,20241023_Blank32.wiff.scan
DG(37:3)_C18:1,650.57,351.27,720,20241023_Blank32.wiff.scan
"""DG(38:9),DG(dO-40:9),DG(37:2)_C18:1""",652.59,353.29,6560,20241023_Blank32.wiff.scan
"""DG(38:8),DG(dO-40:8),DG(37:1)_C18:1""",654.6,355.3,2840,20241023_Blank32.wiff.scan
"""DG(38:7),DG(37:0)_C18:1""",656.62,357.32,1680,20241023_Blank32.wiff.scan
"""DG(38:6),DG(dO-40:6)_C18:1""",658.61,359.31,1880,20241023_Blank32.wiff.scan
DG(38:5)_C18:1,660.56,361.26,760,20241023_Blank32.wiff.scan
DG(38:4)_C18:1,662.57,363.27,560,20241023_Blank32.wiff.scan
DG(38:3)_C18:1,664.59,365.29,2480,20241023_Blank32.wiff.scan
"""DG(O-40:9),DG(38:2)_C18:1""",666.6,367.3,1560,20241023_Blank32.wiff.scan
"""DG(39:8),DG(O-40:8),DG(38:1)_C18:1""",668.62,369.32,3200,20241023_Blank32.wiff.scan
"""DG(39:7),DG(38:0),DG(dO-40:0)_C18:1""",670.71,371.41,2000,20241023_Blank32.wiff.scan
DG(39:6)_C18:1,672.56,373.26,1000,20241023_Blank32.wiff.scan
DG(39:5)_C18:1,674.57,375.27,840,20241023_Blank32.wiff.scan
DG(39:4)_C18:1,676.59,377.29,1040,20241023_Blank32.wiff.scan
"""DG(40:10),DG(39:3)_C18:1""",678.6,379.3,880,20241023_Blank32.wiff.scan
"""DG(40:9),DG(39:2)_C18:1""",680.62,381.32,5200,20241023_Blank32.wiff.scan
"""DG(40:8),DG(39:1)_C18:1""",682.63,383.33,2320,20241023_Blank32.wiff.scan
"""DG(40:7),DG(39:0)_C18:1""",684.65,385.35,1480,20241023_Blank32.wiff.scan
"""DG(40:6),DG(dO-40:0)_C18:1""",686.7,387.4,1360,20241023_Blank32.wiff.scan
DG(40:5)_C18:1,688.59,389.29,3480,20241023_Blank32.wiff.scan
DG(40:4)_C18:1,690.6,391.3,1040,20241023_Blank32.wiff.scan
DG(40:3)_C18:1,692.62,393.32,960,20241023_Blank32.wiff.scan
DG(40:2)_C18:1,694.63,395.33,1120,20241023_Blank32.wiff.scan
DG(40:1)_C18:1,696.65,397.35,3080,20241023_Blank32.wiff.scan
"""DG(41:7),DG(40:0)_C18:1""",698.67,399.37,3760,20241023_Blank32.wiff.scan
DG(41:6)_C18:1,700.59,401.29,1160,20241023_Blank32.wiff.scan
DG(41:5)_C18:1,702.6,403.3,1040,20241023_Blank32.wiff.scan
"""DG(42:11),DG(41:4)_C18:1""",704.62,405.32,760,20241023_Blank32.wiff.scan
"""DG(42:10),DG(41:3)_C18:1""",706.63,407.33,1280,20241023_Blank32.wiff.scan
"""DG(42:9),DG(41:2)_C18:1""",708.65,409.35,880,20241023_Blank32.wiff.scan
"""DG(42:8),DG(41:1)_C18:1""",710.67,411.37,2280,20241023_Blank32.wiff.scan
"""DG(42:7),DG(41:0)_C18:1""",712.68,413.38,1360,20241023_Blank32.wiff.scan
DG(42:6)_C18:1,714.6,415.3,10720,20241023_Blank32.wiff.scan
DG(42:5)_C18:1,716.62,417.32,1080,20241023_Blank32.wiff.scan
DG(42:4)_C18:1,718.63,419.33,1040,20241023_Blank32.wiff.scan
DG(42:3)_C18:1,720.65,421.35,1400,20241023_Blank32.wiff.scan
DG(42:2)_C18:1,722.67,423.37,840,20241023_Blank32.wiff.scan
DG(42:1)_C18:1,724.68,425.38,2120,20241023_Blank32.wiff.scan
DG(43:6)_C18:1,728.62,429.32,1200,20241023_Blank32.wiff.scan
"""DG(44:12),DG(43:5)_C18:1""",730.63,431.33,1520,20241023_Blank32.wiff.scan
"""DG(44:11),DG(43:4)_C18:1""",732.65,433.35,1960,20241023_Blank32.wiff.scan
"""DG(44:10),DG(43:3)_C18:1""",734.67,435.37,560,20241023_Blank32.wiff.scan
"""DG(44:9),DG(43:2)_C18:1""",736.68,437.38,8120,20241023_Blank32.wiff.scan
"""DG(44:8),DG(43:1)_C18:1""",738.7,439.4,1680,20241023_Blank32.wiff.scan
"""DG(44:7),DG(43:0)_C18:1""",740.71,441.41,1560,20241023_Blank32.wiff.scan
DG(44:6)_C18:1,742.63,443.33,1320,20241023_Blank32.wiff.scan
DG(44:5)_C18:1,744.65,445.35,720,20241023_Blank32.wiff.scan
DG(44:4)_C18:1,746.67,447.37,1120,20241023_Blank32.wiff.scan
DG(44:3)_C18:1,748.68,449.38,720,20241023_Blank32.wiff.scan
DG(44:2)_C18:1,750.7,451.4,720,20241023_Blank32.wiff.scan
DG(44:1)_C18:1,752.71,453.41,9480,20241023_Blank32.wiff.scan
LPC(2:0),300.12,184.1,840,20241023_Blank35.wiff.scan
LPC(3:1),312.12,184.1,440,20241023_Blank35.wiff.scan
"""LPC(3:0),PC(O-3:0)""",314.14,184.1,2440,20241023_Blank35.wiff.scan
"""LPC(4:0),PC(O-4:0),PC(O-5:0)""",328.19,184.1,360,20241023_Blank35.wiff.scan
"""PC(4:0),LPC(5:0)""",342.17,184.1,3160,20241023_Blank35.wiff.scan
LPC(6:0),356.18,184.1,1320,20241023_Blank35.wiff.scan
"""PC(6:0),LPC(7:0)""",370.2,184.1,1880,20241023_Blank35.wiff.scan
LPC(8:0),384.22,184.1,1560,20241023_Blank35.wiff.scan
LPC(O-10:1),396.25,184.1,2000,20241023_Blank35.wiff.scan
"""PC(8:0),LPC(9:0)""",398.23,184.1,2560,20241023_Blank35.wiff.scan
"""LPC(10:0),PC(O-10:0)""",412.25,184.1,6800,20241023_Blank35.wiff.scan
"""PC(10:0),LPC(11:0)""",426.26,184.1,3320,20241023_Blank35.wiff.scan
PC(O-12:1),438.26,184.1,2320,20241023_Blank35.wiff.scan
LPC(12:0),440.28,184.1,4800,20241023_Blank35.wiff.scan
PC(12:4),446.19,184.1,3080,20241023_Blank35.wiff.scan
"""PC(O-13:1),LPC(P-14:0)""",452.31,184.1,1920,20241023_Blank35.wiff.scan
"""PC(12:0),LPC(13:0),LPC(O-14:0)""",454.33,184.1,2440,20241023_Blank35.wiff.scan
"""LPC(14:1),LPC(P-15:0)""",466.33,184.1,1920,20241023_Blank35.wiff.scan
"""LPC(14:0),PC(O-14:0),LPC(O-15:0)""",468.35,184.1,3560,20241023_Blank35.wiff.scan
"""LPC(15:1),LPC(O-16:1),LPC(P-16:0)""",480.35,184.1,2320,20241023_Blank35.wiff.scan
"""PC(14:0),LPC(15:0),LPC(O-16:0)""",482.36,184.1,2960,20241023_Blank35.wiff.scan
"""LPC(16:1),LPC(P-17:0)""",494.36,184.1,2080,20241023_Blank35.wiff.scan
"""LPC(16:0),PC(O-16:0),LPC(O-17:0)""",496.38,184.1,109240,20241023_Blank35.wiff.scan
PC(16:4),502.26,184.1,2120,20241023_Blank35.wiff.scan
"""LPC(17:2),LPC(P-18:1)""",506.36,184.1,2480,20241023_Blank35.wiff.scan
"""LPC(17:1),LPC(O-18:1),LPC(P-18:0)""",508.38,184.1,3240,20241023_Blank35.wiff.scan
"""PC(16:0),PC(O-17:0),LPC(O-18:0)""",510.39,184.1,3080,20241023_Blank35.wiff.scan
LPC(18:4),516.31,184.1,2120,20241023_Blank35.wiff.scan
LPC(18:3),518.32,184.1,3160,20241023_Blank35.wiff.scan
"""LPC(18:2),LPC(P-19:1)""",520.38,184.1,16200,20241023_Blank35.wiff.scan
"""LPC(18:1),PC(O-18:1),PC(P-18:0)""",522.36,184.1,23920,20241023_Blank35.wiff.scan
"""LPC(18:0),PC(O-18:0),LPC(O-19:0)""",524.41,184.1,45320,20241023_Blank35.wiff.scan
LPC(O-20:4),530.36,184.1,2920,20241023_Blank35.wiff.scan
LPC(19:3),532.34,184.1,4600,20241023_Blank35.wiff.scan
"""PC(18:1),LPC(19:1),PC(O-19:1),LPC(P-20:0)""",536.41,184.1,2160,20241023_Blank35.wiff.scan
"""PC(18:0),LPC(19:0),PC(O-19:0),LPC(O-20:0)""",538.42,184.1,3600,20241023_Blank35.wiff.scan
LPC(20:5),542.32,184.1,6960,20241023_Blank35.wiff.scan
LPC(20:4),544.34,184.1,5280,20241023_Blank35.wiff.scan
LPC(20:3),546.36,184.1,3520,20241023_Blank35.wiff.scan
"""LPC(20:2),PC(O-20:2)""",548.37,184.1,3440,20241023_Blank35.wiff.scan
"""PC(19:1),LPC(20:1),PC(O-20:1),PC(P-20:0)""",550.39,184.1,4760,20241023_Blank35.wiff.scan
"""PC(19:0),LPC(20:0),PC(O-20:0)""",552.4,184.1,3120,20241023_Blank35.wiff.scan
"""PC(20:4),LPC(21:4)""",558.36,184.1,2880,20241023_Blank35.wiff.scan
"""PC(20:1),PC(O-21:1)""",564.4,184.1,3360,20241023_Blank35.wiff.scan
"""PC(20:0),LPC(21:0),PC(O-21:0)""",566.42,184.1,3280,20241023_Blank35.wiff.scan
LPC(22:6),568.34,184.1,8720,20241023_Blank35.wiff.scan
LPC(22:5),570.36,184.1,4960,20241023_Blank35.wiff.scan
LPC(22:4),572.37,184.1,3960,20241023_Blank35.wiff.scan
LPC(22:2),576.4,184.1,3600,20241023_Blank35.wiff.scan
"""PC(21:1),LPC(22:1)""",578.42,184.1,3280,20241023_Blank35.wiff.scan
"""PC(21:0),LPC(22:0),PC(O-22:0)""",580.43,184.1,4840,20241023_Blank35.wiff.scan
PC(22:1),592.4,184.1,2000,20241023_Blank35.wiff.scan
PC(22:0),594.41,184.1,10480,20241023_Blank35.wiff.scan
LPC(24:1),606.45,184.1,2840,20241023_Blank35.wiff.scan
LPC(24:0),608.47,184.1,3640,20241023_Blank35.wiff.scan
PC(24:0),622.44,184.1,6280,20241023_Blank35.wiff.scan
PC(25:0),636.46,184.1,8360,20241023_Blank35.wiff.scan
PC(26:1),648.46,184.1,2520,20241023_Blank35.wiff.scan
PC(26:0),650.48,184.1,27920,20241023_Blank35.wiff.scan
"""PC(27:1),PC(P-28:0)""",662.51,184.1,3800,20241023_Blank35.wiff.scan
"""PC(27:0),PC(O-28:0)""",664.53,184.1,7160,20241023_Blank35.wiff.scan
PC(28:2),674.48,184.1,3360,20241023_Blank35.wiff.scan
"""PC(28:1),PC(P-29:0)""",676.53,184.1,10280,20241023_Blank35.wiff.scan
"""PC(28:0),PC(O-29:0)""",678.54,184.1,16040,20241023_Blank35.wiff.scan
"""PC(29:2),PC(P-30:1)""",688.53,184.1,3200,20241023_Blank35.wiff.scan
"""PC(29:1),PC(O-30:1),PC(P-30:0)""",690.54,184.1,9800,20241023_Blank35.wiff.scan
"""PC(29:0),PC(O-30:0)""",692.56,184.1,5240,20241023_Blank35.wiff.scan
PC(30:4),698.48,184.1,5200,20241023_Blank35.wiff.scan
PC(30:3),700.49,184.1,2440,20241023_Blank35.wiff.scan
"""PC(30:2),PC(P-31:1)""",702.54,184.1,7040,20241023_Blank35.wiff.scan
"""PC(30:1),PC(O-31:1),PC(P-31:0)""",704.56,184.1,27920,20241023_Blank35.wiff.scan
"""PC(30:0),PC(O-31:0)""",706.58,184.1,10480,20241023_Blank35.wiff.scan
PC(31:4),712.49,184.1,2720,20241023_Blank35.wiff.scan
"""PC(31:3),PC(O-32:3)""",714.54,184.1,5280,20241023_Blank35.wiff.scan
"""PC(31:2),PC(O-32:2),PC(P-32:1)""",716.56,184.1,4000,20241023_Blank35.wiff.scan
"""PC(31:1),PC(O-32:1),PC(P-32:0)""",718.58,184.1,5080,20241023_Blank35.wiff.scan
"""PC(31:0),PC(O-32:0)""",720.59,184.1,5960,20241023_Blank35.wiff.scan
PC(32:5),724.49,184.1,5480,20241023_Blank35.wiff.scan
PC(32:4),726.51,184.1,2840,20241023_Blank35.wiff.scan
"""PC(32:3),PC(P-33:2)""",728.56,184.1,2760,20241023_Blank35.wiff.scan
"""PC(32:2),PC(O-33:2),PC(P-33:1)""",730.58,184.1,4200,20241023_Blank35.wiff.scan
"""PC(32:1),PC(O-33:1),PC(P-33:0)""",732.59,184.1,9800,20241023_Blank35.wiff.scan
"""PC(32:0),PC(O-33:0)""",734.61,184.1,7760,20241023_Blank35.wiff.scan
"""PC(33:5),PC(P-34:4)""",738.54,184.1,4880,20241023_Blank35.wiff.scan
"""PC(33:4),PC(O-34:4),PC(O-34:4),PC(P-34:3)""",740.56,184.1,2920,20241023_Blank35.wiff.scan
"""PC(33:3),PC(O-34:3),PC(P-34:2)""",742.58,184.1,2520,20241023_Blank35.wiff.scan
"""PC(33:2),PC(O-34:2),PC(P-34:1)""",744.59,184.1,4360,20241023_Blank35.wiff.scan
"""PC(33:1),PC(O-34:1),PC(P-34:0)""",746.61,184.1,5120,20241023_Blank35.wiff.scan
"""PC(33:0),PC(O-34:0)""",748.62,184.1,5480,20241023_Blank35.wiff.scan
PC(34:6),750.51,184.1,4680,20241023_Blank35.wiff.scan
PC(34:5),752.52,184.1,2560,20241023_Blank35.wiff.scan
"""PC(34:4),PC(O-35:4)""",754.58,184.1,3200,20241023_Blank35.wiff.scan
"""PC(34:3),PC(P-35:2)""",756.59,184.1,4040,20241023_Blank35.wiff.scan
"""PC(34:2),PC(O-35:2),PC(P-35:1)""",758.61,184.1,88600,20241023_Blank35.wiff.scan
"""PC(34:1),PC(O-35:1),PC(P-35:0)""",760.62,184.1,38360,20241023_Blank35.wiff.scan
"""PC(34:0),PC(O-35:0)""",762.64,184.1,5000,20241023_Blank35.wiff.scan
"""PC(35:6),PC(P-36:5)""",764.56,184.1,2880,20241023_Blank35.wiff.scan
"""PC(35:5),PC(O-36:5),PC(P-36:4)""",766.58,184.1,3800,20241023_Blank35.wiff.scan
"""PC(35:4),PC(O-36:4),PC(P-36:3)""",768.59,184.1,3280,20241023_Blank35.wiff.scan
"""PC(35:3),PC(O-36:3),PC(P-36:2)""",770.61,184.1,3240,20241023_Blank35.wiff.scan
"""PC(35:2),PC(O-36:2),PC(P-36:1)""",772.62,184.1,5720,20241023_Blank35.wiff.scan
"""PC(36:8),PC(35:1),PC(O-36:1),PC(P-36:0)""",774.64,184.1,12640,20241023_Blank35.wiff.scan
"""PC(36:7),PC(35:0),PC(O-36:0)""",776.65,184.1,4640,20241023_Blank35.wiff.scan
PC(36:6),778.54,184.1,3160,20241023_Blank35.wiff.scan
PC(36:5),780.55,184.1,5160,20241023_Blank35.wiff.scan
"""PC(36:4),PC(O-37:4)""",782.61,184.1,22360,20241023_Blank35.wiff.scan
"""PC(36:3),PC(P-37:2)""",784.62,184.1,24040,20241023_Blank35.wiff.scan
"""PC(O-38:9),PC(36:2),PC(O-37:2),PC(P-37:1)""",786.64,184.1,32120,20241023_Blank35.wiff.scan
"""PC(O-38:8),PC(36:1),PC(O-37:1),PC(P-37:0)""",788.65,184.1,13720,20241023_Blank35.wiff.scan
"""PC(37:7),PC(P-38:6),PC(36:0),PC(O-37:0)""",790.67,184.1,7480,20241023_Blank35.wiff.scan
"""PC(37:6),PC(O-38:6),PC(P-38:5)""",792.59,184.1,4320,20241023_Blank35.wiff.scan
"""PC(37:5),PC(O-38:5),PC(P-38:4)""",794.61,184.1,2360,20241023_Blank35.wiff.scan
"""PC(37:4),PC(O-38:4),PC(P-38:3)""",796.62,184.1,3200,20241023_Blank35.wiff.scan
"""PC(37:3),PC(O-38:3),PC(P-38:2)""",798.64,184.1,6040,20241023_Blank35.wiff.scan
"""PC(38:9),PC(37:2),PC(O-38:2),PC(P-38:1)""",800.65,184.1,7040,20241023_Blank35.wiff.scan
"""PC(38:8),PC(37:1),PC(O-38:1),PC(P-38:0)""",802.67,184.1,5320,20241023_Blank35.wiff.scan
"""PC(38:7),PC(37:0),PC(O-38:0)""",804.68,184.1,3520,20241023_Blank35.wiff.scan
PC(38:6),806.57,184.1,27080,20241023_Blank35.wiff.scan
PC(38:5),808.59,184.1,29120,20241023_Blank35.wiff.scan
PC(38:4),810.6,184.1,23280,20241023_Blank35.wiff.scan
PC(38:3),812.62,184.1,8400,20241023_Blank35.wiff.scan
"""PC(O-40:9),PC(38:2),PC(P-39:1)""",814.67,184.1,7120,20241023_Blank35.wiff.scan
"""PC(39:8),PC(O-40:8),PC(38:1),PC(O-39:1),PC(P-39:0)""",816.68,184.1,5640,20241023_Blank35.wiff.scan
"""PC(39:7),PC(P-40:6),PC(38:0),PC(O-39:0)""",818.7,184.1,6560,20241023_Blank35.wiff.scan
"""PC(39:6),PC(O-40:6),PC(P-40:5)""",820.62,184.1,2880,20241023_Blank35.wiff.scan
"""PC(39:5),PC(O-40:5),PC(P-40:4)""",822.64,184.1,5520,20241023_Blank35.wiff.scan
"""PC(39:4),PC(O-40:4),PC(P-40:3)""",824.65,184.1,3040,20241023_Blank35.wiff.scan
"""PC(40:10),PC(39:3),PC(O-40:3),PC(P-40:2)""",826.67,184.1,7320,20241023_Blank35.wiff.scan
"""PC(40:9),PC(39:2),PC(O-40:2),PC(P-40:1)""",828.68,184.1,3240,20241023_Blank35.wiff.scan
"""PC(40:8),PC(39:1),PC(O-40:1),PC(P-40:0)""",830.7,184.1,4680,20241023_Blank35.wiff.scan
"""PC(40:7),PC(39:0),PC(O-40:0)""",832.72,184.1,8080,20241023_Blank35.wiff.scan
PC(40:6),834.6,184.1,17120,20241023_Blank35.wiff.scan
PC(40:5),836.62,184.1,6160,20241023_Blank35.wiff.scan
PC(40:4),838.63,184.1,2440,20241023_Blank35.wiff.scan
PC(40:3),840.65,184.1,2920,20241023_Blank35.wiff.scan
PC(40:2),842.66,184.1,3600,20241023_Blank35.wiff.scan
"""PC(40:1),PC(P-41:0)""",844.72,184.1,4600,20241023_Blank35.wiff.scan
"""PC(41:7),PC(P-42:6),PC(40:0),PC(O-41:0)""",846.73,184.1,3760,20241023_Blank35.wiff.scan
"""PC(41:6),PC(O-42:6)""",848.65,184.1,3800,20241023_Blank35.wiff.scan
"""PC(41:5),PC(P-42:4)""",850.67,184.1,3000,20241023_Blank35.wiff.scan
"""PC(42:11),PC(41:4),PC(O-42:4)""",852.68,184.1,2840,20241023_Blank35.wiff.scan
"""PC(42:10),PC(41:3),PC(O-42:3),PC(P-42:2)""",854.7,184.1,13760,20241023_Blank35.wiff.scan
"""PC(42:9),PC(41:2),PC(O-42:2),PC(P-42:1)""",856.72,184.1,4000,20241023_Blank35.wiff.scan
"""PC(42:8),PC(41:1),PC(O-42:1),PC(P-42:0)""",858.73,184.1,5040,20241023_Blank35.wiff.scan
"""PC(42:7),PC(41:0),PC(O-42:0)""",860.75,184.1,9640,20241023_Blank35.wiff.scan
PC(42:6),862.63,184.1,1800,20241023_Blank35.wiff.scan
PC(42:5),864.65,184.1,1680,20241023_Blank35.wiff.scan
PC(42:4),866.66,184.1,2640,20241023_Blank35.wiff.scan
PC(42:3),868.68,184.1,2320,20241023_Blank35.wiff.scan
PC(42:2),870.7,184.1,1720,20241023_Blank35.wiff.scan
PC(42:1),872.71,184.1,2240,20241023_Blank35.wiff.scan
PC(42:0),874.73,184.1,2200,20241023_Blank35.wiff.scan
PC(43:6),876.65,184.1,2600,20241023_Blank35.wiff.scan
"""PC(44:12),PC(O-44:5)""",878.7,184.1,5240,20241023_Blank35.wiff.scan
"""PC(43:4),PC(O-44:4)""",880.72,184.1,4120,20241023_Blank35.wiff.scan
"""PC(44:10),PC(O-44:3)""",882.73,184.1,10760,20241023_Blank35.wiff.scan
PC(43:2),884.71,184.1,2160,20241023_Blank35.wiff.scan
"""PC(44:8),PC(43:1)""",886.73,184.1,2320,20241023_Blank35.wiff.scan
"""PC(44:7),PC(43:0)""",888.74,184.1,1040,20241023_Blank35.wiff.scan
PC(44:6),890.66,184.1,2240,20241023_Blank35.wiff.scan
PC(44:5),892.68,184.1,2240,20241023_Blank35.wiff.scan
PC(44:4),894.7,184.1,2120,20241023_Blank35.wiff.scan
PC(44:3),896.71,184.1,1560,20241023_Blank35.wiff.scan
PC(44:2),898.73,184.1,1040,20241023_Blank35.wiff.scan
PC(44:1),900.74,184.1,1440,20241023_Blank35.wiff.scan
PC(44:0),902.76,184.1,1720,20241023_Blank35.wiff.scan
PC(46:2),926.76,184.1,1680,20241023_Blank35.wiff.scan
PC(46:1),928.77,184.1,2800,20241023_Blank35.wiff.scan
PC(46:0),930.79,184.1,560,20241023_Blank35.wiff.scan
PC(48:2),954.79,184.1,1320,20241023_Blank35.wiff.scan
PC(48:0),958.82,184.1,360,20241023_Blank35.wiff.scan
PC(50:0),986.85,184.1,680,20241023_Blank35.wiff.scan
PC(52:4),1006.82,184.1,680,20241023_Blank35.wiff.scan
PC(52:0),1014.88,184.1,520,20241023_Blank35.wiff.scan
PC(54:12),1018.73,184.1,320,20241023_Blank35.wiff.scan
PC(56:12),1046.76,184.1,240,20241023_Blank35.wiff.scan
PC(56:9),1052.8,184.1,640,20241023_Blank35.wiff.scan
PC(56:8),1054.82,184.1,320,20241023_Blank35.wiff.scan
