,Q1,Q3,Intensity,Transition,Lipid,Class
96,854.5489,577.5449,129821.95587158203,854.5489 -> 577.5449,,
143,928.5645,651.5605,129935.93572998047,928.5645 -> 651.5605,,
