,Q1,Q3,Intensity,Transition,Lipid,Class
67,782.4914,505.4874,2735966.9454345703,782.4914 -> 505.4874,,
96,854.5489,577.5449,1144734.2160644531,854.5489 -> 577.5449,,
