,Q1,Q3,Intensity,Transition,Lipid,Class
67,782.4914,505.4874,2960954.3059692383,782.4914 -> 505.4874,,
96,854.5489,577.5449,1297098.5924072266,854.5489 -> 577.5449,,
