,Q1,Q3,Intensity,Transition,Lipid,Class
67,782.4914,505.4874,2733931.5864868164,782.4914 -> 505.4874,,
96,854.5489,577.5449,1173490.5025634766,854.5489 -> 577.5449,,
