,Q1,Q3,Intensity,Transition,Lipid,Class
67,782.4914,505.4874,2810744.088317871,782.4914 -> 505.4874,,
96,854.5489,577.5449,1072426.2370605469,854.5489 -> 577.5449,,
