,Q1,Q3,Intensity,Transition,Lipid,Class
41,640.3192,363.3152,160.200927734375,640.3192 -> 363.3152,,
57,674.3901,397.3861,175.42002868652344,674.3901 -> 397.3861,,
