,Q1,Q3,Intensity,Transition,Lipid,Class
104,924.8,651.796,25380.43228149414,924.8 -> 651.796,,
156,964.9,693.896,10775.100646972656,964.9 -> 693.896,,
