,Q1,Q3,Intensity,Transition,Lipid,Class
104,924.8,651.796,38332.7912902832,924.8 -> 651.796,,
156,964.9,693.896,12564.080596923828,964.9 -> 693.896,,
